0	0	0	0.34	1.07	1.59
1	0	0	0.33	1.07	1.59
2	0	0	0.34	1.07	1.59
3	0	0	0.34	1.07	1.59
4	0	0	0.34	1.07	1.59
5	0	0	0.34	1.07	1.59
6	0	0	0.33	1.07	1.60
7	0	0	0.34	1.08	1.59
8	0	0	0.33	1.07	1.60
9	146.71	64.61	0.34	1.08	1.60
10	0	0	0.34	1.08	1.60
11	0	0	0.34	1.08	1.60
12	0	0	0.34	1.08	1.60
13	0	0	0.34	1.08	1.60
14	0	0	0.34	1.08	1.60
15	0	0	0.34	1.08	1.60
16	0	0	0.34	1.08	1.60
17	0	0	0.33	1.07	1.60
18	0	0	0.34	1.08	1.60
19	146.79	64.62	0.34	1.08	1.60
20	0	0	0.34	1.08	1.60
21	0	0	0.34	1.08	1.60
22	0	0	0.33	1.07	1.60
23	0	0	0.34	1.08	1.60
24	0	0	0.34	1.08	1.60
25	0	0	0.34	1.08	1.60
26	0	0	0.33	1.07	1.60
27	0	0	0.34	1.08	1.60
28	0	0	0.34	1.08	1.60
29	146.87	64.64	0.34	1.08	1.60
30	0	0	0.34	1.08	1.60
31	0	0	0.34	1.08	1.60
32	0	0	0.34	1.08	1.60
33	0	0	0.34	1.08	1.60
34	0	0	0.34	1.08	1.60
35	0	0	0.34	1.08	1.61
36	0	0	0.34	1.08	1.60
37	0	0	0.34	1.08	1.61
38	0	0	0.33	1.08	1.61
39	146.95	64.66	0.33	1.08	1.61
40	0	0	0.34	1.09	1.61
41	0	0	0.34	1.09	1.61
42	0	0	0.34	1.09	1.62
43	0	0	0.34	1.09	1.61
44	0	0	0.34	1.09	1.62
45	0	0	0.34	1.09	1.62
46	0	0	0.34	1.09	1.62
47	0	0	0.34	1.09	1.62
48	0	0	0.34	1.09	1.61
49	147.03	64.67	0.34	1.09	1.62
50	0	0	0.34	1.09	1.61
51	0	0	0.34	1.08	1.61
52	0	0	0.34	1.09	1.61
53	0	0	0.34	1.09	1.61
54	0	0	0.34	1.09	1.61
55	0	0	0.34	1.09	1.61
56	0	0	0.33	1.08	1.61
57	0	0	0.33	1.08	1.61
58	0	0	0.33	1.08	1.61
59	147.11	64.69	0.34	1.08	1.61
60	0	0	0.34	1.08	1.61
61	0	0	0.34	1.08	1.60
62	0	0	0.34	1.08	1.60
63	0	0	0.34	1.08	1.60
64	0	0	0.34	1.08	1.60
65	0	0	0.34	1.08	1.60
66	0	0	0.34	1.08	1.60
67	0	0	0.34	1.08	1.60
68	0	0	0.34	1.08	1.60
69	147.19	64.70	0.34	1.08	1.60
70	0	0	0.34	1.08	1.60
71	0	0	0.34	1.08	1.60
72	0	0	0.34	1.08	1.60
73	0	0	0.34	1.08	1.60
74	0	0	0.34	1.08	1.60
75	0	0	0.34	1.08	1.61
76	0	0	0.34	1.08	1.60
77	0	0	0.34	1.08	1.61
78	0	0	0.34	1.08	1.61
79	147.27	64.72	0.34	1.08	1.61
80	0	0	0.34	1.08	1.61
81	0	0	0.34	1.09	1.61
82	0	0	0.34	1.08	1.61
83	0	0	0.34	1.09	1.61
84	0	0	0.34	1.09	1.62
85	0	0	0.34	1.09	1.61
86	0	0	0.34	1.09	1.62
87	0	0	0.34	1.09	1.62
88	0	0	0.34	1.09	1.62
89	147.36	64.74	0.34	1.09	1.63
90	0	0	0.33	1.09	1.63
91	0	0	0.34	1.09	1.62
92	0	0	0.34	1.09	1.63
93	0	0	0.34	1.09	1.63
94	0	0	0.34	1.10	1.63
95	0	0	0.34	1.09	1.63
96	0	0	0.34	1.09	1.63
97	0	0	0.34	1.09	1.63
98	0	0	0.34	1.09	1.63
99	147.44	64.75	0.34	1.10	1.63
100	0	0	0.33	1.09	1.64
101	0	0	0.34	1.10	1.64
102	0	0	0.33	1.10	1.64
103	0	0	0.34	1.10	1.64
104	0	0	0.34	1.10	1.64
105	0	0	0.34	1.10	1.64
106	0	0	0.34	1.10	1.64
107	0	0	0.34	1.10	1.64
108	0	0	0.34	1.10	1.63
109	147.52	64.77	0.34	1.10	1.63
110	0	0	0.34	1.10	1.63
111	0	0	0.34	1.09	1.63
112	0	0	0.34	1.10	1.63
113	0	0	0.34	1.09	1.63
114	0	0	0.34	1.09	1.63
115	0	0	0.34	1.09	1.63
116	0	0	0.34	1.09	1.63
117	0	0	0.34	1.10	1.63
118	0	0	0.34	1.10	1.64
119	147.60	64.78	0.34	1.09	1.63
120	0	0	0.34	1.10	1.63
121	0	0	0.34	1.09	1.63
122	0	0	0.33	1.09	1.64
123	0	0	0.34	1.10	1.63
124	0	0	0.34	1.09	1.63
125	0	0	0.34	1.10	1.63
126	0	0	0.34	1.10	1.63
127	0	0	0.34	1.09	1.63
128	0	0	0.34	1.10	1.64
129	147.68	64.80	0.34	1.10	1.64
130	0	0	0.33	1.09	1.64
131	0	0	0.34	1.10	1.63
132	0	0	0.34	1.10	1.64
133	0	0	0.34	1.10	1.64
134	0	0	0.34	1.10	1.64
135	0	0	0.34	1.10	1.65
136	0	0	0.34	1.10	1.64
137	0	0	0.34	1.10	1.65
138	0	0	0.34	1.10	1.64
139	147.77	64.81	0.33	1.10	1.64
140	0	0	0.34	1.10	1.64
141	0	0	0.33	1.10	1.64
142	0	0	0.34	1.10	1.64
143	0	0	0.34	1.10	1.64
144	0	0	0.33	1.09	1.64
145	0	0	0.34	1.10	1.64
146	0	0	0.33	1.09	1.64
147	0	0	0.33	1.10	1.64
148	0	0	0.33	1.10	1.64
149	147.85	64.83	0.33	1.10	1.64
150	0	0	0.34	1.10	1.64
151	0	0	0.34	1.10	1.64
152	0	0	0.34	1.10	1.64
153	0	0	0.34	1.09	1.63
154	0	0	0.33	1.09	1.63
155	0	0	0.33	1.09	1.63
156	0	0	0.34	1.09	1.62
157	0	0	0.33	1.08	1.61
158	0	0	0.33	1.08	1.61
159	147.93	64.84	0.33	1.08	1.61
160	0	0	0.33	1.08	1.61
161	0	0	0.33	1.07	1.61
162	0	0	0.33	1.08	1.61
163	0	0	0.33	1.08	1.61
164	0	0	0.33	1.08	1.62
165	0	0	0.33	1.08	1.62
166	0	0	0.34	1.09	1.62
167	0	0	0.33	1.08	1.62
168	0	0	0.33	1.09	1.62
169	148.01	64.86	0.33	1.08	1.62
170	0	0	0.33	1.09	1.62
171	0	0	0.33	1.09	1.62
172	0	0	0.33	1.09	1.63
173	0	0	0.33	1.09	1.63
174	0	0	0.33	1.09	1.63
175	0	0	0.33	1.09	1.64
176	0	0	0.33	1.09	1.64
177	0	0	0.33	1.09	1.64
178	0	0	0.33	1.09	1.64
179	148.09	64.87	0.33	1.09	1.64
180	0	0	0.33	1.09	1.63
181	0	0	0.33	1.09	1.63
182	0	0	0.33	1.09	1.63
183	0	0	0.33	1.08	1.62
184	0	0	0.33	1.08	1.62
185	0	0	0.33	1.08	1.62
186	0	0	0.33	1.08	1.62
187	0	0	0.33	1.08	1.62
188	0	0	0.33	1.08	1.62
189	148.18	64.89	0.33	1.09	1.63
190	0	0	0.33	1.09	1.63
191	0	0	0.33	1.09	1.63
192	0	0	0.33	1.09	1.63
193	0	0	0.33	1.09	1.64
194	0	0	0.34	1.09	1.63
195	0	0	0.33	1.09	1.63
196	0	0	0.33	1.09	1.63
197	0	0	0.33	1.09	1.63
198	0	0	0.33	1.09	1.63
199	148.26	64.91	0.33	1.09	1.63
200	0	0	0.33	1.08	1.63
201	0	0	0.33	1.09	1.63
202	0	0	0.33	1.08	1.62
203	0	0	0.33	1.08	1.62
204	0	0	0.33	1.08	1.63
205	0	0	0.33	1.08	1.63
206	0	0	0.33	1.08	1.63
207	0	0	0.33	1.09	1.63
208	0	0	0.33	1.09	1.63
209	148.34	64.92	0.33	1.09	1.63
210	0	0	0.33	1.09	1.63
211	0	0	0.33	1.08	1.63
212	0	0	0.33	1.08	1.62
213	0	0	0.33	1.08	1.62
214	0	0	0.33	1.08	1.63
215	0	0	0.33	1.08	1.63
216	0	0	0.33	1.09	1.63
217	0	0	0.33	1.09	1.63
218	0	0	0.33	1.09	1.64
219	148.43	64.94	0.33	1.09	1.64
220	0	0	0.33	1.09	1.64
221	0	0	0.33	1.09	1.65
222	0	0	0.33	1.09	1.65
223	0	0	0.33	1.09	1.65
224	0	0	0.33	1.09	1.65
225	0	0	0.33	1.09	1.65
226	0	0	0.33	1.09	1.65
227	0	0	0.33	1.10	1.65
228	0	0	0.33	1.09	1.65
229	148.51	64.95	0.33	1.09	1.65
230	0	0	0.33	1.09	1.65
231	0	0	0.33	1.09	1.65
232	0	0	0.33	1.09	1.65
233	0	0	0.33	1.09	1.65
234	0	0	0.33	1.09	1.66
235	0	0	0.33	1.10	1.65
236	0	0	0.33	1.10	1.66
237	0	0	0.33	1.10	1.66
238	0	0	0.33	1.10	1.66
239	148.59	64.97	0.33	1.10	1.67
240	0	0	0.33	1.10	1.67
241	0	0	0.33	1.10	1.67
242	0	0	0.33	1.10	1.67
243	0	0	0.33	1.10	1.67
244	0	0	0.33	1.10	1.67
245	0	0	0.33	1.11	1.67
246	0	0	0.33	1.10	1.66
247	0	0	0.33	1.10	1.67
248	0	0	0.33	1.10	1.66
249	148.67	64.98	0.33	1.10	1.67
250	0	0	0.33	1.10	1.67
251	0	0	0.33	1.10	1.67
252	0	0	0.33	1.10	1.66
253	0	0	0.33	1.10	1.67
254	0	0	0.33	1.10	1.67
255	0	0	0.33	1.10	1.66
256	0	0	0.33	1.10	1.66
257	0	0	0.33	1.10	1.66
258	0	0	0.33	1.10	1.67
259	148.76	65.00	0.33	1.10	1.66
260	0	0	0.33	1.10	1.66
261	0	0	0.33	1.10	1.66
262	0	0	0.33	1.10	1.67
263	0	0	0.33	1.10	1.67
264	0	0	0.33	1.10	1.67
265	0	0	0.33	1.10	1.67
266	0	0	0.33	1.10	1.66
267	0	0	0.33	1.10	1.66
268	0	0	0.33	1.10	1.66
269	148.84	65.01	0.33	1.10	1.66
270	0	0	0.33	1.10	1.66
271	0	0	0.33	1.10	1.66
272	0	0	0.33	1.10	1.66
273	0	0	0.33	1.10	1.66
274	0	0	0.33	1.10	1.66
275	0	0	0.33	1.10	1.66
276	0	0	0.33	1.10	1.67
277	0	0	0.33	1.10	1.66
278	0	0	0.33	1.10	1.67
279	148.92	65.03	0.33	1.10	1.66
280	0	0	0.33	1.10	1.66
281	0	0	0.33	1.10	1.66
282	0	0	0.33	1.10	1.67
283	0	0	0.33	1.10	1.67
284	0	0	0.33	1.10	1.66
285	0	0	0.33	1.10	1.66
286	0	0	0.33	1.10	1.66
287	0	0	0.33	1.09	1.66
288	0	0	0.33	1.09	1.66
289	149.01	65.04	0.33	1.09	1.66
290	0	0	0.33	1.09	1.65
291	0	0	0.33	1.09	1.65
292	0	0	0.33	1.09	1.65
293	0	0	0.33	1.09	1.65
294	0	0	0.33	1.09	1.65
295	0	0	0.33	1.09	1.65
296	0	0	0.33	1.09	1.65
297	0	0	0.33	1.09	1.65
298	0	0	0.33	1.09	1.65
299	149.09	65.06	0.33	1.09	1.66
300	0	0	0.33	1.09	1.66
301	0	0	0.33	1.09	1.66
302	0	0	0.33	1.09	1.66
303	0	0	0.33	1.09	1.66
304	0	0	0.33	1.09	1.65
305	0	0	0.33	1.09	1.65
306	0	0	0.33	1.09	1.65
307	0	0	0.33	1.09	1.65
308	0	0	0.33	1.09	1.65
309	149.17	65.07	0.33	1.09	1.65
310	0	0	0.33	1.09	1.65
311	0	0	0.33	1.09	1.65
312	0	0	0.33	1.09	1.65
313	0	0	0.33	1.09	1.65
314	0	0	0.33	1.09	1.65
315	0	0	0.33	1.09	1.65
316	0	0	0.33	1.09	1.65
317	0	0	0.33	1.09	1.65
318	0	0	0.33	1.09	1.65
319	149.26	65.09	0.33	1.09	1.64
320	0	0	0.33	1.09	1.65
321	0	0	0.33	1.09	1.65
322	0	0	0.33	1.09	1.65
323	0	0	0.33	1.09	1.65
324	0	0	0.33	1.09	1.64
325	0	0	0.33	1.09	1.64
326	0	0	0.33	1.09	1.64
327	0	0	0.33	1.09	1.64
328	0	0	0.33	1.08	1.64
329	149.34	65.10	0.33	1.08	1.64
330	0	0	0.33	1.09	1.64
331	0	0	0.33	1.08	1.63
332	0	0	0.33	1.08	1.63
333	0	0	0.33	1.09	1.63
334	0	0	0.33	1.08	1.64
335	0	0	0.33	1.09	1.64
336	0	0	0.33	1.09	1.64
337	0	0	0.33	1.09	1.64
338	0	0	0.33	1.09	1.65
339	149.42	65.12	0.33	1.09	1.65
340	0	0	0.33	1.09	1.65
341	0	0	0.33	1.09	1.65
342	0	0	0.33	1.09	1.66
343	0	0	0.33	1.09	1.66
344	0	0	0.33	1.09	1.65
345	0	0	0.33	1.09	1.66
346	0	0	0.33	1.10	1.66
347	0	0	0.33	1.09	1.66
348	0	0	0.33	1.10	1.66
349	149.51	65.13	0.33	1.10	1.66
350	0	0	0.33	1.10	1.66
351	0	0	0.33	1.10	1.66
352	0	0	0.33	1.10	1.66
353	0	0	0.33	1.11	1.66
354	0	0	0.33	1.10	1.67
355	0	0	0.33	1.11	1.67
356	0	0	0.33	1.11	1.68
357	0	0	0.33	1.11	1.67
358	0	0	0.33	1.11	1.67
359	149.59	65.15	0.33	1.11	1.67
360	0	0	0.33	1.11	1.68
361	0	0	0.33	1.11	1.68
362	0	0	0.33	1.11	1.68
363	0	0	0.33	1.11	1.68
364	0	0	0.33	1.11	1.67
365	0	0	0.33	1.11	1.67
366	0	0	0.33	1.11	1.67
367	0	0	0.33	1.11	1.67
368	0	0	0.33	1.10	1.66
369	149.68	65.16	0.33	1.10	1.66
370	0	0	0.33	1.10	1.66
371	0	0	0.33	1.10	1.65
372	0	0	0.33	1.09	1.65
373	0	0	0.33	1.09	1.65
374	0	0	0.33	1.09	1.65
375	0	0	0.33	1.09	1.64
376	0	0	0.33	1.09	1.64
377	0	0	0.33	1.09	1.64
378	0	0	0.33	1.09	1.64
379	149.76	65.17	0.33	1.09	1.64
380	0	0	0.33	1.09	1.63
381	0	0	0.33	1.09	1.64
382	0	0	0.33	1.09	1.64
383	0	0	0.33	1.09	1.64
384	0	0	0.33	1.09	1.64
385	0	0	0.33	1.09	1.63
386	0	0	0.33	1.09	1.63
387	0	0	0.33	1.09	1.63
388	0	0	0.33	1.09	1.63
389	149.84	65.19	0.33	1.08	1.63
390	0	0	0.33	1.08	1.63
391	0	0	0.33	1.08	1.63
392	0	0	0.33	1.08	1.63
393	0	0	0.33	1.08	1.62
394	0	0	0.33	1.08	1.62
395	0	0	0.33	1.08	1.62
396	0	0	0.33	1.07	1.61
397	0	0	0.33	1.07	1.60
398	0	0	0.33	1.07	1.60
399	149.93	65.20	0.33	1.06	1.60
400	0	0	0.33	1.06	1.59
401	0	0	0.33	1.06	1.59
402	0	0	0.33	1.06	1.59
403	0	0	0.33	1.06	1.59
404	0	0	0.33	1.06	1.59
405	0	0	0.33	1.06	1.58
406	0	0	0.33	1.06	1.59
407	0	0	0.33	1.06	1.58
408	0	0	0.33	1.06	1.58
409	150.01	65.22	0.33	1.06	1.58
410	0	0	0.33	1.05	1.58
411	0	0	0.33	1.05	1.57
412	0	0	0.33	1.05	1.57
413	0	0	0.33	1.05	1.57
414	0	0	0.33	1.05	1.57
415	0	0	0.33	1.05	1.57
416	0	0	0.33	1.05	1.58
417	0	0	0.33	1.05	1.58
418	0	0	0.33	1.05	1.57
419	150.10	65.23	0.33	1.05	1.57
420	0	0	0.33	1.05	1.57
421	0	0	0.33	1.05	1.57
422	0	0	0.33	1.04	1.56
423	0	0	0.33	1.04	1.56
424	0	0	0.33	1.04	1.56
425	0	0	0.33	1.04	1.56
426	0	0	0.33	1.04	1.56
427	0	0	0.33	1.04	1.56
428	0	0	0.33	1.04	1.56
429	150.18	65.25	0.33	1.04	1.56
430	0	0	0.34	1.05	1.56
431	0	0	0.33	1.04	1.56
432	0	0	0.33	1.04	1.55
433	0	0	0.33	1.03	1.54
434	0	0	0.33	1.02	1.54
435	0	0	0.33	1.02	1.53
436	0	0	0.33	1.02	1.52
437	0	0	0.33	1.01	1.52
438	0	0	0.33	1.01	1.51
439	150.27	65.26	0.33	1.00	1.51
440	0	0	0.33	1.00	1.51
441	0	0	0.33	1.00	1.50
442	0	0	0.33	1.00	1.50
443	0	0	0.33	1.00	1.50
444	0	0	0.33	1.00	1.50
445	0	0	0.33	1.00	1.50
446	0	0	0.33	1.00	1.50
447	0	0	0.33	0.99	1.50
448	0	0	0.33	0.99	1.50
449	150.35	65.28	0.33	0.99	1.49
450	0	0	0.33	0.99	1.49
451	0	0	0.33	0.99	1.49
452	0	0	0.33	0.99	1.49
453	0	0	0.33	0.99	1.49
454	0	0	0.33	0.99	1.48
455	0	0	0.33	0.99	1.48
456	0	0	0.33	0.99	1.48
457	0	0	0.33	0.99	1.48
458	0	0	0.33	0.99	1.48
459	150.44	65.29	0.33	0.99	1.48
460	0	0	0.33	0.98	1.48
461	0	0	0.33	0.98	1.48
462	0	0	0.33	0.98	1.48
464	0	0	0.33	0.98	1.48
465	0	0	0.33	0.98	1.48
466	0	0	0.33	0.98	1.48
467	0	0	0.33	0.98	1.47
468	0	0	0.33	0.98	1.47
469	0	0	0.33	0.98	1.47
470	150.52	65.30	0.33	0.98	1.47
471	0	0	0.33	0.98	1.47
472	0	0	0.33	0.98	1.47
473	0	0	0.33	0.98	1.47
474	0	0	0.33	0.98	1.47
475	0	0	0.33	0.98	1.47
476	0	0	0.33	0.99	1.48
477	0	0	0.33	0.99	1.49
478	0	0	0.33	1.00	1.50
479	0	0	0.33	1.00	1.50
480	150.61	65.32	0.33	1.00	1.50
481	0	0	0.33	1.01	1.51
482	0	0	0.33	1.01	1.51
483	0	0	0.34	1.01	1.50
484	0	0	0.34	1.01	1.50
485	0	0	0.33	1.00	1.50
486	0	0	0.33	1.00	1.49
487	0	0	0.33	0.99	1.49
488	0	0	0.33	0.99	1.49
489	0	0	0.33	0.99	1.48
490	150.69	65.33	0.34	0.99	1.47
491	0	0	0.33	0.98	1.47
492	0	0	0.33	0.98	1.47
493	0	0	0.33	0.98	1.47
494	0	0	0.33	0.98	1.47
495	0	0	0.34	0.98	1.47
496	0	0	0.33	0.98	1.47
497	0	0	0.34	0.99	1.47
498	0	0	0.33	0.98	1.47
499	0	0	0.33	0.98	1.47
500	150.78	65.35	0.33	0.98	1.47
501	0	0	0.33	0.97	1.46
502	0	0	0.33	0.97	1.45
503	0	0	0.34	0.96	1.44
504	0	0	0.33	0.95	1.43
505	0	0	0.33	0.95	1.42
506	0	0	0.33	0.94	1.41
507	0	0	0.33	0.94	1.41
508	0	0	0.33	0.93	1.40
509	0	0	0.33	0.93	1.40
510	150.86	65.36	0.33	0.93	1.40
511	0	0	0.33	0.93	1.40
512	0	0	0.33	0.93	1.40
513	0	0	0.33	0.93	1.40
514	0	0	0.34	0.93	1.39
515	0	0	0.33	0.93	1.40
516	0	0	0.33	0.93	1.39
517	0	0	0.33	0.93	1.39
518	0	0	0.33	0.92	1.39
519	0	0	0.33	0.92	1.39
520	150.94	65.38	0.33	0.93	1.39
521	0	0	0.33	0.92	1.39
522	0	0	0.33	0.92	1.39
523	0	0	0.33	0.92	1.38
524	0	0	0.33	0.92	1.38
525	0	0	0.33	0.92	1.38
526	0	0	0.33	0.92	1.38
527	0	0	0.33	0.92	1.38
528	0	0	0.33	0.91	1.37
529	0	0	0.33	0.91	1.37
530	151.03	65.39	0.33	0.91	1.38
531	0	0	0.33	0.92	1.38
532	0	0	0.33	0.92	1.38
533	0	0	0.33	0.92	1.39
534	0	0	0.33	0.93	1.39
535	0	0	0.33	0.93	1.40
536	0	0	0.33	0.93	1.40
537	0	0	0.33	0.94	1.41
538	0	0	0.33	0.94	1.41
539	0	0	0.33	0.94	1.42
540	151.12	65.40	0.33	0.95	1.42
541	0	0	0.34	0.95	1.42
542	0	0	0.33	0.95	1.43
543	0	0	0.33	0.95	1.43
544	0	0	0.33	0.95	1.43
545	0	0	0.34	0.95	1.42
546	0	0	0.33	0.95	1.42
547	0	0	0.33	0.94	1.41
548	0	0	0.34	0.94	1.41
549	0	0	0.33	0.93	1.40
550	151.20	65.42	0.33	0.93	1.39
551	0	0	0.33	0.92	1.38
552	0	0	0.33	0.91	1.37
553	0	0	0.33	0.91	1.37
554	0	0	0.33	0.91	1.36
555	0	0	0.33	0.90	1.36
556	0	0	0.33	0.90	1.35
557	0	0	0.33	0.90	1.35
558	0	0	0.33	0.90	1.35
559	0	0	0.33	0.90	1.35
560	151.29	65.43	0.33	0.89	1.35
561	0	0	0.33	0.89	1.34
562	0	0	0.33	0.89	1.34
563	0	0	0.33	0.89	1.34
564	0	0	0.33	0.89	1.34
565	0	0	0.33	0.89	1.34
566	0	0	0.33	0.89	1.33
567	0	0	0.33	0.89	1.33
568	0	0	0.33	0.89	1.33
569	0	0	0.33	0.88	1.33
570	151.37	65.45	0.33	0.88	1.33
571	0	0	0.33	0.88	1.33
572	0	0	0.33	0.88	1.33
573	0	0	0.33	0.88	1.33
574	0	0	0.33	0.88	1.33
575	0	0	0.33	0.88	1.33
576	0	0	0.33	0.89	1.33
577	0	0	0.33	0.89	1.34
578	0	0	0.33	0.89	1.35
579	151.46	65.46	0.33	0.90	1.35
580	0	0	0.33	0.91	1.36
581	0	0	0.33	0.91	1.37
582	0	0	0.33	0.92	1.38
583	0	0	0.33	0.92	1.38
584	0	0	0.33	0.92	1.38
585	0	0	0.34	0.93	1.38
586	0	0	0.33	0.93	1.39
587	0	0	0.34	0.93	1.39
588	0	0	0.33	0.93	1.40
589	151.54	65.47	0.33	0.94	1.41
590	0	0	0.34	0.94	1.41
591	0	0	0.34	0.95	1.42
592	0	0	0.33	0.96	1.43
593	0	0	0.34	0.96	1.44
594	0	0	0.33	0.97	1.45
595	0	0	0.33	0.97	1.45
596	0	0	0.33	0.97	1.45
597	0	0	0.33	0.97	1.45
598	0	0	0.33	0.97	1.45
599	151.63	65.49	0.33	0.96	1.45
600	0	0	0.33	0.96	1.45
601	0	0	0.34	0.97	1.44
602	0	0	0.34	0.97	1.44
603	0	0	0.33	0.96	1.44
604	0	0	0.34	0.97	1.44
605	0	0	0.33	0.97	1.45
606	0	0	0.33	0.96	1.44
607	0	0	0.33	0.96	1.44
608	0	0	0.33	0.96	1.43
609	151.72	65.50	0.33	0.96	1.43
610	0	0	0.33	0.95	1.43
611	0	0	0.33	0.95	1.43
612	0	0	0.33	0.95	1.42
613	0	0	0.33	0.95	1.43
614	0	0	0.33	0.95	1.43
615	0	0	0.33	0.96	1.43
616	0	0	0.34	0.96	1.44
617	0	0	0.34	0.96	1.44
618	0	0	0.33	0.97	1.45
619	151.80	65.51	0.33	0.96	1.45
620	0	0	0.34	0.97	1.45
621	0	0	0.33	0.97	1.46
622	0	0	0.34	0.98	1.46
623	0	0	0.34	0.98	1.46
624	0	0	0.34	0.98	1.46
625	0	0	0.34	0.98	1.47
626	0	0	0.33	0.99	1.48
627	0	0	0.33	0.99	1.49
628	0	0	0.33	1.00	1.50
629	151.89	65.53	0.34	1.01	1.51
630	0	0	0.34	1.02	1.51
631	0	0	0.34	1.02	1.52
632	0	0	0.33	1.02	1.52
633	0	0	0.34	1.03	1.53
634	0	0	0.33	1.03	1.53
635	0	0	0.34	1.03	1.53
636	0	0	0.34	1.03	1.53
637	0	0	0.34	1.03	1.53
638	0	0	0.34	1.03	1.53
639	151.97	65.54	0.34	1.03	1.53
640	0	0	0.34	1.03	1.53
641	0	0	0.34	1.03	1.52
642	0	0	0.34	1.03	1.53
643	0	0	0.34	1.03	1.52
644	0	0	0.34	1.03	1.52
645	0	0	0.34	1.03	1.52
646	0	0	0.34	1.03	1.53
647	0	0	0.34	1.03	1.53
648	0	0	0.34	1.03	1.53
649	152.06	65.56	0.34	1.04	1.53
650	0	0	0.33	1.03	1.54
651	0	0	0.34	1.04	1.54
652	0	0	0.34	1.04	1.54
653	0	0	0.34	1.05	1.55
654	0	0	0.34	1.05	1.55
655	0	0	0.34	1.05	1.55
656	0	0	0.34	1.05	1.55
657	0	0	0.34	1.05	1.55
658	0	0	0.34	1.05	1.55
659	152.15	65.57	0.33	1.04	1.55
660	0	0	0.34	1.04	1.55
661	0	0	0.34	1.04	1.54
662	0	0	0.34	1.04	1.54
663	0	0	0.34	1.04	1.53
664	0	0	0.34	1.04	1.54
665	0	0	0.34	1.04	1.54
666	0	0	0.34	1.04	1.54
667	0	0	0.34	1.04	1.54
668	0	0	0.34	1.04	1.54
669	152.23	65.58	0.34	1.04	1.55
670	0	0	0.33	1.04	1.55
671	0	0	0.34	1.05	1.55
672	0	0	0.34	1.05	1.56
673	0	0	0.34	1.06	1.56
674	0	0	0.34	1.06	1.57
675	0	0	0.34	1.06	1.57
676	0	0	0.34	1.06	1.57
677	0	0	0.34	1.07	1.57
678	0	0	0.34	1.07	1.58
679	152.32	65.60	0.34	1.07	1.58
680	0	0	0.34	1.07	1.58
681	0	0	0.34	1.07	1.58
682	0	0	0.34	1.06	1.58
683	0	0	0.34	1.06	1.58
684	0	0	0.34	1.07	1.58
685	0	0	0.34	1.06	1.58
686	0	0	0.34	1.06	1.58
687	0	0	0.34	1.06	1.57
688	0	0	0.34	1.06	1.57
689	152.41	65.61	0.34	1.06	1.57
690	0	0	0.34	1.06	1.57
691	0	0	0.34	1.06	1.58
692	0	0	0.34	1.06	1.58
693	0	0	0.34	1.07	1.57
694	0	0	0.34	1.06	1.58
695	0	0	0.34	1.06	1.58
696	0	0	0.34	1.06	1.58
697	0	0	0.34	1.06	1.58
698	0	0	0.34	1.06	1.58
699	152.49	65.62	0.34	1.06	1.58
700	0	0	0.34	1.06	1.57
701	0	0	0.34	1.06	1.58
702	0	0	0.34	1.06	1.57
703	0	0	0.34	1.06	1.57
704	0	0	0.34	1.06	1.57
705	0	0	0.34	1.06	1.57
706	0	0	0.34	1.06	1.57
707	0	0	0.34	1.06	1.57
708	0	0	0.34	1.06	1.57
709	152.58	65.64	0.33	1.05	1.57
710	0	0	0.34	1.05	1.56
711	0	0	0.34	1.05	1.55
712	0	0	0.34	1.04	1.55
713	0	0	0.34	1.04	1.54
714	0	0	0.34	1.04	1.54
715	0	0	0.34	1.04	1.54
716	0	0	0.34	1.04	1.55
717	0	0	0.33	1.04	1.55
718	0	0	0.33	1.04	1.55
719	152.67	65.65	0.33	1.05	1.56
720	0	0	0.34	1.05	1.56
721	0	0	0.33	1.05	1.56
722	0	0	0.34	1.05	1.56
723	0	0	0.33	1.04	1.55
724	0	0	0.33	1.04	1.55
725	0	0	0.33	1.04	1.55
726	0	0	0.33	1.04	1.55
727	0	0	0.33	1.04	1.55
728	0	0	0.33	1.04	1.55
729	152.75	65.66	0.33	1.04	1.55
730	0	0	0.33	1.04	1.55
731	0	0	0.33	1.04	1.56
732	0	0	0.33	1.05	1.56
733	0	0	0.33	1.05	1.57
734	0	0	0.33	1.06	1.58
735	0	0	0.33	1.06	1.58
736	0	0	0.34	1.07	1.59
737	0	0	0.33	1.07	1.59
738	0	0	0.33	1.07	1.59
739	152.84	65.68	0.33	1.07	1.59
740	0	0	0.33	1.07	1.60
741	0	0	0.34	1.08	1.60
742	0	0	0.33	1.07	1.60
743	0	0	0.33	1.07	1.60
744	0	0	0.33	1.07	1.60
745	0	0	0.34	1.07	1.59
746	0	0	0.33	1.07	1.60
747	0	0	0.34	1.07	1.59
748	0	0	0.34	1.08	1.60
749	152.93	65.69	0.33	1.08	1.61
750	0	0	0.34	1.08	1.60
751	0	0	0.33	1.08	1.61
752	0	0	0.33	1.08	1.61
753	0	0	0.33	1.08	1.61
754	0	0	0.33	1.08	1.61
755	0	0	0.33	1.08	1.61
756	0	0	0.33	1.08	1.61
757	0	0	0.33	1.08	1.61
758	0	0	0.33	1.08	1.61
759	153.01	65.70	0.33	1.08	1.61
760	0	0	0.33	1.08	1.61
761	0	0	0.33	1.08	1.61
762	0	0	0.33	1.08	1.62
763	0	0	0.34	1.09	1.62
764	0	0	0.33	1.09	1.62
765	0	0	0.33	1.09	1.62
766	0	0	0.33	1.09	1.63
767	0	0	0.33	1.09	1.63
768	0	0	0.33	1.09	1.63
769	153.10	65.72	0.33	1.09	1.63
770	0	0	0.33	1.09	1.63
771	0	0	0.33	1.09	1.63
772	0	0	0.33	1.09	1.63
773	0	0	0.33	1.09	1.63
774	0	0	0.34	1.09	1.62
775	0	0	0.33	1.09	1.62
776	0	0	0.34	1.09	1.62
777	0	0	0.33	1.08	1.62
778	0	0	0.33	1.09	1.62
779	153.19	65.73	0.34	1.09	1.62
780	0	0	0.33	1.09	1.63
781	0	0	0.34	1.09	1.62
782	0	0	0.33	1.09	1.63
783	0	0	0.33	1.08	1.62
784	0	0	0.33	1.09	1.63
785	0	0	0.33	1.09	1.62
786	0	0	0.33	1.09	1.63
787	0	0	0.33	1.09	1.63
788	0	0	0.33	1.09	1.63
789	153.28	65.74	0.33	1.09	1.62
790	0	0	0.33	1.09	1.63
791	0	0	0.33	1.08	1.63
792	0	0	0.33	1.09	1.63
793	0	0	0.33	1.09	1.63
794	0	0	0.33	1.09	1.63
795	0	0	0.33	1.09	1.62
796	0	0	0.33	1.08	1.62
797	0	0	0.33	1.08	1.62
798	0	0	0.33	1.08	1.62
799	153.36	65.76	0.33	1.07	1.62
800	0	0	0.33	1.07	1.61
801	0	0	0.33	1.08	1.61
802	0	0	0.33	1.07	1.61
803	0	0	0.33	1.08	1.61
804	0	0	0.33	1.08	1.62
805	0	0	0.33	1.08	1.62
806	0	0	0.33	1.08	1.62
807	0	0	0.33	1.08	1.62
808	0	0	0.33	1.08	1.63
809	153.45	65.77	0.33	1.09	1.63
810	0	0	0.33	1.08	1.63
811	0	0	0.33	1.08	1.63
812	0	0	0.33	1.08	1.63
813	0	0	0.33	1.08	1.62
814	0	0	0.33	1.08	1.62
815	0	0	0.33	1.08	1.62
816	0	0	0.33	1.08	1.62
817	0	0	0.33	1.08	1.62
818	0	0	0.33	1.08	1.62
819	153.54	65.78	0.33	1.07	1.62
820	0	0	0.33	1.08	1.61
821	0	0	0.33	1.07	1.62
822	0	0	0.33	1.07	1.61
823	0	0	0.33	1.07	1.61
824	0	0	0.33	1.07	1.61
825	0	0	0.33	1.07	1.61
826	0	0	0.33	1.07	1.61
827	0	0	0.33	1.07	1.60
828	0	0	0.33	1.06	1.61
829	153.63	65.79	0.33	1.06	1.60
830	0	0	0.33	1.07	1.60
831	0	0	0.33	1.06	1.61
832	0	0	0.33	1.06	1.60
833	0	0	0.33	1.06	1.61
834	0	0	0.33	1.07	1.60
835	0	0	0.33	1.07	1.61
836	0	0	0.33	1.07	1.61
837	0	0	0.33	1.07	1.61
838	0	0	0.33	1.07	1.61
839	153.71	65.81	0.33	1.07	1.61
840	0	0	0.33	1.07	1.61
841	0	0	0.33	1.07	1.61
842	0	0	0.33	1.07	1.62
843	0	0	0.33	1.07	1.61
844	0	0	0.33	1.07	1.61
845	0	0	0.33	1.07	1.61
846	0	0	0.33	1.07	1.61
847	0	0	0.33	1.07	1.61
848	0	0	0.33	1.07	1.61
849	153.80	65.82	0.33	1.07	1.61
850	0	0	0.33	1.07	1.60
851	0	0	0.33	1.07	1.60
852	0	0	0.33	1.06	1.60
853	0	0	0.33	1.06	1.60
854	0	0	0.33	1.06	1.60
855	0	0	0.33	1.06	1.60
856	0	0	0.33	1.06	1.60
857	0	0	0.33	1.06	1.60
858	0	0	0.33	1.06	1.60
859	153.89	65.83	0.33	1.06	1.60
860	0	0	0.33	1.06	1.60
861	0	0	0.33	1.06	1.60
862	0	0	0.33	1.06	1.60
863	0	0	0.33	1.06	1.60
864	0	0	0.33	1.06	1.60
865	0	0	0.33	1.06	1.60
866	0	0	0.33	1.06	1.60
867	0	0	0.33	1.06	1.60
868	0	0	0.33	1.06	1.60
869	153.98	65.85	0.33	1.05	1.60
870	0	0	0.33	1.06	1.60
871	0	0	0.33	1.06	1.60
872	0	0	0.33	1.06	1.60
873	0	0	0.33	1.06	1.60
874	0	0	0.33	1.06	1.60
875	0	0	0.33	1.06	1.60
876	0	0	0.33	1.06	1.59
877	0	0	0.33	1.06	1.60
878	0	0	0.33	1.06	1.60
879	154.07	65.86	0.33	1.06	1.60
880	0	0	0.33	1.06	1.61
881	0	0	0.33	1.07	1.61
882	0	0	0.33	1.07	1.62
883	0	0	0.33	1.07	1.62
884	0	0	0.33	1.07	1.62
885	0	0	0.33	1.08	1.62
886	0	0	0.33	1.08	1.62
887	0	0	0.33	1.08	1.62
888	0	0	0.33	1.08	1.62
889	154.15	65.87	0.33	1.08	1.63
890	0	0	0.33	1.08	1.63
891	0	0	0.33	1.08	1.63
892	0	0	0.33	1.08	1.63
893	0	0	0.33	1.08	1.63
894	0	0	0.33	1.09	1.64
895	0	0	0.33	1.09	1.64
896	0	0	0.33	1.08	1.64
897	0	0	0.33	1.09	1.64
898	0	0	0.33	1.09	1.64
899	154.24	65.88	0.33	1.09	1.64
900	0	0	0.33	1.09	1.64
901	0	0	0.33	1.09	1.65
902	0	0	0.33	1.09	1.64
903	0	0	0.33	1.09	1.64
904	0	0	0.33	1.09	1.65
905	0	0	0.33	1.09	1.64
906	0	0	0.33	1.09	1.64
907	0	0	0.33	1.09	1.65
908	0	0	0.33	1.09	1.64
909	154.33	65.90	0.33	1.09	1.64
910	0	0	0.33	1.09	1.64
911	0	0	0.33	1.09	1.64
912	0	0	0.33	1.09	1.64
913	0	0	0.33	1.09	1.64
914	0	0	0.33	1.09	1.65
915	0	0	0.33	1.09	1.64
916	0	0	0.33	1.09	1.65
917	0	0	0.33	1.09	1.65
918	0	0	0.33	1.09	1.65
919	154.42	65.91	0.33	1.09	1.65
920	0	0	0.33	1.09	1.65
921	0	0	0.33	1.09	1.65
922	0	0	0.33	1.09	1.65
923	0	0	0.33	1.09	1.65
924	0	0	0.33	1.09	1.65
925	0	0	0.33	1.09	1.66
926	0	0	0.33	1.09	1.65
927	0	0	0.33	1.09	1.65
928	0	0	0.33	1.09	1.65
930	154.51	65.92	0.33	1.09	1.66
931	0	0	0.33	1.10	1.66
932	0	0	0.33	1.10	1.66
933	0	0	0.33	1.10	1.66
934	0	0	0.33	1.10	1.66
935	0	0	0.33	1.10	1.66
936	0	0	0.33	1.10	1.66
937	0	0	0.33	1.10	1.66
938	0	0	0.33	1.10	1.66
939	0	0	0.33	1.10	1.66
940	154.60	65.93	0.33	1.10	1.66
941	0	0	0.33	1.09	1.65
942	0	0	0.33	1.10	1.66
943	0	0	0.33	1.10	1.65
944	0	0	0.33	1.10	1.66
945	0	0	0.33	1.10	1.66
946	0	0	0.33	1.10	1.66
947	0	0	0.33	1.10	1.66
948	0	0	0.33	1.10	1.66
949	0	0	0.33	1.11	1.67
950	154.68	65.95	0.33	1.11	1.67
951	0	0	0.33	1.11	1.67
952	0	0	0.33	1.11	1.68
953	0	0	0.33	1.11	1.67
954	0	0	0.33	1.11	1.67
955	0	0	0.33	1.11	1.67
956	0	0	0.33	1.11	1.67
957	0	0	0.33	1.11	1.67
958	0	0	0.33	1.11	1.68
959	0	0	0.33	1.12	1.68
960	154.77	65.96	0.33	1.12	1.68
961	0	0	0.33	1.12	1.69
962	0	0	0.33	1.12	1.68
963	0	0	0.33	1.12	1.69
964	0	0	0.33	1.12	1.69
965	0	0	0.33	1.12	1.69
966	0	0	0.33	1.13	1.69
967	0	0	0.33	1.12	1.70
968	0	0	0.33	1.12	1.69
969	0	0	0.33	1.13	1.70
970	154.86	65.97	0.33	1.13	1.70
971	0	0	0.33	1.13	1.70
972	0	0	0.33	1.13	1.70
973	0	0	0.33	1.13	1.70
974	0	0	0.33	1.13	1.70
975	0	0	0.33	1.13	1.70
976	0	0	0.33	1.13	1.70
977	0	0	0.33	1.13	1.70
978	0	0	0.33	1.13	1.70
979	0	0	0.33	1.13	1.71
980	154.95	65.98	0.33	1.14	1.71
981	0	0	0.33	1.14	1.71
982	0	0	0.33	1.14	1.71
983	0	0	0.33	1.14	1.71
984	0	0	0.33	1.14	1.71
985	0	0	0.33	1.14	1.71
986	0	0	0.33	1.14	1.71
987	0	0	0.33	1.14	1.71
988	0	0	0.33	1.14	1.71
989	0	0	0.33	1.14	1.71
990	155.04	66.00	0.33	1.14	1.71
991	0	0	0.33	1.14	1.71
992	0	0	0.34	1.14	1.71
993	0	0	0.33	1.14	1.71
994	0	0	0.33	1.14	1.70
995	0	0	0.33	1.14	1.70
996	0	0	0.33	1.13	1.70
997	0	0	0.33	1.14	1.70
998	0	0	0.33	1.14	1.70
999	0	0	0.33	1.14	1.70
1000	155.13	66.01	0.33	1.13	1.71
1001	0	0	0.33	1.13	1.70
1002	0	0	0.33	1.14	1.70
1003	0	0	0.33	1.13	1.70
1004	0	0	0.33	1.13	1.71
1005	0	0	0.33	1.14	1.71
1006	0	0	0.33	1.14	1.71
1007	0	0	0.33	1.14	1.71
1008	0	0	0.33	1.14	1.70
1009	0	0	0.33	1.14	1.71
1010	155.22	66.02	0.33	1.14	1.71
1011	0	0	0.33	1.14	1.71
1012	0	0	0.33	1.14	1.70
1013	0	0	0.33	1.14	1.71
1014	0	0	0.33	1.14	1.71
1015	0	0	0.33	1.14	1.71
1016	0	0	0.33	1.14	1.71
1017	0	0	0.33	1.14	1.71
1018	0	0	0.34	1.14	1.71
1019	0	0	0.34	1.14	1.71
1020	155.31	66.03	0.34	1.14	1.71
1021	0	0	0.34	1.14	1.71
1022	0	0	0.33	1.14	1.71
1023	0	0	0.34	1.14	1.70
1024	0	0	0.33	1.14	1.71
1025	0	0	0.33	1.14	1.71
1026	0	0	0.33	1.14	1.71
1027	0	0	0.33	1.14	1.71
1028	0	0	0.33	1.14	1.71
1029	0	0	0.34	1.15	1.71
1030	155.40	66.04	0.33	1.15	1.72
1031	0	0	0.33	1.15	1.72
1032	0	0	0.33	1.15	1.72
1033	0	0	0.33	1.15	1.72
1034	0	0	0.33	1.15	1.72
1035	0	0	0.33	1.15	1.72
1036	0	0	0.34	1.15	1.72
1037	0	0	0.33	1.15	1.72
1038	0	0	0.34	1.15	1.71
1039	0	0	0.33	1.15	1.72
1040	155.49	66.06	0.34	1.15	1.72
1041	0	0	0.34	1.15	1.71
1042	0	0	0.33	1.15	1.72
1043	0	0	0.34	1.15	1.71
1044	0	0	0.34	1.15	1.71
1045	0	0	0.33	1.15	1.72
1046	0	0	0.33	1.14	1.71
1047	0	0	0.33	1.14	1.71
1048	0	0	0.33	1.14	1.71
1049	0	0	0.33	1.14	1.71
1050	155.58	66.07	0.33	1.14	1.71
1051	0	0	0.33	1.14	1.71
1052	0	0	0.33	1.14	1.71
1053	0	0	0.33	1.14	1.71
1054	0	0	0.34	1.14	1.71
1055	0	0	0.34	1.14	1.71
1056	0	0	0.34	1.14	1.70
1057	0	0	0.33	1.14	1.71
1058	0	0	0.34	1.14	1.71
1059	0	0	0.33	1.14	1.71
1060	155.67	66.08	0.33	1.14	1.71
1061	0	0	0.33	1.14	1.71
1062	0	0	0.34	1.15	1.71
1063	0	0	0.34	1.15	1.71
1064	0	0	0.33	1.15	1.72
1065	0	0	0.33	1.15	1.72
1066	0	0	0.33	1.15	1.72
1067	0	0	0.33	1.15	1.72
1068	0	0	0.34	1.15	1.72
1069	0	0	0.33	1.15	1.72
1070	155.75	66.09	0.33	1.15	1.72
1071	0	0	0.33	1.14	1.72
1072	0	0	0.34	1.15	1.72
1073	0	0	0.33	1.15	1.72
1074	0	0	0.33	1.15	1.72
1075	0	0	0.33	1.15	1.72
1076	0	0	0.34	1.15	1.72
1077	0	0	0.33	1.15	1.72
1078	0	0	0.33	1.15	1.72
1079	0	0	0.33	1.15	1.72
1080	155.84	66.10	0.33	1.15	1.72
1081	0	0	0.33	1.15	1.72
1082	0	0	0.33	1.15	1.72
1083	0	0	0.34	1.15	1.71
1084	0	0	0.34	1.15	1.71
1085	0	0	0.33	1.15	1.72
1086	0	0	0.33	1.14	1.72
1087	0	0	0.33	1.14	1.72
1088	0	0	0.33	1.14	1.71
1089	0	0	0.33	1.14	1.71
1090	155.93	66.12	0.34	1.15	1.71
1091	0	0	0.34	1.15	1.71
1092	0	0	0.33	1.14	1.72
1093	0	0	0.33	1.14	1.71
1094	0	0	0.34	1.15	1.71
1095	0	0	0.34	1.15	1.71
1096	0	0	0.33	1.15	1.72
1097	0	0	0.33	1.15	1.72
1098	0	0	0.34	1.15	1.71
1099	0	0	0.33	1.15	1.72
1100	156.02	66.13	0.33	1.15	1.72
1101	0	0	0.33	1.15	1.72
1102	0	0	0.33	1.14	1.71
1103	0	0	0.33	1.14	1.72
1104	0	0	0.33	1.15	1.72
1105	0	0	0.33	1.14	1.72
1106	0	0	0.33	1.14	1.72
1107	0	0	0.33	1.15	1.72
1108	0	0	0.34	1.15	1.72
1109	0	0	0.33	1.15	1.72
1110	156.11	66.14	0.33	1.15	1.72
1111	0	0	0.33	1.15	1.72
1112	0	0	0.33	1.15	1.72
1113	0	0	0.33	1.15	1.72
1114	0	0	0.33	1.15	1.72
1115	0	0	0.33	1.15	1.72
1116	0	0	0.33	1.15	1.72
1117	0	0	0.33	1.15	1.72
1118	0	0	0.33	1.15	1.72
1119	0	0	0.33	1.14	1.72
1120	156.20	66.15	0.33	1.15	1.72
1121	0	0	0.33	1.15	1.72
1122	0	0	0.33	1.15	1.72
1123	0	0	0.33	1.15	1.72
1124	0	0	0.33	1.15	1.72
1125	0	0	0.33	1.15	1.72
1126	0	0	0.33	1.15	1.72
1127	0	0	0.33	1.15	1.72
1128	0	0	0.34	1.15	1.72
1129	0	0	0.33	1.15	1.72
1130	156.29	66.16	0.33	1.15	1.73
1131	0	0	0.34	1.15	1.72
1132	0	0	0.34	1.15	1.72
1133	0	0	0.33	1.15	1.73
1134	0	0	0.34	1.15	1.72
1135	0	0	0.34	1.15	1.72
1136	0	0	0.34	1.16	1.72
1137	0	0	0.34	1.15	1.72
1138	0	0	0.34	1.15	1.72
1139	0	0	0.33	1.15	1.72
1140	156.38	66.17	0.33	1.15	1.72
1141	0	0	0.33	1.15	1.72
1142	0	0	0.33	1.15	1.72
1143	0	0	0.33	1.15	1.72
1144	0	0	0.33	1.15	1.72
1145	0	0	0.34	1.15	1.72
1146	0	0	0.33	1.15	1.72
1147	0	0	0.34	1.15	1.72
1148	0	0	0.33	1.15	1.72
1149	0	0	0.34	1.15	1.72
1150	156.47	66.19	0.33	1.15	1.72
1151	0	0	0.34	1.15	1.72
1152	0	0	0.33	1.15	1.72
1153	0	0	0.34	1.15	1.72
1154	0	0	0.33	1.15	1.72
1155	0	0	0.33	1.15	1.72
1156	0	0	0.34	1.15	1.72
1157	0	0	0.34	1.15	1.72
1158	0	0	0.33	1.15	1.73
1159	156.56	66.20	0.33	1.15	1.73
1160	0	0	0.34	1.15	1.72
1161	0	0	0.34	1.15	1.72
1162	0	0	0.33	1.15	1.72
1163	0	0	0.34	1.15	1.72
1164	0	0	0.33	1.15	1.72
1165	0	0	0.34	1.15	1.72
1166	0	0	0.33	1.15	1.72
1167	0	0	0.33	1.15	1.73
1168	0	0	0.34	1.15	1.72
1169	156.65	66.21	0.34	1.16	1.72
1170	0	0	0.33	1.16	1.73
1171	0	0	0.33	1.16	1.73
1172	0	0	0.34	1.16	1.73
1173	0	0	0.33	1.15	1.73
1174	0	0	0.34	1.16	1.73
1175	0	0	0.33	1.16	1.73
1176	0	0	0.33	1.16	1.73
1177	0	0	0.33	1.16	1.73
1178	0	0	0.33	1.16	1.73
1179	156.75	66.22	0.33	1.16	1.74
1180	0	0	0.33	1.16	1.73
1181	0	0	0.33	1.16	1.73
1182	0	0	0.33	1.16	1.74
1183	0	0	0.34	1.16	1.73
1184	0	0	0.34	1.16	1.73
1185	0	0	0.33	1.16	1.74
1186	0	0	0.33	1.16	1.74
1187	0	0	0.34	1.16	1.73
1188	0	0	0.33	1.16	1.73
1189	156.84	66.23	0.34	1.16	1.74
1190	0	0	0.33	1.16	1.74
1191	0	0	0.33	1.16	1.74
1192	0	0	0.33	1.16	1.73
1193	0	0	0.33	1.16	1.74
1194	0	0	0.33	1.16	1.74
1195	0	0	0.33	1.16	1.74
1196	0	0	0.34	1.16	1.74
1197	0	0	0.34	1.16	1.74
1198	0	0	0.34	1.17	1.74
1199	156.93	66.24	0.33	1.16	1.74
1200	0	0	0.33	1.16	1.74
1201	0	0	0.33	1.16	1.74
1202	0	0	0.34	1.16	1.74
1203	0	0	0.33	1.16	1.74
1204	0	0	0.34	1.17	1.74
1205	0	0	0.34	1.16	1.74
1206	0	0	0.34	1.16	1.74
1207	0	0	0.33	1.16	1.74
1208	0	0	0.34	1.16	1.74
1209	157.02	66.26	0.34	1.17	1.74
1210	0	0	0.33	1.16	1.74
1211	0	0	0.33	1.16	1.74
1212	0	0	0.33	1.16	1.74
1213	0	0	0.33	1.17	1.75
1214	0	0	0.34	1.16	1.74
1215	0	0	0.34	1.16	1.74
1216	0	0	0.33	1.16	1.74
1217	0	0	0.33	1.16	1.74
1218	0	0	0.34	1.17	1.74
1219	157.11	66.27	0.34	1.17	1.74
1220	0	0	0.33	1.16	1.74
1221	0	0	0.33	1.17	1.74
1222	0	0	0.33	1.16	1.74
1223	0	0	0.34	1.17	1.74
1224	0	0	0.34	1.17	1.74
1225	0	0	0.33	1.16	1.74
1226	0	0	0.33	1.16	1.74
1227	0	0	0.34	1.17	1.74
1228	0	0	0.34	1.17	1.74
1229	157.20	66.28	0.33	1.16	1.74
1230	0	0	0.33	1.16	1.74
1231	0	0	0.34	1.16	1.74
1232	0	0	0.33	1.16	1.74
1233	0	0	0.34	1.16	1.74
1234	0	0	0.34	1.17	1.74
1235	0	0	0.33	1.16	1.74
1236	0	0	0.34	1.17	1.74
1237	0	0	0.33	1.17	1.74
1238	0	0	0.33	1.17	1.74
1239	157.29	66.29	0.33	1.16	1.74
1240	0	0	0.34	1.17	1.74
1241	0	0	0.34	1.17	1.74
1242	0	0	0.33	1.16	1.74
1243	0	0	0.33	1.16	1.74
1244	0	0	0.33	1.17	1.74
1245	0	0	0.33	1.16	1.74
1246	0	0	0.34	1.17	1.74
1247	0	0	0.34	1.17	1.74
1248	0	0	0.33	1.17	1.74
1249	157.38	66.30	0.33	1.16	1.74
1250	0	0	0.33	1.16	1.74
1251	0	0	0.34	1.16	1.74
1252	0	0	0.34	1.16	1.74
1253	0	0	0.33	1.16	1.74
1254	0	0	0.33	1.16	1.74
1255	0	0	0.34	1.17	1.74
1256	0	0	0.34	1.17	1.74
1257	0	0	0.34	1.17	1.74
1258	0	0	0.34	1.17	1.74
1259	157.47	66.31	0.34	1.17	1.74
1260	0	0	0.33	1.16	1.74
1261	0	0	0.34	1.17	1.74
1262	0	0	0.34	1.17	1.74
1263	0	0	0.33	1.16	1.74
1264	0	0	0.33	1.16	1.74
1265	0	0	0.33	1.17	1.74
1266	0	0	0.33	1.16	1.74
1267	0	0	0.34	1.16	1.74
1268	0	0	0.33	1.16	1.74
1269	157.56	66.32	0.33	1.16	1.74
1270	0	0	0.34	1.16	1.74
1271	0	0	0.33	1.16	1.74
1272	0	0	0.34	1.16	1.74
1273	0	0	0.34	1.16	1.73
1274	0	0	0.34	1.16	1.74
1275	0	0	0.33	1.16	1.74
1276	0	0	0.33	1.16	1.74
1277	0	0	0.33	1.16	1.74
1278	0	0	0.33	1.16	1.73
1279	157.65	66.33	0.33	1.16	1.74
1280	0	0	0.33	1.16	1.73
1281	0	0	0.33	1.16	1.74
1282	0	0	0.33	1.16	1.74
1283	0	0	0.34	1.16	1.73
1284	0	0	0.33	1.15	1.73
1285	0	0	0.33	1.15	1.74
1286	0	0	0.33	1.15	1.73
1287	0	0	0.33	1.16	1.73
1288	0	0	0.33	1.16	1.74
1289	157.74	66.34	0.33	1.15	1.73
1290	0	0	0.34	1.15	1.72
1291	0	0	0.33	1.15	1.73
1292	0	0	0.33	1.15	1.73
1293	0	0	0.33	1.15	1.72
1294	0	0	0.33	1.15	1.72
1295	0	0	0.33	1.15	1.73
1296	0	0	0.33	1.15	1.72
1297	0	0	0.33	1.14	1.72
1298	0	0	0.33	1.14	1.72
1299	157.83	66.36	0.33	1.15	1.72
1300	0	0	0.33	1.15	1.72
1301	0	0	0.33	1.15	1.72
1302	0	0	0.34	1.15	1.71
1303	0	0	0.33	1.15	1.72
1304	0	0	0.33	1.15	1.73
1305	0	0	0.33	1.15	1.72
1306	0	0	0.33	1.15	1.72
1307	0	0	0.33	1.15	1.73
1308	0	0	0.33	1.15	1.72
1309	157.93	66.37	0.33	1.15	1.72
1310	0	0	0.33	1.15	1.72
1311	0	0	0.33	1.15	1.72
1312	0	0	0.33	1.15	1.72
1313	0	0	0.33	1.15	1.72
1314	0	0	0.33	1.15	1.72
1315	0	0	0.33	1.15	1.72
1316	0	0	0.34	1.15	1.71
1317	0	0	0.33	1.15	1.72
1318	0	0	0.33	1.14	1.72
1319	158.02	66.38	0.33	1.14	1.71
1320	0	0	0.33	1.14	1.72
1321	0	0	0.33	1.15	1.72
1322	0	0	0.33	1.14	1.72
1323	0	0	0.33	1.15	1.72
1324	0	0	0.34	1.15	1.71
1325	0	0	0.33	1.14	1.72
1326	0	0	0.33	1.14	1.71
1327	0	0	0.33	1.14	1.72
1328	0	0	0.33	1.14	1.71
1329	158.11	66.39	0.34	1.14	1.71
1330	0	0	0.33	1.14	1.71
1331	0	0	0.33	1.14	1.71
1332	0	0	0.33	1.14	1.71
1333	0	0	0.33	1.14	1.71
1334	0	0	0.33	1.14	1.71
1335	0	0	0.33	1.14	1.70
1336	0	0	0.33	1.14	1.71
1337	0	0	0.34	1.14	1.71
1338	0	0	0.33	1.14	1.71
1339	158.20	66.40	0.34	1.14	1.71
1340	0	0	0.33	1.14	1.71
1341	0	0	0.33	1.13	1.71
1342	0	0	0.33	1.13	1.71
1343	0	0	0.33	1.14	1.71
1344	0	0	0.33	1.14	1.70
1345	0	0	0.33	1.14	1.70
1346	0	0	0.33	1.14	1.71
1347	0	0	0.33	1.14	1.70
1348	0	0	0.33	1.13	1.70
1349	158.29	66.41	0.33	1.14	1.70
1350	0	0	0.33	1.14	1.70
1351	0	0	0.33	1.14	1.70
1352	0	0	0.33	1.13	1.70
1353	0	0	0.33	1.13	1.70
1354	0	0	0.33	1.13	1.70
1355	0	0	0.33	1.13	1.70
1356	0	0	0.33	1.13	1.70
1357	0	0	0.33	1.13	1.70
1358	0	0	0.33	1.13	1.70
1359	158.38	66.42	0.33	1.13	1.70
1360	0	0	0.33	1.13	1.70
1361	0	0	0.33	1.13	1.70
1362	0	0	0.33	1.13	1.70
1363	0	0	0.33	1.13	1.70
1364	0	0	0.33	1.13	1.70
1365	0	0	0.33	1.13	1.70
1366	0	0	0.33	1.13	1.70
1367	0	0	0.33	1.13	1.70
1368	0	0	0.33	1.13	1.70
1369	158.47	66.43	0.33	1.13	1.70
1370	0	0	0.33	1.13	1.70
1371	0	0	0.34	1.13	1.69
1372	0	0	0.33	1.13	1.69
1373	0	0	0.33	1.13	1.69
1374	0	0	0.33	1.13	1.69
1375	0	0	0.33	1.13	1.69
1376	0	0	0.33	1.13	1.69
1377	0	0	0.33	1.13	1.69
1378	0	0	0.33	1.13	1.69
1379	158.57	66.44	0.33	1.12	1.69
1380	0	0	0.33	1.13	1.69
1381	0	0	0.33	1.13	1.69
1382	0	0	0.33	1.13	1.70
1383	0	0	0.33	1.13	1.70
1384	0	0	0.33	1.13	1.70
1385	0	0	0.33	1.13	1.70
1386	0	0	0.33	1.13	1.69
1387	0	0	0.33	1.13	1.69
1388	0	0	0.33	1.12	1.69
1389	158.66	66.45	0.33	1.13	1.69
1390	0	0	0.33	1.13	1.69
1391	0	0	0.33	1.13	1.69
1392	0	0	0.33	1.13	1.69
1393	0	0	0.33	1.13	1.70
1394	0	0	0.33	1.13	1.70
1395	0	0	0.33	1.13	1.70
1396	0	0	0.33	1.13	1.70
1398	0	0	0.33	1.13	1.69
1399	0	0	0.33	1.13	1.69
1400	158.75	66.46	0.33	1.13	1.69
1401	0	0	0.33	1.13	1.69
1402	0	0	0.33	1.13	1.69
1403	0	0	0.33	1.12	1.69
1404	0	0	0.33	1.12	1.69
1405	0	0	0.33	1.13	1.69
1406	0	0	0.33	1.12	1.69
1407	0	0	0.33	1.12	1.69
1408	0	0	0.33	1.13	1.69
1409	0	0	0.33	1.13	1.69
1410	158.84	66.47	0.33	1.13	1.69
1411	0	0	0.33	1.13	1.69
1412	0	0	0.33	1.12	1.69
1413	0	0	0.33	1.13	1.69
1414	0	0	0.33	1.13	1.70
1415	0	0	0.33	1.13	1.70
1416	0	0	0.33	1.13	1.70
1417	0	0	0.34	1.13	1.69
1418	0	0	0.33	1.13	1.69
1419	0	0	0.33	1.13	1.70
1420	158.94	66.48	0.33	1.13	1.70
1421	0	0	0.33	1.13	1.71
1422	0	0	0.33	1.13	1.70
1423	0	0	0.33	1.13	1.70
1424	0	0	0.33	1.14	1.70
1425	0	0	0.33	1.14	1.70
1426	0	0	0.33	1.13	1.71
1427	0	0	0.33	1.14	1.71
1428	0	0	0.33	1.13	1.70
1429	0	0	0.33	1.13	1.70
1430	159.03	66.49	0.33	1.13	1.70
1431	0	0	0.33	1.13	1.70
1432	0	0	0.33	1.13	1.70
1433	0	0	0.34	1.13	1.69
1434	0	0	0.33	1.13	1.70
1435	0	0	0.33	1.13	1.70
1436	0	0	0.33	1.13	1.70
1437	0	0	0.33	1.13	1.70
1438	0	0	0.33	1.13	1.70
1439	0	0	0.33	1.13	1.69
1440	159.12	66.50	0.33	1.13	1.69
1441	0	0	0.33	1.13	1.69
1442	0	0	0.33	1.12	1.69
1443	0	0	0.33	1.13	1.69
1444	0	0	0.33	1.12	1.69
1445	0	0	0.33	1.12	1.69
1446	0	0	0.33	1.12	1.69
1447	0	0	0.33	1.12	1.69
1448	0	0	0.33	1.12	1.69
1449	0	0	0.33	1.13	1.69
1450	159.21	66.51	0.33	1.12	1.69
1451	0	0	0.33	1.13	1.69
1452	0	0	0.33	1.13	1.69
1453	0	0	0.33	1.12	1.69
1454	0	0	0.34	1.13	1.69
1455	0	0	0.33	1.12	1.69
1456	0	0	0.33	1.12	1.69
1457	0	0	0.33	1.12	1.68
1458	0	0	0.33	1.12	1.69
1459	0	0	0.33	1.12	1.68
1460	159.30	66.52	0.33	1.12	1.68
1461	0	0	0.33	1.11	1.68
1462	0	0	0.33	1.12	1.68
1463	0	0	0.33	1.12	1.69
1464	0	0	0.33	1.12	1.68
1465	0	0	0.33	1.12	1.69
1466	0	0	0.33	1.12	1.69
1467	0	0	0.33	1.12	1.69
1468	0	0	0.33	1.12	1.69
1469	0	0	0.33	1.12	1.69
1470	159.40	66.54	0.33	1.12	1.69
1471	0	0	0.33	1.12	1.69
1472	0	0	0.33	1.12	1.69
1473	0	0	0.33	1.12	1.69
1474	0	0	0.33	1.12	1.69
1475	0	0	0.33	1.12	1.69
1476	0	0	0.33	1.12	1.69
1477	0	0	0.33	1.12	1.69
1478	0	0	0.33	1.11	1.68
1479	0	0	0.33	1.12	1.68
1480	159.49	66.55	0.33	1.12	1.68
1481	0	0	0.33	1.12	1.68
1482	0	0	0.33	1.12	1.69
1483	0	0	0.33	1.12	1.69
1484	0	0	0.33	1.12	1.69
1485	0	0	0.33	1.12	1.70
1486	0	0	0.33	1.13	1.70
1487	0	0	0.33	1.13	1.70
1488	0	0	0.33	1.13	1.70
1489	0	0	0.33	1.13	1.70
1490	159.58	66.56	0.33	1.13	1.70
1491	0	0	0.33	1.13	1.70
1492	0	0	0.33	1.13	1.70
1493	0	0	0.33	1.13	1.70
1494	0	0	0.33	1.13	1.70
1495	0	0	0.33	1.13	1.70
1496	0	0	0.33	1.13	1.70
1497	0	0	0.33	1.13	1.70
1498	0	0	0.33	1.12	1.69
1499	0	0	0.33	1.12	1.69
1500	159.67	66.57	0.33	1.12	1.69
1501	0	0	0.33	1.12	1.69
1502	0	0	0.33	1.12	1.69
1503	0	0	0.33	1.12	1.68
1504	0	0	0.33	1.11	1.68
1505	0	0	0.33	1.11	1.67
1506	0	0	0.33	1.11	1.68
1507	0	0	0.33	1.11	1.67
1508	0	0	0.33	1.11	1.67
1509	0	0	0.33	1.11	1.67
1510	159.77	66.58	0.33	1.11	1.67
1511	0	0	0.33	1.11	1.67
1512	0	0	0.33	1.11	1.68
1513	0	0	0.33	1.11	1.68
1514	0	0	0.33	1.11	1.68
1515	0	0	0.33	1.11	1.68
1516	0	0	0.33	1.11	1.68
1517	0	0	0.33	1.11	1.68
1518	0	0	0.33	1.11	1.68
1519	0	0	0.33	1.11	1.67
1520	159.86	66.59	0.33	1.10	1.67
1521	0	0	0.33	1.10	1.67
1522	0	0	0.33	1.10	1.67
1523	0	0	0.33	1.10	1.66
1524	0	0	0.33	1.10	1.66
1525	0	0	0.33	1.10	1.66
1526	0	0	0.33	1.10	1.66
1527	0	0	0.33	1.09	1.65
1528	0	0	0.33	1.09	1.65
1529	0	0	0.33	1.09	1.65
1530	159.95	66.60	0.33	1.09	1.65
1531	0	0	0.33	1.09	1.65
1532	0	0	0.33	1.09	1.64
1533	0	0	0.33	1.09	1.64
1534	0	0	0.33	1.09	1.64
1535	0	0	0.33	1.08	1.64
1536	0	0	0.33	1.08	1.63
1537	0	0	0.33	1.08	1.63
1538	0	0	0.33	1.08	1.62
1539	0	0	0.33	1.07	1.61
1540	160.04	66.61	0.33	1.07	1.61
1541	0	0	0.33	1.07	1.60
1542	0	0	0.33	1.06	1.60
1543	0	0	0.33	1.06	1.60
1544	0	0	0.33	1.06	1.60
1545	0	0	0.33	1.06	1.60
1546	0	0	0.33	1.06	1.60
1547	0	0	0.33	1.06	1.60
1548	0	0	0.33	1.05	1.60
1549	0	0	0.33	1.05	1.59
1550	160.14	66.62	0.33	1.05	1.58
1551	0	0	0.33	1.04	1.58
1552	0	0	0.33	1.04	1.57
1553	0	0	0.33	1.03	1.57
1554	0	0	0.33	1.03	1.56
1555	0	0	0.33	1.03	1.56
1556	0	0	0.33	1.03	1.56
1557	0	0	0.33	1.03	1.56
1558	0	0	0.33	1.03	1.55
1559	0	0	0.33	1.02	1.55
1560	160.23	66.63	0.33	1.02	1.54
1561	0	0	0.33	1.02	1.54
1562	0	0	0.33	1.02	1.54
1563	0	0	0.33	1.01	1.53
1564	0	0	0.33	1.00	1.53
1565	0	0	0.33	1.00	1.52
1566	0	0	0.33	1.00	1.52
1567	0	0	0.33	1.00	1.52
1568	0	0	0.33	1.00	1.51
1569	0	0	0.33	1.00	1.52
1570	160.32	66.64	0.33	1.00	1.51
1571	0	0	0.33	0.99	1.51
1572	0	0	0.33	1.00	1.52
1573	0	0	0.33	1.00	1.52
1574	0	0	0.33	1.00	1.52
1575	0	0	0.33	1.00	1.52
1576	0	0	0.33	1.00	1.52
1577	0	0	0.33	1.01	1.52
1578	0	0	0.33	1.01	1.53
1579	0	0	0.33	1.00	1.52
1580	160.42	66.64	0.33	1.00	1.52
1581	0	0	0.33	1.00	1.51
1582	0	0	0.33	0.99	1.51
1583	0	0	0.33	1.00	1.51
1584	0	0	0.33	0.99	1.52
1585	0	0	0.33	1.00	1.51
1586	0	0	0.33	1.00	1.52
1587	0	0	0.33	1.00	1.52
1588	0	0	0.33	1.00	1.52
1589	0	0	0.33	1.00	1.52
1590	160.51	66.65	0.33	1.00	1.52
1591	0	0	0.33	1.00	1.52
1592	0	0	0.33	1.00	1.51
1593	0	0	0.33	1.00	1.51
1594	0	0	0.33	1.00	1.51
1595	0	0	0.33	1.00	1.51
1596	0	0	0.33	1.00	1.52
1597	0	0	0.33	1.00	1.52
1598	0	0	0.33	1.01	1.52
1599	0	0	0.33	1.01	1.53
1600	160.61	66.66	0.33	1.00	1.53
1601	0	0	0.33	1.01	1.53
1602	0	0	0.33	1.01	1.52
1603	0	0	0.33	1.01	1.52
1604	0	0	0.33	1.00	1.52
1605	0	0	0.33	1.00	1.52
1606	0	0	0.33	1.00	1.52
1607	0	0	0.33	1.00	1.52
1608	0	0	0.33	1.00	1.52
1609	0	0	0.33	1.00	1.52
1610	160.70	66.67	0.33	1.00	1.52
1611	0	0	0.33	1.00	1.52
1612	0	0	0.33	1.00	1.52
1613	0	0	0.33	1.00	1.52
1614	0	0	0.33	1.00	1.52
1615	0	0	0.33	1.00	1.52
1616	0	0	0.33	1.00	1.52
1617	0	0	0.33	0.99	1.51
1618	0	0	0.33	1.00	1.51
1619	0	0	0.33	1.00	1.51
1620	160.79	66.68	0.33	1.00	1.52
1621	0	0	0.33	1.00	1.52
1622	0	0	0.33	1.00	1.52
1623	0	0	0.33	1.00	1.52
1624	0	0	0.33	1.00	1.52
1625	0	0	0.33	1.00	1.52
1626	0	0	0.33	1.00	1.52
1627	0	0	0.33	1.00	1.52
1628	0	0	0.33	1.00	1.52
1629	0	0	0.33	1.00	1.52
1630	160.89	66.69	0.33	1.00	1.52
1631	0	0	0.33	1.00	1.52
1632	0	0	0.33	1.00	1.52
1633	0	0	0.33	1.00	1.52
1634	0	0	0.33	0.99	1.51
1635	0	0	0.33	0.99	1.51
1636	0	0	0.33	0.99	1.50
1637	0	0	0.33	0.98	1.49
1638	0	0	0.33	0.98	1.48
1639	0	0	0.33	0.97	1.48
1640	160.98	66.70	0.33	0.96	1.46
1641	0	0	0.33	0.95	1.45
1642	0	0	0.33	0.94	1.44
1643	0	0	0.33	0.93	1.43
1644	0	0	0.33	0.93	1.42
1645	0	0	0.33	0.93	1.42
1646	0	0	0.33	0.92	1.41
1647	0	0	0.33	0.92	1.40
1648	0	0	0.33	0.92	1.40
1649	0	0	0.33	0.92	1.40
1650	161.07	66.71	0.33	0.92	1.40
1651	0	0	0.33	0.92	1.39
1652	0	0	0.33	0.91	1.39
1653	0	0	0.33	0.91	1.39
1654	0	0	0.33	0.91	1.39
1655	0	0	0.33	0.91	1.39
1656	0	0	0.33	0.91	1.39
1657	0	0	0.33	0.91	1.38
1658	0	0	0.33	0.90	1.39
1659	0	0	0.33	0.91	1.38
1660	161.17	66.72	0.33	0.89	1.37
1661	0	0	0.33	0.89	1.36
1662	0	0	0.33	0.88	1.35
1663	0	0	0.33	0.88	1.34
1664	0	0	0.33	0.87	1.34
1665	0	0	0.33	0.87	1.33
1666	0	0	0.33	0.87	1.32
1667	0	0	0.33	0.87	1.32
1668	0	0	0.33	0.86	1.32
1669	0	0	0.33	0.86	1.31
1670	161.26	66.73	0.33	0.86	1.31
1671	0	0	0.33	0.86	1.31
1672	0	0	0.32	0.85	1.31
1673	0	0	0.33	0.85	1.30
1674	0	0	0.32	0.84	1.30
1675	0	0	0.33	0.84	1.28
1676	0	0	0.33	0.83	1.27
1677	0	0	0.33	0.82	1.26
1678	0	0	0.32	0.81	1.25
1679	0	0	0.33	0.81	1.24
1680	161.36	66.74	0.32	0.80	1.24
1681	0	0	0.33	0.80	1.23
1682	0	0	0.33	0.80	1.23
1683	0	0	0.32	0.80	1.23
1684	0	0	0.32	0.79	1.22
1685	0	0	0.32	0.79	1.21
1686	0	0	0.33	0.79	1.21
1687	0	0	0.32	0.78	1.21
1688	0	0	0.32	0.78	1.20
1689	0	0	0.32	0.78	1.20
1690	161.45	66.75	0.32	0.78	1.20
1691	0	0	0.32	0.78	1.20
1692	0	0	0.32	0.78	1.21
1693	0	0	0.32	0.78	1.21
1694	0	0	0.32	0.79	1.22
1695	0	0	0.33	0.79	1.22
1696	0	0	0.32	0.80	1.23
1697	0	0	0.33	0.80	1.23
1698	0	0	0.32	0.81	1.24
1699	0	0	0.32	0.81	1.25
1700	161.54	66.76	0.32	0.81	1.25
1701	0	0	0.32	0.82	1.26
1702	0	0	0.32	0.82	1.27
1703	0	0	0.33	0.83	1.27
1704	0	0	0.32	0.83	1.27
1705	0	0	0.33	0.83	1.27
1706	0	0	0.32	0.83	1.28
1707	0	0	0.33	0.84	1.28
1708	0	0	0.33	0.84	1.28
1709	0	0	0.33	0.84	1.28
1710	161.64	66.77	0.33	0.84	1.29
1711	0	0	0.33	0.85	1.28
1712	0	0	0.33	0.84	1.29
1713	0	0	0.33	0.85	1.30
1714	0	0	0.33	0.86	1.31
1715	0	0	0.33	0.86	1.31
1716	0	0	0.33	0.87	1.32
1717	0	0	0.33	0.87	1.33
1718	0	0	0.33	0.88	1.34
1719	0	0	0.33	0.88	1.35
1720	161.73	66.78	0.33	0.89	1.36
1721	0	0	0.33	0.89	1.35
1722	0	0	0.33	0.89	1.36
1723	0	0	0.33	0.90	1.37
1724	0	0	0.33	0.90	1.37
1725	0	0	0.33	0.90	1.38
1726	0	0	0.33	0.90	1.38
1727	0	0	0.33	0.91	1.38
1728	0	0	0.33	0.91	1.38
1729	0	0	0.33	0.91	1.38
1730	161.83	66.79	0.33	0.91	1.39
1731	0	0	0.33	0.91	1.38
1732	0	0	0.33	0.91	1.38
1733	0	0	0.33	0.90	1.37
1734	0	0	0.33	0.90	1.37
1735	0	0	0.33	0.89	1.37
1736	0	0	0.33	0.89	1.36
1737	0	0	0.33	0.89	1.36
1738	0	0	0.33	0.89	1.36
1739	161.92	66.80	0.33	0.89	1.36
1740	0	0	0.33	0.88	1.36
1741	0	0	0.33	0.88	1.35
1742	0	0	0.33	0.88	1.35
1743	0	0	0.33	0.88	1.34
1744	0	0	0.33	0.88	1.34
1745	0	0	0.33	0.87	1.34
1746	0	0	0.33	0.87	1.34
1747	0	0	0.33	0.87	1.34
1748	0	0	0.33	0.87	1.34
1749	162.01	66.80	0.33	0.88	1.34
1750	0	0	0.33	0.88	1.34
1751	0	0	0.33	0.88	1.35
1752	0	0	0.33	0.89	1.35
1753	0	0	0.33	0.89	1.36
1754	0	0	0.33	0.89	1.36
1755	0	0	0.33	0.90	1.38
1756	0	0	0.33	0.91	1.38
1757	0	0	0.33	0.91	1.38
1758	0	0	0.33	0.91	1.39
1759	162.11	66.81	0.33	0.92	1.40
1760	0	0	0.33	0.93	1.41
1761	0	0	0.33	0.93	1.42
1762	0	0	0.33	0.94	1.43
1763	0	0	0.33	0.95	1.43
1764	0	0	0.33	0.95	1.45
1765	0	0	0.33	0.96	1.45
1766	0	0	0.33	0.96	1.46
1767	0	0	0.33	0.97	1.46
1768	0	0	0.33	0.97	1.47
1769	162.20	66.82	0.33	0.98	1.47
1770	0	0	0.33	0.98	1.48
1771	0	0	0.33	0.98	1.49
1772	0	0	0.33	0.99	1.49
1773	0	0	0.33	0.99	1.50
1774	0	0	0.33	1.00	1.51
1775	0	0	0.33	1.01	1.52
1776	0	0	0.33	1.02	1.53
1777	0	0	0.33	1.03	1.54
1778	0	0	0.33	1.03	1.55
1779	162.29	66.83	0.33	1.03	1.56
1780	0	0	0.33	1.04	1.57
1781	0	0	0.33	1.04	1.57
1782	0	0	0.33	1.04	1.56
1783	0	0	0.33	1.04	1.56
1784	0	0	0.33	1.04	1.55
1785	0	0	0.33	1.03	1.55
1786	0	0	0.33	1.03	1.55
1787	0	0	0.33	1.03	1.55
1788	0	0	0.33	1.03	1.55
1789	162.39	66.84	0.33	1.03	1.55
1790	0	0	0.33	1.03	1.55
1791	0	0	0.33	1.03	1.54
1792	0	0	0.33	1.03	1.55
1793	0	0	0.33	1.03	1.55
1794	0	0	0.33	1.03	1.55
1795	0	0	0.33	1.03	1.56
1796	0	0	0.33	1.03	1.55
1797	0	0	0.33	1.03	1.55
1798	0	0	0.33	1.03	1.55
1799	162.48	66.85	0.33	1.02	1.55
1800	0	0	0.33	1.02	1.54
1801	0	0	0.33	1.01	1.53
1802	0	0	0.33	1.01	1.52
1803	0	0	0.33	1.00	1.51
1804	0	0	0.33	0.99	1.50
1805	0	0	0.33	0.99	1.50
1806	0	0	0.33	0.98	1.49
1807	0	0	0.33	0.98	1.49
1808	0	0	0.33	0.98	1.49
1809	162.58	66.86	0.33	0.98	1.49
1810	0	0	0.33	0.98	1.48
1811	0	0	0.33	0.98	1.49
1812	0	0	0.33	0.98	1.50
1813	0	0	0.33	0.99	1.50
1814	0	0	0.33	0.99	1.50
1815	0	0	0.33	1.00	1.50
1816	0	0	0.33	1.00	1.51
1817	0	0	0.33	1.00	1.51
1818	0	0	0.33	0.99	1.51
1819	162.67	66.87	0.33	0.99	1.51
1820	0	0	0.33	0.98	1.49
1821	0	0	0.33	0.98	1.48
1822	0	0	0.33	0.96	1.46
1823	0	0	0.33	0.95	1.45
1824	0	0	0.33	0.94	1.43
1825	0	0	0.33	0.93	1.42
1826	0	0	0.33	0.92	1.40
1827	0	0	0.33	0.91	1.39
1828	0	0	0.33	0.90	1.37
1829	162.77	66.87	0.33	0.89	1.36
1830	0	0	0.33	0.89	1.36
1831	0	0	0.33	0.89	1.36
1832	0	0	0.33	0.89	1.35
1833	0	0	0.33	0.89	1.35
1834	0	0	0.33	0.88	1.35
1835	0	0	0.33	0.88	1.34
1836	0	0	0.33	0.87	1.34
1837	0	0	0.33	0.87	1.33
1838	0	0	0.33	0.87	1.33
1839	162.86	66.88	0.33	0.87	1.32
1840	0	0	0.33	0.87	1.34
1841	0	0	0.33	0.88	1.34
1842	0	0	0.33	0.89	1.36
1843	0	0	0.33	0.91	1.38
1844	0	0	0.33	0.92	1.40
1845	0	0	0.33	0.94	1.42
1846	0	0	0.33	0.95	1.44
1847	0	0	0.33	0.96	1.45
1848	0	0	0.33	0.96	1.47
1849	162.96	66.89	0.33	0.97	1.46
1850	0	0	0.33	0.97	1.46
1851	0	0	0.33	0.96	1.47
1852	0	0	0.33	0.96	1.46
1853	0	0	0.33	0.96	1.45
1854	0	0	0.33	0.95	1.44
1855	0	0	0.33	0.95	1.44
1856	0	0	0.33	0.95	1.44
1857	0	0	0.33	0.95	1.44
1858	0	0	0.33	0.95	1.45
1859	163.05	66.90	0.33	0.95	1.45
1860	0	0	0.33	0.96	1.46
1861	0	0	0.33	0.97	1.47
1862	0	0	0.33	0.97	1.48
1864	0	0	0.33	0.99	1.49
1865	0	0	0.33	0.99	1.50
1866	0	0	0.33	1.00	1.51
1867	0	0	0.33	1.01	1.52
1868	0	0	0.33	1.01	1.53
1869	0	0	0.33	1.02	1.54
1870	163.15	66.91	0.33	1.03	1.55
1871	0	0	0.33	1.03	1.55
1872	0	0	0.33	1.03	1.56
1873	0	0	0.33	1.04	1.56
1874	0	0	0.33	1.04	1.57
1875	0	0	0.33	1.05	1.58
1876	0	0	0.33	1.05	1.58
1877	0	0	0.33	1.06	1.59
1878	0	0	0.33	1.06	1.60
1879	0	0	0.33	1.06	1.60
1880	163.24	66.92	0.33	1.07	1.60
1881	0	0	0.33	1.07	1.60
1882	0	0	0.33	1.07	1.60
1883	0	0	0.33	1.06	1.61
1884	0	0	0.33	1.07	1.60
1885	0	0	0.33	1.06	1.60
1886	0	0	0.33	1.07	1.60
1887	0	0	0.33	1.06	1.59
1888	0	0	0.33	1.06	1.59
1889	0	0	0.33	1.06	1.59
1890	163.34	66.92	0.33	1.05	1.59
1891	0	0	0.33	1.05	1.58
1892	0	0	0.33	1.05	1.58
1893	0	0	0.33	1.05	1.58
1894	0	0	0.33	1.05	1.58
1895	0	0	0.33	1.04	1.57
1896	0	0	0.33	1.05	1.57
1897	0	0	0.33	1.04	1.57
1898	0	0	0.33	1.04	1.57
1899	0	0	0.33	1.04	1.57
1900	163.43	66.93	0.33	1.04	1.56
1901	0	0	0.33	1.04	1.56
1902	0	0	0.33	1.04	1.57
1903	0	0	0.33	1.04	1.56
1904	0	0	0.33	1.04	1.57
1905	0	0	0.33	1.04	1.57
1906	0	0	0.33	1.05	1.57
1907	0	0	0.33	1.05	1.58
1908	0	0	0.33	1.05	1.58
1909	0	0	0.33	1.05	1.58
1910	163.53	66.94	0.33	1.05	1.59
1911	0	0	0.33	1.05	1.59
1912	0	0	0.33	1.05	1.59
1913	0	0	0.33	1.05	1.58
1914	0	0	0.33	1.05	1.59
1915	0	0	0.33	1.05	1.58
1916	0	0	0.33	1.05	1.58
1917	0	0	0.33	1.05	1.58
1918	0	0	0.33	1.05	1.58
1919	0	0	0.33	1.05	1.58
1920	163.62	66.95	0.33	1.05	1.58
1921	0	0	0.33	1.06	1.59
1922	0	0	0.33	1.06	1.60
1923	0	0	0.33	1.06	1.60
1924	0	0	0.33	1.07	1.61
1925	0	0	0.33	1.07	1.61
1926	0	0	0.33	1.07	1.61
1927	0	0	0.33	1.07	1.61
1928	0	0	0.33	1.08	1.62
1929	0	0	0.33	1.08	1.62
1930	163.72	66.96	0.33	1.07	1.61
1931	0	0	0.33	1.07	1.61
1932	0	0	0.33	1.07	1.61
1933	0	0	0.33	1.07	1.61
1934	0	0	0.33	1.07	1.61
1935	0	0	0.33	1.07	1.61
1936	0	0	0.33	1.07	1.61
1937	0	0	0.33	1.07	1.61
1938	0	0	0.33	1.07	1.61
1939	0	0	0.33	1.07	1.61
1940	163.81	66.97	0.33	1.07	1.61
1941	0	0	0.33	1.07	1.61
1942	0	0	0.33	1.08	1.62
1943	0	0	0.33	1.07	1.61
1944	0	0	0.33	1.07	1.61
1945	0	0	0.33	1.07	1.61
1946	0	0	0.33	1.07	1.61
1947	0	0	0.33	1.07	1.61
1948	0	0	0.33	1.07	1.60
1949	0	0	0.33	1.06	1.60
1950	163.91	66.97	0.33	1.07	1.60
1951	0	0	0.33	1.06	1.59
1952	0	0	0.33	1.06	1.60
1953	0	0	0.33	1.06	1.59
1954	0	0	0.33	1.06	1.59
1955	0	0	0.33	1.06	1.59
1956	0	0	0.33	1.06	1.59
1957	0	0	0.33	1.06	1.59
1958	0	0	0.33	1.06	1.59
1959	0	0	0.33	1.06	1.59
1960	164.00	66.98	0.33	1.06	1.59
1961	0	0	0.33	1.06	1.59
1962	0	0	0.33	1.06	1.60
1963	0	0	0.33	1.06	1.59
1964	0	0	0.33	1.06	1.59
1965	0	0	0.33	1.06	1.59
1966	0	0	0.33	1.06	1.59
1967	0	0	0.33	1.06	1.59
1968	0	0	0.33	1.06	1.58
1969	0	0	0.33	1.06	1.58
1970	164.10	66.99	0.33	1.06	1.58
1971	0	0	0.33	1.05	1.58
1972	0	0	0.33	1.05	1.59
1973	0	0	0.33	1.06	1.58
1974	0	0	0.33	1.06	1.59
1975	0	0	0.33	1.06	1.59
1976	0	0	0.33	1.06	1.59
1977	0	0	0.33	1.06	1.60
1978	0	0	0.33	1.06	1.59
1979	0	0	0.33	1.06	1.59
1980	164.20	67.00	0.33	1.06	1.59
1981	0	0	0.33	1.06	1.60
1982	0	0	0.33	1.06	1.59
1983	0	0	0.33	1.06	1.60
1984	0	0	0.33	1.06	1.59
1985	0	0	0.33	1.06	1.60
1986	0	0	0.33	1.06	1.59
1987	0	0	0.33	1.07	1.60
1988	0	0	0.33	1.07	1.59
1989	0	0	0.33	1.07	1.60
1990	164.29	67.01	0.33	1.06	1.59
1991	0	0	0.33	1.06	1.59
1992	0	0	0.33	1.06	1.59
1993	0	0	0.33	1.06	1.60
1994	0	0	0.33	1.06	1.60
1995	0	0	0.33	1.07	1.59
1996	0	0	0.33	1.06	1.59
1997	0	0	0.33	1.06	1.59
1998	0	0	0.33	1.06	1.60
1999	0	0	0.33	1.06	1.60
2000	164.39	67.01	0.33	1.06	1.60
2001	0	0	0.33	1.06	1.59
2002	0	0	0.33	1.06	1.59
2003	0	0	0.33	1.06	1.59
2004	0	0	0.33	1.06	1.59
2005	0	0	0.33	1.06	1.58
2006	0	0	0.33	1.06	1.58
2007	0	0	0.33	1.05	1.58
2008	0	0	0.33	1.05	1.58
2009	0	0	0.33	1.05	1.57
2010	164.48	67.02	0.33	1.05	1.57
2011	0	0	0.33	1.05	1.57
2012	0	0	0.33	1.05	1.57
2013	0	0	0.33	1.04	1.57
2014	0	0	0.33	1.05	1.57
2015	0	0	0.33	1.04	1.57
2016	0	0	0.33	1.05	1.56
2017	0	0	0.33	1.04	1.57
2018	0	0	0.33	1.04	1.56
2019	0	0	0.33	1.04	1.56
2020	164.58	67.03	0.33	1.04	1.56
2021	0	0	0.33	1.04	1.56
2022	0	0	0.33	1.05	1.57
2023	0	0	0.33	1.04	1.57
2024	0	0	0.33	1.04	1.56
2025	0	0	0.33	1.04	1.57
2026	0	0	0.33	1.04	1.56
2027	0	0	0.33	1.04	1.56
2028	0	0	0.33	1.04	1.56
2029	0	0	0.33	1.04	1.56
2030	164.68	67.04	0.33	1.04	1.56
2031	0	0	0.33	1.04	1.56
2032	0	0	0.33	1.04	1.57
2033	0	0	0.33	1.05	1.57
2034	0	0	0.33	1.04	1.57
2035	0	0	0.33	1.05	1.56
2036	0	0	0.33	1.04	1.57
2037	0	0	0.33	1.04	1.56
2038	0	0	0.33	1.05	1.57
2039	0	0	0.33	1.05	1.57
2040	164.77	67.04	0.33	1.05	1.57
2041	0	0	0.33	1.04	1.56
2042	0	0	0.33	1.05	1.56
2043	0	0	0.33	1.04	1.56
2044	0	0	0.33	1.04	1.56
2045	0	0	0.33	1.05	1.56
2046	0	0	0.33	1.04	1.56
2047	0	0	0.33	1.04	1.56
2048	0	0	0.33	1.04	1.56
2049	0	0	0.33	1.04	1.55
2050	164.87	67.05	0.33	1.04	1.56
2051	0	0	0.33	1.04	1.55
2052	0	0	0.33	1.04	1.56
2053	0	0	0.33	1.04	1.55
2054	0	0	0.33	1.04	1.56
2055	0	0	0.33	1.04	1.56
2056	0	0	0.33	1.04	1.56
2057	0	0	0.33	1.04	1.55
2058	0	0	0.33	1.04	1.55
2059	0	0	0.33	1.04	1.55
2060	164.97	67.06	0.33	1.04	1.55
2061	0	0	0.33	1.03	1.55
2062	0	0	0.33	1.04	1.55
2063	0	0	0.33	1.03	1.55
2064	0	0	0.33	1.03	1.55
2065	0	0	0.33	1.03	1.55
2066	0	0	0.33	1.03	1.55
2067	0	0	0.33	1.03	1.55
2068	0	0	0.33	1.03	1.54
2069	0	0	0.33	1.04	1.55
2070	165.06	67.07	0.33	1.03	1.55
2071	0	0	0.33	1.03	1.55
2072	0	0	0.33	1.03	1.55
2073	0	0	0.33	1.04	1.55
2074	0	0	0.33	1.04	1.55
2075	0	0	0.33	1.04	1.55
2076	0	0	0.33	1.03	1.55
2077	0	0	0.33	1.04	1.55
2078	0	0	0.33	1.03	1.54
2079	0	0	0.33	1.03	1.55
2080	165.16	67.07	0.33	1.03	1.54
2081	0	0	0.33	1.03	1.54
2082	0	0	0.33	1.03	1.54
2083	0	0	0.33	1.03	1.54
2084	0	0	0.33	1.03	1.54
2085	0	0	0.33	1.03	1.54
2086	0	0	0.33	1.04	1.55
2087	0	0	0.33	1.03	1.55
2088	0	0	0.33	1.03	1.55
2089	0	0	0.33	1.04	1.55
2090	165.26	67.08	0.33	1.03	1.55
2091	0	0	0.34	1.04	1.54
2092	0	0	0.34	1.04	1.54
2093	0	0	0.34	1.04	1.54
2094	0	0	0.33	1.03	1.55
2095	0	0	0.33	1.03	1.54
2096	0	0	0.33	1.03	1.54
2097	0	0	0.33	1.03	1.54
2098	0	0	0.33	1.03	1.54
2099	0	0	0.33	1.03	1.54
2100	165.35	67.09	0.33	1.03	1.54
2101	0	0	0.33	1.03	1.54
2102	0	0	0.33	1.03	1.54
2103	0	0	0.33	1.03	1.55
2104	0	0	0.33	1.03	1.54
2105	0	0	0.34	1.04	1.54
2106	0	0	0.33	1.03	1.55
2107	0	0	0.33	1.03	1.54
2108	0	0	0.33	1.03	1.54
2109	0	0	0.33	1.03	1.54
2110	165.45	67.10	0.33	1.03	1.54
2111	0	0	0.33	1.03	1.54
2112	0	0	0.33	1.03	1.54
2113	0	0	0.33	1.03	1.54
2114	0	0	0.33	1.03	1.54
2115	0	0	0.33	1.03	1.54
2116	0	0	0.33	1.03	1.53
2117	0	0	0.33	1.02	1.53
2118	0	0	0.33	1.02	1.53
2119	0	0	0.33	1.03	1.53
2120	165.54	67.10	0.33	1.03	1.53
2121	0	0	0.33	1.03	1.53
2122	0	0	0.33	1.02	1.53
2123	0	0	0.33	1.03	1.53
2124	0	0	0.33	1.03	1.53
2125	0	0	0.33	1.03	1.53
2126	0	0	0.33	1.03	1.54
2127	0	0	0.33	1.03	1.54
2128	0	0	0.33	1.03	1.54
2129	0	0	0.34	1.03	1.53
2130	165.64	67.11	0.33	1.03	1.54
2131	0	0	0.33	1.03	1.54
2132	0	0	0.33	1.03	1.54
2133	0	0	0.33	1.03	1.54
2134	0	0	0.33	1.03	1.54
2135	0	0	0.33	1.03	1.54
2136	0	0	0.33	1.03	1.54
2137	0	0	0.33	1.03	1.54
2138	0	0	0.33	1.03	1.55
2139	0	0	0.33	1.04	1.55
2140	165.74	67.12	0.33	1.04	1.55
2141	0	0	0.33	1.04	1.55
2142	0	0	0.33	1.04	1.55
2143	0	0	0.33	1.04	1.55
2144	0	0	0.33	1.04	1.55
2145	0	0	0.33	1.04	1.55
2146	0	0	0.33	1.04	1.55
2147	0	0	0.33	1.04	1.55
2148	0	0	0.33	1.04	1.55
2149	0	0	0.33	1.04	1.55
2150	165.83	67.13	0.33	1.04	1.55
2151	0	0	0.33	1.04	1.55
2152	0	0	0.33	1.04	1.55
2153	0	0	0.33	1.04	1.55
2154	0	0	0.33	1.04	1.55
2155	0	0	0.33	1.04	1.55
2156	0	0	0.33	1.04	1.55
2157	0	0	0.33	1.04	1.55
2158	0	0	0.34	1.04	1.55
2159	0	0	0.33	1.04	1.55
2160	165.93	67.13	0.33	1.04	1.55
2161	0	0	0.33	1.04	1.56
2162	0	0	0.33	1.04	1.55
2163	0	0	0.33	1.04	1.55
2164	0	0	0.33	1.04	1.56
2165	0	0	0.33	1.04	1.56
2166	0	0	0.33	1.04	1.56
2167	0	0	0.33	1.04	1.55
2168	0	0	0.33	1.04	1.56
2169	0	0	0.33	1.04	1.56
2170	166.03	67.14	0.33	1.04	1.56
2171	0	0	0.34	1.05	1.56
2172	0	0	0.33	1.04	1.56
2173	0	0	0.33	1.04	1.56
2174	0	0	0.33	1.04	1.56
2175	0	0	0.34	1.05	1.56
2176	0	0	0.33	1.04	1.56
2177	0	0	0.34	1.05	1.55
2178	0	0	0.33	1.04	1.56
2179	0	0	0.33	1.04	1.56
2180	166.12	67.15	0.33	1.04	1.56
2181	0	0	0.33	1.04	1.55
2182	0	0	0.33	1.04	1.55
2183	0	0	0.33	1.04	1.55
2184	0	0	0.33	1.04	1.55
2185	0	0	0.33	1.04	1.55
2186	0	0	0.33	1.04	1.55
2187	0	0	0.33	1.04	1.55
2188	0	0	0.33	1.04	1.56
2189	0	0	0.33	1.04	1.55
2190	166.22	67.15	0.33	1.04	1.55
2191	0	0	0.33	1.04	1.55
2192	0	0	0.33	1.04	1.55
2193	0	0	0.33	1.04	1.55
2194	0	0	0.33	1.04	1.56
2195	0	0	0.33	1.04	1.55
2196	0	0	0.33	1.04	1.55
2197	0	0	0.33	1.04	1.55
2198	0	0	0.33	1.04	1.55
2199	0	0	0.33	1.04	1.55
2200	166.31	67.16	0.33	1.04	1.55
2201	0	0	0.33	1.03	1.55
2202	0	0	0.34	1.04	1.54
2203	0	0	0.33	1.03	1.54
2204	0	0	0.33	1.03	1.54
2205	0	0	0.33	1.03	1.54
2206	0	0	0.33	1.03	1.54
2207	0	0	0.33	1.03	1.53
2208	0	0	0.33	1.03	1.54
2209	0	0	0.33	1.02	1.54
2210	166.41	67.17	0.33	1.03	1.54
2211	0	0	0.33	1.02	1.53
2212	0	0	0.33	1.03	1.54
2213	0	0	0.33	1.02	1.53
2214	0	0	0.33	1.03	1.54
2215	0	0	0.33	1.02	1.53
2216	0	0	0.33	1.02	1.53
2217	0	0	0.33	1.02	1.53
2218	0	0	0.33	1.02	1.53
2219	0	0	0.33	1.02	1.52
2220	166.51	67.17	0.33	1.02	1.52
2221	0	0	0.33	1.02	1.52
2222	0	0	0.33	1.02	1.52
2223	0	0	0.33	1.01	1.52
2224	0	0	0.33	1.02	1.52
2225	0	0	0.33	1.02	1.52
2226	0	0	0.33	1.01	1.52
2227	0	0	0.33	1.02	1.52
2228	0	0	0.33	1.02	1.52
2229	0	0	0.33	1.02	1.52
2230	166.61	67.18	0.33	1.02	1.52
2231	0	0	0.33	1.02	1.52
2232	0	0	0.33	1.02	1.53
2233	0	0	0.33	1.01	1.52
2234	0	0	0.33	1.02	1.52
2235	0	0	0.33	1.02	1.52
2236	0	0	0.33	1.02	1.52
2237	0	0	0.33	1.01	1.52
2238	0	0	0.33	1.01	1.52
2239	0	0	0.33	1.02	1.52
2240	166.70	67.19	0.33	1.01	1.52
2241	0	0	0.33	1.01	1.52
2242	0	0	0.33	1.01	1.52
2243	0	0	0.33	1.01	1.52
2244	0	0	0.33	1.01	1.51
2245	0	0	0.33	1.01	1.52
2246	0	0	0.33	1.01	1.51
2247	0	0	0.33	1.01	1.51
2248	0	0	0.33	1.00	1.51
2249	0	0	0.33	1.00	1.51
2250	166.80	67.19	0.33	1.00	1.51
2251	0	0	0.33	1.00	1.51
2252	0	0	0.33	1.00	1.50
2253	0	0	0.33	1.00	1.50
2254	0	0	0.33	1.00	1.50
2255	0	0	0.33	1.00	1.50
2256	0	0	0.33	1.00	1.50
2257	0	0	0.33	0.99	1.50
2258	0	0	0.33	0.99	1.50
2259	0	0	0.33	0.99	1.49
2260	166.90	67.20	0.33	0.99	1.49
2261	0	0	0.33	0.99	1.48
2262	0	0	0.33	0.99	1.48
2263	0	0	0.33	0.98	1.48
2264	0	0	0.33	0.98	1.48
2265	0	0	0.33	0.98	1.48
2266	0	0	0.33	0.98	1.48
2267	0	0	0.33	0.98	1.48
2268	0	0	0.33	0.98	1.48
2269	0	0	0.33	0.99	1.49
2270	166.99	67.21	0.33	0.99	1.49
2271	0	0	0.33	0.99	1.50
2272	0	0	0.33	1.00	1.50
2273	0	0	0.33	1.00	1.51
2274	0	0	0.33	1.00	1.51
2275	0	0	0.33	1.00	1.51
2276	0	0	0.33	1.00	1.51
2277	0	0	0.33	1.01	1.51
2278	0	0	0.33	1.01	1.51
2279	0	0	0.33	1.01	1.51
2280	167.09	67.21	0.33	1.01	1.52
2281	0	0	0.33	1.01	1.52
2282	0	0	0.33	1.01	1.52
2283	0	0	0.33	1.01	1.52
2284	0	0	0.33	1.01	1.52
2285	0	0	0.33	1.01	1.52
2286	0	0	0.33	1.01	1.52
2287	0	0	0.33	1.01	1.51
2288	0	0	0.33	1.00	1.51
2289	0	0	0.33	1.01	1.51
2290	167.19	67.22	0.33	1.01	1.52
2291	0	0	0.33	1.01	1.52
2292	0	0	0.33	1.01	1.52
2293	0	0	0.33	1.01	1.52
2294	0	0	0.33	1.01	1.52
2295	0	0	0.33	1.01	1.52
2296	0	0	0.33	1.01	1.52
2297	0	0	0.33	1.01	1.52
2298	0	0	0.33	1.02	1.52
2299	0	0	0.33	1.02	1.52
2300	167.28	67.23	0.33	1.02	1.52
2301	0	0	0.33	1.02	1.52
2302	0	0	0.33	1.02	1.52
2303	0	0	0.33	1.02	1.52
2304	0	0	0.33	1.02	1.52
2305	0	0	0.33	1.01	1.52
2306	0	0	0.33	1.01	1.52
2307	0	0	0.33	1.01	1.52
2308	0	0	0.33	1.01	1.52
2309	0	0	0.33	1.01	1.52
2310	167.38	67.23	0.33	1.01	1.52
2311	0	0	0.33	1.01	1.52
2312	0	0	0.33	1.01	1.52
2313	0	0	0.33	1.01	1.52
2314	0	0	0.33	1.01	1.52
2315	0	0	0.33	1.02	1.53
2316	0	0	0.33	1.02	1.52
2317	0	0	0.33	1.02	1.52
2318	0	0	0.33	1.02	1.52
2319	167.48	67.24	0.33	1.01	1.53
2320	0	0	0.33	1.02	1.52
2321	0	0	0.33	1.01	1.52
2322	0	0	0.33	1.01	1.52
2323	0	0	0.33	1.01	1.53
2324	0	0	0.33	1.02	1.53
2325	0	0	0.33	1.02	1.53
2326	0	0	0.33	1.03	1.54
2327	0	0	0.33	1.02	1.54
2328	0	0	0.33	1.02	1.54
2329	167.58	67.25	0.33	1.03	1.55
2331	0	0	0.33	1.03	1.54
2332	0	0	0.33	1.03	1.55
2333	0	0	0.33	1.03	1.55
2334	0	0	0.33	1.03	1.55
2335	0	0	0.33	1.03	1.55
2336	0	0	0.33	1.03	1.56
2337	0	0	0.33	1.03	1.55
2338	0	0	0.33	1.03	1.55
2339	0	0	0.33	1.03	1.55
2340	167.68	67.25	0.33	1.03	1.54
2341	0	0	0.33	1.03	1.54
2342	0	0	0.33	1.03	1.54
2343	0	0	0.33	1.03	1.54
2344	0	0	0.33	1.03	1.54
2345	0	0	0.33	1.03	1.54
2346	0	0	0.33	1.02	1.54
2347	0	0	0.33	1.02	1.54
2348	0	0	0.33	1.02	1.54
2349	0	0	0.33	1.02	1.53
2350	167.77	67.26	0.33	1.02	1.53
2351	0	0	0.33	1.03	1.54
2352	0	0	0.33	1.02	1.53
2353	0	0	0.33	1.02	1.53
2354	0	0	0.33	1.02	1.53
2355	0	0	0.33	1.02	1.53
2356	0	0	0.33	1.02	1.53
2357	0	0	0.33	1.01	1.52
2358	0	0	0.33	1.01	1.52
2359	0	0	0.33	1.01	1.52
2360	167.87	67.26	0.33	1.02	1.52
2361	0	0	0.33	1.01	1.52
2362	0	0	0.33	1.01	1.52
2363	0	0	0.33	1.01	1.52
2364	0	0	0.33	1.01	1.52
2365	0	0	0.33	1.02	1.53
2366	0	0	0.33	1.02	1.53
2367	0	0	0.33	1.02	1.53
2368	0	0	0.33	1.02	1.53
2369	0	0	0.33	1.02	1.53
2370	167.97	67.27	0.33	1.02	1.53
2371	0	0	0.33	1.02	1.53
2372	0	0	0.33	1.02	1.53
2373	0	0	0.33	1.02	1.52
2374	0	0	0.33	1.02	1.53
2375	0	0	0.33	1.02	1.53
2376	0	0	0.33	1.02	1.53
2377	0	0	0.33	1.02	1.53
2378	0	0	0.33	1.02	1.53
2379	0	0	0.33	1.02	1.53
2380	168.06	67.28	0.33	1.02	1.53
2381	0	0	0.33	1.02	1.53
2382	0	0	0.33	1.02	1.53
2383	0	0	0.33	1.02	1.54
2384	0	0	0.33	1.02	1.53
2385	0	0	0.33	1.02	1.53
2386	0	0	0.33	1.02	1.53
2387	0	0	0.33	1.01	1.52
2388	0	0	0.33	1.01	1.53
2389	0	0	0.33	1.01	1.52
2390	168.16	67.28	0.33	1.01	1.52
2391	0	0	0.33	1.01	1.52
2392	0	0	0.33	1.01	1.51
2393	0	0	0.33	1.00	1.51
2394	0	0	0.33	1.00	1.51
2395	0	0	0.33	0.99	1.50
2396	0	0	0.33	0.99	1.49
2397	0	0	0.33	0.98	1.48
2398	0	0	0.33	0.98	1.47
2399	0	0	0.33	0.97	1.47
2400	168.27	67.29	0.33	0.97	1.46
2401	0	0	0.33	0.96	1.45
2402	0	0	0.33	0.96	1.46
2403	0	0	0.33	0.96	1.45
2404	0	0	0.33	0.96	1.45
2405	0	0	0.33	0.96	1.46
2406	0	0	0.33	0.97	1.46
2407	0	0	0.33	0.98	1.47
2408	0	0	0.33	0.98	1.47
2409	0	0	0.33	0.98	1.48
2410	168.37	67.29	0.33	0.98	1.47
2411	0	0	0.33	0.98	1.47
2412	0	0	0.33	0.98	1.48
2413	0	0	0.33	0.97	1.47
2414	0	0	0.33	0.97	1.47
2415	0	0	0.33	0.97	1.46
2416	0	0	0.33	0.97	1.46
2417	0	0	0.33	0.97	1.47
2418	0	0	0.33	0.97	1.47
2419	0	0	0.33	0.97	1.47
2420	168.47	67.30	0.33	0.97	1.47
2421	0	0	0.33	0.97	1.47
2422	0	0	0.33	0.97	1.46
2423	0	0	0.33	0.97	1.46
2424	0	0	0.33	0.97	1.46
2425	0	0	0.33	0.97	1.46
2426	0	0	0.33	0.97	1.46
2427	0	0	0.33	0.97	1.46
2428	0	0	0.33	0.97	1.46
2429	0	0	0.33	0.97	1.46
2430	168.57	67.31	0.33	0.97	1.47
2431	0	0	0.33	0.97	1.46
2432	0	0	0.33	0.97	1.47
2433	0	0	0.33	0.97	1.46
2434	0	0	0.33	0.97	1.46
2435	0	0	0.33	0.96	1.45
2436	0	0	0.33	0.96	1.45
2437	0	0	0.33	0.95	1.44
2438	0	0	0.33	0.95	1.44
2439	0	0	0.33	0.94	1.43
2440	168.66	67.31	0.33	0.94	1.42
2441	0	0	0.33	0.94	1.42
2442	0	0	0.33	0.94	1.42
2443	0	0	0.33	0.94	1.42
2444	0	0	0.33	0.94	1.42
2445	0	0	0.33	0.95	1.43
2446	0	0	0.33	0.95	1.44
2447	0	0	0.33	0.96	1.44
2448	0	0	0.33	0.96	1.45
2449	0	0	0.33	0.97	1.45
2450	168.76	67.32	0.33	0.96	1.45
2451	0	0	0.33	0.97	1.46
2452	0	0	0.33	0.97	1.47
2453	0	0	0.33	0.98	1.47
2454	0	0	0.33	0.98	1.48
2455	0	0	0.33	0.98	1.48
2456	0	0	0.33	0.99	1.48
2457	0	0	0.33	0.99	1.49
2458	0	0	0.33	0.99	1.49
2459	0	0	0.33	0.99	1.49
2460	168.86	67.32	0.33	0.99	1.49
2461	0	0	0.33	0.99	1.49
2462	0	0	0.34	1.00	1.49
2463	0	0	0.33	0.99	1.50
2464	0	0	0.33	0.99	1.49
2465	0	0	0.33	0.99	1.49
2466	0	0	0.33	0.99	1.50
2467	0	0	0.33	0.99	1.50
2468	0	0	0.33	0.99	1.49
2469	0	0	0.33	0.99	1.49
2470	168.96	67.33	0.33	0.99	1.48
2471	0	0	0.33	0.99	1.48
2472	0	0	0.33	0.98	1.48
2473	0	0	0.33	0.99	1.48
2474	0	0	0.33	0.98	1.48
2475	0	0	0.33	0.98	1.48
2476	0	0	0.33	0.98	1.47
2477	0	0	0.33	0.98	1.47
2478	0	0	0.33	0.97	1.47
2479	0	0	0.33	0.97	1.47
2480	169.06	67.33	0.33	0.98	1.46
2481	0	0	0.33	0.98	1.46
2482	0	0	0.33	0.97	1.46
2483	0	0	0.33	0.97	1.46
2484	0	0	0.33	0.97	1.45
2485	0	0	0.33	0.96	1.45
2486	0	0	0.33	0.96	1.44
2487	0	0	0.33	0.96	1.44
2488	0	0	0.33	0.96	1.44
2489	0	0	0.33	0.96	1.45
2490	169.15	67.34	0.33	0.96	1.45
2491	0	0	0.33	0.97	1.45
2492	0	0	0.33	0.97	1.45
2493	0	0	0.33	0.97	1.46
2494	0	0	0.33	0.97	1.46
2495	0	0	0.33	0.97	1.46
2496	0	0	0.33	0.97	1.46
2497	0	0	0.33	0.97	1.46
2498	0	0	0.33	0.97	1.46
2499	0	0	0.33	0.97	1.46
2500	169.25	67.35	0.33	0.97	1.46
2501	0	0	0.33	0.97	1.46
2502	0	0	0.33	0.97	1.46
2503	0	0	0.33	0.97	1.46
2504	0	0	0.33	0.97	1.46
2505	0	0	0.33	0.98	1.47
2506	0	0	0.33	0.98	1.47
2507	0	0	0.33	0.98	1.47
2508	0	0	0.34	0.98	1.47
2509	0	0	0.33	0.98	1.47
2510	169.35	67.35	0.33	0.98	1.47
2511	0	0	0.33	0.98	1.46
2512	0	0	0.34	0.98	1.47
2513	0	0	0.33	0.98	1.47
2514	0	0	0.33	0.98	1.47
2515	0	0	0.33	0.98	1.46
2516	0	0	0.33	0.98	1.46
2517	0	0	0.33	0.98	1.46
2518	0	0	0.33	0.97	1.46
2519	0	0	0.34	0.98	1.46
2520	169.45	67.36	0.34	0.97	1.45
2521	0	0	0.33	0.97	1.46
2522	0	0	0.33	0.97	1.45
2523	0	0	0.33	0.96	1.45
2524	0	0	0.33	0.97	1.45
2525	0	0	0.34	0.97	1.44
2526	0	0	0.33	0.96	1.45
2527	0	0	0.33	0.97	1.45
2528	0	0	0.33	0.97	1.45
2529	0	0	0.33	0.97	1.45
2530	169.55	67.36	0.33	0.97	1.45
2531	0	0	0.34	0.97	1.45
2532	0	0	0.33	0.97	1.46
2533	0	0	0.33	0.97	1.46
2534	0	0	0.33	0.98	1.46
2535	0	0	0.33	0.97	1.46
2536	0	0	0.34	0.97	1.45
2537	0	0	0.33	0.97	1.46
2538	0	0	0.33	0.97	1.45
2539	0	0	0.33	0.97	1.45
2540	169.65	67.37	0.33	0.97	1.45
2541	0	0	0.33	0.96	1.45
2542	0	0	0.33	0.96	1.45
2543	0	0	0.33	0.96	1.45
2544	0	0	0.33	0.96	1.45
2545	0	0	0.33	0.96	1.44
2546	0	0	0.33	0.96	1.44
2547	0	0	0.33	0.96	1.44
2548	0	0	0.34	0.96	1.44
2549	0	0	0.33	0.96	1.43
2550	169.74	67.37	0.33	0.95	1.43
2551	0	0	0.34	0.95	1.42
2552	0	0	0.33	0.95	1.42
2553	0	0	0.33	0.95	1.42
2554	0	0	0.33	0.95	1.42
2555	0	0	0.33	0.95	1.42
2556	0	0	0.33	0.95	1.42
2557	0	0	0.33	0.95	1.43
2558	0	0	0.33	0.95	1.43
2559	0	0	0.33	0.95	1.43
2560	169.84	67.38	0.33	0.95	1.43
2561	0	0	0.33	0.95	1.43
2562	0	0	0.33	0.96	1.44
2563	0	0	0.34	0.96	1.43
2564	0	0	0.33	0.96	1.44
2565	0	0	0.33	0.96	1.44
2566	0	0	0.33	0.96	1.44
2567	0	0	0.33	0.96	1.44
2568	0	0	0.33	0.96	1.43
2569	0	0	0.33	0.96	1.44
2570	169.94	67.38	0.33	0.96	1.44
2571	0	0	0.33	0.96	1.44
2572	0	0	0.33	0.96	1.44
2573	0	0	0.33	0.96	1.45
2574	0	0	0.34	0.97	1.44
2575	0	0	0.33	0.96	1.45
2576	0	0	0.33	0.96	1.45
2577	0	0	0.33	0.96	1.45
2578	0	0	0.33	0.97	1.45
2579	0	0	0.33	0.97	1.45
2580	170.04	67.39	0.33	0.97	1.45
2581	0	0	0.33	0.97	1.45
2582	0	0	0.33	0.96	1.45
2583	0	0	0.33	0.96	1.45
2584	0	0	0.33	0.97	1.45
2585	0	0	0.33	0.97	1.45
2586	0	0	0.33	0.96	1.45
2587	0	0	0.33	0.97	1.45
2588	0	0	0.33	0.97	1.45
2589	0	0	0.33	0.97	1.45
2590	170.14	67.39	0.33	0.97	1.45
2591	0	0	0.33	0.97	1.46
2592	0	0	0.34	0.98	1.45
2593	0	0	0.33	0.97	1.46
2594	0	0	0.33	0.97	1.46
2595	0	0	0.33	0.97	1.46
2596	0	0	0.33	0.97	1.46
2597	0	0	0.33	0.97	1.46
2598	0	0	0.33	0.97	1.46
2599	0	0	0.33	0.97	1.46
2600	170.24	67.40	0.33	0.97	1.46
2601	0	0	0.33	0.98	1.46
2602	0	0	0.33	0.97	1.46
2603	0	0	0.33	0.97	1.46
2604	0	0	0.33	0.97	1.46
2605	0	0	0.33	0.98	1.46
2606	0	0	0.33	0.97	1.46
2607	0	0	0.33	0.97	1.46
2608	0	0	0.33	0.97	1.46
2609	0	0	0.33	0.97	1.46
2610	170.34	67.40	0.33	0.97	1.46
2611	0	0	0.33	0.97	1.46
2612	0	0	0.33	0.97	1.46
2613	0	0	0.33	0.97	1.45
2614	0	0	0.33	0.97	1.45
2615	0	0	0.33	0.96	1.46
2616	0	0	0.33	0.97	1.46
2617	0	0	0.33	0.97	1.46
2618	0	0	0.33	0.97	1.46
2619	0	0	0.33	0.97	1.46
2620	170.43	67.41	0.33	0.97	1.45
2621	0	0	0.33	0.96	1.45
2622	0	0	0.33	0.96	1.45
2623	0	0	0.33	0.96	1.44
2624	0	0	0.34	0.96	1.44
2625	0	0	0.33	0.96	1.44
2626	0	0	0.33	0.95	1.44
2627	0	0	0.33	0.95	1.44
2628	0	0	0.33	0.96	1.44
2629	0	0	0.33	0.96	1.44
2630	170.53	67.41	0.33	0.96	1.45
2631	0	0	0.33	0.96	1.45
2632	0	0	0.33	0.96	1.45
2633	0	0	0.33	0.96	1.45
2634	0	0	0.33	0.97	1.46
2635	0	0	0.33	0.97	1.46
2636	0	0	0.33	0.97	1.46
2637	0	0	0.33	0.97	1.46
2638	0	0	0.33	0.97	1.46
2639	0	0	0.33	0.97	1.46
2640	170.63	67.42	0.33	0.97	1.46
2641	0	0	0.33	0.97	1.46
2642	0	0	0.33	0.97	1.46
2643	0	0	0.33	0.97	1.46
2644	0	0	0.33	0.97	1.46
2645	0	0	0.33	0.97	1.46
2646	0	0	0.33	0.97	1.46
2647	0	0	0.33	0.97	1.46
2648	0	0	0.33	0.97	1.46
2649	0	0	0.33	0.97	1.46
2650	170.73	67.42	0.33	0.97	1.46
2651	0	0	0.34	0.97	1.45
2652	0	0	0.33	0.97	1.46
2653	0	0	0.33	0.97	1.46
2654	0	0	0.33	0.97	1.46
2655	0	0	0.33	0.97	1.46
2656	0	0	0.33	0.97	1.46
2657	0	0	0.33	0.97	1.46
2658	0	0	0.33	0.97	1.46
2659	0	0	0.33	0.96	1.46
2660	170.83	67.43	0.33	0.96	1.46
2661	0	0	0.33	0.96	1.45
2662	0	0	0.33	0.96	1.45
2663	0	0	0.33	0.96	1.45
2664	0	0	0.33	0.96	1.45
2665	0	0	0.33	0.96	1.45
2666	0	0	0.33	0.96	1.45
2667	0	0	0.33	0.96	1.45
2668	0	0	0.33	0.96	1.45
2669	0	0	0.33	0.95	1.45
2670	170.93	67.43	0.33	0.95	1.45
2671	0	0	0.33	0.96	1.45
2672	0	0	0.33	0.95	1.45
2673	0	0	0.33	0.96	1.45
2674	0	0	0.33	0.96	1.45
2675	0	0	0.33	0.96	1.45
2676	0	0	0.33	0.96	1.45
2677	0	0	0.33	0.96	1.45
2678	0	0	0.33	0.96	1.45
2679	0	0	0.33	0.96	1.45
2680	171.03	67.44	0.33	0.96	1.45
2681	0	0	0.33	0.96	1.45
2682	0	0	0.33	0.96	1.45
2683	0	0	0.33	0.96	1.46
2684	0	0	0.33	0.96	1.46
2685	0	0	0.33	0.96	1.46
2686	0	0	0.33	0.96	1.46
2687	0	0	0.33	0.96	1.46
2688	0	0	0.33	0.96	1.46
2689	0	0	0.33	0.96	1.46
2690	171.13	67.44	0.33	0.96	1.46
2691	0	0	0.33	0.96	1.46
2692	0	0	0.33	0.96	1.46
2693	0	0	0.33	0.96	1.46
2694	0	0	0.33	0.96	1.46
2695	0	0	0.33	0.96	1.46
2696	0	0	0.33	0.96	1.45
2697	0	0	0.33	0.96	1.45
2698	0	0	0.33	0.96	1.45
2699	0	0	0.33	0.95	1.46
2700	171.22	67.44	0.33	0.96	1.46
2701	0	0	0.33	0.96	1.45
2702	0	0	0.33	0.95	1.46
2703	0	0	0.33	0.95	1.46
2704	0	0	0.33	0.96	1.46
2705	0	0	0.33	0.96	1.45
2706	0	0	0.33	0.95	1.45
2707	0	0	0.33	0.95	1.45
2708	0	0	0.33	0.95	1.45
2709	0	0	0.33	0.95	1.44
2710	171.32	67.45	0.33	0.94	1.44
2711	0	0	0.33	0.94	1.44
2712	0	0	0.33	0.94	1.44
2713	0	0	0.33	0.94	1.44
2714	0	0	0.33	0.94	1.44
2715	0	0	0.33	0.94	1.43
2716	0	0	0.33	0.94	1.44
2717	0	0	0.33	0.94	1.44
2718	0	0	0.33	0.94	1.44
2719	0	0	0.33	0.94	1.44
2720	171.42	67.45	0.33	0.94	1.44
2721	0	0	0.33	0.94	1.44
2722	0	0	0.33	0.94	1.44
2723	0	0	0.33	0.94	1.44
2724	0	0	0.33	0.94	1.44
2725	0	0	0.33	0.94	1.44
2726	0	0	0.33	0.94	1.44
2727	0	0	0.33	0.94	1.44
2728	0	0	0.33	0.94	1.44
2729	0	0	0.33	0.94	1.44
2730	171.52	67.46	0.33	0.94	1.44
2731	0	0	0.33	0.94	1.44
2732	0	0	0.33	0.94	1.44
2733	0	0	0.33	0.94	1.44
2734	0	0	0.33	0.94	1.44
2735	0	0	0.33	0.94	1.44
2736	0	0	0.33	0.94	1.43
2737	0	0	0.33	0.94	1.44
2738	0	0	0.32	0.93	1.44
2739	0	0	0.33	0.93	1.43
2740	171.62	67.46	0.33	0.93	1.43
2741	0	0	0.33	0.93	1.43
2742	0	0	0.33	0.94	1.44
2743	0	0	0.33	0.94	1.44
2744	0	0	0.33	0.94	1.44
2745	0	0	0.33	0.94	1.44
2746	0	0	0.33	0.94	1.44
2747	0	0	0.33	0.94	1.44
2748	0	0	0.33	0.94	1.44
2749	0	0	0.33	0.94	1.44
2750	171.72	67.47	0.33	0.94	1.44
2751	0	0	0.33	0.94	1.44
2752	0	0	0.33	0.94	1.44
2753	0	0	0.33	0.94	1.44
2754	0	0	0.33	0.94	1.44
2755	0	0	0.33	0.94	1.44
2756	0	0	0.33	0.94	1.44
2757	0	0	0.33	0.94	1.44
2758	0	0	0.33	0.94	1.44
2759	0	0	0.33	0.94	1.44
2760	171.82	67.47	0.32	0.93	1.44
2761	0	0	0.32	0.93	1.44
2762	0	0	0.33	0.93	1.43
2763	0	0	0.32	0.93	1.43
2764	0	0	0.32	0.93	1.43
2765	0	0	0.32	0.93	1.43
2766	0	0	0.33	0.93	1.43
2767	0	0	0.32	0.93	1.44
2768	0	0	0.32	0.93	1.44
2769	0	0	0.33	0.93	1.43
2770	171.92	67.47	0.32	0.93	1.44
2771	0	0	0.33	0.94	1.44
2772	0	0	0.33	0.94	1.44
2773	0	0	0.32	0.94	1.45
2774	0	0	0.32	0.94	1.45
2775	0	0	0.32	0.94	1.45
2776	0	0	0.32	0.94	1.45
2777	0	0	0.32	0.94	1.45
2778	0	0	0.33	0.94	1.45
2779	0	0	0.32	0.94	1.45
2780	172.01	67.48	0.32	0.94	1.45
2781	0	0	0.32	0.94	1.45
2782	0	0	0.32	0.94	1.45
2783	0	0	0.32	0.94	1.46
2784	0	0	0.32	0.94	1.45
2785	0	0	0.32	0.94	1.46
2786	0	0	0.32	0.94	1.45
2787	0	0	0.32	0.94	1.45
2788	0	0	0.32	0.94	1.46
2789	0	0	0.32	0.94	1.46
2790	172.11	67.48	0.32	0.94	1.46
2791	0	0	0.32	0.94	1.46
2792	0	0	0.32	0.94	1.46
2793	0	0	0.32	0.94	1.46
2794	0	0	0.32	0.94	1.46
2795	0	0	0.32	0.94	1.46
2796	0	0	0.32	0.94	1.46
2797	0	0	0.32	0.94	1.46
2799	0	0	0.32	0.94	1.46
2800	0	0	0.32	0.94	1.46
2801	172.21	67.49	0.32	0.94	1.46
2802	0	0	0.32	0.94	1.46
2803	0	0	0.32	0.94	1.46
2804	0	0	0.32	0.94	1.46
2805	0	0	0.32	0.94	1.46
2806	0	0	0.32	0.94	1.46
2807	0	0	0.32	0.94	1.46
2808	0	0	0.32	0.94	1.47
2809	0	0	0.32	0.95	1.47
2810	0	0	0.32	0.95	1.47
2811	172.31	67.49	0.32	0.95	1.47
2812	0	0	0.32	0.94	1.47
2813	0	0	0.32	0.94	1.47
2814	0	0	0.32	0.94	1.47
2815	0	0	0.32	0.94	1.47
2816	0	0	0.32	0.94	1.47
2817	0	0	0.32	0.95	1.47
2818	0	0	0.32	0.95	1.47
2819	0	0	0.32	0.95	1.47
2820	0	0	0.32	0.95	1.47
2821	172.41	67.49	0.32	0.95	1.48
2822	0	0	0.32	0.95	1.48
2823	0	0	0.32	0.95	1.48
2824	0	0	0.32	0.95	1.48
2825	0	0	0.32	0.95	1.48
2826	0	0	0.32	0.95	1.48
2827	0	0	0.32	0.95	1.48
2828	0	0	0.32	0.95	1.48
2829	0	0	0.32	0.95	1.48
2830	0	0	0.32	0.95	1.48
2831	172.51	67.50	0.32	0.95	1.48
2832	0	0	0.32	0.95	1.48
2833	0	0	0.32	0.95	1.48
2834	0	0	0.32	0.95	1.49
2835	0	0	0.32	0.95	1.48
2836	0	0	0.32	0.95	1.48
2837	0	0	0.32	0.95	1.48
2838	0	0	0.32	0.95	1.48
2839	0	0	0.32	0.95	1.48
2840	0	0	0.32	0.95	1.48
2841	172.61	67.50	0.32	0.95	1.48
2842	0	0	0.32	0.95	1.48
2843	0	0	0.32	0.95	1.48
2844	0	0	0.32	0.95	1.48
2845	0	0	0.32	0.95	1.48
2846	0	0	0.32	0.95	1.49
2847	0	0	0.32	0.95	1.49
2848	0	0	0.32	0.95	1.49
2849	0	0	0.32	0.95	1.49
2850	0	0	0.32	0.95	1.49
2851	172.71	67.50	0.32	0.95	1.49
2852	0	0	0.32	0.95	1.49
2853	0	0	0.32	0.95	1.49
2854	0	0	0.32	0.95	1.49
2855	0	0	0.32	0.95	1.49
2856	0	0	0.32	0.95	1.49
2857	0	0	0.32	0.95	1.49
2858	0	0	0.32	0.95	1.49
2859	0	0	0.32	0.95	1.48
2860	0	0	0.32	0.95	1.49
2861	172.81	67.51	0.32	0.95	1.48
2862	0	0	0.32	0.94	1.48
2863	0	0	0.32	0.94	1.48
2864	0	0	0.32	0.94	1.48
2865	0	0	0.32	0.94	1.48
2866	0	0	0.32	0.94	1.47
2867	0	0	0.32	0.94	1.47
2868	0	0	0.32	0.94	1.47
2869	0	0	0.32	0.94	1.47
2870	0	0	0.32	0.94	1.48
2871	172.91	67.51	0.32	0.94	1.47
2872	0	0	0.32	0.93	1.47
2873	0	0	0.32	0.93	1.47
2874	0	0	0.32	0.93	1.47
2875	0	0	0.32	0.93	1.47
2876	0	0	0.32	0.93	1.46
2877	0	0	0.32	0.93	1.46
2878	0	0	0.32	0.93	1.46
2879	0	0	0.32	0.93	1.46
2880	0	0	0.32	0.93	1.46
2881	173.01	67.52	0.32	0.93	1.46
2882	0	0	0.32	0.93	1.46
2883	0	0	0.32	0.93	1.46
2884	0	0	0.32	0.93	1.46
2885	0	0	0.32	0.92	1.46
2886	0	0	0.32	0.92	1.46
2887	0	0	0.32	0.92	1.46
2888	0	0	0.32	0.92	1.46
2889	0	0	0.32	0.92	1.45
2890	0	0	0.32	0.92	1.45
2891	173.11	67.52	0.32	0.92	1.45
2892	0	0	0.32	0.92	1.45
2893	0	0	0.32	0.91	1.45
2894	0	0	0.32	0.92	1.45
2895	0	0	0.32	0.92	1.44
2896	0	0	0.32	0.92	1.45
2897	0	0	0.32	0.92	1.45
2898	0	0	0.32	0.92	1.45
2899	0	0	0.32	0.92	1.45
2900	173.21	67.52	0.32	0.92	1.45
2901	0	0	0.32	0.92	1.45
2902	0	0	0.32	0.92	1.45
2903	0	0	0.32	0.92	1.45
2904	0	0	0.32	0.92	1.45
2905	0	0	0.32	0.92	1.45
2906	0	0	0.32	0.92	1.45
2907	0	0	0.32	0.92	1.46
2908	0	0	0.32	0.92	1.46
2909	0	0	0.32	0.92	1.46
2910	173.31	67.53	0.32	0.92	1.46
2911	0	0	0.32	0.92	1.46
2912	0	0	0.32	0.92	1.46
2913	0	0	0.32	0.92	1.46
2914	0	0	0.32	0.93	1.46
2915	0	0	0.32	0.93	1.47
2916	0	0	0.32	0.93	1.47
2917	0	0	0.31	0.92	1.47
2918	0	0	0.32	0.93	1.47
2919	0	0	0.31	0.93	1.48
2920	173.41	67.53	0.31	0.93	1.48
2921	0	0	0.32	0.93	1.48
2922	0	0	0.32	0.93	1.48
2923	0	0	0.32	0.93	1.47
2924	0	0	0.31	0.93	1.48
2925	0	0	0.32	0.93	1.47
2926	0	0	0.31	0.93	1.48
2927	0	0	0.32	0.93	1.47
2928	0	0	0.32	0.93	1.47
2929	0	0	0.31	0.92	1.47
2930	173.51	67.53	0.32	0.93	1.47
2931	0	0	0.31	0.92	1.47
2932	0	0	0.31	0.92	1.47
2933	0	0	0.31	0.92	1.47
2934	0	0	0.31	0.92	1.47
2935	0	0	0.32	0.92	1.46
2936	0	0	0.31	0.92	1.46
2937	0	0	0.31	0.92	1.47
2938	0	0	0.31	0.92	1.46
2939	0	0	0.32	0.92	1.46
2940	173.61	67.54	0.32	0.92	1.46
2941	0	0	0.31	0.92	1.46
2942	0	0	0.32	0.92	1.46
2943	0	0	0.32	0.92	1.46
2944	0	0	0.32	0.92	1.46
2945	0	0	0.32	0.92	1.46
2946	0	0	0.31	0.92	1.46
2947	0	0	0.32	0.92	1.46
2948	0	0	0.31	0.92	1.46
2949	0	0	0.32	0.92	1.46
2950	173.71	67.54	0.31	0.91	1.46
2951	0	0	0.31	0.91	1.46
2952	0	0	0.31	0.91	1.45
2953	0	0	0.32	0.91	1.45
2954	0	0	0.31	0.91	1.45
2955	0	0	0.31	0.91	1.45
2956	0	0	0.32	0.91	1.44
2957	0	0	0.31	0.90	1.44
2958	0	0	0.31	0.90	1.44
2959	0	0	0.32	0.91	1.44
2960	173.81	67.54	0.31	0.90	1.44
2961	0	0	0.31	0.90	1.44
2962	0	0	0.31	0.90	1.44
2963	0	0	0.31	0.90	1.44
2964	0	0	0.31	0.90	1.44
2965	0	0	0.31	0.90	1.44
2966	0	0	0.31	0.90	1.44
2967	0	0	0.31	0.90	1.44
2968	0	0	0.31	0.90	1.44
2969	0	0	0.31	0.90	1.44
2970	173.91	67.55	0.31	0.90	1.44
2971	0	0	0.31	0.90	1.44
2972	0	0	0.31	0.89	1.44
2973	0	0	0.31	0.89	1.44
2974	0	0	0.31	0.90	1.44
2975	0	0	0.31	0.90	1.44
2976	0	0	0.31	0.89	1.44
2977	0	0	0.31	0.89	1.43
2978	0	0	0.31	0.89	1.44
2979	0	0	0.31	0.90	1.43
2980	174.01	67.55	0.31	0.89	1.43
2981	0	0	0.31	0.90	1.43
2982	0	0	0.31	0.90	1.43
2983	0	0	0.31	0.89	1.43
2984	0	0	0.31	0.89	1.43
2985	0	0	0.31	0.89	1.43
2986	0	0	0.31	0.89	1.43
2987	0	0	0.31	0.88	1.43
2988	0	0	0.31	0.89	1.43
2989	0	0	0.31	0.89	1.43
2990	174.11	67.55	0.31	0.89	1.43
2991	0	0	0.31	0.89	1.43
2992	0	0	0.31	0.89	1.43
2993	0	0	0.31	0.89	1.43
2994	0	0	0.31	0.89	1.42
2995	0	0	0.31	0.89	1.43
2996	0	0	0.31	0.89	1.43
2997	0	0	0.31	0.89	1.43
2998	0	0	0.31	0.89	1.43
2999	0	0	0.31	0.89	1.43
3000	174.21	67.55	0.31	0.89	1.43
3001	0	0	0.31	0.89	1.43
3002	0	0	0.31	0.89	1.43
3003	0	0	0.31	0.89	1.43
3004	0	0	0.31	0.89	1.42
3005	0	0	0.31	0.88	1.43
3006	0	0	0.31	0.88	1.42
3007	0	0	0.31	0.88	1.43
3008	0	0	0.31	0.88	1.42
3009	0	0	0.31	0.88	1.42
3010	174.31	67.56	0.31	0.88	1.42
3011	0	0	0.31	0.88	1.42
3012	0	0	0.31	0.88	1.42
3013	0	0	0.31	0.88	1.42
3014	0	0	0.31	0.87	1.41
3015	0	0	0.31	0.88	1.41
3016	0	0	0.31	0.87	1.41
3017	0	0	0.31	0.87	1.41
3018	0	0	0.31	0.87	1.41
3019	0	0	0.31	0.87	1.41
3020	174.41	67.56	0.31	0.87	1.41
3021	0	0	0.31	0.87	1.40
3022	0	0	0.31	0.87	1.41
3023	0	0	0.31	0.87	1.40
3024	0	0	0.31	0.87	1.40
3025	0	0	0.31	0.87	1.41
3026	0	0	0.31	0.87	1.41
3027	0	0	0.31	0.87	1.41
3028	0	0	0.31	0.87	1.41
3029	0	0	0.31	0.87	1.41
3030	174.51	67.56	0.31	0.87	1.41
3031	0	0	0.31	0.87	1.42
3032	0	0	0.31	0.88	1.42
3033	0	0	0.31	0.88	1.42
3034	0	0	0.31	0.88	1.42
3035	0	0	0.31	0.88	1.42
3036	0	0	0.31	0.88	1.42
3037	0	0	0.31	0.88	1.42
3038	0	0	0.31	0.88	1.43
3039	0	0	0.31	0.88	1.42
3040	174.60	67.57	0.31	0.88	1.43
3041	0	0	0.31	0.88	1.43
3042	0	0	0.31	0.88	1.43
3043	0	0	0.31	0.88	1.43
3044	0	0	0.31	0.88	1.42
3045	0	0	0.31	0.88	1.42
3046	0	0	0.31	0.87	1.42
3047	0	0	0.31	0.87	1.42
3048	0	0	0.31	0.87	1.42
3049	0	0	0.31	0.87	1.41
3050	174.70	67.57	0.31	0.87	1.42
3051	0	0	0.31	0.87	1.41
3052	0	0	0.31	0.87	1.40
3053	0	0	0.31	0.87	1.40
3054	0	0	0.31	0.87	1.40
3055	0	0	0.31	0.86	1.40
3056	0	0	0.31	0.87	1.39
3057	0	0	0.31	0.86	1.40
3058	0	0	0.31	0.86	1.39
3059	0	0	0.31	0.86	1.39
3060	174.81	67.57	0.31	0.86	1.39
3061	0	0	0.31	0.86	1.39
3062	0	0	0.31	0.86	1.39
3063	0	0	0.31	0.86	1.39
3064	0	0	0.31	0.86	1.39
3065	0	0	0.31	0.86	1.39
3066	0	0	0.31	0.86	1.39
3067	0	0	0.31	0.86	1.39
3068	0	0	0.31	0.86	1.38
3069	0	0	0.31	0.86	1.38
3070	174.91	67.57	0.31	0.85	1.39
3071	0	0	0.31	0.85	1.38
3072	0	0	0.31	0.85	1.38
3073	0	0	0.31	0.85	1.37
3074	0	0	0.31	0.85	1.37
3075	0	0	0.31	0.84	1.37
3076	0	0	0.31	0.84	1.37
3077	0	0	0.31	0.84	1.36
3078	0	0	0.31	0.84	1.36
3079	0	0	0.31	0.84	1.36
3080	175.01	67.58	0.31	0.84	1.36
3081	0	0	0.31	0.84	1.36
3082	0	0	0.31	0.84	1.36
3083	0	0	0.31	0.84	1.36
3084	0	0	0.31	0.84	1.37
3085	0	0	0.31	0.85	1.37
3086	0	0	0.31	0.84	1.37
3087	0	0	0.31	0.84	1.37
3088	0	0	0.31	0.84	1.37
3089	0	0	0.31	0.84	1.37
3090	175.11	67.58	0.30	0.84	1.38
3091	0	0	0.31	0.85	1.38
3092	0	0	0.31	0.85	1.38
3093	0	0	0.31	0.85	1.38
3094	0	0	0.31	0.85	1.37
3095	0	0	0.31	0.84	1.37
3096	0	0	0.31	0.84	1.37
3097	0	0	0.31	0.84	1.37
3098	0	0	0.31	0.84	1.36
3099	0	0	0.31	0.84	1.36
3100	175.21	67.58	0.31	0.84	1.36
3101	0	0	0.31	0.83	1.36
3102	0	0	0.31	0.83	1.36
3103	0	0	0.31	0.83	1.36
3104	0	0	0.31	0.83	1.36
3105	0	0	0.31	0.84	1.36
3106	0	0	0.30	0.83	1.37
3107	0	0	0.30	0.83	1.36
3108	0	0	0.31	0.83	1.36
3109	0	0	0.30	0.83	1.36
3110	175.31	67.58	0.31	0.83	1.36
3111	0	0	0.31	0.83	1.35
3112	0	0	0.31	0.83	1.35
3113	0	0	0.30	0.82	1.35
3114	0	0	0.30	0.82	1.35
3115	0	0	0.31	0.83	1.35
3116	0	0	0.31	0.82	1.34
3117	0	0	0.30	0.82	1.35
3118	0	0	0.30	0.82	1.35
3119	0	0	0.31	0.82	1.34
3120	175.40	67.59	0.30	0.82	1.34
3121	0	0	0.30	0.82	1.34
3122	0	0	0.30	0.82	1.34
3123	0	0	0.30	0.82	1.34
3124	0	0	0.30	0.82	1.34
3125	0	0	0.30	0.82	1.34
3126	0	0	0.31	0.82	1.33
3127	0	0	0.30	0.81	1.34
3128	0	0	0.30	0.81	1.34
3129	0	0	0.30	0.81	1.34
3130	175.50	67.59	0.30	0.81	1.34
3131	0	0	0.30	0.81	1.34
3132	0	0	0.30	0.81	1.34
3133	0	0	0.30	0.81	1.33
3134	0	0	0.30	0.81	1.34
3135	0	0	0.30	0.81	1.34
3136	0	0	0.30	0.82	1.34
3137	0	0	0.30	0.82	1.34
3138	0	0	0.30	0.81	1.34
3139	0	0	0.30	0.82	1.34
3140	175.60	67.59	0.30	0.81	1.34
3141	0	0	0.30	0.82	1.34
3142	0	0	0.30	0.82	1.35
3143	0	0	0.30	0.82	1.35
3144	0	0	0.30	0.82	1.35
3145	0	0	0.31	0.83	1.35
3146	0	0	0.30	0.83	1.37
3147	0	0	0.30	0.83	1.37
3148	0	0	0.30	0.83	1.37
3149	0	0	0.30	0.83	1.37
3150	175.70	67.59	0.30	0.83	1.37
3151	0	0	0.30	0.83	1.37
3152	0	0	0.30	0.83	1.37
3153	0	0	0.30	0.83	1.37
3154	0	0	0.30	0.83	1.36
3155	0	0	0.30	0.83	1.36
3156	0	0	0.31	0.83	1.35
3157	0	0	0.30	0.82	1.35
3158	0	0	0.30	0.82	1.35
3159	0	0	0.30	0.82	1.35
3160	175.80	67.59	0.31	0.82	1.34
3161	0	0	0.30	0.82	1.35
3162	0	0	0.30	0.81	1.34
3163	0	0	0.30	0.81	1.34
3164	0	0	0.30	0.80	1.34
3165	0	0	0.30	0.81	1.33
3166	0	0	0.30	0.80	1.33
3167	0	0	0.30	0.80	1.33
3168	0	0	0.30	0.80	1.33
3169	0	0	0.30	0.80	1.33
3170	175.90	67.60	0.30	0.80	1.33
3171	0	0	0.30	0.80	1.33
3172	0	0	0.30	0.80	1.33
3173	0	0	0.30	0.80	1.33
3174	0	0	0.30	0.80	1.32
3175	0	0	0.30	0.80	1.32
3176	0	0	0.30	0.80	1.32
3177	0	0	0.30	0.79	1.31
3178	0	0	0.30	0.79	1.31
3179	0	0	0.30	0.79	1.31
3180	176.00	67.60	0.30	0.79	1.31
3181	0	0	0.30	0.79	1.30
3182	0	0	0.30	0.78	1.30
3183	0	0	0.30	0.79	1.31
3184	0	0	0.30	0.79	1.30
3185	0	0	0.30	0.79	1.31
3186	0	0	0.30	0.79	1.32
3187	0	0	0.30	0.80	1.32
3188	0	0	0.30	0.80	1.33
3189	0	0	0.30	0.80	1.34
3190	176.10	67.60	0.30	0.81	1.34
3191	0	0	0.30	0.81	1.34
3192	0	0	0.30	0.82	1.35
3193	0	0	0.30	0.81	1.35
3194	0	0	0.30	0.82	1.35
3195	0	0	0.30	0.81	1.34
3196	0	0	0.30	0.81	1.34
3197	0	0	0.30	0.80	1.33
3198	0	0	0.30	0.79	1.32
3199	0	0	0.30	0.79	1.31
3200	176.20	67.60	0.30	0.78	1.31
3201	0	0	0.30	0.78	1.30
3202	0	0	0.30	0.78	1.30
3203	0	0	0.30	0.78	1.30
3204	0	0	0.30	0.78	1.31
3205	0	0	0.30	0.79	1.31
3206	0	0	0.30	0.79	1.32
3207	0	0	0.30	0.80	1.33
3208	0	0	0.30	0.80	1.34
3209	0	0	0.30	0.81	1.34
3210	176.30	67.60	0.30	0.81	1.35
3211	0	0	0.30	0.81	1.35
3212	0	0	0.30	0.81	1.35
3213	0	0	0.30	0.81	1.35
3214	0	0	0.30	0.81	1.35
3215	0	0	0.30	0.81	1.34
3216	0	0	0.30	0.81	1.34
3217	0	0	0.30	0.80	1.34
3218	0	0	0.30	0.80	1.34
3219	0	0	0.30	0.80	1.34
3220	176.40	67.61	0.30	0.80	1.34
3221	0	0	0.30	0.80	1.33
3222	0	0	0.30	0.80	1.33
3223	0	0	0.30	0.80	1.34
3224	0	0	0.30	0.80	1.34
3225	0	0	0.30	0.80	1.34
3226	0	0	0.30	0.80	1.34
3227	0	0	0.30	0.80	1.34
3228	0	0	0.30	0.80	1.34
3229	0	0	0.30	0.80	1.34
3230	176.50	67.61	0.30	0.80	1.34
3231	0	0	0.30	0.80	1.34
3232	0	0	0.30	0.80	1.33
3233	0	0	0.30	0.80	1.34
3234	0	0	0.30	0.80	1.33
3235	0	0	0.30	0.80	1.34
3236	0	0	0.30	0.80	1.34
3237	0	0	0.30	0.80	1.34
3238	0	0	0.30	0.80	1.34
3239	0	0	0.30	0.80	1.33
3240	176.60	67.61	0.30	0.80	1.34
3241	0	0	0.30	0.80	1.34
3242	0	0	0.30	0.79	1.33
3243	0	0	0.30	0.79	1.33
3244	0	0	0.30	0.79	1.33
3245	0	0	0.30	0.80	1.33
3246	0	0	0.30	0.79	1.33
3247	0	0	0.30	0.80	1.33
3248	0	0	0.30	0.79	1.33
3249	0	0	0.30	0.79	1.33
3250	176.70	67.61	0.30	0.80	1.33
3251	0	0	0.30	0.79	1.33
3252	0	0	0.30	0.79	1.33
3253	0	0	0.30	0.79	1.33
3254	0	0	0.30	0.80	1.34
3255	0	0	0.30	0.80	1.33
3256	0	0	0.30	0.79	1.33
3257	0	0	0.30	0.80	1.34
3258	0	0	0.30	0.79	1.34
3259	0	0	0.30	0.79	1.34
3260	176.81	67.61	0.30	0.79	1.34
3261	0	0	0.30	0.79	1.33
3262	0	0	0.29	0.79	1.33
3264	0	0	0.30	0.79	1.32
3265	0	0	0.29	0.78	1.33
3266	0	0	0.30	0.78	1.32
3267	0	0	0.30	0.78	1.32
3268	0	0	0.30	0.78	1.32
3269	0	0	0.30	0.78	1.31
3270	0	0	0.30	0.78	1.32
3271	176.91	67.62	0.30	0.78	1.32
3272	0	0	0.30	0.79	1.32
3273	0	0	0.30	0.79	1.33
3274	0	0	0.30	0.79	1.33
3275	0	0	0.30	0.79	1.33
3276	0	0	0.30	0.79	1.34
3277	0	0	0.29	0.79	1.34
3278	0	0	0.30	0.79	1.34
3279	0	0	0.29	0.79	1.34
3280	0	0	0.29	0.79	1.33
3281	177.01	67.62	0.30	0.79	1.33
3282	0	0	0.30	0.79	1.33
3283	0	0	0.30	0.79	1.33
3284	0	0	0.29	0.78	1.33
3285	0	0	0.29	0.78	1.33
3286	0	0	0.29	0.78	1.33
3287	0	0	0.29	0.78	1.33
3288	0	0	0.29	0.78	1.33
3289	0	0	0.29	0.78	1.33
3290	0	0	0.29	0.79	1.33
3291	177.11	67.62	0.29	0.79	1.33
3292	0	0	0.30	0.79	1.34
3293	0	0	0.29	0.79	1.34
3294	0	0	0.29	0.79	1.34
3295	0	0	0.29	0.79	1.35
3296	0	0	0.29	0.79	1.35
3297	0	0	0.29	0.79	1.34
3298	0	0	0.30	0.80	1.35
3299	0	0	0.29	0.80	1.35
3300	0	0	0.29	0.80	1.36
3301	177.21	67.62	0.29	0.80	1.36
3302	0	0	0.30	0.81	1.36
3303	0	0	0.30	0.81	1.36
3304	0	0	0.29	0.81	1.37
3305	0	0	0.29	0.81	1.38
3306	0	0	0.30	0.82	1.38
3307	0	0	0.29	0.81	1.38
3308	0	0	0.29	0.81	1.38
3309	0	0	0.29	0.81	1.37
3310	0	0	0.30	0.81	1.37
3311	177.31	67.62	0.29	0.80	1.37
3312	0	0	0.30	0.81	1.36
3313	0	0	0.30	0.81	1.36
3314	0	0	0.29	0.80	1.36
3315	0	0	0.29	0.80	1.36
3316	0	0	0.29	0.80	1.36
3317	0	0	0.29	0.79	1.36
3318	0	0	0.29	0.80	1.35
3319	0	0	0.29	0.80	1.35
3320	0	0	0.29	0.80	1.35
3321	177.41	67.62	0.30	0.80	1.35
3322	0	0	0.29	0.79	1.34
3323	0	0	0.29	0.79	1.35
3324	0	0	0.29	0.79	1.34
3325	0	0	0.29	0.79	1.34
3326	0	0	0.29	0.79	1.34
3327	0	0	0.29	0.78	1.34
3328	0	0	0.29	0.79	1.34
3329	0	0	0.29	0.78	1.34
3330	0	0	0.29	0.78	1.34
3331	177.51	67.62	0.29	0.79	1.34
3332	0	0	0.29	0.79	1.34
3333	0	0	0.29	0.79	1.34
3334	0	0	0.29	0.79	1.34
3335	0	0	0.30	0.79	1.34
3336	0	0	0.29	0.79	1.34
3337	0	0	0.29	0.79	1.34
3338	0	0	0.29	0.79	1.34
3339	0	0	0.29	0.79	1.34
3340	0	0	0.29	0.79	1.34
3341	177.61	67.62	0.29	0.79	1.35
3342	0	0	0.29	0.79	1.34
3343	0	0	0.29	0.79	1.35
3344	0	0	0.29	0.79	1.35
3345	0	0	0.29	0.79	1.35
3346	0	0	0.29	0.79	1.35
3347	0	0	0.29	0.79	1.35
3348	0	0	0.29	0.79	1.34
3349	0	0	0.29	0.79	1.34
3350	0	0	0.29	0.79	1.34
3351	177.71	67.63	0.29	0.79	1.34
3352	0	0	0.29	0.79	1.34
3353	0	0	0.29	0.79	1.34
3354	0	0	0.29	0.79	1.34
3355	0	0	0.29	0.78	1.35
3356	0	0	0.29	0.78	1.34
3357	0	0	0.29	0.79	1.34
3358	0	0	0.29	0.78	1.34
3359	0	0	0.29	0.79	1.34
3360	0	0	0.29	0.78	1.34
3361	177.81	67.63	0.29	0.78	1.33
3362	0	0	0.29	0.78	1.33
3363	0	0	0.29	0.78	1.33
3364	0	0	0.29	0.78	1.33
3365	0	0	0.29	0.78	1.33
3366	0	0	0.29	0.78	1.33
3367	0	0	0.29	0.78	1.33
3368	0	0	0.29	0.78	1.33
3369	0	0	0.29	0.78	1.34
3370	0	0	0.29	0.78	1.34
3371	177.91	67.63	0.29	0.78	1.34
3372	0	0	0.29	0.78	1.34
3373	0	0	0.29	0.78	1.35
3374	0	0	0.29	0.78	1.33
3375	0	0	0.29	0.78	1.34
3376	0	0	0.29	0.78	1.34
3377	0	0	0.29	0.78	1.33
3378	0	0	0.29	0.78	1.35
3379	0	0	0.29	0.78	1.35
3380	0	0	0.29	0.79	1.34
3381	178.01	67.63	0.29	0.78	1.35
3382	0	0	0.29	0.78	1.34
3383	0	0	0.29	0.78	1.34
3384	0	0	0.29	0.78	1.33
3385	0	0	0.29	0.78	1.33
3386	0	0	0.29	0.77	1.33
3387	0	0	0.29	0.77	1.33
3388	0	0	0.29	0.77	1.32
3389	0	0	0.29	0.77	1.32
3390	0	0	0.29	0.77	1.32
3391	178.11	67.63	0.29	0.77	1.32
3392	0	0	0.29	0.77	1.32
3393	0	0	0.29	0.77	1.32
3394	0	0	0.29	0.77	1.33
3395	0	0	0.29	0.77	1.32
3396	0	0	0.29	0.77	1.33
3397	0	0	0.29	0.78	1.33
3398	0	0	0.29	0.78	1.33
3399	0	0	0.29	0.78	1.33
3400	0	0	0.29	0.78	1.33
3401	178.21	67.63	0.29	0.77	1.33
3402	0	0	0.29	0.77	1.33
3403	0	0	0.29	0.77	1.33
3404	0	0	0.29	0.77	1.33
3405	0	0	0.29	0.77	1.32
3406	0	0	0.29	0.77	1.32
3407	0	0	0.29	0.77	1.32
3408	0	0	0.29	0.77	1.32
3409	0	0	0.29	0.77	1.32
3410	0	0	0.29	0.77	1.32
3411	178.31	67.63	0.29	0.77	1.32
3412	0	0	0.29	0.77	1.32
3413	0	0	0.29	0.77	1.33
3414	0	0	0.29	0.77	1.32
3415	0	0	0.29	0.77	1.33
3416	0	0	0.29	0.78	1.32
3417	0	0	0.29	0.77	1.32
3418	0	0	0.29	0.77	1.32
3419	0	0	0.29	0.77	1.32
3420	0	0	0.29	0.77	1.31
3421	178.41	67.63	0.29	0.76	1.31
3422	0	0	0.29	0.76	1.31
3423	0	0	0.29	0.76	1.30
3424	0	0	0.29	0.75	1.30
3425	0	0	0.29	0.75	1.30
3426	0	0	0.29	0.75	1.29
3427	0	0	0.29	0.75	1.30
3428	0	0	0.29	0.75	1.30
3429	0	0	0.29	0.75	1.30
3430	0	0	0.29	0.75	1.30
3431	178.51	67.63	0.29	0.75	1.30
3432	0	0	0.29	0.75	1.30
3433	0	0	0.29	0.76	1.30
3434	0	0	0.29	0.76	1.30
3435	0	0	0.29	0.75	1.30
3436	0	0	0.29	0.75	1.30
3437	0	0	0.29	0.76	1.30
3438	0	0	0.29	0.76	1.30
3439	0	0	0.29	0.75	1.30
3440	0	0	0.29	0.75	1.30
3441	178.61	67.63	0.29	0.75	1.30
3442	0	0	0.29	0.75	1.30
3443	0	0	0.29	0.75	1.30
3444	0	0	0.29	0.75	1.30
3445	0	0	0.29	0.75	1.30
3446	0	0	0.29	0.75	1.30
3447	0	0	0.29	0.74	1.30
3448	0	0	0.29	0.75	1.30
3449	0	0	0.29	0.75	1.30
3450	0	0	0.29	0.75	1.30
3451	178.71	67.64	0.29	0.75	1.30
3452	0	0	0.29	0.75	1.30
3453	0	0	0.29	0.75	1.30
3454	0	0	0.29	0.75	1.30
3455	0	0	0.29	0.75	1.30
3456	0	0	0.29	0.75	1.30
3457	0	0	0.29	0.75	1.30
3458	0	0	0.29	0.75	1.30
3459	0	0	0.29	0.75	1.30
3460	0	0	0.29	0.75	1.30
3461	178.81	67.64	0.29	0.75	1.30
3462	0	0	0.29	0.76	1.30
3463	0	0	0.29	0.76	1.30
3464	0	0	0.29	0.76	1.31
3465	0	0	0.29	0.76	1.30
3466	0	0	0.29	0.76	1.31
3467	0	0	0.29	0.76	1.32
3468	0	0	0.29	0.76	1.31
3469	0	0	0.29	0.76	1.32
3470	0	0	0.29	0.77	1.32
3471	178.91	67.64	0.29	0.77	1.32
3472	0	0	0.29	0.77	1.33
3473	0	0	0.29	0.77	1.33
3474	0	0	0.29	0.77	1.33
3475	0	0	0.29	0.77	1.34
3476	0	0	0.29	0.77	1.34
3477	0	0	0.29	0.78	1.34
3478	0	0	0.29	0.78	1.34
3479	0	0	0.29	0.78	1.35
3480	179.01	67.64	0.29	0.78	1.35
3481	0	0	0.29	0.78	1.35
3482	0	0	0.29	0.78	1.36
3483	0	0	0.29	0.79	1.36
3484	0	0	0.29	0.79	1.36
3485	0	0	0.29	0.78	1.36
3486	0	0	0.29	0.79	1.35
3487	0	0	0.29	0.78	1.35
3488	0	0	0.29	0.78	1.35
3489	0	0	0.29	0.78	1.34
3490	179.12	67.64	0.29	0.77	1.34
3491	0	0	0.29	0.77	1.33
3492	0	0	0.29	0.77	1.33
3493	0	0	0.29	0.77	1.33
3494	0	0	0.29	0.77	1.33
3495	0	0	0.29	0.77	1.33
3496	0	0	0.29	0.77	1.33
3497	0	0	0.29	0.77	1.33
3498	0	0	0.29	0.77	1.33
3499	0	0	0.29	0.77	1.33
3500	179.22	67.64	0.29	0.77	1.33
3501	0	0	0.29	0.77	1.33
3502	0	0	0.29	0.77	1.33
3503	0	0	0.29	0.77	1.33
3504	0	0	0.29	0.77	1.33
3505	0	0	0.29	0.77	1.33
3506	0	0	0.29	0.77	1.33
3507	0	0	0.29	0.77	1.33
3508	0	0	0.29	0.77	1.32
3509	0	0	0.29	0.76	1.33
3510	179.32	67.64	0.29	0.76	1.32
3511	0	0	0.29	0.76	1.32
3512	0	0	0.29	0.76	1.32
3513	0	0	0.29	0.76	1.32
3514	0	0	0.29	0.76	1.32
3515	0	0	0.29	0.76	1.32
3516	0	0	0.29	0.76	1.31
3517	0	0	0.29	0.76	1.32
3518	0	0	0.29	0.76	1.32
3519	0	0	0.29	0.76	1.32
3520	179.42	67.64	0.29	0.76	1.32
3521	0	0	0.29	0.76	1.32
3522	0	0	0.29	0.76	1.32
3523	0	0	0.29	0.76	1.32
3524	0	0	0.29	0.76	1.32
3525	0	0	0.29	0.76	1.32
3526	0	0	0.29	0.76	1.32
3527	0	0	0.29	0.76	1.32
3528	0	0	0.29	0.76	1.32
3529	0	0	0.29	0.76	1.32
3530	179.52	67.64	0.29	0.76	1.32
3531	0	0	0.29	0.76	1.32
3532	0	0	0.29	0.77	1.33
3533	0	0	0.29	0.76	1.32
3534	0	0	0.29	0.76	1.32
3535	0	0	0.29	0.77	1.32
3536	0	0	0.29	0.76	1.33
3537	0	0	0.29	0.77	1.32
3538	0	0	0.29	0.76	1.33
3539	0	0	0.29	0.77	1.33
3540	179.62	67.64	0.29	0.77	1.33
3541	0	0	0.29	0.77	1.33
3542	0	0	0.29	0.76	1.33
3543	0	0	0.29	0.76	1.32
3544	0	0	0.29	0.76	1.32
3545	0	0	0.28	0.75	1.32
3546	0	0	0.29	0.76	1.32
3547	0	0	0.29	0.76	1.32
3548	0	0	0.29	0.76	1.32
3549	0	0	0.29	0.76	1.32
3550	179.72	67.64	0.29	0.76	1.32
3551	0	0	0.29	0.76	1.32
3552	0	0	0.29	0.76	1.33
3553	0	0	0.29	0.77	1.33
3554	0	0	0.29	0.76	1.33
3555	0	0	0.29	0.76	1.33
3556	0	0	0.29	0.76	1.33
3557	0	0	0.29	0.76	1.32
3558	0	0	0.29	0.76	1.32
3559	0	0	0.29	0.76	1.32
3560	179.82	67.64	0.29	0.76	1.31
3561	0	0	0.29	0.76	1.31
3562	0	0	0.29	0.75	1.31
3563	0	0	0.29	0.75	1.30
3564	0	0	0.28	0.74	1.30
3565	0	0	0.29	0.74	1.30
3566	0	0	0.29	0.74	1.30
3567	0	0	0.29	0.74	1.30
3568	0	0	0.29	0.74	1.30
3569	0	0	0.29	0.75	1.30
3570	179.92	67.64	0.29	0.75	1.30
3571	0	0	0.29	0.75	1.30
3572	0	0	0.29	0.75	1.30
3573	0	0	0.29	0.75	1.30
3574	0	0	0.29	0.75	1.30
3575	0	0	0.29	0.75	1.30
3576	0	0	0.29	0.75	1.30
3577	0	0	0.29	0.74	1.30
3578	0	0	0.29	0.74	1.30
3579	0	0	0.28	0.74	1.30
3580	180.02	67.64	0.29	0.74	1.30
3581	0	0	0.29	0.74	1.29
3582	0	0	0.28	0.74	1.30
3583	0	0	0.29	0.74	1.30
3584	0	0	0.28	0.74	1.30
3585	0	0	0.28	0.74	1.30
3586	0	0	0.29	0.74	1.30
3587	0	0	0.29	0.75	1.30
3588	0	0	0.29	0.75	1.30
3589	0	0	0.29	0.75	1.30
3590	180.12	67.64	0.29	0.75	1.31
3591	0	0	0.29	0.75	1.31
3592	0	0	0.29	0.76	1.31
3593	0	0	0.29	0.75	1.31
3594	0	0	0.29	0.75	1.31
3595	0	0	0.29	0.75	1.32
3596	0	0	0.29	0.75	1.31
3597	0	0	0.28	0.75	1.31
3598	0	0	0.29	0.75	1.31
3599	0	0	0.29	0.76	1.31
3600	180.22	67.64	0.29	0.75	1.32
3601	0	0	0.29	0.75	1.32
3602	0	0	0.29	0.75	1.31
3603	0	0	0.29	0.75	1.31
3604	0	0	0.29	0.75	1.31
3605	0	0	0.29	0.75	1.31
3606	0	0	0.29	0.76	1.32
3607	0	0	0.29	0.75	1.32
3608	0	0	0.29	0.76	1.32
3609	0	0	0.29	0.76	1.32
3610	180.32	67.64	0.28	0.75	1.32
3611	0	0	0.29	0.75	1.32
3612	0	0	0.29	0.75	1.32
3613	0	0	0.29	0.75	1.31
3614	0	0	0.29	0.75	1.32
3615	0	0	0.29	0.75	1.32
3616	0	0	0.29	0.75	1.31
3617	0	0	0.28	0.75	1.32
3618	0	0	0.29	0.75	1.31
3619	0	0	0.29	0.75	1.31
3620	180.42	67.64	0.28	0.75	1.31
3621	0	0	0.29	0.75	1.31
3622	0	0	0.29	0.75	1.31
3623	0	0	0.29	0.75	1.31
3624	0	0	0.28	0.74	1.31
3625	0	0	0.29	0.75	1.30
3626	0	0	0.29	0.75	1.31
3627	0	0	0.28	0.75	1.31
3628	0	0	0.28	0.75	1.32
3629	0	0	0.29	0.75	1.32
3630	180.52	67.64	0.29	0.76	1.32
3631	0	0	0.28	0.75	1.33
3632	0	0	0.29	0.76	1.32
3633	0	0	0.28	0.76	1.33
3634	0	0	0.29	0.76	1.33
3635	0	0	0.28	0.76	1.34
3636	0	0	0.28	0.76	1.34
3637	0	0	0.29	0.76	1.33
3638	0	0	0.28	0.76	1.33
3639	0	0	0.28	0.76	1.33
3640	180.62	67.64	0.29	0.76	1.33
3641	0	0	0.28	0.76	1.33
3642	0	0	0.28	0.76	1.33
3643	0	0	0.29	0.76	1.32
3644	0	0	0.28	0.75	1.32
3645	0	0	0.29	0.76	1.32
3646	0	0	0.29	0.75	1.32
3647	0	0	0.29	0.75	1.32
3648	0	0	0.29	0.75	1.32
3649	0	0	0.29	0.75	1.32
3650	180.72	67.64	0.29	0.75	1.31
3651	0	0	0.28	0.75	1.31
3652	0	0	0.28	0.75	1.32
3653	0	0	0.29	0.75	1.32
3654	0	0	0.28	0.75	1.31
3655	0	0	0.28	0.74	1.31
3656	0	0	0.29	0.75	1.31
3657	0	0	0.28	0.74	1.31
3658	0	0	0.28	0.74	1.31
3659	0	0	0.28	0.74	1.30
3660	180.82	67.64	0.28	0.74	1.30
3661	0	0	0.28	0.74	1.30
3662	0	0	0.28	0.74	1.30
3663	0	0	0.28	0.74	1.30
3664	0	0	0.28	0.74	1.31
3665	0	0	0.28	0.74	1.30
3666	0	0	0.28	0.74	1.30
3667	0	0	0.28	0.74	1.30
3668	0	0	0.29	0.74	1.30
3669	0	0	0.28	0.74	1.30
3670	180.92	67.64	0.28	0.74	1.30
3671	0	0	0.28	0.74	1.30
3672	0	0	0.28	0.73	1.29
3673	0	0	0.28	0.73	1.29
3674	0	0	0.28	0.73	1.30
3675	0	0	0.28	0.73	1.30
3676	0	0	0.28	0.73	1.29
3677	0	0	0.29	0.73	1.29
3678	0	0	0.28	0.73	1.29
3679	0	0	0.28	0.73	1.29
3680	181.02	67.64	0.28	0.73	1.29
3681	0	0	0.28	0.73	1.29
3682	0	0	0.29	0.73	1.29
3683	0	0	0.28	0.73	1.29
3684	0	0	0.28	0.73	1.29
3685	0	0	0.28	0.73	1.29
3686	0	0	0.28	0.73	1.29
3687	0	0	0.28	0.73	1.29
3688	0	0	0.28	0.72	1.28
3689	0	0	0.28	0.72	1.28
3690	181.12	67.64	0.28	0.72	1.27
3691	0	0	0.28	0.72	1.27
3692	0	0	0.28	0.71	1.27
3693	0	0	0.28	0.71	1.26
3694	0	0	0.28	0.71	1.26
3695	0	0	0.28	0.71	1.26
3696	0	0	0.28	0.70	1.25
3697	0	0	0.28	0.70	1.25
3698	0	0	0.28	0.70	1.25
3699	0	0	0.28	0.70	1.24
3700	181.23	67.64	0.28	0.70	1.24
3701	0	0	0.28	0.69	1.23
3702	0	0	0.28	0.70	1.23
3703	0	0	0.28	0.69	1.23
3704	0	0	0.28	0.69	1.23
3705	0	0	0.28	0.69	1.23
3706	0	0	0.28	0.69	1.23
3707	0	0	0.28	0.69	1.23
3708	0	0	0.28	0.69	1.23
3709	0	0	0.28	0.70	1.23
3710	181.32	67.63	0.28	0.70	1.24
3711	0	0	0.28	0.70	1.24
3712	0	0	0.28	0.70	1.25
3713	0	0	0.28	0.71	1.25
3714	0	0	0.28	0.70	1.26
3715	0	0	0.28	0.71	1.26
3716	0	0	0.28	0.71	1.27
3717	0	0	0.28	0.71	1.27
3718	0	0	0.28	0.71	1.27
3719	0	0	0.28	0.72	1.27
3720	181.42	67.63	0.28	0.72	1.27
3721	0	0	0.28	0.72	1.28
3722	0	0	0.28	0.72	1.28
3723	0	0	0.28	0.72	1.27
3724	0	0	0.28	0.72	1.27
3725	0	0	0.28	0.72	1.28
3726	0	0	0.28	0.72	1.27
3727	0	0	0.28	0.71	1.27
3728	0	0	0.28	0.72	1.27
3729	0	0	0.28	0.71	1.27
3730	181.53	67.63	0.28	0.71	1.27
3732	0	0	0.28	0.72	1.27
3733	0	0	0.28	0.71	1.27
3734	0	0	0.28	0.71	1.27
3735	0	0	0.28	0.72	1.27
3736	0	0	0.28	0.71	1.27
3737	0	0	0.28	0.72	1.27
3738	0	0	0.28	0.72	1.28
3739	0	0	0.28	0.72	1.28
3740	0	0	0.28	0.72	1.28
3741	181.63	67.63	0.28	0.72	1.28
3742	0	0	0.28	0.72	1.28
3743	0	0	0.28	0.72	1.28
3744	0	0	0.28	0.72	1.28
3745	0	0	0.28	0.72	1.28
3746	0	0	0.28	0.72	1.28
3747	0	0	0.28	0.72	1.28
3748	0	0	0.28	0.72	1.28
3749	0	0	0.28	0.72	1.28
3750	0	0	0.28	0.72	1.28
3751	181.73	67.63	0.28	0.72	1.28
3752	0	0	0.28	0.72	1.27
3753	0	0	0.28	0.71	1.27
3754	0	0	0.28	0.71	1.26
3755	0	0	0.28	0.70	1.26
3756	0	0	0.28	0.71	1.25
3757	0	0	0.28	0.70	1.26
3758	0	0	0.28	0.70	1.26
3759	0	0	0.28	0.70	1.26
3760	0	0	0.28	0.70	1.26
3761	181.83	67.63	0.28	0.71	1.26
3762	0	0	0.28	0.71	1.27
3763	0	0	0.28	0.71	1.27
3764	0	0	0.28	0.72	1.27
3765	0	0	0.28	0.71	1.28
3766	0	0	0.28	0.71	1.28
3767	0	0	0.28	0.72	1.28
3768	0	0	0.28	0.71	1.28
3769	0	0	0.28	0.72	1.28
3770	0	0	0.28	0.72	1.28
3771	181.93	67.63	0.28	0.71	1.28
3772	0	0	0.28	0.72	1.28
3773	0	0	0.28	0.72	1.28
3774	0	0	0.28	0.72	1.28
3775	0	0	0.28	0.72	1.29
3776	0	0	0.28	0.72	1.29
3777	0	0	0.28	0.72	1.29
3778	0	0	0.28	0.72	1.29
3779	0	0	0.28	0.72	1.29
3780	0	0	0.28	0.72	1.29
3781	182.03	67.63	0.28	0.72	1.28
3782	0	0	0.28	0.72	1.28
3783	0	0	0.28	0.72	1.28
3784	0	0	0.28	0.72	1.28
3785	0	0	0.28	0.72	1.28
3786	0	0	0.28	0.72	1.28
3787	0	0	0.28	0.72	1.29
3788	0	0	0.28	0.72	1.29
3789	0	0	0.28	0.72	1.29
3790	0	0	0.28	0.72	1.29
3791	182.13	67.63	0.28	0.72	1.28
3792	0	0	0.28	0.72	1.29
3793	0	0	0.28	0.72	1.28
3794	0	0	0.28	0.72	1.28
3795	0	0	0.28	0.72	1.28
3796	0	0	0.28	0.72	1.28
3797	0	0	0.28	0.72	1.28
3798	0	0	0.28	0.72	1.28
3799	0	0	0.28	0.71	1.28
3800	0	0	0.28	0.71	1.28
3801	182.23	67.63	0.28	0.72	1.28
3802	0	0	0.28	0.72	1.28
3803	0	0	0.28	0.72	1.28
3804	0	0	0.28	0.72	1.29
3805	0	0	0.28	0.72	1.29
3806	0	0	0.28	0.72	1.29
3807	0	0	0.28	0.72	1.30
3808	0	0	0.28	0.73	1.30
3809	0	0	0.28	0.73	1.30
3810	0	0	0.28	0.73	1.30
3811	182.33	67.63	0.28	0.74	1.31
3812	0	0	0.28	0.74	1.32
3813	0	0	0.28	0.75	1.32
3814	0	0	0.28	0.75	1.33
3815	0	0	0.28	0.75	1.33
3816	0	0	0.28	0.75	1.33
3817	0	0	0.28	0.75	1.33
3818	0	0	0.28	0.75	1.34
3819	0	0	0.28	0.75	1.34
3820	0	0	0.28	0.75	1.34
3821	182.43	67.62	0.28	0.75	1.34
3822	0	0	0.28	0.75	1.34
3823	0	0	0.28	0.75	1.34
3824	0	0	0.28	0.75	1.34
3825	0	0	0.28	0.75	1.34
3826	0	0	0.28	0.76	1.34
3827	0	0	0.28	0.76	1.34
3828	0	0	0.28	0.76	1.34
3829	0	0	0.28	0.75	1.33
3830	0	0	0.28	0.75	1.33
3831	182.53	67.62	0.28	0.75	1.33
3832	0	0	0.28	0.74	1.33
3833	0	0	0.28	0.74	1.32
3834	0	0	0.28	0.75	1.32
3835	0	0	0.28	0.75	1.32
3836	0	0	0.28	0.74	1.32
3837	0	0	0.28	0.74	1.32
3838	0	0	0.28	0.74	1.32
3839	0	0	0.28	0.75	1.33
3840	0	0	0.28	0.75	1.33
3841	182.63	67.62	0.28	0.75	1.34
3842	0	0	0.28	0.75	1.33
3843	0	0	0.28	0.75	1.34
3844	0	0	0.28	0.76	1.34
3845	0	0	0.28	0.75	1.34
3846	0	0	0.28	0.75	1.34
3847	0	0	0.28	0.75	1.33
3848	0	0	0.28	0.75	1.33
3849	0	0	0.28	0.75	1.34
3850	0	0	0.28	0.75	1.34
3851	182.73	67.62	0.28	0.75	1.33
3852	0	0	0.28	0.75	1.34
3853	0	0	0.28	0.76	1.34
3854	0	0	0.28	0.76	1.34
3855	0	0	0.28	0.75	1.34
3856	0	0	0.28	0.76	1.35
3857	0	0	0.28	0.76	1.35
3858	0	0	0.28	0.76	1.34
3859	0	0	0.28	0.76	1.35
3860	0	0	0.28	0.76	1.34
3861	182.83	67.62	0.28	0.76	1.35
3862	0	0	0.28	0.76	1.35
3863	0	0	0.28	0.76	1.34
3864	0	0	0.28	0.76	1.35
3865	0	0	0.28	0.76	1.35
3866	0	0	0.28	0.76	1.35
3867	0	0	0.28	0.76	1.35
3868	0	0	0.28	0.76	1.34
3869	0	0	0.28	0.76	1.35
3870	0	0	0.28	0.76	1.35
3871	182.93	67.62	0.28	0.76	1.35
3872	0	0	0.28	0.76	1.35
3873	0	0	0.28	0.76	1.35
3874	0	0	0.28	0.76	1.35
3875	0	0	0.28	0.76	1.35
3876	0	0	0.28	0.76	1.34
3877	0	0	0.28	0.76	1.34
3878	0	0	0.28	0.76	1.35
3879	0	0	0.28	0.76	1.35
3880	0	0	0.28	0.76	1.35
3881	183.03	67.62	0.28	0.76	1.34
3882	0	0	0.28	0.76	1.35
3883	0	0	0.28	0.76	1.34
3884	0	0	0.28	0.76	1.34
3885	0	0	0.28	0.76	1.35
3886	0	0	0.28	0.76	1.35
3887	0	0	0.28	0.76	1.35
3888	0	0	0.28	0.76	1.35
3889	0	0	0.28	0.76	1.35
3890	0	0	0.28	0.76	1.35
3891	183.13	67.61	0.28	0.76	1.35
3892	0	0	0.28	0.76	1.35
3893	0	0	0.28	0.76	1.35
3894	0	0	0.28	0.76	1.35
3895	0	0	0.28	0.76	1.35
3896	0	0	0.28	0.76	1.35
3897	0	0	0.28	0.76	1.35
3898	0	0	0.28	0.75	1.35
3899	0	0	0.28	0.76	1.35
3900	0	0	0.28	0.76	1.35
3901	183.23	67.61	0.28	0.76	1.35
3902	0	0	0.28	0.76	1.35
3903	0	0	0.28	0.76	1.35
3904	0	0	0.28	0.76	1.35
3905	0	0	0.28	0.76	1.35
3906	0	0	0.28	0.76	1.35
3907	0	0	0.28	0.76	1.35
3908	0	0	0.28	0.76	1.36
3909	0	0	0.28	0.76	1.36
3910	0	0	0.28	0.76	1.35
3911	183.33	67.61	0.28	0.76	1.36
3912	0	0	0.28	0.76	1.35
3913	0	0	0.28	0.76	1.35
3914	0	0	0.28	0.76	1.35
3915	0	0	0.28	0.76	1.35
3916	0	0	0.28	0.76	1.35
3917	0	0	0.28	0.76	1.35
3918	0	0	0.28	0.76	1.35
3919	0	0	0.28	0.76	1.36
3920	0	0	0.28	0.76	1.35
3921	183.43	67.61	0.28	0.76	1.36
3922	0	0	0.28	0.76	1.36
3923	0	0	0.28	0.77	1.36
3924	0	0	0.28	0.76	1.37
3925	0	0	0.28	0.77	1.37
3926	0	0	0.28	0.77	1.37
3927	0	0	0.28	0.77	1.37
3928	0	0	0.28	0.77	1.36
3929	0	0	0.28	0.76	1.36
3930	0	0	0.28	0.76	1.36
3931	183.53	67.61	0.28	0.76	1.36
3932	0	0	0.28	0.76	1.36
3933	0	0	0.28	0.76	1.36
3934	0	0	0.28	0.76	1.36
3935	0	0	0.28	0.76	1.36
3936	0	0	0.28	0.76	1.36
3937	0	0	0.28	0.76	1.36
3938	0	0	0.28	0.76	1.36
3939	0	0	0.28	0.76	1.36
3940	0	0	0.28	0.77	1.36
3941	183.63	67.61	0.28	0.77	1.36
3942	0	0	0.28	0.77	1.36
3943	0	0	0.28	0.77	1.36
3944	0	0	0.28	0.77	1.36
3945	0	0	0.28	0.76	1.36
3946	0	0	0.28	0.77	1.36
3947	0	0	0.28	0.76	1.36
3948	0	0	0.28	0.76	1.36
3949	0	0	0.28	0.76	1.36
3950	0	0	0.28	0.76	1.36
3951	183.73	67.60	0.28	0.76	1.36
3952	0	0	0.28	0.76	1.36
3953	0	0	0.28	0.76	1.36
3954	0	0	0.28	0.76	1.36
3955	0	0	0.28	0.76	1.37
3956	0	0	0.28	0.76	1.37
3957	0	0	0.28	0.77	1.37
3958	0	0	0.28	0.77	1.38
3959	0	0	0.28	0.78	1.38
3960	0	0	0.28	0.78	1.38
3961	183.83	67.60	0.28	0.78	1.38
3962	0	0	0.28	0.78	1.39
3963	0	0	0.28	0.78	1.39
3964	0	0	0.28	0.78	1.39
3965	0	0	0.28	0.78	1.39
3966	0	0	0.28	0.78	1.39
3967	0	0	0.28	0.78	1.39
3968	0	0	0.28	0.78	1.39
3969	0	0	0.28	0.78	1.39
3970	0	0	0.28	0.78	1.39
3971	183.93	67.60	0.28	0.78	1.39
3972	0	0	0.28	0.78	1.40
3973	0	0	0.28	0.78	1.40
3974	0	0	0.28	0.78	1.40
3975	0	0	0.28	0.78	1.40
3976	0	0	0.28	0.78	1.40
3977	0	0	0.28	0.78	1.39
3978	0	0	0.28	0.78	1.39
3979	0	0	0.28	0.78	1.39
3980	0	0	0.28	0.78	1.39
3981	184.03	67.60	0.28	0.78	1.39
3982	0	0	0.28	0.78	1.39
3983	0	0	0.28	0.78	1.39
3984	0	0	0.28	0.78	1.39
3985	0	0	0.28	0.78	1.39
3986	0	0	0.28	0.78	1.39
3987	0	0	0.28	0.78	1.40
3988	0	0	0.28	0.78	1.40
3989	0	0	0.28	0.78	1.40
3990	0	0	0.28	0.78	1.40
3991	184.13	67.60	0.28	0.78	1.40
3992	0	0	0.28	0.78	1.40
3993	0	0	0.28	0.78	1.40
3994	0	0	0.28	0.78	1.40
3995	0	0	0.28	0.78	1.40
3996	0	0	0.28	0.78	1.40
3997	0	0	0.28	0.78	1.40
3998	0	0	0.28	0.78	1.40
3999	0	0	0.28	0.78	1.39
4000	0	0	0.28	0.77	1.39
4001	184.23	67.59	0.28	0.78	1.39
4002	0	0	0.28	0.77	1.38
4003	0	0	0.28	0.77	1.39
4004	0	0	0.28	0.77	1.38
4005	0	0	0.28	0.77	1.38
4006	0	0	0.28	0.77	1.38
4007	0	0	0.28	0.77	1.38
4008	0	0	0.28	0.77	1.38
4009	0	0	0.28	0.77	1.38
4010	0	0	0.28	0.77	1.37
4011	184.33	67.59	0.28	0.76	1.38
4012	0	0	0.28	0.77	1.38
4013	0	0	0.28	0.77	1.38
4014	0	0	0.28	0.77	1.38
4015	0	0	0.28	0.77	1.38
4016	0	0	0.28	0.77	1.38
4017	0	0	0.28	0.77	1.38
4018	0	0	0.28	0.77	1.38
4019	0	0	0.28	0.77	1.38
4020	0	0	0.28	0.77	1.38
4021	184.43	67.59	0.28	0.77	1.38
4022	0	0	0.28	0.77	1.38
4023	0	0	0.28	0.77	1.38
4024	0	0	0.28	0.76	1.38
4025	0	0	0.28	0.77	1.37
4026	0	0	0.28	0.76	1.37
4027	0	0	0.28	0.77	1.37
4028	0	0	0.28	0.76	1.37
4029	0	0	0.28	0.76	1.37
4030	0	0	0.28	0.76	1.38
4031	184.53	67.59	0.28	0.77	1.38
4032	0	0	0.28	0.77	1.38
4033	0	0	0.28	0.77	1.38
4034	0	0	0.28	0.77	1.38
4035	0	0	0.28	0.76	1.38
4036	0	0	0.28	0.77	1.37
4037	0	0	0.28	0.76	1.37
4038	0	0	0.28	0.76	1.37
4039	0	0	0.28	0.76	1.37
4040	0	0	0.28	0.76	1.37
4041	184.63	67.58	0.28	0.76	1.36
4042	0	0	0.28	0.76	1.37
4043	0	0	0.28	0.76	1.36
4044	0	0	0.28	0.76	1.36
4045	0	0	0.28	0.76	1.36
4046	0	0	0.28	0.76	1.36
4047	0	0	0.28	0.75	1.36
4048	0	0	0.28	0.76	1.36
4049	0	0	0.28	0.75	1.36
4050	0	0	0.28	0.75	1.36
4051	184.73	67.58	0.28	0.76	1.36
4052	0	0	0.28	0.76	1.37
4053	0	0	0.28	0.76	1.37
4054	0	0	0.28	0.76	1.37
4055	0	0	0.28	0.76	1.37
4056	0	0	0.28	0.76	1.37
4057	0	0	0.28	0.76	1.37
4058	0	0	0.27	0.76	1.38
4059	0	0	0.28	0.77	1.38
4060	184.83	67.58	0.28	0.77	1.38
4061	0	0	0.28	0.76	1.38
4062	0	0	0.28	0.77	1.38
4063	0	0	0.28	0.77	1.38
4064	0	0	0.28	0.77	1.38
4065	0	0	0.28	0.77	1.38
4066	0	0	0.28	0.76	1.38
4067	0	0	0.27	0.76	1.39
4068	0	0	0.28	0.77	1.38
4069	0	0	0.28	0.77	1.39
4070	184.93	67.58	0.28	0.77	1.38
4071	0	0	0.28	0.77	1.39
4072	0	0	0.27	0.76	1.39
4073	0	0	0.28	0.77	1.39
4074	0	0	0.28	0.77	1.38
4075	0	0	0.27	0.76	1.39
4076	0	0	0.28	0.77	1.38
4077	0	0	0.28	0.77	1.39
4078	0	0	0.28	0.77	1.38
4079	0	0	0.28	0.77	1.38
4080	185.03	67.58	0.28	0.77	1.38
4081	0	0	0.27	0.76	1.39
4082	0	0	0.27	0.76	1.39
4083	0	0	0.27	0.76	1.39
4084	0	0	0.28	0.77	1.39
4085	0	0	0.28	0.77	1.39
4086	0	0	0.28	0.77	1.38
4087	0	0	0.28	0.77	1.39
4088	0	0	0.27	0.76	1.39
4089	0	0	0.27	0.76	1.39
4090	185.13	67.57	0.28	0.77	1.39
4091	0	0	0.28	0.77	1.39
4092	0	0	0.28	0.77	1.39
4093	0	0	0.28	0.76	1.38
4094	0	0	0.28	0.77	1.38
4095	0	0	0.28	0.77	1.38
4096	0	0	0.28	0.76	1.38
4097	0	0	0.28	0.77	1.39
4098	0	0	0.28	0.76	1.38
4099	0	0	0.27	0.76	1.39
4100	185.23	67.57	0.28	0.77	1.39
4101	0	0	0.28	0.77	1.39
4102	0	0	0.27	0.76	1.39
4103	0	0	0.28	0.77	1.38
4104	0	0	0.28	0.76	1.38
4105	0	0	0.28	0.76	1.38
4106	0	0	0.27	0.76	1.38
4107	0	0	0.28	0.76	1.37
4108	0	0	0.27	0.75	1.37
4109	0	0	0.27	0.75	1.37
4110	185.33	67.57	0.27	0.75	1.37
4111	0	0	0.27	0.75	1.37
4112	0	0	0.27	0.75	1.37
4113	0	0	0.27	0.75	1.37
4114	0	0	0.27	0.75	1.37
4115	0	0	0.27	0.75	1.37
4116	0	0	0.28	0.76	1.37
4117	0	0	0.27	0.75	1.37
4118	0	0	0.27	0.75	1.37
4119	0	0	0.27	0.75	1.37
4120	185.43	67.56	0.27	0.75	1.37
4121	0	0	0.27	0.75	1.37
4122	0	0	0.27	0.75	1.37
4123	0	0	0.27	0.75	1.38
4124	0	0	0.27	0.75	1.37
4125	0	0	0.28	0.76	1.37
4126	0	0	0.27	0.75	1.38
4127	0	0	0.28	0.76	1.38
4128	0	0	0.27	0.76	1.38
4129	0	0	0.27	0.76	1.38
4130	185.53	67.56	0.27	0.76	1.39
4131	0	0	0.27	0.76	1.39
4132	0	0	0.27	0.76	1.39
4133	0	0	0.27	0.76	1.39
4134	0	0	0.27	0.76	1.39
4135	0	0	0.28	0.76	1.38
4136	0	0	0.27	0.76	1.39
4137	0	0	0.27	0.76	1.38
4138	0	0	0.27	0.76	1.38
4139	0	0	0.27	0.76	1.39
4140	185.63	67.56	0.27	0.76	1.39
4141	0	0	0.27	0.76	1.38
4142	0	0	0.27	0.76	1.39
4143	0	0	0.27	0.76	1.38
4144	0	0	0.27	0.76	1.39
4145	0	0	0.27	0.76	1.38
4146	0	0	0.27	0.75	1.39
4147	0	0	0.27	0.76	1.38
4148	0	0	0.27	0.76	1.38
4149	0	0	0.27	0.76	1.38
4150	185.73	67.56	0.27	0.75	1.38
4151	0	0	0.27	0.75	1.38
4152	0	0	0.27	0.75	1.38
4153	0	0	0.27	0.76	1.38
4154	0	0	0.27	0.75	1.38
4155	0	0	0.27	0.75	1.38
4156	0	0	0.27	0.75	1.38
4157	0	0	0.27	0.75	1.38
4158	0	0	0.27	0.75	1.38
4159	0	0	0.27	0.75	1.38
4160	185.83	67.55	0.27	0.75	1.38
4161	0	0	0.27	0.75	1.38
4162	0	0	0.27	0.75	1.38
4163	0	0	0.27	0.75	1.38
4164	0	0	0.27	0.75	1.38
4165	0	0	0.27	0.75	1.37
4166	0	0	0.27	0.75	1.38
4167	0	0	0.27	0.74	1.38
4168	0	0	0.27	0.75	1.38
4169	0	0	0.27	0.75	1.37
4170	185.93	67.55	0.27	0.75	1.38
4171	0	0	0.27	0.75	1.38
4172	0	0	0.27	0.75	1.38
4173	0	0	0.27	0.75	1.38
4174	0	0	0.27	0.75	1.38
4175	0	0	0.27	0.75	1.38
4176	0	0	0.27	0.75	1.37
4177	0	0	0.27	0.75	1.37
4178	0	0	0.27	0.75	1.37
4179	0	0	0.27	0.74	1.37
4180	186.03	67.55	0.27	0.75	1.38
4181	0	0	0.27	0.75	1.37
4182	0	0	0.27	0.74	1.37
4183	0	0	0.27	0.74	1.37
4184	0	0	0.27	0.74	1.37
4185	0	0	0.27	0.74	1.37
4186	0	0	0.27	0.74	1.37
4187	0	0	0.27	0.74	1.36
4188	0	0	0.27	0.74	1.36
4189	0	0	0.27	0.74	1.36
4190	186.13	67.54	0.27	0.74	1.36
4191	0	0	0.27	0.74	1.36
4192	0	0	0.27	0.74	1.36
4193	0	0	0.27	0.74	1.37
4194	0	0	0.27	0.74	1.36
4195	0	0	0.27	0.74	1.37
4196	0	0	0.27	0.74	1.37
4197	0	0	0.27	0.74	1.37
4198	0	0	0.27	0.74	1.37
4200	0	0	0.27	0.74	1.36
4201	186.23	67.54	0.27	0.74	1.37
4202	0	0	0.27	0.74	1.37
4203	0	0	0.27	0.74	1.37
4204	0	0	0.27	0.73	1.37
4205	0	0	0.27	0.74	1.36
4206	0	0	0.27	0.74	1.36
4207	0	0	0.27	0.73	1.36
4208	0	0	0.27	0.74	1.37
4209	0	0	0.27	0.73	1.36
4210	0	0	0.27	0.74	1.36
4211	186.33	67.54	0.27	0.74	1.36
4212	0	0	0.27	0.74	1.36
4213	0	0	0.27	0.74	1.37
4214	0	0	0.27	0.74	1.37
4215	0	0	0.27	0.74	1.37
4216	0	0	0.27	0.74	1.36
4217	0	0	0.27	0.73	1.36
4218	0	0	0.27	0.73	1.37
4219	0	0	0.27	0.74	1.36
4220	0	0	0.27	0.74	1.36
4221	186.43	67.53	0.27	0.73	1.36
4222	0	0	0.27	0.73	1.36
4223	0	0	0.27	0.73	1.36
4224	0	0	0.27	0.73	1.36
4225	0	0	0.27	0.73	1.36
4226	0	0	0.27	0.73	1.36
4227	0	0	0.27	0.73	1.37
4228	0	0	0.27	0.74	1.36
4229	0	0	0.27	0.74	1.37
4230	0	0	0.27	0.73	1.37
4231	186.53	67.53	0.27	0.74	1.37
4232	0	0	0.27	0.74	1.37
4233	0	0	0.27	0.74	1.37
4234	0	0	0.27	0.74	1.37
4235	0	0	0.27	0.74	1.37
4236	0	0	0.27	0.73	1.37
4237	0	0	0.27	0.74	1.36
4238	0	0	0.27	0.74	1.37
4239	0	0	0.27	0.74	1.36
4240	0	0	0.27	0.74	1.36
4241	186.63	67.53	0.27	0.73	1.36
4242	0	0	0.27	0.73	1.37
4243	0	0	0.27	0.74	1.36
4244	0	0	0.27	0.74	1.37
4245	0	0	0.27	0.73	1.36
4246	0	0	0.27	0.73	1.36
4247	0	0	0.27	0.73	1.37
4248	0	0	0.27	0.73	1.36
4249	0	0	0.27	0.73	1.36
4250	0	0	0.27	0.73	1.36
4251	186.73	67.52	0.27	0.73	1.36
4252	0	0	0.27	0.73	1.36
4253	0	0	0.27	0.73	1.36
4254	0	0	0.27	0.73	1.36
4255	0	0	0.27	0.73	1.36
4256	0	0	0.27	0.73	1.36
4257	0	0	0.27	0.73	1.36
4258	0	0	0.27	0.73	1.36
4259	0	0	0.27	0.73	1.36
4260	0	0	0.27	0.73	1.36
4261	186.83	67.52	0.27	0.73	1.36
4262	0	0	0.27	0.73	1.36
4263	0	0	0.27	0.73	1.36
4264	0	0	0.27	0.73	1.36
4265	0	0	0.27	0.73	1.36
4266	0	0	0.27	0.73	1.36
4267	0	0	0.27	0.73	1.36
4268	0	0	0.27	0.73	1.36
4269	0	0	0.27	0.73	1.36
4270	0	0	0.27	0.73	1.36
4271	186.93	67.52	0.27	0.73	1.35
4272	0	0	0.27	0.73	1.36
4273	0	0	0.27	0.73	1.36
4274	0	0	0.27	0.73	1.36
4275	0	0	0.27	0.72	1.36
4276	0	0	0.27	0.73	1.36
4277	0	0	0.27	0.73	1.36
4278	0	0	0.27	0.72	1.36
4279	0	0	0.27	0.73	1.36
4280	0	0	0.27	0.73	1.35
4281	187.03	67.51	0.27	0.73	1.35
4282	0	0	0.27	0.73	1.36
4283	0	0	0.27	0.72	1.36
4284	0	0	0.27	0.72	1.35
4285	0	0	0.27	0.72	1.35
4286	0	0	0.27	0.73	1.36
4287	0	0	0.27	0.73	1.35
4288	0	0	0.27	0.72	1.35
4289	0	0	0.27	0.72	1.36
4290	0	0	0.27	0.72	1.35
4291	187.13	67.51	0.27	0.73	1.36
4292	0	0	0.27	0.73	1.35
4293	0	0	0.27	0.73	1.36
4294	0	0	0.27	0.73	1.36
4295	0	0	0.27	0.73	1.36
4296	0	0	0.27	0.73	1.37
4297	0	0	0.27	0.73	1.36
4298	0	0	0.27	0.73	1.36
4299	0	0	0.27	0.73	1.36
4300	0	0	0.27	0.73	1.36
4301	187.23	67.51	0.27	0.72	1.36
4302	0	0	0.27	0.72	1.36
4303	0	0	0.27	0.73	1.36
4304	0	0	0.27	0.73	1.36
4305	0	0	0.27	0.72	1.36
4306	0	0	0.27	0.72	1.36
4307	0	0	0.27	0.72	1.36
4308	0	0	0.27	0.72	1.36
4309	0	0	0.27	0.72	1.36
4310	0	0	0.27	0.72	1.36
4311	187.33	67.50	0.27	0.72	1.36
4312	0	0	0.27	0.73	1.36
4313	0	0	0.27	0.72	1.36
4314	0	0	0.27	0.72	1.36
4315	0	0	0.27	0.73	1.35
4316	0	0	0.27	0.73	1.36
4317	0	0	0.27	0.73	1.36
4318	0	0	0.27	0.72	1.35
4319	0	0	0.27	0.72	1.35
4320	0	0	0.27	0.72	1.35
4321	187.42	67.50	0.27	0.72	1.35
4322	0	0	0.27	0.72	1.35
4323	0	0	0.27	0.72	1.35
4324	0	0	0.27	0.72	1.35
4325	0	0	0.26	0.72	1.36
4326	0	0	0.27	0.72	1.35
4327	0	0	0.27	0.72	1.35
4328	0	0	0.27	0.72	1.35
4329	0	0	0.27	0.72	1.35
4330	0	0	0.27	0.72	1.35
4331	187.52	67.50	0.27	0.72	1.35
4332	0	0	0.27	0.72	1.35
4333	0	0	0.27	0.72	1.35
4334	0	0	0.27	0.72	1.35
4335	0	0	0.26	0.71	1.35
4336	0	0	0.27	0.72	1.35
4337	0	0	0.27	0.72	1.35
4338	0	0	0.27	0.72	1.35
4339	0	0	0.27	0.72	1.35
4340	0	0	0.26	0.71	1.35
4341	187.62	67.49	0.26	0.71	1.35
4342	0	0	0.27	0.71	1.34
4343	0	0	0.27	0.71	1.34
4344	0	0	0.26	0.71	1.34
4345	0	0	0.26	0.71	1.34
4346	0	0	0.27	0.71	1.33
4347	0	0	0.27	0.71	1.34
4348	0	0	0.26	0.71	1.34
4349	0	0	0.26	0.71	1.34
4350	0	0	0.26	0.71	1.34
4351	187.72	67.49	0.27	0.71	1.33
4352	0	0	0.27	0.71	1.33
4353	0	0	0.27	0.71	1.33
4354	0	0	0.27	0.71	1.32
4355	0	0	0.27	0.71	1.33
4356	0	0	0.26	0.70	1.33
4357	0	0	0.27	0.71	1.33
4358	0	0	0.27	0.71	1.32
4359	0	0	0.26	0.70	1.33
4360	0	0	0.27	0.71	1.33
4361	187.82	67.48	0.27	0.71	1.32
4362	0	0	0.27	0.71	1.33
4363	0	0	0.27	0.71	1.33
4364	0	0	0.27	0.70	1.32
4365	0	0	0.27	0.70	1.32
4366	0	0	0.27	0.70	1.32
4367	0	0	0.27	0.70	1.32
4368	0	0	0.26	0.70	1.33
4369	0	0	0.26	0.70	1.33
4370	0	0	0.27	0.70	1.32
4371	187.92	67.48	0.27	0.70	1.32
4372	0	0	0.27	0.71	1.33
4373	0	0	0.27	0.70	1.32
4374	0	0	0.27	0.70	1.32
4375	0	0	0.27	0.70	1.32
4376	0	0	0.27	0.70	1.32
4377	0	0	0.26	0.70	1.32
4378	0	0	0.26	0.70	1.32
4379	0	0	0.27	0.70	1.32
4380	0	0	0.27	0.70	1.32
4381	188.02	67.48	0.26	0.70	1.32
4382	0	0	0.26	0.70	1.32
4383	0	0	0.26	0.70	1.32
4384	0	0	0.26	0.70	1.32
4385	0	0	0.26	0.69	1.32
4386	0	0	0.26	0.70	1.32
4387	0	0	0.27	0.70	1.31
4388	0	0	0.26	0.70	1.32
4389	0	0	0.26	0.70	1.32
4390	0	0	0.26	0.70	1.32
4391	188.12	67.47	0.26	0.70	1.32
4392	0	0	0.26	0.70	1.32
4393	0	0	0.27	0.70	1.31
4394	0	0	0.26	0.70	1.32
4395	0	0	0.26	0.70	1.32
4396	0	0	0.27	0.70	1.31
4397	0	0	0.26	0.70	1.32
4398	0	0	0.26	0.70	1.32
4399	0	0	0.27	0.70	1.31
4400	0	0	0.27	0.70	1.31
4401	188.22	67.47	0.27	0.70	1.31
4402	0	0	0.27	0.70	1.31
4403	0	0	0.27	0.70	1.31
4404	0	0	0.26	0.69	1.31
4405	0	0	0.27	0.69	1.30
4406	0	0	0.26	0.69	1.30
4407	0	0	0.27	0.70	1.31
4408	0	0	0.27	0.69	1.30
4409	0	0	0.26	0.69	1.31
4410	0	0	0.27	0.69	1.30
4411	188.32	67.46	0.26	0.69	1.30
4412	0	0	0.27	0.69	1.30
4413	0	0	0.27	0.69	1.30
4414	0	0	0.27	0.69	1.30
4415	0	0	0.26	0.69	1.31
4416	0	0	0.27	0.69	1.30
4417	0	0	0.27	0.69	1.30
4418	0	0	0.26	0.69	1.30
4419	0	0	0.27	0.69	1.30
4420	0	0	0.27	0.69	1.30
4421	188.42	67.46	0.26	0.69	1.30
4422	0	0	0.27	0.69	1.30
4423	0	0	0.26	0.69	1.30
4424	0	0	0.27	0.69	1.30
4425	0	0	0.27	0.69	1.30
4426	0	0	0.27	0.69	1.30
4427	0	0	0.27	0.69	1.30
4428	0	0	0.27	0.69	1.30
4429	0	0	0.26	0.69	1.30
4430	0	0	0.27	0.69	1.30
4431	188.52	67.46	0.27	0.69	1.29
4432	0	0	0.26	0.68	1.30
4433	0	0	0.27	0.69	1.30
4434	0	0	0.26	0.68	1.30
4435	0	0	0.27	0.69	1.30
4436	0	0	0.26	0.68	1.30
4437	0	0	0.27	0.69	1.29
4438	0	0	0.27	0.68	1.29
4439	0	0	0.27	0.68	1.29
4440	0	0	0.27	0.68	1.29
4441	188.62	67.45	0.26	0.68	1.29
4442	0	0	0.27	0.68	1.29
4443	0	0	0.27	0.68	1.29
4444	0	0	0.26	0.68	1.29
4445	0	0	0.27	0.68	1.29
4446	0	0	0.27	0.68	1.28
4447	0	0	0.27	0.68	1.28
4448	0	0	0.27	0.68	1.28
4449	0	0	0.27	0.68	1.28
4450	0	0	0.26	0.68	1.29
4451	188.72	67.45	0.27	0.68	1.28
4452	0	0	0.26	0.67	1.28
4453	0	0	0.26	0.67	1.28
4454	0	0	0.26	0.67	1.28
4455	0	0	0.27	0.68	1.28
4456	0	0	0.26	0.67	1.28
4457	0	0	0.27	0.68	1.27
4458	0	0	0.27	0.67	1.27
4459	0	0	0.26	0.67	1.28
4460	0	0	0.26	0.67	1.28
4461	188.81	67.44	0.26	0.67	1.28
4462	0	0	0.26	0.67	1.28
4463	0	0	0.27	0.67	1.27
4464	0	0	0.26	0.67	1.28
4465	0	0	0.26	0.67	1.28
4466	0	0	0.27	0.68	1.27
4467	0	0	0.27	0.67	1.27
4468	0	0	0.27	0.67	1.27
4469	0	0	0.27	0.67	1.27
4470	0	0	0.27	0.67	1.27
4471	188.91	67.44	0.27	0.67	1.27
4472	0	0	0.27	0.67	1.27
4473	0	0	0.27	0.67	1.27
4474	0	0	0.27	0.67	1.27
4475	0	0	0.26	0.67	1.27
4476	0	0	0.26	0.67	1.27
4477	0	0	0.26	0.67	1.27
4478	0	0	0.26	0.67	1.27
4479	0	0	0.26	0.67	1.27
4480	0	0	0.26	0.67	1.27
4481	189.01	67.43	0.26	0.67	1.27
4482	0	0	0.26	0.67	1.27
4483	0	0	0.27	0.67	1.26
4484	0	0	0.27	0.67	1.27
4485	0	0	0.27	0.67	1.26
4486	0	0	0.27	0.67	1.27
4487	0	0	0.27	0.67	1.26
4488	0	0	0.26	0.67	1.27
4489	0	0	0.27	0.67	1.26
4490	0	0	0.26	0.67	1.27
4491	189.11	67.43	0.27	0.67	1.26
4492	0	0	0.27	0.67	1.27
4493	0	0	0.27	0.67	1.27
4494	0	0	0.27	0.67	1.26
4495	0	0	0.27	0.67	1.26
4496	0	0	0.27	0.67	1.26
4497	0	0	0.27	0.67	1.26
4498	0	0	0.26	0.67	1.27
4499	0	0	0.27	0.67	1.26
4500	0	0	0.27	0.67	1.26
4501	189.21	67.42	0.27	0.67	1.26
4502	0	0	0.27	0.67	1.26
4503	0	0	0.27	0.67	1.26
4504	0	0	0.27	0.67	1.26
4505	0	0	0.27	0.67	1.26
4506	0	0	0.27	0.67	1.26
4507	0	0	0.26	0.66	1.26
4508	0	0	0.27	0.67	1.25
4509	0	0	0.27	0.67	1.25
4510	0	0	0.27	0.66	1.25
4511	189.31	67.42	0.26	0.66	1.25
4512	0	0	0.26	0.66	1.25
4513	0	0	0.26	0.66	1.25
4514	0	0	0.26	0.66	1.25
4515	0	0	0.27	0.66	1.25
4516	0	0	0.27	0.66	1.25
4517	0	0	0.26	0.66	1.26
4518	0	0	0.26	0.66	1.25
4519	0	0	0.26	0.66	1.25
4520	0	0	0.27	0.66	1.25
4521	189.41	67.41	0.27	0.66	1.25
4522	0	0	0.27	0.66	1.25
4523	0	0	0.26	0.66	1.25
4524	0	0	0.26	0.66	1.26
4525	0	0	0.27	0.67	1.25
4526	0	0	0.27	0.67	1.25
4527	0	0	0.27	0.66	1.25
4528	0	0	0.27	0.67	1.26
4529	0	0	0.27	0.67	1.26
4530	0	0	0.27	0.67	1.26
4531	189.51	67.41	0.27	0.66	1.25
4532	0	0	0.26	0.66	1.25
4533	0	0	0.27	0.66	1.25
4534	0	0	0.27	0.66	1.25
4535	0	0	0.27	0.66	1.25
4536	0	0	0.27	0.66	1.25
4537	0	0	0.27	0.66	1.24
4538	0	0	0.27	0.66	1.24
4539	0	0	0.27	0.66	1.24
4540	0	0	0.26	0.66	1.25
4541	189.60	67.40	0.27	0.66	1.24
4542	0	0	0.26	0.65	1.24
4543	0	0	0.26	0.66	1.25
4544	0	0	0.26	0.66	1.25
4545	0	0	0.27	0.66	1.24
4546	0	0	0.27	0.66	1.24
4547	0	0	0.27	0.66	1.24
4548	0	0	0.26	0.65	1.25
4549	0	0	0.27	0.66	1.24
4550	0	0	0.27	0.66	1.24
4551	189.70	67.40	0.26	0.65	1.24
4552	0	0	0.26	0.65	1.24
4553	0	0	0.26	0.65	1.24
4554	0	0	0.26	0.65	1.24
4555	0	0	0.26	0.65	1.24
4556	0	0	0.26	0.65	1.24
4557	0	0	0.26	0.65	1.24
4558	0	0	0.27	0.65	1.23
4559	0	0	0.26	0.65	1.24
4560	0	0	0.26	0.65	1.23
4561	189.80	67.40	0.27	0.65	1.23
4562	0	0	0.27	0.65	1.23
4563	0	0	0.26	0.65	1.23
4564	0	0	0.26	0.65	1.23
4565	0	0	0.27	0.65	1.23
4566	0	0	0.26	0.65	1.23
4567	0	0	0.26	0.65	1.23
4568	0	0	0.26	0.65	1.23
4569	0	0	0.27	0.65	1.22
4570	0	0	0.26	0.65	1.22
4571	189.90	67.39	0.27	0.65	1.22
4572	0	0	0.27	0.65	1.22
4573	0	0	0.26	0.65	1.22
4574	0	0	0.27	0.65	1.22
4575	0	0	0.27	0.65	1.22
4576	0	0	0.27	0.65	1.22
4577	0	0	0.26	0.64	1.22
4578	0	0	0.26	0.64	1.22
4579	0	0	0.26	0.64	1.22
4580	0	0	0.27	0.65	1.22
4581	190.00	67.39	0.26	0.64	1.21
4582	0	0	0.27	0.65	1.21
4583	0	0	0.27	0.64	1.21
4584	0	0	0.27	0.64	1.21
4585	0	0	0.26	0.64	1.21
4586	0	0	0.26	0.64	1.20
4587	0	0	0.27	0.64	1.20
4588	0	0	0.26	0.64	1.20
4589	0	0	0.27	0.64	1.20
4590	0	0	0.26	0.63	1.20
4591	190.10	67.38	0.26	0.63	1.20
4592	0	0	0.27	0.64	1.20
4593	0	0	0.27	0.64	1.20
4594	0	0	0.27	0.64	1.20
4595	0	0	0.26	0.63	1.19
4596	0	0	0.26	0.63	1.20
4597	0	0	0.26	0.64	1.20
4598	0	0	0.26	0.64	1.20
4599	0	0	0.26	0.63	1.21
4600	0	0	0.26	0.64	1.20
4601	190.20	67.38	0.26	0.64	1.20
4602	0	0	0.26	0.63	1.20
4603	0	0	0.27	0.64	1.20
4604	0	0	0.26	0.63	1.19
4605	0	0	0.26	0.63	1.19
4606	0	0	0.27	0.63	1.19
4607	0	0	0.26	0.63	1.19
4608	0	0	0.26	0.63	1.18
4609	0	0	0.26	0.63	1.18
4610	0	0	0.26	0.62	1.19
4611	190.29	67.37	0.26	0.63	1.18
4612	0	0	0.26	0.62	1.18
4613	0	0	0.26	0.62	1.18
4614	0	0	0.26	0.62	1.18
4615	0	0	0.26	0.62	1.19
4616	0	0	0.26	0.63	1.18
4617	0	0	0.26	0.62	1.18
4618	0	0	0.26	0.62	1.19
4619	0	0	0.26	0.63	1.19
4620	0	0	0.26	0.63	1.18
4621	190.39	67.36	0.26	0.63	1.18
4622	0	0	0.26	0.63	1.19
4623	0	0	0.26	0.63	1.19
4624	0	0	0.26	0.63	1.19
4625	0	0	0.26	0.63	1.19
4626	0	0	0.26	0.63	1.19
4627	0	0	0.26	0.63	1.20
4628	0	0	0.26	0.63	1.19
4629	0	0	0.26	0.63	1.20
4630	0	0	0.26	0.63	1.20
4631	190.49	67.36	0.26	0.63	1.20
4632	0	0	0.26	0.63	1.20
4633	0	0	0.26	0.63	1.19
4634	0	0	0.26	0.63	1.20
4635	0	0	0.26	0.63	1.19
4636	0	0	0.26	0.63	1.19
4637	0	0	0.26	0.63	1.19
4638	0	0	0.26	0.63	1.19
4639	0	0	0.26	0.63	1.19
4640	190.59	67.35	0.26	0.63	1.20
4641	0	0	0.26	0.63	1.19
4642	0	0	0.26	0.63	1.20
4643	0	0	0.26	0.63	1.19
4644	0	0	0.26	0.63	1.20
4645	0	0	0.26	0.63	1.19
4646	0	0	0.26	0.62	1.19
4647	0	0	0.26	0.62	1.19
4648	0	0	0.26	0.62	1.18
4649	0	0	0.26	0.62	1.18
4650	190.69	67.35	0.26	0.62	1.19
4651	0	0	0.26	0.62	1.18
4652	0	0	0.26	0.62	1.18
4653	0	0	0.26	0.62	1.18
4654	0	0	0.26	0.62	1.18
4655	0	0	0.26	0.62	1.18
4656	0	0	0.26	0.62	1.19
4657	0	0	0.26	0.62	1.19
4658	0	0	0.26	0.62	1.19
4659	0	0	0.26	0.62	1.19
4660	190.78	67.34	0.26	0.62	1.19
4661	0	0	0.26	0.62	1.19
4662	0	0	0.26	0.62	1.19
4663	0	0	0.26	0.62	1.19
4665	0	0	0.26	0.62	1.19
4666	0	0	0.26	0.62	1.20
4667	0	0	0.26	0.62	1.19
4668	0	0	0.26	0.62	1.19
4669	0	0	0.26	0.62	1.19
4670	0	0	0.26	0.62	1.19
4671	190.88	67.34	0.26	0.62	1.18
4672	0	0	0.26	0.62	1.18
4673	0	0	0.26	0.62	1.18
4674	0	0	0.26	0.62	1.17
4675	0	0	0.26	0.61	1.18
4676	0	0	0.26	0.61	1.17
4677	0	0	0.26	0.61	1.17
4678	0	0	0.26	0.61	1.16
4679	0	0	0.26	0.61	1.16
4680	0	0	0.26	0.60	1.16
4681	190.98	67.33	0.26	0.60	1.16
4682	0	0	0.26	0.61	1.16
4683	0	0	0.26	0.61	1.16
4684	0	0	0.26	0.60	1.16
4685	0	0	0.26	0.60	1.17
4686	0	0	0.26	0.61	1.17
4687	0	0	0.26	0.61	1.17
4688	0	0	0.26	0.61	1.17
4689	0	0	0.26	0.62	1.17
4690	0	0	0.26	0.62	1.18
4691	191.08	67.33	0.26	0.61	1.18
4692	0	0	0.26	0.62	1.18
4693	0	0	0.26	0.61	1.18
4694	0	0	0.26	0.62	1.18
4695	0	0	0.26	0.61	1.18
4696	0	0	0.26	0.61	1.18
4697	0	0	0.26	0.61	1.18
4698	0	0	0.26	0.61	1.18
4699	0	0	0.26	0.61	1.17
4700	0	0	0.26	0.61	1.17
4701	191.18	67.32	0.26	0.61	1.17
4702	0	0	0.26	0.61	1.17
4703	0	0	0.26	0.61	1.17
4704	0	0	0.26	0.61	1.17
4705	0	0	0.26	0.61	1.17
4706	0	0	0.26	0.60	1.17
4707	0	0	0.26	0.60	1.17
4708	0	0	0.26	0.60	1.17
4709	0	0	0.26	0.60	1.17
4710	0	0	0.26	0.61	1.16
4711	191.28	67.32	0.26	0.61	1.16
4712	0	0	0.26	0.60	1.17
4713	0	0	0.26	0.60	1.16
4714	0	0	0.26	0.60	1.16
4715	0	0	0.26	0.60	1.16
4716	0	0	0.26	0.60	1.16
4717	0	0	0.26	0.60	1.16
4718	0	0	0.26	0.60	1.16
4719	0	0	0.26	0.60	1.16
4720	0	0	0.26	0.60	1.15
4721	191.37	67.31	0.26	0.60	1.15
4722	0	0	0.26	0.60	1.15
4723	0	0	0.26	0.60	1.15
4724	0	0	0.26	0.59	1.15
4725	0	0	0.26	0.60	1.15
4726	0	0	0.26	0.60	1.15
4727	0	0	0.26	0.59	1.15
4728	0	0	0.26	0.60	1.15
4729	0	0	0.26	0.60	1.16
4730	0	0	0.26	0.60	1.16
4731	191.47	67.30	0.26	0.60	1.16
4732	0	0	0.26	0.60	1.16
4733	0	0	0.26	0.60	1.15
4734	0	0	0.26	0.60	1.15
4735	0	0	0.26	0.60	1.15
4736	0	0	0.26	0.60	1.15
4737	0	0	0.26	0.60	1.15
4738	0	0	0.26	0.60	1.15
4739	0	0	0.26	0.60	1.15
4740	0	0	0.26	0.60	1.16
4741	191.57	67.30	0.26	0.60	1.16
4742	0	0	0.26	0.60	1.15
4743	0	0	0.26	0.60	1.16
4744	0	0	0.26	0.60	1.16
4745	0	0	0.26	0.60	1.16
4746	0	0	0.26	0.60	1.15
4747	0	0	0.26	0.60	1.15
4748	0	0	0.26	0.59	1.15
4749	0	0	0.26	0.59	1.15
4750	0	0	0.26	0.59	1.15
4751	191.67	67.29	0.26	0.59	1.14
4752	0	0	0.26	0.59	1.14
4753	0	0	0.26	0.59	1.14
4754	0	0	0.26	0.59	1.14
4755	0	0	0.26	0.59	1.14
4756	0	0	0.26	0.59	1.14
4757	0	0	0.26	0.59	1.15
4758	0	0	0.26	0.59	1.15
4759	0	0	0.26	0.59	1.14
4760	0	0	0.26	0.59	1.14
4761	191.76	67.29	0.26	0.59	1.15
4762	0	0	0.26	0.59	1.14
4763	0	0	0.26	0.59	1.14
4764	0	0	0.26	0.59	1.14
4765	0	0	0.26	0.59	1.14
4766	0	0	0.26	0.59	1.14
4767	0	0	0.26	0.59	1.14
4768	0	0	0.26	0.59	1.14
4769	0	0	0.26	0.59	1.14
4770	0	0	0.26	0.59	1.14
4771	191.86	67.28	0.26	0.59	1.14
4772	0	0	0.26	0.59	1.14
4773	0	0	0.26	0.59	1.14
4774	0	0	0.26	0.59	1.14
4775	0	0	0.26	0.59	1.14
4776	0	0	0.26	0.59	1.14
4777	0	0	0.26	0.59	1.14
4778	0	0	0.26	0.59	1.15
4779	0	0	0.26	0.59	1.15
4780	0	0	0.26	0.59	1.15
4781	191.96	67.27	0.26	0.59	1.15
4782	0	0	0.26	0.59	1.14
4783	0	0	0.26	0.59	1.14
4784	0	0	0.26	0.59	1.14
4785	0	0	0.26	0.58	1.14
4786	0	0	0.26	0.58	1.13
4787	0	0	0.26	0.58	1.14
4788	0	0	0.26	0.59	1.13
4789	0	0	0.26	0.58	1.14
4790	0	0	0.26	0.59	1.14
4791	192.07	67.27	0.26	0.59	1.14
4792	0	0	0.26	0.59	1.14
4793	0	0	0.26	0.59	1.14
4794	0	0	0.26	0.59	1.15
4795	0	0	0.26	0.59	1.15
4796	0	0	0.26	0.59	1.14
4797	0	0	0.26	0.59	1.14
4798	0	0	0.26	0.59	1.14
4799	0	0	0.26	0.59	1.14
4800	0	0	0.26	0.58	1.14
4801	192.17	67.26	0.26	0.58	1.13
4802	0	0	0.26	0.58	1.13
4803	0	0	0.26	0.58	1.12
4804	0	0	0.26	0.58	1.12
4805	0	0	0.26	0.57	1.12
4806	0	0	0.26	0.58	1.12
4807	0	0	0.26	0.57	1.12
4808	0	0	0.26	0.58	1.12
4809	0	0	0.25	0.57	1.12
4810	0	0	0.26	0.58	1.12
4811	192.26	67.26	0.26	0.58	1.12
4812	0	0	0.26	0.58	1.12
4813	0	0	0.26	0.58	1.13
4814	0	0	0.26	0.58	1.13
4815	0	0	0.26	0.58	1.13
4816	0	0	0.26	0.58	1.12
4817	0	0	0.26	0.58	1.12
4818	0	0	0.26	0.57	1.12
4819	0	0	0.26	0.57	1.12
4820	0	0	0.26	0.57	1.11
4821	192.36	67.25	0.26	0.57	1.11
4822	0	0	0.26	0.57	1.11
4823	0	0	0.26	0.57	1.11
4824	0	0	0.26	0.57	1.10
4825	0	0	0.26	0.57	1.10
4826	0	0	0.26	0.57	1.10
4827	0	0	0.26	0.57	1.10
4828	0	0	0.25	0.56	1.10
4829	0	0	0.26	0.57	1.11
4830	0	0	0.26	0.57	1.10
4831	192.46	67.24	0.26	0.57	1.10
4832	0	0	0.26	0.57	1.10
4833	0	0	0.26	0.57	1.10
4834	0	0	0.25	0.56	1.10
4835	0	0	0.26	0.56	1.10
4836	0	0	0.26	0.56	1.09
4837	0	0	0.26	0.56	1.09
4838	0	0	0.25	0.56	1.09
4839	0	0	0.25	0.56	1.09
4840	0	0	0.25	0.56	1.09
4841	192.56	67.24	0.25	0.56	1.09
4842	0	0	0.25	0.56	1.09
4843	0	0	0.26	0.56	1.10
4844	0	0	0.26	0.56	1.10
4845	0	0	0.26	0.56	1.10
4846	0	0	0.26	0.56	1.10
4847	0	0	0.26	0.56	1.10
4848	0	0	0.26	0.56	1.10
4849	0	0	0.26	0.56	1.09
4850	0	0	0.25	0.56	1.10
4851	192.65	67.23	0.25	0.56	1.09
4852	0	0	0.25	0.56	1.09
4853	0	0	0.25	0.56	1.09
4854	0	0	0.25	0.56	1.09
4855	0	0	0.26	0.56	1.09
4856	0	0	0.26	0.56	1.09
4857	0	0	0.26	0.56	1.09
4858	0	0	0.25	0.55	1.09
4859	0	0	0.26	0.55	1.08
4860	0	0	0.26	0.55	1.08
4861	192.75	67.22	0.26	0.55	1.08
4862	0	0	0.26	0.55	1.08
4863	0	0	0.26	0.55	1.08
4864	0	0	0.25	0.55	1.09
4865	0	0	0.26	0.56	1.09
4866	0	0	0.26	0.56	1.09
4867	0	0	0.26	0.56	1.09
4868	0	0	0.25	0.56	1.09
4869	0	0	0.25	0.56	1.09
4870	0	0	0.26	0.56	1.09
4871	192.85	67.22	0.26	0.56	1.10
4872	0	0	0.26	0.56	1.09
4873	0	0	0.26	0.56	1.09
4874	0	0	0.26	0.56	1.09
4875	0	0	0.26	0.56	1.09
4876	0	0	0.25	0.55	1.09
4877	0	0	0.25	0.56	1.09
4878	0	0	0.26	0.56	1.09
4879	0	0	0.26	0.56	1.09
4880	0	0	0.25	0.56	1.09
4881	192.95	67.21	0.26	0.56	1.09
4882	0	0	0.25	0.56	1.09
4883	0	0	0.25	0.55	1.09
4884	0	0	0.25	0.55	1.09
4885	0	0	0.25	0.55	1.09
4886	0	0	0.25	0.55	1.08
4887	0	0	0.26	0.55	1.07
4888	0	0	0.25	0.55	1.08
4889	0	0	0.26	0.55	1.07
4890	0	0	0.26	0.55	1.07
4891	193.04	67.20	0.26	0.55	1.07
4892	0	0	0.26	0.55	1.07
4893	0	0	0.26	0.55	1.07
4894	0	0	0.26	0.55	1.07
4895	0	0	0.25	0.55	1.08
4896	0	0	0.25	0.55	1.08
4897	0	0	0.25	0.55	1.08
4898	0	0	0.26	0.55	1.07
4899	0	0	0.25	0.54	1.07
4900	0	0	0.25	0.54	1.07
4901	193.14	67.20	0.25	0.54	1.07
4902	0	0	0.25	0.54	1.07
4903	0	0	0.25	0.54	1.07
4904	0	0	0.26	0.54	1.06
4905	0	0	0.25	0.54	1.07
4906	0	0	0.26	0.54	1.06
4907	0	0	0.26	0.54	1.06
4908	0	0	0.25	0.54	1.06
4909	0	0	0.25	0.54	1.06
4910	0	0	0.25	0.54	1.06
4911	193.24	67.19	0.26	0.54	1.06
4912	0	0	0.25	0.54	1.06
4913	0	0	0.26	0.54	1.06
4914	0	0	0.25	0.54	1.07
4915	0	0	0.25	0.54	1.07
4916	0	0	0.25	0.54	1.07
4917	0	0	0.26	0.55	1.07
4918	0	0	0.26	0.55	1.07
4919	0	0	0.25	0.54	1.08
4920	0	0	0.26	0.55	1.07
4921	193.33	67.18	0.26	0.55	1.07
4922	0	0	0.25	0.54	1.07
4923	0	0	0.25	0.54	1.07
4924	0	0	0.26	0.55	1.07
4925	0	0	0.26	0.55	1.07
4926	0	0	0.25	0.54	1.07
4927	0	0	0.26	0.55	1.07
4928	0	0	0.25	0.54	1.07
4929	0	0	0.25	0.54	1.07
4930	0	0	0.26	0.55	1.07
4931	193.43	67.18	0.26	0.55	1.07
4932	0	0	0.25	0.54	1.07
4933	0	0	0.26	0.55	1.07
4934	0	0	0.26	0.55	1.07
4935	0	0	0.25	0.55	1.08
4936	0	0	0.25	0.54	1.07
4937	0	0	0.25	0.54	1.07
4938	0	0	0.25	0.54	1.07
4939	0	0	0.25	0.54	1.07
4940	0	0	0.25	0.54	1.07
4941	193.53	67.17	0.25	0.54	1.07
4942	0	0	0.25	0.54	1.07
4943	0	0	0.25	0.54	1.07
4944	0	0	0.25	0.54	1.07
4945	0	0	0.25	0.54	1.07
4946	0	0	0.25	0.54	1.07
4947	0	0	0.25	0.54	1.07
4948	0	0	0.25	0.54	1.07
4949	0	0	0.25	0.54	1.07
4950	0	0	0.25	0.54	1.07
4951	193.62	67.16	0.25	0.54	1.07
4952	0	0	0.25	0.54	1.07
4953	0	0	0.25	0.54	1.07
4954	0	0	0.26	0.55	1.07
4955	0	0	0.25	0.54	1.07
4956	0	0	0.25	0.54	1.07
4957	0	0	0.25	0.54	1.07
4958	0	0	0.26	0.54	1.06
4959	0	0	0.26	0.54	1.06
4960	0	0	0.26	0.54	1.06
4961	193.72	67.16	0.26	0.54	1.06
4962	0	0	0.26	0.54	1.06
4963	0	0	0.26	0.54	1.06
4964	0	0	0.26	0.54	1.06
4965	0	0	0.26	0.54	1.06
4966	0	0	0.25	0.54	1.07
4967	0	0	0.25	0.54	1.07
4968	0	0	0.25	0.54	1.07
4969	0	0	0.25	0.54	1.07
4970	0	0	0.25	0.54	1.07
4971	193.82	67.15	0.26	0.54	1.06
4972	0	0	0.26	0.54	1.06
4973	0	0	0.25	0.54	1.07
4974	0	0	0.26	0.54	1.06
4975	0	0	0.26	0.54	1.06
4976	0	0	0.25	0.54	1.06
4977	0	0	0.25	0.54	1.06
4978	0	0	0.26	0.54	1.05
4979	0	0	0.25	0.53	1.06
4980	0	0	0.25	0.54	1.06
4981	193.91	67.14	0.26	0.54	1.05
4982	0	0	0.26	0.54	1.05
4983	0	0	0.26	0.54	1.05
4984	0	0	0.25	0.53	1.05
4985	0	0	0.25	0.53	1.05
4986	0	0	0.25	0.53	1.05
4987	0	0	0.25	0.53	1.05
4988	0	0	0.25	0.53	1.05
4989	0	0	0.25	0.53	1.05
4990	0	0	0.25	0.53	1.04
4991	194.01	67.14	0.26	0.53	1.04
4992	0	0	0.25	0.53	1.05
4993	0	0	0.25	0.53	1.05
4994	0	0	0.25	0.53	1.05
4995	0	0	0.26	0.53	1.04
4996	0	0	0.25	0.53	1.05
4997	0	0	0.25	0.53	1.05
4998	0	0	0.25	0.53	1.05
4999	0	0	0.25	0.53	1.05
5000	0	0	0.25	0.53	1.05
5001	194.11	67.13	0.25	0.53	1.05
5002	0	0	0.25	0.53	1.05
5003	0	0	0.26	0.54	1.05
5004	0	0	0.25	0.53	1.05
5005	0	0	0.25	0.53	1.05
5006	0	0	0.25	0.53	1.05
5007	0	0	0.25	0.53	1.05
5008	0	0	0.25	0.53	1.05
5009	0	0	0.25	0.53	1.05
5010	0	0	0.25	0.53	1.05
5011	194.20	67.12	0.25	0.53	1.05
5012	0	0	0.25	0.53	1.05
5013	0	0	0.25	0.53	1.05
5014	0	0	0.25	0.53	1.05
5015	0	0	0.25	0.53	1.04
5016	0	0	0.25	0.53	1.04
5017	0	0	0.25	0.53	1.04
5018	0	0	0.25	0.52	1.04
5019	0	0	0.26	0.53	1.03
5020	0	0	0.26	0.53	1.03
5021	194.30	67.12	0.25	0.52	1.03
5022	0	0	0.25	0.52	1.03
5023	0	0	0.26	0.53	1.03
5024	0	0	0.25	0.52	1.03
5025	0	0	0.26	0.53	1.03
5026	0	0	0.25	0.52	1.03
5027	0	0	0.25	0.52	1.03
5028	0	0	0.25	0.52	1.03
5029	0	0	0.25	0.52	1.03
5030	0	0	0.25	0.52	1.04
5031	194.40	67.11	0.25	0.52	1.03
5032	0	0	0.25	0.52	1.04
5033	0	0	0.25	0.52	1.03
5034	0	0	0.25	0.52	1.03
5035	0	0	0.25	0.52	1.03
5036	0	0	0.25	0.52	1.03
5037	0	0	0.25	0.52	1.03
5038	0	0	0.25	0.52	1.03
5039	0	0	0.25	0.52	1.03
5040	0	0	0.25	0.52	1.03
5041	194.49	67.10	0.25	0.52	1.03
5042	0	0	0.25	0.52	1.04
5043	0	0	0.25	0.53	1.04
5044	0	0	0.25	0.53	1.05
5045	0	0	0.25	0.53	1.05
5046	0	0	0.25	0.53	1.05
5047	0	0	0.25	0.53	1.05
5048	0	0	0.25	0.53	1.05
5049	0	0	0.25	0.53	1.06
5050	0	0	0.25	0.53	1.06
5051	194.59	67.09	0.25	0.54	1.06
5052	0	0	0.25	0.54	1.06
5053	0	0	0.25	0.54	1.07
5054	0	0	0.25	0.54	1.06
5055	0	0	0.25	0.54	1.07
5056	0	0	0.25	0.54	1.07
5057	0	0	0.25	0.54	1.07
5058	0	0	0.25	0.54	1.07
5059	0	0	0.25	0.54	1.07
5060	0	0	0.25	0.54	1.07
5061	194.69	67.09	0.25	0.54	1.07
5062	0	0	0.25	0.54	1.07
5063	0	0	0.25	0.54	1.08
5064	0	0	0.25	0.54	1.08
5065	0	0	0.25	0.55	1.08
5066	0	0	0.25	0.54	1.08
5067	0	0	0.25	0.55	1.08
5068	0	0	0.25	0.54	1.08
5069	0	0	0.25	0.54	1.08
5070	0	0	0.25	0.54	1.08
5071	194.78	67.08	0.25	0.54	1.08
5072	0	0	0.25	0.54	1.08
5073	0	0	0.25	0.54	1.07
5074	0	0	0.25	0.54	1.07
5075	0	0	0.25	0.54	1.08
5076	0	0	0.25	0.54	1.08
5077	0	0	0.25	0.54	1.08
5078	0	0	0.25	0.54	1.08
5079	0	0	0.25	0.54	1.08
5080	0	0	0.25	0.54	1.08
5081	194.88	67.07	0.25	0.54	1.08
5082	0	0	0.25	0.54	1.08
5083	0	0	0.25	0.54	1.08
5084	0	0	0.25	0.54	1.08
5085	0	0	0.25	0.54	1.08
5086	0	0	0.25	0.54	1.09
5087	0	0	0.25	0.54	1.09
5088	0	0	0.25	0.55	1.09
5089	0	0	0.25	0.55	1.09
5090	0	0	0.25	0.55	1.09
5091	194.97	67.06	0.25	0.55	1.09
5092	0	0	0.25	0.55	1.09
5093	0	0	0.25	0.55	1.09
5094	0	0	0.25	0.55	1.09
5095	0	0	0.25	0.55	1.09
5096	0	0	0.25	0.55	1.09
5097	0	0	0.25	0.55	1.09
5098	0	0	0.25	0.54	1.09
5099	0	0	0.25	0.55	1.09
5100	0	0	0.25	0.54	1.09
5101	195.07	67.06	0.25	0.54	1.09
5102	0	0	0.25	0.54	1.09
5103	0	0	0.25	0.54	1.08
5104	0	0	0.25	0.55	1.08
5105	0	0	0.25	0.54	1.08
5106	0	0	0.25	0.54	1.08
5107	0	0	0.25	0.54	1.09
5108	0	0	0.25	0.54	1.08
5109	0	0	0.25	0.54	1.09
5110	0	0	0.25	0.54	1.09
5111	195.17	67.05	0.25	0.55	1.09
5112	0	0	0.25	0.55	1.09
5113	0	0	0.25	0.55	1.09
5114	0	0	0.25	0.55	1.09
5115	0	0	0.25	0.55	1.09
5116	0	0	0.25	0.55	1.10
5117	0	0	0.25	0.55	1.09
5118	0	0	0.25	0.55	1.10
5119	0	0	0.25	0.55	1.10
5120	0	0	0.25	0.55	1.10
5121	195.26	67.04	0.25	0.55	1.10
5122	0	0	0.25	0.55	1.10
5123	0	0	0.25	0.56	1.10
5124	0	0	0.25	0.56	1.11
5125	0	0	0.25	0.56	1.11
5126	0	0	0.25	0.56	1.11
5127	0	0	0.25	0.56	1.11
5128	0	0	0.25	0.56	1.12
5129	0	0	0.25	0.56	1.12
5130	0	0	0.25	0.56	1.12
5131	195.36	67.03	0.25	0.56	1.12
5133	0	0	0.25	0.56	1.12
5134	0	0	0.25	0.56	1.12
5135	0	0	0.25	0.56	1.12
5136	0	0	0.25	0.56	1.12
5137	0	0	0.25	0.56	1.12
5138	0	0	0.25	0.56	1.13
5139	0	0	0.25	0.56	1.13
5140	0	0	0.25	0.56	1.13
5141	0	0	0.25	0.57	1.13
5142	195.46	67.03	0.25	0.57	1.13
5143	0	0	0.25	0.57	1.13
5144	0	0	0.25	0.56	1.13
5145	0	0	0.25	0.57	1.13
5146	0	0	0.25	0.57	1.14
5147	0	0	0.25	0.57	1.14
5148	0	0	0.25	0.57	1.14
5149	0	0	0.25	0.57	1.14
5150	0	0	0.25	0.57	1.15
5151	0	0	0.25	0.57	1.15
5152	195.55	67.02	0.25	0.57	1.15
5153	0	0	0.25	0.57	1.15
5154	0	0	0.25	0.58	1.15
5155	0	0	0.25	0.58	1.15
5156	0	0	0.25	0.57	1.15
5157	0	0	0.25	0.57	1.15
5158	0	0	0.25	0.57	1.15
5159	0	0	0.25	0.57	1.15
5160	0	0	0.25	0.57	1.15
5161	0	0	0.25	0.57	1.15
5162	195.65	67.01	0.25	0.57	1.15
5163	0	0	0.25	0.57	1.14
5164	0	0	0.25	0.57	1.14
5165	0	0	0.25	0.57	1.14
5166	0	0	0.25	0.57	1.14
5167	0	0	0.25	0.57	1.14
5168	0	0	0.25	0.57	1.14
5169	0	0	0.25	0.57	1.14
5170	0	0	0.25	0.57	1.14
5171	0	0	0.25	0.57	1.14
5172	195.74	67.00	0.25	0.57	1.14
5173	0	0	0.25	0.57	1.14
5174	0	0	0.25	0.57	1.14
5175	0	0	0.25	0.57	1.14
5176	0	0	0.25	0.57	1.14
5177	0	0	0.25	0.57	1.14
5178	0	0	0.25	0.57	1.14
5179	0	0	0.25	0.57	1.14
5180	0	0	0.25	0.57	1.14
5181	0	0	0.25	0.56	1.14
5182	195.84	66.99	0.25	0.57	1.14
5183	0	0	0.25	0.56	1.14
5184	0	0	0.25	0.56	1.13
5185	0	0	0.25	0.56	1.13
5186	0	0	0.25	0.56	1.13
5187	0	0	0.25	0.56	1.13
5188	0	0	0.25	0.56	1.14
5189	0	0	0.25	0.56	1.14
5190	0	0	0.25	0.56	1.14
5191	0	0	0.25	0.56	1.14
5192	195.93	66.99	0.25	0.57	1.13
5193	0	0	0.25	0.56	1.14
5194	0	0	0.25	0.56	1.13
5195	0	0	0.25	0.56	1.13
5196	0	0	0.25	0.56	1.13
5197	0	0	0.25	0.56	1.13
5198	0	0	0.25	0.56	1.13
5199	0	0	0.25	0.56	1.13
5200	0	0	0.25	0.56	1.13
5201	0	0	0.25	0.56	1.12
5202	196.03	66.98	0.25	0.56	1.12
5203	0	0	0.25	0.55	1.12
5204	0	0	0.25	0.55	1.12
5205	0	0	0.24	0.55	1.13
5206	0	0	0.25	0.55	1.12
5207	0	0	0.25	0.55	1.12
5208	0	0	0.25	0.56	1.12
5209	0	0	0.25	0.56	1.12
5210	0	0	0.25	0.56	1.13
5211	0	0	0.25	0.56	1.13
5212	196.13	66.97	0.25	0.56	1.13
5213	0	0	0.25	0.56	1.13
5214	0	0	0.25	0.56	1.13
5215	0	0	0.25	0.56	1.14
5216	0	0	0.25	0.57	1.14
5217	0	0	0.25	0.57	1.14
5218	0	0	0.25	0.57	1.14
5219	0	0	0.25	0.57	1.14
5220	0	0	0.25	0.57	1.15
5221	196.22	66.96	0.25	0.57	1.15
5222	0	0	0.25	0.57	1.15
5223	0	0	0.25	0.57	1.15
5224	0	0	0.25	0.57	1.15
5225	0	0	0.25	0.57	1.16
5226	0	0	0.25	0.57	1.16
5227	0	0	0.24	0.57	1.16
5228	0	0	0.24	0.57	1.16
5229	0	0	0.24	0.57	1.16
5230	0	0	0.24	0.57	1.16
5231	196.31	66.95	0.25	0.57	1.16
5232	0	0	0.25	0.57	1.15
5233	0	0	0.25	0.57	1.15
5234	0	0	0.25	0.57	1.15
5235	0	0	0.24	0.56	1.15
5236	0	0	0.25	0.57	1.14
5237	0	0	0.24	0.56	1.15
5238	0	0	0.25	0.56	1.14
5239	0	0	0.25	0.56	1.13
5240	0	0	0.25	0.56	1.14
5241	196.41	66.95	0.25	0.56	1.14
5242	0	0	0.25	0.56	1.14
5243	0	0	0.24	0.56	1.14
5244	0	0	0.25	0.56	1.13
5245	0	0	0.25	0.56	1.14
5246	0	0	0.24	0.56	1.14
5247	0	0	0.25	0.56	1.13
5248	0	0	0.25	0.56	1.13
5249	0	0	0.25	0.56	1.13
5250	0	0	0.25	0.56	1.13
5251	196.51	66.94	0.25	0.56	1.13
5252	0	0	0.25	0.56	1.13
5253	0	0	0.25	0.56	1.13
5254	0	0	0.24	0.55	1.13
5255	0	0	0.25	0.56	1.13
5256	0	0	0.24	0.56	1.14
5257	0	0	0.25	0.56	1.13
5258	0	0	0.25	0.56	1.13
5259	0	0	0.25	0.56	1.13
5260	0	0	0.25	0.56	1.13
5261	196.60	66.93	0.25	0.56	1.14
5262	0	0	0.25	0.56	1.13
5263	0	0	0.25	0.56	1.13
5264	0	0	0.25	0.56	1.13
5265	0	0	0.25	0.56	1.14
5266	0	0	0.24	0.56	1.14
5267	0	0	0.24	0.56	1.14
5268	0	0	0.24	0.56	1.14
5269	0	0	0.24	0.56	1.14
5270	0	0	0.24	0.55	1.14
5271	196.70	66.92	0.24	0.56	1.14
5272	0	0	0.25	0.56	1.14
5273	0	0	0.24	0.56	1.14
5274	0	0	0.24	0.56	1.15
5275	0	0	0.24	0.56	1.15
5276	0	0	0.25	0.56	1.14
5277	0	0	0.24	0.56	1.15
5278	0	0	0.24	0.56	1.15
5279	0	0	0.24	0.56	1.15
5280	0	0	0.24	0.56	1.15
5281	196.79	66.91	0.24	0.56	1.15
5282	0	0	0.24	0.56	1.15
5283	0	0	0.24	0.56	1.15
5284	0	0	0.24	0.56	1.15
5285	0	0	0.24	0.56	1.15
5286	0	0	0.24	0.56	1.15
5287	0	0	0.24	0.56	1.15
5288	0	0	0.24	0.56	1.15
5289	0	0	0.24	0.56	1.15
5290	0	0	0.24	0.56	1.15
5291	196.89	66.90	0.24	0.56	1.15
5292	0	0	0.24	0.56	1.15
5293	0	0	0.24	0.56	1.15
5294	0	0	0.24	0.56	1.15
5295	0	0	0.24	0.56	1.15
5296	0	0	0.24	0.56	1.15
5297	0	0	0.24	0.56	1.16
5298	0	0	0.24	0.56	1.15
5299	0	0	0.24	0.56	1.16
5300	0	0	0.24	0.57	1.16
5301	196.98	66.90	0.24	0.56	1.16
5302	0	0	0.24	0.56	1.16
5303	0	0	0.24	0.56	1.16
5304	0	0	0.24	0.57	1.16
5305	0	0	0.24	0.56	1.16
5306	0	0	0.24	0.56	1.16
5307	0	0	0.24	0.56	1.16
5308	0	0	0.24	0.56	1.16
5309	0	0	0.24	0.57	1.16
5310	0	0	0.24	0.57	1.16
5311	197.08	66.89	0.24	0.56	1.16
5312	0	0	0.24	0.56	1.16
5313	0	0	0.24	0.56	1.16
5314	0	0	0.24	0.56	1.16
5315	0	0	0.24	0.56	1.16
5316	0	0	0.24	0.56	1.16
5317	0	0	0.24	0.56	1.15
5318	0	0	0.24	0.56	1.15
5319	0	0	0.24	0.56	1.15
5320	0	0	0.24	0.56	1.15
5321	197.17	66.88	0.24	0.56	1.15
5322	0	0	0.24	0.56	1.15
5323	0	0	0.24	0.56	1.15
5324	0	0	0.24	0.56	1.15
5325	0	0	0.24	0.56	1.15
5326	0	0	0.24	0.56	1.15
5327	0	0	0.24	0.56	1.15
5328	0	0	0.24	0.56	1.15
5329	0	0	0.24	0.56	1.15
5330	0	0	0.24	0.55	1.15
5331	197.27	66.87	0.24	0.55	1.14
5332	0	0	0.24	0.56	1.14
5333	0	0	0.24	0.55	1.15
5334	0	0	0.24	0.56	1.15
5335	0	0	0.24	0.56	1.15
5336	0	0	0.24	0.56	1.15
5337	0	0	0.24	0.56	1.15
5338	0	0	0.24	0.55	1.15
5339	0	0	0.24	0.55	1.15
5340	0	0	0.24	0.55	1.14
5341	197.36	66.86	0.24	0.55	1.14
5342	0	0	0.24	0.55	1.14
5343	0	0	0.24	0.55	1.14
5344	0	0	0.24	0.55	1.14
5345	0	0	0.24	0.55	1.13
5346	0	0	0.24	0.55	1.14
5347	0	0	0.24	0.55	1.14
5348	0	0	0.24	0.55	1.13
5349	0	0	0.24	0.55	1.13
5350	0	0	0.24	0.55	1.14
5351	197.46	66.85	0.24	0.55	1.13
5352	0	0	0.24	0.55	1.14
5353	0	0	0.24	0.55	1.13
5354	0	0	0.24	0.55	1.14
5355	0	0	0.24	0.55	1.14
5356	0	0	0.24	0.55	1.13
5357	0	0	0.24	0.55	1.13
5358	0	0	0.24	0.55	1.14
5359	0	0	0.24	0.55	1.13
5360	0	0	0.24	0.55	1.13
5361	197.55	66.84	0.24	0.55	1.13
5362	0	0	0.24	0.55	1.13
5363	0	0	0.24	0.55	1.13
5364	0	0	0.24	0.54	1.13
5365	0	0	0.24	0.55	1.13
5366	0	0	0.24	0.54	1.13
5367	0	0	0.24	0.55	1.14
5368	0	0	0.24	0.55	1.13
5369	0	0	0.24	0.55	1.14
5370	0	0	0.24	0.55	1.14
5371	197.65	66.84	0.24	0.55	1.14
5372	0	0	0.24	0.55	1.14
5373	0	0	0.24	0.55	1.14
5374	0	0	0.24	0.55	1.14
5375	0	0	0.24	0.55	1.14
5376	0	0	0.24	0.55	1.14
5377	0	0	0.24	0.55	1.14
5378	0	0	0.24	0.55	1.14
5379	0	0	0.24	0.55	1.13
5380	0	0	0.24	0.55	1.14
5381	197.74	66.83	0.24	0.55	1.14
5382	0	0	0.24	0.55	1.13
5383	0	0	0.24	0.55	1.13
5384	0	0	0.24	0.55	1.13
5385	0	0	0.24	0.55	1.14
5386	0	0	0.24	0.55	1.14
5387	0	0	0.24	0.54	1.13
5388	0	0	0.24	0.54	1.13
5389	0	0	0.24	0.54	1.14
5390	0	0	0.24	0.54	1.13
5391	197.83	66.82	0.24	0.54	1.13
5392	0	0	0.24	0.54	1.13
5393	0	0	0.24	0.54	1.13
5394	0	0	0.24	0.54	1.13
5395	0	0	0.24	0.54	1.13
5396	0	0	0.24	0.54	1.13
5397	0	0	0.24	0.54	1.13
5398	0	0	0.24	0.54	1.13
5399	0	0	0.24	0.54	1.13
5400	0	0	0.24	0.54	1.13
5401	197.93	66.81	0.24	0.54	1.13
5402	0	0	0.24	0.54	1.13
5403	0	0	0.24	0.54	1.13
5404	0	0	0.24	0.54	1.13
5405	0	0	0.24	0.54	1.13
5406	0	0	0.24	0.54	1.13
5407	0	0	0.24	0.54	1.14
5408	0	0	0.24	0.54	1.13
5409	0	0	0.24	0.54	1.14
5410	0	0	0.24	0.54	1.13
5411	198.02	66.80	0.24	0.54	1.14
5412	0	0	0.24	0.54	1.14
5413	0	0	0.24	0.54	1.13
5414	0	0	0.24	0.54	1.14
5415	0	0	0.24	0.54	1.14
5416	0	0	0.24	0.54	1.13
5417	0	0	0.24	0.54	1.13
5418	0	0	0.24	0.54	1.13
5419	0	0	0.24	0.54	1.13
5420	0	0	0.24	0.54	1.13
5421	198.12	66.79	0.24	0.54	1.13
5422	0	0	0.24	0.54	1.13
5423	0	0	0.24	0.54	1.13
5424	0	0	0.24	0.53	1.13
5425	0	0	0.24	0.54	1.13
5426	0	0	0.24	0.54	1.13
5427	0	0	0.24	0.54	1.13
5428	0	0	0.24	0.54	1.13
5429	0	0	0.24	0.54	1.13
5430	0	0	0.24	0.54	1.13
5431	198.21	66.78	0.24	0.54	1.12
5432	0	0	0.24	0.54	1.13
5433	0	0	0.24	0.53	1.12
5434	0	0	0.24	0.53	1.13
5435	0	0	0.24	0.54	1.13
5436	0	0	0.24	0.53	1.12
5437	0	0	0.24	0.53	1.12
5438	0	0	0.24	0.53	1.12
5439	0	0	0.24	0.53	1.12
5440	0	0	0.24	0.53	1.12
5441	198.31	66.77	0.24	0.53	1.12
5442	0	0	0.24	0.53	1.12
5443	0	0	0.24	0.53	1.12
5444	0	0	0.24	0.53	1.12
5445	0	0	0.24	0.53	1.11
5446	0	0	0.24	0.53	1.11
5447	0	0	0.24	0.53	1.12
5448	0	0	0.24	0.53	1.11
5449	0	0	0.24	0.53	1.11
5450	0	0	0.24	0.53	1.11
5451	198.40	66.76	0.24	0.53	1.11
5452	0	0	0.24	0.53	1.11
5453	0	0	0.24	0.53	1.11
5454	0	0	0.24	0.53	1.10
5455	0	0	0.24	0.52	1.10
5456	0	0	0.24	0.53	1.11
5457	0	0	0.24	0.52	1.11
5458	0	0	0.24	0.53	1.10
5459	0	0	0.24	0.52	1.10
5460	0	0	0.24	0.52	1.10
5461	198.49	66.75	0.24	0.52	1.10
5462	0	0	0.24	0.52	1.10
5463	0	0	0.24	0.52	1.10
5464	0	0	0.24	0.52	1.10
5465	0	0	0.24	0.52	1.10
5466	0	0	0.24	0.52	1.10
5467	0	0	0.24	0.52	1.10
5468	0	0	0.24	0.52	1.10
5469	0	0	0.24	0.52	1.10
5470	0	0	0.24	0.52	1.10
5471	198.59	66.75	0.24	0.52	1.10
5472	0	0	0.24	0.52	1.10
5473	0	0	0.24	0.52	1.10
5474	0	0	0.24	0.52	1.11
5475	0	0	0.24	0.53	1.11
5476	0	0	0.24	0.52	1.10
5477	0	0	0.24	0.52	1.11
5478	0	0	0.24	0.52	1.10
5479	0	0	0.24	0.52	1.10
5480	0	0	0.24	0.52	1.10
5481	198.68	66.74	0.23	0.52	1.11
5482	0	0	0.24	0.52	1.10
5483	0	0	0.24	0.52	1.10
5484	0	0	0.24	0.52	1.11
5485	0	0	0.24	0.52	1.10
5486	0	0	0.24	0.53	1.10
5487	0	0	0.24	0.52	1.11
5488	0	0	0.24	0.52	1.11
5489	0	0	0.24	0.53	1.11
5490	0	0	0.24	0.52	1.11
5491	198.77	66.73	0.23	0.52	1.11
5492	0	0	0.23	0.52	1.11
5493	0	0	0.24	0.53	1.11
5494	0	0	0.23	0.52	1.11
5495	0	0	0.23	0.52	1.11
5496	0	0	0.24	0.53	1.12
5497	0	0	0.24	0.53	1.11
5498	0	0	0.23	0.52	1.12
5499	0	0	0.24	0.53	1.12
5500	0	0	0.24	0.53	1.12
5501	198.87	66.72	0.24	0.53	1.12
5502	0	0	0.24	0.53	1.12
5503	0	0	0.24	0.53	1.12
5504	0	0	0.24	0.53	1.12
5505	0	0	0.24	0.53	1.12
5506	0	0	0.23	0.53	1.12
5507	0	0	0.24	0.53	1.12
5508	0	0	0.24	0.53	1.12
5509	0	0	0.24	0.53	1.12
5510	0	0	0.24	0.53	1.12
5511	198.96	66.71	0.24	0.53	1.12
5512	0	0	0.24	0.53	1.12
5513	0	0	0.24	0.53	1.11
5514	0	0	0.23	0.52	1.12
5515	0	0	0.24	0.53	1.12
5516	0	0	0.24	0.53	1.12
5517	0	0	0.23	0.52	1.12
5518	0	0	0.24	0.53	1.12
5519	0	0	0.23	0.52	1.12
5520	0	0	0.23	0.52	1.12
5521	199.06	66.70	0.24	0.53	1.12
5522	0	0	0.23	0.52	1.11
5523	0	0	0.23	0.52	1.12
5524	0	0	0.24	0.53	1.11
5525	0	0	0.23	0.52	1.11
5526	0	0	0.23	0.52	1.11
5527	0	0	0.23	0.52	1.11
5528	0	0	0.24	0.52	1.11
5529	0	0	0.23	0.52	1.11
5530	0	0	0.24	0.52	1.11
5531	199.15	66.69	0.23	0.52	1.10
5532	0	0	0.24	0.52	1.11
5533	0	0	0.23	0.52	1.11
5534	0	0	0.23	0.52	1.11
5535	0	0	0.23	0.52	1.11
5536	0	0	0.23	0.52	1.11
5537	0	0	0.23	0.52	1.10
5538	0	0	0.23	0.51	1.10
5539	0	0	0.23	0.51	1.10
5540	0	0	0.23	0.52	1.10
5541	199.24	66.68	0.23	0.51	1.10
5542	0	0	0.23	0.52	1.10
5543	0	0	0.23	0.51	1.11
5544	0	0	0.23	0.51	1.10
5545	0	0	0.23	0.52	1.10
5546	0	0	0.23	0.51	1.10
5547	0	0	0.23	0.51	1.10
5548	0	0	0.23	0.51	1.10
5549	0	0	0.23	0.52	1.10
5550	0	0	0.23	0.51	1.10
5551	199.34	66.67	0.23	0.51	1.10
5552	0	0	0.23	0.51	1.10
5553	0	0	0.23	0.51	1.10
5554	0	0	0.23	0.51	1.10
5555	0	0	0.23	0.51	1.10
5556	0	0	0.23	0.51	1.10
5557	0	0	0.23	0.51	1.11
5558	0	0	0.23	0.51	1.10
5559	0	0	0.23	0.51	1.10
5560	0	0	0.23	0.51	1.10
5561	199.43	66.66	0.23	0.51	1.10
5562	0	0	0.24	0.52	1.10
5563	0	0	0.23	0.51	1.10
5564	0	0	0.23	0.51	1.10
5565	0	0	0.23	0.51	1.10
5566	0	0	0.23	0.51	1.10
5567	0	0	0.23	0.51	1.09
5568	0	0	0.23	0.51	1.09
5569	0	0	0.23	0.51	1.09
5570	0	0	0.23	0.51	1.09
5571	199.52	66.65	0.23	0.51	1.09
5572	0	0	0.23	0.51	1.10
5573	0	0	0.23	0.51	1.09
5574	0	0	0.23	0.51	1.09
5575	0	0	0.23	0.51	1.09
5576	0	0	0.23	0.51	1.10
5577	0	0	0.23	0.51	1.09
5578	0	0	0.23	0.51	1.10
5579	0	0	0.23	0.51	1.10
5580	0	0	0.23	0.51	1.10
5581	199.62	66.64	0.23	0.51	1.10
5582	0	0	0.23	0.51	1.11
5583	0	0	0.23	0.51	1.10
5584	0	0	0.23	0.51	1.10
5585	0	0	0.23	0.51	1.10
5586	0	0	0.23	0.51	1.10
5587	0	0	0.23	0.51	1.10
5588	0	0	0.23	0.51	1.10
5589	0	0	0.23	0.50	1.10
5590	0	0	0.23	0.51	1.10
5591	199.71	66.63	0.23	0.50	1.10
5592	0	0	0.23	0.51	1.10
5593	0	0	0.23	0.50	1.10
5594	0	0	0.23	0.51	1.09
5595	0	0	0.23	0.51	1.09
5596	0	0	0.23	0.50	1.10
5597	0	0	0.23	0.50	1.09
5598	0	0	0.23	0.50	1.09
5600	0	0	0.23	0.50	1.10
5601	0	0	0.23	0.50	1.09
5602	199.80	66.62	0.23	0.50	1.09
5603	0	0	0.23	0.50	1.09
5604	0	0	0.23	0.50	1.09
5605	0	0	0.23	0.50	1.09
5606	0	0	0.23	0.50	1.09
5607	0	0	0.23	0.50	1.09
5608	0	0	0.23	0.50	1.09
5609	0	0	0.23	0.50	1.09
5610	0	0	0.23	0.50	1.09
5611	0	0	0.23	0.50	1.09
5612	199.90	66.61	0.23	0.50	1.09
5613	0	0	0.23	0.50	1.09
5614	0	0	0.23	0.50	1.09
5615	0	0	0.23	0.50	1.10
5616	0	0	0.23	0.50	1.09
5617	0	0	0.23	0.50	1.09
5618	0	0	0.23	0.50	1.10
5619	0	0	0.23	0.50	1.09
5620	0	0	0.23	0.50	1.09
5621	0	0	0.23	0.50	1.10
5622	199.99	66.60	0.23	0.50	1.09
5623	0	0	0.23	0.50	1.09
5624	0	0	0.23	0.50	1.10
5625	0	0	0.23	0.50	1.09
5626	0	0	0.23	0.50	1.10
5627	0	0	0.23	0.50	1.10
5628	0	0	0.23	0.50	1.10
5629	0	0	0.23	0.50	1.10
5630	0	0	0.23	0.50	1.10
5631	0	0	0.23	0.50	1.10
5632	200.08	66.59	0.23	0.50	1.10
5633	0	0	0.23	0.50	1.09
5634	0	0	0.23	0.50	1.09
5635	0	0	0.23	0.49	1.09
5636	0	0	0.23	0.49	1.09
5637	0	0	0.23	0.49	1.09
5638	0	0	0.23	0.49	1.08
5639	0	0	0.23	0.49	1.09
5640	0	0	0.23	0.49	1.08
5641	0	0	0.23	0.49	1.08
5642	200.17	66.58	0.23	0.49	1.08
5643	0	0	0.23	0.49	1.08
5644	0	0	0.23	0.49	1.08
5645	0	0	0.23	0.49	1.09
5646	0	0	0.23	0.49	1.08
5647	0	0	0.23	0.49	1.08
5648	0	0	0.23	0.49	1.09
5649	0	0	0.23	0.49	1.09
5650	0	0	0.23	0.49	1.09
5651	0	0	0.23	0.49	1.09
5652	200.27	66.57	0.23	0.49	1.09
5653	0	0	0.23	0.49	1.09
5654	0	0	0.23	0.49	1.09
5655	0	0	0.23	0.49	1.09
5656	0	0	0.23	0.49	1.09
5657	0	0	0.23	0.49	1.09
5658	0	0	0.22	0.49	1.09
5659	0	0	0.23	0.49	1.09
5660	0	0	0.23	0.49	1.09
5661	0	0	0.23	0.49	1.09
5662	200.36	66.56	0.22	0.49	1.09
5663	0	0	0.22	0.49	1.09
5664	0	0	0.23	0.49	1.09
5665	0	0	0.22	0.49	1.09
5666	0	0	0.22	0.49	1.09
5667	0	0	0.22	0.49	1.09
5668	0	0	0.23	0.49	1.09
5669	0	0	0.23	0.49	1.09
5670	0	0	0.23	0.49	1.08
5671	0	0	0.22	0.48	1.08
5672	200.45	66.55	0.22	0.48	1.08
5673	0	0	0.22	0.48	1.08
5674	0	0	0.22	0.48	1.07
5675	0	0	0.22	0.48	1.07
5676	0	0	0.22	0.48	1.07
5677	0	0	0.22	0.48	1.07
5678	0	0	0.22	0.48	1.07
5679	0	0	0.22	0.48	1.07
5680	0	0	0.22	0.47	1.07
5681	0	0	0.22	0.47	1.07
5682	200.54	66.54	0.23	0.48	1.06
5683	0	0	0.22	0.48	1.07
5684	0	0	0.22	0.47	1.07
5685	0	0	0.23	0.48	1.06
5686	0	0	0.22	0.48	1.07
5687	0	0	0.23	0.48	1.06
5688	0	0	0.22	0.47	1.06
5689	0	0	0.22	0.47	1.06
5690	0	0	0.22	0.47	1.06
5691	0	0	0.22	0.47	1.06
5692	200.64	66.53	0.22	0.47	1.06
5693	0	0	0.22	0.47	1.06
5694	0	0	0.22	0.47	1.05
5695	0	0	0.22	0.47	1.05
5696	0	0	0.22	0.47	1.05
5697	0	0	0.22	0.47	1.05
5698	0	0	0.22	0.46	1.04
5699	0	0	0.22	0.46	1.04
5700	0	0	0.22	0.46	1.04
5701	0	0	0.22	0.46	1.04
5702	200.73	66.52	0.22	0.46	1.04
5703	0	0	0.22	0.46	1.04
5704	0	0	0.22	0.46	1.05
5705	0	0	0.23	0.47	1.04
5706	0	0	0.23	0.47	1.04
5707	0	0	0.22	0.46	1.04
5708	0	0	0.22	0.46	1.05
5709	0	0	0.22	0.46	1.05
5710	0	0	0.22	0.46	1.04
5711	0	0	0.22	0.46	1.04
5712	200.82	66.51	0.22	0.46	1.05
5713	0	0	0.22	0.46	1.05
5714	0	0	0.22	0.46	1.05
5715	0	0	0.22	0.47	1.05
5716	0	0	0.22	0.47	1.05
5717	0	0	0.22	0.46	1.05
5718	0	0	0.22	0.46	1.05
5719	0	0	0.22	0.46	1.05
5720	0	0	0.22	0.46	1.05
5721	0	0	0.22	0.46	1.04
5722	200.91	66.50	0.22	0.46	1.04
5723	0	0	0.22	0.46	1.04
5724	0	0	0.22	0.46	1.04
5725	0	0	0.23	0.46	1.03
5726	0	0	0.22	0.46	1.04
5727	0	0	0.22	0.46	1.04
5728	0	0	0.22	0.46	1.04
5729	0	0	0.22	0.46	1.04
5730	0	0	0.22	0.46	1.04
5731	0	0	0.22	0.46	1.04
5732	201.01	66.49	0.22	0.46	1.04
5733	0	0	0.22	0.46	1.04
5734	0	0	0.22	0.46	1.04
5735	0	0	0.22	0.46	1.04
5736	0	0	0.22	0.46	1.04
5737	0	0	0.22	0.46	1.04
5738	0	0	0.22	0.46	1.04
5739	0	0	0.22	0.46	1.04
5740	0	0	0.22	0.46	1.03
5741	0	0	0.22	0.46	1.03
5742	201.10	66.48	0.22	0.46	1.03
5743	0	0	0.22	0.46	1.03
5744	0	0	0.22	0.45	1.03
5745	0	0	0.22	0.45	1.03
5746	0	0	0.22	0.46	1.03
5747	0	0	0.22	0.46	1.03
5748	0	0	0.22	0.46	1.03
5749	0	0	0.22	0.45	1.04
5750	0	0	0.22	0.46	1.03
5751	0	0	0.22	0.46	1.03
5752	201.19	66.47	0.22	0.46	1.04
5753	0	0	0.22	0.45	1.04
5754	0	0	0.22	0.46	1.03
5755	0	0	0.22	0.46	1.04
5756	0	0	0.22	0.46	1.04
5757	0	0	0.22	0.45	1.04
5758	0	0	0.22	0.46	1.04
5759	0	0	0.22	0.45	1.04
5760	0	0	0.22	0.45	1.04
5761	0	0	0.22	0.45	1.04
5762	201.28	66.46	0.22	0.46	1.04
5763	0	0	0.22	0.45	1.04
5764	0	0	0.22	0.46	1.04
5765	0	0	0.22	0.46	1.04
5766	0	0	0.22	0.45	1.04
5767	0	0	0.22	0.46	1.04
5768	0	0	0.22	0.46	1.04
5769	0	0	0.22	0.45	1.03
5770	0	0	0.22	0.46	1.04
5771	0	0	0.22	0.46	1.04
5772	201.37	66.45	0.22	0.46	1.04
5773	0	0	0.22	0.46	1.04
5774	0	0	0.22	0.45	1.04
5775	0	0	0.22	0.45	1.04
5776	0	0	0.22	0.46	1.04
5777	0	0	0.22	0.45	1.04
5778	0	0	0.22	0.46	1.04
5779	0	0	0.22	0.45	1.04
5780	0	0	0.22	0.45	1.04
5781	0	0	0.22	0.45	1.04
5782	201.47	66.44	0.22	0.46	1.04
5783	0	0	0.22	0.45	1.04
5784	0	0	0.22	0.45	1.04
5785	0	0	0.22	0.45	1.04
5786	0	0	0.22	0.45	1.03
5787	0	0	0.22	0.45	1.03
5788	0	0	0.22	0.45	1.04
5789	0	0	0.22	0.45	1.04
5790	0	0	0.22	0.45	1.04
5791	0	0	0.22	0.45	1.04
5792	201.56	66.43	0.22	0.46	1.04
5793	0	0	0.22	0.46	1.04
5794	0	0	0.22	0.45	1.05
5795	0	0	0.22	0.45	1.04
5796	0	0	0.22	0.46	1.04
5797	0	0	0.22	0.45	1.04
5798	0	0	0.22	0.45	1.04
5799	0	0	0.22	0.46	1.05
5800	0	0	0.22	0.45	1.05
5801	201.65	66.42	0.22	0.46	1.06
5802	0	0	0.22	0.46	1.05
5803	0	0	0.22	0.46	1.05
5804	0	0	0.22	0.46	1.05
5805	0	0	0.22	0.46	1.05
5806	0	0	0.22	0.46	1.05
5807	0	0	0.22	0.46	1.05
5808	0	0	0.22	0.46	1.06
5809	0	0	0.22	0.46	1.06
5810	0	0	0.22	0.46	1.06
5811	201.74	66.41	0.22	0.46	1.06
5812	0	0	0.22	0.46	1.07
5813	0	0	0.22	0.46	1.07
5814	0	0	0.22	0.46	1.07
5815	0	0	0.22	0.46	1.07
5816	0	0	0.22	0.46	1.07
5817	0	0	0.22	0.46	1.07
5818	0	0	0.22	0.46	1.07
5819	0	0	0.22	0.46	1.07
5820	0	0	0.22	0.46	1.07
5821	201.83	66.39	0.22	0.46	1.07
5822	0	0	0.22	0.46	1.07
5823	0	0	0.22	0.46	1.07
5824	0	0	0.22	0.46	1.07
5825	0	0	0.22	0.46	1.07
5826	0	0	0.22	0.46	1.07
5827	0	0	0.22	0.46	1.07
5828	0	0	0.22	0.46	1.07
5829	0	0	0.22	0.46	1.07
5830	0	0	0.22	0.46	1.07
5831	201.92	66.38	0.22	0.46	1.07
5832	0	0	0.22	0.46	1.07
5833	0	0	0.22	0.46	1.07
5834	0	0	0.22	0.46	1.07
5835	0	0	0.22	0.46	1.07
5836	0	0	0.22	0.46	1.07
5837	0	0	0.22	0.46	1.07
5838	0	0	0.22	0.46	1.07
5839	0	0	0.22	0.46	1.07
5840	0	0	0.22	0.46	1.07
5841	202.02	66.37	0.22	0.46	1.06
5842	0	0	0.22	0.46	1.06
5843	0	0	0.22	0.46	1.07
5844	0	0	0.22	0.46	1.07
5845	0	0	0.22	0.46	1.07
5846	0	0	0.22	0.46	1.07
5847	0	0	0.22	0.46	1.07
5848	0	0	0.22	0.46	1.07
5849	0	0	0.22	0.46	1.07
5850	0	0	0.22	0.46	1.07
5851	202.11	66.36	0.22	0.46	1.06
5852	0	0	0.22	0.46	1.07
5853	0	0	0.22	0.46	1.07
5854	0	0	0.22	0.46	1.06
5855	0	0	0.22	0.46	1.06
5856	0	0	0.22	0.46	1.06
5857	0	0	0.22	0.46	1.06
5858	0	0	0.22	0.46	1.07
5859	0	0	0.22	0.46	1.06
5860	0	0	0.22	0.46	1.06
5861	202.20	66.35	0.22	0.46	1.06
5862	0	0	0.22	0.46	1.06
5863	0	0	0.22	0.46	1.06
5864	0	0	0.22	0.46	1.06
5865	0	0	0.22	0.46	1.05
5866	0	0	0.22	0.45	1.05
5867	0	0	0.22	0.45	1.04
5868	0	0	0.22	0.45	1.04
5869	0	0	0.22	0.45	1.04
5870	0	0	0.22	0.44	1.03
5871	202.29	66.34	0.22	0.45	1.03
5872	0	0	0.22	0.45	1.03
5873	0	0	0.22	0.45	1.03
5874	0	0	0.22	0.45	1.04
5875	0	0	0.22	0.45	1.04
5876	0	0	0.22	0.45	1.04
5877	0	0	0.22	0.45	1.05
5878	0	0	0.22	0.45	1.05
5879	0	0	0.22	0.45	1.05
5880	0	0	0.22	0.45	1.05
5881	202.38	66.33	0.22	0.45	1.05
5882	0	0	0.22	0.45	1.05
5883	0	0	0.22	0.45	1.05
5884	0	0	0.22	0.45	1.05
5885	0	0	0.22	0.45	1.05
5886	0	0	0.22	0.45	1.04
5887	0	0	0.22	0.45	1.04
5888	0	0	0.22	0.45	1.04
5889	0	0	0.21	0.44	1.04
5890	0	0	0.22	0.45	1.03
5891	202.47	66.32	0.22	0.44	1.03
5892	0	0	0.22	0.45	1.03
5893	0	0	0.22	0.44	1.03
5894	0	0	0.22	0.44	1.03
5895	0	0	0.22	0.44	1.02
5896	0	0	0.22	0.44	1.02
5897	0	0	0.22	0.44	1.02
5898	0	0	0.22	0.44	1.02
5899	0	0	0.22	0.44	1.02
5900	0	0	0.21	0.43	1.02
5901	202.56	66.31	0.22	0.44	1.02
5902	0	0	0.22	0.44	1.02
5903	0	0	0.22	0.44	1.02
5904	0	0	0.22	0.44	1.02
5905	0	0	0.22	0.44	1.02
5906	0	0	0.22	0.44	1.02
5907	0	0	0.22	0.44	1.02
5908	0	0	0.22	0.44	1.02
5909	0	0	0.22	0.44	1.02
5910	0	0	0.22	0.44	1.02
5911	202.65	66.30	0.22	0.44	1.02
5912	0	0	0.22	0.44	1.02
5913	0	0	0.22	0.44	1.02
5914	0	0	0.21	0.44	1.03
5915	0	0	0.22	0.44	1.03
5916	0	0	0.22	0.44	1.03
5917	0	0	0.22	0.44	1.03
5918	0	0	0.22	0.44	1.03
5919	0	0	0.22	0.45	1.03
5920	0	0	0.22	0.44	1.03
5921	202.74	66.28	0.22	0.44	1.03
5922	0	0	0.22	0.45	1.03
5923	0	0	0.22	0.44	1.03
5924	0	0	0.22	0.44	1.03
5925	0	0	0.22	0.44	1.03
5926	0	0	0.22	0.44	1.03
5927	0	0	0.22	0.44	1.03
5928	0	0	0.22	0.44	1.03
5929	0	0	0.22	0.44	1.03
5930	0	0	0.21	0.44	1.03
5931	202.84	66.27	0.21	0.44	1.03
5932	0	0	0.22	0.44	1.02
5933	0	0	0.22	0.44	1.02
5934	0	0	0.22	0.44	1.02
5935	0	0	0.22	0.44	1.02
5936	0	0	0.22	0.44	1.02
5937	0	0	0.21	0.43	1.02
5938	0	0	0.22	0.44	1.02
5939	0	0	0.21	0.43	1.01
5940	0	0	0.22	0.44	1.01
5941	202.93	66.26	0.22	0.44	1.02
5942	0	0	0.22	0.44	1.02
5943	0	0	0.21	0.43	1.02
5944	0	0	0.22	0.44	1.01
5945	0	0	0.22	0.44	1.02
5946	0	0	0.22	0.44	1.02
5947	0	0	0.22	0.44	1.02
5948	0	0	0.22	0.44	1.02
5949	0	0	0.22	0.44	1.02
5950	0	0	0.22	0.44	1.02
5951	203.02	66.25	0.22	0.44	1.02
5952	0	0	0.22	0.44	1.02
5953	0	0	0.22	0.44	1.02
5954	0	0	0.22	0.44	1.02
5955	0	0	0.22	0.44	1.01
5956	0	0	0.22	0.44	1.02
5957	0	0	0.22	0.44	1.01
5958	0	0	0.21	0.43	1.01
5959	0	0	0.21	0.43	1.01
5960	0	0	0.21	0.43	1.01
5961	203.11	66.24	0.22	0.44	1.02
5962	0	0	0.21	0.43	1.01
5963	0	0	0.22	0.44	1.01
5964	0	0	0.21	0.43	1.01
5965	0	0	0.22	0.44	1.01
5966	0	0	0.22	0.44	1.01
5967	0	0	0.21	0.43	1.01
5968	0	0	0.22	0.43	1.01
5969	0	0	0.21	0.43	1.01
5970	0	0	0.21	0.43	1.01
5971	203.20	66.23	0.22	0.43	1.01
5972	0	0	0.21	0.43	1.01
5973	0	0	0.21	0.43	1.00
5974	0	0	0.21	0.43	1.00
5975	0	0	0.22	0.43	1.00
5976	0	0	0.22	0.43	0.99
5977	0	0	0.22	0.43	0.99
5978	0	0	0.22	0.43	0.98
5979	0	0	0.21	0.42	0.98
5980	0	0	0.22	0.43	0.98
5981	203.29	66.22	0.22	0.42	0.97
5982	0	0	0.22	0.42	0.97
5983	0	0	0.22	0.42	0.97
5984	0	0	0.21	0.42	0.97
5985	0	0	0.22	0.42	0.96
5986	0	0	0.22	0.42	0.96
5987	0	0	0.22	0.42	0.96
5988	0	0	0.22	0.42	0.96
5989	0	0	0.22	0.42	0.96
5990	0	0	0.21	0.41	0.96
5991	203.38	66.20	0.22	0.42	0.96
5992	0	0	0.22	0.42	0.96
5993	0	0	0.22	0.42	0.96
5994	0	0	0.21	0.41	0.96
5995	0	0	0.22	0.42	0.96
5996	0	0	0.22	0.42	0.96
5997	0	0	0.21	0.41	0.96
5998	0	0	0.21	0.41	0.96
5999	0	0	0.21	0.41	0.96
6000	0	0	0.22	0.42	0.96
6001	203.47	66.19	0.22	0.42	0.96
6002	0	0	0.22	0.42	0.96
6003	0	0	0.22	0.42	0.96
6004	0	0	0.21	0.42	0.97
6005	0	0	0.21	0.42	0.97
6006	0	0	0.22	0.42	0.97
6007	0	0	0.21	0.42	0.97
6008	0	0	0.21	0.42	0.97
6009	0	0	0.21	0.42	0.97
6010	0	0	0.22	0.42	0.97
6011	203.56	66.18	0.21	0.41	0.96
6012	0	0	0.22	0.42	0.96
6013	0	0	0.22	0.41	0.95
6014	0	0	0.22	0.41	0.95
6015	0	0	0.22	0.41	0.95
6016	0	0	0.21	0.41	0.95
6017	0	0	0.22	0.41	0.95
6018	0	0	0.21	0.41	0.95
6019	0	0	0.22	0.41	0.95
6020	0	0	0.22	0.41	0.95
6021	203.65	66.17	0.22	0.41	0.94
6022	0	0	0.22	0.41	0.94
6023	0	0	0.21	0.40	0.93
6024	0	0	0.22	0.40	0.93
6025	0	0	0.21	0.40	0.92
6026	0	0	0.22	0.40	0.92
6027	0	0	0.21	0.40	0.92
6028	0	0	0.22	0.40	0.92
6029	0	0	0.21	0.40	0.92
6030	0	0	0.22	0.40	0.92
6031	203.74	66.16	0.21	0.40	0.93
6032	0	0	0.21	0.40	0.93
6033	0	0	0.21	0.40	0.93
6034	0	0	0.22	0.41	0.94
6035	0	0	0.22	0.41	0.94
6036	0	0	0.22	0.41	0.94
6037	0	0	0.21	0.40	0.94
6038	0	0	0.22	0.41	0.94
6039	0	0	0.21	0.40	0.94
6040	0	0	0.21	0.40	0.93
6041	203.83	66.15	0.21	0.40	0.93
6042	0	0	0.22	0.40	0.93
6043	0	0	0.22	0.40	0.93
6044	0	0	0.21	0.40	0.93
6045	0	0	0.22	0.40	0.93
6046	0	0	0.21	0.40	0.93
6047	0	0	0.21	0.40	0.93
6048	0	0	0.21	0.40	0.94
6049	0	0	0.22	0.41	0.94
6050	0	0	0.22	0.41	0.94
6051	203.92	66.13	0.21	0.41	0.95
6052	0	0	0.21	0.41	0.95
6053	0	0	0.21	0.41	0.95
6054	0	0	0.21	0.41	0.95
6055	0	0	0.21	0.41	0.95
6056	0	0	0.21	0.41	0.95
6057	0	0	0.21	0.41	0.95
6058	0	0	0.21	0.41	0.95
6059	0	0	0.21	0.41	0.95
6060	0	0	0.21	0.41	0.95
6061	204.01	66.12	0.21	0.41	0.95
6062	0	0	0.21	0.41	0.95
6063	0	0	0.21	0.41	0.95
6064	0	0	0.21	0.41	0.95
6066	0	0	0.21	0.41	0.95
6067	0	0	0.21	0.41	0.96
6068	0	0	0.21	0.41	0.96
6069	0	0	0.21	0.41	0.96
6070	0	0	0.21	0.41	0.96
6071	0	0	0.21	0.41	0.97
6072	204.10	66.11	0.21	0.41	0.97
6073	0	0	0.21	0.42	0.98
6074	0	0	0.21	0.42	0.98
6075	0	0	0.21	0.42	0.99
6076	0	0	0.21	0.42	0.99
6077	0	0	0.21	0.42	0.99
6078	0	0	0.21	0.42	0.98
6079	0	0	0.21	0.42	0.98
6080	0	0	0.21	0.42	0.98
6081	0	0	0.21	0.42	0.98
6082	204.19	66.10	0.21	0.42	0.98
6083	0	0	0.21	0.41	0.97
6084	0	0	0.21	0.41	0.97
6085	0	0	0.21	0.42	0.97
6086	0	0	0.21	0.42	0.97
6087	0	0	0.21	0.42	0.97
6088	0	0	0.21	0.41	0.97
6089	0	0	0.21	0.41	0.97
6090	0	0	0.21	0.41	0.97
6091	0	0	0.21	0.41	0.97
6092	204.28	66.09	0.21	0.41	0.96
6093	0	0	0.21	0.41	0.97
6094	0	0	0.21	0.41	0.96
6095	0	0	0.21	0.41	0.96
6096	0	0	0.21	0.41	0.96
6097	0	0	0.21	0.41	0.96
6098	0	0	0.21	0.41	0.96
6099	0	0	0.21	0.41	0.96
6100	0	0	0.21	0.41	0.96
6101	0	0	0.21	0.41	0.95
6102	204.37	66.08	0.21	0.41	0.95
6103	0	0	0.21	0.41	0.96
6104	0	0	0.21	0.41	0.96
6105	0	0	0.21	0.41	0.96
6106	0	0	0.21	0.41	0.95
6107	0	0	0.21	0.41	0.95
6108	0	0	0.21	0.40	0.95
6109	0	0	0.21	0.40	0.95
6110	0	0	0.21	0.40	0.95
6111	0	0	0.21	0.40	0.95
6112	204.46	66.06	0.21	0.40	0.95
6113	0	0	0.21	0.40	0.95
6114	0	0	0.21	0.41	0.95
6115	0	0	0.21	0.40	0.95
6116	0	0	0.21	0.40	0.95
6117	0	0	0.21	0.41	0.95
6118	0	0	0.21	0.41	0.95
6119	0	0	0.21	0.40	0.96
6120	0	0	0.21	0.40	0.95
6121	0	0	0.21	0.40	0.95
6122	204.55	66.05	0.21	0.40	0.95
6123	0	0	0.21	0.40	0.95
6124	0	0	0.21	0.40	0.95
6125	0	0	0.21	0.40	0.94
6126	0	0	0.21	0.40	0.95
6127	0	0	0.21	0.40	0.95
6128	0	0	0.21	0.40	0.94
6129	0	0	0.21	0.40	0.94
6130	0	0	0.21	0.40	0.94
6131	0	0	0.21	0.40	0.94
6132	204.64	66.04	0.21	0.39	0.93
6133	0	0	0.21	0.40	0.93
6134	0	0	0.21	0.40	0.93
6135	0	0	0.21	0.40	0.93
6136	0	0	0.21	0.39	0.93
6137	0	0	0.21	0.39	0.93
6138	0	0	0.21	0.39	0.93
6139	0	0	0.21	0.39	0.93
6140	0	0	0.21	0.39	0.93
6141	0	0	0.21	0.39	0.93
6142	204.73	66.03	0.21	0.39	0.93
6143	0	0	0.21	0.39	0.93
6144	0	0	0.21	0.39	0.93
6145	0	0	0.21	0.39	0.93
6146	0	0	0.21	0.39	0.93
6147	0	0	0.21	0.39	0.93
6148	0	0	0.21	0.39	0.93
6149	0	0	0.21	0.39	0.93
6150	0	0	0.21	0.39	0.93
6151	0	0	0.21	0.39	0.93
6152	204.81	66.01	0.21	0.39	0.93
6153	0	0	0.21	0.39	0.92
6154	0	0	0.21	0.39	0.92
6155	0	0	0.21	0.39	0.92
6156	0	0	0.21	0.39	0.92
6157	0	0	0.21	0.39	0.92
6158	0	0	0.21	0.39	0.92
6159	0	0	0.21	0.39	0.92
6160	0	0	0.21	0.39	0.93
6161	0	0	0.21	0.39	0.92
6162	204.90	66.00	0.21	0.39	0.92
6163	0	0	0.21	0.39	0.92
6164	0	0	0.21	0.39	0.92
6165	0	0	0.21	0.39	0.92
6166	0	0	0.21	0.38	0.92
6167	0	0	0.21	0.38	0.92
6168	0	0	0.21	0.39	0.92
6169	0	0	0.21	0.38	0.92
6170	0	0	0.21	0.39	0.92
6171	0	0	0.21	0.39	0.92
6172	204.99	65.99	0.21	0.39	0.93
6173	0	0	0.21	0.39	0.92
6174	0	0	0.21	0.39	0.93
6175	0	0	0.21	0.39	0.93
6176	0	0	0.21	0.38	0.93
6177	0	0	0.21	0.39	0.92
6178	0	0	0.21	0.39	0.92
6179	0	0	0.21	0.38	0.92
6180	0	0	0.21	0.38	0.92
6181	0	0	0.21	0.38	0.91
6182	205.08	65.98	0.21	0.38	0.91
6183	0	0	0.21	0.38	0.91
6184	0	0	0.21	0.38	0.91
6185	0	0	0.21	0.38	0.91
6186	0	0	0.21	0.38	0.91
6187	0	0	0.21	0.38	0.91
6188	0	0	0.21	0.38	0.91
6189	0	0	0.21	0.38	0.91
6190	0	0	0.21	0.38	0.91
6191	0	0	0.21	0.38	0.90
6192	205.17	65.97	0.21	0.38	0.91
6193	0	0	0.21	0.38	0.91
6194	0	0	0.21	0.38	0.91
6195	0	0	0.21	0.38	0.91
6196	0	0	0.21	0.38	0.91
6197	0	0	0.21	0.38	0.91
6198	0	0	0.21	0.38	0.92
6199	0	0	0.20	0.38	0.92
6200	0	0	0.21	0.38	0.91
6201	0	0	0.21	0.38	0.91
6202	205.26	65.95	0.21	0.38	0.91
6203	0	0	0.21	0.38	0.91
6204	0	0	0.21	0.38	0.91
6205	0	0	0.20	0.37	0.91
6206	0	0	0.21	0.37	0.90
6207	0	0	0.21	0.37	0.90
6208	0	0	0.21	0.37	0.90
6209	0	0	0.21	0.37	0.89
6210	0	0	0.20	0.37	0.89
6211	0	0	0.21	0.37	0.89
6212	205.35	65.94	0.21	0.37	0.89
6213	0	0	0.21	0.37	0.88
6214	0	0	0.21	0.37	0.88
6215	0	0	0.21	0.37	0.88
6216	0	0	0.21	0.36	0.88
6217	0	0	0.21	0.37	0.88
6218	0	0	0.21	0.36	0.88
6219	0	0	0.21	0.36	0.88
6220	0	0	0.21	0.36	0.87
6221	0	0	0.21	0.36	0.87
6222	205.44	65.93	0.21	0.36	0.87
6223	0	0	0.21	0.36	0.87
6224	0	0	0.21	0.36	0.87
6225	0	0	0.21	0.36	0.87
6226	0	0	0.20	0.36	0.87
6227	0	0	0.21	0.36	0.87
6228	0	0	0.21	0.36	0.87
6229	0	0	0.21	0.36	0.87
6230	0	0	0.21	0.36	0.87
6231	0	0	0.21	0.36	0.87
6232	205.52	65.92	0.21	0.36	0.87
6233	0	0	0.21	0.36	0.87
6234	0	0	0.21	0.36	0.87
6235	0	0	0.21	0.36	0.87
6236	0	0	0.21	0.36	0.87
6237	0	0	0.21	0.36	0.86
6238	0	0	0.21	0.36	0.86
6239	0	0	0.21	0.36	0.86
6240	0	0	0.21	0.36	0.86
6241	0	0	0.20	0.35	0.86
6242	205.61	65.90	0.20	0.35	0.86
6243	0	0	0.21	0.36	0.86
6244	0	0	0.21	0.35	0.86
6245	0	0	0.21	0.35	0.86
6246	0	0	0.21	0.35	0.86
6247	0	0	0.21	0.35	0.85
6248	0	0	0.21	0.35	0.85
6249	0	0	0.21	0.35	0.85
6250	0	0	0.20	0.35	0.85
6251	0	0	0.21	0.35	0.85
6252	205.70	65.89	0.21	0.35	0.85
6253	0	0	0.21	0.35	0.85
6254	0	0	0.21	0.35	0.85
6255	0	0	0.20	0.35	0.86
6256	0	0	0.21	0.35	0.85
6257	0	0	0.21	0.35	0.85
6258	0	0	0.21	0.35	0.85
6259	0	0	0.20	0.35	0.85
6260	0	0	0.21	0.35	0.85
6261	0	0	0.21	0.35	0.85
6262	205.79	65.88	0.21	0.35	0.85
6263	0	0	0.21	0.35	0.85
6264	0	0	0.20	0.35	0.85
6265	0	0	0.20	0.35	0.85
6266	0	0	0.21	0.35	0.85
6267	0	0	0.21	0.35	0.85
6268	0	0	0.21	0.35	0.85
6269	0	0	0.21	0.35	0.85
6270	0	0	0.21	0.35	0.85
6271	0	0	0.21	0.35	0.85
6272	205.88	65.87	0.21	0.35	0.84
6273	0	0	0.21	0.35	0.84
6274	0	0	0.21	0.35	0.84
6275	0	0	0.21	0.35	0.84
6276	0	0	0.21	0.35	0.85
6277	0	0	0.20	0.34	0.84
6278	0	0	0.21	0.35	0.85
6279	0	0	0.21	0.35	0.84
6280	0	0	0.21	0.35	0.84
6281	0	0	0.21	0.35	0.84
6282	205.97	65.85	0.20	0.34	0.84
6283	0	0	0.20	0.34	0.84
6284	0	0	0.21	0.35	0.84
6285	0	0	0.20	0.34	0.84
6286	0	0	0.21	0.35	0.83
6287	0	0	0.21	0.35	0.83
6288	0	0	0.21	0.35	0.84
6289	0	0	0.20	0.34	0.84
6290	0	0	0.21	0.35	0.83
6291	0	0	0.21	0.35	0.83
6292	206.05	65.84	0.21	0.34	0.83
6293	0	0	0.21	0.34	0.83
6294	0	0	0.21	0.34	0.83
6295	0	0	0.21	0.34	0.83
6296	0	0	0.21	0.34	0.83
6297	0	0	0.21	0.34	0.83
6298	0	0	0.21	0.34	0.83
6299	0	0	0.20	0.34	0.83
6300	0	0	0.21	0.34	0.83
6301	0	0	0.21	0.34	0.83
6302	206.14	65.83	0.21	0.34	0.83
6303	0	0	0.21	0.34	0.83
6304	0	0	0.21	0.35	0.83
6305	0	0	0.20	0.34	0.84
6306	0	0	0.20	0.34	0.84
6307	0	0	0.20	0.34	0.84
6308	0	0	0.20	0.34	0.84
6309	0	0	0.21	0.35	0.84
6310	0	0	0.20	0.34	0.84
6311	0	0	0.21	0.35	0.84
6312	206.23	65.81	0.20	0.34	0.84
6313	0	0	0.20	0.34	0.84
6314	0	0	0.20	0.34	0.84
6315	0	0	0.21	0.35	0.84
6316	0	0	0.21	0.35	0.84
6317	0	0	0.21	0.35	0.83
6318	0	0	0.20	0.34	0.84
6319	0	0	0.21	0.35	0.84
6320	0	0	0.21	0.35	0.84
6321	0	0	0.20	0.34	0.84
6322	206.32	65.80	0.20	0.34	0.84
6323	0	0	0.21	0.35	0.84
6324	0	0	0.21	0.35	0.84
6325	0	0	0.21	0.35	0.84
6326	0	0	0.21	0.35	0.85
6327	0	0	0.20	0.34	0.84
6328	0	0	0.21	0.35	0.85
6329	0	0	0.21	0.35	0.84
6330	0	0	0.21	0.35	0.84
6331	0	0	0.21	0.35	0.84
6332	206.40	65.79	0.21	0.35	0.84
6333	0	0	0.20	0.34	0.84
6334	0	0	0.20	0.34	0.84
6335	0	0	0.21	0.35	0.84
6336	0	0	0.21	0.35	0.84
6337	0	0	0.20	0.34	0.84
6338	0	0	0.20	0.34	0.84
6339	0	0	0.20	0.34	0.84
6340	0	0	0.20	0.34	0.84
6341	0	0	0.21	0.34	0.83
6342	206.49	65.78	0.21	0.34	0.83
6343	0	0	0.21	0.34	0.83
6344	0	0	0.21	0.34	0.83
6345	0	0	0.21	0.34	0.83
6346	0	0	0.21	0.34	0.83
6347	0	0	0.21	0.34	0.83
6348	0	0	0.21	0.34	0.83
6349	0	0	0.21	0.34	0.83
6350	0	0	0.21	0.34	0.83
6351	0	0	0.21	0.34	0.83
6352	206.58	65.76	0.20	0.34	0.83
6353	0	0	0.20	0.34	0.83
6354	0	0	0.21	0.34	0.83
6355	0	0	0.21	0.34	0.83
6356	0	0	0.21	0.34	0.83
6357	0	0	0.21	0.34	0.83
6358	0	0	0.21	0.34	0.83
6359	0	0	0.21	0.34	0.83
6360	0	0	0.20	0.34	0.84
6361	0	0	0.20	0.34	0.84
6362	206.67	65.75	0.21	0.34	0.83
6363	0	0	0.21	0.34	0.83
6364	0	0	0.21	0.34	0.83
6365	0	0	0.20	0.34	0.83
6366	0	0	0.21	0.34	0.82
6367	0	0	0.21	0.34	0.82
6368	0	0	0.20	0.33	0.82
6369	0	0	0.20	0.33	0.81
6370	0	0	0.21	0.33	0.81
6371	0	0	0.20	0.33	0.80
6372	206.76	65.74	0.20	0.33	0.80
6373	0	0	0.21	0.33	0.80
6374	0	0	0.21	0.33	0.80
6375	0	0	0.21	0.33	0.79
6376	0	0	0.21	0.33	0.79
6377	0	0	0.21	0.33	0.79
6378	0	0	0.21	0.33	0.79
6379	0	0	0.20	0.32	0.79
6380	0	0	0.21	0.33	0.79
6381	206.84	65.72	0.20	0.32	0.79
6382	0	0	0.21	0.33	0.79
6383	0	0	0.20	0.32	0.79
6384	0	0	0.20	0.32	0.79
6385	0	0	0.20	0.32	0.79
6386	0	0	0.20	0.32	0.79
6387	0	0	0.21	0.33	0.79
6388	0	0	0.20	0.32	0.79
6389	0	0	0.20	0.32	0.79
6390	0	0	0.21	0.32	0.78
6391	206.93	65.71	0.21	0.33	0.79
6392	0	0	0.20	0.32	0.79
6393	0	0	0.21	0.33	0.78
6394	0	0	0.21	0.32	0.78
6395	0	0	0.21	0.32	0.78
6396	0	0	0.21	0.32	0.78
6397	0	0	0.21	0.32	0.78
6398	0	0	0.20	0.32	0.78
6399	0	0	0.21	0.32	0.77
6400	0	0	0.21	0.32	0.77
6401	207.02	65.70	0.21	0.32	0.77
6402	0	0	0.21	0.32	0.77
6403	0	0	0.21	0.32	0.77
6404	0	0	0.20	0.32	0.78
6405	0	0	0.20	0.32	0.78
6406	0	0	0.21	0.32	0.78
6407	0	0	0.20	0.32	0.78
6408	0	0	0.20	0.32	0.78
6409	0	0	0.20	0.32	0.78
6410	0	0	0.20	0.32	0.78
6411	207.10	65.68	0.21	0.32	0.77
6412	0	0	0.20	0.31	0.77
6413	0	0	0.21	0.32	0.77
6414	0	0	0.21	0.32	0.77
6415	0	0	0.21	0.32	0.77
6416	0	0	0.21	0.32	0.77
6417	0	0	0.21	0.32	0.77
6418	0	0	0.21	0.32	0.77
6419	0	0	0.21	0.32	0.77
6420	0	0	0.21	0.32	0.77
6421	207.19	65.67	0.21	0.32	0.77
6422	0	0	0.21	0.32	0.77
6423	0	0	0.21	0.32	0.77
6424	0	0	0.21	0.32	0.77
6425	0	0	0.21	0.32	0.77
6426	0	0	0.21	0.32	0.77
6427	0	0	0.21	0.32	0.76
6428	0	0	0.21	0.31	0.76
6429	0	0	0.21	0.31	0.76
6430	0	0	0.21	0.31	0.76
6431	207.28	65.66	0.21	0.31	0.76
6432	0	0	0.21	0.32	0.76
6433	0	0	0.21	0.32	0.77
6434	0	0	0.21	0.32	0.77
6435	0	0	0.21	0.32	0.77
6436	0	0	0.20	0.31	0.77
6437	0	0	0.20	0.32	0.78
6438	0	0	0.20	0.32	0.78
6439	0	0	0.20	0.32	0.78
6440	0	0	0.20	0.32	0.78
6441	207.36	65.64	0.21	0.32	0.78
6442	0	0	0.20	0.32	0.78
6443	0	0	0.20	0.32	0.78
6444	0	0	0.21	0.32	0.78
6445	0	0	0.21	0.32	0.78
6446	0	0	0.20	0.32	0.79
6447	0	0	0.20	0.32	0.79
6448	0	0	0.20	0.32	0.79
6449	0	0	0.20	0.32	0.79
6450	0	0	0.20	0.32	0.79
6451	207.45	65.63	0.20	0.32	0.79
6452	0	0	0.21	0.32	0.78
6453	0	0	0.20	0.32	0.79
6454	0	0	0.20	0.32	0.78
6455	0	0	0.20	0.32	0.78
6456	0	0	0.21	0.32	0.78
6457	0	0	0.20	0.32	0.78
6458	0	0	0.21	0.32	0.78
6459	0	0	0.20	0.32	0.79
6460	0	0	0.20	0.32	0.79
6461	207.54	65.62	0.20	0.32	0.79
6462	0	0	0.20	0.33	0.80
6463	0	0	0.20	0.33	0.80
6464	0	0	0.20	0.33	0.80
6465	0	0	0.21	0.33	0.80
6466	0	0	0.20	0.33	0.81
6467	0	0	0.20	0.33	0.81
6468	0	0	0.20	0.33	0.81
6469	0	0	0.20	0.33	0.81
6470	0	0	0.20	0.33	0.81
6471	207.63	65.60	0.20	0.33	0.80
6472	0	0	0.20	0.33	0.80
6473	0	0	0.20	0.32	0.80
6474	0	0	0.21	0.33	0.80
6475	0	0	0.20	0.32	0.80
6476	0	0	0.20	0.32	0.79
6477	0	0	0.20	0.32	0.79
6478	0	0	0.20	0.32	0.79
6479	0	0	0.20	0.32	0.79
6480	0	0	0.20	0.32	0.79
6481	207.71	65.59	0.20	0.32	0.79
6482	0	0	0.20	0.32	0.79
6483	0	0	0.20	0.32	0.80
6484	0	0	0.21	0.33	0.80
6485	0	0	0.20	0.33	0.80
6486	0	0	0.20	0.33	0.81
6487	0	0	0.20	0.33	0.81
6488	0	0	0.20	0.33	0.81
6489	0	0	0.20	0.33	0.81
6490	0	0	0.20	0.33	0.82
6491	207.80	65.58	0.20	0.33	0.82
6492	0	0	0.20	0.33	0.82
6493	0	0	0.20	0.33	0.82
6494	0	0	0.20	0.33	0.82
6495	0	0	0.20	0.33	0.82
6496	0	0	0.21	0.34	0.82
6497	0	0	0.20	0.33	0.82
6498	0	0	0.20	0.33	0.83
6499	0	0	0.20	0.33	0.82
6500	0	0	0.20	0.33	0.83
6501	207.88	65.56	0.20	0.33	0.83
6502	0	0	0.20	0.34	0.83
6503	0	0	0.20	0.33	0.83
6504	0	0	0.20	0.33	0.82
6505	0	0	0.20	0.33	0.82
6506	0	0	0.20	0.33	0.82
6507	0	0	0.20	0.33	0.82
6508	0	0	0.20	0.33	0.81
6509	0	0	0.20	0.33	0.81
6510	0	0	0.20	0.33	0.81
6511	207.97	65.55	0.20	0.33	0.81
6512	0	0	0.20	0.32	0.80
6513	0	0	0.21	0.33	0.80
6514	0	0	0.20	0.32	0.80
6515	0	0	0.20	0.32	0.80
6516	0	0	0.20	0.32	0.79
6517	0	0	0.20	0.32	0.79
6518	0	0	0.20	0.32	0.79
6519	0	0	0.20	0.32	0.79
6520	0	0	0.20	0.32	0.79
6521	208.06	65.54	0.20	0.32	0.79
6522	0	0	0.20	0.32	0.78
6523	0	0	0.20	0.32	0.78
6524	0	0	0.20	0.32	0.78
6525	0	0	0.20	0.32	0.78
6526	0	0	0.20	0.32	0.78
6527	0	0	0.20	0.32	0.78
6528	0	0	0.20	0.32	0.78
6529	0	0	0.20	0.32	0.78
6530	0	0	0.20	0.32	0.78
6531	208.14	65.52	0.20	0.32	0.78
6532	0	0	0.21	0.32	0.77
6534	0	0	0.20	0.31	0.77
6535	0	0	0.20	0.31	0.77
6536	0	0	0.21	0.31	0.76
6537	0	0	0.21	0.31	0.76
6538	0	0	0.21	0.31	0.76
6539	0	0	0.21	0.31	0.76
6540	0	0	0.21	0.31	0.76
6541	0	0	0.20	0.31	0.76
6542	208.23	65.51	0.21	0.31	0.76
6543	0	0	0.21	0.31	0.76
6544	0	0	0.21	0.31	0.76
6545	0	0	0.21	0.31	0.76
6546	0	0	0.21	0.31	0.76
6547	0	0	0.21	0.31	0.76
6548	0	0	0.21	0.31	0.76
6549	0	0	0.20	0.31	0.77
6550	0	0	0.21	0.31	0.76
6551	0	0	0.20	0.31	0.77
6552	208.32	65.50	0.21	0.31	0.76
6553	0	0	0.20	0.31	0.77
6554	0	0	0.21	0.32	0.77
6555	0	0	0.21	0.32	0.77
6556	0	0	0.20	0.32	0.78
6557	0	0	0.20	0.32	0.78
6558	0	0	0.20	0.32	0.78
6559	0	0	0.21	0.32	0.78
6560	0	0	0.20	0.32	0.79
6561	0	0	0.20	0.32	0.79
6562	208.40	65.48	0.20	0.32	0.79
6563	0	0	0.20	0.32	0.80
6564	0	0	0.21	0.33	0.80
6565	0	0	0.20	0.32	0.80
6566	0	0	0.20	0.32	0.80
6567	0	0	0.20	0.32	0.80
6568	0	0	0.20	0.32	0.79
6569	0	0	0.20	0.32	0.79
6570	0	0	0.20	0.32	0.79
6571	0	0	0.20	0.32	0.79
6572	208.49	65.47	0.20	0.32	0.78
6573	0	0	0.20	0.32	0.78
6574	0	0	0.20	0.32	0.78
6575	0	0	0.20	0.32	0.78
6576	0	0	0.20	0.32	0.79
6577	0	0	0.20	0.32	0.79
6578	0	0	0.20	0.32	0.79
6579	0	0	0.20	0.32	0.79
6580	0	0	0.20	0.32	0.79
6581	0	0	0.20	0.32	0.79
6582	208.57	65.45	0.20	0.32	0.79
6583	0	0	0.20	0.32	0.78
6584	0	0	0.20	0.32	0.79
6585	0	0	0.20	0.32	0.78
6586	0	0	0.20	0.31	0.79
6587	0	0	0.20	0.32	0.78
6588	0	0	0.20	0.32	0.79
6589	0	0	0.20	0.32	0.79
6590	0	0	0.20	0.32	0.79
6591	0	0	0.20	0.32	0.79
6592	208.66	65.44	0.20	0.32	0.78
6593	0	0	0.20	0.32	0.79
6594	0	0	0.20	0.31	0.78
6595	0	0	0.20	0.32	0.78
6596	0	0	0.20	0.31	0.78
6597	0	0	0.20	0.31	0.78
6598	0	0	0.20	0.31	0.78
6599	0	0	0.20	0.31	0.78
6600	0	0	0.20	0.31	0.78
6601	0	0	0.20	0.32	0.78
6602	208.74	65.43	0.20	0.31	0.78
6603	0	0	0.20	0.31	0.78
6604	0	0	0.20	0.32	0.78
6605	0	0	0.20	0.32	0.78
6606	0	0	0.20	0.32	0.78
6607	0	0	0.20	0.31	0.78
6608	0	0	0.20	0.31	0.78
6609	0	0	0.20	0.32	0.79
6610	0	0	0.20	0.32	0.78
6611	0	0	0.20	0.32	0.79
6612	208.83	65.41	0.20	0.32	0.79
6613	0	0	0.20	0.31	0.79
6614	0	0	0.20	0.32	0.78
6615	0	0	0.20	0.32	0.78
6616	0	0	0.20	0.32	0.78
6617	0	0	0.20	0.31	0.78
6618	0	0	0.20	0.31	0.78
6619	0	0	0.20	0.32	0.78
6620	0	0	0.20	0.31	0.78
6621	0	0	0.20	0.31	0.78
6622	208.91	65.40	0.20	0.31	0.78
6623	0	0	0.20	0.31	0.78
6624	0	0	0.20	0.31	0.78
6625	0	0	0.20	0.31	0.78
6626	0	0	0.20	0.31	0.78
6627	0	0	0.20	0.32	0.78
6628	0	0	0.20	0.31	0.78
6629	0	0	0.20	0.31	0.77
6630	0	0	0.20	0.31	0.78
6631	0	0	0.20	0.31	0.77
6632	209.00	65.38	0.20	0.31	0.77
6633	0	0	0.20	0.31	0.77
6634	0	0	0.20	0.31	0.78
6635	0	0	0.20	0.31	0.78
6636	0	0	0.20	0.31	0.78
6637	0	0	0.20	0.31	0.78
6638	0	0	0.20	0.31	0.78
6639	0	0	0.20	0.31	0.78
6640	0	0	0.20	0.31	0.78
6641	0	0	0.20	0.31	0.78
6642	209.09	65.37	0.20	0.31	0.78
6643	0	0	0.20	0.31	0.78
6644	0	0	0.20	0.31	0.78
6645	0	0	0.20	0.31	0.78
6646	0	0	0.20	0.31	0.79
6647	0	0	0.20	0.32	0.79
6648	0	0	0.20	0.31	0.79
6649	0	0	0.20	0.32	0.79
6650	0	0	0.20	0.32	0.79
6651	0	0	0.20	0.32	0.79
6652	209.17	65.36	0.20	0.32	0.79
6653	0	0	0.20	0.32	0.80
6654	0	0	0.20	0.32	0.80
6655	0	0	0.20	0.32	0.80
6656	0	0	0.20	0.32	0.80
6657	0	0	0.20	0.32	0.80
6658	0	0	0.20	0.32	0.80
6659	0	0	0.20	0.32	0.80
6660	0	0	0.20	0.32	0.80
6661	0	0	0.20	0.32	0.80
6662	209.25	65.34	0.20	0.32	0.80
6663	0	0	0.20	0.32	0.80
6664	0	0	0.20	0.32	0.80
6665	0	0	0.20	0.32	0.80
6666	0	0	0.20	0.32	0.80
6667	0	0	0.20	0.32	0.80
6668	0	0	0.20	0.32	0.81
6669	0	0	0.20	0.32	0.81
6670	0	0	0.20	0.32	0.81
6671	0	0	0.20	0.32	0.81
6672	209.34	65.33	0.20	0.32	0.82
6673	0	0	0.20	0.33	0.82
6674	0	0	0.20	0.33	0.82
6675	0	0	0.20	0.33	0.83
6676	0	0	0.20	0.33	0.83
6677	0	0	0.20	0.33	0.83
6678	0	0	0.20	0.33	0.83
6679	0	0	0.20	0.33	0.84
6680	0	0	0.20	0.33	0.83
6681	0	0	0.20	0.33	0.83
6682	209.42	65.31	0.20	0.33	0.83
6683	0	0	0.20	0.33	0.83
6684	0	0	0.20	0.33	0.83
6685	0	0	0.20	0.33	0.83
6686	0	0	0.20	0.33	0.83
6687	0	0	0.20	0.33	0.83
6688	0	0	0.20	0.33	0.83
6689	0	0	0.20	0.33	0.83
6690	0	0	0.20	0.33	0.83
6691	0	0	0.20	0.33	0.83
6692	209.51	65.30	0.20	0.33	0.83
6693	0	0	0.20	0.33	0.82
6694	0	0	0.20	0.33	0.82
6695	0	0	0.20	0.32	0.82
6696	0	0	0.20	0.33	0.82
6697	0	0	0.20	0.33	0.82
6698	0	0	0.20	0.32	0.82
6699	0	0	0.20	0.32	0.82
6700	0	0	0.20	0.32	0.82
6701	0	0	0.20	0.33	0.82
6702	209.59	65.28	0.20	0.32	0.82
6703	0	0	0.20	0.33	0.82
6704	0	0	0.20	0.32	0.82
6705	0	0	0.20	0.33	0.82
6706	0	0	0.20	0.33	0.82
6707	0	0	0.20	0.33	0.82
6708	0	0	0.20	0.32	0.82
6709	0	0	0.20	0.33	0.82
6710	0	0	0.20	0.32	0.82
6711	0	0	0.20	0.32	0.82
6712	209.68	65.27	0.20	0.33	0.82
6713	0	0	0.20	0.33	0.83
6714	0	0	0.20	0.33	0.82
6715	0	0	0.20	0.33	0.83
6716	0	0	0.20	0.33	0.83
6717	0	0	0.20	0.33	0.83
6718	0	0	0.20	0.33	0.82
6719	0	0	0.20	0.33	0.83
6720	0	0	0.20	0.33	0.83
6721	0	0	0.20	0.33	0.83
6722	209.76	65.26	0.20	0.33	0.83
6723	0	0	0.20	0.33	0.83
6724	0	0	0.20	0.33	0.83
6725	0	0	0.19	0.32	0.83
6726	0	0	0.20	0.32	0.83
6727	0	0	0.20	0.32	0.83
6728	0	0	0.20	0.33	0.83
6729	0	0	0.20	0.32	0.83
6730	0	0	0.20	0.32	0.83
6731	0	0	0.20	0.33	0.83
6732	209.85	65.24	0.20	0.32	0.83
6733	0	0	0.20	0.33	0.83
6734	0	0	0.20	0.33	0.83
6735	0	0	0.20	0.33	0.83
6736	0	0	0.20	0.33	0.83
6737	0	0	0.20	0.33	0.83
6738	0	0	0.20	0.33	0.83
6739	0	0	0.20	0.33	0.83
6740	0	0	0.20	0.33	0.83
6741	0	0	0.19	0.32	0.83
6742	209.93	65.23	0.20	0.33	0.83
6743	0	0	0.20	0.33	0.83
6744	0	0	0.20	0.33	0.83
6745	0	0	0.20	0.33	0.83
6746	0	0	0.20	0.33	0.83
6747	0	0	0.19	0.32	0.83
6748	0	0	0.20	0.33	0.83
6749	0	0	0.20	0.33	0.83
6750	0	0	0.20	0.33	0.84
6751	0	0	0.20	0.33	0.84
6752	210.02	65.21	0.20	0.33	0.84
6753	0	0	0.20	0.33	0.84
6754	0	0	0.20	0.33	0.83
6755	0	0	0.20	0.33	0.84
6756	0	0	0.20	0.33	0.84
6757	0	0	0.19	0.32	0.83
6758	0	0	0.20	0.33	0.83
6759	0	0	0.20	0.33	0.83
6760	0	0	0.20	0.33	0.83
6761	0	0	0.20	0.33	0.83
6762	210.10	65.20	0.20	0.33	0.84
6763	0	0	0.20	0.33	0.84
6764	0	0	0.20	0.33	0.83
6765	0	0	0.19	0.32	0.84
6766	0	0	0.20	0.33	0.84
6767	0	0	0.20	0.33	0.83
6768	0	0	0.20	0.33	0.84
6769	0	0	0.20	0.33	0.84
6770	0	0	0.20	0.33	0.83
6771	0	0	0.20	0.33	0.83
6772	210.19	65.18	0.19	0.32	0.83
6773	0	0	0.19	0.32	0.83
6774	0	0	0.20	0.32	0.83
6775	0	0	0.20	0.32	0.83
6776	0	0	0.20	0.32	0.83
6777	0	0	0.20	0.32	0.83
6778	0	0	0.20	0.32	0.83
6779	0	0	0.20	0.32	0.83
6780	0	0	0.20	0.32	0.83
6781	0	0	0.20	0.32	0.82
6782	210.27	65.17	0.20	0.32	0.82
6783	0	0	0.20	0.32	0.82
6784	0	0	0.20	0.32	0.82
6785	0	0	0.20	0.32	0.82
6786	0	0	0.20	0.32	0.82
6787	0	0	0.20	0.32	0.82
6788	0	0	0.20	0.32	0.82
6789	0	0	0.20	0.32	0.82
6790	0	0	0.20	0.32	0.82
6791	0	0	0.20	0.32	0.82
6792	210.35	65.15	0.20	0.32	0.82
6793	0	0	0.19	0.32	0.82
6794	0	0	0.19	0.32	0.82
6795	0	0	0.19	0.32	0.82
6796	0	0	0.19	0.32	0.82
6797	0	0	0.20	0.32	0.81
6798	0	0	0.19	0.32	0.82
6799	0	0	0.20	0.32	0.81
6800	0	0	0.20	0.32	0.81
6801	0	0	0.20	0.32	0.81
6802	210.44	65.14	0.20	0.32	0.81
6803	0	0	0.19	0.31	0.81
6804	0	0	0.20	0.31	0.80
6805	0	0	0.20	0.31	0.80
6806	0	0	0.20	0.31	0.80
6807	0	0	0.20	0.31	0.80
6808	0	0	0.20	0.31	0.80
6809	0	0	0.20	0.31	0.80
6810	0	0	0.20	0.31	0.80
6811	0	0	0.20	0.31	0.80
6812	210.52	65.12	0.20	0.31	0.80
6813	0	0	0.20	0.31	0.80
6814	0	0	0.19	0.31	0.81
6815	0	0	0.19	0.31	0.81
6816	0	0	0.19	0.31	0.81
6817	0	0	0.20	0.32	0.81
6818	0	0	0.20	0.32	0.81
6819	0	0	0.20	0.32	0.81
6820	0	0	0.20	0.32	0.81
6821	0	0	0.19	0.31	0.81
6822	210.61	65.11	0.20	0.32	0.81
6823	0	0	0.19	0.32	0.82
6824	0	0	0.19	0.32	0.82
6825	0	0	0.19	0.32	0.82
6826	0	0	0.19	0.32	0.82
6827	0	0	0.19	0.32	0.82
6828	0	0	0.19	0.32	0.82
6829	0	0	0.19	0.32	0.82
6830	0	0	0.19	0.32	0.82
6831	0	0	0.19	0.32	0.82
6832	210.69	65.10	0.19	0.32	0.82
6833	0	0	0.19	0.32	0.82
6834	0	0	0.19	0.31	0.82
6835	0	0	0.19	0.31	0.82
6836	0	0	0.19	0.31	0.82
6837	0	0	0.20	0.32	0.81
6838	0	0	0.19	0.31	0.81
6839	0	0	0.19	0.31	0.82
6840	0	0	0.19	0.31	0.81
6841	0	0	0.19	0.31	0.82
6842	210.77	65.08	0.20	0.32	0.81
6843	0	0	0.19	0.31	0.81
6844	0	0	0.19	0.31	0.81
6845	0	0	0.19	0.31	0.81
6846	0	0	0.19	0.31	0.81
6847	0	0	0.19	0.31	0.81
6848	0	0	0.19	0.31	0.81
6849	0	0	0.19	0.31	0.81
6850	0	0	0.19	0.31	0.81
6851	0	0	0.19	0.31	0.81
6852	210.86	65.07	0.19	0.31	0.81
6853	0	0	0.19	0.31	0.81
6854	0	0	0.19	0.31	0.81
6855	0	0	0.19	0.31	0.81
6856	0	0	0.19	0.31	0.81
6857	0	0	0.19	0.31	0.81
6858	0	0	0.19	0.31	0.81
6859	0	0	0.19	0.31	0.81
6860	0	0	0.19	0.31	0.80
6861	0	0	0.19	0.31	0.80
6862	210.94	65.05	0.19	0.31	0.80
6863	0	0	0.19	0.31	0.80
6864	0	0	0.19	0.31	0.80
6865	0	0	0.19	0.31	0.80
6866	0	0	0.19	0.31	0.80
6867	0	0	0.19	0.31	0.80
6868	0	0	0.19	0.31	0.80
6869	0	0	0.19	0.31	0.80
6870	0	0	0.19	0.31	0.80
6871	0	0	0.19	0.31	0.80
6872	211.02	65.04	0.19	0.31	0.81
6873	0	0	0.19	0.31	0.81
6874	0	0	0.19	0.31	0.81
6875	0	0	0.19	0.31	0.81
6876	0	0	0.19	0.31	0.81
6877	0	0	0.19	0.31	0.81
6878	0	0	0.19	0.31	0.82
6879	0	0	0.19	0.31	0.82
6880	0	0	0.19	0.31	0.82
6881	0	0	0.19	0.31	0.82
6882	211.11	65.02	0.19	0.31	0.82
6883	0	0	0.19	0.31	0.82
6884	0	0	0.19	0.31	0.82
6885	0	0	0.19	0.31	0.82
6886	0	0	0.19	0.31	0.82
6887	0	0	0.19	0.31	0.82
6888	0	0	0.19	0.31	0.82
6889	0	0	0.19	0.31	0.82
6890	0	0	0.19	0.31	0.82
6891	0	0	0.19	0.31	0.82
6892	211.19	65.01	0.19	0.31	0.82
6893	0	0	0.19	0.31	0.82
6894	0	0	0.19	0.32	0.82
6895	0	0	0.19	0.31	0.82
6896	0	0	0.19	0.31	0.82
6897	0	0	0.19	0.31	0.82
6898	0	0	0.19	0.31	0.82
6899	0	0	0.19	0.31	0.82
6900	0	0	0.19	0.31	0.82
6901	0	0	0.19	0.31	0.82
6902	211.27	64.99	0.19	0.31	0.82
6903	0	0	0.19	0.31	0.82
6904	0	0	0.19	0.31	0.82
6905	0	0	0.19	0.31	0.82
6906	0	0	0.19	0.31	0.82
6907	0	0	0.19	0.31	0.82
6908	0	0	0.19	0.31	0.82
6909	0	0	0.19	0.31	0.82
6910	0	0	0.19	0.31	0.82
6911	0	0	0.19	0.31	0.82
6912	211.36	64.98	0.19	0.31	0.82
6913	0	0	0.19	0.31	0.82
6914	0	0	0.19	0.31	0.82
6915	0	0	0.19	0.31	0.82
6916	0	0	0.19	0.31	0.82
6917	0	0	0.19	0.31	0.82
6918	0	0	0.19	0.31	0.82
6919	0	0	0.19	0.31	0.82
6920	0	0	0.19	0.31	0.83
6921	0	0	0.19	0.31	0.83
6922	211.44	64.96	0.19	0.32	0.83
6923	0	0	0.19	0.32	0.83
6924	0	0	0.19	0.31	0.83
6925	0	0	0.19	0.31	0.83
6926	0	0	0.19	0.32	0.83
6927	0	0	0.19	0.31	0.83
6928	0	0	0.19	0.32	0.83
6929	0	0	0.19	0.31	0.83
6930	0	0	0.19	0.31	0.83
6931	0	0	0.19	0.32	0.83
6932	211.52	64.95	0.19	0.32	0.83
6933	0	0	0.19	0.32	0.83
6934	0	0	0.19	0.31	0.83
6935	0	0	0.19	0.31	0.83
6936	0	0	0.19	0.31	0.83
6937	0	0	0.19	0.31	0.83
6938	0	0	0.19	0.31	0.83
6939	0	0	0.19	0.31	0.82
6940	0	0	0.19	0.31	0.82
6941	0	0	0.19	0.31	0.83
6942	211.61	64.93	0.19	0.31	0.83
6943	0	0	0.19	0.31	0.83
6944	0	0	0.19	0.31	0.83
6945	0	0	0.19	0.31	0.83
6946	0	0	0.19	0.32	0.83
6947	0	0	0.19	0.32	0.83
6948	0	0	0.19	0.32	0.84
6949	0	0	0.19	0.32	0.84
6950	0	0	0.19	0.31	0.84
6951	0	0	0.19	0.31	0.84
6952	211.69	64.91	0.19	0.32	0.84
6953	0	0	0.19	0.32	0.84
6954	0	0	0.19	0.31	0.84
6955	0	0	0.19	0.32	0.84
6956	0	0	0.19	0.32	0.84
6957	0	0	0.19	0.32	0.84
6958	0	0	0.19	0.31	0.84
6959	0	0	0.19	0.32	0.84
6960	0	0	0.19	0.32	0.84
6961	211.77	64.90	0.19	0.32	0.84
6962	0	0	0.19	0.31	0.84
6963	0	0	0.19	0.32	0.84
6964	0	0	0.19	0.32	0.84
6965	0	0	0.19	0.32	0.84
6966	0	0	0.19	0.32	0.84
6967	0	0	0.19	0.31	0.83
6968	0	0	0.19	0.32	0.83
6969	0	0	0.19	0.31	0.84
6970	0	0	0.19	0.31	0.83
6971	211.85	64.88	0.19	0.31	0.83
6972	0	0	0.19	0.31	0.83
6973	0	0	0.19	0.31	0.83
6974	0	0	0.19	0.31	0.83
6975	0	0	0.19	0.31	0.83
6976	0	0	0.19	0.31	0.83
6977	0	0	0.19	0.31	0.83
6978	0	0	0.19	0.31	0.83
6979	0	0	0.19	0.31	0.83
6980	0	0	0.19	0.31	0.82
6981	211.94	64.87	0.19	0.31	0.82
6982	0	0	0.19	0.31	0.82
6983	0	0	0.19	0.31	0.82
6984	0	0	0.19	0.31	0.82
6985	0	0	0.19	0.31	0.82
6986	0	0	0.19	0.31	0.82
6987	0	0	0.19	0.31	0.82
6988	0	0	0.19	0.31	0.82
6989	0	0	0.19	0.31	0.82
6990	0	0	0.19	0.31	0.81
6991	212.02	64.85	0.19	0.30	0.81
6992	0	0	0.19	0.30	0.81
6993	0	0	0.19	0.31	0.81
6994	0	0	0.19	0.30	0.81
6995	0	0	0.19	0.30	0.81
6996	0	0	0.19	0.30	0.81
6997	0	0	0.19	0.30	0.81
6998	0	0	0.19	0.30	0.81
7000	0	0	0.19	0.30	0.81
7001	0	0	0.19	0.30	0.80
7002	212.10	64.84	0.19	0.30	0.81
7003	0	0	0.19	0.30	0.81
7004	0	0	0.19	0.30	0.80
7005	0	0	0.19	0.30	0.80
7006	0	0	0.19	0.30	0.80
7007	0	0	0.19	0.30	0.80
7008	0	0	0.19	0.30	0.80
7009	0	0	0.19	0.30	0.80
7010	0	0	0.19	0.30	0.80
7011	0	0	0.19	0.30	0.80
7012	212.18	64.82	0.19	0.30	0.80
7013	0	0	0.19	0.30	0.80
7014	0	0	0.19	0.30	0.80
7015	0	0	0.19	0.30	0.79
7016	0	0	0.19	0.30	0.79
7017	0	0	0.19	0.30	0.79
7018	0	0	0.19	0.30	0.80
7019	0	0	0.19	0.30	0.79
7020	0	0	0.19	0.30	0.79
7021	0	0	0.19	0.30	0.80
7022	212.26	64.81	0.19	0.30	0.80
7023	0	0	0.19	0.30	0.80
7024	0	0	0.19	0.30	0.80
7025	0	0	0.19	0.30	0.80
7026	0	0	0.19	0.30	0.80
7027	0	0	0.19	0.30	0.79
7028	0	0	0.19	0.30	0.80
7029	0	0	0.19	0.30	0.79
7030	0	0	0.19	0.30	0.79
7031	0	0	0.19	0.30	0.79
7032	212.34	64.79	0.19	0.30	0.79
7033	0	0	0.19	0.30	0.79
7034	0	0	0.19	0.29	0.79
7035	0	0	0.19	0.30	0.79
7036	0	0	0.19	0.30	0.79
7037	0	0	0.19	0.29	0.79
7038	0	0	0.19	0.29	0.79
7039	0	0	0.19	0.29	0.78
7040	0	0	0.18	0.29	0.78
7041	0	0	0.19	0.29	0.78
7042	212.43	64.78	0.19	0.29	0.78
7043	0	0	0.19	0.29	0.78
7044	0	0	0.18	0.29	0.78
7045	0	0	0.19	0.29	0.78
7046	0	0	0.19	0.29	0.78
7047	0	0	0.19	0.29	0.78
7048	0	0	0.19	0.29	0.78
7049	0	0	0.19	0.29	0.77
7050	0	0	0.19	0.29	0.77
7051	0	0	0.19	0.29	0.77
7052	212.51	64.76	0.19	0.29	0.77
7053	0	0	0.19	0.29	0.78
7054	0	0	0.19	0.29	0.78
7055	0	0	0.19	0.29	0.78
7056	0	0	0.18	0.29	0.78
7057	0	0	0.19	0.29	0.78
7058	0	0	0.19	0.29	0.78
7059	0	0	0.18	0.29	0.78
7060	0	0	0.18	0.29	0.78
7061	0	0	0.18	0.29	0.79
7062	212.59	64.74	0.19	0.29	0.79
7063	0	0	0.19	0.29	0.79
7064	0	0	0.19	0.29	0.79
7065	0	0	0.19	0.29	0.79
7066	0	0	0.19	0.29	0.79
7067	0	0	0.19	0.29	0.79
7068	0	0	0.19	0.29	0.79
7069	0	0	0.19	0.29	0.79
7070	0	0	0.19	0.29	0.79
7071	0	0	0.19	0.29	0.79
7072	212.67	64.73	0.18	0.29	0.79
7073	0	0	0.19	0.29	0.79
7074	0	0	0.18	0.29	0.79
7075	0	0	0.19	0.29	0.78
7076	0	0	0.18	0.29	0.78
7077	0	0	0.18	0.29	0.79
7078	0	0	0.18	0.29	0.78
7079	0	0	0.19	0.29	0.79
7080	0	0	0.19	0.29	0.79
7081	0	0	0.18	0.29	0.79
7082	212.75	64.71	0.18	0.29	0.78
7083	0	0	0.18	0.29	0.79
7084	0	0	0.18	0.29	0.78
7085	0	0	0.18	0.29	0.78
7086	0	0	0.18	0.29	0.79
7087	0	0	0.18	0.29	0.78
7088	0	0	0.19	0.29	0.79
7089	0	0	0.18	0.29	0.78
7090	0	0	0.18	0.29	0.79
7091	0	0	0.18	0.29	0.78
7092	212.83	64.70	0.18	0.29	0.78
7093	0	0	0.18	0.29	0.78
7094	0	0	0.18	0.29	0.78
7095	0	0	0.18	0.29	0.78
7096	0	0	0.18	0.29	0.79
7097	0	0	0.18	0.29	0.78
7098	0	0	0.18	0.29	0.79
7099	0	0	0.18	0.29	0.79
7100	0	0	0.18	0.29	0.79
7101	0	0	0.18	0.29	0.79
7102	212.92	64.68	0.18	0.29	0.79
7103	0	0	0.18	0.29	0.79
7104	0	0	0.18	0.29	0.79
7105	0	0	0.18	0.29	0.79
7106	0	0	0.18	0.29	0.79
7107	0	0	0.18	0.29	0.79
7108	0	0	0.18	0.29	0.79
7109	0	0	0.18	0.29	0.79
7110	0	0	0.18	0.29	0.79
7111	0	0	0.19	0.29	0.79
7112	213.00	64.67	0.18	0.29	0.79
7113	0	0	0.18	0.29	0.79
7114	0	0	0.18	0.29	0.79
7115	0	0	0.19	0.29	0.79
7116	0	0	0.18	0.29	0.79
7117	0	0	0.18	0.29	0.79
7118	0	0	0.18	0.29	0.79
7119	0	0	0.18	0.29	0.79
7120	0	0	0.18	0.29	0.79
7121	0	0	0.18	0.29	0.78
7122	213.08	64.65	0.18	0.29	0.79
7123	0	0	0.18	0.29	0.79
7124	0	0	0.18	0.29	0.79
7125	0	0	0.18	0.29	0.79
7126	0	0	0.18	0.29	0.79
7127	0	0	0.18	0.29	0.79
7128	0	0	0.18	0.29	0.79
7129	0	0	0.18	0.28	0.79
7130	0	0	0.18	0.28	0.79
7131	0	0	0.18	0.29	0.78
7132	213.16	64.63	0.18	0.28	0.78
7133	0	0	0.18	0.29	0.78
7134	0	0	0.18	0.29	0.78
7135	0	0	0.18	0.29	0.78
7136	0	0	0.18	0.29	0.78
7137	0	0	0.18	0.29	0.78
7138	0	0	0.19	0.29	0.78
7139	0	0	0.18	0.28	0.78
7140	0	0	0.18	0.28	0.78
7141	0	0	0.18	0.28	0.78
7142	213.24	64.62	0.19	0.29	0.78
7143	0	0	0.18	0.28	0.78
7144	0	0	0.18	0.28	0.78
7145	0	0	0.18	0.28	0.77
7146	0	0	0.18	0.28	0.78
7147	0	0	0.18	0.28	0.77
7148	0	0	0.18	0.28	0.77
7149	0	0	0.18	0.28	0.77
7150	0	0	0.18	0.28	0.77
7151	0	0	0.18	0.28	0.77
7152	213.32	64.60	0.18	0.28	0.77
7153	0	0	0.18	0.28	0.77
7154	0	0	0.18	0.28	0.77
7155	0	0	0.18	0.28	0.77
7156	0	0	0.18	0.28	0.77
7157	0	0	0.18	0.28	0.77
7158	0	0	0.18	0.28	0.76
7159	0	0	0.18	0.28	0.77
7160	0	0	0.18	0.28	0.77
7161	0	0	0.18	0.28	0.77
7162	213.40	64.59	0.18	0.28	0.77
7163	0	0	0.18	0.28	0.77
7164	0	0	0.18	0.28	0.77
7165	0	0	0.18	0.28	0.77
7166	0	0	0.18	0.28	0.77
7167	0	0	0.18	0.28	0.76
7168	0	0	0.18	0.28	0.77
7169	0	0	0.18	0.28	0.77
7170	0	0	0.18	0.28	0.76
7171	0	0	0.18	0.28	0.76
7172	213.48	64.57	0.18	0.28	0.76
7173	0	0	0.18	0.28	0.76
7174	0	0	0.18	0.28	0.76
7175	0	0	0.18	0.28	0.77
7176	0	0	0.18	0.28	0.76
7177	0	0	0.18	0.28	0.76
7178	0	0	0.18	0.28	0.77
7179	0	0	0.18	0.28	0.77
7180	0	0	0.18	0.28	0.77
7181	0	0	0.18	0.28	0.77
7182	213.57	64.55	0.18	0.28	0.77
7183	0	0	0.18	0.28	0.77
7184	0	0	0.18	0.28	0.77
7185	0	0	0.18	0.27	0.77
7186	0	0	0.18	0.28	0.77
7187	0	0	0.18	0.27	0.77
7188	0	0	0.18	0.28	0.77
7189	0	0	0.18	0.28	0.76
7190	0	0	0.18	0.28	0.77
7191	0	0	0.18	0.28	0.77
7192	213.65	64.54	0.18	0.27	0.76
7193	0	0	0.18	0.28	0.77
7194	0	0	0.18	0.28	0.77
7195	0	0	0.18	0.27	0.76
7196	0	0	0.18	0.28	0.76
7197	0	0	0.18	0.28	0.76
7198	0	0	0.18	0.28	0.76
7199	0	0	0.18	0.27	0.76
7200	0	0	0.18	0.27	0.76
7201	0	0	0.18	0.27	0.75
7202	213.73	64.52	0.18	0.27	0.76
7203	0	0	0.18	0.27	0.75
7204	0	0	0.18	0.27	0.75
7205	0	0	0.18	0.27	0.76
7206	0	0	0.19	0.28	0.75
7207	0	0	0.18	0.27	0.75
7208	0	0	0.19	0.28	0.75
7209	0	0	0.18	0.27	0.76
7210	0	0	0.18	0.28	0.76
7211	0	0	0.18	0.27	0.76
7212	213.82	64.50	0.18	0.27	0.76
7213	0	0	0.18	0.27	0.76
7214	0	0	0.18	0.27	0.76
7215	0	0	0.18	0.27	0.76
7216	0	0	0.18	0.27	0.76
7217	0	0	0.18	0.27	0.76
7218	0	0	0.18	0.28	0.76
7219	0	0	0.18	0.27	0.76
7220	0	0	0.18	0.27	0.76
7221	0	0	0.18	0.27	0.76
7222	213.90	64.49	0.18	0.27	0.76
7223	0	0	0.18	0.27	0.76
7224	0	0	0.18	0.27	0.76
7225	0	0	0.18	0.27	0.76
7226	0	0	0.18	0.28	0.76
7227	0	0	0.18	0.28	0.76
7228	0	0	0.18	0.27	0.76
7229	0	0	0.18	0.28	0.77
7230	0	0	0.18	0.27	0.77
7231	0	0	0.18	0.27	0.77
7232	213.98	64.47	0.18	0.28	0.76
7233	0	0	0.18	0.28	0.77
7234	0	0	0.18	0.28	0.76
7235	0	0	0.18	0.27	0.77
7236	0	0	0.18	0.27	0.77
7237	0	0	0.18	0.27	0.77
7238	0	0	0.18	0.27	0.77
7239	0	0	0.18	0.28	0.77
7240	0	0	0.18	0.27	0.76
7241	0	0	0.18	0.28	0.77
7242	214.06	64.46	0.18	0.28	0.76
7243	0	0	0.18	0.27	0.76
7244	0	0	0.18	0.27	0.76
7245	0	0	0.18	0.27	0.76
7246	0	0	0.18	0.27	0.76
7247	0	0	0.18	0.27	0.76
7248	0	0	0.18	0.27	0.76
7249	0	0	0.18	0.27	0.77
7250	0	0	0.18	0.27	0.76
7251	0	0	0.18	0.27	0.76
7252	214.14	64.44	0.18	0.27	0.76
7253	0	0	0.18	0.27	0.77
7254	0	0	0.18	0.27	0.76
7255	0	0	0.18	0.27	0.76
7256	0	0	0.18	0.27	0.76
7257	0	0	0.18	0.27	0.76
7258	0	0	0.18	0.27	0.76
7259	0	0	0.18	0.27	0.76
7260	0	0	0.18	0.27	0.76
7261	0	0	0.18	0.27	0.75
7262	214.22	64.42	0.18	0.27	0.76
7263	0	0	0.18	0.27	0.76
7264	0	0	0.18	0.27	0.76
7265	0	0	0.18	0.27	0.76
7266	0	0	0.18	0.27	0.75
7267	0	0	0.18	0.27	0.76
7268	0	0	0.18	0.27	0.76
7269	0	0	0.18	0.27	0.75
7270	0	0	0.18	0.27	0.76
7271	0	0	0.18	0.27	0.76
7272	214.30	64.41	0.18	0.27	0.76
7273	0	0	0.18	0.27	0.76
7274	0	0	0.18	0.27	0.75
7275	0	0	0.18	0.27	0.76
7276	0	0	0.18	0.27	0.76
7277	0	0	0.18	0.27	0.76
7278	0	0	0.18	0.27	0.76
7279	0	0	0.18	0.27	0.76
7280	0	0	0.18	0.27	0.76
7281	0	0	0.18	0.27	0.76
7282	214.38	64.39	0.18	0.27	0.76
7283	0	0	0.18	0.27	0.76
7284	0	0	0.18	0.27	0.76
7285	0	0	0.18	0.27	0.76
7286	0	0	0.18	0.27	0.76
7287	0	0	0.18	0.27	0.75
7288	0	0	0.18	0.27	0.76
7289	0	0	0.18	0.27	0.75
7290	0	0	0.18	0.27	0.76
7291	0	0	0.18	0.27	0.76
7292	214.46	64.37	0.18	0.27	0.75
7293	0	0	0.18	0.27	0.76
7294	0	0	0.18	0.27	0.76
7295	0	0	0.18	0.27	0.76
7296	0	0	0.18	0.27	0.76
7297	0	0	0.18	0.27	0.76
7298	0	0	0.18	0.27	0.75
7299	0	0	0.18	0.27	0.75
7300	0	0	0.18	0.27	0.75
7301	0	0	0.18	0.27	0.75
7302	214.54	64.36	0.18	0.27	0.75
7303	0	0	0.18	0.27	0.75
7304	0	0	0.18	0.27	0.75
7305	0	0	0.18	0.27	0.75
7306	0	0	0.18	0.27	0.75
7307	0	0	0.18	0.27	0.75
7308	0	0	0.18	0.27	0.75
7309	0	0	0.18	0.27	0.76
7310	0	0	0.18	0.27	0.75
7311	0	0	0.18	0.27	0.76
7312	214.62	64.34	0.18	0.27	0.76
7313	0	0	0.18	0.27	0.75
7314	0	0	0.18	0.27	0.76
7315	0	0	0.18	0.27	0.75
7316	0	0	0.18	0.27	0.76
7317	0	0	0.18	0.27	0.75
7318	0	0	0.18	0.27	0.75
7319	0	0	0.18	0.27	0.75
7320	0	0	0.18	0.27	0.75
7321	0	0	0.18	0.27	0.75
7322	214.70	64.33	0.18	0.27	0.75
7323	0	0	0.18	0.27	0.76
7324	0	0	0.18	0.27	0.75
7325	0	0	0.18	0.27	0.76
7326	0	0	0.18	0.27	0.76
7327	0	0	0.18	0.27	0.76
7328	0	0	0.18	0.27	0.76
7329	0	0	0.18	0.27	0.76
7330	0	0	0.18	0.27	0.76
7331	0	0	0.18	0.27	0.76
7332	214.78	64.31	0.18	0.27	0.76
7333	0	0	0.18	0.27	0.76
7334	0	0	0.18	0.27	0.76
7335	0	0	0.18	0.27	0.76
7336	0	0	0.18	0.27	0.76
7337	0	0	0.18	0.27	0.77
7338	0	0	0.18	0.27	0.76
7339	0	0	0.18	0.27	0.76
7340	0	0	0.18	0.27	0.77
7341	0	0	0.18	0.27	0.76
7342	214.85	64.29	0.18	0.27	0.77
7343	0	0	0.18	0.27	0.77
7344	0	0	0.18	0.27	0.77
7345	0	0	0.18	0.27	0.77
7346	0	0	0.17	0.27	0.77
7347	0	0	0.18	0.27	0.77
7348	0	0	0.18	0.27	0.77
7349	0	0	0.18	0.27	0.77
7350	0	0	0.17	0.27	0.77
7351	0	0	0.18	0.27	0.77
7352	214.93	64.28	0.18	0.27	0.77
7353	0	0	0.18	0.27	0.77
7354	0	0	0.18	0.27	0.77
7355	0	0	0.18	0.27	0.77
7356	0	0	0.18	0.27	0.77
7357	0	0	0.18	0.27	0.77
7358	0	0	0.18	0.27	0.77
7359	0	0	0.18	0.27	0.77
7360	0	0	0.18	0.27	0.77
7361	0	0	0.18	0.27	0.77
7362	215.01	64.26	0.18	0.27	0.77
7363	0	0	0.18	0.27	0.77
7364	0	0	0.18	0.27	0.76
7365	0	0	0.17	0.27	0.77
7366	0	0	0.17	0.27	0.77
7367	0	0	0.17	0.27	0.77
7368	0	0	0.17	0.27	0.77
7369	0	0	0.18	0.27	0.77
7370	0	0	0.17	0.27	0.77
7371	0	0	0.18	0.27	0.77
7372	215.09	64.24	0.18	0.27	0.77
7373	0	0	0.17	0.27	0.77
7374	0	0	0.18	0.27	0.77
7375	0	0	0.18	0.27	0.77
7376	0	0	0.18	0.27	0.77
7377	0	0	0.18	0.27	0.77
7378	0	0	0.18	0.27	0.77
7379	0	0	0.18	0.27	0.76
7380	0	0	0.18	0.27	0.76
7381	0	0	0.18	0.27	0.76
7382	215.17	64.22	0.18	0.27	0.77
7383	0	0	0.18	0.27	0.77
7384	0	0	0.18	0.27	0.77
7385	0	0	0.18	0.27	0.76
7386	0	0	0.18	0.27	0.76
7387	0	0	0.17	0.26	0.76
7388	0	0	0.18	0.27	0.76
7389	0	0	0.18	0.27	0.76
7390	0	0	0.17	0.26	0.76
7391	0	0	0.18	0.27	0.76
7392	215.25	64.21	0.18	0.27	0.76
7393	0	0	0.18	0.27	0.76
7394	0	0	0.18	0.27	0.76
7395	0	0	0.18	0.27	0.76
7396	0	0	0.17	0.26	0.76
7397	0	0	0.18	0.27	0.76
7398	0	0	0.17	0.26	0.76
7399	0	0	0.17	0.26	0.76
7400	0	0	0.18	0.26	0.75
7401	0	0	0.17	0.26	0.76
7402	215.33	64.19	0.18	0.26	0.75
7403	0	0	0.17	0.26	0.76
7404	0	0	0.17	0.26	0.76
7405	0	0	0.18	0.26	0.75
7406	0	0	0.18	0.26	0.75
7407	0	0	0.17	0.26	0.76
7408	0	0	0.18	0.26	0.75
7409	0	0	0.18	0.26	0.75
7410	0	0	0.18	0.26	0.75
7411	0	0	0.17	0.26	0.76
7412	215.41	64.17	0.18	0.26	0.75
7413	0	0	0.18	0.26	0.75
7414	0	0	0.18	0.26	0.75
7415	0	0	0.18	0.26	0.75
7416	0	0	0.18	0.26	0.75
7417	0	0	0.17	0.26	0.75
7418	0	0	0.18	0.26	0.75
7419	0	0	0.17	0.26	0.75
7420	0	0	0.18	0.26	0.75
7421	0	0	0.18	0.26	0.75
7422	215.48	64.16	0.18	0.26	0.75
7423	0	0	0.17	0.26	0.75
7424	0	0	0.18	0.26	0.75
7425	0	0	0.18	0.26	0.75
7426	0	0	0.18	0.26	0.75
7427	0	0	0.18	0.26	0.75
7428	0	0	0.18	0.26	0.75
7429	0	0	0.17	0.26	0.75
7430	0	0	0.18	0.26	0.75
7431	0	0	0.18	0.26	0.75
7432	215.56	64.14	0.18	0.26	0.75
7433	0	0	0.18	0.26	0.75
7434	0	0	0.17	0.26	0.75
7435	0	0	0.17	0.26	0.75
7436	0	0	0.18	0.26	0.75
7437	0	0	0.18	0.26	0.75
7438	0	0	0.17	0.26	0.75
7439	0	0	0.17	0.26	0.74
7440	0	0	0.17	0.26	0.75
7441	0	0	0.17	0.26	0.74
7442	215.64	64.12	0.18	0.26	0.74
7443	0	0	0.17	0.26	0.75
7444	0	0	0.17	0.26	0.75
7445	0	0	0.17	0.26	0.74
7446	0	0	0.17	0.26	0.74
7447	0	0	0.17	0.26	0.74
7448	0	0	0.17	0.26	0.74
7449	0	0	0.17	0.26	0.74
7450	0	0	0.17	0.26	0.74
7451	0	0	0.17	0.26	0.74
7452	215.72	64.11	0.17	0.26	0.75
7453	0	0	0.17	0.26	0.74
7454	0	0	0.18	0.26	0.75
7455	0	0	0.17	0.26	0.75
7456	0	0	0.17	0.26	0.75
7457	0	0	0.17	0.26	0.75
7458	0	0	0.17	0.26	0.75
7459	0	0	0.17	0.26	0.74
7460	0	0	0.17	0.26	0.74
7461	0	0	0.17	0.26	0.75
7462	215.80	64.09	0.17	0.26	0.75
7463	0	0	0.17	0.26	0.74
7464	0	0	0.17	0.26	0.75
7465	0	0	0.17	0.26	0.75
7467	0	0	0.17	0.26	0.75
7468	0	0	0.17	0.26	0.75
7469	0	0	0.17	0.26	0.75
7470	0	0	0.17	0.26	0.75
7471	0	0	0.17	0.26	0.75
7472	0	0	0.17	0.26	0.75
7473	215.88	64.07	0.17	0.26	0.75
7474	0	0	0.17	0.26	0.75
7475	0	0	0.17	0.26	0.75
7476	0	0	0.17	0.26	0.75
7477	0	0	0.17	0.26	0.75
7478	0	0	0.17	0.26	0.75
7479	0	0	0.17	0.26	0.75
7480	0	0	0.17	0.26	0.75
7481	0	0	0.17	0.26	0.75
7482	0	0	0.17	0.26	0.75
7483	215.96	64.06	0.17	0.26	0.74
7484	0	0	0.17	0.26	0.75
7485	0	0	0.17	0.26	0.75
7486	0	0	0.17	0.26	0.74
7487	0	0	0.17	0.26	0.75
7488	0	0	0.17	0.25	0.74
7489	0	0	0.17	0.26	0.74
7490	0	0	0.17	0.26	0.74
7491	0	0	0.17	0.26	0.74
7492	0	0	0.17	0.26	0.74
7493	216.04	64.04	0.17	0.26	0.75
7494	0	0	0.17	0.26	0.74
7495	0	0	0.17	0.26	0.74
7496	0	0	0.17	0.26	0.74
7497	0	0	0.17	0.25	0.74
7498	0	0	0.17	0.25	0.74
7499	0	0	0.17	0.25	0.74
7500	0	0	0.17	0.25	0.74
7501	0	0	0.17	0.26	0.74
7502	0	0	0.17	0.25	0.74
7503	216.11	64.02	0.17	0.25	0.74
7504	0	0	0.17	0.25	0.74
7505	0	0	0.17	0.25	0.74
7506	0	0	0.17	0.25	0.74
7507	0	0	0.17	0.25	0.74
7508	0	0	0.17	0.25	0.74
7509	0	0	0.17	0.25	0.74
7510	0	0	0.17	0.25	0.74
7511	0	0	0.17	0.25	0.74
7512	0	0	0.17	0.25	0.73
7513	216.19	64.01	0.17	0.25	0.74
7514	0	0	0.17	0.25	0.74
7515	0	0	0.17	0.25	0.73
7516	0	0	0.17	0.25	0.73
7517	0	0	0.17	0.25	0.74
7518	0	0	0.17	0.25	0.74
7519	0	0	0.17	0.25	0.73
7520	0	0	0.17	0.25	0.73
7521	0	0	0.17	0.25	0.74
7522	0	0	0.17	0.25	0.73
7523	216.27	63.99	0.17	0.25	0.73
7524	0	0	0.17	0.25	0.74
7525	0	0	0.17	0.25	0.73
7526	0	0	0.17	0.25	0.73
7527	0	0	0.17	0.25	0.73
7528	0	0	0.17	0.25	0.73
7529	0	0	0.17	0.25	0.73
7530	0	0	0.17	0.25	0.73
7531	0	0	0.17	0.25	0.73
7532	0	0	0.17	0.25	0.73
7533	216.35	63.97	0.17	0.25	0.73
7534	0	0	0.17	0.25	0.73
7535	0	0	0.17	0.25	0.73
7536	0	0	0.17	0.25	0.73
7537	0	0	0.17	0.25	0.73
7538	0	0	0.17	0.25	0.73
7539	0	0	0.18	0.25	0.72
7540	0	0	0.17	0.25	0.73
7541	0	0	0.17	0.25	0.72
7542	216.42	63.95	0.17	0.25	0.73
7543	0	0	0.17	0.25	0.72
7544	0	0	0.17	0.25	0.72
7545	0	0	0.17	0.25	0.72
7546	0	0	0.17	0.25	0.72
7547	0	0	0.17	0.25	0.72
7548	0	0	0.17	0.25	0.72
7549	0	0	0.17	0.25	0.73
7550	0	0	0.17	0.25	0.72
7551	0	0	0.17	0.25	0.72
7552	216.50	63.94	0.17	0.25	0.73
7553	0	0	0.17	0.25	0.72
7554	0	0	0.17	0.25	0.72
7555	0	0	0.17	0.25	0.72
7556	0	0	0.17	0.25	0.72
7557	0	0	0.17	0.25	0.72
7558	0	0	0.17	0.25	0.72
7559	0	0	0.17	0.25	0.72
7560	0	0	0.17	0.25	0.72
7561	0	0	0.17	0.25	0.72
7562	216.58	63.92	0.17	0.24	0.72
7563	0	0	0.17	0.24	0.72
7564	0	0	0.17	0.25	0.71
7565	0	0	0.17	0.24	0.72
7566	0	0	0.17	0.25	0.71
7567	0	0	0.17	0.25	0.71
7568	0	0	0.17	0.25	0.71
7569	0	0	0.17	0.24	0.71
7570	0	0	0.17	0.24	0.71
7571	0	0	0.17	0.25	0.71
7572	216.66	63.90	0.17	0.25	0.71
7573	0	0	0.17	0.24	0.71
7574	0	0	0.17	0.24	0.71
7575	0	0	0.17	0.24	0.71
7576	0	0	0.17	0.24	0.71
7577	0	0	0.17	0.24	0.71
7578	0	0	0.17	0.24	0.71
7579	0	0	0.17	0.24	0.71
7580	0	0	0.17	0.24	0.70
7581	0	0	0.17	0.24	0.70
7582	216.73	63.88	0.17	0.24	0.70
7583	0	0	0.17	0.24	0.70
7584	0	0	0.17	0.24	0.70
7585	0	0	0.17	0.24	0.70
7586	0	0	0.17	0.24	0.70
7587	0	0	0.17	0.24	0.70
7588	0	0	0.17	0.24	0.70
7589	0	0	0.17	0.24	0.70
7590	0	0	0.17	0.24	0.69
7591	0	0	0.17	0.24	0.69
7592	216.81	63.87	0.18	0.24	0.69
7593	0	0	0.17	0.24	0.69
7594	0	0	0.17	0.24	0.69
7595	0	0	0.17	0.24	0.69
7596	0	0	0.17	0.23	0.69
7597	0	0	0.17	0.23	0.69
7598	0	0	0.17	0.24	0.69
7599	0	0	0.17	0.23	0.69
7600	0	0	0.17	0.23	0.69
7601	0	0	0.17	0.24	0.69
7602	216.89	63.85	0.17	0.23	0.69
7603	0	0	0.17	0.24	0.69
7604	0	0	0.17	0.24	0.68
7605	0	0	0.17	0.23	0.68
7606	0	0	0.17	0.24	0.68
7607	0	0	0.17	0.23	0.68
7608	0	0	0.17	0.23	0.68
7609	0	0	0.17	0.23	0.68
7610	0	0	0.17	0.23	0.67
7611	0	0	0.17	0.23	0.67
7612	216.97	63.83	0.17	0.23	0.67
7613	0	0	0.18	0.23	0.67
7614	0	0	0.17	0.23	0.67
7615	0	0	0.18	0.23	0.67
7616	0	0	0.18	0.23	0.67
7617	0	0	0.18	0.23	0.67
7618	0	0	0.18	0.23	0.67
7619	0	0	0.18	0.23	0.67
7620	0	0	0.17	0.23	0.67
7621	0	0	0.17	0.23	0.66
7622	217.04	63.81	0.17	0.23	0.66
7623	0	0	0.17	0.23	0.66
7624	0	0	0.17	0.23	0.66
7625	0	0	0.17	0.23	0.66
7626	0	0	0.17	0.23	0.66
7627	0	0	0.17	0.23	0.66
7628	0	0	0.17	0.23	0.66
7629	0	0	0.17	0.23	0.66
7630	0	0	0.17	0.23	0.66
7631	0	0	0.17	0.23	0.66
7632	217.12	63.80	0.17	0.23	0.66
7633	0	0	0.17	0.23	0.66
7634	0	0	0.17	0.23	0.66
7635	0	0	0.17	0.23	0.66
7636	0	0	0.18	0.23	0.65
7637	0	0	0.18	0.23	0.65
7638	0	0	0.17	0.22	0.66
7639	0	0	0.17	0.23	0.66
7640	0	0	0.17	0.22	0.66
7641	0	0	0.17	0.22	0.66
7642	217.20	63.78	0.17	0.23	0.66
7643	0	0	0.17	0.23	0.66
7644	0	0	0.17	0.23	0.66
7645	0	0	0.17	0.22	0.66
7646	0	0	0.17	0.23	0.66
7647	0	0	0.17	0.23	0.66
7648	0	0	0.17	0.23	0.66
7649	0	0	0.17	0.23	0.66
7650	0	0	0.17	0.23	0.66
7651	0	0	0.17	0.22	0.66
7652	217.27	63.76	0.17	0.22	0.66
7653	0	0	0.17	0.23	0.66
7654	0	0	0.17	0.22	0.66
7655	0	0	0.18	0.23	0.65
7656	0	0	0.17	0.22	0.66
7657	0	0	0.17	0.23	0.66
7658	0	0	0.18	0.23	0.65
7659	0	0	0.17	0.22	0.65
7660	0	0	0.17	0.22	0.65
7661	0	0	0.17	0.22	0.65
7662	217.35	63.74	0.18	0.23	0.65
7663	0	0	0.17	0.22	0.65
7664	0	0	0.17	0.22	0.65
7665	0	0	0.17	0.22	0.65
7666	0	0	0.17	0.22	0.65
7667	0	0	0.17	0.22	0.65
7668	0	0	0.17	0.22	0.65
7669	0	0	0.17	0.22	0.65
7670	0	0	0.17	0.22	0.65
7671	0	0	0.17	0.22	0.65
7672	217.43	63.73	0.17	0.22	0.65
7673	0	0	0.18	0.22	0.64
7674	0	0	0.17	0.22	0.65
7675	0	0	0.17	0.22	0.65
7676	0	0	0.18	0.22	0.64
7677	0	0	0.18	0.22	0.64
7678	0	0	0.18	0.22	0.64
7679	0	0	0.18	0.22	0.64
7680	0	0	0.17	0.22	0.65
7681	0	0	0.18	0.22	0.64
7682	217.50	63.71	0.18	0.22	0.64
7683	0	0	0.17	0.22	0.64
7684	0	0	0.17	0.22	0.64
7685	0	0	0.17	0.22	0.64
7686	0	0	0.17	0.22	0.64
7687	0	0	0.17	0.22	0.64
7688	0	0	0.18	0.22	0.64
7689	0	0	0.18	0.22	0.64
7690	0	0	0.18	0.22	0.64
7691	0	0	0.17	0.22	0.64
7692	217.58	63.69	0.17	0.22	0.64
7693	0	0	0.17	0.22	0.64
7694	0	0	0.17	0.22	0.64
7695	0	0	0.17	0.22	0.64
7696	0	0	0.17	0.22	0.64
7697	0	0	0.17	0.22	0.64
7698	0	0	0.17	0.22	0.64
7699	0	0	0.17	0.22	0.64
7700	0	0	0.17	0.22	0.64
7701	0	0	0.17	0.22	0.64
7702	217.66	63.67	0.17	0.22	0.64
7703	0	0	0.17	0.22	0.64
7704	0	0	0.17	0.22	0.64
7705	0	0	0.17	0.22	0.64
7706	0	0	0.17	0.22	0.64
7707	0	0	0.17	0.22	0.64
7708	0	0	0.17	0.22	0.65
7709	0	0	0.17	0.22	0.64
7710	0	0	0.17	0.22	0.64
7711	0	0	0.17	0.22	0.64
7712	217.73	63.66	0.18	0.22	0.64
7713	0	0	0.17	0.22	0.65
7714	0	0	0.17	0.22	0.64
7715	0	0	0.17	0.22	0.65
7716	0	0	0.18	0.22	0.64
7717	0	0	0.17	0.22	0.65
7718	0	0	0.17	0.22	0.64
7719	0	0	0.17	0.22	0.64
7720	0	0	0.17	0.22	0.65
7721	0	0	0.17	0.22	0.65
7722	217.81	63.64	0.17	0.22	0.65
7723	0	0	0.17	0.22	0.65
7724	0	0	0.17	0.22	0.65
7725	0	0	0.17	0.22	0.65
7726	0	0	0.17	0.22	0.65
7727	0	0	0.17	0.22	0.65
7728	0	0	0.17	0.22	0.65
7729	0	0	0.17	0.22	0.64
7730	0	0	0.17	0.22	0.64
7731	0	0	0.17	0.22	0.64
7732	217.88	63.62	0.17	0.22	0.64
7733	0	0	0.17	0.22	0.64
7734	0	0	0.17	0.22	0.64
7735	0	0	0.17	0.22	0.64
7736	0	0	0.17	0.22	0.64
7737	0	0	0.17	0.22	0.64
7738	0	0	0.17	0.22	0.64
7739	0	0	0.17	0.22	0.64
7740	0	0	0.17	0.22	0.64
7741	0	0	0.17	0.22	0.64
7742	217.96	63.60	0.17	0.22	0.64
7743	0	0	0.17	0.22	0.64
7744	0	0	0.17	0.22	0.64
7745	0	0	0.17	0.22	0.64
7746	0	0	0.17	0.22	0.64
7747	0	0	0.17	0.22	0.64
7748	0	0	0.17	0.22	0.64
7749	0	0	0.17	0.22	0.64
7750	0	0	0.17	0.22	0.64
7751	0	0	0.17	0.22	0.64
7752	218.04	63.58	0.17	0.22	0.64
7753	0	0	0.17	0.22	0.63
7754	0	0	0.17	0.22	0.63
7755	0	0	0.17	0.22	0.62
7756	0	0	0.17	0.22	0.62
7757	0	0	0.18	0.22	0.61
7758	0	0	0.17	0.21	0.60
7759	0	0	0.17	0.21	0.60
7760	0	0	0.17	0.21	0.60
7761	0	0	0.18	0.21	0.60
7762	218.11	63.57	0.17	0.21	0.60
7763	0	0	0.18	0.21	0.60
7764	0	0	0.17	0.21	0.60
7765	0	0	0.18	0.21	0.60
7766	0	0	0.18	0.21	0.60
7767	0	0	0.18	0.21	0.60
7768	0	0	0.17	0.21	0.60
7769	0	0	0.17	0.21	0.60
7770	0	0	0.17	0.21	0.61
7771	0	0	0.17	0.21	0.61
7772	218.19	63.55	0.17	0.21	0.61
7773	0	0	0.17	0.22	0.62
7774	0	0	0.17	0.21	0.62
7775	0	0	0.17	0.22	0.63
7776	0	0	0.17	0.22	0.63
7777	0	0	0.17	0.22	0.63
7778	0	0	0.17	0.22	0.64
7779	0	0	0.17	0.22	0.65
7780	0	0	0.17	0.22	0.65
7781	0	0	0.17	0.22	0.65
7782	218.27	63.53	0.17	0.22	0.65
7783	0	0	0.17	0.22	0.65
7784	0	0	0.17	0.22	0.65
7785	0	0	0.17	0.22	0.65
7786	0	0	0.17	0.22	0.65
7787	0	0	0.17	0.22	0.65
7788	0	0	0.17	0.22	0.65
7789	0	0	0.17	0.22	0.65
7790	0	0	0.17	0.22	0.65
7791	0	0	0.17	0.22	0.65
7792	218.34	63.51	0.17	0.22	0.65
7793	0	0	0.17	0.22	0.65
7794	0	0	0.17	0.22	0.65
7795	0	0	0.17	0.22	0.65
7796	0	0	0.17	0.22	0.65
7797	0	0	0.17	0.22	0.65
7798	0	0	0.17	0.22	0.65
7799	0	0	0.17	0.22	0.65
7800	0	0	0.17	0.22	0.65
7801	0	0	0.17	0.22	0.65
7802	218.42	63.49	0.17	0.22	0.65
7803	0	0	0.17	0.22	0.65
7804	0	0	0.17	0.22	0.65
7805	0	0	0.17	0.22	0.65
7806	0	0	0.17	0.22	0.65
7807	0	0	0.17	0.22	0.65
7808	0	0	0.17	0.22	0.65
7809	0	0	0.17	0.22	0.65
7810	0	0	0.17	0.22	0.65
7811	0	0	0.17	0.22	0.65
7812	218.49	63.48	0.17	0.22	0.65
7813	0	0	0.17	0.22	0.65
7814	0	0	0.17	0.22	0.65
7815	0	0	0.17	0.22	0.65
7816	0	0	0.17	0.22	0.65
7817	0	0	0.17	0.22	0.65
7818	0	0	0.17	0.22	0.65
7819	0	0	0.17	0.22	0.65
7820	0	0	0.17	0.22	0.65
7821	0	0	0.17	0.22	0.65
7822	218.57	63.46	0.17	0.22	0.65
7823	0	0	0.17	0.22	0.65
7824	0	0	0.17	0.22	0.65
7825	0	0	0.17	0.22	0.66
7826	0	0	0.17	0.22	0.66
7827	0	0	0.17	0.22	0.66
7828	0	0	0.17	0.22	0.66
7829	0	0	0.17	0.22	0.66
7830	0	0	0.17	0.22	0.66
7831	0	0	0.17	0.22	0.66
7832	218.64	63.44	0.17	0.22	0.66
7833	0	0	0.17	0.22	0.66
7834	0	0	0.17	0.22	0.66
7835	0	0	0.17	0.22	0.66
7836	0	0	0.17	0.22	0.66
7837	0	0	0.17	0.22	0.66
7838	0	0	0.17	0.22	0.66
7839	0	0	0.17	0.22	0.66
7840	0	0	0.17	0.22	0.66
7841	0	0	0.17	0.22	0.66
7842	218.72	63.42	0.17	0.22	0.66
7843	0	0	0.17	0.22	0.66
7844	0	0	0.17	0.22	0.66
7845	0	0	0.17	0.22	0.66
7846	0	0	0.17	0.22	0.66
7847	0	0	0.17	0.22	0.66
7848	0	0	0.17	0.22	0.66
7849	0	0	0.17	0.22	0.66
7850	0	0	0.17	0.22	0.66
7851	0	0	0.17	0.22	0.66
7852	218.79	63.40	0.17	0.22	0.66
7853	0	0	0.17	0.22	0.65
7854	0	0	0.17	0.22	0.65
7855	0	0	0.17	0.22	0.65
7856	0	0	0.17	0.22	0.65
7857	0	0	0.17	0.22	0.65
7858	0	0	0.17	0.22	0.65
7859	0	0	0.17	0.22	0.65
7860	0	0	0.17	0.22	0.65
7861	0	0	0.16	0.22	0.65
7862	218.87	63.39	0.17	0.22	0.65
7863	0	0	0.17	0.22	0.65
7864	0	0	0.17	0.22	0.65
7865	0	0	0.17	0.22	0.65
7866	0	0	0.17	0.22	0.65
7867	0	0	0.16	0.22	0.65
7868	0	0	0.17	0.22	0.65
7869	0	0	0.17	0.22	0.65
7870	0	0	0.17	0.22	0.65
7871	0	0	0.17	0.22	0.65
7872	218.94	63.37	0.17	0.22	0.65
7873	0	0	0.17	0.22	0.65
7874	0	0	0.17	0.22	0.65
7875	0	0	0.17	0.22	0.65
7876	0	0	0.17	0.22	0.65
7877	0	0	0.17	0.22	0.65
7878	0	0	0.17	0.22	0.65
7879	0	0	0.17	0.22	0.65
7880	0	0	0.17	0.22	0.65
7881	0	0	0.17	0.22	0.65
7882	219.02	63.35	0.17	0.22	0.65
7883	0	0	0.17	0.22	0.65
7884	0	0	0.17	0.22	0.65
7885	0	0	0.17	0.22	0.65
7886	0	0	0.17	0.22	0.65
7887	0	0	0.17	0.22	0.65
7888	0	0	0.17	0.22	0.65
7889	0	0	0.17	0.22	0.64
7890	0	0	0.17	0.22	0.65
7891	0	0	0.17	0.22	0.65
7892	219.09	63.33	0.17	0.22	0.64
7893	0	0	0.17	0.22	0.65
7894	0	0	0.17	0.22	0.65
7895	0	0	0.17	0.22	0.64
7896	0	0	0.17	0.22	0.64
7897	0	0	0.17	0.22	0.65
7898	0	0	0.17	0.22	0.65
7899	0	0	0.17	0.22	0.65
7900	0	0	0.17	0.22	0.65
7901	0	0	0.17	0.22	0.64
7902	219.17	63.31	0.17	0.22	0.64
7903	0	0	0.17	0.22	0.64
7904	0	0	0.16	0.21	0.65
7905	0	0	0.17	0.22	0.64
7906	0	0	0.17	0.22	0.64
7907	0	0	0.17	0.22	0.64
7908	0	0	0.17	0.22	0.64
7909	0	0	0.17	0.22	0.64
7910	0	0	0.16	0.21	0.64
7911	0	0	0.17	0.22	0.64
7912	219.24	63.29	0.17	0.22	0.64
7913	0	0	0.17	0.22	0.64
7914	0	0	0.17	0.22	0.64
7915	0	0	0.17	0.22	0.64
7916	0	0	0.17	0.21	0.64
7917	0	0	0.17	0.21	0.64
7918	0	0	0.17	0.22	0.64
7919	0	0	0.17	0.22	0.64
7920	0	0	0.17	0.21	0.64
7921	0	0	0.17	0.22	0.63
7922	219.32	63.28	0.17	0.21	0.63
7923	0	0	0.17	0.22	0.63
7924	0	0	0.17	0.22	0.63
7925	0	0	0.17	0.21	0.63
7926	0	0	0.17	0.21	0.63
7927	0	0	0.17	0.21	0.63
7928	0	0	0.17	0.21	0.63
7929	0	0	0.17	0.21	0.63
7930	0	0	0.17	0.21	0.63
7931	0	0	0.17	0.21	0.63
7932	219.39	63.26	0.17	0.21	0.63
7933	0	0	0.17	0.21	0.62
7935	0	0	0.17	0.21	0.62
7936	0	0	0.17	0.21	0.62
7937	0	0	0.17	0.21	0.62
7938	0	0	0.17	0.21	0.62
7939	0	0	0.17	0.21	0.62
7940	0	0	0.17	0.21	0.62
7941	0	0	0.17	0.21	0.61
7942	0	0	0.17	0.21	0.61
7943	219.46	63.24	0.17	0.21	0.61
7944	0	0	0.17	0.21	0.61
7945	0	0	0.17	0.20	0.61
7946	0	0	0.17	0.21	0.60
7947	0	0	0.17	0.20	0.60
7948	0	0	0.17	0.21	0.60
7949	0	0	0.17	0.20	0.60
7950	0	0	0.17	0.21	0.59
7951	0	0	0.17	0.20	0.59
7952	0	0	0.17	0.20	0.59
7953	219.54	63.22	0.17	0.20	0.59
7954	0	0	0.17	0.20	0.59
7955	0	0	0.17	0.20	0.59
7956	0	0	0.17	0.20	0.59
7957	0	0	0.17	0.20	0.59
7958	0	0	0.17	0.20	0.59
7959	0	0	0.17	0.20	0.59
7960	0	0	0.17	0.20	0.59
7961	0	0	0.17	0.20	0.59
7962	0	0	0.17	0.20	0.59
7963	219.61	63.20	0.17	0.20	0.59
7964	0	0	0.17	0.20	0.59
7965	0	0	0.17	0.20	0.59
7966	0	0	0.17	0.20	0.59
7967	0	0	0.17	0.20	0.59
7968	0	0	0.17	0.20	0.59
7969	0	0	0.17	0.20	0.59
7970	0	0	0.17	0.20	0.59
7971	0	0	0.17	0.20	0.59
7972	0	0	0.17	0.20	0.59
7973	219.69	63.18	0.17	0.20	0.59
7974	0	0	0.17	0.20	0.59
7975	0	0	0.17	0.20	0.59
7976	0	0	0.17	0.20	0.59
7977	0	0	0.17	0.20	0.59
7978	0	0	0.17	0.20	0.59
7979	0	0	0.17	0.20	0.59
7980	0	0	0.17	0.20	0.59
7981	0	0	0.17	0.20	0.58
7982	0	0	0.17	0.20	0.58
7983	219.76	63.17	0.17	0.20	0.58
7984	0	0	0.17	0.20	0.58
7985	0	0	0.17	0.20	0.58
7986	0	0	0.17	0.20	0.58
7987	0	0	0.17	0.20	0.58
7988	0	0	0.17	0.20	0.58
7989	0	0	0.17	0.20	0.58
7990	0	0	0.17	0.20	0.58
7991	0	0	0.17	0.20	0.58
7992	0	0	0.17	0.20	0.58
7993	219.83	63.15	0.17	0.20	0.58
7994	0	0	0.17	0.20	0.58
7995	0	0	0.17	0.20	0.58
7996	0	0	0.17	0.20	0.58
7997	0	0	0.17	0.20	0.58
7998	0	0	0.17	0.20	0.57
7999	0	0	0.17	0.20	0.57
8000	0	0	0.17	0.20	0.57
8001	0	0	0.17	0.20	0.57
8002	0	0	0.17	0.20	0.57
8003	219.91	63.13	0.17	0.20	0.57
8004	0	0	0.17	0.20	0.57
8005	0	0	0.17	0.20	0.57
8006	0	0	0.17	0.20	0.57
8007	0	0	0.17	0.20	0.57
8008	0	0	0.17	0.19	0.57
8009	0	0	0.17	0.19	0.56
8010	0	0	0.17	0.19	0.56
8011	0	0	0.17	0.19	0.56
8012	0	0	0.17	0.19	0.56
8013	219.98	63.11	0.17	0.19	0.56
8014	0	0	0.17	0.19	0.55
8015	0	0	0.17	0.19	0.56
8016	0	0	0.17	0.19	0.55
8017	0	0	0.17	0.19	0.55
8018	0	0	0.17	0.19	0.55
8019	0	0	0.17	0.19	0.55
8020	0	0	0.17	0.19	0.55
8021	0	0	0.17	0.19	0.55
8022	0	0	0.17	0.19	0.54
8023	220.05	63.09	0.17	0.19	0.55
8024	0	0	0.18	0.19	0.54
8025	0	0	0.17	0.19	0.55
8026	0	0	0.17	0.19	0.55
8027	0	0	0.17	0.19	0.55
8028	0	0	0.17	0.19	0.54
8029	0	0	0.18	0.19	0.54
8030	0	0	0.17	0.19	0.54
8031	0	0	0.17	0.19	0.54
8032	0	0	0.17	0.19	0.54
8033	220.13	63.07	0.17	0.19	0.54
8034	0	0	0.17	0.19	0.54
8035	0	0	0.17	0.19	0.54
8036	0	0	0.17	0.19	0.54
8037	0	0	0.17	0.19	0.54
8038	0	0	0.17	0.19	0.54
8039	0	0	0.17	0.19	0.54
8040	0	0	0.17	0.19	0.54
8041	0	0	0.17	0.19	0.54
8042	0	0	0.17	0.19	0.54
8043	220.20	63.05	0.17	0.19	0.54
8044	0	0	0.17	0.19	0.54
8045	0	0	0.17	0.19	0.54
8046	0	0	0.17	0.19	0.54
8047	0	0	0.17	0.19	0.53
8048	0	0	0.17	0.19	0.54
8049	0	0	0.17	0.19	0.53
8050	0	0	0.17	0.19	0.53
8051	0	0	0.17	0.19	0.54
8052	0	0	0.17	0.18	0.53
8053	220.28	63.03	0.17	0.19	0.53
8054	0	0	0.17	0.18	0.53
8055	0	0	0.17	0.18	0.53
8056	0	0	0.17	0.18	0.53
8057	0	0	0.18	0.19	0.53
8058	0	0	0.18	0.19	0.53
8059	0	0	0.17	0.18	0.53
8060	0	0	0.18	0.19	0.53
8061	0	0	0.17	0.18	0.53
8062	0	0	0.18	0.19	0.53
8063	220.35	63.02	0.17	0.18	0.53
8064	0	0	0.17	0.18	0.52
8065	0	0	0.17	0.18	0.52
8066	0	0	0.18	0.19	0.53
8067	0	0	0.18	0.19	0.52
8068	0	0	0.17	0.18	0.52
8069	0	0	0.17	0.18	0.52
8070	0	0	0.17	0.18	0.52
8071	0	0	0.17	0.18	0.52
8072	0	0	0.17	0.18	0.52
8073	220.42	63.00	0.17	0.18	0.52
8074	0	0	0.17	0.18	0.52
8075	0	0	0.17	0.18	0.52
8076	0	0	0.17	0.18	0.52
8077	0	0	0.17	0.18	0.52
8078	0	0	0.17	0.18	0.52
8079	0	0	0.17	0.18	0.52
8080	0	0	0.18	0.18	0.51
8081	0	0	0.17	0.18	0.51
8082	0	0	0.18	0.18	0.51
8083	220.50	62.98	0.17	0.18	0.51
8084	0	0	0.17	0.18	0.51
8085	0	0	0.18	0.18	0.51
8086	0	0	0.18	0.18	0.51
8087	0	0	0.18	0.18	0.51
8088	0	0	0.18	0.18	0.51
8089	0	0	0.17	0.18	0.51
8090	0	0	0.18	0.18	0.51
8091	0	0	0.17	0.18	0.50
8092	0	0	0.17	0.18	0.50
8093	220.57	62.96	0.18	0.18	0.50
8094	0	0	0.18	0.18	0.50
8095	0	0	0.18	0.18	0.50
8096	0	0	0.17	0.18	0.50
8097	0	0	0.17	0.18	0.50
8098	0	0	0.17	0.18	0.50
8099	0	0	0.18	0.18	0.50
8100	0	0	0.18	0.18	0.50
8101	0	0	0.18	0.18	0.50
8102	0	0	0.18	0.18	0.50
8103	220.64	62.94	0.18	0.18	0.50
8104	0	0	0.18	0.18	0.49
8105	0	0	0.18	0.18	0.50
8106	0	0	0.18	0.18	0.50
8107	0	0	0.18	0.18	0.49
8108	0	0	0.18	0.18	0.49
8109	0	0	0.18	0.18	0.50
8110	0	0	0.18	0.18	0.50
8111	0	0	0.18	0.18	0.49
8112	0	0	0.18	0.18	0.50
8113	220.71	62.92	0.18	0.18	0.50
8114	0	0	0.18	0.18	0.49
8115	0	0	0.18	0.18	0.49
8116	0	0	0.18	0.18	0.49
8117	0	0	0.18	0.18	0.49
8118	0	0	0.18	0.18	0.49
8119	0	0	0.18	0.18	0.49
8120	0	0	0.18	0.18	0.49
8121	0	0	0.18	0.18	0.49
8122	220.79	62.90	0.19	0.18	0.49
8123	0	0	0.18	0.18	0.49
8124	0	0	0.18	0.18	0.49
8125	0	0	0.18	0.18	0.49
8126	0	0	0.18	0.18	0.48
8127	0	0	0.18	0.18	0.48
8128	0	0	0.18	0.17	0.48
8129	0	0	0.18	0.17	0.48
8130	0	0	0.18	0.18	0.48
8131	0	0	0.18	0.18	0.48
8132	220.86	62.88	0.18	0.18	0.48
8133	0	0	0.18	0.17	0.48
8134	0	0	0.18	0.18	0.48
8135	0	0	0.18	0.17	0.48
8136	0	0	0.18	0.18	0.48
8137	0	0	0.18	0.17	0.48
8138	0	0	0.18	0.17	0.48
8139	0	0	0.18	0.18	0.48
8140	0	0	0.18	0.17	0.48
8141	0	0	0.18	0.17	0.47
8142	220.93	62.86	0.18	0.17	0.47
8143	0	0	0.18	0.17	0.47
8144	0	0	0.18	0.17	0.47
8145	0	0	0.18	0.17	0.47
8146	0	0	0.18	0.17	0.47
8147	0	0	0.18	0.17	0.47
8148	0	0	0.18	0.17	0.47
8149	0	0	0.18	0.17	0.47
8150	0	0	0.18	0.17	0.47
8151	0	0	0.18	0.17	0.47
8152	221.01	62.85	0.18	0.17	0.47
8153	0	0	0.18	0.17	0.47
8154	0	0	0.18	0.17	0.47
8155	0	0	0.18	0.17	0.47
8156	0	0	0.18	0.17	0.46
8157	0	0	0.18	0.17	0.46
8158	0	0	0.18	0.17	0.46
8159	0	0	0.18	0.17	0.46
8160	0	0	0.18	0.17	0.46
8161	0	0	0.18	0.17	0.46
8162	221.08	62.83	0.18	0.17	0.46
8163	0	0	0.18	0.17	0.46
8164	0	0	0.18	0.17	0.46
8165	0	0	0.18	0.17	0.46
8166	0	0	0.18	0.17	0.46
8167	0	0	0.18	0.17	0.46
8168	0	0	0.18	0.17	0.45
8169	0	0	0.18	0.17	0.45
8170	0	0	0.18	0.17	0.45
8171	0	0	0.18	0.17	0.46
8172	221.15	62.81	0.19	0.17	0.45
8173	0	0	0.18	0.17	0.45
8174	0	0	0.18	0.17	0.45
8175	0	0	0.19	0.17	0.45
8176	0	0	0.18	0.17	0.45
8177	0	0	0.18	0.17	0.45
8178	0	0	0.18	0.17	0.45
8179	0	0	0.18	0.17	0.45
8180	0	0	0.18	0.17	0.45
8181	0	0	0.18	0.17	0.45
8182	221.22	62.79	0.18	0.17	0.45
8183	0	0	0.18	0.17	0.45
8184	0	0	0.18	0.16	0.45
8185	0	0	0.18	0.17	0.45
8186	0	0	0.19	0.17	0.44
8187	0	0	0.18	0.16	0.45
8188	0	0	0.19	0.17	0.44
8189	0	0	0.19	0.17	0.44
8190	0	0	0.19	0.17	0.44
8191	0	0	0.19	0.17	0.44
8192	221.30	62.77	0.19	0.17	0.44
8193	0	0	0.19	0.17	0.44
8194	0	0	0.19	0.17	0.44
8195	0	0	0.19	0.17	0.44
8196	0	0	0.19	0.17	0.44
8197	0	0	0.19	0.17	0.44
8198	0	0	0.19	0.17	0.44
8199	0	0	0.18	0.16	0.44
8200	0	0	0.19	0.17	0.44
8201	0	0	0.19	0.17	0.44
8202	221.37	62.75	0.18	0.16	0.44
8203	0	0	0.18	0.16	0.44
8204	0	0	0.19	0.17	0.44
8205	0	0	0.18	0.16	0.44
8206	0	0	0.19	0.16	0.43
8207	0	0	0.19	0.17	0.43
8208	0	0	0.18	0.16	0.44
8209	0	0	0.19	0.16	0.43
8210	0	0	0.19	0.16	0.43
8211	0	0	0.19	0.16	0.43
8212	221.44	62.73	0.19	0.17	0.43
8213	0	0	0.19	0.16	0.43
8214	0	0	0.19	0.16	0.43
8215	0	0	0.19	0.16	0.43
8216	0	0	0.19	0.16	0.43
8217	0	0	0.19	0.16	0.43
8218	0	0	0.19	0.16	0.43
8219	0	0	0.19	0.16	0.43
8220	0	0	0.19	0.16	0.43
8221	0	0	0.19	0.16	0.43
8222	221.51	62.71	0.19	0.16	0.43
8223	0	0	0.19	0.16	0.43
8224	0	0	0.19	0.16	0.43
8225	0	0	0.19	0.16	0.43
8226	0	0	0.19	0.16	0.43
8227	0	0	0.19	0.16	0.43
8228	0	0	0.18	0.16	0.43
8229	0	0	0.19	0.16	0.42
8230	0	0	0.19	0.16	0.42
8231	0	0	0.19	0.16	0.42
8232	221.59	62.69	0.19	0.16	0.42
8233	0	0	0.19	0.16	0.42
8234	0	0	0.19	0.16	0.42
8235	0	0	0.19	0.16	0.42
8236	0	0	0.19	0.16	0.42
8237	0	0	0.19	0.16	0.42
8238	0	0	0.19	0.16	0.42
8239	0	0	0.19	0.16	0.42
8240	0	0	0.19	0.16	0.42
8241	0	0	0.19	0.16	0.41
8242	221.66	62.67	0.19	0.16	0.42
8243	0	0	0.19	0.16	0.41
8244	0	0	0.19	0.16	0.41
8245	0	0	0.19	0.16	0.41
8246	0	0	0.19	0.16	0.41
8247	0	0	0.19	0.16	0.41
8248	0	0	0.19	0.16	0.41
8249	0	0	0.19	0.16	0.41
8250	0	0	0.19	0.16	0.41
8251	0	0	0.20	0.16	0.41
8252	221.73	62.65	0.19	0.16	0.41
8253	0	0	0.19	0.16	0.41
8254	0	0	0.19	0.16	0.41
8255	0	0	0.19	0.16	0.41
8256	0	0	0.20	0.16	0.40
8257	0	0	0.20	0.16	0.40
8258	0	0	0.20	0.16	0.40
8259	0	0	0.20	0.16	0.40
8260	0	0	0.20	0.16	0.40
8261	0	0	0.20	0.16	0.40
8262	221.80	62.63	0.20	0.16	0.40
8263	0	0	0.19	0.15	0.40
8264	0	0	0.20	0.16	0.40
8265	0	0	0.20	0.16	0.40
8266	0	0	0.20	0.16	0.40
8267	0	0	0.19	0.15	0.40
8268	0	0	0.19	0.15	0.40
8269	0	0	0.20	0.16	0.39
8270	0	0	0.20	0.16	0.39
8271	0	0	0.20	0.16	0.39
8272	221.87	62.61	0.19	0.15	0.39
8273	0	0	0.19	0.15	0.39
8274	0	0	0.20	0.16	0.39
8275	0	0	0.19	0.15	0.39
8276	0	0	0.19	0.15	0.39
8277	0	0	0.19	0.15	0.39
8278	0	0	0.19	0.15	0.39
8279	0	0	0.20	0.15	0.39
8280	0	0	0.20	0.15	0.39
8281	0	0	0.20	0.15	0.39
8282	221.94	62.60	0.20	0.15	0.39
8283	0	0	0.20	0.15	0.38
8284	0	0	0.20	0.15	0.39
8285	0	0	0.20	0.15	0.38
8286	0	0	0.20	0.15	0.39
8287	0	0	0.19	0.15	0.38
8288	0	0	0.20	0.15	0.39
8289	0	0	0.20	0.15	0.38
8290	0	0	0.20	0.15	0.38
8291	0	0	0.20	0.15	0.38
8292	222.02	62.58	0.20	0.15	0.38
8293	0	0	0.20	0.15	0.38
8294	0	0	0.20	0.15	0.38
8295	0	0	0.20	0.15	0.38
8296	0	0	0.20	0.15	0.38
8297	0	0	0.19	0.15	0.38
8298	0	0	0.19	0.15	0.38
8299	0	0	0.19	0.15	0.38
8300	0	0	0.20	0.15	0.37
8301	0	0	0.19	0.15	0.38
8302	222.09	62.56	0.20	0.15	0.37
8303	0	0	0.19	0.15	0.38
8304	0	0	0.20	0.15	0.37
8305	0	0	0.20	0.15	0.37
8306	0	0	0.20	0.15	0.37
8307	0	0	0.20	0.15	0.37
8308	0	0	0.20	0.15	0.37
8309	0	0	0.20	0.15	0.37
8310	0	0	0.20	0.15	0.37
8311	0	0	0.20	0.15	0.37
8312	222.16	62.54	0.21	0.15	0.37
8313	0	0	0.20	0.15	0.37
8314	0	0	0.20	0.15	0.37
8315	0	0	0.20	0.15	0.37
8316	0	0	0.20	0.15	0.36
8317	0	0	0.21	0.15	0.37
8318	0	0	0.20	0.15	0.37
8319	0	0	0.20	0.15	0.37
8320	0	0	0.20	0.15	0.36
8321	0	0	0.20	0.15	0.36
8322	222.23	62.52	0.21	0.15	0.36
8323	0	0	0.20	0.14	0.36
8324	0	0	0.20	0.15	0.36
8325	0	0	0.20	0.15	0.36
8326	0	0	0.20	0.14	0.36
8327	0	0	0.20	0.14	0.36
8328	0	0	0.21	0.15	0.36
8329	0	0	0.21	0.15	0.36
8330	0	0	0.21	0.15	0.36
8331	0	0	0.21	0.15	0.36
8332	222.30	62.50	0.20	0.14	0.36
8333	0	0	0.20	0.14	0.36
8334	0	0	0.21	0.15	0.36
8335	0	0	0.21	0.15	0.36
8336	0	0	0.20	0.14	0.35
8337	0	0	0.21	0.15	0.35
8338	0	0	0.20	0.14	0.35
8339	0	0	0.20	0.14	0.35
8340	0	0	0.20	0.14	0.35
8341	0	0	0.21	0.15	0.35
8342	222.37	62.48	0.20	0.14	0.35
8343	0	0	0.20	0.14	0.35
8344	0	0	0.20	0.14	0.35
8345	0	0	0.20	0.14	0.35
8346	0	0	0.20	0.14	0.35
8347	0	0	0.20	0.14	0.35
8348	0	0	0.20	0.14	0.35
8349	0	0	0.20	0.14	0.35
8350	0	0	0.21	0.14	0.34
8351	0	0	0.21	0.14	0.34
8352	222.44	62.46	0.21	0.14	0.34
8353	0	0	0.21	0.14	0.34
8354	0	0	0.21	0.14	0.34
8355	0	0	0.21	0.14	0.34
8356	0	0	0.21	0.14	0.34
8357	0	0	0.21	0.14	0.34
8358	0	0	0.21	0.14	0.34
8359	0	0	0.21	0.14	0.34
8360	0	0	0.20	0.14	0.34
8361	0	0	0.21	0.14	0.34
8362	222.51	62.44	0.21	0.14	0.34
8363	0	0	0.21	0.14	0.34
8364	0	0	0.21	0.14	0.34
8365	0	0	0.21	0.14	0.34
8366	0	0	0.21	0.14	0.34
8367	0	0	0.20	0.14	0.34
8368	0	0	0.21	0.14	0.33
8369	0	0	0.21	0.14	0.33
8370	0	0	0.21	0.14	0.33
8371	0	0	0.21	0.14	0.33
8372	222.58	62.42	0.21	0.14	0.33
8373	0	0	0.21	0.14	0.33
8374	0	0	0.21	0.14	0.33
8375	0	0	0.21	0.14	0.33
8376	0	0	0.21	0.14	0.33
8377	0	0	0.21	0.14	0.33
8378	0	0	0.21	0.14	0.33
8379	0	0	0.21	0.14	0.33
8380	0	0	0.21	0.14	0.33
8381	0	0	0.21	0.14	0.33
8382	222.65	62.40	0.21	0.14	0.33
8383	0	0	0.21	0.14	0.33
8384	0	0	0.21	0.14	0.33
8385	0	0	0.21	0.14	0.33
8386	0	0	0.21	0.14	0.33
8387	0	0	0.21	0.14	0.33
8388	0	0	0.21	0.14	0.32
8389	0	0	0.21	0.14	0.33
8390	0	0	0.21	0.14	0.32
8391	0	0	0.21	0.14	0.32
8392	222.73	62.38	0.21	0.14	0.32
8393	0	0	0.21	0.14	0.32
8394	0	0	0.21	0.14	0.33
8395	0	0	0.21	0.14	0.32
8396	0	0	0.21	0.14	0.32
8397	0	0	0.21	0.14	0.32
8398	0	0	0.21	0.14	0.32
8400	0	0	0.20	0.13	0.32
8401	0	0	0.21	0.14	0.32
8402	0	0	0.21	0.14	0.32
8403	222.80	62.36	0.21	0.14	0.32
8404	0	0	0.21	0.14	0.32
8405	0	0	0.22	0.14	0.32
8406	0	0	0.20	0.13	0.32
8407	0	0	0.22	0.14	0.32
8408	0	0	0.22	0.14	0.32
8409	0	0	0.21	0.14	0.32
8410	0	0	0.22	0.14	0.32
8411	0	0	0.21	0.13	0.32
8412	0	0	0.22	0.14	0.32
8413	222.87	62.34	0.21	0.13	0.32
8414	0	0	0.22	0.14	0.32
8415	0	0	0.22	0.14	0.32
8416	0	0	0.21	0.13	0.32
8417	0	0	0.22	0.14	0.32
8418	0	0	0.22	0.14	0.31
8419	0	0	0.22	0.14	0.31
8420	0	0	0.22	0.14	0.32
8421	0	0	0.21	0.13	0.31
8422	0	0	0.22	0.14	0.31
8423	222.94	62.32	0.22	0.14	0.31
8424	0	0	0.21	0.13	0.31
8425	0	0	0.22	0.14	0.31
8426	0	0	0.21	0.13	0.31
8427	0	0	0.21	0.13	0.31
8428	0	0	0.21	0.13	0.31
8429	0	0	0.21	0.13	0.31
8430	0	0	0.21	0.13	0.31
8431	0	0	0.22	0.14	0.31
8432	0	0	0.21	0.13	0.31
8433	223.01	62.30	0.22	0.14	0.31
8434	0	0	0.21	0.13	0.31
8435	0	0	0.21	0.13	0.31
8436	0	0	0.21	0.13	0.31
8437	0	0	0.21	0.13	0.31
8438	0	0	0.21	0.13	0.31
8439	0	0	0.21	0.13	0.31
8440	0	0	0.22	0.14	0.31
8441	0	0	0.22	0.14	0.31
8442	0	0	0.21	0.13	0.31
8443	223.08	62.28	0.22	0.14	0.31
8444	0	0	0.21	0.13	0.31
8445	0	0	0.21	0.13	0.31
8446	0	0	0.21	0.13	0.31
8447	0	0	0.22	0.13	0.30
8448	0	0	0.22	0.13	0.30
8449	0	0	0.22	0.13	0.30
8450	0	0	0.21	0.13	0.31
8451	0	0	0.22	0.13	0.30
8452	0	0	0.22	0.13	0.30
8453	223.15	62.26	0.22	0.13	0.30
8454	0	0	0.22	0.13	0.30
8455	0	0	0.21	0.13	0.31
8456	0	0	0.22	0.13	0.30
8457	0	0	0.22	0.13	0.30
8458	0	0	0.22	0.13	0.30
8459	0	0	0.22	0.13	0.30
8460	0	0	0.22	0.13	0.30
8461	0	0	0.22	0.13	0.30
8462	0	0	0.22	0.13	0.30
8463	223.22	62.24	0.22	0.13	0.30
8464	0	0	0.22	0.13	0.30
8465	0	0	0.22	0.13	0.30
8466	0	0	0.22	0.13	0.30
8467	0	0	0.22	0.13	0.30
8468	0	0	0.22	0.13	0.30
8469	0	0	0.22	0.13	0.30
8470	0	0	0.22	0.13	0.30
8471	0	0	0.21	0.13	0.30
8472	0	0	0.22	0.13	0.30
8473	223.29	62.22	0.21	0.13	0.30
8474	0	0	0.22	0.13	0.30
8475	0	0	0.22	0.13	0.30
8476	0	0	0.22	0.13	0.30
8477	0	0	0.21	0.13	0.30
8478	0	0	0.22	0.13	0.30
8479	0	0	0.22	0.13	0.30
8480	0	0	0.22	0.13	0.30
8481	0	0	0.22	0.13	0.30
8482	0	0	0.22	0.13	0.30
8483	223.36	62.20	0.22	0.13	0.30
8484	0	0	0.22	0.13	0.29
8485	0	0	0.21	0.13	0.30
8486	0	0	0.22	0.13	0.30
8487	0	0	0.22	0.13	0.30
8488	0	0	0.21	0.13	0.30
8489	0	0	0.21	0.13	0.30
8490	0	0	0.21	0.13	0.30
8491	0	0	0.21	0.13	0.30
8492	0	0	0.21	0.13	0.30
8493	223.43	62.18	0.22	0.13	0.30
8494	0	0	0.21	0.13	0.30
8495	0	0	0.22	0.13	0.29
8496	0	0	0.22	0.13	0.29
8497	0	0	0.22	0.13	0.29
8498	0	0	0.22	0.13	0.29
8499	0	0	0.22	0.13	0.29
8500	0	0	0.22	0.13	0.29
8501	0	0	0.22	0.13	0.29
8502	0	0	0.22	0.13	0.29
8503	223.50	62.16	0.22	0.13	0.29
8504	0	0	0.22	0.13	0.29
8505	0	0	0.22	0.13	0.29
8506	0	0	0.22	0.13	0.29
8507	0	0	0.22	0.13	0.29
8508	0	0	0.22	0.13	0.29
8509	0	0	0.22	0.13	0.29
8510	0	0	0.22	0.13	0.29
8511	0	0	0.22	0.13	0.29
8512	0	0	0.22	0.13	0.29
8513	223.57	62.14	0.22	0.13	0.29
8514	0	0	0.22	0.13	0.29
8515	0	0	0.22	0.13	0.29
8516	0	0	0.22	0.13	0.29
8517	0	0	0.22	0.13	0.29
8518	0	0	0.22	0.13	0.29
8519	0	0	0.22	0.13	0.29
8520	0	0	0.22	0.13	0.29
8521	0	0	0.22	0.13	0.29
8522	0	0	0.22	0.13	0.29
8523	223.63	62.12	0.22	0.13	0.29
8524	0	0	0.22	0.13	0.29
8525	0	0	0.22	0.13	0.29
8526	0	0	0.22	0.13	0.29
8527	0	0	0.22	0.13	0.29
8528	0	0	0.22	0.13	0.29
8529	0	0	0.22	0.13	0.29
8530	0	0	0.22	0.13	0.29
8531	0	0	0.22	0.13	0.29
8532	0	0	0.22	0.13	0.29
8533	223.70	62.10	0.22	0.13	0.29
8534	0	0	0.22	0.13	0.29
8535	0	0	0.22	0.13	0.29
8536	0	0	0.22	0.13	0.29
8537	0	0	0.22	0.13	0.29
8538	0	0	0.22	0.13	0.29
8539	0	0	0.22	0.13	0.29
8540	0	0	0.22	0.13	0.28
8541	0	0	0.22	0.13	0.29
8542	0	0	0.22	0.13	0.28
8543	223.77	62.08	0.22	0.13	0.28
8544	0	0	0.22	0.13	0.29
8545	0	0	0.21	0.12	0.29
8546	0	0	0.22	0.13	0.28
8547	0	0	0.22	0.13	0.29
8548	0	0	0.22	0.13	0.29
8549	0	0	0.22	0.13	0.29
8550	0	0	0.22	0.13	0.29
8551	0	0	0.22	0.13	0.29
8552	0	0	0.22	0.13	0.28
8553	223.84	62.06	0.22	0.13	0.29
8554	0	0	0.22	0.13	0.28
8555	0	0	0.22	0.13	0.28
8556	0	0	0.22	0.13	0.28
8557	0	0	0.22	0.12	0.28
8558	0	0	0.22	0.13	0.29
8559	0	0	0.22	0.12	0.28
8560	0	0	0.21	0.12	0.29
8561	0	0	0.22	0.12	0.28
8562	0	0	0.22	0.13	0.28
8563	223.91	62.04	0.22	0.13	0.28
8564	0	0	0.22	0.13	0.28
8565	0	0	0.22	0.13	0.29
8566	0	0	0.22	0.12	0.28
8567	0	0	0.22	0.13	0.28
8568	0	0	0.22	0.13	0.29
8569	0	0	0.22	0.13	0.28
8570	0	0	0.22	0.13	0.28
8571	0	0	0.22	0.13	0.29
8572	0	0	0.22	0.12	0.28
8573	223.98	62.02	0.22	0.13	0.28
8574	0	0	0.22	0.13	0.28
8575	0	0	0.22	0.13	0.28
8576	0	0	0.22	0.12	0.28
8577	0	0	0.22	0.12	0.28
8578	0	0	0.21	0.12	0.29
8579	0	0	0.22	0.13	0.28
8580	0	0	0.22	0.13	0.29
8581	0	0	0.22	0.13	0.29
8582	0	0	0.22	0.13	0.28
8583	224.05	62.00	0.22	0.13	0.28
8584	0	0	0.21	0.12	0.29
8585	0	0	0.22	0.13	0.28
8586	0	0	0.22	0.13	0.28
8587	0	0	0.22	0.13	0.28
8588	0	0	0.21	0.12	0.29
8589	0	0	0.21	0.12	0.29
8590	0	0	0.22	0.13	0.28
8591	0	0	0.22	0.12	0.28
8592	0	0	0.22	0.12	0.28
8593	224.12	61.98	0.21	0.12	0.29
8594	0	0	0.22	0.12	0.28
8595	0	0	0.22	0.12	0.28
8596	0	0	0.22	0.13	0.28
8597	0	0	0.22	0.12	0.28
8598	0	0	0.22	0.12	0.28
8599	0	0	0.22	0.13	0.28
8600	0	0	0.22	0.13	0.28
8601	0	0	0.22	0.13	0.28
8602	0	0	0.22	0.12	0.28
8603	224.19	61.96	0.22	0.12	0.28
8604	0	0	0.22	0.12	0.28
8605	0	0	0.22	0.13	0.28
8606	0	0	0.22	0.13	0.28
8607	0	0	0.22	0.12	0.28
8608	0	0	0.22	0.12	0.28
8609	0	0	0.22	0.12	0.28
8610	0	0	0.22	0.13	0.28
8611	0	0	0.22	0.13	0.28
8612	0	0	0.22	0.13	0.28
8613	224.26	61.94	0.22	0.13	0.28
8614	0	0	0.22	0.12	0.28
8615	0	0	0.22	0.13	0.28
8616	0	0	0.22	0.12	0.28
8617	0	0	0.22	0.13	0.28
8618	0	0	0.22	0.12	0.28
8619	0	0	0.22	0.13	0.28
8620	0	0	0.22	0.12	0.28
8621	0	0	0.22	0.12	0.28
8622	0	0	0.22	0.13	0.28
8623	224.33	61.92	0.22	0.13	0.28
8624	0	0	0.22	0.13	0.28
8625	0	0	0.22	0.12	0.28
8626	0	0	0.22	0.12	0.28
8627	0	0	0.22	0.13	0.28
8628	0	0	0.21	0.12	0.29
8629	0	0	0.21	0.12	0.29
8630	0	0	0.22	0.13	0.28
8631	0	0	0.22	0.12	0.28
8632	0	0	0.21	0.12	0.29
8633	224.40	61.90	0.22	0.13	0.28
8634	0	0	0.22	0.13	0.28
8635	0	0	0.22	0.12	0.28
8636	0	0	0.22	0.13	0.28
8637	0	0	0.22	0.13	0.28
8638	0	0	0.22	0.12	0.28
8639	0	0	0.22	0.13	0.28
8640	0	0	0.22	0.13	0.28
8641	0	0	0.22	0.12	0.28
8642	0	0	0.22	0.13	0.28
8643	224.47	61.88	0.22	0.12	0.28
8644	0	0	0.22	0.12	0.28
8645	0	0	0.22	0.13	0.28
8646	0	0	0.22	0.12	0.28
8647	0	0	0.22	0.13	0.28
8648	0	0	0.22	0.12	0.28
8649	0	0	0.22	0.12	0.28
8650	0	0	0.22	0.12	0.28
8651	0	0	0.22	0.13	0.28
8652	0	0	0.22	0.12	0.28
8653	224.54	61.86	0.21	0.12	0.29
8654	0	0	0.22	0.12	0.28
8655	0	0	0.22	0.12	0.28
8656	0	0	0.21	0.12	0.29
8657	0	0	0.22	0.13	0.29
8658	0	0	0.22	0.13	0.28
8659	0	0	0.22	0.13	0.28
8660	0	0	0.22	0.13	0.28
8661	0	0	0.22	0.13	0.28
8662	0	0	0.21	0.12	0.29
8663	224.60	61.84	0.22	0.12	0.28
8664	0	0	0.22	0.13	0.28
8665	0	0	0.21	0.12	0.29
8666	0	0	0.22	0.12	0.28
8667	0	0	0.22	0.13	0.28
8668	0	0	0.22	0.12	0.28
8669	0	0	0.22	0.13	0.28
8670	0	0	0.22	0.13	0.28
8671	0	0	0.22	0.13	0.28
8672	0	0	0.22	0.13	0.29
8673	224.67	61.82	0.22	0.12	0.28
8674	0	0	0.22	0.13	0.28
8675	0	0	0.22	0.13	0.28
8676	0	0	0.22	0.13	0.28
8677	0	0	0.22	0.12	0.28
8678	0	0	0.22	0.12	0.28
8679	0	0	0.22	0.13	0.28
8680	0	0	0.22	0.12	0.28
8681	0	0	0.22	0.12	0.28
8682	0	0	0.22	0.12	0.28
8683	224.74	61.80	0.22	0.13	0.28
8684	0	0	0.22	0.13	0.28
8685	0	0	0.22	0.12	0.28
8686	0	0	0.22	0.13	0.28
8687	0	0	0.22	0.13	0.28
8688	0	0	0.22	0.13	0.28
8689	0	0	0.22	0.13	0.28
8690	0	0	0.22	0.13	0.28
8691	0	0	0.22	0.12	0.28
8692	0	0	0.22	0.13	0.28
8693	224.81	61.78	0.23	0.13	0.28
8694	0	0	0.22	0.12	0.28
8695	0	0	0.22	0.12	0.28
8696	0	0	0.22	0.13	0.28
8697	0	0	0.22	0.12	0.28
8698	0	0	0.22	0.13	0.28
8699	0	0	0.22	0.13	0.28
8700	0	0	0.22	0.13	0.28
8701	0	0	0.22	0.12	0.28
8702	224.88	61.76	0.22	0.12	0.28
8703	0	0	0.22	0.12	0.28
8704	0	0	0.23	0.13	0.28
8705	0	0	0.22	0.12	0.28
8706	0	0	0.22	0.12	0.28
8707	0	0	0.22	0.13	0.28
8708	0	0	0.22	0.13	0.28
8709	0	0	0.22	0.13	0.28
8710	0	0	0.22	0.12	0.28
8711	0	0	0.22	0.13	0.28
8712	224.94	61.74	0.22	0.13	0.28
8713	0	0	0.23	0.13	0.28
8714	0	0	0.22	0.12	0.28
8715	0	0	0.22	0.12	0.28
8716	0	0	0.22	0.12	0.28
8717	0	0	0.22	0.12	0.28
8718	0	0	0.23	0.13	0.28
8719	0	0	0.22	0.12	0.28
8720	0	0	0.22	0.12	0.28
8721	0	0	0.22	0.12	0.28
8722	225.01	61.72	0.22	0.12	0.28
8723	0	0	0.22	0.12	0.28
8724	0	0	0.22	0.12	0.28
8725	0	0	0.22	0.12	0.28
8726	0	0	0.23	0.13	0.28
8727	0	0	0.22	0.12	0.28
8728	0	0	0.22	0.12	0.28
8729	0	0	0.23	0.13	0.28
8730	0	0	0.22	0.12	0.28
8731	0	0	0.23	0.13	0.28
8732	225.08	61.70	0.23	0.13	0.28
8733	0	0	0.22	0.12	0.28
8734	0	0	0.22	0.12	0.28
8735	0	0	0.22	0.12	0.28
8736	0	0	0.23	0.13	0.28
8737	0	0	0.22	0.12	0.28
8738	0	0	0.22	0.12	0.28
8739	0	0	0.22	0.12	0.28
8740	0	0	0.23	0.13	0.28
8741	0	0	0.22	0.12	0.28
8742	225.15	61.68	0.22	0.12	0.28
8743	0	0	0.23	0.13	0.28
8744	0	0	0.22	0.12	0.28
8745	0	0	0.23	0.13	0.28
8746	0	0	0.23	0.13	0.28
8747	0	0	0.22	0.12	0.28
8748	0	0	0.22	0.12	0.28
8749	0	0	0.23	0.13	0.28
8750	0	0	0.22	0.13	0.28
8751	0	0	0.23	0.13	0.28
8752	225.22	61.65	0.22	0.12	0.28
8753	0	0	0.23	0.13	0.28
8754	0	0	0.22	0.12	0.28
8755	0	0	0.22	0.12	0.28
8756	0	0	0.22	0.12	0.28
8757	0	0	0.22	0.12	0.28
8758	0	0	0.23	0.13	0.28
8759	0	0	0.22	0.12	0.28
8760	0	0	0.22	0.12	0.28
8761	0	0	0.22	0.12	0.28
8762	225.29	61.63	0.23	0.13	0.28
8763	0	0	0.22	0.12	0.28
8764	0	0	0.22	0.12	0.28
8765	0	0	0.22	0.12	0.28
8766	0	0	0.22	0.12	0.28
8767	0	0	0.23	0.13	0.28
8768	0	0	0.23	0.13	0.28
8769	0	0	0.23	0.13	0.28
8770	0	0	0.23	0.13	0.28
8771	0	0	0.22	0.12	0.28
8772	225.35	61.61	0.22	0.12	0.28
8773	0	0	0.22	0.12	0.28
8774	0	0	0.22	0.12	0.28
8775	0	0	0.23	0.13	0.28
8776	0	0	0.22	0.12	0.28
8777	0	0	0.22	0.12	0.28
8778	0	0	0.22	0.12	0.28
8779	0	0	0.23	0.13	0.28
8780	0	0	0.22	0.12	0.28
8781	0	0	0.22	0.12	0.28
8782	225.42	61.59	0.22	0.12	0.28
8783	0	0	0.22	0.12	0.28
8784	0	0	0.22	0.12	0.28
8785	0	0	0.22	0.12	0.28
8786	0	0	0.22	0.12	0.28
8787	0	0	0.22	0.12	0.28
8788	0	0	0.23	0.13	0.28
8789	0	0	0.22	0.12	0.28
8790	0	0	0.22	0.12	0.27
8791	0	0	0.22	0.12	0.28
8792	225.49	61.57	0.22	0.12	0.28
8793	0	0	0.22	0.12	0.28
8794	0	0	0.22	0.12	0.28
8795	0	0	0.22	0.12	0.28
8796	0	0	0.22	0.12	0.28
8797	0	0	0.22	0.12	0.28
8798	0	0	0.22	0.12	0.28
8799	0	0	0.22	0.12	0.28
8800	0	0	0.22	0.12	0.28
8801	0	0	0.22	0.12	0.28
8802	225.55	61.55	0.22	0.12	0.28
8803	0	0	0.23	0.13	0.28
8804	0	0	0.22	0.12	0.28
8805	0	0	0.22	0.12	0.28
8806	0	0	0.22	0.12	0.28
8807	0	0	0.22	0.12	0.28
8808	0	0	0.22	0.12	0.28
8809	0	0	0.22	0.12	0.28
8810	0	0	0.22	0.12	0.28
8811	0	0	0.23	0.13	0.28
8812	225.62	61.53	0.22	0.12	0.28
8813	0	0	0.22	0.12	0.28
8814	0	0	0.23	0.13	0.28
8815	0	0	0.22	0.12	0.28
8816	0	0	0.22	0.12	0.28
8817	0	0	0.22	0.12	0.28
8818	0	0	0.22	0.12	0.28
8819	0	0	0.22	0.12	0.28
8820	0	0	0.22	0.12	0.28
8821	0	0	0.22	0.12	0.28
8822	225.69	61.51	0.22	0.12	0.28
8823	0	0	0.22	0.12	0.28
8824	0	0	0.22	0.12	0.28
8825	0	0	0.22	0.12	0.28
8826	0	0	0.22	0.12	0.28
8827	0	0	0.22	0.12	0.28
8828	0	0	0.22	0.12	0.28
8829	0	0	0.22	0.12	0.28
8830	0	0	0.22	0.12	0.28
8831	0	0	0.22	0.12	0.28
8832	225.76	61.49	0.22	0.12	0.28
8833	0	0	0.22	0.12	0.28
8834	0	0	0.22	0.12	0.28
8835	0	0	0.22	0.12	0.28
8836	0	0	0.22	0.12	0.28
8837	0	0	0.22	0.12	0.28
8838	0	0	0.22	0.12	0.28
8839	0	0	0.22	0.12	0.27
8840	0	0	0.22	0.12	0.28
8841	0	0	0.22	0.12	0.28
8842	225.82	61.47	0.22	0.12	0.28
8843	0	0	0.22	0.12	0.28
8844	0	0	0.23	0.13	0.27
8845	0	0	0.22	0.12	0.28
8846	0	0	0.22	0.12	0.28
8847	0	0	0.23	0.13	0.28
8848	0	0	0.22	0.12	0.28
8849	0	0	0.22	0.12	0.28
8850	0	0	0.22	0.12	0.28
8851	0	0	0.22	0.12	0.27
8852	225.89	61.45	0.22	0.12	0.27
8853	0	0	0.22	0.12	0.27
8854	0	0	0.22	0.12	0.27
8855	0	0	0.22	0.12	0.27
8856	0	0	0.22	0.12	0.28
8857	0	0	0.22	0.12	0.28
8858	0	0	0.22	0.12	0.28
8859	0	0	0.23	0.13	0.28
8860	0	0	0.22	0.12	0.28
8861	0	0	0.22	0.12	0.28
8862	225.96	61.43	0.22	0.12	0.28
8863	0	0	0.22	0.12	0.27
8864	0	0	0.22	0.12	0.27
8865	0	0	0.22	0.12	0.28
8866	0	0	0.22	0.12	0.27
8868	0	0	0.22	0.12	0.28
8869	0	0	0.22	0.12	0.28
8870	0	0	0.22	0.12	0.27
8871	0	0	0.22	0.12	0.28
8872	0	0	0.22	0.12	0.28
8873	226.02	61.41	0.22	0.12	0.28
8874	0	0	0.22	0.12	0.28
8875	0	0	0.22	0.12	0.28
8876	0	0	0.22	0.12	0.28
8877	0	0	0.22	0.12	0.27
8878	0	0	0.22	0.12	0.28
8879	0	0	0.22	0.12	0.27
8880	0	0	0.22	0.12	0.28
8881	0	0	0.22	0.12	0.27
8882	0	0	0.22	0.12	0.28
8883	226.09	61.39	0.22	0.12	0.28
8884	0	0	0.22	0.12	0.27
8885	0	0	0.22	0.12	0.28
8886	0	0	0.22	0.12	0.28
8887	0	0	0.22	0.12	0.28
8888	0	0	0.22	0.12	0.28
8889	0	0	0.21	0.12	0.28
8890	0	0	0.22	0.12	0.27
8891	0	0	0.23	0.13	0.28
8892	0	0	0.22	0.12	0.27
8893	226.16	61.36	0.22	0.12	0.28
8894	0	0	0.22	0.12	0.28
8895	0	0	0.22	0.12	0.28
8896	0	0	0.22	0.12	0.28
8897	0	0	0.22	0.12	0.27
8898	0	0	0.22	0.12	0.27
8899	0	0	0.22	0.12	0.28
8900	0	0	0.22	0.12	0.28
8901	0	0	0.22	0.12	0.28
8902	0	0	0.22	0.12	0.27
8903	226.22	61.34	0.22	0.12	0.28
8904	0	0	0.22	0.12	0.28
8905	0	0	0.22	0.12	0.27
8906	0	0	0.22	0.12	0.27
8907	0	0	0.22	0.12	0.27
8908	0	0	0.22	0.12	0.27
8909	0	0	0.22	0.12	0.27
8910	0	0	0.22	0.12	0.27
8911	0	0	0.22	0.12	0.27
8912	0	0	0.22	0.12	0.27
8913	226.29	61.32	0.22	0.12	0.28
8914	0	0	0.22	0.12	0.28
8915	0	0	0.22	0.12	0.27
8916	0	0	0.22	0.12	0.28
8917	0	0	0.22	0.12	0.28
8918	0	0	0.22	0.12	0.27
8919	0	0	0.22	0.12	0.28
8920	0	0	0.22	0.12	0.27
8921	0	0	0.22	0.12	0.27
8922	0	0	0.22	0.12	0.28
8923	226.36	61.30	0.22	0.12	0.27
8924	0	0	0.22	0.12	0.27
8925	0	0	0.22	0.12	0.27
8926	0	0	0.22	0.12	0.27
8927	0	0	0.22	0.12	0.27
8928	0	0	0.22	0.12	0.27
8929	0	0	0.22	0.12	0.27
8930	0	0	0.22	0.12	0.28
8931	0	0	0.21	0.12	0.27
8932	0	0	0.22	0.12	0.27
8933	226.42	61.28	0.22	0.12	0.27
8934	0	0	0.22	0.12	0.27
8935	0	0	0.22	0.12	0.27
8936	0	0	0.22	0.12	0.27
8937	0	0	0.22	0.12	0.28
8938	0	0	0.21	0.12	0.28
8939	0	0	0.22	0.12	0.27
8940	0	0	0.22	0.12	0.28
8941	0	0	0.22	0.12	0.28
8942	0	0	0.22	0.12	0.27
8943	226.49	61.26	0.22	0.12	0.27
8944	0	0	0.22	0.12	0.27
8945	0	0	0.22	0.12	0.27
8946	0	0	0.22	0.12	0.27
8947	0	0	0.22	0.12	0.27
8948	0	0	0.22	0.12	0.27
8949	0	0	0.22	0.12	0.28
8950	0	0	0.22	0.12	0.27
8951	0	0	0.22	0.12	0.27
8952	0	0	0.22	0.12	0.27
8953	226.55	61.24	0.22	0.12	0.28
8954	0	0	0.22	0.12	0.27
8955	0	0	0.22	0.12	0.28
8956	0	0	0.21	0.12	0.27
8957	0	0	0.22	0.12	0.27
8958	0	0	0.22	0.12	0.27
8959	0	0	0.22	0.12	0.27
8960	0	0	0.22	0.12	0.27
8961	0	0	0.22	0.12	0.27
8962	0	0	0.22	0.12	0.27
8963	226.62	61.22	0.22	0.12	0.27
8964	0	0	0.22	0.12	0.28
8965	0	0	0.21	0.12	0.28
8966	0	0	0.22	0.12	0.28
8967	0	0	0.22	0.12	0.27
8968	0	0	0.22	0.12	0.27
8969	0	0	0.21	0.12	0.27
8970	0	0	0.22	0.12	0.27
8971	0	0	0.22	0.12	0.27
8972	0	0	0.22	0.12	0.27
8973	226.69	61.20	0.22	0.12	0.27
8974	0	0	0.21	0.12	0.27
8975	0	0	0.22	0.12	0.27
8976	0	0	0.22	0.12	0.27
8977	0	0	0.22	0.12	0.27
8978	0	0	0.22	0.12	0.27
8979	0	0	0.21	0.12	0.27
8980	0	0	0.21	0.12	0.27
8981	0	0	0.22	0.12	0.27
8982	0	0	0.22	0.12	0.27
8983	226.75	61.17	0.22	0.12	0.27
8984	0	0	0.22	0.12	0.27
8985	0	0	0.22	0.12	0.27
8986	0	0	0.22	0.12	0.27
8987	0	0	0.22	0.12	0.27
8988	0	0	0.22	0.12	0.27
8989	0	0	0.22	0.12	0.27
8990	0	0	0.21	0.12	0.27
8991	0	0	0.22	0.12	0.27
8992	0	0	0.22	0.12	0.27
8993	226.82	61.15	0.22	0.12	0.27
8994	0	0	0.22	0.12	0.27
8995	0	0	0.22	0.12	0.27
8996	0	0	0.22	0.12	0.28
8997	0	0	0.22	0.12	0.27
8998	0	0	0.22	0.12	0.27
8999	0	0	0.22	0.12	0.27
9000	0	0	0.21	0.12	0.27
9001	0	0	0.22	0.12	0.27
9002	0	0	0.21	0.12	0.27
9003	226.89	61.13	0.22	0.12	0.27
9004	0	0	0.22	0.12	0.27
9005	0	0	0.21	0.12	0.27
9006	0	0	0.22	0.12	0.27
9007	0	0	0.22	0.12	0.27
9008	0	0	0.22	0.12	0.27
9009	0	0	0.22	0.12	0.27
9010	0	0	0.22	0.12	0.27
9011	0	0	0.23	0.12	0.27
9012	0	0	0.23	0.12	0.27
9013	226.95	61.11	0.22	0.12	0.27
9014	0	0	0.22	0.12	0.27
9015	0	0	0.22	0.12	0.27
9016	0	0	0.23	0.12	0.27
9017	0	0	0.23	0.12	0.27
9018	0	0	0.22	0.12	0.27
9019	0	0	0.22	0.12	0.27
9020	0	0	0.22	0.12	0.27
9021	0	0	0.22	0.12	0.27
9022	0	0	0.22	0.12	0.27
9023	227.02	61.09	0.23	0.12	0.27
9024	0	0	0.22	0.12	0.27
9025	0	0	0.22	0.12	0.27
9026	0	0	0.22	0.12	0.27
9027	0	0	0.23	0.12	0.27
9028	0	0	0.21	0.12	0.27
9029	0	0	0.22	0.12	0.27
9030	0	0	0.22	0.12	0.27
9031	0	0	0.22	0.12	0.27
9032	0	0	0.23	0.12	0.27
9033	227.08	61.07	0.22	0.12	0.27
9034	0	0	0.23	0.12	0.27
9035	0	0	0.23	0.12	0.27
9036	0	0	0.23	0.12	0.27
9037	0	0	0.23	0.12	0.27
9038	0	0	0.21	0.12	0.27
9039	0	0	0.23	0.12	0.27
9040	0	0	0.22	0.12	0.27
9041	0	0	0.22	0.12	0.27
9042	0	0	0.21	0.12	0.27
9043	227.15	61.05	0.23	0.12	0.27
9044	0	0	0.23	0.12	0.27
9045	0	0	0.22	0.12	0.27
9046	0	0	0.21	0.12	0.27
9047	0	0	0.23	0.12	0.27
9048	0	0	0.22	0.12	0.27
9049	0	0	0.23	0.12	0.27
9050	0	0	0.22	0.12	0.27
9051	0	0	0.23	0.12	0.27
9052	0	0	0.23	0.12	0.27
9053	227.21	61.03	0.23	0.12	0.27
9054	0	0	0.23	0.12	0.27
9055	0	0	0.23	0.12	0.27
9056	0	0	0.23	0.12	0.27
9057	0	0	0.22	0.12	0.27
9058	0	0	0.22	0.12	0.27
9059	0	0	0.23	0.12	0.27
9060	0	0	0.22	0.12	0.27
9061	0	0	0.23	0.12	0.27
9062	0	0	0.22	0.12	0.27
9063	227.28	61.00	0.23	0.12	0.27
9064	0	0	0.23	0.12	0.27
9065	0	0	0.23	0.12	0.27
9066	0	0	0.23	0.12	0.27
9067	0	0	0.22	0.12	0.26
9068	0	0	0.23	0.12	0.27
9069	0	0	0.22	0.12	0.27
9070	0	0	0.23	0.12	0.27
9071	0	0	0.23	0.12	0.27
9072	0	0	0.23	0.12	0.27
9073	227.35	60.98	0.23	0.12	0.27
9074	0	0	0.22	0.12	0.27
9075	0	0	0.23	0.12	0.27
9076	0	0	0.22	0.12	0.27
9077	0	0	0.22	0.12	0.27
9078	0	0	0.23	0.12	0.27
9079	0	0	0.23	0.12	0.27
9080	0	0	0.22	0.12	0.27
9081	0	0	0.23	0.12	0.27
9082	0	0	0.23	0.12	0.27
9083	227.41	60.96	0.22	0.12	0.27
9084	0	0	0.22	0.12	0.27
9085	0	0	0.23	0.12	0.27
9086	0	0	0.22	0.12	0.27
9087	0	0	0.22	0.12	0.27
9088	0	0	0.23	0.12	0.27
9089	0	0	0.23	0.12	0.27
9090	0	0	0.22	0.12	0.27
9091	0	0	0.22	0.12	0.27
9092	0	0	0.22	0.12	0.27
9093	227.48	60.94	0.22	0.12	0.27
9094	0	0	0.22	0.12	0.27
9095	0	0	0.23	0.12	0.27
9096	0	0	0.23	0.12	0.27
9097	0	0	0.23	0.12	0.27
9098	0	0	0.22	0.12	0.27
9099	0	0	0.22	0.12	0.27
9100	0	0	0.22	0.12	0.27
9101	0	0	0.22	0.12	0.27
9102	0	0	0.22	0.12	0.27
9103	227.54	60.92	0.23	0.12	0.27
9104	0	0	0.22	0.12	0.27
9105	0	0	0.22	0.12	0.26
9106	0	0	0.22	0.12	0.27
9107	0	0	0.22	0.12	0.27
9108	0	0	0.22	0.12	0.27
9109	0	0	0.22	0.12	0.27
9110	0	0	0.23	0.12	0.27
9111	0	0	0.22	0.12	0.27
9112	0	0	0.23	0.12	0.27
9113	227.61	60.90	0.23	0.12	0.27
9114	0	0	0.23	0.12	0.26
9115	0	0	0.22	0.12	0.27
9116	0	0	0.22	0.12	0.27
9117	0	0	0.22	0.12	0.27
9118	0	0	0.22	0.12	0.27
9119	0	0	0.22	0.12	0.27
9120	0	0	0.22	0.12	0.27
9121	0	0	0.23	0.12	0.26
9122	0	0	0.23	0.12	0.27
9123	227.67	60.88	0.22	0.12	0.27
9124	0	0	0.23	0.12	0.27
9125	0	0	0.22	0.12	0.27
9126	0	0	0.23	0.12	0.27
9127	0	0	0.23	0.12	0.27
9128	0	0	0.23	0.12	0.26
9129	0	0	0.22	0.12	0.27
9130	0	0	0.22	0.12	0.27
9131	0	0	0.23	0.12	0.26
9132	0	0	0.22	0.12	0.27
9133	227.74	60.85	0.22	0.12	0.27
9134	0	0	0.22	0.12	0.26
9135	0	0	0.22	0.12	0.27
9136	0	0	0.22	0.12	0.26
9137	0	0	0.22	0.12	0.26
9138	0	0	0.22	0.12	0.26
9139	0	0	0.22	0.12	0.26
9140	0	0	0.22	0.12	0.27
9141	0	0	0.22	0.12	0.26
9142	0	0	0.22	0.12	0.27
9143	227.80	60.83	0.22	0.12	0.26
9144	0	0	0.22	0.12	0.26
9145	0	0	0.22	0.12	0.26
9146	0	0	0.22	0.12	0.26
9147	0	0	0.23	0.12	0.26
9148	0	0	0.22	0.12	0.26
9149	0	0	0.22	0.12	0.26
9150	0	0	0.22	0.12	0.26
9151	0	0	0.22	0.12	0.26
9152	0	0	0.22	0.12	0.26
9153	227.87	60.81	0.22	0.12	0.26
9154	0	0	0.22	0.12	0.26
9155	0	0	0.22	0.12	0.26
9156	0	0	0.22	0.12	0.26
9157	0	0	0.22	0.12	0.26
9158	0	0	0.22	0.12	0.26
9159	0	0	0.22	0.12	0.26
9160	0	0	0.22	0.12	0.26
9161	0	0	0.22	0.12	0.26
9162	0	0	0.22	0.12	0.26
9163	227.93	60.79	0.22	0.12	0.26
9164	0	0	0.22	0.12	0.26
9165	0	0	0.22	0.12	0.26
9166	0	0	0.22	0.12	0.26
9167	0	0	0.22	0.12	0.26
9168	0	0	0.22	0.12	0.26
9169	0	0	0.22	0.12	0.26
9170	0	0	0.22	0.12	0.26
9171	0	0	0.22	0.12	0.26
9172	0	0	0.22	0.12	0.26
9173	228.00	60.77	0.22	0.12	0.26
9174	0	0	0.22	0.12	0.26
9175	0	0	0.22	0.12	0.26
9176	0	0	0.22	0.12	0.26
9177	0	0	0.22	0.12	0.26
9178	0	0	0.22	0.12	0.26
9179	0	0	0.23	0.12	0.26
9180	0	0	0.22	0.12	0.26
9181	0	0	0.22	0.12	0.26
9182	0	0	0.22	0.12	0.26
9183	228.06	60.75	0.22	0.12	0.26
9184	0	0	0.22	0.12	0.26
9185	0	0	0.23	0.12	0.26
9186	0	0	0.22	0.12	0.26
9187	0	0	0.22	0.12	0.26
9188	0	0	0.22	0.12	0.26
9189	0	0	0.22	0.12	0.26
9190	0	0	0.22	0.12	0.26
9191	0	0	0.22	0.12	0.26
9192	0	0	0.22	0.12	0.26
9193	228.12	60.73	0.22	0.12	0.26
9194	0	0	0.21	0.11	0.26
9195	0	0	0.22	0.12	0.26
9196	0	0	0.22	0.12	0.26
9197	0	0	0.22	0.12	0.26
9198	0	0	0.22	0.12	0.26
9199	0	0	0.22	0.12	0.26
9200	0	0	0.21	0.11	0.26
9201	0	0	0.23	0.12	0.26
9202	0	0	0.22	0.12	0.26
9203	228.19	60.70	0.22	0.12	0.26
9204	0	0	0.21	0.11	0.26
9205	0	0	0.22	0.12	0.26
9206	0	0	0.23	0.12	0.26
9207	0	0	0.22	0.12	0.26
9208	0	0	0.22	0.12	0.26
9209	0	0	0.22	0.12	0.26
9210	0	0	0.22	0.12	0.26
9211	0	0	0.22	0.12	0.26
9212	0	0	0.23	0.12	0.26
9213	228.25	60.68	0.23	0.12	0.26
9214	0	0	0.23	0.12	0.26
9215	0	0	0.22	0.12	0.26
9216	0	0	0.23	0.12	0.26
9217	0	0	0.22	0.12	0.26
9218	0	0	0.23	0.12	0.26
9219	0	0	0.22	0.12	0.26
9220	0	0	0.23	0.12	0.26
9221	0	0	0.22	0.11	0.26
9222	0	0	0.23	0.12	0.26
9223	228.32	60.66	0.23	0.12	0.26
9224	0	0	0.22	0.11	0.26
9225	0	0	0.21	0.11	0.26
9226	0	0	0.23	0.12	0.26
9227	0	0	0.23	0.12	0.26
9228	0	0	0.22	0.11	0.26
9229	0	0	0.22	0.12	0.26
9230	0	0	0.23	0.12	0.26
9231	0	0	0.23	0.12	0.26
9232	0	0	0.22	0.11	0.26
9233	228.38	60.64	0.23	0.12	0.26
9234	0	0	0.22	0.11	0.26
9235	0	0	0.23	0.12	0.26
9236	0	0	0.23	0.12	0.26
9237	0	0	0.22	0.11	0.26
9238	0	0	0.23	0.12	0.26
9239	0	0	0.23	0.12	0.26
9240	0	0	0.22	0.11	0.26
9241	0	0	0.23	0.12	0.25
9242	0	0	0.22	0.11	0.26
9243	228.45	60.62	0.22	0.11	0.26
9244	0	0	0.23	0.12	0.26
9245	0	0	0.22	0.11	0.26
9246	0	0	0.22	0.11	0.26
9247	0	0	0.22	0.11	0.26
9248	0	0	0.22	0.11	0.26
9249	0	0	0.22	0.11	0.26
9250	0	0	0.22	0.11	0.26
9251	0	0	0.22	0.11	0.26
9252	0	0	0.22	0.11	0.26
9253	228.51	60.60	0.22	0.11	0.25
9254	0	0	0.23	0.12	0.26
9255	0	0	0.22	0.11	0.26
9256	0	0	0.22	0.11	0.26
9257	0	0	0.22	0.11	0.25
9258	0	0	0.23	0.12	0.25
9259	0	0	0.23	0.12	0.26
9260	0	0	0.22	0.11	0.26
9261	0	0	0.22	0.11	0.25
9262	0	0	0.22	0.11	0.26
9263	228.57	60.57	0.22	0.11	0.25
9264	0	0	0.23	0.12	0.25
9265	0	0	0.23	0.12	0.25
9266	0	0	0.22	0.11	0.25
9267	0	0	0.22	0.11	0.26
9268	0	0	0.22	0.11	0.25
9269	0	0	0.22	0.11	0.25
9270	0	0	0.22	0.11	0.25
9271	0	0	0.22	0.11	0.25
9272	0	0	0.22	0.11	0.26
9273	228.64	60.55	0.22	0.11	0.25
9274	0	0	0.22	0.11	0.26
9275	0	0	0.22	0.11	0.25
9276	0	0	0.22	0.11	0.26
9277	0	0	0.22	0.11	0.25
9278	0	0	0.22	0.11	0.25
9279	0	0	0.22	0.11	0.25
9280	0	0	0.22	0.11	0.25
9281	0	0	0.22	0.11	0.26
9282	228.70	60.53	0.22	0.11	0.26
9283	0	0	0.22	0.11	0.25
9284	0	0	0.22	0.11	0.25
9285	0	0	0.22	0.11	0.25
9286	0	0	0.22	0.11	0.25
9287	0	0	0.22	0.11	0.25
9288	0	0	0.22	0.11	0.25
9289	0	0	0.22	0.11	0.25
9290	0	0	0.22	0.11	0.25
9291	0	0	0.21	0.11	0.25
9292	228.76	60.51	0.22	0.11	0.26
9293	0	0	0.22	0.11	0.25
9294	0	0	0.22	0.11	0.25
9295	0	0	0.22	0.11	0.25
9296	0	0	0.22	0.11	0.25
9297	0	0	0.22	0.11	0.25
9298	0	0	0.22	0.11	0.25
9299	0	0	0.22	0.11	0.25
9300	0	0	0.22	0.11	0.25
9301	0	0	0.22	0.11	0.25
9302	228.83	60.49	0.22	0.11	0.25
9303	0	0	0.22	0.11	0.25
9304	0	0	0.21	0.11	0.25
9305	0	0	0.22	0.11	0.25
9306	0	0	0.22	0.11	0.25
9307	0	0	0.22	0.11	0.25
9308	0	0	0.22	0.11	0.25
9309	0	0	0.23	0.11	0.25
9310	0	0	0.22	0.11	0.25
9311	0	0	0.22	0.11	0.25
9312	228.89	60.46	0.22	0.11	0.25
9313	0	0	0.23	0.11	0.25
9314	0	0	0.23	0.11	0.25
9315	0	0	0.22	0.11	0.25
9316	0	0	0.23	0.11	0.25
9317	0	0	0.23	0.11	0.25
9318	0	0	0.22	0.11	0.25
9319	0	0	0.23	0.11	0.25
9320	0	0	0.22	0.11	0.25
9321	0	0	0.23	0.11	0.25
9322	228.96	60.44	0.23	0.11	0.25
9323	0	0	0.22	0.11	0.25
9324	0	0	0.22	0.11	0.25
9325	0	0	0.22	0.11	0.25
9326	0	0	0.23	0.11	0.25
9327	0	0	0.23	0.11	0.25
9328	0	0	0.23	0.11	0.25
9329	0	0	0.23	0.11	0.25
9330	0	0	0.22	0.11	0.25
9331	0	0	0.22	0.11	0.25
9332	229.02	60.42	0.22	0.11	0.24
9333	0	0	0.23	0.11	0.25
9334	0	0	0.22	0.11	0.25
9336	0	0	0.22	0.11	0.25
9337	0	0	0.22	0.11	0.25
9338	0	0	0.22	0.11	0.25
9339	0	0	0.22	0.11	0.25
9340	0	0	0.22	0.11	0.25
9341	0	0	0.22	0.11	0.25
9342	0	0	0.22	0.11	0.24
9343	229.08	60.40	0.22	0.11	0.25
9344	0	0	0.23	0.11	0.25
9345	0	0	0.22	0.11	0.25
9346	0	0	0.23	0.11	0.25
9347	0	0	0.23	0.11	0.25
9348	0	0	0.23	0.11	0.24
9349	0	0	0.23	0.11	0.25
9350	0	0	0.23	0.11	0.24
9351	0	0	0.22	0.11	0.25
9352	0	0	0.22	0.11	0.25
9353	229.15	60.38	0.23	0.11	0.24
9354	0	0	0.22	0.11	0.25
9355	0	0	0.23	0.11	0.25
9356	0	0	0.23	0.11	0.24
9357	0	0	0.23	0.11	0.25
9358	0	0	0.22	0.11	0.25
9359	0	0	0.22	0.11	0.24
9360	0	0	0.23	0.11	0.25
9361	0	0	0.23	0.11	0.25
9362	0	0	0.22	0.11	0.25
9363	229.21	60.35	0.22	0.11	0.25
9364	0	0	0.23	0.11	0.24
9365	0	0	0.23	0.11	0.25
9366	0	0	0.22	0.11	0.25
9367	0	0	0.22	0.11	0.24
9368	0	0	0.22	0.11	0.25
9369	0	0	0.22	0.11	0.25
9370	0	0	0.22	0.11	0.24
9371	0	0	0.22	0.11	0.24
9372	0	0	0.23	0.11	0.25
9373	229.27	60.33	0.22	0.11	0.25
9374	0	0	0.22	0.11	0.25
9375	0	0	0.23	0.11	0.24
9376	0	0	0.23	0.11	0.25
9377	0	0	0.22	0.11	0.25
9378	0	0	0.22	0.11	0.25
9379	0	0	0.23	0.11	0.25
9380	0	0	0.22	0.11	0.24
9381	0	0	0.22	0.11	0.25
9382	0	0	0.23	0.11	0.24
9383	229.34	60.31	0.22	0.11	0.25
9384	0	0	0.23	0.11	0.25
9385	0	0	0.22	0.11	0.25
9386	0	0	0.23	0.11	0.24
9387	0	0	0.23	0.11	0.24
9388	0	0	0.22	0.11	0.25
9389	0	0	0.22	0.11	0.25
9390	0	0	0.22	0.11	0.25
9391	0	0	0.22	0.11	0.25
9392	0	0	0.22	0.11	0.24
9393	229.40	60.29	0.23	0.11	0.24
9394	0	0	0.22	0.11	0.25
9395	0	0	0.22	0.11	0.25
9396	0	0	0.22	0.11	0.25
9397	0	0	0.22	0.11	0.25
9398	0	0	0.22	0.11	0.25
9399	0	0	0.22	0.11	0.25
9400	0	0	0.22	0.11	0.25
9401	0	0	0.22	0.11	0.25
9402	0	0	0.23	0.11	0.24
9403	229.46	60.27	0.22	0.11	0.25
9404	0	0	0.22	0.11	0.24
9405	0	0	0.23	0.11	0.25
9406	0	0	0.22	0.11	0.25
9407	0	0	0.23	0.11	0.25
9408	0	0	0.22	0.11	0.24
9409	0	0	0.22	0.11	0.25
9410	0	0	0.23	0.11	0.24
9411	0	0	0.22	0.11	0.24
9412	0	0	0.22	0.11	0.25
9413	229.52	60.24	0.22	0.11	0.25
9414	0	0	0.22	0.11	0.25
9415	0	0	0.22	0.11	0.24
9416	0	0	0.22	0.11	0.25
9417	0	0	0.22	0.11	0.25
9418	0	0	0.23	0.11	0.24
9419	0	0	0.22	0.11	0.25
9420	0	0	0.22	0.11	0.25
9421	0	0	0.23	0.11	0.25
9422	0	0	0.22	0.11	0.24
9423	229.59	60.22	0.22	0.11	0.24
9424	0	0	0.23	0.11	0.24
9425	0	0	0.22	0.11	0.25
9426	0	0	0.22	0.11	0.25
9427	0	0	0.22	0.11	0.25
9428	0	0	0.22	0.11	0.25
9429	0	0	0.22	0.11	0.25
9430	0	0	0.23	0.11	0.24
9431	0	0	0.22	0.11	0.25
9432	0	0	0.22	0.11	0.24
9433	229.65	60.20	0.22	0.11	0.24
9434	0	0	0.23	0.11	0.25
9435	0	0	0.22	0.11	0.25
9436	0	0	0.22	0.11	0.25
9437	0	0	0.22	0.11	0.25
9438	0	0	0.22	0.11	0.25
9439	0	0	0.22	0.11	0.25
9440	0	0	0.22	0.11	0.25
9441	0	0	0.23	0.11	0.25
9442	0	0	0.23	0.11	0.25
9443	229.71	60.18	0.22	0.11	0.24
9444	0	0	0.23	0.11	0.25
9445	0	0	0.22	0.11	0.24
9446	0	0	0.22	0.11	0.25
9447	0	0	0.22	0.11	0.25
9448	0	0	0.22	0.11	0.25
9449	0	0	0.22	0.11	0.24
9450	0	0	0.22	0.11	0.25
9451	0	0	0.22	0.11	0.25
9452	0	0	0.22	0.11	0.25
9453	229.77	60.16	0.23	0.11	0.24
9454	0	0	0.22	0.11	0.25
9455	0	0	0.22	0.11	0.25
9456	0	0	0.22	0.11	0.24
9457	0	0	0.22	0.11	0.25
9458	0	0	0.22	0.11	0.25
9459	0	0	0.22	0.11	0.24
9460	0	0	0.22	0.11	0.24
9461	0	0	0.23	0.11	0.24
9462	0	0	0.22	0.11	0.25
9463	229.84	60.13	0.22	0.11	0.25
9464	0	0	0.22	0.11	0.25
9465	0	0	0.22	0.11	0.24
9466	0	0	0.22	0.11	0.24
9467	0	0	0.22	0.11	0.25
9468	0	0	0.22	0.11	0.25
9469	0	0	0.22	0.11	0.25
9470	0	0	0.22	0.11	0.25
9471	0	0	0.22	0.11	0.25
9472	0	0	0.22	0.11	0.25
9473	229.90	60.11	0.22	0.11	0.25
9474	0	0	0.22	0.11	0.25
9475	0	0	0.22	0.11	0.24
9476	0	0	0.22	0.11	0.25
9477	0	0	0.22	0.11	0.24
9478	0	0	0.23	0.11	0.24
9479	0	0	0.22	0.11	0.25
9480	0	0	0.22	0.11	0.24
9481	0	0	0.22	0.11	0.25
9482	0	0	0.22	0.11	0.25
9483	229.96	60.09	0.22	0.11	0.24
9484	0	0	0.23	0.11	0.24
9485	0	0	0.22	0.11	0.25
9486	0	0	0.22	0.11	0.24
9487	0	0	0.23	0.11	0.24
9488	0	0	0.22	0.11	0.25
9489	0	0	0.22	0.11	0.25
9490	0	0	0.22	0.11	0.25
9491	0	0	0.23	0.11	0.25
9492	0	0	0.23	0.11	0.25
9493	230.02	60.07	0.22	0.11	0.24
9494	0	0	0.22	0.11	0.24
9495	0	0	0.23	0.11	0.25
9496	0	0	0.23	0.11	0.25
9497	0	0	0.23	0.11	0.24
9498	0	0	0.22	0.11	0.25
9499	0	0	0.22	0.11	0.25
9500	0	0	0.22	0.11	0.25
9501	0	0	0.23	0.11	0.25
9502	0	0	0.22	0.11	0.25
9503	230.09	60.04	0.22	0.11	0.25
9504	0	0	0.23	0.11	0.25
9505	0	0	0.22	0.11	0.25
9506	0	0	0.22	0.11	0.25
9507	0	0	0.22	0.11	0.24
9508	0	0	0.22	0.11	0.25
9509	0	0	0.22	0.11	0.25
9510	0	0	0.23	0.11	0.25
9511	0	0	0.22	0.11	0.25
9512	0	0	0.22	0.11	0.25
9513	230.15	60.02	0.23	0.11	0.25
9514	0	0	0.22	0.11	0.25
9515	0	0	0.23	0.11	0.25
9516	0	0	0.22	0.11	0.25
9517	0	0	0.23	0.11	0.25
9518	0	0	0.23	0.11	0.25
9519	0	0	0.22	0.11	0.25
9520	0	0	0.22	0.11	0.25
9521	0	0	0.23	0.11	0.25
9522	0	0	0.22	0.11	0.25
9523	230.21	60.00	0.22	0.11	0.25
9524	0	0	0.22	0.11	0.25
9525	0	0	0.23	0.11	0.24
9526	0	0	0.22	0.11	0.25
9527	0	0	0.22	0.11	0.25
9528	0	0	0.23	0.11	0.25
9529	0	0	0.22	0.11	0.25
9530	0	0	0.22	0.11	0.25
9531	0	0	0.23	0.11	0.24
9532	0	0	0.23	0.11	0.25
9533	230.27	59.98	0.23	0.11	0.25
9534	0	0	0.23	0.11	0.25
9535	0	0	0.23	0.11	0.25
9536	0	0	0.23	0.11	0.25
9537	0	0	0.22	0.11	0.25
9538	0	0	0.22	0.11	0.25
9539	0	0	0.22	0.11	0.25
9540	0	0	0.23	0.11	0.25
9541	0	0	0.22	0.11	0.25
9542	0	0	0.23	0.11	0.25
9543	230.33	59.96	0.22	0.11	0.25
9544	0	0	0.23	0.11	0.25
9545	0	0	0.23	0.11	0.25
9546	0	0	0.23	0.11	0.25
9547	0	0	0.23	0.11	0.25
9548	0	0	0.23	0.11	0.25
9549	0	0	0.23	0.11	0.25
9550	0	0	0.23	0.11	0.25
9551	0	0	0.22	0.11	0.25
9552	0	0	0.23	0.11	0.25
9553	230.40	59.93	0.22	0.11	0.25
9554	0	0	0.22	0.11	0.25
9555	0	0	0.22	0.11	0.25
9556	0	0	0.23	0.11	0.25
9557	0	0	0.21	0.11	0.25
9558	0	0	0.21	0.11	0.25
9559	0	0	0.21	0.11	0.25
9560	0	0	0.23	0.11	0.25
9561	0	0	0.23	0.11	0.24
9562	0	0	0.22	0.11	0.25
9563	230.46	59.91	0.23	0.11	0.25
9564	0	0	0.23	0.11	0.25
9565	0	0	0.23	0.11	0.25
9566	0	0	0.22	0.11	0.25
9567	0	0	0.21	0.11	0.25
9568	0	0	0.22	0.11	0.25
9569	0	0	0.22	0.11	0.25
9570	0	0	0.21	0.11	0.25
9571	0	0	0.22	0.11	0.25
9572	0	0	0.22	0.11	0.25
9573	230.53	59.89	0.23	0.11	0.25
9574	0	0	0.23	0.11	0.25
9575	0	0	0.23	0.11	0.25
9576	0	0	0.23	0.11	0.25
9577	0	0	0.23	0.11	0.25
9578	0	0	0.22	0.11	0.25
9579	0	0	0.23	0.11	0.25
9580	0	0	0.22	0.11	0.25
9581	0	0	0.22	0.11	0.25
9582	0	0	0.23	0.11	0.25
9583	230.59	59.86	0.22	0.11	0.25
9584	0	0	0.23	0.11	0.25
9585	0	0	0.22	0.11	0.25
9586	0	0	0.22	0.11	0.25
9587	0	0	0.23	0.11	0.25
9588	0	0	0.23	0.11	0.25
9589	0	0	0.23	0.11	0.25
9590	0	0	0.21	0.11	0.25
9591	0	0	0.23	0.11	0.25
9592	0	0	0.22	0.11	0.25
9593	230.65	59.84	0.22	0.11	0.25
9594	0	0	0.23	0.11	0.25
9595	0	0	0.23	0.11	0.25
9596	0	0	0.22	0.11	0.25
9597	0	0	0.21	0.11	0.25
9598	0	0	0.23	0.11	0.25
9599	0	0	0.23	0.11	0.25
9600	0	0	0.23	0.11	0.25
9601	0	0	0.22	0.11	0.25
9602	0	0	0.23	0.11	0.25
9603	230.71	59.82	0.21	0.11	0.25
9604	0	0	0.22	0.11	0.25
9605	0	0	0.21	0.11	0.25
9606	0	0	0.22	0.11	0.25
9607	0	0	0.23	0.11	0.25
9608	0	0	0.22	0.11	0.25
9609	0	0	0.21	0.11	0.25
9610	0	0	0.21	0.11	0.25
9611	0	0	0.22	0.11	0.25
9612	0	0	0.22	0.11	0.25
9613	230.77	59.80	0.22	0.11	0.25
9614	0	0	0.21	0.11	0.25
9615	0	0	0.21	0.11	0.25
9616	0	0	0.21	0.11	0.25
9617	0	0	0.23	0.11	0.25
9618	0	0	0.23	0.11	0.25
9619	0	0	0.21	0.11	0.25
9620	0	0	0.22	0.11	0.25
9621	0	0	0.22	0.11	0.25
9622	0	0	0.22	0.11	0.25
9623	230.83	59.77	0.23	0.11	0.25
9624	0	0	0.22	0.11	0.25
9625	0	0	0.22	0.11	0.25
9626	0	0	0.21	0.11	0.25
9627	0	0	0.21	0.11	0.25
9628	0	0	0.21	0.11	0.25
9629	0	0	0.23	0.11	0.25
9630	0	0	0.22	0.11	0.25
9631	0	0	0.23	0.11	0.25
9632	0	0	0.22	0.11	0.25
9633	230.90	59.75	0.22	0.11	0.25
9634	0	0	0.22	0.11	0.25
9635	0	0	0.23	0.11	0.25
9636	0	0	0.21	0.11	0.25
9637	0	0	0.22	0.11	0.25
9638	0	0	0.22	0.11	0.25
9639	0	0	0.23	0.11	0.25
9640	0	0	0.22	0.11	0.25
9641	0	0	0.22	0.11	0.25
9642	0	0	0.22	0.11	0.25
9643	230.96	59.73	0.21	0.11	0.25
9644	0	0	0.22	0.11	0.25
9645	0	0	0.22	0.11	0.25
9646	0	0	0.22	0.11	0.25
9647	0	0	0.21	0.11	0.25
9648	0	0	0.23	0.11	0.25
9649	0	0	0.21	0.11	0.25
9650	0	0	0.22	0.11	0.25
9651	0	0	0.21	0.11	0.25
9652	0	0	0.23	0.11	0.25
9653	231.02	59.71	0.21	0.11	0.25
9654	0	0	0.22	0.11	0.25
9655	0	0	0.22	0.11	0.25
9656	0	0	0.21	0.11	0.25
9657	0	0	0.21	0.11	0.25
9658	0	0	0.22	0.11	0.25
9659	0	0	0.21	0.11	0.25
9660	0	0	0.23	0.11	0.25
9661	0	0	0.22	0.11	0.25
9662	0	0	0.21	0.11	0.25
9663	231.08	59.68	0.23	0.11	0.25
9664	0	0	0.23	0.11	0.25
9665	0	0	0.22	0.11	0.25
9666	0	0	0.22	0.11	0.25
9667	0	0	0.22	0.11	0.25
9668	0	0	0.22	0.11	0.25
9669	0	0	0.22	0.11	0.25
9670	0	0	0.21	0.11	0.25
9671	0	0	0.21	0.11	0.25
9672	0	0	0.22	0.11	0.25
9673	231.14	59.66	0.22	0.11	0.25
9674	0	0	0.21	0.11	0.25
9675	0	0	0.22	0.11	0.25
9676	0	0	0.23	0.11	0.25
9677	0	0	0.22	0.11	0.25
9678	0	0	0.21	0.11	0.25
9679	0	0	0.22	0.11	0.25
9680	0	0	0.22	0.11	0.25
9681	0	0	0.22	0.11	0.25
9682	0	0	0.22	0.11	0.25
9683	231.20	59.64	0.22	0.11	0.25
9684	0	0	0.22	0.11	0.25
9685	0	0	0.21	0.11	0.25
9686	0	0	0.22	0.11	0.25
9687	0	0	0.23	0.11	0.25
9688	0	0	0.22	0.11	0.25
9689	0	0	0.22	0.11	0.25
9690	0	0	0.22	0.11	0.25
9691	0	0	0.22	0.11	0.25
9692	0	0	0.22	0.11	0.25
9693	231.26	59.62	0.22	0.11	0.25
9694	0	0	0.22	0.11	0.25
9695	0	0	0.23	0.11	0.25
9696	0	0	0.22	0.11	0.25
9697	0	0	0.22	0.11	0.25
9698	0	0	0.21	0.11	0.25
9699	0	0	0.21	0.11	0.25
9700	0	0	0.22	0.11	0.25
9701	0	0	0.23	0.11	0.25
9702	0	0	0.21	0.11	0.25
9703	231.32	59.59	0.22	0.11	0.25
9704	0	0	0.22	0.11	0.25
9705	0	0	0.22	0.11	0.25
9706	0	0	0.22	0.11	0.25
9707	0	0	0.22	0.11	0.25
9708	0	0	0.23	0.11	0.25
9709	0	0	0.23	0.11	0.25
9710	0	0	0.22	0.11	0.25
9711	0	0	0.23	0.11	0.25
9712	0	0	0.21	0.11	0.25
9713	231.38	59.57	0.23	0.11	0.25
9714	0	0	0.23	0.11	0.25
9715	0	0	0.21	0.11	0.25
9716	0	0	0.21	0.11	0.25
9717	0	0	0.22	0.11	0.25
9718	0	0	0.22	0.11	0.25
9719	0	0	0.23	0.11	0.25
9720	0	0	0.22	0.11	0.25
9721	0	0	0.22	0.11	0.25
9722	0	0	0.21	0.11	0.25
9723	231.44	59.55	0.22	0.11	0.25
9724	0	0	0.22	0.11	0.25
9725	0	0	0.22	0.11	0.25
9726	0	0	0.22	0.11	0.25
9727	0	0	0.21	0.11	0.25
9728	0	0	0.21	0.11	0.25
9729	0	0	0.22	0.11	0.25
9730	0	0	0.23	0.11	0.25
9731	0	0	0.22	0.11	0.25
9732	0	0	0.23	0.11	0.25
9733	231.50	59.53	0.21	0.11	0.25
9734	0	0	0.23	0.11	0.25
9735	0	0	0.22	0.11	0.25
9736	0	0	0.21	0.11	0.25
9737	0	0	0.23	0.11	0.25
9738	0	0	0.23	0.11	0.25
9739	0	0	0.22	0.11	0.25
9740	0	0	0.22	0.11	0.25
9741	0	0	0.21	0.11	0.25
9742	0	0	0.21	0.11	0.25
9743	231.57	59.50	0.22	0.11	0.25
9744	0	0	0.21	0.11	0.25
9745	0	0	0.23	0.11	0.25
9746	0	0	0.22	0.11	0.25
9747	0	0	0.21	0.11	0.25
9748	0	0	0.22	0.11	0.25
9749	0	0	0.21	0.11	0.25
9750	0	0	0.21	0.11	0.25
9751	0	0	0.22	0.11	0.25
9752	0	0	0.23	0.11	0.25
9753	231.63	59.48	0.23	0.11	0.25
9754	0	0	0.22	0.11	0.25
9755	0	0	0.22	0.11	0.25
9756	0	0	0.21	0.11	0.25
9757	0	0	0.21	0.11	0.25
9758	0	0	0.22	0.11	0.25
9759	0	0	0.23	0.11	0.25
9760	0	0	0.22	0.11	0.25
9761	0	0	0.23	0.11	0.25
9762	0	0	0.22	0.11	0.25
9763	231.69	59.46	0.21	0.11	0.25
9764	0	0	0.23	0.11	0.25
9765	0	0	0.22	0.11	0.25
9766	0	0	0.23	0.11	0.25
9767	0	0	0.22	0.11	0.25
9768	0	0	0.22	0.11	0.25
9769	0	0	0.21	0.11	0.25
9770	0	0	0.22	0.11	0.25
9771	0	0	0.23	0.11	0.25
9772	0	0	0.22	0.11	0.25
9773	231.75	59.43	0.21	0.11	0.25
9774	0	0	0.22	0.11	0.25
9775	0	0	0.21	0.11	0.25
9776	0	0	0.23	0.11	0.25
9777	0	0	0.23	0.11	0.25
9778	0	0	0.21	0.11	0.25
9779	0	0	0.23	0.11	0.25
9780	0	0	0.23	0.11	0.25
9781	0	0	0.23	0.11	0.25
9782	0	0	0.21	0.11	0.25
9783	231.81	59.41	0.23	0.11	0.25
9784	0	0	0.22	0.11	0.25
9785	0	0	0.22	0.11	0.25
9786	0	0	0.23	0.11	0.25
9787	0	0	0.22	0.11	0.25
9788	0	0	0.23	0.11	0.25
9789	0	0	0.23	0.11	0.25
9790	0	0	0.23	0.11	0.25
9791	0	0	0.23	0.11	0.25
9792	0	0	0.22	0.11	0.25
9793	231.87	59.39	0.22	0.11	0.25
9794	0	0	0.23	0.11	0.25
9795	0	0	0.22	0.11	0.25
9796	0	0	0.23	0.11	0.25
9797	0	0	0.23	0.11	0.25
9798	0	0	0.23	0.11	0.25
9799	0	0	0.23	0.11	0.25
9801	0	0	0.22	0.11	0.25
9802	0	0	0.22	0.11	0.25
9803	0	0	0.22	0.11	0.25
9804	231.93	59.37	0.22	0.11	0.25
9805	0	0	0.22	0.11	0.25
9806	0	0	0.22	0.11	0.25
9807	0	0	0.22	0.11	0.25
9808	0	0	0.22	0.11	0.25
9809	0	0	0.23	0.11	0.25
9810	0	0	0.23	0.11	0.25
9811	0	0	0.22	0.11	0.25
9812	0	0	0.23	0.11	0.25
9813	0	0	0.23	0.11	0.25
9814	231.99	59.34	0.22	0.11	0.25
9815	0	0	0.23	0.11	0.25
9816	0	0	0.22	0.11	0.25
9817	0	0	0.23	0.11	0.25
9818	0	0	0.22	0.11	0.25
9819	0	0	0.22	0.11	0.25
9820	0	0	0.22	0.11	0.25
9821	0	0	0.23	0.11	0.25
9822	0	0	0.22	0.11	0.25
9823	0	0	0.22	0.11	0.25
9824	232.05	59.32	0.22	0.11	0.25
9825	0	0	0.21	0.11	0.25
9826	0	0	0.22	0.11	0.25
9827	0	0	0.23	0.11	0.25
9828	0	0	0.23	0.11	0.25
9829	0	0	0.23	0.11	0.25
9830	0	0	0.22	0.11	0.25
9831	0	0	0.23	0.11	0.25
9832	0	0	0.23	0.11	0.25
9833	0	0	0.23	0.11	0.25
9834	232.11	59.30	0.22	0.11	0.25
9835	0	0	0.22	0.11	0.25
9836	0	0	0.22	0.11	0.25
9837	0	0	0.22	0.11	0.25
9838	0	0	0.23	0.11	0.25
9839	0	0	0.23	0.11	0.25
9840	0	0	0.23	0.11	0.25
9841	0	0	0.23	0.11	0.25
9842	0	0	0.22	0.11	0.25
9843	0	0	0.22	0.11	0.25
9844	232.17	59.27	0.23	0.11	0.25
9845	0	0	0.22	0.11	0.24
9846	0	0	0.22	0.11	0.25
9847	0	0	0.23	0.11	0.25
9848	0	0	0.22	0.11	0.25
9849	0	0	0.22	0.11	0.25
9850	0	0	0.22	0.11	0.25
9851	0	0	0.23	0.11	0.25
9852	0	0	0.23	0.11	0.25
9853	0	0	0.22	0.11	0.25
9854	232.23	59.25	0.22	0.11	0.25
9855	0	0	0.22	0.11	0.25
9856	0	0	0.23	0.11	0.25
9857	0	0	0.23	0.11	0.25
9858	0	0	0.22	0.11	0.24
9859	0	0	0.22	0.11	0.25
9860	0	0	0.22	0.11	0.25
9861	0	0	0.22	0.11	0.25
9862	0	0	0.23	0.11	0.25
9863	232.29	59.23	0.22	0.11	0.25
9864	0	0	0.23	0.11	0.25
9865	0	0	0.22	0.11	0.25
9866	0	0	0.22	0.11	0.25
9867	0	0	0.22	0.11	0.25
9868	0	0	0.22	0.11	0.25
9869	0	0	0.22	0.11	0.25
9870	0	0	0.22	0.11	0.25
9871	0	0	0.23	0.11	0.25
9872	0	0	0.22	0.11	0.25
9873	232.35	59.21	0.22	0.11	0.25
9874	0	0	0.23	0.11	0.25
9875	0	0	0.22	0.11	0.25
9876	0	0	0.22	0.11	0.25
9877	0	0	0.22	0.11	0.25
9878	0	0	0.22	0.11	0.25
9879	0	0	0.22	0.11	0.25
9880	0	0	0.23	0.11	0.25
9881	0	0	0.22	0.11	0.25
9882	0	0	0.22	0.11	0.25
9883	232.41	59.18	0.22	0.11	0.25
9884	0	0	0.22	0.11	0.25
9885	0	0	0.22	0.11	0.25
9886	0	0	0.22	0.11	0.24
9887	0	0	0.22	0.11	0.24
9888	0	0	0.22	0.11	0.25
9889	0	0	0.22	0.11	0.25
9890	0	0	0.22	0.11	0.25
9891	0	0	0.22	0.11	0.25
9892	0	0	0.22	0.11	0.25
9893	232.46	59.16	0.23	0.11	0.25
9894	0	0	0.22	0.11	0.25
9895	0	0	0.22	0.11	0.24
9896	0	0	0.22	0.11	0.24
9897	0	0	0.22	0.11	0.25
9898	0	0	0.22	0.11	0.24
9899	0	0	0.23	0.11	0.25
9900	0	0	0.22	0.11	0.25
9901	0	0	0.23	0.11	0.25
9902	0	0	0.22	0.11	0.25
9903	232.52	59.14	0.23	0.11	0.24
9904	0	0	0.23	0.11	0.24
9905	0	0	0.22	0.11	0.24
9906	0	0	0.23	0.11	0.24
9907	0	0	0.22	0.11	0.24
9908	0	0	0.23	0.11	0.24
9909	0	0	0.22	0.11	0.24
9910	0	0	0.22	0.11	0.24
9911	0	0	0.23	0.11	0.25
9912	0	0	0.22	0.11	0.25
9913	232.58	59.11	0.22	0.11	0.25
9914	0	0	0.22	0.11	0.25
9915	0	0	0.22	0.11	0.25
9916	0	0	0.22	0.11	0.25
9917	0	0	0.22	0.11	0.24
9918	0	0	0.22	0.11	0.25
9919	0	0	0.23	0.11	0.24
9920	0	0	0.23	0.11	0.24
9921	0	0	0.22	0.11	0.25
9922	0	0	0.22	0.11	0.24
9923	232.64	59.09	0.22	0.11	0.25
9924	0	0	0.22	0.11	0.24
9925	0	0	0.23	0.11	0.25
9926	0	0	0.22	0.11	0.25
9927	0	0	0.22	0.11	0.25
9928	0	0	0.22	0.11	0.25
9929	0	0	0.22	0.11	0.25
9930	0	0	0.22	0.11	0.25
9931	0	0	0.23	0.11	0.24
9932	0	0	0.22	0.11	0.24
9933	232.70	59.07	0.23	0.11	0.24
9934	0	0	0.22	0.11	0.24
9935	0	0	0.23	0.11	0.25
9936	0	0	0.22	0.11	0.24
9937	0	0	0.22	0.11	0.25
9938	0	0	0.22	0.11	0.25
9939	0	0	0.22	0.11	0.25
9940	0	0	0.23	0.11	0.24
9941	0	0	0.22	0.11	0.24
9942	0	0	0.23	0.11	0.25
9943	232.76	59.04	0.22	0.11	0.25
9944	0	0	0.22	0.11	0.24
9945	0	0	0.23	0.11	0.25
9946	0	0	0.22	0.11	0.24
9947	0	0	0.22	0.11	0.24
9948	0	0	0.22	0.11	0.24
9949	0	0	0.22	0.11	0.24
9950	0	0	0.22	0.11	0.24
9951	0	0	0.22	0.11	0.25
9952	0	0	0.22	0.11	0.24
9953	232.82	59.02	0.22	0.11	0.24
9954	0	0	0.22	0.11	0.24
9955	0	0	0.22	0.11	0.25
9956	0	0	0.22	0.11	0.25
9957	0	0	0.22	0.11	0.25
9958	0	0	0.22	0.11	0.25
9959	0	0	0.22	0.11	0.24
9960	0	0	0.22	0.11	0.25
9961	0	0	0.22	0.11	0.24
9962	0	0	0.22	0.11	0.25
9963	232.88	59.00	0.22	0.11	0.24
9964	0	0	0.22	0.11	0.24
9965	0	0	0.22	0.11	0.24
9966	0	0	0.22	0.11	0.24
9967	0	0	0.22	0.11	0.24
9968	0	0	0.22	0.11	0.24
9969	0	0	0.22	0.11	0.25
9970	0	0	0.22	0.11	0.24
9971	0	0	0.22	0.11	0.25
9972	0	0	0.22	0.11	0.24
9973	232.94	58.97	0.22	0.11	0.24
9974	0	0	0.22	0.11	0.24
9975	0	0	0.22	0.11	0.24
9976	0	0	0.22	0.11	0.24
9977	0	0	0.22	0.11	0.25
9978	0	0	0.23	0.11	0.24
9979	0	0	0.22	0.11	0.25
9980	0	0	0.22	0.11	0.24
9981	0	0	0.22	0.11	0.24
9982	0	0	0.22	0.11	0.24
9983	233.00	58.95	0.22	0.11	0.24
9984	0	0	0.22	0.11	0.25
9985	0	0	0.22	0.11	0.24
9986	0	0	0.22	0.11	0.24
9987	0	0	0.22	0.11	0.24
9988	0	0	0.22	0.11	0.24
9989	0	0	0.22	0.11	0.24
9990	0	0	0.22	0.11	0.24
9991	0	0	0.22	0.11	0.24
9992	0	0	0.22	0.11	0.24
9993	233.06	58.93	0.22	0.11	0.24
9994	0	0	0.22	0.11	0.24
9995	0	0	0.22	0.11	0.24
9996	0	0	0.22	0.11	0.24
9997	0	0	0.22	0.11	0.24
9998	0	0	0.22	0.11	0.24
9999	0	0	0.22	0.11	0.24
10000	0	0	0.22	0.11	0.24
10001	0	0	0.22	0.11	0.24
10002	0	0	0.22	0.11	0.24
10003	233.12	58.90	0.22	0.11	0.24
10004	0	0	0.22	0.11	0.24
10005	0	0	0.22	0.11	0.24
10006	0	0	0.22	0.11	0.24
10007	0	0	0.22	0.11	0.24
10008	0	0	0.23	0.11	0.24
10009	0	0	0.22	0.11	0.24
10010	0	0	0.22	0.11	0.24
10011	0	0	0.22	0.11	0.24
10012	0	0	0.22	0.11	0.24
10013	233.17	58.88	0.22	0.11	0.24
10014	0	0	0.22	0.11	0.24
10015	0	0	0.23	0.11	0.24
10016	0	0	0.22	0.11	0.24
10017	0	0	0.22	0.11	0.24
10018	0	0	0.22	0.11	0.24
10019	0	0	0.22	0.11	0.24
10020	0	0	0.22	0.11	0.24
10021	0	0	0.22	0.11	0.24
10022	0	0	0.22	0.11	0.24
10023	233.23	58.86	0.22	0.11	0.25
10024	0	0	0.22	0.11	0.24
10025	0	0	0.22	0.11	0.24
10026	0	0	0.22	0.11	0.24
10027	0	0	0.22	0.11	0.24
10028	0	0	0.22	0.11	0.24
10029	0	0	0.22	0.11	0.24
10030	0	0	0.21	0.10	0.24
10031	0	0	0.22	0.11	0.24
10032	0	0	0.22	0.11	0.24
10033	233.29	58.83	0.22	0.11	0.24
10034	0	0	0.22	0.11	0.24
10035	0	0	0.22	0.11	0.24
10036	0	0	0.22	0.11	0.24
10037	0	0	0.22	0.11	0.24
10038	0	0	0.22	0.11	0.24
10039	0	0	0.22	0.11	0.24
10040	0	0	0.22	0.11	0.24
10041	0	0	0.22	0.11	0.24
10042	0	0	0.22	0.11	0.24
10043	233.35	58.81	0.22	0.11	0.24
10044	0	0	0.22	0.11	0.24
10045	0	0	0.22	0.11	0.24
10046	0	0	0.22	0.11	0.24
10047	0	0	0.22	0.11	0.24
10048	0	0	0.22	0.11	0.24
10049	0	0	0.22	0.11	0.24
10050	0	0	0.22	0.11	0.24
10051	0	0	0.22	0.11	0.24
10052	0	0	0.22	0.11	0.24
10053	233.41	58.79	0.22	0.11	0.24
10054	0	0	0.22	0.11	0.24
10055	0	0	0.22	0.11	0.24
10056	0	0	0.22	0.11	0.24
10057	0	0	0.22	0.11	0.24
10058	0	0	0.22	0.11	0.24
10059	0	0	0.22	0.11	0.24
10060	0	0	0.22	0.11	0.24
10061	0	0	0.22	0.11	0.24
10062	0	0	0.21	0.10	0.24
10063	233.47	58.77	0.21	0.10	0.24
10064	0	0	0.22	0.11	0.24
10065	0	0	0.22	0.11	0.24
10066	0	0	0.22	0.11	0.24
10067	0	0	0.22	0.11	0.24
10068	0	0	0.22	0.11	0.24
10069	0	0	0.22	0.11	0.24
10070	0	0	0.22	0.11	0.24
10071	0	0	0.22	0.11	0.24
10072	0	0	0.22	0.11	0.24
10073	233.52	58.74	0.22	0.11	0.24
10074	0	0	0.22	0.11	0.24
10075	0	0	0.22	0.11	0.24
10076	0	0	0.22	0.11	0.24
10077	0	0	0.22	0.11	0.24
10078	0	0	0.22	0.11	0.24
10079	0	0	0.22	0.11	0.24
10080	0	0	0.22	0.11	0.24
10081	0	0	0.22	0.11	0.24
10082	0	0	0.21	0.10	0.24
10083	233.58	58.72	0.21	0.10	0.24
10084	0	0	0.22	0.11	0.24
10085	0	0	0.22	0.11	0.24
10086	0	0	0.21	0.10	0.24
10087	0	0	0.21	0.10	0.24
10088	0	0	0.21	0.10	0.24
10089	0	0	0.22	0.11	0.24
10090	0	0	0.22	0.11	0.24
10091	0	0	0.22	0.11	0.24
10092	0	0	0.22	0.11	0.24
10093	233.64	58.70	0.22	0.11	0.24
10094	0	0	0.22	0.11	0.24
10095	0	0	0.22	0.11	0.24
10096	0	0	0.21	0.10	0.24
10097	0	0	0.22	0.11	0.24
10098	0	0	0.21	0.10	0.24
10099	0	0	0.22	0.11	0.24
10100	0	0	0.22	0.11	0.24
10101	0	0	0.22	0.11	0.24
10102	0	0	0.22	0.11	0.24
10103	233.70	58.67	0.21	0.10	0.24
10104	0	0	0.21	0.10	0.24
10105	0	0	0.22	0.11	0.24
10106	0	0	0.21	0.10	0.24
10107	0	0	0.21	0.10	0.24
10108	0	0	0.22	0.11	0.24
10109	0	0	0.22	0.11	0.24
10110	0	0	0.21	0.10	0.24
10111	0	0	0.22	0.11	0.24
10112	0	0	0.22	0.11	0.24
10113	233.76	58.65	0.22	0.11	0.24
10114	0	0	0.21	0.10	0.24
10115	0	0	0.22	0.11	0.24
10116	0	0	0.21	0.10	0.24
10117	0	0	0.21	0.10	0.24
10118	0	0	0.21	0.10	0.24
10119	0	0	0.22	0.11	0.24
10120	0	0	0.22	0.11	0.24
10121	0	0	0.21	0.10	0.24
10122	0	0	0.21	0.10	0.24
10123	233.82	58.63	0.22	0.11	0.24
10124	0	0	0.21	0.10	0.24
10125	0	0	0.22	0.11	0.24
10126	0	0	0.21	0.10	0.24
10127	0	0	0.21	0.10	0.24
10128	0	0	0.22	0.11	0.24
10129	0	0	0.21	0.10	0.24
10130	0	0	0.21	0.10	0.24
10131	0	0	0.21	0.10	0.24
10132	0	0	0.21	0.10	0.24
10133	233.87	58.60	0.22	0.11	0.24
10134	0	0	0.22	0.11	0.24
10135	0	0	0.22	0.11	0.24
10136	0	0	0.22	0.11	0.24
10137	0	0	0.22	0.11	0.24
10138	0	0	0.21	0.10	0.24
10139	0	0	0.22	0.11	0.24
10140	0	0	0.22	0.11	0.24
10141	0	0	0.21	0.10	0.24
10142	0	0	0.22	0.11	0.24
10143	233.93	58.58	0.22	0.11	0.24
10144	0	0	0.22	0.11	0.24
10145	0	0	0.22	0.10	0.23
10146	0	0	0.21	0.10	0.24
10147	0	0	0.23	0.11	0.23
10148	0	0	0.21	0.10	0.24
10149	0	0	0.21	0.10	0.24
10150	0	0	0.22	0.11	0.24
10151	0	0	0.21	0.10	0.24
10152	0	0	0.22	0.11	0.24
10153	233.99	58.55	0.21	0.10	0.24
10154	0	0	0.22	0.11	0.24
10155	0	0	0.21	0.10	0.24
10156	0	0	0.21	0.10	0.24
10157	0	0	0.23	0.11	0.23
10158	0	0	0.21	0.10	0.24
10159	0	0	0.22	0.11	0.24
10160	0	0	0.21	0.10	0.24
10161	0	0	0.22	0.11	0.24
10162	0	0	0.21	0.10	0.24
10163	234.05	58.53	0.22	0.11	0.24
10164	0	0	0.21	0.10	0.24
10165	0	0	0.22	0.11	0.24
10166	0	0	0.21	0.10	0.24
10167	0	0	0.21	0.10	0.24
10168	0	0	0.21	0.10	0.24
10169	0	0	0.21	0.10	0.24
10170	0	0	0.21	0.10	0.24
10171	0	0	0.22	0.10	0.23
10172	0	0	0.21	0.10	0.24
10173	234.11	58.51	0.21	0.10	0.24
10174	0	0	0.22	0.10	0.23
10175	0	0	0.22	0.11	0.24
10176	0	0	0.21	0.10	0.24
10177	0	0	0.21	0.10	0.24
10178	0	0	0.21	0.10	0.24
10179	0	0	0.21	0.10	0.24
10180	0	0	0.21	0.10	0.24
10181	0	0	0.21	0.10	0.24
10182	0	0	0.21	0.10	0.24
10183	234.16	58.48	0.21	0.10	0.24
10184	0	0	0.21	0.10	0.24
10185	0	0	0.21	0.10	0.24
10186	0	0	0.21	0.10	0.24
10187	0	0	0.22	0.10	0.23
10188	0	0	0.22	0.11	0.24
10189	0	0	0.22	0.11	0.24
10190	0	0	0.21	0.10	0.24
10191	0	0	0.21	0.10	0.24
10192	0	0	0.21	0.10	0.24
10193	234.22	58.46	0.22	0.10	0.23
10194	0	0	0.21	0.10	0.24
10195	0	0	0.21	0.10	0.24
10196	0	0	0.21	0.10	0.24
10197	0	0	0.21	0.10	0.24
10198	0	0	0.21	0.10	0.24
10199	0	0	0.22	0.11	0.24
10200	0	0	0.22	0.10	0.23
10201	0	0	0.21	0.10	0.24
10202	0	0	0.21	0.10	0.24
10203	234.28	58.44	0.21	0.10	0.24
10204	0	0	0.23	0.11	0.23
10205	0	0	0.21	0.10	0.24
10206	0	0	0.22	0.11	0.24
10207	0	0	0.22	0.11	0.24
10208	0	0	0.21	0.10	0.24
10209	0	0	0.21	0.10	0.24
10210	0	0	0.21	0.10	0.24
10211	0	0	0.21	0.10	0.24
10212	0	0	0.22	0.11	0.24
10213	234.33	58.41	0.22	0.10	0.23
10214	0	0	0.21	0.10	0.24
10215	0	0	0.22	0.10	0.23
10216	0	0	0.21	0.10	0.24
10217	0	0	0.21	0.10	0.24
10218	0	0	0.21	0.10	0.24
10219	0	0	0.22	0.11	0.24
10220	0	0	0.21	0.10	0.24
10221	0	0	0.21	0.10	0.24
10222	0	0	0.22	0.11	0.24
10223	234.39	58.39	0.22	0.10	0.23
10224	0	0	0.21	0.10	0.24
10225	0	0	0.21	0.10	0.24
10226	0	0	0.22	0.11	0.24
10227	0	0	0.21	0.10	0.24
10228	0	0	0.23	0.11	0.23
10229	0	0	0.22	0.11	0.24
10230	0	0	0.22	0.10	0.23
10231	0	0	0.21	0.10	0.24
10232	0	0	0.23	0.11	0.23
10233	234.45	58.37	0.21	0.10	0.24
10234	0	0	0.22	0.10	0.23
10235	0	0	0.21	0.10	0.24
10236	0	0	0.21	0.10	0.24
10237	0	0	0.22	0.11	0.24
10238	0	0	0.21	0.10	0.24
10239	0	0	0.22	0.10	0.23
10240	0	0	0.22	0.10	0.23
10241	0	0	0.21	0.10	0.24
10242	0	0	0.21	0.10	0.24
10243	234.51	58.34	0.22	0.10	0.23
10244	0	0	0.22	0.10	0.23
10245	0	0	0.21	0.10	0.24
10246	0	0	0.21	0.10	0.24
10247	0	0	0.21	0.10	0.24
10248	0	0	0.22	0.10	0.23
10249	0	0	0.21	0.10	0.24
10250	0	0	0.22	0.10	0.23
10251	0	0	0.22	0.11	0.24
10252	0	0	0.22	0.10	0.23
10253	234.56	58.32	0.21	0.10	0.24
10254	0	0	0.22	0.10	0.23
10255	0	0	0.21	0.10	0.24
10256	0	0	0.21	0.10	0.24
10257	0	0	0.21	0.10	0.24
10258	0	0	0.22	0.10	0.23
10259	0	0	0.22	0.10	0.23
10260	0	0	0.22	0.10	0.23
10261	0	0	0.21	0.10	0.24
10262	0	0	0.21	0.10	0.24
10263	234.62	58.30	0.22	0.10	0.23
10264	0	0	0.22	0.10	0.23
10265	0	0	0.22	0.10	0.23
10266	0	0	0.22	0.10	0.23
10267	0	0	0.21	0.10	0.24
10269	0	0	0.22	0.10	0.23
10270	0	0	0.22	0.10	0.23
10271	0	0	0.22	0.10	0.23
10272	0	0	0.22	0.10	0.23
10273	0	0	0.22	0.10	0.23
10274	234.68	58.27	0.22	0.10	0.23
10275	0	0	0.22	0.10	0.23
10276	0	0	0.21	0.10	0.24
10277	0	0	0.21	0.10	0.24
10278	0	0	0.21	0.10	0.24
10279	0	0	0.20	0.10	0.24
10280	0	0	0.21	0.10	0.23
10281	0	0	0.21	0.10	0.24
10282	0	0	0.22	0.10	0.23
10283	0	0	0.21	0.10	0.24
10284	234.74	58.25	0.21	0.10	0.24
10285	0	0	0.22	0.10	0.23
10286	0	0	0.21	0.10	0.24
10287	0	0	0.22	0.10	0.23
10288	0	0	0.21	0.10	0.24
10289	0	0	0.22	0.10	0.23
10290	0	0	0.22	0.10	0.23
10291	0	0	0.21	0.10	0.24
10292	0	0	0.22	0.10	0.23
10293	0	0	0.21	0.10	0.24
10294	234.79	58.22	0.22	0.10	0.23
10295	0	0	0.22	0.10	0.23
10296	0	0	0.22	0.10	0.23
10297	0	0	0.22	0.10	0.23
10298	0	0	0.22	0.10	0.23
10299	0	0	0.21	0.10	0.24
10300	0	0	0.22	0.10	0.23
10301	0	0	0.22	0.10	0.23
10302	0	0	0.22	0.10	0.23
10303	0	0	0.22	0.10	0.23
10304	234.85	58.20	0.22	0.10	0.23
10305	0	0	0.22	0.10	0.23
10306	0	0	0.22	0.10	0.23
10307	0	0	0.22	0.10	0.23
10308	0	0	0.22	0.10	0.23
10309	0	0	0.22	0.10	0.23
10310	0	0	0.22	0.10	0.23
10311	0	0	0.22	0.10	0.23
10312	0	0	0.22	0.10	0.23
10313	0	0	0.22	0.10	0.23
10314	234.91	58.18	0.22	0.10	0.23
10315	0	0	0.22	0.10	0.23
10316	0	0	0.22	0.10	0.23
10317	0	0	0.21	0.10	0.24
10318	0	0	0.22	0.10	0.23
10319	0	0	0.22	0.10	0.23
10320	0	0	0.21	0.10	0.23
10321	0	0	0.22	0.10	0.23
10322	0	0	0.21	0.10	0.23
10323	0	0	0.20	0.10	0.24
10324	234.96	58.15	0.22	0.10	0.23
10325	0	0	0.22	0.10	0.23
10326	0	0	0.22	0.10	0.23
10327	0	0	0.22	0.10	0.23
10328	0	0	0.22	0.10	0.23
10329	0	0	0.22	0.10	0.23
10330	0	0	0.22	0.10	0.23
10331	0	0	0.22	0.10	0.23
10332	0	0	0.22	0.10	0.23
10333	0	0	0.22	0.10	0.23
10334	235.02	58.13	0.22	0.10	0.23
10335	0	0	0.22	0.10	0.23
10336	0	0	0.21	0.10	0.23
10337	0	0	0.22	0.10	0.23
10338	0	0	0.22	0.10	0.23
10339	0	0	0.22	0.10	0.23
10340	0	0	0.22	0.10	0.23
10341	0	0	0.22	0.10	0.23
10342	0	0	0.22	0.10	0.23
10343	0	0	0.22	0.10	0.23
10344	235.08	58.11	0.22	0.10	0.23
10345	0	0	0.22	0.10	0.23
10346	0	0	0.22	0.10	0.23
10347	0	0	0.22	0.10	0.23
10348	0	0	0.22	0.10	0.23
10349	0	0	0.22	0.10	0.23
10350	0	0	0.22	0.10	0.23
10351	0	0	0.21	0.10	0.23
10352	0	0	0.22	0.10	0.23
10353	0	0	0.22	0.10	0.23
10354	235.13	58.08	0.22	0.10	0.23
10355	0	0	0.21	0.10	0.23
10356	0	0	0.21	0.10	0.23
10357	0	0	0.22	0.10	0.23
10358	0	0	0.22	0.10	0.23
10359	0	0	0.22	0.10	0.23
10360	0	0	0.22	0.10	0.23
10361	0	0	0.21	0.10	0.23
10362	0	0	0.21	0.10	0.23
10363	0	0	0.21	0.10	0.23
10364	235.19	58.06	0.22	0.10	0.23
10365	0	0	0.22	0.10	0.23
10366	0	0	0.22	0.10	0.23
10367	0	0	0.22	0.10	0.23
10368	0	0	0.22	0.10	0.23
10369	0	0	0.22	0.10	0.23
10370	0	0	0.22	0.10	0.23
10371	0	0	0.21	0.10	0.23
10372	0	0	0.21	0.10	0.23
10373	0	0	0.22	0.10	0.23
10374	235.24	58.03	0.22	0.10	0.23
10375	0	0	0.22	0.10	0.23
10376	0	0	0.22	0.10	0.23
10377	0	0	0.22	0.10	0.23
10378	0	0	0.22	0.10	0.23
10379	0	0	0.22	0.10	0.23
10380	0	0	0.22	0.10	0.23
10381	0	0	0.22	0.10	0.23
10382	0	0	0.22	0.10	0.23
10383	0	0	0.22	0.10	0.23
10384	235.30	58.01	0.22	0.10	0.23
10385	0	0	0.22	0.10	0.23
10386	0	0	0.22	0.10	0.23
10387	0	0	0.21	0.10	0.23
10388	0	0	0.22	0.10	0.23
10389	0	0	0.22	0.10	0.23
10390	0	0	0.21	0.10	0.23
10391	0	0	0.22	0.10	0.23
10392	0	0	0.21	0.10	0.23
10393	0	0	0.22	0.10	0.23
10394	235.36	57.99	0.21	0.10	0.23
10395	0	0	0.22	0.10	0.23
10396	0	0	0.21	0.10	0.23
10397	0	0	0.21	0.10	0.23
10398	0	0	0.21	0.10	0.23
10399	0	0	0.21	0.10	0.23
10400	0	0	0.22	0.10	0.23
10401	0	0	0.22	0.10	0.23
10402	0	0	0.22	0.10	0.23
10403	0	0	0.22	0.10	0.23
10404	235.41	57.96	0.21	0.10	0.23
10405	0	0	0.22	0.10	0.23
10406	0	0	0.21	0.10	0.23
10407	0	0	0.21	0.10	0.23
10408	0	0	0.22	0.10	0.23
10409	0	0	0.22	0.10	0.23
10410	0	0	0.22	0.10	0.23
10411	0	0	0.22	0.10	0.23
10412	0	0	0.21	0.10	0.23
10413	0	0	0.22	0.10	0.23
10414	235.47	57.94	0.22	0.10	0.23
10415	0	0	0.22	0.10	0.23
10416	0	0	0.22	0.10	0.23
10417	0	0	0.22	0.10	0.23
10418	0	0	0.22	0.10	0.23
10419	0	0	0.21	0.10	0.23
10420	0	0	0.22	0.10	0.23
10421	0	0	0.22	0.10	0.23
10422	0	0	0.21	0.10	0.23
10423	0	0	0.21	0.10	0.23
10424	235.53	57.91	0.21	0.10	0.23
10425	0	0	0.21	0.10	0.23
10426	0	0	0.21	0.10	0.23
10427	0	0	0.21	0.10	0.23
10428	0	0	0.21	0.10	0.23
10429	0	0	0.21	0.10	0.23
10430	0	0	0.21	0.10	0.23
10431	0	0	0.22	0.10	0.23
10432	0	0	0.22	0.10	0.23
10433	0	0	0.22	0.10	0.23
10434	235.58	57.89	0.21	0.10	0.23
10435	0	0	0.22	0.10	0.23
10436	0	0	0.22	0.10	0.23
10437	0	0	0.21	0.10	0.23
10438	0	0	0.21	0.10	0.23
10439	0	0	0.21	0.10	0.23
10440	0	0	0.21	0.10	0.23
10441	0	0	0.21	0.10	0.23
10442	0	0	0.21	0.10	0.23
10443	235.64	57.87	0.21	0.10	0.23
10444	0	0	0.22	0.10	0.23
10445	0	0	0.22	0.10	0.23
10446	0	0	0.21	0.10	0.23
10447	0	0	0.22	0.10	0.23
10448	0	0	0.22	0.10	0.23
10449	0	0	0.21	0.10	0.23
10450	0	0	0.22	0.10	0.23
10451	0	0	0.22	0.10	0.23
10452	0	0	0.22	0.10	0.23
10453	235.69	57.84	0.21	0.10	0.23
10454	0	0	0.22	0.10	0.23
10455	0	0	0.21	0.10	0.23
10456	0	0	0.22	0.10	0.23
10457	0	0	0.21	0.10	0.23
10458	0	0	0.21	0.10	0.23
10459	0	0	0.22	0.10	0.23
10460	0	0	0.21	0.10	0.23
10461	0	0	0.21	0.10	0.23
10462	0	0	0.22	0.10	0.23
10463	235.75	57.82	0.21	0.10	0.23
10464	0	0	0.22	0.10	0.23
10465	0	0	0.21	0.10	0.23
10466	0	0	0.21	0.10	0.23
10467	0	0	0.21	0.10	0.23
10468	0	0	0.22	0.10	0.23
10469	0	0	0.21	0.10	0.23
10470	0	0	0.21	0.10	0.23
10471	0	0	0.21	0.10	0.23
10472	0	0	0.22	0.10	0.23
10473	235.81	57.79	0.21	0.10	0.23
10474	0	0	0.22	0.10	0.23
10475	0	0	0.21	0.10	0.23
10476	0	0	0.21	0.10	0.23
10477	0	0	0.22	0.10	0.23
10478	0	0	0.22	0.10	0.23
10479	0	0	0.22	0.10	0.23
10480	0	0	0.22	0.10	0.23
10481	0	0	0.21	0.10	0.23
10482	0	0	0.21	0.10	0.23
10483	235.86	57.77	0.22	0.10	0.23
10484	0	0	0.21	0.10	0.23
10485	0	0	0.22	0.10	0.23
10486	0	0	0.22	0.10	0.23
10487	0	0	0.22	0.10	0.23
10488	0	0	0.21	0.10	0.23
10489	0	0	0.21	0.10	0.23
10490	0	0	0.21	0.10	0.23
10491	0	0	0.21	0.10	0.23
10492	0	0	0.21	0.10	0.23
10493	235.92	57.75	0.21	0.10	0.23
10494	0	0	0.21	0.10	0.23
10495	0	0	0.21	0.10	0.23
10496	0	0	0.21	0.10	0.23
10497	0	0	0.21	0.10	0.23
10498	0	0	0.21	0.10	0.23
10499	0	0	0.21	0.10	0.23
10500	0	0	0.22	0.10	0.23
10501	0	0	0.22	0.10	0.23
10502	0	0	0.21	0.10	0.23
10503	235.97	57.72	0.22	0.10	0.23
10504	0	0	0.21	0.10	0.23
10505	0	0	0.22	0.10	0.23
10506	0	0	0.21	0.10	0.23
10507	0	0	0.22	0.10	0.23
10508	0	0	0.23	0.10	0.22
10509	0	0	0.21	0.10	0.23
10510	0	0	0.22	0.10	0.22
10511	0	0	0.21	0.10	0.23
10512	0	0	0.21	0.10	0.23
10513	236.03	57.70	0.22	0.10	0.23
10514	0	0	0.22	0.10	0.23
10515	0	0	0.21	0.10	0.23
10516	0	0	0.22	0.10	0.22
10517	0	0	0.21	0.10	0.23
10518	0	0	0.22	0.10	0.23
10519	0	0	0.21	0.10	0.23
10520	0	0	0.22	0.10	0.23
10521	0	0	0.21	0.10	0.23
10522	0	0	0.23	0.10	0.22
10523	236.08	57.67	0.21	0.10	0.23
10524	0	0	0.22	0.10	0.23
10525	0	0	0.21	0.10	0.23
10526	0	0	0.21	0.10	0.23
10527	0	0	0.23	0.10	0.22
10528	0	0	0.21	0.10	0.23
10529	0	0	0.22	0.10	0.23
10530	0	0	0.22	0.10	0.23
10531	0	0	0.21	0.10	0.23
10532	0	0	0.21	0.10	0.23
10533	236.14	57.65	0.22	0.10	0.23
10534	0	0	0.22	0.10	0.23
10535	0	0	0.21	0.10	0.23
10536	0	0	0.21	0.10	0.23
10537	0	0	0.21	0.10	0.23
10538	0	0	0.22	0.10	0.23
10539	0	0	0.21	0.10	0.23
10540	0	0	0.23	0.10	0.22
10541	0	0	0.23	0.10	0.22
10542	0	0	0.21	0.10	0.23
10543	236.19	57.63	0.21	0.10	0.23
10544	0	0	0.21	0.10	0.23
10545	0	0	0.21	0.10	0.23
10546	0	0	0.21	0.10	0.23
10547	0	0	0.22	0.10	0.23
10548	0	0	0.21	0.10	0.23
10549	0	0	0.22	0.10	0.23
10550	0	0	0.22	0.10	0.22
10551	0	0	0.22	0.10	0.22
10552	0	0	0.22	0.10	0.22
10553	236.25	57.60	0.21	0.10	0.23
10554	0	0	0.23	0.10	0.22
10555	0	0	0.22	0.10	0.23
10556	0	0	0.22	0.10	0.22
10557	0	0	0.21	0.10	0.23
10558	0	0	0.21	0.10	0.23
10559	0	0	0.22	0.10	0.23
10560	0	0	0.21	0.10	0.23
10561	0	0	0.22	0.10	0.23
10562	0	0	0.22	0.10	0.23
10563	236.30	57.58	0.23	0.10	0.22
10564	0	0	0.23	0.10	0.22
10565	0	0	0.21	0.10	0.23
10566	0	0	0.21	0.10	0.23
10567	0	0	0.21	0.10	0.23
10568	0	0	0.23	0.10	0.22
10569	0	0	0.21	0.10	0.23
10570	0	0	0.21	0.10	0.23
10571	0	0	0.21	0.10	0.23
10572	0	0	0.22	0.10	0.22
10573	236.36	57.55	0.22	0.10	0.23
10574	0	0	0.23	0.10	0.22
10575	0	0	0.21	0.10	0.23
10576	0	0	0.22	0.10	0.22
10577	0	0	0.22	0.10	0.23
10578	0	0	0.21	0.10	0.23
10579	0	0	0.22	0.10	0.23
10580	0	0	0.22	0.10	0.23
10581	0	0	0.21	0.10	0.23
10582	0	0	0.21	0.10	0.23
10583	236.42	57.53	0.21	0.10	0.23
10584	0	0	0.22	0.10	0.23
10585	0	0	0.22	0.10	0.23
10586	0	0	0.23	0.10	0.22
10587	0	0	0.21	0.10	0.23
10588	0	0	0.21	0.10	0.23
10589	0	0	0.22	0.10	0.22
10590	0	0	0.21	0.10	0.23
10591	0	0	0.21	0.10	0.23
10592	0	0	0.22	0.10	0.22
10593	236.47	57.51	0.23	0.10	0.22
10594	0	0	0.23	0.10	0.22
10595	0	0	0.21	0.10	0.23
10596	0	0	0.23	0.10	0.22
10597	0	0	0.21	0.10	0.23
10598	0	0	0.21	0.10	0.23
10599	0	0	0.22	0.10	0.22
10600	0	0	0.21	0.10	0.23
10601	0	0	0.22	0.10	0.23
10602	0	0	0.23	0.10	0.22
10603	236.53	57.48	0.21	0.10	0.23
10604	0	0	0.23	0.10	0.22
10605	0	0	0.21	0.10	0.23
10606	0	0	0.21	0.10	0.23
10607	0	0	0.21	0.10	0.23
10608	0	0	0.21	0.10	0.23
10609	0	0	0.22	0.10	0.23
10610	0	0	0.22	0.10	0.22
10611	0	0	0.22	0.10	0.22
10612	0	0	0.22	0.10	0.22
10613	236.58	57.46	0.21	0.10	0.23
10614	0	0	0.21	0.10	0.23
10615	0	0	0.22	0.10	0.22
10616	0	0	0.21	0.10	0.23
10617	0	0	0.22	0.10	0.22
10618	0	0	0.21	0.10	0.23
10619	0	0	0.21	0.10	0.23
10620	0	0	0.23	0.10	0.22
10621	0	0	0.21	0.10	0.23
10622	0	0	0.22	0.10	0.23
10623	236.64	57.43	0.22	0.10	0.22
10624	0	0	0.21	0.10	0.23
10625	0	0	0.21	0.10	0.23
10626	0	0	0.23	0.10	0.22
10627	0	0	0.22	0.10	0.23
10628	0	0	0.21	0.10	0.23
10629	0	0	0.23	0.10	0.22
10630	0	0	0.21	0.10	0.23
10631	0	0	0.21	0.10	0.23
10632	0	0	0.21	0.10	0.23
10633	236.69	57.41	0.21	0.10	0.23
10634	0	0	0.21	0.10	0.23
10635	0	0	0.21	0.10	0.23
10636	0	0	0.21	0.10	0.23
10637	0	0	0.23	0.10	0.22
10638	0	0	0.22	0.10	0.22
10639	0	0	0.21	0.10	0.23
10640	0	0	0.21	0.10	0.23
10641	0	0	0.21	0.10	0.23
10642	0	0	0.22	0.10	0.23
10643	236.74	57.38	0.21	0.10	0.23
10644	0	0	0.21	0.10	0.23
10645	0	0	0.21	0.10	0.23
10646	0	0	0.21	0.10	0.23
10647	0	0	0.21	0.10	0.23
10648	0	0	0.21	0.10	0.23
10649	0	0	0.21	0.10	0.23
10650	0	0	0.22	0.10	0.23
10651	0	0	0.21	0.10	0.23
10652	0	0	0.21	0.10	0.23
10653	236.80	57.36	0.22	0.10	0.22
10654	0	0	0.22	0.10	0.22
10655	0	0	0.23	0.10	0.22
10656	0	0	0.21	0.10	0.23
10657	0	0	0.21	0.10	0.23
10658	0	0	0.21	0.10	0.23
10659	0	0	0.22	0.10	0.23
10660	0	0	0.21	0.10	0.23
10661	0	0	0.21	0.10	0.23
10662	0	0	0.21	0.10	0.23
10663	236.85	57.34	0.22	0.10	0.23
10664	0	0	0.22	0.10	0.22
10665	0	0	0.21	0.10	0.23
10666	0	0	0.22	0.10	0.23
10667	0	0	0.21	0.10	0.23
10668	0	0	0.21	0.10	0.23
10669	0	0	0.22	0.10	0.23
10670	0	0	0.21	0.10	0.23
10671	0	0	0.22	0.10	0.23
10672	0	0	0.21	0.10	0.23
10673	236.91	57.31	0.21	0.10	0.23
10674	0	0	0.23	0.10	0.22
10675	0	0	0.22	0.10	0.22
10676	0	0	0.21	0.10	0.23
10677	0	0	0.21	0.10	0.23
10678	0	0	0.21	0.10	0.23
10679	0	0	0.22	0.10	0.23
10680	0	0	0.21	0.10	0.23
10681	0	0	0.21	0.10	0.23
10682	0	0	0.21	0.10	0.23
10683	236.96	57.29	0.21	0.10	0.23
10684	0	0	0.21	0.10	0.23
10685	0	0	0.22	0.10	0.23
10686	0	0	0.21	0.10	0.23
10687	0	0	0.22	0.10	0.23
10688	0	0	0.21	0.10	0.23
10689	0	0	0.22	0.10	0.23
10690	0	0	0.21	0.10	0.23
10691	0	0	0.21	0.10	0.23
10692	0	0	0.22	0.10	0.22
10693	237.02	57.26	0.21	0.10	0.23
10694	0	0	0.21	0.10	0.23
10695	0	0	0.21	0.10	0.23
10696	0	0	0.22	0.10	0.23
10697	0	0	0.21	0.10	0.23
10698	0	0	0.21	0.10	0.23
10699	0	0	0.21	0.10	0.23
10700	0	0	0.21	0.10	0.23
10701	0	0	0.22	0.10	0.22
10702	0	0	0.21	0.10	0.23
10703	237.07	57.24	0.22	0.10	0.23
10704	0	0	0.21	0.10	0.23
10705	0	0	0.21	0.10	0.23
10706	0	0	0.21	0.10	0.23
10707	0	0	0.22	0.10	0.23
10708	0	0	0.21	0.10	0.23
10709	0	0	0.21	0.10	0.23
10710	0	0	0.22	0.10	0.23
10711	0	0	0.22	0.10	0.22
10712	0	0	0.21	0.10	0.23
10713	237.13	57.21	0.22	0.10	0.23
10714	0	0	0.22	0.10	0.23
10715	0	0	0.21	0.10	0.23
10716	0	0	0.21	0.10	0.23
10717	0	0	0.23	0.10	0.22
10718	0	0	0.21	0.10	0.23
10719	0	0	0.21	0.10	0.23
10720	0	0	0.21	0.10	0.23
10721	0	0	0.21	0.10	0.23
10722	0	0	0.22	0.10	0.23
10723	237.18	57.19	0.21	0.10	0.23
10724	0	0	0.21	0.10	0.23
10725	0	0	0.21	0.10	0.23
10726	0	0	0.21	0.10	0.23
10727	0	0	0.21	0.10	0.23
10728	0	0	0.21	0.10	0.23
10729	0	0	0.22	0.10	0.23
10730	0	0	0.20	0.09	0.23
10731	0	0	0.22	0.10	0.22
10732	0	0	0.21	0.10	0.23
10733	237.24	57.17	0.21	0.10	0.23
10734	0	0	0.21	0.10	0.23
10736	0	0	0.21	0.10	0.23
10737	0	0	0.22	0.10	0.22
10738	0	0	0.22	0.10	0.22
10739	0	0	0.23	0.10	0.22
10740	0	0	0.21	0.10	0.23
10741	0	0	0.22	0.10	0.22
10742	0	0	0.22	0.10	0.23
10743	0	0	0.21	0.10	0.23
10744	237.29	57.14	0.22	0.10	0.23
10745	0	0	0.22	0.10	0.22
10746	0	0	0.21	0.10	0.23
10747	0	0	0.21	0.10	0.23
10748	0	0	0.21	0.10	0.23
10749	0	0	0.21	0.10	0.23
10750	0	0	0.21	0.10	0.23
10751	0	0	0.21	0.10	0.23
10752	0	0	0.22	0.10	0.23
10753	0	0	0.22	0.10	0.22
10754	237.34	57.12	0.22	0.10	0.22
10755	0	0	0.21	0.10	0.23
10756	0	0	0.21	0.10	0.23
10757	0	0	0.22	0.10	0.22
10758	0	0	0.21	0.10	0.23
10759	0	0	0.21	0.10	0.23
10760	0	0	0.21	0.10	0.23
10761	0	0	0.21	0.10	0.23
10762	0	0	0.21	0.10	0.23
10763	0	0	0.22	0.10	0.22
10764	237.40	57.09	0.22	0.10	0.23
10765	0	0	0.22	0.10	0.22
10766	0	0	0.21	0.10	0.23
10767	0	0	0.22	0.10	0.23
10768	0	0	0.21	0.10	0.23
10769	0	0	0.22	0.10	0.23
10770	0	0	0.21	0.10	0.23
10771	0	0	0.21	0.10	0.23
10772	0	0	0.23	0.10	0.22
10773	0	0	0.21	0.10	0.23
10774	237.45	57.07	0.21	0.10	0.23
10775	0	0	0.21	0.10	0.23
10776	0	0	0.22	0.10	0.22
10777	0	0	0.21	0.10	0.23
10778	0	0	0.21	0.10	0.23
10779	0	0	0.21	0.10	0.23
10780	0	0	0.22	0.10	0.22
10781	0	0	0.21	0.10	0.23
10782	0	0	0.21	0.10	0.23
10783	0	0	0.22	0.10	0.22
10784	237.51	57.04	0.21	0.10	0.23
10785	0	0	0.22	0.10	0.22
10786	0	0	0.22	0.10	0.22
10787	0	0	0.22	0.10	0.22
10788	0	0	0.21	0.10	0.23
10789	0	0	0.21	0.10	0.23
10790	0	0	0.21	0.10	0.23
10791	0	0	0.22	0.10	0.22
10792	0	0	0.22	0.10	0.22
10793	0	0	0.21	0.09	0.22
10794	237.56	57.02	0.21	0.10	0.23
10795	0	0	0.21	0.10	0.23
10796	0	0	0.21	0.10	0.23
10797	0	0	0.22	0.10	0.22
10798	0	0	0.21	0.10	0.23
10799	0	0	0.21	0.10	0.23
10800	0	0	0.22	0.10	0.22
10801	0	0	0.21	0.10	0.23
10802	0	0	0.22	0.10	0.22
10803	0	0	0.21	0.10	0.23
10804	237.61	56.99	0.21	0.10	0.23
10805	0	0	0.21	0.10	0.23
10806	0	0	0.22	0.10	0.22
10807	0	0	0.22	0.10	0.22
10808	0	0	0.21	0.10	0.23
10809	0	0	0.21	0.10	0.23
10810	0	0	0.22	0.10	0.22
10811	0	0	0.22	0.10	0.22
10812	0	0	0.22	0.10	0.23
10813	0	0	0.22	0.10	0.22
10814	237.67	56.97	0.22	0.10	0.23
10815	0	0	0.21	0.10	0.23
10816	0	0	0.23	0.10	0.22
10817	0	0	0.22	0.10	0.22
10818	0	0	0.21	0.10	0.23
10819	0	0	0.22	0.10	0.22
10820	0	0	0.21	0.09	0.22
10821	0	0	0.22	0.10	0.22
10822	0	0	0.22	0.10	0.22
10823	0	0	0.21	0.10	0.23
10824	237.72	56.94	0.21	0.10	0.23
10825	0	0	0.22	0.10	0.22
10826	0	0	0.20	0.09	0.23
10827	0	0	0.20	0.09	0.23
10828	0	0	0.22	0.10	0.22
10829	0	0	0.22	0.10	0.22
10830	0	0	0.21	0.10	0.23
10831	0	0	0.22	0.10	0.22
10832	0	0	0.22	0.10	0.22
10833	0	0	0.21	0.10	0.23
10834	237.77	56.92	0.21	0.10	0.23
10835	0	0	0.22	0.10	0.22
10836	0	0	0.22	0.10	0.22
10837	0	0	0.21	0.10	0.23
10838	0	0	0.21	0.10	0.23
10839	0	0	0.22	0.10	0.22
10840	0	0	0.20	0.09	0.23
10841	0	0	0.21	0.10	0.23
10842	0	0	0.22	0.10	0.22
10843	0	0	0.21	0.10	0.23
10844	237.83	56.90	0.22	0.10	0.22
10845	0	0	0.22	0.10	0.22
10846	0	0	0.21	0.10	0.23
10847	0	0	0.22	0.10	0.22
10848	0	0	0.22	0.10	0.22
10849	0	0	0.22	0.10	0.22
10850	0	0	0.22	0.10	0.22
10851	0	0	0.22	0.10	0.22
10852	0	0	0.22	0.10	0.22
10853	0	0	0.21	0.10	0.23
10854	237.88	56.87	0.22	0.10	0.22
10855	0	0	0.22	0.10	0.22
10856	0	0	0.22	0.10	0.22
10857	0	0	0.21	0.10	0.23
10858	0	0	0.21	0.10	0.23
10859	0	0	0.22	0.10	0.22
10860	0	0	0.21	0.09	0.22
10861	0	0	0.21	0.09	0.22
10862	0	0	0.21	0.10	0.23
10863	0	0	0.22	0.10	0.22
10864	237.94	56.85	0.21	0.09	0.22
10865	0	0	0.22	0.10	0.22
10866	0	0	0.22	0.10	0.22
10867	0	0	0.22	0.10	0.22
10868	0	0	0.22	0.10	0.22
10869	0	0	0.22	0.10	0.22
10870	0	0	0.22	0.10	0.22
10871	0	0	0.22	0.10	0.22
10872	0	0	0.22	0.10	0.22
10873	0	0	0.22	0.10	0.22
10874	237.99	56.82	0.22	0.10	0.22
10875	0	0	0.22	0.10	0.22
10876	0	0	0.22	0.10	0.22
10877	0	0	0.21	0.10	0.23
10878	0	0	0.22	0.10	0.22
10879	0	0	0.22	0.10	0.22
10880	0	0	0.22	0.10	0.22
10881	0	0	0.21	0.09	0.22
10882	0	0	0.22	0.10	0.22
10883	0	0	0.21	0.09	0.22
10884	238.04	56.80	0.22	0.10	0.22
10885	0	0	0.21	0.09	0.22
10886	0	0	0.21	0.09	0.22
10887	0	0	0.22	0.10	0.22
10888	0	0	0.21	0.09	0.22
10889	0	0	0.21	0.09	0.22
10890	0	0	0.21	0.09	0.22
10891	0	0	0.22	0.10	0.22
10892	0	0	0.22	0.10	0.22
10893	0	0	0.21	0.09	0.22
10894	238.09	56.77	0.21	0.09	0.22
10895	0	0	0.22	0.10	0.22
10896	0	0	0.22	0.10	0.22
10897	0	0	0.22	0.10	0.22
10898	0	0	0.22	0.10	0.22
10899	0	0	0.21	0.09	0.22
10900	0	0	0.22	0.10	0.22
10901	0	0	0.22	0.10	0.22
10902	0	0	0.22	0.10	0.22
10903	0	0	0.22	0.10	0.22
10904	238.15	56.75	0.21	0.09	0.22
10905	0	0	0.22	0.10	0.22
10906	0	0	0.22	0.10	0.22
10907	0	0	0.22	0.10	0.22
10908	0	0	0.22	0.10	0.22
10909	0	0	0.22	0.10	0.22
10910	0	0	0.21	0.09	0.22
10911	0	0	0.22	0.10	0.22
10912	0	0	0.22	0.10	0.22
10913	0	0	0.21	0.09	0.22
10914	238.20	56.72	0.22	0.10	0.22
10915	0	0	0.22	0.10	0.22
10916	0	0	0.22	0.10	0.22
10917	0	0	0.21	0.09	0.22
10918	0	0	0.21	0.09	0.22
10919	0	0	0.21	0.09	0.22
10920	0	0	0.22	0.10	0.22
10921	0	0	0.22	0.10	0.22
10922	0	0	0.21	0.09	0.22
10923	0	0	0.21	0.09	0.22
10924	238.26	56.70	0.22	0.10	0.22
10925	0	0	0.21	0.09	0.22
10926	0	0	0.22	0.10	0.22
10927	0	0	0.22	0.10	0.22
10928	0	0	0.22	0.10	0.22
10929	0	0	0.22	0.10	0.22
10930	0	0	0.22	0.10	0.22
10931	0	0	0.22	0.10	0.22
10932	0	0	0.21	0.09	0.22
10933	0	0	0.21	0.09	0.22
10934	238.31	56.67	0.22	0.10	0.22
10935	0	0	0.21	0.09	0.22
10936	0	0	0.21	0.09	0.22
10937	0	0	0.22	0.10	0.22
10938	0	0	0.22	0.10	0.22
10939	0	0	0.21	0.09	0.22
10940	0	0	0.22	0.10	0.22
10941	0	0	0.22	0.10	0.22
10942	0	0	0.22	0.10	0.22
10943	0	0	0.21	0.09	0.22
10944	238.36	56.65	0.22	0.10	0.22
10945	0	0	0.22	0.10	0.22
10946	0	0	0.21	0.09	0.22
10947	0	0	0.21	0.09	0.22
10948	0	0	0.22	0.10	0.22
10949	0	0	0.21	0.09	0.22
10950	0	0	0.22	0.10	0.22
10951	0	0	0.21	0.09	0.22
10952	0	0	0.22	0.10	0.22
10953	0	0	0.21	0.09	0.22
10954	238.41	56.62	0.22	0.10	0.22
10955	0	0	0.21	0.09	0.22
10956	0	0	0.23	0.10	0.22
10957	0	0	0.21	0.09	0.22
10958	0	0	0.21	0.09	0.22
10959	0	0	0.22	0.10	0.22
10960	0	0	0.23	0.10	0.22
10961	0	0	0.21	0.09	0.22
10962	0	0	0.21	0.09	0.22
10963	0	0	0.22	0.10	0.22
10964	238.47	56.60	0.22	0.10	0.22
10965	0	0	0.21	0.09	0.22
10966	0	0	0.22	0.10	0.22
10967	0	0	0.21	0.09	0.22
10968	0	0	0.21	0.09	0.22
10969	0	0	0.22	0.10	0.22
10970	0	0	0.21	0.09	0.22
10971	0	0	0.23	0.10	0.22
10972	0	0	0.22	0.09	0.22
10973	0	0	0.21	0.09	0.22
10974	238.52	56.58	0.22	0.10	0.22
10975	0	0	0.22	0.10	0.22
10976	0	0	0.23	0.10	0.22
10977	0	0	0.21	0.09	0.22
10978	0	0	0.21	0.09	0.22
10979	0	0	0.21	0.09	0.22
10980	0	0	0.22	0.10	0.22
10981	0	0	0.22	0.10	0.22
10982	0	0	0.21	0.09	0.22
10983	0	0	0.21	0.09	0.22
10984	238.57	56.55	0.22	0.10	0.22
10985	0	0	0.23	0.10	0.22
10986	0	0	0.21	0.09	0.22
10987	0	0	0.21	0.09	0.22
10988	0	0	0.21	0.09	0.22
10989	0	0	0.23	0.10	0.22
10990	0	0	0.22	0.09	0.22
10991	0	0	0.22	0.09	0.22
10992	0	0	0.21	0.09	0.22
10993	0	0	0.21	0.09	0.22
10994	238.63	56.53	0.21	0.09	0.22
10995	0	0	0.21	0.09	0.22
10996	0	0	0.23	0.10	0.22
10997	0	0	0.21	0.09	0.22
10998	0	0	0.22	0.10	0.22
10999	0	0	0.21	0.09	0.22
11000	0	0	0.21	0.09	0.22
11001	0	0	0.21	0.09	0.22
11002	0	0	0.22	0.10	0.22
11003	0	0	0.22	0.10	0.22
11004	238.68	56.50	0.21	0.09	0.22
11005	0	0	0.21	0.09	0.22
11006	0	0	0.22	0.10	0.22
11007	0	0	0.23	0.10	0.22
11008	0	0	0.21	0.09	0.22
11009	0	0	0.22	0.10	0.22
11010	0	0	0.21	0.09	0.22
11011	0	0	0.21	0.09	0.22
11012	0	0	0.21	0.09	0.22
11013	0	0	0.23	0.10	0.22
11014	238.73	56.48	0.21	0.09	0.22
11015	0	0	0.23	0.10	0.22
11016	0	0	0.21	0.09	0.22
11017	0	0	0.22	0.10	0.22
11018	0	0	0.21	0.09	0.22
11019	0	0	0.21	0.09	0.22
11020	0	0	0.23	0.10	0.22
11021	0	0	0.23	0.10	0.22
11022	0	0	0.23	0.10	0.22
11023	238.78	56.45	0.21	0.09	0.22
11024	0	0	0.22	0.09	0.22
11025	0	0	0.21	0.09	0.22
11026	0	0	0.21	0.09	0.22
11027	0	0	0.22	0.09	0.22
11028	0	0	0.21	0.09	0.22
11029	0	0	0.21	0.09	0.22
11030	0	0	0.21	0.09	0.22
11031	0	0	0.21	0.09	0.22
11032	0	0	0.22	0.10	0.22
11033	238.84	56.43	0.22	0.10	0.22
11034	0	0	0.22	0.10	0.22
11035	0	0	0.21	0.09	0.22
11036	0	0	0.21	0.09	0.22
11037	0	0	0.21	0.09	0.22
11038	0	0	0.21	0.09	0.22
11039	0	0	0.22	0.09	0.22
11040	0	0	0.22	0.10	0.22
11041	0	0	0.21	0.09	0.22
11042	0	0	0.21	0.09	0.22
11043	238.89	56.40	0.22	0.10	0.22
11044	0	0	0.22	0.09	0.22
11045	0	0	0.21	0.09	0.22
11046	0	0	0.21	0.09	0.22
11047	0	0	0.21	0.09	0.22
11048	0	0	0.21	0.09	0.22
11049	0	0	0.22	0.10	0.22
11050	0	0	0.21	0.09	0.22
11051	0	0	0.22	0.09	0.22
11052	0	0	0.23	0.10	0.22
11053	238.94	56.38	0.21	0.09	0.22
11054	0	0	0.21	0.09	0.22
11055	0	0	0.21	0.09	0.22
11056	0	0	0.22	0.10	0.22
11057	0	0	0.21	0.09	0.22
11058	0	0	0.21	0.09	0.22
11059	0	0	0.21	0.09	0.22
11060	0	0	0.22	0.09	0.22
11061	0	0	0.21	0.09	0.22
11062	0	0	0.21	0.09	0.22
11063	238.99	56.35	0.21	0.09	0.22
11064	0	0	0.22	0.09	0.22
11065	0	0	0.22	0.10	0.22
11066	0	0	0.21	0.09	0.22
11067	0	0	0.22	0.09	0.22
11068	0	0	0.21	0.09	0.22
11069	0	0	0.21	0.09	0.22
11070	0	0	0.21	0.09	0.22
11071	0	0	0.23	0.10	0.22
11072	0	0	0.21	0.09	0.22
11073	239.05	56.33	0.22	0.10	0.22
11074	0	0	0.21	0.09	0.22
11075	0	0	0.21	0.09	0.22
11076	0	0	0.21	0.09	0.22
11077	0	0	0.21	0.09	0.22
11078	0	0	0.22	0.09	0.22
11079	0	0	0.22	0.10	0.22
11080	0	0	0.21	0.09	0.22
11081	0	0	0.21	0.09	0.22
11082	0	0	0.22	0.09	0.22
11083	239.10	56.30	0.23	0.10	0.22
11084	0	0	0.21	0.09	0.22
11085	0	0	0.21	0.09	0.22
11086	0	0	0.21	0.09	0.22
11087	0	0	0.21	0.09	0.22
11088	0	0	0.21	0.09	0.22
11089	0	0	0.23	0.10	0.22
11090	0	0	0.21	0.09	0.22
11091	0	0	0.22	0.09	0.22
11092	0	0	0.21	0.09	0.22
11093	239.15	56.28	0.21	0.09	0.22
11094	0	0	0.22	0.10	0.22
11095	0	0	0.21	0.09	0.22
11096	0	0	0.21	0.09	0.22
11097	0	0	0.21	0.09	0.22
11098	0	0	0.21	0.09	0.22
11099	0	0	0.21	0.09	0.22
11100	0	0	0.22	0.09	0.22
11101	0	0	0.21	0.09	0.22
11102	0	0	0.22	0.09	0.22
11103	239.20	56.25	0.21	0.09	0.22
11104	0	0	0.22	0.10	0.22
11105	0	0	0.21	0.09	0.22
11106	0	0	0.22	0.09	0.22
11107	0	0	0.21	0.09	0.22
11108	0	0	0.21	0.09	0.22
11109	0	0	0.23	0.10	0.22
11110	0	0	0.21	0.09	0.22
11111	0	0	0.21	0.09	0.22
11112	0	0	0.21	0.09	0.22
11113	239.25	56.23	0.22	0.10	0.22
11114	0	0	0.22	0.09	0.22
11115	0	0	0.22	0.09	0.22
11116	0	0	0.21	0.09	0.22
11117	0	0	0.21	0.09	0.22
11118	0	0	0.21	0.09	0.22
11119	0	0	0.21	0.09	0.22
11120	0	0	0.21	0.09	0.22
11121	0	0	0.21	0.09	0.22
11122	0	0	0.21	0.09	0.22
11123	239.31	56.20	0.21	0.09	0.22
11124	0	0	0.21	0.09	0.22
11125	0	0	0.23	0.10	0.22
11126	0	0	0.21	0.09	0.22
11127	0	0	0.22	0.09	0.22
11128	0	0	0.21	0.09	0.22
11129	0	0	0.22	0.09	0.22
11130	0	0	0.21	0.09	0.22
11131	0	0	0.21	0.09	0.22
11132	0	0	0.21	0.09	0.22
11133	239.36	56.18	0.21	0.09	0.22
11134	0	0	0.21	0.09	0.22
11135	0	0	0.21	0.09	0.22
11136	0	0	0.22	0.09	0.22
11137	0	0	0.21	0.09	0.22
11138	0	0	0.21	0.09	0.22
11139	0	0	0.22	0.09	0.22
11140	0	0	0.21	0.09	0.22
11141	0	0	0.21	0.09	0.22
11142	0	0	0.21	0.09	0.22
11143	239.41	56.15	0.23	0.10	0.22
11144	0	0	0.21	0.09	0.22
11145	0	0	0.21	0.09	0.22
11146	0	0	0.21	0.09	0.22
11147	0	0	0.21	0.09	0.22
11148	0	0	0.21	0.09	0.22
11149	0	0	0.21	0.09	0.22
11150	0	0	0.21	0.09	0.22
11151	0	0	0.22	0.09	0.22
11152	0	0	0.21	0.09	0.22
11153	239.46	56.13	0.21	0.09	0.22
11154	0	0	0.21	0.09	0.22
11155	0	0	0.21	0.09	0.22
11156	0	0	0.21	0.09	0.22
11157	0	0	0.22	0.09	0.22
11158	0	0	0.22	0.09	0.22
11159	0	0	0.21	0.09	0.22
11160	0	0	0.21	0.09	0.22
11161	0	0	0.21	0.09	0.22
11162	0	0	0.21	0.09	0.22
11163	239.51	56.10	0.21	0.09	0.22
11164	0	0	0.21	0.09	0.22
11165	0	0	0.21	0.09	0.22
11166	0	0	0.21	0.09	0.22
11167	0	0	0.21	0.09	0.22
11168	0	0	0.21	0.09	0.22
11169	0	0	0.21	0.09	0.22
11170	0	0	0.21	0.09	0.22
11171	0	0	0.21	0.09	0.22
11172	0	0	0.21	0.09	0.22
11173	239.57	56.08	0.21	0.09	0.22
11174	0	0	0.21	0.09	0.22
11175	0	0	0.21	0.09	0.22
11176	0	0	0.21	0.09	0.22
11177	0	0	0.22	0.09	0.22
11178	0	0	0.21	0.09	0.22
11179	0	0	0.22	0.09	0.22
11180	0	0	0.21	0.09	0.22
11181	0	0	0.22	0.09	0.22
11182	0	0	0.21	0.09	0.22
11183	239.62	56.05	0.21	0.09	0.22
11184	0	0	0.22	0.09	0.22
11185	0	0	0.22	0.09	0.22
11186	0	0	0.21	0.09	0.22
11187	0	0	0.22	0.09	0.22
11188	0	0	0.20	0.09	0.22
11189	0	0	0.21	0.09	0.22
11190	0	0	0.21	0.09	0.22
11191	0	0	0.21	0.09	0.22
11192	0	0	0.21	0.09	0.22
11193	239.67	56.03	0.21	0.09	0.22
11194	0	0	0.21	0.09	0.22
11195	0	0	0.22	0.09	0.22
11196	0	0	0.21	0.09	0.22
11197	0	0	0.23	0.10	0.22
11198	0	0	0.21	0.09	0.22
11199	0	0	0.21	0.09	0.22
11200	0	0	0.22	0.09	0.22
11202	0	0	0.21	0.09	0.22
11203	0	0	0.21	0.09	0.22
11204	239.72	56.00	0.21	0.09	0.22
11205	0	0	0.21	0.09	0.22
11206	0	0	0.21	0.09	0.22
11207	0	0	0.22	0.10	0.22
11208	0	0	0.21	0.09	0.22
11209	0	0	0.21	0.09	0.22
11210	0	0	0.21	0.09	0.22
11211	0	0	0.21	0.09	0.22
11212	0	0	0.22	0.09	0.22
11213	0	0	0.21	0.09	0.22
11214	239.77	55.98	0.21	0.09	0.22
11215	0	0	0.22	0.09	0.22
11216	0	0	0.22	0.10	0.22
11217	0	0	0.21	0.09	0.22
11218	0	0	0.21	0.09	0.22
11219	0	0	0.22	0.09	0.22
11220	0	0	0.21	0.09	0.22
11221	0	0	0.21	0.09	0.22
11222	0	0	0.21	0.09	0.22
11223	0	0	0.21	0.09	0.22
11224	239.82	55.95	0.23	0.10	0.22
11225	0	0	0.22	0.09	0.22
11226	0	0	0.21	0.09	0.22
11227	0	0	0.22	0.09	0.22
11228	0	0	0.22	0.09	0.22
11229	0	0	0.21	0.09	0.22
11230	0	0	0.21	0.09	0.22
11231	0	0	0.22	0.09	0.22
11232	0	0	0.22	0.10	0.22
11233	0	0	0.23	0.10	0.22
11234	239.87	55.93	0.23	0.10	0.22
11235	0	0	0.21	0.09	0.22
11236	0	0	0.22	0.09	0.22
11237	0	0	0.21	0.09	0.22
11238	0	0	0.21	0.09	0.22
11239	0	0	0.21	0.09	0.22
11240	0	0	0.21	0.09	0.22
11241	0	0	0.21	0.09	0.22
11242	0	0	0.21	0.09	0.22
11243	0	0	0.21	0.09	0.22
11244	239.93	55.90	0.20	0.09	0.22
11245	0	0	0.21	0.09	0.22
11246	0	0	0.21	0.09	0.22
11247	0	0	0.21	0.09	0.22
11248	0	0	0.21	0.09	0.22
11249	0	0	0.21	0.09	0.22
11250	0	0	0.21	0.09	0.22
11251	0	0	0.21	0.09	0.22
11252	0	0	0.22	0.09	0.22
11253	0	0	0.21	0.09	0.22
11254	239.98	55.88	0.22	0.09	0.22
11255	0	0	0.21	0.09	0.22
11256	0	0	0.21	0.09	0.22
11257	0	0	0.21	0.09	0.22
11258	0	0	0.21	0.09	0.22
11259	0	0	0.21	0.09	0.22
11260	0	0	0.21	0.09	0.22
11261	0	0	0.21	0.09	0.22
11262	0	0	0.22	0.10	0.22
11263	0	0	0.22	0.09	0.22
11264	240.03	55.85	0.21	0.09	0.22
11265	0	0	0.22	0.10	0.22
11266	0	0	0.21	0.09	0.22
11267	0	0	0.22	0.09	0.22
11268	0	0	0.22	0.10	0.22
11269	0	0	0.21	0.09	0.22
11270	0	0	0.21	0.09	0.22
11271	0	0	0.21	0.09	0.22
11272	0	0	0.21	0.09	0.22
11273	0	0	0.21	0.09	0.22
11274	240.08	55.83	0.21	0.09	0.22
11275	0	0	0.22	0.10	0.22
11276	0	0	0.22	0.09	0.22
11277	0	0	0.21	0.09	0.22
11278	0	0	0.21	0.09	0.22
11279	0	0	0.23	0.10	0.22
11280	0	0	0.21	0.09	0.22
11281	0	0	0.21	0.09	0.22
11282	0	0	0.21	0.09	0.22
11283	0	0	0.21	0.09	0.22
11284	240.13	55.80	0.21	0.09	0.22
11285	0	0	0.21	0.09	0.22
11286	0	0	0.21	0.09	0.22
11287	0	0	0.21	0.09	0.22
11288	0	0	0.21	0.09	0.22
11289	0	0	0.22	0.10	0.22
11290	0	0	0.21	0.09	0.22
11291	0	0	0.21	0.09	0.22
11292	0	0	0.21	0.09	0.22
11293	0	0	0.22	0.09	0.22
11294	240.18	55.78	0.21	0.09	0.22
11295	0	0	0.22	0.10	0.22
11296	0	0	0.22	0.09	0.22
11297	0	0	0.21	0.09	0.22
11298	0	0	0.22	0.10	0.22
11299	0	0	0.21	0.09	0.22
11300	0	0	0.22	0.09	0.22
11301	0	0	0.21	0.09	0.22
11302	0	0	0.22	0.09	0.22
11303	0	0	0.21	0.09	0.22
11304	240.23	55.75	0.22	0.09	0.22
11305	0	0	0.21	0.09	0.22
11306	0	0	0.21	0.09	0.22
11307	0	0	0.22	0.09	0.22
11308	0	0	0.21	0.09	0.22
11309	0	0	0.21	0.09	0.22
11310	0	0	0.22	0.10	0.22
11311	0	0	0.21	0.09	0.22
11312	0	0	0.21	0.09	0.22
11313	0	0	0.23	0.10	0.22
11314	240.28	55.73	0.21	0.09	0.22
11315	0	0	0.21	0.09	0.22
11316	0	0	0.21	0.09	0.22
11317	0	0	0.21	0.09	0.22
11318	0	0	0.21	0.09	0.22
11319	0	0	0.21	0.09	0.22
11320	0	0	0.22	0.09	0.22
11321	0	0	0.21	0.09	0.22
11322	0	0	0.21	0.09	0.22
11323	0	0	0.21	0.09	0.22
11324	240.33	55.70	0.21	0.09	0.22
11325	0	0	0.21	0.09	0.22
11326	0	0	0.21	0.09	0.22
11327	0	0	0.21	0.09	0.22
11328	0	0	0.22	0.10	0.22
11329	0	0	0.21	0.09	0.22
11330	0	0	0.22	0.10	0.22
11331	0	0	0.21	0.09	0.22
11332	0	0	0.21	0.09	0.22
11333	0	0	0.21	0.09	0.22
11334	240.39	55.67	0.21	0.09	0.22
11335	0	0	0.21	0.09	0.22
11336	0	0	0.21	0.09	0.22
11337	0	0	0.21	0.09	0.22
11338	0	0	0.21	0.09	0.22
11339	0	0	0.20	0.09	0.22
11340	0	0	0.21	0.09	0.22
11341	0	0	0.21	0.09	0.22
11342	0	0	0.21	0.09	0.22
11343	0	0	0.21	0.09	0.22
11344	240.44	55.65	0.22	0.10	0.22
11345	0	0	0.21	0.09	0.22
11346	0	0	0.21	0.09	0.22
11347	0	0	0.21	0.09	0.22
11348	0	0	0.21	0.09	0.22
11349	0	0	0.21	0.09	0.22
11350	0	0	0.21	0.09	0.22
11351	0	0	0.21	0.09	0.22
11352	0	0	0.21	0.09	0.22
11353	0	0	0.21	0.09	0.22
11354	240.49	55.62	0.21	0.09	0.22
11355	0	0	0.21	0.09	0.22
11356	0	0	0.20	0.09	0.22
11357	0	0	0.21	0.09	0.22
11358	0	0	0.21	0.09	0.22
11359	0	0	0.21	0.09	0.22
11360	0	0	0.21	0.09	0.22
11361	0	0	0.21	0.09	0.22
11362	0	0	0.21	0.09	0.22
11363	0	0	0.21	0.09	0.22
11364	240.54	55.60	0.21	0.09	0.22
11365	0	0	0.21	0.09	0.22
11366	0	0	0.21	0.09	0.22
11367	0	0	0.22	0.09	0.22
11368	0	0	0.22	0.10	0.22
11369	0	0	0.22	0.10	0.22
11370	0	0	0.21	0.09	0.22
11371	0	0	0.20	0.09	0.22
11372	0	0	0.21	0.09	0.22
11373	0	0	0.21	0.09	0.22
11374	240.59	55.57	0.21	0.09	0.22
11375	0	0	0.22	0.09	0.22
11376	0	0	0.21	0.09	0.22
11377	0	0	0.22	0.10	0.22
11378	0	0	0.21	0.09	0.22
11379	0	0	0.21	0.09	0.22
11380	0	0	0.21	0.09	0.22
11381	0	0	0.21	0.09	0.22
11382	0	0	0.21	0.09	0.22
11383	0	0	0.22	0.09	0.22
11384	240.64	55.55	0.21	0.09	0.22
11385	0	0	0.21	0.09	0.22
11386	0	0	0.21	0.09	0.22
11387	0	0	0.21	0.09	0.22
11388	0	0	0.20	0.09	0.22
11389	0	0	0.21	0.09	0.22
11390	0	0	0.21	0.09	0.22
11391	0	0	0.21	0.09	0.22
11392	0	0	0.22	0.09	0.22
11393	0	0	0.22	0.09	0.22
11394	240.69	55.52	0.21	0.09	0.22
11395	0	0	0.21	0.09	0.22
11396	0	0	0.21	0.09	0.22
11397	0	0	0.21	0.09	0.22
11398	0	0	0.22	0.09	0.22
11399	0	0	0.21	0.09	0.22
11400	0	0	0.21	0.09	0.22
11401	0	0	0.21	0.09	0.22
11402	0	0	0.21	0.09	0.22
11403	0	0	0.21	0.09	0.22
11404	240.74	55.50	0.21	0.09	0.22
11405	0	0	0.21	0.09	0.22
11406	0	0	0.22	0.09	0.22
11407	0	0	0.21	0.09	0.22
11408	0	0	0.21	0.09	0.22
11409	0	0	0.21	0.09	0.22
11410	0	0	0.21	0.09	0.22
11411	0	0	0.22	0.09	0.22
11412	0	0	0.21	0.09	0.22
11413	0	0	0.21	0.09	0.22
11414	240.79	55.47	0.20	0.09	0.22
11415	0	0	0.22	0.09	0.22
11416	0	0	0.21	0.09	0.22
11417	0	0	0.22	0.09	0.22
11418	0	0	0.21	0.09	0.22
11419	0	0	0.21	0.09	0.22
11420	0	0	0.21	0.09	0.22
11421	0	0	0.22	0.09	0.22
11422	0	0	0.21	0.09	0.22
11423	0	0	0.22	0.09	0.22
11424	240.84	55.45	0.21	0.09	0.22
11425	0	0	0.21	0.09	0.22
11426	0	0	0.21	0.09	0.22
11427	0	0	0.21	0.09	0.22
11428	0	0	0.21	0.09	0.22
11429	0	0	0.22	0.09	0.22
11430	0	0	0.21	0.09	0.22
11431	0	0	0.20	0.09	0.22
11432	0	0	0.21	0.09	0.22
11433	0	0	0.22	0.09	0.22
11434	240.89	55.42	0.21	0.09	0.22
11435	0	0	0.20	0.09	0.22
11436	0	0	0.21	0.09	0.22
11437	0	0	0.21	0.09	0.22
11438	0	0	0.21	0.09	0.22
11439	0	0	0.20	0.09	0.22
11440	0	0	0.21	0.09	0.22
11441	0	0	0.21	0.09	0.22
11442	0	0	0.22	0.09	0.22
11443	0	0	0.20	0.09	0.22
11444	240.94	55.40	0.22	0.09	0.22
11445	0	0	0.22	0.09	0.22
11446	0	0	0.21	0.09	0.22
11447	0	0	0.20	0.09	0.22
11448	0	0	0.21	0.09	0.22
11449	0	0	0.21	0.09	0.22
11450	0	0	0.22	0.09	0.22
11451	0	0	0.20	0.09	0.22
11452	0	0	0.20	0.09	0.22
11453	0	0	0.21	0.09	0.22
11454	240.99	55.37	0.21	0.09	0.22
11455	0	0	0.21	0.09	0.22
11456	0	0	0.21	0.09	0.22
11457	0	0	0.22	0.09	0.22
11458	0	0	0.21	0.09	0.22
11459	0	0	0.22	0.09	0.22
11460	0	0	0.22	0.09	0.22
11461	0	0	0.22	0.09	0.22
11462	0	0	0.20	0.09	0.22
11463	0	0	0.22	0.09	0.22
11464	241.04	55.35	0.22	0.09	0.22
11465	0	0	0.22	0.09	0.22
11466	0	0	0.22	0.09	0.22
11467	0	0	0.22	0.09	0.22
11468	0	0	0.22	0.09	0.22
11469	0	0	0.22	0.09	0.22
11470	0	0	0.21	0.09	0.22
11471	0	0	0.22	0.09	0.22
11472	0	0	0.22	0.09	0.22
11473	0	0	0.22	0.09	0.22
11474	241.09	55.32	0.21	0.09	0.22
11475	0	0	0.22	0.09	0.22
11476	0	0	0.22	0.09	0.22
11477	0	0	0.22	0.09	0.22
11478	0	0	0.21	0.09	0.22
11479	0	0	0.21	0.09	0.22
11480	0	0	0.22	0.09	0.22
11481	0	0	0.21	0.09	0.22
11482	0	0	0.22	0.09	0.22
11483	0	0	0.22	0.09	0.22
11484	241.14	55.30	0.21	0.09	0.22
11485	0	0	0.21	0.09	0.22
11486	0	0	0.23	0.10	0.22
11487	0	0	0.21	0.09	0.22
11488	0	0	0.21	0.09	0.22
11489	0	0	0.22	0.09	0.22
11490	0	0	0.22	0.09	0.22
11491	0	0	0.22	0.09	0.22
11492	0	0	0.22	0.09	0.22
11493	0	0	0.21	0.09	0.22
11494	241.19	55.27	0.22	0.09	0.22
11495	0	0	0.22	0.09	0.22
11496	0	0	0.22	0.09	0.22
11497	0	0	0.21	0.09	0.22
11498	0	0	0.22	0.09	0.22
11499	0	0	0.21	0.09	0.22
11500	0	0	0.22	0.09	0.22
11501	0	0	0.20	0.09	0.22
11502	0	0	0.20	0.09	0.22
11503	0	0	0.22	0.09	0.22
11504	241.24	55.24	0.22	0.09	0.22
11505	0	0	0.22	0.09	0.22
11506	0	0	0.22	0.09	0.22
11507	0	0	0.22	0.09	0.22
11508	0	0	0.21	0.09	0.22
11509	0	0	0.21	0.09	0.22
11510	0	0	0.22	0.09	0.22
11511	0	0	0.22	0.09	0.22
11512	0	0	0.22	0.09	0.22
11513	0	0	0.22	0.09	0.22
11514	241.29	55.22	0.22	0.09	0.22
11515	0	0	0.20	0.09	0.22
11516	0	0	0.22	0.09	0.22
11517	0	0	0.22	0.09	0.22
11518	0	0	0.20	0.09	0.22
11519	0	0	0.22	0.09	0.22
11520	0	0	0.22	0.09	0.22
11521	0	0	0.22	0.09	0.22
11522	0	0	0.21	0.09	0.22
11523	0	0	0.21	0.09	0.22
11524	241.34	55.19	0.20	0.09	0.22
11525	0	0	0.20	0.09	0.22
11526	0	0	0.22	0.09	0.22
11527	0	0	0.21	0.09	0.22
11528	0	0	0.22	0.09	0.22
11529	0	0	0.22	0.09	0.22
11530	0	0	0.20	0.09	0.22
11531	0	0	0.22	0.09	0.22
11532	0	0	0.21	0.09	0.22
11533	0	0	0.22	0.09	0.22
11534	241.39	55.17	0.20	0.09	0.22
11535	0	0	0.22	0.09	0.22
11536	0	0	0.22	0.09	0.22
11537	0	0	0.22	0.09	0.22
11538	0	0	0.20	0.09	0.22
11539	0	0	0.22	0.09	0.22
11540	0	0	0.22	0.09	0.22
11541	0	0	0.22	0.09	0.22
11542	0	0	0.22	0.09	0.22
11543	0	0	0.22	0.09	0.22
11544	241.44	55.14	0.22	0.09	0.22
11545	0	0	0.20	0.09	0.22
11546	0	0	0.20	0.09	0.22
11547	0	0	0.22	0.09	0.22
11548	0	0	0.20	0.09	0.22
11549	0	0	0.22	0.09	0.22
11550	0	0	0.22	0.09	0.22
11551	0	0	0.22	0.09	0.22
11552	0	0	0.22	0.09	0.22
11553	0	0	0.22	0.09	0.22
11554	241.49	55.12	0.22	0.09	0.22
11555	0	0	0.22	0.09	0.22
11556	0	0	0.20	0.09	0.22
11557	0	0	0.20	0.09	0.22
11558	0	0	0.20	0.09	0.22
11559	0	0	0.20	0.09	0.22
11560	0	0	0.20	0.09	0.22
11561	0	0	0.22	0.09	0.22
11562	0	0	0.20	0.09	0.22
11563	0	0	0.20	0.09	0.22
11564	241.54	55.09	0.20	0.09	0.22
11565	0	0	0.22	0.09	0.22
11566	0	0	0.22	0.09	0.21
11567	0	0	0.22	0.09	0.22
11568	0	0	0.22	0.09	0.22
11569	0	0	0.22	0.09	0.22
11570	0	0	0.20	0.09	0.22
11571	0	0	0.21	0.09	0.22
11572	0	0	0.20	0.09	0.22
11573	0	0	0.20	0.09	0.22
11574	241.59	55.07	0.20	0.09	0.22
11575	0	0	0.22	0.09	0.22
11576	0	0	0.20	0.09	0.22
11577	0	0	0.22	0.09	0.22
11578	0	0	0.22	0.09	0.22
11579	0	0	0.22	0.09	0.21
11580	0	0	0.22	0.09	0.22
11581	0	0	0.22	0.09	0.22
11582	0	0	0.20	0.09	0.22
11583	0	0	0.22	0.09	0.22
11584	241.64	55.04	0.20	0.09	0.22
11585	0	0	0.22	0.09	0.22
11586	0	0	0.20	0.09	0.22
11587	0	0	0.22	0.09	0.22
11588	0	0	0.20	0.09	0.22
11589	0	0	0.22	0.09	0.22
11590	0	0	0.22	0.09	0.22
11591	0	0	0.20	0.09	0.22
11592	0	0	0.20	0.09	0.22
11593	0	0	0.22	0.09	0.22
11594	241.69	55.01	0.20	0.09	0.22
11595	0	0	0.20	0.09	0.22
11596	0	0	0.22	0.09	0.22
11597	0	0	0.22	0.09	0.22
11598	0	0	0.20	0.09	0.22
11599	0	0	0.22	0.09	0.22
11600	0	0	0.20	0.09	0.22
11601	0	0	0.22	0.09	0.21
11602	0	0	0.20	0.09	0.22
11603	241.74	54.99	0.22	0.09	0.21
11604	0	0	0.22	0.09	0.22
11605	0	0	0.21	0.09	0.21
11606	0	0	0.22	0.09	0.21
11607	0	0	0.21	0.09	0.21
11608	0	0	0.20	0.09	0.22
11609	0	0	0.22	0.09	0.21
11610	0	0	0.20	0.09	0.22
11611	0	0	0.21	0.09	0.21
11612	0	0	0.22	0.09	0.22
11613	241.79	54.96	0.22	0.09	0.22
11614	0	0	0.22	0.09	0.22
11615	0	0	0.22	0.09	0.22
11616	0	0	0.22	0.09	0.21
11617	0	0	0.22	0.09	0.21
11618	0	0	0.22	0.09	0.21
11619	0	0	0.22	0.09	0.22
11620	0	0	0.22	0.09	0.22
11621	0	0	0.22	0.09	0.22
11622	0	0	0.22	0.09	0.22
11623	241.84	54.94	0.22	0.09	0.22
11624	0	0	0.20	0.09	0.22
11625	0	0	0.22	0.09	0.21
11626	0	0	0.22	0.09	0.21
11627	0	0	0.20	0.09	0.22
11628	0	0	0.20	0.09	0.22
11629	0	0	0.21	0.09	0.21
11630	0	0	0.20	0.09	0.22
11631	0	0	0.21	0.09	0.21
11632	0	0	0.21	0.09	0.21
11633	241.89	54.91	0.20	0.09	0.22
11634	0	0	0.20	0.09	0.22
11635	0	0	0.20	0.09	0.22
11636	0	0	0.20	0.09	0.22
11637	0	0	0.22	0.09	0.21
11638	0	0	0.21	0.09	0.21
11639	0	0	0.20	0.09	0.22
11640	0	0	0.21	0.09	0.21
11641	0	0	0.21	0.09	0.21
11642	0	0	0.22	0.09	0.22
11643	241.94	54.89	0.22	0.09	0.22
11644	0	0	0.22	0.09	0.22
11645	0	0	0.22	0.09	0.22
11646	0	0	0.20	0.09	0.22
11647	0	0	0.21	0.09	0.21
11648	0	0	0.21	0.09	0.21
11649	0	0	0.22	0.09	0.21
11650	0	0	0.20	0.09	0.22
11651	0	0	0.20	0.09	0.22
11652	0	0	0.22	0.09	0.21
11653	241.99	54.86	0.20	0.09	0.22
11654	0	0	0.22	0.09	0.21
11655	0	0	0.20	0.09	0.22
11656	0	0	0.20	0.09	0.22
11657	0	0	0.21	0.09	0.21
11658	0	0	0.21	0.09	0.21
11659	0	0	0.21	0.09	0.21
11660	0	0	0.20	0.09	0.22
11661	0	0	0.21	0.09	0.21
11662	0	0	0.21	0.09	0.21
11663	242.04	54.84	0.20	0.09	0.22
11664	0	0	0.21	0.09	0.21
11665	0	0	0.21	0.09	0.21
11666	0	0	0.21	0.09	0.21
11667	0	0	0.20	0.09	0.22
11668	0	0	0.22	0.09	0.21
11670	0	0	0.21	0.09	0.21
11671	0	0	0.20	0.09	0.22
11672	0	0	0.22	0.09	0.21
11673	0	0	0.20	0.09	0.22
11674	242.09	54.81	0.22	0.09	0.21
11675	0	0	0.22	0.09	0.21
11676	0	0	0.22	0.09	0.21
11677	0	0	0.22	0.09	0.21
11678	0	0	0.21	0.09	0.21
11679	0	0	0.22	0.09	0.21
11680	0	0	0.20	0.09	0.22
11681	0	0	0.22	0.09	0.22
11682	0	0	0.21	0.09	0.21
11683	0	0	0.20	0.09	0.22
11684	242.14	54.78	0.22	0.09	0.21
11685	0	0	0.22	0.09	0.21
11686	0	0	0.21	0.09	0.21
11687	0	0	0.21	0.09	0.21
11688	0	0	0.20	0.09	0.22
11689	0	0	0.20	0.09	0.22
11690	0	0	0.22	0.09	0.21
11691	0	0	0.21	0.09	0.21
11692	0	0	0.22	0.09	0.21
11693	0	0	0.20	0.09	0.22
11694	242.18	54.76	0.21	0.09	0.21
11695	0	0	0.21	0.09	0.21
11696	0	0	0.21	0.09	0.21
11697	0	0	0.21	0.09	0.21
11698	0	0	0.21	0.09	0.21
11699	0	0	0.21	0.09	0.21
11700	0	0	0.21	0.09	0.21
11701	0	0	0.21	0.09	0.21
11702	0	0	0.21	0.09	0.21
11703	0	0	0.21	0.09	0.21
11704	242.23	54.73	0.21	0.09	0.21
11705	0	0	0.21	0.09	0.21
11706	0	0	0.21	0.09	0.21
11707	0	0	0.21	0.09	0.21
11708	0	0	0.20	0.09	0.22
11709	0	0	0.21	0.09	0.21
11710	0	0	0.21	0.09	0.21
11711	0	0	0.21	0.09	0.21
11712	0	0	0.21	0.09	0.21
11713	0	0	0.21	0.09	0.21
11714	242.28	54.71	0.21	0.09	0.21
11715	0	0	0.21	0.09	0.21
11716	0	0	0.21	0.09	0.21
11717	0	0	0.21	0.09	0.21
11718	0	0	0.21	0.09	0.21
11719	0	0	0.21	0.09	0.21
11720	0	0	0.22	0.09	0.21
11721	0	0	0.21	0.09	0.21
11722	0	0	0.21	0.09	0.21
11723	0	0	0.22	0.09	0.21
11724	242.33	54.68	0.21	0.09	0.21
11725	0	0	0.21	0.09	0.21
11726	0	0	0.21	0.09	0.21
11727	0	0	0.21	0.09	0.21
11728	0	0	0.21	0.09	0.21
11729	0	0	0.21	0.09	0.21
11730	0	0	0.21	0.09	0.21
11731	0	0	0.21	0.09	0.21
11732	0	0	0.21	0.09	0.21
11733	0	0	0.21	0.09	0.21
11734	242.38	54.66	0.21	0.09	0.21
11735	0	0	0.21	0.09	0.21
11736	0	0	0.21	0.09	0.21
11737	0	0	0.21	0.09	0.21
11738	0	0	0.21	0.09	0.21
11739	0	0	0.21	0.09	0.21
11740	0	0	0.21	0.09	0.21
11741	0	0	0.21	0.09	0.21
11742	0	0	0.21	0.09	0.21
11743	0	0	0.21	0.09	0.21
11744	242.43	54.63	0.21	0.09	0.21
11745	0	0	0.21	0.09	0.21
11746	0	0	0.21	0.09	0.21
11747	0	0	0.21	0.09	0.21
11748	0	0	0.21	0.09	0.21
11749	0	0	0.20	0.08	0.21
11750	0	0	0.21	0.09	0.21
11751	0	0	0.21	0.09	0.21
11752	0	0	0.21	0.09	0.21
11753	0	0	0.21	0.09	0.21
11754	242.48	54.60	0.21	0.09	0.21
11755	0	0	0.22	0.09	0.21
11756	0	0	0.21	0.09	0.21
11757	0	0	0.21	0.09	0.21
11758	0	0	0.20	0.08	0.21
11759	0	0	0.21	0.09	0.21
11760	0	0	0.21	0.09	0.21
11761	0	0	0.20	0.08	0.21
11762	0	0	0.21	0.09	0.21
11763	0	0	0.21	0.09	0.21
11764	242.53	54.58	0.21	0.09	0.21
11765	0	0	0.21	0.09	0.21
11766	0	0	0.21	0.09	0.21
11767	0	0	0.21	0.09	0.21
11768	0	0	0.21	0.09	0.21
11769	0	0	0.20	0.08	0.21
11770	0	0	0.20	0.08	0.21
11771	0	0	0.20	0.08	0.21
11772	0	0	0.21	0.09	0.21
11773	0	0	0.21	0.09	0.21
11774	242.58	54.55	0.21	0.09	0.21
11775	0	0	0.21	0.09	0.21
11776	0	0	0.21	0.09	0.21
11777	0	0	0.21	0.09	0.21
11778	0	0	0.21	0.09	0.21
11779	0	0	0.21	0.09	0.21
11780	0	0	0.20	0.08	0.21
11781	0	0	0.21	0.09	0.21
11782	0	0	0.21	0.09	0.21
11783	0	0	0.21	0.09	0.21
11784	242.62	54.53	0.21	0.09	0.21
11785	0	0	0.21	0.09	0.21
11786	0	0	0.20	0.08	0.21
11787	0	0	0.21	0.09	0.21
11788	0	0	0.20	0.08	0.21
11789	0	0	0.20	0.08	0.21
11790	0	0	0.21	0.09	0.21
11791	0	0	0.21	0.09	0.21
11792	0	0	0.21	0.09	0.21
11793	0	0	0.21	0.09	0.21
11794	242.67	54.50	0.21	0.09	0.21
11795	0	0	0.21	0.09	0.21
11796	0	0	0.21	0.09	0.21
11797	0	0	0.20	0.08	0.21
11798	0	0	0.21	0.09	0.21
11799	0	0	0.21	0.09	0.21
11800	0	0	0.21	0.09	0.21
11801	0	0	0.21	0.09	0.21
11802	0	0	0.20	0.08	0.21
11803	0	0	0.21	0.09	0.21
11804	242.72	54.47	0.21	0.09	0.21
11805	0	0	0.21	0.09	0.21
11806	0	0	0.21	0.09	0.21
11807	0	0	0.21	0.09	0.21
11808	0	0	0.21	0.09	0.21
11809	0	0	0.21	0.09	0.21
11810	0	0	0.22	0.09	0.20
11811	0	0	0.20	0.08	0.21
11812	0	0	0.21	0.09	0.21
11813	0	0	0.21	0.09	0.21
11814	242.77	54.45	0.21	0.09	0.21
11815	0	0	0.20	0.08	0.21
11816	0	0	0.21	0.09	0.21
11817	0	0	0.21	0.09	0.21
11818	0	0	0.21	0.09	0.21
11819	0	0	0.20	0.08	0.21
11820	0	0	0.21	0.09	0.21
11821	0	0	0.20	0.08	0.21
11822	0	0	0.21	0.09	0.21
11823	0	0	0.21	0.09	0.21
11824	242.82	54.42	0.22	0.09	0.20
11825	0	0	0.21	0.09	0.21
11826	0	0	0.21	0.09	0.21
11827	0	0	0.20	0.08	0.21
11828	0	0	0.21	0.09	0.21
11829	0	0	0.22	0.09	0.20
11830	0	0	0.20	0.08	0.21
11831	0	0	0.21	0.09	0.21
11832	0	0	0.20	0.08	0.21
11833	0	0	0.20	0.08	0.21
11834	242.87	54.40	0.20	0.08	0.21
11835	0	0	0.20	0.08	0.21
11836	0	0	0.21	0.08	0.20
11837	0	0	0.21	0.09	0.21
11838	0	0	0.20	0.08	0.21
11839	0	0	0.21	0.09	0.21
11840	0	0	0.20	0.08	0.21
11841	0	0	0.22	0.09	0.20
11842	0	0	0.21	0.09	0.21
11843	0	0	0.21	0.09	0.21
11844	242.91	54.37	0.21	0.09	0.21
11845	0	0	0.20	0.08	0.21
11846	0	0	0.21	0.09	0.21
11847	0	0	0.21	0.09	0.21
11848	0	0	0.21	0.09	0.21
11849	0	0	0.20	0.08	0.21
11850	0	0	0.20	0.08	0.21
11851	0	0	0.21	0.08	0.20
11852	0	0	0.21	0.09	0.21
11853	0	0	0.21	0.09	0.21
11854	242.96	54.35	0.21	0.09	0.21
11855	0	0	0.22	0.09	0.20
11856	0	0	0.20	0.08	0.21
11857	0	0	0.20	0.08	0.21
11858	0	0	0.20	0.08	0.21
11859	0	0	0.21	0.09	0.21
11860	0	0	0.20	0.08	0.21
11861	0	0	0.21	0.08	0.20
11862	0	0	0.20	0.08	0.21
11863	0	0	0.20	0.08	0.21
11864	243.01	54.32	0.20	0.08	0.21
11865	0	0	0.20	0.08	0.21
11866	0	0	0.20	0.08	0.21
11867	0	0	0.21	0.08	0.20
11868	0	0	0.20	0.08	0.21
11869	0	0	0.21	0.09	0.21
11870	0	0	0.20	0.08	0.21
11871	0	0	0.21	0.09	0.21
11872	0	0	0.21	0.09	0.21
11873	0	0	0.21	0.09	0.21
11874	243.06	54.29	0.20	0.08	0.21
11875	0	0	0.20	0.08	0.21
11876	0	0	0.20	0.08	0.21
11877	0	0	0.21	0.09	0.21
11878	0	0	0.20	0.08	0.21
11879	0	0	0.22	0.09	0.20
11880	0	0	0.21	0.08	0.20
11881	0	0	0.22	0.09	0.20
11882	0	0	0.20	0.08	0.21
11883	0	0	0.21	0.09	0.21
11884	243.11	54.27	0.20	0.08	0.21
11885	0	0	0.21	0.09	0.21
11886	0	0	0.20	0.08	0.21
11887	0	0	0.22	0.09	0.20
11888	0	0	0.21	0.09	0.21
11889	0	0	0.21	0.08	0.20
11890	0	0	0.22	0.09	0.20
11891	0	0	0.20	0.08	0.21
11892	0	0	0.21	0.09	0.21
11893	0	0	0.21	0.09	0.21
11894	243.15	54.24	0.21	0.09	0.21
11895	0	0	0.21	0.08	0.20
11896	0	0	0.21	0.08	0.20
11897	0	0	0.21	0.08	0.20
11898	0	0	0.21	0.09	0.21
11899	0	0	0.20	0.08	0.21
11900	0	0	0.22	0.09	0.20
11901	0	0	0.22	0.09	0.20
11902	0	0	0.21	0.09	0.21
11903	0	0	0.20	0.08	0.21
11904	243.20	54.22	0.20	0.08	0.21
11905	0	0	0.20	0.08	0.21
11906	0	0	0.20	0.08	0.21
11907	0	0	0.20	0.08	0.21
11908	0	0	0.21	0.09	0.21
11909	0	0	0.20	0.08	0.21
11910	0	0	0.22	0.09	0.20
11911	0	0	0.21	0.09	0.21
11912	0	0	0.21	0.09	0.21
11913	0	0	0.20	0.08	0.21
11914	243.25	54.19	0.20	0.08	0.21
11915	0	0	0.20	0.08	0.21
11916	0	0	0.20	0.08	0.21
11917	0	0	0.22	0.09	0.20
11918	0	0	0.20	0.08	0.21
11919	0	0	0.21	0.09	0.21
11920	0	0	0.21	0.09	0.21
11921	0	0	0.22	0.09	0.20
11922	0	0	0.20	0.08	0.21
11923	0	0	0.21	0.09	0.21
11924	243.30	54.16	0.22	0.09	0.20
11925	0	0	0.22	0.09	0.20
11926	0	0	0.20	0.08	0.21
11927	0	0	0.20	0.08	0.21
11928	0	0	0.20	0.08	0.21
11929	0	0	0.20	0.08	0.21
11930	0	0	0.20	0.08	0.21
11931	0	0	0.20	0.08	0.21
11932	0	0	0.20	0.08	0.21
11933	0	0	0.21	0.08	0.20
11934	243.35	54.14	0.20	0.08	0.21
11935	0	0	0.20	0.08	0.21
11936	0	0	0.20	0.08	0.21
11937	0	0	0.20	0.08	0.21
11938	0	0	0.20	0.08	0.21
11939	0	0	0.22	0.09	0.20
11940	0	0	0.22	0.09	0.20
11941	0	0	0.20	0.08	0.21
11942	0	0	0.21	0.09	0.21
11943	0	0	0.21	0.09	0.21
11944	243.40	54.11	0.21	0.09	0.21
11945	0	0	0.22	0.09	0.20
11946	0	0	0.21	0.09	0.21
11947	0	0	0.21	0.09	0.21
11948	0	0	0.21	0.09	0.21
11949	0	0	0.22	0.09	0.20
11950	0	0	0.21	0.09	0.21
11951	0	0	0.21	0.09	0.21
11952	0	0	0.20	0.08	0.21
11953	0	0	0.20	0.08	0.21
11954	243.44	54.09	0.21	0.09	0.21
11955	0	0	0.21	0.09	0.21
11956	0	0	0.21	0.09	0.21
11957	0	0	0.20	0.08	0.21
11958	0	0	0.21	0.08	0.20
11959	0	0	0.22	0.09	0.20
11960	0	0	0.22	0.09	0.20
11961	0	0	0.22	0.09	0.20
11962	0	0	0.20	0.08	0.21
11963	0	0	0.22	0.09	0.20
11964	243.50	54.06	0.20	0.08	0.21
11965	0	0	0.20	0.08	0.21
11966	0	0	0.21	0.09	0.21
11967	0	0	0.20	0.08	0.21
11968	0	0	0.20	0.08	0.21
11969	0	0	0.22	0.09	0.20
11970	0	0	0.21	0.09	0.21
11971	0	0	0.20	0.08	0.21
11972	0	0	0.22	0.09	0.20
11973	0	0	0.21	0.08	0.20
11974	243.54	54.03	0.22	0.09	0.20
11975	0	0	0.20	0.08	0.21
11976	0	0	0.21	0.09	0.21
11977	0	0	0.22	0.09	0.20
11978	0	0	0.20	0.08	0.21
11979	0	0	0.20	0.08	0.21
11980	0	0	0.21	0.09	0.21
11981	0	0	0.22	0.09	0.20
11982	0	0	0.21	0.09	0.21
11983	0	0	0.21	0.09	0.21
11984	243.59	54.01	0.22	0.09	0.20
11985	0	0	0.21	0.09	0.21
11986	0	0	0.21	0.09	0.21
11987	0	0	0.22	0.09	0.20
11988	0	0	0.21	0.09	0.21
11989	0	0	0.20	0.08	0.21
11990	0	0	0.21	0.08	0.20
11991	0	0	0.20	0.08	0.21
11992	0	0	0.20	0.08	0.21
11993	0	0	0.22	0.09	0.20
11994	243.64	53.98	0.22	0.09	0.20
11995	0	0	0.20	0.08	0.21
11996	0	0	0.22	0.09	0.20
11997	0	0	0.21	0.09	0.21
11998	0	0	0.22	0.09	0.20
11999	0	0	0.20	0.08	0.21
12000	0	0	0.22	0.09	0.20
12001	0	0	0.20	0.08	0.21
12002	0	0	0.22	0.09	0.20
12003	0	0	0.21	0.08	0.20
12004	243.69	53.95	0.20	0.08	0.21
12005	0	0	0.21	0.09	0.21
12006	0	0	0.20	0.08	0.21
12007	0	0	0.20	0.08	0.21
12008	0	0	0.22	0.09	0.20
12009	0	0	0.21	0.09	0.21
12010	0	0	0.21	0.08	0.20
12011	0	0	0.20	0.08	0.21
12012	0	0	0.20	0.08	0.21
12013	0	0	0.20	0.08	0.21
12014	243.73	53.93	0.21	0.09	0.21
12015	0	0	0.20	0.08	0.21
12016	0	0	0.21	0.09	0.21
12017	0	0	0.20	0.08	0.21
12018	0	0	0.20	0.08	0.21
12019	0	0	0.21	0.09	0.21
12020	0	0	0.21	0.08	0.20
12021	0	0	0.21	0.08	0.20
12022	0	0	0.21	0.08	0.20
12023	0	0	0.22	0.09	0.20
12024	243.78	53.90	0.20	0.08	0.21
12025	0	0	0.22	0.09	0.20
12026	0	0	0.20	0.08	0.21
12027	0	0	0.22	0.09	0.20
12028	0	0	0.21	0.08	0.20
12029	0	0	0.20	0.08	0.21
12030	0	0	0.22	0.09	0.20
12031	0	0	0.21	0.09	0.21
12032	0	0	0.22	0.09	0.20
12033	0	0	0.22	0.09	0.20
12034	243.83	53.88	0.20	0.08	0.21
12035	0	0	0.20	0.08	0.21
12036	0	0	0.20	0.08	0.21
12037	0	0	0.21	0.09	0.21
12038	0	0	0.21	0.08	0.20
12039	0	0	0.22	0.09	0.20
12040	0	0	0.21	0.08	0.20
12041	0	0	0.22	0.09	0.20
12042	0	0	0.21	0.08	0.20
12043	0	0	0.21	0.08	0.20
12044	243.88	53.85	0.22	0.09	0.20
12045	0	0	0.21	0.08	0.20
12046	0	0	0.22	0.09	0.20
12047	0	0	0.22	0.09	0.20
12048	0	0	0.20	0.08	0.21
12049	0	0	0.21	0.08	0.20
12050	0	0	0.22	0.09	0.20
12051	0	0	0.22	0.09	0.20
12052	0	0	0.22	0.09	0.20
12053	0	0	0.21	0.08	0.20
12054	243.92	53.82	0.21	0.09	0.21
12055	0	0	0.22	0.09	0.20
12056	0	0	0.21	0.08	0.20
12057	0	0	0.21	0.08	0.20
12058	0	0	0.21	0.08	0.20
12059	0	0	0.20	0.08	0.21
12060	0	0	0.22	0.09	0.20
12061	0	0	0.22	0.09	0.20
12062	0	0	0.22	0.09	0.20
12063	0	0	0.21	0.08	0.20
12064	243.97	53.80	0.22	0.09	0.20
12065	0	0	0.21	0.08	0.20
12066	0	0	0.20	0.08	0.21
12067	0	0	0.20	0.08	0.21
12068	0	0	0.20	0.08	0.21
12069	0	0	0.22	0.09	0.20
12070	0	0	0.21	0.08	0.20
12071	0	0	0.20	0.08	0.21
12072	0	0	0.22	0.09	0.20
12073	0	0	0.21	0.09	0.21
12074	244.02	53.77	0.21	0.08	0.20
12075	0	0	0.22	0.09	0.20
12076	0	0	0.21	0.08	0.20
12077	0	0	0.21	0.08	0.20
12078	0	0	0.20	0.08	0.21
12079	0	0	0.21	0.08	0.20
12080	0	0	0.22	0.09	0.20
12081	0	0	0.20	0.08	0.21
12082	0	0	0.21	0.08	0.20
12083	0	0	0.20	0.08	0.21
12084	244.06	53.75	0.21	0.08	0.20
12085	0	0	0.20	0.08	0.21
12086	0	0	0.21	0.08	0.20
12087	0	0	0.20	0.08	0.21
12088	0	0	0.22	0.09	0.20
12089	0	0	0.21	0.08	0.20
12090	0	0	0.20	0.08	0.21
12091	0	0	0.22	0.09	0.20
12092	0	0	0.20	0.08	0.21
12093	0	0	0.21	0.08	0.20
12094	244.11	53.72	0.21	0.08	0.20
12095	0	0	0.22	0.09	0.20
12096	0	0	0.21	0.08	0.20
12097	0	0	0.21	0.08	0.20
12098	0	0	0.20	0.08	0.21
12099	0	0	0.21	0.08	0.20
12100	0	0	0.21	0.08	0.20
12101	0	0	0.20	0.08	0.21
12102	0	0	0.21	0.08	0.20
12103	0	0	0.21	0.08	0.20
12104	244.16	53.69	0.20	0.08	0.21
12105	0	0	0.22	0.09	0.20
12106	0	0	0.21	0.08	0.20
12107	0	0	0.22	0.09	0.20
12108	0	0	0.22	0.09	0.20
12109	0	0	0.21	0.08	0.20
12110	0	0	0.21	0.08	0.20
12111	0	0	0.21	0.08	0.20
12112	0	0	0.21	0.08	0.20
12113	0	0	0.20	0.08	0.21
12114	244.21	53.67	0.22	0.09	0.20
12115	0	0	0.22	0.09	0.20
12116	0	0	0.21	0.08	0.20
12117	0	0	0.21	0.08	0.20
12118	0	0	0.20	0.08	0.21
12119	0	0	0.21	0.08	0.20
12120	0	0	0.21	0.08	0.20
12121	0	0	0.22	0.09	0.20
12122	0	0	0.21	0.08	0.20
12123	0	0	0.20	0.08	0.21
12124	244.25	53.64	0.21	0.08	0.20
12125	0	0	0.20	0.08	0.21
12126	0	0	0.20	0.08	0.21
12127	0	0	0.22	0.09	0.20
12128	0	0	0.20	0.08	0.21
12129	0	0	0.22	0.09	0.20
12130	0	0	0.21	0.08	0.20
12131	0	0	0.21	0.08	0.20
12132	0	0	0.21	0.08	0.20
12133	0	0	0.20	0.08	0.21
12134	244.30	53.61	0.21	0.08	0.20
12136	0	0	0.21	0.08	0.20
12137	0	0	0.20	0.08	0.21
12138	0	0	0.20	0.08	0.21
12139	0	0	0.20	0.08	0.21
12140	0	0	0.21	0.08	0.20
12141	0	0	0.20	0.08	0.21
12142	0	0	0.21	0.08	0.20
12143	0	0	0.20	0.08	0.21
12144	0	0	0.21	0.08	0.20
12145	244.35	53.59	0.21	0.08	0.20
12146	0	0	0.21	0.08	0.20
12147	0	0	0.21	0.08	0.20
12148	0	0	0.21	0.08	0.20
12149	0	0	0.21	0.08	0.20
12150	0	0	0.20	0.08	0.21
12151	0	0	0.22	0.09	0.20
12152	0	0	0.21	0.08	0.20
12153	0	0	0.21	0.08	0.20
12154	0	0	0.21	0.08	0.20
12155	244.39	53.56	0.21	0.08	0.20
12156	0	0	0.20	0.08	0.21
12157	0	0	0.20	0.08	0.21
12158	0	0	0.21	0.08	0.20
12159	0	0	0.21	0.08	0.20
12160	0	0	0.20	0.08	0.21
12161	0	0	0.22	0.09	0.20
12162	0	0	0.20	0.08	0.21
12163	0	0	0.21	0.08	0.20
12164	0	0	0.21	0.08	0.20
12165	244.44	53.54	0.20	0.08	0.21
12166	0	0	0.22	0.09	0.20
12167	0	0	0.21	0.08	0.20
12168	0	0	0.22	0.09	0.20
12169	0	0	0.22	0.09	0.20
12170	0	0	0.20	0.08	0.21
12171	0	0	0.20	0.08	0.21
12172	0	0	0.22	0.09	0.20
12173	0	0	0.20	0.08	0.21
12174	0	0	0.21	0.08	0.20
12175	244.49	53.51	0.21	0.08	0.20
12176	0	0	0.21	0.08	0.20
12177	0	0	0.20	0.08	0.21
12178	0	0	0.21	0.08	0.20
12179	0	0	0.20	0.08	0.21
12180	0	0	0.21	0.08	0.20
12181	0	0	0.22	0.09	0.20
12182	0	0	0.21	0.08	0.20
12183	0	0	0.21	0.08	0.20
12184	244.53	53.48	0.21	0.08	0.20
12185	0	0	0.21	0.08	0.20
12186	0	0	0.20	0.08	0.21
12187	0	0	0.21	0.08	0.20
12188	0	0	0.21	0.08	0.20
12189	0	0	0.21	0.08	0.20
12190	0	0	0.21	0.08	0.20
12191	0	0	0.22	0.09	0.20
12192	0	0	0.22	0.09	0.20
12193	0	0	0.21	0.08	0.20
12194	244.58	53.46	0.21	0.08	0.20
12195	0	0	0.21	0.08	0.20
12196	0	0	0.21	0.08	0.20
12197	0	0	0.21	0.08	0.20
12198	0	0	0.21	0.08	0.20
12199	0	0	0.21	0.08	0.20
12200	0	0	0.21	0.08	0.20
12201	0	0	0.21	0.08	0.20
12202	0	0	0.20	0.08	0.21
12203	0	0	0.21	0.08	0.20
12204	244.63	53.43	0.20	0.08	0.21
12205	0	0	0.20	0.08	0.21
12206	0	0	0.20	0.08	0.21
12207	0	0	0.21	0.08	0.20
12208	0	0	0.21	0.08	0.20
12209	0	0	0.21	0.08	0.20
12210	0	0	0.20	0.08	0.21
12211	0	0	0.20	0.08	0.21
12212	0	0	0.20	0.08	0.21
12213	0	0	0.21	0.08	0.20
12214	244.67	53.41	0.21	0.08	0.20
12215	0	0	0.20	0.08	0.21
12216	0	0	0.22	0.09	0.20
12217	0	0	0.20	0.08	0.21
12218	0	0	0.21	0.08	0.20
12219	0	0	0.21	0.08	0.20
12220	0	0	0.22	0.09	0.20
12221	0	0	0.20	0.08	0.21
12222	0	0	0.21	0.08	0.20
12223	0	0	0.20	0.08	0.21
12224	244.72	53.38	0.21	0.08	0.20
12225	0	0	0.20	0.08	0.21
12226	0	0	0.21	0.08	0.20
12227	0	0	0.21	0.08	0.20
12228	0	0	0.21	0.08	0.20
12229	0	0	0.20	0.08	0.21
12230	0	0	0.22	0.09	0.20
12231	0	0	0.21	0.08	0.20
12232	0	0	0.21	0.08	0.20
12233	0	0	0.21	0.08	0.20
12234	244.77	53.35	0.20	0.08	0.21
12235	0	0	0.21	0.08	0.20
12236	0	0	0.20	0.08	0.21
12237	0	0	0.22	0.09	0.20
12238	0	0	0.21	0.08	0.20
12239	0	0	0.21	0.08	0.20
12240	0	0	0.21	0.08	0.20
12241	0	0	0.21	0.08	0.20
12242	0	0	0.21	0.08	0.20
12243	0	0	0.22	0.09	0.20
12244	244.81	53.33	0.21	0.08	0.20
12245	0	0	0.22	0.09	0.20
12246	0	0	0.21	0.08	0.20
12247	0	0	0.20	0.08	0.21
12248	0	0	0.22	0.09	0.20
12249	0	0	0.22	0.09	0.20
12250	0	0	0.21	0.08	0.20
12251	0	0	0.20	0.08	0.21
12252	0	0	0.20	0.08	0.21
12253	0	0	0.21	0.08	0.20
12254	244.86	53.30	0.22	0.09	0.20
12255	0	0	0.20	0.08	0.21
12256	0	0	0.21	0.08	0.20
12257	0	0	0.21	0.08	0.20
12258	0	0	0.21	0.08	0.20
12259	0	0	0.21	0.08	0.20
12260	0	0	0.20	0.08	0.20
12261	0	0	0.21	0.08	0.20
12262	0	0	0.21	0.08	0.20
12263	0	0	0.21	0.08	0.20
12264	244.91	53.27	0.21	0.08	0.20
12265	0	0	0.22	0.09	0.20
12266	0	0	0.21	0.08	0.20
12267	0	0	0.21	0.08	0.20
12268	0	0	0.20	0.08	0.21
12269	0	0	0.21	0.08	0.20
12270	0	0	0.21	0.08	0.20
12271	0	0	0.21	0.08	0.20
12272	0	0	0.21	0.08	0.20
12273	0	0	0.20	0.08	0.21
12274	244.95	53.25	0.21	0.08	0.20
12275	0	0	0.21	0.08	0.20
12276	0	0	0.21	0.08	0.20
12277	0	0	0.22	0.09	0.20
12278	0	0	0.20	0.08	0.21
12279	0	0	0.20	0.08	0.21
12280	0	0	0.21	0.08	0.20
12281	0	0	0.20	0.08	0.21
12282	0	0	0.21	0.08	0.20
12283	0	0	0.19	0.08	0.21
12284	245.00	53.22	0.20	0.08	0.21
12285	0	0	0.20	0.08	0.20
12286	0	0	0.22	0.09	0.20
12287	0	0	0.20	0.08	0.21
12288	0	0	0.20	0.08	0.21
12289	0	0	0.22	0.09	0.20
12290	0	0	0.20	0.08	0.21
12291	0	0	0.21	0.08	0.20
12292	0	0	0.22	0.09	0.20
12293	0	0	0.21	0.08	0.20
12294	245.05	53.20	0.21	0.08	0.20
12295	0	0	0.21	0.08	0.20
12296	0	0	0.20	0.08	0.21
12297	0	0	0.21	0.08	0.20
12298	0	0	0.21	0.08	0.20
12299	0	0	0.21	0.08	0.20
12300	0	0	0.21	0.08	0.20
12301	0	0	0.21	0.08	0.20
12302	0	0	0.21	0.08	0.20
12303	0	0	0.21	0.08	0.20
12304	245.09	53.17	0.22	0.09	0.20
12305	0	0	0.21	0.08	0.20
12306	0	0	0.21	0.08	0.20
12307	0	0	0.21	0.08	0.20
12308	0	0	0.21	0.08	0.20
12309	0	0	0.21	0.08	0.20
12310	0	0	0.20	0.08	0.21
12311	0	0	0.21	0.08	0.20
12312	0	0	0.21	0.08	0.20
12313	0	0	0.22	0.09	0.20
12314	245.14	53.14	0.21	0.08	0.20
12315	0	0	0.20	0.08	0.20
12316	0	0	0.21	0.08	0.20
12317	0	0	0.21	0.08	0.20
12318	0	0	0.20	0.08	0.20
12319	0	0	0.21	0.08	0.20
12320	0	0	0.21	0.08	0.20
12321	0	0	0.21	0.08	0.20
12322	0	0	0.21	0.08	0.20
12323	0	0	0.21	0.08	0.20
12324	245.18	53.12	0.21	0.08	0.20
12325	0	0	0.21	0.08	0.20
12326	0	0	0.21	0.08	0.20
12327	0	0	0.22	0.09	0.20
12328	0	0	0.21	0.08	0.20
12329	0	0	0.21	0.08	0.20
12330	0	0	0.21	0.08	0.20
12331	0	0	0.21	0.08	0.20
12332	0	0	0.21	0.08	0.20
12333	0	0	0.21	0.08	0.20
12334	245.23	53.09	0.21	0.08	0.20
12335	0	0	0.21	0.08	0.20
12336	0	0	0.21	0.08	0.20
12337	0	0	0.21	0.08	0.20
12338	0	0	0.21	0.08	0.20
12339	0	0	0.21	0.08	0.20
12340	0	0	0.21	0.08	0.20
12341	0	0	0.21	0.08	0.20
12342	0	0	0.21	0.08	0.20
12343	0	0	0.21	0.08	0.20
12344	245.28	53.06	0.21	0.08	0.20
12345	0	0	0.21	0.08	0.20
12346	0	0	0.20	0.08	0.21
12347	0	0	0.21	0.08	0.20
12348	0	0	0.21	0.08	0.20
12349	0	0	0.20	0.08	0.21
12350	0	0	0.21	0.08	0.20
12351	0	0	0.21	0.08	0.20
12352	0	0	0.21	0.08	0.20
12353	0	0	0.21	0.08	0.20
12354	245.32	53.04	0.22	0.09	0.20
12355	0	0	0.21	0.08	0.20
12356	0	0	0.21	0.08	0.20
12357	0	0	0.20	0.08	0.20
12358	0	0	0.20	0.08	0.20
12359	0	0	0.22	0.09	0.20
12360	0	0	0.22	0.09	0.20
12361	0	0	0.21	0.08	0.20
12362	0	0	0.19	0.08	0.21
12363	0	0	0.20	0.08	0.21
12364	245.37	53.01	0.21	0.08	0.20
12365	0	0	0.21	0.08	0.20
12366	0	0	0.20	0.08	0.21
12367	0	0	0.21	0.08	0.20
12368	0	0	0.21	0.08	0.20
12369	0	0	0.21	0.08	0.20
12370	0	0	0.21	0.08	0.20
12371	0	0	0.22	0.09	0.20
12372	0	0	0.21	0.08	0.20
12373	0	0	0.21	0.08	0.20
12374	245.41	52.98	0.21	0.08	0.20
12375	0	0	0.21	0.08	0.20
12376	0	0	0.21	0.08	0.20
12377	0	0	0.21	0.08	0.20
12378	0	0	0.20	0.08	0.21
12379	0	0	0.21	0.08	0.20
12380	0	0	0.21	0.08	0.20
12381	0	0	0.21	0.08	0.20
12382	0	0	0.21	0.08	0.20
12383	0	0	0.21	0.08	0.20
12384	245.46	52.96	0.21	0.08	0.20
12385	0	0	0.21	0.08	0.20
12386	0	0	0.21	0.08	0.20
12387	0	0	0.21	0.08	0.20
12388	0	0	0.21	0.08	0.20
12389	0	0	0.21	0.08	0.20
12390	0	0	0.21	0.08	0.20
12391	0	0	0.20	0.08	0.21
12392	0	0	0.21	0.08	0.20
12393	0	0	0.21	0.08	0.20
12394	245.51	52.93	0.21	0.08	0.20
12395	0	0	0.21	0.08	0.20
12396	0	0	0.21	0.08	0.20
12397	0	0	0.21	0.08	0.20
12398	0	0	0.21	0.08	0.20
12399	0	0	0.20	0.08	0.20
12400	0	0	0.22	0.09	0.20
12401	0	0	0.20	0.08	0.20
12402	0	0	0.20	0.08	0.20
12403	0	0	0.22	0.09	0.20
12404	245.55	52.91	0.21	0.08	0.20
12405	0	0	0.21	0.08	0.20
12406	0	0	0.21	0.08	0.20
12407	0	0	0.21	0.08	0.20
12408	0	0	0.21	0.08	0.20
12409	0	0	0.21	0.08	0.20
12410	0	0	0.21	0.08	0.20
12411	0	0	0.21	0.08	0.20
12412	0	0	0.21	0.08	0.20
12413	0	0	0.21	0.08	0.20
12414	245.60	52.88	0.21	0.08	0.20
12415	0	0	0.21	0.08	0.20
12416	0	0	0.21	0.08	0.20
12417	0	0	0.21	0.08	0.20
12418	0	0	0.21	0.08	0.20
12419	0	0	0.21	0.08	0.20
12420	0	0	0.21	0.08	0.20
12421	0	0	0.21	0.08	0.20
12422	0	0	0.20	0.08	0.20
12423	0	0	0.21	0.08	0.20
12424	245.64	52.85	0.21	0.08	0.20
12425	0	0	0.21	0.08	0.20
12426	0	0	0.21	0.08	0.20
12427	0	0	0.20	0.08	0.20
12428	0	0	0.21	0.08	0.20
12429	0	0	0.21	0.08	0.20
12430	0	0	0.21	0.08	0.20
12431	0	0	0.21	0.08	0.20
12432	0	0	0.21	0.08	0.20
12433	0	0	0.20	0.08	0.20
12434	245.69	52.83	0.20	0.08	0.20
12435	0	0	0.21	0.08	0.20
12436	0	0	0.21	0.08	0.20
12437	0	0	0.21	0.08	0.20
12438	0	0	0.20	0.08	0.20
12439	0	0	0.20	0.08	0.20
12440	0	0	0.20	0.08	0.20
12441	0	0	0.20	0.08	0.20
12442	0	0	0.21	0.08	0.20
12443	0	0	0.21	0.08	0.20
12444	245.73	52.80	0.21	0.08	0.20
12445	0	0	0.21	0.08	0.20
12446	0	0	0.21	0.08	0.20
12447	0	0	0.21	0.08	0.20
12448	0	0	0.21	0.08	0.20
12449	0	0	0.21	0.08	0.20
12450	0	0	0.21	0.08	0.20
12451	0	0	0.21	0.08	0.20
12452	0	0	0.21	0.08	0.20
12453	0	0	0.21	0.08	0.20
12454	245.78	52.77	0.21	0.08	0.20
12455	0	0	0.21	0.08	0.20
12456	0	0	0.21	0.08	0.20
12457	0	0	0.21	0.08	0.20
12458	0	0	0.21	0.08	0.20
12459	0	0	0.21	0.08	0.20
12460	0	0	0.21	0.08	0.20
12461	0	0	0.21	0.08	0.20
12462	0	0	0.21	0.08	0.20
12463	0	0	0.21	0.08	0.20
12464	245.83	52.75	0.20	0.08	0.20
12465	0	0	0.21	0.08	0.20
12466	0	0	0.21	0.08	0.20
12467	0	0	0.21	0.08	0.20
12468	0	0	0.21	0.08	0.20
12469	0	0	0.21	0.08	0.20
12470	0	0	0.20	0.08	0.20
12471	0	0	0.21	0.08	0.20
12472	0	0	0.21	0.08	0.20
12473	0	0	0.21	0.08	0.20
12474	245.87	52.72	0.21	0.08	0.20
12475	0	0	0.20	0.08	0.20
12476	0	0	0.21	0.08	0.20
12477	0	0	0.21	0.08	0.20
12478	0	0	0.21	0.08	0.20
12479	0	0	0.21	0.08	0.20
12480	0	0	0.21	0.08	0.20
12481	0	0	0.21	0.08	0.20
12482	0	0	0.21	0.08	0.20
12483	0	0	0.21	0.08	0.20
12484	245.92	52.69	0.21	0.08	0.20
12485	0	0	0.21	0.08	0.20
12486	0	0	0.21	0.08	0.20
12487	0	0	0.20	0.08	0.20
12488	0	0	0.21	0.08	0.20
12489	0	0	0.21	0.08	0.20
12490	0	0	0.21	0.08	0.20
12491	0	0	0.21	0.08	0.20
12492	0	0	0.21	0.08	0.20
12493	0	0	0.21	0.08	0.20
12494	245.96	52.67	0.21	0.08	0.20
12495	0	0	0.21	0.08	0.20
12496	0	0	0.21	0.08	0.20
12497	0	0	0.21	0.08	0.20
12498	0	0	0.21	0.08	0.20
12499	0	0	0.20	0.08	0.20
12500	0	0	0.20	0.08	0.20
12501	0	0	0.20	0.08	0.20
12502	0	0	0.21	0.08	0.20
12503	0	0	0.21	0.08	0.20
12504	246.01	52.64	0.20	0.08	0.20
12505	0	0	0.21	0.08	0.20
12506	0	0	0.21	0.08	0.20
12507	0	0	0.21	0.08	0.20
12508	0	0	0.21	0.08	0.20
12509	0	0	0.21	0.08	0.20
12510	0	0	0.21	0.08	0.20
12511	0	0	0.21	0.08	0.20
12512	0	0	0.21	0.08	0.20
12513	0	0	0.21	0.08	0.20
12514	246.05	52.61	0.21	0.08	0.20
12515	0	0	0.21	0.08	0.20
12516	0	0	0.21	0.08	0.20
12517	0	0	0.21	0.08	0.20
12518	0	0	0.21	0.08	0.20
12519	0	0	0.21	0.08	0.20
12520	0	0	0.21	0.08	0.20
12521	0	0	0.21	0.08	0.20
12522	0	0	0.21	0.08	0.20
12523	0	0	0.21	0.08	0.20
12524	246.10	52.59	0.21	0.08	0.20
12525	0	0	0.21	0.08	0.20
12526	0	0	0.21	0.08	0.20
12527	0	0	0.21	0.08	0.20
12528	0	0	0.21	0.08	0.20
12529	0	0	0.21	0.08	0.20
12530	0	0	0.21	0.08	0.20
12531	0	0	0.21	0.08	0.20
12532	0	0	0.21	0.08	0.20
12533	0	0	0.21	0.08	0.20
12534	246.14	52.56	0.20	0.08	0.20
12535	0	0	0.21	0.08	0.20
12536	0	0	0.21	0.08	0.20
12537	0	0	0.21	0.08	0.20
12538	0	0	0.21	0.08	0.20
12539	0	0	0.20	0.08	0.20
12540	0	0	0.21	0.08	0.20
12541	0	0	0.20	0.08	0.20
12542	0	0	0.21	0.08	0.20
12543	0	0	0.21	0.08	0.20
12544	246.19	52.53	0.21	0.08	0.20
12545	0	0	0.21	0.08	0.20
12546	0	0	0.21	0.08	0.20
12547	0	0	0.21	0.08	0.20
12548	0	0	0.21	0.08	0.20
12549	0	0	0.21	0.08	0.20
12550	0	0	0.20	0.08	0.20
12551	0	0	0.21	0.08	0.20
12552	0	0	0.21	0.08	0.20
12553	0	0	0.21	0.08	0.20
12554	246.23	52.51	0.21	0.08	0.20
12555	0	0	0.21	0.08	0.20
12556	0	0	0.21	0.08	0.20
12557	0	0	0.21	0.08	0.20
12558	0	0	0.21	0.08	0.20
12559	0	0	0.21	0.08	0.20
12560	0	0	0.21	0.08	0.20
12561	0	0	0.20	0.08	0.20
12562	0	0	0.21	0.08	0.20
12563	0	0	0.20	0.08	0.20
12564	246.28	52.48	0.20	0.08	0.20
12565	0	0	0.20	0.08	0.20
12566	0	0	0.20	0.08	0.20
12567	0	0	0.20	0.08	0.20
12568	0	0	0.21	0.08	0.20
12569	0	0	0.20	0.08	0.20
12570	0	0	0.20	0.08	0.20
12571	0	0	0.20	0.08	0.20
12572	0	0	0.21	0.08	0.20
12573	0	0	0.21	0.08	0.20
12574	246.32	52.45	0.20	0.08	0.20
12575	0	0	0.20	0.08	0.20
12576	0	0	0.21	0.08	0.20
12577	0	0	0.20	0.08	0.20
12578	0	0	0.21	0.08	0.20
12579	0	0	0.20	0.08	0.20
12580	0	0	0.21	0.08	0.20
12581	0	0	0.21	0.08	0.20
12582	0	0	0.21	0.08	0.20
12583	0	0	0.20	0.08	0.20
12584	246.37	52.43	0.21	0.08	0.20
12585	0	0	0.21	0.08	0.20
12586	0	0	0.21	0.08	0.20
12587	0	0	0.21	0.08	0.20
12588	0	0	0.20	0.08	0.20
12589	0	0	0.21	0.08	0.20
12590	0	0	0.21	0.08	0.20
12591	0	0	0.20	0.08	0.20
12592	0	0	0.21	0.08	0.20
12593	0	0	0.21	0.08	0.20
12594	246.41	52.40	0.21	0.08	0.20
12595	0	0	0.20	0.08	0.20
12596	0	0	0.21	0.08	0.20
12597	0	0	0.20	0.08	0.20
12598	0	0	0.20	0.08	0.20
12599	0	0	0.21	0.08	0.20
12600	0	0	0.20	0.08	0.20
12601	0	0	0.21	0.08	0.20
12603	0	0	0.20	0.08	0.20
12604	0	0	0.21	0.08	0.20
12605	246.46	52.37	0.21	0.08	0.20
12606	0	0	0.21	0.08	0.20
12607	0	0	0.21	0.08	0.20
12608	0	0	0.20	0.08	0.20
12609	0	0	0.21	0.08	0.20
12610	0	0	0.21	0.08	0.20
12611	0	0	0.21	0.08	0.20
12612	0	0	0.20	0.08	0.20
12613	0	0	0.21	0.08	0.20
12614	0	0	0.21	0.08	0.20
12615	246.50	52.35	0.21	0.08	0.20
12616	0	0	0.21	0.08	0.20
12617	0	0	0.20	0.08	0.20
12618	0	0	0.20	0.08	0.20
12619	0	0	0.22	0.08	0.19
12620	0	0	0.20	0.08	0.20
12621	0	0	0.21	0.08	0.20
12622	0	0	0.22	0.08	0.19
12623	0	0	0.21	0.08	0.20
12624	0	0	0.20	0.08	0.20
12625	246.55	52.32	0.21	0.08	0.20
12626	0	0	0.20	0.08	0.20
12627	0	0	0.21	0.08	0.20
12628	0	0	0.21	0.08	0.20
12629	0	0	0.20	0.08	0.20
12630	0	0	0.20	0.08	0.20
12631	0	0	0.21	0.08	0.20
12632	0	0	0.20	0.08	0.20
12633	0	0	0.20	0.08	0.20
12634	0	0	0.20	0.08	0.20
12635	246.59	52.29	0.21	0.08	0.20
12636	0	0	0.21	0.08	0.20
12637	0	0	0.20	0.08	0.20
12638	0	0	0.21	0.08	0.19
12639	0	0	0.21	0.08	0.20
12640	0	0	0.22	0.08	0.19
12641	0	0	0.20	0.08	0.20
12642	0	0	0.21	0.08	0.20
12643	0	0	0.20	0.08	0.20
12644	0	0	0.20	0.08	0.20
12645	246.64	52.27	0.21	0.08	0.19
12646	0	0	0.22	0.08	0.19
12647	0	0	0.20	0.08	0.20
12648	0	0	0.21	0.08	0.20
12649	0	0	0.21	0.08	0.19
12650	0	0	0.20	0.08	0.20
12651	0	0	0.21	0.08	0.19
12652	0	0	0.21	0.08	0.19
12653	0	0	0.21	0.08	0.19
12654	0	0	0.20	0.08	0.20
12655	246.68	52.24	0.21	0.08	0.19
12656	0	0	0.20	0.08	0.20
12657	0	0	0.20	0.08	0.20
12658	0	0	0.20	0.08	0.20
12659	0	0	0.20	0.08	0.20
12660	0	0	0.22	0.08	0.19
12661	0	0	0.20	0.08	0.20
12662	0	0	0.20	0.08	0.20
12663	0	0	0.21	0.08	0.19
12664	0	0	0.20	0.08	0.20
12665	246.73	52.21	0.20	0.08	0.20
12666	0	0	0.21	0.08	0.19
12667	0	0	0.22	0.08	0.19
12668	0	0	0.20	0.08	0.20
12669	0	0	0.21	0.08	0.19
12670	0	0	0.20	0.08	0.20
12671	0	0	0.20	0.08	0.20
12672	0	0	0.21	0.08	0.19
12673	0	0	0.20	0.08	0.20
12674	0	0	0.20	0.08	0.20
12675	246.77	52.19	0.20	0.08	0.20
12676	0	0	0.20	0.08	0.20
12677	0	0	0.21	0.08	0.19
12678	0	0	0.20	0.08	0.20
12679	0	0	0.20	0.08	0.20
12680	0	0	0.22	0.08	0.19
12681	0	0	0.21	0.08	0.19
12682	0	0	0.20	0.08	0.20
12683	0	0	0.21	0.08	0.19
12684	0	0	0.21	0.08	0.19
12685	246.82	52.16	0.21	0.08	0.19
12686	0	0	0.21	0.08	0.19
12687	0	0	0.21	0.08	0.19
12688	0	0	0.21	0.08	0.19
12689	0	0	0.20	0.08	0.20
12690	0	0	0.20	0.08	0.20
12691	0	0	0.20	0.08	0.20
12692	0	0	0.20	0.08	0.20
12693	0	0	0.20	0.08	0.20
12694	0	0	0.21	0.08	0.19
12695	246.86	52.13	0.20	0.08	0.20
12696	0	0	0.21	0.08	0.19
12697	0	0	0.21	0.08	0.19
12698	0	0	0.21	0.08	0.19
12699	0	0	0.22	0.08	0.19
12700	0	0	0.21	0.08	0.19
12701	0	0	0.20	0.08	0.20
12702	0	0	0.21	0.08	0.19
12703	0	0	0.20	0.08	0.20
12704	0	0	0.21	0.08	0.19
12705	246.91	52.11	0.20	0.08	0.20
12706	0	0	0.21	0.08	0.19
12707	0	0	0.21	0.08	0.19
12708	0	0	0.21	0.08	0.19
12709	0	0	0.21	0.08	0.19
12710	0	0	0.21	0.08	0.19
12711	0	0	0.20	0.08	0.20
12712	0	0	0.21	0.08	0.19
12713	0	0	0.20	0.08	0.20
12714	0	0	0.21	0.08	0.19
12715	246.95	52.08	0.21	0.08	0.19
12716	0	0	0.21	0.08	0.19
12717	0	0	0.21	0.08	0.19
12718	0	0	0.21	0.08	0.19
12719	0	0	0.21	0.08	0.19
12720	0	0	0.21	0.08	0.19
12721	0	0	0.21	0.08	0.19
12722	0	0	0.21	0.08	0.19
12723	0	0	0.20	0.08	0.20
12724	0	0	0.21	0.08	0.19
12725	247.00	52.05	0.22	0.08	0.19
12726	0	0	0.20	0.08	0.20
12727	0	0	0.21	0.08	0.19
12728	0	0	0.21	0.08	0.19
12729	0	0	0.20	0.08	0.20
12730	0	0	0.21	0.08	0.19
12731	0	0	0.21	0.08	0.19
12732	0	0	0.21	0.08	0.19
12733	0	0	0.21	0.08	0.19
12734	0	0	0.21	0.08	0.19
12735	247.04	52.03	0.21	0.08	0.19
12736	0	0	0.21	0.08	0.19
12737	0	0	0.21	0.08	0.19
12738	0	0	0.21	0.08	0.19
12739	0	0	0.22	0.08	0.19
12740	0	0	0.22	0.08	0.19
12741	0	0	0.21	0.08	0.19
12742	0	0	0.21	0.08	0.19
12743	0	0	0.21	0.08	0.19
12744	0	0	0.21	0.08	0.19
12745	247.08	52.00	0.21	0.08	0.19
12746	0	0	0.21	0.08	0.19
12747	0	0	0.21	0.08	0.19
12748	0	0	0.21	0.08	0.19
12749	0	0	0.21	0.08	0.19
12750	0	0	0.21	0.08	0.19
12751	0	0	0.21	0.08	0.19
12752	0	0	0.21	0.08	0.19
12753	0	0	0.21	0.08	0.19
12754	0	0	0.21	0.08	0.19
12755	247.13	51.97	0.21	0.08	0.19
12756	0	0	0.21	0.08	0.19
12757	0	0	0.21	0.08	0.19
12758	0	0	0.21	0.08	0.19
12759	0	0	0.21	0.08	0.19
12760	0	0	0.21	0.08	0.19
12761	0	0	0.21	0.08	0.19
12762	0	0	0.21	0.08	0.19
12763	0	0	0.21	0.08	0.19
12764	247.17	51.95	0.21	0.08	0.19
12765	0	0	0.21	0.08	0.19
12766	0	0	0.21	0.08	0.19
12767	0	0	0.22	0.08	0.19
12768	0	0	0.21	0.08	0.19
12769	0	0	0.21	0.08	0.19
12770	0	0	0.22	0.08	0.19
12771	0	0	0.21	0.08	0.19
12772	0	0	0.21	0.08	0.19
12773	0	0	0.21	0.08	0.19
12774	247.22	51.92	0.21	0.08	0.19
12775	0	0	0.21	0.08	0.19
12776	0	0	0.21	0.08	0.19
12777	0	0	0.21	0.08	0.19
12778	0	0	0.21	0.08	0.19
12779	0	0	0.21	0.08	0.19
12780	0	0	0.21	0.08	0.19
12781	0	0	0.21	0.08	0.19
12782	0	0	0.21	0.08	0.19
12783	0	0	0.21	0.08	0.19
12784	247.26	51.89	0.21	0.08	0.19
12785	0	0	0.21	0.08	0.19
12786	0	0	0.21	0.08	0.19
12787	0	0	0.21	0.08	0.19
12788	0	0	0.21	0.08	0.19
12789	0	0	0.21	0.08	0.19
12790	0	0	0.21	0.08	0.19
12791	0	0	0.21	0.08	0.19
12792	0	0	0.21	0.08	0.19
12793	0	0	0.21	0.08	0.19
12794	247.30	51.87	0.21	0.08	0.19
12795	0	0	0.21	0.08	0.19
12796	0	0	0.21	0.08	0.19
12797	0	0	0.21	0.08	0.19
12798	0	0	0.21	0.08	0.19
12799	0	0	0.21	0.08	0.19
12800	0	0	0.21	0.08	0.19
12801	0	0	0.21	0.08	0.19
12802	0	0	0.21	0.08	0.19
12803	0	0	0.21	0.08	0.19
12804	247.35	51.84	0.21	0.08	0.19
12805	0	0	0.21	0.08	0.19
12806	0	0	0.21	0.08	0.19
12807	0	0	0.21	0.08	0.19
12808	0	0	0.21	0.08	0.19
12809	0	0	0.21	0.08	0.19
12810	0	0	0.21	0.08	0.19
12811	0	0	0.21	0.08	0.19
12812	0	0	0.21	0.08	0.19
12813	0	0	0.21	0.08	0.19
12814	247.39	51.81	0.21	0.08	0.19
12815	0	0	0.21	0.08	0.19
12816	0	0	0.21	0.08	0.19
12817	0	0	0.21	0.08	0.19
12818	0	0	0.21	0.08	0.19
12819	0	0	0.21	0.08	0.19
12820	0	0	0.21	0.08	0.19
12821	0	0	0.21	0.08	0.19
12822	0	0	0.21	0.08	0.19
12823	0	0	0.21	0.08	0.19
12824	247.44	51.79	0.21	0.08	0.19
12825	0	0	0.21	0.08	0.19
12826	0	0	0.21	0.08	0.19
12827	0	0	0.21	0.08	0.19
12828	0	0	0.21	0.08	0.19
12829	0	0	0.21	0.08	0.19
12830	0	0	0.21	0.08	0.19
12831	0	0	0.21	0.08	0.19
12832	0	0	0.21	0.08	0.19
12833	0	0	0.21	0.08	0.19
12834	247.48	51.76	0.21	0.08	0.19
12835	0	0	0.21	0.08	0.19
12836	0	0	0.21	0.08	0.19
12837	0	0	0.21	0.08	0.19
12838	0	0	0.21	0.08	0.19
12839	0	0	0.21	0.08	0.19
12840	0	0	0.21	0.08	0.19
12841	0	0	0.21	0.08	0.19
12842	0	0	0.21	0.08	0.19
12843	0	0	0.21	0.08	0.19
12844	247.52	51.73	0.21	0.08	0.19
12845	0	0	0.21	0.08	0.19
12846	0	0	0.21	0.08	0.19
12847	0	0	0.21	0.08	0.19
12848	0	0	0.21	0.08	0.19
12849	0	0	0.19	0.07	0.19
12850	0	0	0.21	0.08	0.19
12851	0	0	0.21	0.08	0.19
12852	0	0	0.21	0.08	0.19
12853	0	0	0.21	0.08	0.19
12854	247.57	51.71	0.21	0.08	0.19
12855	0	0	0.21	0.08	0.19
12856	0	0	0.21	0.08	0.19
12857	0	0	0.21	0.08	0.19
12858	0	0	0.21	0.08	0.19
12859	0	0	0.21	0.08	0.19
12860	0	0	0.21	0.08	0.19
12861	0	0	0.21	0.08	0.19
12862	0	0	0.20	0.07	0.19
12863	0	0	0.21	0.08	0.19
12864	247.61	51.68	0.20	0.07	0.19
12865	0	0	0.19	0.07	0.19
12866	0	0	0.21	0.08	0.19