Wvlgth Extraterrestrial_spectrm Direct_normal_irradiance Difuse_horizn_irradiance Global_horizn_irradiance Direct_horizn_irradiance Direct_tilted_irradiance Difuse_tilted_irradiance Global_tilted_irradiance Beam_normal_+circumsolar Difuse_horiz-circumsolar Upward_reflctd_radiation
.2800E+03 .7851E-01 .3669E-39 .1385E-18 .1385E-18 .1255E-39 .3669E-39 .9449E-19 .9449E-19 .3669E-39 .1385E-18 .4607E-20
.2805E+03 .1024E+00 .1208E-36 .1018E-17 .1018E-17 .4132E-37 .1208E-36 .6940E-18 .6940E-18 .1208E-36 .1018E-17 .3394E-19
.2810E+03 .1717E+00 .1726E-35 .3759E-17 .3759E-17 .5903E-36 .1726E-35 .2564E-17 .2564E-17 .1726E-35 .3759E-17 .1257E-18
.2815E+03 .2412E+00 .5076E-33 .4462E-16 .4462E-16 .1736E-33 .5076E-33 .3043E-16 .3043E-16 .5076E-33 .4462E-16 .1497E-17
.2820E+03 .2918E+00 .1724E-31 .2145E-15 .2145E-15 .5895E-32 .1724E-31 .1463E-15 .1463E-15 .1724E-31 .2145E-15 .7217E-17
.2825E+03 .3144E+00 .1752E-30 .5890E-15 .5890E-15 .5992E-31 .1752E-30 .4018E-15 .4018E-15 .1752E-30 .5890E-15 .1988E-16
.2830E+03 .3431E+00 .2246E-29 .1633E-14 .1633E-14 .7681E-30 .2246E-29 .1114E-14 .1114E-14 .2246E-29 .1633E-14 .5530E-16
.2835E+03 .3225E+00 .7169E-29 .2279E-14 .2279E-14 .2452E-29 .7169E-29 .1555E-14 .1555E-14 .7169E-29 .2279E-14 .7740E-16
.2840E+03 .3213E+00 .1827E-26 .1837E-13 .1837E-13 .6248E-27 .1827E-26 .1254E-13 .1254E-13 .1827E-26 .1837E-13 .6258E-15
.2845E+03 .2516E+00 .1953E-25 .4075E-13 .4075E-13 .6679E-26 .1953E-25 .2780E-13 .2780E-13 .1953E-25 .4075E-13 .1392E-14
.2850E+03 .1186E+00 .1483E-24 .5987E-13 .5987E-13 .5073E-25 .1483E-24 .4085E-13 .4085E-13 .1483E-24 .5987E-13 .2051E-14
.2855E+03 .1378E+00 .4502E-23 .2725E-12 .2725E-12 .1540E-23 .4502E-23 .1859E-12 .1859E-12 .4502E-23 .2725E-12 .9361E-14
.2860E+03 .3008E+00 .3798E-22 .1038E-11 .1038E-11 .1299E-22 .3798E-22 .7081E-12 .7081E-12 .3798E-22 .1038E-11 .3575E-13
.2865E+03 .3583E+00 .6783E-21 .3502E-11 .3502E-11 .2320E-21 .6783E-21 .2390E-11 .2390E-11 .6783E-21 .3502E-11 .1210E-12
.2870E+03 .3780E+00 .5367E-20 .7447E-11 .7447E-11 .1836E-20 .5367E-20 .5082E-11 .5082E-11 .5367E-20 .7447E-11 .2581E-12
.2875E+03 .3784E+00 .7333E-19 .1986E-10 .1986E-10 .2508E-19 .7333E-19 .1355E-10 .1355E-10 .7333E-19 .1986E-10 .6901E-12
.2880E+03 .2506E+00 .1320E-17 .4850E-10 .4850E-10 .4515E-18 .1320E-17 .3310E-10 .3310E-10 .1320E-17 .4850E-10 .1690E-11
.2885E+03 .3590E+00 .1126E-16 .1415E-09 .1415E-09 .3850E-17 .1126E-16 .9660E-10 .9660E-10 .1126E-16 .1415E-09 .4947E-11
.2890E+03 .4204E+00 .8087E-16 .3452E-09 .3452E-09 .2766E-16 .8087E-16 .2357E-09 .2357E-09 .8087E-16 .3452E-09 .1210E-10
.2895E+03 .4914E+00 .7029E-15 .9218E-09 .9218E-09 .2404E-15 .7029E-15 .6293E-09 .6293E-09 .7029E-15 .9218E-09 .3240E-10
.2900E+03 .6181E+00 .4513E-14 .2269E-08 .2269E-08 .1543E-14 .4513E-14 .1549E-08 .1549E-08 .4513E-14 .2269E-08 .7999E-10
.2905E+03 .6463E+00 .1873E-13 .3771E-08 .3771E-08 .6407E-14 .1873E-13 .2575E-08 .2575E-08 .1873E-13 .3771E-08 .1333E-09
.2910E+03 .6101E+00 .9199E-13 .7126E-08 .7126E-08 .3146E-13 .9199E-13 .4866E-08 .4866E-08 .9199E-13 .7126E-08 .2526E-09
.2915E+03 .6024E+00 .7269E-12 .1709E-07 .1709E-07 .2486E-12 .7269E-12 .1167E-07 .1167E-07 .7269E-12 .1709E-07 .6077E-09
.2920E+03 .5732E+00 .3789E-11 .3351E-07 .3351E-07 .1296E-11 .3789E-11 .2288E-07 .2288E-07 .3789E-11 .3351E-07 .1194E-08
.2925E+03 .4968E+00 .8694E-11 .4336E-07 .4336E-07 .2974E-11 .8694E-11 .2961E-07 .2962E-07 .8694E-11 .4336E-07 .1550E-08
.2930E+03 .5676E+00 .3391E-10 .8290E-07 .8291E-07 .1160E-10 .3391E-10 .5661E-07 .5665E-07 .3391E-10 .8290E-07 .2972E-08
.2935E+03 .5764E+00 .1829E-09 .1717E-06 .1718E-06 .6255E-10 .1829E-09 .1173E-06 .1175E-06 .1829E-09 .1717E-06 .6176E-08
.2940E+03 .5042E+00 .5040E-09 .2428E-06 .2429E-06 .1724E-09 .5040E-09 .1658E-06 .1663E-06 .5040E-09 .2428E-06 .8758E-08
.2945E+03 .5438E+00 .1287E-08 .3013E-06 .3017E-06 .4402E-09 .1287E-08 .2058E-06 .2071E-06 .1287E-08 .3013E-06 .1091E-07
.2950E+03 .5163E+00 .3575E-08 .5153E-06 .5166E-06 .1223E-08 .3575E-08 .3520E-06 .3556E-06 .3575E-08 .5153E-06 .1873E-07
.2955E+03 .5825E+00 .1514E-07 .1218E-05 .1223E-05 .5179E-08 .1514E-07 .8323E-06 .8474E-06 .1514E-07 .1218E-05 .4452E-07
.2960E+03 .6214E+00 .4060E-07 .2190E-05 .2203E-05 .1389E-07 .4060E-07 .1496E-05 .1537E-05 .4060E-07 .2190E-05 .8044E-07
.2965E+03 .4929E+00 .7702E-07 .2868E-05 .2894E-05 .2634E-07 .7702E-07 .1960E-05 .2037E-05 .7702E-07 .2868E-05 .1060E-06
.2970E+03 .4244E+00 .1319E-06 .3686E-05 .3731E-05 .4513E-07 .1319E-06 .2519E-05 .2651E-05 .1319E-06 .3686E-05 .1372E-06
.2975E+03 .5980E+00 .4856E-06 .9244E-05 .9410E-05 .1661E-06 .4856E-06 .6318E-05 .6804E-05 .4856E-06 .9244E-05 .3475E-06
.2980E+03 .5581E+00 .9884E-06 .1394E-04 .1428E-04 .3381E-06 .9884E-06 .9531E-05 .1052E-04 .9884E-06 .1394E-04 .5297E-06
.2985E+03 .3790E+00 .1202E-05 .1365E-04 .1406E-04 .4111E-06 .1202E-05 .9332E-05 .1053E-04 .1202E-05 .1365E-04 .5239E-06
.2990E+03 .5771E+00 .3146E-05 .2944E-04 .3052E-04 .1076E-05 .3146E-05 .2013E-04 .2328E-04 .3146E-05 .2944E-04 .1142E-05
.2995E+03 .5217E+00 .6648E-05 .4741E-04 .4969E-04 .2274E-05 .6648E-05 .3244E-04 .3908E-04 .6648E-05 .4741E-04 .1871E-05
.3000E+03 .4169E+00 .8749E-05 .5387E-04 .5687E-04 .2992E-05 .8749E-05 .3687E-04 .4562E-04 .8749E-05 .5387E-04 .2151E-05
.3005E+03 .4394E+00 .1428E-04 .7822E-04 .8311E-04 .4884E-05 .1428E-04 .5355E-04 .6783E-04 .1428E-04 .7822E-04 .3199E-05
.3010E+03 .4942E+00 .3024E-04 .1291E-03 .1395E-03 .1034E-04 .3024E-04 .8848E-04 .1187E-03 .3024E-04 .1291E-03 .5478E-05
.3015E+03 .5298E+00 .5445E-04 .1887E-03 .2073E-03 .1862E-04 .5445E-04 .1294E-03 .1838E-03 .5445E-04 .1887E-03 .8306E-05
.3020E+03 .3745E+00 .4977E-04 .1549E-03 .1720E-03 .1702E-04 .4977E-04 .1063E-03 .1561E-03 .4977E-04 .1549E-03 .7014E-05
.3025E+03 .5441E+00 .1126E-03 .3124E-03 .3509E-03 .3851E-04 .1126E-03 .2144E-03 .3270E-03 .1126E-03 .3124E-03 .1438E-04
.3030E+03 .6771E+00 .2402E-03 .6157E-03 .6978E-03 .8214E-04 .2402E-03 .4227E-03 .6629E-03 .2402E-03 .6157E-03 .2873E-04
.3035E+03 .6891E+00 .3341E-03 .8206E-03 .9348E-03 .1143E-03 .3341E-03 .5635E-03 .8976E-03 .3341E-03 .8206E-03 .3862E-04
.3040E+03 .5775E+00 .3282E-03 .7850E-03 .8972E-03 .1122E-03 .3282E-03 .5392E-03 .8673E-03 .3282E-03 .7850E-03 .3717E-04
.3045E+03 .6485E+00 .5270E-03 .1220E-02 .1400E-02 .1802E-03 .5270E-03 .8381E-03 .1365E-02 .5270E-03 .1220E-02 .5811E-04
.3050E+03 .6733E+00 .8682E-03 .1968E-02 .2265E-02 .2969E-03 .8682E-03 .1352E-02 .2220E-02 .8682E-03 .1968E-02 .9412E-04
.3055E+03 .6128E+00 .1050E-02 .2360E-02 .2719E-02 .3590E-03 .1050E-02 .1621E-02 .2671E-02 .1050E-02 .2360E-02 .1131E-03
.3060E+03 .5426E+00 .1049E-02 .2331E-02 .2690E-02 .3588E-03 .1049E-02 .1602E-02 .2651E-02 .1049E-02 .2331E-02 .1120E-03
.3065E+03 .5861E+00 .1354E-02 .2995E-02 .3458E-02 .4631E-03 .1354E-02 .2058E-02 .3412E-02 .1354E-02 .2995E-02 .1442E-03
.3070E+03 .6446E+00 .2110E-02 .4755E-02 .5477E-02 .7216E-03 .2110E-02 .3267E-02 .5377E-02 .2110E-02 .4755E-02 .2288E-03
.3075E+03 .6519E+00 .2926E-02 .6780E-02 .7781E-02 .1001E-02 .2926E-02 .4658E-02 .7584E-02 .2926E-02 .6780E-02 .3254E-03
.3080E+03 .6567E+00 .3166E-02 .7134E-02 .8217E-02 .1083E-02 .3166E-02 .4902E-02 .8068E-02 .3166E-02 .7134E-02 .3446E-03
.3085E+03 .6806E+00 .3832E-02 .8267E-02 .9577E-02 .1311E-02 .3832E-02 .5681E-02 .9513E-02 .3832E-02 .8267E-02 .4025E-03
.3090E+03 .5623E+00 .3583E-02 .7455E-02 .8681E-02 .1226E-02 .3583E-02 .5125E-02 .8708E-02 .3583E-02 .7455E-02 .3655E-03
.3095E+03 .5136E+00 .4520E-02 .8810E-02 .1036E-01 .1546E-02 .4520E-02 .6058E-02 .1058E-01 .4520E-02 .8810E-02 .4374E-03
.3100E+03 .4651E+00 .4772E-02 .8987E-02 .1062E-01 .1632E-02 .4772E-02 .6180E-02 .1095E-01 .4772E-02 .8987E-02 .4493E-03
.3105E+03 .7149E+00 .7989E-02 .1469E-01 .1742E-01 .2732E-02 .7989E-02 .1010E-01 .1809E-01 .7989E-02 .1469E-01 .7387E-03
.3110E+03 .8241E+00 .1042E-01 .1864E-01 .2220E-01 .3564E-02 .1042E-01 .1282E-01 .2324E-01 .1042E-01 .1864E-01 .9438E-03
.3115E+03 .7648E+00 .1032E-01 .1808E-01 .2161E-01 .3531E-02 .1032E-01 .1244E-01 .2276E-01 .1032E-01 .1808E-01 .9205E-03
.3120E+03 .6421E+00 .1093E-01 .1856E-01 .2230E-01 .3740E-02 .1093E-01 .1277E-01 .2370E-01 .1093E-01 .1856E-01 .9523E-03
.3125E+03 .6970E+00 .1385E-01 .2300E-01 .2774E-01 .4736E-02 .1385E-01 .1583E-01 .2968E-01 .1385E-01 .2300E-01 .1188E-02
.3130E+03 .7115E+00 .1544E-01 .2521E-01 .3050E-01 .5282E-02 .1544E-01 .1736E-01 .3280E-01 .1544E-01 .2521E-01 .1310E-02
.3135E+03 .7257E+00 .1507E-01 .2425E-01 .2941E-01 .5154E-02 .1507E-01 .1670E-01 .3177E-01 .1507E-01 .2425E-01 .1266E-02
.3140E+03 .7936E+00 .1953E-01 .3091E-01 .3759E-01 .6680E-02 .1953E-01 .2128E-01 .4081E-01 .1953E-01 .3091E-01 .1623E-02
.3145E+03 .5931E+00 .1802E-01 .2826E-01 .3442E-01 .6162E-02 .1802E-01 .1946E-01 .3747E-01 .1802E-01 .2826E-01 .1489E-02
.3150E+03 .7541E+00 .2416E-01 .3739E-01 .4566E-01 .8263E-02 .2416E-01 .2575E-01 .4991E-01 .2416E-01 .3739E-01 .1979E-02
.3155E+03 .6804E+00 .2031E-01 .3078E-01 .3773E-01 .6945E-02 .2031E-01 .2120E-01 .4151E-01 .2031E-01 .3078E-01 .1639E-02
.3160E+03 .5183E+00 .1826E-01 .2753E-01 .3377E-01 .6247E-02 .1826E-01 .1896E-01 .3723E-01 .1826E-01 .2753E-01 .1469E-02
.3165E+03 .6632E+00 .2686E-01 .4041E-01 .4960E-01 .9185E-02 .2686E-01 .2785E-01 .5470E-01 .2686E-01 .4041E-01 .2187E-02
.3170E+03 .8229E+00 .3376E-01 .5011E-01 .6166E-01 .1155E-01 .3376E-01 .3455E-01 .6830E-01 .3376E-01 .5011E-01 .2758E-02
.3175E+03 .8804E+00 .3552E-01 .5174E-01 .6389E-01 .1215E-01 .3552E-01 .3569E-01 .7120E-01 .3552E-01 .5174E-01 .2898E-02
.3180E+03 .6346E+00 .2821E-01 .4093E-01 .5058E-01 .9650E-02 .2821E-01 .2824E-01 .5646E-01 .2821E-01 .4093E-01 .2325E-02
.3185E+03 .6824E+00 .3572E-01 .5242E-01 .6463E-01 .1222E-01 .3572E-01 .3618E-01 .7190E-01 .3572E-01 .5242E-01 .3013E-02
.3190E+03 .7535E+00 .4299E-01 .6321E-01 .7792E-01 .1470E-01 .4299E-01 .4365E-01 .8664E-01 .4299E-01 .6321E-01 .3685E-02
.3195E+03 .6833E+00 .3543E-01 .5009E-01 .6221E-01 .1212E-01 .3543E-01 .3461E-01 .7004E-01 .3543E-01 .5009E-01 .2990E-02
.3200E+03 .8369E+00 .4327E-01 .6013E-01 .7493E-01 .1480E-01 .4327E-01 .4157E-01 .8484E-01 .4327E-01 .6013E-01 .3655E-02
.3205E+03 .9082E+00 .5488E-01 .7762E-01 .9639E-01 .1877E-01 .5488E-01 .5368E-01 .1086E+00 .5488E-01 .7762E-01 .4756E-02
.3210E+03 .7156E+00 .4926E-01 .7128E-01 .8813E-01 .1685E-01 .4926E-01 .4931E-01 .9856E-01 .4926E-01 .7128E-01 .4396E-02
.3215E+03 .6753E+00 .4783E-01 .6854E-01 .8490E-01 .1636E-01 .4783E-01 .4743E-01 .9526E-01 .4783E-01 .6854E-01 .4288E-02
.3220E+03 .8151E+00 .5184E-01 .7046E-01 .8819E-01 .1773E-01 .5184E-01 .4880E-01 .1006E+00 .5184E-01 .7046E-01 .4517E-02
.3225E+03 .7018E+00 .4556E-01 .6118E-01 .7676E-01 .1558E-01 .4556E-01 .4239E-01 .8795E-01 .4556E-01 .6118E-01 .3986E-02
.3230E+03 .6403E+00 .4576E-01 .6211E-01 .7776E-01 .1565E-01 .4576E-01 .4305E-01 .8881E-01 .4576E-01 .6211E-01 .4089E-02
.3235E+03 .6833E+00 .5640E-01 .7535E-01 .9464E-01 .1929E-01 .5640E-01 .5226E-01 .1087E+00 .5640E-01 .7535E-01 .5046E-02
.3240E+03 .7817E+00 .6669E-01 .8811E-01 .1109E+00 .2281E-01 .6669E-01 .6114E-01 .1278E+00 .6669E-01 .8811E-01 .5992E-02
.3245E+03 .8269E+00 .6831E-01 .8865E-01 .1120E+00 .2336E-01 .6831E-01 .6155E-01 .1299E+00 .6831E-01 .8865E-01 .6124E-02
.3250E+03 .7845E+00 .6018E-01 .7795E-01 .9853E-01 .2058E-01 .6018E-01 .5413E-01 .1143E+00 .6018E-01 .7795E-01 .5445E-02
.3255E+03 .9417E+00 .7781E-01 .9832E-01 .1249E+00 .2661E-01 .7781E-01 .6833E-01 .1461E+00 .7781E-01 .9832E-01 .6988E-02
.3260E+03 .1053E+01 .9588E-01 .1205E+00 .1533E+00 .3279E-01 .9588E-01 .8375E-01 .1796E+00 .9588E-01 .1205E+00 .8666E-02
.3265E+03 .9975E+00 .9704E-01 .1217E+00 .1549E+00 .3319E-01 .9704E-01 .8464E-01 .1817E+00 .9704E-01 .1217E+00 .8860E-02
.3270E+03 .1010E+01 .9792E-01 .1207E+00 .1542E+00 .3349E-01 .9792E-01 .8397E-01 .1819E+00 .9792E-01 .1207E+00 .8927E-02
.3275E+03 .9966E+00 .9560E-01 .1157E+00 .1484E+00 .3270E-01 .9560E-01 .8057E-01 .1762E+00 .9560E-01 .1157E+00 .8699E-02
.3280E+03 .9535E+00 .8567E-01 .1015E+00 .1308E+00 .2930E-01 .8567E-01 .7070E-01 .1564E+00 .8567E-01 .1015E+00 .7759E-02
.3285E+03 .9138E+00 .9120E-01 .1079E+00 .1391E+00 .3119E-01 .9120E-01 .7520E-01 .1664E+00 .9120E-01 .1079E+00 .8340E-02
.3290E+03 .1025E+01 .1099E+00 .1308E+00 .1684E+00 .3760E-01 .1099E+00 .9119E-01 .2011E+00 .1099E+00 .1308E+00 .1020E-01
.3295E+03 .1140E+01 .1258E+00 .1489E+00 .1919E+00 .4302E-01 .1258E+00 .1039E+00 .2297E+00 .1258E+00 .1489E+00 .1175E-01
.3300E+03 .1163E+01 .1284E+00 .1493E+00 .1933E+00 .4392E-01 .1284E+00 .1042E+00 .2327E+00 .1284E+00 .1493E+00 .1196E-01
.3305E+03 .9731E+00 .1041E+00 .1178E+00 .1534E+00 .3561E-01 .1041E+00 .8227E-01 .1864E+00 .1041E+00 .1178E+00 .9605E-02
.3310E+03 .1006E+01 .1071E+00 .1192E+00 .1559E+00 .3664E-01 .1071E+00 .8332E-01 .1905E+00 .1071E+00 .1192E+00 .9865E-02
.3315E+03 .9821E+00 .1098E+00 .1218E+00 .1593E+00 .3756E-01 .1098E+00 .8515E-01 .1950E+00 .1098E+00 .1218E+00 .1019E-01
.3320E+03 .1007E+01 .1193E+00 .1331E+00 .1739E+00 .4082E-01 .1193E+00 .9309E-01 .2124E+00 .1193E+00 .1331E+00 .1123E-01
.3325E+03 .9727E+00 .1188E+00 .1323E+00 .1729E+00 .4064E-01 .1188E+00 .9257E-01 .2114E+00 .1188E+00 .1323E+00 .1128E-01
.3330E+03 .9796E+00 .1198E+00 .1311E+00 .1721E+00 .4098E-01 .1198E+00 .9179E-01 .2116E+00 .1198E+00 .1311E+00 .1134E-01
.3335E+03 .9170E+00 .1098E+00 .1171E+00 .1547E+00 .3757E-01 .1098E+00 .8207E-01 .1919E+00 .1098E+00 .1171E+00 .1031E-01
.3340E+03 .9423E+00 .1135E+00 .1193E+00 .1582E+00 .3883E-01 .1135E+00 .8367E-01 .1972E+00 .1135E+00 .1193E+00 .1066E-01
.3345E+03 .1041E+01 .1317E+00 .1390E+00 .1840E+00 .4505E-01 .1317E+00 .9747E-01 .2292E+00 .1317E+00 .1390E+00 .1251E-01
.3350E+03 .9543E+00 .1245E+00 .1374E+00 .1800E+00 .4257E-01 .1245E+00 .9636E-01 .2208E+00 .1245E+00 .1374E+00 .1232E-01
.3355E+03 .1073E+01 .1429E+00 .1526E+00 .2015E+00 .4887E-01 .1429E+00 .1071E+00 .2500E+00 .1429E+00 .1526E+00 .1395E-01
.3360E+03 .7401E+00 .9972E-01 .1053E+00 .1394E+00 .3411E-01 .9972E-01 .7397E-01 .1737E+00 .9972E-01 .1053E+00 .9746E-02
.3365E+03 .9055E+00 .1213E+00 .1229E+00 .1643E+00 .4149E-01 .1213E+00 .8636E-01 .2077E+00 .1213E+00 .1229E+00 .1161E-01
.3370E+03 .7531E+00 .1006E+00 .1000E+00 .1344E+00 .3442E-01 .1006E+00 .7035E-01 .1710E+00 .1006E+00 .1000E+00 .9589E-02
.3375E+03 .9398E+00 .1263E+00 .1238E+00 .1670E+00 .4321E-01 .1263E+00 .8710E-01 .2134E+00 .1263E+00 .1238E+00 .1202E-01
.3380E+03 .8870E+00 .1238E+00 .1217E+00 .1641E+00 .4233E-01 .1238E+00 .8571E-01 .2095E+00 .1238E+00 .1217E+00 .1191E-01
.3385E+03 .9911E+00 .1410E+00 .1398E+00 .1880E+00 .4821E-01 .1410E+00 .9846E-01 .2394E+00 .1410E+00 .1398E+00 .1377E-01
.3390E+03 .9814E+00 .1416E+00 .1379E+00 .1863E+00 .4843E-01 .1416E+00 .9720E-01 .2388E+00 .1416E+00 .1379E+00 .1379E-01
.3395E+03 .9386E+00 .1369E+00 .1324E+00 .1792E+00 .4681E-01 .1369E+00 .9337E-01 .2302E+00 .1369E+00 .1324E+00 .1339E-01
.3400E+03 .1134E+01 .1652E+00 .1627E+00 .2192E+00 .5650E-01 .1652E+00 .1148E+00 .2800E+00 .1652E+00 .1627E+00 .1652E-01
.3405E+03 .1017E+01 .1500E+00 .1454E+00 .1967E+00 .5131E-01 .1500E+00 .1026E+00 .2526E+00 .1500E+00 .1454E+00 .1496E-01
.3410E+03 .9646E+00 .1455E+00 .1357E+00 .1855E+00 .4977E-01 .1455E+00 .9586E-01 .2414E+00 .1455E+00 .1357E+00 .1425E-01
.3415E+03 .8886E+00 .1361E+00 .1242E+00 .1707E+00 .4654E-01 .1361E+00 .8780E-01 .2239E+00 .1361E+00 .1242E+00 .1324E-01
.3420E+03 .1061E+01 .1642E+00 .1480E+00 .2041E+00 .5616E-01 .1642E+00 .1047E+00 .2689E+00 .1642E+00 .1480E+00 .1597E-01
.3425E+03 .9910E+00 .1554E+00 .1381E+00 .1913E+00 .5313E-01 .1554E+00 .9780E-01 .2531E+00 .1554E+00 .1381E+00 .1510E-01
.3430E+03 .1085E+01 .1713E+00 .1516E+00 .2102E+00 .5860E-01 .1713E+00 .1074E+00 .2787E+00 .1713E+00 .1516E+00 .1673E-01
.3435E+03 .1018E+01 .1619E+00 .1424E+00 .1977E+00 .5536E-01 .1619E+00 .1009E+00 .2628E+00 .1619E+00 .1424E+00 .1587E-01
.3440E+03 .7669E+00 .1216E+00 .1090E+00 .1506E+00 .4158E-01 .1216E+00 .7724E-01 .1988E+00 .1216E+00 .1090E+00 .1217E-01
.3445E+03 .7520E+00 .1216E+00 .1057E+00 .1473E+00 .4158E-01 .1216E+00 .7502E-01 .1966E+00 .1216E+00 .1057E+00 .1202E-01
.3450E+03 .9988E+00 .1644E+00 .1394E+00 .1957E+00 .5623E-01 .1644E+00 .9901E-01 .2634E+00 .1644E+00 .1394E+00 .1611E-01
.3455E+03 .1019E+01 .1699E+00 .1420E+00 .2001E+00 .5812E-01 .1699E+00 .1009E+00 .2708E+00 .1699E+00 .1420E+00 .1662E-01
.3460E+03 .8646E+00 .1459E+00 .1203E+00 .1702E+00 .4989E-01 .1459E+00 .8556E-01 .2314E+00 .1459E+00 .1203E+00 .1426E-01
.3465E+03 .9772E+00 .1667E+00 .1359E+00 .1929E+00 .5700E-01 .1667E+00 .9668E-01 .2633E+00 .1667E+00 .1359E+00 .1630E-01
.3470E+03 .1045E+01 .1796E+00 .1454E+00 .2068E+00 .6141E-01 .1796E+00 .1035E+00 .2831E+00 .1796E+00 .1454E+00 .1762E-01
.3475E+03 .8420E+00 .1460E+00 .1173E+00 .1672E+00 .4995E-01 .1460E+00 .8354E-01 .2296E+00 .1460E+00 .1173E+00 .1436E-01
.3480E+03 .9603E+00 .1685E+00 .1333E+00 .1910E+00 .5764E-01 .1685E+00 .9507E-01 .2636E+00 .1685E+00 .1333E+00 .1655E-01
.3485E+03 .9597E+00 .1700E+00 .1329E+00 .1911E+00 .5813E-01 .1700E+00 .9485E-01 .2648E+00 .1700E+00 .1329E+00 .1670E-01
.3490E+03 .8882E+00 .1590E+00 .1230E+00 .1774E+00 .5439E-01 .1590E+00 .8783E-01 .2468E+00 .1590E+00 .1230E+00 .1563E-01
.3495E+03 .8766E+00 .1586E+00 .1215E+00 .1757E+00 .5423E-01 .1586E+00 .8678E-01 .2453E+00 .1586E+00 .1215E+00 .1561E-01
.3500E+03 .1082E+01 .1976E+00 .1498E+00 .2174E+00 .6758E-01 .1976E+00 .1071E+00 .3047E+00 .1976E+00 .1498E+00 .1947E-01
.3505E+03 .1139E+01 .2098E+00 .1575E+00 .2293E+00 .7174E-01 .2098E+00 .1127E+00 .3225E+00 .2098E+00 .1575E+00 .2069E-01
.3510E+03 .1015E+01 .1882E+00 .1403E+00 .2047E+00 .6438E-01 .1882E+00 .1004E+00 .2887E+00 .1882E+00 .1403E+00 .1860E-01
.3515E+03 .9814E+00 .1831E+00 .1360E+00 .1986E+00 .6263E-01 .1831E+00 .9740E-01 .2805E+00 .1831E+00 .1360E+00 .1818E-01
.3520E+03 .1054E+01 .1989E+00 .1457E+00 .2137E+00 .6803E-01 .1989E+00 .1044E+00 .3033E+00 .1989E+00 .1457E+00 .1971E-01
.3525E+03 .8215E+00 .1566E+00 .1134E+00 .1669E+00 .5357E-01 .1566E+00 .8132E-01 .2380E+00 .1566E+00 .1134E+00 .1552E-01
.3530E+03 .1033E+01 .1989E+00 .1424E+00 .2104E+00 .6803E-01 .1989E+00 .1022E+00 .3011E+00 .1989E+00 .1424E+00 .1971E-01
.3535E+03 .1103E+01 .2140E+00 .1517E+00 .2249E+00 .7318E-01 .2140E+00 .1090E+00 .3230E+00 .2140E+00 .1517E+00 .2124E-01
.3540E+03 .1144E+01 .2233E+00 .1570E+00 .2333E+00 .7637E-01 .2233E+00 .1129E+00 .3361E+00 .2233E+00 .1570E+00 .2220E-01
.3545E+03 .1159E+01 .2280E+00 .1589E+00 .2369E+00 .7799E-01 .2280E+00 .1143E+00 .3423E+00 .2280E+00 .1589E+00 .2270E-01
.3550E+03 .1153E+01 .2288E+00 .1580E+00 .2363E+00 .7827E-01 .2288E+00 .1137E+00 .3426E+00 .2288E+00 .1580E+00 .2281E-01
.3555E+03 .1039E+01 .2085E+00 .1425E+00 .2138E+00 .7131E-01 .2085E+00 .1026E+00 .3111E+00 .2085E+00 .1425E+00 .2079E-01
.3560E+03 .1085E+01 .2199E+00 .1488E+00 .2240E+00 .7520E-01 .2199E+00 .1073E+00 .3272E+00 .2199E+00 .1488E+00 .2194E-01
.3565E+03 .9252E+00 .1889E+00 .1267E+00 .1913E+00 .6462E-01 .1889E+00 .9143E-01 .2804E+00 .1889E+00 .1267E+00 .1888E-01
.3570E+03 .7640E+00 .1570E+00 .1044E+00 .1581E+00 .5370E-01 .1570E+00 .7541E-01 .2324E+00 .1570E+00 .1044E+00 .1571E-01
.3575E+03 .9344E+00 .1934E+00 .1276E+00 .1937E+00 .6616E-01 .1934E+00 .9217E-01 .2856E+00 .1934E+00 .1276E+00 .1938E-01
.3580E+03 .7396E+00 .1543E+00 .1009E+00 .1536E+00 .5278E-01 .1543E+00 .7293E-01 .2273E+00 .1543E+00 .1009E+00 .1548E-01
.3585E+03 .6313E+00 .1327E+00 .8600E-01 .1314E+00 .4540E-01 .1327E+00 .6223E-01 .1950E+00 .1327E+00 .8600E-01 .1333E-01
.3590E+03 .8821E+00 .1868E+00 .1200E+00 .1839E+00 .6388E-01 .1868E+00 .8689E-01 .2737E+00 .1868E+00 .1200E+00 .1879E-01
.3595E+03 .1123E+01 .2393E+00 .1525E+00 .2344E+00 .8183E-01 .2393E+00 .1105E+00 .3498E+00 .2393E+00 .1525E+00 .2411E-01
.3600E+03 .1189E+01 .2552E+00 .1613E+00 .2486E+00 .8730E-01 .2552E+00 .1170E+00 .3722E+00 .2552E+00 .1613E+00 .2575E-01
.3605E+03 .9490E+00 .2053E+00 .1286E+00 .1988E+00 .7020E-01 .2053E+00 .9332E-01 .2986E+00 .2053E+00 .1286E+00 .2074E-01
.3610E+03 .8633E+00 .1883E+00 .1169E+00 .1813E+00 .6440E-01 .1883E+00 .8490E-01 .2732E+00 .1883E+00 .1169E+00 .1905E-01
.3615E+03 .9904E+00 .2182E+00 .1342E+00 .2088E+00 .7463E-01 .2182E+00 .9753E-01 .3157E+00 .2182E+00 .1342E+00 .2209E-01
.3620E+03 .8532E+00 .1899E+00 .1157E+00 .1806E+00 .6495E-01 .1899E+00 .8414E-01 .2740E+00 .1899E+00 .1157E+00 .1924E-01
.3625E+03 .1177E+01 .2644E+00 .1596E+00 .2500E+00 .9043E-01 .2644E+00 .1162E+00 .3806E+00 .2644E+00 .1596E+00 .2681E-01
.3630E+03 .1054E+01 .2389E+00 .1429E+00 .2246E+00 .8171E-01 .2389E+00 .1041E+00 .3430E+00 .2389E+00 .1429E+00 .2425E-01
.3635E+03 .9678E+00 .2213E+00 .1312E+00 .2069E+00 .7570E-01 .2213E+00 .9567E-01 .3170E+00 .2213E+00 .1312E+00 .2249E-01
.3640E+03 .1181E+01 .2722E+00 .1600E+00 .2531E+00 .9311E-01 .2722E+00 .1168E+00 .3890E+00 .2722E+00 .1600E+00 .2769E-01
.3645E+03 .1008E+01 .2339E+00 .1364E+00 .2164E+00 .8000E-01 .2339E+00 .9958E-01 .3335E+00 .2339E+00 .1364E+00 .2382E-01
.3650E+03 .1025E+01 .2395E+00 .1385E+00 .2204E+00 .8190E-01 .2395E+00 .1012E+00 .3407E+00 .2395E+00 .1385E+00 .2442E-01
.3655E+03 .1284E+01 .3022E+00 .1733E+00 .2767E+00 .1034E+00 .3022E+00 .1268E+00 .4290E+00 .3022E+00 .1733E+00 .3086E-01
.3660E+03 .1357E+01 .3221E+00 .1831E+00 .2933E+00 .1102E+00 .3221E+00 .1341E+00 .4562E+00 .3221E+00 .1831E+00 .3292E-01
.3665E+03 .1272E+01 .3043E+00 .1716E+00 .2757E+00 .1041E+00 .3043E+00 .1257E+00 .4301E+00 .3043E+00 .1716E+00 .3115E-01
.3670E+03 .1237E+01 .2978E+00 .1666E+00 .2685E+00 .1019E+00 .2978E+00 .1222E+00 .4200E+00 .2978E+00 .1666E+00 .3053E-01
.3675E+03 .1282E+01 .3104E+00 .1723E+00 .2785E+00 .1062E+00 .3104E+00 .1265E+00 .4369E+00 .3104E+00 .1723E+00 .3188E-01
.3680E+03 .1120E+01 .2729E+00 .1503E+00 .2437E+00 .9334E-01 .2729E+00 .1104E+00 .3833E+00 .2729E+00 .1503E+00 .2808E-01
.3685E+03 .1128E+01 .2770E+00 .1513E+00 .2461E+00 .9475E-01 .2770E+00 .1112E+00 .3883E+00 .2770E+00 .1513E+00 .2853E-01
.3690E+03 .1216E+01 .3010E+00 .1630E+00 .2660E+00 .1029E+00 .3010E+00 .1199E+00 .4209E+00 .3010E+00 .1630E+00 .3103E-01
.3695E+03 .1294E+01 .3228E+00 .1734E+00 .2838E+00 .1104E+00 .3228E+00 .1277E+00 .4504E+00 .3228E+00 .1734E+00 .3331E-01
.3700E+03 .1377E+01 .3462E+00 .1845E+00 .3029E+00 .1184E+00 .3462E+00 .1359E+00 .4821E+00 .3462E+00 .1845E+00 .3577E-01
.3705E+03 .1067E+01 .2702E+00 .1428E+00 .2352E+00 .9242E-01 .2702E+00 .1053E+00 .3755E+00 .2702E+00 .1428E+00 .2795E-01
.3710E+03 .1138E+01 .2903E+00 .1522E+00 .2515E+00 .9930E-01 .2903E+00 .1124E+00 .4027E+00 .2903E+00 .1522E+00 .3007E-01
.3715E+03 .1422E+01 .3650E+00 .1899E+00 .3148E+00 .1248E+00 .3650E+00 .1403E+00 .5053E+00 .3650E+00 .1899E+00 .3786E-01
.3720E+03 .9428E+00 .2434E+00 .1257E+00 .2090E+00 .8325E-01 .2434E+00 .9296E-01 .3364E+00 .2434E+00 .1257E+00 .2528E-01
.3725E+03 .1129E+01 .2934E+00 .1504E+00 .2507E+00 .1003E+00 .2934E+00 .1113E+00 .4046E+00 .2934E+00 .1504E+00 .3052E-01
.3730E+03 .1146E+01 .3001E+00 .1526E+00 .2552E+00 .1026E+00 .3001E+00 .1130E+00 .4131E+00 .3001E+00 .1526E+00 .3126E-01
.3735E+03 .7441E+00 .1963E+00 .9901E-01 .1661E+00 .6713E-01 .1963E+00 .7339E-01 .2697E+00 .1963E+00 .9901E-01 .2048E-01
.3740E+03 .1080E+01 .2866E+00 .1435E+00 .2415E+00 .9803E-01 .2866E+00 .1065E+00 .3931E+00 .2866E+00 .1435E+00 .2995E-01
.3745E+03 .8925E+00 .2386E+00 .1185E+00 .2001E+00 .8161E-01 .2386E+00 .8801E-01 .3266E+00 .2386E+00 .1185E+00 .2496E-01
.3750E+03 .8666E+00 .2331E+00 .1149E+00 .1946E+00 .7971E-01 .2331E+00 .8541E-01 .3185E+00 .2331E+00 .1149E+00 .2442E-01
.3755E+03 .1293E+01 .3495E+00 .1711E+00 .2907E+00 .1195E+00 .3495E+00 .1273E+00 .4768E+00 .3495E+00 .1711E+00 .3667E-01
.3760E+03 .1071E+01 .2911E+00 .1415E+00 .2410E+00 .9955E-01 .2911E+00 .1053E+00 .3964E+00 .2911E+00 .1415E+00 .3059E-01
.3765E+03 .1109E+01 .3030E+00 .1462E+00 .2499E+00 .1036E+00 .3030E+00 .1090E+00 .4120E+00 .3030E+00 .1462E+00 .3189E-01
.3770E+03 .1172E+01 .3225E+00 .1545E+00 .2648E+00 .1103E+00 .3225E+00 .1152E+00 .4377E+00 .3225E+00 .1545E+00 .3398E-01
.3775E+03 .1369E+01 .3793E+00 .1803E+00 .3100E+00 .1297E+00 .3793E+00 .1346E+00 .5138E+00 .3793E+00 .1803E+00 .4001E-01
.3780E+03 .1483E+01 .4130E+00 .1950E+00 .3362E+00 .1413E+00 .4130E+00 .1456E+00 .5587E+00 .4130E+00 .1950E+00 .4364E-01
.3785E+03 .1401E+01 .3922E+00 .1838E+00 .3179E+00 .1342E+00 .3922E+00 .1374E+00 .5296E+00 .3922E+00 .1838E+00 .4132E-01
.3790E+03 .1156E+01 .3252E+00 .1513E+00 .2625E+00 .1112E+00 .3252E+00 .1131E+00 .4383E+00 .3252E+00 .1513E+00 .3415E-01
.3795E+03 .1056E+01 .2983E+00 .1378E+00 .2398E+00 .1020E+00 .2983E+00 .1031E+00 .4013E+00 .2983E+00 .1378E+00 .3124E-01
.3800E+03 .1097E+01 .3115E+00 .1429E+00 .2494E+00 .1065E+00 .3115E+00 .1069E+00 .4184E+00 .3115E+00 .1429E+00 .3253E-01
.3805E+03 .1326E+01 .3791E+00 .1726E+00 .3022E+00 .1297E+00 .3791E+00 .1292E+00 .5083E+00 .3791E+00 .1726E+00 .3946E-01
.3810E+03 .1326E+01 .3818E+00 .1724E+00 .3030E+00 .1306E+00 .3818E+00 .1291E+00 .5109E+00 .3818E+00 .1724E+00 .3959E-01
.3815E+03 .1049E+01 .3041E+00 .1362E+00 .2403E+00 .1040E+00 .3041E+00 .1021E+00 .4062E+00 .3041E+00 .1362E+00 .3142E-01
.3820E+03 .9294E+00 .2713E+00 .1206E+00 .2134E+00 .9279E-01 .2713E+00 .9042E-01 .3617E+00 .2713E+00 .1206E+00 .2793E-01
.3825E+03 .7904E+00 .2324E+00 .1025E+00 .1820E+00 .7948E-01 .2324E+00 .7688E-01 .3093E+00 .2324E+00 .1025E+00 .2384E-01
.3830E+03 .7305E+00 .2161E+00 .9461E-01 .1685E+00 .7392E-01 .2161E+00 .7099E-01 .2871E+00 .2161E+00 .9461E-01 .2210E-01
.3835E+03 .7025E+00 .2090E+00 .9087E-01 .1624E+00 .7149E-01 .2090E+00 .6823E-01 .2773E+00 .2090E+00 .9087E-01 .2139E-01
.3840E+03 .7739E+00 .2315E+00 .9995E-01 .1791E+00 .7919E-01 .2315E+00 .7512E-01 .3066E+00 .2315E+00 .9995E-01 .2371E-01
.3845E+03 .1137E+01 .3421E+00 .1466E+00 .2636E+00 .1170E+00 .3421E+00 .1103E+00 .4523E+00 .3421E+00 .1466E+00 .3505E-01
.3850E+03 .1126E+01 .3407E+00 .1450E+00 .2616E+00 .1165E+00 .3407E+00 .1092E+00 .4499E+00 .3407E+00 .1450E+00 .3494E-01
.3855E+03 .1047E+01 .3188E+00 .1347E+00 .2438E+00 .1090E+00 .3188E+00 .1015E+00 .4203E+00 .3188E+00 .1347E+00 .3269E-01
.3860E+03 .8952E+00 .2744E+00 .1151E+00 .2089E+00 .9384E-01 .2744E+00 .8677E-01 .3611E+00 .2744E+00 .1151E+00 .2810E-01
.3865E+03 .1174E+01 .3622E+00 .1508E+00 .2747E+00 .1239E+00 .3622E+00 .1138E+00 .4759E+00 .3622E+00 .1508E+00 .3704E-01
.3870E+03 .9746E+00 .3022E+00 .1250E+00 .2283E+00 .1034E+00 .3022E+00 .9434E-01 .3965E+00 .3022E+00 .1250E+00 .3088E-01
.3875E+03 .1094E+01 .3408E+00 .1400E+00 .2566E+00 .1166E+00 .3408E+00 .1057E+00 .4466E+00 .3408E+00 .1400E+00 .3479E-01
.3880E+03 .1009E+01 .3161E+00 .1289E+00 .2370E+00 .1081E+00 .3161E+00 .9744E-01 .4135E+00 .3161E+00 .1289E+00 .3221E-01
.3885E+03 .9956E+00 .3138E+00 .1271E+00 .2344E+00 .1073E+00 .3138E+00 .9613E-01 .4100E+00 .3138E+00 .1271E+00 .3195E-01
.3890E+03 .1074E+01 .3401E+00 .1368E+00 .2532E+00 .1163E+00 .3401E+00 .1036E+00 .4437E+00 .3401E+00 .1368E+00 .3460E-01
.3895E+03 .1299E+01 .4137E+00 .1653E+00 .3068E+00 .1415E+00 .4137E+00 .1252E+00 .5389E+00 .4137E+00 .1653E+00 .4203E-01
.3900E+03 .1302E+01 .4170E+00 .1654E+00 .3080E+00 .1426E+00 .4170E+00 .1254E+00 .5423E+00 .4170E+00 .1654E+00 .4232E-01
.3905E+03 .1197E+01 .3853E+00 .1518E+00 .2836E+00 .1318E+00 .3853E+00 .1151E+00 .5004E+00 .3853E+00 .1518E+00 .3906E-01
.3910E+03 .1407E+01 .4554E+00 .1783E+00 .3340E+00 .1558E+00 .4554E+00 .1352E+00 .5907E+00 .4554E+00 .1783E+00 .4610E-01
.3915E+03 .1434E+01 .4663E+00 .1813E+00 .3408E+00 .1595E+00 .4663E+00 .1377E+00 .6040E+00 .4663E+00 .1813E+00 .4714E-01
.3920E+03 .1207E+01 .3943E+00 .1523E+00 .2871E+00 .1349E+00 .3943E+00 .1157E+00 .5100E+00 .3943E+00 .1523E+00 .3981E-01
.3925E+03 .1079E+01 .3545E+00 .1360E+00 .2572E+00 .1213E+00 .3545E+00 .1034E+00 .4579E+00 .3545E+00 .1360E+00 .3574E-01
.3930E+03 .5993E+00 .1981E+00 .7547E-01 .1432E+00 .6776E-01 .1981E+00 .5741E-01 .2555E+00 .1981E+00 .7547E-01 .1996E-01
.3935E+03 .4350E+00 .1446E+00 .5471E-01 .1042E+00 .4945E-01 .1446E+00 .4166E-01 .1863E+00 .1446E+00 .5471E-01 .1458E-01
.3940E+03 .8843E+00 .2953E+00 .1110E+00 .2121E+00 .1010E+00 .2953E+00 .8463E-01 .3800E+00 .2953E+00 .1110E+00 .2982E-01
.3945E+03 .1123E+01 .3770E+00 .1408E+00 .2698E+00 .1289E+00 .3770E+00 .1074E+00 .4844E+00 .3770E+00 .1408E+00 .3811E-01
.3950E+03 .1369E+01 .4616E+00 .1714E+00 .3292E+00 .1579E+00 .4616E+00 .1308E+00 .5924E+00 .4616E+00 .1714E+00 .4672E-01
.3955E+03 .1390E+01 .4705E+00 .1736E+00 .3345E+00 .1609E+00 .4705E+00 .1326E+00 .6031E+00 .4705E+00 .1736E+00 .4765E-01
.3960E+03 .1204E+01 .4095E+00 .1501E+00 .2902E+00 .1401E+00 .4095E+00 .1148E+00 .5243E+00 .4095E+00 .1501E+00 .4144E-01
.3965E+03 .7024E+00 .2404E+00 .8752E-01 .1698E+00 .8223E-01 .2404E+00 .6697E-01 .3074E+00 .2404E+00 .8752E-01 .2430E-01
.3970E+03 .5264E+00 .1811E+00 .6551E-01 .1275E+00 .6195E-01 .1811E+00 .5016E-01 .2313E+00 .1811E+00 .6551E-01 .1829E-01
.3975E+03 .1070E+01 .3697E+00 .1329E+00 .2593E+00 .1265E+00 .3697E+00 .1018E+00 .4715E+00 .3697E+00 .1329E+00 .3731E-01
.3980E+03 .1498E+01 .5193E+00 .1856E+00 .3632E+00 .1776E+00 .5193E+00 .1423E+00 .6616E+00 .5193E+00 .1856E+00 .5243E-01
.3985E+03 .1547E+01 .5386E+00 .1913E+00 .3755E+00 .1842E+00 .5386E+00 .1468E+00 .6854E+00 .5386E+00 .1913E+00 .5444E-01
.3990E+03 .1671E+01 .5859E+00 .2066E+00 .4070E+00 .2004E+00 .5859E+00 .1587E+00 .7446E+00 .5859E+00 .2066E+00 .5925E-01
.3995E+03 .1664E+01 .5860E+00 .2054E+00 .4058E+00 .2004E+00 .5860E+00 .1579E+00 .7439E+00 .5860E+00 .2054E+00 .5933E-01
.4000E+03 .1728E+01 .6102E+00 .2127E+00 .4214E+00 .2087E+00 .6102E+00 .1637E+00 .7739E+00 .6102E+00 .2127E+00 .6188E-01
.4010E+03 .1770E+01 .6312E+00 .2147E+00 .4306E+00 .2159E+00 .6312E+00 .1657E+00 .7968E+00 .6312E+00 .2147E+00 .6362E-01
.4020E+03 .1862E+01 .6709E+00 .2254E+00 .4548E+00 .2295E+00 .6709E+00 .1741E+00 .8450E+00 .6709E+00 .2254E+00 .6750E-01
.4030E+03 .1764E+01 .6419E+00 .2130E+00 .4325E+00 .2195E+00 .6419E+00 .1648E+00 .8067E+00 .6419E+00 .2130E+00 .6455E-01
.4040E+03 .1734E+01 .6360E+00 .2087E+00 .4262E+00 .2175E+00 .6360E+00 .1617E+00 .7977E+00 .6360E+00 .2087E+00 .6413E-01
.4050E+03 .1731E+01 .6398E+00 .2076E+00 .4264E+00 .2188E+00 .6398E+00 .1612E+00 .8010E+00 .6398E+00 .2076E+00 .6469E-01
.4060E+03 .1698E+01 .6339E+00 .2031E+00 .4199E+00 .2168E+00 .6339E+00 .1580E+00 .7919E+00 .6339E+00 .2031E+00 .6405E-01
.4070E+03 .1666E+01 .6281E+00 .1988E+00 .4136E+00 .2148E+00 .6281E+00 .1549E+00 .7830E+00 .6281E+00 .1988E+00 .6339E-01
.4080E+03 .1730E+01 .6561E+00 .2054E+00 .4298E+00 .2244E+00 .6561E+00 .1603E+00 .8164E+00 .6561E+00 .2054E+00 .6635E-01
.4090E+03 .1848E+01 .7066E+00 .2188E+00 .4605E+00 .2417E+00 .7066E+00 .1712E+00 .8778E+00 .7066E+00 .2188E+00 .7190E-01
.4100E+03 .1611E+01 .6211E+00 .1902E+00 .4027E+00 .2124E+00 .6211E+00 .1492E+00 .7703E+00 .6211E+00 .1902E+00 .6362E-01
.4110E+03 .1741E+01 .6769E+00 .2050E+00 .4365E+00 .2315E+00 .6769E+00 .1611E+00 .8381E+00 .6769E+00 .2050E+00 .6951E-01
.4120E+03 .1864E+01 .7317E+00 .2191E+00 .4693E+00 .2502E+00 .7317E+00 .1725E+00 .9042E+00 .7317E+00 .2191E+00 .7534E-01
.4130E+03 .1817E+01 .7170E+00 .2126E+00 .4578E+00 .2452E+00 .7170E+00 .1677E+00 .8847E+00 .7170E+00 .2126E+00 .7407E-01
.4140E+03 .1835E+01 .7305E+00 .2141E+00 .4640E+00 .2498E+00 .7305E+00 .1693E+00 .8998E+00 .7305E+00 .2141E+00 .7565E-01
.4150E+03 .1835E+01 .7367E+00 .2135E+00 .4655E+00 .2520E+00 .7367E+00 .1692E+00 .9059E+00 .7367E+00 .2135E+00 .7646E-01
.4160E+03 .1862E+01 .7544E+00 .2161E+00 .4742E+00 .2580E+00 .7544E+00 .1715E+00 .9260E+00 .7544E+00 .2161E+00 .7824E-01
.4170E+03 .1814E+01 .7399E+00 .2097E+00 .4628E+00 .2531E+00 .7399E+00 .1667E+00 .9066E+00 .7399E+00 .2097E+00 .7669E-01
.4180E+03 .1778E+01 .7303E+00 .2048E+00 .4545E+00 .2498E+00 .7303E+00 .1630E+00 .8933E+00 .7303E+00 .2048E+00 .7567E-01
.4190E+03 .1798E+01 .7438E+00 .2064E+00 .4608E+00 .2544E+00 .7438E+00 .1646E+00 .9084E+00 .7438E+00 .2064E+00 .7707E-01
.4200E+03 .1788E+01 .7444E+00 .2044E+00 .4590E+00 .2546E+00 .7444E+00 .1633E+00 .9077E+00 .7444E+00 .2044E+00 .7710E-01
.4210E+03 .1867E+01 .7831E+00 .2127E+00 .4806E+00 .2678E+00 .7831E+00 .1702E+00 .9533E+00 .7831E+00 .2127E+00 .8107E-01
.4220E+03 .1772E+01 .7483E+00 .2011E+00 .4570E+00 .2559E+00 .7483E+00 .1611E+00 .9094E+00 .7483E+00 .2011E+00 .7740E-01
.4230E+03 .1728E+01 .7348E+00 .1953E+00 .4466E+00 .2513E+00 .7348E+00 .1568E+00 .8916E+00 .7348E+00 .1953E+00 .7595E-01
.4240E+03 .1826E+01 .7812E+00 .2055E+00 .4726E+00 .2672E+00 .7812E+00 .1652E+00 .9463E+00 .7812E+00 .2055E+00 .8069E-01
.4250E+03 .1819E+01 .7842E+00 .2040E+00 .4722E+00 .2682E+00 .7842E+00 .1643E+00 .9485E+00 .7842E+00 .2040E+00 .8098E-01
.4260E+03 .1766E+01 .7681E+00 .1977E+00 .4604E+00 .2627E+00 .7681E+00 .1596E+00 .9277E+00 .7681E+00 .1977E+00 .7953E-01
.4270E+03 .1731E+01 .7571E+00 .1930E+00 .4520E+00 .2589E+00 .7571E+00 .1561E+00 .9132E+00 .7571E+00 .1930E+00 .7864E-01
.4280E+03 .1685E+01 .7407E+00 .1871E+00 .4405E+00 .2533E+00 .7407E+00 .1517E+00 .8924E+00 .7407E+00 .1871E+00 .7720E-01
.4290E+03 .1591E+01 .7056E+00 .1764E+00 .4178E+00 .2413E+00 .7056E+00 .1433E+00 .8490E+00 .7056E+00 .1764E+00 .7377E-01
.4300E+03 .1390E+01 .6204E+00 .1536E+00 .3658E+00 .2122E+00 .6204E+00 .1251E+00 .7454E+00 .6204E+00 .1536E+00 .6500E-01
.4310E+03 .1378E+01 .6174E+00 .1514E+00 .3626E+00 .2112E+00 .6174E+00 .1235E+00 .7409E+00 .6174E+00 .1514E+00 .6466E-01
.4320E+03 .1774E+01 .8016E+00 .1944E+00 .4686E+00 .2742E+00 .8016E+00 .1588E+00 .9605E+00 .8016E+00 .1944E+00 .8386E-01
.4330E+03 .1781E+01 .8098E+00 .1945E+00 .4714E+00 .2770E+00 .8098E+00 .1591E+00 .9690E+00 .8098E+00 .1945E+00 .8470E-01
.4340E+03 .1653E+01 .7550E+00 .1796E+00 .4379E+00 .2582E+00 .7550E+00 .1473E+00 .9023E+00 .7550E+00 .1796E+00 .7898E-01
.4350E+03 .1726E+01 .7915E+00 .1867E+00 .4574E+00 .2707E+00 .7915E+00 .1534E+00 .9449E+00 .7915E+00 .1867E+00 .8299E-01
.4360E+03 .1939E+01 .8964E+00 .2094E+00 .5160E+00 .3066E+00 .8964E+00 .1725E+00 .1069E+01 .8964E+00 .2094E+00 .9457E-01
.4370E+03 .1907E+01 .8887E+00 .2055E+00 .5095E+00 .3040E+00 .8887E+00 .1698E+00 .1059E+01 .8887E+00 .2055E+00 .9433E-01
.4380E+03 .1733E+01 .8130E+00 .1862E+00 .4642E+00 .2781E+00 .8130E+00 .1543E+00 .9673E+00 .8130E+00 .1862E+00 .8681E-01
.4390E+03 .1796E+01 .8429E+00 .1915E+00 .4798E+00 .2883E+00 .8429E+00 .1592E+00 .1002E+01 .8429E+00 .1915E+00 .9061E-01
.4400E+03 .1849E+01 .8739E+00 .1965E+00 .4954E+00 .2989E+00 .8739E+00 .1638E+00 .1038E+01 .8739E+00 .1965E+00 .9425E-01
.4410E+03 .1911E+01 .9104E+00 .2025E+00 .5139E+00 .3114E+00 .9104E+00 .1691E+00 .1080E+01 .9104E+00 .2025E+00 .9814E-01
.4420E+03 .2047E+01 .9798E+00 .2159E+00 .5510E+00 .3351E+00 .9798E+00 .1806E+00 .1160E+01 .9798E+00 .2159E+00 .1056E+00
.4430E+03 .1996E+01 .9548E+00 .2089E+00 .5355E+00 .3266E+00 .9548E+00 .1751E+00 .1130E+01 .9548E+00 .2089E+00 .1033E+00
.4440E+03 .2035E+01 .9816E+00 .2127E+00 .5485E+00 .3357E+00 .9816E+00 .1788E+00 .1160E+01 .9816E+00 .2127E+00 .1064E+00
.4450E+03 .1992E+01 .9628E+00 .2071E+00 .5364E+00 .3293E+00 .9628E+00 .1744E+00 .1137E+01 .9628E+00 .2071E+00 .1046E+00
.4460E+03 .1895E+01 .9232E+00 .1968E+00 .5126E+00 .3158E+00 .9232E+00 .1660E+00 .1089E+01 .9232E+00 .1968E+00 .1004E+00
.4470E+03 .2043E+01 .1004E+01 .2119E+00 .5552E+00 .3433E+00 .1004E+01 .1791E+00 .1183E+01 .1004E+01 .2119E+00 .1091E+00
.4480E+03 .2078E+01 .1022E+01 .2141E+00 .5637E+00 .3497E+00 .1022E+01 .1812E+00 .1204E+01 .1022E+01 .2141E+00 .1112E+00
.4490E+03 .2078E+01 .1032E+01 .2137E+00 .5666E+00 .3529E+00 .1032E+01 .1813E+00 .1213E+01 .1032E+01 .2137E+00 .1122E+00
.4500E+03 .2132E+01 .1065E+01 .2184E+00 .5828E+00 .3644E+00 .1065E+01 .1857E+00 .1251E+01 .1065E+01 .2184E+00 .1158E+00
.4510E+03 .2209E+01 .1109E+01 .2253E+00 .6046E+00 .3793E+00 .1109E+01 .1920E+00 .1301E+01 .1109E+01 .2253E+00 .1206E+00
.4520E+03 .2126E+01 .1072E+01 .2160E+00 .5827E+00 .3667E+00 .1072E+01 .1844E+00 .1256E+01 .1072E+01 .2160E+00 .1166E+00
.4530E+03 .1997E+01 .1012E+01 .2022E+00 .5484E+00 .3461E+00 .1012E+01 .1730E+00 .1185E+01 .1012E+01 .2022E+00 .1105E+00
.4540E+03 .2080E+01 .1061E+01 .2101E+00 .5728E+00 .3627E+00 .1061E+01 .1802E+00 .1241E+01 .1061E+01 .2101E+00 .1161E+00
.4550E+03 .2092E+01 .1071E+01 .2102E+00 .5764E+00 .3662E+00 .1071E+01 .1807E+00 .1251E+01 .1071E+01 .2102E+00 .1174E+00
.4560E+03 .2139E+01 .1100E+01 .2140E+00 .5903E+00 .3762E+00 .1100E+01 .1844E+00 .1284E+01 .1100E+01 .2140E+00 .1206E+00
.4570E+03 .2173E+01 .1122E+01 .2161E+00 .6000E+00 .3839E+00 .1122E+01 .1866E+00 .1309E+01 .1122E+01 .2161E+00 .1231E+00
.4580E+03 .2101E+01 .1087E+01 .2076E+00 .5794E+00 .3718E+00 .1087E+01 .1797E+00 .1267E+01 .1087E+01 .2076E+00 .1196E+00
.4590E+03 .2087E+01 .1085E+01 .2052E+00 .5765E+00 .3713E+00 .1085E+01 .1782E+00 .1264E+01 .1085E+01 .2052E+00 .1198E+00
.4600E+03 .2093E+01 .1092E+01 .2046E+00 .5780E+00 .3734E+00 .1092E+01 .1781E+00 .1270E+01 .1092E+01 .2046E+00 .1208E+00
.4610E+03 .2139E+01 .1121E+01 .2081E+00 .5914E+00 .3833E+00 .1121E+01 .1817E+00 .1302E+01 .1121E+01 .2081E+00 .1244E+00
.4620E+03 .2151E+01 .1133E+01 .2087E+00 .5963E+00 .3877E+00 .1133E+01 .1827E+00 .1316E+01 .1133E+01 .2087E+00 .1263E+00
.4630E+03 .2137E+01 .1128E+01 .2064E+00 .5922E+00 .3858E+00 .1128E+01 .1812E+00 .1309E+01 .1128E+01 .2064E+00 .1265E+00
.4640E+03 .2096E+01 .1113E+01 .2022E+00 .5828E+00 .3807E+00 .1113E+01 .1781E+00 .1291E+01 .1113E+01 .2022E+00 .1255E+00
.4650E+03 .2064E+01 .1103E+01 .1988E+00 .5760E+00 .3773E+00 .1103E+01 .1755E+00 .1278E+01 .1103E+01 .1988E+00 .1246E+00
.4660E+03 .2080E+01 .1118E+01 .1997E+00 .5820E+00 .3823E+00 .1118E+01 .1767E+00 .1294E+01 .1118E+01 .1997E+00 .1264E+00
.4670E+03 .2044E+01 .1099E+01 .1950E+00 .5710E+00 .3760E+00 .1099E+01 .1728E+00 .1272E+01 .1099E+01 .1950E+00 .1243E+00
.4680E+03 .2067E+01 .1116E+01 .1961E+00 .5778E+00 .3817E+00 .1116E+01 .1741E+00 .1290E+01 .1116E+01 .1961E+00 .1259E+00
.4690E+03 .2077E+01 .1125E+01 .1959E+00 .5809E+00 .3849E+00 .1125E+01 .1742E+00 .1300E+01 .1125E+01 .1959E+00 .1266E+00
.4700E+03 .2011E+01 .1092E+01 .1886E+00 .5619E+00 .3733E+00 .1092E+01 .1682E+00 .1260E+01 .1092E+01 .1886E+00 .1234E+00
.4710E+03 .2007E+01 .1094E+01 .1875E+00 .5617E+00 .3741E+00 .1094E+01 .1678E+00 .1262E+01 .1094E+01 .1875E+00 .1244E+00
.4720E+03 .2115E+01 .1156E+01 .1967E+00 .5919E+00 .3952E+00 .1156E+01 .1765E+00 .1332E+01 .1156E+01 .1967E+00 .1319E+00
.4730E+03 .2088E+01 .1144E+01 .1933E+00 .5845E+00 .3912E+00 .1144E+01 .1738E+00 .1318E+01 .1144E+01 .1933E+00 .1307E+00
.4740E+03 .2095E+01 .1148E+01 .1926E+00 .5854E+00 .3928E+00 .1148E+01 .1736E+00 .1322E+01 .1148E+01 .1926E+00 .1313E+00
.4750E+03 .2117E+01 .1162E+01 .1933E+00 .5906E+00 .3973E+00 .1162E+01 .1747E+00 .1336E+01 .1162E+01 .1933E+00 .1332E+00
.4760E+03 .2059E+01 .1130E+01 .1866E+00 .5731E+00 .3865E+00 .1130E+01 .1691E+00 .1299E+01 .1130E+01 .1866E+00 .1300E+00
.4770E+03 .2068E+01 .1137E+01 .1860E+00 .5747E+00 .3887E+00 .1137E+01 .1690E+00 .1306E+01 .1137E+01 .1860E+00 .1309E+00
.4780E+03 .2122E+01 .1172E+01 .1897E+00 .5904E+00 .4007E+00 .1172E+01 .1728E+00 .1344E+01 .1172E+01 .1897E+00 .1349E+00
.4790E+03 .2104E+01 .1167E+01 .1871E+00 .5864E+00 .3993E+00 .1167E+01 .1709E+00 .1338E+01 .1167E+01 .1871E+00 .1344E+00
.4800E+03 .2103E+01 .1173E+01 .1860E+00 .5872E+00 .4011E+00 .1173E+01 .1705E+00 .1343E+01 .1173E+01 .1860E+00 .1354E+00
.4810E+03 .2136E+01 .1199E+01 .1882E+00 .5981E+00 .4099E+00 .1199E+01 .1731E+00 .1372E+01 .1199E+01 .1882E+00 .1387E+00
.4820E+03 .2141E+01 .1208E+01 .1880E+00 .6013E+00 .4133E+00 .1208E+01 .1734E+00 .1382E+01 .1208E+01 .1880E+00 .1400E+00
.4830E+03 .2109E+01 .1198E+01 .1847E+00 .5943E+00 .4096E+00 .1198E+01 .1708E+00 .1368E+01 .1198E+01 .1847E+00 .1388E+00
.4840E+03 .2063E+01 .1176E+01 .1801E+00 .5823E+00 .4022E+00 .1176E+01 .1669E+00 .1343E+01 .1176E+01 .1801E+00 .1364E+00
.4850E+03 .1963E+01 .1122E+01 .1708E+00 .5545E+00 .3837E+00 .1122E+01 .1586E+00 .1280E+01 .1122E+01 .1708E+00 .1303E+00
.4860E+03 .1713E+01 .9833E+00 .1487E+00 .4850E+00 .3363E+00 .9833E+00 .1383E+00 .1122E+01 .9833E+00 .1487E+00 .1143E+00
.4870E+03 .1792E+01 .1033E+01 .1551E+00 .5086E+00 .3535E+00 .1033E+01 .1446E+00 .1178E+01 .1033E+01 .1551E+00 .1202E+00
.4880E+03 .1966E+01 .1136E+01 .1693E+00 .5577E+00 .3885E+00 .1136E+01 .1582E+00 .1294E+01 .1136E+01 .1693E+00 .1322E+00
.4890E+03 .1974E+01 .1141E+01 .1688E+00 .5592E+00 .3904E+00 .1141E+01 .1581E+00 .1300E+01 .1141E+01 .1688E+00 .1331E+00
.4900E+03 .2073E+01 .1205E+01 .1766E+00 .5887E+00 .4120E+00 .1205E+01 .1660E+00 .1371E+01 .1205E+01 .1766E+00 .1409E+00
.4910E+03 .2034E+01 .1188E+01 .1727E+00 .5789E+00 .4062E+00 .1188E+01 .1628E+00 .1351E+01 .1188E+01 .1727E+00 .1393E+00
.4920E+03 .1920E+01 .1124E+01 .1622E+00 .5467E+00 .3845E+00 .1124E+01 .1533E+00 .1278E+01 .1124E+01 .1622E+00 .1321E+00
.4930E+03 .1982E+01 .1164E+01 .1666E+00 .5647E+00 .3980E+00 .1164E+01 .1579E+00 .1322E+01 .1164E+01 .1666E+00 .1368E+00
.4940E+03 .2001E+01 .1178E+01 .1674E+00 .5702E+00 .4028E+00 .1178E+01 .1591E+00 .1337E+01 .1178E+01 .1674E+00 .1387E+00
.4950E+03 .2017E+01 .1190E+01 .1680E+00 .5750E+00 .4070E+00 .1190E+01 .1601E+00 .1350E+01 .1190E+01 .1680E+00 .1406E+00
.4960E+03 .2029E+01 .1200E+01 .1680E+00 .5783E+00 .4103E+00 .1200E+01 .1606E+00 .1360E+01 .1200E+01 .1680E+00 .1421E+00
.4970E+03 .2060E+01 .1221E+01 .1697E+00 .5874E+00 .4177E+00 .1221E+01 .1627E+00 .1384E+01 .1221E+01 .1697E+00 .1451E+00
.4980E+03 .1963E+01 .1167E+01 .1607E+00 .5598E+00 .3992E+00 .1167E+01 .1546E+00 .1322E+01 .1167E+01 .1607E+00 .1391E+00
.4990E+03 .1989E+01 .1185E+01 .1616E+00 .5668E+00 .4052E+00 .1185E+01 .1561E+00 .1341E+01 .1185E+01 .1616E+00 .1414E+00
.5000E+03 .1933E+01 .1152E+01 .1565E+00 .5507E+00 .3942E+00 .1152E+01 .1514E+00 .1304E+01 .1152E+01 .1565E+00 .1376E+00
.5010E+03 .1900E+01 .1133E+01 .1525E+00 .5400E+00 .3876E+00 .1133E+01 .1479E+00 .1281E+01 .1133E+01 .1525E+00 .1353E+00
.5020E+03 .1879E+01 .1116E+01 .1490E+00 .5307E+00 .3817E+00 .1116E+01 .1449E+00 .1261E+01 .1116E+01 .1490E+00 .1334E+00
.5030E+03 .1962E+01 .1160E+01 .1537E+00 .5504E+00 .3967E+00 .1160E+01 .1499E+00 .1310E+01 .1160E+01 .1537E+00 .1388E+00
.5040E+03 .1934E+01 .1109E+01 .1472E+00 .5267E+00 .3794E+00 .1109E+01 .1437E+00 .1253E+01 .1109E+01 .1472E+00 .1333E+00
.5050E+03 .1984E+01 .1175E+01 .1532E+00 .5550E+00 .4018E+00 .1175E+01 .1504E+00 .1325E+01 .1175E+01 .1532E+00 .1413E+00
.5060E+03 .2049E+01 .1211E+01 .1570E+00 .5712E+00 .4142E+00 .1211E+01 .1546E+00 .1366E+01 .1211E+01 .1570E+00 .1462E+00
.5070E+03 .1949E+01 .1153E+01 .1486E+00 .5430E+00 .3944E+00 .1153E+01 .1466E+00 .1300E+01 .1153E+01 .1486E+00 .1393E+00
.5080E+03 .1882E+01 .1123E+01 .1435E+00 .5275E+00 .3840E+00 .1123E+01 .1420E+00 .1265E+01 .1123E+01 .1435E+00 .1357E+00
.5090E+03 .1930E+01 .1159E+01 .1471E+00 .5436E+00 .3965E+00 .1159E+01 .1460E+00 .1305E+01 .1159E+01 .1471E+00 .1403E+00
.5100E+03 .1916E+01 .1157E+01 .1458E+00 .5416E+00 .3958E+00 .1157E+01 .1451E+00 .1302E+01 .1157E+01 .1458E+00 .1405E+00
.5110E+03 .1963E+01 .1194E+01 .1492E+00 .5576E+00 .4084E+00 .1194E+01 .1491E+00 .1343E+01 .1194E+01 .1492E+00 .1454E+00
.5120E+03 .1982E+01 .1211E+01 .1501E+00 .5644E+00 .4142E+00 .1211E+01 .1504E+00 .1362E+01 .1211E+01 .1501E+00 .1475E+00
.5130E+03 .1875E+01 .1150E+01 .1414E+00 .5347E+00 .3933E+00 .1150E+01 .1421E+00 .1292E+01 .1150E+01 .1414E+00 .1402E+00
.5140E+03 .1860E+01 .1145E+01 .1396E+00 .5312E+00 .3916E+00 .1145E+01 .1408E+00 .1286E+01 .1145E+01 .1396E+00 .1398E+00
.5150E+03 .1841E+01 .1136E+01 .1375E+00 .5259E+00 .3885E+00 .1136E+01 .1391E+00 .1275E+01 .1136E+01 .1375E+00 .1391E+00
.5160E+03 .1837E+01 .1135E+01 .1364E+00 .5248E+00 .3883E+00 .1135E+01 .1385E+00 .1274E+01 .1135E+01 .1364E+00 .1395E+00
.5170E+03 .1631E+01 .1011E+01 .1205E+00 .4663E+00 .3457E+00 .1011E+01 .1228E+00 .1134E+01 .1011E+01 .1205E+00 .1246E+00
.5180E+03 .1715E+01 .1065E+01 .1261E+00 .4902E+00 .3642E+00 .1065E+01 .1289E+00 .1194E+01 .1065E+01 .1261E+00 .1316E+00
.5190E+03 .1799E+01 .1118E+01 .1315E+00 .5140E+00 .3825E+00 .1118E+01 .1348E+00 .1253E+01 .1118E+01 .1315E+00 .1385E+00
.5200E+03 .1865E+01 .1161E+01 .1354E+00 .5324E+00 .3969E+00 .1161E+01 .1393E+00 .1300E+01 .1161E+01 .1354E+00 .1438E+00
.5210E+03 .1883E+01 .1173E+01 .1359E+00 .5371E+00 .4013E+00 .1173E+01 .1402E+00 .1313E+01 .1173E+01 .1359E+00 .1455E+00
.5220E+03 .1886E+01 .1176E+01 .1352E+00 .5374E+00 .4022E+00 .1176E+01 .1400E+00 .1316E+01 .1176E+01 .1352E+00 .1463E+00
.5230E+03 .1853E+01 .1157E+01 .1321E+00 .5280E+00 .3959E+00 .1157E+01 .1373E+00 .1295E+01 .1157E+01 .1321E+00 .1445E+00
.5240E+03 .1922E+01 .1200E+01 .1359E+00 .5462E+00 .4104E+00 .1200E+01 .1418E+00 .1342E+01 .1200E+01 .1359E+00 .1505E+00
.5250E+03 .1949E+01 .1215E+01 .1366E+00 .5521E+00 .4156E+00 .1215E+01 .1432E+00 .1358E+01 .1215E+01 .1366E+00 .1531E+00
.5260E+03 .1863E+01 .1164E+01 .1297E+00 .5277E+00 .3980E+00 .1164E+01 .1366E+00 .1300E+01 .1164E+01 .1297E+00 .1471E+00
.5270E+03 .1759E+01 .1097E+01 .1213E+00 .4964E+00 .3751E+00 .1097E+01 .1281E+00 .1225E+01 .1097E+01 .1213E+00 .1388E+00
.5280E+03 .1863E+01 .1162E+01 .1274E+00 .5248E+00 .3974E+00 .1162E+01 .1350E+00 .1297E+01 .1162E+01 .1274E+00 .1472E+00
.5290E+03 .1966E+01 .1225E+01 .1334E+00 .5524E+00 .4190E+00 .1225E+01 .1419E+00 .1367E+01 .1225E+01 .1334E+00 .1558E+00
.5300E+03 .1939E+01 .1210E+01 .1307E+00 .5445E+00 .4138E+00 .1210E+01 .1398E+00 .1350E+01 .1210E+01 .1307E+00 .1546E+00
.5310E+03 .1969E+01 .1230E+01 .1319E+00 .5527E+00 .4207E+00 .1230E+01 .1417E+00 .1372E+01 .1230E+01 .1319E+00 .1579E+00
.5320E+03 .1902E+01 .1190E+01 .1267E+00 .5339E+00 .4071E+00 .1190E+01 .1366E+00 .1327E+01 .1190E+01 .1267E+00 .1533E+00
.5330E+03 .1846E+01 .1158E+01 .1224E+00 .5183E+00 .3959E+00 .1158E+01 .1324E+00 .1290E+01 .1158E+01 .1224E+00 .1495E+00
.5340E+03 .1899E+01 .1194E+01 .1254E+00 .5337E+00 .4083E+00 .1194E+01 .1362E+00 .1330E+01 .1194E+01 .1254E+00 .1546E+00
.5350E+03 .1938E+01 .1221E+01 .1275E+00 .5452E+00 .4177E+00 .1221E+01 .1389E+00 .1360E+01 .1221E+01 .1275E+00 .1586E+00
.5360E+03 .1954E+01 .1234E+01 .1280E+00 .5500E+00 .4220E+00 .1234E+01 .1399E+00 .1374E+01 .1234E+01 .1280E+00 .1606E+00
.5370E+03 .1875E+01 .1187E+01 .1224E+00 .5284E+00 .4060E+00 .1187E+01 .1341E+00 .1321E+01 .1187E+01 .1224E+00 .1546E+00
.5380E+03 .1907E+01 .1210E+01 .1239E+00 .5378E+00 .4139E+00 .1210E+01 .1362E+00 .1346E+01 .1210E+01 .1239E+00 .1578E+00
.5390E+03 .1891E+01 .1202E+01 .1223E+00 .5335E+00 .4111E+00 .1202E+01 .1351E+00 .1337E+01 .1202E+01 .1223E+00 .1576E+00
.5400E+03 .1814E+01 .1152E+01 .1165E+00 .5104E+00 .3938E+00 .1152E+01 .1293E+00 .1281E+01 .1152E+01 .1165E+00 .1517E+00
.5410E+03 .1832E+01 .1154E+01 .1163E+00 .5110E+00 .3947E+00 .1154E+01 .1297E+00 .1284E+01 .1154E+01 .1163E+00 .1525E+00
.5420E+03 .1892E+01 .1191E+01 .1193E+00 .5267E+00 .4075E+00 .1191E+01 .1336E+00 .1325E+01 .1191E+01 .1193E+00 .1576E+00
.5430E+03 .1867E+01 .1189E+01 .1177E+00 .5243E+00 .4065E+00 .1189E+01 .1328E+00 .1321E+01 .1189E+01 .1177E+00 .1573E+00
.5440E+03 .1904E+01 .1205E+01 .1189E+00 .5311E+00 .4122E+00 .1205E+01 .1350E+00 .1340E+01 .1205E+01 .1189E+00 .1607E+00
.5450E+03 .1897E+01 .1205E+01 .1180E+00 .5301E+00 .4120E+00 .1205E+01 .1350E+00 .1340E+01 .1205E+01 .1180E+00 .1618E+00
.5460E+03 .1910E+01 .1204E+01 .1175E+00 .5293E+00 .4118E+00 .1204E+01 .1351E+00 .1339E+01 .1204E+01 .1175E+00 .1622E+00
.5470E+03 .1905E+01 .1210E+01 .1171E+00 .5308E+00 .4137E+00 .1210E+01 .1353E+00 .1345E+01 .1210E+01 .1171E+00 .1630E+00
.5480E+03 .1880E+01 .1199E+01 .1152E+00 .5253E+00 .4102E+00 .1199E+01 .1338E+00 .1333E+01 .1199E+01 .1152E+00 .1618E+00
.5490E+03 .1884E+01 .1207E+01 .1151E+00 .5279E+00 .4128E+00 .1207E+01 .1345E+00 .1341E+01 .1207E+01 .1151E+00 .1633E+00
.5500E+03 .1906E+01 .1225E+01 .1160E+00 .5348E+00 .4188E+00 .1225E+01 .1364E+00 .1361E+01 .1225E+01 .1160E+00 .1661E+00
.5510E+03 .1882E+01 .1213E+01 .1141E+00 .5289E+00 .4148E+00 .1213E+01 .1348E+00 .1348E+01 .1213E+01 .1141E+00 .1648E+00
.5520E+03 .1895E+01 .1224E+01 .1143E+00 .5328E+00 .4185E+00 .1224E+01 .1358E+00 .1359E+01 .1224E+01 .1143E+00 .1664E+00
.5530E+03 .1862E+01 .1203E+01 .1117E+00 .5231E+00 .4115E+00 .1203E+01 .1334E+00 .1336E+01 .1203E+01 .1117E+00 .1639E+00
.5540E+03 .1907E+01 .1233E+01 .1138E+00 .5355E+00 .4218E+00 .1233E+01 .1366E+00 .1370E+01 .1233E+01 .1138E+00 .1685E+00
.5550E+03 .1912E+01 .1236E+01 .1133E+00 .5361E+00 .4228E+00 .1236E+01 .1369E+00 .1373E+01 .1236E+01 .1133E+00 .1694E+00
.5560E+03 .1888E+01 .1221E+01 .1112E+00 .5288E+00 .4176E+00 .1221E+01 .1350E+00 .1356E+01 .1221E+01 .1112E+00 .1674E+00
.5570E+03 .1831E+01 .1184E+01 .1071E+00 .5121E+00 .4050E+00 .1184E+01 .1307E+00 .1315E+01 .1184E+01 .1071E+00 .1625E+00
.5580E+03 .1820E+01 .1176E+01 .1056E+00 .5077E+00 .4021E+00 .1176E+01 .1295E+00 .1305E+01 .1176E+01 .1056E+00 .1614E+00
.5590E+03 .1789E+01 .1154E+01 .1030E+00 .4978E+00 .3948E+00 .1154E+01 .1269E+00 .1281E+01 .1154E+01 .1030E+00 .1586E+00
.5600E+03 .1813E+01 .1171E+01 .1037E+00 .5042E+00 .4005E+00 .1171E+01 .1285E+00 .1299E+01 .1171E+01 .1037E+00 .1611E+00
.5610E+03 .1839E+01 .1188E+01 .1044E+00 .5109E+00 .4065E+00 .1188E+01 .1301E+00 .1319E+01 .1188E+01 .1044E+00 .1636E+00
.5620E+03 .1829E+01 .1181E+01 .1031E+00 .5071E+00 .4040E+00 .1181E+01 .1291E+00 .1310E+01 .1181E+01 .1031E+00 .1627E+00
.5630E+03 .1883E+01 .1215E+01 .1053E+00 .5208E+00 .4155E+00 .1215E+01 .1326E+00 .1347E+01 .1215E+01 .1053E+00 .1677E+00
.5640E+03 .1835E+01 .1183E+01 .1019E+00 .5064E+00 .4045E+00 .1183E+01 .1290E+00 .1312E+01 .1183E+01 .1019E+00 .1637E+00
.5650E+03 .1822E+01 .1174E+01 .1005E+00 .5019E+00 .4015E+00 .1174E+01 .1280E+00 .1302E+01 .1174E+01 .1005E+00 .1629E+00
.5660E+03 .1798E+01 .1157E+01 .9848E-01 .4943E+00 .3959E+00 .1157E+01 .1260E+00 .1283E+01 .1157E+01 .9848E-01 .1608E+00
.5670E+03 .1836E+01 .1179E+01 .9977E-01 .5031E+00 .4034E+00 .1179E+01 .1283E+00 .1308E+01 .1179E+01 .9977E-01 .1640E+00
.5680E+03 .1830E+01 .1162E+01 .9806E-01 .4955E+00 .3975E+00 .1162E+01 .1266E+00 .1289E+01 .1162E+01 .9806E-01 .1621E+00
.5690E+03 .1808E+01 .1115E+01 .9436E-01 .4758E+00 .3814E+00 .1115E+01 .1221E+00 .1237E+01 .1115E+01 .9436E-01 .1562E+00
.5700E+03 .1804E+01 .1126E+01 .9437E-01 .4795E+00 .3851E+00 .1126E+01 .1230E+00 .1249E+01 .1126E+01 .9437E-01 .1580E+00
.5710E+03 .1787E+01 .1134E+01 .9396E-01 .4817E+00 .3877E+00 .1134E+01 .1233E+00 .1257E+01 .1134E+01 .9396E-01 .1592E+00
.5720E+03 .1844E+01 .1151E+01 .9532E-01 .4891E+00 .3938E+00 .1151E+01 .1255E+00 .1277E+01 .1151E+01 .9532E-01 .1620E+00
.5730E+03 .1866E+01 .1167E+01 .9606E-01 .4953E+00 .3992E+00 .1167E+01 .1272E+00 .1294E+01 .1167E+01 .9606E-01 .1647E+00
.5740E+03 .1863E+01 .1166E+01 .9550E-01 .4944E+00 .3989E+00 .1166E+01 .1272E+00 .1293E+01 .1166E+01 .9550E-01 .1653E+00
.5750E+03 .1833E+01 .1144E+01 .9337E-01 .4848E+00 .3914E+00 .1144E+01 .1250E+00 .1269E+01 .1144E+01 .9337E-01 .1629E+00
.5760E+03 .1816E+01 .1137E+01 .9228E-01 .4812E+00 .3889E+00 .1137E+01 .1241E+00 .1261E+01 .1137E+01 .9228E-01 .1621E+00
.5770E+03 .1834E+01 .1152E+01 .9301E-01 .4871E+00 .3941E+00 .1152E+01 .1257E+00 .1278E+01 .1152E+01 .9301E-01 .1645E+00
.5780E+03 .1801E+01 .1141E+01 .9148E-01 .4817E+00 .3902E+00 .1141E+01 .1243E+00 .1265E+01 .1141E+01 .9148E-01 .1632E+00
.5790E+03 .1799E+01 .1150E+01 .9158E-01 .4848E+00 .3932E+00 .1150E+01 .1252E+00 .1275E+01 .1150E+01 .9158E-01 .1649E+00
.5800E+03 .1819E+01 .1174E+01 .9285E-01 .4943E+00 .4015E+00 .1174E+01 .1277E+00 .1302E+01 .1174E+01 .9285E-01 .1687E+00
.5810E+03 .1818E+01 .1182E+01 .9292E-01 .4973E+00 .4044E+00 .1182E+01 .1284E+00 .1311E+01 .1182E+01 .9292E-01 .1700E+00
.5820E+03 .1843E+01 .1207E+01 .9426E-01 .5071E+00 .4128E+00 .1207E+01 .1309E+00 .1338E+01 .1207E+01 .9426E-01 .1737E+00
.5830E+03 .1840E+01 .1213E+01 .9417E-01 .5090E+00 .4148E+00 .1213E+01 .1315E+00 .1344E+01 .1213E+01 .9417E-01 .1752E+00
.5840E+03 .1851E+01 .1224E+01 .9457E-01 .5132E+00 .4186E+00 .1224E+01 .1329E+00 .1357E+01 .1224E+01 .9457E-01 .1777E+00
.5850E+03 .1803E+01 .1194E+01 .9184E-01 .5004E+00 .4085E+00 .1194E+01 .1298E+00 .1324E+01 .1194E+01 .9184E-01 .1739E+00
.5860E+03 .1766E+01 .1166E+01 .8933E-01 .4882E+00 .3988E+00 .1166E+01 .1266E+00 .1293E+01 .1166E+01 .8933E-01 .1697E+00
.5870E+03 .1811E+01 .1180E+01 .9034E-01 .4940E+00 .4037E+00 .1180E+01 .1283E+00 .1309E+01 .1180E+01 .9034E-01 .1718E+00
.5880E+03 .1794E+01 .1114E+01 .8612E-01 .4671E+00 .3810E+00 .1114E+01 .1223E+00 .1236E+01 .1114E+01 .8612E-01 .1632E+00
.5890E+03 .1647E+01 .9387E+00 .7388E-01 .3949E+00 .3210E+00 .9387E+00 .1047E+00 .1043E+01 .9387E+00 .7388E-01 .1387E+00
.5900E+03 .1717E+01 .9848E+00 .7705E-01 .4139E+00 .3368E+00 .9848E+00 .1098E+00 .1095E+01 .9848E+00 .7705E-01 .1460E+00
.5910E+03 .1783E+01 .1066E+01 .8206E-01 .4466E+00 .3645E+00 .1066E+01 .1181E+00 .1184E+01 .1066E+01 .8206E-01 .1581E+00
.5920E+03 .1781E+01 .1046E+01 .8035E-01 .4381E+00 .3578E+00 .1046E+01 .1161E+00 .1162E+01 .1046E+01 .8035E-01 .1557E+00
.5930E+03 .1785E+01 .1086E+01 .8204E-01 .4536E+00 .3716E+00 .1086E+01 .1196E+00 .1206E+01 .1086E+01 .8204E-01 .1616E+00
.5940E+03 .1782E+01 .1075E+01 .8078E-01 .4484E+00 .3677E+00 .1075E+01 .1183E+00 .1193E+01 .1075E+01 .8078E-01 .1600E+00
.5950E+03 .1753E+01 .1029E+01 .7761E-01 .4294E+00 .3518E+00 .1029E+01 .1138E+00 .1142E+01 .1029E+01 .7761E-01 .1537E+00
.5960E+03 .1780E+01 .1114E+01 .8201E-01 .4632E+00 .3812E+00 .1114E+01 .1218E+00 .1236E+01 .1114E+01 .8201E-01 .1664E+00
.5970E+03 .1768E+01 .1098E+01 .8052E-01 .4560E+00 .3755E+00 .1098E+01 .1202E+00 .1218E+01 .1098E+01 .8052E-01 .1645E+00
.5980E+03 .1752E+01 .1109E+01 .8036E-01 .4598E+00 .3794E+00 .1109E+01 .1208E+00 .1230E+01 .1109E+01 .8036E-01 .1661E+00
.5990E+03 .1747E+01 .1121E+01 .8041E-01 .4639E+00 .3835E+00 .1121E+01 .1217E+00 .1243E+01 .1121E+01 .8041E-01 .1680E+00
.6000E+03 .1738E+01 .1139E+01 .8074E-01 .4704E+00 .3897E+00 .1139E+01 .1231E+00 .1262E+01 .1139E+01 .8074E-01 .1708E+00
.6010E+03 .1716E+01 .1142E+01 .8016E-01 .4708E+00 .3907E+00 .1142E+01 .1231E+00 .1265E+01 .1142E+01 .8016E-01 .1716E+00
.6020E+03 .1703E+01 .1137E+01 .7933E-01 .4682E+00 .3889E+00 .1137E+01 .1225E+00 .1259E+01 .1137E+01 .7933E-01 .1712E+00
.6030E+03 .1728E+01 .1160E+01 .8042E-01 .4770E+00 .3966E+00 .1160E+01 .1248E+00 .1284E+01 .1160E+01 .8042E-01 .1748E+00
.6040E+03 .1755E+01 .1180E+01 .8144E-01 .4849E+00 .4035E+00 .1180E+01 .1269E+00 .1307E+01 .1180E+01 .8144E-01 .1780E+00
.6050E+03 .1744E+01 .1177E+01 .8085E-01 .4833E+00 .4025E+00 .1177E+01 .1267E+00 .1303E+01 .1177E+01 .8085E-01 .1780E+00
.6060E+03 .1733E+01 .1177E+01 .8044E-01 .4829E+00 .4025E+00 .1177E+01 .1267E+00 .1303E+01 .1177E+01 .8044E-01 .1785E+00
.6070E+03 .1746E+01 .1193E+01 .8117E-01 .4893E+00 .4081E+00 .1193E+01 .1285E+00 .1322E+01 .1193E+01 .8117E-01 .1814E+00
.6080E+03 .1723E+01 .1184E+01 .8015E-01 .4850E+00 .4048E+00 .1184E+01 .1274E+00 .1311E+01 .1184E+01 .8015E-01 .1801E+00
.6090E+03 .1723E+01 .1188E+01 .8013E-01 .4865E+00 .4063E+00 .1188E+01 .1279E+00 .1316E+01 .1188E+01 .8013E-01 .1810E+00
.6100E+03 .1707E+01 .1180E+01 .7931E-01 .4828E+00 .4035E+00 .1180E+01 .1271E+00 .1307E+01 .1180E+01 .7931E-01 .1802E+00
.6110E+03 .1714E+01 .1188E+01 .7961E-01 .4860E+00 .4064E+00 .1188E+01 .1282E+00 .1316E+01 .1188E+01 .7961E-01 .1820E+00
.6120E+03 .1707E+01 .1185E+01 .7916E-01 .4845E+00 .4053E+00 .1185E+01 .1280E+00 .1313E+01 .1185E+01 .7916E-01 .1820E+00
.6130E+03 .1684E+01 .1171E+01 .7795E-01 .4784E+00 .4004E+00 .1171E+01 .1266E+00 .1297E+01 .1171E+01 .7795E-01 .1800E+00
.6140E+03 .1658E+01 .1156E+01 .7670E-01 .4721E+00 .3954E+00 .1156E+01 .1250E+00 .1281E+01 .1156E+01 .7670E-01 .1781E+00
.6150E+03 .1691E+01 .1184E+01 .7822E-01 .4831E+00 .4049E+00 .1184E+01 .1281E+00 .1312E+01 .1184E+01 .7822E-01 .1827E+00
.6160E+03 .1633E+01 .1146E+01 .7548E-01 .4676E+00 .3921E+00 .1146E+01 .1242E+00 .1271E+01 .1146E+01 .7548E-01 .1775E+00
.6170E+03 .1628E+01 .1145E+01 .7514E-01 .4668E+00 .3917E+00 .1145E+01 .1242E+00 .1269E+01 .1145E+01 .7514E-01 .1778E+00
.6180E+03 .1689E+01 .1190E+01 .7780E-01 .4847E+00 .4069E+00 .1190E+01 .1292E+00 .1319E+01 .1190E+01 .7780E-01 .1852E+00
.6190E+03 .1671E+01 .1178E+01 .7681E-01 .4798E+00 .4030E+00 .1178E+01 .1281E+00 .1306E+01 .1178E+01 .7681E-01 .1840E+00
.6200E+03 .1682E+01 .1184E+01 .7699E-01 .4821E+00 .4051E+00 .1184E+01 .1290E+00 .1313E+01 .1184E+01 .7699E-01 .1855E+00
.6210E+03 .1687E+01 .1181E+01 .7668E-01 .4807E+00 .4040E+00 .1181E+01 .1289E+00 .1310E+01 .1181E+01 .7668E-01 .1856E+00
.6220E+03 .1671E+01 .1149E+01 .7477E-01 .4679E+00 .3931E+00 .1149E+01 .1260E+00 .1275E+01 .1149E+01 .7477E-01 .1811E+00
.6230E+03 .1649E+01 .1115E+01 .7266E-01 .4540E+00 .3814E+00 .1115E+01 .1226E+00 .1238E+01 .1115E+01 .7266E-01 .1760E+00
.6240E+03 .1618E+01 .1106E+01 .7158E-01 .4498E+00 .3783E+00 .1106E+01 .1214E+00 .1227E+01 .1106E+01 .7158E-01 .1748E+00
.6250E+03 .1614E+01 .1118E+01 .7187E-01 .4544E+00 .3825E+00 .1118E+01 .1228E+00 .1241E+01 .1118E+01 .7187E-01 .1774E+00
.6260E+03 .1639E+01 .1137E+01 .7283E-01 .4618E+00 .3890E+00 .1137E+01 .1251E+00 .1262E+01 .1137E+01 .7283E-01 .1811E+00
.6270E+03 .1666E+01 .1143E+01 .7321E-01 .4640E+00 .3908E+00 .1143E+01 .1261E+00 .1269E+01 .1143E+01 .7321E-01 .1826E+00
.6280E+03 .1664E+01 .1041E+01 .6840E-01 .4244E+00 .3560E+00 .1041E+01 .1168E+00 .1158E+01 .1041E+01 .6840E-01 .1672E+00
.6290E+03 .1664E+01 .1109E+01 .7119E-01 .4504E+00 .3792E+00 .1109E+01 .1231E+00 .1232E+01 .1109E+01 .7119E-01 .1778E+00
.6300E+03 .1629E+01 .1092E+01 .6978E-01 .4432E+00 .3735E+00 .1092E+01 .1212E+00 .1213E+01 .1092E+01 .6978E-01 .1754E+00
.6310E+03 .1630E+01 .1132E+01 .7133E-01 .4585E+00 .3871E+00 .1132E+01 .1249E+00 .1257E+01 .1132E+01 .7133E-01 .1817E+00
.6320E+03 .1605E+01 .1113E+01 .6993E-01 .4506E+00 .3806E+00 .1113E+01 .1230E+00 .1236E+01 .1113E+01 .6993E-01 .1792E+00
.6330E+03 .1639E+01 .1160E+01 .7224E-01 .4689E+00 .3967E+00 .1160E+01 .1280E+00 .1288E+01 .1160E+01 .7224E-01 .1874E+00
.6340E+03 .1612E+01 .1156E+01 .7154E-01 .4671E+00 .3955E+00 .1156E+01 .1276E+00 .1284E+01 .1156E+01 .7154E-01 .1875E+00
.6350E+03 .1632E+01 .1175E+01 .7237E-01 .4742E+00 .4018E+00 .1175E+01 .1296E+00 .1304E+01 .1175E+01 .7237E-01 .1907E+00
.6360E+03 .1604E+01 .1161E+01 .7119E-01 .4682E+00 .3970E+00 .1161E+01 .1281E+00 .1289E+01 .1161E+01 .7119E-01 .1886E+00
.6370E+03 .1626E+01 .1179E+01 .7207E-01 .4754E+00 .4033E+00 .1179E+01 .1302E+00 .1309E+01 .1179E+01 .7207E-01 .1920E+00
.6380E+03 .1634E+01 .1196E+01 .7270E-01 .4818E+00 .4091E+00 .1196E+01 .1320E+00 .1328E+01 .1196E+01 .7270E-01 .1952E+00
.6390E+03 .1612E+01 .1185E+01 .7173E-01 .4770E+00 .4053E+00 .1185E+01 .1309E+00 .1316E+01 .1185E+01 .7173E-01 .1938E+00
.6400E+03 .1592E+01 .1177E+01 .7093E-01 .4735E+00 .4026E+00 .1177E+01 .1300E+00 .1307E+01 .1177E+01 .7093E-01 .1927E+00
.6410E+03 .1588E+01 .1178E+01 .7070E-01 .4736E+00 .4029E+00 .1178E+01 .1301E+00 .1308E+01 .1178E+01 .7070E-01 .1931E+00
.6420E+03 .1577E+01 .1175E+01 .7026E-01 .4723E+00 .4020E+00 .1175E+01 .1300E+00 .1305E+01 .1175E+01 .7026E-01 .1933E+00
.6430E+03 .1598E+01 .1188E+01 .7091E-01 .4773E+00 .4064E+00 .1188E+01 .1318E+00 .1320E+01 .1188E+01 .7091E-01 .1963E+00
.6440E+03 .1589E+01 .1187E+01 .7054E-01 .4765E+00 .4060E+00 .1187E+01 .1317E+00 .1319E+01 .1187E+01 .7054E-01 .1967E+00
.6450E+03 .1594E+01 .1183E+01 .7023E-01 .4749E+00 .4047E+00 .1183E+01 .1315E+00 .1315E+01 .1183E+01 .7023E-01 .1964E+00
.6460E+03 .1570E+01 .1134E+01 .6764E-01 .4556E+00 .3880E+00 .1134E+01 .1267E+00 .1261E+01 .1134E+01 .6764E-01 .1887E+00
.6470E+03 .1578E+01 .1087E+01 .6552E-01 .4373E+00 .3718E+00 .1087E+01 .1225E+00 .1209E+01 .1087E+01 .6552E-01 .1816E+00
.6480E+03 .1592E+01 .1081E+01 .6501E-01 .4347E+00 .3697E+00 .1081E+01 .1221E+00 .1203E+01 .1081E+01 .6501E-01 .1812E+00
.6490E+03 .1561E+01 .1062E+01 .6368E-01 .4268E+00 .3631E+00 .1062E+01 .1200E+00 .1182E+01 .1062E+01 .6368E-01 .1783E+00
.6500E+03 .1530E+01 .1110E+01 .6520E-01 .4449E+00 .3797E+00 .1110E+01 .1243E+00 .1234E+01 .1110E+01 .6520E-01 .1862E+00
.6510E+03 .1587E+01 .1166E+01 .6808E-01 .4667E+00 .3987E+00 .1166E+01 .1304E+00 .1296E+01 .1166E+01 .6808E-01 .1956E+00
.6520E+03 .1569E+01 .1062E+01 .6308E-01 .4263E+00 .3632E+00 .1062E+01 .1203E+00 .1182E+01 .1062E+01 .6308E-01 .1792E+00
.6530E+03 .1567E+01 .1150E+01 .6671E-01 .4600E+00 .3933E+00 .1150E+01 .1289E+00 .1279E+01 .1150E+01 .6671E-01 .1940E+00
.6540E+03 .1544E+01 .1140E+01 .6588E-01 .4557E+00 .3898E+00 .1140E+01 .1278E+00 .1268E+01 .1140E+01 .6588E-01 .1926E+00
.6550E+03 .1510E+01 .1076E+01 .6243E-01 .4304E+00 .3679E+00 .1076E+01 .1212E+00 .1197E+01 .1076E+01 .6243E-01 .1822E+00
.6560E+03 .1322E+01 .9625E+00 .5550E-01 .3847E+00 .3292E+00 .9625E+00 .1083E+00 .1071E+01 .9625E+00 .5550E-01 .1631E+00
.6570E+03 .1357E+01 .9871E+00 .5674E-01 .3943E+00 .3376E+00 .9871E+00 .1113E+00 .1098E+01 .9871E+00 .5674E-01 .1680E+00
.6580E+03 .1510E+01 .1120E+01 .6383E-01 .4469E+00 .3831E+00 .1120E+01 .1262E+00 .1246E+01 .1120E+01 .6383E-01 .1913E+00
.6590E+03 .1514E+01 .1129E+01 .6411E-01 .4501E+00 .3860E+00 .1129E+01 .1273E+00 .1256E+01 .1129E+01 .6411E-01 .1931E+00
.6600E+03 .1518E+01 .1125E+01 .6382E-01 .4485E+00 .3846E+00 .1125E+01 .1270E+00 .1252E+01 .1125E+01 .6382E-01 .1928E+00
.6610E+03 .1528E+01 .1120E+01 .6357E-01 .4466E+00 .3830E+00 .1120E+01 .1268E+00 .1247E+01 .1120E+01 .6357E-01 .1923E+00
.6620E+03 .1538E+01 .1108E+01 .6306E-01 .4420E+00 .3790E+00 .1108E+01 .1261E+00 .1234E+01 .1108E+01 .6306E-01 .1912E+00
.6630E+03 .1505E+01 .1097E+01 .6202E-01 .4371E+00 .3751E+00 .1097E+01 .1248E+00 .1221E+01 .1097E+01 .6202E-01 .1899E+00
.6640E+03 .1513E+01 .1133E+01 .6336E-01 .4509E+00 .3875E+00 .1133E+01 .1285E+00 .1262E+01 .1133E+01 .6336E-01 .1964E+00
.6650E+03 .1507E+01 .1148E+01 .6368E-01 .4564E+00 .3927E+00 .1148E+01 .1300E+00 .1278E+01 .1148E+01 .6368E-01 .1991E+00
.6660E+03 .1505E+01 .1162E+01 .6399E-01 .4613E+00 .3973E+00 .1162E+01 .1313E+00 .1293E+01 .1162E+01 .6399E-01 .2017E+00
.6670E+03 .1500E+01 .1169E+01 .6405E-01 .4640E+00 .3999E+00 .1169E+01 .1321E+00 .1301E+01 .1169E+01 .6405E-01 .2035E+00
.6680E+03 .1497E+01 .1176E+01 .6409E-01 .4663E+00 .4022E+00 .1176E+01 .1329E+00 .1309E+01 .1176E+01 .6409E-01 .2051E+00
.6690E+03 .1518E+01 .1196E+01 .6496E-01 .4742E+00 .4092E+00 .1196E+01 .1353E+00 .1332E+01 .1196E+01 .6496E-01 .2089E+00
.6700E+03 .1510E+01 .1194E+01 .6455E-01 .4729E+00 .4083E+00 .1194E+01 .1350E+00 .1329E+01 .1194E+01 .6455E-01 .2087E+00
.6710E+03 .1508E+01 .1195E+01 .6439E-01 .4731E+00 .4087E+00 .1195E+01 .1353E+00 .1330E+01 .1195E+01 .6439E-01 .2094E+00
.6720E+03 .1494E+01 .1186E+01 .6372E-01 .4693E+00 .4056E+00 .1186E+01 .1346E+00 .1320E+01 .1186E+01 .6372E-01 .2090E+00
.6730E+03 .1515E+01 .1205E+01 .6457E-01 .4767E+00 .4122E+00 .1205E+01 .1372E+00 .1342E+01 .1205E+01 .6457E-01 .2136E+00
.6740E+03 .1508E+01 .1202E+01 .6416E-01 .4752E+00 .4111E+00 .1202E+01 .1368E+00 .1339E+01 .1202E+01 .6416E-01 .2132E+00
.6750E+03 .1493E+01 .1192E+01 .6341E-01 .4711E+00 .4077E+00 .1192E+01 .1358E+00 .1328E+01 .1192E+01 .6341E-01 .2117E+00
.6760E+03 .1502E+01 .1201E+01 .6367E-01 .4744E+00 .4107E+00 .1201E+01 .1369E+00 .1338E+01 .1201E+01 .6367E-01 .2138E+00
.6770E+03 .1486E+01 .1189E+01 .6288E-01 .4697E+00 .4068E+00 .1189E+01 .1359E+00 .1325E+01 .1189E+01 .6288E-01 .2126E+00
.6780E+03 .1489E+01 .1193E+01 .6287E-01 .4708E+00 .4080E+00 .1193E+01 .1365E+00 .1329E+01 .1193E+01 .6287E-01 .2140E+00
.6790E+03 .1464E+01 .1174E+01 .6169E-01 .4633E+00 .4016E+00 .1174E+01 .1346E+00 .1309E+01 .1174E+01 .6169E-01 .2112E+00
.6800E+03 .1475E+01 .1185E+01 .6203E-01 .4672E+00 .4052E+00 .1185E+01 .1359E+00 .1321E+01 .1185E+01 .6203E-01 .2136E+00
.6810E+03 .1465E+01 .1178E+01 .6146E-01 .4643E+00 .4028E+00 .1178E+01 .1353E+00 .1313E+01 .1178E+01 .6146E-01 .2129E+00
.6820E+03 .1463E+01 .1177E+01 .6121E-01 .4638E+00 .4026E+00 .1177E+01 .1353E+00 .1312E+01 .1177E+01 .6121E-01 .2132E+00
.6830E+03 .1460E+01 .1175E+01 .6092E-01 .4629E+00 .4020E+00 .1175E+01 .1352E+00 .1311E+01 .1175E+01 .6092E-01 .2134E+00
.6840E+03 .1453E+01 .1169E+01 .6040E-01 .4602E+00 .3998E+00 .1169E+01 .1346E+00 .1304E+01 .1169E+01 .6040E-01 .2124E+00
.6850E+03 .1464E+01 .1182E+01 .6079E-01 .4649E+00 .4041E+00 .1182E+01 .1360E+00 .1318E+01 .1182E+01 .6079E-01 .2149E+00
.6860E+03 .1457E+01 .1174E+01 .6024E-01 .4616E+00 .4014E+00 .1174E+01 .1353E+00 .1309E+01 .1174E+01 .6024E-01 .2141E+00
.6870E+03 .1475E+01 .6876E+00 .4191E-01 .2771E+00 .2352E+00 .6876E+00 .8740E-01 .7750E+00 .6876E+00 .4191E-01 .1287E+00
.6880E+03 .1458E+01 .8501E+00 .4803E-01 .3388E+00 .2907E+00 .8501E+00 .1039E+00 .9540E+00 .8501E+00 .4803E-01 .1581E+00
.6890E+03 .1455E+01 .8541E+00 .4800E-01 .3401E+00 .2921E+00 .8541E+00 .1043E+00 .9584E+00 .8541E+00 .4800E-01 .1590E+00
.6900E+03 .1445E+01 .9099E+00 .4985E-01 .3610E+00 .3112E+00 .9099E+00 .1098E+00 .1020E+01 .9099E+00 .4985E-01 .1691E+00
.6910E+03 .1434E+01 .9692E+00 .5178E-01 .3833E+00 .3315E+00 .9692E+00 .1158E+00 .1085E+01 .9692E+00 .5178E-01 .1802E+00
.6920E+03 .1421E+01 .9964E+00 .5245E-01 .3933E+00 .3408E+00 .9964E+00 .1185E+00 .1115E+01 .9964E+00 .5245E-01 .1857E+00
.6930E+03 .1423E+01 .9305E+00 .4962E-01 .3679E+00 .3182E+00 .9305E+00 .1118E+00 .1042E+01 .9305E+00 .4962E-01 .1743E+00
.6940E+03 .1427E+01 .9104E+00 .4816E-01 .3595E+00 .3114E+00 .9104E+00 .1091E+00 .1019E+01 .9104E+00 .4816E-01 .1706E+00
.6950E+03 .1427E+01 .9918E+00 .5118E-01 .3904E+00 .3392E+00 .9918E+00 .1175E+00 .1109E+01 .9918E+00 .5118E-01 .1855E+00
.6960E+03 .1439E+01 .9963E+00 .5114E-01 .3919E+00 .3407E+00 .9963E+00 .1181E+00 .1114E+01 .9963E+00 .5114E-01 .1869E+00
.6970E+03 .1433E+01 .1112E+01 .5589E-01 .4363E+00 .3805E+00 .1112E+01 .1309E+00 .1243E+01 .1112E+01 .5589E-01 .2090E+00
.6980E+03 .1413E+01 .1092E+01 .5477E-01 .4284E+00 .3736E+00 .1092E+01 .1288E+00 .1221E+01 .1092E+01 .5477E-01 .2058E+00
.6990E+03 .1432E+01 .1026E+01 .5206E-01 .4028E+00 .3508E+00 .1026E+01 .1219E+00 .1148E+01 .1026E+01 .5206E-01 .1938E+00
.7000E+03 .1414E+01 .1008E+01 .5109E-01 .3957E+00 .3446E+00 .1008E+01 .1199E+00 .1128E+01 .1008E+01 .5109E-01 .1906E+00
.7010E+03 .1411E+01 .9750E+00 .4986E-01 .3833E+00 .3335E+00 .9750E+00 .1170E+00 .1092E+01 .9750E+00 .4986E-01 .1853E+00
.7020E+03 .1403E+01 .1002E+01 .5068E-01 .3935E+00 .3428E+00 .1002E+01 .1199E+00 .1122E+01 .1002E+01 .5068E-01 .1910E+00
.7030E+03 .1409E+01 .1010E+01 .5067E-01 .3962E+00 .3455E+00 .1010E+01 .1207E+00 .1131E+01 .1010E+01 .5067E-01 .1929E+00
.7040E+03 .1423E+01 .1069E+01 .5290E-01 .4186E+00 .3657E+00 .1069E+01 .1271E+00 .1196E+01 .1069E+01 .5290E-01 .2041E+00
.7050E+03 .1425E+01 .1057E+01 .5245E-01 .4140E+00 .3616E+00 .1057E+01 .1261E+00 .1183E+01 .1057E+01 .5245E-01 .2021E+00
.7060E+03 .1411E+01 .1072E+01 .5273E-01 .4193E+00 .3665E+00 .1072E+01 .1276E+00 .1199E+01 .1072E+01 .5273E-01 .2052E+00
.7070E+03 .1408E+01 .1075E+01 .5266E-01 .4204E+00 .3677E+00 .1075E+01 .1281E+00 .1203E+01 .1075E+01 .5266E-01 .2063E+00
.7080E+03 .1411E+01 .1077E+01 .5261E-01 .4209E+00 .3683E+00 .1077E+01 .1284E+00 .1205E+01 .1077E+01 .5261E-01 .2070E+00
.7090E+03 .1397E+01 .1103E+01 .5320E-01 .4305E+00 .3773E+00 .1103E+01 .1309E+00 .1234E+01 .1103E+01 .5320E-01 .2120E+00
.7100E+03 .1404E+01 .1089E+01 .5266E-01 .4251E+00 .3725E+00 .1089E+01 .1297E+00 .1219E+01 .1089E+01 .5266E-01 .2098E+00
.7110E+03 .1397E+01 .1097E+01 .5271E-01 .4279E+00 .3752E+00 .1097E+01 .1309E+00 .1228E+01 .1097E+01 .5271E-01 .2126E+00
.7120E+03 .1386E+01 .1105E+01 .5271E-01 .4307E+00 .3779E+00 .1105E+01 .1320E+00 .1237E+01 .1105E+01 .5271E-01 .2153E+00
.7130E+03 .1378E+01 .1083E+01 .5175E-01 .4223E+00 .3706E+00 .1083E+01 .1298E+00 .1213E+01 .1083E+01 .5175E-01 .2116E+00
.7140E+03 .1383E+01 .1091E+01 .5182E-01 .4250E+00 .3731E+00 .1091E+01 .1305E+00 .1221E+01 .1091E+01 .5182E-01 .2129E+00
.7150E+03 .1357E+01 .1031E+01 .4929E-01 .4018E+00 .3525E+00 .1031E+01 .1239E+00 .1154E+01 .1031E+01 .4929E-01 .2015E+00
.7160E+03 .1364E+01 .1022E+01 .4888E-01 .3985E+00 .3496E+00 .1022E+01 .1233E+00 .1145E+01 .1022E+01 .4888E-01 .2006E+00
.7170E+03 .1383E+01 .7265E+00 .3755E-01 .2860E+00 .2485E+00 .7265E+00 .9157E-01 .8180E+00 .7265E+00 .3755E-01 .1445E+00
.7180E+03 .1361E+01 .6397E+00 .3338E-01 .2522E+00 .2188E+00 .6397E+00 .8126E-01 .7210E+00 .6397E+00 .3338E-01 .1278E+00
.7190E+03 .1336E+01 .6046E+00 .3110E-01 .2379E+00 .2068E+00 .6046E+00 .7643E-01 .6810E+00 .6046E+00 .3110E-01 .1209E+00
.7200E+03 .1362E+01 .6114E+00 .3205E-01 .2412E+00 .2091E+00 .6114E+00 .7826E-01 .6896E+00 .6114E+00 .3205E-01 .1228E+00
.7210E+03 .1347E+01 .7698E+00 .3804E-01 .3013E+00 .2633E+00 .7698E+00 .9579E-01 .8656E+00 .7698E+00 .3804E-01 .1539E+00
.7220E+03 .1346E+01 .9676E+00 .4595E-01 .3769E+00 .3309E+00 .9676E+00 .1183E+00 .1086E+01 .9676E+00 .4595E-01 .1930E+00
.7230E+03 .1358E+01 .8534E+00 .4117E-01 .3330E+00 .2919E+00 .8534E+00 .1054E+00 .9587E+00 .8534E+00 .4117E-01 .1708E+00
.7240E+03 .1347E+01 .7179E+00 .3552E-01 .2811E+00 .2455E+00 .7179E+00 .8998E-01 .8079E+00 .7179E+00 .3552E-01 .1444E+00
.7250E+03 .1338E+01 .6689E+00 .3369E-01 .2624E+00 .2288E+00 .6689E+00 .8478E-01 .7536E+00 .6689E+00 .3369E-01 .1349E+00
.7260E+03 .1340E+01 .7131E+00 .3551E-01 .2794E+00 .2439E+00 .7131E+00 .9002E-01 .8031E+00 .7131E+00 .3551E-01 .1438E+00
.7270E+03 .1349E+01 .7631E+00 .3709E-01 .2981E+00 .2610E+00 .7631E+00 .9532E-01 .8585E+00 .7631E+00 .3709E-01 .1537E+00
.7280E+03 .1325E+01 .6796E+00 .3364E-01 .2661E+00 .2324E+00 .6796E+00 .8585E-01 .7654E+00 .6796E+00 .3364E-01 .1373E+00
.7290E+03 .1298E+01 .7559E+00 .3621E-01 .2948E+00 .2585E+00 .7559E+00 .9406E-01 .8500E+00 .7559E+00 .3621E-01 .1524E+00
.7300E+03 .1330E+01 .7731E+00 .3762E-01 .3020E+00 .2644E+00 .7731E+00 .9720E-01 .8703E+00 .7731E+00 .3762E-01 .1563E+00
.7310E+03 .1320E+01 .7302E+00 .3546E-01 .2852E+00 .2497E+00 .7302E+00 .9196E-01 .8222E+00 .7302E+00 .3546E-01 .1481E+00
.7320E+03 .1323E+01 .8460E+00 .3965E-01 .3290E+00 .2893E+00 .8460E+00 .1049E+00 .9509E+00 .8460E+00 .3965E-01 .1713E+00
.7330E+03 .1319E+01 .9459E+00 .4338E-01 .3669E+00 .3235E+00 .9459E+00 .1162E+00 .1062E+01 .9459E+00 .4338E-01 .1912E+00
.7340E+03 .1333E+01 .9880E+00 .4478E-01 .3827E+00 .3379E+00 .9880E+00 .1209E+00 .1109E+01 .9880E+00 .4478E-01 .1998E+00
.7350E+03 .1314E+01 .9551E+00 .4338E-01 .3700E+00 .3267E+00 .9551E+00 .1173E+00 .1072E+01 .9551E+00 .4338E-01 .1935E+00
.7360E+03 .1308E+01 .9502E+00 .4318E-01 .3682E+00 .3250E+00 .9502E+00 .1170E+00 .1067E+01 .9502E+00 .4318E-01 .1930E+00
.7370E+03 .1318E+01 .9554E+00 .4320E-01 .3700E+00 .3268E+00 .9554E+00 .1176E+00 .1073E+01 .9554E+00 .4320E-01 .1944E+00
.7380E+03 .1296E+01 .1010E+01 .4476E-01 .3902E+00 .3455E+00 .1010E+01 .1234E+00 .1133E+01 .1010E+01 .4476E-01 .2053E+00
.7390E+03 .1274E+01 .9919E+00 .4373E-01 .3830E+00 .3392E+00 .9919E+00 .1211E+00 .1113E+01 .9919E+00 .4373E-01 .2018E+00
.7400E+03 .1293E+01 .1036E+01 .4523E-01 .3997E+00 .3545E+00 .1036E+01 .1261E+00 .1163E+01 .1036E+01 .4523E-01 .2109E+00
.7410E+03 .1272E+01 .1037E+01 .4493E-01 .3996E+00 .3547E+00 .1037E+01 .1260E+00 .1163E+01 .1037E+01 .4493E-01 .2112E+00
.7420E+03 .1266E+01 .1050E+01 .4514E-01 .4044E+00 .3592E+00 .1050E+01 .1273E+00 .1178E+01 .1050E+01 .4514E-01 .2140E+00
.7430E+03 .1296E+01 .1081E+01 .4624E-01 .4161E+00 .3699E+00 .1081E+01 .1309E+00 .1212E+01 .1081E+01 .4624E-01 .2202E+00
.7440E+03 .1288E+01 .1087E+01 .4615E-01 .4178E+00 .3717E+00 .1087E+01 .1313E+00 .1218E+01 .1087E+01 .4615E-01 .2212E+00
.7450E+03 .1285E+01 .1094E+01 .4619E-01 .4204E+00 .3742E+00 .1094E+01 .1321E+00 .1226E+01 .1094E+01 .4619E-01 .2229E+00
.7460E+03 .1291E+01 .1100E+01 .4626E-01 .4223E+00 .3761E+00 .1100E+01 .1328E+00 .1232E+01 .1100E+01 .4626E-01 .2244E+00
.7470E+03 .1293E+01 .1104E+01 .4627E-01 .4240E+00 .3777E+00 .1104E+01 .1334E+00 .1238E+01 .1104E+01 .4627E-01 .2257E+00
.7480E+03 .1290E+01 .1103E+01 .4606E-01 .4234E+00 .3773E+00 .1103E+01 .1332E+00 .1236E+01 .1103E+01 .4606E-01 .2254E+00
.7490E+03 .1275E+01 .1092E+01 .4541E-01 .4188E+00 .3734E+00 .1092E+01 .1318E+00 .1223E+01 .1092E+01 .4541E-01 .2230E+00
.7500E+03 .1274E+01 .1092E+01 .4528E-01 .4186E+00 .3733E+00 .1092E+01 .1318E+00 .1223E+01 .1092E+01 .4528E-01 .2233E+00
.7510E+03 .1261E+01 .1081E+01 .4471E-01 .4144E+00 .3697E+00 .1081E+01 .1307E+00 .1212E+01 .1081E+01 .4471E-01 .2216E+00
.7520E+03 .1266E+01 .1086E+01 .4481E-01 .4164E+00 .3716E+00 .1086E+01 .1315E+00 .1218E+01 .1086E+01 .4481E-01 .2231E+00
.7530E+03 .1272E+01 .1093E+01 .4493E-01 .4187E+00 .3738E+00 .1093E+01 .1322E+00 .1225E+01 .1093E+01 .4493E-01 .2244E+00
.7540E+03 .1275E+01 .1095E+01 .4491E-01 .4196E+00 .3747E+00 .1095E+01 .1325E+00 .1228E+01 .1095E+01 .4491E-01 .2249E+00
.7550E+03 .1268E+01 .1089E+01 .4454E-01 .4171E+00 .3726E+00 .1089E+01 .1319E+00 .1221E+01 .1089E+01 .4454E-01 .2240E+00
.7560E+03 .1267E+01 .1090E+01 .4443E-01 .4173E+00 .3729E+00 .1090E+01 .1321E+00 .1222E+01 .1090E+01 .4443E-01 .2247E+00
.7570E+03 .1269E+01 .1092E+01 .4439E-01 .4180E+00 .3736E+00 .1092E+01 .1325E+00 .1225E+01 .1092E+01 .4439E-01 .2255E+00
.7580E+03 .1254E+01 .1079E+01 .4372E-01 .4128E+00 .3691E+00 .1079E+01 .1309E+00 .1210E+01 .1079E+01 .4372E-01 .2230E+00
.7590E+03 .1250E+01 .1053E+01 .4282E-01 .4031E+00 .3603E+00 .1053E+01 .1282E+00 .1182E+01 .1053E+01 .4282E-01 .2180E+00
.7600E+03 .1250E+01 .1019E+00 .9318E-02 .4418E-01 .3486E-01 .1019E+00 .1990E-01 .1218E+00 .1019E+00 .9318E-02 .2348E-01
.7610E+03 .1246E+01 .4392E-01 .5529E-02 .2055E-01 .1502E-01 .4392E-01 .1079E-01 .5470E-01 .4392E-01 .5529E-02 .1079E-01
.7620E+03 .1224E+01 .4445E+00 .2346E-01 .1755E+00 .1520E+00 .4445E+00 .6223E-01 .5067E+00 .4445E+00 .2346E-01 .9487E-01
.7630E+03 .1247E+01 .1779E+00 .1306E-01 .7391E-01 .6085E-01 .1779E+00 .3028E-01 .2082E+00 .1779E+00 .1306E-01 .3964E-01
.7640E+03 .1240E+01 .3046E+00 .1831E-01 .1225E+00 .1042E+00 .3046E+00 .4602E-01 .3507E+00 .3046E+00 .1831E-01 .6606E-01
.7650E+03 .1227E+01 .4442E+00 .2325E-01 .1752E+00 .1519E+00 .4442E+00 .6218E-01 .5063E+00 .4442E+00 .2325E-01 .9482E-01
.7660E+03 .1177E+01 .5874E+00 .2753E-01 .2284E+00 .2009E+00 .5874E+00 .7766E-01 .6651E+00 .5874E+00 .2753E-01 .1240E+00
.7670E+03 .1217E+01 .7872E+00 .3384E-01 .3031E+00 .2692E+00 .7872E+00 .9978E-01 .8870E+00 .7872E+00 .3384E-01 .1649E+00
.7680E+03 .1222E+01 .9479E+00 .3839E-01 .3626E+00 .3242E+00 .9479E+00 .1169E+00 .1065E+01 .9479E+00 .3839E-01 .1977E+00
.7690E+03 .1210E+01 .9769E+00 .3897E-01 .3731E+00 .3341E+00 .9769E+00 .1198E+00 .1097E+01 .9769E+00 .3897E-01 .2038E+00
.7700E+03 .1210E+01 .1021E+01 .4006E-01 .3892E+00 .3491E+00 .1021E+01 .1245E+00 .1145E+01 .1021E+01 .4006E-01 .2131E+00
.7710E+03 .1202E+01 .1034E+01 .4021E-01 .3938E+00 .3536E+00 .1034E+01 .1259E+00 .1160E+01 .1034E+01 .4021E-01 .2161E+00
.7720E+03 .1199E+01 .1038E+01 .4015E-01 .3951E+00 .3550E+00 .1038E+01 .1263E+00 .1164E+01 .1038E+01 .4015E-01 .2171E+00
.7730E+03 .1206E+01 .1046E+01 .4029E-01 .3980E+00 .3577E+00 .1046E+01 .1272E+00 .1173E+01 .1046E+01 .4029E-01 .2187E+00
.7740E+03 .1199E+01 .1041E+01 .3996E-01 .3962E+00 .3562E+00 .1041E+01 .1265E+00 .1168E+01 .1041E+01 .3996E-01 .2177E+00
.7750E+03 .1189E+01 .1034E+01 .3952E-01 .3932E+00 .3537E+00 .1034E+01 .1257E+00 .1160E+01 .1034E+01 .3952E-01 .2166E+00
.7760E+03 .1203E+01 .1047E+01 .3988E-01 .3980E+00 .3582E+00 .1047E+01 .1274E+00 .1175E+01 .1047E+01 .3988E-01 .2198E+00
.7770E+03 .1187E+01 .1034E+01 .3923E-01 .3928E+00 .3536E+00 .1034E+01 .1258E+00 .1160E+01 .1034E+01 .3923E-01 .2172E+00
.7780E+03 .1180E+01 .1028E+01 .3885E-01 .3903E+00 .3515E+00 .1028E+01 .1250E+00 .1153E+01 .1028E+01 .3885E-01 .2158E+00
.7790E+03 .1181E+01 .1029E+01 .3876E-01 .3906E+00 .3518E+00 .1029E+01 .1250E+00 .1154E+01 .1029E+01 .3876E-01 .2160E+00
.7800E+03 .1174E+01 .1024E+01 .3844E-01 .3885E+00 .3501E+00 .1024E+01 .1244E+00 .1148E+01 .1024E+01 .3844E-01 .2152E+00
.7810E+03 .1175E+01 .1025E+01 .3838E-01 .3889E+00 .3506E+00 .1025E+01 .1247E+00 .1150E+01 .1025E+01 .3838E-01 .2157E+00
.7820E+03 .1182E+01 .1032E+01 .3852E-01 .3914E+00 .3528E+00 .1032E+01 .1255E+00 .1157E+01 .1032E+01 .3852E-01 .2173E+00
.7830E+03 .1161E+01 .1014E+01 .3776E-01 .3846E+00 .3468E+00 .1014E+01 .1235E+00 .1138E+01 .1014E+01 .3776E-01 .2138E+00
.7840E+03 .1166E+01 .1020E+01 .3786E-01 .3866E+00 .3487E+00 .1020E+01 .1242E+00 .1144E+01 .1020E+01 .3786E-01 .2151E+00
.7850E+03 .1159E+01 .1008E+01 .3739E-01 .3822E+00 .3448E+00 .1008E+01 .1229E+00 .1131E+01 .1008E+01 .3739E-01 .2130E+00
.7860E+03 .1173E+01 .1016E+01 .3764E-01 .3852E+00 .3475E+00 .1016E+01 .1241E+00 .1140E+01 .1016E+01 .3764E-01 .2149E+00
.7870E+03 .1168E+01 .9728E+00 .3634E-01 .3691E+00 .3327E+00 .9728E+00 .1195E+00 .1092E+01 .9728E+00 .3634E-01 .2062E+00
.7880E+03 .1162E+01 .9491E+00 .3553E-01 .3601E+00 .3246E+00 .9491E+00 .1169E+00 .1066E+01 .9491E+00 .3553E-01 .2014E+00
.7890E+03 .1168E+01 .9411E+00 .3521E-01 .3571E+00 .3219E+00 .9411E+00 .1160E+00 .1057E+01 .9411E+00 .3521E-01 .1999E+00
.7900E+03 .1166E+01 .8947E+00 .3368E-01 .3397E+00 .3060E+00 .8947E+00 .1108E+00 .1005E+01 .8947E+00 .3368E-01 .1904E+00
.7910E+03 .1150E+01 .9255E+00 .3440E-01 .3509E+00 .3165E+00 .9255E+00 .1142E+00 .1040E+01 .9255E+00 .3440E-01 .1969E+00
.7920E+03 .1139E+01 .9251E+00 .3418E-01 .3506E+00 .3164E+00 .9251E+00 .1139E+00 .1039E+01 .9251E+00 .3418E-01 .1968E+00
.7930E+03 .1124E+01 .9066E+00 .3345E-01 .3435E+00 .3101E+00 .9066E+00 .1117E+00 .1018E+01 .9066E+00 .3345E-01 .1929E+00
.7940E+03 .1111E+01 .9603E+00 .3481E-01 .3632E+00 .3284E+00 .9603E+00 .1175E+00 .1078E+01 .9603E+00 .3481E-01 .2040E+00
.7950E+03 .1137E+01 .9656E+00 .3506E-01 .3653E+00 .3303E+00 .9656E+00 .1185E+00 .1084E+01 .9656E+00 .3506E-01 .2055E+00
.7960E+03 .1141E+01 .8910E+00 .3288E-01 .3376E+00 .3047E+00 .8910E+00 .1103E+00 .1001E+01 .8910E+00 .3288E-01 .1901E+00
.7970E+03 .1140E+01 .8865E+00 .3275E-01 .3359E+00 .3032E+00 .8865E+00 .1101E+00 .9966E+00 .8865E+00 .3275E-01 .1896E+00
.7980E+03 .1139E+01 .9568E+00 .3457E-01 .3618E+00 .3273E+00 .9568E+00 .1179E+00 .1075E+01 .9568E+00 .3457E-01 .2047E+00
.7990E+03 .1140E+01 .9424E+00 .3406E-01 .3564E+00 .3223E+00 .9424E+00 .1164E+00 .1059E+01 .9424E+00 .3406E-01 .2020E+00
.8000E+03 .1130E+01 .9134E+00 .3309E-01 .3455E+00 .3124E+00 .9134E+00 .1130E+00 .1026E+01 .9134E+00 .3309E-01 .1958E+00
.8010E+03 .1133E+01 .9044E+00 .3276E-01 .3421E+00 .3093E+00 .9044E+00 .1120E+00 .1016E+01 .9044E+00 .3276E-01 .1939E+00
.8020E+03 .1128E+01 .8998E+00 .3255E-01 .3403E+00 .3078E+00 .8998E+00 .1116E+00 .1011E+01 .8998E+00 .3255E-01 .1930E+00
.8030E+03 .1123E+01 .8863E+00 .3208E-01 .3352E+00 .3031E+00 .8863E+00 .1101E+00 .9964E+00 .8863E+00 .3208E-01 .1904E+00
.8040E+03 .1121E+01 .8939E+00 .3215E-01 .3379E+00 .3057E+00 .8939E+00 .1109E+00 .1005E+01 .8939E+00 .3215E-01 .1921E+00
.8050E+03 .1107E+01 .9057E+00 .3226E-01 .3420E+00 .3098E+00 .9057E+00 .1120E+00 .1018E+01 .9057E+00 .3226E-01 .1947E+00
.8060E+03 .1122E+01 .9523E+00 .3349E-01 .3592E+00 .3257E+00 .9523E+00 .1173E+00 .1070E+01 .9523E+00 .3349E-01 .2047E+00
.8070E+03 .1113E+01 .9367E+00 .3290E-01 .3533E+00 .3204E+00 .9367E+00 .1155E+00 .1052E+01 .9367E+00 .3290E-01 .2016E+00
.8080E+03 .1111E+01 .9399E+00 .3289E-01 .3543E+00 .3215E+00 .9399E+00 .1159E+00 .1056E+01 .9399E+00 .3289E-01 .2024E+00
.8090E+03 .1102E+01 .9062E+00 .3184E-01 .3418E+00 .3099E+00 .9062E+00 .1122E+00 .1018E+01 .9062E+00 .3184E-01 .1955E+00
.8100E+03 .1105E+01 .8790E+00 .3103E-01 .3316E+00 .3006E+00 .8790E+00 .1092E+00 .9882E+00 .8790E+00 .3103E-01 .1899E+00
.8110E+03 .1116E+01 .8747E+00 .3076E-01 .3299E+00 .2992E+00 .8747E+00 .1087E+00 .9834E+00 .8747E+00 .3076E-01 .1892E+00
.8120E+03 .1117E+01 .8071E+00 .2901E-01 .3050E+00 .2760E+00 .8071E+00 .1015E+00 .9086E+00 .8071E+00 .2901E-01 .1752E+00
.8130E+03 .1119E+01 .7851E+00 .2809E-01 .2966E+00 .2685E+00 .7851E+00 .9879E-01 .8839E+00 .7851E+00 .2809E-01 .1708E+00
.8140E+03 .1112E+01 .6207E+00 .2295E-01 .2353E+00 .2123E+00 .6207E+00 .7947E-01 .7002E+00 .6207E+00 .2295E-01 .1357E+00
.8150E+03 .1106E+01 .6275E+00 .2293E-01 .2375E+00 .2146E+00 .6275E+00 .7998E-01 .7074E+00 .6275E+00 .2293E-01 .1370E+00
.8160E+03 .1104E+01 .5708E+00 .2103E-01 .2163E+00 .1952E+00 .5708E+00 .7313E-01 .6440E+00 .5708E+00 .2103E-01 .1248E+00
.8170E+03 .1100E+01 .5944E+00 .2175E-01 .2251E+00 .2033E+00 .5944E+00 .7601E-01 .6705E+00 .5944E+00 .2175E-01 .1300E+00
.8180E+03 .1078E+01 .5560E+00 .2057E-01 .2107E+00 .1902E+00 .5560E+00 .7161E-01 .6276E+00 .5560E+00 .2057E-01 .1218E+00
.8190E+03 .1072E+01 .6902E+00 .2452E-01 .2606E+00 .2361E+00 .6902E+00 .8734E-01 .7775E+00 .6902E+00 .2452E-01 .1508E+00
.8200E+03 .1065E+01 .6257E+00 .2245E-01 .2365E+00 .2140E+00 .6257E+00 .7969E-01 .7054E+00 .6257E+00 .2245E-01 .1371E+00
.8210E+03 .1064E+01 .8156E+00 .2796E-01 .3069E+00 .2789E+00 .8156E+00 .1019E+00 .9174E+00 .8156E+00 .2796E-01 .1781E+00
.8220E+03 .1066E+01 .7729E+00 .2667E-01 .2910E+00 .2644E+00 .7729E+00 .9700E-01 .8699E+00 .7729E+00 .2667E-01 .1691E+00
.8230E+03 .1077E+01 .4400E+00 .1652E-01 .1670E+00 .1505E+00 .4400E+00 .5757E-01 .4976E+00 .4400E+00 .1652E-01 .9718E-01
.8240E+03 .1074E+01 .7033E+00 .2480E-01 .2653E+00 .2406E+00 .7033E+00 .8946E-01 .7928E+00 .7033E+00 .2480E-01 .1545E+00
.8250E+03 .1071E+01 .8018E+00 .2716E-01 .3014E+00 .2742E+00 .8018E+00 .1003E+00 .9020E+00 .8018E+00 .2716E-01 .1757E+00
.8260E+03 .1079E+01 .7434E+00 .2551E-01 .2798E+00 .2542E+00 .7434E+00 .9367E-01 .8370E+00 .7434E+00 .2551E-01 .1633E+00
.8270E+03 .1077E+01 .8087E+00 .2737E-01 .3040E+00 .2766E+00 .8087E+00 .1014E+00 .9101E+00 .8087E+00 .2737E-01 .1776E+00
.8280E+03 .1071E+01 .6036E+00 .2144E-01 .2279E+00 .2064E+00 .6036E+00 .7755E-01 .6811E+00 .6036E+00 .2144E-01 .1333E+00
.8290E+03 .1064E+01 .7421E+00 .2520E-01 .2790E+00 .2538E+00 .7421E+00 .9350E-01 .8356E+00 .7421E+00 .2520E-01 .1633E+00
.8300E+03 .1061E+01 .7149E+00 .2438E-01 .2689E+00 .2445E+00 .7149E+00 .9034E-01 .8052E+00 .7149E+00 .2438E-01 .1574E+00
.8310E+03 .1055E+01 .7179E+00 .2444E-01 .2700E+00 .2455E+00 .7179E+00 .9075E-01 .8087E+00 .7179E+00 .2444E-01 .1581E+00
.8320E+03 .1058E+01 .6793E+00 .2325E-01 .2556E+00 .2323E+00 .6793E+00 .8628E-01 .7656E+00 .6793E+00 .2325E-01 .1500E+00
.8330E+03 .1025E+01 .7688E+00 .2576E-01 .2887E+00 .2629E+00 .7688E+00 .9693E-01 .8657E+00 .7688E+00 .2576E-01 .1698E+00
.8340E+03 .1030E+01 .7156E+00 .2414E-01 .2689E+00 .2448E+00 .7156E+00 .9068E-01 .8063E+00 .7156E+00 .2414E-01 .1584E+00
.8350E+03 .1046E+01 .8605E+00 .2796E-01 .3223E+00 .2943E+00 .8605E+00 .1074E+00 .9679E+00 .8605E+00 .2796E-01 .1901E+00
.8360E+03 .1051E+01 .7643E+00 .2556E-01 .2870E+00 .2614E+00 .7643E+00 .9680E-01 .8611E+00 .7643E+00 .2556E-01 .1694E+00
.8370E+03 .1046E+01 .8617E+00 .2791E-01 .3226E+00 .2947E+00 .8617E+00 .1077E+00 .9694E+00 .8617E+00 .2791E-01 .1907E+00
.8380E+03 .1030E+01 .8087E+00 .2645E-01 .3030E+00 .2766E+00 .8087E+00 .1017E+00 .9104E+00 .8087E+00 .2645E-01 .1793E+00
.8390E+03 .1027E+01 .8465E+00 .2739E-01 .3169E+00 .2895E+00 .8465E+00 .1061E+00 .9527E+00 .8465E+00 .2739E-01 .1877E+00
.8400E+03 .1044E+01 .8723E+00 .2805E-01 .3264E+00 .2984E+00 .8723E+00 .1092E+00 .9816E+00 .8723E+00 .2805E-01 .1936E+00
.8410E+03 .1038E+01 .8484E+00 .2735E-01 .3175E+00 .2902E+00 .8484E+00 .1065E+00 .9549E+00 .8484E+00 .2735E-01 .1885E+00
.8420E+03 .1029E+01 .8688E+00 .2768E-01 .3248E+00 .2971E+00 .8688E+00 .1087E+00 .9774E+00 .8688E+00 .2768E-01 .1931E+00
.8430E+03 .1017E+01 .8875E+00 .2794E-01 .3315E+00 .3035E+00 .8875E+00 .1106E+00 .9981E+00 .8875E+00 .2794E-01 .1973E+00
.8440E+03 .1010E+01 .8633E+00 .2725E-01 .3225E+00 .2953E+00 .8633E+00 .1079E+00 .9713E+00 .8633E+00 .2725E-01 .1922E+00
.8450E+03 .1034E+01 .9085E+00 .2840E-01 .3391E+00 .3107E+00 .9085E+00 .1133E+00 .1022E+01 .9085E+00 .2840E-01 .2023E+00
.8460E+03 .1028E+01 .9085E+00 .2826E-01 .3390E+00 .3107E+00 .9085E+00 .1132E+00 .1022E+01 .9085E+00 .2826E-01 .2025E+00
.8470E+03 .1005E+01 .8979E+00 .2777E-01 .3349E+00 .3071E+00 .8979E+00 .1116E+00 .1010E+01 .8979E+00 .2777E-01 .2002E+00
.8480E+03 .1004E+01 .8836E+00 .2736E-01 .3296E+00 .3022E+00 .8836E+00 .1100E+00 .9936E+00 .8836E+00 .2736E-01 .1973E+00
.8490E+03 .9755E+00 .8589E+00 .2650E-01 .3203E+00 .2937E+00 .8589E+00 .1068E+00 .9656E+00 .8589E+00 .2650E-01 .1919E+00
.8500E+03 .9336E+00 .8242E+00 .2534E-01 .3072E+00 .2819E+00 .8242E+00 .1024E+00 .9266E+00 .8242E+00 .2534E-01 .1843E+00
.8510E+03 .9946E+00 .8643E+00 .2659E-01 .3222E+00 .2956E+00 .8643E+00 .1074E+00 .9718E+00 .8643E+00 .2659E-01 .1935E+00
.8520E+03 .9850E+00 .8620E+00 .2638E-01 .3212E+00 .2948E+00 .8620E+00 .1069E+00 .9689E+00 .8620E+00 .2638E-01 .1929E+00
.8530E+03 .9433E+00 .8381E+00 .2547E-01 .3121E+00 .2866E+00 .8381E+00 .1036E+00 .9417E+00 .8381E+00 .2547E-01 .1874E+00
.8540E+03 .8184E+00 .7166E+00 .2181E-01 .2669E+00 .2451E+00 .7166E+00 .8869E-01 .8053E+00 .7166E+00 .2181E-01 .1604E+00
.8550E+03 .8936E+00 .7974E+00 .2408E-01 .2968E+00 .2727E+00 .7974E+00 .9844E-01 .8959E+00 .7974E+00 .2408E-01 .1786E+00
.8560E+03 .9789E+00 .8666E+00 .2616E-01 .3225E+00 .2964E+00 .8666E+00 .1071E+00 .9736E+00 .8666E+00 .2616E-01 .1944E+00
.8570E+03 .9971E+00 .8931E+00 .2682E-01 .3323E+00 .3054E+00 .8931E+00 .1102E+00 .1003E+01 .8931E+00 .2682E-01 .2007E+00
.8580E+03 .9912E+00 .8836E+00 .2651E-01 .3287E+00 .3022E+00 .8836E+00 .1091E+00 .9927E+00 .8836E+00 .2651E-01 .1990E+00
.8590E+03 .9901E+00 .8878E+00 .2652E-01 .3302E+00 .3036E+00 .8878E+00 .1095E+00 .9973E+00 .8878E+00 .2652E-01 .2000E+00
.8600E+03 .9903E+00 .8928E+00 .2656E-01 .3319E+00 .3053E+00 .8928E+00 .1099E+00 .1003E+01 .8928E+00 .2656E-01 .2011E+00
.8610E+03 .9853E+00 .8867E+00 .2633E-01 .3296E+00 .3033E+00 .8867E+00 .1091E+00 .9958E+00 .8867E+00 .2633E-01 .1998E+00
.8620E+03 .1000E+01 .9025E+00 .2673E-01 .3354E+00 .3087E+00 .9025E+00 .1111E+00 .1014E+01 .9025E+00 .2673E-01 .2038E+00
.8630E+03 .1024E+01 .9238E+00 .2730E-01 .3433E+00 .3160E+00 .9238E+00 .1137E+00 .1038E+01 .9238E+00 .2730E-01 .2090E+00
.8640E+03 .9722E+00 .8777E+00 .2588E-01 .3261E+00 .3002E+00 .8777E+00 .1080E+00 .9857E+00 .8777E+00 .2588E-01 .1988E+00
.8650E+03 .9633E+00 .8708E+00 .2560E-01 .3234E+00 .2978E+00 .8708E+00 .1071E+00 .9779E+00 .8708E+00 .2560E-01 .1973E+00
.8660E+03 .8662E+00 .7831E+00 .2297E-01 .2908E+00 .2679E+00 .7831E+00 .9629E-01 .8794E+00 .7831E+00 .2297E-01 .1776E+00
.8670E+03 .9038E+00 .8175E+00 .2392E-01 .3035E+00 .2796E+00 .8175E+00 .1005E+00 .9180E+00 .8175E+00 .2392E-01 .1856E+00
.8680E+03 .9833E+00 .8898E+00 .2596E-01 .3303E+00 .3043E+00 .8898E+00 .1093E+00 .9991E+00 .8898E+00 .2596E-01 .2022E+00
.8690E+03 .9627E+00 .8716E+00 .2537E-01 .3235E+00 .2981E+00 .8716E+00 .1070E+00 .9787E+00 .8716E+00 .2537E-01 .1982E+00
.8700E+03 .9901E+00 .8967E+00 .2603E-01 .3327E+00 .3067E+00 .8967E+00 .1101E+00 .1007E+01 .8967E+00 .2603E-01 .2041E+00
.8710E+03 .9766E+00 .8844E+00 .2561E-01 .3281E+00 .3025E+00 .8844E+00 .1085E+00 .9928E+00 .8844E+00 .2561E-01 .2015E+00
.8720E+03 .9729E+00 .8818E+00 .2547E-01 .3271E+00 .3016E+00 .8818E+00 .1081E+00 .9900E+00 .8818E+00 .2547E-01 .2011E+00
.8730E+03 .9709E+00 .8803E+00 .2536E-01 .3264E+00 .3011E+00 .8803E+00 .1079E+00 .9882E+00 .8803E+00 .2536E-01 .2009E+00
.8740E+03 .9593E+00 .8700E+00 .2499E-01 .3226E+00 .2976E+00 .8700E+00 .1065E+00 .9766E+00 .8700E+00 .2499E-01 .1986E+00
.8750E+03 .9401E+00 .8520E+00 .2441E-01 .3158E+00 .2914E+00 .8520E+00 .1042E+00 .9562E+00 .8520E+00 .2441E-01 .1944E+00
.8760E+03 .9502E+00 .8602E+00 .2459E-01 .3188E+00 .2942E+00 .8602E+00 .1051E+00 .9653E+00 .8602E+00 .2459E-01 .1964E+00
.8770E+03 .9594E+00 .8700E+00 .2479E-01 .3223E+00 .2976E+00 .8700E+00 .1063E+00 .9763E+00 .8700E+00 .2479E-01 .1988E+00
.8780E+03 .9708E+00 .8774E+00 .2496E-01 .3250E+00 .3001E+00 .8774E+00 .1072E+00 .9846E+00 .8774E+00 .2496E-01 .2007E+00
.8790E+03 .9556E+00 .8645E+00 .2452E-01 .3202E+00 .2957E+00 .8645E+00 .1055E+00 .9700E+00 .8645E+00 .2452E-01 .1979E+00
.8800E+03 .9350E+00 .8467E+00 .2395E-01 .3136E+00 .2896E+00 .8467E+00 .1033E+00 .9500E+00 .8467E+00 .2395E-01 .1940E+00
.8810E+03 .9237E+00 .8287E+00 .2344E-01 .3069E+00 .2834E+00 .8287E+00 .1012E+00 .9299E+00 .8287E+00 .2344E-01 .1902E+00
.8820E+03 .9442E+00 .8460E+00 .2388E-01 .3132E+00 .2893E+00 .8460E+00 .1033E+00 .9493E+00 .8460E+00 .2388E-01 .1945E+00
.8830E+03 .9454E+00 .8521E+00 .2394E-01 .3154E+00 .2914E+00 .8521E+00 .1040E+00 .9561E+00 .8521E+00 .2394E-01 .1962E+00
.8840E+03 .9416E+00 .8474E+00 .2376E-01 .3136E+00 .2898E+00 .8474E+00 .1034E+00 .9508E+00 .8474E+00 .2376E-01 .1951E+00
.8850E+03 .9486E+00 .8541E+00 .2388E-01 .3160E+00 .2921E+00 .8541E+00 .1041E+00 .9582E+00 .8541E+00 .2388E-01 .1966E+00
.8860E+03 .9132E+00 .8000E+00 .2245E-01 .2961E+00 .2736E+00 .8000E+00 .9768E-01 .8976E+00 .8000E+00 .2245E-01 .1845E+00
.8870E+03 .9164E+00 .8188E+00 .2282E-01 .3029E+00 .2801E+00 .8188E+00 .9982E-01 .9186E+00 .8188E+00 .2282E-01 .1891E+00
.8880E+03 .9363E+00 .8225E+00 .2293E-01 .3043E+00 .2813E+00 .8225E+00 .1004E+00 .9229E+00 .8225E+00 .2293E-01 .1903E+00
.8890E+03 .9366E+00 .8474E+00 .2341E-01 .3132E+00 .2898E+00 .8474E+00 .1031E+00 .9504E+00 .8474E+00 .2341E-01 .1959E+00
.8900E+03 .9393E+00 .8220E+00 .2285E-01 .3040E+00 .2811E+00 .8220E+00 .1002E+00 .9222E+00 .8220E+00 .2285E-01 .1902E+00
.8910E+03 .9322E+00 .8274E+00 .2286E-01 .3058E+00 .2830E+00 .8274E+00 .1007E+00 .9281E+00 .8274E+00 .2286E-01 .1916E+00
.8920E+03 .9173E+00 .7876E+00 .2188E-01 .2913E+00 .2694E+00 .7876E+00 .9620E-01 .8838E+00 .7876E+00 .2188E-01 .1828E+00
.8930E+03 .9118E+00 .7471E+00 .2082E-01 .2763E+00 .2555E+00 .7471E+00 .9147E-01 .8385E+00 .7471E+00 .2082E-01 .1738E+00
.8940E+03 .9140E+00 .6770E+00 .1926E-01 .2508E+00 .2316E+00 .6770E+00 .8358E-01 .7606E+00 .6770E+00 .1926E-01 .1577E+00
.8950E+03 .9104E+00 .5942E+00 .1734E-01 .2206E+00 .2032E+00 .5942E+00 .7414E-01 .6683E+00 .5942E+00 .1734E-01 .1387E+00
.8960E+03 .9238E+00 .5387E+00 .1582E-01 .2001E+00 .1842E+00 .5387E+00 .6743E-01 .6061E+00 .5387E+00 .1582E-01 .1259E+00
.8970E+03 .9099E+00 .4180E+00 .1271E-01 .1557E+00 .1430E+00 .4180E+00 .5313E-01 .4711E+00 .4180E+00 .1271E-01 .9812E-01
.8980E+03 .9137E+00 .4892E+00 .1457E-01 .1819E+00 .1673E+00 .4892E+00 .6167E-01 .5508E+00 .4892E+00 .1457E-01 .1147E+00
.8990E+03 .9110E+00 .3644E+00 .1110E-01 .1357E+00 .1246E+00 .3644E+00 .4642E-01 .4108E+00 .3644E+00 .1110E-01 .8576E-01
.9000E+03 .8902E+00 .5443E+00 .1564E-01 .2018E+00 .1861E+00 .5443E+00 .6769E-01 .6120E+00 .5443E+00 .1564E-01 .1276E+00
.9010E+03 .8596E+00 .3331E+00 .1047E-01 .1244E+00 .1139E+00 .3331E+00 .4308E-01 .3761E+00 .3331E+00 .1047E-01 .7877E-01
.9020E+03 .8684E+00 .4717E+00 .1387E-01 .1752E+00 .1613E+00 .4717E+00 .5937E-01 .5311E+00 .4717E+00 .1387E-01 .1112E+00
.9030E+03 .9014E+00 .4644E+00 .1378E-01 .1726E+00 .1588E+00 .4644E+00 .5872E-01 .5231E+00 .4644E+00 .1378E-01 .1097E+00
.9040E+03 .9104E+00 .6724E+00 .1875E-01 .2487E+00 .2300E+00 .6724E+00 .8287E-01 .7553E+00 .6724E+00 .1875E-01 .1581E+00
.9050E+03 .9078E+00 .6334E+00 .1776E-01 .2344E+00 .2166E+00 .6334E+00 .7823E-01 .7116E+00 .6334E+00 .1776E-01 .1490E+00
.9060E+03 .8868E+00 .5842E+00 .1640E-01 .2162E+00 .1998E+00 .5842E+00 .7227E-01 .6565E+00 .5842E+00 .1640E-01 .1377E+00
.9070E+03 .8940E+00 .4160E+00 .1234E-01 .1546E+00 .1423E+00 .4160E+00 .5272E-01 .4687E+00 .4160E+00 .1234E-01 .9867E-01
.9080E+03 .8783E+00 .4256E+00 .1250E-01 .1581E+00 .1456E+00 .4256E+00 .5375E-01 .4794E+00 .4256E+00 .1250E-01 .1010E+00
.9090E+03 .8604E+00 .4841E+00 .1394E-01 .1795E+00 .1656E+00 .4841E+00 .6064E-01 .5448E+00 .4841E+00 .1394E-01 .1147E+00
.9100E+03 .8774E+00 .3796E+00 .1139E-01 .1412E+00 .1298E+00 .3796E+00 .4838E-01 .4280E+00 .3796E+00 .1139E-01 .9025E-01
.9110E+03 .8728E+00 .4479E+00 .1275E-01 .1659E+00 .1532E+00 .4479E+00 .5591E-01 .5038E+00 .4479E+00 .1275E-01 .1063E+00
.9120E+03 .8740E+00 .4636E+00 .1343E-01 .1720E+00 .1586E+00 .4636E+00 .5834E-01 .5219E+00 .4636E+00 .1343E-01 .1103E+00
.9130E+03 .8932E+00 .3801E+00 .1137E-01 .1414E+00 .1300E+00 .3801E+00 .4853E-01 .4286E+00 .3801E+00 .1137E-01 .9079E-01
.9140E+03 .8826E+00 .3773E+00 .1127E-01 .1403E+00 .1291E+00 .3773E+00 .4813E-01 .4255E+00 .3773E+00 .1127E-01 .9012E-01
.9150E+03 .8753E+00 .4056E+00 .1215E-01 .1509E+00 .1387E+00 .4056E+00 .5181E-01 .4574E+00 .4056E+00 .1215E-01 .9687E-01
.9160E+03 .8791E+00 .3378E+00 .1008E-01 .1256E+00 .1155E+00 .3378E+00 .4313E-01 .3810E+00 .3378E+00 .1008E-01 .8086E-01
.9170E+03 .8667E+00 .4811E+00 .1381E-01 .1784E+00 .1646E+00 .4811E+00 .6052E-01 .5417E+00 .4811E+00 .1381E-01 .1150E+00
.9180E+03 .8709E+00 .3332E+00 .1008E-01 .1240E+00 .1140E+00 .3332E+00 .4286E-01 .3761E+00 .3332E+00 .1008E-01 .8006E-01
.9190E+03 .8739E+00 .5147E+00 .1444E-01 .1905E+00 .1760E+00 .5147E+00 .6418E-01 .5789E+00 .5147E+00 .1444E-01 .1230E+00
.9200E+03 .8632E+00 .5472E+00 .1481E-01 .2020E+00 .1871E+00 .5472E+00 .6727E-01 .6144E+00 .5472E+00 .1481E-01 .1304E+00
.9210E+03 .8416E+00 .5803E+00 .1577E-01 .2142E+00 .1985E+00 .5803E+00 .7155E-01 .6518E+00 .5803E+00 .1577E-01 .1386E+00
.9220E+03 .8384E+00 .4815E+00 .1334E-01 .1780E+00 .1647E+00 .4815E+00 .5989E-01 .5414E+00 .4815E+00 .1334E-01 .1154E+00
.9230E+03 .8153E+00 .5698E+00 .1531E-01 .2102E+00 .1949E+00 .5698E+00 .7007E-01 .6399E+00 .5698E+00 .1531E-01 .1364E+00
.9240E+03 .8412E+00 .4740E+00 .1335E-01 .1755E+00 .1621E+00 .4740E+00 .5939E-01 .5333E+00 .4740E+00 .1335E-01 .1138E+00
.9250E+03 .8410E+00 .4725E+00 .1318E-01 .1748E+00 .1616E+00 .4725E+00 .5897E-01 .5314E+00 .4725E+00 .1318E-01 .1134E+00
.9260E+03 .8302E+00 .4630E+00 .1308E-01 .1714E+00 .1583E+00 .4630E+00 .5815E-01 .5211E+00 .4630E+00 .1308E-01 .1115E+00
.9270E+03 .8567E+00 .5535E+00 .1529E-01 .2046E+00 .1893E+00 .5535E+00 .6900E-01 .6225E+00 .5535E+00 .1529E-01 .1333E+00
.9280E+03 .8581E+00 .3004E+00 .9280E-02 .1120E+00 .1027E+00 .3004E+00 .3924E-01 .3396E+00 .3004E+00 .9280E-02 .7304E-01
.9290E+03 .8467E+00 .2429E+00 .7838E-02 .9093E-01 .8309E-01 .2429E+00 .3235E-01 .2753E+00 .2429E+00 .7838E-02 .5933E-01
.9300E+03 .8511E+00 .1899E+00 .6504E-02 .7144E-01 .6494E-01 .1899E+00 .2597E-01 .2158E+00 .1899E+00 .6504E-02 .4662E-01
.9310E+03 .8511E+00 .1729E+00 .6082E-02 .6521E-01 .5912E-01 .1729E+00 .2395E-01 .1968E+00 .1729E+00 .6082E-02 .4258E-01
.9320E+03 .8466E+00 .9523E-01 .3918E-02 .3649E-01 .3257E-01 .9523E-01 .1422E-01 .1094E+00 .9523E-01 .3918E-02 .2380E-01
.9330E+03 .8498E+00 .6833E-01 .3041E-02 .2641E-01 .2337E-01 .6833E-01 .1061E-01 .7894E-01 .6833E-01 .3041E-02 .1721E-01
.9340E+03 .8477E+00 .1963E-01 .1336E-02 .8050E-02 .6714E-02 .1963E-01 .3878E-02 .2351E-01 .1963E-01 .1336E-02 .5187E-02
.9350E+03 .8377E+00 .8409E-01 .3465E-02 .3223E-01 .2876E-01 .8409E-01 .1257E-01 .9666E-01 .8409E-01 .3465E-02 .2103E-01
.9360E+03 .8335E+00 .3751E-01 .1883E-02 .1471E-01 .1283E-01 .3751E-01 .6216E-02 .4372E-01 .3751E-01 .1883E-02 .9582E-02
.9370E+03 .8395E+00 .4099E-01 .1988E-02 .1601E-01 .1402E-01 .4099E-01 .6675E-02 .4767E-01 .4099E-01 .1988E-02 .1046E-01
.9380E+03 .8388E+00 .5431E-01 .2497E-02 .2107E-01 .1858E-01 .5431E-01 .8601E-02 .6291E-01 .5431E-01 .2497E-02 .1379E-01
.9390E+03 .8327E+00 .1765E+00 .6019E-02 .6639E-01 .6037E-01 .1765E+00 .2420E-01 .2007E+00 .1765E+00 .6019E-02 .4365E-01
.9400E+03 .8229E+00 .2333E+00 .7462E-02 .8726E-01 .7980E-01 .2333E+00 .3110E-01 .2644E+00 .2333E+00 .7462E-02 .5741E-01
.9410E+03 .7930E+00 .1466E+00 .5178E-02 .5531E-01 .5013E-01 .1466E+00 .2042E-01 .1670E+00 .1466E+00 .5178E-02 .3635E-01
.9420E+03 .8095E+00 .1819E+00 .6199E-02 .6841E-01 .6221E-01 .1819E+00 .2493E-01 .2068E+00 .1819E+00 .6199E-02 .4497E-01
.9430E+03 .8194E+00 .1090E+00 .4046E-02 .4134E-01 .3730E-01 .1090E+00 .1554E-01 .1246E+00 .1090E+00 .4046E-02 .2718E-01
.9440E+03 .8084E+00 .1407E+00 .4646E-02 .5275E-01 .4811E-01 .1407E+00 .1903E-01 .1597E+00 .1407E+00 .4646E-02 .3478E-01
.9450E+03 .8165E+00 .1581E+00 .5383E-02 .5946E-01 .5408E-01 .1581E+00 .2169E-01 .1798E+00 .1581E+00 .5383E-02 .3920E-01
.9460E+03 .8194E+00 .5625E-01 .2423E-02 .2166E-01 .1924E-01 .5625E-01 .8628E-02 .6488E-01 .5625E-01 .2423E-02 .1423E-01
.9470E+03 .8212E+00 .1474E+00 .5160E-02 .5556E-01 .5040E-01 .1474E+00 .2047E-01 .1678E+00 .1474E+00 .5160E-02 .3661E-01
.9480E+03 .8219E+00 .1165E+00 .4023E-02 .4386E-01 .3984E-01 .1165E+00 .1609E-01 .1326E+00 .1165E+00 .4023E-02 .2895E-01
.9490E+03 .8212E+00 .2384E+00 .7537E-02 .8906E-01 .8153E-01 .2384E+00 .3170E-01 .2701E+00 .2384E+00 .7537E-02 .5886E-01
.9500E+03 .8154E+00 .3431E-01 .1585E-02 .1332E-01 .1173E-01 .3431E-01 .5461E-02 .3977E-01 .3431E-01 .1585E-02 .8762E-02
.9510E+03 .8110E+00 .2304E+00 .7362E-02 .8618E-01 .7881E-01 .2304E+00 .3080E-01 .2612E+00 .2304E+00 .7362E-02 .5698E-01
.9520E+03 .8117E+00 .9214E-01 .3383E-02 .3490E-01 .3151E-01 .9214E-01 .1310E-01 .1052E+00 .9214E-01 .3383E-02 .2305E-01
.9530E+03 .8043E+00 .1384E+00 .4719E-02 .5205E-01 .4733E-01 .1384E+00 .1904E-01 .1574E+00 .1384E+00 .4719E-02 .3444E-01
.9540E+03 .7797E+00 .1889E+00 .6052E-02 .7066E-01 .6460E-01 .1889E+00 .2530E-01 .2142E+00 .1889E+00 .6052E-02 .4682E-01
.9550E+03 .7665E+00 .1429E+00 .4744E-02 .5361E-01 .4887E-01 .1429E+00 .1944E-01 .1623E+00 .1429E+00 .4744E-02 .3555E-01
.9560E+03 .7989E+00 .1809E+00 .5137E-02 .6700E-01 .6186E-01 .1809E+00 .2306E-01 .2039E+00 .1809E+00 .5137E-02 .4454E-01
.9570E+03 .7927E+00 .8656E-01 .3229E-02 .3283E-01 .2960E-01 .8656E-01 .1242E-01 .9897E-01 .8656E-01 .3229E-02 .2174E-01
.9580E+03 .8013E+00 .2697E+00 .7597E-02 .9985E-01 .9226E-01 .2697E+00 .3427E-01 .3040E+00 .2697E+00 .7597E-02 .6633E-01
.9590E+03 .8021E+00 .1820E+00 .5579E-02 .6781E-01 .6223E-01 .1820E+00 .2393E-01 .2059E+00 .1820E+00 .5579E-02 .4502E-01
.9600E+03 .7908E+00 .1957E+00 .6015E-02 .7294E-01 .6692E-01 .1957E+00 .2576E-01 .2214E+00 .1957E+00 .6015E-02 .4841E-01
.9610E+03 .7946E+00 .2521E+00 .7239E-02 .9348E-01 .8624E-01 .2521E+00 .3228E-01 .2844E+00 .2521E+00 .7239E-02 .6208E-01
.9620E+03 .7878E+00 .2442E+00 .6929E-02 .9045E-01 .8352E-01 .2442E+00 .3112E-01 .2753E+00 .2442E+00 .6929E-02 .6010E-01
.9630E+03 .7839E+00 .3077E+00 .8328E-02 .1136E+00 .1053E+00 .3077E+00 .3851E-01 .3463E+00 .3077E+00 .8328E-02 .7554E-01
.9640E+03 .7836E+00 .2746E+00 .7490E-02 .1014E+00 .9393E-01 .2746E+00 .3449E-01 .3091E+00 .2746E+00 .7490E-02 .6752E-01
.9650E+03 .7805E+00 .2965E+00 .8136E-02 .1095E+00 .1014E+00 .2965E+00 .3734E-01 .3338E+00 .2965E+00 .8136E-02 .7294E-01
.9660E+03 .7742E+00 .2592E+00 .7289E-02 .9595E-01 .8866E-01 .2592E+00 .3296E-01 .2922E+00 .2592E+00 .7289E-02 .6390E-01
.9670E+03 .7809E+00 .2524E+00 .7152E-02 .9349E-01 .8634E-01 .2524E+00 .3220E-01 .2846E+00 .2524E+00 .7152E-02 .6226E-01
.9680E+03 .7798E+00 .4971E+00 .1202E-01 .1820E+00 .1700E+00 .4971E+00 .5973E-01 .5568E+00 .4971E+00 .1202E-01 .1215E+00
.9690E+03 .7793E+00 .4835E+00 .1209E-01 .1774E+00 .1654E+00 .4835E+00 .5885E-01 .5423E+00 .4835E+00 .1209E-01 .1184E+00
.9700E+03 .7785E+00 .4259E+00 .1071E-01 .1564E+00 .1457E+00 .4259E+00 .5197E-01 .4778E+00 .4259E+00 .1071E-01 .1045E+00
.9710E+03 .7761E+00 .5643E+00 .1347E-01 .2065E+00 .1930E+00 .5643E+00 .6757E-01 .6319E+00 .5643E+00 .1347E-01 .1380E+00
.9720E+03 .7779E+00 .5374E+00 .1281E-01 .1966E+00 .1838E+00 .5374E+00 .6432E-01 .6017E+00 .5374E+00 .1281E-01 .1314E+00
.9730E+03 .7697E+00 .3789E+00 .9754E-02 .1393E+00 .1296E+00 .3789E+00 .4665E-01 .4256E+00 .3789E+00 .9754E-02 .9310E-01
.9740E+03 .7603E+00 .3763E+00 .9449E-02 .1381E+00 .1287E+00 .3763E+00 .4590E-01 .4222E+00 .3763E+00 .9449E-02 .9233E-01
.9750E+03 .7695E+00 .4158E+00 .1023E-01 .1524E+00 .1422E+00 .4158E+00 .5034E-01 .4661E+00 .4158E+00 .1023E-01 .1019E+00
.9760E+03 .7652E+00 .3439E+00 .8940E-02 .1266E+00 .1176E+00 .3439E+00 .4253E-01 .3865E+00 .3439E+00 .8940E-02 .8467E-01
.9770E+03 .7635E+00 .4622E+00 .1110E-01 .1692E+00 .1581E+00 .4622E+00 .5554E-01 .5178E+00 .4622E+00 .1110E-01 .1133E+00
.9780E+03 .7624E+00 .4064E+00 .1008E-01 .1491E+00 .1390E+00 .4064E+00 .4942E-01 .4558E+00 .4064E+00 .1008E-01 .9986E-01
.9790E+03 .7560E+00 .4443E+00 .1085E-01 .1628E+00 .1519E+00 .4443E+00 .5372E-01 .4980E+00 .4443E+00 .1085E-01 .1091E+00
.9800E+03 .7599E+00 .4077E+00 .9933E-02 .1494E+00 .1394E+00 .4077E+00 .4926E-01 .4570E+00 .4077E+00 .9933E-02 .1001E+00
.9810E+03 .7640E+00 .5679E+00 .1318E-01 .2074E+00 .1942E+00 .5679E+00 .6743E-01 .6353E+00 .5679E+00 .1318E-01 .1390E+00
.9820E+03 .7614E+00 .5158E+00 .1213E-01 .1885E+00 .1764E+00 .5158E+00 .6153E-01 .5773E+00 .5158E+00 .1213E-01 .1263E+00
.9830E+03 .7559E+00 .4800E+00 .1136E-01 .1755E+00 .1642E+00 .4800E+00 .5743E-01 .5375E+00 .4800E+00 .1136E-01 .1177E+00
.9840E+03 .7549E+00 .6186E+00 .1396E-01 .2255E+00 .2116E+00 .6186E+00 .7283E-01 .6914E+00 .6186E+00 .1396E-01 .1514E+00
.9850E+03 .7555E+00 .5066E+00 .1191E-01 .1852E+00 .1733E+00 .5066E+00 .6054E-01 .5672E+00 .5066E+00 .1191E-01 .1244E+00
.9860E+03 .7499E+00 .6477E+00 .1439E-01 .2359E+00 .2215E+00 .6477E+00 .7588E-01 .7236E+00 .6477E+00 .1439E-01 .1585E+00
.9870E+03 .7484E+00 .6215E+00 .1382E-01 .2264E+00 .2126E+00 .6215E+00 .7283E-01 .6943E+00 .6215E+00 .1382E-01 .1521E+00
.9880E+03 .7494E+00 .6237E+00 .1379E-01 .2271E+00 .2133E+00 .6237E+00 .7300E-01 .6967E+00 .6237E+00 .1379E-01 .1527E+00
.9890E+03 .7376E+00 .6657E+00 .1451E-01 .2422E+00 .2277E+00 .6657E+00 .7758E-01 .7433E+00 .6657E+00 .1451E-01 .1630E+00
.9900E+03 .7407E+00 .6173E+00 .1363E-01 .2248E+00 .2111E+00 .6173E+00 .7229E-01 .6896E+00 .6173E+00 .1363E-01 .1514E+00
.9910E+03 .7420E+00 .6666E+00 .1446E-01 .2424E+00 .2280E+00 .6666E+00 .7758E-01 .7442E+00 .6666E+00 .1446E-01 .1633E+00
.9920E+03 .7443E+00 .6738E+00 .1456E-01 .2450E+00 .2305E+00 .6738E+00 .7832E-01 .7521E+00 .6738E+00 .1456E-01 .1650E+00
.9930E+03 .7423E+00 .6384E+00 .1388E-01 .2322E+00 .2184E+00 .6384E+00 .7442E-01 .7129E+00 .6384E+00 .1388E-01 .1566E+00
.9940E+03 .7423E+00 .6777E+00 .1455E-01 .2464E+00 .2318E+00 .6777E+00 .7873E-01 .7565E+00 .6777E+00 .1455E-01 .1663E+00
.9950E+03 .7390E+00 .6817E+00 .1456E-01 .2477E+00 .2331E+00 .6817E+00 .7909E-01 .7608E+00 .6817E+00 .1456E-01 .1673E+00
.9960E+03 .7384E+00 .6728E+00 .1439E-01 .2445E+00 .2301E+00 .6728E+00 .7809E-01 .7509E+00 .6728E+00 .1439E-01 .1652E+00
.9970E+03 .7381E+00 .6766E+00 .1442E-01 .2458E+00 .2314E+00 .6766E+00 .7844E-01 .7551E+00 .6766E+00 .1442E-01 .1661E+00
.9980E+03 .7356E+00 .6730E+00 .1432E-01 .2445E+00 .2302E+00 .6730E+00 .7803E-01 .7510E+00 .6730E+00 .1432E-01 .1653E+00
.9990E+03 .7322E+00 .6709E+00 .1424E-01 .2437E+00 .2294E+00 .6709E+00 .7778E-01 .7486E+00 .6709E+00 .1424E-01 .1649E+00
.1000E+04 .7312E+00 .6584E+00 .1402E-01 .2392E+00 .2252E+00 .6584E+00 .7645E-01 .7349E+00 .6584E+00 .1402E-01 .1621E+00
.1001E+04 .7357E+00 .6757E+00 .1428E-01 .2454E+00 .2311E+00 .6757E+00 .7830E-01 .7540E+00 .6757E+00 .1428E-01 .1664E+00
.1002E+04 .7325E+00 .6281E+00 .1348E-01 .2283E+00 .2148E+00 .6281E+00 .7321E-01 .7013E+00 .6281E+00 .1348E-01 .1549E+00
.1003E+04 .7238E+00 .6618E+00 .1394E-01 .2403E+00 .2263E+00 .6618E+00 .7666E-01 .7384E+00 .6618E+00 .1394E-01 .1631E+00
.1004E+04 .7105E+00 .6387E+00 .1348E-01 .2319E+00 .2184E+00 .6387E+00 .7403E-01 .7127E+00 .6387E+00 .1348E-01 .1574E+00
.1005E+04 .6783E+00 .6256E+00 .1309E-01 .2271E+00 .2140E+00 .6256E+00 .7231E-01 .6979E+00 .6256E+00 .1309E-01 .1541E+00
.1006E+04 .7083E+00 .6448E+00 .1350E-01 .2340E+00 .2205E+00 .6448E+00 .7454E-01 .7193E+00 .6448E+00 .1350E-01 .1589E+00
.1007E+04 .7213E+00 .6616E+00 .1380E-01 .2401E+00 .2263E+00 .6616E+00 .7640E-01 .7380E+00 .6616E+00 .1380E-01 .1630E+00
.1008E+04 .7208E+00 .6521E+00 .1362E-01 .2367E+00 .2230E+00 .6521E+00 .7538E-01 .7275E+00 .6521E+00 .1362E-01 .1608E+00
.1009E+04 .7204E+00 .6432E+00 .1345E-01 .2334E+00 .2200E+00 .6432E+00 .7443E-01 .7176E+00 .6432E+00 .1345E-01 .1588E+00
.1010E+04 .7193E+00 .6372E+00 .1332E-01 .2313E+00 .2179E+00 .6372E+00 .7376E-01 .7110E+00 .6372E+00 .1332E-01 .1574E+00
.1011E+04 .7172E+00 .6593E+00 .1363E-01 .2391E+00 .2255E+00 .6593E+00 .7603E-01 .7354E+00 .6593E+00 .1363E-01 .1627E+00
.1012E+04 .7146E+00 .6481E+00 .1341E-01 .2351E+00 .2217E+00 .6481E+00 .7477E-01 .7229E+00 .6481E+00 .1341E-01 .1600E+00
.1013E+04 .7146E+00 .6602E+00 .1356E-01 .2394E+00 .2258E+00 .6602E+00 .7605E-01 .7362E+00 .6602E+00 .1356E-01 .1631E+00
.1014E+04 .7096E+00 .6557E+00 .1344E-01 .2377E+00 .2243E+00 .6557E+00 .7554E-01 .7312E+00 .6557E+00 .1344E-01 .1621E+00
.1015E+04 .7055E+00 .6504E+00 .1331E-01 .2358E+00 .2225E+00 .6504E+00 .7492E-01 .7253E+00 .6504E+00 .1331E-01 .1609E+00
.1016E+04 .7028E+00 .6474E+00 .1322E-01 .2346E+00 .2214E+00 .6474E+00 .7451E-01 .7219E+00 .6474E+00 .1322E-01 .1601E+00
.1017E+04 .7050E+00 .6474E+00 .1321E-01 .2346E+00 .2214E+00 .6474E+00 .7449E-01 .7219E+00 .6474E+00 .1321E-01 .1601E+00
.1018E+04 .7004E+00 .6494E+00 .1318E-01 .2353E+00 .2221E+00 .6494E+00 .7460E-01 .7239E+00 .6494E+00 .1318E-01 .1606E+00
.1019E+04 .6919E+00 .6242E+00 .1273E-01 .2262E+00 .2135E+00 .6242E+00 .7182E-01 .6960E+00 .6242E+00 .1273E-01 .1544E+00
.1020E+04 .6977E+00 .6444E+00 .1304E-01 .2334E+00 .2204E+00 .6444E+00 .7395E-01 .7183E+00 .6444E+00 .1304E-01 .1593E+00
.1021E+04 .6956E+00 .6456E+00 .1302E-01 .2338E+00 .2208E+00 .6456E+00 .7401E-01 .7197E+00 .6456E+00 .1302E-01 .1596E+00
.1022E+04 .6925E+00 .6366E+00 .1284E-01 .2306E+00 .2177E+00 .6366E+00 .7299E-01 .7096E+00 .6366E+00 .1284E-01 .1574E+00
.1023E+04 .7005E+00 .6428E+00 .1294E-01 .2328E+00 .2198E+00 .6428E+00 .7370E-01 .7165E+00 .6428E+00 .1294E-01 .1591E+00
.1024E+04 .6981E+00 .6218E+00 .1259E-01 .2253E+00 .2127E+00 .6218E+00 .7149E-01 .6933E+00 .6218E+00 .1259E-01 .1541E+00
.1025E+04 .6976E+00 .6469E+00 .1294E-01 .2342E+00 .2212E+00 .6469E+00 .7409E-01 .7210E+00 .6469E+00 .1294E-01 .1603E+00
.1026E+04 .6962E+00 .6412E+00 .1282E-01 .2321E+00 .2193E+00 .6412E+00 .7343E-01 .7147E+00 .6412E+00 .1282E-01 .1589E+00
.1027E+04 .6944E+00 .6405E+00 .1277E-01 .2318E+00 .2191E+00 .6405E+00 .7329E-01 .7138E+00 .6405E+00 .1277E-01 .1587E+00
.1028E+04 .6935E+00 .6385E+00 .1271E-01 .2311E+00 .2184E+00 .6385E+00 .7307E-01 .7115E+00 .6385E+00 .1271E-01 .1583E+00
.1029E+04 .6858E+00 .6298E+00 .1252E-01 .2279E+00 .2154E+00 .6298E+00 .7210E-01 .7019E+00 .6298E+00 .1252E-01 .1563E+00
.1030E+04 .6881E+00 .6395E+00 .1264E-01 .2314E+00 .2187E+00 .6395E+00 .7309E-01 .7126E+00 .6395E+00 .1264E-01 .1587E+00
.1031E+04 .6864E+00 .6350E+00 .1254E-01 .2297E+00 .2172E+00 .6350E+00 .7256E-01 .7075E+00 .6350E+00 .1254E-01 .1576E+00
.1032E+04 .6836E+00 .6355E+00 .1251E-01 .2298E+00 .2173E+00 .6355E+00 .7254E-01 .7080E+00 .6355E+00 .1251E-01 .1577E+00
.1033E+04 .6734E+00 .6258E+00 .1229E-01 .2263E+00 .2141E+00 .6258E+00 .7139E-01 .6972E+00 .6258E+00 .1229E-01 .1553E+00
.1034E+04 .6732E+00 .6269E+00 .1228E-01 .2267E+00 .2144E+00 .6269E+00 .7145E-01 .6984E+00 .6269E+00 .1228E-01 .1556E+00
.1035E+04 .6753E+00 .6295E+00 .1230E-01 .2276E+00 .2153E+00 .6295E+00 .7169E-01 .7012E+00 .6295E+00 .1230E-01 .1562E+00
.1036E+04 .6795E+00 .6315E+00 .1232E-01 .2283E+00 .2160E+00 .6315E+00 .7190E-01 .7034E+00 .6315E+00 .1232E-01 .1567E+00
.1037E+04 .6682E+00 .6221E+00 .1211E-01 .2249E+00 .2128E+00 .6221E+00 .7078E-01 .6929E+00 .6221E+00 .1211E-01 .1544E+00
.1038E+04 .6714E+00 .6251E+00 .1214E-01 .2259E+00 .2138E+00 .6251E+00 .7112E-01 .6962E+00 .6251E+00 .1214E-01 .1552E+00
.1039E+04 .6714E+00 .6244E+00 .1211E-01 .2257E+00 .2136E+00 .6244E+00 .7105E-01 .6955E+00 .6244E+00 .1211E-01 .1552E+00
.1040E+04 .6688E+00 .6223E+00 .1204E-01 .2249E+00 .2129E+00 .6223E+00 .7078E-01 .6931E+00 .6223E+00 .1204E-01 .1547E+00
.1041E+04 .6720E+00 .6245E+00 .1206E-01 .2256E+00 .2136E+00 .6245E+00 .7098E-01 .6955E+00 .6245E+00 .1206E-01 .1552E+00
.1042E+04 .6674E+00 .6207E+00 .1196E-01 .2242E+00 .2123E+00 .6207E+00 .7051E-01 .6912E+00 .6207E+00 .1196E-01 .1543E+00
.1043E+04 .6656E+00 .6188E+00 .1190E-01 .2235E+00 .2116E+00 .6188E+00 .7030E-01 .6891E+00 .6188E+00 .1190E-01 .1540E+00
.1044E+04 .6683E+00 .6210E+00 .1192E-01 .2243E+00 .2124E+00 .6210E+00 .7055E-01 .6915E+00 .6210E+00 .1192E-01 .1546E+00
.1045E+04 .6596E+00 .6126E+00 .1173E-01 .2213E+00 .2095E+00 .6126E+00 .6957E-01 .6822E+00 .6126E+00 .1173E-01 .1526E+00
.1046E+04 .6527E+00 .6058E+00 .1158E-01 .2188E+00 .2072E+00 .6058E+00 .6876E-01 .6746E+00 .6058E+00 .1158E-01 .1509E+00
.1047E+04 .6590E+00 .6113E+00 .1166E-01 .2207E+00 .2091E+00 .6113E+00 .6935E-01 .6806E+00 .6113E+00 .1166E-01 .1523E+00
.1048E+04 .6631E+00 .6146E+00 .1170E-01 .2219E+00 .2102E+00 .6146E+00 .6973E-01 .6844E+00 .6146E+00 .1170E-01 .1532E+00
.1049E+04 .6612E+00 .6117E+00 .1163E-01 .2208E+00 .2092E+00 .6117E+00 .6942E-01 .6811E+00 .6117E+00 .1163E-01 .1526E+00
.1050E+04 .6587E+00 .6086E+00 .1155E-01 .2197E+00 .2082E+00 .6086E+00 .6905E-01 .6777E+00 .6086E+00 .1155E-01 .1519E+00
.1051E+04 .6584E+00 .6084E+00 .1152E-01 .2196E+00 .2081E+00 .6084E+00 .6899E-01 .6774E+00 .6084E+00 .1152E-01 .1519E+00
.1052E+04 .6563E+00 .6056E+00 .1145E-01 .2186E+00 .2071E+00 .6056E+00 .6865E-01 .6743E+00 .6056E+00 .1145E-01 .1512E+00
.1053E+04 .6518E+00 .6009E+00 .1134E-01 .2169E+00 .2055E+00 .6009E+00 .6813E-01 .6690E+00 .6009E+00 .1134E-01 .1501E+00
.1054E+04 .6540E+00 .6024E+00 .1135E-01 .2174E+00 .2060E+00 .6024E+00 .6830E-01 .6707E+00 .6024E+00 .1135E-01 .1506E+00
.1055E+04 .6553E+00 .6026E+00 .1134E-01 .2174E+00 .2061E+00 .6026E+00 .6830E-01 .6709E+00 .6026E+00 .1134E-01 .1507E+00
.1056E+04 .6540E+00 .6002E+00 .1128E-01 .2166E+00 .2053E+00 .6002E+00 .6800E-01 .6682E+00 .6002E+00 .1128E-01 .1501E+00
.1057E+04 .6528E+00 .5985E+00 .1122E-01 .2159E+00 .2047E+00 .5985E+00 .6779E-01 .6663E+00 .5985E+00 .1122E-01 .1497E+00
.1058E+04 .6376E+00 .5837E+00 .1093E-01 .2106E+00 .1996E+00 .5837E+00 .6612E-01 .6498E+00 .5837E+00 .1093E-01 .1461E+00
.1059E+04 .6393E+00 .5838E+00 .1092E-01 .2106E+00 .1997E+00 .5838E+00 .6616E-01 .6499E+00 .5838E+00 .1092E-01 .1463E+00
.1060E+04 .6388E+00 .5833E+00 .1089E-01 .2104E+00 .1995E+00 .5833E+00 .6608E-01 .6494E+00 .5833E+00 .1089E-01 .1462E+00
.1061E+04 .6386E+00 .5824E+00 .1085E-01 .2100E+00 .1992E+00 .5824E+00 .6593E-01 .6483E+00 .5824E+00 .1085E-01 .1460E+00
.1062E+04 .6430E+00 .5841E+00 .1087E-01 .2106E+00 .1998E+00 .5841E+00 .6612E-01 .6502E+00 .5841E+00 .1087E-01 .1464E+00
.1063E+04 .6374E+00 .5776E+00 .1074E-01 .2083E+00 .1975E+00 .5776E+00 .6540E-01 .6430E+00 .5776E+00 .1074E-01 .1449E+00
.1064E+04 .6446E+00 .5865E+00 .1087E-01 .2115E+00 .2006E+00 .5865E+00 .6639E-01 .6529E+00 .5865E+00 .1087E-01 .1473E+00
.1065E+04 .6423E+00 .5778E+00 .1072E-01 .2083E+00 .1976E+00 .5778E+00 .6544E-01 .6432E+00 .5778E+00 .1072E-01 .1451E+00
.1066E+04 .6278E+00 .5703E+00 .1053E-01 .2056E+00 .1951E+00 .5703E+00 .6451E-01 .6349E+00 .5703E+00 .1053E-01 .1432E+00
.1067E+04 .6365E+00 .5754E+00 .1062E-01 .2074E+00 .1968E+00 .5754E+00 .6507E-01 .6405E+00 .5754E+00 .1062E-01 .1445E+00
.1068E+04 .6244E+00 .5599E+00 .1033E-01 .2018E+00 .1915E+00 .5599E+00 .6333E-01 .6233E+00 .5599E+00 .1033E-01 .1406E+00
.1069E+04 .6040E+00 .5415E+00 .9970E-02 .1952E+00 .1852E+00 .5415E+00 .6120E-01 .6027E+00 .5415E+00 .9970E-02 .1360E+00
.1070E+04 .6266E+00 .5535E+00 .1021E-01 .1995E+00 .1893E+00 .5535E+00 .6258E-01 .6161E+00 .5535E+00 .1021E-01 .1390E+00
.1071E+04 .6301E+00 .5734E+00 .1047E-01 .2066E+00 .1961E+00 .5734E+00 .6465E-01 .6380E+00 .5734E+00 .1047E-01 .1440E+00
.1072E+04 .6276E+00 .5556E+00 .1020E-01 .2002E+00 .1900E+00 .5556E+00 .6275E-01 .6183E+00 .5556E+00 .1020E-01 .1396E+00
.1073E+04 .6172E+00 .5503E+00 .1006E-01 .1983E+00 .1882E+00 .5503E+00 .6213E-01 .6125E+00 .5503E+00 .1006E-01 .1384E+00
.1074E+04 .6269E+00 .5743E+00 .1041E-01 .2068E+00 .1964E+00 .5743E+00 .6471E-01 .6390E+00 .5743E+00 .1041E-01 .1445E+00
.1075E+04 .6136E+00 .5211E+00 .9547E-02 .1878E+00 .1782E+00 .5211E+00 .5891E-01 .5800E+00 .5211E+00 .9547E-02 .1312E+00
.1076E+04 .6275E+00 .5685E+00 .1029E-01 .2047E+00 .1945E+00 .5685E+00 .6405E-01 .6326E+00 .5685E+00 .1029E-01 .1430E+00
.1077E+04 .6274E+00 .5459E+00 .9918E-02 .1966E+00 .1867E+00 .5459E+00 .6156E-01 .6074E+00 .5459E+00 .9918E-02 .1374E+00
.1078E+04 .6181E+00 .5267E+00 .9613E-02 .1898E+00 .1802E+00 .5267E+00 .5948E-01 .5862E+00 .5267E+00 .9613E-02 .1326E+00
.1079E+04 .6147E+00 .5619E+00 .1008E-01 .2023E+00 .1922E+00 .5619E+00 .6314E-01 .6250E+00 .5619E+00 .1008E-01 .1413E+00
.1080E+04 .6233E+00 .5275E+00 .9579E-02 .1900E+00 .1804E+00 .5275E+00 .5952E-01 .5870E+00 .5275E+00 .9579E-02 .1329E+00
.1081E+04 .6061E+00 .5028E+00 .9174E-02 .1811E+00 .1720E+00 .5028E+00 .5684E-01 .5596E+00 .5028E+00 .9174E-02 .1268E+00
.1082E+04 .6007E+00 .5288E+00 .9526E-02 .1904E+00 .1809E+00 .5288E+00 .5958E-01 .5884E+00 .5288E+00 .9526E-02 .1333E+00
.1083E+04 .5998E+00 .5379E+00 .9609E-02 .1936E+00 .1840E+00 .5379E+00 .6046E-01 .5984E+00 .5379E+00 .9609E-02 .1356E+00
.1084E+04 .6144E+00 .4948E+00 .9013E-02 .1782E+00 .1692E+00 .4948E+00 .5593E-01 .5507E+00 .4948E+00 .9013E-02 .1248E+00
.1085E+04 .6180E+00 .5277E+00 .9515E-02 .1900E+00 .1805E+00 .5277E+00 .5948E-01 .5872E+00 .5277E+00 .9515E-02 .1331E+00
.1086E+04 .6104E+00 .4503E+00 .8273E-02 .1623E+00 .1540E+00 .4503E+00 .5103E-01 .5013E+00 .4503E+00 .8273E-02 .1137E+00
.1087E+04 .5897E+00 .4887E+00 .8819E-02 .1760E+00 .1672E+00 .4887E+00 .5509E-01 .5438E+00 .4887E+00 .8819E-02 .1232E+00
.1088E+04 .6028E+00 .5277E+00 .9383E-02 .1899E+00 .1805E+00 .5277E+00 .5923E-01 .5869E+00 .5277E+00 .9383E-02 .1330E+00
.1089E+04 .6019E+00 .4894E+00 .8843E-02 .1762E+00 .1674E+00 .4894E+00 .5519E-01 .5446E+00 .4894E+00 .8843E-02 .1234E+00
.1090E+04 .6099E+00 .4703E+00 .8506E-02 .1693E+00 .1608E+00 .4703E+00 .5305E-01 .5233E+00 .4703E+00 .8506E-02 .1186E+00
.1091E+04 .6069E+00 .5166E+00 .9186E-02 .1859E+00 .1767E+00 .5166E+00 .5799E-01 .5746E+00 .5166E+00 .9186E-02 .1302E+00
.1092E+04 .6013E+00 .5247E+00 .9262E-02 .1887E+00 .1795E+00 .5247E+00 .5880E-01 .5835E+00 .5247E+00 .9262E-02 .1323E+00
.1093E+04 .5815E+00 .3886E+00 .7165E-02 .1401E+00 .1329E+00 .3886E+00 .4413E-01 .4328E+00 .3886E+00 .7165E-02 .9828E-01
.1094E+04 .5572E+00 .4643E+00 .8253E-02 .1671E+00 .1588E+00 .4643E+00 .5221E-01 .5166E+00 .4643E+00 .8253E-02 .1173E+00
.1095E+04 .5839E+00 .4016E+00 .7440E-02 .1448E+00 .1374E+00 .4016E+00 .4570E-01 .4473E+00 .4016E+00 .7440E-02 .1017E+00
.1096E+04 .5834E+00 .3711E+00 .6936E-02 .1338E+00 .1269E+00 .3711E+00 .4233E-01 .4134E+00 .3711E+00 .6936E-02 .9398E-01
.1097E+04 .5843E+00 .5076E+00 .8907E-02 .1825E+00 .1736E+00 .5076E+00 .5686E-01 .5644E+00 .5076E+00 .8907E-02 .1282E+00
.1098E+04 .5763E+00 .3521E+00 .6656E-02 .1271E+00 .1204E+00 .3521E+00 .4030E-01 .3924E+00 .3521E+00 .6656E-02 .8922E-01
.1099E+04 .5896E+00 .3761E+00 .7053E-02 .1357E+00 .1286E+00 .3761E+00 .4295E-01 .4191E+00 .3761E+00 .7053E-02 .9528E-01
.1100E+04 .5931E+00 .3332E+00 .6334E-02 .1203E+00 .1139E+00 .3332E+00 .3820E-01 .3714E+00 .3332E+00 .6334E-02 .8446E-01
.1101E+04 .5852E+00 .3462E+00 .6487E-02 .1249E+00 .1184E+00 .3462E+00 .3953E-01 .3857E+00 .3462E+00 .6487E-02 .8771E-01
.1102E+04 .5776E+00 .3144E+00 .6004E-02 .1135E+00 .1075E+00 .3144E+00 .3611E-01 .3505E+00 .3144E+00 .6004E-02 .7977E-01
.1103E+04 .5889E+00 .3003E+00 .5813E-02 .1085E+00 .1027E+00 .3003E+00 .3465E-01 .3349E+00 .3003E+00 .5813E-02 .7630E-01
.1104E+04 .5869E+00 .3031E+00 .5828E-02 .1095E+00 .1037E+00 .3031E+00 .3494E-01 .3381E+00 .3031E+00 .5828E-02 .7709E-01
.1105E+04 .5867E+00 .3545E+00 .6684E-02 .1279E+00 .1212E+00 .3545E+00 .4062E-01 .3951E+00 .3545E+00 .6684E-02 .9003E-01
.1106E+04 .5849E+00 .1981E+00 .4188E-02 .7194E-01 .6775E-01 .1981E+00 .2351E-01 .2216E+00 .1981E+00 .4188E-02 .5061E-01
.1107E+04 .5828E+00 .3315E+00 .6218E-02 .1196E+00 .1134E+00 .3315E+00 .3793E-01 .3694E+00 .3315E+00 .6218E-02 .8420E-01
.1108E+04 .5831E+00 .2318E+00 .4658E-02 .8395E-01 .7930E-01 .2318E+00 .2708E-01 .2589E+00 .2318E+00 .4658E-02 .5909E-01
.1109E+04 .5825E+00 .2245E+00 .4584E-02 .8138E-01 .7680E-01 .2245E+00 .2636E-01 .2509E+00 .2245E+00 .4584E-02 .5727E-01
.1110E+04 .5827E+00 .2852E+00 .5642E-02 .1032E+00 .9755E-01 .2852E+00 .3316E-01 .3184E+00 .2852E+00 .5642E-02 .7262E-01
.1111E+04 .5782E+00 .1754E+00 .3744E-02 .6373E-01 .5999E-01 .1754E+00 .2088E-01 .1963E+00 .1754E+00 .3744E-02 .4485E-01
.1112E+04 .5743E+00 .2235E+00 .4515E-02 .8094E-01 .7643E-01 .2235E+00 .2615E-01 .2496E+00 .2235E+00 .4515E-02 .5697E-01
.1113E+04 .5729E+00 .1251E+00 .2820E-02 .4559E-01 .4277E-01 .1251E+00 .1516E-01 .1402E+00 .1251E+00 .2820E-02 .3207E-01
.1114E+04 .5779E+00 .1369E+00 .3117E-02 .4995E-01 .4683E-01 .1369E+00 .1665E-01 .1536E+00 .1369E+00 .3117E-02 .3513E-01
.1115E+04 .5732E+00 .1067E+00 .2519E-02 .3903E-01 .3651E-01 .1067E+00 .1314E-01 .1199E+00 .1067E+00 .2519E-02 .2744E-01
.1116E+04 .5736E+00 .6843E-01 .1842E-02 .2525E-01 .2340E-01 .6843E-01 .8836E-02 .7727E-01 .6843E-01 .1842E-02 .1773E-01
.1117E+04 .5761E+00 .1558E-01 .5926E-03 .5923E-02 .5330E-02 .1558E-01 .2325E-02 .1791E-01 .1558E-01 .5926E-03 .4137E-02
.1118E+04 .5707E+00 .7952E-01 .2092E-02 .2929E-01 .2720E-01 .7952E-01 .1018E-01 .8970E-01 .7952E-01 .2092E-02 .2057E-01
.1119E+04 .5629E+00 .2515E-01 .8662E-03 .9467E-02 .8601E-02 .2515E-01 .3589E-02 .2874E-01 .2515E-01 .8662E-03 .6625E-02
.1120E+04 .5630E+00 .2967E-01 .1069E-02 .1122E-01 .1015E-01 .2967E-01 .4319E-02 .3399E-01 .2967E-01 .1069E-02 .7840E-02
.1121E+04 .5667E+00 .4443E-01 .1483E-02 .1668E-01 .1520E-01 .4443E-01 .6255E-02 .5069E-01 .4443E-01 .1483E-02 .1167E-01
.1122E+04 .5689E+00 .1071E-01 .5364E-03 .4199E-02 .3663E-02 .1071E-01 .1830E-02 .1254E-01 .1071E-01 .5364E-03 .2914E-02
.1123E+04 .5680E+00 .2847E-01 .1009E-02 .1075E-01 .9739E-02 .2847E-01 .4115E-02 .3259E-01 .2847E-01 .1009E-02 .7515E-02
.1124E+04 .5640E+00 .2360E-01 .8464E-03 .8918E-02 .8072E-02 .2360E-01 .3428E-02 .2703E-01 .2360E-01 .8464E-03 .6235E-02
.1125E+04 .5485E+00 .3487E-01 .1141E-02 .1307E-01 .1193E-01 .3487E-01 .4868E-02 .3974E-01 .3487E-01 .1141E-02 .9151E-02
.1126E+04 .5539E+00 .4702E-02 .3056E-03 .1914E-02 .1608E-02 .4702E-02 .9300E-03 .5633E-02 .4702E-02 .3056E-03 .1319E-02
.1127E+04 .5584E+00 .3868E-01 .1261E-02 .1449E-01 .1323E-01 .3868E-01 .5391E-02 .4408E-01 .3868E-01 .1261E-02 .1015E-01
.1128E+04 .5562E+00 .1436E-01 .6478E-03 .5560E-02 .4912E-02 .1436E-01 .2326E-02 .1669E-01 .1436E-01 .6478E-03 .3868E-02
.1129E+04 .5501E+00 .1480E-01 .6679E-03 .5730E-02 .5063E-02 .1480E-01 .2397E-02 .1720E-01 .1480E-01 .6679E-03 .3987E-02
.1130E+04 .5512E+00 .1156E-01 .4740E-03 .4427E-02 .3953E-02 .1156E-01 .1786E-02 .1334E-01 .1156E-01 .4740E-03 .3088E-02
.1131E+04 .5540E+00 .1066E+00 .2706E-02 .3917E-01 .3647E-01 .1066E+00 .1347E-01 .1201E+00 .1066E+00 .2706E-02 .2752E-01
.1132E+04 .5542E+00 .7009E-01 .1942E-02 .2591E-01 .2397E-01 .7009E-01 .9150E-02 .7924E-01 .7009E-01 .1942E-02 .1819E-01
.1133E+04 .5451E+00 .2906E-01 .1047E-02 .1099E-01 .9941E-02 .2906E-01 .4231E-02 .3330E-01 .2906E-01 .1047E-02 .7680E-02
.1134E+04 .5505E+00 .2828E-02 .1962E-03 .1163E-02 .9672E-03 .2828E-02 .5817E-03 .3410E-02 .2828E-02 .1962E-03 .8000E-03
.1135E+04 .5507E+00 .1859E-02 .1040E-03 .7398E-03 .6359E-03 .1859E-02 .3373E-03 .2196E-02 .1859E-02 .1040E-03 .5123E-03
.1136E+04 .5514E+00 .2184E-01 .8707E-03 .8339E-02 .7468E-02 .2184E-01 .3330E-02 .2517E-01 .2184E-01 .8707E-03 .5817E-02
.1137E+04 .5458E+00 .9642E-01 .2496E-02 .3547E-01 .3298E-01 .9642E-01 .1227E-01 .1087E+00 .9642E-01 .2496E-02 .2491E-01
.1138E+04 .5387E+00 .6197E-01 .1719E-02 .2291E-01 .2119E-01 .6197E-01 .8095E-02 .7006E-01 .6197E-01 .1719E-02 .1608E-01
.1139E+04 .5406E+00 .1464E+00 .3163E-02 .5324E-01 .5008E-01 .1464E+00 .1750E-01 .1639E+00 .1464E+00 .3163E-02 .3748E-01
.1140E+04 .5363E+00 .9837E-01 .2357E-02 .3600E-01 .3365E-01 .9837E-01 .1218E-01 .1106E+00 .9837E-01 .2357E-02 .2532E-01
.1141E+04 .5371E+00 .6736E-01 .1778E-02 .2482E-01 .2304E-01 .6736E-01 .8636E-02 .7599E-01 .6736E-01 .1778E-02 .1744E-01
.1142E+04 .5392E+00 .7975E-01 .2026E-02 .2930E-01 .2728E-01 .7975E-01 .1008E-01 .8983E-01 .7975E-01 .2026E-02 .2060E-01
.1143E+04 .5405E+00 .1328E+00 .3008E-02 .4842E-01 .4541E-01 .1328E+00 .1613E-01 .1489E+00 .1328E+00 .3008E-02 .3407E-01
.1144E+04 .5355E+00 .3148E-01 .9354E-03 .1170E-01 .1077E-01 .3148E-01 .4225E-02 .3571E-01 .3148E-01 .9354E-03 .8213E-02
.1145E+04 .5399E+00 .3017E-01 .1057E-02 .1138E-01 .1032E-01 .3017E-01 .4338E-02 .3451E-01 .3017E-01 .1057E-02 .7958E-02
.1146E+04 .5437E+00 .3114E-01 .1100E-02 .1175E-01 .1065E-01 .3114E-01 .4493E-02 .3563E-01 .3114E-01 .1100E-02 .8217E-02
.1147E+04 .5422E+00 .4662E-02 .3020E-03 .1897E-02 .1595E-02 .4662E-02 .9204E-03 .5582E-02 .4662E-02 .3020E-03 .1307E-02
.1148E+04 .5387E+00 .1100E+00 .2566E-02 .4018E-01 .3762E-01 .1100E+00 .1349E-01 .1235E+00 .1100E+00 .2566E-02 .2827E-01
.1149E+04 .5377E+00 .7559E-01 .1915E-02 .2777E-01 .2585E-01 .7559E-01 .9546E-02 .8513E-01 .7559E-01 .1915E-02 .1952E-01
.1150E+04 .5362E+00 .3988E-01 .1042E-02 .1468E-01 .1364E-01 .3988E-01 .5094E-02 .4497E-01 .3988E-01 .1042E-02 .1032E-01
.1151E+04 .5358E+00 .5959E-01 .1621E-02 .2200E-01 .2038E-01 .5959E-01 .7727E-02 .6732E-01 .5959E-01 .1621E-02 .1545E-01
.1152E+04 .5314E+00 .9388E-01 .2255E-02 .3436E-01 .3211E-01 .9388E-01 .1163E-01 .1055E+00 .9388E-01 .2255E-02 .2417E-01
.1153E+04 .5345E+00 .1015E+00 .2287E-02 .3700E-01 .3472E-01 .1015E+00 .1231E-01 .1138E+00 .1015E+00 .2287E-02 .2605E-01
.1154E+04 .5355E+00 .2697E-01 .8831E-03 .1011E-01 .9224E-02 .2697E-01 .3766E-02 .3073E-01 .2697E-01 .8831E-03 .7081E-02
.1155E+04 .5325E+00 .1433E+00 .3047E-02 .5204E-01 .4900E-01 .1433E+00 .1704E-01 .1603E+00 .1433E+00 .3047E-02 .3665E-01
.1156E+04 .5307E+00 .1179E+00 .2620E-02 .4294E-01 .4033E-01 .1179E+00 .1423E-01 .1321E+00 .1179E+00 .2620E-02 .3023E-01
.1157E+04 .5308E+00 .1589E+00 .3153E-02 .5751E-01 .5436E-01 .1589E+00 .1850E-01 .1774E+00 .1589E+00 .3153E-02 .4054E-01
.1158E+04 .5294E+00 .1520E+00 .3036E-02 .5501E-01 .5197E-01 .1520E+00 .1772E-01 .1697E+00 .1520E+00 .3036E-02 .3877E-01
.1159E+04 .5172E+00 .1716E+00 .3386E-02 .6207E-01 .5868E-01 .1716E+00 .1994E-01 .1915E+00 .1716E+00 .3386E-02 .4374E-01
.1160E+04 .5185E+00 .1431E+00 .2808E-02 .5176E-01 .4895E-01 .1431E+00 .1660E-01 .1597E+00 .1431E+00 .2808E-02 .3649E-01
.1161E+04 .5087E+00 .1688E+00 .3213E-02 .6093E-01 .5772E-01 .1688E+00 .1940E-01 .1882E+00 .1688E+00 .3213E-02 .4297E-01
.1162E+04 .5223E+00 .1721E+00 .3272E-02 .6214E-01 .5886E-01 .1721E+00 .1977E-01 .1919E+00 .1721E+00 .3272E-02 .4380E-01
.1163E+04 .5219E+00 .3227E+00 .5438E-02 .1158E+00 .1104E+00 .3227E+00 .3578E-01 .3585E+00 .3227E+00 .5438E-02 .8159E-01
.1164E+04 .5150E+00 .2259E+00 .4040E-02 .8130E-01 .7726E-01 .2259E+00 .2546E-01 .2514E+00 .2259E+00 .4040E-02 .5723E-01
.1165E+04 .5178E+00 .2088E+00 .3790E-02 .7520E-01 .7141E-01 .2088E+00 .2363E-01 .2324E+00 .2088E+00 .3790E-02 .5293E-01
.1166E+04 .5137E+00 .2061E+00 .3668E-02 .7416E-01 .7050E-01 .2061E+00 .2319E-01 .2293E+00 .2061E+00 .3668E-02 .5222E-01
.1167E+04 .5172E+00 .2434E+00 .4235E-02 .8749E-01 .8326E-01 .2434E+00 .2722E-01 .2707E+00 .2434E+00 .4235E-02 .6160E-01
.1168E+04 .5180E+00 .2629E+00 .4462E-02 .9438E-01 .8992E-01 .2629E+00 .2919E-01 .2921E+00 .2629E+00 .4462E-02 .6646E-01
.1169E+04 .5068E+00 .2710E+00 .4595E-02 .9728E-01 .9268E-01 .2710E+00 .3008E-01 .3011E+00 .2710E+00 .4595E-02 .6849E-01
.1170E+04 .5163E+00 .3213E+00 .5273E-02 .1152E+00 .1099E+00 .3213E+00 .3533E-01 .3566E+00 .3213E+00 .5273E-02 .8103E-01
.1171E+04 .5178E+00 .3169E+00 .5163E-02 .1135E+00 .1084E+00 .3169E+00 .3475E-01 .3516E+00 .3169E+00 .5163E-02 .7983E-01
.1172E+04 .5164E+00 .3323E+00 .5321E-02 .1190E+00 .1137E+00 .3323E+00 .3627E-01 .3686E+00 .3323E+00 .5321E-02 .8363E-01
.1173E+04 .5159E+00 .3242E+00 .5277E-02 .1162E+00 .1109E+00 .3242E+00 .3554E-01 .3598E+00 .3242E+00 .5277E-02 .8164E-01
.1174E+04 .5135E+00 .1838E+00 .3226E-02 .6607E-01 .6285E-01 .1838E+00 .2057E-01 .2043E+00 .1838E+00 .3226E-02 .4644E-01
.1175E+04 .4991E+00 .3380E+00 .5325E-02 .1209E+00 .1156E+00 .3380E+00 .3670E-01 .3747E+00 .3380E+00 .5325E-02 .8493E-01
.1176E+04 .5075E+00 .4015E+00 .6125E-02 .1434E+00 .1373E+00 .4015E+00 .4321E-01 .4447E+00 .4015E+00 .6125E-02 .1007E+00
.1177E+04 .5074E+00 .3642E+00 .5673E-02 .1302E+00 .1246E+00 .3642E+00 .3940E-01 .4036E+00 .3642E+00 .5673E-02 .9137E-01
.1178E+04 .5015E+00 .2382E+00 .3866E-02 .8532E-01 .8145E-01 .2382E+00 .2605E-01 .2642E+00 .2382E+00 .3866E-02 .5987E-01
.1179E+04 .5088E+00 .4124E+00 .6238E-02 .1473E+00 .1411E+00 .4124E+00 .4428E-01 .4567E+00 .4124E+00 .6238E-02 .1033E+00
.1180E+04 .5100E+00 .3246E+00 .5135E-02 .1162E+00 .1110E+00 .3246E+00 .3523E-01 .3598E+00 .3246E+00 .5135E-02 .8142E-01
.1181E+04 .5064E+00 .3384E+00 .5328E-02 .1211E+00 .1158E+00 .3384E+00 .3666E-01 .3751E+00 .3384E+00 .5328E-02 .8479E-01
.1182E+04 .5003E+00 .2081E+00 .3483E-02 .7464E-01 .7116E-01 .2081E+00 .2290E-01 .2310E+00 .2081E+00 .3483E-02 .5225E-01
.1183E+04 .4858E+00 .3393E+00 .5289E-02 .1213E+00 .1160E+00 .3393E+00 .3665E-01 .3759E+00 .3393E+00 .5289E-02 .8493E-01
.1184E+04 .5001E+00 .3056E+00 .4835E-02 .1094E+00 .1045E+00 .3056E+00 .3314E-01 .3388E+00 .3056E+00 .4835E-02 .7657E-01
.1185E+04 .5046E+00 .2767E+00 .4486E-02 .9911E-01 .9463E-01 .2767E+00 .3020E-01 .3069E+00 .2767E+00 .4486E-02 .6939E-01
.1186E+04 .5035E+00 .3791E+00 .5791E-02 .1355E+00 .1297E+00 .3791E+00 .4074E-01 .4199E+00 .3791E+00 .5791E-02 .9484E-01
.1187E+04 .5034E+00 .3450E+00 .5356E-02 .1233E+00 .1180E+00 .3450E+00 .3722E-01 .3822E+00 .3450E+00 .5356E-02 .8636E-01
.1188E+04 .4850E+00 .1850E+00 .3206E-02 .6648E-01 .6328E-01 .1850E+00 .2056E-01 .2056E+00 .1850E+00 .3206E-02 .4654E-01
.1189E+04 .4842E+00 .3168E+00 .4918E-02 .1133E+00 .1083E+00 .3168E+00 .3418E-01 .3510E+00 .3168E+00 .4918E-02 .7931E-01
.1190E+04 .4983E+00 .3747E+00 .5651E-02 .1338E+00 .1282E+00 .3747E+00 .4013E-01 .4149E+00 .3747E+00 .5651E-02 .9370E-01
.1191E+04 .5014E+00 .3188E+00 .5012E-02 .1141E+00 .1091E+00 .3188E+00 .3452E-01 .3534E+00 .3188E+00 .5012E-02 .7986E-01
.1192E+04 .4989E+00 .3865E+00 .5761E-02 .1379E+00 .1322E+00 .3865E+00 .4129E-01 .4278E+00 .3865E+00 .5761E-02 .9664E-01
.1193E+04 .4984E+00 .3561E+00 .5383E-02 .1272E+00 .1218E+00 .3561E+00 .3820E-01 .3943E+00 .3561E+00 .5383E-02 .8917E-01
.1194E+04 .4975E+00 .3792E+00 .5655E-02 .1353E+00 .1297E+00 .3792E+00 .4057E-01 .4198E+00 .3792E+00 .5655E-02 .9499E-01
.1195E+04 .4914E+00 .3301E+00 .5074E-02 .1180E+00 .1129E+00 .3301E+00 .3561E-01 .3657E+00 .3301E+00 .5074E-02 .8287E-01
.1196E+04 .4919E+00 .3058E+00 .4763E-02 .1094E+00 .1046E+00 .3058E+00 .3313E-01 .3390E+00 .3058E+00 .4763E-02 .7689E-01
.1197E+04 .4798E+00 .3867E+00 .5715E-02 .1380E+00 .1323E+00 .3867E+00 .4138E-01 .4281E+00 .3867E+00 .5715E-02 .9715E-01
.1198E+04 .4745E+00 .3413E+00 .5065E-02 .1218E+00 .1167E+00 .3413E+00 .3661E-01 .3779E+00 .3413E+00 .5065E-02 .8593E-01
.1199E+04 .4694E+00 .2468E+00 .3910E-02 .8833E-01 .8442E-01 .2468E+00 .2696E-01 .2738E+00 .2468E+00 .3910E-02 .6241E-01
.1200E+04 .4889E+00 .3548E+00 .5275E-02 .1266E+00 .1214E+00 .3548E+00 .3816E-01 .3930E+00 .3548E+00 .5275E-02 .8958E-01
.1201E+04 .4910E+00 .3223E+00 .4910E-02 .1151E+00 .1102E+00 .3223E+00 .3490E-01 .3572E+00 .3223E+00 .4910E-02 .8153E-01
.1202E+04 .4883E+00 .3398E+00 .5013E-02 .1212E+00 .1162E+00 .3398E+00 .3655E-01 .3764E+00 .3398E+00 .5013E-02 .8600E-01
.1203E+04 .4679E+00 .3181E+00 .4831E-02 .1136E+00 .1088E+00 .3181E+00 .3450E-01 .3526E+00 .3181E+00 .4831E-02 .8070E-01
.1204E+04 .4791E+00 .2522E+00 .3940E-02 .9020E-01 .8626E-01 .2522E+00 .2759E-01 .2798E+00 .2522E+00 .3940E-02 .6420E-01
.1205E+04 .4848E+00 .3477E+00 .5106E-02 .1240E+00 .1189E+00 .3477E+00 .3751E-01 .3853E+00 .3477E+00 .5106E-02 .8846E-01
.1206E+04 .4854E+00 .4097E+00 .5898E-02 .1460E+00 .1401E+00 .4097E+00 .4405E-01 .4538E+00 .4097E+00 .5898E-02 .1043E+00
.1207E+04 .4845E+00 .3228E+00 .4817E-02 .1152E+00 .1104E+00 .3228E+00 .3505E-01 .3579E+00 .3228E+00 .4817E-02 .8243E-01
.1208E+04 .4598E+00 .3291E+00 .4828E-02 .1174E+00 .1126E+00 .3291E+00 .3560E-01 .3647E+00 .3291E+00 .4828E-02 .8404E-01
.1209E+04 .4690E+00 .3386E+00 .4962E-02 .1208E+00 .1158E+00 .3386E+00 .3664E-01 .3752E+00 .3386E+00 .4962E-02 .8654E-01
.1210E+04 .4716E+00 .3669E+00 .5295E-02 .1308E+00 .1255E+00 .3669E+00 .3959E-01 .4065E+00 .3669E+00 .5295E-02 .9381E-01
.1211E+04 .4733E+00 .3379E+00 .4914E-02 .1205E+00 .1156E+00 .3379E+00 .3655E-01 .3744E+00 .3379E+00 .4914E-02 .8650E-01
.1212E+04 .4790E+00 .3020E+00 .4598E-02 .1079E+00 .1033E+00 .3020E+00 .3306E-01 .3350E+00 .3020E+00 .4598E-02 .7750E-01
.1213E+04 .4784E+00 .3883E+00 .5587E-02 .1384E+00 .1328E+00 .3883E+00 .4196E-01 .4303E+00 .3883E+00 .5587E-02 .9952E-01
.1214E+04 .4785E+00 .3194E+00 .4785E-02 .1140E+00 .1093E+00 .3194E+00 .3487E-01 .3543E+00 .3194E+00 .4785E-02 .8204E-01
.1215E+04 .4783E+00 .3128E+00 .4667E-02 .1117E+00 .1070E+00 .3128E+00 .3411E-01 .3469E+00 .3128E+00 .4667E-02 .8033E-01
.1216E+04 .4775E+00 .3924E+00 .5572E-02 .1398E+00 .1342E+00 .3924E+00 .4228E-01 .4347E+00 .3924E+00 .5572E-02 .1006E+00
.1217E+04 .4762E+00 .3741E+00 .5343E-02 .1333E+00 .1279E+00 .3741E+00 .4036E-01 .4144E+00 .3741E+00 .5343E-02 .9591E-01
.1218E+04 .4744E+00 .3819E+00 .5435E-02 .1361E+00 .1306E+00 .3819E+00 .4118E-01 .4231E+00 .3819E+00 .5435E-02 .9792E-01
.1219E+04 .4724E+00 .3640E+00 .5245E-02 .1297E+00 .1245E+00 .3640E+00 .3936E-01 .4034E+00 .3640E+00 .5245E-02 .9338E-01
.1220E+04 .4738E+00 .3852E+00 .5452E-02 .1372E+00 .1317E+00 .3852E+00 .4148E-01 .4266E+00 .3852E+00 .5452E-02 .9874E-01
.1221E+04 .4719E+00 .3994E+00 .5573E-02 .1422E+00 .1366E+00 .3994E+00 .4286E-01 .4423E+00 .3994E+00 .5573E-02 .1023E+00
.1222E+04 .4701E+00 .3832E+00 .5371E-02 .1364E+00 .1311E+00 .3832E+00 .4117E-01 .4244E+00 .3832E+00 .5371E-02 .9822E-01
.1223E+04 .4686E+00 .3738E+00 .5259E-02 .1331E+00 .1278E+00 .3738E+00 .4019E-01 .4140E+00 .3738E+00 .5259E-02 .9581E-01
.1224E+04 .4699E+00 .3598E+00 .5133E-02 .1282E+00 .1231E+00 .3598E+00 .3881E-01 .3986E+00 .3598E+00 .5133E-02 .9227E-01
.1225E+04 .4684E+00 .3940E+00 .5490E-02 .1402E+00 .1348E+00 .3940E+00 .4227E-01 .4363E+00 .3940E+00 .5490E-02 .1010E+00
.1226E+04 .4663E+00 .4072E+00 .5601E-02 .1449E+00 .1393E+00 .4072E+00 .4356E-01 .4508E+00 .4072E+00 .5601E-02 .1043E+00
.1227E+04 .4570E+00 .3460E+00 .4912E-02 .1233E+00 .1183E+00 .3460E+00 .3728E-01 .3833E+00 .3460E+00 .4912E-02 .8873E-01
.1228E+04 .4645E+00 .4123E+00 .5648E-02 .1467E+00 .1410E+00 .4123E+00 .4406E-01 .4564E+00 .4123E+00 .5648E-02 .1056E+00
.1229E+04 .4654E+00 .4093E+00 .5590E-02 .1456E+00 .1400E+00 .4093E+00 .4371E-01 .4530E+00 .4093E+00 .5590E-02 .1048E+00
.1230E+04 .4629E+00 .3965E+00 .5437E-02 .1411E+00 .1356E+00 .3965E+00 .4238E-01 .4389E+00 .3965E+00 .5437E-02 .1016E+00
.1231E+04 .4614E+00 .4262E+00 .5750E-02 .1515E+00 .1458E+00 .4262E+00 .4538E-01 .4716E+00 .4262E+00 .5750E-02 .1091E+00
.1232E+04 .4592E+00 .4232E+00 .5701E-02 .1504E+00 .1447E+00 .4232E+00 .4504E-01 .4682E+00 .4232E+00 .5701E-02 .1083E+00
.1233E+04 .4601E+00 .3843E+00 .5279E-02 .1367E+00 .1314E+00 .3843E+00 .4109E-01 .4254E+00 .3843E+00 .5279E-02 .9843E-01
.1234E+04 .4577E+00 .4324E+00 .5766E-02 .1536E+00 .1479E+00 .4324E+00 .4592E-01 .4783E+00 .4324E+00 .5766E-02 .1106E+00
.1235E+04 .4572E+00 .4246E+00 .5681E-02 .1509E+00 .1452E+00 .4246E+00 .4513E-01 .4697E+00 .4246E+00 .5681E-02 .1087E+00
.1236E+04 .4586E+00 .4323E+00 .5749E-02 .1536E+00 .1478E+00 .4323E+00 .4588E-01 .4781E+00 .4323E+00 .5749E-02 .1106E+00
.1237E+04 .4580E+00 .4178E+00 .5579E-02 .1485E+00 .1429E+00 .4178E+00 .4439E-01 .4622E+00 .4178E+00 .5579E-02 .1069E+00
.1238E+04 .4570E+00 .4314E+00 .5715E-02 .1533E+00 .1475E+00 .4314E+00 .4574E-01 .4771E+00 .4314E+00 .5715E-02 .1104E+00
.1239E+04 .4513E+00 .4257E+00 .5631E-02 .1512E+00 .1456E+00 .4257E+00 .4513E-01 .4708E+00 .4257E+00 .5631E-02 .1089E+00
.1240E+04 .4522E+00 .4294E+00 .5659E-02 .1525E+00 .1469E+00 .4294E+00 .4548E-01 .4749E+00 .4294E+00 .5659E-02 .1098E+00
.1241E+04 .4541E+00 .4204E+00 .5570E-02 .1494E+00 .1438E+00 .4204E+00 .4458E-01 .4650E+00 .4204E+00 .5570E-02 .1076E+00
.1242E+04 .4495E+00 .4261E+00 .5600E-02 .1513E+00 .1457E+00 .4261E+00 .4508E-01 .4712E+00 .4261E+00 .5600E-02 .1089E+00
.1243E+04 .4456E+00 .4236E+00 .5552E-02 .1504E+00 .1449E+00 .4236E+00 .4476E-01 .4683E+00 .4236E+00 .5552E-02 .1082E+00
.1244E+04 .4500E+00 .4246E+00 .5567E-02 .1508E+00 .1452E+00 .4246E+00 .4485E-01 .4694E+00 .4246E+00 .5567E-02 .1084E+00
.1245E+04 .4512E+00 .4283E+00 .5597E-02 .1521E+00 .1465E+00 .4283E+00 .4521E-01 .4735E+00 .4283E+00 .5597E-02 .1093E+00
.1246E+04 .4484E+00 .4260E+00 .5556E-02 .1513E+00 .1457E+00 .4260E+00 .4495E-01 .4710E+00 .4260E+00 .5556E-02 .1087E+00
.1247E+04 .4478E+00 .4233E+00 .5519E-02 .1503E+00 .1448E+00 .4233E+00 .4466E-01 .4679E+00 .4233E+00 .5519E-02 .1080E+00
.1248E+04 .4496E+00 .4198E+00 .5484E-02 .1491E+00 .1436E+00 .4198E+00 .4431E-01 .4641E+00 .4198E+00 .5484E-02 .1072E+00
.1249E+04 .4491E+00 .4250E+00 .5521E-02 .1509E+00 .1453E+00 .4250E+00 .4480E-01 .4698E+00 .4250E+00 .5521E-02 .1085E+00
.1250E+04 .4476E+00 .4218E+00 .5477E-02 .1497E+00 .1443E+00 .4218E+00 .4446E-01 .4662E+00 .4218E+00 .5477E-02 .1077E+00
.1251E+04 .4444E+00 .4158E+00 .5401E-02 .1476E+00 .1422E+00 .4158E+00 .4383E-01 .4596E+00 .4158E+00 .5401E-02 .1061E+00
.1252E+04 .4413E+00 .4162E+00 .5385E-02 .1477E+00 .1424E+00 .4162E+00 .4384E-01 .4601E+00 .4162E+00 .5385E-02 .1062E+00
.1253E+04 .4435E+00 .4119E+00 .5345E-02 .1462E+00 .1409E+00 .4119E+00 .4341E-01 .4553E+00 .4119E+00 .5345E-02 .1051E+00
.1254E+04 .4436E+00 .4030E+00 .5254E-02 .1431E+00 .1378E+00 .4030E+00 .4252E-01 .4455E+00 .4030E+00 .5254E-02 .1029E+00
.1255E+04 .4424E+00 .4146E+00 .5347E-02 .1471E+00 .1418E+00 .4146E+00 .4364E-01 .4582E+00 .4146E+00 .5347E-02 .1058E+00
.1256E+04 .4407E+00 .4008E+00 .5207E-02 .1423E+00 .1371E+00 .4008E+00 .4226E-01 .4431E+00 .4008E+00 .5207E-02 .1023E+00
.1257E+04 .4405E+00 .3985E+00 .5177E-02 .1415E+00 .1363E+00 .3985E+00 .4202E-01 .4405E+00 .3985E+00 .5177E-02 .1017E+00
.1258E+04 .4401E+00 .4065E+00 .5240E-02 .1443E+00 .1390E+00 .4065E+00 .4279E-01 .4493E+00 .4065E+00 .5240E-02 .1038E+00
.1259E+04 .4411E+00 .3889E+00 .5074E-02 .1381E+00 .1330E+00 .3889E+00 .4105E-01 .4299E+00 .3889E+00 .5074E-02 .9933E-01
.1260E+04 .4413E+00 .3898E+00 .5075E-02 .1384E+00 .1333E+00 .3898E+00 .4115E-01 .4309E+00 .3898E+00 .5075E-02 .9963E-01
.1261E+04 .4388E+00 .3617E+00 .4801E-02 .1285E+00 .1237E+00 .3617E+00 .3838E-01 .4001E+00 .3617E+00 .4801E-02 .9259E-01
.1262E+04 .4378E+00 .3494E+00 .4677E-02 .1242E+00 .1195E+00 .3494E+00 .3717E-01 .3865E+00 .3494E+00 .4677E-02 .8954E-01
.1263E+04 .4394E+00 .3477E+00 .4659E-02 .1236E+00 .1189E+00 .3477E+00 .3702E-01 .3847E+00 .3477E+00 .4659E-02 .8920E-01
.1264E+04 .4352E+00 .3135E+00 .4319E-02 .1115E+00 .1072E+00 .3135E+00 .3362E-01 .3471E+00 .3135E+00 .4319E-02 .8059E-01
.1265E+04 .4360E+00 .3476E+00 .4634E-02 .1235E+00 .1189E+00 .3476E+00 .3703E-01 .3847E+00 .3476E+00 .4634E-02 .8934E-01
.1266E+04 .4368E+00 .3308E+00 .4473E-02 .1176E+00 .1131E+00 .3308E+00 .3537E-01 .3662E+00 .3308E+00 .4473E-02 .8513E-01
.1267E+04 .4325E+00 .3365E+00 .4504E-02 .1196E+00 .1151E+00 .3365E+00 .3590E-01 .3724E+00 .3365E+00 .4504E-02 .8657E-01
.1268E+04 .4295E+00 .3158E+00 .4295E-02 .1123E+00 .1080E+00 .3158E+00 .3382E-01 .3496E+00 .3158E+00 .4295E-02 .8130E-01
.1269E+04 .4340E+00 .1665E+00 .2797E-02 .5975E-01 .5696E-01 .1665E+00 .1881E-01 .1853E+00 .1665E+00 .2797E-02 .4325E-01
.1270E+04 .4355E+00 .3364E+00 .4494E-02 .1195E+00 .1151E+00 .3364E+00 .3598E-01 .3724E+00 .3364E+00 .4494E-02 .8687E-01
.1271E+04 .4344E+00 .3599E+00 .4690E-02 .1278E+00 .1231E+00 .3599E+00 .3836E-01 .3982E+00 .3599E+00 .4690E-02 .9310E-01
.1272E+04 .4333E+00 .3614E+00 .4702E-02 .1283E+00 .1236E+00 .3614E+00 .3852E-01 .3999E+00 .3614E+00 .4702E-02 .9350E-01
.1273E+04 .4313E+00 .3575E+00 .4653E-02 .1269E+00 .1223E+00 .3575E+00 .3811E-01 .3956E+00 .3575E+00 .4653E-02 .9250E-01
.1274E+04 .4296E+00 .3569E+00 .4631E-02 .1267E+00 .1221E+00 .3569E+00 .3802E-01 .3949E+00 .3569E+00 .4631E-02 .9235E-01
.1275E+04 .4313E+00 .3676E+00 .4729E-02 .1305E+00 .1257E+00 .3676E+00 .3908E-01 .4067E+00 .3676E+00 .4729E-02 .9509E-01
.1276E+04 .4312E+00 .3697E+00 .4739E-02 .1312E+00 .1265E+00 .3697E+00 .3928E-01 .4090E+00 .3697E+00 .4739E-02 .9563E-01
.1277E+04 .4301E+00 .3672E+00 .4692E-02 .1303E+00 .1256E+00 .3672E+00 .3896E-01 .4062E+00 .3672E+00 .4692E-02 .9489E-01
.1278E+04 .4282E+00 .3864E+00 .4861E-02 .1370E+00 .1322E+00 .3864E+00 .4083E-01 .4272E+00 .3864E+00 .4861E-02 .9972E-01
.1279E+04 .4248E+00 .3760E+00 .4736E-02 .1333E+00 .1286E+00 .3760E+00 .3973E-01 .4157E+00 .3760E+00 .4736E-02 .9700E-01
.1280E+04 .4194E+00 .3672E+00 .4642E-02 .1302E+00 .1256E+00 .3672E+00 .3883E-01 .4060E+00 .3672E+00 .4642E-02 .9474E-01
.1281E+04 .3961E+00 .3529E+00 .4430E-02 .1251E+00 .1207E+00 .3529E+00 .3726E-01 .3902E+00 .3529E+00 .4430E-02 .9104E-01
.1282E+04 .3751E+00 .3488E+00 .4321E-02 .1236E+00 .1193E+00 .3488E+00 .3672E-01 .3855E+00 .3488E+00 .4321E-02 .8994E-01
.1283E+04 .4054E+00 .3737E+00 .4633E-02 .1324E+00 .1278E+00 .3737E+00 .3935E-01 .4131E+00 .3737E+00 .4633E-02 .9636E-01
.1284E+04 .4167E+00 .3741E+00 .4663E-02 .1326E+00 .1279E+00 .3741E+00 .3944E-01 .4135E+00 .3741E+00 .4663E-02 .9648E-01
.1285E+04 .4185E+00 .3811E+00 .4722E-02 .1351E+00 .1304E+00 .3811E+00 .4013E-01 .4212E+00 .3811E+00 .4722E-02 .9828E-01
.1286E+04 .4202E+00 .3881E+00 .4785E-02 .1375E+00 .1327E+00 .3881E+00 .4082E-01 .4289E+00 .3881E+00 .4785E-02 .1001E+00
.1287E+04 .4211E+00 .3704E+00 .4618E-02 .1313E+00 .1267E+00 .3704E+00 .3905E-01 .4094E+00 .3704E+00 .4618E-02 .9553E-01
.1288E+04 .4195E+00 .3720E+00 .4616E-02 .1318E+00 .1272E+00 .3720E+00 .3918E-01 .4112E+00 .3720E+00 .4616E-02 .9593E-01
.1289E+04 .4195E+00 .3434E+00 .4345E-02 .1218E+00 .1174E+00 .3434E+00 .3630E-01 .3797E+00 .3434E+00 .4345E-02 .8857E-01
.1290E+04 .4142E+00 .3677E+00 .4552E-02 .1303E+00 .1257E+00 .3677E+00 .3866E-01 .4063E+00 .3677E+00 .4552E-02 .9469E-01
.1291E+04 .4175E+00 .3786E+00 .4651E-02 .1341E+00 .1295E+00 .3786E+00 .3971E-01 .4183E+00 .3786E+00 .4651E-02 .9738E-01
.1292E+04 .4193E+00 .3197E+00 .4089E-02 .1134E+00 .1094E+00 .3197E+00 .3383E-01 .3536E+00 .3197E+00 .4089E-02 .8235E-01
.1293E+04 .4169E+00 .3581E+00 .4439E-02 .1269E+00 .1225E+00 .3581E+00 .3764E-01 .3957E+00 .3581E+00 .4439E-02 .9215E-01
.1294E+04 .4160E+00 .3502E+00 .4352E-02 .1241E+00 .1198E+00 .3502E+00 .3683E-01 .3870E+00 .3502E+00 .4352E-02 .9012E-01
.1295E+04 .4177E+00 .3444E+00 .4318E-02 .1221E+00 .1178E+00 .3444E+00 .3628E-01 .3807E+00 .3444E+00 .4318E-02 .8866E-01
.1296E+04 .4178E+00 .3067E+00 .3937E-02 .1088E+00 .1049E+00 .3067E+00 .3248E-01 .3392E+00 .3067E+00 .3937E-02 .7901E-01
.1297E+04 .4141E+00 .2766E+00 .3607E-02 .9819E-01 .9459E-01 .2766E+00 .2939E-01 .3059E+00 .2766E+00 .3607E-02 .7129E-01
.1298E+04 .4136E+00 .3325E+00 .4157E-02 .1179E+00 .1137E+00 .3325E+00 .3501E-01 .3675E+00 .3325E+00 .4157E-02 .8559E-01
.1299E+04 .4157E+00 .3659E+00 .4459E-02 .1296E+00 .1251E+00 .3659E+00 .3831E-01 .4042E+00 .3659E+00 .4459E-02 .9410E-01
.1300E+04 .4141E+00 .2592E+00 .3358E-02 .9201E-01 .8865E-01 .2592E+00 .2750E-01 .2867E+00 .2592E+00 .3358E-02 .6681E-01
.1301E+04 .4116E+00 .2618E+00 .3426E-02 .9297E-01 .8954E-01 .2618E+00 .2784E-01 .2896E+00 .2618E+00 .3426E-02 .6750E-01
.1302E+04 .4097E+00 .3329E+00 .4119E-02 .1180E+00 .1139E+00 .3329E+00 .3498E-01 .3679E+00 .3329E+00 .4119E-02 .8568E-01
.1303E+04 .4066E+00 .2510E+00 .3264E-02 .8912E-01 .8586E-01 .2510E+00 .2666E-01 .2777E+00 .2510E+00 .3264E-02 .6473E-01
.1304E+04 .4079E+00 .1824E+00 .2531E-02 .6492E-01 .6238E-01 .1824E+00 .1966E-01 .2021E+00 .1824E+00 .2531E-02 .4714E-01
.1305E+04 .4101E+00 .3181E+00 .3954E-02 .1128E+00 .1088E+00 .3181E+00 .3346E-01 .3516E+00 .3181E+00 .3954E-02 .8190E-01
.1306E+04 .4099E+00 .3127E+00 .3925E-02 .1109E+00 .1069E+00 .3127E+00 .3296E-01 .3456E+00 .3127E+00 .3925E-02 .8052E-01
.1307E+04 .4076E+00 .1868E+00 .2556E-02 .6644E-01 .6389E-01 .1868E+00 .2006E-01 .2068E+00 .1868E+00 .2556E-02 .4822E-01
.1308E+04 .4071E+00 .2735E+00 .3437E-02 .9697E-01 .9353E-01 .2735E+00 .2879E-01 .3023E+00 .2735E+00 .3437E-02 .7033E-01
.1309E+04 .4068E+00 .3062E+00 .3857E-02 .1086E+00 .1047E+00 .3062E+00 .3225E-01 .3385E+00 .3062E+00 .3857E-02 .7871E-01
.1310E+04 .4042E+00 .1912E+00 .2594E-02 .6799E-01 .6540E-01 .1912E+00 .2047E-01 .2117E+00 .1912E+00 .2594E-02 .4928E-01
.1311E+04 .4040E+00 .2448E+00 .3124E-02 .8684E-01 .8372E-01 .2448E+00 .2585E-01 .2706E+00 .2448E+00 .3124E-02 .6296E-01
.1312E+04 .3931E+00 .2383E+00 .3032E-02 .8452E-01 .8149E-01 .2383E+00 .2513E-01 .2634E+00 .2383E+00 .3032E-02 .6123E-01
.1313E+04 .3965E+00 .2104E+00 .2802E-02 .7477E-01 .7197E-01 .2104E+00 .2240E-01 .2328E+00 .2104E+00 .2802E-02 .5411E-01
.1314E+04 .3999E+00 .1844E+00 .2504E-02 .6556E-01 .6305E-01 .1844E+00 .1971E-01 .2041E+00 .1844E+00 .2504E-02 .4742E-01
.1315E+04 .3881E+00 .1535E+00 .2199E-02 .5471E-01 .5251E-01 .1535E+00 .1662E-01 .1702E+00 .1535E+00 .2199E-02 .3956E-01
.1316E+04 .3974E+00 .2272E+00 .2957E-02 .8066E-01 .7770E-01 .2272E+00 .2406E-01 .2512E+00 .2272E+00 .2957E-02 .5835E-01
.1317E+04 .3992E+00 .2198E+00 .2838E-02 .7800E-01 .7516E-01 .2198E+00 .2323E-01 .2430E+00 .2198E+00 .2838E-02 .5643E-01
.1318E+04 .3975E+00 .2555E+00 .3207E-02 .9060E-01 .8739E-01 .2555E+00 .2684E-01 .2824E+00 .2555E+00 .3207E-02 .6555E-01
.1319E+04 .4003E+00 .1414E+00 .2035E-02 .5041E-01 .4837E-01 .1414E+00 .1532E-01 .1568E+00 .1414E+00 .2035E-02 .3644E-01
.1320E+04 .3983E+00 .1719E+00 .2320E-02 .6110E-01 .5879E-01 .1719E+00 .1833E-01 .1902E+00 .1719E+00 .2320E-02 .4415E-01
.1321E+04 .3960E+00 .1971E+00 .2605E-02 .7003E-01 .6742E-01 .1971E+00 .2091E-01 .2180E+00 .1971E+00 .2605E-02 .5055E-01
.1322E+04 .3968E+00 .1840E+00 .2523E-02 .6544E-01 .6292E-01 .1840E+00 .1966E-01 .2036E+00 .1840E+00 .2523E-02 .4719E-01
.1323E+04 .3964E+00 .1255E+00 .1858E-02 .4478E-01 .4293E-01 .1255E+00 .1365E-01 .1392E+00 .1255E+00 .1858E-02 .3226E-01
.1324E+04 .3967E+00 .1432E+00 .2014E-02 .5098E-01 .4896E-01 .1432E+00 .1538E-01 .1585E+00 .1432E+00 .2014E-02 .3671E-01
.1325E+04 .3949E+00 .2249E+00 .2902E-02 .7982E-01 .7692E-01 .2249E+00 .2369E-01 .2486E+00 .2249E+00 .2902E-02 .5750E-01
.1326E+04 .3926E+00 .1659E+00 .2262E-02 .5901E-01 .5675E-01 .1659E+00 .1769E-01 .1836E+00 .1659E+00 .2262E-02 .4250E-01
.1327E+04 .3922E+00 .1541E+00 .2125E-02 .5482E-01 .5270E-01 .1541E+00 .1646E-01 .1705E+00 .1541E+00 .2125E-02 .3945E-01
.1328E+04 .3886E+00 .1364E+00 .1925E-02 .4859E-01 .4667E-01 .1364E+00 .1465E-01 .1511E+00 .1364E+00 .1925E-02 .3493E-01
.1329E+04 .3839E+00 .8122E-01 .1321E-02 .2910E-01 .2778E-01 .8122E-01 .9028E-02 .9025E-01 .8122E-01 .1321E-02 .2088E-01
.1330E+04 .3896E+00 .1104E+00 .1706E-02 .3946E-01 .3775E-01 .1104E+00 .1210E-01 .1225E+00 .1104E+00 .1706E-02 .2830E-01
.1331E+04 .3886E+00 .4672E-01 .8824E-03 .1686E-01 .1598E-01 .4672E-01 .5408E-02 .5212E-01 .4672E-01 .8824E-03 .1207E-01
.1332E+04 .3843E+00 .5401E-01 .9735E-03 .1945E-01 .1847E-01 .5401E-01 .6167E-02 .6018E-01 .5401E-01 .9735E-03 .1392E-01
.1333E+04 .3904E+00 .7772E-01 .1351E-02 .2793E-01 .2658E-01 .7772E-01 .8785E-02 .8650E-01 .7772E-01 .1351E-02 .2000E-01
.1334E+04 .3908E+00 .9144E-01 .1347E-02 .3262E-01 .3128E-01 .9144E-01 .9897E-02 .1013E+00 .9144E-01 .1347E-02 .2339E-01
.1335E+04 .3883E+00 .1221E+00 .1821E-02 .4359E-01 .4177E-01 .1221E+00 .1325E-01 .1354E+00 .1221E+00 .1821E-02 .3121E-01
.1336E+04 .3889E+00 .8304E-01 .1354E-02 .2975E-01 .2840E-01 .8304E-01 .9210E-02 .9225E-01 .8304E-01 .1354E-02 .2127E-01
.1337E+04 .3873E+00 .6840E-01 .1120E-02 .2452E-01 .2340E-01 .6840E-01 .7586E-02 .7599E-01 .6840E-01 .1120E-02 .1750E-01
.1338E+04 .3850E+00 .7122E-01 .1190E-02 .2555E-01 .2436E-01 .7122E-01 .7930E-02 .7915E-01 .7122E-01 .1190E-02 .1820E-01
.1339E+04 .3791E+00 .7440E-01 .1226E-02 .2667E-01 .2545E-01 .7440E-01 .8246E-02 .8265E-01 .7440E-01 .1226E-02 .1898E-01
.1340E+04 .3833E+00 .7951E-01 .1244E-02 .2844E-01 .2720E-01 .7951E-01 .8693E-02 .8821E-01 .7951E-01 .1244E-02 .2025E-01
.1341E+04 .3840E+00 .5628E-01 .1041E-02 .2029E-01 .1925E-01 .5628E-01 .6441E-02 .6272E-01 .5628E-01 .1041E-02 .1442E-01
.1342E+04 .3837E+00 .5701E-01 .1035E-02 .2053E-01 .1950E-01 .5701E-01 .6484E-02 .6350E-01 .5701E-01 .1035E-02 .1458E-01
.1343E+04 .3833E+00 .2106E-01 .5335E-03 .7736E-02 .7203E-02 .2106E-01 .2665E-02 .2372E-01 .2106E-01 .5335E-03 .5463E-02
.1344E+04 .3843E+00 .1868E-01 .4164E-03 .6805E-02 .6389E-02 .1868E-01 .2259E-02 .2094E-01 .1868E-01 .4164E-03 .4808E-02
.1345E+04 .3823E+00 .2246E-01 .5598E-03 .8243E-02 .7683E-02 .2246E-01 .2822E-02 .2529E-01 .2246E-01 .5598E-03 .5808E-02
.1346E+04 .3806E+00 .4251E-02 .1877E-03 .1642E-02 .1454E-02 .4251E-02 .6811E-03 .4933E-02 .4251E-02 .1877E-03 .1144E-02
.1347E+04 .3814E+00 .3758E-02 .1861E-03 .1472E-02 .1285E-02 .3758E-02 .6382E-03 .4396E-02 .3758E-02 .1861E-03 .1021E-02
.1348E+04 .3812E+00 .5317E-04 .6926E-05 .2511E-04 .1818E-04 .5317E-04 .1676E-04 .6993E-04 .5317E-04 .6926E-05 .1680E-04
.1349E+04 .3782E+00 .1994E-03 .2439E-04 .9258E-04 .6819E-04 .1994E-03 .5998E-04 .2594E-03 .1994E-03 .2439E-04 .6206E-04
.1350E+04 .3753E+00 .2891E-03 .3302E-04 .1319E-03 .9886E-04 .2891E-03 .8270E-04 .3718E-03 .2891E-03 .3302E-04 .8853E-04
.1351E+04 .3779E+00 .1365E-04 .4029E-05 .8698E-05 .4668E-05 .1365E-04 .8353E-05 .2200E-04 .1365E-04 .4029E-05 .5523E-05
.1352E+04 .3793E+00 .2199E-06 .4570E-06 .5323E-06 .7522E-07 .2199E-06 .8410E-06 .1061E-05 .2199E-06 .4570E-06 .3027E-06
.1353E+04 .3777E+00 .5807E-08 .1928E-07 .2127E-07 .1986E-08 .5807E-08 .3520E-07 .4100E-07 .5807E-08 .1928E-07 .1192E-07
.1354E+04 .3755E+00 .8214E-07 .1064E-06 .1345E-06 .2809E-07 .8214E-07 .1982E-06 .2803E-06 .8214E-07 .1064E-06 .7785E-07
.1355E+04 .3718E+00 .1177E-10 .2192E-09 .2233E-09 .4024E-11 .1177E-10 .3958E-09 .4075E-09 .1177E-10 .2192E-09 .1221E-09
.1356E+04 .3701E+00 .6905E-08 .1643E-07 .1879E-07 .2362E-08 .6905E-08 .3013E-07 .3704E-07 .6905E-08 .1643E-07 .1060E-07
.1357E+04 .3706E+00 .6104E-08 .1799E-07 .2008E-07 .2088E-08 .6104E-08 .3288E-07 .3898E-07 .6104E-08 .1799E-07 .1124E-07
.1358E+04 .3734E+00 .2161E-10 .3282E-09 .3356E-09 .7392E-11 .2161E-10 .5925E-09 .6141E-09 .2161E-10 .3282E-09 .1830E-09
.1359E+04 .3698E+00 .4575E-13 .9864E-11 .9880E-11 .1565E-13 .4575E-13 .1776E-10 .1780E-10 .4575E-13 .9864E-11 .5345E-11
.1360E+04 .3701E+00 .2900E-11 .1031E-09 .1041E-09 .9918E-12 .2900E-11 .1859E-09 .1888E-09 .2900E-11 .1031E-09 .5643E-10
.1361E+04 .3730E+00 .2776E-17 .1007E-13 .1007E-13 .9494E-18 .2776E-17 .1812E-13 .1812E-13 .2776E-17 .1007E-13 .5435E-14
.1362E+04 .3690E+00 .1853E-20 .1750E-16 .1750E-16 .6337E-21 .1853E-20 .3148E-16 .3148E-16 .1853E-20 .1750E-16 .9433E-17
.1363E+04 .3672E+00 .1022E-12 .4091E-10 .4095E-10 .3497E-13 .1022E-12 .7361E-10 .7372E-10 .1022E-12 .4091E-10 .2204E-10
.1364E+04 .3687E+00 .2084E-12 .2394E-10 .2401E-10 .7129E-13 .2084E-12 .4309E-10 .4329E-10 .2084E-12 .2394E-10 .1291E-10
.1365E+04 .3696E+00 .2463E-22 .3688E-17 .3688E-17 .8423E-23 .2463E-22 .6635E-17 .6635E-17 .2463E-22 .3688E-17 .1981E-17
.1366E+04 .3673E+00 .2672E-11 .3932E-09 .3941E-09 .9139E-12 .2672E-11 .7075E-09 .7102E-09 .2672E-11 .3932E-09 .2118E-09
.1367E+04 .3661E+00 .1098E-10 .3117E-09 .3154E-09 .3755E-11 .1098E-10 .5615E-09 .5725E-09 .1098E-10 .3117E-09 .1700E-09
.1368E+04 .3647E+00 .1903E-28 .1167E-20 .1167E-20 .6508E-29 .1903E-28 .2099E-20 .2099E-20 .1903E-28 .1167E-20 .6259E-21
.1369E+04 .3623E+00 .4890E-12 .2792E-10 .2808E-10 .1673E-12 .4890E-12 .5025E-10 .5073E-10 .4890E-12 .2792E-10 .1508E-10
.1370E+04 .3621E+00 .2322E-13 .5055E-11 .5063E-11 .7943E-14 .2322E-13 .9092E-11 .9115E-11 .2322E-13 .5055E-11 .2710E-11
.1371E+04 .3628E+00 .5632E-15 .2301E-12 .2303E-12 .1926E-15 .5632E-15 .4138E-12 .4143E-12 .5632E-15 .2301E-12 .1230E-12
.1372E+04 .3658E+00 .1680E-10 .3034E-09 .3091E-09 .5745E-11 .1680E-10 .5467E-09 .5635E-09 .1680E-10 .3034E-09 .1657E-09
.1373E+04 .3656E+00 .5654E-09 .4801E-08 .4994E-08 .1934E-09 .5654E-09 .8672E-08 .9237E-08 .5654E-09 .4801E-08 .2688E-08
.1374E+04 .3624E+00 .1046E-07 .3452E-07 .3810E-07 .3577E-08 .1046E-07 .6284E-07 .7330E-07 .1046E-07 .3452E-07 .2081E-07
.1375E+04 .3595E+00 .7256E-08 .5206E-07 .5454E-07 .2482E-08 .7256E-08 .9410E-07 .1014E-06 .7256E-08 .5206E-07 .2934E-07
.1376E+04 .3579E+00 .1441E-06 .1386E-06 .1879E-06 .4930E-07 .1441E-06 .2603E-06 .4044E-06 .1441E-06 .1386E-06 .1076E-06
.1377E+04 .3609E+00 .7136E-07 .7017E-07 .9458E-07 .2441E-07 .7136E-07 .1316E-06 .2029E-06 .7136E-07 .7017E-07 .5398E-07
.1378E+04 .3614E+00 .1218E-06 .2806E-06 .3222E-06 .4167E-07 .1218E-06 .5133E-06 .6351E-06 .1218E-06 .2806E-06 .1768E-06
.1379E+04 .3621E+00 .3419E-07 .2959E-07 .4128E-07 .1169E-07 .3419E-07 .5576E-07 .8995E-07 .3419E-07 .2959E-07 .2360E-07
.1380E+04 .3606E+00 .6224E-08 .1693E-07 .1906E-07 .2129E-08 .6224E-08 .3087E-07 .3709E-07 .6224E-08 .1693E-07 .1036E-07
.1381E+04 .3594E+00 .3834E-09 .7804E-09 .9115E-09 .1311E-09 .3834E-09 .1430E-08 .1814E-08 .3834E-09 .7804E-09 .4996E-09
.1382E+04 .3564E+00 .4414E-11 .1409E-09 .1424E-09 .1510E-11 .4414E-11 .2532E-09 .2576E-09 .4414E-11 .1409E-09 .7493E-10
.1383E+04 .3579E+00 .6007E-13 .1964E-11 .1984E-11 .2055E-13 .6007E-13 .3529E-11 .3589E-11 .6007E-13 .1964E-11 .1042E-11
.1384E+04 .3585E+00 .1056E-12 .1378E-10 .1382E-10 .3613E-13 .1056E-12 .2473E-10 .2484E-10 .1056E-12 .1378E-10 .7229E-11
.1385E+04 .3566E+00 .2117E-10 .1823E-09 .1895E-09 .7241E-11 .2117E-10 .3285E-09 .3497E-09 .2117E-10 .1823E-09 .9996E-10
.1386E+04 .3567E+00 .4771E-12 .4987E-10 .5003E-10 .1632E-12 .4771E-12 .8945E-10 .8993E-10 .4771E-12 .4987E-10 .2604E-10
.1387E+04 .3560E+00 .1009E-09 .3887E-08 .3922E-08 .3452E-10 .1009E-09 .6976E-08 .7077E-08 .1009E-09 .3887E-08 .2038E-08
.1388E+04 .3572E+00 .4073E-09 .9561E-09 .1095E-08 .1393E-09 .4073E-09 .1744E-08 .2151E-08 .4073E-09 .9561E-09 .5876E-09
.1389E+04 .3552E+00 .4451E-07 .1211E-06 .1364E-06 .1522E-07 .4451E-07 .2204E-06 .2649E-06 .4451E-07 .1211E-06 .7256E-07
.1390E+04 .3531E+00 .2358E-07 .9807E-07 .1061E-06 .8063E-08 .2358E-07 .1774E-06 .2010E-06 .2358E-07 .9807E-07 .5581E-07
.1391E+04 .3555E+00 .1931E-07 .6088E-07 .6749E-07 .6605E-08 .1931E-07 .1105E-06 .1298E-06 .1931E-07 .6088E-07 .3571E-07
.1392E+04 .3543E+00 .8717E-08 .1190E-07 .1488E-07 .2981E-08 .8717E-08 .2197E-07 .3069E-07 .8717E-08 .1190E-07 .8111E-08
.1393E+04 .3530E+00 .5633E-07 .6042E-07 .7969E-07 .1927E-07 .5633E-07 .1124E-06 .1687E-06 .5633E-07 .6042E-07 .4378E-07
.1394E+04 .3513E+00 .3233E-09 .4971E-08 .5081E-08 .1106E-09 .3233E-09 .8921E-08 .9245E-08 .3233E-09 .4971E-08 .2609E-08
.1395E+04 .3507E+00 .3400E-11 .4560E-10 .4676E-10 .1163E-11 .3400E-11 .8185E-10 .8525E-10 .3400E-11 .4560E-10 .2396E-10
.1396E+04 .3520E+00 .1775E-16 .2508E-13 .2508E-13 .6072E-17 .1775E-16 .4487E-13 .4488E-13 .1775E-16 .2508E-13 .1273E-13
.1397E+04 .3523E+00 .2393E-07 .2968E-07 .3786E-07 .8186E-08 .2393E-07 .5486E-07 .7880E-07 .2393E-07 .2968E-07 .2044E-07
.1398E+04 .3518E+00 .3724E-07 .1540E-06 .1667E-06 .1274E-07 .3724E-07 .2781E-06 .3154E-06 .3724E-07 .1540E-06 .8623E-07
.1399E+04 .3480E+00 .7195E-07 .1827E-06 .2073E-06 .2461E-07 .7195E-07 .3319E-06 .4039E-06 .7195E-07 .1827E-06 .1084E-06
.1400E+04 .3431E+00 .8853E-18 .5597E-14 .5597E-14 .3028E-18 .8853E-18 .1001E-13 .1001E-13 .8853E-18 .5597E-14 .2819E-14
.1401E+04 .3457E+00 .4605E-16 .4540E-13 .4542E-13 .1575E-16 .4605E-16 .8116E-13 .8121E-13 .4605E-16 .4540E-13 .2284E-13
.1402E+04 .3475E+00 .8003E-05 .1883E-05 .4620E-05 .2737E-05 .8003E-05 .3954E-05 .1196E-04 .8003E-05 .1883E-05 .2735E-05
.1403E+04 .3449E+00 .3597E-05 .1519E-05 .2750E-05 .1230E-05 .3597E-05 .2979E-05 .6575E-05 .3597E-05 .1519E-05 .1562E-05
.1404E+04 .3451E+00 .6385E-06 .4445E-06 .6629E-06 .2184E-06 .6385E-06 .8406E-06 .1479E-05 .6385E-06 .4445E-06 .3632E-06
.1405E+04 .3457E+00 .3869E-11 .6452E-10 .6585E-10 .1323E-11 .3869E-11 .1155E-09 .1194E-09 .3869E-11 .6452E-10 .3289E-10
.1406E+04 .3449E+00 .1303E-06 .3088E-06 .3533E-06 .4455E-07 .1303E-06 .5607E-06 .6909E-06 .1303E-06 .3088E-06 .1818E-06
.1407E+04 .3448E+00 .7416E-06 .1827E-06 .4364E-06 .2536E-06 .7416E-06 .3799E-06 .1122E-05 .7416E-06 .1827E-06 .2539E-06
.1408E+04 .3448E+00 .4200E-06 .5489E-06 .6925E-06 .1436E-06 .4200E-06 .1010E-05 .1430E-05 .4200E-06 .5489E-06 .3631E-06
.1409E+04 .3454E+00 .2167E-07 .8825E-07 .9567E-07 .7413E-08 .2167E-07 .1590E-06 .1807E-06 .2167E-07 .8825E-07 .4816E-07
.1410E+04 .3437E+00 .4230E-06 .2598E-06 .4045E-06 .1447E-06 .4230E-06 .4938E-06 .9168E-06 .4230E-06 .2598E-06 .2200E-06
.1411E+04 .3366E+00 .4011E-05 .1452E-05 .2824E-05 .1372E-05 .4011E-05 .2878E-05 .6889E-05 .4011E-05 .1452E-05 .1588E-05
.1412E+04 .3367E+00 .9594E-05 .2269E-05 .5550E-05 .3281E-05 .9594E-05 .4734E-05 .1433E-04 .9594E-05 .2269E-05 .3205E-05
.1413E+04 .3386E+00 .5070E-04 .1241E-04 .2975E-04 .1734E-04 .5070E-04 .2575E-04 .7646E-04 .5070E-04 .1241E-04 .1710E-04
.1414E+04 .3400E+00 .3772E-06 .1985E-06 .3275E-06 .1290E-06 .3772E-06 .3807E-06 .7579E-06 .3772E-06 .1985E-06 .1786E-06
.1415E+04 .3411E+00 .1312E-06 .8988E-07 .1348E-06 .4489E-07 .1312E-06 .1695E-06 .3007E-06 .1312E-06 .8988E-07 .7206E-07
.1416E+04 .3389E+00 .1373E-02 .7652E-04 .5462E-03 .4697E-03 .1373E-02 .2340E-03 .1607E-02 .1373E-02 .7652E-04 .3337E-03
.1417E+04 .3410E+00 .1840E-03 .1464E-04 .7758E-04 .6295E-04 .1840E-03 .3913E-04 .2232E-03 .1840E-03 .1464E-04 .4676E-04
.1418E+04 .3395E+00 .1291E-03 .1884E-04 .6300E-04 .4417E-04 .1291E-03 .4269E-04 .1718E-03 .1291E-03 .1884E-04 .3688E-04
.1419E+04 .3370E+00 .2352E-04 .3708E-05 .1175E-04 .8046E-05 .2352E-04 .8265E-05 .3179E-04 .2352E-04 .3708E-05 .6840E-05
.1420E+04 .3370E+00 .9501E-04 .1332E-04 .4582E-04 .3250E-04 .9501E-04 .3042E-04 .1254E-03 .9501E-04 .1332E-04 .2677E-04
.1421E+04 .3338E+00 .1499E-03 .1295E-04 .6423E-04 .5128E-04 .1499E-03 .3360E-04 .1835E-03 .1499E-03 .1295E-04 .3829E-04
.1422E+04 .3313E+00 .2157E-02 .1107E-03 .8483E-03 .7376E-03 .2157E-02 .3484E-03 .2505E-02 .2157E-02 .1107E-03 .5133E-03
.1423E+04 .3320E+00 .4506E-03 .2394E-04 .1781E-03 .1541E-03 .4506E-03 .7418E-04 .5248E-03 .4506E-03 .2394E-04 .1074E-03
.1424E+04 .3322E+00 .1402E-02 .5145E-04 .5311E-03 .4797E-03 .1402E-02 .1897E-03 .1592E-02 .1402E-02 .5145E-04 .3227E-03
.1425E+04 .3303E+00 .1121E-02 .5809E-04 .4414E-03 .3833E-03 .1121E-02 .1816E-03 .1302E-02 .1121E-02 .5809E-04 .2653E-03
.1426E+04 .3282E+00 .2531E-02 .8685E-04 .9527E-03 .8658E-03 .2531E-02 .3310E-03 .2862E-02 .2531E-02 .8685E-04 .5777E-03
.1427E+04 .3295E+00 .6680E-02 .2040E-03 .2489E-02 .2285E-02 .6680E-02 .8282E-03 .7508E-02 .6680E-02 .2040E-03 .1511E-02
.1428E+04 .3305E+00 .4077E-04 .5594E-05 .1954E-04 .1395E-04 .4077E-04 .1278E-04 .5355E-04 .4077E-04 .5594E-05 .1127E-04
.1429E+04 .3249E+00 .2451E-02 .1059E-03 .9441E-03 .8382E-03 .2451E-02 .3582E-03 .2809E-02 .2451E-02 .1059E-03 .5663E-03
.1430E+04 .3289E+00 .1036E-01 .2669E-03 .3809E-02 .3543E-02 .1036E-01 .1190E-02 .1155E-01 .1036E-01 .2669E-03 .2300E-02
.1431E+04 .3293E+00 .8257E-02 .2391E-03 .3063E-02 .2824E-02 .8257E-02 .9948E-03 .9252E-02 .8257E-02 .2391E-03 .1844E-02
.1432E+04 .3343E+00 .1613E-04 .2868E-05 .8386E-05 .5518E-05 .1613E-04 .6208E-05 .2234E-04 .1613E-04 .2868E-05 .4730E-05
.1433E+04 .3310E+00 .3918E-02 .1317E-03 .1472E-02 .1340E-02 .3918E-02 .5039E-03 .4422E-02 .3918E-02 .1317E-03 .8816E-03
.1434E+04 .3303E+00 .2218E-02 .7701E-04 .8356E-03 .7586E-03 .2218E-02 .2893E-03 .2507E-02 .2218E-02 .7701E-04 .4993E-03
.1435E+04 .3312E+00 .5740E-03 .3750E-04 .2338E-03 .1963E-03 .5740E-03 .1060E-03 .6800E-03 .5740E-03 .3750E-04 .1372E-03
.1436E+04 .3305E+00 .3636E-02 .1304E-03 .1374E-02 .1244E-02 .3636E-02 .4809E-03 .4117E-02 .3636E-02 .1304E-03 .8182E-03
.1437E+04 .3309E+00 .1843E-02 .7678E-04 .7072E-03 .6304E-03 .1843E-02 .2627E-03 .2106E-02 .1843E-02 .7678E-04 .4198E-03
.1438E+04 .3306E+00 .8837E-03 .3799E-04 .3403E-03 .3023E-03 .8837E-03 .1280E-03 .1012E-02 .8837E-03 .3799E-04 .2018E-03
.1439E+04 .3274E+00 .3488E-02 .1391E-03 .1332E-02 .1193E-02 .3488E-02 .4858E-03 .3974E-02 .3488E-02 .1391E-03 .7903E-03
.1440E+04 .3144E+00 .4116E-02 .1292E-03 .1537E-02 .1408E-02 .4116E-02 .5109E-03 .4627E-02 .4116E-02 .1292E-03 .9153E-03
.1441E+04 .3227E+00 .2321E-02 .9452E-04 .8883E-03 .7938E-03 .2321E-02 .3264E-03 .2647E-02 .2321E-02 .9452E-04 .5257E-03
.1442E+04 .3186E+00 .2057E-02 .1045E-03 .8079E-03 .7034E-03 .2057E-02 .3258E-03 .2382E-02 .2057E-02 .1045E-03 .4750E-03
.1443E+04 .3220E+00 .5168E-02 .1761E-03 .1943E-02 .1767E-02 .5168E-02 .6648E-03 .5832E-02 .5168E-02 .1761E-03 .1152E-02
.1444E+04 .3208E+00 .7885E-02 .2195E-03 .2916E-02 .2697E-02 .7885E-02 .9267E-03 .8812E-02 .7885E-02 .2195E-03 .1733E-02
.1445E+04 .3250E+00 .3793E-02 .1429E-03 .1440E-02 .1297E-02 .3793E-02 .5117E-03 .4305E-02 .3793E-02 .1429E-03 .8501E-03
.1446E+04 .3224E+00 .1445E-02 .7180E-04 .5661E-03 .4943E-03 .1445E-02 .2257E-03 .1671E-02 .1445E-02 .7180E-04 .3319E-03
.1447E+04 .3225E+00 .3102E-02 .1098E-03 .1171E-02 .1061E-02 .3102E-02 .4059E-03 .3508E-02 .3102E-02 .1098E-03 .6920E-03
.1448E+04 .3244E+00 .2715E-01 .5410E-03 .9828E-02 .9287E-02 .2715E-01 .2807E-02 .2996E-01 .2715E-01 .5410E-03 .5857E-02
.1449E+04 .3233E+00 .2379E-01 .4709E-03 .8607E-02 .8136E-02 .2379E-01 .2452E-02 .2624E-01 .2379E-01 .4709E-03 .5125E-02
.1450E+04 .3190E+00 .3611E-02 .1040E-03 .1339E-02 .1235E-02 .3611E-02 .4296E-03 .4040E-02 .3611E-02 .1040E-03 .7925E-03
.1451E+04 .3156E+00 .1355E-02 .4353E-04 .5069E-03 .4634E-03 .1355E-02 .1691E-03 .1524E-02 .1355E-02 .4353E-04 .2992E-03
.1452E+04 .3188E+00 .1022E-01 .2599E-03 .3756E-02 .3496E-02 .1022E-01 .1153E-02 .1137E-01 .1022E-01 .2599E-03 .2222E-02
.1453E+04 .3182E+00 .1450E-01 .3453E-03 .5304E-02 .4959E-02 .1450E-01 .1594E-02 .1609E-01 .1450E-01 .3453E-03 .3138E-02
.1454E+04 .3147E+00 .4557E-01 .7385E-03 .1632E-01 .1559E-01 .4557E-01 .4393E-02 .4996E-01 .4557E-01 .7385E-03 .9700E-02
.1455E+04 .3143E+00 .1498E-01 .3159E-03 .5439E-02 .5123E-02 .1498E-01 .1574E-02 .1655E-01 .1498E-01 .3159E-03 .3224E-02
.1456E+04 .3153E+00 .1710E-01 .3702E-03 .6218E-02 .5848E-02 .1710E-01 .1814E-02 .1891E-01 .1710E-01 .3702E-03 .3684E-02
.1457E+04 .3173E+00 .3206E-01 .5801E-03 .1155E-01 .1097E-01 .3206E-01 .3199E-02 .3526E-01 .3206E-01 .5801E-03 .6854E-02
.1458E+04 .3199E+00 .5191E-01 .7814E-03 .1854E-01 .1775E-01 .5191E-01 .4898E-02 .5681E-01 .5191E-01 .7814E-03 .1102E-01
.1459E+04 .3186E+00 .6279E-01 .9163E-03 .2239E-01 .2147E-01 .6279E-01 .5874E-02 .6866E-01 .6279E-01 .9163E-03 .1332E-01
.1460E+04 .3167E+00 .2534E-01 .4372E-03 .9105E-02 .8668E-02 .2534E-01 .2490E-02 .2783E-01 .2534E-01 .4372E-03 .5409E-02
.1461E+04 .3156E+00 .1845E-01 .3956E-03 .6704E-02 .6309E-02 .1845E-01 .1950E-02 .2039E-01 .1845E-01 .3956E-03 .3972E-02
.1462E+04 .3129E+00 .4201E-01 .6737E-03 .1504E-01 .1437E-01 .4201E-01 .4038E-02 .4605E-01 .4201E-01 .6737E-03 .8940E-02
.1463E+04 .3116E+00 .9803E-02 .2046E-03 .3557E-02 .3353E-02 .9803E-02 .1026E-02 .1083E-01 .9803E-02 .2046E-03 .2109E-02
.1464E+04 .3136E+00 .6487E-01 .9206E-03 .2311E-01 .2219E-01 .6487E-01 .6022E-02 .7089E-01 .6487E-01 .9206E-03 .1375E-01
.1465E+04 .3115E+00 .3385E-01 .5253E-03 .1210E-01 .1158E-01 .3385E-01 .3222E-02 .3707E-01 .3385E-01 .5253E-03 .7195E-02
.1466E+04 .3137E+00 .9836E-02 .2508E-03 .3615E-02 .3364E-02 .9836E-02 .1110E-02 .1095E-01 .9836E-02 .2508E-03 .2137E-02
.1467E+04 .3131E+00 .4399E-02 .1263E-03 .1631E-02 .1504E-02 .4399E-02 .5216E-03 .4920E-02 .4399E-02 .1263E-03 .9624E-03
.1468E+04 .3118E+00 .1480E-01 .3280E-03 .5390E-02 .5062E-02 .1480E-01 .1583E-02 .1638E-01 .1480E-01 .3280E-03 .3193E-02
.1469E+04 .3137E+00 .2436E-01 .4466E-03 .8779E-02 .8332E-02 .2436E-01 .2441E-02 .2680E-01 .2436E-01 .4466E-03 .5212E-02
.1470E+04 .3085E+00 .4932E-02 .1732E-03 .1860E-02 .1687E-02 .4932E-02 .6410E-03 .5573E-02 .4932E-02 .1732E-03 .1094E-02
.1471E+04 .3082E+00 .2913E-02 .7681E-04 .1073E-02 .9965E-03 .2913E-02 .3336E-03 .3247E-02 .2913E-02 .7681E-04 .6350E-03
.1472E+04 .3069E+00 .4207E-02 .1553E-03 .1594E-02 .1439E-02 .4207E-02 .5607E-03 .4767E-02 .4207E-02 .1553E-03 .9381E-03
.1473E+04 .3035E+00 .1099E-01 .2716E-03 .4030E-02 .3758E-02 .1099E-01 .1227E-02 .1222E-01 .1099E-01 .2716E-03 .2390E-02
.1474E+04 .3030E+00 .2942E-01 .4981E-03 .1056E-01 .1006E-01 .2942E-01 .2880E-02 .3230E-01 .2942E-01 .4981E-03 .6291E-02
.1475E+04 .3038E+00 .8206E-01 .1102E-02 .2917E-01 .2807E-01 .8206E-01 .7523E-02 .8958E-01 .8206E-01 .1102E-02 .1741E-01
.1476E+04 .3051E+00 .1424E-01 .2924E-03 .5164E-02 .4872E-02 .1424E-01 .1487E-02 .1573E-01 .1424E-01 .2924E-03 .3075E-02
.1477E+04 .3036E+00 .1179E-01 .2728E-03 .4305E-02 .4032E-02 .1179E-01 .1287E-02 .1308E-01 .1179E-01 .2728E-03 .2565E-02
.1478E+04 .3037E+00 .1925E-01 .3311E-03 .6915E-02 .6584E-02 .1925E-01 .1901E-02 .2115E-01 .1925E-01 .3311E-03 .4141E-02
.1479E+04 .3077E+00 .3981E-01 .6199E-03 .1423E-01 .1361E-01 .3981E-01 .3816E-02 .4362E-01 .3981E-01 .6199E-03 .8532E-02
.1480E+04 .3057E+00 .1114E-01 .2509E-03 .4062E-02 .3811E-02 .1114E-01 .1205E-02 .1235E-01 .1114E-01 .2509E-03 .2425E-02
.1481E+04 .3046E+00 .3520E-01 .5857E-03 .1262E-01 .1204E-01 .3520E-01 .3444E-02 .3864E-01 .3520E-01 .5857E-03 .7573E-02
.1482E+04 .3040E+00 .1399E-01 .2609E-03 .5046E-02 .4785E-02 .1399E-01 .1421E-02 .1541E-01 .1399E-01 .2609E-03 .3031E-02
.1483E+04 .3014E+00 .5668E-01 .8059E-03 .2019E-01 .1939E-01 .5668E-01 .5318E-02 .6200E-01 .5668E-01 .8059E-03 .1217E-01
.1484E+04 .3056E+00 .5883E-01 .7889E-03 .2091E-01 .2012E-01 .5883E-01 .5435E-02 .6426E-01 .5883E-01 .7889E-03 .1261E-01
.1485E+04 .3062E+00 .5088E-01 .6906E-03 .1809E-01 .1740E-01 .5088E-01 .4716E-02 .5559E-01 .5088E-01 .6906E-03 .1092E-01
.1486E+04 .3023E+00 .4012E-01 .6286E-03 .1435E-01 .1372E-01 .4012E-01 .3876E-02 .4400E-01 .4012E-01 .6286E-03 .8671E-02
.1487E+04 .2898E+00 .1040E-01 .2234E-03 .3780E-02 .3556E-02 .1040E-01 .1114E-02 .1151E-01 .1040E-01 .2234E-03 .2284E-02
.1488E+04 .2795E+00 .3305E-01 .4984E-03 .1180E-01 .1130E-01 .3305E-01 .3171E-02 .3622E-01 .3305E-01 .4984E-03 .7174E-02
.1489E+04 .3010E+00 .7523E-01 .9934E-03 .2672E-01 .2573E-01 .7523E-01 .6974E-02 .8220E-01 .7523E-01 .9934E-03 .1627E-01
.1490E+04 .3028E+00 .9285E-01 .1080E-02 .3284E-01 .3176E-01 .9285E-01 .8355E-02 .1012E+00 .9285E-01 .1080E-02 .2004E-01
.1491E+04 .3015E+00 .1138E+00 .1289E-02 .4022E-01 .3893E-01 .1138E+00 .1019E-01 .1240E+00 .1138E+00 .1289E-02 .2457E-01
.1492E+04 .3013E+00 .6814E-01 .9098E-03 .2422E-01 .2331E-01 .6814E-01 .6349E-02 .7449E-01 .6814E-01 .9098E-03 .1479E-01
.1493E+04 .3030E+00 .9477E-01 .1107E-02 .3352E-01 .3241E-01 .9477E-01 .8553E-02 .1033E+00 .9477E-01 .1107E-02 .2051E-01
.1494E+04 .3034E+00 .1109E+00 .1217E-02 .3916E-01 .3794E-01 .1109E+00 .9872E-02 .1208E+00 .1109E+00 .1217E-02 .2396E-01
.1495E+04 .2982E+00 .1068E+00 .1184E-02 .3771E-01 .3652E-01 .1068E+00 .9525E-02 .1163E+00 .1068E+00 .1184E-02 .2307E-01
.1496E+04 .2940E+00 .9339E-01 .1074E-02 .3301E-01 .3194E-01 .9339E-01 .8405E-02 .1018E+00 .9339E-01 .1074E-02 .2022E-01
.1497E+04 .2976E+00 .1615E+00 .1613E-02 .5685E-01 .5523E-01 .1615E+00 .1411E-01 .1756E+00 .1615E+00 .1613E-02 .3488E-01
.1498E+04 .2977E+00 .9703E-01 .1074E-02 .3426E-01 .3319E-01 .9703E-01 .8675E-02 .1057E+00 .9703E-01 .1074E-02 .2104E-01
.1499E+04 .2978E+00 .1222E+00 .1326E-02 .4314E-01 .4181E-01 .1222E+00 .1089E-01 .1331E+00 .1222E+00 .1326E-02 .2651E-01
.1500E+04 .2995E+00 .1842E+00 .1783E-02 .6478E-01 .6299E-01 .1842E+00 .1604E-01 .2002E+00 .1842E+00 .1783E-02 .3988E-01
.1501E+04 .2977E+00 .1891E+00 .1861E-02 .6654E-01 .6468E-01 .1891E+00 .1652E-01 .2056E+00 .1891E+00 .1861E-02 .4096E-01
.1502E+04 .2827E+00 .1437E+00 .1437E-02 .5060E-01 .4916E-01 .1437E+00 .1260E-01 .1563E+00 .1437E+00 .1437E-02 .3115E-01
.1503E+04 .2785E+00 .1047E+00 .1143E-02 .3696E-01 .3581E-01 .1047E+00 .9348E-02 .1141E+00 .1047E+00 .1143E-02 .2274E-01
.1504E+04 .2747E+00 .8838E-01 .9839E-03 .3121E-01 .3023E-01 .8838E-01 .7925E-02 .9631E-01 .8838E-01 .9839E-03 .1921E-01
.1505E+04 .2744E+00 .1099E+00 .1146E-02 .3875E-01 .3760E-01 .1099E+00 .9721E-02 .1197E+00 .1099E+00 .1146E-02 .2386E-01
.1506E+04 .2873E+00 .2069E+00 .1949E-02 .7272E-01 .7077E-01 .2069E+00 .1793E-01 .2248E+00 .2069E+00 .1949E-02 .4478E-01
.1507E+04 .2918E+00 .1898E+00 .1808E-02 .6672E-01 .6491E-01 .1898E+00 .1648E-01 .2063E+00 .1898E+00 .1808E-02 .4109E-01
.1508E+04 .2871E+00 .1778E+00 .1700E-02 .6249E-01 .6079E-01 .1778E+00 .1544E-01 .1932E+00 .1778E+00 .1700E-02 .3848E-01
.1509E+04 .2912E+00 .1096E+00 .1147E-02 .3864E-01 .3750E-01 .1096E+00 .9700E-02 .1193E+00 .1096E+00 .1147E-02 .2379E-01
.1510E+04 .2940E+00 .2243E+00 .2062E-02 .7878E-01 .7671E-01 .2243E+00 .1934E-01 .2436E+00 .2243E+00 .2062E-02 .4851E-01
.1511E+04 .2928E+00 .1993E+00 .1898E-02 .7008E-01 .6818E-01 .1993E+00 .1732E-01 .2167E+00 .1993E+00 .1898E-02 .4319E-01
.1512E+04 .2874E+00 .2146E+00 .1958E-02 .7534E-01 .7338E-01 .2146E+00 .1851E-01 .2331E+00 .2146E+00 .1958E-02 .4649E-01
.1513E+04 .2867E+00 .1654E+00 .1622E-02 .5819E-01 .5657E-01 .1654E+00 .1447E-01 .1799E+00 .1654E+00 .1622E-02 .3592E-01
.1514E+04 .2870E+00 .1443E+00 .1455E-02 .5080E-01 .4934E-01 .1443E+00 .1269E-01 .1570E+00 .1443E+00 .1455E-02 .3135E-01
.1515E+04 .2884E+00 .2249E+00 .2031E-02 .7895E-01 .7692E-01 .2249E+00 .1937E-01 .2443E+00 .2249E+00 .2031E-02 .4874E-01
.1516E+04 .2859E+00 .2090E+00 .1905E-02 .7338E-01 .7148E-01 .2090E+00 .1803E-01 .2270E+00 .2090E+00 .1905E-02 .4531E-01
.1517E+04 .2873E+00 .1892E+00 .1790E-02 .6651E-01 .6472E-01 .1892E+00 .1644E-01 .2057E+00 .1892E+00 .1790E-02 .4106E-01
.1518E+04 .2876E+00 .1945E+00 .1800E-02 .6833E-01 .6653E-01 .1945E+00 .1683E-01 .2113E+00 .1945E+00 .1800E-02 .4219E-01
.1519E+04 .2869E+00 .1768E+00 .1694E-02 .6216E-01 .6047E-01 .1768E+00 .1540E-01 .1922E+00 .1768E+00 .1694E-02 .3838E-01
.1520E+04 .2854E+00 .2049E+00 .1906E-02 .7200E-01 .7009E-01 .2049E+00 .1775E-01 .2227E+00 .2049E+00 .1906E-02 .4446E-01
.1521E+04 .2815E+00 .2525E+00 .2198E-02 .8855E-01 .8635E-01 .2525E+00 .2160E-01 .2741E+00 .2525E+00 .2198E-02 .5469E-01
.1522E+04 .2814E+00 .2200E+00 .1987E-02 .7722E-01 .7524E-01 .2200E+00 .1895E-01 .2389E+00 .2200E+00 .1987E-02 .4769E-01
.1523E+04 .2840E+00 .2588E+00 .2239E-02 .9076E-01 .8852E-01 .2588E+00 .2212E-01 .2809E+00 .2588E+00 .2239E-02 .5606E-01
.1524E+04 .2817E+00 .2439E+00 .2125E-02 .8555E-01 .8342E-01 .2439E+00 .2087E-01 .2648E+00 .2439E+00 .2125E-02 .5284E-01
.1525E+04 .2825E+00 .2096E+00 .1921E-02 .7359E-01 .7167E-01 .2096E+00 .1810E-01 .2277E+00 .2096E+00 .1921E-02 .4545E-01
.1526E+04 .2845E+00 .2157E+00 .1971E-02 .7575E-01 .7378E-01 .2157E+00 .1862E-01 .2343E+00 .2157E+00 .1971E-02 .4678E-01
.1527E+04 .2845E+00 .2210E+00 .1977E-02 .7755E-01 .7558E-01 .2210E+00 .1900E-01 .2400E+00 .2210E+00 .1977E-02 .4790E-01
.1528E+04 .2838E+00 .2536E+00 .2197E-02 .8893E-01 .8673E-01 .2536E+00 .2168E-01 .2753E+00 .2536E+00 .2197E-02 .5493E-01
.1529E+04 .2757E+00 .2384E+00 .2061E-02 .8361E-01 .8155E-01 .2384E+00 .2037E-01 .2588E+00 .2384E+00 .2061E-02 .5165E-01
.1530E+04 .2737E+00 .2205E+00 .1972E-02 .7738E-01 .7541E-01 .2205E+00 .1896E-01 .2394E+00 .2205E+00 .1972E-02 .4779E-01
.1531E+04 .2814E+00 .2330E+00 .2049E-02 .8173E-01 .7968E-01 .2330E+00 .1995E-01 .2529E+00 .2330E+00 .2049E-02 .5043E-01
.1532E+04 .2802E+00 .2582E+00 .2206E-02 .9050E-01 .8829E-01 .2582E+00 .2198E-01 .2801E+00 .2582E+00 .2206E-02 .5580E-01
.1533E+04 .2775E+00 .2604E+00 .2214E-02 .9128E-01 .8907E-01 .2604E+00 .2214E-01 .2826E+00 .2604E+00 .2214E-02 .5625E-01
.1534E+04 .2750E+00 .2492E+00 .2137E-02 .8736E-01 .8522E-01 .2492E+00 .2122E-01 .2704E+00 .2492E+00 .2137E-02 .5383E-01
.1535E+04 .2782E+00 .2394E+00 .2081E-02 .8396E-01 .8188E-01 .2394E+00 .2043E-01 .2598E+00 .2394E+00 .2081E-02 .5174E-01
.1536E+04 .2794E+00 .2536E+00 .2167E-02 .8889E-01 .8672E-01 .2536E+00 .2156E-01 .2751E+00 .2536E+00 .2167E-02 .5472E-01
.1537E+04 .2769E+00 .2440E+00 .2101E-02 .8556E-01 .8346E-01 .2440E+00 .2075E-01 .2648E+00 .2440E+00 .2101E-02 .5261E-01
.1538E+04 .2740E+00 .2592E+00 .2184E-02 .9085E-01 .8866E-01 .2592E+00 .2195E-01 .2812E+00 .2592E+00 .2184E-02 .5584E-01
.1539E+04 .2721E+00 .2481E+00 .2111E-02 .8696E-01 .8485E-01 .2481E+00 .2105E-01 .2691E+00 .2481E+00 .2111E-02 .5345E-01
.1540E+04 .2696E+00 .2532E+00 .2133E-02 .8872E-01 .8659E-01 .2532E+00 .2144E-01 .2746E+00 .2532E+00 .2133E-02 .5454E-01
.1541E+04 .2727E+00 .2541E+00 .2143E-02 .8904E-01 .8690E-01 .2541E+00 .2150E-01 .2756E+00 .2541E+00 .2143E-02 .5468E-01
.1542E+04 .2734E+00 .2445E+00 .2084E-02 .8570E-01 .8362E-01 .2445E+00 .2071E-01 .2652E+00 .2445E+00 .2084E-02 .5256E-01
.1543E+04 .2750E+00 .2570E+00 .2160E-02 .9007E-01 .8791E-01 .2570E+00 .2171E-01 .2787E+00 .2570E+00 .2160E-02 .5521E-01
.1544E+04 .2756E+00 .2483E+00 .2105E-02 .8702E-01 .8492E-01 .2483E+00 .2100E-01 .2693E+00 .2483E+00 .2105E-02 .5334E-01
.1545E+04 .2760E+00 .2637E+00 .2196E-02 .9239E-01 .9020E-01 .2637E+00 .2224E-01 .2860E+00 .2637E+00 .2196E-02 .5664E-01
.1546E+04 .2742E+00 .2552E+00 .2140E-02 .8941E-01 .8727E-01 .2552E+00 .2156E-01 .2767E+00 .2552E+00 .2140E-02 .5487E-01
.1547E+04 .2683E+00 .2556E+00 .2126E-02 .8953E-01 .8741E-01 .2556E+00 .2159E-01 .2771E+00 .2556E+00 .2126E-02 .5502E-01
.1548E+04 .2681E+00 .2557E+00 .2124E-02 .8959E-01 .8747E-01 .2557E+00 .2162E-01 .2774E+00 .2557E+00 .2124E-02 .5511E-01
.1549E+04 .2693E+00 .2609E+00 .2154E-02 .9139E-01 .8923E-01 .2609E+00 .2205E-01 .2829E+00 .2609E+00 .2154E-02 .5627E-01
.1550E+04 .2680E+00 .2577E+00 .2130E-02 .9025E-01 .8812E-01 .2577E+00 .2180E-01 .2795E+00 .2577E+00 .2130E-02 .5563E-01
.1551E+04 .2706E+00 .2585E+00 .2139E-02 .9054E-01 .8840E-01 .2585E+00 .2187E-01 .2803E+00 .2585E+00 .2139E-02 .5581E-01
.1552E+04 .2710E+00 .2512E+00 .2095E-02 .8801E-01 .8592E-01 .2512E+00 .2129E-01 .2725E+00 .2512E+00 .2095E-02 .5426E-01
.1553E+04 .2662E+00 .2563E+00 .2111E-02 .8978E-01 .8767E-01 .2563E+00 .2168E-01 .2780E+00 .2563E+00 .2111E-02 .5535E-01
.1554E+04 .2647E+00 .2527E+00 .2085E-02 .8852E-01 .8644E-01 .2527E+00 .2138E-01 .2741E+00 .2527E+00 .2085E-02 .5458E-01
.1555E+04 .2646E+00 .2551E+00 .2095E-02 .8933E-01 .8724E-01 .2551E+00 .2156E-01 .2766E+00 .2551E+00 .2095E-02 .5508E-01
.1556E+04 .2648E+00 .2542E+00 .2089E-02 .8905E-01 .8696E-01 .2542E+00 .2149E-01 .2757E+00 .2542E+00 .2089E-02 .5490E-01
.1557E+04 .2676E+00 .2580E+00 .2115E-02 .9036E-01 .8825E-01 .2580E+00 .2180E-01 .2798E+00 .2580E+00 .2115E-02 .5571E-01
.1558E+04 .2662E+00 .2566E+00 .2101E-02 .8987E-01 .8777E-01 .2566E+00 .2169E-01 .2783E+00 .2566E+00 .2101E-02 .5544E-01
.1559E+04 .2647E+00 .2546E+00 .2084E-02 .8917E-01 .8709E-01 .2546E+00 .2153E-01 .2762E+00 .2546E+00 .2084E-02 .5506E-01
.1560E+04 .2666E+00 .2560E+00 .2094E-02 .8963E-01 .8754E-01 .2560E+00 .2166E-01 .2776E+00 .2560E+00 .2094E-02 .5541E-01
.1561E+04 .2683E+00 .2581E+00 .2108E-02 .9037E-01 .8826E-01 .2581E+00 .2186E-01 .2799E+00 .2581E+00 .2108E-02 .5592E-01
.1562E+04 .2663E+00 .2524E+00 .2069E-02 .8841E-01 .8634E-01 .2524E+00 .2141E-01 .2739E+00 .2524E+00 .2069E-02 .5477E-01
.1563E+04 .2635E+00 .2513E+00 .2054E-02 .8801E-01 .8596E-01 .2513E+00 .2132E-01 .2726E+00 .2513E+00 .2054E-02 .5457E-01
.1564E+04 .2650E+00 .2522E+00 .2060E-02 .8830E-01 .8624E-01 .2522E+00 .2141E-01 .2736E+00 .2522E+00 .2060E-02 .5480E-01
.1565E+04 .2643E+00 .2548E+00 .2071E-02 .8923E-01 .8716E-01 .2548E+00 .2163E-01 .2765E+00 .2548E+00 .2071E-02 .5543E-01
.1566E+04 .2614E+00 .2497E+00 .2033E-02 .8742E-01 .8539E-01 .2497E+00 .2122E-01 .2709E+00 .2497E+00 .2033E-02 .5437E-01
.1567E+04 .2614E+00 .2503E+00 .2035E-02 .8764E-01 .8561E-01 .2503E+00 .2129E-01 .2716E+00 .2503E+00 .2035E-02 .5457E-01
.1568E+04 .2592E+00 .2433E+00 .1989E-02 .8520E-01 .8321E-01 .2433E+00 .2075E-01 .2640E+00 .2433E+00 .1989E-02 .5314E-01
.1569E+04 .2597E+00 .2381E+00 .1960E-02 .8340E-01 .8144E-01 .2381E+00 .2036E-01 .2585E+00 .2381E+00 .1960E-02 .5212E-01
.1570E+04 .2622E+00 .2243E+00 .1886E-02 .7859E-01 .7670E-01 .2243E+00 .1929E-01 .2435E+00 .2243E+00 .1886E-02 .4923E-01
.1571E+04 .2643E+00 .2086E+00 .1800E-02 .7316E-01 .7136E-01 .2086E+00 .1807E-01 .2267E+00 .2086E+00 .1800E-02 .4597E-01
.1572E+04 .2625E+00 .2109E+00 .1807E-02 .7392E-01 .7212E-01 .2109E+00 .1829E-01 .2291E+00 .2109E+00 .1807E-02 .4659E-01
.1573E+04 .2612E+00 .2090E+00 .1792E-02 .7328E-01 .7148E-01 .2090E+00 .1816E-01 .2272E+00 .2090E+00 .1792E-02 .4625E-01
.1574E+04 .2525E+00 .2137E+00 .1797E-02 .7487E-01 .7307E-01 .2137E+00 .1851E-01 .2322E+00 .2137E+00 .1797E-02 .4732E-01
.1575E+04 .2500E+00 .2296E+00 .1878E-02 .8039E-01 .7851E-01 .2296E+00 .1981E-01 .2494E+00 .2296E+00 .1878E-02 .5085E-01
.1576E+04 .2477E+00 .2191E+00 .1812E-02 .7673E-01 .7492E-01 .2191E+00 .1894E-01 .2380E+00 .2191E+00 .1812E-02 .4854E-01
.1577E+04 .2419E+00 .2023E+00 .1702E-02 .7090E-01 .6920E-01 .2023E+00 .1755E-01 .2199E+00 .2023E+00 .1702E-02 .4485E-01
.1578E+04 .2548E+00 .2143E+00 .1798E-02 .7510E-01 .7330E-01 .2143E+00 .1860E-01 .2329E+00 .2143E+00 .1798E-02 .4758E-01
.1579E+04 .2589E+00 .2126E+00 .1796E-02 .7451E-01 .7271E-01 .2126E+00 .1851E-01 .2311E+00 .2126E+00 .1796E-02 .4730E-01
.1580E+04 .2602E+00 .2238E+00 .1861E-02 .7841E-01 .7655E-01 .2238E+00 .1946E-01 .2433E+00 .2238E+00 .1861E-02 .4986E-01
.1581E+04 .2562E+00 .2245E+00 .1854E-02 .7865E-01 .7680E-01 .2245E+00 .1952E-01 .2441E+00 .2245E+00 .1854E-02 .5007E-01
.1582E+04 .2504E+00 .2240E+00 .1835E-02 .7843E-01 .7660E-01 .2240E+00 .1946E-01 .2434E+00 .2240E+00 .1835E-02 .5000E-01
.1583E+04 .2523E+00 .2260E+00 .1849E-02 .7916E-01 .7731E-01 .2260E+00 .1965E-01 .2457E+00 .2260E+00 .1849E-02 .5050E-01
.1584E+04 .2537E+00 .2370E+00 .1912E-02 .8297E-01 .8106E-01 .2370E+00 .2057E-01 .2576E+00 .2370E+00 .1912E-02 .5298E-01
.1585E+04 .2557E+00 .2417E+00 .1940E-02 .8459E-01 .8265E-01 .2417E+00 .2098E-01 .2626E+00 .2417E+00 .1940E-02 .5408E-01
.1586E+04 .2535E+00 .2382E+00 .1914E-02 .8339E-01 .8148E-01 .2382E+00 .2070E-01 .2589E+00 .2382E+00 .1914E-02 .5336E-01
.1587E+04 .2492E+00 .2340E+00 .1879E-02 .8192E-01 .8004E-01 .2340E+00 .2035E-01 .2544E+00 .2340E+00 .1879E-02 .5248E-01
.1588E+04 .2397E+00 .2319E+00 .1842E-02 .8114E-01 .7930E-01 .2319E+00 .2014E-01 .2520E+00 .2319E+00 .1842E-02 .5203E-01
.1589E+04 .2320E+00 .2249E+00 .1784E-02 .7869E-01 .7691E-01 .2249E+00 .1955E-01 .2444E+00 .2249E+00 .1784E-02 .5051E-01
.1590E+04 .2381E+00 .2283E+00 .1816E-02 .7991E-01 .7809E-01 .2283E+00 .1987E-01 .2482E+00 .2283E+00 .1816E-02 .5134E-01
.1591E+04 .2435E+00 .2346E+00 .1861E-02 .8211E-01 .8025E-01 .2346E+00 .2043E-01 .2551E+00 .2346E+00 .1861E-02 .5281E-01
.1592E+04 .2523E+00 .2388E+00 .1902E-02 .8356E-01 .8166E-01 .2388E+00 .2082E-01 .2596E+00 .2388E+00 .1902E-02 .5380E-01
.1593E+04 .2545E+00 .2456E+00 .1943E-02 .8595E-01 .8401E-01 .2456E+00 .2140E-01 .2670E+00 .2456E+00 .1943E-02 .5534E-01
.1594E+04 .2553E+00 .2430E+00 .1928E-02 .8503E-01 .8310E-01 .2430E+00 .2118E-01 .2642E+00 .2430E+00 .1928E-02 .5475E-01
.1595E+04 .2510E+00 .2415E+00 .1908E-02 .8450E-01 .8259E-01 .2415E+00 .2104E-01 .2625E+00 .2415E+00 .1908E-02 .5443E-01
.1596E+04 .2441E+00 .2333E+00 .1845E-02 .8162E-01 .7978E-01 .2333E+00 .2035E-01 .2536E+00 .2333E+00 .1845E-02 .5264E-01
.1597E+04 .2517E+00 .2358E+00 .1876E-02 .8254E-01 .8066E-01 .2358E+00 .2061E-01 .2564E+00 .2358E+00 .1876E-02 .5328E-01
.1598E+04 .2530E+00 .2397E+00 .1898E-02 .8389E-01 .8199E-01 .2397E+00 .2095E-01 .2607E+00 .2397E+00 .1898E-02 .5420E-01
.1599E+04 .2501E+00 .2285E+00 .1829E-02 .7999E-01 .7816E-01 .2285E+00 .2002E-01 .2485E+00 .2285E+00 .1829E-02 .5173E-01
.1600E+04 .2479E+00 .2178E+00 .1764E-02 .7627E-01 .7451E-01 .2178E+00 .1913E-01 .2370E+00 .2178E+00 .1764E-02 .4935E-01
.1601E+04 .2451E+00 .2034E+00 .1676E-02 .7126E-01 .6958E-01 .2034E+00 .1792E-01 .2214E+00 .2034E+00 .1676E-02 .4610E-01
.1602E+04 .2468E+00 .2003E+00 .1660E-02 .7018E-01 .6851E-01 .2003E+00 .1766E-01 .2180E+00 .2003E+00 .1660E-02 .4540E-01
.1603E+04 .2477E+00 .2022E+00 .1671E-02 .7083E-01 .6916E-01 .2022E+00 .1782E-01 .2200E+00 .2022E+00 .1671E-02 .4583E-01
.1604E+04 .2459E+00 .2056E+00 .1684E-02 .7199E-01 .7031E-01 .2056E+00 .1809E-01 .2237E+00 .2056E+00 .1684E-02 .4658E-01
.1605E+04 .2456E+00 .2216E+00 .1770E-02 .7757E-01 .7580E-01 .2216E+00 .1942E-01 .2411E+00 .2216E+00 .1770E-02 .5019E-01
.1606E+04 .2429E+00 .2250E+00 .1780E-02 .7874E-01 .7696E-01 .2250E+00 .1968E-01 .2447E+00 .2250E+00 .1780E-02 .5095E-01
.1607E+04 .2450E+00 .2176E+00 .1743E-02 .7617E-01 .7443E-01 .2176E+00 .1908E-01 .2367E+00 .2176E+00 .1743E-02 .4929E-01
.1608E+04 .2461E+00 .2063E+00 .1682E-02 .7226E-01 .7057E-01 .2063E+00 .1814E-01 .2245E+00 .2063E+00 .1682E-02 .4675E-01
.1609E+04 .2387E+00 .1994E+00 .1626E-02 .6984E-01 .6821E-01 .1994E+00 .1753E-01 .2170E+00 .1994E+00 .1626E-02 .4519E-01
.1610E+04 .2338E+00 .2018E+00 .1626E-02 .7063E-01 .6900E-01 .2018E+00 .1771E-01 .2195E+00 .2018E+00 .1626E-02 .4573E-01
.1611E+04 .2382E+00 .2081E+00 .1668E-02 .7284E-01 .7117E-01 .2081E+00 .1827E-01 .2264E+00 .2081E+00 .1668E-02 .4721E-01
.1612E+04 .2402E+00 .2159E+00 .1714E-02 .7557E-01 .7386E-01 .2159E+00 .1894E-01 .2349E+00 .2159E+00 .1714E-02 .4903E-01
.1613E+04 .2417E+00 .2188E+00 .1731E-02 .7657E-01 .7484E-01 .2188E+00 .1918E-01 .2380E+00 .2188E+00 .1731E-02 .4967E-01
.1614E+04 .2411E+00 .2241E+00 .1756E-02 .7840E-01 .7664E-01 .2241E+00 .1962E-01 .2437E+00 .2241E+00 .1756E-02 .5086E-01
.1615E+04 .2354E+00 .2218E+00 .1729E-02 .7760E-01 .7587E-01 .2218E+00 .1941E-01 .2412E+00 .2218E+00 .1729E-02 .5038E-01
.1616E+04 .2319E+00 .2199E+00 .1709E-02 .7692E-01 .7521E-01 .2199E+00 .1925E-01 .2392E+00 .2199E+00 .1709E-02 .4999E-01
.1617E+04 .2373E+00 .2242E+00 .1743E-02 .7841E-01 .7667E-01 .2242E+00 .1965E-01 .2438E+00 .2242E+00 .1743E-02 .5102E-01
.1618E+04 .2404E+00 .2306E+00 .1782E-02 .8065E-01 .7887E-01 .2306E+00 .2019E-01 .2508E+00 .2306E+00 .1782E-02 .5247E-01
.1619E+04 .2374E+00 .2246E+00 .1741E-02 .7856E-01 .7682E-01 .2246E+00 .1968E-01 .2443E+00 .2246E+00 .1741E-02 .5112E-01
.1620E+04 .2308E+00 .2230E+00 .1716E-02 .7799E-01 .7628E-01 .2230E+00 .1951E-01 .2425E+00 .2230E+00 .1716E-02 .5074E-01
.1621E+04 .2339E+00 .2261E+00 .1737E-02 .7906E-01 .7732E-01 .2261E+00 .1978E-01 .2458E+00 .2261E+00 .1737E-02 .5144E-01
.1622E+04 .2376E+00 .2296E+00 .1763E-02 .8029E-01 .7853E-01 .2296E+00 .2008E-01 .2497E+00 .2296E+00 .1763E-02 .5224E-01
.1623E+04 .2409E+00 .2332E+00 .1788E-02 .8155E-01 .7977E-01 .2332E+00 .2039E-01 .2536E+00 .2332E+00 .1788E-02 .5306E-01
.1624E+04 .2389E+00 .2306E+00 .1767E-02 .8062E-01 .7886E-01 .2306E+00 .2016E-01 .2507E+00 .2306E+00 .1767E-02 .5246E-01
.1625E+04 .2379E+00 .2284E+00 .1752E-02 .7986E-01 .7811E-01 .2284E+00 .1997E-01 .2483E+00 .2284E+00 .1752E-02 .5196E-01
.1626E+04 .2388E+00 .2303E+00 .1762E-02 .8053E-01 .7877E-01 .2303E+00 .2013E-01 .2504E+00 .2303E+00 .1762E-02 .5240E-01
.1627E+04 .2402E+00 .2321E+00 .1773E-02 .8117E-01 .7939E-01 .2321E+00 .2029E-01 .2524E+00 .2321E+00 .1773E-02 .5281E-01
.1628E+04 .2403E+00 .2312E+00 .1767E-02 .8085E-01 .7908E-01 .2312E+00 .2021E-01 .2514E+00 .2312E+00 .1767E-02 .5261E-01
.1629E+04 .2375E+00 .2293E+00 .1748E-02 .8018E-01 .7843E-01 .2293E+00 .2003E-01 .2493E+00 .2293E+00 .1748E-02 .5217E-01
.1630E+04 .2365E+00 .2279E+00 .1737E-02 .7967E-01 .7793E-01 .2279E+00 .1991E-01 .2478E+00 .2279E+00 .1737E-02 .5184E-01
.1631E+04 .2368E+00 .2262E+00 .1727E-02 .7910E-01 .7738E-01 .2262E+00 .1977E-01 .2460E+00 .2262E+00 .1727E-02 .5147E-01
.1632E+04 .2355E+00 .2238E+00 .1709E-02 .7825E-01 .7654E-01 .2238E+00 .1956E-01 .2434E+00 .2238E+00 .1709E-02 .5092E-01
.1633E+04 .2317E+00 .2170E+00 .1664E-02 .7588E-01 .7422E-01 .2170E+00 .1898E-01 .2360E+00 .2170E+00 .1664E-02 .4938E-01
.1634E+04 .2328E+00 .2243E+00 .1702E-02 .7841E-01 .7671E-01 .2243E+00 .1958E-01 .2439E+00 .2243E+00 .1702E-02 .5103E-01
.1635E+04 .2342E+00 .2186E+00 .1674E-02 .7643E-01 .7475E-01 .2186E+00 .1911E-01 .2377E+00 .2186E+00 .1674E-02 .4974E-01
.1636E+04 .2292E+00 .2189E+00 .1663E-02 .7652E-01 .7486E-01 .2189E+00 .1912E-01 .2380E+00 .2189E+00 .1663E-02 .4981E-01
.1637E+04 .2252E+00 .2156E+00 .1635E-02 .7539E-01 .7375E-01 .2156E+00 .1883E-01 .2345E+00 .2156E+00 .1635E-02 .4907E-01
.1638E+04 .2198E+00 .2019E+00 .1550E-02 .7061E-01 .6906E-01 .2019E+00 .1766E-01 .2196E+00 .2019E+00 .1550E-02 .4596E-01
.1639E+04 .2208E+00 .2085E+00 .1585E-02 .7291E-01 .7133E-01 .2085E+00 .1822E-01 .2268E+00 .2085E+00 .1585E-02 .4746E-01
.1640E+04 .2213E+00 .1952E+00 .1515E-02 .6829E-01 .6678E-01 .1952E+00 .1711E-01 .2124E+00 .1952E+00 .1515E-02 .4445E-01
.1641E+04 .2201E+00 .2057E+00 .1566E-02 .7193E-01 .7037E-01 .2057E+00 .1797E-01 .2237E+00 .2057E+00 .1566E-02 .4682E-01
.1642E+04 .2225E+00 .2082E+00 .1582E-02 .7278E-01 .7120E-01 .2082E+00 .1818E-01 .2263E+00 .2082E+00 .1582E-02 .4737E-01
.1643E+04 .2236E+00 .1962E+00 .1521E-02 .6861E-01 .6709E-01 .1962E+00 .1719E-01 .2133E+00 .1962E+00 .1521E-02 .4465E-01
.1644E+04 .2218E+00 .2106E+00 .1590E-02 .7362E-01 .7203E-01 .2106E+00 .1838E-01 .2290E+00 .2106E+00 .1590E-02 .4792E-01
.1645E+04 .2235E+00 .2028E+00 .1552E-02 .7092E-01 .6937E-01 .2028E+00 .1773E-01 .2205E+00 .2028E+00 .1552E-02 .4616E-01
.1646E+04 .2256E+00 .1971E+00 .1525E-02 .6895E-01 .6742E-01 .1971E+00 .1727E-01 .2144E+00 .1971E+00 .1525E-02 .4487E-01
.1647E+04 .2257E+00 .2148E+00 .1616E-02 .7510E-01 .7348E-01 .2148E+00 .1874E-01 .2336E+00 .2148E+00 .1616E-02 .4888E-01
.1648E+04 .2240E+00 .1972E+00 .1520E-02 .6896E-01 .6744E-01 .1972E+00 .1726E-01 .2144E+00 .1972E+00 .1520E-02 .4489E-01
.1649E+04 .2231E+00 .2062E+00 .1562E-02 .7208E-01 .7052E-01 .2062E+00 .1800E-01 .2242E+00 .2062E+00 .1562E-02 .4692E-01
.1650E+04 .2237E+00 .2090E+00 .1577E-02 .7306E-01 .7149E-01 .2090E+00 .1823E-01 .2272E+00 .2090E+00 .1577E-02 .4756E-01
.1651E+04 .2233E+00 .1925E+00 .1489E-02 .6734E-01 .6585E-01 .1925E+00 .1686E-01 .2094E+00 .1925E+00 .1489E-02 .4383E-01
.1652E+04 .2243E+00 .2037E+00 .1544E-02 .7121E-01 .6966E-01 .2037E+00 .1778E-01 .2215E+00 .2037E+00 .1544E-02 .4635E-01
.1653E+04 .2244E+00 .2090E+00 .1572E-02 .7305E-01 .7148E-01 .2090E+00 .1821E-01 .2272E+00 .2090E+00 .1572E-02 .4750E-01
.1654E+04 .2238E+00 .1987E+00 .1517E-02 .6948E-01 .6796E-01 .1987E+00 .1734E-01 .2160E+00 .1987E+00 .1517E-02 .4513E-01
.1655E+04 .2242E+00 .2113E+00 .1581E-02 .7384E-01 .7226E-01 .2113E+00 .1837E-01 .2296E+00 .2113E+00 .1581E-02 .4794E-01
.1656E+04 .2252E+00 .2053E+00 .1551E-02 .7177E-01 .7022E-01 .2053E+00 .1788E-01 .2232E+00 .2053E+00 .1551E-02 .4660E-01
.1657E+04 .2247E+00 .2077E+00 .1561E-02 .7260E-01 .7104E-01 .2077E+00 .1807E-01 .2258E+00 .2077E+00 .1561E-02 .4714E-01
.1658E+04 .2238E+00 .2121E+00 .1579E-02 .7414E-01 .7256E-01 .2121E+00 .1841E-01 .2306E+00 .2121E+00 .1579E-02 .4808E-01
.1659E+04 .2231E+00 .2126E+00 .1579E-02 .7429E-01 .7271E-01 .2126E+00 .1843E-01 .2310E+00 .2126E+00 .1579E-02 .4814E-01
.1660E+04 .2249E+00 .2141E+00 .1588E-02 .7480E-01 .7321E-01 .2141E+00 .1854E-01 .2326E+00 .2141E+00 .1588E-02 .4842E-01
.1661E+04 .2248E+00 .2097E+00 .1563E-02 .7328E-01 .7171E-01 .2097E+00 .1816E-01 .2278E+00 .2097E+00 .1563E-02 .4739E-01
.1662E+04 .2230E+00 .1987E+00 .1501E-02 .6945E-01 .6795E-01 .1987E+00 .1722E-01 .2159E+00 .1987E+00 .1501E-02 .4487E-01
.1663E+04 .2219E+00 .2116E+00 .1564E-02 .7395E-01 .7239E-01 .2116E+00 .1827E-01 .2299E+00 .2116E+00 .1564E-02 .4774E-01
.1664E+04 .2214E+00 .2073E+00 .1538E-02 .7244E-01 .7090E-01 .2073E+00 .1790E-01 .2252E+00 .2073E+00 .1538E-02 .4672E-01
.1665E+04 .2195E+00 .1966E+00 .1480E-02 .6873E-01 .6725E-01 .1966E+00 .1700E-01 .2136E+00 .1966E+00 .1480E-02 .4429E-01
.1666E+04 .2188E+00 .1506E+00 .1235E-02 .5276E-01 .5152E-01 .1506E+00 .1319E-01 .1638E+00 .1506E+00 .1235E-02 .3395E-01
.1667E+04 .2175E+00 .1953E+00 .1466E-02 .6827E-01 .6680E-01 .1953E+00 .1685E-01 .2122E+00 .1953E+00 .1466E-02 .4391E-01
.1668E+04 .2153E+00 .2052E+00 .1509E-02 .7171E-01 .7020E-01 .2052E+00 .1763E-01 .2229E+00 .2052E+00 .1509E-02 .4607E-01
.1669E+04 .2184E+00 .1987E+00 .1479E-02 .6944E-01 .6796E-01 .1987E+00 .1709E-01 .2158E+00 .1987E+00 .1479E-02 .4456E-01
.1670E+04 .2191E+00 .2087E+00 .1531E-02 .7292E-01 .7139E-01 .2087E+00 .1789E-01 .2266E+00 .2087E+00 .1531E-02 .4675E-01
.1671E+04 .2150E+00 .2015E+00 .1484E-02 .7039E-01 .6891E-01 .2015E+00 .1727E-01 .2187E+00 .2015E+00 .1484E-02 .4508E-01
.1672E+04 .2106E+00 .1993E+00 .1461E-02 .6962E-01 .6816E-01 .1993E+00 .1705E-01 .2163E+00 .1993E+00 .1461E-02 .4455E-01
.1673E+04 .2145E+00 .2054E+00 .1500E-02 .7176E-01 .7026E-01 .2054E+00 .1755E-01 .2230E+00 .2054E+00 .1500E-02 .4587E-01
.1674E+04 .2143E+00 .1988E+00 .1465E-02 .6946E-01 .6799E-01 .1988E+00 .1700E-01 .2158E+00 .1988E+00 .1465E-02 .4436E-01
.1675E+04 .2101E+00 .1961E+00 .1439E-02 .6850E-01 .6706E-01 .1961E+00 .1674E-01 .2128E+00 .1961E+00 .1439E-02 .4371E-01
.1676E+04 .2105E+00 .1945E+00 .1429E-02 .6796E-01 .6654E-01 .1945E+00 .1660E-01 .2111E+00 .1945E+00 .1429E-02 .4333E-01
.1677E+04 .2121E+00 .1958E+00 .1438E-02 .6842E-01 .6698E-01 .1958E+00 .1669E-01 .2125E+00 .1958E+00 .1438E-02 .4357E-01
.1678E+04 .2104E+00 .1872E+00 .1389E-02 .6542E-01 .6403E-01 .1872E+00 .1597E-01 .2032E+00 .1872E+00 .1389E-02 .4162E-01
.1679E+04 .2064E+00 .1975E+00 .1432E-02 .6897E-01 .6753E-01 .1975E+00 .1677E-01 .2142E+00 .1975E+00 .1432E-02 .4384E-01
.1680E+04 .1991E+00 .1878E+00 .1367E-02 .6559E-01 .6422E-01 .1878E+00 .1595E-01 .2037E+00 .1878E+00 .1367E-02 .4167E-01
.1681E+04 .1972E+00 .1836E+00 .1342E-02 .6413E-01 .6279E-01 .1836E+00 .1560E-01 .1992E+00 .1836E+00 .1342E-02 .4074E-01
.1682E+04 .2025E+00 .1950E+00 .1408E-02 .6811E-01 .6670E-01 .1950E+00 .1655E-01 .2116E+00 .1950E+00 .1408E-02 .4327E-01
.1683E+04 .2070E+00 .1982E+00 .1432E-02 .6921E-01 .6778E-01 .1982E+00 .1680E-01 .2150E+00 .1982E+00 .1432E-02 .4393E-01
.1684E+04 .2093E+00 .1737E+00 .1294E-02 .6071E-01 .5942E-01 .1737E+00 .1479E-01 .1885E+00 .1737E+00 .1294E-02 .3850E-01
.1685E+04 .2094E+00 .2016E+00 .1451E-02 .7041E-01 .6896E-01 .2016E+00 .1706E-01 .2187E+00 .2016E+00 .1451E-02 .4462E-01
.1686E+04 .2090E+00 .1998E+00 .1440E-02 .6978E-01 .6834E-01 .1998E+00 .1691E-01 .2167E+00 .1998E+00 .1440E-02 .4423E-01
.1687E+04 .2090E+00 .1867E+00 .1371E-02 .6524E-01 .6387E-01 .1867E+00 .1585E-01 .2026E+00 .1867E+00 .1371E-02 .4135E-01
.1688E+04 .2087E+00 .1994E+00 .1435E-02 .6962E-01 .6818E-01 .1994E+00 .1686E-01 .2162E+00 .1994E+00 .1435E-02 .4408E-01
.1689E+04 .2066E+00 .1953E+00 .1407E-02 .6821E-01 .6681E-01 .1953E+00 .1651E-01 .2118E+00 .1953E+00 .1407E-02 .4316E-01
.1690E+04 .2089E+00 .1914E+00 .1388E-02 .6684E-01 .6545E-01 .1914E+00 .1617E-01 .2075E+00 .1914E+00 .1388E-02 .4224E-01
.1691E+04 .2101E+00 .1565E+00 .1192E-02 .5472E-01 .5353E-01 .1565E+00 .1332E-01 .1698E+00 .1565E+00 .1192E-02 .3454E-01
.1692E+04 .2103E+00 .1882E+00 .1371E-02 .6575E-01 .6438E-01 .1882E+00 .1589E-01 .2041E+00 .1882E+00 .1371E-02 .4146E-01
.1693E+04 .2099E+00 .2020E+00 .1443E-02 .7052E-01 .6907E-01 .2020E+00 .1700E-01 .2190E+00 .2020E+00 .1443E-02 .4447E-01
.1694E+04 .2094E+00 .1864E+00 .1361E-02 .6513E-01 .6377E-01 .1864E+00 .1574E-01 .2022E+00 .1864E+00 .1361E-02 .4107E-01
.1695E+04 .2089E+00 .1993E+00 .1425E-02 .6958E-01 .6816E-01 .1993E+00 .1677E-01 .2160E+00 .1993E+00 .1425E-02 .4386E-01
.1696E+04 .2082E+00 .1982E+00 .1415E-02 .6921E-01 .6779E-01 .1982E+00 .1666E-01 .2149E+00 .1982E+00 .1415E-02 .4359E-01
.1697E+04 .2079E+00 .1323E+00 .1046E-02 .4630E-01 .4525E-01 .1323E+00 .1129E-01 .1436E+00 .1323E+00 .1046E-02 .2912E-01
.1698E+04 .2077E+00 .1966E+00 .1405E-02 .6866E-01 .6725E-01 .1966E+00 .1652E-01 .2131E+00 .1966E+00 .1405E-02 .4319E-01
.1699E+04 .2061E+00 .1905E+00 .1366E-02 .6653E-01 .6517E-01 .1905E+00 .1601E-01 .2065E+00 .1905E+00 .1366E-02 .4186E-01
.1700E+04 .2044E+00 .1814E+00 .1314E-02 .6335E-01 .6203E-01 .1814E+00 .1527E-01 .1966E+00 .1814E+00 .1314E-02 .3985E-01
.1702E+04 .2027E+00 .1929E+00 .1371E-02 .6735E-01 .6598E-01 .1929E+00 .1619E-01 .2091E+00 .1929E+00 .1371E-02 .4238E-01
.1705E+04 .2029E+00 .1792E+00 .1295E-02 .6259E-01 .6130E-01 .1792E+00 .1507E-01 .1943E+00 .1792E+00 .1295E-02 .3936E-01
.1710E+04 .1982E+00 .1672E+00 .1209E-02 .5838E-01 .5717E-01 .1672E+00 .1403E-01 .1812E+00 .1672E+00 .1209E-02 .3663E-01
.1715E+04 .1994E+00 .1638E+00 .1185E-02 .5720E-01 .5601E-01 .1638E+00 .1372E-01 .1775E+00 .1638E+00 .1185E-02 .3581E-01
.1720E+04 .1960E+00 .1664E+00 .1186E-02 .5810E-01 .5692E-01 .1664E+00 .1391E-01 .1803E+00 .1664E+00 .1186E-02 .3638E-01
.1725E+04 .1934E+00 .1477E+00 .1075E-02 .5158E-01 .5050E-01 .1477E+00 .1238E-01 .1600E+00 .1477E+00 .1075E-02 .3229E-01
.1730E+04 .1912E+00 .1452E+00 .1054E-02 .5073E-01 .4968E-01 .1452E+00 .1215E-01 .1574E+00 .1452E+00 .1054E-02 .3169E-01
.1735E+04 .1815E+00 .1324E+00 .9606E-03 .4624E-01 .4527E-01 .1324E+00 .1108E-01 .1434E+00 .1324E+00 .9606E-03 .2888E-01
.1740E+04 .1849E+00 .1347E+00 .9793E-03 .4707E-01 .4609E-01 .1347E+00 .1130E-01 .1460E+00 .1347E+00 .9793E-03 .2947E-01
.1745E+04 .1858E+00 .1246E+00 .9048E-03 .4351E-01 .4260E-01 .1246E+00 .1044E-01 .1350E+00 .1246E+00 .9048E-03 .2725E-01
.1750E+04 .1844E+00 .1353E+00 .9812E-03 .4726E-01 .4628E-01 .1353E+00 .1135E-01 .1467E+00 .1353E+00 .9812E-03 .2961E-01
.1755E+04 .1843E+00 .1167E+00 .8601E-03 .4077E-01 .3991E-01 .1167E+00 .9830E-02 .1265E+00 .1167E+00 .8601E-03 .2560E-01
.1760E+04 .1817E+00 .1262E+00 .9194E-03 .4410E-01 .4318E-01 .1262E+00 .1064E-01 .1369E+00 .1262E+00 .9194E-03 .2776E-01
.1765E+04 .1798E+00 .9019E-01 .6896E-03 .3153E-01 .3085E-01 .9019E-01 .7659E-02 .9784E-01 .9019E-01 .6896E-03 .1985E-01
.1770E+04 .1784E+00 .8767E-01 .6952E-03 .3068E-01 .2998E-01 .8767E-01 .7507E-02 .9518E-01 .8767E-01 .6952E-03 .1937E-01
.1775E+04 .1759E+00 .5982E-01 .5077E-03 .2097E-01 .2046E-01 .5982E-01 .5184E-02 .6501E-01 .5982E-01 .5077E-03 .1324E-01
.1780E+04 .1736E+00 .5292E-01 .4568E-03 .1856E-01 .1810E-01 .5292E-01 .4607E-02 .5752E-01 .5292E-01 .4568E-03 .1174E-01
.1785E+04 .1727E+00 .3032E-01 .2977E-03 .1067E-01 .1037E-01 .3032E-01 .2709E-02 .3303E-01 .3032E-01 .2977E-03 .6762E-02
.1790E+04 .1722E+00 .3970E-01 .3730E-03 .1395E-01 .1358E-01 .3970E-01 .3524E-02 .4322E-01 .3970E-01 .3730E-03 .8865E-02
.1795E+04 .1702E+00 .6901E-02 .1233E-03 .2483E-02 .2360E-02 .6901E-02 .7183E-03 .7619E-02 .6901E-02 .1233E-03 .1575E-02
.1800E+04 .1683E+00 .7336E-02 .1049E-03 .2614E-02 .2509E-02 .7336E-02 .7174E-03 .8053E-02 .7336E-02 .1049E-03 .1662E-02
.1805E+04 .1669E+00 .6619E-03 .2729E-04 .2537E-03 .2264E-03 .6619E-03 .9664E-04 .7586E-03 .6619E-03 .2729E-04 .1591E-03
.1810E+04 .1655E+00 .6739E-03 .1739E-04 .2479E-03 .2305E-03 .6739E-03 .7984E-04 .7538E-03 .6739E-03 .1739E-04 .1569E-03
.1815E+04 .1584E+00 .2381E-04 .3358E-05 .1150E-04 .8143E-05 .2381E-04 .7716E-05 .3153E-04 .2381E-04 .3358E-05 .6899E-05
.1820E+04 .1556E+00 .1382E-05 .5257E-06 .9984E-06 .4727E-06 .1382E-05 .1039E-05 .2421E-05 .1382E-05 .5257E-06 .5651E-06
.1825E+04 .1600E+00 .2800E-05 .8562E-06 .1814E-05 .9578E-06 .2800E-05 .1732E-05 .4533E-05 .2800E-05 .8562E-06 .1044E-05
.1830E+04 .1593E+00 .2020E-09 .6963E-09 .7654E-09 .6908E-10 .2020E-09 .1258E-08 .1460E-08 .2020E-09 .6963E-09 .3899E-09
.1835E+04 .1577E+00 .5006E-09 .5457E-09 .7170E-09 .1712E-09 .5006E-09 .1011E-08 .1511E-08 .5006E-09 .5457E-09 .3807E-09
.1840E+04 .1556E+00 .7373E-12 .7088E-11 .7340E-11 .2522E-12 .7373E-12 .1270E-10 .1344E-10 .7373E-12 .7088E-11 .3663E-11
.1845E+04 .1531E+00 .1926E-11 .1461E-09 .1468E-09 .6587E-12 .1926E-11 .2609E-09 .2628E-09 .1926E-11 .1461E-09 .7249E-10
.1850E+04 .1534E+00 .3636E-12 .4640E-10 .4652E-10 .1244E-12 .3636E-12 .8278E-10 .8314E-10 .3636E-12 .4640E-10 .2284E-10
.1855E+04 .1521E+00 .1302E-11 .1654E-10 .1698E-10 .4452E-12 .1302E-11 .2956E-10 .3086E-10 .1302E-11 .1654E-10 .8315E-11
.1860E+04 .1501E+00 .2376E-08 .2774E-08 .3586E-08 .8126E-09 .2376E-08 .5104E-08 .7480E-08 .2376E-08 .2774E-08 .1838E-08
.1865E+04 .1480E+00 .4567E-09 .1616E-08 .1772E-08 .1562E-09 .4567E-09 .2900E-08 .3356E-08 .4567E-09 .1616E-08 .8482E-09
.1870E+04 .1456E+00 .5970E-18 .7473E-15 .7475E-15 .2042E-18 .5970E-18 .1325E-14 .1325E-14 .5970E-18 .7473E-15 .3416E-15
.1875E+04 .1349E+00 .1573E-17 .1534E-14 .1535E-14 .5381E-18 .1573E-17 .2714E-14 .2715E-14 .1573E-17 .1534E-14 .6831E-15
.1880E+04 .1425E+00 .1735E-07 .1673E-07 .2267E-07 .5935E-08 .1735E-07 .3064E-07 .4800E-07 .1735E-07 .1673E-07 .1065E-07
.1885E+04 .1432E+00 .1011E-07 .1094E-07 .1440E-07 .3457E-08 .1011E-07 .1992E-07 .3003E-07 .1011E-07 .1094E-07 .6609E-08
.1890E+04 .1410E+00 .1451E-07 .3359E-07 .3856E-07 .4961E-08 .1451E-07 .6004E-07 .7455E-07 .1451E-07 .3359E-07 .1686E-07
.1895E+04 .1379E+00 .3638E-07 .2984E-07 .4228E-07 .1244E-07 .3638E-07 .5454E-07 .9092E-07 .3638E-07 .2984E-07 .1864E-07
.1900E+04 .1389E+00 .6229E-11 .4846E-10 .5059E-10 .2130E-11 .6229E-11 .8526E-10 .9149E-10 .6229E-11 .4846E-10 .2021E-10
.1905E+04 .1382E+00 .9447E-11 .4399E-10 .4723E-10 .3231E-11 .9447E-11 .7768E-10 .8713E-10 .9447E-11 .4399E-10 .1920E-10
.1910E+04 .1367E+00 .7503E-09 .2399E-08 .2655E-08 .2566E-09 .7503E-09 .4229E-08 .4979E-08 .7503E-09 .2399E-08 .1026E-08
.1915E+04 .1358E+00 .5831E-08 .4762E-08 .6756E-08 .1994E-08 .5831E-08 .8628E-08 .1446E-07 .5831E-08 .4762E-08 .2748E-08
.1920E+04 .1342E+00 .6285E-07 .7840E-07 .9989E-07 .2150E-07 .6285E-07 .1403E-06 .2031E-06 .6285E-07 .7840E-07 .3978E-07
.1925E+04 .1335E+00 .7832E-06 .3274E-06 .5953E-06 .2679E-06 .7832E-06 .6146E-06 .1398E-05 .7832E-06 .3274E-06 .2540E-06
.1930E+04 .1304E+00 .1580E-05 .2878E-06 .8280E-06 .5403E-06 .1580E-05 .5901E-06 .2170E-05 .1580E-05 .2878E-06 .3749E-06
.1935E+04 .1303E+00 .5316E-04 .3502E-05 .2168E-04 .1818E-04 .5316E-04 .9090E-05 .6225E-04 .5316E-04 .3502E-05 .1036E-04
.1940E+04 .1273E+00 .1488E-03 .4746E-05 .5565E-04 .5090E-04 .1488E-03 .1664E-04 .1655E-03 .1488E-03 .4746E-05 .2718E-04
.1945E+04 .1204E+00 .7367E-03 .2142E-04 .2734E-03 .2520E-03 .7367E-03 .7905E-04 .8157E-03 .7367E-03 .2142E-04 .1346E-03
.1950E+04 .1247E+00 .2395E-02 .4324E-04 .8623E-03 .8191E-03 .2395E-02 .2121E-03 .2607E-02 .2395E-02 .4324E-04 .4314E-03
.1955E+04 .1268E+00 .5181E-03 .1929E-04 .1965E-03 .1772E-03 .5181E-03 .6380E-04 .5819E-03 .5181E-03 .1929E-04 .9883E-04
.1960E+04 .1252E+00 .4102E-02 .6755E-04 .1470E-02 .1403E-02 .4102E-02 .3595E-03 .4461E-02 .4102E-02 .6755E-04 .7595E-03
.1965E+04 .1231E+00 .8122E-02 .1024E-03 .2880E-02 .2778E-02 .8122E-02 .6622E-03 .8784E-02 .8122E-02 .1024E-03 .1507E-02
.1970E+04 .1226E+00 .2126E-01 .1996E-03 .7472E-02 .7272E-02 .2126E-01 .1625E-02 .2289E-01 .2126E-01 .1996E-03 .3953E-02
.1975E+04 .1205E+00 .2927E-01 .2465E-03 .1026E-01 .1001E-01 .2927E-01 .2199E-02 .3147E-01 .2927E-01 .2465E-03 .5465E-02
.1980E+04 .1192E+00 .4292E-01 .3150E-03 .1499E-01 .1468E-01 .4292E-01 .3161E-02 .4608E-01 .4292E-01 .3150E-03 .8049E-02
.1985E+04 .1184E+00 .5262E-01 .3620E-03 .1836E-01 .1800E-01 .5262E-01 .3870E-02 .5649E-01 .5262E-01 .3620E-03 .9969E-02
.1990E+04 .1183E+00 .5112E-01 .3561E-03 .1784E-01 .1748E-01 .5112E-01 .3779E-02 .5490E-01 .5112E-01 .3561E-03 .9723E-02
.1995E+04 .1163E+00 .5155E-01 .3620E-03 .1799E-01 .1763E-01 .5155E-01 .3811E-02 .5536E-01 .5155E-01 .3620E-03 .9790E-02
.2000E+04 .1160E+00 .1612E-01 .1923E-03 .5707E-02 .5515E-02 .1612E-01 .1329E-02 .1745E-01 .1612E-01 .1923E-03 .3088E-02
.2005E+04 .1148E+00 .3292E-02 .7002E-04 .1196E-02 .1126E-02 .3292E-02 .3242E-03 .3617E-02 .3292E-02 .7002E-04 .6399E-03
.2010E+04 .1145E+00 .1967E-01 .2282E-03 .6957E-02 .6729E-02 .1967E-01 .1593E-02 .2127E-01 .1967E-01 .2282E-03 .3714E-02
.2015E+04 .1135E+00 .8983E-02 .1320E-03 .3204E-02 .3072E-02 .8983E-02 .7700E-03 .9753E-02 .8983E-02 .1320E-03 .1689E-02
.2020E+04 .1115E+00 .2181E-01 .2300E-03 .7689E-02 .7459E-02 .2181E-01 .1698E-02 .2351E-01 .2181E-01 .2300E-03 .4023E-02
.2025E+04 .1109E+00 .5062E-01 .3939E-03 .1771E-01 .1731E-01 .5062E-01 .3661E-02 .5428E-01 .5062E-01 .3939E-03 .9179E-02
.2030E+04 .1092E+00 .6046E-01 .4299E-03 .2111E-01 .2068E-01 .6046E-01 .4255E-02 .6472E-01 .6046E-01 .4299E-03 .1080E-01
.2035E+04 .1082E+00 .8131E-01 .5237E-03 .2833E-01 .2781E-01 .8131E-01 .5584E-02 .8690E-01 .8131E-01 .5237E-03 .1438E-01
.2040E+04 .1077E+00 .7109E-01 .4736E-03 .2479E-01 .2431E-01 .7109E-01 .4871E-02 .7596E-01 .7109E-01 .4736E-03 .1246E-01
.2045E+04 .1078E+00 .7347E-01 .4879E-03 .2562E-01 .2513E-01 .7347E-01 .4999E-02 .7847E-01 .7347E-01 .4879E-03 .1278E-01
.2050E+04 .1065E+00 .4904E-01 .3753E-03 .1715E-01 .1677E-01 .4904E-01 .3405E-02 .5244E-01 .4904E-01 .3753E-03 .8493E-02
.2055E+04 .1054E+00 .3434E-01 .2969E-03 .1204E-01 .1174E-01 .3434E-01 .2432E-02 .3677E-01 .3434E-01 .2969E-03 .5925E-02
.2060E+04 .1038E+00 .4898E-01 .3659E-03 .1712E-01 .1675E-01 .4898E-01 .3359E-02 .5234E-01 .4898E-01 .3659E-03 .8400E-02
.2065E+04 .1030E+00 .4263E-01 .3350E-03 .1492E-01 .1458E-01 .4263E-01 .2945E-02 .4558E-01 .4263E-01 .3350E-03 .7294E-02
.2070E+04 .1024E+00 .4633E-01 .3508E-03 .1620E-01 .1584E-01 .4633E-01 .3161E-02 .4949E-01 .4633E-01 .3508E-03 .7873E-02
.2075E+04 .1023E+00 .6297E-01 .4231E-03 .2196E-01 .2154E-01 .6297E-01 .4191E-02 .6716E-01 .6297E-01 .4231E-03 .1065E-01
.2080E+04 .1007E+00 .7589E-01 .4695E-03 .2642E-01 .2595E-01 .7589E-01 .4973E-02 .8086E-01 .7589E-01 .4695E-03 .1279E-01
.2085E+04 .9979E-01 .7425E-01 .4602E-03 .2585E-01 .2539E-01 .7425E-01 .4867E-02 .7912E-01 .7425E-01 .4602E-03 .1252E-01
.2090E+04 .9881E-01 .8138E-01 .4866E-03 .2832E-01 .2783E-01 .8138E-01 .5313E-02 .8669E-01 .8138E-01 .4866E-03 .1374E-01
.2095E+04 .9735E-01 .8232E-01 .4835E-03 .2864E-01 .2816E-01 .8232E-01 .5351E-02 .8767E-01 .8232E-01 .4835E-03 .1387E-01
.2100E+04 .9751E-01 .7431E-01 .4430E-03 .2586E-01 .2541E-01 .7431E-01 .4842E-02 .7915E-01 .7431E-01 .4430E-03 .1252E-01
.2105E+04 .9690E-01 .8873E-01 .5054E-03 .3085E-01 .3035E-01 .8873E-01 .5756E-02 .9449E-01 .8873E-01 .5054E-03 .1499E-01
.2110E+04 .9579E-01 .8236E-01 .4750E-03 .2865E-01 .2817E-01 .8236E-01 .5377E-02 .8774E-01 .8236E-01 .4750E-03 .1399E-01
.2115E+04 .9495E-01 .8709E-01 .4914E-03 .3028E-01 .2979E-01 .8709E-01 .5667E-02 .9276E-01 .8709E-01 .4914E-03 .1479E-01
.2120E+04 .9376E-01 .7905E-01 .4528E-03 .2749E-01 .2704E-01 .7905E-01 .5177E-02 .8423E-01 .7905E-01 .4528E-03 .1349E-01
.2125E+04 .9291E-01 .8217E-01 .4623E-03 .2857E-01 .2811E-01 .8217E-01 .5382E-02 .8756E-01 .8217E-01 .4623E-03 .1407E-01
.2130E+04 .9283E-01 .8481E-01 .4697E-03 .2948E-01 .2901E-01 .8481E-01 .5559E-02 .9037E-01 .8481E-01 .4697E-03 .1457E-01
.2135E+04 .9171E-01 .8609E-01 .4733E-03 .2992E-01 .2945E-01 .8609E-01 .5660E-02 .9175E-01 .8609E-01 .4733E-03 .1486E-01
.2140E+04 .9147E-01 .8803E-01 .4786E-03 .3059E-01 .3011E-01 .8803E-01 .5785E-02 .9381E-01 .8803E-01 .4786E-03 .1521E-01
.2145E+04 .9065E-01 .8710E-01 .4717E-03 .3026E-01 .2979E-01 .8710E-01 .5722E-02 .9283E-01 .8710E-01 .4717E-03 .1506E-01
.2150E+04 .9013E-01 .7537E-01 .4229E-03 .2620E-01 .2578E-01 .7537E-01 .4977E-02 .8034E-01 .7537E-01 .4229E-03 .1303E-01
.2155E+04 .8927E-01 .7611E-01 .4236E-03 .2646E-01 .2603E-01 .7611E-01 .5026E-02 .8114E-01 .7611E-01 .4236E-03 .1318E-01
.2160E+04 .8784E-01 .7636E-01 .4202E-03 .2654E-01 .2612E-01 .7636E-01 .5028E-02 .8139E-01 .7636E-01 .4202E-03 .1320E-01
.2165E+04 .8275E-01 .6878E-01 .3788E-03 .2390E-01 .2353E-01 .6878E-01 .4531E-02 .7331E-01 .6878E-01 .3788E-03 .1189E-01
.2170E+04 .8514E-01 .7592E-01 .4088E-03 .2638E-01 .2597E-01 .7592E-01 .4985E-02 .8091E-01 .7592E-01 .4088E-03 .1313E-01
.2175E+04 .8568E-01 .7067E-01 .3884E-03 .2456E-01 .2417E-01 .7067E-01 .4654E-02 .7532E-01 .7067E-01 .3884E-03 .1222E-01
.2180E+04 .8497E-01 .7631E-01 .4076E-03 .2651E-01 .2610E-01 .7631E-01 .5005E-02 .8131E-01 .7631E-01 .4076E-03 .1319E-01
.2185E+04 .8464E-01 .6117E-01 .3419E-03 .2127E-01 .2092E-01 .6117E-01 .4039E-02 .6521E-01 .6117E-01 .3419E-03 .1058E-01
.2190E+04 .8364E-01 .7159E-01 .3832E-03 .2487E-01 .2449E-01 .7159E-01 .4698E-02 .7629E-01 .7159E-01 .3832E-03 .1238E-01
.2195E+04 .8342E-01 .7015E-01 .3761E-03 .2437E-01 .2399E-01 .7015E-01 .4605E-02 .7476E-01 .7015E-01 .3761E-03 .1213E-01
.2200E+04 .8263E-01 .6039E-01 .3363E-03 .2099E-01 .2066E-01 .6039E-01 .3974E-02 .6437E-01 .6039E-01 .3363E-03 .1041E-01
.2205E+04 .8073E-01 .6443E-01 .3465E-03 .2238E-01 .2204E-01 .6443E-01 .4206E-02 .6864E-01 .6443E-01 .3465E-03 .1107E-01
.2210E+04 .8053E-01 .7426E-01 .3829E-03 .2578E-01 .2540E-01 .7426E-01 .4813E-02 .7908E-01 .7426E-01 .3829E-03 .1273E-01
.2215E+04 .8024E-01 .6892E-01 .3599E-03 .2393E-01 .2357E-01 .6892E-01 .4463E-02 .7339E-01 .6892E-01 .3599E-03 .1178E-01
.2220E+04 .7974E-01 .7332E-01 .3754E-03 .2545E-01 .2508E-01 .7332E-01 .4722E-02 .7804E-01 .7332E-01 .3754E-03 .1249E-01
.2225E+04 .7873E-01 .6968E-01 .3583E-03 .2419E-01 .2383E-01 .6968E-01 .4471E-02 .7416E-01 .6968E-01 .3583E-03 .1181E-01
.2230E+04 .7832E-01 .7251E-01 .3667E-03 .2517E-01 .2480E-01 .7251E-01 .4623E-02 .7714E-01 .7251E-01 .3667E-03 .1223E-01
.2235E+04 .7766E-01 .6959E-01 .3533E-03 .2415E-01 .2380E-01 .6959E-01 .4413E-02 .7400E-01 .6959E-01 .3533E-03 .1166E-01
.2240E+04 .7661E-01 .6976E-01 .3511E-03 .2421E-01 .2386E-01 .6976E-01 .4394E-02 .7416E-01 .6976E-01 .3511E-03 .1162E-01
.2245E+04 .7621E-01 .6586E-01 .3355E-03 .2286E-01 .2253E-01 .6586E-01 .4122E-02 .6999E-01 .6586E-01 .3355E-03 .1087E-01
.2250E+04 .7546E-01 .6865E-01 .3415E-03 .2382E-01 .2348E-01 .6865E-01 .4201E-02 .7285E-01 .6865E-01 .3415E-03 .1108E-01
.2255E+04 .7461E-01 .6303E-01 .3200E-03 .2188E-01 .2156E-01 .6303E-01 .3831E-02 .6686E-01 .6303E-01 .3200E-03 .1006E-01
.2260E+04 .7419E-01 .6188E-01 .3136E-03 .2148E-01 .2116E-01 .6188E-01 .3705E-02 .6558E-01 .6188E-01 .3136E-03 .9708E-02
.2265E+04 .7352E-01 .6428E-01 .3185E-03 .2230E-01 .2199E-01 .6428E-01 .3798E-02 .6808E-01 .6428E-01 .3185E-03 .9965E-02
.2270E+04 .7323E-01 .5956E-01 .3012E-03 .2067E-01 .2037E-01 .5956E-01 .3508E-02 .6306E-01 .5956E-01 .3012E-03 .9171E-02
.2275E+04 .7269E-01 .5854E-01 .2955E-03 .2032E-01 .2002E-01 .5854E-01 .3438E-02 .6197E-01 .5854E-01 .2955E-03 .8988E-02
.2280E+04 .7147E-01 .6218E-01 .3037E-03 .2157E-01 .2127E-01 .6218E-01 .3633E-02 .6581E-01 .6218E-01 .3037E-03 .9539E-02
.2285E+04 .7108E-01 .5740E-01 .2864E-03 .1992E-01 .1963E-01 .5740E-01 .3356E-02 .6075E-01 .5740E-01 .2864E-03 .8782E-02
.2290E+04 .7069E-01 .5741E-01 .2843E-03 .1992E-01 .1964E-01 .5741E-01 .3344E-02 .6076E-01 .5741E-01 .2843E-03 .8756E-02
.2295E+04 .6914E-01 .5569E-01 .2751E-03 .1932E-01 .1905E-01 .5569E-01 .3242E-02 .5893E-01 .5569E-01 .2751E-03 .8493E-02
.2300E+04 .6923E-01 .5085E-01 .2581E-03 .1765E-01 .1739E-01 .5085E-01 .2973E-02 .5382E-01 .5085E-01 .2581E-03 .7758E-02
.2305E+04 .6902E-01 .5111E-01 .2571E-03 .1774E-01 .1748E-01 .5111E-01 .2974E-02 .5408E-01 .5111E-01 .2571E-03 .7767E-02
.2310E+04 .6848E-01 .5625E-01 .2699E-03 .1951E-01 .1924E-01 .5625E-01 .3251E-02 .5950E-01 .5625E-01 .2699E-03 .8545E-02
.2315E+04 .6764E-01 .4935E-01 .2456E-03 .1712E-01 .1688E-01 .4935E-01 .2868E-02 .5222E-01 .4935E-01 .2456E-03 .7501E-02
.2320E+04 .6675E-01 .4022E-01 .2102E-03 .1397E-01 .1376E-01 .4022E-01 .2355E-02 .4258E-01 .4022E-01 .2102E-03 .6118E-02
.2325E+04 .6538E-01 .4405E-01 .2182E-03 .1528E-01 .1507E-01 .4405E-01 .2558E-02 .4661E-01 .4405E-01 .2182E-03 .6695E-02
.2330E+04 .6565E-01 .4451E-01 .2232E-03 .1545E-01 .1522E-01 .4451E-01 .2589E-02 .4710E-01 .4451E-01 .2232E-03 .6766E-02
.2335E+04 .6513E-01 .4874E-01 .2350E-03 .1691E-01 .1667E-01 .4874E-01 .2822E-02 .5157E-01 .4874E-01 .2350E-03 .7414E-02
.2340E+04 .6491E-01 .2911E-01 .1601E-03 .1012E-01 .9957E-02 .2911E-01 .1724E-02 .3084E-01 .2911E-01 .1601E-03 .4448E-02
.2345E+04 .6465E-01 .3909E-01 .1991E-03 .1357E-01 .1337E-01 .3909E-01 .2287E-02 .4138E-01 .3909E-01 .1991E-03 .5966E-02
.2350E+04 .6355E-01 .2663E-01 .1441E-03 .9253E-02 .9109E-02 .2663E-01 .1573E-02 .2821E-01 .2663E-01 .1441E-03 .4069E-02
.2355E+04 .6224E-01 .3417E-01 .1769E-03 .1187E-01 .1169E-01 .3417E-01 .2005E-02 .3618E-01 .3417E-01 .1769E-03 .5219E-02
.2360E+04 .6250E-01 .3761E-01 .1876E-03 .1305E-01 .1286E-01 .3761E-01 .2194E-02 .3980E-01 .3761E-01 .1876E-03 .5740E-02
.2365E+04 .6234E-01 .3455E-01 .1709E-03 .1199E-01 .1182E-01 .3455E-01 .2009E-02 .3656E-01 .3455E-01 .1709E-03 .5260E-02
.2370E+04 .6161E-01 .1381E-01 .8941E-04 .4814E-02 .4724E-02 .1381E-01 .8414E-03 .1465E-01 .1381E-01 .8941E-04 .2116E-02
.2375E+04 .6093E-01 .2888E-01 .1503E-03 .1003E-01 .9878E-02 .2888E-01 .1696E-02 .3058E-01 .2888E-01 .1503E-03 .4411E-02
.2380E+04 .6059E-01 .2468E-01 .1312E-03 .8571E-02 .8440E-02 .2468E-01 .1454E-02 .2613E-01 .2468E-01 .1312E-03 .3770E-02
.2385E+04 .5860E-01 .1589E-01 .9257E-04 .5526E-02 .5433E-02 .1589E-01 .9499E-03 .1684E-01 .1589E-01 .9257E-04 .2430E-02
.2390E+04 .5910E-01 .2027E-01 .1111E-03 .7043E-02 .6932E-02 .2027E-01 .1197E-02 .2146E-01 .2027E-01 .1111E-03 .3088E-02
.2395E+04 .5888E-01 .2431E-01 .1273E-03 .8440E-02 .8313E-02 .2431E-01 .1423E-02 .2573E-01 .2431E-01 .1273E-03 .3697E-02
.2400E+04 .5851E-01 .2683E-01 .1377E-03 .9314E-02 .9176E-02 .2683E-01 .1558E-02 .2839E-01 .2683E-01 .1377E-03 .4053E-02
.2405E+04 .5817E-01 .1872E-01 .9960E-04 .6503E-02 .6403E-02 .1872E-01 .1089E-02 .1981E-01 .1872E-01 .9960E-04 .2818E-02
.2410E+04 .5773E-01 .1761E-01 .9574E-04 .6118E-02 .6022E-02 .1761E-01 .1022E-02 .1863E-01 .1761E-01 .9574E-04 .2634E-02
.2415E+04 .5600E-01 .1072E-01 .6958E-04 .3737E-02 .3667E-02 .1072E-01 .6381E-03 .1136E-01 .1072E-01 .6958E-04 .1596E-02
.2420E+04 .5626E-01 .1144E-01 .7044E-04 .3983E-02 .3912E-02 .1144E-01 .6713E-03 .1211E-01 .1144E-01 .7044E-04 .1692E-02
.2425E+04 .5606E-01 .1649E-01 .9349E-04 .5734E-02 .5640E-02 .1649E-01 .9388E-03 .1743E-01 .1649E-01 .9349E-04 .2392E-02
.2430E+04 .5584E-01 .2413E-01 .1266E-03 .8381E-02 .8254E-02 .2413E-01 .1344E-02 .2548E-01 .2413E-01 .1266E-03 .3460E-02
.2435E+04 .5519E-01 .3896E-02 .3105E-04 .1363E-02 .1332E-02 .3896E-02 .2332E-03 .4129E-02 .3896E-02 .3105E-04 .5555E-03
.2440E+04 .5505E-01 .2207E-01 .1155E-03 .7665E-02 .7550E-02 .2207E-01 .1193E-02 .2327E-01 .2207E-01 .1155E-03 .3054E-02
.2445E+04 .5433E-01 .6861E-02 .4701E-04 .2394E-02 .2347E-02 .6861E-02 .3839E-03 .7245E-02 .6861E-02 .4701E-04 .9347E-03
.2450E+04 .5341E-01 .3197E-02 .2671E-04 .1120E-02 .1093E-02 .3197E-02 .1860E-03 .3383E-02 .3197E-02 .2671E-04 .4335E-03
.2455E+04 .5300E-01 .9420E-02 .5597E-04 .3278E-02 .3222E-02 .9420E-02 .5039E-03 .9924E-02 .9420E-02 .5597E-04 .1255E-02
.2460E+04 .5314E-01 .1387E-01 .8126E-04 .4825E-02 .4744E-02 .1387E-01 .7322E-03 .1460E-01 .1387E-01 .8126E-04 .1824E-02
.2465E+04 .5302E-01 .6839E-02 .4923E-04 .2388E-02 .2339E-02 .6839E-02 .3731E-03 .7212E-02 .6839E-02 .4923E-04 .8911E-03
.2470E+04 .5220E-01 .2294E-02 .2434E-04 .8089E-03 .7846E-03 .2294E-02 .1378E-03 .2432E-02 .2294E-02 .2434E-04 .2988E-03
.2475E+04 .5210E-01 .2780E-02 .2672E-04 .9776E-03 .9509E-03 .2780E-02 .1612E-03 .2941E-02 .2780E-02 .2672E-04 .3581E-03
.2480E+04 .5103E-01 .7738E-03 .9278E-05 .2739E-03 .2647E-03 .7738E-03 .4759E-04 .8214E-03 .7738E-03 .9278E-05 .9889E-04
.2485E+04 .5068E-01 .2631E-03 .5764E-05 .9575E-04 .8998E-04 .2631E-03 .2051E-04 .2836E-03 .2631E-03 .5764E-05 .3391E-04
.2490E+04 .5082E-01 .5932E-04 .2331E-05 .2262E-04 .2029E-04 .5932E-04 .6367E-05 .6568E-04 .5932E-04 .2331E-05 .7860E-05
.2495E+04 .5053E-01 .7025E-04 .2440E-05 .2647E-04 .2403E-04 .7025E-04 .6978E-05 .7722E-04 .7025E-04 .2440E-05 .9180E-05
.2500E+04 .5037E-01 .2788E-03 .5544E-05 .1009E-03 .9536E-04 .2788E-03 .2069E-04 .2995E-03 .2788E-03 .5544E-05 .3554E-04
