Start: 2026-06-26 14:15:40 | lat 44.530200 lon 14.470600
Temp: 39.17 C  ; Humidity: 17.50 %  ; Pressure: 1016.09 hPa
Reference voltage: 101.75 mV
Offset Calibration: 101.87 +/- 0.04 mV   101.74 +/- 0.04 mV
elevation,mean_ch0,stddev_ch0,mean_ch1,stddev_ch1,temp_c
[64.3541,400.2552,0.3346,126.2162,0.1662,39.8300]
[64.3541,400.1220,0.3191,126.2984,0.1233,39.9400]
[64.3541,399.8971,0.4175,126.2184,0.1505,39.9800]
[64.3541,399.6873,0.4037,126.2078,0.1290,39.9200]
[64.3541,399.3978,0.3008,126.1899,0.1107,39.7800]
[64.3541,399.1551,0.4150,126.3077,0.1039,39.6000]
[64.3541,399.4565,0.3702,126.3416,0.1731,39.4800]
[64.3541,399.4076,0.3357,126.3359,0.1350,39.3800]
[64.3541,398.8940,0.3365,126.2182,0.0979,39.3200]
[64.3541,399.0287,0.4528,126.3229,0.1253,39.1800]
[64.3541,125.8352,0.1204,387.6668,0.3439,39.1300]
[64.3541,125.8230,0.1187,387.6427,0.4146,39.1400]
[64.3541,125.9097,0.1578,387.8860,0.4888,39.0600]
[64.3541,125.8619,0.1355,387.8759,0.3660,39.0700]
[64.3541,125.8974,0.1264,388.0422,0.3575,39.0900]
[64.3541,125.8714,0.1299,387.9938,0.3886,39.0200]
[64.3541,125.9283,0.1100,388.0655,0.2890,39.0100]
[64.3541,125.9456,0.1302,388.2714,0.4333,39.0000]
[64.3541,125.9117,0.1318,388.0527,0.4720,38.9500]
[64.3541,125.8218,0.1427,387.6742,0.3372,39.0100]
[64.2926,411.6824,0.5850,129.1500,0.2957,38.8200]
[64.2926,413.4270,0.4219,129.8670,0.1338,38.6900]
[64.2926,413.5374,0.3209,129.9505,0.1212,38.7100]
[64.2926,413.9400,0.4871,130.0463,0.1695,38.6900]
[64.2926,413.9633,0.4250,130.0634,0.1498,38.7400]
[64.2926,413.8541,0.3225,130.0672,0.1058,38.8200]
[64.2926,413.9145,0.3541,130.0248,0.1411,38.9300]
[64.2926,413.9529,0.3288,130.0373,0.1337,38.9600]
[64.2926,413.9484,0.3688,130.0321,0.1095,38.9500]
[64.2926,413.8389,0.3424,129.9458,0.1319,39.0100]
[64.2926,127.9611,0.1498,397.1229,0.4612,38.8600]
[64.2926,127.8758,0.1276,396.9583,0.3289,38.8700]
[64.2926,127.9195,0.1305,397.0266,0.3118,38.9900]
[64.2926,127.8616,0.1263,397.0869,0.3462,39.0900]
[64.2926,127.7626,0.1549,396.9409,0.5358,39.1300]
[64.2926,127.7217,0.1060,397.1230,0.2556,38.9600]
[64.2926,127.6727,0.1376,397.0219,0.3709,39.0200]
[64.2926,127.6809,0.1618,397.2220,0.4888,39.0200]
[64.2926,127.5758,0.1177,397.2151,0.3758,38.8500]
[64.2926,127.5798,0.0996,397.3123,0.2833,38.9900]
[64.2309,413.2186,0.4245,130.3126,0.1434,38.8800]
[64.2309,413.1525,0.4616,130.3048,0.1602,38.8300]
[64.2309,413.2677,0.3697,130.3316,0.1276,38.8400]
[64.2309,413.4227,0.3158,130.3535,0.1174,38.7600]
[64.2309,413.0645,0.2425,130.2373,0.1023,38.7800]
[64.2309,413.1980,0.4610,130.2824,0.1766,38.8900]
[64.2309,413.4549,0.4726,130.3194,0.1573,38.8900]
[64.2309,413.3490,0.2817,130.3045,0.1168,38.9500]
[64.2309,413.4075,0.4237,130.2820,0.1734,39.0700]
[64.2309,413.5252,0.3875,130.3224,0.1401,39.1800]
[64.2309,130.3694,0.1550,397.2697,0.4154,39.3500]
[64.2309,130.3245,0.1829,397.1384,0.4172,39.4600]
[64.2309,130.2717,0.1205,397.0005,0.3272,39.4800]
[64.2309,130.3501,0.1325,397.2708,0.3252,39.5300]
[64.2309,130.2917,0.1148,397.2458,0.3498,39.6400]
[64.2309,130.3272,0.1141,397.2432,0.2698,39.7100]
[64.2309,130.2696,0.1177,397.1067,0.3611,39.7900]
[64.2309,130.2532,0.0934,397.2408,0.3260,39.8100]
[64.2309,130.2015,0.0991,397.0578,0.2548,39.7800]
[64.2309,130.2512,0.0977,397.1595,0.4206,39.6600]
[64.1708,413.8233,0.2341,130.3608,0.0899,39.6400]
[64.1708,414.0790,0.1513,130.4003,0.0473,39.4900]
[64.1708,413.7257,0.3326,130.3282,0.1147,39.4200]
[64.1708,413.9034,0.2604,130.3213,0.1109,39.1800]
[64.1708,414.0727,0.2450,130.3803,0.1089,39.2500]
[64.1708,414.0583,0.2672,130.3633,0.0876,39.0700]
[64.1708,413.9458,0.2945,130.3226,0.0949,39.0300]
[64.1708,414.1068,0.2954,130.3714,0.1012,38.9400]
[64.1708,414.3356,0.2648,130.4142,0.1168,38.9400]
[64.1708,414.3081,0.4507,130.3806,0.1556,38.8100]
[64.1708,127.3357,0.1031,395.7368,0.3696,38.8700]
[64.1708,127.2626,0.1082,395.5425,0.3163,38.8000]
[64.1708,127.2466,0.1333,395.6662,0.3473,38.7900]
[64.1708,127.2048,0.1545,395.8208,0.5544,38.7600]
[64.1708,127.1005,0.1388,395.5358,0.5767,38.8200]
[64.1708,127.0995,0.2031,395.6396,0.4722,38.8600]
[64.1708,127.1446,0.1064,395.8581,0.3054,38.9200]
[64.1708,127.0592,0.1329,395.7221,0.3928,38.9200]
[64.1708,127.0280,0.1494,395.7651,0.4738,38.9400]
[64.1708,127.0610,0.1430,395.9279,0.4083,39.0200]
[64.1065,403.6933,0.4971,125.4389,0.1423,39.1800]
[64.1065,403.2703,0.3506,125.3110,0.1373,39.3200]
[64.1065,403.2730,0.3316,125.3221,0.1169,39.4300]
[64.1065,403.0255,0.3443,125.2318,0.1138,39.4800]
[64.1065,402.8361,0.4901,125.1701,0.1564,39.5700]
[64.1065,403.1451,0.3364,125.2992,0.1243,39.7200]
[64.1065,402.9066,0.3431,125.1991,0.1407,39.8300]
[64.1065,402.7882,0.4343,125.1598,0.1529,39.8800]
[64.1065,402.7379,0.4933,125.1793,0.1914,39.9800]
[64.1065,402.8054,0.4857,125.1909,0.1343,40.1000]
[64.1065,124.6962,0.1192,385.5820,0.4293,40.2600]
[64.1065,124.5760,0.2206,385.1888,0.5824,40.3500]
[64.1065,124.7049,0.1375,385.7415,0.4351,40.2900]
[64.1065,124.6543,0.1403,385.4688,0.4045,40.3600]
[64.1065,124.5473,0.0917,385.2253,0.3096,40.4800]
[64.1065,124.5962,0.1416,385.3469,0.4517,40.5000]
[64.1065,124.6755,0.1628,385.6187,0.4643,40.4500]
[64.1065,124.5276,0.1317,385.2218,0.3560,40.4700]
[64.1065,124.4944,0.1148,385.1612,0.3412,40.4000]
[64.1065,124.5329,0.1451,385.3431,0.3633,40.4200]
[64.0458,402.6739,0.4104,124.0557,0.1200,40.5800]
[64.0458,402.5008,0.3572,123.9865,0.1026,40.6900]
[64.0458,402.8138,0.5241,124.1075,0.1618,40.7500]
[64.0458,402.6581,0.4192,124.0008,0.1450,40.7500]
[64.0458,402.6485,0.3295,124.0040,0.0806,40.8000]
[64.0458,402.7681,0.2946,124.0326,0.0881,40.8700]
[64.0458,402.6222,0.2258,123.9710,0.0993,40.9200]
[64.0458,402.7879,0.3015,124.0299,0.1069,40.8900]
[64.0458,403.0052,0.3223,124.0965,0.1044,40.8700]
[64.0458,402.9836,0.2932,124.0827,0.0866,40.7900]
[64.0458,123.6638,0.0956,384.2770,0.3085,40.7200]
[64.0458,123.7901,0.1020,384.7450,0.3121,40.7800]
[64.0458,123.7091,0.0918,384.5986,0.2619,40.7300]
[64.0458,123.7633,0.1623,384.6212,0.4544,40.7900]
[64.0458,123.8234,0.1101,385.0159,0.3937,40.6300]
[64.0458,123.8009,0.0860,384.9394,0.4378,40.5500]
[64.0458,123.8503,0.1079,385.1547,0.3101,40.2800]
[64.0458,123.7927,0.1337,385.0628,0.3385,40.3800]
[64.0458,123.7402,0.0696,384.9941,0.2481,40.1800]
[64.0458,123.7992,0.1182,385.0633,0.1787,40.1000]
[63.9828,403.8765,0.2433,125.2389,0.0920,40.0400]
[63.9828,404.0350,0.2649,125.2918,0.1129,39.8900]
[63.9828,403.9405,0.2604,125.2735,0.0668,39.8800]
[63.9828,404.1349,0.2935,125.3030,0.0942,39.8000]
[63.9828,403.7404,0.5004,125.1858,0.1641,39.8400]
[63.9828,403.8422,0.2659,125.1737,0.0691,39.8800]
[63.9828,404.0208,0.3897,125.2363,0.1409,39.9400]
[63.9828,404.0357,0.3268,125.2248,0.1327,39.9500]
[63.9828,403.9673,0.7145,125.1951,0.1712,39.9600]
[63.9828,403.9149,0.2663,125.1642,0.0790,39.9600]
[63.9828,125.8791,0.1552,388.0818,0.4002,40.0400]
[63.9828,125.9459,0.1560,388.3372,0.3350,40.1200]
[63.9828,125.9952,0.0937,388.4244,0.3325,40.2400]
[63.9828,125.9558,0.1303,388.3981,0.3994,40.3600]
[63.9828,125.9753,0.1175,388.4966,0.3910,40.4600]
[63.9828,125.9595,0.0966,388.3137,0.3455,40.5300]
[63.9828,125.9597,0.1320,388.4182,0.4052,40.5800]
[63.9828,126.0453,0.1005,388.6518,0.3441,40.6500]
[63.9828,126.0315,0.1107,388.6349,0.2870,40.7400]
[63.9828,126.0549,0.1192,388.6514,0.3871,40.7600]
[63.9216,399.6696,0.4233,125.1409,0.1312,40.8200]
[63.9216,399.8593,0.4089,125.2446,0.1213,40.6300]
[63.9216,399.9014,0.4493,125.2766,0.1175,40.6700]
[63.9216,399.8923,0.4592,125.2584,0.1512,40.6900]
[63.9216,399.8598,0.3857,125.3316,0.1349,40.7100]
[63.9216,400.0041,0.2733,125.3884,0.0729,40.7500]
[63.9216,399.7605,0.3328,125.3298,0.1202,40.7200]
[63.9216,399.9781,0.3958,125.4190,0.1296,40.8000]
[63.9216,399.7456,0.5562,125.3061,0.1178,40.8400]
[63.9216,400.6521,0.6689,125.3686,0.1371,40.8100]
[63.9216,124.3624,0.1933,379.2208,0.3300,40.8600]
[63.9216,124.3943,0.1148,379.1724,0.2827,40.7700]
[63.9216,127.1739,1.0367,386.8134,2.8558,40.7200]
[63.9216,127.6665,0.2282,389.4709,0.8905,40.5400]
[63.9216,127.3468,0.5406,387.2423,4.6413,40.5600]
[63.9216,127.6936,0.1225,390.4250,0.3770,40.6500]
[63.9216,127.7092,0.1043,390.5041,0.3031,40.6600]
[63.9216,127.7271,0.1537,390.6880,0.4152,40.7500]
[63.9216,127.6747,0.1157,390.4017,0.4666,40.7800]
[63.9216,127.6684,0.1151,390.4944,0.2965,40.8500]
[63.8581,403.5794,0.3658,126.4964,0.0853,40.9200]
[63.8581,403.5638,0.3135,126.5275,0.1036,40.8400]
[63.8581,403.7663,0.3322,126.5756,0.0907,40.7400]
[63.8581,404.0430,0.3860,126.6271,0.0921,40.7000]
[63.8581,404.1746,0.2562,126.6357,0.0934,40.6400]
[63.8581,404.1807,0.2042,126.6365,0.0790,40.6100]
[63.8581,404.2712,0.2496,126.6645,0.0690,40.6700]
[63.8581,404.5751,0.5759,126.7110,0.1638,40.6900]
[63.8581,404.6305,0.4532,126.7439,0.1394,40.5100]
[63.8581,404.5561,0.3686,126.6485,0.1005,40.3200]
[63.8581,126.0053,0.0907,386.9004,0.2373,40.0300]
[63.8581,125.9643,0.0714,386.6918,0.2358,39.9100]
[63.8581,125.9564,0.0723,386.7414,0.2496,39.8200]
[63.8581,127.5328,0.9791,386.2032,2.4764,39.9000]
[63.8581,128.0710,0.5631,386.7707,2.8877,39.8900]
[63.8581,127.9684,0.0789,383.2147,0.2369,39.8500]
[63.8581,127.9565,0.0931,383.0935,0.2804,39.7400]
[63.8581,127.9398,0.0634,383.0208,0.2234,39.7000]
[63.8581,127.8919,0.0606,382.8109,0.2074,39.6100]
[63.8581,127.9748,0.0733,382.6609,0.2429,39.5900]
[63.7942,399.8205,0.1638,126.1662,0.0559,39.5800]
[63.7942,399.5027,0.2109,126.1123,0.0782,39.5600]
[63.7942,399.8110,0.3155,126.1889,0.1006,39.6500]
[63.7942,399.6974,0.1619,126.1804,0.0653,39.6900]
[63.7942,399.7102,0.2190,126.2154,0.0909,39.6200]
[63.7942,399.7936,0.2004,126.2492,0.0601,39.6300]
[63.7942,399.8209,0.1773,126.2306,0.0575,39.6400]
[63.7942,399.8969,0.2438,126.2505,0.0979,39.6200]
[63.7942,399.7916,0.2957,126.2599,0.1024,39.4200]
[63.7942,399.5470,0.4130,126.1492,0.1631,39.4200]
[63.7942,127.1957,0.0791,389.0445,0.2547,39.6700]
[63.7942,127.1181,0.1248,388.8190,0.3773,39.7600]
[63.7942,127.1064,0.1146,388.7466,0.3005,39.9000]
[63.7942,127.1352,0.0744,388.6986,0.2863,40.0300]
[63.7942,127.1244,0.1428,388.6151,0.3952,40.1500]
[63.7942,127.1458,0.1445,388.5595,0.4451,40.2700]
[63.7942,127.2029,0.1420,388.5904,0.3802,40.3800]
[63.7942,127.0734,0.1034,388.2002,0.3371,40.4700]
[63.7942,127.1563,0.1232,388.2791,0.4752,40.5100]
[63.7942,127.1794,0.1238,388.2366,0.3226,40.5600]
[63.7321,401.3330,0.3137,126.0452,0.1040,40.6800]
[63.7321,401.4966,0.3541,126.0879,0.1392,40.6900]
[63.7321,401.4743,0.2967,126.0886,0.0783,40.7300]
[63.7321,401.5372,0.2531,126.1025,0.0770,40.7000]
[63.7321,401.6136,0.4248,126.1552,0.1509,40.6600]
[63.7321,401.5609,0.3884,126.0655,0.1281,40.6400]
[63.7321,401.7889,0.3901,126.0732,0.1356,40.7200]
[63.7321,401.9506,0.3778,126.1478,0.1198,40.7900]
[63.7321,401.9771,0.3271,126.1398,0.1208,40.8700]
[63.7321,402.2999,0.3822,126.1728,0.1290,40.9500]
[63.7321,125.1767,0.1467,388.1280,0.3679,41.0000]
[63.7321,125.1728,0.1335,388.2490,0.4907,41.0300]
[63.7321,125.0662,0.1838,388.1628,0.5442,41.1500]
[63.7321,125.1429,0.1084,388.2438,0.4417,41.2400]
[63.7321,124.9969,0.1166,388.1542,0.3116,41.3200]
[63.7321,125.0206,0.0770,388.4615,0.2798,41.4100]
[63.7321,124.9854,0.1034,388.3365,0.3282,41.4700]
[63.7321,124.9785,0.0664,388.3430,0.2112,41.4400]
[63.7321,125.0036,0.1255,388.5045,0.2671,41.3400]
[63.7321,124.9156,0.1349,388.4343,0.5107,41.3000]
[63.6678,400.7929,0.3644,125.1929,0.1383,41.0600]
[63.6678,400.9724,0.3688,125.2349,0.1225,41.0500]
[63.6678,401.2010,0.3914,125.3176,0.1226,40.8800]
[63.6678,400.9664,0.2343,125.2706,0.0822,41.0000]
[63.6678,401.1190,0.2765,125.2654,0.0863,41.1500]
[63.6678,401.3700,0.3060,125.3373,0.1154,41.2300]
[63.6678,401.1982,0.2770,125.2691,0.0845,41.3000]
[63.6678,401.1551,0.3725,125.2308,0.1166,41.3500]
[63.6678,401.1756,0.3674,125.2375,0.1020,41.4200]
[63.6678,401.1948,0.4256,125.2150,0.1258,41.4400]
[63.6678,124.1931,0.0958,388.8997,0.3459,41.5200]
[63.6678,124.0933,0.0980,388.7711,0.2321,41.5900]
[63.6678,124.2183,0.0718,389.1119,0.3725,41.6400]
[63.6678,124.1305,0.0726,389.0160,0.3212,41.6000]
[63.6678,124.2450,0.1289,389.5493,0.3630,41.5000]
[63.6678,124.1851,0.1069,389.4259,0.2866,41.4500]
[63.6678,124.2571,0.1510,389.7389,0.4466,41.3100]
[63.6678,124.2800,0.1022,389.8547,0.2001,41.2400]
[63.6678,124.1866,0.1013,389.6689,0.2006,41.1800]
[63.6678,124.1164,0.0613,389.6345,0.1864,40.9600]
[63.6051,397.2439,0.3981,126.7221,0.1075,41.0100]
[63.6051,397.0332,0.2026,126.6278,0.0821,40.9800]
[63.6051,396.9970,0.2282,126.6416,0.1130,40.7800]
[63.6051,397.1362,0.2403,126.7078,0.1059,40.6200]
[63.6051,396.9067,0.3166,126.6145,0.1030,40.5400]
[63.6051,397.2993,0.3476,126.7261,0.1322,40.4000]
[63.6051,396.7267,0.4556,126.5680,0.1394,40.3700]
[63.6051,397.0896,0.3613,126.6518,0.1096,40.3700]
[63.6051,397.1520,0.4584,126.6631,0.1394,40.4500]
[63.6051,397.0175,0.5663,126.6231,0.1682,40.5000]
[63.6051,125.4147,0.1253,386.5936,0.3700,40.7000]
[63.6051,125.3336,0.1632,386.3199,0.3522,40.7600]
[63.6051,125.4049,0.1402,386.5138,0.4388,40.7600]
[63.6051,125.3621,0.1236,386.4785,0.4290,40.6800]
[63.6051,125.4966,0.1277,386.9382,0.3779,40.6300]
[63.6051,125.4252,0.1112,386.7912,0.3662,40.6400]
[63.6051,125.4002,0.1270,386.6818,0.4340,40.4800]
[63.6051,125.5224,0.1094,387.0381,0.3009,40.3800]
[63.6051,125.5526,0.0974,387.1893,0.2679,40.3700]
[63.6051,125.3904,0.0992,386.7232,0.3049,40.3900]
[63.5402,409.3692,0.2890,125.9527,0.0810,40.0400]
[63.5402,409.2509,0.3875,125.9155,0.1385,39.9000]
[63.5402,409.3313,0.4780,125.9285,0.1674,39.8800]
[63.5402,409.6404,0.5271,126.0543,0.1896,39.8200]
[63.5402,409.2295,0.3140,125.9030,0.1153,39.8400]
[63.5402,409.0790,0.4960,125.8712,0.1688,39.9200]
[63.5402,409.2649,0.3902,125.9648,0.1277,39.9900]
[63.5402,409.5489,0.4634,126.0382,0.1218,40.0600]
[63.5402,409.2165,0.4686,126.0056,0.1538,40.0700]
[63.5402,409.2156,0.3087,125.9819,0.1006,40.1700]
[63.5402,127.4917,0.0944,390.0075,0.2234,40.3100]
[63.5402,127.4661,0.0981,389.9844,0.2979,40.3800]
[63.5402,127.4879,0.0997,389.9694,0.3461,40.3500]
[63.5402,127.4414,0.1119,390.0077,0.3535,40.3500]
[63.5402,127.3853,0.0925,389.8011,0.3398,40.4400]
[63.5402,127.3941,0.1367,389.8098,0.3921,40.4300]
[63.5402,127.4909,0.1317,390.1340,0.3872,40.3600]
[63.5402,127.4507,0.1112,390.0373,0.2806,40.4300]
[63.5402,127.4241,0.0793,390.0314,0.2575,40.3700]
[63.5402,127.4714,0.1012,390.1133,0.3190,40.4700]
[63.4749,399.3620,0.3510,123.4622,0.1362,40.6900]
[63.4749,399.2165,0.2838,123.4108,0.1298,40.7800]
[63.4749,399.2455,0.2940,123.4327,0.1220,40.8200]
[63.4749,399.2823,0.2273,123.4937,0.0767,40.9100]
[63.4749,399.2951,0.4455,123.4553,0.1334,40.9800]
[63.4749,399.1621,0.2170,123.4530,0.0823,41.0300]
[63.4749,399.2213,0.2304,123.4797,0.0910,41.0500]
[63.4749,399.0786,0.3111,123.4288,0.0804,41.1700]
[63.4749,399.1005,0.3145,123.4345,0.1130,41.2000]
[63.4749,399.2154,0.3195,123.4391,0.0875,41.2300]
[63.4749,123.0825,0.0959,380.6122,0.2685,41.0400]
[63.4749,123.1681,0.0777,380.7925,0.3014,41.1400]
[63.4749,123.1171,0.0451,380.7142,0.1604,41.1300]
[63.4749,123.1178,0.1100,380.7326,0.3725,41.1200]
[63.4749,122.9025,0.1205,380.5077,0.3419,41.1300]
[63.4749,123.0806,0.1212,380.8620,0.3933,41.0200]
[63.4749,122.9895,0.0981,380.8364,0.2379,40.7900]
[63.4749,123.0061,0.1107,380.7019,0.2568,40.8100]
[63.4749,123.0203,0.1398,380.8513,0.3525,40.9300]
[63.4749,122.9947,0.1056,380.7300,0.3700,40.9700]
[63.4094,403.1760,0.2458,123.8619,0.0687,41.1300]
[63.4094,403.3596,0.2899,123.9095,0.1008,41.0700]
[63.4094,403.0832,0.3239,123.8764,0.1135,40.9400]
[63.4094,403.4302,0.2370,123.9779,0.0765,40.8400]
[63.4094,403.5009,0.2659,124.0608,0.1114,40.4900]
[63.4094,403.1314,0.1549,123.9352,0.0794,40.4800]
[63.4094,403.2005,0.2872,123.9012,0.0924,40.6100]
[63.4094,403.0376,0.2967,123.8858,0.1336,40.5000]
[63.4094,402.8939,0.2992,123.8407,0.0770,40.6000]
[63.4094,403.2156,0.2990,123.9373,0.1066,40.5500]
[63.4094,124.7466,0.0890,385.0706,0.2868,40.7200]
[63.4094,124.6935,0.1003,384.7480,0.3306,40.7400]
[63.4094,124.5699,0.0913,384.4885,0.2245,40.6300]
[63.4094,124.6076,0.1386,384.5977,0.3802,40.7000]
[63.4094,124.6553,0.0867,384.6792,0.1602,40.6900]
[63.4094,124.6185,0.0865,384.5861,0.3159,40.7200]
[63.4094,124.6843,0.1009,384.7783,0.2617,40.8200]
[63.4094,124.6374,0.1113,384.6748,0.3439,40.8600]
[63.4094,124.6608,0.1049,384.8067,0.3127,40.9600]
[63.4094,124.6694,0.1042,384.7985,0.2873,41.0300]
[63.3437,404.8207,0.1837,123.9807,0.0631,41.1100]
[63.3437,404.9038,0.2305,124.0076,0.0891,40.8500]
[63.3437,405.0079,0.2448,124.0315,0.0769,40.7300]
[63.3437,404.9847,0.3454,124.0241,0.1162,40.6000]
[63.3437,405.1049,0.3023,124.0649,0.1127,40.4100]
[63.3437,404.7774,0.2012,123.9821,0.0770,40.5400]
[63.3437,404.7065,0.2320,123.9549,0.0716,40.6700]
[63.3437,404.6382,0.3435,123.9505,0.1077,40.6400]
[63.3437,404.3507,0.3747,123.9042,0.1261,40.4900]
[63.3437,404.7928,0.3993,123.9957,0.1240,40.4300]
[63.3437,124.6668,0.1589,384.4224,0.4075,40.5200]
[63.3437,124.6475,0.1058,384.4488,0.2913,40.4100]
[63.3437,124.6944,0.1025,384.4626,0.2758,40.3700]
[63.3437,124.6462,0.1161,384.3372,0.3218,40.2500]
[63.3437,124.6371,0.1064,384.2744,0.2384,40.2600]
[63.3437,124.6708,0.1716,384.3566,0.4580,40.2800]
[63.3437,124.6614,0.2014,384.4344,0.6408,40.3800]
[63.3437,124.6190,0.1317,384.1975,0.3790,40.3700]
[63.3437,124.6868,0.0801,384.4692,0.2067,40.4400]
[63.3437,124.7035,0.0829,384.3982,0.2593,40.4700]
[63.2776,404.2218,0.3874,123.8655,0.1388,40.4600]
[63.2776,404.3998,0.3600,123.8993,0.1248,40.3800]
[63.2776,404.1956,0.2354,123.8478,0.0896,40.3800]
[63.2776,404.2019,0.2475,123.8027,0.0928,40.4400]
[63.2776,404.2487,0.3999,123.8423,0.1067,40.4900]
[63.2776,403.8222,0.2982,123.7441,0.1161,40.4200]
[63.2776,404.1015,0.2567,123.8286,0.0728,40.3400]
[63.2776,404.0897,0.2955,123.8300,0.1250,40.2200]
[63.2776,403.9484,0.3150,123.8025,0.0870,40.2300]
[63.2776,404.1172,0.3576,123.8734,0.1233,40.1700]
[63.2776,124.5496,0.0528,384.5599,0.1735,40.0900]
[63.2776,124.5390,0.0654,384.5424,0.2499,40.0700]
[63.2776,124.5537,0.0837,384.6395,0.2255,40.1200]
[63.2776,124.6384,0.0898,384.7479,0.2614,40.0600]
[63.2776,124.6210,0.0991,384.7649,0.2811,40.0300]
[63.2776,124.5933,0.0898,384.6517,0.3176,39.9700]
[63.2776,124.5422,0.1365,384.6142,0.3101,39.9600]
[63.2776,124.6536,0.1119,384.8300,0.3055,40.0100]
[63.2776,124.5611,0.1273,384.6528,0.4889,40.0900]
[63.2776,124.6189,0.1122,384.8090,0.4194,40.1900]
[63.2113,404.2275,0.3154,123.9295,0.1094,40.2200]
[63.2113,404.0396,0.3515,123.8610,0.1353,40.1200]
[63.2113,404.0909,0.2101,123.8841,0.0923,40.2200]
[63.2113,404.1085,0.4106,123.9206,0.1385,40.2000]
[63.2113,403.7775,0.3323,123.8135,0.1095,40.3100]
[63.2113,403.7262,0.2832,123.8264,0.1070,40.3100]
[63.2113,403.6802,0.3061,123.8112,0.0896,40.3700]
[63.2113,403.7655,0.3560,123.8663,0.0893,40.4500]
[63.2113,403.9147,0.3736,123.8880,0.1032,40.4700]
[63.2113,403.7768,0.3620,123.9774,0.1360,40.5100]
[63.2113,124.5020,0.0813,384.4431,0.2469,40.2800]
[63.2113,124.4051,0.1141,384.1022,0.2619,40.4100]
[63.2113,124.4244,0.0968,384.1925,0.3165,40.4800]
[63.2113,124.4382,0.1145,384.2054,0.2693,40.5200]
[63.2113,124.4961,0.1562,384.5296,0.3544,40.4500]
[63.2113,124.4159,0.1095,384.1994,0.3286,40.4700]
[63.2113,124.3714,0.1336,384.0739,0.3444,40.3800]
[63.2113,124.3507,0.1107,384.0115,0.3381,40.3300]
[63.2113,124.4638,0.0724,384.2899,0.2434,40.1900]
[63.2113,124.3371,0.1073,383.9727,0.3673,40.1800]
[63.1447,403.9903,0.3126,123.8475,0.1101,40.1400]
[63.1447,404.0158,0.2446,123.9221,0.0948,40.2200]
[63.1447,403.7302,0.2796,123.8569,0.0784,40.2900]
[63.1447,403.8869,0.4038,123.8623,0.1277,40.3000]
[63.1447,403.9420,0.2957,123.8967,0.1067,40.2700]
[63.1447,404.0173,0.3806,123.9821,0.0962,40.0600]
[63.1447,403.8229,0.4587,123.8897,0.1336,40.1200]
[63.1447,403.8636,0.3158,123.8662,0.1006,40.1500]
[63.1447,403.9420,0.3316,123.9038,0.0992,39.9700]
[63.1447,403.9059,0.3140,123.9132,0.0864,40.0400]
[63.1447,124.3935,0.1358,384.2398,0.4199,39.9200]
[63.1447,124.4543,0.1638,384.4672,0.5162,39.9900]
[63.1447,124.4407,0.0783,384.4848,0.2608,40.0900]
[63.1447,124.4895,0.1355,384.5551,0.2865,40.1600]
[63.1447,124.4820,0.0866,384.5040,0.2461,40.2700]
[63.1447,124.4949,0.1097,384.6295,0.2862,40.3500]
[63.1447,124.5618,0.0831,384.7357,0.1962,40.3400]
[63.1447,124.5038,0.1113,384.5995,0.3356,40.4300]
[63.1447,124.4697,0.1150,384.5924,0.2911,40.5100]
[63.1447,124.4774,0.1063,384.5774,0.3721,40.5800]
[63.0799,404.0261,0.3518,124.1916,0.1033,40.5200]
[63.0799,403.9423,0.3155,124.1252,0.1013,40.4300]
[63.0799,403.8627,0.2005,124.1523,0.0694,40.4600]
[63.0799,403.9851,0.2136,124.1821,0.0933,40.3700]
[63.0799,403.6728,0.2787,124.1389,0.0796,40.3000]
[63.0799,403.7332,0.2614,124.1989,0.0779,40.1800]
[63.0799,403.7270,0.2500,124.1715,0.0855,40.0300]
[63.0799,403.6306,0.2507,124.1631,0.1077,39.8600]
[63.0799,403.6479,0.2069,124.1559,0.0750,39.6400]
[63.0799,403.4473,0.3287,124.2355,0.0819,39.4900]
[63.0799,124.3468,0.0554,384.1825,0.1272,39.4800]
[63.0799,124.4630,0.0414,384.4745,0.1580,39.3800]
[63.0799,124.4161,0.0542,384.3766,0.2152,39.4400]
[63.0799,124.4085,0.0679,384.3586,0.1622,39.3500]
[63.0799,124.3534,0.0732,384.1754,0.2110,39.3300]
[63.0799,124.2791,0.1047,384.0089,0.3523,39.3000]
[63.0799,124.3408,0.1004,384.0865,0.2464,39.2500]
[63.0799,124.3761,0.0828,384.1969,0.2644,39.1600]
[63.0799,124.3694,0.0608,384.1229,0.2047,39.0800]
[63.0799,124.3735,0.1247,384.1969,0.2609,39.0300]
[63.0128,401.3324,0.1964,123.6872,0.0764,38.9400]
[63.0128,401.1981,0.2027,123.6529,0.0558,38.9700]
[63.0128,401.1761,0.3024,123.6464,0.0903,38.9200]
[63.0128,401.0242,0.2793,123.6100,0.0786,38.9400]
[63.0128,400.9480,0.2731,123.5750,0.1014,38.8700]
[63.0128,401.0389,0.2574,123.6357,0.0943,38.8900]
[63.0128,400.9199,0.2539,123.5580,0.1066,38.8500]
[63.0128,400.7506,0.2905,123.5598,0.0778,38.7700]
[63.0128,400.7505,0.3704,123.5798,0.1185,38.6700]
[63.0128,400.7109,0.4637,123.5766,0.1553,38.7200]
[63.0128,124.2109,0.0762,383.9637,0.2011,38.8600]
[63.0128,124.1986,0.0708,383.9385,0.2407,38.9000]
[63.0128,124.1238,0.1022,383.7348,0.2181,38.9500]
[63.0128,124.1729,0.0975,383.9040,0.2457,38.9200]
[63.0128,124.2154,0.1017,383.9828,0.2889,38.9800]
[63.0128,124.1312,0.0887,383.7206,0.2555,38.9400]
[63.0128,124.1380,0.0774,383.7243,0.2706,38.9500]
[63.0128,124.0712,0.0939,383.6638,0.2643,39.0100]
[63.0128,124.0583,0.1259,383.6296,0.3762,39.0300]
[63.0128,124.0938,0.1070,383.6878,0.2646,38.9800]
[62.9454,399.7217,0.3966,123.7893,0.1249,39.0100]
[62.9454,399.8968,0.3394,123.9085,0.0990,38.9800]
[62.9454,399.8792,0.2733,123.8901,0.1219,39.0200]
[62.9454,399.8761,0.3974,123.8709,0.1206,39.0700]
[62.9454,399.8342,0.3745,123.8841,0.1077,39.1800]
[62.9454,400.0240,0.3281,123.9864,0.1031,39.2100]
[62.9454,400.1199,0.3569,124.0082,0.1004,39.3400]
[62.9454,399.9229,0.3667,123.9476,0.1334,39.4500]
[62.9454,399.9339,0.3157,124.0286,0.1087,39.5600]
[62.9454,400.0936,0.3211,124.0099,0.0823,39.6900]
[62.9454,124.0875,0.1326,384.6737,0.4738,39.7400]
[62.9454,124.1201,0.1136,384.7629,0.2019,39.8900]
[62.9454,124.0979,0.0958,384.7589,0.2625,39.9500]
[62.9454,124.1026,0.0951,384.8447,0.2227,40.0200]
[62.9454,124.1224,0.0901,384.9265,0.3078,40.0800]
[62.9454,124.1066,0.1095,384.8437,0.3517,40.1800]
[62.9454,124.0343,0.1442,384.6679,0.4988,40.2800]
[62.9454,124.0509,0.1588,384.7540,0.5067,40.3500]
[62.9454,124.0667,0.0908,384.7188,0.3500,40.3500]
[62.9454,124.0317,0.0827,384.8490,0.2357,40.2700]
[62.8778,403.2817,0.2972,122.9410,0.0879,40.1600]
[62.8778,403.1701,0.3410,122.9562,0.0887,40.1200]
[62.8778,403.1118,0.2342,122.9056,0.0841,40.0200]
[62.8778,402.9226,0.4343,122.9037,0.1173,39.9900]
[62.8778,403.0614,0.2083,122.8658,0.0854,40.0800]
[62.8778,403.1166,0.3447,122.9020,0.1086,40.1400]
[62.8778,402.7468,0.2823,122.7983,0.0955,40.0800]
[62.8778,402.6986,0.2128,122.7921,0.0679,40.1700]
[62.8778,402.6414,0.3089,122.7674,0.0960,40.0900]
[62.8778,402.8247,0.2359,122.8299,0.0770,40.0000]
[62.8778,123.7538,0.1101,383.5906,0.3016,40.0200]
[62.8778,123.7047,0.1014,383.4636,0.2234,40.0200]
[62.8778,123.6873,0.0972,383.3898,0.2775,40.0300]
[62.8778,123.8138,0.0761,383.7519,0.1894,39.9700]
[62.8778,123.7449,0.1135,383.6761,0.3591,40.0300]
[62.8778,123.7458,0.1263,383.7292,0.2745,40.1200]
[62.8778,123.7864,0.1089,383.7445,0.2784,40.1300]
[62.8778,123.9334,0.1048,384.3081,0.1941,40.1800]
[62.8778,123.8899,0.1651,384.0925,0.5792,40.2300]
[62.8778,123.8521,0.0945,384.0044,0.3508,40.2900]
[62.8099,398.3568,0.4363,121.1594,0.1475,40.4500]
[62.8099,398.5871,0.6030,121.1989,0.2060,40.5600]
[62.8099,398.6671,0.6134,121.2547,0.1708,40.7100]
[62.8099,398.4000,0.4178,121.1749,0.1462,40.7600]
[62.8099,398.4705,0.7823,121.1930,0.2786,40.7700]
[62.8099,398.2230,0.5985,121.1855,0.2153,40.8600]
[62.8099,398.7122,0.4279,121.2991,0.1562,40.7500]
[62.8099,398.3233,0.3273,121.1446,0.1119,40.6400]
[62.8099,398.4143,0.3901,121.1902,0.1188,40.8200]
[62.8099,398.4547,0.4265,121.1907,0.1424,40.9600]
[62.8099,121.2345,0.1391,379.2022,0.3772,41.0300]
[62.8099,121.3312,0.1540,379.5509,0.4123,41.0200]
[62.8099,121.3143,0.1483,379.4217,0.3806,40.8200]
[62.8099,121.2548,0.1307,379.3857,0.3282,40.6900]
[62.8099,121.2814,0.1494,379.3395,0.4089,40.8300]
[62.8099,121.3132,0.1382,379.4875,0.3999,40.8800]
[62.8099,121.2836,0.1269,379.4329,0.3672,40.9400]
[62.8099,121.2675,0.1068,379.4683,0.3103,41.0300]
[62.8099,121.2656,0.1237,379.4807,0.4128,41.1100]
[62.8099,121.1696,0.1185,379.1808,0.4578,41.1000]
[62.7417,400.4182,0.3414,121.8853,0.1099,41.0500]
[62.7417,400.6923,0.2420,121.9002,0.0985,41.0800]
[62.7417,400.5999,0.2242,121.8939,0.0949,41.2000]
[62.7417,400.2586,0.2928,121.8524,0.1305,41.2300]
[62.7417,400.4817,0.3488,121.9107,0.1070,41.2600]
[62.7417,400.3793,0.3773,121.8834,0.1141,41.2600]
[62.7417,400.7056,0.3353,121.9864,0.0970,41.2200]
[62.7417,400.5995,0.2855,121.9735,0.0876,41.1000]
[62.7417,400.7427,0.2132,122.0478,0.0925,40.9900]
[62.7417,400.6022,0.2669,122.0066,0.1051,40.9900]
[62.7417,121.3587,0.1145,379.8427,0.3544,40.9400]
[62.7417,121.4099,0.1190,379.9329,0.3952,40.9900]
[62.7417,121.3933,0.1007,379.7847,0.2802,40.9400]
[62.7417,121.4047,0.1352,379.8427,0.3900,40.8500]
[62.7417,121.3937,0.1329,379.9099,0.3475,40.7100]
[62.7417,121.3386,0.1428,379.6802,0.4157,40.5900]
[62.7417,121.4168,0.1183,379.9069,0.3152,40.4700]
[62.7417,121.4186,0.1617,379.9332,0.4327,40.3900]
[62.7417,121.3877,0.1115,379.7555,0.3498,40.3000]
[62.7417,121.4425,0.1225,380.0042,0.3328,40.2000]
[62.6733,400.6773,0.4665,122.0231,0.1511,40.1300]
[62.6733,400.6273,0.3608,122.0261,0.1378,40.0900]
[62.6733,400.6667,0.3851,121.9993,0.1203,40.1600]
[62.6733,400.7567,0.4147,122.0096,0.0883,40.1200]
[62.6733,400.8336,0.3258,122.0565,0.0892,40.1500]
[62.6733,400.7724,0.2400,122.0343,0.1166,40.1800]
[62.6733,400.8316,0.4074,122.0043,0.1225,40.2200]
[62.6733,400.6737,0.3751,121.9666,0.1200,40.2100]
[62.6733,400.5909,0.3274,121.9648,0.1205,40.3200]
[62.6733,400.8456,0.2973,122.0199,0.1192,40.3600]
[62.6733,121.8743,0.1671,380.3601,0.4477,40.4800]
[62.6733,121.8043,0.1072,380.1601,0.2673,40.5900]
[62.6733,121.7740,0.1227,380.2269,0.3026,40.7200]
[62.6733,121.7929,0.1628,380.3017,0.4547,40.8300]
[62.6733,121.7829,0.1660,380.3631,0.4265,40.8800]
[62.6733,121.8121,0.1354,380.3387,0.4473,40.7700]
[62.6733,121.7832,0.2130,380.1694,0.6571,40.7100]
[62.6733,121.7638,0.1619,380.2574,0.4980,40.7200]
[62.6733,121.7588,0.1416,380.2526,0.4669,40.7700]
[62.6733,121.6922,0.1475,380.0469,0.3864,40.8300]
[62.6046,396.8553,0.4102,120.7174,0.1525,40.7700]
[62.6046,397.1250,0.5111,120.8137,0.1795,40.6900]
[62.6046,397.0048,0.5939,120.7514,0.1690,40.6500]
[62.6046,396.9964,0.3802,120.7671,0.1236,40.6700]
[62.6046,396.7665,0.3381,120.7014,0.1210,40.5400]
[62.6046,396.7823,0.3291,120.6867,0.1235,40.5000]
[62.6046,396.6797,0.3339,120.6675,0.1128,40.5100]
[62.6046,396.8245,0.4147,120.7179,0.1341,40.3500]
[62.6046,396.9773,0.2553,120.7639,0.0844,40.2600]
[62.6046,397.0056,0.2775,120.8010,0.0937,40.1300]
[62.6046,117.5971,0.0884,375.8963,0.2120,39.9900]
[62.6046,117.5487,0.0995,375.7591,0.2474,39.8600]
[62.6046,117.5587,0.1335,375.9314,0.3317,39.8500]
[62.6046,117.5474,0.0940,375.9661,0.2708,39.8500]
[62.6046,117.5164,0.0850,376.0241,0.1778,39.6900]
[62.6046,117.5470,0.1068,376.0469,0.2291,39.7200]
[62.6046,117.5161,0.0885,375.9863,0.2197,39.7300]
[62.6046,117.4450,0.0892,375.9907,0.1835,39.6600]
[62.6046,117.4363,0.1142,375.9270,0.2908,39.6300]
[62.6046,117.3906,0.0789,375.7311,0.2449,39.5800]
[62.5357,399.9898,0.3823,122.3487,0.1210,39.5400]
[62.5357,400.0003,0.4695,122.3389,0.1357,39.5600]
[62.5357,399.9793,0.2771,122.3418,0.1079,39.6100]
[62.5357,400.0138,0.4764,122.3283,0.1529,39.6400]
[62.5357,400.0589,0.3987,122.3378,0.1253,39.6700]
[62.5357,399.9173,0.3605,122.3137,0.0994,39.6200]
[62.5357,399.8051,0.3954,122.2409,0.1314,39.6900]
[62.5357,399.5371,0.4345,122.1867,0.1208,39.7800]
[62.5357,399.4720,0.4647,122.1530,0.1640,39.8500]
[62.5357,399.4284,0.3077,122.1338,0.1144,39.9700]
[62.5357,119.6739,0.1095,374.2808,0.3101,40.0700]
[62.5357,119.6260,0.1246,374.1752,0.3666,40.1700]
[62.5357,119.5998,0.1026,374.2696,0.2817,40.2900]
[62.5357,119.6181,0.1196,374.2693,0.2209,40.4100]
[62.5357,119.6049,0.1027,374.3095,0.2827,40.5500]
[62.5357,119.6559,0.1148,374.5761,0.4422,40.4600]
[62.5357,119.6132,0.1889,374.3383,0.3357,40.5600]
[62.5357,119.6312,0.1262,374.4564,0.3312,40.5800]
[62.5357,119.7127,0.1081,374.6581,0.3563,40.4700]
[62.5357,119.7424,0.1030,374.7517,0.2768,40.4200]
[62.4665,397.2537,0.3846,119.0984,0.1220,40.3100]
[62.4665,397.3887,0.4024,119.1475,0.1395,40.2900]
[62.4665,397.3529,0.2523,119.1264,0.1255,40.3700]
[62.4665,397.4664,0.2648,119.1423,0.1240,40.4000]
[62.4665,397.4400,0.2546,119.1384,0.1091,40.3800]
[62.4665,397.4734,0.3546,119.1912,0.1320,40.5100]
[62.4665,397.5581,0.3747,119.1766,0.1205,40.4700]
[62.4665,397.4326,0.2725,119.1524,0.1074,40.4600]
[62.4665,397.4677,0.3374,119.1701,0.1181,40.5400]
[62.4665,397.4266,0.2708,119.1345,0.0926,40.5500]
[62.4665,118.0619,0.0984,374.2125,0.3036,40.5300]
[62.4665,117.9908,0.1621,373.9258,0.3100,40.5000]
[62.4665,118.0494,0.1374,374.0791,0.2887,40.3900]
[62.4665,118.0227,0.1303,374.0551,0.3314,40.2700]
[62.4665,118.0328,0.1341,373.9952,0.3649,40.1800]
[62.4665,118.0799,0.1170,374.2348,0.3216,40.1500]
[62.4665,118.0731,0.1117,374.1460,0.3368,40.1100]
[62.4665,118.1038,0.1348,374.1645,0.3293,40.1500]
[62.4665,118.1178,0.1412,374.2051,0.3594,40.2100]
[62.4665,118.1810,0.1009,374.4268,0.3962,40.3100]
[62.3971,394.0079,0.3637,119.9613,0.1186,40.5200]
[62.3971,394.0980,0.4407,119.9739,0.1494,40.6700]
[62.3971,393.9851,0.4111,119.9387,0.1135,40.7500]
[62.3971,394.3025,0.3548,120.0333,0.1344,40.7900]
[62.3971,394.1316,0.3443,119.9799,0.1529,40.7900]
[62.3971,393.9005,0.2403,119.9227,0.1431,40.8300]
[62.3971,394.1511,0.3417,120.0053,0.1251,40.8200]
[62.3971,394.1926,0.5068,120.0056,0.1407,40.8400]
[62.3971,394.1089,0.5144,119.9591,0.1859,40.9200]
[62.3971,394.1699,0.3459,120.0307,0.1004,40.9800]
[62.3971,119.7668,0.0867,376.3665,0.2444,41.0400]
[62.3971,119.7963,0.1271,376.4417,0.3013,41.0100]
[62.3971,119.7281,0.1108,376.3970,0.2469,41.0300]
[62.3971,119.7176,0.1226,376.3285,0.3136,41.1300]
[62.3971,119.8091,0.1100,376.5444,0.2425,41.0700]
[62.3971,119.7534,0.1183,376.4701,0.1915,41.0300]
[62.3971,119.7239,0.1181,376.2936,0.2981,40.9100]
[62.3971,119.6805,0.1035,376.2963,0.2887,40.8400]
[62.3971,119.7642,0.1130,376.3903,0.3797,40.8400]
[62.3971,119.6931,0.1338,376.4006,0.2941,40.8700]
[62.3274,394.7852,0.2620,120.7578,0.0950,40.7800]
[62.3274,394.8703,0.1568,120.8133,0.0872,40.5300]
[62.3274,394.9348,0.3667,120.8026,0.1106,40.4100]
[62.3274,394.8480,0.2853,120.7767,0.0897,40.2600]
[62.3274,394.5504,0.2352,120.6739,0.1139,40.1800]
[62.3274,394.7000,0.2630,120.7539,0.1109,40.1700]
[62.3274,394.7226,0.3756,120.7625,0.1728,40.1300]
[62.3274,394.7308,0.3351,120.7286,0.1494,40.0300]
[62.3274,394.6582,0.2405,120.7496,0.0853,40.1600]
[62.3274,394.4890,0.3066,120.6699,0.1184,40.2700]
[62.3274,118.8958,0.1071,375.8393,0.3105,40.3400]
[62.3274,118.8493,0.0969,375.7478,0.1860,40.4200]
[62.3274,118.8926,0.1675,375.9380,0.3860,40.4700]
[62.3274,118.8604,0.1729,375.8225,0.4081,40.5900]
[62.3274,118.7700,0.3411,375.7095,0.3351,40.7300]
[62.3274,118.8380,0.1199,375.7026,0.3950,40.8500]
[62.3274,118.7534,0.1462,375.6650,0.3793,40.8900]
[62.3274,118.8354,0.1237,375.7556,0.3487,40.9400]
[62.3274,118.7759,0.1344,375.5196,0.4149,41.0400]
[62.3274,118.8124,0.2122,375.4999,0.7281,41.0800]
[62.2575,394.3984,0.4671,120.5355,0.1046,41.1700]
[62.2575,394.3936,0.2664,120.5036,0.1112,41.2000]
[62.2575,394.2999,0.3007,120.5419,0.1504,41.1600]
[62.2575,394.2412,0.5553,120.5075,0.1233,41.0900]
[62.2575,394.2855,0.4134,120.5289,0.1475,41.0000]
[62.2575,394.4585,0.4162,120.5469,0.1676,40.8500]
[62.2575,394.1647,0.3397,120.4938,0.1090,40.8600]
[62.2575,394.2240,0.5261,120.5200,0.1061,40.9600]
[62.2575,394.4956,0.4131,120.4804,0.1563,40.9900]
[62.2575,394.4577,0.4486,120.4716,0.1516,41.0100]
[62.2575,118.8800,0.1084,375.6579,0.2017,41.0800]
[62.2575,118.8197,0.1547,375.5302,0.3682,40.9900]
[62.2575,118.9127,0.1756,375.7440,0.3101,40.9200]
[62.2575,118.9322,0.1121,375.7565,0.2591,41.0000]
[62.2575,118.9134,0.1228,375.5279,0.3290,40.9100]
[62.2575,118.8811,0.1011,375.5214,0.3791,40.7900]
[62.2575,118.8411,0.1452,375.4240,0.3861,40.6700]
[62.2575,118.8797,0.1611,375.5842,0.3999,40.7500]
[62.2575,118.8584,0.1413,375.6421,0.4232,40.7100]
[62.2575,118.8707,0.1507,375.5221,0.3900,40.7300]
[62.1874,394.4667,0.3336,120.3922,0.2013,40.7800]
[62.1874,394.3845,0.3424,120.3470,0.1496,40.8800]
[62.1874,394.4645,0.3585,120.3705,0.1359,40.9200]
[62.1874,394.4545,0.3107,120.3889,0.1477,41.0100]
[62.1874,394.5400,0.3958,120.4733,0.2072,41.0900]
[62.1874,394.4764,0.5228,120.4045,0.1541,41.1000]
[62.1874,394.4353,0.3470,120.4125,0.1628,41.1400]
[62.1874,394.3268,0.3389,120.3626,0.1274,41.0900]
[62.1874,394.3575,0.2292,120.3526,0.1279,41.1000]
[62.1874,394.6502,0.2863,120.5320,0.0993,40.8900]
[62.1874,119.6178,0.1021,376.5692,0.3897,40.8400]
[62.1874,119.5733,0.1105,376.3711,0.3191,40.6700]
[62.1874,119.5883,0.1318,376.2731,0.2387,40.5000]
[62.1874,119.5682,0.1229,376.3765,0.3199,40.4200]
[62.1874,119.5898,0.0859,376.3798,0.2219,40.3500]
[62.1874,119.6310,0.1151,376.4788,0.2534,40.1800]
[62.1874,119.6646,0.1244,376.6259,0.2649,40.1300]
[62.1874,119.6481,0.1446,376.5796,0.3802,40.0700]
[62.1874,119.6289,0.1196,376.5084,0.3312,40.0300]
[62.1874,119.6171,0.1367,376.6073,0.3327,39.9800]
[62.1170,394.6133,0.2227,120.4650,0.0738,39.9900]
[62.1170,394.4847,0.3969,120.4243,0.1421,39.8500]
[62.1170,394.4987,0.2922,120.4304,0.1020,39.8100]
[62.1170,394.1831,0.3383,120.3025,0.1617,39.8000]
[62.1170,394.4075,0.3143,120.3688,0.1503,39.7700]
[62.1170,394.3094,0.2839,120.3582,0.1235,39.7600]
[62.1170,394.4023,0.2777,120.3823,0.1229,39.8600]
[62.1170,394.4502,0.2404,120.3815,0.0797,39.7700]
[62.1170,394.4359,0.3124,120.3590,0.0962,39.8500]
[62.1170,394.5966,0.2075,120.4203,0.0988,39.8400]
[62.1170,114.6162,0.0962,372.4169,0.2449,39.8200]
[62.1170,114.6088,0.1104,372.4089,0.3260,39.8000]
[62.1170,114.6124,0.1405,372.3394,0.4570,39.9000]
[62.1170,114.5427,0.1007,372.1798,0.3048,39.9600]
[62.1170,114.5374,0.1042,372.2090,0.3335,39.8200]
[62.1170,114.5753,0.1443,372.3273,0.2929,39.6900]
[62.1170,114.5511,0.1071,372.2419,0.2806,39.6500]
[62.1170,114.5048,0.1279,372.2347,0.2383,39.5500]
[62.1170,114.5263,0.1168,372.3741,0.3012,39.5600]
[62.1170,114.5381,0.0741,372.3237,0.2610,39.5100]
[62.0463,393.5582,0.3848,118.4676,0.1168,39.5500]
[62.0463,393.5077,0.3831,118.4250,0.1209,39.5100]
[62.0463,393.4288,0.4478,118.4223,0.1826,39.4900]
[62.0463,393.5127,0.2421,118.4274,0.1028,39.5200]
[62.0463,393.5901,0.4224,118.4694,0.1274,39.5600]
[62.0463,393.4619,0.4842,118.4329,0.1502,39.6200]
[62.0463,393.2835,0.3056,118.3801,0.1240,39.7000]
[62.0463,393.5626,0.3555,118.4267,0.1056,39.8300]
[62.0463,393.3751,0.4559,118.3406,0.1390,39.9500]
[62.0463,393.3754,0.3694,118.3473,0.1435,40.0500]
[62.0463,117.9677,0.1479,374.6829,0.3509,40.1600]
[62.0463,117.9858,0.1600,374.7948,0.3639,40.1500]
[62.0463,118.0087,0.2029,374.8694,0.6194,40.2000]
[62.0463,118.0820,0.1386,374.8740,0.4845,40.2900]
[62.0463,118.0327,0.1701,374.9071,0.5235,40.2900]
[62.0463,118.0703,0.0834,374.8729,0.3300,40.3600]
[62.0463,118.0958,0.1214,374.8436,0.2375,40.2400]
[62.0463,118.0370,0.1213,374.7721,0.1967,40.1900]
[62.0463,118.0861,0.1441,374.6795,0.2935,40.0200]
[62.0463,118.0788,0.1561,374.7687,0.2679,39.9300]
[61.9755,394.1130,0.2994,119.8193,0.0826,40.0300]
[61.9755,394.0842,0.3728,119.8233,0.1634,40.0600]
[61.9755,394.2073,0.3347,119.8338,0.1267,39.9000]
[61.9755,394.0053,0.4646,119.7705,0.1643,40.0200]
[61.9755,394.1140,0.2444,119.8150,0.1025,39.9900]
[61.9755,394.3492,0.2634,119.9044,0.1264,40.0200]
[61.9755,394.1987,0.2665,119.8293,0.0807,40.1500]
[61.9755,394.0865,0.1800,119.8208,0.1152,40.1700]
[61.9755,393.9605,0.2882,119.7740,0.1108,40.1300]
[61.9755,394.1074,0.3806,119.8323,0.1486,40.1900]
[61.9755,119.6536,0.0953,371.8793,0.2443,40.0600]
[61.9755,119.5529,0.1399,371.5766,0.3974,39.9900]
[61.9755,119.5749,0.1075,371.3139,0.3062,40.0300]
[61.9755,119.6310,0.0931,371.4510,0.2726,40.0400]
[61.9755,119.5713,0.1138,371.1319,0.2706,40.0900]
[61.9755,119.5913,0.1375,371.2906,0.3171,40.1800]
[61.9755,119.6529,0.1130,371.3539,0.2762,40.0100]
[61.9755,119.6263,0.0918,371.4062,0.2722,39.9600]
[61.9755,119.6070,0.1213,371.3545,0.2588,39.8300]
[61.9755,119.6758,0.1017,370.9219,0.2820,39.7800]
[61.9044,394.3055,0.2822,120.0831,0.0956,39.6200]
[61.9044,394.1294,0.4237,120.0361,0.1616,39.4500]
[61.9044,393.7448,0.3225,119.9233,0.1370,39.5100]
[61.9044,393.7672,0.4721,119.9300,0.1609,39.6400]
[61.9044,393.6874,0.5292,119.8926,0.1911,39.6700]
[61.9044,393.8911,0.3874,119.9794,0.1163,39.7200]
[61.9044,393.6662,0.4902,119.8728,0.1577,39.7800]
[61.9044,393.8782,0.2764,119.9562,0.1276,39.8100]
[61.9044,393.8513,0.4707,119.9351,0.1515,39.7100]
[61.9044,393.7261,0.2715,119.8734,0.1292,39.7300]
[61.9044,119.3668,0.0915,368.6707,0.2394,39.6100]
[61.9044,119.3748,0.1385,368.6668,0.4430,39.5900]
[61.9044,119.3356,0.0731,368.3697,0.2551,39.5900]
[61.9044,119.3746,0.1055,368.1297,0.3616,39.5500]
[61.9044,119.4902,0.1004,367.9683,0.3987,39.5500]
[61.9044,119.4133,0.1103,368.3467,0.4204,39.4700]
[61.9044,119.5563,0.1459,367.7006,0.6381,39.4600]
[61.9044,119.4513,0.0933,367.9921,0.2968,39.5300]
[61.9044,119.5202,0.1331,367.7467,0.3559,39.5100]
[61.9044,119.5234,0.1493,367.5645,0.4808,39.5900]
[61.8353,392.9330,0.4429,119.9532,0.1311,39.7400]
[61.8353,392.8697,0.2597,119.9386,0.1458,39.8200]
[61.8353,393.1661,0.2430,120.0222,0.0802,39.8100]
[61.8353,393.3386,0.3780,120.0422,0.1043,39.8200]
[61.8353,393.1403,0.3290,120.0084,0.1304,39.8900]
[61.8353,393.0990,0.3022,119.9891,0.1080,39.9000]
[61.8353,393.3492,0.2871,120.0443,0.1315,39.9300]
[61.8353,393.2737,0.2424,120.0109,0.1093,39.8600]
[61.8353,393.1984,0.3607,119.9850,0.0858,39.7000]
[61.8353,393.2364,0.2442,120.0073,0.0667,39.7800]
[61.8353,119.5036,0.1114,377.0164,0.3416,39.7900]
[61.8353,119.5242,0.0904,377.0808,0.2977,39.8200]
[61.8353,119.6201,0.1184,377.2351,0.2424,39.8000]
[61.8353,119.4993,0.1194,376.8855,0.3170,39.8600]
[61.8353,119.5487,0.1024,377.0727,0.3963,39.8300]
[61.8353,119.5433,0.1202,376.9872,0.2906,39.8100]
[61.8353,119.4848,0.1218,376.9615,0.3389,39.9200]
[61.8353,119.5156,0.1093,377.0658,0.3110,40.0200]
[61.8353,119.5543,0.1412,376.9088,0.3804,40.0900]
[61.8353,119.5295,0.1212,376.9800,0.3893,40.0900]
[61.7615,395.9413,0.2243,119.2071,0.0958,40.1000]
[61.7615,395.9451,0.1848,119.2125,0.0662,40.1000]
[61.7615,395.9340,0.2234,119.1593,0.0876,40.1200]
[61.7615,395.8574,0.1707,119.1872,0.0555,39.9700]
[61.7615,395.7599,0.1787,119.1644,0.0842,39.7600]
[61.7615,395.6317,0.1891,119.1151,0.0713,39.7200]
[61.7615,395.6161,0.1934,119.1026,0.0782,39.6500]
[61.7615,395.5724,0.1960,119.1038,0.0652,39.5400]
[61.7615,395.6320,0.1785,119.1267,0.0639,39.5200]
[61.7615,396.0016,0.2085,119.2662,0.0984,39.4100]
[61.7615,119.4474,0.0695,376.3489,0.2965,39.3600]
[61.7615,119.4826,0.0936,376.3910,0.2288,39.3000]
[61.7615,119.4264,0.0791,376.2455,0.2033,39.3500]
[61.7615,119.4526,0.0914,376.3075,0.2367,39.2100]
[61.7615,119.3432,0.0915,375.9304,0.2665,39.1200]
[61.7615,119.3223,0.0892,375.8513,0.2353,39.0200]
[61.7615,119.2542,0.0835,375.7026,0.1509,38.9100]
[61.7615,119.2377,0.0802,375.7121,0.2345,38.8200]
[61.7615,119.2352,0.1046,375.5680,0.2729,38.6900]
[61.7615,119.2216,0.0998,375.4529,0.3139,38.6800]
[61.6897,394.0522,0.1466,119.8854,0.0617,38.5900]
[61.6897,393.9301,0.2788,119.8425,0.0912,38.6500]
[61.6897,393.8504,0.2772,119.8448,0.1077,38.7300]
[61.6897,393.7378,0.2604,119.8338,0.0803,38.7100]
[61.6897,393.5824,0.2265,119.7643,0.0980,38.7700]
[61.6897,393.4626,0.1651,119.7307,0.0541,38.8600]
[61.6897,393.7763,0.2524,119.8646,0.1079,38.8600]
[61.6897,393.7162,0.2216,119.8409,0.0833,38.9400]
[61.6897,393.8818,0.2522,119.9224,0.0977,38.9800]
[61.6897,393.9721,0.3804,119.9671,0.1101,38.8800]
[61.6897,119.2612,0.0927,368.3114,0.2846,39.1100]
[61.6897,119.4193,0.1622,368.6659,0.4210,39.0200]
[61.6897,119.3249,0.0666,368.3864,0.2506,39.1500]
[61.6897,119.3297,0.1086,368.2997,0.3068,39.2100]
[61.6897,119.3009,0.1028,368.3293,0.3009,39.3000]
[61.6897,119.2306,0.1341,368.1451,0.4266,39.3200]
[61.6897,119.0984,0.0902,367.7870,0.2266,39.3600]
[61.6897,119.1223,0.0786,367.9629,0.1938,39.4500]
[61.6897,119.1089,0.1127,367.7320,0.2354,39.4700]
[61.6897,119.1077,0.0853,367.7761,0.2566,39.5400]
[61.6199,393.4884,0.3174,119.1382,0.1159,39.6300]
[61.6199,393.3757,0.3115,119.1206,0.1122,39.5500]
[61.6199,393.6358,0.3431,119.1745,0.1001,39.5400]
[61.6199,393.5364,0.2765,119.1387,0.1009,39.4300]
[61.6199,393.5930,0.3525,119.1362,0.0997,39.4700]
[61.6199,393.6056,0.2507,119.1578,0.1071,39.5000]
[61.6199,393.6698,0.4572,119.1213,0.1011,39.6100]
[61.6199,393.4948,0.3301,119.0777,0.1256,39.6800]
[61.6199,393.7413,0.2592,119.1362,0.0890,39.6000]
[61.6199,393.6639,0.1470,119.0955,0.0749,39.5300]
[61.6199,118.9911,0.0900,364.2831,0.2465,39.1900]
[61.6199,118.9567,0.1447,364.3650,0.4879,39.2400]
[61.6199,118.7909,0.2136,365.7855,0.9879,39.2600]
[61.6199,118.8140,0.1642,364.6893,0.9209,39.2600]
[61.6199,117.8159,0.3061,364.6851,0.3491,39.1400]
[61.6199,118.1269,0.1123,364.7695,0.2236,39.2100]
[61.6199,118.2153,0.0774,365.0160,0.3203,39.2800]
[61.6199,118.2981,0.1043,364.8394,0.2457,39.1000]
[61.6199,118.2612,0.0951,364.9967,0.2160,39.1100]
[61.6199,118.3150,0.0774,365.0882,0.2270,39.1300]
[61.5477,393.1312,0.3048,119.1044,0.1197,39.0900]
[61.5477,393.2105,0.2463,119.1428,0.0932,38.8600]
[61.5477,393.3528,0.2432,119.1736,0.0725,38.8800]
[61.5477,393.3611,0.3344,119.1920,0.1100,38.8800]
[61.5477,393.4167,0.2388,119.1864,0.0474,38.8700]
[61.5477,393.4960,0.2405,119.2350,0.0704,38.9300]
[61.5477,393.3644,0.3196,119.2035,0.1033,38.7700]
[61.5477,393.2374,0.2486,119.1875,0.0948,38.8000]
[61.5477,393.2585,0.3091,119.2055,0.1062,38.8300]
[61.5477,393.2086,0.2525,119.1732,0.0859,38.8200]
[61.5477,118.5939,0.1208,364.0705,0.3330,38.8500]
[61.5477,118.5975,0.0822,363.9505,0.2875,38.8800]
[61.5477,118.5588,0.0789,363.8368,0.2560,38.7700]
[61.5477,118.5449,0.0858,363.6772,0.2398,38.6900]
[61.5477,118.5338,0.0821,363.6649,0.1614,38.6000]
[61.5477,118.5575,0.0393,363.5412,0.1482,38.4400]
[61.5477,118.5983,0.0739,363.5737,0.1455,38.3300]
[61.5477,118.5956,0.0581,363.4297,0.1995,38.2800]
[61.5477,118.5759,0.0585,363.4367,0.2298,38.2000]
[61.5477,118.5442,0.0444,363.3791,0.1368,38.1600]
[61.4752,391.4511,0.1190,118.7923,0.0682,38.1000]
[61.4752,391.3860,0.2132,118.8074,0.0878,38.0500]
[61.4752,391.1050,0.2638,118.7816,0.0761,37.9700]
[61.4752,391.0886,0.2310,118.7208,0.0893,37.9200]
[61.4752,390.9646,0.2929,118.6463,0.1234,37.9000]
[61.4752,390.9398,0.2559,118.7021,0.0753,37.9500]
[61.4752,390.9071,0.3183,118.7187,0.1124,37.9300]
[61.4752,390.8372,0.3716,118.6643,0.1184,37.9400]
[61.4752,390.8250,0.3223,118.7240,0.0970,37.9700]
[61.4752,390.4936,0.2540,118.6212,0.1108,38.0000]
[61.4752,118.4079,0.1281,366.9020,0.3312,38.0100]
[61.4752,118.3836,0.0988,366.6998,0.3469,38.0500]
[61.4752,118.3768,0.1079,366.7198,0.3847,38.1000]
[61.4752,118.2941,0.2199,366.3051,0.5283,38.1800]
[61.4752,118.3714,0.1324,366.4675,0.4735,38.2600]
[61.4752,118.4091,0.1180,366.5073,0.3712,38.3700]
[61.4752,118.3109,0.1116,366.2213,0.3862,38.4500]
[61.4752,118.3548,0.0981,366.3271,0.3002,38.5400]
[61.4752,118.3610,0.1129,366.2617,0.3450,38.5600]
[61.4752,118.3862,0.0812,366.1101,0.2534,38.6700]
[61.4003,389.1648,0.2844,117.0662,0.1096,38.6100]
[61.4003,389.3005,0.2676,117.0905,0.0731,38.6000]
[61.4003,389.3616,0.3238,117.0839,0.0899,38.5700]
[61.4003,389.1295,0.2387,117.0125,0.0793,38.6000]
[61.4003,388.8470,0.2076,116.9549,0.0953,38.6500]
[61.4003,388.9978,0.3123,116.9915,0.1065,38.5800]
[61.4003,389.1457,0.2208,117.0977,0.0823,38.7000]
[61.4003,389.1302,0.4265,117.1251,0.1251,38.7900]
[61.4003,388.8525,0.3263,117.0674,0.0887,38.9100]
[61.4003,388.9177,0.3866,117.1056,0.1591,39.0200]
[61.4003,116.0049,0.0995,368.5492,0.3271,39.2000]
[61.4003,115.9318,0.0997,368.2674,0.3759,39.3000]
[61.4003,115.9637,0.1230,368.3397,0.3208,39.3600]
[61.4003,115.9627,0.1112,368.4483,0.2636,39.4100]
[61.4003,115.9367,0.0964,368.4002,0.2832,39.4900]
[61.4003,115.9836,0.1331,368.6235,0.3457,39.5000]
[61.4003,115.9524,0.0760,368.5479,0.2262,39.5500]
[61.4003,115.9141,0.1174,368.3876,0.2973,39.6000]
[61.4003,115.8696,0.0773,368.4059,0.2325,39.5900]
[61.4003,115.8972,0.1167,368.4547,0.4146,39.5900]
[61.3274,385.2938,0.3151,117.1240,0.1096,39.6400]
[61.3274,385.4268,0.3883,117.1611,0.1720,39.6800]
[61.3274,385.4444,0.5452,117.1910,0.2146,39.7600]
[61.3274,385.8064,0.4033,117.2104,0.1526,39.8500]
[61.3274,385.5263,0.3315,117.1657,0.1128,39.8800]
[61.3274,385.7867,0.3249,117.1855,0.0921,39.7300]
[61.3274,385.6087,0.3609,117.1543,0.0750,39.6900]
[61.3274,385.8332,0.1757,117.1501,0.0881,39.7000]
[61.3274,385.8075,0.2567,117.1296,0.0826,39.6600]
[61.3274,385.8903,0.2315,117.1606,0.0951,39.6300]
[61.3274,117.0005,0.1234,364.4874,0.3761,39.4000]
[61.3274,116.9893,0.1207,364.4848,0.3383,39.4100]
[61.3274,117.0541,0.0747,364.5458,0.2500,39.4100]
[61.3274,117.0289,0.0919,364.5899,0.2637,39.4300]
[61.3274,117.0595,0.1558,364.6404,0.4330,39.3100]
[61.3274,117.0804,0.1125,364.6901,0.4077,39.2000]
[61.3274,117.0050,0.1261,364.5070,0.3415,39.0400]
[61.3274,117.0907,0.0751,364.6846,0.2274,39.0900]
[61.3274,117.0960,0.0951,364.7354,0.3425,39.2000]
[61.3274,117.0227,0.1391,364.6972,0.4339,39.3300]
[61.2543,387.0776,0.2263,116.4813,0.1024,39.3300]
[61.2543,387.1120,0.2418,116.4680,0.1123,39.1300]
[61.2543,386.9999,0.3955,116.4771,0.1116,39.3300]
[61.2543,386.9880,0.4081,116.4344,0.1139,39.4400]
[61.2543,387.1219,0.2653,116.4925,0.0679,39.5000]
[61.2543,387.1777,0.1892,116.4952,0.0753,39.4500]
[61.2543,387.1624,0.4051,116.5111,0.1051,39.3800]
[61.2543,387.2244,0.1828,116.5140,0.0794,39.2900]
[61.2543,387.2857,0.2795,116.4959,0.0726,39.2000]
[61.2543,387.2202,0.3452,116.5102,0.1275,39.1800]
[61.2543,116.2207,0.1294,366.8854,0.5250,39.2200]
[61.2543,116.1296,0.0868,366.7441,0.4137,39.3000]
[61.2543,116.1738,0.0745,366.8084,0.2196,39.3800]
[61.2543,116.1856,0.1351,366.8486,0.3549,39.4200]
[61.2543,116.2359,0.0676,367.0095,0.2705,39.3300]
[61.2543,116.2444,0.0946,367.0934,0.2450,39.3100]
[61.2543,116.2548,0.0765,367.2222,0.3075,39.3700]
[61.2543,116.3012,0.1203,367.3311,0.3491,39.4600]
[61.2543,116.3445,0.1035,367.4329,0.4566,39.5000]
[61.2543,116.4179,0.1780,367.7995,0.3787,39.5800]
[61.1832,388.3661,0.2718,116.8158,0.1061,39.6700]
[61.1832,388.3584,0.2496,116.7764,0.1006,39.6800]
[61.1832,388.2023,0.4940,116.7719,0.1087,39.7000]
[61.1832,388.1783,0.3357,116.6980,0.1076,39.7400]
[61.1832,388.0440,0.3213,116.6340,0.1208,39.8300]
[61.1832,388.1407,0.4458,116.6392,0.1346,39.9200]
[61.1832,387.9670,0.4412,116.6743,0.1429,40.0100]
[61.1832,388.0952,0.3809,116.6465,0.0986,40.0900]
[61.1832,388.0184,0.3251,116.6539,0.0981,40.1500]
[61.1832,387.9939,0.2342,116.6080,0.1099,40.2400]
[61.1832,116.3682,0.1316,369.1068,0.3074,40.3800]
[61.1832,116.4222,0.0973,369.2034,0.3222,40.4100]
[61.1832,116.4176,0.1034,369.1458,0.3261,40.4000]
[61.1832,116.3748,0.1267,369.2087,0.3277,40.4200]
[61.1832,116.3998,0.1345,369.1597,0.3553,40.4800]
[61.1832,116.3929,0.0921,369.2398,0.2770,40.5700]
[61.1832,116.3733,0.1107,369.3260,0.3443,40.6200]
[61.1832,116.3504,0.0897,369.2806,0.3039,40.5900]
[61.1832,116.3131,0.1191,369.1391,0.2965,40.6100]
[61.1832,116.3384,0.0823,369.1019,0.2033,40.6100]
[61.1097,387.7745,0.2796,116.5942,0.0964,40.5600]
[61.1097,387.8452,0.2997,116.5854,0.1024,40.5100]
[61.1097,387.8982,0.2583,116.5472,0.0611,40.3900]
[61.1097,387.9032,0.2162,116.5839,0.0782,40.3500]
[61.1097,387.6746,0.2787,116.4869,0.0798,40.3100]
[61.1097,387.7927,0.2941,116.5186,0.1117,40.2900]
[61.1097,387.9030,0.3344,116.5386,0.0999,40.2200]
[61.1097,387.6303,0.2793,116.4679,0.0925,40.2600]
[61.1097,387.8271,0.2828,116.5113,0.1210,40.1900]
[61.1097,387.8097,0.3454,116.5037,0.1231,40.2300]
[61.1097,116.4041,0.1164,365.8866,0.2773,40.2400]
[61.1097,116.3461,0.1012,365.7208,0.2766,40.2400]
[61.1097,116.3091,0.0835,365.5670,0.2070,40.3200]
[61.1097,116.2967,0.1272,365.5657,0.2856,40.3200]
[61.1097,116.3427,0.1179,365.7305,0.2800,40.3400]
[61.1097,116.3599,0.0858,365.7882,0.2879,40.4100]
[61.1097,116.3374,0.1159,365.7706,0.3021,40.4200]
[61.1097,116.2788,0.1191,365.6515,0.3394,40.4800]
[61.1097,116.3642,0.1173,365.8344,0.2797,40.5800]
[61.1097,116.3439,0.1531,365.8904,0.4238,40.6200]
[61.0336,383.0470,0.3946,115.6445,0.1297,40.8300]
[61.0336,383.1082,0.4516,115.5640,0.1316,40.9000]
[61.0336,382.9432,0.6232,115.5233,0.2323,41.0000]
[61.0336,382.9633,0.4032,115.5003,0.1473,41.0900]
[61.0336,383.3059,0.4133,115.6194,0.0932,41.1700]
[61.0336,383.2082,0.3653,115.5952,0.1204,41.1800]
[61.0336,383.0274,0.3273,115.5052,0.1159,41.1800]
[61.0336,383.2632,0.2820,115.5787,0.0922,41.1300]
[61.0336,383.3044,0.4129,115.5541,0.0922,41.0400]
[61.0336,383.4738,0.3179,115.5621,0.0891,40.9500]
[61.0336,115.0602,0.1032,366.7465,0.3021,40.9900]
[61.0336,115.1309,0.0866,366.7617,0.3240,41.0200]
[61.0336,115.0718,0.1659,366.6443,0.2978,40.9500]
[61.0336,115.1152,0.1401,366.8625,0.2726,40.9200]
[61.0336,115.0441,0.1364,366.8345,0.3381,40.9400]
[61.0336,115.0835,0.1342,366.8458,0.2877,40.8300]
[61.0336,115.0659,0.1539,366.8553,0.4305,40.8300]
[61.0336,115.0316,0.1070,366.7507,0.2493,40.8700]
[61.0336,115.0036,0.0803,366.7393,0.2412,40.8200]
[61.0336,115.0116,0.0906,366.7393,0.2227,40.6400]
[60.9597,385.4709,0.2765,116.0747,0.0888,40.4200]
[60.9597,385.5237,0.1567,116.0839,0.0922,40.2700]
[60.9597,385.4977,0.2601,116.0784,0.0870,40.2700]
[60.9597,385.5741,0.2151,116.1123,0.0808,40.2200]
[60.9597,385.6599,0.2541,116.1199,0.0765,40.2400]
[60.9597,385.5765,0.2557,116.1435,0.0980,40.2900]
[60.9597,385.6533,0.1595,116.1611,0.0775,40.3300]
[60.9597,385.6429,0.2169,116.1828,0.0889,40.2900]
[60.9597,385.6505,0.2518,116.2035,0.0810,40.3600]
[60.9597,385.6220,0.3841,116.1910,0.1183,40.3500]
[60.9597,115.5680,0.1275,367.9805,0.2935,40.4100]
[60.9597,115.5408,0.1167,368.0889,0.3399,40.3900]
[60.9597,115.6013,0.1415,368.1670,0.2592,40.4100]
[60.9597,115.5876,0.1061,368.1294,0.2495,40.4400]
[60.9597,115.6468,0.1229,368.3242,0.3481,40.4200]
[60.9597,115.6808,0.0809,368.4347,0.2260,40.3700]
[60.9597,115.6599,0.0925,368.4238,0.2739,40.4400]
[60.9597,115.6649,0.1136,368.4511,0.3472,40.3800]
[60.9597,115.6635,0.1131,368.4673,0.2645,40.2800]
[60.9597,115.6492,0.2063,368.5131,0.6691,40.2800]
[60.8855,386.4216,0.4185,115.6084,0.1269,40.3000]
[60.8855,386.3452,0.5723,115.5246,0.1551,40.2300]
[60.8855,385.9919,0.4070,115.4253,0.1592,40.3200]
[60.8855,386.2885,0.3415,115.5423,0.1326,40.3400]
[60.8855,386.0125,0.3955,115.4688,0.1103,40.3500]
[60.8855,386.1721,0.3118,115.5156,0.0900,40.3700]
[60.8855,386.2661,0.4040,115.5853,0.0904,40.4100]
[60.8855,386.2474,0.3789,115.5715,0.0944,40.4700]
[60.8855,386.3039,0.3609,115.5901,0.1114,40.5300]
[60.8855,385.7355,0.4557,115.4533,0.1228,40.4100]
[60.8855,115.4454,0.1033,367.7761,0.3393,40.2700]
[60.8855,115.4820,0.1504,367.8927,0.4193,40.3300]
[60.8855,115.3732,0.1360,367.6551,0.3482,40.3900]
[60.8855,115.4365,0.1320,367.8232,0.3502,40.4400]
[60.8855,115.4442,0.1128,367.9357,0.4137,40.4600]
[60.8855,115.4694,0.1341,367.8893,0.3995,40.3900]
[60.8855,115.4224,0.0986,367.7420,0.2368,40.4400]
[60.8855,115.3676,0.1171,367.6111,0.3712,40.4900]
[60.8855,115.3962,0.1019,367.6982,0.2020,40.5000]
[60.8855,115.2912,0.1721,367.2994,0.3364,40.3700]
[60.8111,384.6949,0.3510,115.8335,0.1066,40.2400]
[60.8111,384.4654,0.1951,115.7410,0.1246,40.1700]
[60.8111,384.6708,0.3656,115.8183,0.1331,40.1300]
[60.8111,384.4953,0.2501,115.7432,0.0975,40.0500]
[60.8111,384.5738,0.1842,115.7742,0.0857,39.9600]
[60.8111,384.5797,0.2818,115.7780,0.1029,39.7600]
[60.8111,384.3704,0.4437,115.7965,0.1256,39.7100]
[60.8111,384.5536,0.3136,115.8109,0.0916,39.6600]
[60.8111,384.6935,0.2936,115.8036,0.1155,39.7300]
[60.8111,384.7026,0.4146,115.8731,0.1208,39.7500]
[60.8111,115.4744,0.1325,367.4784,0.4320,39.7300]
[60.8111,115.5547,0.1315,367.6959,0.2934,39.7000]
[60.8111,115.5450,0.1011,367.5647,0.2032,39.8000]
[60.8111,115.5218,0.0653,367.4986,0.2969,39.8800]
[60.8111,115.5079,0.1091,367.3446,0.4112,39.9500]
[60.8111,115.4814,0.1253,367.5499,0.2124,40.0200]
[60.8111,115.5184,0.1427,367.2661,0.3312,40.0700]
[60.8111,115.4821,0.0949,367.3840,0.2899,40.1200]
[60.8111,115.5362,0.1486,367.3701,0.4363,40.1000]
[60.8111,115.4930,0.0873,367.3954,0.2550,40.1800]
[60.7388,385.7085,0.2425,115.8222,0.1338,40.2100]
[60.7388,385.4767,0.3307,115.7351,0.1370,40.2400]
[60.7388,385.7431,0.4605,115.8161,0.1869,40.2400]
[60.7388,385.4745,0.4495,115.7298,0.1460,40.2600]
[60.7388,385.3842,0.3918,115.7399,0.1411,40.2100]
[60.7388,385.6691,0.3481,115.7745,0.1386,40.2200]
[60.7388,385.5896,0.4691,115.8584,0.2061,40.2800]
[60.7388,385.3469,0.4801,115.7636,0.1846,40.2700]
[60.7388,385.4340,0.4297,115.7315,0.1440,40.3600]
[60.7388,385.5722,0.3960,115.8648,0.1251,40.4500]
[60.7388,112.4466,0.1270,365.8755,0.2597,40.4700]
[60.7388,112.4423,0.1130,365.8903,0.3765,40.4000]
[60.7388,112.5360,0.1321,365.9548,0.3545,40.3900]
[60.7388,112.5307,0.1106,366.0686,0.3698,40.4400]
[60.7388,112.5006,0.1668,365.8265,0.3074,40.4200]
[60.7388,112.6093,0.1052,366.1064,0.2872,40.4500]
[60.7388,112.6631,0.1187,366.1811,0.3203,40.3800]
[60.7388,112.6732,0.1599,366.1671,0.2800,40.3700]
[60.7388,112.6377,0.1331,366.1031,0.4719,40.3400]
[60.7388,112.7035,0.1399,366.3426,0.3846,40.3100]
[60.6617,381.9993,0.4614,115.3803,0.1450,40.3600]
[60.6617,382.2071,0.3391,115.4143,0.1278,40.3500]
[60.6617,382.1795,0.4735,115.4172,0.1975,40.3500]
[60.6617,381.9154,0.3787,115.3073,0.1550,40.3400]
[60.6617,381.8758,0.3985,115.2727,0.1827,40.4400]
[60.6617,381.9469,0.3411,115.3264,0.1151,40.4600]
[60.6617,382.1255,0.4101,115.3789,0.1506,40.4900]
[60.6617,382.0636,0.3944,115.3182,0.1336,40.5000]
[60.6617,381.9051,0.3944,115.2603,0.1520,40.6100]
[60.6617,382.2166,0.2579,115.3419,0.1334,40.6700]
[60.6617,114.5017,0.1628,365.5285,0.5260,40.7700]
[60.6617,114.4786,0.1904,365.3633,0.5720,40.8700]
[60.6617,114.4469,0.1316,365.2924,0.3160,40.9600]
[60.6617,114.4726,0.1536,365.3306,0.3539,41.0300]
[60.6617,114.4784,0.1667,365.3840,0.4153,41.0500]
[60.6617,114.3893,0.1140,365.1674,0.3132,41.0800]
[60.6617,114.3681,0.1421,365.1203,0.3313,41.0400]
[60.6617,114.4202,0.1287,365.3790,0.4375,41.0300]
[60.6617,114.3959,0.1759,365.1706,0.3822,41.1000]
[60.6617,114.3607,0.1489,365.3763,0.4396,41.1700]
[60.5867,381.2872,0.5032,114.7267,0.1256,41.2500]
[60.5867,381.3170,0.4735,114.7284,0.1482,41.2100]
[60.5867,381.4852,0.6122,114.7892,0.1664,41.2300]
[60.5867,381.4588,0.3943,114.7722,0.1287,41.2900]
[60.5867,381.4966,0.4833,114.7920,0.1901,41.3100]
[60.5867,381.4856,0.3547,114.7494,0.1273,41.2500]
[60.5867,381.6042,0.4250,114.7624,0.1394,41.2100]
[60.5867,381.7134,0.3302,114.7793,0.1294,41.1700]
[60.5867,381.6089,0.2914,114.7142,0.1381,41.1600]
[60.5867,381.9129,0.2818,114.7738,0.1238,41.1300]
[60.5867,114.3998,0.1328,366.2330,0.2713,40.9200]
[60.5867,114.3199,0.1335,365.8873,0.3025,40.7500]
[60.5867,114.3524,0.1416,366.0097,0.3196,40.6600]
[60.5867,114.2980,0.1750,365.8637,0.3999,40.4800]
[60.5867,114.3651,0.1680,366.0879,0.5030,40.3600]
[60.5867,114.3705,0.1135,366.0327,0.3369,40.1900]
[60.5867,114.4187,0.1443,366.1380,0.3305,40.2000]
[60.5867,114.3866,0.1680,366.0752,0.2557,40.2800]
[60.5867,114.4049,0.1113,366.0380,0.2608,40.3100]
[60.5867,114.4161,0.1042,366.1203,0.2899,40.2000]
[60.5139,385.0697,0.2106,114.8210,0.0987,40.0500]
[60.5139,385.1770,0.3104,114.8348,0.1339,40.1000]
[60.5139,385.3156,0.3238,114.8510,0.1214,40.2000]
[60.5139,385.3096,0.4918,114.8450,0.1657,40.2800]
[60.5139,385.1679,0.4262,114.8409,0.1646,40.3100]
[60.5139,385.3007,0.3533,114.8846,0.1580,40.2700]
[60.5139,385.1008,0.2956,114.8337,0.1238,40.3100]
[60.5139,385.0341,0.2698,114.8190,0.1254,40.3000]
[60.5139,384.9889,0.3301,114.8341,0.1540,40.2100]
[60.5139,385.0350,0.4621,114.8540,0.1908,40.1400]
[60.5139,114.1436,0.1499,364.8867,0.3242,39.9700]
[60.5139,114.2042,0.1975,365.0844,0.4685,39.8900]
[60.5139,114.2257,0.1532,365.0751,0.4039,39.7800]
[60.5139,114.2272,0.1705,365.1349,0.3667,39.7000]
[60.5139,114.2717,0.1239,365.2568,0.2953,39.6900]
[60.5139,114.2202,0.1850,365.1828,0.4117,39.6400]
[60.5139,114.2711,0.1295,365.3417,0.2691,39.6300]
[60.5139,114.2378,0.1360,365.2086,0.2647,39.6300]
[60.5139,114.1744,0.1331,365.0029,0.3543,39.6700]
[60.5139,114.1221,0.1973,364.9425,0.3856,39.7000]
[60.4385,384.7766,0.4953,114.7239,0.1355,39.6900]
[60.4385,384.6624,0.7192,114.7408,0.2435,39.8100]
[60.4385,384.6122,0.5966,114.7127,0.1586,39.8800]
[60.4385,384.5740,0.3858,114.7107,0.1625,39.9000]
[60.4385,384.6253,0.2471,114.7033,0.1181,39.8500]
[60.4385,384.6895,0.6013,114.7099,0.2173,39.7100]
[60.4385,384.7049,0.3576,114.7184,0.1464,39.7000]
[60.4385,384.6204,0.5210,114.7200,0.2018,39.8500]
[60.4385,384.6617,0.3564,114.6569,0.1312,39.9800]
[60.4385,384.6190,0.5321,114.6876,0.1741,40.1100]
[60.4385,114.3501,0.1695,365.7528,0.5124,40.1400]
[60.4385,114.3941,0.1646,365.9628,0.4095,40.2200]
[60.4385,114.3545,0.2008,365.5986,0.5180,40.2000]
[60.4385,114.3769,0.1868,365.7435,0.3895,40.2700]
[60.4385,114.3340,0.2022,365.8332,0.4720,40.3000]
[60.4385,114.4207,0.1732,366.0718,0.3072,40.3100]
[60.4385,114.3680,0.1630,365.8556,0.2958,40.2600]
[60.4385,114.3800,0.1148,365.9251,0.2555,40.1900]
[60.4385,114.3650,0.1533,365.8722,0.3418,40.1100]
[60.4385,114.3777,0.1533,365.9022,0.2951,40.1400]
[60.3629,384.8790,0.4284,114.3663,0.1027,40.1600]
[60.3629,384.8406,0.3054,114.3713,0.1193,40.1200]
[60.3629,384.7749,0.2624,114.3628,0.1065,40.0900]
[60.3629,384.8519,0.4733,114.4023,0.1306,40.0400]
[60.3629,384.9796,0.2532,114.4286,0.1121,39.9500]
[60.3629,384.9929,0.3233,114.4317,0.1014,39.8300]
[60.3629,385.1154,0.3255,114.4799,0.1547,39.8300]
[60.3629,385.1974,0.2869,114.4753,0.1487,39.8100]
[60.3629,385.2636,0.3356,114.5183,0.1389,39.6600]
[60.3629,385.3161,0.2773,114.5423,0.1154,39.6100]
[60.3629,114.3822,0.1045,365.3806,0.2890,39.5700]
[60.3629,114.3302,0.1426,365.1935,0.3442,39.5900]
[60.3629,114.3530,0.1528,365.2163,0.3120,39.6000]
[60.3629,114.3122,0.1353,365.0191,0.3361,39.6800]
[60.3629,114.3286,0.1386,365.1854,0.3802,39.7400]
[60.3629,114.2909,0.1302,364.7633,0.3385,39.7800]
[60.3629,114.3245,0.1559,364.8697,0.3639,39.8700]
[60.3629,114.3772,0.1312,364.9809,0.4602,39.9700]
[60.3629,114.3606,0.1401,364.9969,0.3629,40.0000]
[60.3629,114.2965,0.1365,364.9876,0.3855,39.9700]
[60.2848,387.5605,0.5210,114.9533,0.1543,39.8100]
[60.2848,387.3527,0.6746,114.8816,0.1871,39.8400]
[60.2848,387.2423,0.5144,114.8819,0.2018,39.8900]
[60.2848,387.3324,0.2787,114.8820,0.1422,39.8800]
[60.2848,387.4738,0.3636,114.9550,0.1630,39.8700]
[60.2848,387.5880,0.3570,115.0290,0.1255,39.8100]
[60.2848,387.6202,0.2499,115.0495,0.1014,39.7600]
[60.2848,387.8268,0.2705,115.1321,0.1455,39.7200]
[60.2848,387.7158,0.2965,115.0738,0.1166,39.8100]
[60.2848,387.8531,0.1469,115.1234,0.0834,39.8100]
[60.2848,114.8199,0.1106,360.5244,0.2649,39.6600]
[60.2848,114.7976,0.1043,360.5154,0.2414,39.6500]
[60.2848,114.8193,0.1338,360.5700,0.3169,39.5000]
[60.2848,114.7852,0.0870,360.5070,0.3269,39.4700]
[60.2848,114.7594,0.1218,360.4522,0.2523,39.3800]
[60.2848,114.8401,0.0987,360.7289,0.2648,39.4200]
[60.2848,114.8720,0.1183,360.7423,0.1970,39.3700]
[60.2848,114.9057,0.1024,360.8996,0.2032,39.3800]
[60.2848,114.9641,0.0956,361.1382,0.2246,39.3500]
[60.2848,114.9147,0.1329,360.9434,0.3267,39.3200]
[60.2088,388.3780,0.5079,114.6478,0.1657,39.2500]
[60.2088,388.7155,0.3605,114.7282,0.1254,39.2900]
[60.2088,388.7376,0.3302,114.7392,0.1116,39.2900]
[60.2088,388.7072,0.3382,114.7462,0.0904,39.1400]
[60.2088,388.5952,0.2455,114.7275,0.1060,39.1400]
[60.2088,388.5867,0.2633,114.7148,0.0987,39.1300]
[60.2088,388.6868,0.3175,114.7297,0.1103,39.0700]
[60.2088,388.4201,0.2771,114.6911,0.1385,39.0400]
[60.2088,388.2824,0.2068,114.6466,0.0813,38.9200]
[60.2088,388.2635,0.3994,114.6520,0.1435,38.9000]
[60.2088,113.3451,0.0951,363.0744,0.2582,38.7900]
[60.2088,113.3285,0.1267,363.0619,0.3892,38.7700]
[60.2088,113.3546,0.1218,363.2807,0.3290,38.8100]
[60.2088,113.3608,0.1132,363.2352,0.3323,38.7400]
[60.2088,113.3284,0.1153,363.2063,0.3046,38.7000]
[60.2088,113.3347,0.1174,363.3004,0.3665,38.6600]
[60.2088,113.2859,0.1085,363.3196,0.3205,38.7200]
[60.2088,113.2454,0.1153,363.3495,0.4253,38.7900]
[60.2088,113.2300,0.1157,363.4958,0.3026,38.8800]
[60.2088,113.1716,0.1331,363.5702,0.4045,38.9000]
[60.1350,388.7544,0.3529,114.7027,0.1010,38.9200]
[60.1350,388.8681,0.2786,114.7170,0.1230,38.9400]
[60.1350,388.6925,0.3345,114.7239,0.1707,38.9200]
[60.1350,388.9236,0.4427,114.7469,0.1221,38.9400]
[60.1350,388.6196,0.3282,114.6375,0.1049,38.9900]
[60.1350,388.6681,0.4061,114.6803,0.1051,39.0100]
[60.1350,388.6052,0.3174,114.6356,0.1357,38.9400]
[60.1350,388.5751,0.3714,114.5825,0.1161,38.9400]
[60.1350,388.2009,0.3917,114.5118,0.1523,38.9500]
[60.1350,388.1188,0.3822,114.4521,0.1217,38.9200]
[60.1350,115.2299,0.1345,359.0363,0.4746,38.8600]
[60.1350,115.2683,0.1398,359.0776,0.4711,38.8200]
[60.1350,115.2757,0.1196,359.1021,0.2976,38.8700]
[60.1350,115.2480,0.1709,358.9389,0.4235,38.9500]
[60.1350,115.3725,0.2003,359.4597,0.4455,38.9800]
[60.1350,115.4150,0.1881,359.5405,0.4929,39.0700]
[60.1350,115.3502,0.1635,359.2902,0.4089,39.1300]
[60.1350,115.4115,0.1849,359.4595,0.4624,39.1600]
[60.1350,115.4268,0.1521,359.6429,0.4692,39.2600]
[60.1350,115.5722,0.2160,359.9710,0.4915,39.3300]
[60.0587,388.7174,0.3809,113.9520,0.1261,39.4000]
[60.0587,388.8240,0.4603,114.0139,0.1497,39.4500]
[60.0587,388.8413,0.3314,114.0164,0.1394,39.4700]
[60.0587,388.5796,0.2557,113.9239,0.1233,39.5300]
[60.0587,388.7689,0.2666,114.0361,0.1053,39.5800]
[60.0587,388.7144,0.3939,114.0380,0.1302,39.5800]
[60.0587,388.8843,0.4146,114.0802,0.1333,39.5800]
[60.0587,388.7765,0.5039,114.0403,0.1849,39.6200]
[60.0587,388.7036,0.4932,114.0260,0.1422,39.5600]
[60.0587,388.7040,0.3687,113.9988,0.1570,39.4200]
[60.0587,115.2796,0.1791,359.8972,0.3590,39.3600]
[60.0587,115.2546,0.1772,359.8901,0.3559,39.3700]
[60.0587,115.1950,0.1814,359.7012,0.4214,39.3200]
[60.0587,115.0997,0.1430,359.4078,0.4704,39.2900]
[60.0587,115.0861,0.1894,359.3594,0.4278,39.2800]
[60.0587,115.1378,0.1708,359.4063,0.4324,39.3200]
[60.0587,115.1546,0.1778,359.3771,0.2818,39.3500]
[60.0587,115.1033,0.1179,359.3228,0.4553,39.3400]
[60.0587,115.1047,0.1272,359.2423,0.3149,39.2900]
[60.0587,115.1473,0.1544,359.3482,0.2578,39.2400]
[59.9821,387.3239,0.4195,115.0389,0.1310,39.1600]
[59.9821,386.9300,0.3692,114.9407,0.1492,39.1300]
[59.9821,386.9027,0.4066,114.9369,0.1518,39.0500]
[59.9821,386.8681,0.3544,114.9349,0.1543,39.0700]
[59.9821,386.6932,0.2047,114.8356,0.0978,39.1000]
[59.9821,386.5256,0.3207,114.7935,0.1305,39.1500]
[59.9821,386.5533,0.3865,114.7966,0.1517,39.1600]
[59.9821,386.3607,0.4360,114.7211,0.1558,39.1300]
[59.9821,386.2042,0.2047,114.6868,0.1306,39.1300]
[59.9821,386.1620,0.3852,114.6796,0.1547,39.1100]
[59.9821,114.7087,0.1364,366.0515,0.4157,39.1600]
[59.9821,114.7182,0.1074,366.1004,0.2525,39.2500]
[59.9821,114.6992,0.1218,366.0578,0.2688,39.3000]
[59.9821,114.6692,0.1502,365.9484,0.3222,39.2600]
[59.9821,114.7090,0.1389,366.0459,0.3295,39.2700]
[59.9821,114.6257,0.1848,365.9699,0.2996,39.2200]
[59.9821,114.5672,0.1433,365.8662,0.3762,39.2300]
[59.9821,114.6132,0.1665,366.0368,0.5543,39.2700]
[59.9821,114.6741,0.1196,366.0255,0.3240,39.3300]
[59.9821,114.6804,0.1632,366.1319,0.3523,39.2300]
[59.9054,385.7260,0.4264,113.7864,0.1423,39.4300]
[59.9054,386.0772,0.2583,113.9162,0.1441,39.4800]
[59.9054,385.8229,0.2406,113.9098,0.1566,39.4700]
[59.9054,386.1951,0.3739,113.9390,0.1475,39.3800]
[59.9054,385.8389,0.3164,113.8749,0.1203,39.3500]
[59.9054,385.9605,0.3279,113.8933,0.1363,39.3600]
[59.9054,386.2041,0.4562,113.9463,0.1762,39.3700]
[59.9054,386.0402,0.5112,113.9281,0.1889,39.3700]
[59.9054,385.9144,0.3529,113.9179,0.1488,39.3800]
[59.9054,385.8086,0.3269,113.8876,0.1205,39.3600]
[59.9054,114.6756,0.1563,362.5314,0.4384,39.3700]
[59.9054,114.7182,0.1994,362.3795,0.3910,39.3900]
[59.9054,114.7166,0.1153,362.5853,0.2524,39.3600]
[59.9054,114.7022,0.1557,362.5186,0.3204,39.3200]
[59.9054,114.7128,0.1426,362.5620,0.3098,39.3900]
[59.9054,114.6994,0.1508,362.5769,0.2861,39.3600]
[59.9054,114.6961,0.1445,362.6489,0.3673,39.3600]
[59.9054,114.6563,0.1761,362.5289,0.3799,39.4200]
[59.9054,114.6855,0.1375,362.6111,0.2437,39.4400]
[59.9054,114.7008,0.1541,362.6372,0.3803,39.4200]
[59.8285,386.0292,0.3370,114.1715,0.1483,39.4800]
[59.8285,386.2001,0.3831,114.2385,0.1131,39.5500]
[59.8285,386.0056,0.5652,114.2002,0.1922,39.5900]
[59.8285,385.7260,0.4311,114.1233,0.1487,39.6900]
[59.8285,386.1243,0.4495,114.2472,0.1651,39.8200]
[59.8285,385.7501,0.4635,114.1844,0.1790,39.8900]
[59.8285,385.7538,0.4592,114.1802,0.1762,39.9400]
[59.8285,385.8299,0.4597,114.2027,0.1920,39.9600]
[59.8285,385.9085,0.3679,114.2292,0.1650,39.8500]
[59.8285,385.9311,0.3628,114.3071,0.0977,39.8100]
[59.8285,114.8403,0.2204,357.0927,0.5498,39.9400]
[59.8285,114.7993,0.1101,356.8975,0.2678,39.9100]
[59.8285,114.8661,0.1296,356.9464,0.2148,39.8300]
[59.8285,114.8706,0.0993,356.9593,0.2335,39.7000]
[59.8285,114.8317,0.1169,356.7451,0.2773,39.6000]
[59.8285,114.8050,0.1238,356.7240,0.1671,39.4100]
[59.8285,114.9022,0.1585,356.8994,0.3079,39.3300]
[59.8285,114.8544,0.1525,356.7146,0.2526,39.2300]
[59.8285,114.9595,0.1159,357.0158,0.2584,39.1600]
[59.8285,114.9046,0.1366,356.8701,0.2970,39.0900]
[59.7514,386.5221,0.2400,114.7232,0.1278,39.0600]
[59.7514,386.6996,0.2337,114.7601,0.1281,39.0900]
[59.7514,386.5490,0.1515,114.7265,0.1217,39.0800]
[59.7514,386.4913,0.1560,114.7166,0.1063,39.1400]
[59.7514,386.4643,0.2469,114.6880,0.1256,39.1400]
[59.7514,386.3067,0.2479,114.6250,0.1293,39.1400]
[59.7514,386.1335,0.2731,114.6447,0.1157,39.0800]
[59.7514,386.1985,0.3327,114.6601,0.1081,39.0600]
[59.7514,386.2704,0.1759,114.6617,0.1103,39.1400]
[59.7514,386.3582,0.2301,114.6853,0.0970,39.1800]
[59.7514,114.8537,0.0926,359.0522,0.1607,39.0300]
[59.7514,114.9147,0.0865,359.0654,0.1820,39.0400]
[59.7514,114.9201,0.1173,359.1265,0.2052,38.9300]
[59.7514,114.9850,0.1050,359.1263,0.1469,38.9500]
[59.7514,114.9201,0.1177,358.9883,0.2650,38.9100]
[59.7514,114.8422,0.1393,358.8654,0.3358,38.8000]
[59.7514,114.7818,0.1406,358.4909,0.2866,38.7200]
[59.7514,114.6936,0.0965,358.2560,0.1972,38.6700]
[59.7514,114.6821,0.1109,358.0381,0.2691,38.5500]
[59.7514,114.5508,0.1734,357.7808,0.3601,38.4900]
[59.6741,384.9493,0.3410,114.5913,0.1027,38.5500]
[59.6741,384.8256,0.3630,114.5042,0.1436,38.6000]
[59.6741,384.6083,0.3859,114.4965,0.1382,38.6800]
[59.6741,384.4773,0.3621,114.4256,0.1495,38.7700]
[59.6741,384.4119,0.3092,114.4533,0.1354,38.8400]
[59.6741,384.3927,0.4468,114.4475,0.1136,38.9400]
[59.6741,384.2002,0.3143,114.4137,0.1155,39.0300]
[59.6741,383.9566,0.3184,114.3770,0.1264,39.1100]
[59.6741,383.9207,0.3479,114.3177,0.1185,39.1700]
[59.6741,383.8625,0.2869,114.3042,0.1033,39.1800]
[59.6741,114.0828,0.0665,354.0934,0.2396,39.2500]
[59.6741,114.1109,0.1155,354.0895,0.2484,39.1800]
[59.6741,114.0796,0.1378,353.9716,0.2128,39.0600]
[59.6741,114.0622,0.0702,353.9740,0.1623,39.0300]
[59.6741,114.0708,0.1033,353.8703,0.2886,38.9400]
[59.6741,114.0358,0.0935,353.7979,0.1787,38.8400]
[59.6741,114.0305,0.0675,353.7637,0.1660,38.7000]
[59.6741,114.0237,0.0979,353.7595,0.2083,38.4700]
[59.6741,114.0006,0.0889,353.6599,0.1504,38.3800]
[59.6741,113.9986,0.1034,353.7037,0.2314,38.2600]
[59.5966,383.0729,0.2080,114.0062,0.0928,38.0500]
[59.5966,382.9910,0.2028,113.9710,0.0911,38.0200]
[59.5966,382.7017,0.3672,113.8891,0.1433,38.0400]
[59.5966,382.7556,0.2330,113.8625,0.1066,37.9800]
[59.5966,382.5671,0.3316,113.8613,0.0968,37.9300]
[59.5966,382.6015,0.2586,113.8306,0.1116,37.9100]
[59.5966,382.5387,0.4077,113.8630,0.1378,37.9100]
[59.5966,382.5500,0.2845,113.8528,0.1283,37.8900]
[59.5966,382.5521,0.3468,113.8542,0.1581,37.9600]
[59.5966,382.5883,0.2323,113.8981,0.1040,38.0400]
[59.5966,113.9519,0.0978,357.2969,0.3196,38.1600]
[59.5966,113.9636,0.1193,357.3670,0.2320,38.1300]
[59.5966,113.8913,0.1324,357.1203,0.2935,38.1500]
[59.5966,113.8621,0.0872,357.1251,0.3205,38.1800]
[59.5966,113.9287,0.1304,357.2087,0.2438,38.1900]
[59.5966,113.9468,0.0901,357.3210,0.3140,38.2200]
[59.5966,114.0035,0.0894,357.3773,0.2246,38.2800]
[59.5966,114.0078,0.0825,357.4734,0.2069,38.3100]
[59.5966,113.9958,0.1125,357.3104,0.3010,38.3700]
[59.5966,113.9319,0.0886,357.2350,0.2531,38.4600]
[59.5166,381.0753,0.3440,113.4057,0.1416,38.6900]
[59.5166,381.2415,0.3418,113.4589,0.1418,38.6600]
[59.5166,381.2354,0.3194,113.4682,0.1223,38.6300]
[59.5166,381.0728,1.8053,113.5013,0.0880,38.6700]
[59.5166,381.7080,0.1841,113.6011,0.1212,38.6900]
[59.5166,381.4895,0.3022,113.5402,0.1077,38.6900]
[59.5166,381.5403,0.1632,113.5945,0.0936,38.5900]
[59.5166,381.8616,0.2614,113.6443,0.0655,38.6000]
[59.5166,381.8375,0.2175,113.6638,0.0787,38.5400]
[59.5166,381.8347,0.2554,113.7161,0.0983,38.4600]
[59.5166,113.0821,0.1153,354.0885,0.2673,38.3600]
[59.5166,113.1020,0.1163,353.8562,0.2820,38.2500]
[59.5166,113.1681,0.1169,354.0469,0.2939,38.1900]
[59.5166,113.0617,0.1059,353.7940,0.3292,38.2300]
[59.5166,113.0667,0.0879,353.8043,0.2060,38.2000]
[59.5166,113.1257,0.0886,353.9209,0.1821,38.2600]
[59.5166,113.2396,0.1142,354.1780,0.2648,38.1200]
[59.5166,113.2442,0.1001,354.0713,0.3543,38.1900]
[59.5166,113.2405,0.1087,353.9884,0.2746,38.1000]
[59.5166,113.1614,0.1003,353.7447,0.2853,38.1100]
[59.4388,381.5173,0.3246,113.5952,0.1112,38.1200]
[59.4388,381.3608,0.2464,113.5232,0.0799,38.0600]
[59.4388,381.4575,0.1693,113.5186,0.0726,38.1000]
[59.4388,381.4254,0.2254,113.5423,0.0865,38.0800]
[59.4388,381.5111,0.2935,113.5769,0.1108,38.0100]
[59.4388,381.5300,0.2838,113.5860,0.0789,37.9400]
[59.4388,381.6691,0.1927,113.6100,0.0708,37.9600]
[59.4388,381.3199,0.2184,113.5282,0.0763,38.0000]
[59.4388,381.4475,0.2447,113.5576,0.0757,38.0500]
[59.4388,381.4049,0.2429,113.5897,0.0891,38.0800]
[59.4388,113.1990,0.0810,353.0671,0.2293,38.1200]
[59.4388,113.1741,0.1249,352.9250,0.2464,38.1000]
[59.4388,113.1906,0.1272,352.8245,0.4004,38.1400]
[59.4388,113.0755,0.0812,352.6714,0.2799,38.0200]
[59.4388,113.0167,0.0898,352.5356,0.2546,37.9600]
[59.4388,113.0791,0.0801,352.4427,0.2679,37.9200]
[59.4388,113.0654,0.0794,352.4329,0.1933,37.8300]
[59.4388,113.0804,0.0776,352.4070,0.2439,37.8100]
[59.4388,113.0913,0.1041,352.3232,0.2030,37.8000]
[59.4388,113.0697,0.1302,352.3614,0.3447,37.7600]
[59.3608,380.2814,0.2618,113.4219,0.0723,37.8000]
[59.3608,380.1726,0.3358,113.3570,0.0788,37.8500]
[59.3608,380.0588,0.2720,113.3963,0.0794,37.8800]
[59.3608,380.0581,0.3114,113.3448,0.0772,37.7900]
[59.3608,379.9433,0.2466,113.3100,0.0925,37.7600]
[59.3608,379.8304,0.2976,113.3056,0.1041,37.8100]
[59.3608,379.7581,0.1876,113.2712,0.0879,37.8400]
[59.3608,379.8170,0.2136,113.3070,0.0590,37.9400]
[59.3608,379.9975,0.3035,113.3392,0.0997,38.0300]
[59.3608,379.9686,0.1702,113.3424,0.0884,38.0700]
[59.3608,111.9656,0.1083,359.5055,0.3711,38.0900]
[59.3608,111.9520,0.1094,359.4449,0.2263,38.1800]
[59.3608,111.9810,0.0836,359.4497,0.3481,38.2300]
[59.3608,111.9547,0.0844,359.3455,0.3169,38.2700]
[59.3608,111.9720,0.0882,359.4576,0.2912,38.2900]
[59.3608,112.0321,0.0947,359.6648,0.1961,38.2800]
[59.3608,112.0735,0.0735,359.8584,0.2118,38.3500]
[59.3608,112.0647,0.0968,359.7335,0.2817,38.3800]
[59.3608,112.1033,0.1024,359.8510,0.2692,38.4100]
[59.3608,112.0291,0.1234,359.6223,0.3767,38.4800]
[59.2826,380.1723,0.3695,113.2383,0.0814,38.4600]
[59.2826,380.2124,0.2416,113.1976,0.0925,38.4300]
[59.2826,380.0802,0.2234,113.1403,0.0882,38.4100]
[59.2826,380.1732,0.2187,113.2387,0.0830,38.3800]
[59.2826,380.1847,0.2335,113.2410,0.0788,38.3600]
[59.2826,380.3198,0.3412,113.2614,0.1158,38.3200]
[59.2826,380.3623,0.1997,113.2594,0.0916,38.2700]
[59.2826,380.3829,0.4180,113.2126,0.1208,38.2300]
[59.2826,380.1432,0.4051,113.2473,0.1475,38.2600]
[59.2826,380.0310,0.3464,113.2268,0.0958,38.2000]
[59.2826,112.6097,0.1344,360.9630,0.2943,38.2300]
[59.2826,112.5661,0.0978,360.6627,0.4461,38.2600]
[59.2826,112.5628,0.1023,360.5818,0.2662,38.3100]
[59.2826,112.6069,0.0960,360.6659,0.2935,38.3200]
[59.2826,112.5712,0.0810,360.5562,0.2901,38.3300]
[59.2826,112.5827,0.1349,360.6841,0.3070,38.3100]
[59.2826,112.5243,0.1647,360.4738,0.3982,38.3400]
[59.2826,112.4900,0.0968,360.3467,0.3265,38.4300]
[59.2826,112.3924,0.1368,360.2215,0.3208,38.4800]
[59.2826,112.3447,0.0866,359.9565,0.2553,38.5000]
[59.2018,378.4955,0.3768,112.8614,0.0966,38.3300]
[59.2018,378.6738,0.3008,112.8907,0.0943,38.3900]
[59.2018,378.6859,0.3186,112.8677,0.1018,38.4100]
[59.2018,378.6284,0.2621,112.8602,0.1157,38.4200]
[59.2018,378.7628,0.2329,112.8729,0.0685,38.3200]
[59.2018,378.5404,0.2620,112.8751,0.1052,38.2400]
[59.2018,378.6557,0.2620,112.9055,0.0744,38.0600]
[59.2018,378.6894,0.2287,112.8885,0.0826,38.0500]
[59.2018,378.6678,0.2378,112.8815,0.0971,38.0700]
[59.2018,378.6958,0.1690,112.8801,0.0554,38.0700]
[59.2018,109.0584,0.0653,355.2560,0.2883,38.0600]
[59.2018,109.0368,0.0521,355.3558,0.1348,38.0300]
[59.2018,108.9472,0.1075,355.3584,0.2084,37.9600]
[59.2018,108.9422,0.1017,355.2646,0.1993,37.8600]
[59.2018,108.8682,0.1149,354.9878,0.1844,37.8400]
[59.2018,108.8060,0.1015,354.9669,0.2373,37.8000]
[59.2018,108.7736,0.1546,354.9999,0.2554,37.7600]
[59.2018,108.7923,0.0854,355.0644,0.2384,37.7800]
[59.2018,108.8309,0.0634,355.2944,0.1868,37.7600]
[59.2018,108.8149,0.0630,355.3961,0.2170,37.7600]
[59.1233,374.7498,0.2390,111.0714,0.0793,37.7300]
[59.1233,374.7754,0.1671,111.0812,0.0550,37.7300]
[59.1233,374.7827,0.2172,111.0953,0.0561,37.7400]
[59.1233,374.5942,0.1780,111.0638,0.0660,37.6700]
[59.1233,374.7489,0.1352,111.1084,0.0575,37.5600]
[59.1233,374.6264,0.1533,111.0658,0.0622,37.5400]
[59.1233,374.5651,0.1840,111.0701,0.0801,37.4500]
[59.1233,374.5013,0.2244,111.0518,0.0908,37.4000]
[59.1233,374.6168,0.1968,111.1174,0.0647,37.3300]
[59.1233,374.5850,0.1894,111.0637,0.0715,37.3300]
[59.1233,107.8851,0.0826,349.0681,0.2031,37.2800]
[59.1233,107.8360,0.0627,348.9978,0.1737,37.2600]
[59.1233,107.8717,0.0700,349.0583,0.1611,37.2600]
[59.1233,107.8941,0.0660,349.0915,0.1792,37.2500]
[59.1233,107.8622,0.0691,348.9716,0.1605,37.2300]
[59.1233,107.8050,0.0542,348.9199,0.1219,37.2600]
[59.1233,107.8286,0.0747,348.9204,0.1939,37.2700]
[59.1233,107.7488,0.0813,348.6747,0.2044,37.2100]
[59.1233,107.7759,0.0901,348.7077,0.2963,37.2300]
[59.1233,107.6902,0.0735,348.4871,0.3368,37.2800]
[59.0446,374.3329,0.2934,110.7274,0.1159,37.3200]
[59.0446,374.4094,0.2634,110.7515,0.0982,37.3900]
[59.0446,374.1827,0.2802,110.6532,0.0990,37.5100]
[59.0446,374.3728,0.3462,110.7100,0.1174,37.6200]
[59.0446,374.1330,0.2938,110.6651,0.0903,37.7500]
[59.0446,374.2212,0.2676,110.6756,0.1018,37.8600]
[59.0446,374.2375,0.3367,110.6929,0.0728,37.8900]
[59.0446,373.8263,0.5052,110.5973,0.0825,37.8800]
[59.0446,374.1004,0.5512,110.5871,0.1310,37.9600]
[59.0446,374.0153,0.6043,110.5858,0.1468,38.0300]
[59.0446,109.0206,0.1313,352.1459,0.4070,38.1200]
[59.0446,108.9533,0.1052,351.9388,0.5090,38.1700]
[59.0446,108.9450,0.1420,351.9690,0.4508,38.1600]
[59.0446,108.9373,0.1004,352.0767,0.3688,38.2000]
[59.0446,109.0098,0.1097,352.0806,0.3297,38.2800]
[59.0446,108.9518,0.0940,352.2185,0.2327,38.3500]
[59.0446,109.0398,0.0824,352.3813,0.3287,38.3700]
[59.0446,109.0999,0.1328,352.5959,0.3404,38.4000]
[59.0446,109.1021,0.0941,352.8278,0.3206,38.4100]
[59.0446,109.1098,0.0711,352.7894,0.2969,38.4900]
[58.9682,374.2429,0.3576,110.2515,0.1132,38.6300]
[58.9682,374.3596,0.2565,110.2287,0.0953,38.6400]
[58.9682,374.3922,0.3070,110.2778,0.0723,38.6000]
[58.9682,374.4248,0.3300,110.2892,0.1195,38.5100]
[58.9682,374.6111,0.2727,110.3336,0.0868,38.4300]
[58.9682,374.5367,0.3310,110.3165,0.1141,38.4600]
[58.9682,374.5802,0.3661,110.3637,0.1408,38.4100]
[58.9682,374.5765,0.3169,110.3870,0.1212,38.3300]
[58.9682,374.5358,0.3708,110.3823,0.1206,38.1900]
[58.9682,374.7610,0.3331,110.3581,0.0903,38.0700]
[58.9682,109.9352,0.0917,349.5493,0.3214,38.0000]
[58.9682,109.9381,0.1200,349.5672,0.3751,37.9900]
[58.9682,109.8714,0.1032,349.2865,0.2032,38.0100]
[58.9682,109.8344,0.1206,349.1380,0.3249,38.0900]
[58.9682,109.7634,0.1159,349.0086,0.3314,38.1900]
[58.9682,109.7947,0.0786,348.9994,0.2569,38.2300]
[58.9682,109.7453,0.0810,348.8667,0.2310,38.2700]
[58.9682,109.7833,0.0733,348.9596,0.2039,38.3000]
[58.9682,109.8129,0.1077,349.0899,0.3313,38.1900]
[58.9682,109.8863,0.0970,349.3363,0.3696,38.2500]
[58.8892,375.4373,0.3866,110.0671,0.1187,38.4000]
[58.8892,375.2448,0.3567,109.9966,0.1515,38.3800]
[58.8892,375.2633,0.5017,110.0086,0.1313,38.4700]
[58.8892,375.3984,0.2728,110.0410,0.1328,38.5300]
[58.8892,375.2893,0.3399,109.9628,0.0923,38.5900]
[58.8892,375.1423,0.2009,109.9521,0.0741,38.6300]
[58.8892,375.0981,0.3378,109.9203,0.1061,38.6200]
[58.8892,375.0689,0.1730,109.9262,0.0664,38.6800]
[58.8892,375.0715,0.2336,109.9610,0.0744,38.6600]
[58.8892,375.1436,0.3007,109.9317,0.0923,38.6600]
[58.8892,109.7828,0.0910,350.2117,0.3531,38.6700]
[58.8892,109.8051,0.1185,350.2686,0.3612,38.7100]
[58.8892,109.7493,0.1080,350.1246,0.3532,38.7500]
[58.8892,109.7307,0.0983,350.1049,0.2691,38.7800]
[58.8892,109.8157,0.1233,350.1882,0.4164,38.7700]
[58.8892,109.8049,0.1409,350.2690,0.3986,38.7300]
[58.8892,109.7654,0.1304,350.2729,0.3316,38.8300]
[58.8892,109.8025,0.0971,350.0799,0.5045,38.9200]
[58.8892,109.9006,0.1074,350.4933,0.5178,38.9800]
[58.8892,109.8926,0.1329,350.6195,0.4278,39.0400]
[58.8100,375.2773,0.2619,110.7031,0.1122,39.1300]
[58.8100,375.2697,0.3038,110.7379,0.0898,39.1500]
[58.8100,375.4193,0.3767,110.7833,0.1100,39.0300]
[58.8100,375.5227,0.4317,110.8246,0.1210,38.9500]
[58.8100,375.5225,0.3041,110.8261,0.0911,38.8700]
[58.8100,375.4263,0.2360,110.7894,0.0864,38.7900]
[58.8100,375.5180,0.3305,110.8279,0.1092,38.7800]
[58.8100,375.4147,0.3575,110.7519,0.1122,38.8200]
[58.8100,375.7378,0.2995,110.8544,0.0897,38.7700]
[58.8100,375.4534,0.2903,110.7646,0.0816,38.7800]
[58.8100,109.2474,0.0686,350.1637,0.2173,38.7400]
[58.8100,109.2674,0.0964,350.2244,0.1905,38.6700]
[58.8100,109.2773,0.0927,350.2194,0.2645,38.6400]
[58.8100,109.2487,0.1038,350.2486,0.2529,38.6400]
[58.8100,109.2181,0.0884,350.1367,0.2646,38.6200]
[58.8100,109.1474,0.0730,349.8684,0.2298,38.5800]
[58.8100,109.1468,0.1013,349.9478,0.2145,38.5600]
[58.8100,109.1420,0.0656,350.0979,0.2495,38.5000]
[58.8100,109.1645,0.0991,349.9630,0.3650,38.4400]
[58.8100,109.1218,0.1138,349.9716,0.3958,38.4300]
[58.7306,374.4585,0.3858,110.0097,0.1348,38.5100]
[58.7306,374.4365,0.4216,109.9149,0.1067,38.6000]
[58.7306,374.2863,0.3985,109.9007,0.0996,38.6700]
[58.7306,374.2221,0.4894,109.8655,0.1174,38.7100]
[58.7306,374.2209,0.3332,109.8411,0.0785,38.7600]
[58.7306,374.1762,0.4230,109.8511,0.0964,38.8400]
[58.7306,373.9752,0.4365,109.7848,0.0875,38.8900]
[58.7306,374.0483,0.2511,109.7971,0.0780,38.9600]
[58.7306,373.9907,0.3144,109.8000,0.1003,39.0500]
[58.7306,373.9253,0.3734,109.7622,0.1177,39.1000]
[58.7306,108.9943,0.0901,347.5354,0.3409,39.0600]
[58.7306,108.9385,0.1138,347.3672,0.2674,39.0600]
[58.7306,108.8864,0.1287,347.1784,0.3515,39.0600]
[58.7306,108.9066,0.0752,347.2574,0.2202,39.0900]
[58.7306,108.8250,0.0882,347.1416,0.2692,39.1100]
[58.7306,108.7630,0.1105,347.0216,0.3176,39.1900]
[58.7306,108.7301,0.1293,346.9016,0.2657,39.2700]
[58.7306,108.7104,0.0967,346.8972,0.2639,39.3100]
[58.7306,108.7228,0.1032,346.9898,0.2917,39.3400]
[58.7306,108.5560,0.1312,346.5522,0.3756,39.3100]
[58.6536,372.4714,0.4733,109.2174,0.1331,39.3900]
[58.6536,372.4343,0.5093,109.1761,0.1591,39.4500]
[58.6536,372.5572,0.2545,109.2166,0.1196,39.4700]
[58.6536,372.5017,0.3635,109.2002,0.1267,39.5100]
[58.6536,372.3961,0.3582,109.2077,0.1094,39.5700]
[58.6536,372.5287,0.3747,109.2482,0.0937,39.6200]
[58.6536,372.6913,0.4751,109.2821,0.1106,39.6100]
[58.6536,372.7655,0.2116,109.3295,0.0925,39.4700]
[58.6536,372.5684,0.3494,109.2388,0.1150,39.3400]
[58.6536,372.6076,0.4542,109.2712,0.1221,39.3300]
[58.6536,106.7315,0.1012,349.9024,0.3512,39.1900]
[58.6536,106.7268,0.1073,349.8745,0.3222,39.0400]
[58.6536,106.7180,0.1009,349.8762,0.2581,39.0300]
[58.6536,106.6702,0.1065,349.7632,0.3784,39.0200]
[58.6536,106.7015,0.0961,349.6078,0.2923,39.0700]
[58.6536,106.6662,0.0858,349.6630,0.3279,39.1500]
[58.6536,106.6857,0.1185,349.5489,0.4336,39.2100]
[58.6536,106.7358,0.0836,349.7375,0.2502,39.3000]
[58.6536,106.7031,0.1046,349.5402,0.2764,39.3000]
[58.6536,106.6821,0.1051,349.4253,0.2833,39.3700]
[58.5739,372.1427,0.4458,109.4009,0.1285,39.5000]
[58.5739,372.1534,0.2634,109.4516,0.0570,39.5300]
[58.5739,372.3082,0.2421,109.5013,0.1006,39.5200]
[58.5739,372.3337,0.2959,109.4949,0.0912,39.4100]
[58.5739,372.4827,0.2249,109.5876,0.0837,39.3500]
[58.5739,372.7226,0.2062,109.6541,0.0677,39.2600]
[58.5739,373.1050,0.2403,109.7589,0.1020,39.1200]
[58.5739,372.8963,0.1908,109.7001,0.0593,39.0700]
[58.5739,372.7754,0.2579,109.6758,0.0849,39.0800]
[58.5739,372.8655,0.3565,109.6915,0.1297,39.1300]
[58.5739,108.1179,0.0590,348.4890,0.1865,39.0400]
[58.5739,108.1169,0.0933,348.4444,0.2623,39.0800]
[58.5739,108.0704,0.1060,348.2362,0.2546,39.0500]
[58.5739,108.0180,0.0825,348.1350,0.2634,39.0700]
[58.5739,107.9380,0.0844,347.8598,0.2431,39.0900]
[58.5739,107.9614,0.0780,347.8793,0.2744,39.1200]
[58.5739,107.9876,0.0468,348.0039,0.2565,39.1900]
[58.5739,107.9473,0.0949,347.8434,0.2573,39.1900]
[58.5739,107.9410,0.0798,347.8477,0.2782,39.2100]
[58.5739,107.9486,0.0616,347.8218,0.2077,39.2900]
[58.4966,372.9341,0.1972,109.4797,0.0797,39.4400]
[58.4966,373.1084,0.2783,109.4921,0.1068,39.3800]
[58.4966,372.8933,0.2788,109.4421,0.0969,39.2900]
[58.4966,373.0528,0.4846,109.4883,0.1436,39.2200]
[58.4966,372.9322,0.3896,109.4441,0.1136,39.1600]
[58.4966,373.2444,0.4581,109.5126,0.1613,39.0200]
[58.4966,373.2452,0.3153,109.5523,0.1042,39.0000]
[58.4966,373.4559,0.3450,109.6021,0.1074,38.9500]
[58.4966,373.7232,0.3185,109.6857,0.1144,38.9800]
[58.4966,373.7141,0.3821,109.6536,0.1320,39.0300]
[58.4966,108.3809,0.1019,353.0096,0.3262,39.1800]
[58.4966,108.3585,0.0933,352.9994,0.2724,39.2900]
[58.4966,108.3256,0.1184,352.8602,0.3692,39.3400]
[58.4966,108.2800,0.0898,352.8398,0.2706,39.4100]
[58.4966,108.1808,0.1341,352.6984,0.3654,39.4500]
[58.4966,108.2765,0.1358,352.9820,0.3734,39.5000]
[58.4966,108.2795,0.1211,353.1403,0.2845,39.4700]
[58.4966,108.3065,0.1144,353.2672,0.3569,39.4600]
[58.4966,108.3079,0.1344,353.1081,0.3827,39.4300]
[58.4966,108.2340,0.1121,353.0424,0.3323,39.3500]
[58.4166,371.4273,0.3924,109.1544,0.1121,39.3800]
[58.4166,371.4990,0.3831,109.1703,0.0983,39.3900]
[58.4166,371.6474,0.3626,109.1615,0.0936,39.5100]
[58.4166,371.6724,0.4334,109.2238,0.1224,39.6100]
[58.4166,371.7630,0.2994,109.2130,0.1071,39.6700]
[58.4166,371.2876,0.3406,109.1060,0.0912,39.7300]
[58.4166,371.2187,0.3004,109.0794,0.0985,39.7700]
[58.4166,371.3934,0.2660,109.0945,0.0872,39.8600]
[58.4166,371.1964,0.2665,109.0435,0.0974,39.9200]
[58.4166,371.1340,0.2713,109.0433,0.0928,39.9800]
[58.4166,108.8282,0.1075,349.5203,0.3847,39.9900]
[58.4166,108.8288,0.1070,349.5693,0.3067,39.9200]
[58.4166,108.7786,0.1326,349.3839,0.2893,39.9000]
[58.4166,108.8667,0.1120,349.6193,0.2841,39.8100]
[58.4166,108.7501,0.1702,349.3157,0.4479,39.7500]
[58.4166,108.7972,0.1482,349.4969,0.3912,39.7500]
[58.4166,108.8003,0.1462,349.4662,0.2767,39.6900]
[58.4166,108.7552,0.1409,349.2318,0.3726,39.5800]
[58.4166,108.7809,0.0965,349.4303,0.3201,39.4600]
[58.4166,108.8274,0.1034,349.5856,0.2842,39.3100]
[58.3339,377.9966,0.4032,110.4193,0.1100,39.1600]
[58.3339,377.8474,0.3074,110.3744,0.1119,39.1000]
[58.3339,377.7892,0.2474,110.3412,0.0838,39.0000]
[58.3339,377.8328,0.3203,110.3561,0.1313,38.9100]
[58.3339,377.8309,0.3737,110.3584,0.1432,38.9000]
[58.3339,377.8943,0.1997,110.4216,0.0912,38.8600]
[58.3339,377.5235,0.4180,110.3087,0.1526,38.7600]
[58.3339,377.3726,0.3754,110.2827,0.1162,38.6800]
[58.3339,377.1013,0.5221,110.2815,0.1503,38.5700]
[58.3339,377.1747,0.3529,110.2788,0.1378,38.3700]
[58.3339,110.3931,0.1003,350.5028,0.2887,38.3100]
[58.3339,110.3198,0.1472,350.1652,0.5065,38.3500]
[58.3339,110.4052,0.1191,350.4456,0.3048,38.3100]
[58.3339,110.5060,0.1654,350.8862,0.4298,38.3200]
[58.3339,110.3910,0.1315,350.6050,0.3231,38.3600]
[58.3339,110.4388,0.1460,350.8356,0.3830,38.3900]
[58.3339,110.4752,0.1511,350.9971,0.4232,38.4600]
[58.3339,110.4714,0.1360,351.0154,0.3898,38.5000]
[58.3339,110.4354,0.1402,351.0071,0.4327,38.4900]
[58.3339,110.4570,0.0887,350.9975,0.2201,38.4000]
[58.2536,374.4023,0.3999,109.7914,0.1215,38.3900]
[58.2536,374.4335,0.2017,109.7940,0.0694,38.3700]
[58.2536,374.5205,0.1727,109.8196,0.0837,38.4000]
[58.2536,374.6629,0.2203,109.8149,0.0676,38.4200]
[58.2536,374.6150,0.2022,109.8221,0.0812,38.4000]
[58.2536,374.4565,0.3027,109.7998,0.0965,38.3500]
[58.2536,374.2983,0.2896,109.7685,0.0870,38.3200]
[58.2536,374.1778,0.3575,109.7123,0.1143,38.3400]
[58.2536,373.9532,0.2891,109.7325,0.1076,38.3300]
[58.2536,373.9698,0.2608,109.7078,0.0892,38.3200]
[58.2536,110.2977,0.1295,354.0495,0.5016,38.3600]
[58.2536,110.2671,0.0787,353.6895,0.2831,38.3100]
[58.2536,110.2596,0.1043,353.8531,0.2961,38.2900]
[58.2536,110.2454,0.0987,353.6916,0.2795,38.2300]
[58.2536,110.2349,0.0933,353.7377,0.1446,38.1600]
[58.2536,110.2499,0.0730,353.7942,0.1673,38.1200]
[58.2536,110.1536,0.1450,353.5006,0.3832,38.0700]
[58.2536,110.0945,0.1175,353.2970,0.3229,38.1000]
[58.2536,110.1660,0.1112,353.5415,0.2692,37.9300]
[58.2536,110.2150,0.0749,353.7314,0.1884,38.0000]
[58.1757,375.2838,0.2816,110.3065,0.0837,38.0100]
[58.1757,375.2586,0.3040,110.3007,0.1080,38.0200]
[58.1757,375.3994,0.4191,110.3132,0.1180,38.0900]
[58.1757,375.3871,0.4240,110.3166,0.1171,38.1000]
[58.1757,375.3893,0.3402,110.3598,0.0914,38.1000]
[58.1757,375.4040,0.3506,110.3637,0.1109,38.0400]
[58.1757,375.5252,0.2770,110.4155,0.0811,38.0100]
[58.1757,375.4716,0.2160,110.4074,0.0704,37.9900]
[58.1757,375.5329,0.2791,110.4437,0.0819,38.0600]
[58.1757,375.4016,0.2814,110.3893,0.0939,38.1500]
[58.1757,110.3821,0.0763,354.7473,0.1481,38.1800]
[58.1757,110.3722,0.1129,354.7809,0.2956,38.1500]
[58.1757,110.2724,0.0930,354.6136,0.2709,38.1800]
[58.1757,110.2298,0.0891,354.3618,0.2422,38.1400]
[58.1757,110.2125,0.0802,354.4050,0.2610,38.0600]
[58.1757,110.1562,0.1121,354.2174,0.3271,38.1000]
[58.1757,110.2054,0.1078,354.4670,0.3571,38.0700]
[58.1757,110.1555,0.1070,354.3259,0.2939,38.0000]
[58.1757,110.1268,0.0587,354.1702,0.1488,37.9900]
[58.1757,110.1037,0.0816,354.2017,0.2600,38.0000]
[58.0951,375.5928,0.2034,109.9569,0.0931,38.0500]
[58.0951,375.6419,0.3231,109.9862,0.1087,38.0300]
[58.0951,375.6361,0.2417,110.0002,0.0948,38.0400]
[58.0951,375.4618,0.3088,109.9938,0.1089,38.0800]
[58.0951,375.3793,0.2550,110.0463,0.0943,38.0200]
[58.0951,375.7016,0.3714,110.1058,0.0916,37.9500]
[58.0951,375.6569,0.3817,110.0985,0.0932,37.9500]
[58.0951,375.7082,0.3115,110.1079,0.1019,37.8600]
[58.0951,375.4688,0.1784,110.0414,0.0667,37.8300]
[58.0951,375.5838,0.2731,110.1091,0.0625,37.8400]
[58.0951,109.9893,0.1059,354.2276,0.3019,37.8700]
[58.0951,109.9945,0.1494,354.3438,0.4869,37.9200]
[58.0951,109.9340,0.0960,354.1590,0.3071,38.0000]
[58.0951,109.8525,0.1082,353.8629,0.3175,38.0700]
[58.0951,109.8744,0.1071,354.0399,0.3596,38.1800]
[58.0951,109.9325,0.1003,354.3271,0.3696,38.2900]
[58.0951,109.9266,0.0693,354.2379,0.3619,38.3600]
[58.0951,109.9054,0.1037,354.1436,0.2480,38.4100]
[58.0951,109.9575,0.1430,354.1617,0.4288,38.4600]
[58.0951,109.9312,0.1717,354.4516,0.4768,38.5400]
[58.0169,374.5251,0.3996,109.9731,0.0930,38.7000]
[58.0169,375.0042,0.4352,110.0899,0.1269,38.7700]
[58.0169,375.0614,0.3288,110.0966,0.1336,38.7800]
[58.0169,375.2943,0.3478,110.2383,0.1639,38.7700]
[58.0169,375.2420,0.5244,110.1794,0.1897,38.8100]
[58.0169,375.2978,0.5607,110.1901,0.1594,38.8400]
[58.0169,375.3235,0.3153,110.2198,0.1399,38.8800]
[58.0169,375.2804,0.2787,110.2400,0.1079,38.9100]
[58.0169,375.4368,0.2540,110.2871,0.0913,38.9300]
[58.0169,375.4205,0.3347,110.3114,0.0743,38.8900]
[58.0169,110.2667,0.1155,355.3584,0.3218,38.8300]
[58.0169,110.2736,0.0949,355.4427,0.2280,38.7600]
[58.0169,110.2929,0.0976,355.4352,0.4093,38.6300]
[58.0169,110.2432,0.0986,355.3481,0.3297,38.5600]
[58.0169,110.3058,0.1491,355.5935,0.3646,38.4600]
[58.0169,110.3556,0.1261,355.6870,0.4803,38.4200]
[58.0169,110.3565,0.0991,355.7873,0.2798,38.4300]
[58.0169,110.3140,0.0864,355.7305,0.2958,38.4700]
[58.0169,110.3260,0.1062,355.7585,0.2660,38.5700]
[58.0169,110.3349,0.1153,355.8362,0.3694,38.6100]
[57.9334,369.5680,0.4290,108.0787,0.1386,38.8300]
[57.9334,369.5462,0.3941,108.0510,0.1164,38.9400]
[57.9334,369.1328,0.4119,107.9929,0.1807,39.0500]
[57.9334,369.3170,0.4997,108.0666,0.1277,39.1300]
[57.9334,369.1780,0.4340,107.9973,0.1690,39.1700]
[57.9334,368.7635,0.3816,107.8987,0.1297,39.2200]
[57.9334,369.0318,0.3106,107.9693,0.1399,39.3200]
[57.9334,368.9718,0.3596,107.8891,0.0856,39.3900]
[57.9334,368.9067,0.2839,107.8881,0.1066,39.3800]
[57.9334,368.9644,0.5751,107.9086,0.1332,39.4400]
[57.9334,106.2760,2.2298,343.9313,6.7680,39.5100]
[57.9334,106.7987,0.1305,345.3891,0.3195,39.4800]
[57.9334,106.7583,0.1208,345.3006,0.3483,39.4300]
[57.9334,106.7506,0.1986,345.3813,0.4211,39.4000]
[57.9334,106.7180,0.1159,345.1368,0.3204,39.3600]
[57.9334,106.6827,0.1037,345.0677,0.2446,39.3900]
[57.9334,106.5795,0.1113,344.8863,0.4132,39.4000]
[57.9334,106.5627,0.1120,344.8158,0.2861,39.4200]
[57.9334,106.5547,0.1361,344.9467,0.4829,39.4200]
[57.9334,106.6572,0.1034,345.1685,0.2358,39.3800]
[57.8549,367.4522,0.3893,106.9554,0.1129,39.2900]
[57.8549,367.5253,0.3082,106.9315,0.1232,39.2700]
[57.8549,367.3743,0.2956,106.9238,0.0789,39.2800]
[57.8549,367.2921,0.2795,106.8818,0.1151,39.2100]
[57.8549,367.3047,0.3378,106.8992,0.1013,39.1300]
[57.8549,367.3987,0.3524,106.9128,0.1275,39.0900]
[57.8549,367.0823,0.3634,106.8321,0.0876,39.0500]
[57.8549,367.0917,0.4059,106.8171,0.1292,39.0000]
[57.8549,367.4051,0.4008,106.8924,0.1383,38.9300]
[57.8549,367.5039,0.3655,106.8973,0.1105,38.9500]
[57.8549,106.6185,0.1889,346.4441,0.4289,39.0400]
[57.8549,106.6342,0.1094,346.5488,0.3724,39.0500]
[57.8549,106.5870,0.1140,346.3263,0.2335,38.8800]
[57.8549,106.5480,0.1244,346.2427,0.2713,38.8200]
[57.8549,106.5019,0.0956,346.1416,0.2414,38.7800]
[57.8549,106.5664,0.0933,346.2461,0.2166,38.7400]
[57.8549,106.5601,0.0970,346.2544,0.2518,38.6800]
[57.8549,106.5119,0.1177,346.0145,0.2677,38.6500]
[57.8549,106.4769,0.1110,345.9384,0.2757,38.6100]
[57.8549,106.4441,0.1186,345.8833,0.3846,38.6300]
[57.7737,368.3388,0.3465,107.7397,0.0745,38.6500]
[57.7737,368.4326,0.3341,107.7721,0.1104,38.6700]
[57.7737,368.5175,0.3164,107.7801,0.1099,38.5700]
[57.7737,368.6263,0.3005,107.8510,0.1102,38.5700]
[57.7737,368.5265,0.3321,107.8136,0.1149,38.6200]
[57.7737,368.6346,0.2825,107.8111,0.0711,38.6800]
[57.7737,368.6092,0.3716,107.7955,0.1364,38.6200]
[57.7737,368.6101,0.2691,107.8053,0.1110,38.5500]
[57.7737,368.5591,0.2617,107.8263,0.1286,38.4900]
[57.7737,368.7405,0.2783,107.8677,0.0991,38.4500]
[57.7737,106.3828,0.0797,346.3515,0.2007,38.4000]
[57.7737,106.3432,0.0945,346.2623,0.2401,38.4500]
[57.7737,106.3325,0.1007,346.2696,0.2519,38.3700]
[57.7737,106.4119,0.1087,346.4734,0.2645,38.3200]
[57.7737,106.3678,0.1083,346.3907,0.2095,38.2300]
[57.7737,106.3751,0.0837,346.2909,0.1684,38.1600]
[57.7737,106.3762,0.0992,346.2632,0.2452,38.0700]
[57.7737,106.4251,0.0731,346.3722,0.1619,38.0700]
[57.7737,106.3999,0.1077,346.3163,0.2249,38.0400]
[57.7737,106.4045,0.1018,346.3311,0.2700,37.9900]
[57.6923,367.9018,0.2733,107.6751,0.1127,37.8800]
[57.6923,367.7881,0.3467,107.6598,0.0953,37.9200]
[57.6923,367.9391,0.3214,107.6787,0.1164,37.9300]
[57.6923,367.8172,0.2708,107.6806,0.0832,37.8500]
[57.6923,367.9431,0.3528,107.7314,0.1096,37.7700]
[57.6923,367.9555,0.3506,107.7371,0.0985,37.7800]
[57.6923,367.8258,0.2718,107.6850,0.0823,37.7800]
[57.6923,367.7189,0.3035,107.5999,0.1136,37.7900]
[57.6923,368.0134,0.2450,107.7145,0.1133,37.8000]
[57.6923,367.6378,0.2766,107.6081,0.1210,37.8300]
[57.6923,106.3357,0.1073,347.5967,0.3091,37.8400]
[57.6923,106.3771,0.1037,347.7511,0.3391,37.8200]
[57.6923,106.3326,0.0815,347.6708,0.2331,37.7500]
[57.6923,106.3720,0.1289,347.7385,0.3986,37.8200]
[57.6923,106.3874,0.0966,347.7444,0.2658,37.8100]
[57.6923,106.3329,0.0878,347.7160,0.2275,37.9000]
[57.6923,106.2671,0.1196,347.6097,0.3299,37.9800]
[57.6923,106.3559,0.1147,347.8835,0.2481,37.9600]
[57.6923,106.3019,0.1219,347.7914,0.2781,37.9600]
[57.6923,106.2665,0.0862,347.6552,0.2303,37.9400]
[57.6134,368.9887,0.3114,107.1801,0.0812,37.7800]
[57.6134,368.5090,0.4035,107.0375,0.1317,37.7400]
[57.6134,368.2976,0.5293,106.9206,0.1368,37.7400]
[57.6134,368.4050,0.3520,107.0835,0.1251,37.7400]
[57.6134,368.4665,0.3467,107.0511,0.1074,37.8100]
[57.6134,368.4722,0.5219,107.0349,0.1157,37.9100]
[57.6134,368.4123,0.2887,107.0553,0.1119,38.0100]
[57.6134,368.3091,0.3757,107.0190,0.0898,38.1100]
[57.6134,368.3186,0.3622,107.0717,0.1269,38.1600]
[57.6134,368.3459,0.3845,107.0433,0.1218,38.1100]
[57.6134,105.6421,0.1254,344.7224,0.3676,38.1000]
[57.6134,105.5973,0.1045,344.6192,0.5293,38.1000]
[57.6134,105.6666,0.1242,344.6873,0.3117,38.1400]
[57.6134,105.6688,0.1340,344.8372,0.3769,38.1500]
[57.6134,105.6905,0.1366,344.8404,0.4602,38.1400]
[57.6134,105.6344,0.1364,344.7576,0.3877,38.2100]
[57.6134,105.5439,0.0974,344.4749,0.2656,38.2800]
[57.6134,105.6328,0.0873,344.7917,0.4079,38.3800]
[57.6134,105.5725,0.1391,344.4474,0.3677,38.4100]
[57.6134,105.4809,0.0807,344.3066,0.3480,38.3500]
[57.5317,365.9070,0.2802,106.9402,0.0903,38.4800]
[57.5317,365.8748,0.3617,106.9530,0.0850,38.4800]
[57.5317,365.9580,0.1605,106.9810,0.0974,38.4800]
[57.5317,365.9423,0.2903,106.9511,0.0968,38.4600]
[57.5317,365.9052,0.4576,106.9793,0.1088,38.5400]
[57.5317,365.9627,0.4270,106.9550,0.1295,38.6000]
[57.5317,366.0302,0.3728,106.9056,0.0906,38.6100]
[57.5317,365.9591,0.3505,106.8963,0.1078,38.7000]
[57.5317,365.9180,0.2974,106.8711,0.1259,38.7400]
[57.5317,366.1649,0.3481,106.9117,0.1250,38.7800]
[57.5317,105.9624,0.1021,346.8993,0.3774,38.8800]
[57.5317,105.9647,0.1040,346.9500,0.3364,38.8800]
[57.5317,105.9497,0.1412,346.7230,0.4293,38.9200]
[57.5317,105.9148,0.1216,346.7280,0.3302,38.9900]
[57.5317,105.9925,0.1118,346.7176,0.4285,39.0400]
[57.5317,105.8834,0.1535,347.0650,0.3924,39.1100]
[57.5317,105.9310,0.1617,347.1181,0.4567,39.1000]
[57.5317,105.8909,0.1778,346.9639,0.4377,39.1000]
[57.5317,105.8647,0.1979,346.5938,0.5460,39.0300]
[57.5317,105.7372,0.1345,346.4238,0.4289,39.0800]
[57.4500,361.9226,0.2901,106.9804,0.1102,39.1800]
[57.4500,361.9167,0.2804,106.9638,0.0889,39.1900]
[57.4500,361.7411,0.2767,106.9125,0.1052,39.1600]
[57.4500,361.4904,0.3389,106.8468,0.0988,39.1300]
[57.4500,361.4718,0.3391,106.8530,0.1191,39.1200]
[57.4500,361.4130,0.4398,106.8912,0.1224,39.1400]
[57.4500,361.4463,0.4039,106.8851,0.1430,39.1200]
[57.4500,361.4324,0.5086,106.9301,0.1475,39.1100]
[57.4500,361.2776,0.4202,106.9112,0.1158,39.0800]
[57.4500,361.2678,0.2755,106.8972,0.1175,39.1100]
[57.4500,105.7330,0.2307,346.8161,0.7136,39.0800]
[57.4500,105.7757,0.1332,346.9005,0.4418,39.1100]
[57.4500,105.7851,0.1081,347.0530,0.3075,39.1300]
[57.4500,105.7196,0.1285,346.8830,0.3339,39.1600]
[57.4500,105.7549,0.1122,347.0619,0.2964,39.1200]
[57.4500,105.7600,0.1288,347.0888,0.3340,39.1200]
[57.4500,105.7350,0.1010,346.9793,0.2096,39.1200]
[57.4500,105.7888,0.0807,347.3237,0.3088,39.1000]
[57.4500,105.7387,0.0961,347.1736,0.2636,39.0700]
[57.4500,105.7840,0.0947,347.3363,0.2808,38.8200]
[57.3680,369.2476,0.2369,106.9060,0.1062,38.8400]
[57.3680,369.6233,0.3474,107.0266,0.0968,38.8300]
[57.3680,369.3775,0.4922,106.9606,0.1404,38.7300]
[57.3680,369.4983,0.4987,107.0538,0.1644,38.7800]
[57.3680,369.3366,0.4337,106.9584,0.1424,38.8300]
[57.3680,369.6409,0.3271,106.9915,0.1162,38.8000]
[57.3680,369.5335,0.2757,107.0140,0.1004,38.8000]
[57.3680,369.5851,0.3789,107.0430,0.1461,38.7700]
[57.3680,369.3814,0.3972,106.9750,0.1417,38.7600]
[57.3680,369.6261,0.5548,107.0461,0.1706,38.7600]
[57.3680,105.6728,0.0859,342.4949,0.2586,38.7000]
[57.3680,105.6395,0.0897,342.5539,0.2063,38.6000]
[57.3680,105.5985,0.0852,342.3607,0.1786,38.5300]
[57.3680,105.6396,0.0897,342.3790,0.2027,38.3800]
[57.3680,105.6391,0.0937,342.4674,0.2374,38.2900]
[57.3680,105.6142,0.1515,342.3732,0.4159,38.2400]
[57.3680,105.6327,0.1370,342.3698,0.3507,38.1800]
[57.3680,105.6753,0.1015,342.2222,0.2985,38.0600]
[57.3680,105.6462,0.1504,342.2482,0.2866,37.9400]
[57.3680,105.6767,0.1182,342.4412,0.1864,37.8600]
[57.2885,359.7829,0.2971,106.7838,0.1225,37.7400]
[57.2885,359.8132,0.2852,106.7335,0.0785,37.7300]
[57.2885,359.5740,0.2409,106.6478,0.0971,37.7300]
[57.2885,359.6068,0.1871,106.6571,0.0875,37.8000]
[57.2885,359.4664,0.2010,106.6061,0.0745,37.8400]
[57.2885,359.4911,0.3677,106.6416,0.1608,37.8800]
[57.2885,359.6785,0.3443,106.6690,0.0882,37.8700]
[57.2885,359.3997,0.3540,106.5764,0.1175,37.9000]
[57.2885,359.2915,0.2403,106.5668,0.1055,37.8900]
[57.2885,359.2551,0.1788,106.5740,0.0730,37.9100]
[57.2885,105.6662,0.0905,348.1487,0.2665,37.8000]
[57.2885,105.6413,0.0929,347.9815,0.2991,37.8100]
[57.2885,105.6540,0.0936,347.9679,0.2121,37.7900]
[57.2885,105.6511,0.0850,347.8908,0.1938,37.7600]
[57.2885,105.6298,0.1437,347.7139,0.2503,37.6600]
[57.2885,105.6864,0.1051,347.7347,0.2175,37.5300]
[57.2885,105.6745,0.1506,347.7672,0.3138,37.4600]
[57.2885,105.7541,0.1601,348.1438,0.3351,37.4200]
[57.2885,105.6863,0.1353,347.7867,0.3813,37.3900]
[57.2885,105.5669,0.1495,347.4906,0.3872,37.4100]
[57.2063,368.4115,0.3137,106.9505,0.0727,37.4300]
[57.2063,368.0568,0.5252,106.8451,0.1832,37.4400]
[57.2063,368.0798,0.2965,106.8573,0.0814,37.4200]
[57.2063,368.0179,0.2477,106.7875,0.0956,37.4200]
[57.2063,367.9153,0.4705,106.8077,0.1207,37.3800]
[57.2063,367.9148,0.3937,106.8593,0.0993,37.4000]
[57.2063,367.9471,0.3755,106.7286,0.1026,37.4200]
[57.2063,367.5957,0.2957,106.6149,0.1219,37.4300]
[57.2063,367.6614,0.4049,106.6789,0.1524,37.4500]
[57.2063,368.0760,0.3647,106.7795,0.1321,37.4800]
[57.2063,105.4360,0.1511,346.3712,0.4026,37.5100]
[57.2063,105.3877,0.1536,346.3977,0.3266,37.5700]
[57.2063,105.3858,0.1312,346.3235,0.2979,37.6700]
[57.2063,105.3693,0.0915,346.2999,0.2115,37.7100]
[57.2063,105.3430,0.0797,346.0770,0.3259,37.7100]
[57.2063,105.3312,0.1172,345.9886,0.3330,37.8100]
[57.2063,105.2840,0.1188,345.7636,0.3176,37.9200]
[57.2063,105.2623,0.0932,345.7642,0.2545,37.9300]
[57.2063,105.3556,0.1552,346.0451,0.4068,37.9000]
[57.2063,105.3174,0.1076,345.9615,0.2323,37.9100]
[57.1240,361.9672,0.3062,106.0479,0.0922,37.9700]
[57.1240,362.2386,0.3049,106.0884,0.0909,38.0100]
[57.1240,362.3071,0.3274,106.1524,0.1275,38.0500]
[57.1240,362.0901,0.3449,106.1188,0.1070,38.1100]
[57.1240,362.0522,0.3048,106.0827,0.0898,38.1300]
[57.1240,361.8343,0.4160,106.0093,0.1442,38.2200]
[57.1240,361.7219,0.3512,105.9822,0.1287,38.2800]
[57.1240,361.5772,0.4122,105.9147,0.1182,38.3500]
[57.1240,361.4499,0.3826,105.9424,0.1348,38.3500]
[57.1240,361.5429,0.3705,105.9737,0.1266,38.3800]
[57.1240,104.8809,0.1021,345.4778,0.3128,38.3000]
[57.1240,104.8383,0.1105,345.4392,0.3172,38.3400]
[57.1240,104.9056,0.1151,345.6316,0.2882,38.4100]
[57.1240,104.7549,0.1166,345.4192,0.3610,38.4900]
[57.1240,104.8151,0.1019,345.5698,0.3304,38.5700]
[57.1240,104.8108,0.1051,345.4749,0.3409,38.6300]
[57.1240,104.8026,0.1232,345.6078,0.3306,38.6900]
[57.1240,104.6917,0.1252,345.1882,0.2880,38.7700]
[57.1240,104.6798,0.0886,345.2205,0.2333,38.8200]
[57.1240,104.6451,0.0852,345.1503,0.2186,38.7700]
[57.0441,364.0339,0.3627,105.1745,0.1172,38.6500]
[57.0441,363.9767,0.3031,105.2142,0.0983,38.6400]
[57.0441,364.0423,0.2303,105.1957,0.1017,38.6400]
[57.0441,364.2520,0.2557,105.3058,0.0925,38.6800]
[57.0441,363.9353,0.2932,105.1520,0.0945,38.6500]
[57.0441,363.9852,0.2902,105.2017,0.0859,38.6200]
[57.0441,363.8120,0.2920,105.1176,0.1173,38.5700]
[57.0441,363.9046,0.3267,105.1706,0.0853,38.5400]
[57.0441,364.0836,0.3559,105.1460,0.1114,38.5300]
[57.0441,364.1477,0.3503,105.1577,0.1206,38.4300]
[57.0441,104.8542,0.0824,340.9974,0.3343,38.4500]
[57.0441,104.9020,0.1174,341.1402,0.3094,38.5200]
[57.0441,104.8650,0.1213,341.2419,0.4079,38.5400]
[57.0441,104.9520,0.0706,341.9372,0.2361,38.5800]
[57.0441,104.8995,0.0922,341.6281,0.2444,38.5300]
[57.0441,104.9059,0.1027,341.9119,0.3121,38.5600]
[57.0441,104.8613,0.0783,342.1448,0.3191,38.5800]
[57.0441,104.8720,0.0918,341.9809,0.4816,38.5400]
[57.0441,104.7799,0.1204,342.2083,0.3086,38.5000]
[57.0441,104.7670,0.1052,342.1056,0.3567,38.4700]
[56.9615,359.8650,0.2957,106.0379,0.0820,38.2800]
[56.9615,359.8710,0.3165,106.0094,0.1060,38.2400]
[56.9615,359.8876,0.3925,106.0472,0.0976,38.2400]
[56.9615,359.9152,0.2987,106.0749,0.0862,38.2000]
[56.9615,360.0388,0.2405,106.1023,0.0933,38.2200]
[56.9615,360.1399,0.3527,106.1652,0.0851,38.2000]
[56.9615,359.8397,0.4491,106.1572,0.0883,38.1400]
[56.9615,359.5065,0.5442,106.0884,0.0945,38.0800]
[56.9615,359.4951,0.5317,106.0711,0.1072,38.0800]
[56.9615,359.7193,0.3630,106.1538,0.0945,38.1000]
[56.9615,105.4825,0.1338,345.6294,0.4394,38.0600]
[56.9615,105.5386,0.0897,345.6718,0.2838,38.0200]
[56.9615,105.5635,0.0951,345.6543,0.2534,38.0100]
[56.9615,105.5201,0.1055,345.6400,0.2169,38.0500]
[56.9615,105.4838,0.0876,345.6424,0.2351,38.0800]
[56.9615,105.4891,0.1212,345.6055,0.3355,38.1000]
[56.9615,105.4933,0.1073,345.6740,0.4297,38.1700]
[56.9615,105.5230,0.0983,345.7292,0.2933,38.1800]
[56.9615,105.4881,0.0766,345.6649,0.1872,38.2400]
[56.9615,105.4065,0.1221,345.5346,0.3500,38.3100]
[56.8787,360.3124,0.3468,106.3332,0.1019,38.3600]
[56.8787,360.6411,0.3838,106.4147,0.1216,38.4100]
[56.8787,360.7022,0.4856,106.4272,0.1294,38.4100]
[56.8787,360.4922,0.3820,106.2990,0.1314,38.3900]
[56.8787,360.7224,0.4957,106.3172,0.1179,38.3900]
[56.8787,360.8451,0.4219,106.3889,0.1221,38.4300]
[56.8787,361.0546,0.4118,106.4207,0.1169,38.4500]
[56.8787,361.2704,0.3267,106.4107,0.1045,38.4200]
[56.8787,361.4417,0.3163,106.4475,0.1063,38.4200]
[56.8787,361.6693,0.2657,106.4772,0.0972,38.4200]
[56.8787,105.5222,0.0844,340.5692,0.1747,38.4900]
[56.8787,105.5216,0.1186,340.7123,0.2640,38.5300]
[56.8787,105.5277,0.1070,340.8514,0.2845,38.4700]
[56.8787,105.5125,0.0969,340.9380,0.4482,38.4200]
[56.8787,105.5239,0.0687,341.0043,0.2750,38.4000]
[56.8787,105.6003,0.0676,341.2273,0.2860,38.3300]
[56.8787,105.6264,0.0808,341.3178,0.2078,38.2100]
[56.8787,105.6316,0.0666,341.2282,0.2345,38.1800]
[56.8787,105.6478,0.0593,341.3424,0.1640,38.0900]
[56.8787,105.6570,0.0702,341.4977,0.1437,38.0500]
[56.7985,366.4200,0.2494,106.6926,0.0905,37.9400]
[56.7985,366.3360,0.2763,106.6808,0.1447,37.9300]
[56.7985,366.2241,0.2527,106.6080,0.0874,37.7900]
[56.7985,366.5926,0.2381,106.6935,0.1043,37.6500]
[56.7985,366.4633,0.2614,106.6277,0.0828,37.6000]
[56.7985,366.5658,0.2192,106.6214,0.0908,37.6300]
[56.7985,366.0866,0.3157,106.4613,0.1123,37.6800]
[56.7985,366.4871,0.3279,106.5033,0.1009,37.6800]
[56.7985,366.2515,0.3678,106.4638,0.0930,37.6700]
[56.7985,366.5100,0.1728,106.4957,0.0754,37.6900]
[56.7985,105.1984,0.0930,340.1614,0.2448,37.6900]
[56.7985,105.1414,0.0784,340.0397,0.2208,37.6800]
[56.7985,105.1523,0.0700,340.1421,0.1620,37.7500]
[56.7985,105.2109,0.0765,340.3185,0.1905,37.8200]
[56.7985,105.1638,0.0953,340.2896,0.2254,37.8600]
[56.7985,105.1963,0.1003,340.5828,0.3094,37.8400]
[56.7985,105.1454,0.0828,340.3018,0.2721,37.8400]
[56.7985,105.1242,0.0577,340.3482,0.2143,37.8100]
[56.7985,105.1731,0.0863,340.5426,0.2772,37.9200]
[56.7985,105.1400,0.1270,340.4786,0.3100,37.9900]
[56.7154,367.1072,0.3797,104.9915,0.1206,38.1400]
[56.7154,366.9919,0.2746,104.9743,0.1043,38.2300]
[56.7154,366.9689,0.2895,104.9341,0.0947,38.2600]
[56.7154,366.6660,0.2936,104.8772,0.1190,38.3000]
[56.7154,366.7804,0.2695,104.8967,0.0915,38.2700]
[56.7154,366.7906,0.3545,104.9041,0.0913,38.2900]
[56.7154,366.7091,0.3431,104.8777,0.0775,38.3000]
[56.7154,366.9017,0.2718,104.9426,0.0851,38.2000]
[56.7154,366.6896,0.1935,104.8873,0.0598,38.2000]
[56.7154,366.6768,0.2884,104.8744,0.0584,38.2500]
[56.7154,105.5675,0.0708,344.5161,0.2250,38.3400]
[56.7154,105.5486,0.0934,344.4720,0.2434,38.4000]
[56.7154,105.5502,0.1038,344.5452,0.3016,38.4700]
[56.7154,105.5567,0.0787,344.6236,0.2315,38.5600]
[56.7154,105.5362,0.1303,344.7409,0.3008,38.6600]
[56.7154,105.5706,0.0988,344.7979,0.1975,38.7600]
[56.7154,105.5308,0.0936,344.6218,0.2392,38.8500]
[56.7154,105.6127,0.0809,344.8825,0.2295,38.9300]
[56.7154,105.6509,0.1127,345.0471,0.3183,39.0200]
[56.7154,105.6546,0.1329,345.0390,0.3694,39.0800]
[56.6323,366.9544,0.3490,105.6139,0.0912,39.1600]
[56.6323,366.7942,0.2013,105.5295,0.0653,39.1700]
[56.6323,366.6617,0.3421,105.5427,0.1086,38.9900]
[56.6323,366.4670,0.4557,105.5369,0.1206,39.0900]
[56.6323,366.3343,0.2080,105.4618,0.0726,39.1500]
[56.6323,366.2641,0.2758,105.4461,0.0732,39.1900]
[56.6323,366.3056,0.3363,105.4184,0.1267,39.2000]
[56.6323,366.4994,0.3591,105.5204,0.1434,39.1400]
[56.6323,366.2403,0.3141,105.4985,0.1125,39.1300]
[56.6323,366.2387,0.3511,105.5017,0.0973,39.2000]
[56.6323,105.2192,0.0791,343.6325,0.2770,39.3500]
[56.6323,105.2532,0.1163,343.7311,0.3754,39.4100]
[56.6323,105.2351,0.1111,343.6665,0.3069,39.4700]
[56.6323,105.1709,0.0787,343.5055,0.1622,39.3900]
[56.6323,105.1968,0.1062,343.5906,0.2727,39.4400]
[56.6323,105.1762,0.0796,343.4611,0.2064,39.4100]
[56.6323,105.1313,0.0811,343.2622,0.2098,39.3200]
[56.6323,105.0673,0.0703,343.0555,0.2279,39.2900]
[56.6323,105.0550,0.0679,342.9762,0.1756,39.1800]
[56.6323,105.0358,0.0763,342.8398,0.1741,39.0900]
[56.5490,363.3589,0.3801,105.1122,0.1455,39.0300]
[56.5490,363.2660,0.2894,105.1185,0.0881,38.8900]
[56.5490,363.3078,0.2499,105.0817,0.0713,38.8100]
[56.5490,363.1292,0.3939,105.0779,0.1099,38.6700]
[56.5490,362.9765,0.2324,105.0345,0.1064,38.5900]
[56.5490,362.8583,0.3437,105.0250,0.0983,38.6300]
[56.5490,362.7347,0.3979,104.9865,0.1316,38.6700]
[56.5490,362.5506,0.3080,104.9707,0.0956,38.6000]
[56.5490,362.5609,0.2037,104.9896,0.0674,38.5300]
[56.5490,362.7255,0.2730,105.0525,0.0970,38.4700]
[56.5490,103.2047,0.0996,337.7851,0.2331,38.2800]
[56.5490,103.1062,0.0769,337.5096,0.2818,38.1700]
[56.5490,103.1082,0.0624,337.4684,0.2795,38.1300]
[56.5490,103.0975,0.1103,337.4518,0.3065,38.1300]
[56.5490,103.0616,0.0700,337.3441,0.2873,38.1300]
[56.5490,103.0473,0.0885,337.2601,0.2432,38.2100]
[56.5490,102.9999,0.1230,337.0940,0.3206,38.2000]
[56.5490,103.0036,0.0797,337.2732,0.2023,38.2300]
[56.5490,102.9998,0.1246,337.1793,0.2922,38.3100]
[56.5490,102.9025,0.0765,336.9187,0.2173,38.3600]
[56.4656,364.5800,0.3256,103.8105,0.0995,38.3500]
[56.4656,364.5275,0.3246,103.8000,0.0851,38.3300]
[56.4656,364.6412,0.3895,103.8387,0.1408,38.3900]
[56.4656,364.3465,0.2451,103.7407,0.1051,38.4800]
[56.4656,364.4272,0.4361,103.7521,0.1344,38.5400]
[56.4656,364.4656,0.3270,103.7790,0.1129,38.5800]
[56.4656,364.7279,0.3106,103.8132,0.1208,38.6200]
[56.4656,364.3219,0.2791,103.7672,0.0869,38.6900]
[56.4656,364.7067,0.3328,103.8268,0.0939,38.7500]
[56.4656,364.5905,0.3129,103.7835,0.0859,38.7700]
[56.4656,104.4121,0.1334,343.0505,0.4130,38.5900]
[56.4656,104.3508,0.0723,342.8015,0.2010,38.6600]
[56.4656,104.3489,0.0827,342.8479,0.2503,38.7100]
[56.4656,104.3730,0.0842,342.8420,0.2861,38.7200]
[56.4656,104.3029,0.0675,342.5387,0.1790,38.6600]
[56.4656,104.2778,0.0956,342.5615,0.2492,38.6900]
[56.4656,104.1507,0.0932,342.2206,0.2739,38.6500]
[56.4656,104.1277,0.0933,342.0181,0.2448,38.6100]
[56.4656,104.0613,0.0815,341.8755,0.2326,38.6100]
[56.4656,104.0407,0.1033,341.8230,0.3135,38.5700]
[56.3847,359.8560,0.3981,104.5796,0.1117,38.5200]
[56.3847,359.8634,0.2583,104.5121,0.0830,38.4800]
[56.3847,359.7886,0.1975,104.5226,0.0659,38.4800]
[56.3847,359.6598,0.2025,104.4685,0.0826,38.4500]
[56.3847,359.6525,0.2168,104.4402,0.0774,38.3900]
[56.3847,359.7403,0.3421,104.4588,0.0919,38.4000]
[56.3847,359.8236,0.2119,104.4799,0.0728,38.4400]
[56.3847,359.9077,0.2868,104.5066,0.1002,38.5400]
[56.3847,359.9207,0.2565,104.4940,0.0923,38.4300]
[56.3847,360.2671,0.2876,104.6093,0.0854,38.5400]
[56.3847,104.1043,0.1082,341.5799,0.4248,38.6000]
[56.3847,104.1577,0.1094,341.7408,0.3659,38.3400]
[56.3847,104.1682,0.1149,341.6505,0.3417,38.3300]
[56.3847,104.1681,0.0956,341.6708,0.2885,38.3300]
[56.3847,104.1137,0.0770,341.4270,0.1970,38.4000]
[56.3847,104.0475,0.1130,341.2512,0.2914,38.4100]
[56.3847,104.0736,0.1164,341.3496,0.3644,38.3800]
[56.3847,104.1425,0.1155,341.5105,0.3721,38.4500]
[56.3847,104.1073,0.0827,341.4682,0.3345,38.4100]
[56.3847,104.1675,0.1042,341.6398,0.3253,38.3400]
[56.3011,360.2654,0.1572,103.8923,0.0726,38.3900]
[56.3011,359.9839,0.2916,103.8021,0.0831,38.3900]
[56.3011,360.3483,0.2807,103.8958,0.0744,38.3700]
[56.3011,360.2693,0.1803,103.8781,0.0531,38.3800]
[56.3011,360.2668,0.1952,103.8660,0.0760,38.3600]
[56.3011,359.9941,0.2760,103.7924,0.0741,38.3100]
[56.3011,360.0763,0.4038,103.8048,0.1150,38.2100]
[56.3011,360.2750,0.3315,103.8725,0.1193,38.1800]
[56.3011,360.2424,0.3529,103.8231,0.1000,38.1300]
[56.3011,360.3454,0.3347,103.8903,0.1002,38.0700]
[56.3011,104.0425,0.1299,340.1896,0.3645,38.0900]
[56.3011,104.1683,0.1193,340.2390,0.3800,38.1400]
[56.3011,104.0572,0.1207,339.8776,0.3717,38.1800]
[56.3011,104.2034,0.1115,340.1766,0.3075,38.2100]
[56.3011,104.2599,0.1148,340.1817,0.3221,38.2200]
[56.3011,104.1663,0.1304,339.7190,0.4032,38.2300]
[56.3011,104.2231,0.0931,339.8850,0.3363,38.2300]
[56.3011,104.3642,0.1046,340.2711,0.2952,38.1900]
[56.3011,104.3031,0.0724,339.9515,0.2415,38.1400]
[56.3011,104.2997,0.0998,340.0292,0.3651,38.0900]
[56.2173,363.5275,0.3445,104.6001,0.1359,38.0500]
[56.2173,363.6683,0.2911,104.6654,0.1028,38.0700]
[56.2173,363.7587,0.2894,104.6405,0.0964,38.1400]
[56.2173,363.3785,0.2796,104.5994,0.0937,38.2300]
[56.2173,363.3683,0.4042,104.5829,0.1105,38.2800]
[56.2173,363.1040,0.3140,104.5522,0.1363,38.3700]
[56.2173,362.9079,0.2400,104.5318,0.0968,38.4400]
[56.2173,363.0690,0.3941,104.5479,0.1345,38.5400]
[56.2173,363.1095,0.4498,104.5792,0.1281,38.6300]
[56.2173,362.5195,0.3333,104.4997,0.1000,38.6500]
[56.2173,103.4229,0.1059,335.0059,0.2923,38.8100]
[56.2173,103.4253,0.0948,335.1092,0.4747,38.7900]
[56.2173,103.3880,0.1020,334.6836,0.3753,38.7300]
[56.2173,103.4569,0.0868,334.6913,0.3134,38.6900]
[56.2173,103.4750,0.0907,334.8149,0.1740,38.6900]
[56.2173,103.4657,0.1115,334.3773,0.4008,38.6000]
[56.2173,103.4475,0.1213,334.2810,0.3262,38.6200]
[56.2173,103.4372,0.1251,333.7977,0.4401,38.5100]
[56.2173,103.4329,0.0902,333.9273,0.4127,38.5700]
[56.2173,103.3477,0.0805,333.5478,0.4342,38.6300]
[56.1334,360.9161,0.2634,104.3903,0.0869,38.6800]
[56.1334,360.9024,0.2222,104.4223,0.0849,38.7500]
[56.1334,360.7571,0.2321,104.4451,0.1026,38.6700]
[56.1334,360.8527,0.4291,104.5341,0.0748,38.5000]
[56.1334,361.1377,0.2423,104.5585,0.0910,38.6200]
[56.1334,361.1423,0.2202,104.5092,0.0802,38.6300]
[56.1334,361.0823,0.1934,104.5742,0.0931,38.5900]
[56.1334,361.2151,0.2378,104.6118,0.0946,38.4300]
[56.1334,361.3588,0.2461,104.6107,0.0861,38.3100]
[56.1334,361.2006,0.1938,104.5916,0.0837,38.2400]
[56.1334,103.6317,0.0646,335.1089,0.1636,38.2400]
[56.1334,103.6474,0.0623,335.0811,0.1998,38.2900]
[56.1334,103.6225,0.1010,335.0230,0.2088,38.3800]
[56.1334,103.6499,0.0614,335.1931,0.1458,38.4100]
[56.1334,103.7154,0.0688,335.2220,0.1993,38.4000]
[56.1334,103.7991,0.0823,335.4478,0.2030,38.2800]
[56.1334,103.8096,0.0895,335.4313,0.2130,38.2200]
[56.1334,103.7322,0.0675,335.2596,0.1628,38.1300]
[56.1334,103.7358,0.0905,335.0768,0.1362,38.0900]
[56.1334,103.6823,0.0841,335.0321,0.2735,38.0500]
[56.0520,361.0154,0.3178,104.5695,0.1056,38.0300]
[56.0520,360.8582,0.2491,104.5084,0.0791,38.0300]
[56.0520,360.9764,0.2988,104.5525,0.1087,38.0600]
[56.0520,360.9725,0.2480,104.5442,0.0833,38.0300]
[56.0520,361.3529,0.3152,104.6714,0.0848,38.0700]
[56.0520,361.1134,0.3471,104.6194,0.1043,38.1300]
[56.0520,361.1097,0.2776,104.5668,0.0661,38.2500]
[56.0520,361.1678,0.2205,104.6191,0.0678,38.3300]
[56.0520,361.2658,0.3353,104.6354,0.1166,38.4100]
[56.0520,361.3226,0.2572,104.6599,0.0826,38.4000]
[56.0520,104.1723,0.0838,339.1268,0.2222,38.3100]
[56.0520,104.1183,0.0727,338.8626,0.1792,38.2800]
[56.0520,104.0931,0.0629,338.8095,0.2220,38.3100]
[56.0520,104.1206,0.0653,338.8168,0.2074,38.3100]
[56.0520,104.1376,0.1062,338.8340,0.2872,38.2300]
[56.0520,104.1450,0.0825,338.8089,0.2301,38.1200]
[56.0520,104.1135,0.0789,338.7084,0.2840,38.0700]
[56.0520,104.1276,0.0884,338.6479,0.2821,38.0100]
[56.0520,104.1319,0.0635,338.5230,0.2808,37.8700]
[56.0520,104.1317,0.0635,338.4791,0.2409,37.8800]
[55.9679,358.6666,0.2722,104.5244,0.0945,37.8800]
[55.9679,358.4733,0.3174,104.5644,0.1062,37.8400]
[55.9679,358.3144,0.4038,104.4791,0.1203,37.9400]
[55.9679,358.5019,0.3402,104.5745,0.0939,37.9800]
[55.9679,358.0072,0.3826,104.5115,0.0727,37.9600]
[55.9679,358.4269,0.2857,104.5251,0.0821,37.9700]
[55.9679,358.1786,0.3234,104.5161,0.0680,37.9800]
[55.9679,358.2331,0.3608,104.5303,0.0873,37.9900]
[55.9679,358.2591,0.2145,104.5418,0.0832,38.0600]
[55.9679,357.9133,0.2993,104.4780,0.0713,38.1100]
[55.9679,103.8841,0.1278,329.0221,0.3607,38.2100]
[55.9679,103.8486,0.0927,328.8448,0.2645,38.2400]
[55.9679,103.8237,0.1062,328.7300,0.2977,38.2500]
[55.9679,103.7839,0.0873,328.6002,0.1741,38.2500]
[55.9679,103.7443,0.0782,328.4734,0.2467,38.3100]
[55.9679,103.7254,0.0874,328.4096,0.2213,38.3100]
[55.9679,103.7247,0.0589,328.4101,0.1736,38.3500]
[55.9679,103.6902,0.0898,328.3395,0.2803,38.3000]
[55.9679,103.6940,0.0936,328.2968,0.2241,38.2900]
[55.9679,103.6777,0.0935,328.2949,0.2712,38.2800]
[55.8704,354.1086,0.2319,101.7475,0.0612,38.1900]
[55.8704,354.0217,0.2254,101.7482,0.0673,38.2500]
[55.8704,354.0020,0.1629,101.7157,0.0660,38.2700]
[55.8704,354.0854,0.1578,101.7923,0.0716,38.2200]
[55.8704,353.8974,0.2404,101.7722,0.0997,38.1300]
[55.8704,353.6187,0.2702,101.7140,0.0918,38.0400]
[55.8704,353.5715,0.1923,101.7512,0.0835,38.0500]
[55.8704,353.4092,0.1766,101.6590,0.0934,38.1100]
[55.8704,353.3295,0.3110,101.6764,0.0864,38.1800]
[55.8704,353.2189,0.2609,101.6255,0.0926,38.2600]
[55.8704,99.7643,0.0685,335.6357,0.1571,38.3200]
[55.8704,99.7850,0.0900,335.7861,0.1805,38.2400]
[55.8704,99.7593,0.0679,335.6810,0.1977,38.1400]
[55.8704,99.7254,0.0440,335.5966,0.1387,38.0800]
[55.8704,99.7255,0.0876,335.5864,0.2361,38.0000]
[55.8704,99.6573,0.0649,335.3882,0.2474,37.9500]
[55.8704,99.5821,0.0610,335.1746,0.1747,37.9200]
[55.8704,99.5816,0.0823,335.1857,0.1532,37.8700]
[55.8704,99.6271,0.0681,335.2327,0.2589,37.8200]
[55.8704,99.5993,0.0766,335.1913,0.2495,37.8300]
[55.7860,351.3167,0.2316,101.5376,0.0672,37.7400]
[55.7860,351.1164,0.1898,101.4709,0.0646,37.7600]
[55.7860,350.9820,0.2075,101.4499,0.0659,37.8000]
[55.7860,350.9865,0.2197,101.4609,0.0668,37.9100]
[55.7860,350.9267,0.1951,101.4268,0.0588,37.9400]
[55.7860,350.7843,0.2021,101.4326,0.0518,37.8700]
[55.7860,350.7964,0.2346,101.4673,0.0704,37.8300]
[55.7860,350.5692,0.2886,101.4193,0.0908,37.8300]
[55.7860,350.5403,0.2548,101.4048,0.0841,37.8200]
[55.7860,350.3196,0.3274,101.3557,0.1121,37.7700]
[55.7860,99.4189,0.1531,334.6882,0.5541,37.8100]
[55.7860,99.4477,0.1703,334.8410,0.5078,37.8200]
[55.7860,99.4699,0.1490,334.9525,0.4471,37.7200]
[55.7860,99.4189,0.1380,334.7082,0.4458,37.5800]
[55.7860,99.4067,0.0930,334.6507,0.3642,37.4400]
[55.7860,99.4050,0.0968,334.5745,0.2311,37.4000]
[55.7860,99.4835,0.0777,334.8597,0.2288,37.3100]
[55.7860,99.4661,0.0925,334.7932,0.2559,37.2200]
[55.7860,99.4748,0.0942,334.7612,0.2373,37.2200]
[55.7860,99.4065,0.0694,334.5981,0.1722,37.1000]
[55.7015,350.7630,0.1607,101.3725,0.0522,37.0400]
[55.7015,350.8348,0.2899,101.4138,0.0790,37.0300]
[55.7015,350.5996,0.2559,101.3416,0.0706,37.0200]
[55.7015,350.4375,0.2714,101.3503,0.0737,37.0200]
[55.7015,350.6774,0.2975,101.3739,0.0770,36.9300]
[55.7015,350.4274,0.2022,101.3077,0.0811,36.8300]
[55.7015,350.2310,0.2950,101.2594,0.0710,36.8700]
[55.7015,349.9998,0.2887,101.2470,0.0793,36.8800]
[55.7015,349.6496,0.3438,101.2112,0.0800,36.9000]
[55.7015,349.5366,0.2129,101.1314,0.0696,36.8300]
[55.7015,99.8032,0.0681,329.8513,0.1704,36.7800]
[55.7015,99.8104,0.1165,329.7250,0.3385,36.8100]
[55.7015,99.7946,0.0954,329.8483,0.2686,36.8000]
[55.7015,99.8263,0.0682,329.8445,0.2092,36.7800]
[55.7015,99.8358,0.0714,329.9607,0.2306,36.8100]
[55.7015,99.8128,0.0704,329.9712,0.1769,36.8900]
[55.7015,99.8033,0.0591,329.9626,0.2224,36.8800]
[55.7015,99.7683,0.0881,329.8150,0.2653,36.9000]
[55.7015,99.7250,0.1204,329.8354,0.4249,36.9400]
[55.7015,99.7156,0.0738,329.8522,0.2899,37.0600]
[55.6195,348.0798,0.3582,100.9148,0.0697,37.1900]
[55.6195,347.8014,0.1875,100.8371,0.0650,37.2100]
[55.6195,347.8375,0.2329,100.8455,0.0921,37.2400]
[55.6195,347.6429,0.2091,100.8336,0.0583,37.1900]
[55.6195,347.6577,0.2673,100.7992,0.0859,37.1600]
[55.6195,347.4462,0.2614,100.8098,0.0717,37.1200]
[55.6195,347.6536,0.2535,100.8197,0.0761,37.0400]
[55.6195,347.6407,0.2858,100.8393,0.0896,37.0700]
[55.6195,347.4427,0.3162,100.7903,0.0884,36.9900]
[55.6195,347.4633,0.2108,100.7870,0.0799,37.0100]
[55.6195,99.6054,0.0458,328.8365,0.1924,37.1100]
[55.6195,99.6020,0.0609,329.0899,0.2493,37.1400]
[55.6195,99.6004,0.0906,329.1290,0.2898,37.2300]
[55.6195,99.5639,0.0910,328.9379,0.3038,37.2800]
[55.6195,99.6288,0.0680,329.1456,0.2327,37.2700]
[55.6195,99.5623,0.0757,329.2420,0.2034,37.3100]
[55.6195,99.5463,0.1062,329.0632,0.3293,37.3400]
[55.6195,99.5731,0.0769,329.2813,0.2968,37.3100]
[55.6195,99.5716,0.0589,329.2963,0.2150,37.3100]
[55.6195,99.5165,0.0716,329.2233,0.2663,37.2700]
[55.5347,350.2727,0.1674,100.8954,0.0540,37.1900]
[55.5347,350.4300,0.2168,100.9357,0.0844,37.1500]
[55.5347,350.2762,0.2696,100.9115,0.0572,37.1200]
[55.5347,350.2283,0.2074,100.9131,0.0656,37.0900]
[55.5347,350.4168,0.2383,100.9468,0.0731,37.1400]
[55.5347,350.3742,0.2865,100.9127,0.0995,37.0600]
[55.5347,350.4078,0.2816,100.9679,0.0618,37.0600]
[55.5347,350.3438,0.2456,100.9680,0.0456,37.0700]
[55.5347,350.1965,0.2024,100.9017,0.0621,37.0800]
[55.5347,350.2123,0.2662,100.9190,0.0831,37.1000]
[55.5347,97.3190,0.0574,328.9801,0.2748,37.2800]
[55.5347,97.1988,0.1297,329.0022,0.2670,37.3400]
[55.5347,97.3436,0.0822,329.0621,0.2234,37.3300]
[55.5347,97.3243,0.1386,329.2937,0.2630,37.3100]
[55.5347,97.2634,0.1874,329.1531,0.3335,37.2300]
[55.5347,97.2067,0.1200,329.2935,0.2318,37.1600]
[55.5347,97.2784,0.1052,329.0195,0.2333,37.0900]
[55.5347,97.2350,0.1442,328.9864,0.3415,37.0700]
[55.5347,97.0355,0.1796,328.8601,0.4155,36.9400]
[55.5347,97.0334,0.1412,328.7703,0.2586,36.9600]
[55.4472,349.0788,0.2478,101.1752,0.0591,36.8400]
[55.4472,349.0162,0.2987,101.1705,0.0746,36.7400]
[55.4472,348.5694,0.3123,101.0741,0.0942,36.7700]
[55.4472,348.6050,0.2469,101.0556,0.0794,36.7700]
[55.4472,348.5393,0.3270,101.0324,0.1102,36.8200]
[55.4472,348.4445,0.2232,101.0180,0.0714,36.8800]
[55.4472,348.3895,0.4179,100.9827,0.1067,36.9300]
[55.4472,348.2130,0.2759,100.9191,0.0639,37.0000]
[55.4472,348.2669,0.2191,100.9281,0.0615,37.0100]
[55.4472,348.2253,0.3432,100.9088,0.0970,36.9300]
[55.4472,96.5494,0.0675,333.5065,0.2916,36.8400]
[55.4472,96.5832,0.1067,333.6270,0.2966,36.8800]
[55.4472,96.4409,0.0764,333.1152,0.2513,36.8900]
[55.4472,96.4232,0.0773,333.3026,0.2532,36.8700]
[55.4472,96.3221,0.0858,333.1115,0.3664,36.8700]
[55.4472,96.2979,0.1023,333.0072,0.2961,36.9200]
[55.4472,96.2676,0.0752,333.2825,0.2670,36.9600]
[55.4472,96.2685,0.0631,333.2300,0.2029,36.9800]
[55.4472,96.2873,0.0743,333.2765,0.2253,37.0200]
[55.4472,96.2305,0.0873,333.1449,0.2970,37.0700]
[55.3622,348.4825,0.2535,100.8047,0.0653,37.1400]
[55.3622,348.5217,0.2064,100.7913,0.0773,37.1800]
[55.3622,348.8257,0.3507,100.8907,0.1254,37.1800]
[55.3622,348.5853,0.2757,100.7910,0.0558,37.2400]
[55.3622,348.4254,0.3542,100.7579,0.0790,37.2400]
[55.3622,348.5936,0.5206,100.8152,0.1162,37.3200]
[55.3622,348.4099,0.2963,100.7751,0.1078,37.3300]
[55.3622,348.4271,0.4686,100.7720,0.1272,37.3800]
[55.3622,348.5709,0.2983,100.8298,0.1173,37.3800]
[55.3622,348.5341,0.3212,100.8062,0.1191,37.3500]
[55.3622,95.3466,0.0926,332.4396,0.2767,37.3100]
[55.3622,95.2250,0.1101,332.3760,0.3391,37.2800]
[55.3622,95.3223,0.1096,332.3593,0.3375,37.2700]
[55.3622,95.1825,0.0911,332.4307,0.3652,37.2800]
[55.3622,95.1146,0.0729,332.5508,0.2846,37.3300]
[55.3622,95.0042,0.1199,332.5776,0.3755,37.3800]
[55.3622,94.9043,0.0984,332.3802,0.3991,37.4000]
[55.3622,94.7313,0.2092,332.6301,0.2137,37.4200]
[55.3622,94.6395,0.1809,332.4737,0.2633,37.4800]
[55.3622,94.6005,0.0737,332.3606,0.2856,37.5200]
[55.2798,344.1840,0.2975,100.5760,0.0753,37.5900]
[55.2798,344.1110,0.2116,100.5912,0.0588,37.6700]
[55.2798,344.0644,0.3620,100.5644,0.1309,37.6500]
[55.2798,344.0276,0.2637,100.5686,0.0954,37.6400]
[55.2798,344.3945,0.3306,100.6677,0.1072,37.5700]
[55.2798,344.0582,0.2971,100.5743,0.1050,37.5300]
[55.2798,344.1203,0.1781,100.6406,0.0435,37.4700]
[55.2798,344.1249,0.3384,100.6299,0.0771,37.4900]
[55.2798,343.8166,0.3365,100.5376,0.0953,37.5600]
[55.2798,343.9586,0.3655,100.5983,0.0946,37.6300]
[55.2798,87.3922,0.0891,333.4234,0.2271,37.7600]
[55.2798,87.1464,0.1841,333.4791,0.2780,37.7600]
[55.2798,87.1267,0.1375,333.6342,0.2843,37.7500]
[55.2798,87.0242,0.1545,333.5516,0.2435,37.8000]
[55.2798,86.8340,0.1395,333.3649,0.2268,37.7700]
[55.2798,86.9184,0.0998,333.6666,0.2067,37.7500]
[55.2798,86.8301,0.1169,333.6935,0.2683,37.7100]
[55.2798,86.7136,0.0770,333.5482,0.3066,37.7500]
[55.2798,86.5671,0.0946,333.6873,0.1970,37.8000]
[55.2798,86.4519,0.1105,333.7749,0.3924,37.7700]
[55.1945,347.8205,0.2568,100.3514,0.0832,37.8500]
[55.1945,347.5714,0.2815,100.3138,0.0939,37.8800]
[55.1945,347.2220,0.3855,100.2318,0.1110,37.9600]
[55.1945,347.2465,0.2847,100.2491,0.0776,37.9700]
[55.1945,347.0575,0.3845,100.2008,0.1047,37.9900]
[55.1945,347.1717,0.3603,100.2372,0.0998,38.0300]
[55.1945,347.2362,0.3230,100.2392,0.0942,38.0100]
[55.1945,347.1014,0.2936,100.2252,0.0797,37.9700]
[55.1945,346.9742,0.3557,100.1695,0.1183,37.9900]
[55.1945,346.9805,0.3077,100.2025,0.0774,38.0500]
[55.1945,86.9663,0.2485,333.2966,0.3607,38.0400]
[55.1945,86.9683,0.1450,333.2500,0.3319,38.0200]
[55.1945,86.8156,0.1416,332.8579,0.5213,38.0300]
[55.1945,86.4723,0.1607,332.3600,0.2902,38.0100]
[55.1945,86.4636,0.1480,332.4345,0.3874,38.0300]
[55.1945,86.3968,0.0758,332.6260,0.3608,38.0300]
[55.1945,86.3323,0.1100,332.5861,0.3762,38.0400]
[55.1945,86.3142,0.1368,332.6267,0.3364,37.9900]
[55.1945,86.2913,0.1010,332.8183,0.4556,37.9800]
[55.1945,86.0743,0.1420,332.5912,0.3115,37.9700]
[55.1092,348.8984,0.3675,100.1037,0.1296,38.0300]
[55.1092,349.1194,0.2264,100.1646,0.0699,38.0300]
[55.1092,348.9831,0.3204,100.0958,0.0875,38.0100]
[55.1092,348.9181,0.1967,100.0781,0.0963,38.0200]
[55.1092,348.6257,0.2454,100.0016,0.0899,38.0400]
[55.1092,348.8808,0.3359,100.0600,0.1116,38.0200]
[55.1092,348.6912,0.2818,99.9895,0.0824,37.9500]
[55.1092,348.7228,0.2820,100.0050,0.0651,37.9600]
[55.1092,348.6115,0.3688,99.9374,0.1119,37.8800]
[55.1092,349.0078,0.2884,100.0906,0.0868,37.8000]
[55.1092,89.0203,0.2034,333.0588,0.2689,37.5500]
[55.1092,88.8227,0.3191,333.1086,0.2705,37.6200]
[55.1092,88.9609,0.1981,333.0782,0.1448,37.6700]
[55.1092,88.7302,0.1612,332.8452,0.2683,37.6100]
[55.1092,88.8489,0.0834,332.9620,0.3275,37.6100]
[55.1092,88.6704,0.1104,332.4702,0.2810,37.6200]
[55.1092,88.6804,0.0777,332.8394,0.2828,37.5900]
[55.1092,88.5052,0.0960,332.6912,0.1902,37.5400]
[55.1092,88.4731,0.1840,332.8526,0.2293,37.5300]
[55.1092,88.2262,0.2273,332.7889,0.1851,37.5800]
[55.0238,343.5279,0.3203,100.0988,0.0987,37.5400]
[55.0238,343.7418,0.3129,100.1132,0.0937,37.5000]
[55.0238,343.9139,0.3041,100.1244,0.0598,37.5100]
[55.0238,343.7405,0.9272,100.0947,0.2621,37.4300]
[55.0238,343.4804,0.3366,100.0660,0.0715,37.5000]
[55.0238,343.4773,0.2993,100.0778,0.0821,37.5000]
[55.0238,343.2064,0.3103,100.1058,0.0714,37.5100]
[55.0238,343.2964,0.3209,100.0919,0.0957,37.5200]
[55.0238,343.0538,0.2408,100.0941,0.0626,37.5400]
[55.0238,343.2808,0.2551,100.1058,0.0979,37.5700]
[55.0238,86.9419,0.0914,330.0737,0.1965,37.6200]
[55.0238,86.8578,0.0602,330.1297,0.2341,37.6500]
[55.0238,86.7799,0.0749,329.9663,0.2180,37.6200]
[55.0238,86.8211,0.1325,330.0541,0.3695,37.6000]
[55.0238,86.8053,0.1013,329.9608,0.3222,37.5600]
[55.0238,86.6740,0.1426,330.1565,0.2922,37.5700]
[55.0238,86.6286,0.0970,330.0054,0.3435,37.6500]
[55.0238,86.5882,0.1349,329.9722,0.2998,37.6500]
[55.0238,86.4483,0.0594,329.8303,0.2756,37.6100]
[55.0238,86.3041,0.0962,329.7968,0.2402,37.5800]
[54.9382,346.4572,0.4041,100.1188,0.0887,37.5500]
[54.9382,346.4706,0.2482,100.1192,0.0485,37.4200]
[54.9382,346.6215,0.2482,100.1620,0.0677,37.3400]
[54.9382,346.4921,0.5692,100.1375,0.0595,37.2500]
[54.9382,346.1183,0.7062,100.1035,0.0775,37.1400]
[54.9382,346.1064,0.2663,100.0741,0.0529,37.1200]
[54.9382,345.8053,0.3141,100.0454,0.0620,37.0900]
[54.9382,345.5993,0.5874,100.0169,0.0684,37.0200]
[54.9382,345.6870,0.4234,100.0113,0.0631,37.0000]
[54.9382,345.4888,0.3931,100.0382,0.0543,36.9900]
[54.9382,98.2438,0.0468,332.6644,0.1674,36.8800]
[54.9382,98.1872,0.0438,332.4054,0.1541,36.8800]
[54.9382,98.2124,0.0522,332.4596,0.1743,36.8700]
[54.9382,98.1991,0.0377,332.5555,0.1564,36.9500]
[54.9382,98.1927,0.0417,332.3523,0.1201,36.9100]
[54.9382,98.2175,0.0423,332.4217,0.1646,36.8500]
[54.9382,98.1948,0.0452,332.2876,0.1394,36.7800]
[54.9382,98.1733,0.0547,332.2476,0.1757,36.6900]
[54.9382,98.1077,0.0654,332.0403,0.1876,36.6200]
[54.9382,98.1057,0.0808,331.8588,0.1754,36.5700]
[54.8526,346.4668,0.2205,99.8092,0.0643,36.5800]
[54.8526,346.3497,0.1959,99.7974,0.0483,36.5400]
[54.8526,346.2612,0.1445,99.7687,0.0454,36.5300]
[54.8526,346.0977,0.1508,99.7241,0.0595,36.5700]
[54.8526,346.0920,0.1529,99.7119,0.0497,36.5700]
[54.8526,346.0965,0.1365,99.7266,0.0446,36.6100]
[54.8526,346.1679,0.1176,99.7371,0.0532,36.6200]
[54.8526,346.0369,0.1594,99.6969,0.0424,36.5400]
[54.8526,346.0243,0.1092,99.7115,0.0489,36.5800]
[54.8526,345.9137,0.1801,99.6741,0.0524,36.5200]
[54.8526,91.4960,0.0589,326.6622,0.1010,36.4400]
[54.8526,91.3825,0.0899,326.4340,0.2083,36.4200]
[54.8526,91.3541,0.1010,326.3502,0.1144,36.4600]
[54.8526,91.2965,0.1600,326.3279,0.1471,36.4100]
[54.8526,91.0517,0.2122,326.3777,0.1755,36.4000]
[54.8526,91.2852,0.1002,326.1639,0.1752,36.4300]
[54.8526,91.1723,0.0913,326.0780,0.3238,36.4100]
[54.8526,91.0913,0.0739,325.9029,0.2004,36.4000]
[54.8526,91.0677,0.0606,325.9734,0.1706,36.4300]
[54.8526,90.9156,0.0492,325.7800,0.1427,36.4900]
[54.7668,349.1429,0.1690,99.5723,0.0532,36.6200]
[54.7668,349.0186,0.2326,99.5264,0.0446,36.6300]
[54.7668,349.1574,0.3029,99.5552,0.0814,36.6500]
[54.7668,349.1809,0.2942,99.5589,0.0798,36.7000]
[54.7668,349.1200,0.2888,99.5160,0.0866,36.7700]
[54.7668,349.0563,0.3258,99.4937,0.1008,36.9000]
[54.7668,348.8625,0.3108,99.4379,0.0716,36.9500]
[54.7668,348.6504,0.1808,99.3515,0.0807,36.9900]
[54.7668,348.7433,0.1943,99.3817,0.0700,36.9500]
[54.7668,348.7785,0.1882,99.3891,0.0680,36.9500]
[54.7668,97.2523,0.0863,329.8747,0.3371,37.0500]
[54.7668,97.2649,0.0906,329.9231,0.2627,37.0400]
[54.7668,97.2631,0.0659,330.0583,0.2412,37.0600]
[54.7668,97.2472,0.0909,329.9880,0.2547,37.0500]
[54.7668,97.2588,0.0579,330.0338,0.1333,37.0100]
[54.7668,97.2509,0.0560,330.0579,0.1278,36.9500]
[54.7668,97.2733,0.0540,330.0665,0.1864,36.9600]
[54.7668,97.2057,0.0664,329.9811,0.2387,36.9600]
[54.7668,97.2191,0.0606,329.9806,0.2134,37.0100]
[54.7668,97.2100,0.0755,330.0132,0.2521,37.0800]
[54.6836,349.6479,0.3062,99.4023,0.0756,37.1500]
[54.6836,349.5273,0.1682,99.3061,0.0552,37.1500]
[54.6836,349.4957,0.2150,99.2877,0.0879,37.2100]
[54.6836,349.4690,0.3209,99.2281,0.0732,37.2700]
[54.6836,349.3317,0.1231,99.1944,0.0485,37.2900]
[54.6836,349.3826,0.1520,99.2047,0.0463,37.3000]
[54.6836,349.4777,0.1685,99.2194,0.0357,37.2600]
[54.6836,349.4087,0.1165,99.1524,0.0579,37.2900]
[54.6836,349.4075,0.1986,99.1701,0.0523,37.2700]
[54.6836,349.3762,0.1634,99.1608,0.0720,37.2600]
[54.6836,92.7956,0.0898,327.7590,0.1361,37.1600]
[54.6836,92.6664,0.0973,327.6131,0.1828,37.1800]
[54.6836,92.5187,0.0929,327.5540,0.1933,37.2000]
[54.6836,92.6627,0.0619,327.5430,0.2015,37.1800]
[54.6836,92.4966,0.1722,327.4210,0.1446,37.1400]
[54.6836,92.5385,0.0893,327.4602,0.1446,37.1500]
[54.6836,92.3779,0.0795,327.3761,0.1806,37.1400]
[54.6836,92.5025,0.0903,327.4348,0.1893,37.1300]
[54.6836,92.4857,0.1055,327.4650,0.2569,37.0900]
[54.6836,92.3708,0.1008,327.3597,0.2428,37.1200]
[54.5923,347.1011,0.3012,98.6228,0.0907,37.1500]
[54.5923,346.9989,0.2607,98.5980,0.0940,37.1300]
[54.5923,346.7672,0.2759,98.5066,0.0630,37.0900]
[54.5923,346.6828,0.2549,98.5291,0.0648,37.0700]
[54.5923,346.7433,0.2568,98.5041,0.0937,37.0200]
[54.5923,346.7321,0.1980,98.5229,0.0693,36.9800]
[54.5923,346.8510,0.1332,98.5452,0.0475,36.9500]
[54.5923,346.6774,0.1511,98.5074,0.0509,36.9600]
[54.5923,346.6886,0.1585,98.5072,0.0612,36.9100]
[54.5923,346.7286,0.2500,98.4977,0.0774,36.8800]
[54.5923,97.8142,0.0780,327.1974,0.2141,36.8600]
[54.5923,97.7257,0.0769,327.0479,0.2015,36.8800]
[54.5923,97.7038,0.0835,326.9648,0.1993,36.8800]
[54.5923,97.6427,0.0793,326.6898,0.2603,36.9500]
[54.5923,97.6263,0.0810,326.7672,0.3201,37.0100]
[54.5923,97.6153,0.0850,326.8004,0.2764,37.0200]
[54.5923,97.6482,0.0746,326.7073,0.3169,37.0600]
[54.5923,97.6148,0.0507,326.7713,0.1546,37.1200]
[54.5923,97.6333,0.0739,326.7953,0.1819,37.1300]
[54.5923,97.5723,0.0569,326.6926,0.1661,37.1500]
[54.5062,344.9702,0.2655,98.3735,0.0545,37.0800]
[54.5062,344.8353,0.2027,98.3176,0.0812,37.1200]
[54.5062,344.6247,0.2317,98.2739,0.0617,37.1100]
[54.5062,344.5763,0.2253,98.2515,0.0755,37.1300]
[54.5062,344.7497,0.1927,98.2967,0.0703,37.1300]
[54.5062,344.7933,0.1586,98.3524,0.0576,37.1000]
[54.5062,344.8124,0.1931,98.3422,0.0778,37.0000]
[54.5062,344.7141,0.1981,98.2789,0.0720,36.9600]
[54.5062,344.5420,0.2411,98.2672,0.0615,36.9700]
[54.5062,344.4688,0.3019,98.2092,0.1096,37.0100]
[54.5062,97.0815,0.0576,326.9909,0.1509,37.1400]
[54.5062,97.0224,0.0588,326.7483,0.1596,37.1200]
[54.5062,96.9640,0.1170,326.6304,0.3621,37.1300]
[54.5062,96.9562,0.0846,326.6217,0.2159,37.1600]
[54.5062,96.8615,0.0636,326.3088,0.2184,37.2000]
[54.5062,96.8435,0.0701,326.3076,0.2024,37.2300]
[54.5062,96.7983,0.0861,326.1270,0.2751,37.3200]
[54.5062,96.8088,0.0730,326.3700,0.1758,37.3500]
[54.5062,96.7823,0.0795,326.2197,0.2332,37.3600]
[54.5062,96.8036,0.0514,326.2327,0.2528,37.4300]
[54.4227,343.6441,0.2853,97.5384,0.0675,37.5700]
[54.4227,344.0715,0.2962,97.6089,0.0896,37.6600]
[54.4227,343.7890,0.2258,97.5708,0.0815,37.7500]
[54.4227,343.8775,0.2060,97.5462,0.0628,37.8300]
[54.4227,343.7236,0.2588,97.5047,0.0813,37.8600]
[54.4227,343.6181,0.2561,97.4875,0.0795,37.9400]
[54.4227,343.6900,0.2697,97.4675,0.0833,37.9800]
[54.4227,343.6590,0.2829,97.4863,0.0910,37.9200]
[54.4227,343.5125,0.2231,97.4557,0.0871,37.9900]
[54.4227,343.3206,0.2690,97.4022,0.0785,38.0200]
[54.4227,96.4815,0.0749,326.7992,0.2195,38.1200]
[54.4227,96.4280,0.0594,326.6641,0.2227,38.1200]
[54.4227,96.4009,0.1151,326.5798,0.3881,38.1400]
[54.4227,96.4302,0.0597,326.7159,0.2375,38.0500]
[54.4227,96.4640,0.0970,326.7176,0.2719,38.0000]
[54.4227,96.3158,0.0830,326.3241,0.3223,37.9000]
[54.4227,96.3550,0.0459,326.4212,0.2333,37.8500]
[54.4227,96.4149,0.0590,326.6010,0.2439,37.8000]
[54.4227,96.4688,0.0829,326.7259,0.2331,37.7600]
[54.4227,96.4540,0.0912,326.6431,0.2531,37.6600]
[54.3364,343.6046,0.2295,97.8236,0.0844,37.5600]
[54.3364,343.6118,0.3147,97.7992,0.0912,37.4900]
[54.3364,343.5210,0.1587,97.7592,0.0571,37.4600]
[54.3364,343.5637,0.2843,97.7901,0.0814,37.4400]
[54.3364,343.7667,0.2896,97.8504,0.0754,37.4400]
[54.3364,343.3891,0.2877,97.7085,0.0887,37.4000]
[54.3364,343.4805,0.3838,97.7554,0.1196,37.3400]
[54.3364,343.4853,0.2823,97.7251,0.0688,37.2400]
[54.3364,343.6920,0.2525,97.8021,0.0631,37.1800]
[54.3364,343.5334,0.2817,97.7525,0.1164,37.1000]
[54.3364,96.4348,0.0709,325.8321,0.2065,37.1400]
[54.3364,96.4414,0.0709,325.8179,0.2304,37.1100]
[54.3364,96.4330,0.0744,325.8691,0.1825,37.1700]
[54.3364,96.5125,0.0847,326.1267,0.2210,37.2300]
[54.3364,96.4996,0.0746,326.1198,0.2531,37.2600]
[54.3364,96.5476,0.0771,326.3448,0.2491,37.3400]
[54.3364,96.5090,0.0676,326.1992,0.2734,37.3500]
[54.3364,96.5215,0.0647,326.3000,0.1702,37.3700]
[54.3364,96.5137,0.0809,326.4127,0.2219,37.3900]
[54.3364,96.4467,0.0814,326.1923,0.2660,37.3600]
[54.2500,343.9874,0.2220,97.5882,0.0803,37.4500]
[54.2500,343.8847,0.1490,97.5430,0.0476,37.5000]
[54.2500,343.9699,0.2576,97.5586,0.0832,37.5300]
[54.2500,343.7558,0.3632,97.5212,0.1097,37.5600]
[54.2500,343.9032,0.3742,97.5230,0.1118,37.6000]
[54.2500,344.0749,0.2613,97.5630,0.0826,37.6700]
[54.2500,344.0179,0.1528,97.5831,0.0798,37.6600]
[54.2500,344.0407,0.3228,97.5995,0.0824,37.6900]
[54.2500,344.1264,0.2884,97.5816,0.0894,37.7500]
[54.2500,344.2348,0.1789,97.6533,0.0665,37.6800]
[54.2500,96.9423,0.1224,327.5779,0.3747,37.5400]
[54.2500,96.8561,0.0702,327.2909,0.2025,37.4600]
[54.2500,96.8829,0.1052,327.3913,0.2696,37.3700]
[54.2500,96.9205,0.0960,327.4862,0.2203,37.3400]
[54.2500,96.9803,0.1038,327.7046,0.3450,37.3000]
[54.2500,96.9656,0.1337,327.6089,0.4601,37.2800]
[54.2500,96.9434,0.0660,327.5508,0.2716,37.2500]
[54.2500,96.9618,0.0737,327.5424,0.2064,37.2000]
[54.2500,96.9790,0.0668,327.5624,0.2270,37.2400]
[54.2500,96.9745,0.0687,327.5826,0.1747,37.3300]
[54.1635,344.4056,0.2405,97.6531,0.0725,37.3500]
[54.1635,344.0779,0.2978,97.5654,0.0943,37.4000]
[54.1635,344.0605,0.2916,97.5414,0.1152,37.4300]
[54.1635,344.0382,0.2584,97.5549,0.0673,37.4400]
[54.1635,344.0395,0.2504,97.5310,0.0737,37.4800]
[54.1635,343.9135,0.2242,97.4877,0.0711,37.5200]
[54.1635,343.9690,0.2097,97.4843,0.0874,37.5700]
[54.1635,343.9301,0.1974,97.4703,0.0821,37.6200]
[54.1635,343.7203,0.2519,97.3961,0.0839,37.6800]
[54.1635,343.8036,0.2505,97.4386,0.0463,37.7400]
[54.1635,96.9319,0.0743,327.7836,0.2408,37.7400]
[54.1635,96.9361,0.0912,327.8776,0.2375,37.7400]
[54.1635,96.9494,0.1406,327.8212,0.4322,37.7400]
[54.1635,96.9713,0.0956,327.9410,0.2467,37.6700]
[54.1635,96.9838,0.0853,327.8434,0.2401,37.6600]
[54.1635,97.0415,0.0803,328.0033,0.2760,37.6600]
[54.1635,97.0164,0.1129,327.9947,0.3789,37.6000]
[54.1635,97.0559,0.0686,328.2118,0.1996,37.5700]
[54.1635,97.0790,0.0729,328.2408,0.1813,37.5900]
[54.1635,97.0433,0.0889,328.0695,0.2144,37.6600]
[54.0769,344.0340,0.2688,96.9560,0.0880,37.7100]
[54.0769,344.1638,0.2720,96.9318,0.0764,37.6800]
[54.0769,344.0150,0.3927,96.9016,0.1247,37.6900]
[54.0769,344.1994,0.2532,97.0064,0.1446,37.4900]
[54.0769,344.4038,0.2026,97.0891,0.1256,37.3600]
[54.0769,344.2240,0.1829,97.0322,0.0803,37.3300]
[54.0769,344.1848,0.2806,97.0311,0.0844,37.2900]
[54.0769,344.1780,0.0926,97.1155,0.0804,37.2000]
[54.0769,344.3147,0.2300,97.1682,0.1263,37.2200]
[54.0769,344.2367,0.1891,97.0980,0.1069,37.1900]
[54.0769,96.1651,0.0626,328.3222,0.1904,37.0600]
[54.0769,96.1364,0.0701,328.1555,0.2147,36.9500]
[54.0769,96.0973,0.0883,328.1392,0.2377,36.9300]
[54.0769,96.0895,0.0684,327.9607,0.2236,36.9300]
[54.0769,96.0456,0.0596,328.0348,0.2662,36.9400]
[54.0769,95.9365,0.0626,327.7452,0.2041,37.0000]
[54.0769,96.0029,0.0595,327.9884,0.1329,37.0500]
[54.0769,96.0430,0.0505,328.1825,0.1723,37.0400]
[54.0769,96.0044,0.0727,328.1315,0.2754,37.0400]
[54.0769,95.9424,0.0594,327.8043,0.1839,37.0400]
[53.9902,344.0961,0.1687,97.4444,0.0605,37.1000]
[53.9902,344.0888,0.2603,97.4010,0.0755,37.1100]
[53.9902,343.9265,0.1879,97.3853,0.0546,37.0500]
[53.9902,344.0999,0.1404,97.4155,0.0630,37.0400]
[53.9902,344.0553,0.2854,97.4009,0.0911,37.1300]
[53.9902,344.1559,0.3223,97.4396,0.1170,37.1800]
[53.9902,344.1725,0.1930,97.4522,0.0681,37.1500]
[53.9902,344.0612,0.2062,97.4082,0.0707,37.0300]
[53.9902,344.2412,0.1711,97.4739,0.0586,37.1000]
[53.9902,344.3378,0.2301,97.4814,0.0590,37.1100]
[53.9902,97.3336,0.0740,328.5051,0.2655,37.1100]
[53.9902,97.3093,0.0591,328.4088,0.2374,37.1200]
[53.9902,97.2509,0.0706,328.3892,0.1628,37.1400]
[53.9902,97.2016,0.0624,328.1751,0.1920,37.1800]
[53.9902,97.1456,0.0537,328.0065,0.1545,37.2100]
[53.9902,97.2089,0.0447,328.1362,0.1367,37.1200]
[53.9902,97.2032,0.0464,328.1047,0.1302,37.0400]
[53.9902,97.1875,0.0686,328.0235,0.1569,37.0400]
[53.9902,97.1696,0.0747,328.0820,0.1876,36.9600]
[53.9902,97.1012,0.0819,327.7954,0.2771,36.9700]
[53.9061,343.7717,0.2443,97.1581,0.0811,37.0300]
[53.9061,343.5215,0.2559,97.0724,0.0866,37.0700]
[53.9061,343.2681,0.1819,96.9860,0.0682,37.1500]
[53.9061,343.2845,0.2431,97.0184,0.0669,37.0900]
[53.9061,343.1234,0.2435,96.9989,0.0911,37.1000]
[53.9061,343.0704,0.1596,96.9198,0.0888,37.1300]
[53.9061,342.9681,0.1132,96.8960,0.0640,37.2100]
[53.9061,342.8832,0.2635,96.8732,0.0607,37.2100]
[53.9061,342.8877,0.2649,96.8857,0.0763,37.2300]
[53.9061,343.0049,0.1986,96.8958,0.0869,37.2600]
[53.9061,97.0275,0.0672,326.9030,0.2031,37.2500]
[53.9061,97.0675,0.0890,327.0313,0.2764,37.2300]
[53.9061,97.0444,0.0825,327.0022,0.2876,37.2900]
[53.9061,97.0652,0.0831,327.0056,0.2440,37.3200]
[53.9061,97.0674,0.1064,326.9727,0.3019,37.3600]
[53.9061,97.1050,0.0967,327.1085,0.2803,37.3900]
[53.9061,97.0539,0.0838,326.9050,0.2548,37.4100]
[53.9061,97.0023,0.0704,326.8260,0.2507,37.4800]
[53.9061,96.9908,0.0742,326.6454,0.6838,37.5300]
[53.9061,97.0348,0.0755,326.9219,0.3154,37.5900]
[53.8192,342.8260,0.4281,96.5450,0.0830,37.6900]
[53.8192,342.8750,0.2666,96.5229,0.0953,37.7400]
[53.8192,342.8700,0.4943,96.5542,0.0915,37.7900]
[53.8192,342.9180,0.2949,96.5555,0.0779,37.7000]
[53.8192,342.7812,0.2337,96.5116,0.0807,37.6900]
[53.8192,342.6035,0.2791,96.4380,0.0952,37.7100]
[53.8192,342.7453,0.3084,96.4367,0.0967,37.7100]
[53.8192,342.3750,0.3629,96.3645,0.0784,37.7000]
[53.8192,342.3449,0.3190,96.3552,0.0951,37.7000]
[53.8192,342.5277,0.2748,96.3555,0.0994,37.7400]
[53.8192,96.5837,0.1428,325.9835,0.3169,37.7800]
[53.8192,96.5893,0.0981,325.7668,0.3050,37.8000]
[53.8192,96.5437,0.0988,325.7916,0.3000,37.7900]
[53.8192,96.5377,0.0838,325.7586,0.2465,37.8000]
[53.8192,96.5006,0.0817,325.6746,0.2940,37.8000]
[53.8192,96.4966,0.0784,325.6743,0.3021,37.8100]
[53.8192,96.4860,0.1186,325.5842,0.3800,37.8000]
[53.8192,96.4376,0.3330,325.9117,1.3604,37.8100]
[53.8192,96.4111,0.1197,325.7144,0.3705,37.8500]
[53.8192,96.3953,0.1442,325.4691,0.4288,37.8900]
[53.7322,342.3480,0.4455,96.5305,0.0929,38.0200]
[53.7322,342.4539,0.1844,96.5664,0.0780,38.0900]
[53.7322,342.5374,0.3480,96.5839,0.1412,38.2000]
[53.7322,342.5953,0.3469,96.6200,0.1003,38.2800]
[53.7322,342.7575,0.3189,96.6307,0.1184,38.3500]
[53.7322,342.7891,0.3273,96.6104,0.0795,38.3800]
[53.7322,342.7279,0.2578,96.6153,0.0866,38.4100]
[53.7322,343.0525,0.2065,96.7067,0.0652,38.3800]
[53.7322,343.1358,0.1857,96.7201,0.0726,38.3100]
[53.7322,342.9892,0.1894,96.6674,0.0722,38.2500]
[53.7322,96.7155,0.1008,325.3849,0.2141,38.1300]
[53.7322,96.7571,0.0633,325.5721,0.2347,38.0900]
[53.7322,96.7936,0.0829,325.5800,0.2340,38.1400]
[53.7322,96.7684,0.0760,325.6159,0.2194,38.1500]
[53.7322,96.7510,0.1025,325.6097,0.3246,38.2000]
[53.7322,96.8078,0.0717,325.7763,0.2452,38.2000]
[53.7322,96.8187,0.0778,325.8176,0.2542,38.2400]
[53.7322,96.8277,0.0761,325.9257,0.2667,38.3200]
[53.7322,96.8917,0.0517,326.0612,0.2240,38.3900]
[53.7322,96.8768,0.0662,326.0257,0.1471,38.4200]
[53.6451,344.4841,0.2101,96.9965,0.0913,38.2900]
[53.6451,344.5658,0.2434,96.9940,0.0745,38.2100]
[53.6451,344.6710,0.3045,97.0529,0.0881,38.1300]
[53.6451,344.3727,0.3882,96.9540,0.1041,38.1100]
[53.6451,344.7879,0.4791,97.0386,0.1718,38.0400]
[53.6451,344.5571,0.2441,96.9694,0.0918,37.9400]
[53.6451,344.2591,0.2837,96.9247,0.0740,37.8600]
[53.6451,344.4150,0.3152,96.9615,0.0948,37.7800]
[53.6451,344.3984,0.2451,96.9255,0.0878,37.7600]
[53.6451,344.3882,0.3778,96.9111,0.1175,37.5600]
[53.6451,96.9259,0.0858,325.9073,0.3461,37.4600]
[53.6451,96.8494,0.1203,325.7585,0.4991,37.5300]
[53.6451,96.7884,0.1061,325.5475,0.3084,37.6000]
[53.6451,96.7754,0.1378,325.5744,0.3416,37.6600]
[53.6451,96.6995,0.1239,325.4325,0.2029,37.7100]
[53.6451,96.6863,0.1108,325.3831,0.4393,37.7500]
[53.6451,96.7518,0.1233,325.2761,0.3109,37.7500]
[53.6451,96.7466,0.1122,325.5174,0.3715,37.7900]
[53.6451,96.6845,0.1556,325.4315,0.4395,37.8700]
[53.6451,96.6944,0.1472,325.5162,0.4536,37.9700]
[53.5579,342.9506,0.3218,96.0695,0.1315,38.1100]
[53.5579,343.1837,0.2282,96.0105,0.1394,38.1800]
[53.5579,342.9515,0.3968,95.9620,0.1386,38.2500]
[53.5579,343.0071,0.3740,96.0126,0.0802,38.3300]
[53.5579,343.1615,0.3573,96.0322,0.1125,38.3600]
[53.5579,343.4031,0.3884,96.0758,0.0660,38.4100]
[53.5579,343.1669,0.2193,96.0128,0.0978,38.4700]
[53.5579,343.0237,0.2870,95.9556,0.0847,38.5400]
[53.5579,343.1828,0.3138,96.0256,0.0951,38.5900]
[53.5579,343.2539,0.3452,96.0273,0.1292,38.6500]
[53.5579,94.9922,0.1284,327.4666,0.3623,38.7700]
[53.5579,94.9679,0.1198,327.1937,0.3933,38.8000]
[53.5579,94.8732,0.1581,327.0603,0.4401,38.7600]
[53.5579,94.8271,0.0934,327.1818,0.3191,38.7700]
[53.5579,94.8621,0.1334,327.1999,0.3930,38.7200]
[53.5579,94.8110,0.1006,327.1333,0.2640,38.7800]
[53.5579,94.7654,0.1549,327.1163,0.4677,38.8500]
[53.5579,94.7995,0.1214,327.1513,0.3812,38.8600]
[53.5579,94.7728,0.1376,327.0866,0.2944,38.9100]
[53.5579,94.7724,0.1258,327.5891,0.3552,38.9200]
[53.4706,342.7381,0.4609,95.9174,0.1497,38.9000]
[53.4706,342.8349,0.3906,95.9836,0.1209,38.7700]
[53.4706,342.7064,0.1942,95.9110,0.0812,38.7800]
[53.4706,342.7362,0.1700,95.9445,0.0732,38.7100]
[53.4706,342.4012,0.1937,95.8604,0.0650,38.6300]
[53.4706,342.4845,0.2768,95.8335,0.0989,38.6300]
[53.4706,342.4363,0.1628,95.8411,0.0696,38.5500]
[53.4706,342.5113,0.2801,95.8414,0.0944,38.3700]
[53.4706,342.3591,0.1728,95.7991,0.0729,38.4100]
[53.4706,342.2600,0.2495,95.7408,0.1059,38.3300]
[53.4706,94.7885,0.0615,326.3515,0.1697,38.2400]
[53.4706,94.7246,0.0726,326.2000,0.2755,38.2500]
[53.4706,94.7382,0.0915,326.1509,0.2419,38.3000]
[53.4706,94.6661,0.0873,325.9716,0.2893,38.3700]
[53.4706,94.6752,0.0741,326.0060,0.2656,38.4500]
[53.4706,94.6623,0.1136,325.8354,0.3784,38.5300]
[53.4706,94.5698,0.0957,325.5817,0.2978,38.6300]
[53.4706,94.5593,0.1081,325.5721,0.2834,38.7000]
[53.4706,94.5550,0.0988,325.4971,0.2651,38.7000]
[53.4706,94.5986,0.0640,325.6290,0.3095,38.6300]
[53.3833,341.7931,0.3478,95.3832,0.1004,38.5700]
[53.3833,341.6013,0.3006,95.3390,0.0912,38.5100]
[53.3833,341.6041,0.3013,95.2991,0.0793,38.5200]
[53.3833,341.3983,0.3019,95.2534,0.0924,38.5300]
[53.3833,341.3197,0.3810,95.2648,0.1042,38.6100]
[53.3833,341.3155,0.5451,95.1592,0.1493,38.6800]
[53.3833,341.1176,0.3987,95.1021,0.1062,38.7600]
[53.3833,341.0491,0.4461,95.0445,0.1162,38.8300]
[53.3833,340.7853,0.3891,94.9652,0.1584,38.8700]
[53.3833,341.0426,0.2772,95.0252,0.0879,38.9200]
[53.3833,82.6112,0.1161,324.1268,0.4419,38.7700]
[53.3833,82.5310,0.1302,323.7941,0.4247,38.8100]
[53.3833,82.4940,0.1313,323.6153,0.3916,38.7800]
[53.3833,82.5348,0.0963,323.6797,0.3344,38.7600]
[53.3833,82.4231,0.0940,323.6363,0.2627,38.7300]
[53.3833,82.4553,0.0899,323.6574,0.2974,38.7200]
[53.3833,82.4445,0.0995,323.6248,0.2713,38.8100]
[53.3833,82.3765,0.1246,323.4659,0.4053,38.8900]
[53.3833,82.2579,0.1028,323.0592,0.3558,38.9700]
[53.3833,82.2615,0.1248,323.0949,0.4741,38.9500]
[53.2931,338.0517,0.3297,94.9304,0.1540,39.0700]
[53.2931,338.0319,0.3829,94.9320,0.1156,39.0300]
[53.2931,338.2068,0.3089,94.9528,0.1112,38.9800]
[53.2931,338.3330,0.3905,95.0043,0.1226,39.0400]
[53.2931,338.1481,0.3719,94.9815,0.1052,39.0200]
[53.2931,338.1476,0.3860,94.9706,0.1299,38.9500]
[53.2931,338.1786,0.2039,94.9877,0.0810,38.8700]
[53.2931,338.0021,0.3378,94.8972,0.0863,38.7900]
[53.2931,338.1744,0.3784,94.9629,0.1072,38.6200]
[53.2931,337.9614,0.3922,94.9057,0.1313,38.5100]
[53.2931,86.8221,0.1046,321.0442,0.2787,38.3800]
[53.2931,86.6397,0.1206,320.9535,0.3458,38.3600]
[53.2931,86.5370,0.1058,320.7844,0.2191,38.4000]
[53.2931,86.5516,0.1249,320.8402,0.3557,38.3400]
[53.2931,86.4324,0.1022,320.8122,0.3041,38.2700]
[53.2931,86.3135,0.1444,320.5700,0.4513,38.2400]
[53.2931,86.3305,0.1049,320.6689,0.2718,38.2100]
[53.2931,86.2392,0.0972,320.6510,0.2654,38.2600]
[53.2931,86.0712,0.1433,320.4109,0.1863,38.2100]
[53.2931,86.0703,0.1191,320.4550,0.1830,38.0900]
[53.2082,337.2147,0.1898,94.7437,0.0684,38.0100]
[53.2082,337.2578,0.2805,94.7229,0.0852,37.9600]
[53.2082,337.1100,0.4388,94.6810,0.1341,37.9900]
[53.2082,337.1346,0.3351,94.6842,0.1310,38.0800]
[53.2082,337.0160,0.5528,94.6451,0.1628,38.0500]
[53.2082,337.0125,0.7220,94.6514,0.2152,38.1700]
[53.2082,337.0816,0.4543,94.6853,0.1373,38.2000]
[53.2082,336.9662,0.4710,94.6299,0.1079,38.2900]
[53.2082,336.5284,0.2701,94.4668,0.1053,38.3800]
[53.2082,336.9029,0.4111,94.5871,0.1409,38.4500]
[53.2082,82.0081,0.1163,322.5330,0.4669,38.4400]
[53.2082,81.9557,0.1263,322.3152,0.4262,38.4100]
[53.2082,81.9896,0.1345,322.5728,0.3583,38.3200]
[53.2082,82.0108,0.0860,322.5317,0.2218,38.2900]
[53.2082,82.0824,0.1378,322.6466,0.3636,38.2600]
[53.2082,82.1515,0.1015,322.8834,0.2678,38.1800]
[53.2082,82.1141,0.1049,322.9681,0.3380,38.1500]
[53.2082,82.2107,0.0763,323.1667,0.1913,38.0900]
[53.2082,82.2030,0.0725,323.0165,0.1741,38.0000]
[53.2082,82.2678,0.0860,323.0071,0.1816,37.9400]
[53.1206,336.9888,0.3221,94.5384,0.1061,37.9100]
[53.1206,337.0603,0.2955,94.5240,0.0809,37.9200]
[53.1206,336.8751,0.4323,94.4991,0.1200,37.9300]
[53.1206,337.1743,0.3196,94.6151,0.1562,37.8800]
[53.1206,336.8853,0.2624,94.4765,0.0798,37.8400]
[53.1206,336.8432,0.3188,94.3929,0.0815,37.9000]
[53.1206,336.8851,0.2245,94.4638,0.0969,37.8500]
[53.1206,336.9182,0.3023,94.4803,0.0886,37.8600]
[53.1206,336.9060,0.2848,94.4462,0.0912,37.8300]
[53.1206,336.8962,0.2989,94.4182,0.1189,37.8800]
[53.1206,90.3975,0.1202,322.9928,0.2328,37.9900]
[53.1206,90.3955,0.1252,323.1408,0.2068,38.0300]
[53.1206,90.4238,0.1145,322.8340,0.3647,38.0900]
[53.1206,90.6535,0.1196,322.5444,0.4327,38.0900]
[53.1206,90.7128,0.1048,323.0347,0.2280,38.0600]
[53.1206,90.7449,0.2094,323.0615,0.3090,38.1000]
[53.1206,90.9295,0.1808,322.8813,0.2072,38.1200]
[53.1206,90.9000,0.1066,322.9100,0.3272,38.1200]
[53.1206,90.8484,0.1308,322.6821,0.2485,38.1600]
[53.1206,91.0489,0.1042,322.8880,0.2345,38.1100]
[53.0329,337.0959,0.2963,94.5371,0.0998,37.9400]
[53.0329,336.8920,0.3122,94.4165,0.0737,38.0300]
[53.0329,336.8192,0.3716,94.3868,0.1073,38.1000]
[53.0329,336.7849,0.3152,94.2714,0.1233,38.1800]
[53.0329,336.6269,0.2931,94.2302,0.1248,38.2500]
[53.0329,336.6443,0.2999,94.2679,0.0936,38.2900]
[53.0329,336.4570,0.2809,94.2020,0.1207,38.2900]
[53.0329,336.5784,0.4616,94.2758,0.1456,38.3200]
[53.0329,336.1347,0.4158,94.1177,0.1040,38.3300]
[53.0329,336.0375,0.4602,94.0689,0.1692,38.3600]
[53.0329,93.0692,0.1003,321.6264,0.2816,38.3100]
[53.0329,93.0714,0.1162,321.6683,0.3170,38.2300]
[53.0329,93.0239,0.1060,321.4628,0.2042,38.2900]
[53.0329,92.9665,0.1109,321.3492,0.2348,38.2800]
[53.0329,92.9680,0.0878,321.3235,0.1797,38.2700]
[53.0329,92.9522,0.1031,321.2765,0.2424,38.2300]
[53.0329,92.9999,0.0638,321.4258,0.1866,38.2000]
[53.0329,92.9814,0.0917,321.2915,0.2127,38.2200]
[53.0329,92.9406,0.0991,321.3089,0.2570,38.1800]
[53.0329,92.9324,0.1343,321.2809,0.3514,38.1700]
[52.9450,335.8358,0.2623,93.9066,0.0867,38.1400]
[52.9450,335.7820,0.2592,93.8655,0.1035,38.1600]
[52.9450,335.6938,0.1789,93.8349,0.0870,38.0800]
[52.9450,335.8907,0.3079,93.8371,0.1103,38.0500]
[52.9450,335.9998,0.2267,93.8924,0.0818,38.0300]
[52.9450,335.9749,0.2197,93.8670,0.0963,38.0800]
[52.9450,335.6862,0.2937,93.7938,0.1105,38.1400]
[52.9450,335.7506,0.2525,93.7733,0.1031,38.1700]
[52.9450,335.6519,0.2408,93.7340,0.0903,38.1300]
[52.9450,335.8186,0.2145,93.7458,0.0635,38.0800]
[52.9450,80.8361,0.0687,321.8898,0.2441,37.9800]
[52.9450,80.8276,0.1011,321.7372,0.2536,37.9800]
[52.9450,80.8465,0.1026,321.7338,0.3202,38.0100]
[52.9450,81.0338,0.1079,321.6661,0.3510,38.0500]
[52.9450,80.9696,0.1230,321.7037,0.2853,38.0900]
[52.9450,81.0751,0.1196,321.7414,0.2809,38.1400]
[52.9450,81.1898,0.0934,321.7873,0.2943,38.1800]
[52.9450,81.2001,0.1105,321.6113,0.2646,38.2300]
[52.9450,81.3024,0.0861,321.6983,0.1980,38.2700]
[52.9450,81.3044,0.1090,321.4579,0.3684,38.3000]
[52.8544,338.4612,0.3387,94.0935,0.1054,38.4100]
[52.8544,338.5943,0.2771,94.0997,0.0894,38.3500]
[52.8544,338.7879,0.2704,94.1957,0.0810,38.3100]
[52.8544,338.7227,0.2807,94.1713,0.1046,38.2300]
[52.8544,338.6715,0.5163,94.1732,0.1493,38.1900]
[52.8544,338.8142,0.3526,94.2301,0.1056,38.1500]
[52.8544,338.9325,0.2292,94.2316,0.0769,38.0900]
[52.8544,339.1263,0.3079,94.3194,0.1106,37.9900]
[52.8544,338.8903,0.4406,94.2379,0.1407,37.9500]
[52.8544,338.6992,0.2503,94.1646,0.0817,37.8700]
[52.8544,93.4250,0.0748,322.2891,0.2259,37.8200]
[52.8544,93.3636,0.1523,322.3205,0.4486,37.8400]
[52.8544,93.3642,0.1076,322.2185,0.3590,37.8600]
[52.8544,93.2588,0.1144,322.1388,0.3585,37.8600]
[52.8544,93.1168,0.1112,321.9881,0.3742,37.8800]
[52.8544,93.2352,0.1067,322.4024,0.3054,37.8600]
[52.8544,93.1316,0.0973,322.2357,0.3766,37.9500]
[52.8544,93.1173,0.1328,322.3325,0.5147,38.0200]
[52.8544,93.0095,0.1491,322.0342,0.4011,38.0700]
[52.8544,92.9123,0.1063,322.0931,0.3075,38.1600]
[52.7663,338.9740,0.2460,94.4587,0.0799,38.2300]
[52.7663,338.5644,0.3066,94.3923,0.0901,38.1700]
[52.7663,338.7507,0.3027,94.3905,0.0925,38.1200]
[52.7663,338.5668,0.2200,94.3582,0.0839,38.1300]
[52.7663,338.7303,0.2878,94.4097,0.0809,38.0900]
[52.7663,338.5444,0.2848,94.3435,0.0846,38.0900]
[52.7663,338.4848,0.3731,94.3656,0.0871,38.1000]
[52.7663,338.5176,0.2216,94.3630,0.0799,38.0300]
[52.7663,338.1363,0.5972,94.3145,0.1769,38.0000]
[52.7663,337.8005,0.3634,94.1450,0.1523,37.9400]
[52.7663,79.2358,0.1038,319.8298,0.3057,37.7300]
[52.7663,79.1390,0.1022,319.7651,0.3049,37.7500]
[52.7663,79.1904,0.1030,320.0758,0.3607,37.8000]
[52.7663,79.0621,0.1231,319.8618,0.3946,37.8500]
[52.7663,79.1150,0.0574,320.0765,0.2068,37.8100]
[52.7663,79.0588,0.0697,320.0847,0.2342,37.8200]
[52.7663,78.9154,0.1285,320.0567,0.4137,37.7800]
[52.7663,78.9630,0.1003,320.0031,0.3091,37.7600]
[52.7663,78.9691,0.0744,320.0763,0.2926,37.7300]
[52.7663,78.9241,0.1052,319.9761,0.3264,37.7600]
[52.6783,338.0699,0.1751,94.2367,0.0726,37.7800]
[52.6783,338.1642,0.2318,94.2645,0.0833,37.7900]
[52.6783,338.0920,0.2796,94.2385,0.0796,37.8000]
[52.6783,338.2164,0.2587,94.2657,0.0967,37.8500]
[52.6783,337.9614,0.3055,94.1924,0.0979,37.8100]
[52.6783,337.9526,0.2826,94.1975,0.0740,37.7500]
[52.6783,338.0284,0.2769,94.2846,0.0783,37.7700]
[52.6783,338.2917,0.2805,94.3062,0.0819,37.8500]
[52.6783,338.4788,0.3118,94.3201,0.1118,37.9200]
[52.6783,338.3957,0.2323,94.3192,0.0842,37.9100]
[52.6783,79.0364,0.1289,319.9058,0.2424,37.9200]
[52.6783,79.0266,0.1121,319.8166,0.3999,37.9400]
[52.6783,79.0838,0.0963,319.9359,0.2686,37.9700]
[52.6783,79.1273,0.0840,319.9552,0.2520,37.9500]
[52.6783,79.0718,0.0578,319.7178,0.2080,37.9400]
[52.6783,79.0829,0.1046,319.6678,0.2435,37.9800]
[52.6783,79.2323,0.0908,319.6769,0.1539,37.9200]
[52.6783,79.1304,0.0583,319.5955,0.1671,37.9300]
[52.6783,79.1451,0.1015,319.4335,0.2102,37.9800]
[52.6783,79.0753,0.1201,319.3233,0.1913,37.8700]
[52.5901,337.7958,0.2636,93.9351,0.0917,37.8200]
[52.5901,337.6821,0.2589,93.9211,0.0857,37.8400]
[52.5901,337.6249,0.2113,93.8853,0.0676,37.9000]
[52.5901,337.5999,0.2820,93.8490,0.1095,37.9200]
[52.5901,337.4885,0.3183,93.8511,0.0958,37.8900]
[52.5901,337.4787,0.3136,93.8482,0.0893,37.9000]
[52.5901,337.5556,0.2629,93.8181,0.0949,37.8100]
[52.5901,337.6266,0.1844,93.8572,0.0807,37.8400]
[52.5901,337.7125,0.2070,93.8655,0.0853,37.9100]
[52.5901,337.6616,0.2592,93.8487,0.0922,37.9600]
[52.5901,82.6132,0.1128,319.7885,0.2785,37.9400]
[52.5901,82.6099,0.0786,319.7201,0.2399,37.8800]
[52.5901,82.5889,0.0981,319.6870,0.2733,37.8800]
[52.5901,82.4963,0.0734,319.4141,0.1714,37.9000]
[52.5901,82.4651,0.0824,319.3283,0.2121,37.9400]
[52.5901,82.4957,0.0715,319.3562,0.2297,37.8400]
[52.5901,82.4551,0.0777,319.1384,0.2641,37.8100]
[52.5901,82.4643,0.0957,319.2232,0.2047,37.8100]
[52.5901,82.4896,0.0775,319.2730,0.2515,37.7100]
[52.5901,82.4806,0.0956,319.2994,0.3099,37.6000]
[52.5018,337.1328,0.5275,93.8280,0.0709,37.5800]
[52.5018,337.1647,0.1860,93.7972,0.0678,37.4700]
[52.5018,337.2543,0.1580,93.8124,0.0543,37.4200]
[52.5018,337.1145,0.2285,93.7861,0.1067,37.3500]
[52.5018,337.1331,0.2372,93.7571,0.0756,37.3700]
[52.5018,337.1005,0.1865,93.7783,0.0807,37.3900]
[52.5018,336.8525,0.0966,93.7725,0.0807,37.3600]
[52.5018,336.8965,0.2473,93.7566,0.0988,37.3700]
[52.5018,336.9272,0.1578,93.7879,0.0769,37.3200]
[52.5018,336.9599,0.2633,93.7635,0.1084,37.3100]
[52.5018,82.3378,0.0983,319.9418,0.2533,37.1600]
[52.5018,82.4945,0.0668,320.1987,0.2940,37.0400]
[52.5018,82.3641,0.2082,320.2829,0.2787,36.9800]
[52.5018,82.4621,0.0935,320.2878,0.2881,36.9100]
[52.5018,82.3033,0.1931,320.2300,0.2983,36.8700]
[52.5018,82.1935,0.2109,320.3297,0.2371,36.8300]
[52.5018,82.2901,0.1428,320.2400,0.3201,36.8500]
[52.5018,82.2049,0.0946,320.1888,0.3041,36.8900]
[52.5018,82.1779,0.1122,320.0969,0.2838,36.9600]
[52.5018,82.1311,0.0893,320.1421,0.2110,36.9900]
[52.4134,330.5027,0.2710,91.4901,0.0894,36.9300]
[52.4134,330.6005,0.2549,91.5130,0.0808,36.9000]
[52.4134,330.5343,0.1676,91.4989,0.0872,36.9100]
[52.4134,330.5440,0.2413,91.5067,0.0933,36.8800]
[52.4134,330.6204,0.3072,91.5260,0.1021,36.8600]
[52.4134,330.6294,0.2839,91.5390,0.0965,36.8600]
[52.4134,330.9450,0.1764,91.6099,0.0565,36.8500]
[52.4134,330.9418,0.1903,91.6007,0.0827,36.9600]
[52.4134,330.8521,0.2930,91.6158,0.0780,37.0300]
[52.4134,330.9200,0.1762,91.6105,0.0666,37.1000]
[52.4134,82.3467,0.0739,315.1147,0.3670,37.1500]
[52.4134,82.3291,0.1231,314.9747,0.3305,37.1700]
[52.4134,82.3163,0.0722,314.8550,0.1781,37.2100]
[52.4134,82.2688,0.1202,314.7851,0.1553,37.1600]
[52.4134,82.1467,0.0625,314.6879,0.2390,37.1100]
[52.4134,82.1157,0.0989,314.7762,0.2532,37.0000]
[52.4134,82.2472,0.0593,314.8885,0.1467,36.9800]
[52.4134,82.1724,0.0868,314.6844,0.2243,36.9400]
[52.4134,82.2396,0.0910,314.6885,0.2820,36.9100]
[52.4134,82.2199,0.0857,314.4928,0.2650,36.9600]
[52.3222,329.6927,0.2604,91.1194,0.0732,37.0300]
[52.3222,329.8436,0.2879,91.1190,0.0847,37.0800]
[52.3222,329.7448,0.3730,91.0956,0.0711,37.0900]
[52.3222,329.6440,0.2950,91.0905,0.1105,37.0700]
[52.3222,329.8280,0.3542,91.0642,0.1149,37.1300]
[52.3222,329.6083,0.4536,91.0038,0.1347,37.1800]
[52.3222,329.4462,0.1967,90.9771,0.0729,37.1800]
[52.3222,329.5927,0.3069,91.0033,0.0794,37.2400]
[52.3222,329.7285,0.2376,91.0228,0.0904,37.3000]
[52.3222,329.6430,0.2015,90.9632,0.0666,37.3100]
[52.3222,82.3827,0.1034,314.3145,0.2469,37.3500]
[52.3222,82.3289,0.0863,314.3392,0.2322,37.3600]
[52.3222,82.3944,0.0702,314.1527,0.1915,37.3200]
[52.3222,82.3427,0.0939,313.8830,0.3129,37.3200]
[52.3222,82.5632,0.2220,314.0083,0.2153,37.3500]
[52.3222,82.4163,0.1412,313.8907,0.2271,37.3400]
[52.3222,82.4597,0.1165,313.7683,0.1774,37.3500]
[52.3222,82.5260,0.1197,313.7964,0.2467,37.3200]
[52.3222,82.4178,0.1107,313.4425,0.3199,37.3400]
[52.3222,82.5023,0.0677,313.4581,0.2245,37.3800]
[52.2337,329.2218,0.2758,91.0901,0.0943,37.4000]
[52.2337,329.2633,0.2376,91.0779,0.0634,37.3800]
[52.2337,329.2768,0.2283,91.0709,0.0805,37.3800]
[52.2337,329.2300,0.2367,91.0447,0.0558,37.3900]
[52.2337,329.1913,0.2535,91.0049,0.0903,37.4800]
[52.2337,329.3577,0.1580,91.0044,0.0691,37.4300]
[52.2337,329.4267,0.1779,91.0681,0.0570,37.3600]
[52.2337,329.5098,0.2423,91.0282,0.0559,37.4000]
[52.2337,329.3527,0.2587,91.0162,0.1090,37.3500]
[52.2337,329.3899,0.1734,90.9511,0.0675,37.3200]
[52.2337,80.4981,0.0480,312.3939,0.1779,37.3500]
[52.2337,80.4659,0.0758,312.3987,0.1730,37.3200]
[52.2337,80.4730,0.0647,312.4348,0.2058,37.2500]
[52.2337,80.4753,0.0703,312.3822,0.1794,37.2800]
[52.2337,80.4310,0.0679,312.4477,0.2218,37.3000]
[52.2337,80.4128,0.0746,312.4461,0.1916,37.2600]
[52.2337,80.3960,0.0630,312.4686,0.3012,37.2500]
[52.2337,80.4037,0.0768,312.4473,0.2024,37.2600]
[52.2337,80.4115,0.0674,312.4594,0.2172,37.2700]
[52.2337,80.4043,0.0565,312.4828,0.1918,37.3000]
[52.1451,329.5766,0.1968,90.6854,0.0584,37.3400]
[52.1451,329.6182,0.2777,90.6793,0.0868,37.3000]
[52.1451,329.6244,0.3247,90.6800,0.0794,37.3800]
[52.1451,329.6025,0.2009,90.6665,0.0993,37.3600]
[52.1451,329.6414,0.3129,90.6934,0.0910,37.3200]
[52.1451,329.5869,0.2520,90.6682,0.0929,37.3300]
[52.1451,329.5706,0.3221,90.6586,0.1080,37.2400]
[52.1451,329.6438,0.2951,90.6590,0.0710,37.2700]
[52.1451,329.5800,0.2292,90.6431,0.0739,37.2800]
[52.1451,329.5137,0.1984,90.6214,0.0638,37.3000]
[52.1451,81.9014,0.0782,312.7117,0.1836,37.3800]
[52.1451,81.8725,0.0900,312.6127,0.3225,37.4300]
[52.1451,81.8580,0.0705,312.7395,0.2615,37.5100]
[52.1451,81.8734,0.0735,312.7142,0.2336,37.5600]
[52.1451,81.8052,0.0733,312.5366,0.2497,37.5000]
[52.1451,81.7436,0.0817,312.4745,0.2719,37.4200]
[52.1451,81.7503,0.0886,312.5152,0.2338,37.4300]
[52.1451,81.6750,0.0702,312.4501,0.1727,37.4800]
[52.1451,81.5311,0.0742,312.0846,0.2764,37.5300]
[52.1451,81.5315,0.0981,312.3127,0.3822,37.5900]
[52.0592,328.2802,0.2752,90.4858,0.0946,37.7100]
[52.0592,328.3912,0.3016,90.4821,0.1309,37.7600]
[52.0592,328.4289,0.2403,90.5083,0.0821,37.7700]
[52.0592,328.2859,0.2126,90.4381,0.0704,37.8400]
[52.0592,328.2420,0.1944,90.4538,0.0627,37.8600]
[52.0592,328.3298,0.1687,90.4952,0.0689,37.8700]
[52.0592,328.2424,0.3841,90.4810,0.1011,37.8400]
[52.0592,328.2898,0.2425,90.4855,0.0531,37.8400]
[52.0592,328.2090,0.2161,90.4506,0.0813,37.8100]
[52.0592,328.2705,0.3014,90.4574,0.0846,37.7300]
[52.0592,87.9959,0.1237,311.5850,0.2692,37.6100]
[52.0592,88.1315,0.2134,311.5234,0.2893,37.5800]
[52.0592,88.3611,0.3688,311.4695,0.3535,37.5100]
[52.0592,88.4519,0.2366,311.6562,0.2153,37.5000]
[52.0592,88.2493,0.2279,311.5076,0.2628,37.5100]
[52.0592,88.4275,0.2345,311.5947,0.2857,37.6100]
[52.0592,88.3756,0.2162,311.6233,0.2225,37.5400]
[52.0592,88.5810,0.0702,311.6319,0.2532,37.4700]
[52.0592,88.6652,0.1273,311.5788,0.2180,37.4400]
[52.0592,88.6349,0.2095,311.5045,0.2512,37.3900]
[51.9676,326.3920,0.1887,90.7571,0.0636,37.2500]
[51.9676,326.3280,0.2173,90.7067,0.0562,37.2000]
[51.9676,326.1675,0.1375,90.6902,0.0484,37.0800]
[51.9676,326.1194,0.2115,90.7060,0.0688,37.0000]
[51.9676,326.1273,0.1710,90.6922,0.0539,36.9800]
[51.9676,326.1146,0.2399,90.6858,0.0649,36.9700]
[51.9676,326.0976,0.2869,90.6994,0.0819,37.0000]
[51.9676,325.9560,0.2265,90.6454,0.0573,37.0700]
[51.9676,325.9567,0.2637,90.6470,0.0794,37.0500]
[51.9676,325.9937,0.2390,90.6546,0.0716,37.0000]
[51.9676,89.5397,0.0829,310.8279,0.2322,36.9800]
[51.9676,89.5148,0.0757,310.8725,0.3050,37.0400]
[51.9676,89.4697,0.0565,310.7254,0.1850,37.0600]
[51.9676,89.4763,0.0678,310.7525,0.2090,37.0700]
[51.9676,89.4529,0.0545,310.6684,0.2016,37.0200]
[51.9676,89.4721,0.0771,310.7547,0.2825,37.0200]
[51.9676,89.4813,0.0818,310.7089,0.2719,36.9300]
[51.9676,89.4601,0.0800,310.6284,0.2573,36.9600]
[51.9676,89.4804,0.0574,310.7725,0.1789,36.9800]
[51.9676,89.4916,0.0624,310.8360,0.2135,37.0000]
[51.8788,323.0654,0.1934,90.7661,0.0626,37.1300]
[51.8788,322.9846,0.1979,90.7363,0.0758,37.1500]
[51.8788,322.9501,0.2385,90.7304,0.0485,37.1400]
[51.8788,322.9138,0.2098,90.7266,0.0638,37.1600]
[51.8788,322.9842,0.2325,90.7498,0.0740,37.0900]
[51.8788,323.0442,0.1784,90.7755,0.0657,37.1200]
[51.8788,322.9083,0.2115,90.7303,0.0638,37.0800]
[51.8788,323.0627,0.2275,90.8201,0.0981,37.1000]
[51.8788,323.1110,0.2002,90.7821,0.0739,37.0900]
[51.8788,323.3343,0.1476,90.8494,0.0420,37.0600]
[51.8788,83.2258,0.2895,310.5500,0.2958,36.9900]
[51.8788,83.1382,0.1485,310.3917,0.2040,36.9900]
[51.8788,83.5205,0.1421,310.5276,0.1561,36.9500]
[51.8788,83.5714,0.0989,310.5730,0.2207,36.9900]
[51.8788,83.8465,0.1443,310.4571,0.3122,37.0700]
[51.8788,84.2996,0.2067,310.6121,0.1915,37.0700]
[51.8788,84.1238,0.1141,310.5012,0.2378,37.0100]
[51.8788,84.3019,0.0998,310.6169,0.3357,37.0300]
[51.8788,84.4584,0.1224,310.4714,0.2682,37.0100]
[51.8788,84.6854,0.1924,310.6793,0.1676,37.0800]
[51.7926,320.9926,0.2577,90.7952,0.0863,37.1500]
[51.7926,320.8275,0.3235,90.7857,0.1351,37.1500]
[51.7926,320.7349,0.2920,90.7625,0.0780,37.2200]
[51.7926,320.8087,0.1668,90.7571,0.0651,37.2900]
[51.7926,320.7356,0.2797,90.7226,0.0788,37.3800]
[51.7926,320.8877,0.2662,90.7844,0.0706,37.4600]
[51.7926,320.8294,0.2215,90.7748,0.0806,37.5400]
[51.7926,320.5442,0.3145,90.7116,0.1130,37.5600]
[51.7926,320.9719,0.4262,90.7790,0.1151,37.5400]
[51.7926,320.7227,0.2670,90.7550,0.0791,37.4300]
[51.7926,80.1371,0.1218,312.7018,0.1916,37.3800]
[51.7926,80.3218,0.2103,312.6138,0.1614,37.3100]
[51.7926,80.5547,0.2849,312.5519,0.1544,37.2000]
[51.7926,80.6314,0.2196,312.6683,0.1989,37.1000]
[51.7926,80.6109,0.2968,312.7224,0.1705,37.0600]
[51.7926,80.5464,0.1333,312.6625,0.2353,37.0100]
[51.7926,80.6168,0.1186,312.5380,0.2142,37.0300]
[51.7926,80.8410,0.2096,312.7550,0.2116,37.0000]
[51.7926,81.1790,0.3283,312.7325,0.3223,36.9500]
[51.7926,81.1642,0.7047,312.7535,0.1470,36.9600]
[51.7036,321.1246,0.2372,91.0241,0.0731,37.0500]
[51.7036,321.3223,0.2455,91.0259,0.0729,37.0300]
[51.7036,321.1976,0.1577,91.0114,0.0660,37.0500]
[51.7036,321.3085,0.2053,91.0364,0.0574,37.0600]
[51.7036,321.3611,0.1485,91.0557,0.0507,37.0600]
[51.7036,321.3678,0.1923,91.0646,0.0643,36.9900]
[51.7036,321.5309,0.2090,91.1338,0.0672,36.9800]
[51.7036,321.4896,0.2696,91.0913,0.0792,36.9100]
[51.7036,321.4212,0.2938,91.0700,0.0729,36.9500]
[51.7036,321.3809,0.1963,91.0627,0.0477,37.0100]
[51.7036,78.6586,0.0524,313.1038,0.1636,37.0100]
[51.7036,78.7066,0.0900,313.2464,0.3206,36.9900]
[51.7036,78.8200,0.2084,313.3543,0.1925,36.9300]
[51.7036,78.8719,0.1595,313.4153,0.1815,36.7600]
[51.7036,78.7788,0.0585,313.3015,0.2296,36.7400]
[51.7036,78.8559,0.0813,313.5025,0.2007,36.7300]
[51.7036,78.9307,0.0818,313.4548,0.0916,36.6900]
[51.7036,78.9368,0.0656,313.5196,0.1459,36.6800]
[51.7036,79.0017,0.0558,313.4148,0.1078,36.6500]
[51.7036,79.0852,0.0856,313.4260,0.1706,36.6000]
[51.6146,321.9867,0.2046,91.1213,0.0666,36.6300]
[51.6146,321.7192,0.2022,91.0357,0.0630,36.6800]
[51.6146,321.6166,0.1506,91.0162,0.0526,36.7000]
[51.6146,321.6875,0.1647,91.0272,0.0713,36.7200]
[51.6146,321.5761,0.1598,91.0012,0.0463,36.7500]
[51.6146,321.7073,0.1629,91.0214,0.0529,36.7500]
[51.6146,321.6421,0.2138,90.9992,0.0691,36.7000]
[51.6146,321.5527,0.2317,90.9606,0.0508,36.7600]
[51.6146,321.3502,0.1816,90.8989,0.0477,36.7500]
[51.6146,321.3904,0.2199,90.9213,0.0640,36.6700]
[51.6146,89.5543,0.0498,313.1384,0.1578,36.6900]
[51.6146,89.5454,0.0360,313.1121,0.1498,36.7100]
[51.6146,89.5668,0.0408,313.2509,0.1579,36.6900]
[51.6146,89.6162,0.0475,313.3712,0.1705,36.6700]
[51.6146,89.6193,0.0516,313.4029,0.1619,36.6400]
[51.6146,89.6212,0.0660,313.4707,0.2191,36.6800]
[51.6146,89.6411,0.0666,313.6011,0.3374,36.7300]
[51.6146,89.6283,0.0545,313.5049,0.1853,36.6900]
[51.6146,89.6496,0.0532,313.6242,0.1754,36.7300]
[51.6146,89.5964,0.0961,313.4198,0.3198,36.7900]
[51.5254,322.6758,0.2408,90.9448,0.0738,36.9100]
[51.5254,322.8476,0.3334,90.9840,0.0963,36.9100]
[51.5254,322.8414,0.2518,91.0044,0.0745,36.9500]
[51.5254,323.1094,0.3723,91.0664,0.1133,36.9700]
[51.5254,323.3899,0.2416,91.1305,0.0765,36.9600]
[51.5254,323.1677,0.3468,91.0666,0.0809,37.0100]
[51.5254,323.2941,0.2910,91.0918,0.0751,37.0600]
[51.5254,323.5586,0.2897,91.1625,0.0808,37.0300]
[51.5254,323.6013,0.3475,91.1717,0.1188,37.0500]
[51.5254,323.6451,0.2586,91.1627,0.1015,37.0700]
[51.5254,88.1754,0.0794,314.2766,0.3289,37.1300]
[51.5254,88.1432,0.1123,314.2647,0.2569,37.1500]
[51.5254,88.0724,0.1164,314.0991,0.4313,37.2200]
[51.5254,88.0650,0.1248,314.0996,0.3219,37.2100]
[51.5254,88.0713,0.1130,314.0867,0.3503,37.2900]
[51.5254,88.0409,0.1063,313.9612,0.3672,37.3600]
[51.5254,87.8640,0.0634,313.4189,0.2077,37.4000]
[51.5254,87.9728,0.0963,313.9196,0.2950,37.4700]
[51.5254,87.8299,0.0572,313.5800,0.2165,37.4500]
[51.5254,87.8120,0.0740,313.4598,0.2160,37.4500]
[51.4362,323.1752,0.3037,91.0390,0.0935,37.5900]
[51.4362,323.1450,0.1989,91.0385,0.0875,37.6000]
[51.4362,323.0199,0.3493,90.9909,0.1055,37.6000]
[51.4362,322.8750,0.2684,90.9407,0.0928,37.5900]
[51.4362,322.7668,0.3743,90.9147,0.1096,37.5600]
[51.4362,322.7715,0.3128,90.9202,0.0928,37.5100]
[51.4362,322.7855,0.2187,90.9284,0.0724,37.5900]
[51.4362,322.6733,0.3049,90.8958,0.0927,37.6200]
[51.4362,322.7852,0.3021,90.9427,0.0978,37.6600]
[51.4362,322.4283,0.2829,90.8341,0.1000,37.7000]
[51.4362,87.7135,0.0881,312.9666,0.2406,37.7200]
[51.4362,87.6554,0.0907,312.7496,0.3141,37.7800]
[51.4362,87.6185,0.0610,312.7763,0.1785,37.8300]
[51.4362,87.6162,0.0837,312.8375,0.1647,37.8900]
[51.4362,87.5942,0.1050,312.6604,0.3605,37.9200]
[51.4362,87.5917,0.0818,312.8298,0.2415,37.8900]
[51.4362,87.5704,0.0789,312.8234,0.2959,37.9200]
[51.4362,87.6067,0.0971,312.8758,0.2630,37.9400]
[51.4362,87.5768,0.0567,312.8714,0.1794,37.8900]
[51.4362,87.5383,0.0798,312.7645,0.1749,37.8300]
[51.3468,321.2038,0.2486,90.6395,0.0576,37.6900]
[51.3468,321.0479,0.1703,90.6189,0.0693,37.6300]
[51.3468,320.9356,0.3111,90.5799,0.1023,37.5300]
[51.3468,320.7656,0.1978,90.5127,0.0603,37.4900]
[51.3468,320.6326,0.2382,90.4785,0.0677,37.4900]
[51.3468,320.5661,0.2888,90.5042,0.0724,37.4300]
[51.3468,320.5135,0.2230,90.4533,0.0848,37.3900]
[51.3468,320.6135,0.2939,90.4904,0.0942,37.3500]
[51.3468,320.3922,0.2100,90.4131,0.0701,37.3300]
[51.3468,320.1568,0.2427,90.3472,0.0771,37.3000]
[51.3468,87.0470,0.0399,311.9841,0.1356,37.2700]
[51.3468,86.9876,0.0921,311.8895,0.3360,37.3200]
[51.3468,87.0170,0.0883,311.9828,0.2700,37.3900]
[51.3468,86.9356,0.0692,311.7968,0.2460,37.4700]
[51.3468,87.0001,0.0574,311.9915,0.2266,37.5200]
[51.3468,86.9355,0.0897,311.9132,0.2711,37.5700]
[51.3468,86.9453,0.0618,311.9567,0.2054,37.5900]
[51.3468,86.8821,0.0659,311.9207,0.2272,37.5700]
[51.3468,86.8981,0.0940,311.9155,0.3485,37.5800]
[51.3468,86.8701,0.0433,311.8654,0.1651,37.5600]
[51.2575,319.9057,0.2705,90.2205,0.0848,37.5800]
[51.2575,319.8231,0.3720,90.1958,0.1203,37.6500]
[51.2575,319.5062,0.3503,90.1210,0.1068,37.7300]
[51.2575,319.6682,0.3603,90.1943,0.1105,37.7900]
[51.2575,319.6301,0.3220,90.2066,0.0890,37.8100]
[51.2575,319.6370,0.2613,90.2135,0.0846,37.7700]
[51.2575,319.4523,0.2737,90.1763,0.0813,37.7000]
[51.2575,319.6435,0.2498,90.2058,0.0594,37.7200]
[51.2575,319.6032,0.1686,90.1947,0.0943,37.7000]
[51.2575,319.5123,0.2451,90.2143,0.0766,37.6800]
[51.2575,86.4193,0.1154,312.4211,0.3257,37.7100]
[51.2575,86.3881,0.0554,312.3589,0.2132,37.7700]
[51.2575,86.3219,0.0806,312.3562,0.3111,37.8200]
[51.2575,86.3446,0.0632,312.3109,0.2139,37.8700]
[51.2575,86.2932,0.0735,312.2241,0.2365,37.8600]
[51.2575,86.2348,0.0506,312.2257,0.1661,37.8000]
[51.2575,86.2454,0.0877,312.3011,0.2013,37.8400]
[51.2575,86.2289,0.0795,312.2303,0.2496,37.9000]
[51.2575,86.1780,0.0757,312.1384,0.3199,37.9800]
[51.2575,86.1492,0.0494,312.2528,0.2034,37.9700]
[51.1680,319.4472,0.2732,89.9683,0.0982,38.0200]
[51.1680,319.4728,0.3071,89.9643,0.0812,37.9800]
[51.1680,319.4943,0.2757,89.9812,0.1137,38.0000]
[51.1680,319.5335,0.2644,89.9907,0.0726,38.0000]
[51.1680,319.4842,0.2939,89.9759,0.0959,37.9900]
[51.1680,319.6651,0.3466,90.0074,0.1218,37.9100]
[51.1680,319.6793,0.3005,90.0211,0.0853,37.8900]
[51.1680,319.5448,0.2797,90.0216,0.1037,37.9000]
[51.1680,319.7222,0.2558,90.0514,0.1207,37.9100]
[51.1680,319.4214,0.4099,89.9412,0.1196,37.9100]
[51.1680,86.0285,0.1104,312.1125,0.3211,37.9700]
[51.1680,85.9359,0.0863,311.8796,0.2319,38.0100]
[51.1680,85.8883,0.1294,312.0423,0.3233,38.0300]
[51.1680,85.7747,0.1230,311.7182,0.4248,37.9000]
[51.1680,85.7771,0.1289,311.7641,0.3607,37.9100]
[51.1680,85.8197,0.0941,311.6988,0.2673,38.0000]
[51.1680,85.8479,0.0726,311.8977,0.2092,37.9900]
[51.1680,85.7718,0.0946,311.7758,0.2934,37.9200]
[51.1680,85.8128,0.1183,311.9244,0.3010,37.9000]
[51.1680,85.7663,0.1082,311.8557,0.2496,37.9000]
[51.0700,317.2937,0.2885,87.6699,0.0703,38.0300]
[51.0700,316.9754,0.2646,87.6377,0.0756,37.9100]
[51.0700,316.8748,0.4003,87.6236,0.1025,37.8400]
[51.0700,316.5754,0.3171,87.5584,0.0886,37.8000]
[51.0700,316.8723,0.3289,87.6186,0.0674,37.8200]
[51.0700,317.0363,0.2752,87.6636,0.0603,37.8200]
[51.0700,316.6083,0.3463,87.5273,0.0981,37.8000]
[51.0700,316.8990,0.2976,87.5670,0.0833,37.7100]
[51.0700,316.4673,0.2105,87.5192,0.0682,37.6700]
[51.0700,316.4113,0.2115,87.5347,0.0749,37.6000]
[51.0700,83.6637,0.0761,306.4182,0.2553,37.5700]
[51.0700,83.5947,0.0596,306.2628,0.2245,37.6100]
[51.0700,83.5985,0.0730,306.1839,0.1923,37.5200]
[51.0700,83.5508,0.0649,306.0498,0.2270,37.6100]
[51.0700,83.5322,0.0740,306.0063,0.2320,37.6600]
[51.0700,83.5456,0.0604,306.0081,0.2214,37.6700]
[51.0700,83.5976,0.0962,305.9744,0.2026,37.6500]
[51.0700,83.5660,0.0580,305.9987,0.1999,37.6300]
[51.0700,83.5725,0.0479,306.0224,0.1804,37.6000]
[51.0700,83.5866,0.0511,306.0633,0.1741,37.6000]
[50.9804,315.0995,0.1609,87.4864,0.0651,37.6200]
[50.9804,314.8791,0.1722,87.4456,0.0603,37.5900]
[50.9804,314.8683,0.2762,87.4314,0.0841,37.5700]
[50.9804,314.8994,0.2983,87.4674,0.0852,37.6500]
[50.9804,314.7228,0.3042,87.3790,0.0584,37.7300]
[50.9804,314.6696,0.3057,87.3852,0.0886,37.7000]
[50.9804,314.8064,0.3873,87.4090,0.1108,37.5900]
[50.9804,314.8244,0.2267,87.4077,0.0814,37.5400]
[50.9804,314.8969,0.2883,87.4391,0.0964,37.5100]
[50.9804,314.9958,0.2101,87.4751,0.0940,37.5000]
[50.9804,83.8986,0.0573,306.0201,0.1649,37.4700]
[50.9804,83.8889,0.0786,305.9996,0.2077,37.5200]
[50.9804,83.8477,0.0583,305.8531,0.1467,37.4600]
[50.9804,83.8525,0.0916,305.9758,0.2770,37.4100]
[50.9804,83.7518,0.0809,305.7351,0.2188,37.2400]
[50.9804,83.7893,0.0788,305.7511,0.1749,37.2000]
[50.9804,83.7598,0.0773,305.7030,0.2646,37.2200]
[50.9804,83.7667,0.0515,305.6754,0.2050,37.1800]
[50.9804,83.8261,0.0556,305.7650,0.1562,37.0700]
[50.9804,83.7497,0.0815,305.7018,0.2228,37.0400]
[50.8935,316.1849,0.3709,87.1464,0.0782,36.9800]
[50.8935,316.0298,0.2506,87.1432,0.0860,36.9300]
[50.8935,315.9409,0.1699,87.0893,0.0476,36.9400]
[50.8935,315.9575,0.2940,87.0779,0.1084,36.9200]
[50.8935,315.8427,0.3193,87.0798,0.0954,36.8900]
[50.8935,315.6032,0.2746,87.0100,0.0736,36.9000]
[50.8935,315.5047,0.2731,86.9784,0.0510,36.9400]
[50.8935,315.7364,0.2879,87.0131,0.0758,36.9000]
[50.8935,315.5022,0.2442,86.9449,0.0609,36.9900]
[50.8935,315.4737,0.1971,86.9464,0.0826,37.0300]
[50.8935,83.4162,0.0596,304.6838,0.2204,37.0800]
[50.8935,83.4184,0.0655,304.6783,0.2234,37.0800]
[50.8935,83.3722,0.0983,304.4956,0.3002,37.0600]
[50.8935,83.3886,0.0800,304.4164,0.1998,37.0300]
[50.8935,83.3081,0.0885,304.2260,0.2998,37.0400]
[50.8935,83.2609,0.0518,304.0891,0.1916,37.0800]
[50.8935,83.2282,0.0618,304.0386,0.1311,37.0300]
[50.8935,83.2031,0.0407,303.9231,0.1353,37.0400]
[50.8935,83.2375,0.0511,303.9570,0.1303,37.0100]
[50.8935,83.1944,0.0398,303.8645,0.1919,36.9700]
[50.8038,314.4051,0.1816,86.4605,0.0448,36.9900]
[50.8038,314.4592,0.2860,86.4494,0.0757,37.0200]
[50.8038,314.3252,0.2170,86.3996,0.0731,37.0900]
[50.8038,314.4444,0.2048,86.4346,0.0620,37.1400]
[50.8038,314.3010,0.1540,86.4201,0.0637,37.1600]
[50.8038,314.0515,0.1947,86.3500,0.0747,37.1800]
[50.8038,313.9584,0.1990,86.3088,0.0380,37.2700]
[50.8038,313.8758,0.2202,86.2884,0.0734,37.3500]
[50.8038,313.7958,0.2141,86.2740,0.0605,37.3900]
[50.8038,313.6657,0.2109,86.2407,0.0638,37.3900]
[50.8038,83.9767,0.0786,303.0169,0.2185,37.3100]
[50.8038,83.9419,0.0547,302.8526,0.1624,37.3300]
[50.8038,83.9401,0.0513,302.9413,0.2764,37.2700]
[50.8038,84.0071,0.0941,303.0381,0.2438,37.2900]
[50.8038,84.0108,0.0716,303.1169,0.2833,37.2500]
[50.8038,83.9755,0.0673,302.9315,0.2551,37.1500]
[50.8038,83.9847,0.0805,303.0472,0.2488,37.1300]
[50.8038,83.9853,0.0862,303.0524,0.3018,37.2100]
[50.8038,83.9886,0.1033,302.9857,0.2828,37.2700]
[50.8038,83.9875,0.0570,302.9528,0.2588,37.3500]
[50.7168,312.3018,0.2636,86.3897,0.0917,37.4100]
[50.7168,312.2466,0.2059,86.3801,0.0536,37.4400]
[50.7168,311.9934,0.2845,86.3373,0.0814,37.5100]
[50.7168,311.8725,0.1786,86.2601,0.0777,37.5500]
[50.7168,311.6955,0.2486,86.2425,0.0670,37.5700]
[50.7168,311.6832,0.2968,86.2223,0.0811,37.5700]
[50.7168,311.3726,0.2105,86.1413,0.0637,37.5400]
[50.7168,311.2429,0.3098,86.1133,0.0834,37.5400]
[50.7168,311.0144,0.1555,86.0135,0.0545,37.5200]
[50.7168,310.7685,0.2784,85.9581,0.0787,37.4500]
[50.7168,82.7240,0.0992,301.7834,0.3181,37.3700]
[50.7168,82.6046,0.0978,301.5820,0.2914,37.4000]
[50.7168,82.6569,0.1056,301.8875,0.4123,37.4300]
[50.7168,82.5990,0.0862,301.6093,0.3019,37.4400]
[50.7168,82.5619,0.0548,301.4933,0.2432,37.5200]
[50.7168,82.5249,0.0773,301.4591,0.2552,37.5600]
[50.7168,82.5081,0.0690,301.5114,0.2503,37.6400]
[50.7168,82.5270,0.1080,301.5732,0.4224,37.7200]
[50.7168,82.5518,0.0842,301.5603,0.2721,37.7800]
[50.7168,82.5533,0.0875,301.6936,0.2537,37.8400]
[50.6269,311.2816,0.3076,85.7123,0.0789,37.9900]
[50.6269,311.3897,0.2749,85.7064,0.0853,37.9700]
[50.6269,311.1661,0.2668,85.6455,0.0739,38.0300]
[50.6269,311.0144,0.2513,85.6021,0.0618,38.0400]
[50.6269,310.9343,0.1755,85.5748,0.0533,37.9300]
[50.6269,310.9155,0.1803,85.5663,0.0489,37.9300]
[50.6269,310.7563,0.2838,85.5190,0.0732,37.9700]
[50.6269,310.5123,0.2692,85.4758,0.0647,38.0100]
[50.6269,310.3662,0.2713,85.4170,0.0838,38.0500]
[50.6269,310.3096,0.2805,85.3881,0.0824,38.0800]
[50.6269,84.0390,0.0840,300.9178,0.2817,38.1200]
[50.6269,84.0007,0.0755,300.8210,0.2149,38.1600]
[50.6269,83.9753,0.0564,300.6857,0.1803,38.2100]
[50.6269,83.9539,0.0810,300.6532,0.2578,38.2500]
[50.6269,83.9166,0.0542,300.6138,0.1852,38.1400]
[50.6269,83.8960,0.0679,300.4107,0.2306,38.1900]
[50.6269,83.8490,0.0702,300.3745,0.2125,38.1800]
[50.6269,83.9029,0.1069,300.4968,0.3748,38.1600]
[50.6269,83.8794,0.0757,300.4433,0.3095,38.2200]
[50.6269,83.8230,0.0804,300.3031,0.3349,38.2100]
[50.5369,310.9928,0.3147,84.8563,0.1146,38.2600]
[50.5369,311.0557,0.3560,84.8233,0.0984,38.3100]
[50.5369,310.9236,0.2974,84.8004,0.0855,38.3700]
[50.5369,311.3347,0.3439,84.8930,0.0908,38.4600]
[50.5369,311.1186,0.3251,84.8278,0.0845,38.5400]
[50.5369,311.0238,0.1950,84.8002,0.0717,38.6100]
[50.5369,311.0160,0.3762,84.7701,0.0956,38.6300]
[50.5369,311.2779,0.4340,84.8051,0.1296,38.4800]
[50.5369,311.2166,0.2825,84.8379,0.0885,38.4500]
[50.5369,311.0901,0.2471,84.7666,0.0762,38.5000]
[50.5369,82.2810,0.0978,300.2578,0.3749,38.5800]
[50.5369,82.2758,0.0899,300.2207,0.3837,38.5200]
[50.5369,82.3521,0.0800,300.4673,0.3126,38.5500]
[50.5369,82.3602,0.1034,300.4011,0.3903,38.5800]
[50.5369,82.3684,0.0997,300.4972,0.3385,38.5800]
[50.5369,82.3573,0.0605,300.3860,0.2040,38.5200]
[50.5369,82.3422,0.1224,300.3788,0.4126,38.4800]
[50.5369,82.3696,0.1192,300.3390,0.3428,38.4300]
[50.5369,82.3235,0.1063,300.2051,0.4143,38.4100]
[50.5369,82.3460,0.0999,300.4323,0.3386,38.3800]
[50.4468,309.3360,0.3397,85.1729,0.0901,38.2900]
[50.4468,309.2191,0.3207,85.1588,0.0999,38.3300]
[50.4468,309.0524,0.3414,85.1134,0.0854,38.3800]
[50.4468,309.1846,0.2970,85.0933,0.0771,38.4200]
[50.4468,309.1991,0.3272,85.0597,0.0832,38.3700]
[50.4468,309.2780,0.2946,85.1018,0.1124,38.3300]
[50.4468,309.3722,0.2371,85.1064,0.0845,38.2800]
[50.4468,309.1198,0.3023,85.0474,0.1036,38.2200]
[50.4468,309.2489,0.2429,85.0644,0.0817,38.1800]
[50.4468,309.3048,0.2124,85.0389,0.0896,38.1800]
[50.4468,83.3073,0.0723,298.7710,0.2582,38.0900]
[50.4468,83.3404,0.1146,299.0782,0.3610,38.1400]
[50.4468,83.4313,0.0728,299.0835,0.2907,38.0900]
[50.4468,83.4117,0.1311,298.9189,0.4246,38.0300]
[50.4468,83.4022,0.0878,299.0307,0.3430,38.0100]
[50.4468,83.3879,0.0847,298.6660,0.2095,38.0300]
[50.4468,83.4015,0.0644,298.5648,0.2316,38.0300]
[50.4468,83.4193,0.0846,298.6089,0.2650,38.0400]
[50.4468,83.4190,0.0733,298.5353,0.2513,38.0700]
[50.4468,83.4381,0.0999,298.5072,0.3400,38.1400]
[50.3596,308.9544,0.2252,85.0840,0.0520,38.1100]
[50.3596,308.8090,0.1858,85.0357,0.0634,38.1400]
[50.3596,308.8387,0.2025,85.0776,0.0621,38.1400]
[50.3596,309.0318,0.2595,85.1066,0.0621,38.1700]
[50.3596,308.9317,0.2051,85.1044,0.0688,38.0700]
[50.3596,309.1363,0.2097,85.1026,0.0659,38.0900]
[50.3596,309.1380,0.2146,85.0557,0.0665,37.9700]
[50.3596,309.2342,0.2393,85.1074,0.0686,37.9800]
[50.3596,309.3514,0.1471,85.1502,0.0460,37.9100]
[50.3596,309.5690,0.2432,85.1779,0.0651,37.8400]
[50.3596,82.2866,0.0804,300.5308,0.1592,37.6900]
[50.3596,82.2550,0.0712,300.6877,0.1378,37.6800]
[50.3596,82.1800,0.0829,300.5804,0.2264,37.5800]
[50.3596,82.2338,0.1332,300.4061,0.1979,37.4800]
[50.3596,82.1199,0.0954,300.2980,0.2048,37.4700]
[50.3596,82.1149,0.0496,300.3390,0.1058,37.4700]
[50.3596,82.1158,0.0513,300.3809,0.1229,37.4900]
[50.3596,82.0976,0.0360,300.3938,0.1365,37.4400]
[50.3596,82.0725,0.0712,300.4329,0.1845,37.4000]
[50.3596,82.0313,0.0709,300.4501,0.1225,37.3600]
[50.2694,307.2653,0.2052,85.1230,0.0537,37.3200]
[50.2694,307.2354,0.1597,85.0881,0.0572,37.3200]
[50.2694,307.1127,0.1574,85.0556,0.0646,37.3200]
[50.2694,307.2016,0.1752,85.0863,0.0533,37.3000]
[50.2694,307.0808,0.2083,85.0598,0.0609,37.2400]
[50.2694,307.1069,0.1439,85.0614,0.0566,37.2800]
[50.2694,307.0022,0.2594,85.0262,0.0903,37.2500]
[50.2694,307.1662,0.1928,85.0959,0.0587,37.1700]
[50.2694,307.2190,0.1814,85.0731,0.0756,37.1100]
[50.2694,307.0802,0.2759,85.0347,0.0715,37.1000]
[50.2694,83.1610,0.0929,300.1694,0.1807,37.1500]
[50.2694,83.2381,0.0663,300.3162,0.2270,37.1600]
[50.2694,83.2465,0.0566,300.3086,0.1470,37.1700]
[50.2694,83.2042,0.0923,300.1607,0.3204,37.2500]
[50.2694,83.1660,0.0754,299.9029,0.2129,37.2700]
[50.2694,83.1706,0.0529,299.8226,0.1924,37.2600]
[50.2694,83.1992,0.0731,299.9054,0.2135,37.2700]
[50.2694,83.1736,0.1045,299.6981,0.2713,37.2900]
[50.2694,83.1815,0.0983,299.8380,0.4078,37.3300]
[50.2694,83.1288,0.0729,299.6444,0.2574,37.3800]
[50.1791,316.4366,0.2046,85.7942,0.0897,37.4900]
[50.1791,316.3980,0.2224,85.7277,0.0975,37.5900]
[50.1791,316.2802,0.3272,85.7097,0.0877,37.6400]
[50.1791,316.2135,0.2536,85.6962,0.1216,37.6600]
[50.1791,316.0436,0.3047,85.6916,0.1146,37.7100]
[50.1791,316.2139,0.2824,85.7255,0.1043,37.7800]
[50.1791,316.0076,0.3428,85.6580,0.0951,37.8300]
[50.1791,315.8178,0.2065,85.6049,0.0813,37.8800]
[50.1791,315.8138,0.2702,85.5776,0.1008,37.9600]
[50.1791,315.7127,0.3454,85.5407,0.0933,38.0300]
[50.1791,83.5968,0.0889,298.9034,0.2954,38.1000]
[50.1791,83.6109,0.0496,298.9658,0.1958,37.9400]
[50.1791,83.5845,0.0727,298.9366,0.2586,38.0200]
[50.1791,83.5412,0.0786,298.7870,0.2055,38.0900]
[50.1791,83.5172,0.1488,298.6707,0.4772,38.0500]
[50.1791,83.5091,0.0681,298.7095,0.2507,38.0200]
[50.1791,83.5061,0.0884,298.6653,0.2734,37.9600]
[50.1791,83.5041,0.0756,298.7369,0.1603,37.9600]
[50.1791,83.5259,0.0807,298.8549,0.2187,37.9200]
[50.1791,83.4698,0.0749,298.6019,0.2739,37.8600]
[50.0917,314.2733,0.3496,85.3421,0.0853,37.7600]
[50.0917,314.1441,0.2995,85.3528,0.0810,37.7100]
[50.0917,314.2343,0.4269,85.3609,0.1348,37.6400]
[50.0917,314.0663,0.2370,85.3158,0.0963,37.6100]
[50.0917,314.2639,0.2484,85.3393,0.0695,37.5700]
[50.0917,314.1900,0.2686,85.3406,0.1020,37.6600]
[50.0917,313.9576,0.3777,85.2913,0.1144,37.7300]
[50.0917,313.9575,0.2914,85.2932,0.0941,37.8000]
[50.0917,314.1143,0.4228,85.3723,0.1096,37.8400]
[50.0917,313.7490,0.2229,85.2468,0.0805,37.9000]
[50.0917,83.4143,0.0629,298.4243,0.1911,37.9300]
[50.0917,83.4396,0.0842,298.5240,0.2765,37.9800]
[50.0917,83.3829,0.1154,298.3916,0.3858,38.0100]
[50.0917,83.4199,0.0873,298.4619,0.3065,38.0400]
[50.0917,83.3884,0.0905,298.2399,0.2420,38.0800]
[50.0917,83.4846,0.1362,298.6935,0.4892,38.1600]
[50.0917,83.4039,0.1200,298.3649,0.4611,38.2400]
[50.0917,83.3836,0.1157,298.3813,0.2977,38.3200]
[50.0917,83.3528,0.1389,298.3334,0.3624,38.4000]
[50.0917,83.2492,0.1192,298.0109,0.4445,38.4600]
[50.0013,313.5549,0.4372,85.0126,0.1137,38.5700]
[50.0013,313.3872,0.2823,84.9019,0.1126,38.6200]
[50.0013,313.5658,0.3120,84.9563,0.0915,38.5100]
[50.0013,313.1836,0.3751,84.8428,0.1097,38.4900]
[50.0013,313.2561,0.2752,84.8495,0.0772,38.4200]
[50.0013,313.1324,0.2848,84.8802,0.0723,38.3900]
[50.0013,312.9667,0.3308,84.7854,0.0921,38.3900]
[50.0013,313.0397,0.2956,84.8305,0.1222,38.3800]
[50.0013,313.0383,0.2480,84.7887,0.0961,38.3800]
[50.0013,313.1151,0.2889,84.8458,0.1031,38.4200]
[50.0013,82.6025,0.0767,298.5787,0.1577,38.4000]
[50.0013,82.6815,0.0869,298.6709,0.2203,38.3100]
[50.0013,82.6733,0.0847,298.7579,0.2208,38.2600]
[50.0013,82.6604,0.0793,298.6927,0.1777,38.3100]
[50.0013,82.6200,0.0624,298.6434,0.2251,38.3500]
[50.0013,82.6976,0.0767,298.7040,0.1914,38.2800]
[50.0013,82.7073,0.0855,298.7527,0.2809,38.2100]
[50.0013,82.7050,0.0853,298.8235,0.2851,38.2500]
[50.0013,82.7323,0.0937,298.8915,0.2982,38.2800]
[50.0013,82.6993,0.0634,298.7197,0.1958,38.1900]
[49.9137,312.3796,0.2539,84.8651,0.0895,38.1900]
[49.9137,312.2901,0.2282,84.8735,0.0732,38.1100]
[49.9137,312.0603,0.2744,84.8239,0.0876,38.1400]
[49.9137,312.0118,0.2247,84.8140,0.0500,38.1600]
[49.9137,312.1559,0.1657,84.8416,0.0813,38.1300]
[49.9137,312.0501,0.1845,84.8332,0.0645,38.0000]
[49.9137,312.0526,0.2074,84.8041,0.0623,37.9400]
[49.9137,312.1105,0.2457,84.8286,0.0899,37.8900]
[49.9137,312.2043,0.1577,84.8549,0.0653,37.7600]
[49.9137,312.1750,0.2015,84.8405,0.0658,37.7000]
[49.9137,83.5714,0.0817,299.3154,0.2254,37.7500]
[49.9137,83.4993,0.0709,299.2451,0.2340,37.7900]
[49.9137,83.4184,0.0740,299.2484,0.2072,37.7400]
[49.9137,83.4229,0.1026,299.1783,0.3135,37.7600]
[49.9137,83.3586,0.0872,299.2673,0.2975,37.7500]
[49.9137,83.3372,0.1021,299.2294,0.3045,37.8000]
[49.9137,83.3024,0.1292,299.1084,0.2481,37.8800]
[49.9137,83.3284,0.1430,299.3788,0.3634,37.8900]
[49.9137,83.3148,0.0675,299.3400,0.2177,37.9300]
[49.9137,83.3552,0.1032,299.3939,0.2132,37.9400]
[49.8232,313.0492,0.2548,84.5324,0.0798,37.9100]
[49.8232,312.7729,0.2183,84.4640,0.0598,37.8300]
[49.8232,312.9206,0.1766,84.5221,0.0629,37.9000]
[49.8232,312.6817,0.1547,84.4430,0.0529,37.9000]
[49.8232,312.6587,0.1199,84.4595,0.0510,37.7900]
[49.8232,312.7787,0.2308,84.4929,0.0829,37.8000]
[49.8232,312.6245,0.1909,84.4467,0.0565,37.7200]
[49.8232,312.4723,0.2452,84.3979,0.0891,37.7000]
[49.8232,312.5168,0.1827,84.4351,0.0448,37.5900]
[49.8232,312.3596,0.1724,84.3823,0.0488,37.5700]
[49.8232,82.5342,0.0705,298.4843,0.1531,37.5600]
[49.8232,82.5393,0.0812,298.3161,0.1361,37.5000]
[49.8232,82.5101,0.0727,298.3593,0.1907,37.4300]
[49.8232,82.3920,0.0613,298.1389,0.1352,37.3900]
[49.8232,82.3428,0.1147,298.1723,0.1891,37.3700]
[49.8232,82.3597,0.0611,298.2162,0.1793,37.2800]
[49.8232,82.3883,0.0752,298.2585,0.1362,37.3400]
[49.8232,82.3703,0.0787,298.1758,0.2076,37.3100]
[49.8232,82.3407,0.0663,298.2926,0.1231,37.3100]
[49.8232,82.3115,0.0687,298.1639,0.1399,37.2600]
[49.7326,310.5710,0.2525,84.4713,0.0649,37.3000]
[49.7326,310.6235,0.2207,84.4086,0.0768,37.3800]
[49.7326,310.5073,0.2869,84.3560,0.1026,37.4100]
[49.7326,310.3370,0.2856,84.3517,0.0912,37.4500]
[49.7326,310.5269,0.2710,84.3604,0.0851,37.4600]
[49.7326,310.3719,0.2267,84.3055,0.0620,37.5100]
[49.7326,310.4638,0.1437,84.3416,0.0543,37.5100]
[49.7326,310.6260,0.1909,84.3663,0.0598,37.5000]
[49.7326,310.4861,0.1848,84.3392,0.0618,37.4800]
[49.7326,310.6906,0.2927,84.3561,0.0836,37.4700]
[49.7326,83.6379,0.0717,297.0744,0.2621,37.3600]
[49.7326,83.5834,0.0573,296.9893,0.2119,37.3500]
[49.7326,83.5992,0.0686,297.0621,0.2022,37.3200]
[49.7326,83.5389,0.0838,296.7955,0.1958,37.2500]
[49.7326,83.5419,0.0601,296.8968,0.2054,37.1900]
[49.7326,83.5399,0.0597,296.9154,0.1751,37.2700]
[49.7326,83.4633,0.0660,296.7815,0.2308,37.2800]
[49.7326,83.5502,0.0758,296.9952,0.2430,37.2700]
[49.7326,83.5631,0.0454,297.0847,0.2268,37.2800]
[49.7326,83.5098,0.0542,296.9913,0.2374,37.2900]
[49.6448,310.3888,0.1951,84.1541,0.0605,37.3000]
[49.6448,310.0194,0.1925,84.0558,0.0658,37.3600]
[49.6448,310.1517,0.1667,84.0769,0.0632,37.4200]
[49.6448,310.1138,0.3043,84.0698,0.0651,37.4300]
[49.6448,309.6761,0.2339,83.9746,0.0698,37.4500]
[49.6448,309.8444,0.2060,83.9686,0.0679,37.4300]
[49.6448,309.6541,0.2190,83.9080,0.0644,37.4300]
[49.6448,309.6378,0.2567,83.9219,0.0597,37.4100]
[49.6448,309.5803,0.1617,83.8890,0.0586,37.4000]
[49.6448,309.6576,0.2252,83.8966,0.0699,37.4000]
[49.6448,82.4361,0.0592,297.2096,0.1560,37.4400]
[49.6448,82.3730,0.0513,297.0857,0.1442,37.4600]
[49.6448,82.3652,0.0699,297.1834,0.2044,37.5300]
[49.6448,82.2839,0.0730,297.0049,0.1630,37.6100]
[49.6448,82.2710,0.0697,297.1126,0.2074,37.6700]
[49.6448,82.2369,0.0552,296.9376,0.1648,37.6700]
[49.6448,82.2042,0.0707,296.9291,0.1447,37.6600]
[49.6448,82.1669,0.0821,296.8356,0.2781,37.6100]
[49.6448,82.1192,0.0558,296.7791,0.1387,37.6200]
[49.6448,82.1186,0.0542,296.8712,0.1361,37.5700]
[49.5541,310.4153,0.2458,84.0900,0.0781,37.4600]
[49.5541,310.3992,0.2224,84.0644,0.0825,37.4100]
[49.5541,310.5624,0.2107,84.0816,0.0762,37.4000]
[49.5541,310.4985,0.2585,84.0770,0.0895,37.3700]
[49.5541,310.7516,0.2237,84.1231,0.0767,37.3200]
[49.5541,311.0083,0.3312,84.1782,0.0699,37.2900]
[49.5541,310.7062,0.2788,84.1318,0.0875,37.3700]
[49.5541,310.9208,0.3083,84.1799,0.0936,37.4100]
[49.5541,310.6739,0.3486,84.1146,0.0798,37.5000]
[49.5541,311.0086,0.3910,84.1624,0.0937,37.5700]
[49.5541,81.4599,0.0888,297.4552,0.3353,37.5900]
[49.5541,81.4196,0.0852,297.3780,0.2713,37.5800]
[49.5541,81.3949,0.0840,297.3126,0.3065,37.5400]
[49.5541,81.3773,0.0722,297.1602,0.2811,37.4600]
[49.5541,81.4268,0.1023,297.2667,0.3215,37.4600]
[49.5541,81.3616,0.1141,297.0176,0.4630,37.4300]
[49.5541,81.3703,0.0980,297.1157,0.2844,37.3200]
[49.5541,81.4632,0.1117,297.4063,0.3721,37.2700]
[49.5541,81.4069,0.0967,297.2598,0.3669,37.3300]
[49.5541,81.3368,0.0812,297.1119,0.2501,37.3800]
[49.4662,309.3315,0.3071,84.0930,0.0818,37.4900]
[49.4662,309.2868,0.2699,84.0432,0.0984,37.5100]
[49.4662,309.4471,0.2638,84.1169,0.0574,37.5100]
[49.4662,309.3688,0.2990,84.0962,0.0808,37.4800]
[49.4662,309.2203,0.2855,84.0142,0.0814,37.5700]
[49.4662,309.3563,0.3092,84.0690,0.0855,37.6500]
[49.4662,309.2798,0.4880,84.0440,0.0957,37.7300]
[49.4662,309.1632,0.1910,84.0031,0.0703,37.7900]
[49.4662,309.3666,0.3779,84.0491,0.0913,37.7900]
[49.4662,309.4105,0.4315,84.0652,0.1138,37.8400]
[49.4662,81.3176,0.0677,297.5492,0.2182,37.8700]
[49.4662,81.3316,0.0554,297.5107,0.1406,37.7700]
[49.4662,81.3479,0.0551,297.6362,0.1837,37.6900]
[49.4662,81.3546,0.0884,297.6849,0.3254,37.6100]
[49.4662,81.3152,0.0623,297.6734,0.1867,37.5300]
[49.4662,81.3249,0.0745,297.7687,0.2484,37.5300]
[49.4662,81.2123,0.0856,297.3170,0.3344,37.5500]
[49.4662,81.2904,0.0978,297.6080,0.3611,37.5900]
[49.4662,81.2712,0.0982,297.6182,0.3813,37.6500]
[49.4662,81.1838,0.0793,297.3556,0.2921,37.6900]
[49.3754,310.1091,0.3158,84.0215,0.0903,37.6600]
[49.3754,310.2430,0.3506,84.0331,0.0923,37.6600]
[49.3754,310.1476,0.3103,84.0146,0.0842,37.6000]
[49.3754,310.1326,0.3692,84.0132,0.1099,37.6000]
[49.3754,310.2565,0.3508,84.0610,0.1028,37.5700]
[49.3754,310.5117,0.3494,84.1012,0.0908,37.5500]
[49.3754,310.2742,0.2708,84.0547,0.0777,37.5500]
[49.3754,310.3663,0.1968,84.0758,0.0647,37.5300]
[49.3754,310.0759,0.2148,84.0205,0.0592,37.4900]
[49.3754,310.0994,0.2453,83.9949,0.0673,37.4800]
[49.3754,82.8450,0.0986,297.1167,0.3712,37.3300]
[49.3754,82.7284,0.0732,296.7605,0.2058,37.3200]
[49.3754,82.7375,0.0784,296.7579,0.2945,37.2900]
[49.3754,82.7314,0.1364,296.7403,0.4091,37.2900]
[49.3754,82.7029,0.1065,296.6644,0.2926,37.2900]
[49.3754,82.6340,0.0977,296.5330,0.2986,37.3000]
[49.3754,82.6964,0.0504,296.7321,0.1758,37.2700]
[49.3754,82.6810,0.0675,296.6430,0.2331,37.2400]
[49.3754,82.6932,0.0902,296.7624,0.3093,37.2200]
[49.3754,82.6193,0.0874,296.5578,0.2616,37.2900]
[49.2846,304.1032,0.3370,81.8152,0.1022,37.3500]
[49.2846,304.0670,0.2266,81.8101,0.0679,37.3500]
[49.2846,303.9496,0.2696,81.7971,0.0796,37.3800]
[49.2846,303.8465,0.3113,81.7654,0.0974,37.3800]
[49.2846,303.7871,0.1730,81.7111,0.0601,37.4200]
[49.2846,303.7387,0.1424,81.7214,0.0584,37.4400]
[49.2846,303.5376,0.2699,81.6614,0.0704,37.4500]
[49.2846,303.4538,0.2779,81.6338,0.0659,37.4600]
[49.2846,303.4131,0.3302,81.6432,0.1099,37.5200]
[49.2846,303.3720,0.2752,81.6145,0.0788,37.6000]
[49.2846,78.8618,0.0921,291.1784,0.3570,37.6700]
[49.2846,78.9374,0.0945,291.4270,0.3917,37.7100]
[49.2846,78.9248,0.1472,291.3439,0.3692,37.7900]
[49.2846,78.9898,0.0901,291.6664,0.3270,37.8800]
[49.2846,78.9252,0.0828,291.4050,0.3124,37.9100]
[49.2846,79.0147,0.0947,291.5907,0.3417,37.8400]
[49.2846,79.0382,0.1093,291.7818,0.4318,37.8100]
[49.2846,79.0287,0.1024,291.6230,0.3722,37.7500]
[49.2846,78.9596,0.1025,291.3741,0.3137,37.6800]
[49.2846,79.0314,0.0748,291.8074,0.2049,37.6900]
[49.1936,304.5238,0.3349,81.9086,0.1067,37.7700]
[49.1936,304.3127,0.3520,81.8579,0.1055,37.7800]
[49.1936,304.4475,0.4023,81.9005,0.1147,37.8000]
[49.1936,304.0406,0.3851,81.7648,0.1043,37.8800]
[49.1936,304.0788,0.4166,81.7719,0.1132,37.9600]
[49.1936,304.2599,0.3859,81.8452,0.1031,37.9900]
[49.1936,304.3597,0.2496,81.8493,0.0805,38.0400]
[49.1936,304.0334,0.3040,81.7515,0.0839,38.1000]
[49.1936,304.0118,0.1936,81.7282,0.0634,38.1300]
[49.1936,304.1868,0.3478,81.7642,0.0927,38.1200]
[49.1936,80.9968,0.0789,288.8195,0.2041,38.2100]
[49.1936,80.9859,0.0807,288.7246,0.2902,38.2700]
[49.1936,80.9472,0.0763,288.7098,0.2120,38.3000]
[49.1936,80.8999,0.0949,288.5795,0.2255,38.2600]
[49.1936,80.9557,0.0672,288.6282,0.2326,38.3000]
[49.1936,80.9145,0.0656,288.5650,0.1904,38.3100]
[49.1936,80.9272,0.0610,288.6746,0.2464,38.3200]
[49.1936,80.9157,0.0849,288.5703,0.2632,38.3400]
[49.1936,80.9491,0.1132,288.6990,0.3137,38.3200]
[49.1936,80.8480,0.1006,288.3516,0.2550,38.3600]
[49.1026,303.6609,0.2008,81.5743,0.0874,38.4300]
[49.1026,303.3006,0.2986,81.5002,0.0945,38.3600]
[49.1026,303.3099,0.3823,81.4881,0.1157,38.3200]
[49.1026,303.2520,0.2246,81.4579,0.0876,38.2600]
[49.1026,303.2758,0.2310,81.4775,0.0686,38.2300]
[49.1026,303.3221,0.3152,81.4624,0.0861,38.2300]
[49.1026,303.4106,0.2983,81.4723,0.0784,38.2100]
[49.1026,303.2357,0.3925,81.4430,0.1503,38.2300]
[49.1026,303.2152,0.2966,81.4115,0.0780,38.3000]
[49.1026,303.1994,0.3368,81.4248,0.1127,38.2900]
[49.1026,80.4613,0.1094,286.7606,0.2980,38.3600]
[49.1026,80.4981,0.0839,286.9398,0.2896,38.3400]
[49.1026,80.5626,0.0870,286.9881,0.2720,38.4000]
[49.1026,80.4761,0.0979,286.6593,0.2125,38.3600]
[49.1026,80.4586,0.1313,286.7883,0.3175,38.4100]
[49.1026,80.4225,0.0952,286.0703,0.4029,38.2900]
[49.1026,80.4579,0.0924,286.3273,0.3491,38.1700]
[49.1026,80.3616,0.0930,286.2526,0.3152,38.1800]
[49.1026,80.3865,0.1432,286.3931,0.2885,38.2100]
[49.1026,80.3945,0.0882,286.3085,0.2756,38.2400]
[49.0144,302.8617,0.3723,80.5595,0.1051,38.2400]
[49.0144,302.7757,0.3007,80.5466,0.1119,38.2200]
[49.0144,302.6972,0.2164,80.5291,0.0549,38.2500]
[49.0144,302.8415,0.3456,80.5516,0.0979,38.2400]
[49.0144,302.6202,0.2952,80.4945,0.1207,38.2900]
[49.0144,302.4691,0.3766,80.4356,0.1165,38.2700]
[49.0144,302.3606,0.3615,80.4209,0.1206,38.2500]
[49.0144,301.9704,0.3969,80.3221,0.1005,38.2100]
[49.0144,301.8693,0.2673,80.2911,0.0885,38.1700]
[49.0144,302.0863,0.3188,80.3558,0.1012,38.1100]
[49.0144,79.9481,0.0637,290.2323,0.2094,38.1300]
[49.0144,79.8825,0.1114,290.0549,0.3109,38.1800]
[49.0144,79.8712,0.0946,289.9839,0.2135,38.2300]
[49.0144,79.9315,0.0757,290.0954,0.2099,38.1200]
[49.0144,79.8605,0.0837,289.8543,0.2222,38.0700]
[49.0144,79.9711,0.0800,290.1482,0.2048,37.9500]
[49.0144,79.9657,0.0611,290.1115,0.1992,37.7700]
[49.0144,79.9117,0.0726,289.8111,0.2780,37.8100]
[49.0144,79.9733,0.0718,290.0675,0.2310,37.7500]
[49.0144,80.0271,0.0925,290.2188,0.3846,37.7300]
[48.9233,303.6701,0.3003,80.4360,0.0798,37.7500]
[48.9233,303.8672,0.2497,80.4645,0.0689,37.8100]
[48.9233,303.6277,0.2341,80.4365,0.0630,37.8800]
[48.9233,303.8467,0.2825,80.5443,0.0756,37.8900]
[48.9233,303.9062,0.3251,80.5602,0.0869,37.9000]
[48.9233,303.8845,0.3277,80.5290,0.1002,37.9700]
[48.9233,303.8447,0.4797,80.5436,0.1576,38.0200]
[48.9233,303.8724,0.2437,80.5705,0.0731,38.0800]
[48.9233,303.9565,0.2936,80.5873,0.0699,38.0900]
[48.9233,303.9989,0.1825,80.6345,0.0547,38.0300]
[48.9233,80.3820,0.1181,288.0200,0.3852,38.1800]
[48.9233,80.3507,0.0690,287.9358,0.2023,38.2400]
[48.9233,80.3930,0.0664,288.1916,0.3171,38.1900]
[48.9233,80.4656,0.0977,288.4718,0.2868,38.2300]
[48.9233,80.3577,0.0606,288.0925,0.2198,38.2400]
[48.9233,80.2803,0.0916,287.8841,0.2218,38.2400]
[48.9233,80.2747,0.0756,288.0015,0.1992,38.2200]
[48.9233,80.2708,0.0903,287.9896,0.2194,38.2300]
[48.9233,80.2429,0.0920,287.8843,0.3384,38.2500]
[48.9233,80.1955,0.0702,287.8282,0.1821,38.2800]
[48.8322,303.4964,0.1628,80.0434,0.0399,38.1700]
[48.8322,303.4745,0.1735,80.0297,0.0623,38.2000]
[48.8322,303.2081,0.2013,79.9328,0.0878,38.2400]
[48.8322,303.0064,0.1722,79.8957,0.0489,38.1800]
[48.8322,303.2701,0.1378,79.9404,0.0627,38.1800]
[48.8322,303.0518,0.1843,79.8866,0.0607,38.1200]
[48.8322,303.1342,0.1484,79.8922,0.0702,38.0500]
[48.8322,302.8953,0.1933,79.8422,0.0667,38.0000]
[48.8322,302.7632,0.5360,79.8048,0.1726,38.0200]
[48.8322,302.8994,0.2531,79.8409,0.0769,37.8600]
[48.8322,79.6699,0.0753,288.8069,0.2953,37.7800]
[48.8322,79.6064,0.0635,288.5873,0.2354,37.7300]
[48.8322,79.5241,0.0886,288.3447,0.2619,37.6300]
[48.8322,79.5632,0.0736,288.3317,0.2237,37.6200]
[48.8322,79.5087,0.0814,288.2200,0.2099,37.6500]
[48.8322,79.4920,0.0619,288.0357,0.1776,37.6600]
[48.8322,79.4337,0.0738,287.7281,0.2026,37.7200]
[48.8322,79.4730,0.0685,287.7486,0.2109,37.8000]
[48.8322,79.4502,0.0688,287.6993,0.1983,37.8700]
[48.8322,79.4312,0.0746,287.5989,0.2628,37.9400]
[48.7410,301.4849,0.3993,80.5139,0.1074,38.0200]
[48.7410,301.4279,0.2301,80.5045,0.0803,38.0600]
[48.7410,301.4098,0.2997,80.4338,0.0987,38.0500]
[48.7410,301.4501,0.3064,80.4851,0.1303,38.1100]
[48.7410,301.3166,0.2857,80.4371,0.1159,38.1500]
[48.7410,301.2360,0.3325,80.4281,0.0772,38.1500]
[48.7410,301.2822,0.2416,80.3896,0.0860,38.1800]
[48.7410,301.1740,0.2346,80.3716,0.0704,38.1800]
[48.7410,301.0019,0.3326,80.3001,0.0899,38.2000]
[48.7410,300.7302,0.2380,80.2171,0.0862,38.2600]
[48.7410,79.4564,0.0766,287.9676,0.2964,38.3000]
[48.7410,79.4132,0.0930,287.9744,0.2720,38.3600]
[48.7410,79.4357,0.1103,288.1417,0.3724,38.3500]
[48.7410,79.4396,0.0750,288.0918,0.2423,38.3700]
[48.7410,79.4069,0.0896,288.1037,0.2674,38.4000]
[48.7410,79.3442,0.1080,288.0014,0.2592,38.3700]
[48.7410,79.3963,0.1055,288.2951,0.3449,38.2300]
[48.7410,79.3328,0.1107,288.1010,0.3054,38.3000]
[48.7410,79.3168,0.1087,288.0246,0.2587,38.3400]
[48.7410,79.3179,0.0997,288.2094,0.3061,38.3500]
[48.6525,299.9054,0.2744,79.7888,0.0823,38.3400]
[48.6525,299.8478,0.2137,79.7710,0.1062,38.3500]
[48.6525,300.0160,0.1951,79.8167,0.0933,38.3600]
[48.6525,299.9286,0.2585,79.7811,0.0909,38.3100]
[48.6525,299.6594,0.1917,79.7119,0.0639,38.2700]
[48.6525,299.3926,0.2501,79.7000,0.0880,38.2500]
[48.6525,299.2693,0.2740,79.6110,0.0942,38.2200]
[48.6525,299.2624,0.2266,79.6190,0.0925,38.2600]
[48.6525,298.9879,0.2746,79.5463,0.0897,38.3100]
[48.6525,299.0715,0.2475,79.5826,0.0997,38.3100]
[48.6525,78.7210,0.1000,283.9337,0.2987,38.2400]
[48.6525,78.7226,0.0627,283.8243,0.1868,38.2500]
[48.6525,78.6729,0.1556,283.5958,0.4693,38.2700]
[48.6525,78.7429,0.1115,283.7371,0.2519,38.2900]
[48.6525,78.7177,0.0942,283.6389,0.2329,38.2700]
[48.6525,78.6536,0.1263,283.3904,0.3573,38.2800]
[48.6525,78.6478,0.0830,283.3392,0.2320,38.2900]
[48.6525,78.6302,0.0934,283.0956,0.2248,38.2900]
[48.6525,78.6008,0.1006,282.7763,0.3413,38.2600]
[48.6525,78.5409,0.0651,282.6694,0.2749,38.3300]
[48.5612,298.9478,0.3109,79.3147,0.0897,38.3700]
[48.5612,298.9716,0.3571,79.3101,0.1052,38.3400]
[48.5612,298.7184,0.2278,79.2398,0.0955,38.3000]
[48.5612,298.7137,0.3007,79.2419,0.0892,38.2600]
[48.5612,298.9496,0.3212,79.2767,0.1189,38.2000]
[48.5612,298.7297,0.2873,79.2104,0.0937,38.1600]
[48.5612,298.5006,0.3161,79.1655,0.1154,38.1400]
[48.5612,298.6424,0.3414,79.2288,0.1036,38.1000]
[48.5612,298.6779,0.2433,79.2899,0.0875,38.0600]
[48.5612,298.6600,0.2873,79.2032,0.0904,38.0500]
[48.5612,78.8064,0.1048,287.8812,0.3225,37.8800]
[48.5612,78.8055,0.1222,287.8899,0.2085,37.8800]
[48.5612,78.8005,0.0882,287.8217,0.2678,37.8800]
[48.5612,78.7957,0.1063,287.8173,0.4015,37.9300]
[48.5612,78.7845,0.0902,287.8124,0.1696,37.9300]
[48.5612,78.8207,0.0906,287.9536,0.2145,37.8900]
[48.5612,78.8846,0.0628,288.0994,0.1854,37.9300]
[48.5612,78.8286,0.0705,287.8588,0.2424,37.8300]
[48.5612,78.8463,0.0694,287.8577,0.1915,37.8000]
[48.5612,78.8261,0.0973,287.6277,0.3615,37.7300]
[48.4727,298.8969,0.2594,78.2980,0.0804,37.6200]
[48.4727,298.7877,0.2773,78.2322,0.0977,37.5500]
[48.4727,298.8919,0.2577,78.2876,0.0945,37.4500]
[48.4727,298.8044,0.2137,78.2436,0.0740,37.4000]
[48.4727,298.6223,0.1715,78.1911,0.1025,37.3300]
[48.4727,298.5722,0.2775,78.1846,0.0797,37.2200]
[48.4727,298.4443,0.2730,78.1577,0.1025,37.2000]
[48.4727,298.3049,0.2922,78.1100,0.0863,37.1400]
[48.4727,298.3318,0.2751,78.0912,0.0874,37.1000]
[48.4727,298.2141,0.2014,78.0762,0.0688,37.0700]
[48.4727,78.4365,0.0798,284.4541,0.2881,37.0400]
[48.4727,78.3703,0.1203,284.0828,0.3168,37.0500]
[48.4727,78.3309,0.0608,283.9370,0.1964,37.0600]
[48.4727,78.3289,0.0621,283.7707,0.2567,37.0600]
[48.4727,78.2785,0.0952,283.4466,0.3318,37.0500]
[48.4727,78.2607,0.0781,283.5153,0.2576,37.0900]
[48.4727,78.2373,0.0862,283.1941,0.2343,37.1200]
[48.4727,78.1612,0.0810,282.9166,0.1963,37.1300]
[48.4727,78.0708,0.0909,282.4007,0.2120,37.1100]
[48.4727,78.0035,0.0957,282.2011,0.2576,37.1500]
[48.3812,296.6279,0.2288,78.6244,0.0966,37.1800]
[48.3812,296.3663,0.2094,78.5548,0.0817,37.2600]
[48.3812,296.5617,0.2857,78.5783,0.0837,37.3100]
[48.3812,296.5351,0.3519,78.5780,0.1089,37.2900]
[48.3812,296.6786,0.2594,78.5832,0.0825,37.2900]
[48.3812,296.6150,0.2195,78.5600,0.0608,37.2300]
[48.3812,296.6380,0.2254,78.5599,0.0506,37.2300]
[48.3812,296.5242,0.2284,78.5110,0.0854,37.2600]
[48.3812,296.7107,0.3208,78.5599,0.0867,37.3000]
[48.3812,296.4551,0.3968,78.5284,0.1021,37.3000]
[48.3812,77.7622,0.1175,280.0992,0.3756,37.3200]
[48.3812,77.7448,0.0830,279.8799,0.2523,37.2900]
[48.3812,77.6239,0.0955,279.4584,0.2862,37.3100]
[48.3812,77.6042,0.1019,279.3393,0.3258,37.3700]
[48.3812,77.5270,0.0859,279.0767,0.2524,37.4500]
[48.3812,77.4368,0.0903,278.7774,0.3178,37.4700]
[48.3812,77.4401,0.0810,278.6246,0.2804,37.4100]
[48.3812,77.3784,0.1088,278.4743,0.3422,37.3800]
[48.3812,77.3718,0.0617,278.2858,0.2390,37.4100]
[48.3812,77.2658,0.0839,277.9857,0.2661,37.4800]
[48.2897,292.6283,0.2936,76.8646,0.0799,37.3600]
[48.2897,292.6311,0.2136,76.8747,0.0773,37.3100]
[48.2897,292.4264,0.3906,76.8984,0.1179,37.2200]
[48.2897,292.4112,0.3383,76.8589,0.0971,37.2500]
[48.2897,292.1079,0.2957,76.7924,0.0796,37.2600]
[48.2897,292.1651,0.3718,76.7854,0.1003,37.2700]
[48.2897,292.3033,0.3652,76.8300,0.0918,37.2700]
[48.2897,292.3246,0.3328,76.8854,0.0944,37.2800]
[48.2897,292.0298,0.3215,76.7946,0.1100,37.2800]
[48.2897,292.0422,0.3519,76.8030,0.0919,37.2700]
[48.2897,77.3541,0.0833,277.8293,0.2470,37.2800]
[48.2897,77.3233,0.0665,277.7983,0.2961,37.3300]
[48.2897,77.3742,0.0935,277.6729,0.3318,37.3100]
[48.2897,77.3205,0.1305,277.6470,0.3325,37.3800]
[48.2897,77.3564,0.0981,277.6971,0.3260,37.4100]
[48.2897,77.3313,0.1627,277.6295,0.5339,37.4600]
[48.2897,77.3249,0.1003,277.6334,0.2893,37.4700]
[48.2897,77.3771,0.0767,277.6741,0.1391,37.4800]
[48.2897,77.3650,0.0641,277.7491,0.1373,37.4700]
[48.2897,77.4065,0.0491,277.7127,0.1320,37.4800]
[48.2010,290.3655,0.2975,77.0999,0.0909,37.4000]
[48.2010,290.3334,0.2566,77.0838,0.0847,37.3600]
[48.2010,290.5710,0.2269,77.1100,0.0528,37.3300]
[48.2010,290.4677,0.1875,77.1300,0.0597,37.3400]
[48.2010,290.5598,0.1976,77.1974,0.0760,37.3700]
[48.2010,290.5333,0.1967,77.1972,0.0619,37.3600]
[48.2010,290.5446,0.1843,77.2111,0.0546,37.3600]
[48.2010,290.8646,0.2055,77.2897,0.0634,37.3600]
[48.2010,290.7541,0.1458,77.2405,0.0815,37.3000]
[48.2010,290.8436,0.1968,77.2878,0.0529,37.2700]
[48.2010,77.9841,0.0581,281.9147,0.1530,37.2600]
[48.2010,77.9567,0.0753,281.8365,0.2154,37.2700]
[48.2010,77.9447,0.0590,281.7029,0.1588,37.2600]
[48.2010,77.9245,0.0563,281.5621,0.1267,37.2100]
[48.2010,77.9129,0.0789,281.5395,0.2171,37.2200]
[48.2010,77.8421,0.0506,281.1932,0.2733,37.1300]
[48.2010,77.8104,0.0714,280.8978,0.2521,37.0500]
[48.2010,77.7816,0.0653,280.8934,0.2151,36.9500]
[48.2010,77.7477,0.0742,280.7853,0.1965,36.9100]
[48.2010,77.7424,0.0560,280.8208,0.1745,36.8400]
[48.1094,290.5842,0.2943,75.9219,0.1123,36.7400]
[48.1094,290.8040,0.3401,76.0117,0.1085,36.7000]
[48.1094,290.5435,0.2274,75.9518,0.0826,36.7300]
[48.1094,290.2966,0.2682,75.8488,0.0756,36.7800]
[48.1094,290.1646,0.2291,75.7842,0.0812,36.8000]
[48.1094,289.9300,0.2937,75.7208,0.0831,36.8500]
[48.1094,289.8787,0.2862,75.7107,0.0850,36.9300]
[48.1094,289.9112,0.2869,75.6896,0.0877,37.0100]
[48.1094,289.3964,0.2900,75.5223,0.0773,37.0700]
[48.1094,289.4236,0.3568,75.4964,0.1043,37.1500]
[48.1094,77.4944,0.0640,278.4118,0.1554,37.2300]
[48.1094,77.4870,0.0586,278.2986,0.1740,37.2800]
[48.1094,77.4181,0.0843,278.0672,0.2702,37.3200]
[48.1094,77.3837,0.0578,277.8747,0.1913,37.3800]
[48.1094,77.3986,0.0478,277.9909,0.1576,37.4200]
[48.1094,77.3748,0.0687,277.8222,0.2139,37.4500]
[48.1094,77.3215,0.0600,277.7127,0.1324,37.4400]
[48.1094,77.4130,0.0603,277.8604,0.1677,37.4200]
[48.1094,77.4477,0.0642,277.9534,0.1526,37.4500]
[48.1094,77.4666,0.0662,277.9000,0.1314,37.5200]
[48.0206,288.5813,0.2306,75.0865,0.0549,37.6300]
[48.0206,288.4592,0.1877,75.1698,0.0670,37.6500]
[48.0206,288.1991,0.1818,75.1433,0.0780,37.6400]
[48.0206,288.1671,0.1799,75.1114,0.1408,37.5700]
[48.0206,288.0942,0.1907,75.0882,0.0613,37.5300]
[48.0206,287.9837,0.0909,75.1805,0.0628,37.5300]
[48.0206,288.0550,0.1822,75.1900,0.0717,37.4700]
[48.0206,288.3173,0.2413,75.3320,0.0943,37.4100]
[48.0206,288.3744,0.1967,75.3487,0.0875,37.3900]
[48.0206,288.2951,0.2244,75.3631,0.0805,37.4300]
[48.0206,77.6784,0.0447,278.6336,0.1200,37.3800]
[48.0206,77.6969,0.0715,278.6890,0.2036,37.3400]
[48.0206,77.7052,0.0522,278.6889,0.1878,37.3000]
[48.0206,77.6675,0.0700,278.5234,0.1414,37.3000]
[48.0206,77.6422,0.0658,278.4232,0.1735,37.2400]
[48.0206,77.6488,0.0568,278.3238,0.1391,37.1800]
[48.0206,77.6547,0.0552,278.3196,0.1660,37.1800]
[48.0206,77.6511,0.0593,278.3789,0.1327,37.2300]
[48.0206,77.7044,0.0726,278.5555,0.2807,37.2000]
[48.0206,77.6946,0.0550,278.3023,0.2254,37.2200]
[47.9261,289.9918,0.3431,75.5304,0.0949,37.1800]
[47.9261,289.8108,0.1922,75.5135,0.0746,37.2300]
[47.9261,289.7779,0.2758,75.4743,0.0834,37.3100]
[47.9261,289.8136,0.2439,75.4842,0.0913,37.3600]
[47.9261,289.6821,0.2513,75.4737,0.0755,37.3900]
[47.9261,289.9731,0.2556,75.5398,0.0927,37.3600]
[47.9261,289.8237,0.3138,75.5160,0.0968,37.3300]
[47.9261,289.4923,0.3190,75.4426,0.0804,37.3300]
[47.9261,289.8128,0.2424,75.5216,0.0741,37.2900]
[47.9261,289.5468,0.3683,75.4541,0.1079,37.3100]
[47.9261,76.0407,0.1005,275.5726,0.2817,37.2300]
[47.9261,76.1068,0.0608,275.8042,0.2169,37.2700]
[47.9261,76.0660,0.0652,275.5660,0.1864,37.2900]
[47.9261,76.1348,0.0810,275.6866,0.3339,37.2700]
[47.9261,76.1506,0.0808,275.6585,0.2824,37.2700]
[47.9261,76.1582,0.0726,275.6444,0.2450,37.3100]
[47.9261,76.1779,0.0876,275.7119,0.2786,37.3000]
[47.9261,76.1841,0.0655,275.6823,0.2609,37.3500]
[47.9261,76.1550,0.0924,275.4771,0.2636,37.3600]
[47.9261,76.1552,0.0565,275.3642,0.1810,37.3800]
[47.8372,293.1613,0.2278,75.6321,0.0797,37.3200]
[47.8372,293.2094,0.1323,75.6481,0.0564,37.3200]
[47.8372,293.1843,0.1916,75.6258,0.0851,37.3400]
[47.8372,292.9070,0.2211,75.5653,0.0669,37.3400]
[47.8372,292.7650,0.2326,75.5333,0.0921,37.3500]
[47.8372,292.6552,0.2424,75.4924,0.0961,37.3800]
[47.8372,292.5474,0.2606,75.4451,0.0671,37.4100]
[47.8372,292.1880,0.2602,75.3686,0.0733,37.5100]
[47.8372,292.1808,0.2123,75.3592,0.0740,37.5900]
[47.8372,292.1583,0.3256,75.3791,0.0705,37.6000]
[47.8372,76.0023,0.0506,279.3834,0.1419,37.6000]
[47.8372,75.9526,0.1083,279.2885,0.3247,37.6200]
[47.8372,75.9022,0.0745,279.0382,0.2097,37.6300]
[47.8372,75.9931,0.0884,279.2284,0.2933,37.5400]
[47.8372,75.9161,0.0577,279.0407,0.2271,37.4600]
[47.8372,75.9052,0.0914,279.0389,0.2360,37.3700]
[47.8372,75.8805,0.0805,279.0100,0.2261,37.3200]
[47.8372,75.8891,0.0787,278.9302,0.1880,37.3000]
[47.8372,75.8969,0.0748,279.0584,0.3219,37.2900]
[47.8372,75.9213,0.0704,279.1020,0.2327,37.3000]
[47.7454,289.0129,0.2383,74.1866,0.1161,37.3500]
[47.7454,289.2114,0.1937,74.2222,0.0719,37.3500]
[47.7454,289.0841,0.2019,74.1980,0.0814,37.3500]
[47.7454,289.0424,0.2752,74.1444,0.0893,37.4100]
[47.7454,288.9210,0.3007,74.0571,0.0814,37.4700]
[47.7454,288.8477,0.1698,74.0269,0.0648,37.4600]
[47.7454,288.7938,0.2071,73.9695,0.0852,37.5200]
[47.7454,288.7186,0.1749,73.9417,0.0739,37.5100]
[47.7454,288.5402,0.2150,73.8707,0.0934,37.5100]
[47.7454,288.5406,0.3572,73.8048,0.1399,37.4500]
[47.7454,75.8678,0.0717,277.4352,0.1920,37.4100]
[47.7454,75.8629,0.0983,277.3126,0.2519,37.3600]
[47.7454,75.8210,0.0681,276.9152,0.5110,37.2800]
[47.7454,75.8565,0.0780,276.9917,0.1789,37.1700]
[47.7454,75.8779,0.1197,276.4035,0.5026,37.0400]
[47.7454,75.8559,0.0743,276.8351,0.2197,37.0500]
[47.7454,75.8523,0.0778,276.7257,0.2061,37.0400]
[47.7454,75.7900,0.1282,276.2868,0.3315,37.0400]
[47.7454,75.7675,0.0900,276.1450,0.2940,37.0500]
[47.7454,75.7165,0.0630,276.0163,0.2186,37.0400]
[47.6535,287.0876,0.2603,74.1085,0.0901,37.0700]
[47.6535,287.1937,0.2555,74.0946,0.0857,37.1100]
[47.6535,287.0425,0.1936,74.0740,0.0813,37.1500]
[47.6535,286.7389,0.2137,74.0523,0.0753,37.1700]
[47.6535,286.4895,0.1821,74.0922,0.1152,37.1900]
[47.6535,286.4163,0.2637,74.1320,0.1292,37.1300]
[47.6535,286.2061,0.2906,74.0073,0.1216,37.0900]
[47.6535,286.2945,0.3290,74.0608,0.0699,37.1100]
[47.6535,286.2838,0.2801,74.0847,0.0925,37.1800]
[47.6535,286.1329,0.1674,74.1219,0.0705,37.2000]
[47.6535,75.5077,0.0649,275.6991,0.1732,37.2500]
[47.6535,75.4896,0.0809,275.5978,0.2423,37.2800]
[47.6535,75.4919,0.0846,275.6152,0.2729,37.3400]
[47.6535,75.5142,0.0943,275.5627,0.2841,37.4100]
[47.6535,75.5374,0.0562,275.6368,0.2301,37.4900]
[47.6535,75.5629,0.0889,275.6493,0.2344,37.5700]
[47.6535,75.5335,0.0775,275.4688,0.1791,37.6400]
[47.6535,75.4383,0.1163,275.0616,0.3828,37.6300]
[47.6535,75.5117,0.0980,275.2929,0.3060,37.6100]
[47.6535,75.5267,0.0807,275.2307,0.2522,37.5800]
[47.5645,286.2892,0.2464,74.7412,0.1021,37.4900]
[47.5645,286.1495,0.2515,74.7309,0.1031,37.4800]
[47.5645,286.1225,0.3186,74.7415,0.0928,37.4700]
[47.5645,286.4885,0.1350,74.8445,0.0447,37.4100]
[47.5645,286.3886,0.1608,74.8070,0.0702,37.3900]
[47.5645,286.2823,0.1282,74.7971,0.0666,37.4000]
[47.5645,286.2780,0.3053,74.8284,0.1083,37.4500]
[47.5645,286.2535,0.2122,74.7670,0.0949,37.4600]
[47.5645,286.3286,0.2974,74.7925,0.1073,37.5000]
[47.5645,286.1236,0.2510,74.7279,0.0738,37.5200]
[47.5645,75.3202,0.0711,273.4623,0.2177,37.5100]
[47.5645,75.3164,0.0795,273.4384,0.1671,37.4600]
[47.5645,75.3330,0.0808,273.5643,0.2213,37.4500]
[47.5645,75.2482,0.0672,273.2433,0.2367,37.4000]
[47.5645,75.2302,0.0782,273.1588,0.2511,37.3100]
[47.5645,75.1847,0.0609,272.9769,0.1420,37.3000]
[47.5645,75.2102,0.0608,273.0429,0.2211,37.2600]
[47.5645,75.1653,0.0817,272.9777,0.1693,37.2500]
[47.5645,75.1997,0.0729,272.9803,0.1690,37.2600]
[47.5645,75.1474,0.0716,272.8391,0.2330,37.2900]
[47.4725,290.0333,0.3204,74.4828,0.1061,37.3700]
[47.4725,290.0860,0.2923,74.5339,0.0871,37.3600]
[47.4725,290.2228,0.1952,74.5715,0.0521,37.2800]
[47.4725,290.1614,0.1949,74.5931,0.0791,37.2800]
[47.4725,289.9805,0.2578,74.5304,0.0910,37.2300]
[47.4725,290.0016,0.1793,74.5531,0.0514,37.1700]
[47.4725,290.0044,0.2765,74.5370,0.0687,37.0900]
[47.4725,290.0203,0.2786,74.5673,0.0804,37.0600]
[47.4725,289.7740,0.2627,74.5190,0.0664,37.0800]
[47.4725,289.6708,0.2831,74.5043,0.0753,37.0600]
[47.4725,74.6125,0.0779,274.8723,0.2085,37.0400]
[47.4725,74.5759,0.0918,274.6883,0.2855,37.0600]
[47.4725,74.5278,0.0866,274.5442,0.2287,37.0900]
[47.4725,74.5765,0.0753,274.7255,0.2443,37.0600]
[47.4725,74.5421,0.0805,274.6207,0.2796,36.9800]
[47.4725,74.4962,0.0723,274.4721,0.2375,36.9900]
[47.4725,74.5430,0.0843,274.6005,0.3224,37.0100]
[47.4725,74.6411,0.0687,274.8446,0.2118,37.0300]
[47.4725,74.5534,0.0707,274.5771,0.2190,37.0300]
[47.4725,74.5367,0.1083,274.6099,0.3812,37.0500]
[47.3805,288.6193,0.3031,74.5584,0.1050,37.0700]
[47.3805,288.7280,0.2201,74.5471,0.0769,37.1400]
[47.3805,288.5552,0.3216,74.5184,0.0834,37.1500]
[47.3805,288.5336,0.2747,74.5043,0.0752,37.2400]
[47.3805,288.4202,0.2362,74.4446,0.0918,37.3300]
[47.3805,288.6257,0.1877,74.5507,0.0690,37.4100]
[47.3805,288.7441,0.2408,74.5673,0.0701,37.5000]
[47.3805,288.7706,0.1558,74.5668,0.0639,37.5700]
[47.3805,288.9114,0.2182,74.5782,0.0668,37.6200]
[47.3805,288.7534,0.1730,74.5480,0.0625,37.6500]
[47.3805,74.5841,0.0619,274.6745,0.1732,37.6500]
[47.3805,74.5666,0.0504,274.6021,0.1564,37.6100]
[47.3805,74.5757,0.0699,274.6909,0.2455,37.6400]
[47.3805,74.5668,0.0713,274.5747,0.2440,37.6100]
[47.3805,74.5544,0.0773,274.4675,0.2488,37.5400]
[47.3805,74.5604,0.0691,274.6120,0.2048,37.5200]
[47.3805,74.4975,0.1003,274.3348,0.2876,37.5200]
[47.3805,74.4627,0.0820,274.2300,0.2736,37.4300]
[47.3805,74.4815,0.0588,274.3416,0.2588,37.4600]
[47.3805,74.4657,0.0895,274.2276,0.2885,37.4800]
[47.2885,289.2274,0.3412,74.1594,0.0801,37.3400]
[47.2885,289.0414,0.2249,74.0891,0.0786,37.3200]
[47.2885,288.9167,0.2623,74.0216,0.0450,37.3900]
[47.2885,288.8204,0.3321,74.0337,0.0758,37.4600]
[47.2885,288.9477,0.2798,74.0817,0.0838,37.5300]
[47.2885,288.6267,0.2493,73.9810,0.0704,37.5100]
[47.2885,288.9793,0.2562,74.1064,0.0869,37.4700]
[47.2885,288.7350,0.2521,74.0941,0.1083,37.4000]
[47.2885,288.9369,0.2787,74.1168,0.0795,37.4200]
[47.2885,288.6003,0.2060,74.0627,0.0754,37.3100]
[47.2885,74.1819,0.0774,273.2881,0.2378,37.3000]
[47.2885,74.2117,0.0600,273.4990,0.2675,37.3300]
[47.2885,74.2523,0.0515,273.6187,0.1240,37.4100]
[47.2885,74.1900,0.0654,273.5032,0.2405,37.4400]
[47.2885,74.1730,0.0830,273.3906,0.2398,37.5000]
[47.2885,74.2084,0.0775,273.6126,0.2350,37.5000]
[47.2885,74.2364,0.0761,273.7281,0.3360,37.5000]
[47.2885,74.2079,0.0878,273.5961,0.2686,37.4900]
[47.2885,74.2175,0.0895,273.5999,0.1909,37.5000]
[47.2885,74.1919,0.0759,273.6230,0.3327,37.4300]
[47.1964,288.5907,0.5052,73.3072,0.1423,37.4800]
[47.1964,288.5327,0.2502,73.2533,0.0607,37.4700]
[47.1964,287.9637,0.8357,73.0693,0.2145,37.4700]
[47.1964,288.1984,0.3170,73.0826,0.0897,37.4400]
[47.1964,287.8772,0.8298,72.9724,0.2200,37.4900]
[47.1964,287.9133,0.2653,72.8944,0.1301,37.5300]
[47.1964,288.1157,0.2583,72.9224,0.0877,37.5200]
[47.1964,288.1893,0.2082,72.9603,0.0629,37.5500]
[47.1964,287.8958,0.2582,72.8612,0.0842,37.5300]
[47.1964,287.8379,0.2930,72.7027,0.1770,37.5200]
[47.1964,74.0286,0.1105,272.8611,0.2834,37.4800]
[47.1964,74.0126,0.0573,272.9368,0.2073,37.4800]
[47.1964,74.0487,0.0492,272.9515,0.1783,37.4600]
[47.1964,74.0056,0.1040,272.9329,0.4304,37.4600]
[47.1964,74.0023,0.0665,272.8757,0.2241,37.4300]
[47.1964,74.0162,0.0601,272.9292,0.2602,37.4700]
[47.1964,74.0123,0.0764,272.9580,0.2240,37.4900]
[47.1964,74.0008,0.0707,272.9492,0.2090,37.5700]
[47.1964,73.9648,0.0636,272.7654,0.1395,37.6300]
[47.1964,74.0491,0.0728,272.9897,0.1232,37.6400]
[47.1042,287.9773,0.2861,71.7117,0.1608,37.6500]
[47.1042,287.8696,0.2461,71.5434,0.1928,37.6300]
[47.1042,287.6133,0.2683,71.4879,0.2169,37.6200]
[47.1042,287.8812,0.2900,71.5990,0.0844,37.6600]
[47.1042,287.7227,0.2789,71.4335,0.1709,37.6600]
[47.1042,287.6382,0.2933,71.3704,0.1557,37.6500]
[47.1042,287.5172,0.3623,71.2044,0.2299,37.5900]
[47.1042,287.3996,0.3412,71.2964,0.1514,37.6500]
[47.1042,287.4802,0.3125,71.2992,0.0804,37.7100]
[47.1042,287.6929,0.2465,71.2920,0.1504,37.8000]
[47.1042,73.8366,0.0477,272.7725,0.2543,37.8700]
[47.1042,73.8664,0.0808,272.8386,0.2161,37.9000]
[47.1042,73.9478,0.0949,273.2354,0.3177,37.9100]
[47.1042,73.8820,0.0979,273.0572,0.3455,37.9000]
[47.1042,73.9855,0.1195,273.2806,0.3962,37.8000]
[47.1042,73.9904,0.0845,273.3467,0.2199,37.7400]
[47.1042,74.0075,0.0605,273.4176,0.1996,37.6600]
[47.1042,73.9611,0.0657,273.3029,0.1889,37.5900]
[47.1042,73.9919,0.0874,273.3304,0.2129,37.5100]
[47.1042,73.9933,0.0482,273.2889,0.1596,37.4100]
[47.0120,286.1626,0.1642,70.5724,0.0651,37.3300]
[47.0120,286.0554,0.2423,70.5375,0.1434,37.2900]
[47.0120,285.8860,0.3432,70.5221,0.0971,37.1600]
[47.0120,285.9398,0.1570,70.5220,0.0581,37.1800]
[47.0120,285.6647,0.2546,70.4199,0.0815,37.2200]
[47.0120,285.4631,0.2674,70.3402,0.0707,37.2600]
[47.0120,285.1967,0.1824,70.2871,0.0610,37.2200]
[47.0120,285.3193,0.2990,70.2628,0.0625,37.2200]
[47.0120,285.0327,0.1912,70.2063,0.0540,37.2800]
[47.0120,284.9344,0.3667,70.1442,0.0844,37.3500]
[47.0120,73.6281,0.0654,271.9693,0.2204,37.4400]
[47.0120,73.5828,0.0811,271.8125,0.2909,37.4600]
[47.0120,73.5599,0.0409,271.7071,0.1741,37.4600]
[47.0120,73.5903,0.0668,271.7958,0.2506,37.5400]
[47.0120,73.5221,0.0733,271.7202,0.2010,37.6000]
[47.0120,73.5182,0.0621,271.5922,0.2067,37.6500]
[47.0120,73.5128,0.0587,271.6262,0.2322,37.6800]
[47.0120,73.5102,0.0560,271.5504,0.1809,37.5900]
[47.0120,73.5004,0.0753,271.5079,0.2457,37.6500]
[47.0120,73.4831,0.0660,271.5387,0.2587,37.6800]
[46.9198,284.7228,0.2349,71.1669,0.1452,37.7400]
[46.9198,284.6256,0.2037,71.0299,0.1454,37.7800]
[46.9198,284.6205,0.2005,71.0823,0.1067,37.7800]
[46.9198,284.5794,0.1735,71.0781,0.1124,37.7600]
[46.9198,284.6764,0.1862,71.2626,0.1938,37.7800]
[46.9198,284.6118,0.2225,71.3325,0.1656,37.6700]
[46.9198,284.6513,0.3047,71.3320,0.3206,37.6600]
[46.9198,284.4434,0.3468,71.2787,0.2303,37.7200]
[46.9198,284.3393,0.2779,71.1560,0.2034,37.7400]
[46.9198,284.2206,0.4026,71.1542,0.1273,37.7300]
[46.9198,73.4309,0.0638,271.6593,0.2236,37.6500]
[46.9198,73.4344,0.0760,271.6429,0.2387,37.6800]
[46.9198,73.4558,0.0830,271.6606,0.2638,37.6500]
[46.9198,73.4412,0.0478,271.6940,0.1750,37.7100]
[46.9198,73.4554,0.0648,271.6767,0.2029,37.6500]
[46.9198,73.4612,0.0619,271.7277,0.1851,37.5400]
[46.9198,73.5055,0.0353,271.8105,0.1474,37.4900]
[46.9198,73.4859,0.0528,271.7481,0.1343,37.5300]
[46.9198,73.5075,0.0474,271.7714,0.0956,37.4200]
[46.9198,73.5322,0.0557,271.8648,0.1373,37.3600]
[46.8275,286.2988,0.0980,72.4281,0.1408,37.1800]
[46.8275,286.1959,0.1372,72.4370,0.0482,37.1600]
[46.8275,286.0046,0.1422,72.3048,0.0837,37.1800]
[46.8275,286.0866,0.1118,72.4836,0.1179,37.1200]
[46.8275,286.1236,0.2178,72.5126,0.1225,37.0800]
[46.8275,286.0140,0.1581,72.4172,0.2424,36.9900]
[46.8275,285.8493,0.1890,72.5725,0.0659,36.9400]
[46.8275,285.9157,0.1907,72.6221,0.0844,36.9100]
[46.8275,285.8064,0.2026,72.6447,0.0913,36.9100]
[46.8275,285.7155,0.1626,72.5081,0.0936,36.8500]
[46.8275,73.3942,0.0540,271.2545,0.2205,36.8100]
[46.8275,73.3479,0.0427,271.1804,0.1774,36.7700]
[46.8275,73.3177,0.0499,271.0534,0.1417,36.7500]
[46.8275,73.3405,0.0596,271.0862,0.1662,36.7300]
[46.8275,73.2900,0.0503,270.9709,0.1571,36.7100]
[46.8275,73.2917,0.0544,270.9269,0.1666,36.6100]
[46.8275,73.2865,0.0461,270.8941,0.1062,36.6200]
[46.8275,73.3058,0.0660,270.9030,0.2530,36.6000]
[46.8275,73.2548,0.0665,270.7607,0.1811,36.5700]
[46.8275,73.3187,0.0773,270.8678,0.2322,36.5000]
[46.7351,284.2550,0.1323,72.3417,0.1022,36.5000]
[46.7351,284.2785,0.2543,72.4794,0.1745,36.5000]
[46.7351,284.0516,0.1702,72.3190,0.1521,36.5000]
[46.7351,284.1219,0.2126,72.3452,0.0744,36.5100]
[46.7351,284.1862,0.2119,72.5650,0.1646,36.5300]
[46.7351,284.2675,0.1450,72.6009,0.1893,36.4300]
[46.7351,284.4094,0.2732,72.6017,0.2003,36.4100]
[46.7351,284.1457,0.1902,72.5388,0.0946,36.4100]
[46.7351,284.0761,0.2215,72.5903,0.1101,36.4200]
[46.7351,284.1517,0.1829,72.5767,0.1566,36.4000]
[46.7351,73.2828,0.1161,269.7814,0.3815,36.3000]
[46.7351,73.2352,0.0891,269.6305,0.2580,36.2600]
[46.7351,73.1479,0.0640,269.3646,0.2247,36.2900]
[46.7351,73.0917,0.0622,269.1664,0.1978,36.3300]
[46.7351,72.9586,0.1826,268.7003,0.6100,36.3500]
[46.7351,73.0261,0.0534,268.9361,0.2741,36.4100]
[46.7351,72.9565,0.0682,268.8312,0.2655,36.4900]
[46.7351,72.9200,0.0554,268.6288,0.2267,36.5900]
[46.7351,72.8734,0.0643,268.5383,0.1693,36.6600]
[46.7351,72.8663,0.0524,268.4287,0.2071,36.7500]
[46.6427,283.6883,0.1630,72.6071,0.0705,36.8200]
[46.6427,283.6412,0.1673,72.5815,0.0516,36.8300]
[46.6427,283.7114,0.1516,72.5907,0.0420,36.8800]
[46.6427,283.6888,0.1466,72.5356,0.0548,36.9000]
[46.6427,283.5028,0.1370,72.4983,0.0431,36.9100]
[46.6427,283.3767,0.2082,72.4301,0.0542,36.9600]
[46.6427,283.1755,0.1248,72.3800,0.0441,36.9000]
[46.6427,283.0298,0.1256,72.3436,0.0618,36.8400]
[46.6427,282.9140,0.1692,72.2904,0.0431,36.8100]
[46.6427,283.0770,0.1216,72.2995,0.0644,36.8000]
[46.6427,72.6271,0.0612,267.7245,0.1894,36.7600]
[46.6427,72.6295,0.0484,267.6947,0.1796,36.8100]
[46.6427,72.6587,0.0523,267.8256,0.1728,36.8000]
[46.6427,72.6236,0.0541,267.7385,0.1727,36.8300]
[46.6427,72.5976,0.0652,267.6937,0.2148,36.8900]
[46.6427,72.5767,0.0440,267.5922,0.1289,36.9600]
[46.6427,72.6539,0.0474,267.8833,0.1527,36.8900]
[46.6427,72.6248,0.0495,267.7823,0.1780,36.8600]
[46.6427,72.6329,0.0537,267.7002,0.2016,36.8600]
[46.6427,72.6432,0.0497,267.8198,0.2112,36.8700]
[46.5503,282.6934,0.2132,70.5963,0.0788,36.9400]
[46.5503,282.7434,0.2960,70.5079,0.0563,36.9700]
[46.5503,282.7441,0.2067,70.4755,0.0740,36.9900]
[46.5503,282.3149,0.2454,70.3343,0.0736,37.0100]
[46.5503,282.3337,0.4174,70.3490,0.1047,37.0100]
[46.5503,282.3536,0.3452,70.2726,0.0926,37.0400]
[46.5503,282.2377,0.3256,70.2467,0.0992,37.0200]
[46.5503,282.1545,0.2420,70.1623,0.0757,36.9900]
[46.5503,282.0374,0.2359,70.1205,0.0832,36.9400]
[46.5503,282.0722,0.3612,70.0812,0.0999,36.9800]
[46.5503,72.4960,0.0675,267.5090,0.2318,36.9800]
[46.5503,72.4631,0.0715,267.3488,0.2498,36.9800]
[46.5503,72.4914,0.1024,267.5056,0.2938,37.0500]
[46.5503,72.4742,0.0766,267.4359,0.3137,37.1300]
[46.5503,72.3721,0.0754,267.1636,0.2386,37.2100]
[46.5503,72.3746,0.0654,267.1143,0.2402,37.2500]
[46.5503,72.3955,0.0732,267.2802,0.2415,37.2500]
[46.5503,72.4444,0.0601,267.3748,0.2194,37.2900]
[46.5503,72.4088,0.0665,267.3258,0.2400,37.2400]
[46.5503,72.3980,0.0608,267.3010,0.2193,37.2500]
[46.4578,281.3848,0.2102,69.6796,0.0747,37.2800]
[46.4578,281.2062,0.2268,69.5984,0.0639,37.3600]
[46.4578,281.1267,0.2379,69.5747,0.0754,37.4600]
[46.4578,280.9962,0.2509,69.5903,0.0754,37.4200]
[46.4578,281.1767,0.2343,69.7968,0.1818,37.3700]
[46.4578,281.2785,0.1570,69.6891,0.0690,37.3700]
[46.4578,281.2259,0.2729,69.6635,0.0820,37.3400]
[46.4578,281.4232,0.2325,69.7263,0.0666,37.3200]
[46.4578,281.4799,0.1476,69.7811,0.0700,37.2900]
[46.4578,281.6342,0.1522,69.8157,0.0748,37.3200]
[46.4578,72.3253,0.0455,267.5186,0.1909,37.3400]
[46.4578,72.3106,0.0762,267.5177,0.2353,37.3300]
[46.4578,72.2172,0.0714,267.2450,0.2820,37.4100]
[46.4578,72.2457,0.0837,267.2744,0.3518,37.4700]
[46.4578,72.3089,0.0718,267.5819,0.2143,37.4800]
[46.4578,72.2359,0.0769,267.3746,0.2963,37.4600]
[46.4578,72.1888,0.0578,267.3069,0.1265,37.3100]
[46.4578,72.0912,0.0386,267.1193,0.1716,37.3100]
[46.4578,72.0008,0.0731,267.0510,0.2558,37.2500]
[46.4578,71.9221,0.0556,267.0605,0.1617,37.1800]
[46.3653,279.6271,0.4236,71.5062,0.1548,37.0800]
[46.3653,278.8717,0.2908,71.3326,0.0784,37.0200]
[46.3653,278.3279,0.3631,71.4513,0.1431,36.9600]
[46.3653,277.5916,0.2202,71.4618,0.0864,36.9000]
[46.3653,276.9206,0.2628,71.4322,0.1310,36.8300]
[46.3653,276.1405,0.2883,71.5435,0.1046,36.8000]
[46.3653,275.0826,0.5266,71.5481,0.1074,36.7300]
[46.3653,274.3051,0.2215,71.6034,0.0601,36.7200]
[46.3653,273.1772,0.3236,71.5583,0.0452,36.7000]
[46.3653,271.9172,0.4253,71.5289,0.0697,36.7600]
[46.3653,69.1722,0.1220,266.8443,0.1762,36.7600]
[46.3653,68.8607,0.0647,266.8015,0.1454,36.8000]
[46.3653,68.4759,0.0919,266.6856,0.1523,36.7700]
[46.3653,68.2246,0.0932,266.7336,0.1354,36.7600]
[46.3653,67.9228,0.0876,266.6519,0.1629,36.7300]
[46.3653,67.5918,0.0771,266.5459,0.1873,36.7900]
[46.3653,67.2461,0.1100,266.4775,0.1786,36.7500]
[46.3653,66.9751,0.0816,266.3606,0.1903,36.7900]
[46.3653,66.6680,0.0815,266.3116,0.1846,36.8600]
[46.3653,66.3308,0.1189,266.0954,0.2270,36.9300]
[46.2757,256.5944,0.2650,71.7496,0.0825,37.0200]
[46.2757,255.6299,0.3023,71.7358,0.0596,37.0800]
[46.2757,254.5755,0.3730,71.6932,0.0581,37.1600]
[46.2757,253.5749,0.2758,71.6105,0.0598,37.2400]
[46.2757,252.7284,0.2673,71.6064,0.0533,37.2800]
[46.2757,251.5158,0.3948,71.5601,0.0703,37.3500]
[46.2757,250.7617,0.3657,71.5911,0.0651,37.4300]
[46.2757,249.4825,0.3492,71.5238,0.0741,37.5000]
[46.2757,248.4972,0.2544,71.4578,0.0644,37.5700]
[46.2757,247.7736,0.2879,71.4374,0.0857,37.5900]
[46.2757,63.1364,0.0840,264.8867,0.3448,37.6100]
[46.2757,62.8821,0.0723,264.9300,0.2591,37.6000]
[46.2757,62.7493,0.0869,265.1227,0.2806,37.5200]
[46.2757,62.5062,0.0794,264.9911,0.1760,37.5200]
[46.2757,62.3005,0.0804,264.8794,0.1919,37.4700]
[46.2757,62.0688,0.0783,264.7535,0.1620,37.4200]
[46.2757,61.7671,0.0831,264.7415,0.2031,37.3000]
[46.2757,61.5998,0.0673,264.7205,0.2491,37.2900]
[46.2757,61.4385,0.0759,264.6503,0.1879,37.3100]
[46.2757,61.3779,0.0970,264.6525,0.2906,37.3300]
[46.1831,237.1255,0.2633,71.1308,0.0784,37.2800]
[46.1831,236.9015,0.2473,71.1193,0.0763,37.1800]
[46.1831,236.2944,0.2872,71.0706,0.0614,37.2200]
[46.1831,235.8771,0.1729,71.0911,0.0544,37.2400]
[46.1831,235.1537,0.3556,71.0398,0.0852,37.3100]
[46.1831,234.1909,0.3608,70.9359,0.0749,37.3400]
[46.1831,234.1026,0.3328,70.8797,0.0787,37.3200]
[46.1831,233.7277,0.3581,70.7970,0.1104,37.1500]
[46.1831,233.0861,0.1925,70.7928,0.0752,37.2200]
[46.1831,232.8526,0.2294,70.7822,0.0761,37.2700]
[46.1831,59.6483,0.0691,264.4015,0.2175,37.2800]
[46.1831,59.4993,0.0674,263.9606,0.2823,37.3500]
[46.1831,59.4774,0.0875,264.0693,0.3174,37.4200]
[46.1831,59.3988,0.0713,263.9358,0.2528,37.4700]
[46.1831,59.3783,0.0915,264.0332,0.3698,37.5300]
[46.1831,59.2787,0.0880,263.7901,0.2478,37.5900]
[46.1831,59.2982,0.0754,263.6982,0.1883,37.5900]
[46.1831,59.3091,0.0725,263.6864,0.2297,37.6000]
[46.1831,59.2830,0.0607,263.6769,0.1702,37.5800]
[46.1831,59.2283,0.0585,263.4863,0.1950,37.6200]
[46.0904,231.5266,0.2483,70.1211,0.0602,37.6800]
[46.0904,231.3557,0.2526,70.0579,0.0636,37.7400]
[46.0904,231.5344,0.3241,70.0671,0.0845,37.7400]
[46.0904,231.7267,0.2482,70.0798,0.0639,37.6800]
[46.0904,231.9948,0.2118,70.0736,0.0615,37.6700]
[46.0904,232.2525,0.1963,70.0441,0.0616,37.6500]
[46.0904,232.5122,0.1564,70.0179,0.0671,37.6400]
[46.0904,232.8904,0.1776,70.0450,0.0607,37.5900]
[46.0904,233.1261,0.1740,69.9965,0.0660,37.5400]
[46.0904,233.7150,0.2262,69.9772,0.0505,37.6000]
[46.0904,60.2913,0.0867,263.5846,0.2771,37.5600]
[46.0904,60.4765,0.0700,263.5729,0.2153,37.5200]
[46.0904,60.6247,0.0971,263.6107,0.2827,37.4800]
[46.0904,60.7495,0.0819,263.2938,0.2752,37.4800]
[46.0904,60.9517,0.0977,263.3723,0.3103,37.4300]
[46.0904,61.1610,0.0684,263.5287,0.2173,37.4600]
[46.0904,61.3479,0.1091,263.4187,0.1614,37.4300]
[46.0904,61.5780,0.1230,263.4851,0.2675,37.3800]
[46.0904,61.9820,0.1192,263.5714,0.2737,37.4200]
[46.0904,62.3161,0.1025,263.7630,0.2793,37.4700]
[45.9977,242.6169,0.3853,70.8334,0.0431,37.3400]
[45.9977,244.0878,0.4155,70.8826,0.0455,37.4000]
[45.9977,245.1444,0.6197,70.8289,0.0879,37.4400]
[45.9977,246.4513,0.4675,70.7889,0.0545,37.4600]
[45.9977,247.8337,0.5412,70.7431,0.0761,37.4700]
[45.9977,249.4450,0.5117,70.7315,0.0611,37.4600]
[45.9977,251.2357,0.5217,70.7320,0.0805,37.4700]
[45.9977,253.2816,0.4883,70.7496,0.0549,37.4800]
[45.9977,254.6704,0.3955,70.6712,0.0947,37.4700]
[45.9977,256.5622,0.4553,70.6566,0.0803,37.4800]
[45.9977,67.3732,0.0995,263.3836,0.3759,37.4400]
[45.9977,67.7943,0.0865,263.4467,0.2652,37.3900]
[45.9977,68.2536,0.0905,263.6778,0.3038,37.3700]
[45.9977,68.6012,0.0942,263.5965,0.2842,37.4100]
[45.9977,68.9491,0.1005,263.5809,0.1976,37.4100]
[45.9977,69.2205,0.0991,263.5103,0.2595,37.3800]
[45.9977,69.4852,0.1301,263.4781,0.2293,37.4300]
[45.9977,69.7658,0.1067,263.6152,0.3809,37.4900]
[45.9977,70.0409,0.0874,263.7109,0.1948,37.5400]
[45.9977,70.2369,0.1034,263.6309,0.2543,37.5500]
[45.9050,273.3019,0.2076,69.5123,0.0944,37.5500]
[45.9050,273.2542,0.1681,69.4273,0.0804,37.5900]
[45.9050,273.1597,0.2784,69.4321,0.0852,37.6300]
[45.9050,272.7685,0.2813,69.4281,0.0947,37.5500]
[45.9050,272.1962,0.2858,69.3755,0.0783,37.5400]
[45.9050,271.4639,0.2462,69.3795,0.0553,37.5600]
[45.9050,270.6345,0.3282,69.4101,0.0723,37.5100]
[45.9050,269.7272,0.3955,69.4021,0.0683,37.5100]
[45.9050,268.5995,0.3883,69.3573,0.0952,37.5600]
[45.9050,267.3940,0.3525,69.3006,0.0664,37.6000]
[45.9050,68.0417,0.1287,262.9550,0.2866,37.6500]
[45.9050,67.6706,0.1088,262.9692,0.2465,37.7100]
[45.9050,67.2826,0.1554,263.0546,0.3796,37.7700]
[45.9050,66.8891,0.1587,262.9797,0.2085,37.7800]
[45.9050,66.4421,0.1224,262.7635,0.1771,37.7300]
[45.9050,65.9622,0.1693,262.7733,0.2406,37.7400]
[45.9050,65.4600,0.1395,262.6152,0.2514,37.7100]
[45.9050,64.9417,0.1098,262.5528,0.3021,37.7300]
[45.9050,64.4776,0.1099,262.6096,0.3049,37.7400]
[45.9050,64.0197,0.1624,262.5453,0.2147,37.6800]
[45.8151,246.6904,0.5252,69.7639,0.0699,37.5400]
[45.8151,245.0776,0.4311,69.7253,0.0742,37.5700]
[45.8151,243.4966,0.5119,69.7200,0.0618,37.5600]
[45.8151,242.2266,0.2748,69.7488,0.0806,37.6100]
[45.8151,240.7556,0.2986,69.7635,0.0828,37.6100]
[45.8151,239.3826,0.4375,69.7918,0.0840,37.6100]
[45.8151,237.7888,0.6252,69.7961,0.0862,37.5800]
[45.8151,236.8697,0.3849,69.9017,0.0647,37.4800]
[45.8151,235.8126,0.4393,69.9178,0.0710,37.4200]
[45.8151,234.4022,0.4288,69.8812,0.0826,37.4200]
[45.8151,59.4468,0.4166,262.2827,1.6952,37.4700]
[45.8151,59.3340,0.1791,262.5950,0.3448,37.4300]
[45.8151,58.9395,0.1083,262.6393,0.2385,37.4400]
[45.8151,58.5749,0.0768,262.5361,0.1636,37.5400]
[45.8151,58.3861,0.0944,262.5660,0.3098,37.5900]
[45.8151,58.0965,0.1171,262.2960,0.2080,37.4800]
[45.8151,57.8151,0.0814,262.3327,0.1733,37.4300]
[45.8151,57.5787,0.0777,262.0122,0.2597,37.4900]
[45.8151,57.3850,0.0799,262.0343,0.2539,37.5200]
[45.8151,57.1841,0.0855,261.8557,0.2482,37.5500]
[45.7223,221.3387,0.2857,69.7639,0.0818,37.5500]
[45.7223,220.7387,0.2291,69.6816,0.0814,37.5800]
[45.7223,220.2057,0.2149,69.6534,0.0611,37.5600]
[45.7223,219.5176,0.2200,69.5221,0.0775,37.6000]
[45.7223,219.2193,0.2353,69.5396,0.0737,37.6100]
[45.7223,218.7251,0.1617,69.4883,0.0410,37.5300]
[45.7223,218.3626,0.1808,69.4541,0.0664,37.5100]
[45.7223,217.9495,0.1854,69.3114,0.0493,37.3900]
[45.7223,217.5194,0.2095,69.1754,0.0589,37.4000]
[45.7223,217.0393,0.2229,69.0355,0.0713,37.2900]
[45.7223,55.6496,0.0487,258.0745,0.2346,37.2700]
[45.7223,55.5741,0.0501,257.7799,0.2407,37.2200]
[45.7223,55.4576,0.0470,257.1929,0.2037,37.1600]
[45.7223,55.4625,0.0584,256.8136,0.1848,37.0800]
[45.7223,55.4464,0.0629,256.6656,0.1944,37.1100]
[45.7223,55.4084,0.0501,256.2275,0.2062,37.0400]
[45.7223,55.4266,0.0448,256.0663,0.1891,37.0400]
[45.7223,55.4381,0.0581,255.6112,0.2718,37.0400]
[45.7223,55.4250,0.0361,255.1135,0.1627,36.9600]
[45.7223,55.4447,0.0395,254.7805,0.1718,36.8900]
[45.6266,224.5930,0.1820,66.2027,0.0737,36.8900]
[45.6266,224.8713,0.1301,66.0475,0.0596,36.9000]
[45.6266,225.7919,0.1361,66.0971,0.0650,36.8600]
[45.6266,226.4693,0.2176,66.0845,0.0457,36.8200]
[45.6266,227.3159,0.2821,66.0688,0.0962,36.8200]
[45.6266,228.0059,0.3293,65.9415,0.0851,36.7400]
[45.6266,228.9291,0.3309,65.9588,0.0685,36.7600]
[45.6266,229.8507,0.2953,65.9480,0.0639,36.7700]
[45.6266,230.7882,0.3772,65.9033,0.0782,36.8000]
[45.6266,231.7196,0.2337,65.8774,0.0764,36.8900]
[45.6266,58.5177,0.0598,247.0175,0.1682,37.0700]
[45.6266,58.7832,0.0822,246.9436,0.1862,37.1400]
[45.6266,59.0535,0.0886,246.9382,0.2034,37.2100]
[45.6266,59.3409,0.0798,246.8538,0.2202,37.3000]
[45.6266,59.6535,0.0764,246.9008,0.1810,37.3900]
[45.6266,59.9921,0.1149,246.8410,0.1828,37.4300]
[45.6266,60.3462,0.1267,247.0356,0.1865,37.4200]
[45.6266,60.7423,0.0958,247.2744,0.1817,37.4200]
[45.6266,61.0793,0.0659,247.1759,0.2099,37.3600]
[45.6266,61.3612,0.1074,247.3269,0.2991,37.2800]
[45.5337,248.0666,0.4460,65.6810,0.0574,37.2200]
[45.5337,249.4442,0.4580,65.6240,0.0519,37.1800]
[45.5337,250.9990,0.4116,65.6402,0.0742,37.0900]
[45.5337,252.6457,0.5708,65.7198,0.0713,37.0400]
[45.5337,254.4280,0.4762,65.7197,0.0561,36.9500]
[45.5337,256.0910,0.5012,65.6867,0.0654,36.9800]
[45.5337,258.1471,0.4217,65.6976,0.0768,36.9800]
[45.5337,260.1528,0.5513,65.7608,0.0934,36.9900]
[45.5337,261.6481,0.5015,65.7937,0.0662,37.0000]
[45.5337,263.2527,0.5429,65.8573,0.0986,37.0000]
[45.5337,66.6079,0.0636,251.0057,0.1863,36.9900]
[45.5337,66.9136,0.0679,251.0672,0.2371,36.9900]
[45.5337,67.1941,0.0744,250.9323,0.1435,36.9900]
[45.5337,67.4623,0.0898,251.3692,0.1277,37.0400]
[45.5337,67.7117,0.0928,251.5805,0.1829,37.0800]
[45.5337,67.9652,0.0969,251.9113,0.2773,37.1100]
[45.5337,68.2051,0.0762,252.3405,0.1871,37.1800]
[45.5337,68.3910,0.1061,252.5567,0.4028,37.2200]
[45.5337,68.5942,0.0805,253.0498,0.2633,37.1900]
[45.5337,68.7305,0.0841,253.4820,0.2262,37.1800]
[45.4437,275.4175,0.3420,66.6050,0.0590,37.2500]
[45.4437,275.8282,0.2750,66.7104,0.0802,37.2900]
[45.4437,275.7906,0.3015,66.7463,0.0759,37.3400]
[45.4437,275.7683,0.3292,66.8057,0.0752,37.3800]
[45.4437,275.5442,0.2024,66.8123,0.0637,37.3600]
[45.4437,275.3959,0.3352,66.8651,0.0860,37.4000]
[45.4437,275.6717,0.3500,66.9493,0.0701,37.3000]
[45.4437,275.5559,0.2205,66.9708,0.0576,37.2400]
[45.4437,275.5023,0.1733,66.9778,0.0606,37.2400]
[45.4437,275.6304,0.1937,67.0515,0.0617,37.1500]
[45.4437,69.2627,0.0552,255.7480,0.1365,37.1100]
[45.4437,69.2481,0.0524,255.6721,0.2269,37.1100]
[45.4437,69.2534,0.0384,255.6865,0.1495,37.1600]
[45.4437,69.2683,0.0534,255.6516,0.1031,37.1400]
[45.4437,69.3055,0.0379,255.6933,0.1430,37.1700]
[45.4437,69.2976,0.0467,255.6505,0.1283,37.1600]
[45.4437,69.2675,0.0468,255.5801,0.1240,37.0800]
[45.4437,69.2881,0.0395,255.6085,0.1273,37.0200]
[45.4437,69.2936,0.0358,255.6691,0.1394,37.0300]
[45.4437,69.2983,0.0598,255.6163,0.1796,36.8800]
[45.3478,275.6799,0.1251,67.6306,0.0489,36.8900]
[45.3478,275.8536,0.1207,67.6469,0.0432,36.8600]
[45.3478,275.7094,0.1503,67.6081,0.0398,36.8300]
[45.3478,275.5943,0.2138,67.5724,0.0665,36.8100]
[45.3478,275.6720,0.1517,67.5757,0.0446,36.7900]
[45.3478,275.6717,0.0839,67.5906,0.0469,36.8100]
[45.3478,275.5570,0.2344,67.5685,0.0792,36.8100]
[45.3478,275.7096,0.3031,67.5783,0.0788,36.8100]
[45.3478,275.7392,0.2223,67.5857,0.0540,36.7500]
[45.3478,275.8359,0.4678,67.5972,0.1199,36.7400]
[45.3478,69.4754,0.0446,256.8624,0.2032,36.6100]
[45.3478,69.4706,0.0489,256.9678,0.1248,36.6100]
[45.3478,69.5180,0.0347,257.0372,0.1299,36.6100]
[45.3478,69.4891,0.0687,257.0031,0.1787,36.6300]
[45.3478,69.4767,0.0444,256.9959,0.1946,36.6300]
[45.3478,69.5366,0.0557,257.2349,0.2037,36.5900]
[45.3478,69.5565,0.0603,257.2069,0.2092,36.5800]
[45.3478,69.5010,0.0705,257.0334,0.2196,36.5500]
[45.3478,69.5557,0.0366,257.2627,0.1390,36.5000]
[45.3478,69.5243,0.0661,257.1781,0.1985,36.4400]
[45.2548,276.9318,0.1764,67.1462,0.0415,36.3900]
[45.2548,276.8343,0.1860,67.0646,0.0504,36.3300]
[45.2548,276.7038,0.1588,67.0308,0.0512,36.3600]
[45.2548,276.6213,0.1805,67.0072,0.0432,36.4100]
[45.2548,276.4407,0.2257,66.9426,0.0766,36.4500]
[45.2548,276.6239,0.1794,66.9759,0.0550,36.5200]
[45.2548,276.3716,0.2260,66.9233,0.0495,36.6100]
[45.2548,276.3035,0.1147,66.8935,0.0448,36.6500]
[45.2548,276.3292,0.1909,66.8719,0.0453,36.7000]
[45.2548,276.1700,0.2166,66.8663,0.0580,36.7300]
[45.2548,69.2901,0.0436,256.9297,0.1526,36.7800]
[45.2548,69.2425,0.0555,256.8651,0.1628,36.8600]
[45.2548,69.1673,0.0608,256.7001,0.1904,36.8800]
[45.2548,69.1705,0.0730,256.8165,0.2059,36.9000]
[45.2548,69.1782,0.0442,256.7841,0.1531,36.9700]
[45.2548,69.1404,0.0629,256.5662,0.1481,36.9800]
[45.2548,69.0557,0.0513,256.3443,0.2117,36.9600]
[45.2548,69.0486,0.0342,256.3815,0.1338,36.9300]
[45.2548,69.0689,0.0503,256.4562,0.0901,36.9000]
[45.2548,69.0342,0.0398,256.3347,0.2173,36.8300]
[45.1617,271.3523,0.1432,65.8490,0.0449,36.7800]
[45.1617,271.3350,0.1865,65.8071,0.0372,36.7600]
[45.1617,271.1491,0.1404,65.8116,0.0354,36.6700]
[45.1617,271.1384,0.1213,65.7706,0.0388,36.6900]
[45.1617,270.8450,0.1568,65.7505,0.0401,36.6200]
[45.1617,270.9586,0.0984,65.7593,0.0263,36.6600]
[45.1617,270.8872,0.1171,65.7195,0.0381,36.6300]
[45.1617,270.8579,0.1303,65.7519,0.0617,36.5800]
[45.1617,270.7519,0.1399,65.6904,0.0523,36.4700]
[45.1617,270.4412,0.1104,65.6125,0.0363,36.4500]
[45.1617,66.4927,0.0419,251.3443,0.1108,36.3200]
[45.1617,66.5254,0.0565,251.3313,0.1390,36.2900]
[45.1617,66.5013,0.0505,251.1855,0.1677,36.2200]
[45.1617,66.4085,0.0301,250.9039,0.1565,36.2500]
[45.1617,66.4352,0.0476,250.8545,0.1792,36.3100]
[45.1617,66.3842,0.0468,250.6894,0.1201,36.3000]
[45.1617,66.3865,0.0578,250.6532,0.1890,36.3100]
[45.1617,66.3779,0.0556,250.6347,0.1139,36.3400]
[45.1617,66.3418,0.0457,250.5436,0.1807,36.3800]
[45.1617,66.3506,0.0501,250.5059,0.1401,36.4000]
[45.0687,269.2885,0.1773,65.1799,0.0467,36.4900]
[45.0687,269.1409,0.2152,65.1345,0.0515,36.4700]
[45.0687,269.2242,0.1278,65.1487,0.0456,36.4400]
[45.0687,269.0785,0.1093,65.1134,0.0367,36.4400]
[45.0687,268.9294,0.1190,65.0831,0.0439,36.3800]
[45.0687,268.6414,0.1187,64.9908,0.0437,36.3300]
[45.0687,268.7519,0.1336,65.0128,0.0437,36.3300]
[45.0687,268.7903,0.1210,65.0266,0.0386,36.2900]
[45.0687,268.5441,0.1335,64.9272,0.0419,36.2900]
[45.0687,268.6781,0.2587,64.9263,0.0557,36.3300]
[45.0687,66.2811,0.0720,249.1179,0.1991,36.3900]
[45.0687,66.1904,0.0744,248.8292,0.2416,36.4800]
[45.0687,66.2822,0.0585,249.1762,0.1556,36.5500]
[45.0687,66.2323,0.0523,249.0117,0.2270,36.6200]
[45.0687,66.2325,0.0674,249.0354,0.2020,36.6300]
[45.0687,66.2587,0.0549,249.1487,0.1887,36.6800]
[45.0687,66.3487,0.0644,249.5197,0.1791,36.7200]
[45.0687,66.3486,0.0377,249.4774,0.1619,36.7500]
[45.0687,66.3662,0.0582,249.5482,0.2580,36.7900]
[45.0687,66.4797,0.0643,250.0257,0.2388,36.7900]
[44.9756,269.0938,0.1682,65.2766,0.0527,36.7600]
[44.9756,269.1154,0.1744,65.2628,0.0488,36.7700]
[44.9756,268.9446,0.1772,65.2102,0.0455,36.8200]
[44.9756,268.9682,0.1706,65.2172,0.0400,36.8800]
[44.9756,268.9074,0.2010,65.2129,0.0671,36.8900]
[44.9756,268.6489,0.2040,65.1445,0.0618,36.9000]
[44.9756,268.6848,0.1806,65.1161,0.0505,36.9800]
[44.9756,268.5602,0.1847,65.1103,0.0333,36.9600]
[44.9756,268.4487,0.1418,65.0618,0.0524,36.9600]
[44.9756,268.4094,0.2034,65.0814,0.0526,36.9900]
[44.9756,66.2981,0.0505,249.9939,0.1725,36.8600]
[44.9756,66.3022,0.0515,250.0067,0.1685,36.8300]
[44.9756,66.2219,0.0435,249.7890,0.1297,36.8300]
[44.9756,66.1270,0.0380,249.6230,0.1282,36.8200]
[44.9756,66.0426,0.0490,249.5968,0.1522,36.7900]
[44.9756,65.8741,0.0587,249.3766,0.1676,36.7800]
[44.9756,65.7006,0.1000,249.2147,0.2766,36.7200]
[44.9756,65.5753,0.0700,249.4017,0.1595,36.6500]
[44.9756,65.3993,0.0590,249.4872,0.0950,36.6500]
[44.9756,65.1310,0.0882,249.2703,0.1094,36.6000]
[44.8824,261.8577,0.2532,65.1425,0.0418,36.5400]
[44.8824,260.6798,0.3440,65.1167,0.0440,36.4600]
[44.8824,259.2375,0.4348,65.0562,0.0600,36.4200]
[44.8824,257.5300,0.6091,64.8920,0.1062,36.4400]
[44.8824,256.0464,0.4328,64.7189,0.0704,36.4700]
[44.8824,254.5244,0.4272,64.5914,0.0624,36.5200]
[44.8824,252.7982,0.4287,64.4016,0.0586,36.5600]
[44.8824,251.0905,0.4080,64.1848,0.0751,36.6000]
[44.8824,249.1229,0.6137,63.9266,0.0947,36.6100]
[44.8824,247.3115,0.3442,63.6911,0.0626,36.5400]
[44.8824,60.0725,0.1387,242.1676,0.4564,36.5700]
[44.8824,59.6903,0.1039,240.9050,0.3747,36.5500]
[44.8824,59.3053,0.1043,239.5228,0.4202,36.5000]
[44.8824,58.9760,0.1126,238.2521,0.3333,36.5500]
[44.8824,58.5971,0.0859,236.8469,0.3555,36.6400]
[44.8824,58.3030,0.0816,235.5250,0.3897,36.6800]
[44.8824,57.9353,0.0756,233.7437,0.2894,36.6000]
[44.8824,57.7349,0.1790,232.5818,0.7767,36.5700]
[44.8824,57.5015,0.1269,231.2855,0.5414,36.5500]
[44.8824,57.0759,0.0917,229.2288,0.4224,36.5800]
[44.7892,229.6020,0.5569,59.9825,0.1743,36.5700]
[44.7892,228.0731,0.3463,59.4501,0.1055,36.6000]
[44.7892,227.0406,0.3805,59.1022,0.1257,36.6500]
[44.7892,225.8385,0.3491,58.6826,0.1298,36.6900]
[44.7892,224.8798,0.2912,58.3497,0.0832,36.7100]
[44.7892,223.7789,0.2141,57.9850,0.0875,36.7300]
[44.7892,222.8820,0.2707,57.6660,0.0984,36.6700]
[44.7892,221.6600,0.3769,57.2398,0.1189,36.6800]
[44.7892,220.7491,0.3082,56.9493,0.0859,36.6300]
[44.7892,219.7795,0.3049,56.6026,0.1039,36.5500]
[44.7892,53.9895,0.0584,212.9913,0.2630,36.4100]
[44.7892,53.8090,0.0578,212.0442,0.2792,36.4000]
[44.7892,53.6393,0.0489,211.0454,0.2387,36.4300]
[44.7892,53.5106,0.0436,210.1336,0.2701,36.4700]
[44.7892,53.3127,0.0670,209.0165,0.3342,36.4800]
[44.7892,53.1490,0.0502,208.0242,0.2694,36.5200]
[44.7892,52.9640,0.0576,206.9176,0.2566,36.6200]
[44.7892,52.8290,0.0502,206.0743,0.2641,36.7100]
[44.7892,52.6937,0.0440,205.2574,0.2210,36.7500]
[44.7892,52.5843,0.0327,204.4640,0.2571,36.7800]
[44.6931,212.4784,0.1504,53.1787,0.0630,36.8300]
[44.6931,212.1423,0.1629,53.0145,0.0596,36.8600]
[44.6931,212.0732,0.1638,52.9010,0.0468,36.8400]
[44.6931,211.8781,0.1798,52.7612,0.0605,36.8500]
[44.6931,211.6763,0.1987,52.6200,0.0614,36.8200]
[44.6931,211.5226,0.1787,52.4691,0.0636,36.8700]
[44.6931,211.6741,0.1250,52.4196,0.0334,36.9000]
[44.6931,211.6577,0.1347,52.3379,0.0634,36.9100]
[44.6931,211.6400,0.2131,52.2020,0.0564,36.9700]
[44.6931,211.6295,0.1837,52.1113,0.0560,37.0300]
[44.6931,52.0862,0.0401,198.4111,0.1166,37.1300]
[44.6931,52.1268,0.0601,198.1840,0.0766,37.1800]
[44.6931,52.1905,0.0637,198.0845,0.1888,37.2000]
[44.6931,52.2636,0.0676,198.0026,0.2046,37.2600]
[44.6931,52.3712,0.0749,197.9650,0.1656,37.3200]
[44.6931,52.4845,0.0498,198.0164,0.1519,37.3400]
[44.6931,52.6037,0.0706,198.0368,0.2052,37.3100]
[44.6931,52.7184,0.0726,198.1111,0.1854,37.3900]
[44.6931,52.8410,0.0586,198.2812,0.1870,37.4400]
[44.6931,52.9759,0.0453,198.3730,0.1601,37.4700]
[44.5998,215.9208,0.2556,51.8969,0.0609,37.4200]
[44.5998,216.5228,0.2094,51.9203,0.0564,37.3900]
[44.5998,217.3033,0.2350,52.0360,0.0717,37.4300]
[44.5998,217.9150,0.3069,52.1206,0.0705,37.4000]
[44.5998,218.7891,0.2334,52.2297,0.0496,37.4600]
[44.5998,219.5934,0.2847,52.3279,0.0648,37.5100]
[44.5998,220.4963,0.2980,52.4622,0.0628,37.5700]
[44.5998,221.5923,0.2949,52.6331,0.0577,37.4900]
[44.5998,222.5562,0.3125,52.7957,0.0569,37.5200]
[44.5998,223.5548,0.3508,52.9547,0.0661,37.4900]
[44.5998,55.6491,0.0758,204.0157,0.1975,37.5300]
[44.5998,55.9121,0.0880,204.6164,0.2424,37.5700]
[44.5998,56.2009,0.0929,205.3649,0.1822,37.6000]
[44.5998,56.5685,0.1261,206.2376,0.3134,37.5900]
[44.5998,56.8621,0.1178,206.8752,0.3741,37.5900]
[44.5998,57.2222,0.1003,207.8170,0.2497,37.5400]
[44.5998,57.5813,0.1072,208.7161,0.3059,37.5200]
[44.5998,57.9983,0.1485,209.8096,0.4218,37.4200]
[44.5998,58.3379,0.0878,210.6412,0.2581,37.4600]
[44.5998,58.7073,0.1071,211.6407,0.3065,37.4100]
[44.5065,240.5028,0.4028,55.9381,0.0753,37.3900]
[44.5065,241.6378,0.2002,56.1498,0.0412,37.3800]
[44.5065,243.3410,0.4317,56.4783,0.0893,37.2900]
[44.5065,244.8049,0.6056,56.7652,0.1283,37.2900]
[44.5065,246.6096,0.5373,57.0988,0.0964,37.2700]
[44.5065,248.4271,0.4926,57.4480,0.0790,37.3300]
[44.5065,250.1065,0.5182,57.7495,0.1078,37.3400]
[44.5065,252.0622,0.5195,58.1540,0.1157,37.3000]
[44.5065,253.5664,0.4221,58.5004,0.0965,37.2700]
[44.5065,255.0778,0.4768,58.8342,0.1182,37.2800]
[44.5065,63.5270,0.0818,227.1298,0.3853,37.2400]
[44.5065,63.9103,0.0988,228.7010,0.4324,37.2800]
[44.5065,64.2261,0.1115,230.4268,0.4704,37.2800]
[44.5065,64.4806,0.1074,231.9732,0.5245,37.2500]
[44.5065,64.7155,0.1055,233.5784,0.5216,37.2600]
[44.5065,64.9241,0.0789,235.1150,0.4692,37.2700]
[44.5065,65.1362,0.0772,236.8436,0.4493,37.3200]
[44.5065,65.3289,0.0594,238.4939,0.3869,37.3500]
[44.5065,65.4757,0.0525,240.1611,0.4374,37.4000]
[44.5065,65.5566,0.0647,241.4245,0.3374,37.4400]
[44.4132,265.7935,0.2505,63.7551,0.0909,37.4400]
[44.4132,265.5829,0.2138,63.9773,0.0607,37.4500]
[44.4132,265.5360,0.1635,64.1754,0.0767,37.4500]
[44.4132,265.4930,0.2738,64.4485,0.0835,37.3800]
[44.4132,265.3636,0.2135,64.6485,0.0774,37.4400]
[44.4132,265.6437,0.2533,64.9182,0.0727,37.3500]
[44.4132,265.4533,0.1534,65.0600,0.0463,37.2700]
[44.4132,265.5353,0.2222,65.1886,0.0772,37.2200]
[44.4132,265.1976,0.2371,65.2460,0.0517,37.1800]
[44.4132,265.1748,0.2012,65.3260,0.0609,37.2000]
[44.4132,65.5308,0.0322,249.7807,0.1563,37.0900]
[44.4132,65.5673,0.0588,249.8930,0.1675,37.0100]
[44.4132,65.5491,0.0420,249.7768,0.1123,36.8900]
[44.4132,65.5219,0.0324,249.6650,0.1457,36.8300]
[44.4132,65.5140,0.0412,249.5984,0.1387,36.6900]
[44.4132,65.4972,0.0528,249.5085,0.1256,36.5900]
[44.4132,65.4799,0.0475,249.4352,0.1098,36.5200]
[44.4132,65.4647,0.0416,249.4196,0.1285,36.4800]
[44.4132,65.4311,0.0389,249.2126,0.1213,36.3600]
[44.4132,65.4336,0.0521,249.2834,0.1530,36.3400]
[44.3198,265.2057,0.1473,65.3079,0.0523,36.3200]
[44.3198,265.1269,0.2057,65.2715,0.0484,36.3400]
[44.3198,265.0287,0.1638,65.2583,0.0285,36.3400]
[44.3198,265.2271,0.2063,65.2826,0.0527,36.3700]
[44.3198,265.2598,0.1461,65.3091,0.0438,36.3900]
[44.3198,265.2636,0.3182,65.3090,0.0599,36.4400]
[44.3198,265.3246,0.1508,65.3049,0.0482,36.4700]
[44.3198,265.2924,0.1397,65.3286,0.0533,36.4900]
[44.3198,265.4147,0.1417,65.3019,0.0442,36.5000]
[44.3198,265.3862,0.1154,65.3142,0.0513,36.5600]
[44.3198,65.3949,0.0285,249.7916,0.1349,36.6200]
[44.3198,65.4204,0.0541,249.9128,0.2121,36.6200]
[44.3198,65.3837,0.0607,249.7473,0.2151,36.6000]
[44.3198,65.3556,0.0634,249.7126,0.1830,36.6300]
[44.3198,65.3299,0.0581,249.5887,0.1432,36.6100]
[44.3198,65.2580,0.0567,249.3492,0.1532,36.5900]
[44.3198,65.2616,0.0609,249.4062,0.2204,36.5800]
[44.3198,65.2894,0.0526,249.5771,0.1818,36.6600]
[44.3198,65.2381,0.0424,249.4044,0.1519,36.6500]
[44.3198,65.2340,0.0568,249.3293,0.1320,36.6500]
[44.2264,264.7232,0.1895,65.4294,0.0475,36.6400]
[44.2264,264.4489,0.1899,65.3583,0.0440,36.5900]
[44.2264,264.5160,0.1497,65.3513,0.0448,36.5700]
[44.2264,264.5186,0.1216,65.3668,0.0378,36.5400]
[44.2264,264.6059,0.1834,65.3919,0.0695,36.5400]
[44.2264,264.6563,0.0984,65.4130,0.0312,36.4900]
[44.2264,264.6638,0.1613,65.3888,0.0452,36.4400]
[44.2264,264.7387,0.1403,65.4138,0.0381,36.3900]
[44.2264,264.3525,0.1146,65.2992,0.0299,36.3900]
[44.2264,264.2396,0.1534,65.2951,0.0351,36.3900]
[44.2264,65.3244,0.0545,248.9324,0.1108,36.2600]
[44.2264,65.1181,0.0610,248.6872,0.1908,36.2100]
[44.2264,64.9263,0.0545,248.4728,0.1506,36.2000]
[44.2264,64.7347,0.0801,248.3330,0.2218,36.2800]
[44.2264,64.4816,0.0763,248.0860,0.1445,36.3000]
[44.2264,64.2082,0.0746,248.1324,0.1299,36.2300]
[44.2264,63.9987,0.0905,248.0921,0.2050,36.2200]
[44.2264,63.6525,0.0535,247.8873,0.1166,36.1800]
[44.2264,63.3344,0.0929,247.5770,0.1862,36.1100]
[44.2264,63.0306,0.0850,247.2887,0.1210,36.1100]
[44.1330,251.7137,0.4115,64.5820,0.0688,36.0700]
[44.1330,250.0725,0.4352,64.4440,0.0555,36.0200]
[44.1330,248.3031,0.4015,64.2387,0.0608,36.0400]
[44.1330,246.7897,0.5034,64.0706,0.0663,36.0600]
[44.1330,245.2032,0.3538,63.8877,0.0448,36.0300]
[44.1330,243.3970,0.4611,63.6009,0.0797,36.0300]
[44.1330,241.8277,0.3777,63.3445,0.0714,36.0100]
[44.1330,240.4480,0.4765,63.0878,0.0951,36.0800]
[44.1330,238.9589,0.4528,62.7540,0.1032,36.0800]
[44.1330,237.1605,0.4505,62.3179,0.1062,36.0800]
[44.1330,58.1093,0.0960,235.5912,0.4289,36.1300]
[44.1330,57.7493,0.1034,233.9899,0.4748,36.1600]
[44.1330,57.3920,0.1074,232.3787,0.4649,36.1200]
[44.1330,57.0680,0.1148,230.7163,0.5143,36.1000]
[44.1330,56.7446,0.0839,229.1012,0.4138,36.0500]
[44.1330,56.4028,0.0642,227.4467,0.3068,36.0500]
[44.1330,56.1257,0.0763,226.1470,0.3680,36.1100]
[44.1330,55.7792,0.0998,224.5024,0.4394,36.2000]
[44.1330,55.4397,0.0673,222.9148,0.3393,36.2700]
[44.1330,55.1156,0.0679,221.3886,0.2860,36.3200]
[44.0395,221.4541,0.2989,57.3657,0.1240,36.4200]
[44.0395,220.4817,0.2535,57.0010,0.0866,36.4600]
[44.0395,219.5186,0.3161,56.6834,0.1009,36.5000]
[44.0395,218.7167,0.2162,56.3651,0.0902,36.5700]
[44.0395,217.8702,0.2954,56.0466,0.0929,36.5800]
[44.0395,217.2466,0.2344,55.7926,0.1023,36.6100]
[44.0395,216.2902,0.2681,55.4537,0.0830,36.5700]
[44.0395,215.5885,0.2133,55.1933,0.0855,36.5000]
[44.0395,214.8939,0.2630,54.9354,0.0897,36.4900]
[44.0395,214.3292,0.2111,54.6513,0.0760,36.4900]
[44.0395,52.3193,0.0521,207.3562,0.1970,36.4700]
[44.0395,52.1556,0.0491,206.3654,0.2208,36.4700]
[44.0395,52.0532,0.0514,205.6314,0.2389,36.4800]
[44.0395,51.8789,0.0441,204.7036,0.2585,36.5200]
[44.0395,51.7688,0.0380,203.9798,0.2007,36.5400]
[44.0395,51.6432,0.0427,203.1884,0.1647,36.6000]
[44.0395,51.4993,0.0370,202.3027,0.2136,36.5700]
[44.0395,51.4328,0.0533,201.7435,0.2952,36.5000]
[44.0395,51.3313,0.0604,201.0512,0.2536,36.5100]
[44.0395,51.2555,0.0384,200.4819,0.1564,36.5600]
[43.9460,208.2932,0.1844,52.0269,0.0582,36.5300]
[43.9460,208.1795,0.0919,51.8765,0.0261,36.4900]
[43.9460,208.1031,0.1242,51.7552,0.0354,36.4800]
[43.9460,208.2208,0.1103,51.6853,0.0427,36.5100]
[43.9460,208.1767,0.1530,51.5702,0.0553,36.5400]
[43.9460,208.1801,0.2139,51.4745,0.0397,36.5600]
[43.9460,208.4683,0.1359,51.4606,0.0372,36.5700]
[43.9460,208.2464,0.1408,51.2853,0.0461,36.6300]
[43.9460,208.5371,0.1706,51.2492,0.0382,36.7100]
[43.9460,208.8153,0.2655,51.2104,0.0349,36.7400]
[43.9460,51.5337,0.0545,197.4035,0.2058,36.7300]
[43.9460,51.5359,0.0580,197.0550,0.1894,36.7600]
[43.9460,51.6025,0.0480,196.9956,0.1615,36.7000]
[43.9460,51.6799,0.0599,196.9552,0.1443,36.6400]
[43.9460,51.7535,0.0360,196.9435,0.1036,36.6600]
[43.9460,51.8520,0.0512,196.9923,0.1462,36.6800]
[43.9460,51.9791,0.0635,197.0624,0.1308,36.6800]
[43.9460,52.1223,0.0615,197.2225,0.1805,36.7100]
[43.9460,52.3346,0.0726,197.7003,0.1211,36.7700]
[43.9460,52.4672,0.0597,197.9176,0.1338,36.7900]
[43.8525,215.4895,0.2464,51.5651,0.0412,36.6300]
[43.8525,216.2559,0.3034,51.6632,0.0603,36.5500]
[43.8525,216.9951,0.2775,51.7495,0.0549,36.5000]
[43.8525,217.5492,0.1840,51.7994,0.0330,36.4900]
[43.8525,218.5094,0.2978,51.9316,0.0596,36.5400]
[43.8525,219.4205,0.1698,52.0503,0.0336,36.5600]
[43.8525,220.3118,0.2393,52.1875,0.0454,36.5800]
[43.8525,221.1894,0.2488,52.3322,0.0557,36.5800]
[43.8525,222.3476,0.2832,52.5190,0.0649,36.5800]
[43.8525,223.3461,0.3340,52.6881,0.0609,36.5500]
[43.8525,55.3408,0.0798,203.7908,0.2111,36.4900]
[43.8525,55.6503,0.0809,204.5953,0.1858,36.4500]
[43.8525,55.9493,0.1246,205.3605,0.3561,36.4200]
[43.8525,56.3355,0.0848,206.3734,0.2257,36.4200]
[43.8525,56.6583,0.0977,207.2068,0.2654,36.4400]
[43.8525,56.9245,0.1138,207.9283,0.3150,36.4800]
[43.8525,57.3219,0.0936,208.9532,0.2449,36.4500]
[43.8525,57.6011,0.0932,209.6988,0.2239,36.4400]
[43.8525,57.9603,0.0746,210.6348,0.2461,36.4600]
[43.8525,58.3151,0.1118,211.6781,0.3313,36.4700]
[43.7590,235.2041,0.2976,54.7513,0.0602,36.4500]
[43.7590,236.5448,0.4483,55.0050,0.0897,36.4200]
[43.7590,238.1704,0.4088,55.3280,0.0941,36.4700]
[43.7590,239.9337,0.5069,55.6503,0.1096,36.5400]
[43.7590,241.6178,0.3894,56.0041,0.0815,36.6000]
[43.7590,243.1302,0.3127,56.3641,0.0923,36.6000]
[43.7590,244.5562,0.3374,56.7178,0.0971,36.6300]
[43.7590,245.7449,0.3832,57.0745,0.1253,36.6100]
[43.7590,247.1687,0.3052,57.4742,0.0976,36.6800]
[43.7590,248.1917,0.2588,57.8378,0.0972,36.6600]
[43.7590,60.9473,0.0648,226.2893,0.3934,36.6200]
[43.7590,61.1493,0.0629,227.8361,0.3136,36.5800]
[43.7590,61.3269,0.0800,229.2191,0.3616,36.5700]
[43.7590,61.3837,0.0605,230.2189,0.4039,36.5600]
[43.7590,61.5661,0.0637,231.6850,0.3702,36.5800]
[43.7590,61.6561,0.0613,232.8970,0.3351,36.5900]
[43.7590,61.7379,0.0345,234.0212,0.3203,36.6000]
[43.7590,61.8201,0.0764,235.1577,0.3758,36.6100]
[43.7590,61.8390,0.0505,236.1081,0.3257,36.5900]
[43.7590,61.8244,0.0697,236.9111,0.2154,36.6100]
[43.6654,253.5636,0.1862,61.5410,0.0523,36.6500]
[43.6654,253.2296,0.1871,61.5991,0.0647,36.6600]
[43.6654,253.2923,0.2035,61.7233,0.0669,36.6800]
[43.6654,253.2007,0.1819,61.7986,0.0521,36.6700]
[43.6654,253.1048,0.2267,61.8392,0.0684,36.6700]
[43.6654,253.0767,0.2028,61.8257,0.0385,36.7100]
[43.6654,253.1378,0.2291,61.8599,0.0479,36.7500]
[43.6654,253.1508,0.2545,61.8643,0.0717,36.8000]
[43.6654,253.0435,0.1723,61.8095,0.0667,36.8200]
[43.6654,253.0037,0.2165,61.8055,0.0414,36.8900]
[43.6654,61.4333,0.0613,239.8703,0.1475,37.0100]
[43.6654,61.3918,0.0366,239.6848,0.1604,37.0800]
[43.6654,61.4050,0.0563,239.8674,0.2023,37.1600]
[43.6654,61.4022,0.0492,239.8842,0.2392,37.2200]
[43.6654,61.3823,0.0467,239.7091,0.1422,37.2700]
[43.6654,61.3624,0.0422,239.7424,0.1836,37.3200]
[43.6654,61.2940,0.0531,239.5064,0.2403,37.3700]
[43.6654,61.3433,0.0659,239.7642,0.2299,37.4100]
[43.6654,61.3759,0.0595,239.8435,0.2052,37.4400]
[43.6654,61.3425,0.0518,239.6976,0.2110,37.4200]
[43.5718,253.3976,0.2682,61.7108,0.0779,37.5100]
[43.5718,253.4566,0.2232,61.7401,0.0510,37.5200]
[43.5718,253.3162,0.1706,61.7071,0.0469,37.5000]
[43.5718,253.2531,0.2116,61.6759,0.0543,37.4700]
[43.5718,253.0656,0.2689,61.6242,0.0786,37.4700]
[43.5718,253.0241,0.2852,61.5875,0.0711,37.4500]
[43.5718,253.1328,0.2595,61.5975,0.0883,37.4600]
[43.5718,252.7122,0.2098,61.5029,0.0579,37.4400]
[43.5718,252.7773,0.2032,61.5457,0.0609,37.4300]
[43.5718,252.5141,0.2350,61.4572,0.0626,37.4500]
[43.5718,61.1264,0.0519,239.1035,0.1962,37.4300]
[43.5718,61.1149,0.0630,238.9956,0.2068,37.4200]
[43.5718,61.0572,0.0642,238.9278,0.2034,37.3900]
[43.5718,61.0845,0.0513,239.0146,0.2275,37.4100]
[43.5718,61.0425,0.0706,238.8360,0.2342,37.4300]
[43.5718,61.0069,0.0546,238.6660,0.1936,37.4100]
[43.5718,60.9968,0.0645,238.6748,0.2562,37.4000]
[43.5718,60.9372,0.0883,238.5365,0.3563,37.3900]
[43.5718,60.9580,0.0616,238.5715,0.2871,37.3700]
[43.5718,60.9211,0.0705,238.4289,0.2484,37.4300]
[43.4781,252.1237,0.2013,61.1391,0.0556,37.5600]
[43.4781,252.0586,0.2218,61.1190,0.0517,37.6300]
[43.4781,251.9800,0.1816,61.0661,0.0671,37.6600]
[43.4781,251.8615,0.2557,61.0587,0.0671,37.6700]
[43.4781,251.9068,0.2025,61.0689,0.0504,37.7300]
[43.4781,252.0301,0.3739,61.0783,0.0758,37.7800]
[43.4781,251.8669,0.2552,61.0371,0.0518,37.8200]
[43.4781,252.1353,0.2399,61.0989,0.0729,37.8500]
[43.4781,251.8573,0.2363,61.0280,0.0625,37.8700]
[43.4781,251.6846,0.3030,60.9811,0.0712,37.8500]
[43.4781,60.6830,0.0662,237.6608,0.2955,37.9000]
[43.4781,60.6737,0.0636,237.6982,0.2425,37.9400]
[43.4781,60.6769,0.0458,237.7064,0.2159,37.9600]
[43.4781,60.7325,0.0562,237.8920,0.1663,37.9400]
[43.4781,60.7697,0.0606,238.1466,0.2197,37.9100]
[43.4781,60.7298,0.0595,237.9726,0.2074,37.7700]
[43.4781,60.6979,0.0470,237.9280,0.1264,37.7500]
[43.4781,60.6757,0.0739,237.8522,0.2089,37.6900]
[43.4781,60.6971,0.0450,238.0000,0.1776,37.6500]
[43.4781,60.6513,0.0507,237.7961,0.1711,37.6300]
[43.3844,251.0925,0.1358,60.8510,0.0432,37.5300]
[43.3844,251.0115,0.1891,60.8570,0.0374,37.5000]
[43.3844,250.9883,0.1555,60.8320,0.0547,37.4500]
[43.3844,250.8052,0.2230,60.8023,0.0649,37.4000]
[43.3844,250.8303,0.2094,60.8097,0.0441,37.4300]
[43.3844,250.9642,0.2134,60.8106,0.0471,37.3800]
[43.3844,250.7802,0.1376,60.7878,0.0570,37.3600]
[43.3844,250.6557,0.1951,60.7498,0.0610,37.2900]
[43.3844,250.5158,0.1776,60.7169,0.0435,37.3300]
[43.3844,250.5488,0.2560,60.7075,0.0602,37.3700]
[43.3844,60.4705,0.0500,237.2025,0.1459,37.4600]
[43.3844,60.4226,0.0792,237.1096,0.2422,37.5000]
[43.3844,60.4120,0.0522,237.1284,0.1374,37.5600]
[43.3844,60.4104,0.0710,237.1102,0.2728,37.5000]
[43.3844,60.3364,0.0702,236.9036,0.1918,37.5500]
[43.3844,60.3650,0.0597,237.0118,0.2370,37.5700]
[43.3844,60.3133,0.0646,236.7528,0.1444,37.5800]
[43.3844,60.3270,0.0485,236.8530,0.1732,37.6000]
[43.3844,60.3415,0.0565,236.8961,0.1892,37.6000]
[43.3844,60.3600,0.0493,237.0470,0.2516,37.6100]
[43.2907,250.3044,0.1718,60.2310,0.0598,37.6100]
[43.2907,250.3053,0.3363,60.2169,0.0851,37.6400]
[43.2907,250.2149,0.1968,60.1842,0.0440,37.6500]
[43.2907,250.2646,0.1881,60.1746,0.0607,37.6800]
[43.2907,250.4131,0.1379,60.2014,0.0369,37.7000]
[43.2907,250.4063,0.1487,60.2075,0.0514,37.7500]
[43.2907,250.2635,0.1378,60.1678,0.0433,37.7800]
[43.2907,250.2067,0.2226,60.1699,0.0600,37.7600]
[43.2907,250.3911,0.1951,60.2054,0.0637,37.7100]
[43.2907,250.2408,0.1071,60.1302,0.0439,37.6500]
[43.2907,60.0605,0.0316,236.9220,0.1495,37.4900]
[43.2907,60.0532,0.0524,236.9053,0.1850,37.3900]
[43.2907,60.0763,0.0488,236.9682,0.1698,37.3400]
[43.2907,60.0523,0.0504,236.8711,0.1523,37.2500]
[43.2907,60.0815,0.0535,236.9329,0.1978,37.1800]
[43.2907,60.0366,0.0438,236.8490,0.1514,37.1200]
[43.2907,59.9606,0.0551,236.6247,0.2129,37.1200]
[43.2907,59.9392,0.0550,236.5191,0.1158,37.0700]
[43.2907,59.9168,0.0649,236.4384,0.2248,37.0200]
[43.2907,59.8999,0.0494,236.4003,0.1436,37.0300]
[43.1941,249.5753,0.1410,59.6564,0.0471,37.0700]
[43.1941,249.5472,0.1648,59.6595,0.0635,37.0900]
[43.1941,249.4869,0.1967,59.6558,0.0568,37.1000]
[43.1941,249.2266,0.2285,59.5534,0.0664,37.1200]
[43.1941,249.0973,0.1787,59.5524,0.0565,37.1500]
[43.1941,248.9930,0.1561,59.5222,0.0707,37.2400]
[43.1941,248.9601,0.1956,59.5014,0.0508,37.3100]
[43.1941,248.9604,0.2214,59.4950,0.0435,37.3300]
[43.1941,248.8087,0.1795,59.4317,0.0567,37.2800]
[43.1941,248.7667,0.2109,59.4258,0.0586,37.2500]
[43.1941,59.7125,0.0641,234.8065,0.1707,37.3400]
[43.1941,59.6712,0.0543,234.6137,0.1985,37.3500]
[43.1941,59.6291,0.0728,234.5666,0.1822,37.3100]
[43.1941,59.6531,0.0576,234.6476,0.1925,37.3600]
[43.1941,59.6596,0.0522,234.5598,0.2092,37.3800]
[43.1941,59.6377,0.0475,234.6225,0.1814,37.4400]
[43.1941,59.5748,0.0578,234.4500,0.2499,37.5000]
[43.1941,59.5540,0.0647,234.3972,0.1726,37.5600]
[43.1941,59.5375,0.0585,234.3396,0.1599,37.5100]
[43.1941,59.5274,0.0674,234.2448,0.2157,37.5600]
[43.1003,247.0635,0.1738,59.3242,0.0765,37.5700]
[43.1003,247.0731,0.2871,59.3062,0.0849,37.6200]
[43.1003,246.8431,0.2132,59.2629,0.0648,37.6600]
[43.1003,246.7886,0.2216,59.2535,0.0716,37.6300]
[43.1003,246.6423,0.1735,59.1932,0.0615,37.5800]
[43.1003,246.5409,0.2190,59.1641,0.0705,37.6300]
[43.1003,246.3160,0.1862,59.0901,0.0382,37.6400]
[43.1003,246.1994,0.2012,59.0679,0.0791,37.6800]
[43.1003,246.0488,0.1368,59.0292,0.0444,37.7200]
[43.1003,246.0126,0.2067,58.9927,0.0541,37.7200]
[43.1003,59.1951,0.0472,233.0797,0.1357,37.7200]
[43.1003,59.1357,0.0629,232.9403,0.1623,37.7600]
[43.1003,59.1882,0.0399,233.0898,0.1782,37.8000]
[43.1003,59.1621,0.0621,233.0483,0.2035,37.8500]
[43.1003,59.1949,0.0717,233.1124,0.2258,37.8900]
[43.1003,59.2050,0.0577,233.1535,0.1632,37.8500]
[43.1003,59.1685,0.0603,233.0492,0.2710,37.8300]
[43.1003,59.1441,0.0519,233.0712,0.1443,37.7700]
[43.1003,59.1403,0.0526,233.0566,0.1454,37.7800]
[43.1003,59.1023,0.0684,232.8839,0.2084,37.7900]
[43.0065,245.7249,0.2735,58.8755,0.0772,37.7500]
[43.0065,245.4649,0.2516,58.8020,0.0628,37.7600]
[43.0065,245.1847,0.1758,58.8027,0.0741,37.8000]
[43.0065,244.7739,0.2375,58.7700,0.0600,37.8100]
[43.0065,244.3698,0.2115,58.7634,0.0527,37.7400]
[43.0065,243.9227,0.2634,58.7941,0.0762,37.7800]
[43.0065,243.2732,0.2428,58.7953,0.0933,37.8000]
[43.0065,242.4254,0.2935,58.8049,0.0561,37.7600]
[43.0065,241.6319,0.2986,58.8151,0.0805,37.7300]
[43.0065,240.7064,0.3253,58.7951,0.0485,37.7000]
[43.0065,57.0945,0.1028,232.3028,0.3120,37.7000]
[43.0065,56.7399,0.0774,231.7293,0.2238,37.7500]
[43.0065,56.4889,0.0982,231.2000,0.3040,37.7900]
[43.0065,56.1255,0.0757,230.4449,0.1555,37.8100]
[43.0065,55.7592,0.0611,229.6273,0.1725,37.7500]
[43.0065,55.4441,0.1072,228.9053,0.3321,37.7100]
[43.0065,55.1100,0.1131,228.0387,0.3287,37.6900]
[43.0065,54.7137,0.1081,226.9788,0.2864,37.6900]
[43.0065,54.3236,0.1160,225.8905,0.4145,37.6900]
[43.0065,53.9645,0.1168,224.7589,0.4093,37.7100]
[42.9127,222.5534,0.3249,54.8060,0.0819,37.7000]
[42.9127,221.1650,0.2643,54.4639,0.1155,37.7100]
[42.9127,219.9971,0.4077,54.1055,0.1376,37.7300]
[42.9127,218.7737,0.3703,53.7735,0.1156,37.7400]
[42.9127,217.4490,0.4348,53.3617,0.1277,37.7700]
[42.9127,216.2176,0.2971,52.9892,0.0869,37.7800]
[42.9127,215.0811,0.3073,52.6607,0.1006,37.7600]
[42.9127,214.0043,0.2302,52.3290,0.0896,37.7700]
[42.9127,212.9419,0.3467,52.0025,0.1196,37.7100]
[42.9127,211.8179,0.3028,51.6915,0.0974,37.7000]
[42.9127,50.3859,0.0972,207.6461,0.3345,37.6100]
[42.9127,50.1270,0.1206,206.4707,0.4453,37.6600]
[42.9127,49.8703,0.1034,205.3336,0.3970,37.6700]
[42.9127,49.6723,0.1330,204.3339,0.4999,37.7000]
[42.9127,49.4136,0.1175,203.0593,0.4438,37.6500]
[42.9127,49.2242,0.0955,202.1164,0.3203,37.6200]
[42.9127,49.0601,0.0795,201.2412,0.2913,37.6200]
[42.9127,48.8533,0.1198,200.3532,0.3427,37.6600]
[42.9127,48.6903,0.1045,199.4192,0.3102,37.6200]
[42.9127,48.5200,0.1018,198.5425,0.2859,37.6300]
[42.8188,201.7415,0.3204,49.7923,0.0938,37.5500]
[42.8188,201.0467,0.2335,49.5373,0.1146,37.4800]
[42.8188,200.6587,0.2278,49.3702,0.1094,37.3500]
[42.8188,200.1920,0.1982,49.1856,0.0869,37.3300]
[42.8188,199.5494,0.2478,48.9584,0.0826,37.2800]
[42.8188,199.2458,0.2733,48.8174,0.0967,37.2700]
[42.8188,198.8366,0.2340,48.6369,0.0985,37.2200]
[42.8188,198.6401,0.1564,48.5230,0.0761,37.1800]
[42.8188,198.4214,0.1620,48.4123,0.0792,37.1100]
[42.8188,198.1359,0.2961,48.2727,0.1026,37.1600]
[42.8188,47.5014,0.0684,190.9609,0.1973,37.1200]
[42.8188,47.4658,0.0935,190.6079,0.2259,37.0600]
[42.8188,47.4657,0.0644,190.3552,0.2230,37.0600]
[42.8188,47.4495,0.0645,190.0144,0.2777,37.0400]
[42.8188,47.4001,0.0738,189.5620,0.2553,37.0500]
[42.8188,47.3705,0.0681,189.2725,0.1986,37.0700]
[42.8188,47.3661,0.0467,189.0030,0.1615,37.0900]
[42.8188,47.3656,0.0770,188.7579,0.1850,37.1300]
[42.8188,47.4003,0.0587,188.6170,0.2173,37.1300]
[42.8188,47.4118,0.0862,188.4172,0.2673,37.2000]
[42.7250,197.9570,0.1773,47.0898,0.0835,37.2900]
[42.7250,198.1336,0.1836,47.0698,0.0549,37.3400]
[42.7250,198.3371,0.2355,47.0403,0.0656,37.3900]
[42.7250,198.5816,0.1666,47.0292,0.0707,37.4400]
[42.7250,198.6184,0.2093,46.9653,0.0700,37.5000]
[42.7250,199.0181,0.2280,46.9694,0.0966,37.5700]
[42.7250,199.4226,0.2604,46.9852,0.0726,37.6300]
[42.7250,199.9009,0.2408,47.0483,0.0789,37.6100]
[42.7250,200.4560,0.2902,47.0709,0.0767,37.5900]
[42.7250,200.8553,0.2511,47.0964,0.0855,37.6200]
[42.7250,48.3040,0.0768,189.1714,0.2689,37.4400]
[42.7250,48.4138,0.1091,189.3944,0.2877,37.5000]
[42.7250,48.5596,0.0783,189.7506,0.1929,37.5300]
[42.7250,48.7152,0.0842,190.1368,0.2006,37.5600]
[42.7250,48.9072,0.0499,190.6341,0.1464,37.5800]
[42.7250,49.0697,0.0869,191.0625,0.2568,37.5500]
[42.7250,49.2453,0.0643,191.4626,0.1865,37.6000]
[42.7250,49.4119,0.0799,191.9220,0.2558,37.6400]
[42.7250,49.6351,0.0791,192.5723,0.2412,37.6800]
[42.7250,49.8185,0.0888,192.9832,0.2154,37.7100]
[42.6340,210.0682,0.3038,47.9553,0.0731,37.7700]
[42.6340,210.9961,0.3930,48.1017,0.0782,37.7900]
[42.6340,212.1639,0.3191,48.3236,0.0762,37.8100]
[42.6340,213.2743,0.3702,48.5166,0.0884,37.8000]
[42.6340,214.1848,0.2454,48.6866,0.0666,37.7900]
[42.6340,215.1909,0.3745,48.8839,0.0874,37.7600]
[42.6340,216.4366,0.3978,49.0765,0.0770,37.6800]
[42.6340,217.7094,0.3280,49.3247,0.0994,37.7100]
[42.6340,218.8057,0.3113,49.5324,0.0683,37.6900]
[42.6340,219.9174,0.3635,49.7267,0.0918,37.6800]
[42.6340,53.1584,0.0885,202.6940,0.3098,37.6100]
[42.6340,53.4021,0.0768,203.4219,0.2921,37.6300]
[42.6340,53.7561,0.0932,204.4693,0.2602,37.6300]
[42.6340,54.0519,0.0932,205.4133,0.2321,37.6600]
[42.6340,54.4697,0.0818,206.6170,0.2502,37.6200]
[42.6340,54.8364,0.1063,207.7092,0.4221,37.5800]
[42.6340,55.2322,0.1217,208.9249,0.3592,37.4600]
[42.6340,55.5374,0.1005,209.9479,0.3659,37.4800]
[42.6340,55.8467,0.1053,211.1239,0.4014,37.4600]
[42.6340,56.1780,0.0888,212.3738,0.3327,37.4500]
[42.5401,237.5025,0.3734,50.4079,0.1560,37.3300]
[42.5401,238.8197,0.3308,50.6169,0.1031,37.3300]
[42.5401,239.8383,0.3331,50.9446,0.1761,37.2500]
[42.5401,240.8122,0.1709,51.3310,0.0478,37.2500]
[42.5401,241.5686,0.2576,51.5070,0.0681,37.3000]
[42.5401,242.0685,0.2128,51.6882,0.1438,37.3100]
[42.5401,242.9237,0.1511,51.9971,0.0611,37.3600]
[42.5401,243.6998,0.2274,52.2005,0.1351,37.3700]
[42.5401,244.1312,0.2399,52.6567,0.1167,37.3200]
[42.5401,244.6363,0.2635,52.8118,0.1084,37.3700]
[42.5401,58.5255,0.0508,228.3613,0.1965,37.4300]
[42.5401,58.5827,0.0369,229.3285,0.1926,37.3900]
[42.5401,58.5797,0.0744,229.9404,0.2128,37.3700]
[42.5401,58.5578,0.0479,230.6271,0.1184,37.3900]
[42.5401,58.5327,0.0567,231.0816,0.1756,37.3500]
[42.5401,58.5451,0.0399,231.6354,0.1841,37.2700]
[42.5401,58.5372,0.0482,231.8601,0.1891,37.2300]
[42.5401,58.5727,0.0484,232.2817,0.1598,37.1800]
[42.5401,58.5282,0.0430,232.3364,0.0993,37.1800]
[42.5401,58.5471,0.0534,232.4609,0.1636,37.1100]
[42.4490,244.5667,0.1743,51.1154,0.0366,36.9600]
[42.4490,244.4331,0.1396,51.0669,0.0402,36.8200]
[42.4490,244.3431,0.1544,51.0619,0.0426,36.8100]
[42.4490,244.4599,0.1675,51.0617,0.0374,36.7700]
[42.4490,244.2811,0.1763,51.0421,0.0393,36.7900]
[42.4490,244.4427,0.2338,51.0860,0.0484,36.8100]
[42.4490,244.3793,0.1605,51.0507,0.0399,36.8200]
[42.4490,244.4346,0.1764,51.0652,0.0434,36.8600]
[42.4490,244.3800,0.1392,51.0576,0.0422,36.9300]
[42.4490,244.2825,0.1305,51.0482,0.0335,36.9700]
[42.4490,58.3074,0.0501,232.1703,0.1291,37.0500]
[42.4490,58.2913,0.0463,232.0593,0.1700,37.0500]
[42.4490,58.2851,0.0504,232.0608,0.1563,37.0300]
[42.4490,58.2695,0.0511,232.0430,0.1672,37.0600]
[42.4490,58.2259,0.0533,231.9469,0.1636,37.0300]
[42.4490,58.2674,0.0497,232.0372,0.1400,37.0300]
[42.4490,58.2459,0.0480,231.9631,0.2061,37.0400]
[42.4490,58.2496,0.0619,231.9287,0.2366,37.1000]
[42.4490,58.2745,0.0515,232.0386,0.2280,37.1200]
[42.4490,58.2409,0.0685,231.9704,0.1844,37.1700]
[42.3404,240.8947,0.2954,58.5063,0.0549,37.4200]
[42.3404,239.8051,0.3169,58.4159,0.0537,37.5000]
[42.3404,238.5020,0.4526,58.2434,0.1031,37.5800]
[42.3404,237.3974,0.2710,58.1048,0.0669,37.6600]
[42.3404,236.0956,0.4268,57.9584,0.0758,37.7100]
[42.3404,235.0016,0.3487,57.8426,0.0576,37.6700]
[42.3404,233.4615,0.4417,57.5897,0.0879,37.7300]
[42.3404,232.1238,0.4577,57.3707,0.1010,37.7800]
[42.3404,230.6516,0.4016,57.1471,0.0728,37.8100]
[42.3404,228.9392,0.2673,56.8320,0.0675,37.8700]
[42.3404,53.8883,0.1131,220.0831,0.3685,37.9400]
[42.3404,53.5386,0.1209,218.8464,0.3233,37.9700]
[42.3404,53.2176,0.0996,217.5120,0.3553,37.9900]
[42.3404,53.0050,0.0853,216.4014,0.3915,37.9900]
[42.3404,52.6818,0.0989,214.9986,0.3124,37.9800]
[42.3404,52.3736,0.1124,213.5326,0.4100,37.9700]
[42.3404,52.0865,0.0882,212.1603,0.3041,37.9700]
[42.3404,51.7906,0.1091,210.8816,0.3939,37.9100]
[42.3404,51.4761,0.1081,209.4079,0.4229,37.8600]
[42.3404,51.2360,0.0844,208.3112,0.3152,37.8000]
[42.2493,213.8287,0.2835,47.6228,0.0781,37.7000]
[42.2493,213.0609,0.1947,47.3564,0.0748,37.6500]
[42.2493,212.0258,0.2683,47.0557,0.1087,37.6700]
[42.2493,211.1365,0.2295,46.7812,0.0823,37.6700]
[42.2493,210.2691,0.2263,46.5440,0.0802,37.6300]
[42.2493,209.2276,0.2786,46.3129,0.0741,37.5000]
[42.2493,208.4818,0.1708,46.0666,0.0806,37.5200]
[42.2493,207.7726,0.2290,45.8007,0.0940,37.5500]
[42.2493,207.0907,0.2277,45.5887,0.0914,37.5500]
[42.2493,206.3125,0.2023,45.3940,0.0795,37.6100]
[42.2493,48.6136,0.0668,194.9014,0.2011,37.6400]
[42.2493,48.4700,0.0606,194.1485,0.2104,37.6000]
[42.2493,48.2836,0.0881,193.2084,0.3076,37.6000]
[42.2493,48.1180,0.0992,192.4796,0.2728,37.5300]
[42.2493,47.9989,0.0557,191.7119,0.2098,37.5200]
[42.2493,47.9064,0.0575,191.1642,0.1962,37.5300]
[42.2493,47.8105,0.0732,190.5790,0.2569,37.4100]
[42.2493,47.6788,0.0656,189.9456,0.1547,37.4400]
[42.2493,47.5585,0.0766,189.3100,0.2631,37.4700]
[42.2493,47.5381,0.0696,188.9097,0.2923,37.4500]
[42.1553,200.3521,0.2197,41.8311,0.0775,37.4300]
[42.1553,200.0452,0.2415,41.7513,0.0582,37.4100]
[42.1553,199.7600,0.1950,41.6770,0.0642,37.4500]
[42.1553,199.5101,0.3092,41.5885,0.0880,37.5200]
[42.1553,199.1483,0.2698,41.4395,0.0915,37.5700]
[42.1553,199.0891,0.2573,41.4039,0.0727,37.5700]
[42.1553,198.9776,0.2356,41.3437,0.0724,37.5400]
[42.1553,198.7276,0.2121,41.2486,0.0442,37.5000]
[42.1553,198.6636,0.1867,41.1855,0.0576,37.4700]
[42.1553,198.6185,0.2379,41.1500,0.0559,37.4100]
[42.1553,46.9238,0.0723,184.5504,0.2300,37.4100]
[42.1553,46.9246,0.0675,184.3852,0.1297,37.4600]
[42.1553,46.8850,0.0404,184.2024,0.1976,37.5200]
[42.1553,46.9570,0.0447,184.3288,0.1635,37.5200]
[42.1553,46.9714,0.0343,184.1737,0.1232,37.5200]
[42.1553,47.0372,0.0759,184.1879,0.1983,37.5100]
[42.1553,47.0707,0.0665,184.2277,0.1173,37.5000]
[42.1553,47.1084,0.0426,184.2554,0.1113,37.5100]
[42.1553,47.1989,0.0676,184.4642,0.1583,37.5300]
[42.1553,47.2674,0.0595,184.5428,0.1372,37.4700]
[42.0642,201.5597,0.2588,41.4358,0.0631,37.4900]
[42.0642,201.8293,0.2376,41.4599,0.0694,37.5200]
[42.0642,202.1818,0.2167,41.4989,0.0645,37.5600]
[42.0642,202.6771,0.3263,41.5450,0.0763,37.5500]
[42.0642,203.4164,0.2135,41.6528,0.0616,37.5200]
[42.0642,203.8754,0.2365,41.6857,0.0715,37.4800]
[42.0642,204.3533,0.2797,41.7639,0.0719,37.4700]
[42.0642,204.9423,0.2517,41.8365,0.0455,37.5000]
[42.0642,205.4313,0.1683,41.8767,0.0736,37.5600]
[42.0642,206.0455,0.2759,41.9581,0.0758,37.6200]
[42.0642,48.8320,0.0749,187.7571,0.2341,37.7000]
[42.0642,48.9987,0.0770,188.2613,0.1526,37.7200]
[42.0642,49.1839,0.0762,188.7928,0.1639,37.7700]
[42.0642,49.3492,0.0803,189.3633,0.1994,37.8000]
[42.0642,49.6097,0.0954,190.0953,0.2181,37.8100]
[42.0642,49.8522,0.0993,190.7979,0.2669,37.8200]
[42.0642,50.1004,0.0707,191.5096,0.1734,37.8100]
[42.0642,50.2884,0.0623,192.1344,0.1620,37.8000]
[42.0642,50.5185,0.0738,192.8549,0.2723,37.7700]
[42.0642,50.7392,0.0822,193.6076,0.2336,37.7700]
[41.9701,217.4587,0.2581,43.7018,0.0664,37.7800]
[41.9701,218.3994,0.2780,43.8549,0.0768,37.7600]
[41.9701,219.6245,0.3926,44.0205,0.0928,37.7500]
[41.9701,220.9165,0.3603,44.2527,0.0806,37.7600]
[41.9701,222.0071,0.3921,44.4223,0.0910,37.8000]
[41.9701,223.4116,0.3399,44.6585,0.0804,37.8100]
[41.9701,224.5589,0.3354,44.8504,0.0601,37.8700]
[41.9701,225.8606,0.3762,45.0637,0.0837,37.9200]
[41.9701,227.4905,0.4535,45.3209,0.0884,37.9300]
[41.9701,229.1003,0.4164,45.5813,0.0620,37.9400]
[41.9701,54.6091,0.0748,206.3578,0.2713,37.6600]
[41.9701,54.8781,0.1195,207.5242,0.3845,37.6200]
[41.9701,55.2223,0.1279,208.8515,0.4602,37.5600]
[41.9701,55.5220,0.0827,210.0493,0.3530,37.4600]
[41.9701,55.7567,0.0758,211.3961,0.3404,37.4700]
[41.9701,55.9141,0.0669,212.5068,0.3468,37.4800]
[41.9701,56.1822,0.0658,213.9286,0.2419,37.4100]
[41.9701,56.3956,0.0737,215.1817,0.3788,37.3600]
[41.9701,56.5181,0.0570,216.2705,0.3051,37.2700]
[41.9701,56.6916,0.0501,217.4693,0.2588,37.2300]
[41.8789,237.9094,0.1671,48.2468,0.1257,37.0500]
[41.8789,238.1634,0.3024,48.4230,0.1338,37.0000]
[41.8789,238.3652,0.1460,48.5969,0.0787,36.9800]
[41.8789,238.4974,0.1476,48.7371,0.0563,36.9700]
[41.8789,238.6505,0.1606,48.8882,0.0602,36.9300]
[41.8789,238.6488,0.1938,48.9519,0.0625,36.9100]
[41.8789,238.5086,0.1621,48.9851,0.0815,36.8400]
[41.8789,238.3597,0.1069,49.0050,0.0886,36.8100]
[41.8789,238.3063,0.2007,49.0207,0.0932,36.7400]
[41.8789,238.0338,0.2547,49.0042,0.0762,36.7300]
[41.8789,55.2751,0.0493,221.3330,0.1192,36.7000]
[41.8789,55.2450,0.0482,221.1629,0.1773,36.6800]
[41.8789,55.2687,0.0498,221.2419,0.2294,36.6500]
[41.8789,55.2086,0.0578,221.0599,0.1903,36.6000]
[41.8789,55.1350,0.0529,220.7758,0.1674,36.5800]
[41.8789,55.1221,0.0428,220.7754,0.1371,36.6100]
[41.8789,55.1181,0.0661,220.7601,0.1848,36.6500]
[41.8789,55.0760,0.0644,220.6046,0.1212,36.6800]
[41.8789,55.0698,0.0591,220.5832,0.1484,36.7300]
[41.8789,55.0627,0.0491,220.4826,0.1217,36.8000]
[41.7848,236.9705,0.1190,54.2381,0.0396,36.9100]
[41.7848,237.0846,0.1899,54.2594,0.0742,36.9300]
[41.7848,237.1764,0.1275,54.2778,0.0383,36.9100]
[41.7848,237.1163,0.1416,54.2546,0.0608,36.9100]
[41.7848,237.1694,0.1663,54.2799,0.0499,36.8900]
[41.7848,237.3272,0.1999,54.3104,0.0527,36.8500]
[41.7848,237.1700,0.2372,54.2787,0.0539,36.8400]
[41.7848,236.9268,0.1855,54.2007,0.0666,36.9000]
[41.7848,236.9723,0.1327,54.2173,0.0486,36.9100]
[41.7848,237.0587,0.1386,54.2201,0.0459,36.9500]
[41.7848,55.1075,0.0462,220.8397,0.1675,37.0300]
[41.7848,55.0862,0.0709,220.7386,0.2282,36.9700]
[41.7848,55.1550,0.0522,220.9308,0.2728,36.9700]
[41.7848,55.1498,0.0483,220.9305,0.2085,36.9300]
[41.7848,55.1267,0.0301,220.7843,0.1152,36.8800]
[41.7848,55.1348,0.0543,220.7923,0.1600,36.8300]
[41.7848,55.1532,0.0363,220.9648,0.1419,36.7900]
[41.7848,55.1369,0.0553,220.9513,0.1352,36.8200]
[41.7848,55.0804,0.0615,220.7966,0.1319,36.8600]
[41.7848,55.0678,0.0558,220.7345,0.1823,36.8000]
[41.6936,237.0647,0.1502,54.8466,0.0555,36.7900]
[41.6936,236.9777,0.1714,54.8864,0.0526,36.7700]
[41.6936,236.7804,0.1613,54.8325,0.0494,36.7900]
[41.6936,236.7982,0.1429,54.8382,0.0556,36.7900]
[41.6936,236.8862,0.1459,54.8641,0.0513,36.7700]
[41.6936,236.9179,0.1801,54.8844,0.0503,36.7400]
[41.6936,236.6195,0.0914,54.8158,0.0448,36.7000]
[41.6936,236.6314,0.1381,54.8332,0.0392,36.6000]
[41.6936,236.6361,0.1242,54.8338,0.0396,36.4900]
[41.6936,236.4776,0.1120,54.7991,0.0427,36.4300]
[41.6936,55.1885,0.0495,220.9992,0.1098,36.2900]
[41.6936,55.1845,0.0284,221.0104,0.0754,36.2700]
[41.6936,55.1665,0.0409,220.9960,0.0975,36.2800]
[41.6936,55.1534,0.0409,220.9120,0.1058,36.2800]
[41.6936,55.1904,0.0404,220.9812,0.1183,36.2700]
[41.6936,55.1481,0.0273,220.9059,0.0725,36.3000]
[41.6936,55.1411,0.0463,220.8446,0.1616,36.2600]
[41.6936,55.1156,0.0408,220.6307,0.1564,36.2400]
[41.6936,55.1128,0.0403,220.6490,0.0962,36.2600]
[41.6936,55.1244,0.0556,220.6812,0.1096,36.2400]
[41.5994,236.2747,0.1703,54.6458,0.0481,36.1700]
[41.5994,236.1327,0.1454,54.5734,0.0525,36.1300]
[41.5994,236.2075,0.2020,54.5954,0.0442,36.1400]
[41.5994,235.8881,0.1781,54.5414,0.0581,36.1700]
[41.5994,235.7786,0.1724,54.4806,0.0513,36.1900]
[41.5994,235.7718,0.1690,54.4840,0.0466,36.2600]
[41.5994,235.7906,0.1693,54.4842,0.0411,36.3200]
[41.5994,235.6888,0.1329,54.4702,0.0546,36.3800]
[41.5994,235.7288,0.1285,54.4657,0.0447,36.3500]
[41.5994,235.6396,0.1575,54.4418,0.0408,36.3400]
[41.5994,54.8849,0.0633,220.0332,0.2356,36.2600]
[41.5994,54.8758,0.0584,220.2060,0.2160,36.2500]
[41.5994,54.8385,0.0665,220.0268,0.1902,36.2900]
[41.5994,54.8535,0.0599,220.0781,0.1485,36.3700]
[41.5994,54.8770,0.0562,220.1824,0.1256,36.4300]
[41.5994,54.8990,0.0529,220.2509,0.1221,36.4400]
[41.5994,54.9052,0.0390,220.2820,0.1520,36.4800]
[41.5994,54.8803,0.0524,220.1784,0.1412,36.5800]
[41.5994,54.8474,0.0386,220.0703,0.1466,36.5300]
[41.5994,54.8405,0.0491,219.9951,0.1523,36.5400]
[41.5082,235.3234,0.1924,53.2147,0.0425,36.6100]
[41.5082,235.1166,0.1179,53.1264,0.0372,36.6600]
[41.5082,235.0854,0.1180,53.1164,0.0352,36.6400]
[41.5082,234.9837,0.1323,53.1093,0.0212,36.6300]
[41.5082,234.8701,0.1193,53.0771,0.0297,36.5300]
[41.5082,234.8059,0.1312,53.0794,0.0413,36.5100]
[41.5082,234.6407,0.1065,53.0261,0.0294,36.4900]
[41.5082,234.5850,0.1377,53.0190,0.0492,36.4300]
[41.5082,234.5868,0.1788,53.0175,0.0369,36.3900]
[41.5082,234.6000,0.1780,53.0288,0.0432,36.3200]
[41.5082,54.7115,0.0327,217.1695,0.1065,36.2500]
[41.5082,54.6929,0.0473,217.1902,0.1549,36.2300]
[41.5082,54.6801,0.0455,217.1635,0.1720,36.2500]
[41.5082,54.6411,0.0314,217.1493,0.1501,36.2600]
[41.5082,54.5941,0.0444,216.9798,0.1586,36.2400]
[41.5082,54.6183,0.0581,217.1527,0.1990,36.2200]
[41.5082,54.5955,0.0253,217.1128,0.1251,36.2300]
[41.5082,54.6100,0.0356,217.1628,0.1546,36.2400]
[41.5082,54.6014,0.0280,217.1681,0.0960,36.3100]
[41.5082,54.5678,0.0412,217.0779,0.1470,36.3500]
[41.4139,233.4664,0.1593,52.8465,0.0346,36.3500]
[41.4139,233.3779,0.1421,52.8013,0.0397,36.4100]
[41.4139,233.3792,0.1515,52.7911,0.0415,36.4700]
[41.4139,233.4323,0.1442,52.7646,0.0393,36.4900]
[41.4139,233.2590,0.2133,52.7563,0.0484,36.3900]
[41.4139,233.1263,0.1502,52.7310,0.0380,36.3900]
[41.4139,232.7423,0.1738,52.6744,0.0356,36.3700]
[41.4139,232.3860,0.0915,52.6527,0.0374,36.4000]
[41.4139,232.1142,0.1949,52.7087,0.0369,36.3400]
[41.4139,231.4522,0.2033,52.6504,0.0410,36.2800]
[41.4139,53.6733,0.0732,215.8861,0.1589,36.2000]
[41.4139,53.4908,0.0436,215.6205,0.1714,36.1800]
[41.4139,53.2701,0.0752,215.2784,0.2201,36.1600]
[41.4139,53.0597,0.0637,214.8178,0.1478,36.1700]
[41.4139,52.7340,0.0723,213.9760,0.2081,36.1900]
[41.4139,52.4979,0.0532,213.4259,0.1420,36.2400]
[41.4139,52.2385,0.0801,212.7643,0.2518,36.2700]
[41.4139,51.9036,0.0743,211.8531,0.2010,36.2900]
[41.4139,51.6714,0.0495,211.1507,0.1412,36.2700]
[41.4139,51.3644,0.0783,210.3356,0.2200,36.2500]
[41.3197,218.5167,0.4095,51.2743,0.0918,36.2800]
[41.3197,217.0138,0.5061,50.9620,0.1187,36.3500]
[41.3197,215.2745,0.4075,50.5637,0.0974,36.4100]
[41.3197,213.5965,0.4632,50.1878,0.1011,36.3700]
[41.3197,212.5357,0.3987,49.9325,0.0937,36.3600]
[41.3197,211.0723,0.3964,49.5525,0.0876,36.4300]
[41.3197,210.0031,0.3907,49.2495,0.1040,36.3400]
[41.3197,208.5629,0.4565,48.9492,0.0869,36.4100]
[41.3197,207.3244,0.3546,48.6582,0.0839,36.4300]
[41.3197,205.9796,0.3725,48.3690,0.0752,36.4300]
[41.3197,47.0866,0.0863,195.1584,0.2979,36.5100]
[41.3197,46.7946,0.0693,194.1817,0.2453,36.4400]
[41.3197,46.5080,0.0784,192.9863,0.3573,36.4200]
[41.3197,46.2815,0.0672,192.2481,0.2884,36.3100]
[41.3197,46.0033,0.0818,191.4053,0.3623,36.2500]
[41.3197,45.7478,0.0801,190.4921,0.2638,36.1600]
[41.3197,45.4437,0.0724,189.4765,0.3346,36.1300]
[41.3197,45.1416,0.0889,188.4797,0.3343,36.0800]
[41.3197,44.8503,0.0846,187.5057,0.3548,36.0600]
[41.3197,44.6450,0.0835,186.6268,0.2475,36.0100]
[41.2284,191.1115,0.2550,45.7071,0.0557,35.9800]
[41.2284,190.3802,0.1898,45.5566,0.0427,35.9400]
[41.2284,189.5312,0.3073,45.3507,0.0652,35.8900]
[41.2284,188.4754,0.2712,45.1571,0.0623,35.8800]
[41.2284,187.2840,0.2369,44.9160,0.0525,35.8800]
[41.2284,186.2619,0.2671,44.6850,0.0553,35.9200]
[41.2284,185.5992,0.2330,44.5325,0.0606,35.9500]
[41.2284,184.7747,0.2761,44.3768,0.0371,35.9500]
[41.2284,184.3847,0.1728,44.2980,0.0488,35.9000]
[41.2284,183.6918,0.2088,44.1484,0.0380,35.9300]
[41.2284,42.2324,0.0441,177.9820,0.1384,35.9500]
[41.2284,42.0567,0.0530,177.5595,0.1829,35.9300]
[41.2284,41.9067,0.0453,177.0482,0.1226,35.9300]
[41.2284,41.7778,0.0337,176.7114,0.1173,35.9300]
[41.2284,41.6670,0.0365,176.2414,0.1188,35.9700]
[41.2284,41.5854,0.0579,175.8938,0.1759,36.0200]
[41.2284,41.4928,0.0319,175.5894,0.1167,35.9800]
[41.2284,41.4186,0.0605,175.3892,0.1710,35.9800]
[41.2284,41.3078,0.0292,174.9685,0.1301,35.9600]
[41.2284,41.2222,0.0326,174.7347,0.1554,35.9400]
[41.1341,178.0953,0.1419,41.8589,0.0356,35.9600]
[41.1341,177.7881,0.0868,41.7946,0.0630,35.9800]
[41.1341,177.8740,0.1834,41.7974,0.0603,35.9600]
[41.1341,177.8083,0.1476,41.6446,0.0858,35.9700]
[41.1341,177.6390,0.1397,41.6802,0.0513,36.0000]
[41.1341,177.5935,0.1228,41.6565,0.0332,35.9900]
[41.1341,177.9177,0.1649,41.6570,0.0264,36.0100]
[41.1341,178.1568,0.1439,41.6336,0.0331,36.0700]
[41.1341,178.4722,0.1381,41.6782,0.0433,36.0600]
[41.1341,178.7228,0.1435,41.6939,0.0431,36.0500]
[41.1341,41.4846,0.0263,174.5141,0.0814,36.0600]
[41.1341,41.5347,0.0360,174.4210,0.2641,36.0300]
[41.1341,41.5870,0.0500,174.5429,0.2729,36.0200]
[41.1341,41.6427,0.0509,174.6771,0.2162,36.0400]
[41.1341,41.7595,0.0360,175.0116,0.1489,36.0500]
[41.1341,41.8657,0.0365,175.1071,0.1727,36.0500]
[41.1341,41.9891,0.0464,175.3382,0.1348,36.0100]
[41.1341,42.1439,0.0391,175.8129,0.1596,36.0200]
[41.1341,42.2879,0.0673,176.2419,0.2375,36.0400]
[41.1341,42.4179,0.0499,176.4218,0.1861,35.9800]
[41.0398,184.8251,0.1616,42.3129,0.0328,35.9500]
[41.0398,185.5405,0.1831,42.4420,0.0442,35.9600]
[41.0398,186.1831,0.2222,42.5537,0.0382,36.0100]
[41.0398,186.8394,0.2367,42.6124,0.0800,36.0900]
[41.0398,187.6077,0.2880,42.7412,0.0555,36.1400]
[41.0398,188.3749,0.2359,42.9137,0.0814,36.2000]
[41.0398,189.0521,0.3401,43.0451,0.0839,36.2600]
[41.0398,189.9670,0.2363,43.1893,0.0607,36.3100]
[41.0398,190.7406,0.2332,43.3575,0.0550,36.3300]
[41.0398,191.4947,0.2138,43.4913,0.0432,36.3700]
[41.0398,44.5816,0.0525,183.6977,0.2156,36.4700]
[41.0398,44.8098,0.0781,184.5423,0.2532,36.5100]
[41.0398,44.9759,0.0934,185.2753,0.3486,36.5400]
[41.0398,45.1756,0.0530,185.8872,0.2723,36.5200]
[41.0398,45.4024,0.0637,186.7182,0.2706,36.5000]
[41.0398,45.6456,0.0731,187.7177,0.2482,36.4900]
[41.0398,45.8320,0.0728,188.6351,0.2703,36.5200]
[41.0398,46.1017,0.0665,189.7467,0.2151,36.5100]
[41.0398,46.3140,0.0832,190.7039,0.3511,36.5300]
[41.0398,46.5305,0.0658,191.7801,0.3283,36.5300]
[40.9396,221.5096,0.1634,46.1346,0.0792,36.3700]
[40.9396,221.3027,0.1865,46.3005,0.0644,36.4500]
[40.9396,221.1044,0.1121,46.5224,0.0694,36.4700]
[40.9396,220.7797,0.1698,46.7202,0.0800,36.4900]
[40.9396,220.7134,0.1802,46.9041,0.0809,36.4700]
[40.9396,220.4838,0.1896,47.0302,0.0537,36.4500]
[40.9396,220.1295,0.1688,47.1193,0.0550,36.4900]
[40.9396,219.9199,0.1935,47.2151,0.0459,36.5400]
[40.9396,219.7765,0.1372,47.3202,0.0524,36.5200]
[40.9396,219.5247,0.1435,47.4226,0.0546,36.4800]
[40.9396,52.0925,0.0494,209.5343,0.1870,36.4300]
[40.9396,51.9415,0.0506,209.5861,0.1569,36.4100]
[40.9396,51.8663,0.0460,209.6967,0.0868,36.4400]
[40.9396,51.7411,0.0498,209.6497,0.1595,36.4600]
[40.9396,51.5899,0.0708,209.8217,0.1332,36.5000]
[40.9396,51.3856,0.0356,209.7599,0.1703,36.4700]
[40.9396,51.2299,0.0475,209.9024,0.2120,36.4800]
[40.9396,51.0033,0.0487,209.9593,0.1403,36.5300]
[40.9396,50.7512,0.0927,209.9996,0.1796,36.5900]
[40.9396,50.5341,0.0587,210.1162,0.1296,36.6400]
[40.8453,210.3923,0.3159,47.5125,0.0382,36.7300]
[40.8453,209.0142,0.4137,47.4969,0.0542,36.7800]
[40.8453,207.6130,0.3712,47.4211,0.0339,36.7900]
[40.8453,205.9963,0.4109,47.4475,0.0435,36.7800]
[40.8453,203.9431,0.4748,47.4064,0.0435,36.7200]
[40.8453,202.5541,0.3123,47.3908,0.0599,36.7300]
[40.8453,200.6818,0.5651,47.4146,0.0311,36.7600]
[40.8453,199.0078,0.3955,47.3735,0.0498,36.7900]
[40.8453,197.5262,0.2924,47.3509,0.0390,36.8200]
[40.8453,196.2036,0.4641,47.3636,0.0355,36.8100]
[40.8453,46.2515,0.0751,209.6943,0.1455,36.6600]
[40.8453,45.9234,0.1251,209.6637,0.1766,36.5800]
[40.8453,45.4984,0.1239,209.8542,0.1580,36.5100]
[40.8453,45.1106,0.0468,209.8172,0.1754,36.4800]
[40.8453,44.5549,0.7177,208.4404,4.0085,36.4900]
[40.8453,44.4332,0.0828,209.4342,0.1361,36.4900]
[40.8453,44.2050,0.0343,209.0829,0.1725,36.5100]
[40.8453,43.8563,0.1015,208.6718,0.1737,36.5100]
[40.8453,43.6243,0.0645,208.3553,0.2887,36.5500]
[40.8453,43.2597,0.0799,207.7214,0.2353,36.5600]
[40.7539,179.9360,0.4252,46.1610,0.0508,36.5200]
[40.7539,178.6065,0.4775,45.9727,0.0655,36.5000]
[40.7539,177.8536,0.2668,45.7011,0.0791,36.3800]
[40.7539,176.7702,0.2615,45.5283,0.0723,36.3400]
[40.7539,175.5290,0.5290,45.2947,0.1175,36.3000]
[40.7539,174.0407,0.3092,45.0425,0.0682,36.2500]
[40.7539,173.2539,0.4440,44.7936,0.0683,36.2200]
[40.7539,172.7803,0.1689,44.5371,0.0719,36.1800]
[40.7539,172.5532,0.1475,44.3412,0.0555,36.2100]
[40.7539,171.9676,0.2757,44.0613,0.0907,36.2900]
[40.7539,40.1641,0.0668,194.4037,0.3255,36.4100]
[40.7539,39.9651,0.0550,193.3812,0.2520,36.4500]
[40.7539,39.7918,0.0617,192.3026,0.3301,36.4800]
[40.7539,39.6366,0.0409,191.0545,0.2727,36.5300]
[40.7539,39.4715,0.0725,189.9981,0.3636,36.4900]
[40.7539,39.3205,0.0749,188.9472,0.2682,36.4700]
[40.7539,39.2238,0.0385,188.0735,0.2715,36.4500]
[40.7539,39.1742,0.0425,187.0720,0.2697,36.3800]
[40.7539,39.0754,0.0777,186.1690,0.2079,36.3500]
[40.7539,38.8980,0.0282,185.2886,0.2380,36.2900]
[40.6595,163.6914,0.2886,41.0745,0.0727,36.1300]
[40.6595,163.0278,0.2748,40.8345,0.0535,36.0700]
[40.6595,162.6024,0.2018,40.6799,0.0421,36.0200]
[40.6595,162.5683,0.1368,40.4585,0.0739,35.9700]
[40.6595,161.7793,0.2558,40.3284,0.0566,35.8800]
[40.6595,161.5347,0.2218,40.1307,0.0449,35.8700]
[40.6595,161.4134,0.1991,39.9844,0.0670,35.9100]
[40.6595,160.9819,0.1922,39.8170,0.0716,35.9400]
[40.6595,160.2912,0.1364,39.6779,0.0339,35.9500]
[40.6595,159.6520,0.1633,39.5430,0.0433,35.9900]
[40.6595,37.4543,0.0541,176.2430,0.1787,35.9500]
[40.6595,37.3881,0.0425,175.7221,0.1421,35.9300]
[40.6595,37.2782,0.0423,175.2069,0.1553,35.9100]
[40.6595,37.2304,0.0530,174.6548,0.2206,35.8600]
[40.6595,37.0644,0.0550,174.0397,0.1734,35.8300]
[40.6595,37.0466,0.0573,173.6924,0.1483,35.8800]
[40.6595,37.0189,0.0610,173.4603,0.1737,35.9400]
[40.6595,37.0096,0.0400,173.0795,0.1546,36.0000]
[40.6595,37.0167,0.0635,172.7635,0.1626,35.9700]
[40.6595,37.0123,0.0689,172.3635,0.1348,35.9300]
[40.5651,156.7338,0.2686,38.3200,0.0416,35.8700]
[40.5651,156.8064,0.3967,38.2300,0.0371,35.8400]
[40.5651,156.2728,0.4333,38.1688,0.0392,35.7800]
[40.5651,156.1386,0.5076,38.1451,0.0412,35.7600]
[40.5651,156.2475,0.5856,38.0705,0.0414,35.7500]
[40.5651,155.7672,0.3588,38.0555,0.0417,35.7800]
[40.5651,155.7970,0.3385,37.9923,0.0548,35.7800]
[40.5651,155.7869,0.3994,37.9830,0.0429,35.7800]
[40.5651,155.4625,0.1751,37.9469,0.0242,35.7600]
[40.5651,155.7317,0.3121,37.8959,0.0211,35.7300]
[40.5651,36.8680,0.0418,170.0784,0.1592,35.6900]
[40.5651,36.8136,0.1348,170.1132,0.0672,35.6500]
[40.5651,36.8388,0.0705,170.1405,0.0620,35.6400]
[40.5651,36.8008,0.0661,170.2498,0.0911,35.6300]
[40.5651,36.7696,0.0393,170.3848,0.0826,35.6300]
[40.5651,36.7517,0.0399,170.4984,0.1241,35.6100]
[40.5651,36.7073,0.0733,170.6629,0.1204,35.5700]
[40.5651,36.7469,0.0678,170.8116,0.1255,35.5000]
[40.5651,36.7520,0.0980,170.8809,0.1637,35.4900]
[40.5651,36.7069,0.0778,171.1864,0.1739,35.4900]
[40.4677,153.8580,0.2118,44.1247,0.0261,35.4800]
[40.4677,154.0087,0.2007,44.1775,0.0500,35.5000]
[40.4677,153.7525,0.1718,44.3065,0.0595,35.5100]
[40.4677,153.6781,0.0945,44.3906,0.0443,35.5800]
[40.4677,153.7133,0.1389,44.4912,0.0556,35.6300]
[40.4677,153.8922,0.2525,44.6340,0.0653,35.6700]
[40.4677,153.6936,0.3031,44.7704,0.0551,35.6700]
[40.4677,153.1765,0.3675,44.9142,0.0564,35.6600]
[40.4677,152.7738,0.2347,45.0182,0.0462,35.7100]
[40.4677,153.0594,0.1123,45.1551,0.0504,35.7600]
[40.4677,36.8358,0.0604,192.0808,0.1899,35.8100]
[40.4677,36.9117,0.0461,192.6393,0.1838,35.8000]
[40.4677,36.9210,0.0504,193.5007,0.1474,35.7300]
[40.4677,36.8456,0.0678,194.2126,0.2419,35.7700]
[40.4677,36.7787,0.0532,195.0072,0.2130,35.8300]
[40.4677,36.8024,0.0473,195.5879,0.1945,35.8800]
[40.4677,36.8017,0.0631,196.3436,0.3032,35.9400]
[40.4677,36.8118,0.0651,197.1973,0.2177,36.0100]
[40.4677,36.6844,0.0479,197.9470,0.2899,36.0300]
[40.4677,36.6457,0.0385,198.9194,0.2368,36.0800]
[40.3733,147.6853,0.1598,47.2808,0.0846,36.1300]
[40.3733,147.1851,0.1774,47.5231,0.0695,36.1300]
[40.3733,146.6726,0.3034,47.7590,0.0799,36.1500]
[40.3733,146.0973,0.2383,47.9679,0.0822,36.1100]
[40.3733,145.4023,0.2971,48.2309,0.0996,36.0800]
[40.3733,145.0287,0.3025,48.4427,0.0751,36.0500]
[40.3733,144.1728,0.1812,48.6961,0.0896,36.0200]
[40.3733,143.9841,0.2600,48.9751,0.0867,35.9500]
[40.3733,143.0534,0.4124,49.2921,0.0847,35.8800]
[40.3733,142.6474,0.2316,49.5498,0.0821,35.8000]
[40.3733,34.7315,0.0855,212.9687,0.3023,35.6400]
[40.3733,34.4950,0.0901,214.1567,0.2719,35.6000]
[40.3733,34.3853,0.0584,215.4275,0.3305,35.6100]
[40.3733,34.3005,0.1267,216.4749,0.1994,35.5700]
[40.3733,33.8047,0.1302,217.4146,0.2551,35.5800]
[40.3733,33.5327,0.0858,218.3146,0.2633,35.5900]
[40.3733,33.4249,0.0516,219.2411,0.1896,35.6000]
[40.3733,33.1778,0.0735,219.9391,0.1808,35.5700]
[40.3733,32.9285,0.0465,220.7487,0.2305,35.5500]
[40.3733,32.6912,0.0716,221.3755,0.2494,35.5700]
[40.2818,134.3164,0.2370,52.1434,0.0489,35.6300]
[40.2818,133.6856,0.2027,52.2063,0.0564,35.6500]
[40.2818,133.1855,0.2027,52.2494,0.0622,35.6700]
[40.2818,132.4986,0.2491,52.3537,0.0613,35.6800]
[40.2818,131.4000,0.3536,52.3884,0.0447,35.6700]
[40.2818,130.8675,0.1923,52.3975,0.0426,35.6700]
[40.2818,129.7052,0.3563,52.4301,0.0430,35.7000]
[40.2818,129.1456,0.2321,52.4391,0.0461,35.7000]
[40.2818,127.9354,0.3850,52.4173,0.0325,35.6900]
[40.2818,127.0677,0.2887,52.4265,0.0580,35.6700]
[40.2818,30.0743,0.0692,221.9212,0.1606,35.6700]
[40.2818,29.9735,0.0629,221.6755,0.0759,35.6700]
[40.2818,29.6808,0.0576,221.5144,0.1055,35.7200]
[40.2818,29.5272,0.0521,221.5222,0.2111,35.7200]
[40.2818,29.2941,0.0620,221.5420,0.1278,35.7400]
[40.2818,29.1180,0.0572,221.6162,0.1806,35.8000]
[40.2818,28.9437,0.0611,221.5582,0.1826,35.8500]
[40.2818,28.6926,0.0672,221.5115,0.1686,35.9200]
[40.2818,28.5002,0.0408,221.5116,0.1432,35.9700]
[40.2818,28.3619,0.0520,221.5863,0.1974,36.0200]
[40.1873,116.3042,0.2186,52.1756,0.0480,36.1100]
[40.1873,115.6067,0.2347,52.1436,0.0477,36.1800]
[40.1873,114.8571,0.1960,52.1226,0.0396,36.2300]
[40.1873,113.8564,0.2973,52.1235,0.0308,36.2900]
[40.1873,113.1558,0.1859,52.0842,0.0421,36.3200]
[40.1873,112.3449,0.2857,52.0462,0.0381,36.3100]
[40.1873,111.4392,0.1774,52.0203,0.0381,36.3400]
[40.1873,110.6241,0.3728,51.9971,0.0568,36.3500]
[40.1873,109.6718,0.2547,52.0241,0.0446,36.3500]
[40.1873,108.8903,0.3432,52.0183,0.0474,36.3400]
[40.1873,25.6962,0.0895,221.0627,0.2175,36.3200]
[40.1873,25.4961,0.0441,220.9549,0.2090,36.3200]
[40.1873,25.3230,0.0560,220.8908,0.1351,36.2800]
[40.1873,25.0899,0.0770,220.8473,0.1605,36.2200]
[40.1873,24.8820,0.0385,220.7256,0.1778,36.1900]
[40.1873,24.6788,0.0961,220.5253,0.1355,36.2100]
[40.1873,24.5064,0.0949,220.6174,0.1468,36.2400]
[40.1873,24.3463,0.0353,220.6252,0.0882,36.1900]
[40.1873,24.1684,0.0480,220.5933,0.1028,36.1900]
[40.1873,24.0760,0.0653,220.6308,0.1537,36.1700]
[40.0928,98.7866,0.4890,51.7438,0.0391,36.1300]
[40.0928,98.4030,0.3009,51.7138,0.0538,36.1200]
[40.0928,98.1035,0.1420,51.7143,0.0327,36.1200]
[40.0928,97.5781,0.3470,51.6511,0.0488,36.1600]
[40.0928,96.9281,0.1353,51.6197,0.0570,36.1100]
[40.0928,96.5556,0.2322,51.5930,0.0529,36.0900]
[40.0928,95.3443,0.3961,51.5572,0.0292,36.0800]
[40.0928,93.8270,0.2685,51.5349,0.0459,36.0600]
[40.0928,92.8609,0.1922,51.4842,0.0427,36.0300]
[40.0928,92.5363,0.1849,51.4887,0.0496,36.0200]
[40.0928,21.7772,0.0936,219.6718,0.1380,36.0400]
[40.0928,21.5084,0.0446,219.4873,0.1436,36.0600]
[40.0928,21.3528,0.0807,219.5294,0.1533,36.0400]
[40.0928,21.1921,0.0702,219.4103,0.1698,36.0400]
[40.0928,21.0820,0.0649,219.3431,0.1195,36.0700]
[40.0928,20.8725,0.1013,219.2109,0.1510,36.1100]
[40.0928,20.6271,0.0751,219.0800,0.0736,36.0900]
[40.0928,20.4021,0.0369,219.0634,0.2159,36.1000]
[40.0928,20.3435,0.0641,218.8315,0.1581,36.0700]
[40.0928,20.1468,0.0572,218.4905,0.2096,36.0600]
[39.9954,84.3667,0.1824,51.8122,0.0354,36.0900]
[39.9954,83.5683,0.2923,51.7432,0.0507,36.1000]
[39.9954,82.7714,0.2487,51.7278,0.0535,36.1000]
[39.9954,81.9855,0.2417,51.7158,0.0523,36.0800]
[39.9954,81.1276,0.2450,51.7294,0.0377,36.0700]
[39.9954,80.2360,0.2775,51.7072,0.0493,36.1000]
[39.9954,79.6401,0.1708,51.6727,0.0317,36.1600]
[39.9954,79.0922,0.1350,51.6547,0.0442,36.2000]
[39.9954,78.3900,0.1636,51.6020,0.0364,36.2500]
[39.9954,77.9097,0.1241,51.6151,0.0359,36.3100]
[39.9954,17.5413,0.0854,217.3899,0.1033,36.2500]
[39.9954,17.2487,0.0852,217.4801,0.1861,36.2400]
[39.9954,17.1819,0.0272,217.3480,0.1053,36.2700]
[39.9954,17.0320,0.0408,217.4594,0.0888,36.2500]
[39.9954,16.9041,0.0310,217.3683,0.2008,36.2300]
[39.9954,16.7973,0.0426,217.3645,0.1758,36.2100]
[39.9954,16.5467,0.0993,217.3049,0.2010,36.2400]
[39.9954,16.3719,0.0643,217.2419,0.1945,36.2700]
[39.9954,16.2501,0.0485,217.2220,0.1262,36.3300]
[39.9954,16.1128,0.0940,217.2755,0.1632,36.3100]
[39.9038,68.7542,0.4159,51.9752,0.0637,36.4200]
[39.9038,68.1862,0.2812,51.9483,0.0192,36.4600]
[39.9038,67.7358,0.2653,51.9106,0.0392,36.4900]
[39.9038,67.5213,0.2066,51.9066,0.0498,36.5000]
[39.9038,67.1311,0.2441,51.9146,0.0442,36.5300]
[39.9038,66.5074,0.2180,51.8867,0.0425,36.5400]
[39.9038,66.0201,0.1182,51.8999,0.0476,36.5900]
[39.9038,65.7022,0.2460,51.8605,0.0645,36.6400]
[39.9038,64.7442,0.2617,51.8430,0.0572,36.6900]
[39.9038,64.1728,0.1876,51.8642,0.0444,36.6500]
[39.9038,14.4295,0.0369,216.9977,0.1395,36.5200]
[39.9038,14.3103,0.0386,216.9010,0.1554,36.5200]
[39.9038,14.2150,0.0437,216.6801,0.0934,36.5500]
[39.9038,14.0550,0.0463,216.7833,0.1131,36.5500]
[39.9038,13.9216,0.0367,216.8020,0.1274,36.5400]
[39.9038,13.8015,0.0560,216.8477,0.1169,36.5400]
[39.9038,13.6891,0.0536,216.8613,0.0986,36.5100]
[39.9038,13.5677,0.0445,216.9441,0.1385,36.4500]
[39.9038,13.4644,0.0365,216.8537,0.2067,36.3700]
[39.9038,13.2649,0.0360,216.8712,0.1327,36.3300]
[39.8093,57.4940,0.1691,51.8740,0.0293,36.2300]
[39.8093,57.0968,0.1174,51.8402,0.0563,36.2700]
[39.8093,56.5325,0.2320,51.8156,0.0580,36.2800]
[39.8093,55.8879,0.1181,51.8313,0.0503,36.3200]
[39.8093,55.4785,0.2077,51.7946,0.0473,36.3200]
[39.8093,54.7721,0.1851,51.7783,0.0405,36.3200]
[39.8093,54.3079,0.0927,51.7539,0.0573,36.2600]
[39.8093,53.9547,0.1566,51.7708,0.0510,36.1900]
[39.8093,53.5315,0.1318,51.6937,0.0446,36.1900]
[39.8093,52.9189,0.1564,51.6921,0.0286,36.2000]
[39.8093,11.9126,0.0457,215.8350,0.1600,36.2200]
[39.8093,11.7909,0.0489,215.7681,0.2114,36.1800]
[39.8093,11.7812,0.0555,215.6824,0.1662,36.0800]
[39.8093,11.6069,0.0580,215.6431,0.2435,36.0800]
[39.8093,11.4137,0.0519,215.4307,0.2814,36.0500]
[39.8093,11.2926,0.0407,215.3145,0.1380,36.0700]
[39.8093,11.1964,0.0416,215.2385,0.1356,36.1500]
[39.8093,11.1198,0.0394,215.1949,0.1215,36.1800]
[39.8093,11.0408,0.0621,214.9130,0.1316,36.2300]
[39.8093,10.9482,0.0241,214.7813,0.1182,36.2900]
[39.7147,47.5183,0.1429,51.3492,0.0417,36.3400]
[39.7147,47.0553,0.1192,51.2802,0.0380,36.3200]
[39.7147,46.4860,0.1346,51.1895,0.0357,36.3100]
[39.7147,46.4349,0.1902,51.1616,0.0432,36.2900]
[39.7147,46.2050,0.2436,51.1631,0.0478,36.2000]
[39.7147,45.9618,0.1051,51.0984,0.0368,36.1700]
[39.7147,45.5055,0.1035,51.0239,0.0428,36.1300]
[39.7147,45.1575,0.0767,50.9643,0.0372,36.1400]
[39.7147,44.8121,0.1040,50.8471,0.0453,36.0900]
[39.7147,44.5650,0.0581,50.7580,0.0350,36.0700]
[39.7147,10.0067,0.0171,211.9647,0.1300,36.0300]
[39.7147,9.9542,0.0241,211.6417,0.1480,35.9800]
[39.7147,9.9078,0.0231,211.2709,0.1905,36.0200]
[39.7147,9.8423,0.0294,210.8659,0.1955,36.0700]
[39.7147,9.7496,0.0184,210.1183,0.2442,36.0700]
[39.7147,9.7449,0.0331,210.0721,0.1145,36.0800]
[39.7147,9.7246,0.0300,209.8955,0.1804,36.1200]
[39.7147,9.6767,0.0206,209.5312,0.1872,36.1800]
[39.7147,9.5943,0.0187,208.7415,0.1595,36.2500]
[39.7147,9.5503,0.0208,207.9617,0.1895,36.2600]
[39.6231,41.9232,0.0915,48.3956,0.0720,36.3100]
[39.6231,41.7909,0.0722,48.1986,0.0543,36.2800]
[39.6231,41.6775,0.0672,47.9558,0.0937,36.2500]
[39.6231,41.5725,0.0643,47.6912,0.0987,36.2400]
[39.6231,41.4717,0.0317,47.4311,0.0867,36.2700]
[39.6231,41.4741,0.0339,47.1891,0.0708,36.2700]
[39.6231,41.4062,0.0275,46.8297,0.0784,36.3200]
[39.6231,41.3970,0.0393,46.4896,0.0627,36.3000]
[39.6231,41.4304,0.0334,46.2355,0.1426,36.2800]
[39.6231,41.4737,0.0435,45.8540,0.0688,36.2500]
[39.6231,9.4669,0.0203,193.1913,0.5196,36.1800]
[39.6231,9.4910,0.0291,191.4961,0.5434,36.1800]
[39.6231,9.5050,0.0281,189.7492,0.4186,36.1700]
[39.6231,9.5498,0.0269,187.8518,0.5217,36.1300]
[39.6231,9.5842,0.0223,186.5116,0.3788,36.1200]
[39.6231,9.6003,0.0294,185.1435,0.4127,36.1700]
[39.6231,9.6234,0.0275,183.9780,0.3321,36.1800]
[39.6231,9.6910,0.0382,182.5942,0.4961,36.1800]
[39.6231,9.7516,0.0413,181.1520,0.4403,36.2000]
[39.6231,9.8380,0.0433,179.6203,0.3627,36.2000]
[39.5138,45.0102,0.1201,36.1807,0.0959,36.2300]
[39.5138,45.4117,0.1662,35.9528,0.0452,36.2400]
[39.5138,45.7472,0.1100,35.7677,0.0522,36.2500]
[39.5138,46.2619,0.1812,35.5884,0.0561,36.2100]
[39.5138,46.6064,0.1494,35.3915,0.0634,36.1600]
[39.5138,47.1773,0.1863,35.2100,0.0684,36.1300]
[39.5138,47.6741,0.1555,35.0495,0.0540,36.0400]
[39.5138,48.1530,0.1490,34.9229,0.0639,36.0100]
[39.5138,48.6739,0.2211,34.7330,0.0756,35.9900]
[39.5138,48.9871,0.1323,34.6318,0.0534,35.9900]
[39.5138,11.1974,0.0340,149.5159,0.2332,36.1000]
[39.5138,11.3264,0.0607,148.7014,0.2189,36.1200]
[39.5138,11.4462,0.0426,148.3061,0.1641,36.1400]
[39.5138,11.6086,0.0445,147.5073,0.2048,36.1800]
[39.5138,11.6843,0.0366,147.0915,0.1568,36.2400]
[39.5138,11.8077,0.0633,146.6926,0.1799,36.2600]
[39.5138,11.9358,0.0319,146.0742,0.1197,36.2400]
[39.5138,12.0497,0.0476,145.6512,0.1863,36.2300]
[39.5138,12.1648,0.0605,145.2498,0.1873,36.2900]
[39.5138,12.3086,0.0576,144.6693,0.1550,36.2900]
[39.4221,56.2419,0.0967,33.2742,0.0416,36.2700]
[39.4221,56.7980,0.1478,33.1677,0.0488,36.3000]
[39.4221,57.4442,0.2613,33.0334,0.0336,36.3300]
[39.4221,58.1726,0.1321,32.9893,0.0413,36.3300]
[39.4221,58.9510,0.2321,32.8367,0.0665,36.3100]
[39.4221,59.5105,0.1689,32.7915,0.0454,36.2700]
[39.4221,59.9030,0.3097,32.7165,0.0563,36.2800]
[39.4221,60.7733,0.0837,32.5781,0.0364,36.2500]
[39.4221,61.1069,0.1711,32.5426,0.0675,36.2800]
[39.4221,61.6708,0.1847,32.4502,0.0340,36.3400]
[39.4221,13.9304,0.0382,139.6128,0.1532,36.4700]
[39.4221,13.9803,0.0384,139.3366,0.1921,36.5300]
[39.4221,14.1099,0.0505,139.0293,0.1946,36.5100]
[39.4221,14.3294,0.0429,138.6399,0.1544,36.5000]
[39.4221,14.4436,0.0699,138.3607,0.1586,36.4900]
[39.4221,14.5582,0.0459,138.0595,0.0888,36.5000]
[39.4221,14.7045,0.0480,137.7541,0.1099,36.5000]
[39.4221,14.8147,0.0444,137.6068,0.1085,36.4800]
[39.4221,14.9162,0.0499,137.4034,0.1516,36.4800]
[39.4221,15.0734,0.0607,137.1355,0.0931,36.4700]
[39.3275,69.4488,0.2172,31.6800,0.0417,36.5200]
[39.3275,69.8627,0.1515,31.6411,0.0372,36.5300]
[39.3275,70.5557,0.2563,31.6008,0.0419,36.5700]
[39.3275,71.3903,0.2626,31.5219,0.0383,36.5300]
[39.3275,72.0290,0.1684,31.4863,0.0288,36.5100]
[39.3275,72.6306,0.1588,31.4971,0.0365,36.5600]
[39.3275,73.1473,0.1946,31.4962,0.0253,36.6200]
[39.3275,73.7636,0.2142,31.4954,0.0361,36.6000]
[39.3275,74.4412,0.2210,31.4530,0.0388,36.6500]
[39.3275,75.2148,0.1636,31.4390,0.0458,36.6800]
[39.3275,16.8753,0.0520,136.4714,0.1016,36.7600]
[39.3275,17.0191,0.0954,136.4871,0.2339,36.8200]
[39.3275,17.1685,0.0641,136.3030,0.1385,36.8700]
[39.3275,17.2890,0.0482,136.2726,0.1436,36.9300]
[39.3275,17.4313,0.0605,136.1314,0.1477,36.9700]
[39.3275,17.5703,0.0386,136.0910,0.1243,37.0100]
[39.3275,17.6683,0.0418,136.2353,0.1362,37.0500]
[39.3275,17.8196,0.0509,136.3127,0.1555,37.0800]
[39.3275,17.9927,0.0611,136.2358,0.1283,37.0600]
[39.3275,18.1311,0.0644,136.3991,0.2410,37.0500]
[39.2329,83.6868,0.3421,31.4149,0.0485,36.9400]
[39.2329,84.3800,0.2552,31.4008,0.0359,36.9300]
[39.2329,84.8461,0.1566,31.4014,0.0410,36.9000]
[39.2329,85.4514,0.1389,31.4060,0.0450,36.8400]
[39.2329,85.8976,0.2147,31.4286,0.0276,36.7300]
[39.2329,86.6757,0.2370,31.4623,0.0344,36.7200]
[39.2329,87.1309,0.3637,31.4945,0.0643,36.7100]
[39.2329,88.0085,0.5180,31.4204,0.0793,36.7500]
[39.2329,88.6846,0.1571,31.4655,0.0325,36.7500]
[39.2329,89.4391,0.2234,31.4740,0.0448,36.7100]
[39.2329,19.9181,0.0537,135.5339,0.2179,36.6600]
[39.2329,20.1714,0.1064,134.9547,0.2931,36.6000]
[39.2329,20.3452,0.0577,134.7055,0.2126,36.5400]
[39.2329,20.5172,0.0683,134.1812,0.2006,36.5100]
[39.2329,20.6819,0.0353,133.7782,0.1266,36.4300]
[39.2329,20.7818,0.0443,133.7204,0.1418,36.4100]
[39.2329,20.9740,0.0432,133.2408,0.1897,36.4200]
[39.2329,21.1340,0.0438,132.6106,0.0924,36.4200]
[39.2329,21.2392,0.0618,132.3543,0.1963,36.4500]
[39.2329,21.4621,0.0504,131.4920,0.1770,36.4900]
[39.1412,98.6553,0.2191,30.3794,0.0583,36.5600]
[39.1412,99.4164,0.2064,30.1746,0.0450,36.6300]
[39.1412,100.1909,0.1647,30.0047,0.0501,36.6800]
[39.1412,101.0737,0.2352,29.7927,0.0696,36.7100]
[39.1412,101.7833,0.3480,29.6232,0.0845,36.7400]
[39.1412,102.9820,0.3214,29.3390,0.0712,36.7900]
[39.1412,103.5115,0.3509,29.2087,0.0861,36.8100]
[39.1412,104.5867,0.2752,28.9844,0.0672,36.8500]
[39.1412,105.2644,0.3768,28.8349,0.0789,36.8500]
[39.1412,105.7182,0.2186,28.7545,0.0488,36.8200]
[39.1412,23.3064,0.0545,124.3385,0.3072,36.9000]
[39.1412,23.5407,0.0648,123.4461,0.2244,36.9200]
[39.1412,23.6502,0.0531,122.7796,0.1790,36.9500]
[39.1412,23.7799,0.0421,122.3331,0.1734,36.9700]
[39.1412,23.9795,0.0460,121.4070,0.2841,37.0100]
[39.1412,24.1526,0.0663,120.6887,0.2783,37.0400]
[39.1412,24.2736,0.0344,120.1015,0.1614,37.0600]
[39.1412,24.4462,0.0325,119.3729,0.1690,37.0400]
[39.1412,24.5437,0.0751,119.0189,0.2099,37.0600]
[39.1412,24.8160,0.0577,117.8282,0.2343,37.0900]
[39.0466,114.0874,0.3533,25.9107,0.0699,37.0800]
[39.0466,115.0977,0.2933,25.7000,0.0607,37.0800]
[39.0466,115.7254,0.1880,25.5741,0.0523,37.0500]
[39.0466,116.5410,0.2845,25.4132,0.0786,37.0800]
[39.0466,117.5772,0.1478,25.1809,0.0454,37.0900]
[39.0466,118.1471,0.4865,25.0779,0.0817,37.0000]
[39.0466,118.6865,0.1397,24.9316,0.0429,37.0000]
[39.0466,119.6790,0.2981,24.7177,0.0760,36.9900]
[39.0466,120.4006,0.1467,24.5866,0.0487,36.8900]
[39.0466,120.6716,0.2834,24.4934,0.0541,36.9300]
[39.0466,26.2882,0.0595,105.3838,0.2516,36.9700]
[39.0466,26.3998,0.0544,104.7286,0.1762,36.9900]
[39.0466,26.4811,0.0543,104.4235,0.1706,37.0100]
[39.0466,26.6716,0.0555,103.5662,0.2892,37.0600]
[39.0466,26.8496,0.0568,102.7819,0.2233,37.0900]
[39.0466,26.9326,0.0477,102.3833,0.1180,37.1000]
[39.0466,27.0924,0.0513,101.4948,0.2153,37.1200]
[39.0466,27.2253,0.0627,100.7968,0.1958,37.1400]
[39.0466,27.3338,0.0462,100.2452,0.1960,37.1600]
[39.0466,27.4878,0.0475,99.4559,0.2157,37.1700]
[38.9519,129.8579,0.1642,22.4541,0.0641,37.2000]
[38.9519,130.5712,0.2299,22.1999,0.0698,37.2400]
[38.9519,131.2102,0.2176,22.0340,0.0535,37.2700]
[38.9519,132.0383,0.1395,21.8522,0.0548,37.3000]
[38.9519,132.5891,0.2145,21.7083,0.0608,37.2800]
[38.9519,133.3735,0.2631,21.5332,0.0689,37.3000]
[38.9519,134.0934,0.1673,21.3606,0.0416,37.3200]
[38.9519,134.8646,0.2582,21.1992,0.0590,37.3600]
[38.9519,135.6674,0.1888,21.0311,0.0396,37.3800]
[38.9519,136.1703,0.2123,20.8647,0.0555,37.4100]
[38.9519,29.3584,0.0371,90.4693,0.1889,37.4200]
[38.9519,29.5544,0.0741,89.7529,0.2944,37.4000]
[38.9519,29.7922,0.0830,88.8248,0.4053,37.3800]
[38.9519,29.9324,0.0548,88.2985,0.1350,37.3700]
[38.9519,30.0626,0.0723,87.5972,0.2448,37.3100]
[38.9519,30.1742,0.0410,87.1604,0.1358,37.2900]
[38.9519,30.3066,0.0517,86.3489,0.2226,37.2200]
[38.9519,30.5296,0.0469,85.5384,0.1687,37.1400]
[38.9519,30.6021,0.0536,85.1056,0.2162,37.0400]
[38.9519,30.7550,0.0818,84.3875,0.2447,37.0500]
[38.8572,145.5568,0.1360,18.9038,0.0470,37.1100]
[38.8572,146.2678,0.3432,18.7814,0.0892,37.0800]
[38.8572,146.9619,0.1539,18.6306,0.0410,37.0500]
[38.8572,147.3677,0.2232,18.5025,0.0523,37.0300]
[38.8572,148.6392,0.1988,18.2422,0.0338,36.9900]
[38.8572,149.4803,0.3233,18.0898,0.0533,36.9600]
[38.8572,149.8720,0.1180,18.0136,0.0305,36.8900]
[38.8572,150.3766,0.1393,17.9054,0.0489,36.7600]
[38.8572,151.2256,0.1846,17.7610,0.0476,36.7000]
[38.8572,151.7071,0.2331,17.6100,0.0475,36.6800]
[38.8572,32.6031,0.0382,76.3970,0.1933,36.7500]
[38.8572,32.7130,0.0397,75.7472,0.2322,36.7900]
[38.8572,32.8332,0.0509,74.8806,0.1788,36.8300]
[38.8572,33.0459,0.0346,74.2868,0.0864,36.8500]
[38.8572,33.1555,0.0453,73.6949,0.1739,36.7900]
[38.8572,33.2736,0.0571,72.9142,0.2347,36.7800]
[38.8572,33.3753,0.0583,72.2028,0.1745,36.8000]
[38.8572,33.5115,0.0653,71.5227,0.1680,36.8100]
[38.8572,33.6417,0.0574,70.7971,0.2080,36.8500]
[38.8572,33.8082,0.0520,69.8544,0.2054,36.8900]
[38.7625,159.9465,0.2316,15.4841,0.0707,36.9700]
[38.7625,160.4265,0.2563,15.2976,0.0664,36.9900]
[38.7625,161.0517,0.1653,15.1020,0.0332,36.9800]
[38.7625,161.6691,0.3221,14.8981,0.0535,36.9800]
[38.7625,162.3442,0.1950,14.7318,0.0525,36.9600]
[38.7625,163.0075,0.2278,14.5516,0.0473,36.9700]
[38.7625,163.5875,0.1860,14.3771,0.0464,36.9800]
[38.7625,164.1055,0.1756,14.1650,0.0462,36.9500]
[38.7625,164.7676,0.2129,13.9272,0.0439,36.9600]
[38.7625,165.1909,0.3251,13.7706,0.0623,37.0000]
[38.7625,35.4086,0.0390,59.5983,0.2219,36.9600]
[38.7625,35.4777,0.0468,58.8797,0.2011,36.9700]
[38.7625,35.6098,0.0461,58.1908,0.1638,36.9900]
[38.7625,35.7642,0.0404,57.4285,0.1835,37.0300]
[38.7625,35.8817,0.0510,56.7482,0.1871,37.0300]
[38.7625,35.9956,0.0517,56.1043,0.1987,37.0200]
[38.7625,36.1081,0.0540,55.4567,0.1801,36.9900]
[38.7625,36.2374,0.0424,54.7783,0.1819,37.0000]
[38.7625,36.3356,0.0566,54.1388,0.1542,37.0100]
[38.7625,36.4516,0.0380,53.6357,0.1693,37.0200]
[38.6678,172.8343,0.1785,11.8452,0.0441,37.0900]
[38.6678,173.3011,0.1591,11.7255,0.0263,37.0900]
[38.6678,173.6956,0.1893,11.6161,0.0489,37.0900]
[38.6678,174.2689,0.1797,11.4789,0.0331,37.1000]
[38.6678,174.7085,0.1517,11.3609,0.0300,37.1200]
[38.6678,175.1639,0.2347,11.2404,0.0353,37.1000]
[38.6678,175.7236,0.1790,11.1407,0.0306,37.0500]
[38.6678,176.1441,0.1690,11.0369,0.0416,37.0500]
[38.6678,176.8575,0.1508,10.9033,0.0430,37.0400]
[38.6678,177.2669,0.2042,10.7995,0.0374,37.0300]
[38.6678,37.7551,0.0295,47.1483,0.1784,36.9900]
[38.6678,37.8449,0.0659,46.7553,0.1101,36.9900]
[38.6678,37.9967,0.0428,46.3234,0.0859,37.0000]
[38.6678,38.0769,0.0518,45.9758,0.0984,37.0000]
[38.6678,38.1936,0.0526,45.6907,0.1144,37.0400]
[38.6678,38.2870,0.0515,45.2584,0.1321,37.0800]
[38.6678,38.3987,0.0577,44.8912,0.1735,37.1200]
[38.6678,38.5132,0.0322,44.5806,0.1088,37.1500]
[38.6678,38.5849,0.0453,44.2983,0.0986,37.1700]
[38.6678,38.6821,0.0567,43.9544,0.1137,37.2000]
[38.5613,183.2387,0.2373,9.4415,0.0259,37.3100]
[38.5613,182.9447,0.2052,9.3587,0.0234,37.3700]
[38.5613,182.8564,0.2562,9.3067,0.0233,37.4200]
[38.5613,182.4306,0.1485,9.2568,0.0312,37.4600]
[38.5613,182.0016,0.2499,9.2092,0.0242,37.5000]
[38.5613,181.5696,0.1555,9.1645,0.0258,37.4700]
[38.5613,181.2408,0.2157,9.1366,0.0305,37.4900]
[38.5613,180.7038,0.2937,9.0898,0.0238,37.5200]
[38.5613,180.0376,0.2141,9.0612,0.0252,37.5700]
[38.5613,179.3333,0.1920,9.0318,0.0280,37.6100]
[38.5613,37.3006,0.0648,40.5681,0.0564,37.6500]
[38.5613,37.1617,0.0705,40.4490,0.0746,37.6700]
[38.5613,37.0711,0.0551,40.4857,0.0315,37.6700]
[38.5613,36.9213,0.0497,40.4335,0.0673,37.6900]
[38.5613,36.7766,0.0745,40.4374,0.0848,37.7300]
[38.5613,36.6995,0.0582,40.4903,0.0715,37.7100]
[38.5613,36.5983,0.0536,40.4773,0.0411,37.7100]
[38.5613,36.4978,0.0581,40.4761,0.0609,37.7100]
[38.5613,36.4010,0.0432,40.4952,0.0546,37.7400]
[38.5613,36.2912,0.0550,40.5319,0.0522,37.7500]
[38.4665,173.4031,0.1128,8.9674,0.0211,37.7700]
[38.4665,172.8538,0.2556,8.9560,0.0283,37.7900]
[38.4665,172.5951,0.2269,8.9614,0.0277,37.8000]
[38.4665,172.1754,0.1305,8.9421,0.0227,37.7800]
[38.4665,171.7769,0.1238,8.9558,0.0410,37.7400]
[38.4665,171.4652,0.1153,8.9646,0.0325,37.7000]
[38.4665,171.1117,0.2112,8.9721,0.0340,37.6200]
[38.4665,170.7607,0.1490,8.9741,0.0387,37.5700]
[38.4665,170.4888,0.1422,8.9564,0.0309,37.5200]
[38.4665,170.3591,0.1770,8.9695,0.0315,37.4900]
[38.4665,35.9029,0.0429,40.7411,0.0743,37.4900]
[38.4665,35.8418,0.0739,40.7851,0.0653,37.5300]
[38.4665,35.7605,0.0638,40.7497,0.0755,37.5500]
[38.4665,35.7580,0.0694,40.8073,0.0629,37.5600]
[38.4665,35.6638,0.0660,40.7898,0.0672,37.5600]
[38.4665,35.6247,0.0459,40.8148,0.0759,37.5600]
[38.4665,35.5663,0.0624,40.7244,0.0760,37.5500]
[38.4665,35.5098,0.0603,40.7393,0.0519,37.5200]
[38.4665,35.4621,0.0706,40.7672,0.0689,37.4400]
[38.4665,35.4227,0.0639,40.9027,0.0564,37.4200]
[38.3718,167.6053,0.1205,9.0153,0.0367,37.4200]
[38.3718,167.3376,0.1854,8.9775,0.0259,37.4800]
[38.3718,167.1420,0.1335,8.9962,0.0401,37.5100]
[38.3718,167.0443,0.1914,8.9941,0.0392,37.5400]
[38.3718,167.0518,0.0916,9.0595,0.0190,37.4800]
[38.3718,167.0404,0.1255,9.0986,0.0357,37.4700]
[38.3718,166.8613,0.1570,9.1354,0.0334,37.4800]
[38.3718,166.8093,0.2392,9.1737,0.0344,37.4100]
[38.3718,166.8398,0.1384,9.2350,0.0377,37.4000]
[38.3718,166.8363,0.1085,9.2919,0.0380,37.3200]
[38.3718,35.0822,0.0336,42.8107,0.1256,37.2700]
[38.3718,35.0450,0.0618,43.0888,0.1112,37.2800]
[38.3718,35.0226,0.0745,43.1598,0.0672,37.2100]
[38.3718,35.0672,0.0697,43.4706,0.1162,37.2300]
[38.3718,35.0786,0.0614,43.7525,0.0739,37.3000]
[38.3718,35.0946,0.0639,44.0071,0.1751,37.3500]
[38.3718,35.1239,0.0520,44.3366,0.0823,37.3900]
[38.3718,35.1323,0.0357,44.7216,0.1253,37.3700]
[38.3718,35.1561,0.0580,45.1570,0.0779,37.4200]
[38.3718,35.1764,0.0569,45.5184,0.0719,37.4800]
[38.2770,168.1050,0.1254,10.0850,0.0344,37.5200]
[38.2770,168.3502,0.1583,10.1700,0.0528,37.5300]
[38.2770,168.6093,0.1921,10.2538,0.0390,37.5000]
[38.2770,168.8655,0.0876,10.3333,0.0374,37.4500]
[38.2770,169.0924,0.1493,10.4472,0.0355,37.4400]
[38.2770,169.3870,0.0998,10.5662,0.0383,37.3000]
[38.2770,169.5870,0.1132,10.6758,0.0294,37.2300]
[38.2770,169.9007,0.1731,10.7696,0.0374,37.0700]
[38.2770,170.2985,0.1585,10.8762,0.0479,36.9800]
[38.2770,170.8552,0.2283,10.9907,0.0504,36.9000]
[38.2770,35.9017,0.0635,50.4628,0.1012,36.7400]
[38.2770,36.0261,0.0432,51.0326,0.1515,36.6700]
[38.2770,36.1446,0.0529,51.7298,0.1613,36.6400]
[38.2770,36.2538,0.0505,52.2374,0.1435,36.5800]
[38.2770,36.3935,0.0512,52.7705,0.1566,36.5700]
[38.2770,36.4696,0.0475,53.3196,0.1656,36.5400]
[38.2770,36.5535,0.1027,53.8712,0.2598,36.5100]
[38.2770,36.7173,0.0934,54.5664,0.1808,36.5100]
[38.2770,36.8777,0.0563,55.3110,0.1987,36.5300]
[38.2770,37.0056,0.0610,55.7951,0.1805,36.5300]
[38.1852,178.3685,0.2733,12.8139,0.0425,36.4900]
[38.1852,179.3924,0.2158,12.9970,0.0580,36.5300]
[38.1852,180.1555,0.2080,13.1797,0.0449,36.5200]
[38.1852,180.7875,0.2908,13.3159,0.0542,36.4900]
[38.1852,181.6846,0.3168,13.5186,0.0577,36.5400]
[38.1852,182.3882,0.2215,13.6902,0.0535,36.6000]
[38.1852,183.3991,0.3102,13.8925,0.0556,36.6200]
[38.1852,184.1292,0.2407,14.0731,0.0431,36.6400]
[38.1852,184.9747,0.2575,14.2032,0.0542,36.6400]
[38.1852,185.7681,0.3147,14.4080,0.0666,36.6300]
[38.1852,39.7379,0.0692,65.9456,0.2375,36.6100]
[38.1852,39.9388,0.0491,66.7621,0.1659,36.6400]
[38.1852,40.1271,0.0698,67.6671,0.1804,36.6400]
[38.1852,40.3371,0.0703,68.4519,0.1759,36.6100]
[38.1852,40.5474,0.0569,69.1871,0.2183,36.6300]
[38.1852,40.7596,0.0805,70.0305,0.2629,36.6600]
[38.1852,40.9719,0.0484,70.8878,0.1671,36.6800]
[38.1852,41.1112,0.0568,71.5975,0.2306,36.6900]
[38.1852,41.2983,0.0403,72.5975,0.2152,36.7300]
[38.1852,41.3954,0.0389,73.3172,0.3356,36.7700]
[38.0757,189.5841,0.2150,17.1269,0.0618,36.8500]
[38.0757,190.1795,0.2686,17.3596,0.0862,36.8700]
[38.0757,190.4691,0.1297,17.5134,0.0611,36.9100]
[38.0757,190.9122,0.2364,17.6511,0.0427,36.9600]
[38.0757,191.3483,0.1330,17.7744,0.0488,36.9200]
[38.0757,191.5096,0.1330,17.9386,0.0426,36.9500]
[38.0757,191.6704,0.1978,18.0637,0.0503,36.9500]
[38.0757,191.8983,0.1159,18.2415,0.0440,37.0000]
[38.0757,191.3266,0.3732,18.4362,0.0639,36.9800]
[38.0757,191.5361,0.5734,18.5741,0.0566,36.9800]
[38.0757,40.6846,0.0457,83.9297,0.1798,36.9000]
[38.0757,40.6896,0.0453,84.6677,0.1565,36.8800]
[38.0757,40.6385,0.0382,85.1689,0.2006,36.8600]
[38.0757,40.6436,0.0341,85.7607,0.1718,36.8000]
[38.0757,40.6255,0.0488,86.5130,0.1335,36.8000]
[38.0757,40.6488,0.0539,87.3123,0.2880,36.7900]
[38.0757,40.6048,0.0423,87.9509,0.1822,36.7100]
[38.0757,40.6213,0.0458,88.6099,0.3305,36.7400]
[38.0757,40.5800,0.0311,89.4498,0.1931,36.7600]
[38.0757,40.6167,0.0435,90.0433,0.1008,36.7600]
[37.9809,194.5263,0.1885,20.4953,0.0320,36.7700]
[37.9809,194.3821,0.2483,20.6485,0.0501,36.7900]
[37.9809,194.1729,0.2081,20.7628,0.0717,36.8300]
[37.9809,194.1806,0.2671,20.9370,0.0631,36.8700]
[37.9809,194.3086,0.1877,21.0921,0.0471,36.8700]
[37.9809,194.0855,0.1301,21.1761,0.0330,36.8500]
[37.9809,194.0505,0.1546,21.2485,0.0696,36.8000]
[37.9809,194.1762,0.1538,21.4624,0.0648,36.7200]
[37.9809,194.0507,0.1207,21.6092,0.0604,36.7000]
[37.9809,194.1354,0.1917,21.8360,0.0931,36.6100]
[37.9809,40.5310,0.0457,98.2230,0.2353,36.4800]
[37.9809,40.5622,0.0394,98.9718,0.2948,36.4300]
[37.9809,40.5387,0.0350,99.6641,0.1566,36.4100]
[37.9809,40.5512,0.0364,100.5344,0.3239,36.4400]
[37.9809,40.5905,0.0484,101.4122,0.2261,36.4000]
[37.9809,40.5782,0.0324,102.0728,0.2026,36.3400]
[37.9809,40.5904,0.0313,102.7310,0.1672,36.2900]
[37.9809,40.5753,0.0316,103.3639,0.2084,36.3000]
[37.9809,40.5746,0.0440,104.2426,0.2313,36.2100]
[37.9809,40.5252,0.0319,104.9835,0.1850,36.2200]
[37.8861,193.0341,0.1590,24.0852,0.0460,36.2600]
[37.8861,193.0958,0.1694,24.0943,0.0697,36.3300]
[37.8861,193.0651,0.1790,24.2433,0.0571,36.3700]
[37.8861,193.0459,0.2161,24.3726,0.0531,36.4300]
[37.8861,193.0058,0.2311,24.6028,0.0826,36.4000]
[37.8861,192.9505,0.1982,24.7756,0.0898,36.3800]
[37.8861,192.6576,0.2767,24.9410,0.0627,36.3600]
[37.8861,192.4061,0.2079,25.0794,0.0563,36.3900]
[37.8861,192.1073,0.2100,25.2362,0.0607,36.4300]
[37.8861,192.0048,0.1285,25.3940,0.0444,36.4600]
[37.8861,40.5357,0.0591,113.5846,0.2587,36.4900]
[37.8861,40.4269,0.0602,114.4195,0.2779,36.5400]
[37.8861,40.3351,0.0658,115.1100,0.2872,36.5900]
[37.8861,40.2308,0.0464,115.9482,0.1696,36.5800]
[37.8861,40.1612,0.0442,116.4950,0.2521,36.5800]
[37.8861,40.0212,0.0404,117.1390,0.2173,36.6200]
[37.8861,39.9603,0.0440,117.8618,0.2162,36.6700]
[37.8861,39.7640,0.0603,118.5925,0.2388,36.6800]
[37.8861,39.6030,0.0546,119.3940,0.2869,36.6800]
[37.8861,39.4281,0.0626,120.1897,0.1851,36.6900]
[37.7942,183.9746,0.3036,27.3435,0.0584,36.7400]
[37.7942,183.1854,0.1667,27.4831,0.0598,36.7400]
[37.7942,182.5014,0.2327,27.5552,0.0741,36.7300]
[37.7942,181.9357,0.1707,27.6789,0.0631,36.7800]
[37.7942,181.3396,0.2827,27.8618,0.0723,36.8200]
[37.7942,180.4024,0.3135,27.9980,0.0716,36.8800]
[37.7942,179.5213,0.1959,28.1581,0.0593,36.9300]
[37.7942,178.5450,0.2767,28.3250,0.0606,36.9900]
[37.7942,177.4959,0.2223,28.4747,0.0649,37.0200]
[37.7942,176.7515,0.2397,28.5809,0.0713,37.0400]
[37.7942,37.2014,0.0803,128.1396,0.1232,37.0200]
[37.7942,37.0016,0.0617,128.7060,0.1649,37.0200]
[37.7942,36.7409,0.0658,129.3495,0.3156,37.0200]
[37.7942,36.5369,0.0531,130.0813,0.2163,37.0100]
[37.7942,36.3201,0.0546,130.6985,0.1888,36.9500]
[37.7942,36.1204,0.0667,131.2140,0.1477,36.9300]
[37.7942,35.8835,0.0629,131.8883,0.2486,36.9500]
[37.7942,35.5852,0.0837,132.7449,0.2626,36.9500]
[37.7942,35.3708,0.0553,133.1634,0.2617,36.9500]
[37.7942,35.1632,0.1023,133.8371,0.2741,36.9500]
[37.6994,162.1662,0.3337,30.4801,0.0947,37.0200]
[37.6994,160.9150,0.2782,30.6419,0.0391,37.0400]
[37.6994,159.5386,0.3429,30.8386,0.0742,37.0600]
[37.6994,158.6315,0.2666,30.8682,0.0367,37.1100]
[37.6994,157.3116,0.5015,31.0094,0.0908,37.1100]
[37.6994,155.9473,0.4327,31.1955,0.0747,37.0000]
[37.6994,154.4077,0.4205,31.3425,0.0875,36.8500]
[37.6994,153.5477,0.2310,31.4123,0.0595,36.7200]
[37.6994,152.2148,0.4590,31.5766,0.0849,36.6400]
[37.6994,151.0625,0.1974,31.6848,0.0452,36.5100]
[37.6994,31.7116,0.0854,141.3346,0.1601,36.3400]
[37.6994,31.4362,0.0701,141.7681,0.1903,36.2900]
[37.6994,31.1601,0.0834,142.0543,0.2233,36.2300]
[37.6994,30.7923,0.1085,142.6511,0.2124,36.1900]
[37.6994,30.4842,0.0920,142.7546,0.1149,36.1700]
[37.6994,30.1727,0.1094,143.0562,0.1738,36.1000]
[37.6994,29.7844,0.1059,143.4202,0.1901,36.0900]
[37.6994,29.4088,0.0791,143.5641,0.1742,36.0800]
[37.6994,29.0170,0.1168,143.5047,0.1263,36.0800]
[37.6994,28.6621,0.0765,143.6226,0.1441,36.0700]
[37.5898,129.4248,0.3885,34.4200,0.0439,36.1800]
[37.5898,127.6667,0.4585,34.3252,0.0427,36.1800]
[37.5898,125.6587,0.5457,34.2945,0.0510,36.1900]
[37.5898,123.8167,0.6282,34.2536,0.0463,36.1900]
[37.5898,121.8188,0.4755,34.2532,0.0478,36.1600]
[37.5898,119.7177,0.5569,34.2368,0.0454,36.1500]
[37.5898,117.8205,0.4736,34.1621,0.0579,36.1200]
[37.5898,116.5426,0.3867,34.0777,0.0627,36.0100]
[37.5898,114.4219,0.5598,34.1214,0.0482,35.9300]
[37.5898,112.4537,0.5764,34.0937,0.0485,35.8800]
[37.5898,23.7293,0.0859,146.7302,0.1340,35.8900]
[37.5898,23.3773,0.0808,146.4490,0.1838,35.9500]
[37.5898,23.0508,0.1070,146.1770,0.1356,35.9800]
[37.5898,22.5745,0.0930,146.2675,0.1680,36.0200]
[37.5898,22.2539,0.1113,145.9853,0.1209,36.0000]
[37.5898,21.9052,0.0745,146.0342,0.1316,36.0200]
[37.5898,21.5558,0.1065,145.8678,0.1588,36.0300]
[37.5898,21.2534,0.1068,145.6333,0.2384,36.0300]
[37.5898,20.8759,0.1138,145.7945,0.1592,36.0500]
[37.5898,20.4746,0.1228,145.8018,0.1598,36.0600]
[37.4950,90.7186,0.3974,33.8437,0.0496,36.0500]
[37.4950,89.1263,0.5193,33.7814,0.0491,36.0400]
[37.4950,87.2602,0.3771,33.7568,0.0581,36.0700]
[37.4950,85.2533,0.5352,33.7864,0.0583,36.0600]
[37.4950,83.9848,0.3605,33.7556,0.0409,36.0800]
[37.4950,82.6266,0.1925,33.7220,0.0617,36.1100]
[37.4950,81.2253,0.3421,33.6837,0.0625,36.1000]
[37.4950,79.9531,0.5729,33.6673,0.0321,36.0600]
[37.4950,78.0518,0.2726,33.6847,0.0568,36.0300]
[37.4950,76.6467,0.3565,33.6772,0.0612,36.0100]
[37.4950,15.8161,0.0684,148.3875,0.1734,36.0600]
[37.4950,15.6351,0.0578,148.1785,0.1190,36.0800]
[37.4950,15.3701,0.0671,148.1572,0.1050,36.1300]
[37.4950,15.1358,0.0918,148.1640,0.1661,36.1700]
[37.4950,14.8388,0.0713,148.2478,0.1415,36.1900]
[37.4950,14.5287,0.0688,148.3582,0.1274,36.1300]
[37.4950,14.2418,0.0972,148.2373,0.1394,36.1600]
[37.4950,13.9824,0.0519,148.2140,0.1455,36.1900]
[37.4950,13.7245,0.0580,148.2823,0.1701,36.2000]
[37.4950,13.4444,0.0416,148.4264,0.1767,36.1600]
[37.4031,61.3976,0.3013,33.7541,0.0456,36.2400]
[37.4031,59.9450,0.3296,33.7406,0.0640,36.3100]
[37.4031,58.9003,0.4014,33.7753,0.0541,36.3700]
[37.4031,57.9704,0.3177,33.8066,0.0586,36.4000]
[37.4031,57.0365,0.2220,33.8490,0.0539,36.3600]
[37.4031,56.0561,0.2251,33.8660,0.0639,36.3200]
[37.4031,54.9013,0.2665,33.9123,0.0399,36.2600]
[37.4031,53.9844,0.1852,33.9426,0.0507,36.1800]
[37.4031,53.0383,0.2514,34.0260,0.0368,36.1800]
[37.4031,52.1257,0.2117,34.0302,0.0604,36.1800]
[37.4031,10.7899,0.0636,150.0248,0.1605,36.1400]
[37.4031,10.5880,0.0525,150.3082,0.1311,36.1400]
[37.4031,10.4162,0.0581,150.4994,0.1559,36.1500]
[37.4031,10.2393,0.0660,150.4945,0.1657,36.1600]
[37.4031,10.1070,0.0502,150.6804,0.1332,36.1000]
[37.4031,9.9349,0.0523,150.8506,0.1583,36.0500]
[37.4031,9.7712,0.0432,150.9597,0.1307,36.0400]
[37.4031,9.5875,0.0592,151.2325,0.1434,36.0200]
[37.4031,9.4659,0.0618,151.2745,0.0997,35.9500]
[37.4031,9.3852,0.0490,151.2703,0.0786,35.9100]
[37.3082,42.3146,0.2049,34.4187,0.0341,35.9100]
[37.3082,41.6344,0.1444,34.4061,0.0559,35.9200]
[37.3082,41.1245,0.1226,34.4267,0.0537,35.9000]
[37.3082,40.6488,0.1034,34.4493,0.0552,35.9300]
[37.3082,40.1663,0.1620,34.4433,0.0336,35.9900]
[37.3082,39.6941,0.1227,34.4629,0.0400,35.9900]
[37.3082,39.3227,0.1022,34.4890,0.0421,35.9700]
[37.3082,38.8216,0.1142,34.4760,0.0388,35.8800]
[37.3082,38.4996,0.0973,34.4864,0.0453,35.8400]
[37.3082,38.1133,0.0850,34.4651,0.0434,35.8100]
[37.3082,8.1462,0.0399,149.7054,0.1034,35.8300]
[37.3082,8.0743,0.0487,149.5474,0.1496,35.7700]
[37.3082,8.0009,0.0408,149.3017,0.1041,35.7800]
[37.3082,7.9198,0.0476,149.0197,0.1167,35.7500]
[37.3082,7.8601,0.0540,148.8173,0.0581,35.7500]
[37.3082,7.8241,0.0439,148.6909,0.1424,35.7600]
[37.3082,7.7447,0.0437,148.3790,0.0857,35.7500]
[37.3082,7.6911,0.0464,148.1259,0.1672,35.7300]
[37.3082,7.6337,0.0456,147.7652,0.1104,35.7500]
[37.3082,7.6045,0.0581,147.5045,0.1631,35.7000]
[37.2134,34.7057,0.0379,33.9368,0.0477,35.7700]
[37.2134,34.6504,0.0367,33.8839,0.0493,35.7700]
[37.2134,34.6300,0.0399,33.7887,0.0383,35.7600]
[37.2134,34.6096,0.0447,33.7369,0.0511,35.8100]
[37.2134,34.5897,0.0501,33.6797,0.0459,35.8500]
[37.2134,34.6159,0.0458,33.6987,0.0558,35.8900]
[37.2134,34.5756,0.0303,33.5730,0.0405,35.9600]
[37.2134,34.5692,0.0473,33.4597,0.0548,35.9000]
[37.2134,34.5817,0.0450,33.3980,0.0465,35.8800]
[37.2134,34.5711,0.0473,33.2987,0.0614,35.8200]
[37.2134,7.5257,0.0423,142.6382,0.1947,35.7600]
[37.2134,7.5254,0.0578,141.8574,0.2751,35.8100]
[37.2134,7.5204,0.0398,140.9285,0.4413,35.8200]
[37.2134,7.5204,0.0461,140.1552,0.2818,35.7900]
[37.2134,7.5252,0.0511,139.3113,0.2834,35.7800]
[37.2134,7.5191,0.0391,138.1745,0.3342,35.7600]
[37.2134,7.5230,0.0591,136.7493,0.2765,35.7400]
[37.2134,7.5292,0.0457,135.8162,0.2852,35.7100]
[37.2134,7.5218,0.0604,134.5349,0.3806,35.7100]
[37.2134,7.5288,0.0428,132.9407,0.2982,35.6500]
[37.1155,35.0053,0.0614,28.1702,0.1194,35.5700]
[37.1155,35.2376,0.1136,27.7671,0.0971,35.5800]
[37.1155,35.4925,0.0755,27.3663,0.1070,35.6200]
[37.1155,35.7657,0.0946,26.9400,0.1141,35.6200]
[37.1155,36.0672,0.1174,26.5086,0.1210,35.6500]
[37.1155,36.3715,0.1228,26.0535,0.1191,35.6900]
[37.1155,36.7608,0.1191,25.6315,0.1140,35.6800]
[37.1155,37.1445,0.1350,25.1949,0.1023,35.6800]
[37.1155,37.5763,0.1517,24.7175,0.1318,35.6700]
[37.1155,38.0018,0.1969,24.2677,0.1227,35.6700]
[37.1155,8.4776,0.0506,106.3982,0.4372,35.5900]
[37.1155,8.6043,0.0693,104.3155,0.5028,35.5900]
[37.1155,8.7252,0.0588,102.6563,0.4804,35.6000]
[37.1155,8.8556,0.0643,100.6845,0.4511,35.5900]
[37.1155,9.0136,0.0701,98.5338,0.4681,35.5700]
[37.1155,9.1544,0.0680,96.7463,0.4470,35.6100]
[37.1155,9.3178,0.0710,94.8130,0.5023,35.5500]
[37.1155,9.4821,0.0744,93.0247,0.5565,35.5700]
[37.1155,9.6926,0.0855,90.8496,0.5098,35.5600]
[37.1155,9.8276,0.0583,89.1635,0.4071,35.5700]
[37.0207,46.1613,0.2403,18.8459,0.1111,35.5100]
[37.0207,47.0451,0.1668,18.4427,0.1048,35.5000]
[37.0207,47.7621,0.2223,18.0604,0.1037,35.4800]
[37.0207,48.7503,0.2365,17.6519,0.0998,35.4600]
[37.0207,49.5804,0.3104,17.2526,0.1098,35.4700]
[37.0207,50.6613,0.3194,16.8267,0.1101,35.4900]
[37.0207,51.5326,0.2384,16.4570,0.0812,35.5200]
[37.0207,52.4747,0.2933,16.1166,0.1041,35.5500]
[37.0207,53.4104,0.2818,15.7533,0.1037,35.5700]
[37.0207,54.4843,0.3209,15.3563,0.0961,35.5800]
[37.0207,12.5960,0.0802,67.1607,0.3933,35.6500]
[37.0207,12.8612,0.0713,65.5040,0.3980,35.6600]
[37.0207,13.0804,0.0688,63.9593,0.4408,35.7200]
[37.0207,13.3301,0.0910,62.3988,0.3395,35.7600]
[37.0207,13.5931,0.0994,60.9930,0.3994,35.8100]
[37.0207,13.8554,0.0862,59.5565,0.3848,35.8600]
[37.0207,14.0851,0.0722,58.2102,0.3133,35.8600]
[37.0207,14.3328,0.0741,56.9077,0.2742,35.9100]
[37.0207,14.5990,0.0965,55.5719,0.3623,35.9200]
[37.0207,14.8707,0.0865,54.2134,0.3061,35.9500]
[36.9258,68.6360,0.2696,11.2962,0.0743,35.9000]
[36.9258,69.7814,0.3393,11.0017,0.0709,35.8900]
[36.9258,70.9496,0.3600,10.7569,0.0675,35.8900]
[36.9258,72.2287,0.3610,10.4998,0.0731,35.8900]
[36.9258,73.4020,0.2536,10.2455,0.0542,35.8900]
[36.9258,74.7868,0.3972,10.0321,0.0666,35.9000]
[36.9258,76.0135,0.3200,9.7961,0.0640,35.9300]
[36.9258,77.4950,0.4537,9.5758,0.0642,35.9600]
[36.9258,79.1119,0.4422,9.3397,0.0583,35.9500]
[36.9258,80.2991,0.3386,9.1584,0.0650,35.9800]
[36.9258,18.6212,0.0787,40.6888,0.2084,35.9700]
[36.9258,18.8660,0.1061,39.9460,0.1796,35.9400]
[36.9258,19.2374,0.1216,39.1535,0.1636,35.9400]
[36.9258,19.5893,0.1303,38.4106,0.1640,35.9400]
[36.9258,19.8753,0.1004,37.8307,0.1521,35.9400]
[36.9258,20.1221,0.1077,37.2448,0.1757,35.9900]
[36.9258,20.5283,0.1070,36.6135,0.1494,36.0100]
[36.9258,20.8099,0.0902,36.0775,0.1317,36.0600]
[36.9258,21.1426,0.1065,35.5822,0.1312,36.0900]
[36.9258,21.5033,0.0957,35.0584,0.1130,36.1100]
[36.8309,99.4267,0.3702,7.4357,0.0410,36.1700]
[36.8309,100.8775,0.3901,7.3519,0.0499,36.1900]
[36.8309,102.1960,0.3434,7.2825,0.0463,36.2000]
[36.8309,103.9031,0.3929,7.2137,0.0502,36.2500]
[36.8309,105.1670,0.4059,7.1613,0.0532,36.2700]
[36.8309,106.5842,0.4519,7.1172,0.0454,36.3300]
[36.8309,108.0403,0.3116,7.0791,0.0289,36.3700]
[36.8309,109.3809,0.4999,7.0378,0.0539,36.4100]
[36.8309,110.8574,0.3266,7.0153,0.0488,36.4300]
[36.8309,112.2228,0.4226,6.9946,0.0476,36.4500]
[36.8309,25.5977,0.0914,32.2232,0.0420,36.4900]
[36.8309,25.9215,0.0966,32.1811,0.0442,36.5300]
[36.8309,26.2454,0.1057,32.1564,0.0487,36.5600]
[36.8309,26.5262,0.1169,32.1414,0.0550,36.5700]
[36.8309,26.8645,0.1062,32.1249,0.0563,36.5800]
[36.8309,27.1959,0.1124,32.1161,0.0474,36.5800]
[36.8309,27.4985,0.1011,32.1093,0.0516,36.5600]
[36.8309,27.8076,0.1212,32.1059,0.0502,36.5600]
[36.8309,28.1459,0.0844,32.1040,0.0472,36.5400]
[36.8309,28.4743,0.0837,32.0995,0.0421,36.5600]
[36.7360,130.3585,0.3543,6.9448,0.0415,36.5800]
[36.7360,131.5157,0.3042,6.9367,0.0388,36.6100]
[36.7360,133.0328,0.4709,6.9244,0.0537,36.6400]
[36.7360,134.0866,0.3924,6.9271,0.0513,36.6400]
[36.7360,135.2999,0.2870,6.9254,0.0412,36.6700]
[36.7360,136.6911,0.3552,6.9252,0.0372,36.7100]
[36.7360,138.0139,0.3283,6.9200,0.0425,36.7500]
[36.7360,139.0632,0.2515,6.9227,0.0410,36.7700]
[36.7360,140.1479,0.2295,6.9189,0.0534,36.7700]
[36.7360,141.4837,0.5213,6.9192,0.0584,36.7700]
[36.7360,32.0128,0.0709,32.0535,0.0341,36.8300]
[36.7360,32.2328,0.1079,32.0494,0.0423,36.8400]
[36.7360,32.5164,0.0814,32.0598,0.0387,36.8400]
[36.7360,32.7386,0.0950,32.0470,0.0614,36.8300]
[36.7360,32.9995,0.0894,32.0453,0.0440,36.7700]
[36.7360,33.2204,0.0742,32.0552,0.0415,36.7000]
[36.7360,33.4967,0.0914,32.0534,0.0390,36.6100]
[36.7360,33.6585,0.0647,32.0513,0.0454,36.5400]
[36.7360,33.9638,0.0902,32.0560,0.0371,36.5200]
[36.7360,34.1283,0.1118,32.0499,0.0494,36.5100]
[36.6263,152.6854,0.2710,7.0101,0.0372,36.5700]
[36.6263,153.4878,0.2883,6.9980,0.0400,36.5100]
[36.6263,154.0732,0.2138,6.9965,0.0461,36.4800]
[36.6263,154.9841,0.2784,6.9990,0.0477,36.4300]
[36.6263,155.6018,0.1937,7.0096,0.0407,36.4200]
[36.6263,156.3167,0.2030,7.0129,0.0426,36.3700]
[36.6263,156.9986,0.2357,7.0346,0.0392,36.3400]
[36.6263,157.8140,0.2543,7.0471,0.0486,36.3000]
[36.6263,158.5593,0.1492,7.0788,0.0494,36.2800]
[36.6263,159.0787,0.2637,7.1173,0.0393,36.2700]
[36.6263,31.3388,0.0523,33.5612,0.0781,36.2900]
[36.6263,31.4313,0.0625,33.8093,0.0659,36.2900]
[36.6263,31.5286,0.0556,33.9890,0.0846,36.2700]
[36.6263,31.6011,0.0919,34.2168,0.0613,36.2600]
[36.6263,31.7358,0.0652,34.4373,0.0932,36.2600]
[36.6263,31.8299,0.0550,34.6089,0.0591,36.3200]
[36.6263,31.9212,0.0398,34.7979,0.0849,36.3800]
[36.6263,31.9736,0.0530,35.0077,0.0768,36.4500]
[36.6263,32.0496,0.0435,35.2046,0.0630,36.5000]
[36.6263,32.1138,0.0441,35.4137,0.0562,36.5600]
[36.5314,166.2460,0.2001,7.6392,0.0398,36.5000]
[36.5314,166.6282,0.1087,7.6826,0.0447,36.4800]
[36.5314,166.8598,0.2018,7.7292,0.0614,36.3600]
[36.5314,167.3672,0.1789,7.7804,0.0454,36.2800]
[36.5314,167.6992,0.2081,7.8300,0.0633,36.2400]
[36.5314,168.0148,0.1249,7.8738,0.0457,36.1800]
[36.5314,168.3593,0.2304,7.9289,0.0466,36.1800]
[36.5314,168.5751,0.2534,7.9626,0.0508,36.1300]
[36.5314,168.8662,0.2158,8.0060,0.0426,36.0800]
[36.5314,169.1846,0.3072,8.0437,0.0576,36.0300]
[36.5314,32.9915,0.0515,38.2759,0.0766,36.0000]
[36.5314,33.0177,0.0561,38.4736,0.0910,36.0300]
[36.5314,33.0488,0.0536,38.7010,0.0959,36.0600]
[36.5314,33.0430,0.0571,38.9698,0.1034,36.1000]
[36.5314,33.0593,0.0490,39.2245,0.1112,36.1000]
[36.5314,33.1109,0.0539,39.4982,0.0958,36.1200]
[36.5314,33.1554,0.0451,39.7418,0.1257,36.1700]
[36.5314,33.1632,0.0545,40.1477,0.1215,36.2000]
[36.5314,33.1734,0.0523,40.5627,0.1582,36.1900]
[36.5314,33.1796,0.0560,41.1458,0.1928,36.1700]
[36.4365,171.2913,0.1859,8.8483,0.0452,36.3000]
[36.4365,171.4768,0.2043,9.0099,0.0793,36.3600]
[36.4365,171.7339,0.1740,9.2032,0.0522,36.4000]
[36.4365,171.9139,0.1803,9.3351,0.0821,36.3600]
[36.4365,172.0529,0.1609,9.4332,0.0367,36.4000]
[36.4365,172.0814,0.1302,9.5477,0.0603,36.4000]
[36.4365,172.2092,0.1776,9.7399,0.0616,36.4300]
[36.4365,172.4310,0.1172,9.8586,0.0638,36.4200]
[36.4365,172.5777,0.1890,10.0284,0.0670,36.4000]
[36.4365,172.5114,0.2113,10.1888,0.0717,36.3600]
[36.4365,33.4226,0.0377,50.2984,0.2755,36.3200]
[36.4365,33.4128,0.0649,51.3196,0.2239,36.3900]
[36.4365,33.4506,0.0524,52.2652,0.2793,36.4300]
[36.4365,33.4504,0.0625,53.1644,0.3095,36.4700]
[36.4365,33.4897,0.0455,54.1719,0.2806,36.5200]
[36.4365,33.5158,0.0403,55.2525,0.3000,36.5800]
[36.4365,33.5217,0.0647,56.3531,0.2349,36.6400]
[36.4365,33.5204,0.0456,57.4206,0.2601,36.7000]
[36.4365,33.5334,0.0472,58.6679,0.2785,36.7100]
[36.4365,33.5612,0.0402,59.5991,0.2958,36.7200]
[36.3416,174.4324,0.1809,12.9859,0.0942,36.7500]
[36.3416,174.3342,0.1131,13.2539,0.0633,36.7700]
[36.3416,174.4973,0.1614,13.4636,0.0840,36.8000]
[36.3416,174.2972,0.2017,13.7346,0.1014,36.8300]
[36.3416,174.4897,0.1898,13.9959,0.1101,36.8300]
[36.3416,174.5436,0.2483,14.2170,0.0879,36.8300]
[36.3416,174.5075,0.3272,14.4845,0.0911,36.8100]
[36.3416,174.2738,0.2223,14.7309,0.0903,36.8300]
[36.3416,174.3146,0.1350,15.0106,0.0861,36.8800]
[36.3416,174.1129,0.2733,15.2857,0.1049,36.9100]
[36.3416,33.5753,0.0479,75.4504,0.2882,36.9800]
[36.3416,33.5900,0.0550,76.7317,0.2815,37.0100]
[36.3416,33.5651,0.0500,78.1895,0.3596,37.0600]
[36.3416,33.5576,0.0532,79.6659,0.4116,37.0800]
[36.3416,33.5368,0.0392,81.2295,0.3174,37.0600]
[36.3416,33.5314,0.0423,82.6232,0.3540,37.0400]
[36.3416,33.5550,0.0431,84.0555,0.4902,37.0000]
[36.3416,33.5438,0.0460,85.6922,0.3943,36.9100]
[36.3416,33.5258,0.0581,87.1878,0.4683,36.9300]
[36.3416,33.5304,0.0342,88.5806,0.3719,36.9400]
[36.2467,172.0928,0.0780,19.3230,0.0755,36.9600]
[36.2467,172.3275,0.2696,19.5049,0.0940,36.9600]
[36.2467,172.3451,0.1646,19.8694,0.1083,36.8900]
[36.2467,172.3435,0.1162,20.2073,0.1016,36.9300]
[36.2467,172.4908,0.1746,20.5296,0.0841,36.9000]
[36.2467,172.4559,0.1755,20.8589,0.1199,36.8400]
[36.2467,172.6062,0.1342,21.1929,0.0950,36.8000]
[36.2467,172.5490,0.1528,21.4902,0.0902,36.7800]
[36.2467,172.4202,0.1615,21.8220,0.0978,36.7400]
[36.2467,172.5639,0.1344,22.1407,0.1015,36.6700]
[36.2467,33.3837,0.0335,107.7177,0.4548,36.5200]
[36.2467,33.3737,0.0430,109.3697,0.4043,36.5100]
[36.2467,33.3658,0.0520,110.7770,0.4096,36.5400]
[36.2467,33.3582,0.0385,112.3719,0.4369,36.5000]
[36.2467,33.3550,0.0516,113.7182,0.3729,36.4300]
[36.2467,33.3597,0.0344,115.3640,0.4401,36.3700]
[36.2467,33.3786,0.0623,117.1137,0.4977,36.3000]
[36.2467,33.3788,0.0497,118.6884,0.3393,36.3000]
[36.2467,33.3725,0.0579,120.1861,0.3327,36.2700]
[36.2467,33.3779,0.0512,121.6185,0.3953,36.2900]
[36.1517,182.0934,0.1649,28.9351,0.0902,36.2100]
[36.1517,182.0824,0.1388,29.2306,0.0940,36.2400]
[36.1517,182.0433,0.1359,29.5243,0.0944,36.2500]
[36.1517,182.2172,0.2085,29.8334,0.1133,36.2600]
[36.1517,182.1196,0.1548,30.1195,0.1138,36.1900]
[36.1517,182.0312,0.1509,30.4102,0.0994,36.2100]
[36.1517,182.2278,0.1487,30.7329,0.0869,36.2700]
[36.1517,182.1071,0.1818,31.0209,0.0900,36.3100]
[36.1517,182.0211,0.1417,31.2679,0.1127,36.3600]
[36.1517,182.2730,0.1353,31.5431,0.0814,36.4000]
[36.1517,37.2654,0.0398,149.8791,0.2562,36.3800]
[36.1517,37.1965,0.0348,150.9070,0.3430,36.3200]
[36.1517,37.1913,0.0529,151.8086,0.3308,36.2700]
[36.1517,37.2106,0.0538,152.5479,0.3333,36.2300]
[36.1517,37.1695,0.0388,154.1350,0.3217,36.2200]
[36.1517,37.1525,0.0582,155.0490,0.2427,36.1000]
[36.1517,37.1077,0.0502,156.1020,0.3579,36.0500]
[36.1517,37.1049,0.0432,156.8610,0.1436,35.9900]
[36.1517,37.0674,0.0426,157.6077,0.2535,35.9700]
[36.1517,37.0527,0.0404,158.5019,0.3054,35.9200]
[36.0568,181.2776,0.0822,34.3269,0.0652,35.8800]
[36.0568,181.2732,0.1185,34.4900,0.0696,35.8600]
[36.0568,181.2670,0.0990,34.6372,0.0634,35.7800]
[36.0568,181.4075,0.1525,34.8007,0.0761,35.7000]
[36.0568,181.5072,0.1526,34.9663,0.0769,35.7200]
[36.0568,181.5408,0.1991,35.1016,0.0610,35.6600]
[36.0568,181.6308,0.1566,35.2399,0.0579,35.6100]
[36.0568,181.5182,0.1481,35.3204,0.0381,35.5600]
[36.0568,181.5739,0.0991,35.3982,0.0431,35.5800]
[36.0568,181.4602,0.1111,35.4604,0.0543,35.6000]
[36.0568,36.8405,0.0332,166.0548,0.1137,35.6600]
[36.0568,36.8424,0.0391,166.4144,0.1579,35.6800]
[36.0568,36.8504,0.0538,166.9042,0.2191,35.6600]
[36.0568,36.8385,0.0611,167.0327,0.1911,35.6600]
[36.0568,36.8349,0.0678,167.2601,0.2100,35.6400]
[36.0568,36.8428,0.0374,167.5155,0.1034,35.6200]
[36.0568,36.8577,0.0521,167.6250,0.1254,35.6500]
[36.0568,36.8412,0.0544,167.8295,0.1620,35.7300]
[36.0568,36.8241,0.0533,167.8923,0.1506,35.7900]
[36.0568,36.8362,0.0435,168.1218,0.1357,35.8600]
[35.9619,181.7684,0.1612,35.9882,0.0411,35.9300]
[35.9619,181.9082,0.1893,36.0244,0.0502,35.9800]
[35.9619,181.9297,0.1707,36.0467,0.0602,36.0400]
[35.9619,181.8785,0.1415,36.0046,0.0519,36.0900]
[35.9619,181.7341,0.1192,36.0051,0.0424,36.1300]
[35.9619,181.7672,0.1823,35.9926,0.0611,36.1300]
[35.9619,181.6497,0.2255,35.9386,0.0612,36.1300]
[35.9619,181.5910,0.1895,35.9407,0.0535,36.1600]
[35.9619,181.5573,0.1838,35.9533,0.0403,36.1600]
[35.9619,181.5391,0.1851,35.9516,0.0473,36.1100]
[35.9619,36.6140,0.0407,168.0646,0.1247,36.0200]
[35.9619,36.5893,0.0489,167.9968,0.1278,35.9500]
[35.9619,36.5766,0.0508,167.9174,0.1400,35.9000]
[35.9619,36.5693,0.0569,167.8600,0.2455,35.8600]
[35.9619,36.5632,0.0528,167.8158,0.1127,35.8100]
[35.9619,36.5713,0.0558,167.9347,0.1502,35.8300]
[35.9619,36.5361,0.0630,167.8373,0.1492,35.8100]
[35.9619,36.5177,0.0456,167.7893,0.1886,35.8500]
[35.9619,36.5364,0.0603,167.8597,0.1974,35.8300]
[35.9619,36.5533,0.0539,167.8718,0.1619,35.7500]
[35.8669,181.7745,0.1940,35.7588,0.0409,35.6700]
[35.8669,181.8142,0.1345,35.7380,0.0331,35.6000]
[35.8669,181.7755,0.1554,35.7486,0.0616,35.6100]
[35.8669,181.7287,0.1141,35.7066,0.0395,35.5900]
[35.8669,181.7360,0.1238,35.6770,0.0539,35.6100]
[35.8669,181.7662,0.1093,35.6938,0.0273,35.6200]
[35.8669,181.7276,0.1378,35.6817,0.0356,35.6300]
[35.8669,181.7655,0.1526,35.7050,0.0508,35.6400]
[35.8669,181.7292,0.2236,35.6923,0.0627,35.6600]
[35.8669,181.5616,0.2135,35.6461,0.0481,35.6800]
[35.8669,36.9406,0.0495,167.7060,0.1861,35.7100]
[35.8669,36.9049,0.0441,167.6218,0.1439,35.7300]
[35.8669,36.8929,0.0425,167.6217,0.1373,35.7400]
[35.8669,36.8688,0.0444,167.4212,0.1314,35.7800]
[35.8669,36.8674,0.0592,167.4437,0.1817,35.7900]
[35.8669,36.8843,0.0412,167.5467,0.2068,35.8100]
[35.8669,36.8398,0.0657,167.4932,0.1749,35.8200]
[35.8669,36.8127,0.0552,167.3390,0.1189,35.8700]
[35.8669,36.7841,0.0397,167.2675,0.1403,35.8600]
[35.8669,36.8194,0.0400,167.3622,0.1027,35.8500]
[35.7720,181.6064,0.1139,35.4288,0.0337,35.8900]
[35.7720,181.6551,0.1581,35.4122,0.0460,35.8700]
[35.7720,181.5411,0.1226,35.3830,0.0415,35.8600]
[35.7720,181.4140,0.1130,35.3650,0.0410,35.8100]
[35.7720,181.2919,0.1605,35.3463,0.0432,35.8300]
[35.7720,181.1537,0.1014,35.3209,0.0372,35.8800]
[35.7720,181.2150,0.1251,35.3423,0.0337,35.8900]
[35.7720,181.1964,0.1144,35.3267,0.0324,35.9300]
[35.7720,181.2151,0.1481,35.3375,0.0466,35.9000]
[35.7720,181.0550,0.1767,35.2709,0.0594,35.9200]
[35.7720,36.3261,0.0368,167.3111,0.1663,35.9700]
[35.7720,36.2757,0.0403,167.2300,0.1345,35.9500]
[35.7720,36.2619,0.0312,167.2491,0.1109,35.8600]
[35.7720,36.2636,0.0526,167.0970,0.1668,35.7600]
[35.7720,36.2642,0.0420,167.1467,0.1438,35.7600]
[35.7720,36.2440,0.0377,166.9722,0.1678,35.8200]
[35.7720,36.2303,0.0477,167.1122,0.1537,35.8200]
[35.7720,36.2127,0.0483,167.0052,0.1628,35.8900]
[35.7720,36.1774,0.0563,166.9667,0.1945,35.9200]
[35.7720,36.1790,0.0525,166.9685,0.1877,35.9100]
[35.6741,181.9323,0.1808,35.8218,0.0385,35.9100]
[35.6741,181.6993,0.1655,35.7522,0.0364,35.9500]
[35.6741,181.6178,0.1874,35.7212,0.0437,35.9600]
[35.6741,181.5647,0.2018,35.7151,0.0434,36.0100]
[35.6741,181.5518,0.1776,35.7147,0.0417,36.0400]
[35.6741,181.5936,0.1643,35.6993,0.0473,36.0300]
[35.6741,181.6190,0.1280,35.7035,0.0395,36.0900]
[35.6741,181.4958,0.1641,35.6614,0.0542,36.1400]
[35.6741,181.5467,0.1565,35.6555,0.0495,36.1400]
[35.6741,181.7085,0.1412,35.7058,0.0524,36.1100]
[35.6741,36.8523,0.0402,168.0970,0.1733,36.2200]
[35.6741,36.8385,0.0481,168.1112,0.1944,36.1600]
[35.6741,36.8494,0.0494,168.1622,0.2299,36.2100]
[35.6741,36.8521,0.0594,168.2126,0.1783,36.1200]
[35.6741,36.8479,0.0586,168.1714,0.1531,36.0700]
[35.6741,36.8327,0.0302,168.1771,0.1195,36.1100]
[35.6741,36.8197,0.0534,168.1738,0.1727,36.1500]
[35.6741,36.8215,0.0422,168.1333,0.1745,36.1900]
[35.6741,36.7936,0.0339,168.0301,0.1132,36.2200]
[35.6741,36.7779,0.0463,168.0145,0.1312,36.2300]
[35.5791,180.8485,0.1520,35.7665,0.0399,36.2200]
[35.5791,180.8943,0.1514,35.7437,0.0425,36.2800]
[35.5791,180.7633,0.1344,35.6953,0.0401,36.3200]
[35.5791,180.7704,0.1466,35.6971,0.0452,36.3500]
[35.5791,180.9331,0.2135,35.7167,0.0517,36.3700]
[35.5791,180.8634,0.1204,35.6987,0.0325,36.3500]
[35.5791,180.8652,0.1761,35.6894,0.0381,36.2700]
[35.5791,180.7749,0.1124,35.6537,0.0297,36.2100]
[35.5791,180.7428,0.1620,35.6414,0.0521,36.1600]
[35.5791,180.4830,0.1279,35.6026,0.0447,36.1000]
[35.5791,36.8447,0.0363,167.5689,0.0986,35.9700]
[35.5791,36.8182,0.0445,167.5216,0.1295,35.9300]
[35.5791,36.8060,0.0412,167.4541,0.1721,35.8800]
[35.5791,36.8024,0.0403,167.4358,0.1327,35.8600]
[35.5791,36.7840,0.0454,167.2551,0.1445,35.8400]
[35.5791,36.7912,0.0346,167.2775,0.1221,35.8600]
[35.5791,36.7559,0.0327,167.2877,0.1407,35.9000]
[35.5791,36.7669,0.0414,167.3435,0.1543,35.9500]
[35.5791,36.7635,0.0319,167.2559,0.1319,35.9000]
[35.5791,36.7667,0.0361,167.3772,0.1558,35.9000]
[35.4842,180.5070,0.0856,35.4031,0.0405,35.9100]
[35.4842,180.4320,0.1128,35.3535,0.0363,35.9500]
[35.4842,180.3031,0.1336,35.3025,0.0402,35.9700]
[35.4842,180.4529,0.1273,35.3414,0.0459,35.9600]
[35.4842,180.3256,0.1586,35.3414,0.0479,35.9500]
[35.4842,180.2839,0.1652,35.3092,0.0476,35.9600]
[35.4842,180.2656,0.1429,35.2909,0.0472,35.9700]
[35.4842,180.2035,0.1483,35.2791,0.0454,35.9600]
[35.4842,180.2664,0.1515,35.2553,0.0422,35.9600]
[35.4842,180.1877,0.1588,35.2606,0.0361,35.9300]
[35.4842,36.6267,0.0282,166.7032,0.0919,35.9400]
[35.4842,36.5924,0.0392,166.6800,0.1189,35.9400]
[35.4842,36.5893,0.0352,166.8127,0.1085,35.8200]
[35.4842,36.5568,0.0433,166.6841,0.1587,35.7700]
[35.4842,36.5465,0.0452,166.5641,0.1174,35.7200]
[35.4842,36.5252,0.0417,166.3745,0.1371,35.6200]
[35.4842,36.5601,0.0436,166.5865,0.1622,35.5400]
[35.4842,36.5562,0.0457,166.4989,0.1208,35.4400]
[35.4842,36.5617,0.0474,166.4462,0.1380,35.4400]
[35.4842,36.5722,0.0375,166.4619,0.1365,35.4400]
[35.3922,179.9435,0.1438,34.6650,0.0249,35.5200]
[35.3922,179.9666,0.1481,34.6267,0.0501,35.6000]
[35.3922,179.9041,0.1379,34.6178,0.0404,35.6700]
[35.3922,179.8807,0.1735,34.5676,0.0524,35.7200]
[35.3922,179.8194,0.0973,34.5769,0.0412,35.7100]
[35.3922,179.8036,0.0893,34.5743,0.0414,35.7100]
[35.3922,179.8220,0.1175,34.5411,0.0295,35.7200]
[35.3922,179.6690,0.1621,34.5142,0.0480,35.7100]
[35.3922,179.7401,0.1858,34.4960,0.0633,35.7700]
[35.3922,179.6507,0.1317,34.5199,0.0435,35.8300]
[35.3922,36.3014,0.0415,166.0803,0.1490,35.9200]
[35.3922,36.2900,0.0299,165.9906,0.1526,35.9400]
[35.3922,36.3155,0.0362,165.9978,0.1262,35.8700]
[35.3922,36.2929,0.0392,166.0564,0.1195,35.8600]
[35.3922,36.3391,0.0500,166.1066,0.1122,35.7900]
[35.3922,36.3195,0.0338,166.1500,0.1192,35.7700]
[35.3922,36.3320,0.0243,166.2995,0.1048,35.7900]
[35.3922,36.3002,0.0394,166.3134,0.1374,35.7700]
[35.3922,36.2780,0.0338,166.2638,0.0817,35.6300]
[35.3922,36.2786,0.0476,166.2705,0.1445,35.6400]
[35.2972,178.9093,0.1106,34.8447,0.0336,35.5300]
[35.2972,178.9478,0.1375,34.8314,0.0495,35.4400]
[35.2972,178.8100,0.1527,34.8175,0.0614,35.4300]
[35.2972,178.9016,0.1150,34.7924,0.0424,35.4300]
[35.2972,178.7215,0.1289,34.8018,0.0412,35.4400]
[35.2972,178.8254,0.1082,34.8113,0.0501,35.4100]
[35.2972,178.8107,0.1165,34.8363,0.0399,35.4100]
[35.2972,178.7162,0.1544,34.8230,0.0450,35.4200]
[35.2972,178.5448,0.1461,34.7802,0.0508,35.4000]
[35.2972,178.7081,0.1226,34.8194,0.0481,35.3200]
[35.2972,36.2104,0.0468,165.9926,0.1710,35.2600]
[35.2972,36.2182,0.0496,166.0968,0.2078,35.3000]
[35.2972,36.2219,0.0585,166.2360,0.2406,35.2600]
[35.2972,36.2525,0.0377,166.2263,0.1429,35.3400]
[35.2972,36.2498,0.0513,166.1755,0.1490,35.4100]
[35.2972,36.2492,0.0425,166.2859,0.1514,35.4600]
[35.2972,36.1898,0.0368,166.3476,0.0939,35.5100]
[35.2972,36.1723,0.0530,166.2557,0.1358,35.5800]
[35.2972,36.1819,0.0393,166.3805,0.0896,35.6300]
[35.2972,36.1827,0.0407,166.3082,0.1912,35.5800]
[35.1993,178.5131,0.0766,34.7025,0.0307,35.5700]
[35.1993,178.5800,0.1460,34.6876,0.0442,35.5700]
[35.1993,178.4881,0.0992,34.6737,0.0397,35.6200]
[35.1993,178.4599,0.1443,34.6710,0.0367,35.6300]
[35.1993,178.4838,0.1110,34.6649,0.0339,35.6900]
[35.1993,178.3671,0.1626,34.6264,0.0502,35.7400]
[35.1993,178.3365,0.1598,34.5919,0.0483,35.7900]
[35.1993,178.1086,0.1157,34.5347,0.0480,35.8300]
[35.1993,178.0212,0.0976,34.5377,0.0275,35.8600]
[35.1993,177.9754,0.1421,34.5380,0.0420,35.8400]
[35.1993,35.6797,0.0338,163.1822,0.1598,35.8000]
[35.1993,35.6615,0.0331,163.2969,0.1270,35.7700]
[35.1993,35.6379,0.0361,163.1080,0.1606,35.7900]
[35.1993,35.6423,0.0482,163.1362,0.1349,35.7700]
[35.1993,35.6302,0.0428,163.1103,0.1774,35.7400]
[35.1993,35.6253,0.0352,163.3079,0.1583,35.7900]
[35.1993,35.6255,0.0405,163.2761,0.1306,35.8400]
[35.1993,35.5962,0.0353,163.0526,0.1317,35.8800]
[35.1993,35.6024,0.0458,163.0816,0.1411,35.9400]
[35.1993,35.5839,0.0309,163.1402,0.0788,35.9700]
[35.1044,177.5117,0.1353,34.5896,0.0326,36.0200]
[35.1044,177.5054,0.1288,34.5497,0.0328,36.0500]
[35.1044,177.5228,0.1569,34.5477,0.0377,36.0800]
[35.1044,177.4325,0.1620,34.5464,0.0576,36.1100]
[35.1044,177.3650,0.1143,34.5375,0.0250,36.1500]
[35.1044,177.3976,0.1165,34.4977,0.0470,36.2000]
[35.1044,177.2510,0.0832,34.4662,0.0346,36.2400]
[35.1044,177.2986,0.1066,34.4816,0.0426,36.2700]
[35.1044,177.4199,0.1755,34.4606,0.0313,36.3000]
[35.1044,177.3262,0.1436,34.4224,0.0243,36.3100]
[35.1044,35.4951,0.0381,162.9851,0.1042,36.3300]
[35.1044,35.4835,0.0400,162.9269,0.1128,36.3200]
[35.1044,35.4895,0.0402,163.0923,0.1145,36.3100]
[35.1044,35.4639,0.0433,163.1500,0.1238,36.2200]
[35.1044,35.4715,0.0375,162.9613,0.1082,36.1200]
[35.1044,35.4123,0.0298,163.0251,0.0932,36.1200]
[35.1044,35.4090,0.0506,163.0576,0.1786,36.1500]
[35.1044,35.4202,0.0336,162.8377,0.1394,36.1300]
[35.1044,35.4362,0.0328,162.9280,0.1625,36.1200]
[35.1044,35.4313,0.0410,162.9713,0.1487,36.1200]
[35.0094,177.0457,0.1685,34.6422,0.0340,36.1000]
[35.0094,177.0719,0.1101,34.6056,0.0422,36.0600]
[35.0094,177.2451,0.1945,34.6022,0.0355,36.0500]
[35.0094,177.1273,0.1567,34.5817,0.0560,36.0300]
[35.0094,177.1077,0.1239,34.6053,0.0441,36.0700]
[35.0094,177.0649,0.1899,34.6095,0.0569,36.1000]
[35.0094,176.9062,0.1796,34.6077,0.0392,36.1200]
[35.0094,177.1070,0.1285,34.5405,0.0405,36.1700]
[35.0094,177.0931,0.1270,34.5400,0.0288,36.2000]
[35.0094,176.9418,0.1478,34.5871,0.0505,36.2000]
[35.0094,35.5150,0.0300,163.0558,0.1244,36.2000]
[35.0094,35.5174,0.0514,162.9729,0.0869,36.1400]
[35.0094,35.4832,0.0357,162.9175,0.1003,36.0900]
[35.0094,35.4972,0.0325,162.8327,0.1172,36.0800]
[35.0094,35.4730,0.0436,162.6997,0.1173,36.0600]
[35.0094,35.4393,0.0424,162.6564,0.0796,36.0800]
[35.0094,35.4604,0.0447,162.6575,0.1272,36.0900]
[35.0094,35.4370,0.0378,162.6007,0.1512,36.0200]
[35.0094,35.4127,0.0290,162.4729,0.1479,35.9500]
[35.0094,35.4097,0.0435,162.4602,0.1296,35.8400]
[34.9144,176.6150,0.1563,33.7881,0.0348,35.7500]
[34.9144,176.3047,0.1954,33.7633,0.0488,35.6900]
[34.9144,175.7411,0.1395,33.7627,0.0337,35.6100]
[34.9144,176.1323,0.1618,33.6893,0.0434,35.6200]
[34.9144,176.0521,0.1957,33.7005,0.0445,35.6300]
[34.9144,176.0325,0.1396,33.6832,0.0409,35.6400]
[34.9144,175.7998,0.1954,33.6490,0.0343,35.6600]
[34.9144,175.9266,0.1326,33.6647,0.0420,35.6500]
[34.9144,175.6729,0.1898,33.6874,0.0363,35.6600]
[34.9144,175.8938,0.1828,33.6707,0.0324,35.6300]
[34.9144,35.0867,0.0507,161.9379,0.1335,35.6600]
[34.9144,35.0997,0.0314,161.9352,0.1107,35.6800]
[34.9144,35.1043,0.0538,161.9565,0.1807,35.6600]
[34.9144,35.1369,0.0458,162.0342,0.1176,35.6500]
[34.9144,35.1044,0.0409,161.9175,0.1453,35.6000]
[34.9144,35.1011,0.0397,161.9542,0.1159,35.6100]
[34.9144,35.1165,0.0377,162.0228,0.1247,35.6000]
[34.9144,35.1081,0.0269,162.0169,0.1302,35.5100]
[34.9144,35.1079,0.0432,162.0629,0.1426,35.4800]
[34.9144,35.0794,0.0444,162.1346,0.1425,35.4400]
[34.8195,175.3400,0.1206,34.0675,0.0449,35.3500]
[34.8195,175.3422,0.1078,34.0364,0.0399,35.3000]
[34.8195,175.3395,0.1753,34.0208,0.0499,35.2600]
[34.8195,175.2182,0.4624,33.9827,0.0910,35.2900]
[34.8195,175.2408,0.1182,33.9901,0.0327,35.3000]
[34.8195,175.4243,0.1170,34.0234,0.0405,35.2800]
[34.8195,175.2309,0.1257,34.0208,0.0303,35.2700]
[34.8195,175.2264,0.1628,34.0257,0.0409,35.2800]
[34.8195,175.3334,0.1926,34.0319,0.0609,35.2800]
[34.8195,175.1399,0.1467,34.0158,0.0296,35.2900]
[34.8195,35.2753,0.0357,162.2793,0.1742,35.2300]
[34.8195,35.2677,0.0339,162.3242,0.1177,35.2100]
[34.8195,35.2424,0.0313,162.2331,0.1279,35.1700]
[34.8195,35.2329,0.0394,162.1675,0.2301,35.1600]
[34.8195,35.2122,0.0303,162.1020,0.1581,35.1700]
[34.8195,35.2228,0.0399,162.1492,0.1148,35.0800]
[34.8195,35.2007,0.0248,161.9660,0.1507,35.0700]
[34.8195,35.1495,0.0454,161.5923,0.1516,35.0900]
[34.8195,35.1449,0.0399,161.7648,0.1731,35.0700]
[34.8195,35.1443,0.0319,162.0150,0.1194,35.0600]
[34.7216,171.7821,0.1573,33.3713,0.0543,35.0100]
[34.7216,171.7248,0.1521,33.3849,0.0546,35.0200]
[34.7216,171.6943,0.1472,33.3782,0.0477,35.0500]
[34.7216,171.6140,0.1805,33.3243,0.0577,35.0400]
[34.7216,171.5172,0.1899,33.2941,0.0675,35.0200]
[34.7216,171.4500,0.1565,33.2999,0.0419,35.0400]
[34.7216,171.4519,0.1212,33.2894,0.0405,35.0600]
[34.7216,171.4869,0.1669,33.2427,0.0400,35.0800]
[34.7216,171.3467,0.1349,33.2195,0.0515,35.0800]
[34.7216,171.2888,0.1179,33.2075,0.0497,35.0900]
[34.7216,33.9807,0.0383,159.1746,0.1419,35.1700]
[34.7216,33.9585,0.0431,159.1059,0.1267,35.1900]
[34.7216,33.9594,0.0429,158.9594,0.1870,35.2100]
[34.7216,33.9507,0.0322,158.9407,0.1246,35.1700]
[34.7216,33.9577,0.0546,158.9897,0.1483,35.1700]
[34.7216,33.9562,0.0407,159.1484,0.1073,35.1700]
[34.7216,33.9279,0.0405,159.1184,0.2072,35.2000]
[34.7216,33.9436,0.0642,159.0372,0.1981,35.2200]
[34.7216,33.8878,0.0452,158.8598,0.1423,35.2300]
[34.7216,33.8652,0.0375,158.7065,0.1204,35.2100]
[34.6296,170.5558,0.1104,32.9242,0.0487,35.1900]
[34.6296,170.5251,0.1250,32.8899,0.0404,35.1900]
[34.6296,170.4758,0.1230,32.8111,0.0446,35.1700]
[34.6296,170.4179,0.1379,32.8046,0.0421,35.1700]
[34.6296,170.3559,0.1474,32.7895,0.0428,35.1700]
[34.6296,170.3058,0.1171,32.7995,0.0467,35.1700]
[34.6296,170.1962,0.0974,32.8118,0.0435,35.2000]
[34.6296,170.1620,0.1401,32.8302,0.0359,35.2400]
[34.6296,170.2394,0.1503,32.8145,0.0392,35.2900]
[34.6296,170.2864,0.0961,32.7620,0.0597,35.3200]
[34.6296,34.0686,0.0273,158.7265,0.1316,35.3600]
[34.6296,34.0312,0.0490,158.7348,0.1561,35.3500]
[34.6296,34.0139,0.0387,158.7645,0.1199,35.3600]
[34.6296,33.9647,0.0447,158.5549,0.1126,35.3500]
[34.6296,34.0209,0.0433,158.7074,0.1180,35.3100]
[34.6296,34.0050,0.0427,158.6321,0.0946,35.2600]
[34.6296,34.0032,0.0455,158.6816,0.0779,35.1500]
[34.6296,33.9883,0.0411,158.6560,0.1064,35.1500]
[34.6296,33.9801,0.0458,158.5675,0.1190,35.1300]
[34.6296,33.9609,0.0550,158.5359,0.1266,35.1200]
[34.5316,170.9181,0.0822,32.8820,0.0330,35.1500]
[34.5316,170.8249,0.0866,32.8539,0.0389,35.1200]
[34.5316,170.8109,0.1379,32.8574,0.0459,35.1400]
[34.5316,170.7424,0.1041,32.7925,0.0521,35.1000]
[34.5316,170.7005,0.1499,32.7692,0.0649,35.1200]
[34.5316,170.5709,0.1270,32.8229,0.0339,35.1400]
[34.5316,170.5678,0.0980,32.8119,0.0353,35.1800]
[34.5316,170.5697,0.1675,32.8005,0.0497,35.2000]
[34.5316,170.4612,0.1461,32.7836,0.0332,35.2300]
[34.5316,170.4468,0.1042,32.7924,0.0410,35.2300]
[34.5316,33.7697,0.0300,156.6075,0.0796,35.1900]
[34.5316,33.7653,0.0379,156.6838,0.1081,35.1900]
[34.5316,33.7322,0.0308,156.5868,0.0864,35.1000]
[34.5316,33.7156,0.0369,156.4989,0.0856,35.0400]
[34.5316,33.6951,0.0394,156.3997,0.1275,34.9800]
[34.5316,33.7107,0.0434,156.4423,0.1574,34.9100]
[34.5316,33.6797,0.0462,156.3581,0.0997,34.8900]
[34.5316,33.6649,0.0510,156.3552,0.1361,34.9100]
[34.5316,33.6809,0.0294,156.3711,0.0962,34.9100]
[34.5316,33.6730,0.0357,156.3781,0.0797,34.8700]
[34.4367,168.9683,0.1396,32.7441,0.0348,34.8900]
[34.4367,168.9837,0.0886,32.7484,0.0276,34.8700]
[34.4367,168.9429,0.1009,32.7599,0.0432,34.8400]
[34.4367,168.8681,0.1258,32.7178,0.0396,34.8600]
[34.4367,168.7938,0.1373,32.7181,0.0369,34.8300]
[34.4367,168.6905,0.1523,32.6907,0.0324,34.8700]
[34.4367,168.6560,0.1147,32.6795,0.0399,34.8400]
[34.4367,168.5954,0.1207,32.6728,0.0368,34.8900]
[34.4367,168.6470,0.1267,32.6771,0.0385,34.8800]
[34.4367,168.6106,0.1246,32.6709,0.0438,34.9600]
[34.4367,33.3216,0.0366,157.1265,0.1565,35.0300]
[34.4367,33.3068,0.0320,157.1552,0.1446,35.0400]
[34.4367,33.2932,0.0381,157.1230,0.1803,35.0800]
[34.4367,33.2667,0.0454,157.0686,0.1419,35.1400]
[34.4367,33.2687,0.0436,157.1310,0.1207,35.1400]
[34.4367,33.2456,0.0349,157.0259,0.1049,35.1600]
[34.4367,33.2297,0.0429,157.0829,0.1445,35.1900]
[34.4367,33.2172,0.0322,157.1180,0.0977,35.2100]
[34.4367,33.2163,0.0454,157.0051,0.1157,35.2500]
[34.4367,33.2226,0.0525,157.1609,0.2115,35.2900]
[34.3417,169.0489,0.1226,32.4251,0.0433,35.4000]
[34.3417,169.0543,0.2025,32.4151,0.0539,35.4600]
[34.3417,168.8878,0.1659,32.3895,0.0599,35.5300]
[34.3417,169.0083,0.1715,32.3933,0.0489,35.6000]
[34.3417,168.9948,0.1337,32.3973,0.0314,35.6800]
[34.3417,168.9880,0.1624,32.4068,0.0419,35.6500]
[34.3417,169.0684,0.3282,32.4040,0.0653,35.6800]
[34.3417,169.0409,0.1934,32.4009,0.0448,35.6700]
[34.3417,168.8921,0.1980,32.3613,0.0385,35.6300]
[34.3417,168.7064,0.1336,32.3334,0.0393,35.6400]
[34.3417,32.5147,0.0468,156.1497,0.1528,35.6000]
[34.3417,32.4962,0.0408,156.1376,0.1322,35.6100]
[34.3417,32.4928,0.0476,156.1027,0.1717,35.6100]
[34.3417,32.4587,0.0357,156.0087,0.0894,35.6000]
[34.3417,32.4125,0.0431,155.8187,0.1763,35.6100]
[34.3417,32.4192,0.0430,155.8508,0.1384,35.6200]
[34.3417,32.3773,0.0345,155.6885,0.1489,35.6300]
[34.3417,32.3597,0.0303,155.5834,0.1153,35.6300]
[34.3417,32.3462,0.0279,155.5730,0.1209,35.6400]
[34.3417,32.3443,0.0389,155.5943,0.1819,35.6400]
[34.2467,167.8433,0.1335,31.9933,0.0374,35.6600]
[34.2467,167.7774,0.1414,31.9616,0.0411,35.6900]
[34.2467,167.8458,0.1181,31.9584,0.0415,35.7400]
[34.2467,167.7740,0.1466,31.9342,0.0400,35.7600]
[34.2467,167.8540,0.1269,31.9447,0.0252,35.7400]
[34.2467,167.7350,0.1146,31.9224,0.0372,35.7300]
[34.2467,167.8071,0.1425,31.9486,0.0375,35.7000]
[34.2467,167.7037,0.1490,31.9385,0.0389,35.6500]
[34.2467,167.6145,0.1107,31.9033,0.0377,35.6300]
[34.2467,167.5871,0.1244,31.8794,0.0374,35.6600]
[34.2467,32.3335,0.0297,156.4846,0.1679,35.6400]
[34.2467,32.3034,0.0319,156.3987,0.1733,35.7000]
[34.2467,32.3172,0.0450,156.4460,0.1783,35.6600]
[34.2467,32.2832,0.0363,156.3421,0.1108,35.6100]
[34.2467,32.2941,0.0410,156.3786,0.1110,35.5500]
[34.2467,32.2799,0.0492,156.3810,0.1552,35.5100]
[34.2467,32.2836,0.0412,156.5122,0.1340,35.5300]
[34.2467,32.3037,0.0355,156.5669,0.1263,35.4800]
[34.2467,32.2744,0.0419,156.4959,0.1300,35.4700]
[34.2467,32.2558,0.0323,156.4258,0.1569,35.5000]
[34.1518,163.9168,0.1600,32.0886,0.0465,35.5900]
[34.1518,163.7703,0.1550,32.0460,0.0370,35.6300]
[34.1518,163.7991,0.1542,32.0392,0.0541,35.6600]
[34.1518,163.7330,0.1621,32.0170,0.0405,35.7100]
[34.1518,163.8243,0.1223,32.0264,0.0322,35.7700]
[34.1518,163.9969,0.1509,32.0532,0.0297,35.8400]
[34.1518,164.0826,0.1693,32.0547,0.0417,35.8800]
[34.1518,164.0325,0.1518,32.0379,0.0467,35.8300]
[34.1518,164.0553,0.1825,32.0270,0.0499,35.9100]
[34.1518,164.2163,0.2003,32.0539,0.0478,35.9700]
[34.1518,29.1581,0.0568,156.8673,0.1817,36.0100]
[34.1518,29.1263,0.0350,156.8729,0.1484,36.0300]
[34.1518,29.0662,0.0426,156.7174,0.1468,36.0400]
[34.1518,29.0410,0.0415,156.7581,0.0936,36.0600]
[34.1518,29.0140,0.0359,156.6954,0.1592,36.1000]
[34.1518,28.9637,0.0448,156.6288,0.2314,36.1200]
[34.1518,28.9470,0.0391,156.7589,0.1649,36.1700]
[34.1518,28.8779,0.0489,156.6402,0.1632,36.1800]
[34.1518,28.7841,0.0482,156.4770,0.1672,36.1500]
[34.1518,28.8222,0.0357,156.5523,0.1208,36.1600]
[34.0568,166.7582,0.1028,31.9420,0.0313,36.2000]
[34.0568,166.6757,0.0831,31.9085,0.0177,36.2100]
[34.0568,166.5550,0.0783,31.8889,0.0288,36.1600]
[34.0568,166.5144,0.0665,31.8674,0.0287,36.1600]
[34.0568,166.5523,0.1489,31.9112,0.0450,36.0400]
[34.0568,166.5436,0.0910,31.8986,0.0279,36.0100]
[34.0568,166.6242,0.1286,31.9093,0.0248,36.0400]
[34.0568,166.5660,0.2047,31.8862,0.0419,36.0400]
[34.0568,166.5716,0.1129,31.8803,0.0274,36.0400]
[34.0568,166.4212,0.1884,31.8541,0.0473,35.9000]
[34.0568,29.7664,0.0427,156.3448,0.0928,35.8700]
[34.0568,29.7004,0.0731,156.1874,0.1068,35.8300]
[34.0568,29.6875,0.0331,156.2416,0.1052,35.8300]
[34.0568,29.6748,0.0513,156.2112,0.1179,35.8300]
[34.0568,29.6904,0.0591,156.2064,0.0953,35.7300]
[34.0568,29.6788,0.0569,156.0455,0.1243,35.6000]
[34.0568,29.6356,0.0431,155.8353,0.1340,35.5100]
[34.0568,29.6576,0.0338,155.8319,0.1707,35.5200]
[34.0568,29.6270,0.0332,155.6920,0.1045,35.5000]
[34.0568,29.6205,0.0568,155.5920,0.0904,35.4000]
[33.9619,165.6409,0.0894,31.6349,0.0326,35.2400]
[33.9619,165.6251,0.1051,31.6326,0.0354,35.2500]
[33.9619,165.5210,0.0792,31.6080,0.0263,35.1600]
[33.9619,165.4386,0.0826,31.5875,0.0472,35.1300]
[33.9619,165.3323,0.0750,31.5850,0.0340,35.1700]
[33.9619,165.2840,0.1176,31.5598,0.0327,35.2200]
[33.9619,165.1285,0.1470,31.5308,0.0337,35.2400]
[33.9619,164.9721,0.0963,31.5069,0.0323,35.2800]
[33.9619,165.0189,0.1045,31.5079,0.0410,35.2400]
[33.9619,164.7976,0.1055,31.4749,0.0226,35.1800]
[33.9619,28.8826,0.0718,154.5131,0.1352,35.0800]
[33.9619,28.8844,0.0430,154.5697,0.1570,35.1200]
[33.9619,28.9328,0.0344,154.5101,0.1216,35.1000]
[33.9619,28.8865,0.0427,154.4115,0.1464,35.1400]
[33.9619,28.8901,0.0480,154.4171,0.1041,35.1600]
[33.9619,28.9099,0.0426,154.4023,0.0990,35.2000]
[33.9619,28.9037,0.0280,154.3660,0.0982,35.2500]
[33.9619,28.8999,0.0525,154.1484,0.0787,35.3100]
[33.9619,28.8886,0.0514,154.1118,0.1446,35.3200]
[33.9619,28.8917,0.0470,154.1379,0.1236,35.3700]
[33.8639,163.8511,0.1549,30.9972,0.0254,35.3200]
[33.8639,163.8708,0.1842,30.9845,0.0411,35.3500]
[33.8639,163.8548,0.1153,30.9854,0.0452,35.3900]
[33.8639,163.7335,0.1893,30.9740,0.0450,35.4100]
[33.8639,163.6743,0.1717,30.9595,0.0441,35.4600]
[33.8639,163.6313,0.1501,30.9399,0.0309,35.5000]
[33.8639,163.4675,0.0949,30.9284,0.0329,35.5500]
[33.8639,163.3845,0.1338,30.9330,0.0466,35.5400]
[33.8639,163.2982,0.1532,30.9003,0.0335,35.5400]
[33.8639,163.1354,0.1326,30.8540,0.0294,35.6000]
[33.8639,29.0685,0.0411,153.6602,0.1069,35.5400]
[33.8639,29.0295,0.0364,153.6184,0.1023,35.4700]
[33.8639,29.0296,0.0303,153.5673,0.1488,35.4700]
[33.8639,29.0226,0.0295,153.6160,0.0914,35.4600]
[33.8639,29.0199,0.0287,153.5012,0.0928,35.4500]
[33.8639,29.0446,0.0330,153.5577,0.1074,35.4300]
[33.8639,29.0021,0.0238,153.3458,0.1040,35.4100]
[33.8639,29.0039,0.0377,153.3603,0.1212,35.4300]
[33.8639,28.9706,0.0273,153.2867,0.0862,35.4400]
[33.8639,28.9717,0.0276,153.1827,0.0909,35.4300]
[33.7720,162.0738,0.0852,31.1290,0.0318,35.4600]
[33.7720,162.1103,0.1130,31.1321,0.0279,35.4000]
[33.7720,161.9175,0.1131,31.0886,0.0362,35.4000]
[33.7720,161.8168,0.1155,31.0743,0.0444,35.3800]
[33.7720,161.7835,0.1333,31.0704,0.0463,35.3900]
[33.7720,161.6869,0.1677,31.0465,0.0438,35.4200]
[33.7720,161.6517,0.1426,31.0406,0.0381,35.4500]
[33.7720,161.6252,0.1031,31.0401,0.0307,35.4300]
[33.7720,161.5837,0.1089,31.0237,0.0383,35.3900]
[33.7720,161.5317,0.1771,31.0299,0.0483,35.2800]
[33.7720,28.9456,0.0271,152.9105,0.0957,35.1700]
[33.7720,28.9157,0.0409,152.8201,0.1158,35.1200]
[33.7720,28.8908,0.0401,152.6765,0.1245,35.0600]
[33.7720,28.8877,0.0265,152.6333,0.1137,35.0400]
[33.7720,28.8887,0.0375,152.6636,0.1178,35.0000]
[33.7720,28.8995,0.0390,152.7074,0.1172,34.9100]
[33.7720,28.8726,0.0510,152.6746,0.1414,34.8800]
[33.7720,28.8739,0.0360,152.6689,0.1188,34.8300]
[33.7720,28.8488,0.0405,152.5531,0.1182,34.8100]
[33.7720,28.8191,0.0316,152.4426,0.1733,34.8400]
[33.6770,161.3387,0.1777,30.6041,0.0530,34.9000]
[33.6770,161.2792,0.1277,30.5765,0.0360,34.9700]
[33.6770,161.2653,0.1178,30.5671,0.0400,35.0400]
[33.6770,161.2198,0.1502,30.5494,0.0472,35.0700]
[33.6770,161.0840,0.0924,30.5352,0.0391,35.1200]
[33.6770,161.0618,0.1426,30.5056,0.0369,35.1500]
[33.6770,161.0699,0.2073,30.5314,0.0488,35.1500]
[33.6770,160.8486,0.1431,30.4810,0.0436,35.2000]
[33.6770,160.7558,0.1491,30.4608,0.0456,35.2600]
[33.6770,160.6525,0.0986,30.4229,0.0337,35.3200]
[33.6770,28.3232,0.0327,151.6992,0.0882,35.3800]
[33.6770,28.3184,0.0369,151.6950,0.1258,35.3700]
[33.6770,28.3145,0.0462,151.6821,0.1256,35.3600]
[33.6770,28.2948,0.0452,151.6386,0.1544,35.3500]
[33.6770,28.2655,0.0351,151.5587,0.1148,35.3800]
[33.6770,28.2632,0.0494,151.5325,0.1092,35.3000]
[33.6770,28.2601,0.0653,151.5188,0.1130,35.2200]
[33.6770,28.2544,0.0388,151.4436,0.1234,35.1900]
[33.6770,28.2202,0.0327,151.3384,0.1082,35.1800]
[33.6770,28.2080,0.0445,151.2562,0.1352,35.1700]
[33.5850,160.0485,0.1045,30.3425,0.0290,35.1100]
[33.5850,160.0002,0.1310,30.3183,0.0422,35.0700]
[33.5850,159.8363,0.1036,30.2956,0.0411,35.0300]
[33.5850,159.8487,0.0938,30.3029,0.0465,35.0300]
[33.5850,159.8746,0.1436,30.3081,0.0514,35.0200]
[33.5850,159.7539,0.0901,30.2868,0.0508,34.9600]
[33.5850,159.6494,0.1137,30.2807,0.0353,34.9200]
[33.5850,159.7787,0.1797,30.3116,0.0493,34.9000]
[33.5850,159.8218,0.1020,30.3192,0.0411,34.9200]
[33.5850,159.7119,0.0775,30.3068,0.0539,34.9600]
[33.5850,28.8770,0.0547,150.8990,0.1343,34.9400]
[33.5850,28.9536,0.0479,150.9246,0.1149,34.9600]
[33.5850,28.9389,0.0806,150.8065,0.1091,35.0000]
[33.5850,29.0203,0.1562,150.6715,0.1310,34.9500]
[33.5850,28.8929,0.0664,150.5711,0.1123,34.9000]
[33.5850,28.9481,0.0886,150.4767,0.1146,34.9000]
[33.5850,28.9719,0.1149,150.5518,0.0953,34.8600]
[33.5850,28.9427,0.0951,150.5542,0.0677,34.8300]
[33.5850,29.1744,0.1537,150.5993,0.0832,34.8000]
[33.5850,29.0382,0.0816,150.4829,0.0890,34.7700]
[33.4930,157.5851,0.1188,30.3178,0.0426,34.7500]
[33.4930,157.5809,0.1002,30.2993,0.0514,34.7800]
[33.4930,157.5316,0.0861,30.2872,0.0524,34.7200]
[33.4930,157.4752,0.1244,30.2683,0.0516,34.7300]
[33.4930,157.3787,0.1321,30.2521,0.0543,34.7600]
[33.4930,157.3432,0.1050,30.2238,0.0598,34.8000]
[33.4930,157.3502,0.0737,30.2231,0.0417,34.8100]
[33.4930,157.4176,0.0896,30.2321,0.0427,34.8100]
[33.4930,157.2566,0.1270,30.2180,0.0306,34.8000]
[33.4930,157.0905,0.1070,30.1775,0.0521,34.8600]
[33.4930,28.0414,0.0376,149.8147,0.1213,34.9100]
[33.4930,28.0143,0.0596,149.6085,0.1109,34.9400]
[33.4930,27.9792,0.0456,149.5985,0.1290,34.9100]
[33.4930,27.9280,0.0443,149.5212,0.1028,34.9000]
[33.4930,27.9147,0.0380,149.4873,0.1239,34.9300]
[33.4930,27.8846,0.0392,149.4105,0.1008,34.9100]
[33.4930,27.8750,0.0501,149.3821,0.0838,34.9000]
[33.4930,27.8665,0.0578,149.4613,0.0879,34.8700]
[33.4930,27.8525,0.0406,149.4035,0.1083,34.8500]
[33.4930,27.8333,0.0530,149.3158,0.1600,34.8200]
[33.4011,157.9654,0.1506,30.0770,0.0401,34.7800]
[33.4011,157.8835,0.1446,30.0615,0.0489,34.7100]
[33.4011,157.8820,0.1330,30.0744,0.0628,34.6400]
[33.4011,157.8662,0.1252,30.0585,0.0442,34.5800]
[33.4011,157.7824,0.0966,30.0481,0.0412,34.5600]
[33.4011,157.6618,0.1174,30.0130,0.0453,34.5100]
[33.4011,157.6691,0.1197,30.0149,0.0479,34.5200]
[33.4011,157.7233,0.1047,30.0381,0.0434,34.5500]
[33.4011,157.7782,0.0782,30.0472,0.0407,34.6000]
[33.4011,157.7148,0.1239,30.0464,0.0618,34.6500]
[33.4011,31.0318,0.0354,149.7020,0.0806,34.6800]
[33.4011,31.0182,0.0410,149.7090,0.1034,34.6900]
[33.4011,31.0051,0.0490,149.5901,0.0693,34.7000]
[33.4011,30.9922,0.0600,149.5896,0.0941,34.6600]
[33.4011,31.0152,0.0306,149.6869,0.1066,34.6600]
[33.4011,30.9664,0.0393,149.4900,0.0990,34.6700]
[33.4011,30.9653,0.0641,149.5046,0.1938,34.6800]
[33.4011,30.9735,0.0563,149.5264,0.1363,34.6800]
[33.4011,30.9596,0.0443,149.5428,0.0911,34.6700]
[33.4011,30.9651,0.0464,149.5265,0.1756,34.7300]
[33.2972,157.4730,0.1436,29.7187,0.0406,34.7200]
[33.2972,157.5344,0.1672,29.7188,0.0617,34.7400]
[33.2972,157.4817,0.1466,29.7091,0.0632,34.7100]
[33.2972,157.4251,0.1360,29.7156,0.0538,34.6600]
[33.2972,157.3289,0.1183,29.6874,0.0507,34.7100]
[33.2972,157.2374,0.0817,29.6688,0.0509,34.7300]
[33.2972,157.1902,0.1144,29.6656,0.0453,34.7300]
[33.2972,157.1624,0.1209,29.6546,0.0591,34.7200]
[33.2972,157.1280,0.1007,29.6495,0.0561,34.7600]
[33.2972,157.0392,0.1386,29.6240,0.0655,34.7900]
[33.2972,29.8539,0.0368,148.5667,0.0966,34.8000]
[33.2972,29.8353,0.0536,148.5196,0.1198,34.8100]
[33.2972,29.8301,0.0559,148.5132,0.1251,34.7800]
[33.2972,29.8011,0.0485,148.4612,0.0924,34.7800]
[33.2972,29.7917,0.0631,148.4613,0.1571,34.7800]
[33.2972,29.7965,0.0452,148.4558,0.1398,34.8100]
[33.2972,29.8038,0.0648,148.5110,0.1598,34.8400]
[33.2972,29.7873,0.0529,148.4387,0.0942,34.8600]
[33.2972,29.7896,0.0411,148.4959,0.1278,34.8800]
[33.2972,29.7800,0.0528,148.4342,0.0985,34.8500]
[33.2052,156.6015,0.1372,29.7268,0.0435,34.9000]
[33.2052,156.6405,0.1045,29.7193,0.0414,34.9400]
[33.2052,156.5053,0.1389,29.7044,0.0462,34.9000]
[33.2052,156.4305,0.0919,29.6814,0.0454,34.8700]
[33.2052,156.4287,0.1001,29.6849,0.0454,34.9400]
[33.2052,156.4156,0.1261,29.6878,0.0463,34.9700]
[33.2052,156.3970,0.0899,29.6917,0.0432,34.9800]
[33.2052,156.3666,0.0691,29.6696,0.0359,35.0100]
[33.2052,156.2530,0.1325,29.6566,0.0555,35.0200]
[33.2052,156.2189,0.0950,29.6602,0.0482,35.0500]
[33.2052,30.1489,0.0376,147.6115,0.1466,35.0400]
[33.2052,30.1161,0.0517,147.5348,0.1175,35.0500]
[33.2052,30.1104,0.0550,147.5260,0.1444,35.0900]
[33.2052,30.1193,0.0294,147.5387,0.1072,35.1300]
[33.2052,30.1021,0.0417,147.4726,0.1311,35.1700]
[33.2052,30.1265,0.0451,147.5160,0.1816,35.2000]
[33.2052,30.0653,0.0425,147.3382,0.0992,35.1800]
[33.2052,30.0816,0.0504,147.4935,0.1624,35.1900]
[33.2052,30.0708,0.0532,147.4167,0.1234,35.1800]
[33.2052,30.0490,0.0415,147.3004,0.1069,35.1800]
[33.1103,154.8372,0.1041,29.5386,0.0374,35.1900]
[33.1103,154.7383,0.1519,29.5137,0.0417,35.1400]
[33.1103,154.6981,0.1007,29.5061,0.0394,35.1500]
[33.1103,154.5107,0.1944,29.4667,0.0322,35.1600]
[33.1103,154.5874,0.2142,29.4815,0.0588,35.1700]
[33.1103,154.5001,0.1538,29.4644,0.0474,35.1600]
[33.1103,154.3752,0.1509,29.4391,0.0460,35.1800]
[33.1103,154.3415,0.1398,29.4410,0.0397,35.2300]
[33.1103,154.2082,0.1538,29.4016,0.0445,35.2900]
[33.1103,154.0910,0.1229,29.3792,0.0352,35.3500]
[33.1103,29.6273,0.0341,146.9277,0.1467,35.3900]
[33.1103,29.6176,0.0376,146.9415,0.1068,35.4400]
[33.1103,29.5632,0.0479,146.8652,0.1539,35.4700]
[33.1103,29.5868,0.0451,146.8678,0.0839,35.5100]
[33.1103,29.5581,0.0498,146.7548,0.1175,35.5200]
[33.1103,29.5930,0.0372,146.9274,0.1153,35.4800]
[33.1103,29.5530,0.0379,146.7637,0.1122,35.4800]
[33.1103,29.5505,0.0414,146.7652,0.1127,35.4600]
[33.1103,29.5266,0.0320,146.6333,0.1093,35.4300]
[33.1103,29.5263,0.0450,146.6813,0.0976,35.3800]
[33.0183,153.8255,0.0726,29.4009,0.0284,35.2700]
[33.0183,153.7458,0.1204,29.3829,0.0447,35.2400]
[33.0183,153.5610,0.1136,29.3227,0.0399,35.2600]
[33.0183,153.5396,0.1045,29.3298,0.0370,35.3100]
[33.0183,153.5454,0.1351,29.3283,0.0332,35.4000]
[33.0183,153.5359,0.0834,29.3173,0.0381,35.4300]
[33.0183,153.4189,0.1455,29.3016,0.0458,35.4700]
[33.0183,153.4523,0.0855,29.3009,0.0446,35.4800]
[33.0183,153.3345,0.0845,29.2740,0.0312,35.5000]
[33.0183,153.2435,0.1235,29.2680,0.0408,35.5200]
[33.0183,28.8799,0.0303,146.4677,0.1170,35.5000]
[33.0183,28.8564,0.0411,146.4039,0.1436,35.5200]
[33.0183,28.8190,0.0306,146.2946,0.1218,35.5300]
[33.0183,28.7943,0.0366,146.2365,0.1662,35.5200]
[33.0183,28.7937,0.0418,146.2493,0.1522,35.5400]
[33.0183,28.7674,0.0388,146.1359,0.1284,35.5500]
[33.0183,28.7556,0.0381,146.0920,0.1236,35.5800]
[33.0183,28.7449,0.0321,146.0374,0.1470,35.6100]
[33.0183,28.7183,0.0307,145.9641,0.1462,35.6500]
[33.0183,28.7090,0.0384,145.9561,0.1543,35.6500]
[32.9234,152.9145,0.1081,29.2753,0.0266,35.6600]
[32.9234,152.7701,0.1292,29.2445,0.0301,35.7000]
[32.9234,152.6561,0.1041,29.2275,0.0399,35.7500]
[32.9234,152.5611,0.0974,29.1967,0.0311,35.8000]
[32.9234,152.5531,0.1355,29.1922,0.0397,35.8400]
[32.9234,152.4050,0.1619,29.1646,0.0406,35.8600]
[32.9234,152.3083,0.1165,29.1384,0.0371,35.8900]
[32.9234,152.2652,0.2043,29.1416,0.0360,35.8800]
[32.9234,152.2455,0.1990,29.1335,0.0498,35.8600]
[32.9234,152.2087,0.0982,29.1360,0.0429,35.8800]
[32.9234,28.8307,0.0267,145.4056,0.1005,35.8300]
[32.9234,28.8063,0.0316,145.3340,0.0950,35.7800]
[32.9234,28.7989,0.0356,145.2234,0.1119,35.7600]
[32.9234,28.8052,0.0381,145.2884,0.1008,35.7700]
[32.9234,28.8072,0.0290,145.3719,0.0716,35.7900]
[32.9234,28.8044,0.0339,145.3697,0.0705,35.7600]
[32.9234,28.8188,0.0433,145.3423,0.1658,35.6900]
[32.9234,28.7805,0.0442,145.2928,0.1302,35.6000]
[32.9234,28.7671,0.0356,145.2345,0.0877,35.5900]
[32.9234,28.7753,0.0484,145.3095,0.1513,35.5700]
[32.8166,151.7369,0.0995,28.5186,0.0377,35.5800]
[32.8166,151.7278,0.0937,28.5023,0.0416,35.5800]
[32.8166,151.6822,0.1308,28.5022,0.0422,35.5000]
[32.8166,151.6940,0.0994,28.5211,0.0417,35.4400]
[32.8166,151.7389,0.0730,28.5125,0.0411,35.3800]
[32.8166,151.6633,0.1029,28.4799,0.0423,35.3100]
[32.8166,151.5705,0.1050,28.4720,0.0287,35.2300]
[32.8166,151.5748,0.0983,28.4807,0.0393,35.2300]
[32.8166,151.6358,0.0799,28.4811,0.0387,35.2300]
[32.8166,151.5584,0.0895,28.4794,0.0321,35.2100]
[32.8166,28.7147,0.0382,143.8341,0.0825,35.1700]
[32.8166,28.6863,0.0438,143.7303,0.1458,35.1400]
[32.8166,28.6665,0.0401,143.6864,0.0852,35.1100]
[32.8166,28.6598,0.0563,143.7188,0.1125,35.1100]
[32.8166,28.6456,0.0398,143.6939,0.0803,35.1000]
[32.8166,28.6363,0.0408,143.7352,0.0946,35.1100]
[32.8166,28.6226,0.0368,143.7344,0.0875,35.1600]
[32.8166,28.6228,0.0483,143.6924,0.0862,35.1700]
[32.8166,28.6107,0.0481,143.6628,0.1234,35.2200]
[32.8166,28.5783,0.0415,143.5787,0.1149,35.2900]
[32.7247,151.1625,0.1447,28.2516,0.0406,35.3800]
[32.7247,151.0855,0.1093,28.2250,0.0460,35.4200]
[32.7247,151.1574,0.1286,28.2230,0.0404,35.4500]
[32.7247,151.0376,0.1446,28.2000,0.0458,35.4400]
[32.7247,151.0004,0.0993,28.1892,0.0476,35.4700]
[32.7247,151.0493,0.1162,28.2130,0.0466,35.5000]
[32.7247,150.9821,0.1095,28.1860,0.0327,35.5200]
[32.7247,151.0881,0.1097,28.2019,0.0474,35.5200]
[32.7247,150.9930,0.0923,28.1695,0.0380,35.5500]
[32.7247,150.8618,0.1043,28.1478,0.0467,35.5600]
[32.7247,28.1665,0.0474,143.4867,0.1376,35.5200]
[32.7247,28.1512,0.0462,143.4435,0.1230,35.5000]
[32.7247,28.1421,0.0428,143.4312,0.1152,35.4400]
[32.7247,28.1292,0.0474,143.4041,0.0964,35.3700]
[32.7247,28.1001,0.0296,143.3528,0.0910,35.3800]
[32.7247,28.0749,0.0387,143.2525,0.0935,35.4000]
[32.7247,28.0845,0.0319,143.3423,0.1066,35.4700]
[32.7247,28.0570,0.0249,143.2563,0.1157,35.4800]
[32.7247,28.0267,0.0313,143.1820,0.0878,35.5100]
[32.7247,28.0250,0.0307,143.2076,0.1339,35.5600]
[32.6327,148.8410,0.1005,28.0312,0.0269,35.5000]
[32.6327,148.9373,0.0846,28.0330,0.0353,35.5200]
[32.6327,148.8474,0.0932,28.0364,0.0329,35.5200]
[32.6327,148.7375,0.1179,27.9968,0.0365,35.5300]
[32.6327,148.6065,0.1027,27.9630,0.0568,35.5400]
[32.6327,148.5266,0.0805,27.9585,0.0296,35.5800]
[32.6327,148.4439,0.0720,27.9297,0.0261,35.6100]
[32.6327,148.4010,0.1074,27.9280,0.0274,35.6100]
[32.6327,148.3972,0.1198,27.9308,0.0427,35.6400]
[32.6327,148.3739,0.1104,27.9309,0.0374,35.6800]
[32.6327,28.1246,0.0240,141.8474,0.0835,35.7300]
[32.6327,28.1168,0.0334,141.8339,0.1265,35.7500]
[32.6327,28.0971,0.0421,141.7971,0.0865,35.7900]
[32.6327,28.0797,0.0272,141.7563,0.0971,35.8300]
[32.6327,28.0580,0.0359,141.6975,0.1350,35.8300]
[32.6327,28.0333,0.0489,141.6009,0.1338,35.8500]
[32.6327,28.0026,0.0271,141.5037,0.1071,35.8400]
[32.6327,28.0106,0.0265,141.5732,0.1268,35.8300]
[32.6327,28.0140,0.0336,141.6505,0.1028,35.8800]
[32.6327,27.9622,0.0369,141.4382,0.1114,35.9200]
[32.5378,148.8042,0.1316,27.9727,0.0305,35.8900]
[32.5378,148.7329,0.0959,27.9541,0.0330,35.9300]
[32.5378,148.8757,0.1386,27.9920,0.0351,36.0000]
[32.5378,148.8605,0.0891,27.9863,0.0339,35.9500]
[32.5378,148.7958,0.1118,27.9841,0.0320,35.9600]
[32.5378,148.7854,0.1213,27.9606,0.0281,35.9600]
[32.5378,148.6445,0.0948,27.9710,0.0310,35.8800]
[32.5378,148.6587,0.1329,27.9687,0.0258,35.8100]
[32.5378,148.6679,0.1206,27.9654,0.0454,35.7500]
[32.5378,148.7216,0.1066,27.9774,0.0353,35.7700]
[32.5378,27.4520,0.0352,141.2011,0.1184,35.8200]
[32.5378,27.4426,0.0294,141.2071,0.0998,35.8400]
[32.5378,27.4418,0.0277,141.2571,0.0982,35.8800]
[32.5378,27.4359,0.0332,141.2573,0.0838,35.9000]
[32.5378,27.4138,0.0404,141.2600,0.1330,35.9500]
[32.5378,27.4103,0.0435,141.2927,0.1349,35.9700]
[32.5378,27.4157,0.0374,141.2772,0.1005,36.0000]
[32.5378,27.3872,0.0351,141.2237,0.1195,36.0300]
[32.5378,27.3879,0.0217,141.2608,0.1047,36.0600]
[32.5378,27.3903,0.0315,141.2888,0.0954,36.0400]
[32.4459,148.3844,0.4381,27.7054,0.0888,36.1100]
[32.4459,148.5121,0.1096,27.7117,0.0215,36.1500]
[32.4459,148.4657,0.0782,27.7046,0.0227,36.1700]
[32.4459,148.4717,0.1346,27.6957,0.0321,36.1800]
[32.4459,148.5108,0.1022,27.7132,0.0300,36.1700]
[32.4459,148.4927,0.1390,27.7029,0.0352,36.1700]
[32.4459,148.2493,0.1078,27.6501,0.0316,36.1600]
[32.4459,148.2159,0.1066,27.6527,0.0285,36.1700]
[32.4459,148.0475,0.1119,27.6075,0.0396,36.1100]
[32.4459,148.0430,0.0963,27.6191,0.0203,36.0600]
[32.4459,27.7966,0.0347,140.9538,0.0941,35.9400]
[32.4459,27.7596,0.0270,140.8699,0.0904,35.9200]
[32.4459,27.7205,0.0192,140.7594,0.0918,35.8700]
[32.4459,27.7280,0.0238,140.8172,0.0840,35.8600]
[32.4459,27.7307,0.0390,140.8591,0.1028,35.8500]
[32.4459,27.7072,0.0379,140.7783,0.1247,35.8700]
[32.4459,27.7190,0.0233,140.9028,0.0976,35.9200]
[32.4459,27.6551,0.0230,140.6449,0.1015,35.9500]
[32.4459,27.6451,0.0220,140.6614,0.1183,35.9900]
[32.4459,27.6664,0.0313,140.7527,0.1256,36.0100]
[32.3362,148.1151,0.1389,27.4435,0.0257,36.0800]
[32.3362,148.0450,0.0950,27.4369,0.0252,36.0800]
[32.3362,148.0482,0.1073,27.4174,0.0324,36.0800]
[32.3362,148.0370,0.0889,27.4139,0.0257,36.1000]
[32.3362,148.0956,0.0685,27.4070,0.0181,36.1300]
[32.3362,148.0697,0.0790,27.4058,0.0267,36.1500]
[32.3362,148.0711,0.1216,27.4011,0.0294,36.1400]
[32.3362,148.0527,0.1233,27.3912,0.0351,36.1600]
[32.3362,147.9213,0.1197,27.3730,0.0269,36.1800]
[32.3362,147.8542,0.1019,27.3505,0.0283,36.2000]
[32.3362,27.7617,0.0271,141.1951,0.1257,36.2200]
[32.3362,27.7366,0.0334,141.1745,0.1182,36.2100]
[32.3362,27.7203,0.0320,141.2157,0.1015,36.2200]
[32.3362,27.7284,0.0573,141.2799,0.1307,36.2400]
[32.3362,27.6987,0.0214,141.1974,0.1009,36.2600]
[32.3362,27.6873,0.0248,141.2061,0.1030,36.2700]
[32.3362,27.6769,0.0227,141.1634,0.0978,36.2700]
[32.3362,27.6758,0.0287,141.2007,0.1478,36.2700]
[32.3362,27.6549,0.0180,141.1140,0.0968,36.2700]
[32.3362,27.6372,0.0367,141.1086,0.1129,36.2300]
[32.2442,146.0311,0.1132,27.3409,0.0293,36.2000]
[32.2442,145.9318,0.1222,27.3013,0.0335,36.2500]
[32.2442,145.9116,0.1422,27.2918,0.0275,36.2600]
[32.2442,145.8878,0.0957,27.2915,0.0264,36.2600]
[32.2442,145.8347,0.1012,27.2803,0.0262,36.2600]
[32.2442,145.8015,0.1032,27.2785,0.0218,36.2600]
[32.2442,145.7395,0.1434,27.2598,0.0387,36.2100]
[32.2442,145.7955,0.0898,27.2610,0.0195,36.2200]
[32.2442,145.7950,0.1279,27.2572,0.0261,36.2300]
[32.2442,145.7029,0.1151,27.2512,0.0232,36.2200]
[32.2442,27.5406,0.0302,141.1010,0.1196,36.2100]
[32.2442,27.5122,0.0317,141.0544,0.0897,36.2200]
[32.2442,27.4901,0.0309,141.0600,0.0824,36.1900]
[32.2442,27.4826,0.0284,141.0391,0.1355,36.2000]
[32.2442,27.4488,0.0298,140.9394,0.1334,36.2400]
[32.2442,27.4751,0.0310,141.0262,0.1259,36.2300]
[32.2442,27.4595,0.0255,140.9671,0.1113,36.2600]
[32.2442,27.4302,0.0225,140.8791,0.0847,36.2700]
[32.2442,27.4063,0.0376,140.8498,0.0983,36.2700]
[32.2442,27.3824,0.0378,140.8311,0.0886,36.2700]
[32.1494,145.6390,0.1032,27.0732,0.0299,36.2600]
[32.1494,145.6369,0.1239,27.0602,0.0272,36.2500]
[32.1494,145.5442,0.1446,27.0423,0.0212,36.2600]
[32.1494,145.6145,0.1203,27.0559,0.0322,36.2900]
[32.1494,145.4587,0.1175,27.0052,0.0433,36.3200]
[32.1494,145.3621,0.1273,27.0124,0.0236,36.3600]
[32.1494,145.2965,0.1770,26.9885,0.0243,36.3800]
[32.1494,145.2818,0.0947,26.9992,0.0210,36.4000]
[32.1494,145.2523,0.1126,26.9922,0.0307,36.4500]
[32.1494,145.3201,0.1354,26.9937,0.0210,36.4500]
[32.1494,27.3244,0.0272,140.7060,0.1130,36.3800]
[32.1494,27.2953,0.0292,140.5865,0.0909,36.3900]
[32.1494,27.2555,0.0400,140.4980,0.1039,36.3300]
[32.1494,27.2503,0.0326,140.5705,0.1076,36.3600]
[32.1494,27.2202,0.0228,140.4223,0.0818,36.3800]
[32.1494,27.2212,0.0399,140.4105,0.1288,36.3600]
[32.1494,27.2233,0.0332,140.5320,0.1225,36.3200]
[32.1494,27.2016,0.0299,140.2998,0.1146,36.3800]
[32.1494,27.1778,0.0350,140.3108,0.0950,36.3900]
[32.1494,27.1468,0.0373,140.1584,0.1665,36.4000]
[32.0574,145.3052,0.1209,26.9351,0.0301,36.4000]
[32.0574,145.1769,0.0859,26.9028,0.0366,36.3700]
[32.0574,145.2003,0.1003,26.8780,0.0279,36.3500]
[32.0574,145.1290,0.1279,26.8594,0.0232,36.2900]
[32.0574,145.1498,0.1040,26.8471,0.0404,36.2700]
[32.0574,145.0779,0.0813,26.8327,0.0264,36.3000]
[32.0574,144.9872,0.1080,26.8048,0.0310,36.2500]
[32.0574,145.0349,0.1896,26.8086,0.0381,36.2000]
[32.0574,144.9838,0.1683,26.8163,0.0386,36.1900]
[32.0574,144.8766,0.1966,26.8124,0.0335,36.1700]
[32.0574,27.1352,0.0459,139.7719,0.1763,36.2500]
[32.0574,27.1199,0.0316,139.7441,0.1535,36.2800]
[32.0574,27.0876,0.0286,139.7522,0.1175,36.3100]
[32.0574,27.1184,0.0328,139.8137,0.1213,36.3400]
[32.0574,27.0945,0.0251,139.7270,0.1168,36.3800]
[32.0574,27.0958,0.0330,139.8007,0.1050,36.3700]
[32.0574,27.0645,0.0323,139.7268,0.0853,36.3900]
[32.0574,27.0164,0.0389,139.5788,0.1175,36.4500]
[32.0574,27.0012,0.0389,139.5217,0.0885,36.4800]
[32.0574,26.9761,0.0348,139.4048,0.0683,36.5100]
[31.9626,145.9099,0.0952,26.7567,0.0278,36.4900]
[31.9626,145.8157,0.1711,26.7328,0.0376,36.4400]
[31.9626,145.7739,0.2038,26.7261,0.0402,36.4100]
[31.9626,145.5055,0.1163,26.6687,0.0279,36.4000]
[31.9626,145.7020,0.1251,26.6957,0.0334,36.3700]
[31.9626,145.6920,0.1087,26.6987,0.0310,36.3500]
[31.9626,145.5888,0.0985,26.6774,0.0278,36.2800]
[31.9626,145.6095,0.0922,26.6725,0.0324,36.2800]
[31.9626,145.6232,0.0832,26.6933,0.0276,36.2400]
[31.9626,145.4317,0.1744,26.6538,0.0287,36.1900]
[31.9626,26.7869,0.0285,138.3288,0.1163,36.0600]
[31.9626,26.7656,0.0327,138.3565,0.0992,36.0600]
[31.9626,26.7453,0.0219,138.3429,0.0937,36.1000]
[31.9626,26.7210,0.0243,138.2564,0.0782,36.1200]
[31.9626,26.6996,0.0735,138.1648,0.2524,36.1200]
[31.9626,26.6253,0.0352,138.0704,0.1259,36.0900]
[31.9626,26.6601,0.0246,138.1564,0.0729,36.1000]
[31.9626,26.6164,0.0278,138.0625,0.0723,36.1500]
[31.9626,26.6000,0.0439,137.9222,0.0848,36.1400]
[31.9626,26.5691,0.0343,137.9285,0.1138,36.1800]
[31.8559,138.5148,0.0772,24.5678,0.0292,36.2500]
[31.8559,138.4203,0.0604,24.5468,0.0197,36.2800]
[31.8559,138.4192,0.0758,24.5614,0.0280,36.2800]
[31.8559,138.3957,0.1306,24.5590,0.0374,36.2700]
[31.8559,138.2474,0.1090,24.4969,0.0224,36.2400]
[31.8559,138.2397,0.0998,24.4966,0.0287,36.1800]
[31.8559,138.2209,0.1575,24.4739,0.0314,36.1300]
[31.8559,138.2583,0.1602,24.4973,0.0374,36.0800]
[31.8559,138.1940,0.0896,24.4548,0.0236,35.9800]
[31.8559,138.1697,0.0971,24.4527,0.0249,35.9700]
[31.8559,25.1913,0.0261,133.2459,0.0699,35.8600]
[31.8559,25.1361,0.0327,133.1437,0.0758,35.8200]
[31.8559,25.1481,0.0234,133.0751,0.0820,35.7900]
[31.8559,25.1436,0.0237,133.0572,0.0673,35.7500]
[31.8559,25.1157,0.0264,132.9532,0.0824,35.7000]
[31.8559,25.1154,0.0268,132.9580,0.0738,35.6900]
[31.8559,25.1109,0.0212,132.9248,0.0846,35.6200]
[31.8559,25.0869,0.0283,132.8214,0.0640,35.6000]
[31.8559,25.0521,0.0299,132.7531,0.0727,35.5700]
[31.8559,25.0184,0.0281,132.5743,0.0830,35.5700]
[31.7610,137.6183,0.0756,24.5837,0.0280,35.5600]
[31.7610,137.6161,0.0784,24.5973,0.0265,35.5900]
[31.7610,137.5849,0.0716,24.5844,0.0199,35.6400]
[31.7610,137.5552,0.0644,24.5933,0.0257,35.6800]
[31.7610,137.5150,0.0807,24.6118,0.0321,35.7100]
[31.7610,137.5566,0.0393,24.6216,0.0261,35.7400]
[31.7610,137.4779,0.0502,24.6186,0.0252,35.7600]
[31.7610,137.4974,0.0612,24.6802,0.0405,35.7400]
[31.7610,137.6208,0.0839,24.6493,0.0397,35.7000]
[31.7610,137.3357,0.1019,24.6316,0.0362,35.7100]
[31.7610,25.0132,0.0245,132.4923,0.0674,35.6300]
[31.7610,24.9720,0.0415,132.3904,0.0875,35.6100]
[31.7610,24.9425,0.0240,132.3046,0.0656,35.6200]
[31.7610,24.9193,0.0336,132.2668,0.0714,35.5900]
[31.7610,24.9396,0.0277,132.3121,0.0759,35.4900]
[31.7610,24.9129,0.0367,132.2204,0.1031,35.4500]
[31.7610,24.9060,0.0344,132.1925,0.1146,35.4200]
[31.7610,24.8813,0.0233,132.1548,0.0626,35.4500]
[31.7610,24.8838,0.0260,132.1850,0.0916,35.4000]
[31.7610,24.8757,0.0274,132.0776,0.0876,35.3800]
[31.6691,136.7805,0.0964,23.6815,0.0280,35.3600]
[31.6691,136.8463,0.0717,23.7057,0.0442,35.3000]
[31.6691,136.7579,0.0707,23.6816,0.0327,35.3300]
[31.6691,136.7424,0.0554,23.6737,0.0283,35.3400]
[31.6691,136.7864,0.0741,23.7232,0.0443,35.3100]
[31.6691,136.7937,0.0956,23.7175,0.0541,35.3300]
[31.6691,136.7903,0.1175,23.7546,0.0409,35.2600]
[31.6691,136.8361,0.0819,23.7538,0.0447,35.3000]
[31.6691,136.7494,0.0727,23.7156,0.0351,35.3500]
[31.6691,136.6736,0.0939,23.6986,0.0399,35.3500]
[31.6691,24.7649,0.0344,131.8934,0.1073,35.3000]
[31.6691,24.7406,0.0335,131.8293,0.0733,35.1900]
[31.6691,24.7015,0.0364,131.6829,0.0907,35.1500]
[31.6691,24.6794,0.0336,131.6320,0.0602,35.0900]
[31.6691,24.6735,0.0503,131.6677,0.0812,35.0400]
[31.6691,24.6712,0.0483,131.6587,0.1067,35.0200]
[31.6691,24.6671,0.0364,131.6187,0.1163,35.0000]
[31.6691,24.6480,0.0306,131.5751,0.0596,34.9600]
[31.6691,24.6329,0.0335,131.4939,0.0960,34.9600]
[31.6691,24.6226,0.0260,131.4511,0.0601,34.9400]
[31.5743,135.3365,0.0832,24.5124,0.0282,34.9400]
[31.5743,135.2910,0.0693,24.4995,0.0355,34.9300]
[31.5743,135.3253,0.0845,24.5107,0.0350,34.9400]
[31.5743,135.1769,0.0937,24.4752,0.0308,34.9500]
[31.5743,135.1127,0.0835,24.4611,0.0362,34.9500]
[31.5743,134.9966,0.0933,24.4574,0.0425,34.9500]
[31.5743,135.0288,0.0820,24.4534,0.0304,34.9600]
[31.5743,135.0589,0.1029,24.4559,0.0350,34.9700]
[31.5743,135.0501,0.1091,24.4471,0.0430,35.0000]
[31.5743,134.9011,0.0766,24.4108,0.0311,35.0100]
[31.5743,24.5586,0.0327,131.0199,0.0876,35.0100]
[31.5743,24.5347,0.0459,130.9358,0.0945,34.9800]
[31.5743,24.5161,0.0440,130.9345,0.0961,34.9900]
[31.5743,24.5157,0.0439,130.9511,0.1372,34.9900]
[31.5743,24.4854,0.0302,130.8302,0.0851,35.0300]
[31.5743,24.4740,0.0379,130.8190,0.0852,35.0900]
[31.5743,24.4688,0.0535,130.7915,0.1362,35.1100]
[31.5743,24.4545,0.0249,130.7351,0.0820,35.1300]
[31.5743,24.4224,0.0407,130.6475,0.0953,35.1400]
[31.5743,24.4192,0.0381,130.6434,0.0832,35.1200]
[31.4824,134.4142,0.0671,24.2815,0.0272,35.1200]
[31.4824,134.3116,0.0558,24.2549,0.0344,35.1700]
[31.4824,134.3223,0.0691,24.2515,0.0432,35.1700]
[31.4824,134.2453,0.0690,24.2347,0.0319,35.1700]
[31.4824,134.2110,0.0820,24.2239,0.0320,35.1900]
[31.4824,134.2397,0.0672,24.2309,0.0421,35.2100]
[31.4824,134.2331,0.0706,24.2284,0.0293,35.2100]
[31.4824,134.1270,0.0985,24.1912,0.0378,35.1800]
[31.4824,134.0535,0.0835,24.1697,0.0323,35.2300]
[31.4824,134.0334,0.0937,24.1739,0.0317,35.2400]
[31.4824,24.4714,0.0372,130.2783,0.0984,35.2400]
[31.4824,24.4481,0.0254,130.1838,0.0578,35.2600]
[31.4824,24.4273,0.0261,130.1389,0.0863,35.2900]
[31.4824,24.4181,0.0282,130.0792,0.0769,35.3400]
[31.4824,24.4121,0.0355,130.1090,0.1282,35.3900]
[31.4824,24.4044,0.0256,130.0236,0.0683,35.4400]
[31.4824,24.3899,0.0393,129.9759,0.0833,35.4800]
[31.4824,24.3706,0.0307,129.9194,0.0821,35.4900]
[31.4824,24.3633,0.0450,129.9149,0.0928,35.5000]
[31.4824,24.3278,0.0331,129.7080,0.0981,35.5500]
[31.3728,134.5028,0.1600,24.1996,0.0434,35.6200]
[31.3728,134.3887,0.1178,24.1723,0.0553,35.5900]
[31.3728,134.3500,0.0655,24.1630,0.0301,35.5600]
[31.3728,134.3231,0.1031,24.1578,0.0316,35.5000]
[31.3728,134.3302,0.1162,24.1668,0.0291,35.4300]
[31.3728,134.2654,0.0938,24.1510,0.0309,35.4100]
[31.3728,134.1423,0.1078,24.1210,0.0395,35.4100]
[31.3728,134.1457,0.1034,24.1288,0.0425,35.3800]
[31.3728,134.1331,0.1238,24.1253,0.0440,35.4000]
[31.3728,134.0718,0.0976,24.1148,0.0365,35.4000]
[31.3728,24.2661,0.0366,129.5039,0.0819,35.3400]
[31.3728,24.2366,0.0394,129.4687,0.1066,35.3600]
[31.3728,24.2472,0.0394,129.4751,0.1034,35.3100]
[31.3728,24.2463,0.0341,129.5060,0.0923,35.2800]
[31.3728,24.2538,0.0276,129.4682,0.0913,35.2700]
[31.3728,24.2366,0.0324,129.4849,0.0863,35.2800]
[31.3728,24.2253,0.0269,129.4331,0.0788,35.2900]
[31.3728,24.2125,0.0338,129.3927,0.0872,35.3200]
[31.3728,24.1832,0.0257,129.3425,0.0753,35.3700]
[31.3728,24.1779,0.0468,129.3269,0.0940,35.4300]
[31.2809,133.1522,0.0918,23.9307,0.0311,35.4400]
[31.2809,133.2169,0.0929,23.9276,0.0350,35.4300]
[31.2809,133.1850,0.1107,23.9139,0.0402,35.4500]
[31.2809,133.1075,0.0892,23.9067,0.0438,35.4100]
[31.2809,133.0293,0.1031,23.8862,0.0527,35.4300]
[31.2809,132.9117,0.0796,23.8546,0.0469,35.4700]
[31.2809,132.9051,0.1004,23.8445,0.0332,35.4500]
[31.2809,132.8843,0.0780,23.8321,0.0394,35.4400]
[31.2809,132.8489,0.0824,23.8138,0.0341,35.4900]
[31.2809,132.8006,0.0706,23.8020,0.0265,35.5200]
[31.2809,23.9149,0.0331,128.9055,0.1164,35.5200]
[31.2809,23.9082,0.0416,128.8730,0.1143,35.4700]
[31.2809,23.8871,0.0283,128.7911,0.0623,35.4500]
[31.2809,23.8695,0.0373,128.7134,0.0788,35.4200]
[31.2809,23.8720,0.0348,128.6949,0.0748,35.3600]
[31.2809,23.8540,0.0367,128.6440,0.0909,35.3800]
[31.2809,23.8561,0.0419,128.7201,0.0848,35.3300]
[31.2809,23.8284,0.0374,128.5642,0.1031,35.3700]
[31.2809,23.8067,0.0434,128.5241,0.0849,35.3700]
[31.2809,23.8063,0.0330,128.5258,0.0889,35.4200]
[31.1861,132.4799,0.0673,23.2686,0.0249,35.4800]
[31.1861,132.4632,0.0515,23.2591,0.0305,35.4700]
[31.1861,132.4548,0.1094,23.2440,0.0284,35.4500]
[31.1861,132.4355,0.0978,23.2362,0.0342,35.4500]
[31.1861,132.3740,0.0830,23.2259,0.0270,35.4500]
[31.1861,132.3999,0.0815,23.2355,0.0270,35.4200]
[31.1861,132.2540,0.1014,23.1966,0.0357,35.3500]
[31.1861,132.2276,0.0847,23.1978,0.0335,35.3000]
[31.1861,132.2328,0.0971,23.2017,0.0365,35.3100]
[31.1861,132.3191,0.0777,23.2022,0.0442,35.2900]
[31.1861,23.7081,0.0299,128.2036,0.0621,35.3800]
[31.1861,23.6626,0.0447,128.0437,0.0993,35.4500]
[31.1861,23.6527,0.0302,128.0157,0.0805,35.4900]
[31.1861,23.6718,0.0398,128.0403,0.0730,35.4700]
[31.1861,23.6536,0.0264,128.0188,0.0618,35.4400]
[31.1861,23.6290,0.0395,127.8760,0.0693,35.4400]
[31.1861,23.6131,0.0392,127.8919,0.0712,35.4500]
[31.1861,23.6222,0.0285,127.8714,0.0844,35.4000]
[31.1861,23.5965,0.0303,127.8059,0.0666,35.3700]
[31.1861,23.5715,0.0535,127.7714,0.0610,35.3500]
[31.0943,131.9239,0.0980,23.4832,0.0259,35.3400]
[31.0943,131.7959,0.0514,23.4465,0.0338,35.3500]
[31.0943,131.8494,0.0458,23.4654,0.0276,35.2900]
[31.0943,131.6827,0.0877,23.3969,0.0297,35.2400]
[31.0943,131.5727,0.0710,23.3730,0.0401,35.1800]
[31.0943,131.6223,0.0673,23.3743,0.0448,35.1800]
[31.0943,131.5404,0.0716,23.3526,0.0311,35.1100]
[31.0943,131.5074,0.0959,23.3631,0.0438,35.0800]
[31.0943,131.4170,0.0983,23.3298,0.0400,35.0400]
[31.0943,131.4249,0.1123,23.3247,0.0519,34.9800]
[31.0943,23.3358,0.0335,126.9825,0.0984,34.9100]
[31.0943,23.3115,0.0362,126.9032,0.1024,34.9000]
[31.0943,23.2874,0.0357,126.8064,0.0909,34.8400]
[31.0943,23.2744,0.0415,126.7225,0.1029,34.8500]
[31.0943,23.2654,0.0349,126.6837,0.0670,34.8400]
[31.0943,23.2610,0.0478,126.6692,0.0797,34.8500]
[31.0943,23.2347,0.0425,126.5902,0.0932,34.8900]
[31.0943,23.2120,0.0512,126.5247,0.0999,34.9000]
[31.0943,23.2222,0.0408,126.5530,0.0933,34.9500]
[31.0943,23.2044,0.0561,126.4824,0.0945,34.9900]
[30.9995,130.1992,0.0700,23.1367,0.0361,35.0800]
[30.9995,130.0638,0.0687,23.1065,0.0344,35.0700]
[30.9995,130.0849,0.0901,23.1065,0.0554,35.0900]
[30.9995,130.0826,0.0698,23.0925,0.0434,35.0800]
[30.9995,129.9617,0.0830,23.0787,0.0493,35.0600]
[30.9995,129.9279,0.0667,23.0749,0.0437,35.0100]
[30.9995,129.7886,0.0748,23.0457,0.0408,35.0200]
[30.9995,129.7908,0.0800,23.0463,0.0406,35.0300]
[30.9995,129.6833,0.0876,23.0111,0.0343,34.9700]
[30.9995,129.6348,0.0812,22.9997,0.0437,34.9700]
[30.9995,23.2357,0.0268,126.0720,0.0694,34.9300]
[30.9995,23.2126,0.0368,126.0008,0.0950,34.9200]
[30.9995,23.2021,0.0449,126.0107,0.0801,34.9000]
[30.9995,23.1885,0.0438,125.9117,0.0872,34.8800]
[30.9995,23.1722,0.0480,125.9080,0.0875,34.8000]
[30.9995,23.1272,0.0476,125.7117,0.1297,34.7100]
[30.9995,23.1412,0.0559,125.7798,0.0911,34.7100]
[30.9995,23.1175,0.0456,125.6787,0.0759,34.6500]
[30.9995,23.1068,0.0441,125.6383,0.0799,34.6500]
[30.9995,23.0742,0.0439,125.5362,0.0766,34.6300]
[30.9047,129.7475,0.0849,22.7571,0.0414,34.5700]
[30.9047,129.6928,0.0863,22.7611,0.0652,34.5700]
[30.9047,129.6225,0.0888,22.7268,0.0434,34.5700]
[30.9047,129.6073,0.0742,22.7173,0.0560,34.6000]
[30.9047,129.5983,0.0732,22.7185,0.0553,34.5900]
[30.9047,129.5963,0.0820,22.7252,0.0456,34.6100]
[30.9047,129.5777,0.0701,22.7119,0.0432,34.6100]
[30.9047,129.5319,0.0941,22.6905,0.0606,34.6100]
[30.9047,129.5293,0.0912,22.7030,0.0484,34.6100]
[30.9047,129.3799,0.0761,22.6583,0.0446,34.6100]
[30.9047,23.0860,0.0338,125.2755,0.0403,34.7300]
[30.9047,23.0478,0.0496,125.1989,0.0819,34.7600]
[30.9047,23.0247,0.0452,125.0988,0.0604,34.7800]
[30.9047,23.0100,0.0466,125.0717,0.0837,34.7900]
[30.9047,23.0004,0.0468,124.9806,0.0656,34.7700]
[30.9047,22.9749,0.0550,124.8616,0.0822,34.7800]
[30.9047,22.9449,0.0398,124.7164,0.0849,34.7500]
[30.9047,22.9391,0.0462,124.7298,0.0740,34.7400]
[30.9047,22.9402,0.0470,124.7505,0.0926,34.7300]
[30.9047,22.9364,0.0476,124.6936,0.1118,34.7200]
[30.8099,128.2169,0.0860,22.4479,0.0400,34.7600]
[30.8099,128.2492,0.0940,22.4534,0.0492,34.8000]
[30.8099,128.1724,0.1002,22.4297,0.0533,34.8200]
[30.8099,128.2356,0.0908,22.4398,0.0624,34.8500]
[30.8099,128.2009,0.1059,22.4319,0.0502,34.8600]
[30.8099,128.0808,0.1087,22.4036,0.0610,34.8700]
[30.8099,128.2094,0.0882,22.4105,0.0512,34.9000]
[30.8099,128.0069,0.1068,22.3761,0.0456,34.8900]
[30.8099,127.9771,0.1324,22.3662,0.0511,34.9000]
[30.8099,128.0147,0.0789,22.3685,0.0451,34.9100]
[30.8099,22.7920,0.0352,124.3604,0.0860,34.9700]
[30.8099,22.7847,0.0391,124.4071,0.0721,35.0200]
[30.8099,22.7575,0.0715,124.3339,0.1081,35.0600]
[30.8099,22.7384,0.0533,124.2825,0.0956,35.1100]
[30.8099,22.7431,0.0528,124.3020,0.1043,35.1400]
[30.8099,22.7162,0.0452,124.2278,0.1376,35.2000]
[30.8099,22.7142,0.0455,124.2062,0.0928,35.2500]
[30.8099,22.7129,0.0472,124.1590,0.0830,35.2900]
[30.8099,22.7142,0.0318,124.1929,0.0915,35.2800]
[30.8099,22.7137,0.0427,124.2036,0.1311,35.2700]
[30.7151,128.5181,0.0956,22.5343,0.0475,35.3500]
[30.7151,128.4735,0.0613,22.5086,0.0406,35.3600]
[30.7151,128.4434,0.0937,22.5023,0.0432,35.4000]
[30.7151,128.3880,0.0834,22.4928,0.0445,35.4200]
[30.7151,128.3848,0.1422,22.4790,0.0529,35.4500]
[30.7151,128.2432,0.1061,22.4461,0.0515,35.4500]
[30.7151,128.3481,0.1044,22.4528,0.0490,35.4400]
[30.7151,128.2409,0.1145,22.4320,0.0495,35.4500]
[30.7151,128.3022,0.0988,22.4348,0.0401,35.4500]
[30.7151,128.2168,0.1316,22.4142,0.0533,35.4400]
[30.7151,22.6809,0.0348,124.0326,0.0994,35.4000]
[30.7151,22.6426,0.0384,123.9610,0.0643,35.3900]
[30.7151,22.6514,0.0428,123.9800,0.0903,35.3500]
[30.7151,22.6245,0.0492,123.9327,0.0924,35.3400]
[30.7151,22.6387,0.0345,123.9489,0.0673,35.3700]
[30.7151,22.6374,0.0523,123.9901,0.1185,35.3800]
[30.7151,22.6252,0.0512,123.8681,0.0972,35.3900]
[30.7151,22.6294,0.0514,123.9872,0.1148,35.4300]
[30.7151,22.6170,0.0451,123.9263,0.1028,35.4300]
[30.7151,22.6238,0.0511,123.9459,0.0972,35.4500]
[30.6234,129.0042,0.0743,22.4386,0.0353,35.4300]
[30.6234,128.9365,0.0939,22.4299,0.0500,35.4700]
[30.6234,128.9502,0.1172,22.4242,0.0479,35.4900]
[30.6234,128.9029,0.1045,22.4023,0.0448,35.5000]
[30.6234,128.8652,0.0725,22.3907,0.0576,35.5100]
[30.6234,128.8906,0.1623,22.4018,0.0599,35.5100]
[30.6234,128.9767,0.1273,22.4168,0.0530,35.4900]
[30.6234,128.7800,0.0975,22.3817,0.0565,35.5300]
[30.6234,128.7750,0.1458,22.3712,0.0676,35.5700]
[30.6234,128.8242,0.1405,22.3880,0.0569,35.6100]
[30.6234,22.5917,0.0321,124.4446,0.0840,35.6600]
[30.6234,22.5690,0.0577,124.3749,0.1107,35.6900]
[30.6234,22.5821,0.0573,124.4189,0.1299,35.6600]
[30.6234,22.5649,0.0420,124.3746,0.0985,35.6900]
[30.6234,22.5575,0.0395,124.3880,0.1278,35.7300]
[30.6234,22.5544,0.0353,124.4252,0.1105,35.7600]
[30.6234,22.5149,0.0525,124.2951,0.1625,35.7900]
[30.6234,22.5247,0.0421,124.3620,0.1008,35.8200]
[30.6234,22.5117,0.0573,124.2563,0.1092,35.8200]
[30.6234,22.4876,0.0424,124.1507,0.0833,35.8200]
[30.5286,128.7489,0.0899,22.0724,0.0356,35.8900]
[30.5286,128.7814,0.0911,22.0676,0.0359,35.9200]
[30.5286,128.7245,0.0743,22.0628,0.0411,35.9200]
[30.5286,128.6420,0.1108,22.0381,0.0458,35.9300]
[30.5286,128.7579,0.0933,22.0684,0.0414,35.9600]
[30.5286,128.6923,0.1002,22.0578,0.0525,35.9500]
[30.5286,128.6643,0.0784,22.0516,0.0364,35.9000]
[30.5286,128.5784,0.0885,22.0401,0.0342,35.9200]
[30.5286,128.5988,0.0945,22.0416,0.0376,35.8900]
[30.5286,128.5681,0.1186,22.0256,0.0399,35.9100]
[30.5286,22.3894,0.0417,123.9472,0.1150,35.8500]
[30.5286,22.3453,0.0410,123.7740,0.1094,35.8100]
[30.5286,22.3394,0.0495,123.7791,0.0921,35.7800]
[30.5286,22.3347,0.0478,123.6971,0.0856,35.7400]
[30.5286,22.3199,0.0481,123.7247,0.0783,35.7400]
[30.5286,22.3292,0.0447,123.7103,0.0829,35.7600]
[30.5286,22.3239,0.0397,123.6718,0.0830,35.7200]
[30.5286,22.3119,0.0444,123.6440,0.1140,35.7300]
[30.5286,22.2994,0.0445,123.5961,0.0815,35.6800]
[30.5286,22.2998,0.0535,123.6183,0.0707,35.6700]
[30.4339,128.5055,0.0651,21.8637,0.0320,35.6000]
[30.4339,128.5502,0.1016,21.8603,0.0469,35.5900]
[30.4339,128.3896,0.0733,21.8368,0.0437,35.5700]
[30.4339,128.4206,0.0924,21.8319,0.0473,35.5500]
[30.4339,128.3357,0.0749,21.8159,0.0443,35.5500]
[30.4339,128.2757,0.0974,21.8032,0.0455,35.5300]
[30.4339,128.2447,0.0845,21.7861,0.0386,35.5200]
[30.4339,128.2837,0.1044,21.7880,0.0474,35.4400]
[30.4339,128.1638,0.0736,21.7646,0.0342,35.4500]
[30.4339,128.1719,0.1229,21.7789,0.0596,35.4900]
[30.4339,22.2537,0.0406,123.3370,0.0883,35.4800]
[30.4339,22.2444,0.0424,123.3327,0.0703,35.5300]
[30.4339,22.2312,0.0390,123.3175,0.0831,35.5200]
[30.4339,22.2076,0.0495,123.2004,0.1259,35.5300]
[30.4339,22.1727,0.0502,123.0483,0.1090,35.5200]
[30.4339,22.1939,0.0399,123.1541,0.0639,35.5100]
[30.4339,22.1680,0.0401,123.0368,0.0976,35.4800]
[30.4339,22.1800,0.0406,123.1395,0.0937,35.5300]
[30.4339,22.1929,0.0405,123.1746,0.0825,35.5600]
[30.4339,22.1630,0.0378,123.0759,0.0957,35.5600]
[30.3421,127.7461,0.1073,21.4384,0.0296,35.6500]
[30.3421,127.7081,0.1008,21.4230,0.0351,35.7000]
[30.3421,127.7208,0.1198,21.4304,0.0438,35.7300]
[30.3421,127.6906,0.1250,21.4275,0.0459,35.7400]
[30.3421,127.7587,0.0837,21.4433,0.0408,35.7400]
[30.3421,127.6669,0.1222,21.4332,0.0357,35.8000]
[30.3421,127.6893,0.0926,21.4319,0.0398,35.8300]
[30.3421,127.6516,0.0880,21.4378,0.0376,35.8600]
[30.3421,127.7461,0.1208,21.4603,0.0368,35.9300]
[30.3421,127.6924,0.1143,21.4632,0.0416,35.9700]
[30.3421,22.1733,0.0304,122.7536,0.1022,35.9600]
[30.3421,22.1632,0.0356,122.8232,0.1114,36.0000]
[30.3421,22.1804,0.0280,122.9040,0.0855,36.0300]
[30.3421,22.1905,0.0500,122.9739,0.1159,36.0400]
[30.3421,22.1858,0.0395,122.9834,0.0776,36.0600]
[30.3421,22.1834,0.0358,123.0193,0.1079,36.1000]
[30.3421,22.2156,0.0285,123.1738,0.0793,36.0600]
[30.3421,22.2221,0.0403,123.2249,0.1018,36.0300]
[30.3421,22.2232,0.0391,123.2572,0.1058,36.0200]
[30.3421,22.2175,0.0358,123.2447,0.0698,36.0400]
[30.2474,127.5697,0.0954,21.6214,0.0207,36.1000]
[30.2474,127.5882,0.1029,21.6142,0.0309,36.1100]
[30.2474,127.6296,0.0727,21.6187,0.0269,36.1300]
[30.2474,127.6804,0.0879,21.6302,0.0309,36.1500]
[30.2474,127.6194,0.0859,21.6075,0.0314,36.1500]
[30.2474,127.7253,0.0830,21.6327,0.0324,36.1300]
[30.2474,127.6292,0.0784,21.6246,0.0324,36.0500]
[30.2474,127.6824,0.0713,21.6369,0.0306,35.9700]
[30.2474,127.6468,0.0776,21.6207,0.0358,35.9500]
[30.2474,127.6164,0.0914,21.6289,0.0355,35.8500]
[30.2474,22.3404,0.0342,123.8839,0.0874,35.7400]
[30.2474,22.3332,0.0297,123.9666,0.0777,35.7200]
[30.2474,22.2935,0.0437,123.8134,0.0762,35.6900]
[30.2474,22.2894,0.0346,123.8062,0.0609,35.6500]
[30.2474,22.2790,0.0355,123.7830,0.0725,35.6200]
[30.2474,22.2803,0.0346,123.7475,0.0772,35.6000]
[30.2474,22.2817,0.0286,123.7706,0.0627,35.6100]
[30.2474,22.2614,0.0499,123.7099,0.0766,35.5900]
[30.2474,22.2473,0.0308,123.6600,0.0797,35.6000]
[30.2474,22.2316,0.0397,123.5757,0.0738,35.6100]
[30.1527,127.9060,0.0757,21.8799,0.0191,35.6200]
[30.1527,127.7628,0.0836,21.8674,0.0344,35.6200]
[30.1527,127.7234,0.0614,21.8554,0.0303,35.5700]
[30.1527,127.7865,0.0790,21.8567,0.0489,35.5600]
[30.1527,127.7044,0.1032,21.8561,0.0290,35.5300]
[30.1527,127.5828,0.0733,21.8306,0.0300,35.4900]
[30.1527,127.4097,0.1066,21.8039,0.0275,35.5300]
[30.1527,127.4154,0.0938,21.8069,0.0455,35.5800]
[30.1527,127.3254,0.0851,21.7962,0.0291,35.6100]
[30.1527,127.2969,0.0955,21.7744,0.0290,35.6300]
[30.1527,21.9469,0.0293,122.7043,0.0626,35.6900]
[30.1527,21.8969,0.0278,122.4949,0.0738,35.7200]
[30.1527,21.8821,0.0303,122.4556,0.0863,35.7600]
[30.1527,21.8692,0.0264,122.3901,0.0771,35.8100]
[30.1527,21.8626,0.0367,122.3528,0.0765,35.8600]
[30.1527,21.8457,0.0284,122.2703,0.0856,35.9300]
[30.1527,21.8230,0.0285,122.1813,0.0923,35.9600]
[30.1527,21.8253,0.0312,122.1796,0.0751,36.0000]
[30.1527,21.8095,0.0329,122.0569,0.1306,36.0300]
[30.1527,21.7964,0.0346,122.0664,0.1623,36.0500]
[30.0610,126.4450,0.1266,21.3163,0.0343,36.1000]
[30.0610,126.4089,0.0965,21.2919,0.0362,36.1300]
[30.0610,126.3200,0.1106,21.2640,0.0263,36.1000]
[30.0610,126.2515,0.0910,21.2567,0.0379,36.1400]
[30.0610,126.1285,0.0822,21.2272,0.0191,36.1400]
[30.0610,126.0458,0.0775,21.2127,0.0374,36.1100]
[30.0610,126.1214,0.1084,21.2051,0.0367,36.1100]
[30.0610,126.0753,0.0967,21.1912,0.0276,36.1000]
[30.0610,125.9772,0.0972,21.1613,0.0347,36.0900]
[30.0610,125.9245,0.0893,21.1541,0.0231,36.1100]
[30.0610,21.8487,0.0197,121.4457,0.0864,36.1000]
[30.0610,21.8167,0.0263,121.3545,0.0785,36.1300]
[30.0610,21.8064,0.0196,121.3139,0.0923,36.1900]
[30.0610,21.7861,0.0313,121.2945,0.0990,36.2200]
[30.0610,21.7603,0.0336,121.2037,0.1336,36.2600]
[30.0610,21.7505,0.0339,121.1959,0.1159,36.3000]
[30.0610,21.7353,0.0234,121.1073,0.0787,36.3300]
[30.0610,21.7224,0.0262,121.0528,0.0862,36.3600]
[30.0610,21.6983,0.0157,120.9804,0.0674,36.3200]
[30.0610,21.7271,0.0211,121.0061,0.0800,36.2500]
[29.9633,126.3185,0.0927,21.2298,0.0232,36.1600]
[29.9633,126.2572,0.0774,21.2096,0.0334,36.1600]
[29.9633,126.1963,0.0944,21.1802,0.0249,36.1500]
[29.9633,126.1379,0.0669,21.1773,0.0150,36.1700]
[29.9633,126.1130,0.0969,21.1641,0.0403,36.1500]
[29.9633,126.0965,0.0846,21.1521,0.0295,36.1700]
[29.9633,126.1711,0.1182,21.1724,0.0294,36.1800]
[29.9633,125.9303,0.1180,21.1213,0.0342,36.1900]
[29.9633,125.8978,0.1058,21.1132,0.0315,36.2300]
[29.9633,125.7022,0.0716,21.0577,0.0211,36.2700]
[29.9633,21.4910,0.0203,118.7305,0.0705,36.1800]
[29.9633,21.4601,0.0241,118.6890,0.0806,36.0900]
[29.9633,21.4213,0.0260,118.5364,0.0760,36.0500]
[29.9633,21.4203,0.0279,118.4986,0.0842,36.0200]
[29.9633,21.3868,0.0309,118.4327,0.0745,36.0200]
[29.9633,21.3707,0.0233,118.3050,0.0600,35.9800]
[29.9633,21.3527,0.0256,118.2549,0.0926,35.9700]
[29.9633,21.3452,0.0168,118.2003,0.0439,35.9400]
[29.9633,21.3353,0.0319,118.1551,0.0689,35.8900]
[29.9633,21.3355,0.0209,118.0817,0.0659,35.8300]
[29.8687,124.6071,0.0875,20.5534,0.0233,35.7500]
[29.8687,124.5198,0.0748,20.5363,0.0241,35.6700]
[29.8687,124.3826,0.0791,20.5238,0.0514,35.6200]
[29.8687,124.3785,0.0809,20.5417,0.0509,35.6100]
[29.8687,124.3123,0.0895,20.5270,0.0370,35.5900]
[29.8687,124.2009,0.1312,20.5085,0.0455,35.5500]
[29.8687,124.2992,0.1038,20.5235,0.0438,35.5200]
[29.8687,124.1125,0.1018,20.5181,0.0401,35.4900]
[29.8687,124.0993,0.1065,20.5045,0.0331,35.5000]
[29.8687,124.0690,0.0732,20.5108,0.0268,35.5300]
[29.8687,21.2315,0.0256,117.4642,0.0627,35.5800]
[29.8687,21.2011,0.0220,117.3875,0.0662,35.5700]
[29.8687,21.1901,0.0424,117.3209,0.0836,35.5700]
[29.8687,21.1998,0.0342,117.3610,0.0966,35.5100]
[29.8687,21.1895,0.0349,117.3494,0.0777,35.4800]
[29.8687,21.1728,0.0353,117.2557,0.0976,35.4500]
[29.8687,21.1645,0.0409,117.2485,0.1033,35.4400]
[29.8687,21.1682,0.0376,117.2601,0.1361,35.4500]
[29.8687,21.1445,0.0431,117.1318,0.0988,35.4200]
[29.8687,21.1485,0.0396,117.1772,0.0831,35.3700]
[29.7770,123.7534,0.0892,20.7657,0.0282,35.3200]
[29.7770,123.6203,0.0997,20.7525,0.0449,35.3300]
[29.7770,123.6955,0.0874,20.7450,0.0411,35.3600]
[29.7770,123.6266,0.1042,20.7381,0.0301,35.4000]
[29.7770,123.6193,0.1135,20.7434,0.0448,35.4300]
[29.7770,123.7100,0.1282,20.7602,0.0379,35.4600]
[29.7770,123.5871,0.1033,20.7419,0.0363,35.4900]
[29.7770,123.5488,0.2532,20.7300,0.0661,35.5300]
[29.7770,123.4631,0.1506,20.7183,0.0503,35.5900]
[29.7770,123.4771,0.1177,20.7307,0.0295,35.6400]
[29.7770,21.0787,0.0317,116.7460,0.1003,35.6700]
[29.7770,21.0709,0.0311,116.7241,0.0702,35.6600]
[29.7770,21.0358,0.0330,116.6020,0.0867,35.7100]
[29.7770,21.0411,0.0315,116.6397,0.1003,35.7700]
[29.7770,21.0320,0.0293,116.6187,0.0980,35.8100]
[29.7770,21.0306,0.0284,116.6091,0.1108,35.8500]
[29.7770,21.0202,0.0534,116.5947,0.1089,35.8800]
[29.7770,21.0152,0.0335,116.5198,0.1183,35.9100]
[29.7770,21.0034,0.0307,116.4888,0.0927,35.8900]
[29.7770,20.9941,0.0395,116.4837,0.1100,35.9000]
[29.6823,123.5046,0.1435,20.3577,0.0410,35.8900]
[29.6823,123.4245,0.0784,20.3040,0.0321,35.8800]
[29.6823,123.4017,0.0847,20.2872,0.0299,35.8900]
[29.6823,123.3716,0.1111,20.2862,0.0335,35.9100]
[29.6823,123.2861,0.1543,20.2521,0.0447,35.9400]
[29.6823,123.2713,0.1261,20.2576,0.0345,35.9700]
[29.6823,123.3144,0.1143,20.2266,0.0311,35.9800]
[29.6823,123.2639,0.1267,20.2155,0.0384,36.0100]
[29.6823,123.2029,0.1359,20.1890,0.0379,36.0400]
[29.6823,123.1568,0.1332,20.1820,0.0349,36.1000]
[29.6823,20.9224,0.0294,115.3552,0.1062,36.1900]
[29.6823,20.9008,0.0335,115.2837,0.0858,36.2400]
[29.6823,20.8877,0.0235,115.2267,0.0597,36.2200]
[29.6823,20.8723,0.0254,115.1817,0.0917,36.1900]
[29.6823,20.8628,0.0335,115.1221,0.1106,36.1800]
[29.6823,20.8442,0.0269,115.0564,0.0776,36.1500]
[29.6823,20.8577,0.0306,115.0891,0.1115,36.1600]
[29.6823,20.8608,0.0253,115.1611,0.0704,36.1000]
[29.6823,20.8430,0.0295,115.1242,0.0823,36.0600]
[29.6823,20.8441,0.0250,115.1524,0.0825,36.0500]
[29.5907,122.3159,0.0879,19.6311,0.0198,36.0600]
[29.5907,122.2408,0.0938,19.6325,0.0266,36.0800]
[29.5907,122.2193,0.1496,19.6231,0.0321,36.1100]
[29.5907,122.1879,0.1156,19.6020,0.0232,36.1400]
[29.5907,122.1352,0.0682,19.5952,0.0240,36.1600]
[29.5907,122.1704,0.1245,19.6187,0.0318,36.1700]
[29.5907,122.0386,0.0806,19.5743,0.0259,36.1800]
[29.5907,122.0328,0.1104,19.5814,0.0212,36.1400]
[29.5907,121.9180,0.1307,19.5606,0.0369,36.1500]
[29.5907,121.8722,0.0993,19.5582,0.0256,36.1000]
[29.5907,20.6799,0.0306,115.6726,0.1086,36.0800]
[29.5907,20.6767,0.0302,115.6922,0.0717,36.1000]
[29.5907,20.6478,0.0293,115.5431,0.1249,36.0700]
[29.5907,20.6674,0.0239,115.5568,0.0969,36.0500]
[29.5907,20.6840,0.0272,115.5956,0.1087,35.9700]
[29.5907,20.6584,0.0273,115.4562,0.0811,35.9400]
[29.5907,20.6421,0.0269,115.4489,0.0883,35.9000]
[29.5907,20.6490,0.0277,115.4519,0.0834,35.8800]
[29.5907,20.6530,0.0259,115.4468,0.0923,35.8500]
[29.5907,20.6407,0.0201,115.3936,0.0543,35.8100]
[29.4960,121.3645,0.0730,19.8263,0.0350,35.6900]
[29.4960,121.2364,0.0750,19.7986,0.0218,35.7200]
[29.4960,121.1696,0.0789,19.7930,0.0235,35.7000]
[29.4960,121.1120,0.0767,19.7754,0.0306,35.6600]
[29.4960,121.0493,0.1043,19.7824,0.0220,35.6600]
[29.4960,120.9597,0.1113,19.7856,0.0360,35.6400]
[29.4960,120.8290,0.1102,19.7761,0.0347,35.6200]
[29.4960,120.7543,0.0572,19.7867,0.0292,35.6400]
[29.4960,120.5518,0.2872,19.7549,0.0556,35.6600]
[29.4960,120.5492,0.0756,19.7790,0.0304,35.6600]
[29.4960,20.6218,0.0327,114.5028,0.0965,35.5800]
[29.4960,20.5813,0.0340,114.3297,0.1119,35.6000]
[29.4960,20.5798,0.0280,114.3637,0.0974,35.5800]
[29.4960,20.5636,0.0319,114.3618,0.0789,35.6000]
[29.4960,20.5312,0.0306,114.2537,0.0918,35.6400]
[29.4960,20.4999,0.0333,114.0787,0.0865,35.6300]
[29.4960,20.5108,0.0273,114.1514,0.1018,35.6300]
[29.4960,20.4832,0.0352,114.0401,0.0831,35.6200]
[29.4960,20.4780,0.0388,114.0508,0.0978,35.6500]
[29.4960,20.4633,0.0359,113.9919,0.1159,35.7000]
[29.4014,119.8405,0.1079,19.6991,0.0398,35.8000]
[29.4014,119.6702,0.1241,19.6624,0.0415,35.8400]
[29.4014,119.6374,0.1154,19.6616,0.0290,35.8300]
[29.4014,119.4771,0.1503,19.6286,0.0347,35.8500]
[29.4014,119.4436,0.0926,19.6206,0.0232,35.9000]
[29.4014,119.3066,0.0762,19.6020,0.0262,35.9300]
[29.4014,119.2223,0.0955,19.5975,0.0356,35.9400]
[29.4014,119.0726,0.1186,19.5896,0.0226,35.8800]
[29.4014,119.0107,0.1244,19.5594,0.0361,35.9200]
[29.4014,118.8690,0.1572,19.5528,0.0339,35.9300]
[29.4014,20.2644,0.0269,113.4412,0.0785,35.9900]
[29.4014,20.2380,0.0205,113.3309,0.0820,36.0000]
[29.4014,20.2047,0.0246,113.1612,0.0812,36.0000]
[29.4014,20.1824,0.0260,113.0673,0.0828,36.0300]
[29.4014,20.1715,0.0259,113.0166,0.0914,36.0500]
[29.4014,20.1383,0.0474,112.9631,0.1120,36.0800]
[29.4014,20.1460,0.0290,113.0119,0.1177,36.1000]
[29.4014,20.1208,0.0268,112.9148,0.1159,36.1300]
[29.4014,20.1193,0.0329,112.9118,0.1148,36.1700]
[29.4014,20.0971,0.0303,112.8567,0.1146,36.2000]
[29.3068,119.1976,0.0990,19.6203,0.0276,36.2700]
[29.3068,119.0610,0.0874,19.5869,0.0233,36.3000]
[29.3068,118.9883,0.1028,19.5954,0.0300,36.3100]
[29.3068,118.8842,0.1179,19.5702,0.0262,36.3000]
[29.3068,118.8582,0.0919,19.5688,0.0242,36.3200]
[29.3068,118.8554,0.1398,19.5710,0.0342,36.3200]
[29.3068,118.7733,0.0971,19.5666,0.0299,36.3000]
[29.3068,118.6203,0.0947,19.5535,0.0244,36.2600]
[29.3068,118.6197,0.1055,19.5521,0.0254,36.2400]
[29.3068,118.5539,0.1132,19.5600,0.0206,36.1900]
[29.3068,19.9088,0.0227,111.8806,0.0988,36.0100]
[29.3068,19.9066,0.0351,112.0291,0.1661,35.9900]
[29.3068,19.8928,0.0156,111.9492,0.0621,35.9700]
[29.3068,19.8976,0.0302,112.0127,0.1168,35.9400]
[29.3068,19.8658,0.0284,112.0571,0.1134,35.9600]
[29.3068,19.8640,0.0227,112.1247,0.0874,35.9900]
[29.3068,19.8453,0.0326,112.0194,0.1648,36.0300]
[29.3068,19.8457,0.0229,112.1261,0.1026,36.0700]
[29.3068,19.8344,0.0291,112.2094,0.1703,36.1100]
[29.3068,19.8326,0.0356,112.2141,0.1285,36.1600]
[29.2152,117.5184,0.0950,19.3486,0.0242,36.2300]
[29.2152,117.4214,0.0932,19.3205,0.0263,36.2600]
[29.2152,117.3582,0.0678,19.3124,0.0208,36.2800]
[29.2152,117.2923,0.0528,19.2969,0.0203,36.3000]
[29.2152,117.2796,0.0993,19.3057,0.0235,36.3200]
[29.2152,117.2234,0.0675,19.2911,0.0231,36.3200]
[29.2152,116.9104,0.7061,19.2585,0.1063,36.2300]
[29.2152,117.0484,0.0739,19.2806,0.0228,36.2500]
[29.2152,117.0034,0.1312,19.2711,0.0262,36.2300]
[29.2152,117.1541,0.0969,19.2907,0.0321,36.1900]
[29.2152,19.7157,0.0269,110.2208,0.0762,36.1200]
[29.2152,19.6783,0.0265,110.0296,0.1525,36.1300]
[29.2152,19.6772,0.0172,110.0149,0.0621,36.1300]
[29.2152,19.6611,0.0276,109.8697,0.1087,36.1200]
[29.2152,19.6322,0.0310,109.7249,0.1126,36.1500]
[29.2152,19.6368,0.0281,109.8095,0.1043,36.1800]
[29.2152,19.6340,0.0160,109.8382,0.0784,36.2000]
[29.2152,19.5945,0.0163,109.6605,0.0592,36.2300]
[29.2152,19.5745,0.0189,109.5707,0.0697,36.2600]
[29.2152,19.5613,0.0239,109.5038,0.0765,36.2900]
[29.1206,115.4466,0.1302,18.8825,0.0321,36.2900]
[29.1206,115.4257,0.0840,18.8775,0.0359,36.2700]
[29.1206,115.3671,0.1344,18.8649,0.0253,36.2900]
[29.1206,115.4098,0.0977,18.8683,0.0283,36.2500]
[29.1206,115.3425,0.1306,18.8749,0.0292,36.2300]
[29.1206,115.2987,0.0584,18.8861,0.0175,36.2400]
[29.1206,115.2062,0.1299,18.8702,0.0275,36.2100]
[29.1206,115.2391,0.0869,18.8810,0.0250,36.1900]
[29.1206,115.1248,0.0813,18.8789,0.0243,36.1800]
[29.1206,115.1704,0.1157,18.8677,0.0222,36.2200]
[29.1206,19.5130,0.0284,110.2539,0.1012,36.2400]
[29.1206,19.4740,0.0280,110.0937,0.1189,36.2300]
[29.1206,19.4709,0.0254,110.0956,0.1019,36.2400]
[29.1206,19.4608,0.0188,109.9988,0.0674,36.2500]
[29.1206,19.4454,0.0289,109.8434,0.1055,36.1700]
[29.1206,19.4389,0.0235,109.8717,0.0851,36.1700]
[29.1206,19.4312,0.0186,109.8569,0.0899,36.1300]
[29.1206,19.4292,0.0278,109.7890,0.0945,36.0800]
[29.1206,19.4144,0.0227,109.7111,0.0838,36.0500]
[29.1206,19.3959,0.0328,109.5969,0.0876,36.0200]
[29.0261,114.1761,0.0654,18.2607,0.0222,35.9700]
[29.0261,114.1664,0.0760,18.2360,0.0285,35.9600]
[29.0261,114.1149,0.0579,18.2272,0.0239,35.9200]
[29.0261,114.1598,0.0970,18.2278,0.0248,35.8600]
[29.0261,114.0822,0.0556,18.2070,0.0221,35.8500]
[29.0261,114.0993,0.0765,18.2025,0.0209,35.8800]
[29.0261,114.0345,0.0457,18.2006,0.0189,35.8700]
[29.0261,114.0922,0.0739,18.2081,0.0186,35.8400]
[29.0261,114.0486,0.0696,18.1741,0.0188,35.8300]
[29.0261,113.9803,0.0661,18.1823,0.0256,35.7900]
[29.0261,18.8942,0.0264,107.9575,0.0696,35.7400]
[29.0261,18.8788,0.0300,107.9544,0.0943,35.7100]
[29.0261,18.8704,0.0244,107.9161,0.0948,35.6800]
[29.0261,18.8724,0.0314,107.8390,0.1041,35.6400]
[29.0261,18.8640,0.0215,107.8815,0.0573,35.6400]
[29.0261,18.8375,0.0246,107.7487,0.1213,35.6600]
[29.0261,18.8197,0.0266,107.6941,0.0880,35.6600]
[29.0261,18.8288,0.0262,107.7164,0.0806,35.6500]
[29.0261,18.8201,0.0209,107.7027,0.0671,35.6900]
[29.0261,18.8121,0.0269,107.7184,0.1100,35.6800]
[28.9316,112.9892,0.0753,18.1385,0.0293,35.6400]
[28.9316,112.9613,0.0632,18.1233,0.0248,35.6300]
[28.9316,112.9912,0.0453,18.1134,0.0195,35.6400]
[28.9316,112.9686,0.0784,18.1061,0.0261,35.6400]
[28.9316,112.8869,0.1007,18.0875,0.0275,35.6700]
[28.9316,112.8631,0.0675,18.0765,0.0261,35.6500]
[28.9316,112.8647,0.0790,18.0719,0.0231,35.6200]
[28.9316,112.8281,0.0920,18.0645,0.0356,35.6000]
[28.9316,112.7981,0.1009,18.0577,0.0276,35.6400]
[28.9316,112.7880,0.0815,18.0462,0.0393,35.6800]
[28.9316,18.8757,0.0213,108.4704,0.0828,35.6700]
[28.9316,18.8426,0.0336,108.3668,0.0851,35.6800]
[28.9316,18.8175,0.0305,108.2632,0.0918,35.7100]
[28.9316,18.8261,0.0248,108.2692,0.0776,35.7300]
[28.9316,18.8289,0.0237,108.2737,0.0790,35.7500]
[28.9316,18.8418,0.0302,108.3298,0.0752,35.7800]
[28.9316,18.8221,0.0438,108.2028,0.0718,35.7900]
[28.9316,18.7989,0.0337,108.1426,0.1477,35.8000]
[28.9316,18.7921,0.0309,108.1199,0.1240,35.7800]
[28.9316,18.7940,0.0332,108.0805,0.0762,35.7700]
[28.8370,111.8311,0.0976,18.4032,0.0278,35.7900]
[28.8370,111.8711,0.1233,18.3910,0.0325,35.8300]
[28.8370,111.7872,0.1198,18.3682,0.0317,35.8800]
[28.8370,111.7996,0.1127,18.3576,0.0365,35.9100]
[28.8370,111.7240,0.0676,18.3455,0.0441,35.9500]
[28.8370,111.7810,0.0845,18.3431,0.0334,35.9900]
[28.8370,111.7131,0.0972,18.3325,0.0269,36.0200]
[28.8370,111.7797,0.0754,18.3276,0.0299,36.0000]
[28.8370,111.6813,0.0773,18.3099,0.0286,36.0000]
[28.8370,111.7188,0.0859,18.3173,0.0355,36.0000]
[28.8370,18.6019,0.0250,107.6068,0.0759,36.0700]
[28.8370,18.5582,0.0283,107.4662,0.0537,36.0800]
[28.8370,18.5617,0.0346,107.4604,0.0536,36.0400]
[28.8370,18.5630,0.0294,107.4120,0.0837,36.0800]
[28.8370,18.5385,0.0243,107.3815,0.0694,36.1100]
[28.8370,18.5322,0.0279,107.2884,0.0534,36.0900]
[28.8370,18.5289,0.0313,107.3722,0.0491,36.0800]
[28.8370,18.5057,0.0236,107.2588,0.0532,36.0400]
[28.8370,18.5126,0.0212,107.2703,0.0621,35.9400]
[28.8370,18.5200,0.0221,107.2655,0.0732,35.8600]
[28.7455,111.1315,0.0716,18.4370,0.0204,35.7900]
[28.7455,111.0355,0.0707,18.4098,0.0275,35.8000]
[28.7455,111.0313,0.0485,18.4016,0.0168,35.8000]
[28.7455,111.0267,0.0658,18.3997,0.0290,35.7300]
[28.7455,110.9296,0.0669,18.3844,0.0285,35.6700]
[28.7455,110.9115,0.0620,18.3889,0.0331,35.6000]
[28.7455,110.9328,0.1021,18.3731,0.0290,35.5800]
[28.7455,110.8698,0.0523,18.3661,0.0299,35.6300]
[28.7455,110.8389,0.0669,18.3555,0.0293,35.6300]
[28.7455,110.8243,0.1345,18.3486,0.0272,35.6000]
[28.7455,18.3606,0.0211,106.6084,0.0671,35.5600]
[28.7455,18.3406,0.0152,106.5911,0.0576,35.5800]
[28.7455,18.3168,0.0252,106.5006,0.0499,35.5700]
[28.7455,18.3084,0.0227,106.4565,0.0620,35.5900]
[28.7455,18.3102,0.0243,106.4266,0.0578,35.5800]
[28.7455,18.2984,0.0262,106.4115,0.0758,35.5400]
[28.7455,18.2719,0.0299,106.2999,0.0519,35.5400]
[28.7455,18.2466,0.0300,106.2102,0.0851,35.5300]
[28.7455,18.2554,0.0304,106.2342,0.0570,35.4700]
[28.7455,18.2601,0.0240,106.2520,0.0567,35.4300]
[28.6539,110.8073,0.0671,18.1193,0.0273,35.3300]
[28.6539,110.6952,0.0554,18.0875,0.0262,35.3200]
[28.6539,110.6552,0.0583,18.0915,0.0303,35.2800]
[28.6539,110.7043,0.0718,18.0976,0.0295,35.2600]
[28.6539,110.6278,0.0475,18.0885,0.0398,35.2300]
[28.6539,110.5950,0.1031,18.0737,0.0397,35.2000]
[28.6539,110.5104,0.0590,18.0679,0.0317,35.2000]
[28.6539,110.4798,0.0704,18.0547,0.0329,35.2200]
[28.6539,110.4261,0.1152,18.0432,0.0320,35.2100]
[28.6539,110.3712,0.0934,18.0323,0.0297,35.2200]
[28.6539,18.1205,0.0301,105.6268,0.0693,35.2000]
[28.6539,18.0992,0.0311,105.5946,0.0751,35.1900]
[28.6539,18.0858,0.0436,105.4947,0.0724,35.1700]
[28.6539,18.0688,0.0333,105.5267,0.0776,35.1500]
[28.6539,18.0551,0.0358,105.4247,0.0579,35.1300]
[28.6539,18.0331,0.0350,105.3809,0.0700,35.1300]
[28.6539,18.0304,0.0392,105.3704,0.0696,35.1600]
[28.6539,18.0319,0.0409,105.4349,0.0779,35.1400]
[28.6539,18.0247,0.0392,105.3791,0.0549,35.1400]
[28.6539,18.0069,0.0526,105.3055,0.1106,35.1700]
[28.5624,110.4512,0.0805,17.9449,0.0275,35.1300]
[28.5624,110.3737,0.0983,17.9314,0.0425,35.1500]
[28.5624,110.3442,0.0850,17.9234,0.0430,35.1700]
[28.5624,110.3626,0.0984,17.9354,0.0395,35.1600]
[28.5624,110.2542,0.0550,17.9045,0.0316,35.1600]
[28.5624,110.2561,0.0749,17.9127,0.0379,35.1500]
[28.5624,110.1869,0.0844,17.8884,0.0448,35.1400]
[28.5624,110.2282,0.1231,17.8906,0.0565,35.1600]
[28.5624,110.1996,0.1029,17.8938,0.0445,35.2000]
[28.5624,110.1693,0.1232,17.8784,0.0362,35.2600]
[28.5624,17.9346,0.0296,104.8823,0.0642,35.3800]
[28.5624,17.9082,0.0421,104.7664,0.0793,35.4200]
[28.5624,17.9201,0.0532,104.8956,0.0994,35.4400]
[28.5624,17.9142,0.0352,104.8994,0.0861,35.4500]
[28.5624,17.8902,0.0436,104.7800,0.0882,35.4700]
[28.5624,17.8813,0.0392,104.7535,0.0931,35.5100]
[28.5624,17.8891,0.0364,104.8006,0.1010,35.5100]
[28.5624,17.8714,0.0458,104.7637,0.0710,35.5300]
[28.5624,17.8745,0.0347,104.8233,0.0568,35.5500]
[28.5624,17.8663,0.0379,104.8282,0.0856,35.5900]
[28.4738,110.2161,0.0924,17.8136,0.0267,35.6400]
[28.4738,110.2437,0.1000,17.8199,0.0307,35.6600]
[28.4738,110.0860,0.0621,17.7832,0.0278,35.7300]
[28.4738,110.1000,0.0671,17.7864,0.0387,35.7500]
[28.4738,110.1047,0.0741,17.7899,0.0350,35.8000]
[28.4738,110.0353,0.0615,17.7732,0.0386,35.8400]
[28.4738,110.0784,0.0882,17.7758,0.0345,35.8600]
[28.4738,110.1011,0.0978,17.7703,0.0435,35.8700]
[28.4738,110.0863,0.0968,17.7658,0.0352,35.8700]
[28.4738,109.9770,0.0759,17.7370,0.0284,35.9100]
[28.4738,17.9109,0.0253,104.7422,0.0664,35.9200]
[28.4738,17.8829,0.0278,104.6400,0.0934,35.8900]
[28.4738,17.8814,0.0363,104.6294,0.0611,35.8800]
[28.4738,17.8762,0.0373,104.6399,0.1168,35.8700]
[28.4738,17.8630,0.0294,104.5584,0.0654,35.8700]
[28.4738,17.8598,0.0234,104.5450,0.0980,35.8800]
[28.4738,17.8446,0.0244,104.5235,0.0680,35.9200]
[28.4738,17.8391,0.0235,104.4978,0.0856,35.9200]
[28.4738,17.8303,0.0351,104.4466,0.0967,35.9400]
[28.4738,17.8283,0.0247,104.4290,0.0659,35.8300]
[28.3853,109.8999,0.0839,17.6380,0.0333,35.7800]
[28.3853,109.8560,0.0734,17.6185,0.0379,35.7700]
[28.3853,109.8149,0.0826,17.6086,0.0343,35.7400]
[28.3853,109.8473,0.0817,17.6108,0.0365,35.7300]
[28.3853,109.8033,0.0699,17.5992,0.0375,35.7000]
[28.3853,109.8196,0.0592,17.6138,0.0404,35.6800]
[28.3853,109.6645,0.0668,17.5788,0.0295,35.6700]
[28.3853,109.7810,0.0660,17.5957,0.0332,35.6200]
[28.3853,109.7290,0.0450,17.5857,0.0396,35.6500]
[28.3853,109.7770,0.0576,17.5921,0.0309,35.6700]
[28.3853,17.7724,0.0229,104.3515,0.0509,35.6700]
[28.3853,17.7760,0.0299,104.3476,0.0673,35.6900]
[28.3853,17.7526,0.0365,104.3074,0.0685,35.7300]
[28.3853,17.7506,0.0354,104.2598,0.0835,35.7700]
[28.3853,17.7304,0.0432,104.1865,0.0581,35.7400]
[28.3853,17.7276,0.0455,104.2315,0.0993,35.7500]
[28.3853,17.7235,0.0345,104.1934,0.0695,35.7300]
[28.3853,17.7277,0.0338,104.2375,0.0618,35.7300]
[28.3853,17.7205,0.0309,104.1525,0.0780,35.6800]
[28.3853,17.7117,0.0371,104.0972,0.0899,35.6100]
[28.2938,109.4358,0.0698,17.4525,0.0237,35.5900]
[28.2938,109.3459,0.0892,17.4310,0.0388,35.5700]
[28.2938,109.3019,0.0709,17.4189,0.0383,35.5400]
[28.2938,109.3170,0.0580,17.4169,0.0344,35.5500]
[28.2938,109.3349,0.0628,17.4175,0.0318,35.4800]
[28.2938,109.2447,0.0576,17.4020,0.0305,35.4800]
[28.2938,109.2010,0.0675,17.3954,0.0397,35.4400]
[28.2938,109.1564,0.0726,17.3891,0.0408,35.4200]
[28.2938,109.1631,0.0323,17.3849,0.0343,35.3800]
[28.2938,109.1477,0.0631,17.3727,0.0316,35.3600]
[28.2938,17.6387,0.0443,103.8120,0.0618,35.2600]
[28.2938,17.6435,0.0431,103.8729,0.1055,35.2300]
[28.2938,17.6316,0.0378,103.7556,0.0669,35.1900]
[28.2938,17.6050,0.0331,103.6948,0.0594,35.1700]
[28.2938,17.6287,0.0326,103.7236,0.0564,35.1700]
[28.2938,17.6117,0.0334,103.6670,0.0630,35.1400]
[28.2938,17.6159,0.0395,103.6549,0.0923,35.1300]
[28.2938,17.6143,0.0350,103.6930,0.0751,35.1500]
[28.2938,17.6051,0.0395,103.6269,0.0502,35.1500]
[28.2938,17.5940,0.0332,103.5505,0.0742,35.1600]
[28.2053,109.0435,0.0820,17.2584,0.0295,35.2000]
[28.2053,108.9344,0.0894,17.2385,0.0298,35.2000]
[28.2053,108.8676,0.0701,17.2227,0.0419,35.2300]
[28.2053,108.8932,0.1245,17.2208,0.0380,35.2600]
[28.2053,108.8483,0.1018,17.2107,0.0301,35.2800]
[28.2053,108.6613,0.1143,17.1815,0.0351,35.3100]
[28.2053,108.6539,0.0922,17.1697,0.0357,35.3100]
[28.2053,108.6296,0.0679,17.1637,0.0346,35.3100]
[28.2053,108.6721,0.0611,17.1694,0.0364,35.3500]
[28.2053,108.6557,0.0669,17.1564,0.0351,35.3800]
[28.2053,17.4932,0.0330,103.2395,0.0812,35.4100]
[28.2053,17.4887,0.0303,103.3014,0.0810,35.4300]
[28.2053,17.4727,0.0292,103.2137,0.0569,35.4600]
[28.2053,17.4612,0.0367,103.1800,0.0899,35.4400]
[28.2053,17.4638,0.0439,103.1340,0.0851,35.4700]
[28.2053,17.4555,0.0396,103.1343,0.0616,35.4900]
[28.2053,17.4489,0.0380,103.1245,0.0883,35.4700]
[28.2053,17.4572,0.0399,103.1405,0.0818,35.4800]
[28.2053,17.4570,0.0436,103.1816,0.0924,35.5000]
[28.2053,17.4511,0.0408,103.1406,0.0761,35.5100]
[28.1138,107.6278,0.0618,17.0339,0.0288,35.6200]
[28.1138,107.5220,0.0769,16.9994,0.0398,35.6600]
[28.1138,107.5187,0.0678,17.0035,0.0282,35.6900]
[28.1138,107.4867,0.1001,16.9926,0.0404,35.6800]
[28.1138,107.3785,0.0784,16.9660,0.0284,35.6700]
[28.1138,107.3293,0.0717,16.9590,0.0252,35.6700]
[28.1138,107.3457,0.0862,16.9704,0.0505,35.6400]
[28.1138,107.3470,0.0747,16.9599,0.0416,35.6100]
[28.1138,107.3391,0.0767,16.9581,0.0371,35.5700]
[28.1138,107.2557,0.0451,16.9422,0.0372,35.5400]
[28.1138,17.1965,0.0336,101.9909,0.0557,35.4900]
[28.1138,17.1874,0.0320,101.9794,0.0696,35.4800]
[28.1138,17.1758,0.0371,101.9066,0.0824,35.4600]
[28.1138,17.1713,0.0241,101.9107,0.0538,35.4400]
[28.1138,17.1680,0.0396,101.8950,0.1111,35.4000]
[28.1138,17.1494,0.0334,101.8170,0.0776,35.3800]
[28.1138,17.1399,0.0355,101.7796,0.0859,35.3500]
[28.1138,17.1253,0.0359,101.7233,0.0852,35.3000]
[28.1138,17.1125,0.0362,101.6385,0.0789,35.3000]
[28.1138,17.1064,0.0425,101.6660,0.0854,35.3300]
[28.0224,106.8428,0.0923,16.7358,0.0276,35.3000]
[28.0224,106.7794,0.0904,16.7072,0.0380,35.2900]
[28.0224,106.7167,0.0998,16.7015,0.0340,35.2900]
[28.0224,106.7500,0.0594,16.6884,0.0307,35.2900]
[28.0224,106.6354,0.1004,16.6676,0.0323,35.2800]
[28.0224,106.6463,0.0961,16.6737,0.0410,35.2800]
[28.0224,106.5844,0.0764,16.6613,0.0344,35.3200]
[28.0224,106.5477,0.0689,16.6473,0.0358,35.3600]
[28.0224,106.5398,0.0817,16.6440,0.0288,35.3800]
[28.0224,106.4610,0.0644,16.6333,0.0373,35.4100]
[28.0224,17.0020,0.0360,101.0653,0.1063,35.3800]
[28.0224,16.9776,0.0379,101.0466,0.0666,35.3400]
[28.0224,16.9756,0.0455,100.9798,0.0857,35.2700]
[28.0224,16.9530,0.0388,100.9004,0.0827,35.2500]
[28.0224,16.9370,0.0420,100.8040,0.0414,35.2500]
[28.0224,16.9254,0.0437,100.7514,0.0672,35.2700]
[28.0224,16.9172,0.0359,100.6834,0.0646,35.2800]
[28.0224,16.9025,0.0411,100.6270,0.0875,35.3000]
[28.0224,16.8926,0.0332,100.5869,0.0846,35.2900]
[28.0224,16.8767,0.0550,100.5039,0.0798,35.2800]
[27.9339,105.6721,0.0559,16.5450,0.0322,35.3000]
[27.9339,105.6315,0.0686,16.5354,0.0444,35.3000]
[27.9339,105.5299,0.0587,16.5243,0.0332,35.3200]
[27.9339,105.5553,0.0918,16.5186,0.0360,35.3000]
[27.9339,105.4598,0.0863,16.4960,0.0360,35.3100]
[27.9339,105.3497,0.0795,16.4720,0.0461,35.3200]
[27.9339,105.3157,0.0779,16.4565,0.0395,35.3500]
[27.9339,105.2393,0.0670,16.4363,0.0359,35.3600]
[27.9339,105.2105,0.0940,16.4278,0.0476,35.3300]
[27.9339,105.1915,0.0803,16.4334,0.0486,35.2700]
[27.9339,16.6230,0.0322,99.7482,0.0693,35.2400]
[27.9339,16.5985,0.0496,99.6932,0.0739,35.2900]
[27.9339,16.5910,0.0370,99.6127,0.0683,35.3300]
[27.9339,16.5800,0.0286,99.5783,0.0639,35.3700]
[27.9339,16.5706,0.0356,99.5538,0.0730,35.4200]
[27.9339,16.5584,0.0359,99.5267,0.0572,35.4500]
[27.9339,16.5499,0.0405,99.4493,0.0590,35.4800]
[27.9339,16.5339,0.0335,99.3997,0.0620,35.5400]
[27.9339,16.5331,0.0370,99.3706,0.0706,35.5500]
[27.9339,16.5113,0.0425,99.2975,0.0562,35.5800]
[27.8425,104.4113,0.0832,16.4170,0.0264,35.6700]
[27.8425,104.3711,0.0769,16.3974,0.0367,35.6900]
[27.8425,104.3768,0.0512,16.3956,0.0355,35.6900]
[27.8425,104.3418,0.0813,16.4009,0.0537,35.7100]
[27.8425,104.2972,0.0760,16.3771,0.0486,35.7400]
[27.8425,104.2668,0.0611,16.3753,0.0313,35.7800]
[27.8425,104.2114,0.0815,16.3545,0.0347,35.8100]
[27.8425,104.1381,0.0721,16.3386,0.0402,35.8500]
[27.8425,104.0594,0.0627,16.3179,0.0414,35.8700]
[27.8425,104.0138,0.0818,16.3023,0.0484,35.8500]
[27.8425,16.4765,0.0266,98.7150,0.0671,35.8200]
[27.8425,16.4592,0.0382,98.6468,0.0631,35.8400]
[27.8425,16.4328,0.0355,98.5635,0.0625,35.8400]
[27.8425,16.4393,0.0452,98.5418,0.0562,35.8100]
[27.8425,16.4309,0.0460,98.4798,0.0739,35.7800]
[27.8425,16.4028,0.0326,98.4062,0.0673,35.7600]
[27.8425,16.4038,0.0316,98.3859,0.0494,35.7200]
[27.8425,16.3909,0.0331,98.3072,0.0546,35.7400]
[27.8425,16.3721,0.0411,98.2140,0.0605,35.7500]
[27.8425,16.3680,0.0368,98.1918,0.0685,35.7300]
[27.7540,103.0202,0.0574,15.9702,0.0290,35.6900]
[27.7540,102.9506,0.0780,15.9503,0.0542,35.6900]
[27.7540,102.9360,0.0737,15.9380,0.0366,35.6500]
[27.7540,102.8683,0.0806,15.9167,0.0423,35.5800]
[27.7540,102.8021,0.0838,15.9125,0.0319,35.5900]
[27.7540,102.7317,0.0778,15.8925,0.0473,35.5800]
[27.7540,102.6870,0.0702,15.8805,0.0389,35.5500]
[27.7540,102.6480,0.0679,15.8746,0.0377,35.5200]
[27.7540,102.6001,0.0795,15.8640,0.0355,35.5200]
[27.7540,102.5479,0.0732,15.8498,0.0343,35.5300]
[27.7540,16.2600,0.0327,97.6471,0.0834,35.4200]
[27.7540,16.2187,0.0370,97.5210,0.0512,35.3900]
[27.7540,16.2243,0.0550,97.5228,0.0657,35.3300]
[27.7540,16.2121,0.0316,97.4826,0.0441,35.3200]
[27.7540,16.2099,0.0431,97.4715,0.0812,35.3700]
[27.7540,16.2030,0.0405,97.4068,0.0515,35.4200]
[27.7540,16.1982,0.0412,97.3797,0.0643,35.4600]
[27.7540,16.1822,0.0428,97.3352,0.0688,35.5000]
[27.7540,16.1784,0.0342,97.3268,0.0495,35.5300]
[27.7540,16.1804,0.0388,97.3641,0.0977,35.4700]
[27.6479,101.5997,0.0534,15.4736,0.0284,35.5400]
[27.6479,101.4736,0.0654,15.4495,0.0357,35.5400]
[27.6479,101.4730,0.0953,15.4348,0.0367,35.5100]
[27.6479,101.4401,0.0546,15.4402,0.0400,35.4700]
[27.6479,101.3681,0.0759,15.4286,0.0325,35.4300]
[27.6479,101.3269,0.0765,15.4100,0.0337,35.4200]
[27.6479,101.3240,0.0754,15.4078,0.0357,35.4100]
[27.6479,101.2812,0.0854,15.4005,0.0449,35.4500]
[27.6479,101.1891,0.0609,15.3851,0.0374,35.4600]
[27.6479,101.1522,0.0659,15.3807,0.0503,35.4900]
[27.6479,15.5261,0.0304,94.6251,0.0649,35.5400]
[27.6479,15.5129,0.0430,94.6134,0.0587,35.5600]
[27.6479,15.5027,0.0449,94.5402,0.0659,35.5700]
[27.6479,15.4981,0.0461,94.5203,0.0847,35.5500]
[27.6479,15.4821,0.0419,94.4486,0.0768,35.5600]
[27.6479,15.4748,0.0337,94.4388,0.0629,35.6000]
[27.6479,15.4634,0.0244,94.3904,0.0802,35.6000]
[27.6479,15.4539,0.0340,94.3604,0.0592,35.6000]
[27.6479,15.4626,0.0303,94.3591,0.0468,35.6200]
[27.6479,15.4501,0.0328,94.2912,0.0653,35.6800]
[27.5595,100.9047,0.0901,15.3408,0.0226,35.6900]
[27.5595,100.8676,0.0733,15.3312,0.0252,35.6900]
[27.5595,100.8748,0.0422,15.3269,0.0289,35.7200]
[27.5595,100.7843,0.1080,15.3165,0.0351,35.6900]
[27.5595,100.7127,0.0709,15.3079,0.0408,35.7000]
[27.5595,100.7176,0.0683,15.3012,0.0382,35.7300]
[27.5595,100.6466,0.0676,15.2950,0.0356,35.7400]
[27.5595,100.6230,0.0824,15.2856,0.0376,35.7400]
[27.5595,100.5757,0.0741,15.2737,0.0486,35.7300]
[27.5595,100.5184,0.0727,15.2652,0.0600,35.7100]
[27.5595,15.3647,0.0329,93.9646,0.0685,35.6400]
[27.5595,15.3477,0.0351,93.8516,0.0590,35.6000]
[27.5595,15.3399,0.0363,93.8333,0.0604,35.5300]
[27.5595,15.3336,0.0539,93.7927,0.0722,35.4700]
[27.5595,15.3109,0.0384,93.7409,0.0755,35.4600]
[27.5595,15.3206,0.0411,93.7331,0.0571,35.4300]
[27.5595,15.3135,0.0309,93.7364,0.0426,35.4100]
[27.5595,15.3066,0.0343,93.7086,0.0633,35.3700]
[27.5595,15.2944,0.0337,93.6819,0.0419,35.3900]
[27.5595,15.2838,0.0515,93.5920,0.0600,35.4000]
[27.4711,99.2825,0.0455,15.2413,0.0353,35.3800]
[27.4711,99.2779,0.0601,15.2271,0.0443,35.3100]
[27.4711,99.2853,0.0925,15.2259,0.0416,35.2400]
[27.4711,99.1985,0.0892,15.2176,0.0485,35.2200]
[27.4711,99.1570,0.0531,15.2072,0.0371,35.1800]
[27.4711,99.1516,0.0954,15.2018,0.0503,35.1300]
[27.4711,99.1377,0.0952,15.2052,0.0385,35.0700]
[27.4711,99.0866,0.0971,15.1839,0.0428,34.9900]
[27.4711,98.9862,0.0841,15.1710,0.0520,34.9600]
[27.4711,99.0098,0.0779,15.1709,0.0444,34.9300]
[27.4711,15.1947,0.0369,93.1226,0.0761,34.8400]
[27.4711,15.1743,0.0431,93.0621,0.0673,34.8100]
[27.4711,15.1633,0.0520,93.0482,0.0663,34.8100]
[27.4711,15.1595,0.0440,93.0335,0.0577,34.7800]
[27.4711,15.1471,0.0464,92.9802,0.0628,34.7800]
[27.4711,15.1550,0.0388,92.9990,0.0615,34.8100]
[27.4711,15.1489,0.0418,92.9790,0.0600,34.8300]
[27.4711,15.1291,0.0377,92.9416,0.0556,34.8500]
[27.4711,15.1242,0.0629,92.9445,0.0699,34.8800]
[27.4711,15.1219,0.0624,92.9143,0.0939,34.9000]
[27.3798,99.1439,0.0873,15.1736,0.0369,35.0300]
[27.3798,99.1264,0.0534,15.1521,0.0453,35.0300]
[27.3798,99.1488,0.0645,15.1538,0.0477,35.0500]
[27.3798,99.0410,0.0720,15.1298,0.0572,35.0400]
[27.3798,99.0310,0.1034,15.1247,0.0481,35.0200]
[27.3798,98.9732,0.0665,15.1257,0.0434,35.0600]
[27.3798,98.9097,0.0712,15.1068,0.0570,35.0600]
[27.3798,98.8763,0.0568,15.1001,0.0477,35.0900]
[27.3798,98.8897,0.0672,15.1051,0.0505,35.0900]
[27.3798,98.8471,0.0986,15.0984,0.0414,35.0500]
[27.3798,15.1094,0.0358,91.9960,0.0825,34.9900]
[27.3798,15.0882,0.0368,91.9030,0.0545,34.9500]
[27.3798,15.0805,0.0457,91.8806,0.0658,34.9100]
[27.3798,15.0775,0.0407,91.8463,0.0775,34.8900]
[27.3798,15.0679,0.0520,91.8192,0.0668,34.8400]
[27.3798,15.0542,0.0421,91.7687,0.0887,34.8400]
[27.3798,15.0447,0.0456,91.6905,0.0874,34.8000]
[27.3798,15.0297,0.0544,91.6616,0.0871,34.8300]
[27.3798,15.0418,0.0399,91.6987,0.0660,34.8400]
[27.3798,15.0141,0.0443,91.5728,0.0849,34.8300]
[27.2914,98.5930,0.0636,14.9285,0.0382,34.8900]
[27.2914,98.6118,0.0676,14.9212,0.0426,34.8900]
[27.2914,98.5648,0.0788,14.8947,0.0367,34.8700]
[27.2914,98.4857,0.0649,14.8741,0.0450,34.8900]
[27.2914,98.5222,0.1219,14.8872,0.0579,34.8200]
[27.2914,98.4589,0.0904,14.8691,0.0434,34.8200]
[27.2914,98.3362,0.0577,14.8443,0.0403,34.8700]
[27.2914,98.3569,0.0696,14.8556,0.0489,34.9100]
[27.2914,98.2663,0.0742,14.8277,0.0464,34.9600]
[27.2914,98.2652,0.0637,14.8254,0.0378,34.9900]
[27.2914,14.9738,0.0364,91.2655,0.0771,35.0700]
[27.2914,14.9637,0.0448,91.2155,0.0629,35.1300]
[27.2914,14.9533,0.0431,91.1831,0.0820,35.1800]
[27.2914,14.9445,0.0560,91.1684,0.0884,35.2100]
[27.2914,14.9314,0.0581,91.0936,0.0725,35.1900]
[27.2914,14.9123,0.0438,91.0572,0.0541,35.1900]
[27.2914,14.9117,0.0420,91.0246,0.1011,35.2100]
[27.2914,14.9052,0.0365,91.0250,0.0613,35.2000]
[27.2914,14.8928,0.0429,90.9533,0.0561,35.2100]
[27.2914,14.8804,0.0389,90.8994,0.0680,35.2200]
[27.1854,97.5528,0.0823,14.7981,0.0354,35.2100]
[27.1854,97.5418,0.0955,14.7716,0.0456,35.2200]
[27.1854,97.4058,0.0855,14.7516,0.0403,35.2000]
[27.1854,97.3862,0.0845,14.7447,0.0523,35.1500]
[27.1854,97.3790,0.0813,14.7420,0.0411,35.1200]
[27.1854,97.3125,0.0821,14.7263,0.0526,35.1100]
[27.1854,97.2872,0.0982,14.7235,0.0440,35.0700]
[27.1854,97.2954,0.0718,14.7266,0.0361,35.0800]
[27.1854,97.2416,0.0653,14.7147,0.0440,35.0400]
[27.1854,97.1842,0.0697,14.6988,0.0329,35.0700]
[27.1854,14.8656,0.0343,90.6942,0.0570,35.0400]
[27.1854,14.8414,0.0468,90.6117,0.0797,35.0300]
[27.1854,14.8313,0.0372,90.5657,0.0750,34.9900]
[27.1854,14.8255,0.0541,90.5318,0.0593,34.9800]
[27.1854,14.8077,0.0386,90.4546,0.0576,34.9700]
[27.1854,14.8046,0.0371,90.4472,0.0521,34.9300]
[27.1854,14.7937,0.0517,90.4036,0.0672,34.9000]
[27.1854,14.7797,0.0339,90.3292,0.0471,34.9100]
[27.1854,14.7678,0.0395,90.2782,0.0773,34.9100]
[27.1854,14.7522,0.0388,90.2305,0.0860,34.9400]
[27.0970,95.3808,0.0878,14.3235,0.0374,34.9500]
[27.0970,95.4056,0.0704,14.3115,0.0353,34.9700]
[27.0970,95.4075,0.0705,14.3103,0.0388,34.9700]
[27.0970,95.3304,0.0670,14.2963,0.0459,34.9800]
[27.0970,95.2926,0.0568,14.2943,0.0431,34.9800]
[27.0970,95.2535,0.0908,14.2796,0.0587,34.9500]
[27.0970,95.2686,0.0608,14.2837,0.0478,34.9700]
[27.0970,95.2021,0.0652,14.2659,0.0385,34.9900]
[27.0970,95.2270,0.0537,14.2546,0.0391,35.0300]
[27.0970,95.1544,0.0537,14.2350,0.0515,35.0400]
[27.0970,14.7511,0.0388,89.8771,0.0595,35.0600]
[27.0970,14.7377,0.0377,89.8425,0.0531,35.0900]
[27.0970,14.7339,0.0339,89.8378,0.0504,35.1000]
[27.0970,14.7147,0.0428,89.8230,0.0448,35.1200]
[27.0970,14.7155,0.0351,89.7898,0.0817,35.1500]
[27.0970,14.7073,0.0368,89.7930,0.0778,35.1600]
[27.0970,14.7027,0.0368,89.7319,0.0730,35.1400]
[27.0970,14.7080,0.0433,89.7831,0.0779,35.1500]
[27.0970,14.6795,0.0380,89.6906,0.0593,35.1600]
[27.0970,14.6731,0.0407,89.6460,0.0815,35.1700]
[27.0058,96.0652,0.0649,13.8631,0.0321,35.2500]
[27.0058,95.9856,0.0636,13.8375,0.0363,35.2900]
[27.0058,96.0018,0.0658,13.8395,0.0385,35.2700]
[27.0058,95.9496,0.0571,13.8236,0.0345,35.3200]
[27.0058,95.9017,0.0411,13.8047,0.0378,35.3300]
[27.0058,95.8931,0.0740,13.7999,0.0326,35.3700]
[27.0058,95.7588,0.1026,13.7831,0.0462,35.3700]
[27.0058,95.7454,0.0831,13.7631,0.0538,35.3700]
[27.0058,95.6551,0.0790,13.7400,0.0372,35.3900]
[27.0058,95.6602,0.0760,13.7225,0.0511,35.3700]
[27.0058,14.5326,0.0312,89.2786,0.0454,35.3300]
[27.0058,14.5337,0.0372,89.2628,0.0508,35.3900]
[27.0058,14.5281,0.0400,89.2531,0.0503,35.4000]
[27.0058,14.5217,0.0372,89.2615,0.0420,35.4000]
[27.0058,14.5107,0.0341,89.1971,0.0573,35.4200]
[27.0058,14.5065,0.0334,89.1609,0.0682,35.4300]
[27.0058,14.4816,0.0399,89.1013,0.0518,35.4600]
[27.0058,14.4779,0.0494,89.1005,0.0799,35.4700]
[27.0058,14.4743,0.0357,89.0710,0.0694,35.4500]
[27.0058,14.4765,0.0397,89.0520,0.0703,35.4300]
[26.9175,95.1666,0.0335,13.1225,0.0396,35.3700]
[26.9175,95.1522,0.0720,13.0783,0.0435,35.3900]
[26.9175,94.9831,0.1985,13.0634,0.0624,35.3200]
[26.9175,95.0316,0.0507,12.9740,0.0873,35.2800]
[26.9175,95.0103,0.0713,12.9605,0.0797,35.2400]
[26.9175,94.9827,0.0623,12.9334,0.0680,35.2000]
[26.9175,94.9786,0.0684,12.9037,0.0827,35.2100]
[26.9175,94.8761,0.1094,12.8765,0.0650,35.2000]
[26.9175,94.9056,0.0780,12.8778,0.0588,35.2000]
[26.9175,94.8317,0.0858,12.8541,0.0485,35.2000]
[26.9175,14.3962,0.0336,88.7686,0.0617,35.2400]
[26.9175,14.3907,0.0432,88.7752,0.0714,35.2400]
[26.9175,14.3735,0.0323,88.7147,0.0651,35.2200]
[26.9175,14.3526,0.0334,88.6114,0.0794,35.2400]
[26.9175,14.3468,0.0307,88.6129,0.0559,35.2200]
[26.9175,14.3234,0.0253,88.5068,0.0608,35.2000]
[26.9175,14.3099,0.0306,88.4514,0.0635,35.2300]
[26.9175,14.3243,0.0442,88.4868,0.0880,35.2600]
[26.9175,14.3030,0.0273,88.4072,0.0681,35.2900]
[26.9175,14.2827,0.0346,88.3005,0.0466,35.3400]
[26.8262,93.6909,0.0704,13.9716,0.0295,35.4100]
[26.8262,93.5192,0.0561,13.9234,0.0307,35.4400]
[26.8262,93.4888,0.0816,13.9091,0.0392,35.4800]
[26.8262,93.4950,0.0698,13.9127,0.0327,35.5100]
[26.8262,93.4603,0.0720,13.9061,0.0430,35.5400]
[26.8262,93.4088,0.0594,13.8999,0.0382,35.5800]
[26.8262,93.3720,0.0572,13.9024,0.0456,35.6100]
[26.8262,93.3197,0.0617,13.8788,0.0433,35.6400]
[26.8262,93.2675,0.0789,13.8648,0.0371,35.6800]
[26.8262,93.1264,0.3160,13.8466,0.0601,35.7000]
[26.8262,14.2044,0.0257,88.3848,0.0678,35.6400]
[26.8262,14.1986,0.0283,88.3638,0.0675,35.5800]
[26.8262,14.1935,0.0375,88.3342,0.0561,35.5400]
[26.8262,14.1777,0.0405,88.2589,0.0602,35.5300]
[26.8262,14.1757,0.0439,88.2722,0.0769,35.5300]
[26.8262,14.1641,0.0370,88.2253,0.0684,35.5400]
[26.8262,14.1721,0.0442,88.2388,0.0727,35.5700]
[26.8262,14.1669,0.0385,88.2081,0.0742,35.5400]
[26.8262,14.1530,0.0341,88.1453,0.0791,35.5600]
[26.8262,14.1496,0.0632,88.1650,0.0983,35.5500]
[26.7380,92.7374,0.0521,12.7112,0.0343,35.6200]
[26.7380,92.7870,0.0792,12.6994,0.0354,35.6600]
[26.7380,92.8420,0.0889,12.6904,0.0346,35.6600]
[26.7380,92.8026,0.0924,12.6685,0.0517,35.6500]
[26.7380,92.7946,0.0731,12.6546,0.0336,35.6400]
[26.7380,92.8032,0.0720,12.6276,0.0599,35.5900]
[26.7380,92.7534,0.0521,12.6275,0.0382,35.5000]
[26.7380,92.7017,0.0715,12.6441,0.0581,35.5000]
[26.7380,92.6876,0.0783,12.6646,0.0304,35.4700]
[26.7380,92.7246,0.0697,12.6451,0.0444,35.4200]
[26.7380,14.1525,0.0304,87.7758,0.0640,35.3700]
[26.7380,14.1488,0.0328,87.7922,0.0587,35.3900]
[26.7380,14.1248,0.0419,87.6930,0.0928,35.3900]
[26.7380,14.1044,0.0459,87.6201,0.0648,35.4100]
[26.7380,14.1135,0.0348,87.6688,0.0940,35.4200]
[26.7380,14.1137,0.0450,87.7291,0.1149,35.3900]
[26.7380,14.0883,0.0423,87.5281,0.0711,35.4200]
[26.7380,14.0746,0.0446,87.4888,0.0759,35.4000]
[26.7380,14.0673,0.0368,87.4335,0.0705,35.4400]
[26.7380,14.0525,0.0351,87.4022,0.0668,35.4800]
[26.6468,92.3573,0.0718,13.3871,0.0324,35.5100]
[26.6468,92.3375,0.0751,13.3731,0.0331,35.5400]
[26.6468,92.3319,0.0856,13.3586,0.0384,35.5200]
[26.6468,92.2652,0.0732,13.3551,0.0341,35.5600]
[26.6468,92.2751,0.0760,13.3389,0.0307,35.5900]
[26.6468,92.1882,0.0799,13.3324,0.0230,35.6000]
[26.6468,92.1265,0.0944,13.3113,0.0353,35.6100]
[26.6468,92.0643,0.0728,13.3081,0.0443,35.6100]
[26.6468,92.1312,0.1062,13.3112,0.0614,35.6200]
[26.6468,92.0785,0.1092,13.2977,0.0350,35.6000]
[26.6468,13.9614,0.0313,86.8147,0.0689,35.6500]
[26.6468,13.9547,0.0369,86.8440,0.0590,35.6800]
[26.6468,13.9523,0.0327,86.8239,0.0653,35.7200]
[26.6468,13.9762,0.0297,86.9239,0.0706,35.7600]
[26.6468,13.9485,0.0292,86.8364,0.0736,35.8000]
[26.6468,13.9336,0.0314,86.7739,0.1095,35.7700]
[26.6468,13.9418,0.0309,86.8214,0.0794,35.7900]
[26.6468,13.9254,0.0314,86.7404,0.0672,35.6800]
[26.6468,13.9254,0.0335,86.7150,0.0581,35.6900]
[26.6468,13.9237,0.0177,86.6781,0.0583,35.7000]
[26.5556,92.1274,0.0712,13.3943,0.0218,35.6500]
[26.5556,92.1050,0.0508,13.3863,0.0314,35.6900]
[26.5556,92.0344,0.0687,13.3692,0.0404,35.7000]
[26.5556,91.9972,0.0658,13.3659,0.0186,35.7300]
[26.5556,91.9950,0.0624,13.3590,0.0336,35.7300]
[26.5556,91.9481,0.0923,13.3519,0.0260,35.7500]
[26.5556,92.0021,0.0816,13.3560,0.0384,35.7800]
[26.5556,91.9094,0.0678,13.3476,0.0301,35.7900]
[26.5556,91.8763,0.0678,13.3371,0.0276,35.7700]
[26.5556,91.9272,0.0720,13.3316,0.0235,35.7800]
[26.5556,13.8286,0.0295,86.6727,0.0532,35.8200]
[26.5556,13.8078,0.0224,86.6174,0.0453,35.8200]
[26.5556,13.8120,0.0403,86.6101,0.0661,35.8300]
[26.5556,13.8089,0.0188,86.5633,0.0689,35.8700]
[26.5556,13.8144,0.0303,86.5545,0.0763,35.9000]
[26.5556,13.8050,0.0254,86.5377,0.0459,35.8600]
[26.5556,13.7952,0.0341,86.5287,0.0537,35.8600]
[26.5556,13.7732,0.0429,86.4081,0.0913,35.8800]
[26.5556,13.7802,0.0347,86.4304,0.0976,35.9200]
[26.5556,13.7768,0.0317,86.4906,0.0827,35.9500]
[26.4674,90.8667,0.1395,13.3410,0.0394,35.9400]
[26.4674,90.8523,0.0584,13.3300,0.0348,35.9400]
[26.4674,90.8434,0.0860,13.2949,0.0371,35.9100]
[26.4674,90.8499,0.0830,13.3115,0.0423,35.8900]
[26.4674,90.7976,0.0767,13.2985,0.0401,35.8900]
[26.4674,90.7487,0.0665,13.2923,0.0356,35.9200]
[26.4674,90.7421,0.0728,13.2936,0.0274,35.9400]
[26.4674,90.7155,0.0691,13.2794,0.0298,35.9400]
[26.4674,90.6592,0.0614,13.2767,0.0284,35.9400]
[26.4674,90.6770,0.0805,13.2753,0.0322,35.9500]
[26.4674,13.6939,0.0272,85.6655,0.0540,35.9000]
[26.4674,13.6851,0.0296,85.7210,0.0586,35.9000]
[26.4674,13.6747,0.0349,85.6889,0.0461,35.8400]
[26.4674,13.6630,0.0300,85.7029,0.0919,35.8500]
[26.4674,13.6679,0.0231,85.7081,0.0661,35.8100]
[26.4674,13.6523,0.0265,85.6519,0.0897,35.8400]
[26.4674,13.6512,0.0340,85.6177,0.0461,35.8500]
[26.4674,13.6533,0.0304,85.6399,0.0583,35.8400]
[26.4674,13.6512,0.0318,85.7038,0.1013,35.8100]
[26.4674,13.6515,0.0291,85.6803,0.0511,35.7600]
[26.3762,91.1047,0.0631,12.9715,0.0350,35.7600]
[26.3762,90.9977,0.0677,12.9473,0.0383,35.7100]
[26.3762,90.9901,0.0802,12.9429,0.0509,35.7300]
[26.3762,90.9603,0.0558,12.9527,0.0284,35.7600]
[26.3762,90.9349,0.0640,12.9237,0.0336,35.7700]
[26.3762,90.9357,0.0635,12.9173,0.0307,35.7700]
[26.3762,90.9131,0.0699,12.9081,0.0331,35.7600]
[26.3762,90.8785,0.0576,12.9040,0.0257,35.8100]
[26.3762,90.8624,0.0721,12.8975,0.0298,35.8100]
[26.3762,90.8620,0.0598,12.8952,0.0317,35.8200]
[26.3762,13.6212,0.0200,85.0431,0.0661,35.8200]
[26.3762,13.5940,0.0261,84.9954,0.0399,35.7800]
[26.3762,13.5922,0.0365,84.9741,0.0717,35.7700]
[26.3762,13.5929,0.0276,85.0019,0.0543,35.7500]
[26.3762,13.5741,0.0297,84.9477,0.0600,35.7600]
[26.3762,13.5659,0.0289,84.8784,0.0374,35.7600]
[26.3762,13.5467,0.0248,84.8188,0.0531,35.7900]
[26.3762,13.5511,0.0327,84.8982,0.0862,35.8000]
[26.3762,13.5715,0.0301,84.9324,0.0791,35.7600]
[26.3762,13.5421,0.0258,84.8279,0.0738,35.7900]
[26.2881,90.5791,0.0665,13.0041,0.0250,35.8100]
[26.2881,90.5940,0.0711,13.0041,0.0327,35.8200]
[26.2881,90.4863,0.0720,12.9961,0.0256,35.8000]
[26.2881,90.4450,0.0866,12.9807,0.0265,35.8200]
[26.2881,90.4236,0.0640,12.9743,0.0297,35.7800]
[26.2881,90.4147,0.1072,12.9699,0.0293,35.7700]
[26.2881,90.3064,0.0760,12.9679,0.0348,35.7600]
[26.2881,90.2596,0.0605,12.9580,0.0336,35.7800]
[26.2881,90.2166,0.0802,12.9588,0.0274,35.8100]
[26.2881,90.1220,0.0601,12.9311,0.0285,35.8400]
[26.2881,13.3754,0.0280,84.4112,0.0691,35.8400]
[26.2881,13.3582,0.0319,84.3422,0.0696,35.8100]
[26.2881,13.3584,0.0290,84.3588,0.0551,35.8600]
[26.2881,13.3478,0.0275,84.3576,0.0400,35.8700]
[26.2881,13.3348,0.0319,84.2713,0.0589,35.8200]
[26.2881,13.3261,0.0267,84.2155,0.0519,35.8500]
[26.2881,13.3084,0.0443,84.1441,0.0779,35.8200]
[26.2881,13.3069,0.0216,84.0899,0.0524,35.7700]
[26.2881,13.2912,0.0316,84.0506,0.0429,35.7600]
[26.2881,13.3016,0.0304,84.0775,0.0731,35.7400]
[26.1970,89.8926,0.0556,12.5115,0.0280,35.6600]
[26.1970,89.8188,0.0725,12.5013,0.0297,35.6400]
[26.1970,89.7342,0.0877,12.4803,0.0379,35.6100]
[26.1970,89.6833,0.0466,12.4553,0.0289,35.5900]
[26.1970,89.6549,0.0748,12.4456,0.0417,35.5600]
[26.1970,89.6251,0.0493,12.4409,0.0265,35.5400]
[26.1970,89.5531,0.0673,12.4244,0.0346,35.5300]
[26.1970,89.5330,0.0442,12.4088,0.0211,35.5200]
[26.1970,89.5062,0.0698,12.4025,0.0270,35.5100]
[26.1970,89.4751,0.0508,12.4116,0.0266,35.4700]
[26.1970,12.8962,0.0275,82.9679,0.0561,35.4100]
[26.1970,12.8678,0.0317,82.9903,0.0815,35.4000]
[26.1970,12.8733,0.0300,82.9540,0.0566,35.4100]
[26.1970,12.8337,0.0406,82.8611,0.0399,35.4400]
[26.1970,12.8393,0.0532,82.8751,0.0863,35.4200]
[26.1970,12.8274,0.0378,82.8676,0.0717,35.4200]
[26.1970,12.8086,0.0372,82.7926,0.0761,35.4500]
[26.1970,12.7951,0.0407,82.8252,0.0786,35.5000]
[26.1970,12.7765,0.0309,82.7275,0.0557,35.5300]
[26.1970,12.7604,0.0469,82.7267,0.0668,35.5900]
[26.1088,88.8080,0.0633,12.5420,0.0305,35.6500]
[26.1088,88.7651,0.0663,12.5223,0.0372,35.6900]
[26.1088,88.8112,0.0758,12.5339,0.0420,35.7300]
[26.1088,88.7979,0.0749,12.5177,0.0338,35.7700]
[26.1088,88.7830,0.0540,12.5091,0.0309,35.8000]
[26.1088,88.7502,0.1489,12.5012,0.0304,35.8400]
[26.1088,88.6284,0.0971,12.4784,0.0358,35.8200]
[26.1088,88.6481,0.0619,12.4823,0.0310,35.8500]
[26.1088,88.6142,0.0582,12.4723,0.0275,35.8600]
[26.1088,88.5564,0.0410,12.4596,0.0237,35.8900]
[26.1088,12.8147,0.0273,82.3780,0.0572,35.9600]
[26.1088,12.7939,0.0403,82.3177,0.0664,35.9900]
[26.1088,12.7733,0.0310,82.2157,0.0673,35.9900]
[26.1088,12.7715,0.0357,82.1737,0.0642,35.9500]
[26.1088,12.7780,0.0305,82.1319,0.0546,35.9400]
[26.1088,12.7728,0.0311,82.1066,0.0637,35.9800]
[26.1088,12.7569,0.0308,82.0318,0.0667,35.9900]
[26.1088,12.7465,0.0385,81.9331,0.0619,36.0000]
[26.1088,12.7495,0.0299,81.9494,0.0536,36.0100]
[26.1088,12.7360,0.0296,81.8617,0.0448,36.0200]
[26.0178,87.4680,0.0559,12.2464,0.0258,36.0700]
[26.0178,87.4049,0.0660,12.2079,0.0281,36.0700]
[26.0178,87.4018,0.0677,12.2139,0.0262,36.1000]
[26.0178,87.3286,0.0814,12.1827,0.0306,36.1200]
[26.0178,87.2673,0.0608,12.1720,0.0302,36.0800]
[26.0178,87.1907,0.0691,12.1462,0.0295,36.0900]
[26.0178,87.1400,0.0569,12.1434,0.0348,36.0500]
[26.0178,87.1755,0.0577,12.1527,0.0288,36.0300]
[26.0178,87.2072,0.0862,12.1553,0.0269,36.0600]
[26.0178,87.0948,0.0568,12.1283,0.0179,36.0500]
[26.0178,12.7289,0.0214,81.3200,0.0737,36.0000]
[26.0178,12.7080,0.0283,81.2843,0.0555,35.9300]
[26.0178,12.7034,0.0265,81.2161,0.0679,35.9000]
[26.0178,12.6905,0.0213,81.2221,0.0730,35.8600]
[26.0178,12.6946,0.0261,81.1869,0.0355,35.8300]
[26.0178,12.6864,0.0254,81.1371,0.0355,35.8000]
[26.0178,12.6786,0.0241,81.1065,0.0380,35.8100]
[26.0178,12.6631,0.0255,81.0436,0.0580,35.8200]
[26.0178,12.6586,0.0251,80.9440,0.0462,35.8300]
[26.0178,12.6452,0.0264,80.9514,0.0568,35.8500]
[25.9297,86.9305,0.0935,11.9938,0.0269,35.8700]
[25.9297,86.8962,0.0551,11.9870,0.0260,35.8600]
[25.9297,86.8549,0.1005,11.9729,0.0230,35.8700]
[25.9297,86.8567,0.0716,11.9807,0.0294,35.8600]
[25.9297,86.8010,0.0772,11.9673,0.0247,35.8700]
[25.9297,86.7635,0.0687,11.9559,0.0285,35.8900]
[25.9297,86.7404,0.0408,11.9513,0.0248,35.9200]
[25.9297,86.8139,0.0715,11.9667,0.0321,35.9300]
[25.9297,86.7236,0.0445,11.9579,0.0198,35.9600]
[25.9297,86.6730,0.0581,11.9444,0.0340,35.9900]
[25.9297,12.5092,0.0259,80.7577,0.0669,36.0300]
[25.9297,12.5066,0.0301,80.7309,0.0574,36.0300]
[25.9297,12.4927,0.0211,80.7509,0.0645,36.0300]
[25.9297,12.4811,0.0249,80.6702,0.0575,36.0200]
[25.9297,12.4878,0.0276,80.7394,0.0561,35.9900]
[25.9297,12.4744,0.0320,80.6312,0.0614,36.0000]
[25.9297,12.4643,0.0203,80.5834,0.0535,36.0500]
[25.9297,12.4549,0.0241,80.5600,0.0549,36.0600]
[25.9297,12.4608,0.0259,80.5351,0.0588,36.0600]
[25.9297,12.4468,0.0245,80.4871,0.0509,36.0800]
[25.8386,86.5548,0.0520,11.9747,0.0155,36.1200]
[25.8386,86.5179,0.0645,11.9676,0.0246,36.1200]
[25.8386,86.4601,0.0551,11.9586,0.0243,36.1400]
[25.8386,86.5135,0.0480,11.9680,0.0310,36.1600]
[25.8386,86.4312,0.0812,11.9519,0.0264,36.1800]
[25.8386,86.2512,0.0849,11.9244,0.0328,36.2200]
[25.8386,86.2836,0.0507,11.9344,0.0189,36.2600]
[25.8386,86.2402,0.0626,11.9145,0.0183,36.2900]
[25.8386,86.2829,0.0539,11.9130,0.0210,36.3300]
[25.8386,86.1628,0.0857,11.9012,0.0251,36.3500]
[25.8386,11.9902,0.0230,80.0974,0.0611,36.3900]
[25.8386,11.9580,0.0247,79.9632,0.0637,36.4200]
[25.8386,11.9408,0.0272,79.8692,0.0580,36.4400]
[25.8386,11.9354,0.0245,79.8503,0.0755,36.4300]
[25.8386,11.9289,0.0259,79.8660,0.0638,36.4100]
[25.8386,11.9213,0.0223,79.8564,0.0550,36.4000]
[25.8386,11.8974,0.0199,79.7431,0.0602,36.3500]
[25.8386,11.9034,0.0247,79.7705,0.0563,36.3300]
[25.8386,11.8744,0.0224,79.6749,0.0477,36.2700]
[25.8386,11.8835,0.0256,79.6810,0.0654,36.2400]
[25.7476,85.5133,0.0454,11.8117,0.0201,36.3000]
[25.7476,85.4715,0.0774,11.7914,0.0180,36.3000]
[25.7476,85.3697,0.0675,11.7782,0.0193,36.3100]
[25.7476,85.3507,0.0935,11.7780,0.0257,36.3100]
[25.7476,85.3437,0.0740,11.7774,0.0235,36.3500]
[25.7476,85.2867,0.0414,11.7590,0.0273,36.3800]
[25.7476,85.1950,0.0697,11.7404,0.0206,36.4100]
[25.7476,85.1846,0.0787,11.7313,0.0239,36.4400]
[25.7476,85.2180,0.0640,11.7302,0.0166,36.4600]
[25.7476,85.1780,0.0742,11.7124,0.0241,36.4800]
[25.7476,11.8909,0.0158,79.6784,0.0550,36.5300]
[25.7476,11.8775,0.0278,79.6090,0.0584,36.5200]
[25.7476,11.9098,0.0225,79.6436,0.0887,36.5300]
[25.7476,11.8766,0.0212,79.5574,0.0595,36.5500]
[25.7476,11.8721,0.0243,79.5630,0.0758,36.5700]
[25.7476,11.8769,0.0234,79.5407,0.0855,36.5900]
[25.7476,11.8701,0.0270,79.5142,0.0754,36.6100]
[25.7476,11.8552,0.0332,79.4286,0.0722,36.6400]
[25.7476,11.8358,0.0289,79.4007,0.0832,36.6700]
[25.7476,11.8222,0.0254,79.3382,0.0511,36.6900]
[25.6596,84.6641,0.0752,11.5512,0.0236,36.7000]
[25.6596,84.6514,0.0650,11.5365,0.0208,36.6800]
[25.6596,84.5867,0.0588,11.5146,0.0387,36.6700]
[25.6596,84.5388,0.3009,11.5036,0.0525,36.6500]
[25.6596,84.5231,0.0640,11.5120,0.0288,36.6100]
[25.6596,84.5321,0.0671,11.5088,0.0289,36.6400]
[25.6596,84.5297,0.0436,11.5060,0.0193,36.6600]
[25.6596,84.5075,0.0888,11.5137,0.0237,36.6700]
[25.6596,84.4235,0.0747,11.4941,0.0336,36.6900]
[25.6596,84.3375,0.0843,11.4710,0.0397,36.7000]
[25.6596,11.7975,0.0295,78.9830,0.0621,36.6900]
[25.6596,11.7727,0.0280,78.9194,0.0580,36.6900]
[25.6596,11.7539,0.0331,78.9310,0.0398,36.6900]
[25.6596,11.7663,0.0185,78.9063,0.0627,36.6800]
[25.6596,11.7765,0.0260,78.8815,0.0485,36.6300]
[25.6596,11.7964,0.0249,78.9541,0.0653,36.5800]
[25.6596,11.8108,0.0273,78.9571,0.0591,36.5400]
[25.6596,11.7956,0.0173,78.8120,0.0562,36.4800]
[25.6596,11.8145,0.0404,78.8730,0.0537,36.4100]
[25.6596,11.8030,0.0255,78.8871,0.0731,36.3300]
[25.5686,83.8898,0.0738,11.4065,0.0249,36.2200]
[25.5686,83.7445,0.0773,11.3682,0.0266,36.1700]
[25.5686,83.7239,0.0519,11.3741,0.0326,36.0800]
[25.5686,83.6564,0.0769,11.3647,0.0273,36.0300]
[25.5686,83.5764,0.0490,11.3568,0.0158,35.9700]
[25.5686,83.6032,0.0506,11.3654,0.0310,35.9600]
[25.5686,83.5272,0.0418,11.3374,0.0269,35.9300]
[25.5686,83.4622,0.0638,11.3430,0.0200,35.9000]
[25.5686,83.4798,0.0486,11.3448,0.0190,35.8400]
[25.5686,83.4167,0.0771,11.3311,0.0215,35.8400]
[25.5686,11.9462,0.0168,78.4852,0.0552,35.8300]
[25.5686,11.9364,0.0247,78.4386,0.0544,35.8300]
[25.5686,11.9135,0.0371,78.4032,0.0676,35.8600]
[25.5686,11.9200,0.0239,78.3931,0.0707,35.8600]
[25.5686,11.9283,0.0175,78.4284,0.0669,35.9000]
[25.5686,11.9286,0.0201,78.4124,0.0406,35.9300]
[25.5686,11.9142,0.0226,78.3788,0.0541,35.9400]
[25.5686,11.9017,0.0264,78.3245,0.0375,35.9600]
[25.5686,11.8952,0.0216,78.3099,0.0573,35.9600]
[25.5686,11.8752,0.0205,78.2325,0.0574,35.9700]
[25.4806,83.3434,0.0532,11.4594,0.0222,35.8700]
[25.4806,83.2589,0.0746,11.4322,0.0227,35.8700]
[25.4806,83.2625,0.0554,11.4147,0.0215,35.8800]
[25.4806,83.2842,0.0801,11.4465,0.0204,35.8300]
[25.4806,83.2155,0.0799,11.4361,0.0144,35.8400]
[25.4806,83.1307,0.0714,11.4223,0.0261,35.7900]
[25.4806,83.1517,0.0416,11.4062,0.0152,35.8100]
[25.4806,83.0925,0.0714,11.4020,0.0254,35.8200]
[25.4806,83.1308,0.0518,11.4206,0.0195,35.8300]
[25.4806,83.1333,0.0467,11.4359,0.0184,35.8000]
[25.4806,11.7167,0.0244,77.6638,0.0539,35.7600]
[25.4806,11.7034,0.0252,77.6824,0.0635,35.7600]
[25.4806,11.6853,0.0198,77.6406,0.0449,35.7600]
[25.4806,11.6761,0.0240,77.6215,0.0601,35.7800]
[25.4806,11.6558,0.0237,77.5702,0.0450,35.8200]
[25.4806,11.6651,0.0118,77.6063,0.0560,35.8300]
[25.4806,11.6586,0.0202,77.5404,0.0863,35.8400]
[25.4806,11.6328,0.0238,77.5045,0.0591,35.8500]
[25.4806,11.6269,0.0188,77.4386,0.0628,35.8200]
[25.4806,11.6086,0.0187,77.3780,0.0910,35.8700]
[25.3897,82.7650,0.0529,11.4178,0.0258,35.8600]
[25.3897,82.7793,0.0534,11.4138,0.0143,35.8400]
[25.3897,82.7570,0.0733,11.4181,0.0257,35.8600]
[25.3897,82.6235,0.0623,11.3763,0.0279,35.8700]
[25.3897,82.6854,0.0728,11.3786,0.0208,35.8900]
[25.3897,82.6841,0.0471,11.3644,0.0144,35.8900]
[25.3897,82.6343,0.0692,11.3564,0.0239,35.9100]
[25.3897,82.5785,0.0654,11.3537,0.0271,35.9200]
[25.3897,82.5431,0.0570,11.3448,0.0145,35.9300]
[25.3897,82.4946,0.0584,11.3237,0.0163,35.9500]
[25.3897,11.4471,0.0249,77.1663,0.0572,35.9300]
[25.3897,11.4396,0.0390,77.1399,0.0633,35.9500]
[25.3897,11.4320,0.0270,77.0766,0.0512,35.9000]
[25.3897,11.4229,0.0337,77.0280,0.0904,35.9300]
[25.3897,11.4373,0.0253,77.0320,0.0639,35.9200]
[25.3897,11.4589,0.0189,77.0846,0.0608,35.9000]
[25.3897,11.4444,0.0292,77.0820,0.0668,35.8800]
[25.3897,11.4374,0.0226,77.0735,0.0776,35.9100]
[25.3897,11.4363,0.0175,77.0766,0.0573,35.9400]
[25.3897,11.4321,0.0222,77.0391,0.0587,35.9800]
[25.2988,82.3459,0.0891,11.2996,0.0169,36.0500]
[25.2988,82.2982,0.0621,11.2789,0.0286,36.0900]
[25.2988,82.2612,0.0601,11.2729,0.0194,36.1200]
[25.2988,82.3390,0.0853,11.2937,0.0330,36.1500]
[25.2988,82.2788,0.0672,11.2795,0.0203,36.1500]
[25.2988,82.2641,0.0696,11.2743,0.0221,36.1300]
[25.2988,82.2400,0.0479,11.2755,0.0230,36.1000]
[25.2988,82.1447,0.0880,11.2551,0.0176,36.0500]
[25.2988,82.1919,0.0659,11.2677,0.0234,35.9500]
[25.2988,82.1479,0.0415,11.2705,0.0211,35.9500]
[25.2988,10.9798,0.0213,76.8350,0.0378,35.8100]
[25.2988,10.9833,0.0188,76.7941,0.0537,35.8200]
[25.2988,10.9567,0.0242,76.7822,0.0416,35.8300]
[25.2988,10.9226,0.0221,76.7338,0.0454,35.8500]
[25.2988,10.9136,0.0230,76.7001,0.0462,35.8600]
[25.2988,10.8988,0.0198,76.6657,0.0311,35.8500]
[25.2988,10.8893,0.0222,76.6639,0.0462,35.8300]
[25.2988,10.8701,0.0187,76.6106,0.0552,35.8400]
[25.2988,10.8522,0.0203,76.5582,0.0690,35.8600]
[25.2988,10.8404,0.0232,76.5638,0.0462,35.8300]
[25.2108,81.5857,0.0787,11.2941,0.0289,35.9000]
[25.2108,81.6551,0.0465,11.3184,0.0195,35.9200]
[25.2108,81.6184,0.0706,11.2877,0.0202,35.9600]
[25.2108,81.5582,0.0630,11.2711,0.0184,36.0000]
[25.2108,81.5531,0.1211,11.2655,0.0348,36.0000]
[25.2108,81.4645,0.1105,11.2558,0.0339,35.9700]
[25.2108,81.4476,0.0659,11.2391,0.0217,35.9600]
[25.2108,81.4315,0.0926,11.2350,0.0207,35.9600]
[25.2108,81.4262,0.0566,11.2300,0.0219,35.9400]
[25.2108,81.3904,0.0672,11.2212,0.0192,35.9500]
[25.2108,10.7383,0.0260,76.3507,0.0750,35.9500]
[25.2108,10.6988,0.0219,76.2717,0.0540,35.9700]
[25.2108,10.6921,0.0247,76.2498,0.0478,35.9700]
[25.2108,10.7276,0.0272,76.2710,0.0627,35.9600]
[25.2108,10.7229,0.0282,76.2327,0.0602,35.9700]
[25.2108,10.7007,0.0271,76.1639,0.0574,35.9900]
[25.2108,10.6850,0.0258,76.1214,0.0576,36.0100]
[25.2108,10.6855,0.0191,76.1193,0.0506,36.0400]
[25.2108,10.6506,0.0228,75.9802,0.0564,36.0600]
[25.2108,10.6388,0.0240,75.9542,0.0865,36.0700]
[25.1200,79.5673,0.0630,11.1669,0.0258,36.0500]
[25.1200,79.4825,0.0546,11.1285,0.0274,36.0700]
[25.1200,79.4437,0.0663,11.1113,0.0193,36.1000]
[25.1200,79.3868,0.0808,11.1102,0.0217,36.1400]
[25.1200,79.4385,0.0936,11.0911,0.0162,36.1400]
[25.1200,79.3284,0.0894,11.0805,0.0212,36.1200]
[25.1200,79.3648,0.0759,11.0909,0.0219,36.1300]
[25.1200,79.2336,0.0648,11.0888,0.0294,36.1200]
[25.1200,79.2366,0.0578,11.0892,0.0193,36.1000]
[25.1200,79.1812,0.0552,11.0602,0.0367,36.1200]
[25.1200,10.8828,0.0375,75.6461,0.0551,36.1100]
[25.1200,10.8682,0.0319,75.6263,0.0571,36.1200]
[25.1200,10.8504,0.0282,75.5510,0.0428,36.1300]
[25.1200,10.8574,0.0261,75.4956,0.0385,36.1800]
[25.1200,10.8369,0.0206,75.4390,0.0626,36.2000]
[25.1200,10.8348,0.0198,75.4023,0.0355,36.2200]
[25.1200,10.8293,0.0274,75.3519,0.0882,36.1900]
[25.1200,10.8235,0.0352,75.3276,0.0817,36.1800]
[25.1200,10.8146,0.0250,75.2505,0.0709,36.1500]
[25.1200,10.8361,0.0304,75.2379,0.0645,36.1600]
[25.0321,80.1439,0.0654,10.9641,0.0287,36.2000]
[25.0321,80.1474,0.0870,10.9361,0.0245,36.2300]
[25.0321,80.0535,0.0637,10.9133,0.0195,36.2300]
[25.0321,80.0775,0.0718,10.9206,0.0246,36.2400]
[25.0321,80.0333,0.0617,10.9072,0.0206,36.2700]
[25.0321,79.9615,0.0662,10.8903,0.0176,36.2900]
[25.0321,79.9218,0.0524,10.8722,0.0177,36.3100]
[25.0321,79.8455,0.0532,10.8633,0.0224,36.2900]
[25.0321,79.8218,0.0648,10.8549,0.0265,36.2600]
[25.0321,79.7367,0.0862,10.8331,0.0298,36.2300]
[25.0321,10.6364,0.0297,74.7714,0.0519,36.1600]
[25.0321,10.6188,0.0255,74.8206,0.0650,36.1200]
[25.0321,10.6034,0.0217,74.7476,0.0555,36.1500]
[25.0321,10.5891,0.0218,74.7135,0.0437,36.1700]
[25.0321,10.5696,0.0272,74.6335,0.0714,36.1800]
[25.0321,10.5683,0.0234,74.6081,0.0651,36.2000]
[25.0321,10.5675,0.0264,74.5616,0.0551,36.1800]
[25.0321,10.5566,0.0196,74.5485,0.0448,36.1500]
[25.0321,10.5401,0.0330,74.4735,0.0905,36.1600]
[25.0321,10.5563,0.0215,74.4973,0.0522,36.1400]
[24.9266,76.4170,0.0427,10.1800,0.0237,36.0700]
[24.9266,76.3024,0.0334,10.1512,0.0166,36.0300]
[24.9266,76.3284,0.0716,10.1517,0.0212,36.0200]
[24.9266,76.2867,0.0681,10.1481,0.0219,36.0200]
[24.9266,76.2748,0.0380,10.1611,0.0148,36.0100]
[24.9266,76.2681,0.0450,10.1467,0.0210,36.0100]
[24.9266,76.2067,0.0667,10.1309,0.0144,35.9600]
[24.9266,76.1892,0.0479,10.1266,0.0169,35.9500]
[24.9266,76.1355,0.0582,10.1244,0.0269,36.0100]
[24.9266,76.0533,0.0307,10.1158,0.0160,36.0200]
[24.9266,10.1360,0.0294,71.1701,0.0730,36.0400]
[24.9266,10.1028,0.0269,71.1027,0.0634,36.0500]
[24.9266,10.1137,0.0265,71.0114,0.0641,36.0200]
[24.9266,10.1039,0.0257,70.9773,0.0570,36.0200]
[24.9266,10.0709,0.0187,70.8533,0.0681,36.0200]
[24.9266,10.0754,0.0310,70.9203,0.0673,36.0400]
[24.9266,10.0764,0.0220,70.8935,0.0549,36.0700]
[24.9266,10.0854,0.0208,70.8654,0.0524,36.0700]
[24.9266,10.0963,0.0238,70.8544,0.0467,36.1000]
[24.9266,10.0593,0.0202,70.7767,0.0528,36.1500]
[24.8387,75.4734,0.0626,10.1433,0.0166,36.2100]
[24.8387,75.3783,0.0447,10.1140,0.0246,36.2300]
[24.8387,75.3445,0.0600,10.0969,0.0253,36.2700]
[24.8387,75.3025,0.0598,10.0863,0.0227,36.3000]
[24.8387,75.2200,0.0617,10.0782,0.0242,36.2900]
[24.8387,75.2245,0.0428,10.0892,0.0195,36.2800]
[24.8387,75.1943,0.0687,10.0872,0.0188,36.3100]
[24.8387,75.1426,0.0809,10.0660,0.0211,36.3300]
[24.8387,75.1494,0.0657,10.0672,0.0169,36.3100]
[24.8387,75.1508,0.0694,10.0673,0.0202,36.3000]
[24.8387,9.9687,0.0264,70.5692,0.0373,36.3000]
[24.8387,9.9513,0.0192,70.5698,0.0370,36.3200]
[24.8387,9.9326,0.0216,70.4920,0.0468,36.3400]
[24.8387,9.9197,0.0192,70.4254,0.0423,36.3600]
[24.8387,9.9125,0.0235,70.3970,0.0293,36.3700]
[24.8387,9.9204,0.0184,70.3574,0.0439,36.3700]
[24.8387,9.8952,0.0212,70.2877,0.0525,36.3600]
[24.8387,9.8898,0.0152,70.2716,0.0386,36.3400]
[24.8387,9.9010,0.0230,70.2394,0.0491,36.3300]
[24.8387,9.8930,0.0232,70.2145,0.0500,36.3500]
[24.7480,75.0129,0.0608,9.8756,0.0260,36.3100]
[24.7480,75.0223,0.0528,9.8792,0.0130,36.2900]
[24.7480,74.9720,0.0594,9.8667,0.0257,36.2800]
[24.7480,74.9019,0.0612,9.8605,0.0247,36.2300]
[24.7480,74.8998,0.0360,9.8614,0.0215,36.2200]
[24.7480,74.8807,0.0589,9.8659,0.0190,36.2100]
[24.7480,74.8506,0.0533,9.8601,0.0197,36.2100]
[24.7480,74.8087,0.0345,9.8620,0.0169,36.1900]
[24.7480,74.8540,0.0726,9.8601,0.0202,36.1500]
[24.7480,74.7558,0.0451,9.8304,0.0163,36.1300]
[24.7480,9.8278,0.0183,69.8652,0.0413,36.1300]
[24.7480,9.7934,0.0194,69.7539,0.0447,36.0700]
[24.7480,9.7822,0.0167,69.7162,0.0501,36.0700]
[24.7480,9.7692,0.0254,69.7348,0.0543,36.0400]
[24.7480,9.7585,0.0165,69.6727,0.0574,36.0700]
[24.7480,9.7674,0.0192,69.6059,0.0507,35.9900]
[24.7480,9.7562,0.0226,69.6015,0.0339,35.9700]
[24.7480,9.7453,0.0169,69.5773,0.0391,35.9400]
[24.7480,9.7342,0.0159,69.5242,0.0319,35.8500]
[24.7480,9.7334,0.0213,69.4746,0.0523,35.8000]
[24.6572,73.9841,0.0380,9.7346,0.0235,35.7700]
[24.6572,73.9236,0.0596,9.7035,0.0186,35.7500]
[24.6572,73.9110,0.0477,9.7044,0.0217,35.7600]
[24.6572,73.9526,0.0420,9.7046,0.0169,35.7200]
[24.6572,73.9140,0.0365,9.7007,0.0181,35.7700]
[24.6572,73.8211,0.0631,9.6788,0.0179,35.8000]
[24.6572,73.7784,0.0373,9.6690,0.0197,35.8300]
[24.6572,73.8034,0.0470,9.6597,0.0263,35.8700]
[24.6572,73.7602,0.0350,9.6494,0.0228,35.9000]
[24.6572,73.7127,0.0562,9.6343,0.0264,35.9200]
[24.6572,9.6777,0.0345,69.1039,0.0476,35.9800]
[24.6572,9.6723,0.0162,69.0527,0.0360,36.0000]
[24.6572,9.6605,0.0198,69.0240,0.0525,36.0000]
[24.6572,9.6647,0.0222,68.9989,0.0439,36.0000]
[24.6572,9.6555,0.0220,68.9651,0.0458,36.0200]
[24.6572,9.6618,0.0215,68.9446,0.0488,35.9700]
[24.6572,9.6892,0.0228,69.0153,0.0484,35.9500]
[24.6572,9.6642,0.0233,68.9223,0.0536,35.9900]
[24.6572,9.6578,0.0181,68.9178,0.0461,36.0300]
[24.6572,9.6477,0.0296,68.8583,0.0507,35.9600]
[24.5694,73.3149,0.0543,9.5498,0.0197,35.9700]
[24.5694,73.2702,0.0732,9.5347,0.0223,35.9400]
[24.5694,73.2308,0.0459,9.5219,0.0140,35.9700]
[24.5694,73.2290,0.0519,9.5325,0.0229,35.8100]
[24.5694,73.1819,0.0528,9.5171,0.0195,35.8100]
[24.5694,73.1803,0.0419,9.5090,0.0200,35.8400]
[24.5694,73.1805,0.0540,9.5094,0.0273,35.7600]
[24.5694,73.1386,0.0523,9.5099,0.0244,35.7700]
[24.5694,73.1006,0.0375,9.4958,0.0145,35.7300]
[24.5694,73.0840,0.0413,9.5006,0.0254,35.7200]
[24.5694,9.6314,0.0188,68.6390,0.0364,35.6800]
[24.5694,9.6337,0.0327,68.5872,0.0448,35.6300]
[24.5694,9.6199,0.0178,68.5772,0.0445,35.6100]
[24.5694,9.6200,0.0244,68.5904,0.0284,35.6200]
[24.5694,9.5998,0.0270,68.4774,0.1056,35.6100]
[24.5694,9.5846,0.0236,68.4274,0.0475,35.6200]
[24.5694,9.5815,0.0231,68.3824,0.0472,35.6600]
[24.5694,9.5803,0.0200,68.4043,0.0389,35.6700]
[24.5694,9.5836,0.0283,68.3520,0.0647,35.7100]
[24.5694,9.5684,0.0221,68.3292,0.0659,35.7300]
[24.4641,76.6914,0.0823,10.2115,0.0211,35.8500]
[24.4641,76.6233,0.0818,10.1835,0.0162,35.8600]
[24.4641,75.7243,0.0717,10.1984,0.0215,35.8900]
[24.4641,75.6197,0.0970,10.1981,0.0272,35.9200]
[24.4641,75.6482,0.0728,10.1857,0.0233,35.9300]
[24.4641,75.5900,0.0566,10.1935,0.0218,35.9500]
[24.4641,75.5940,0.0860,10.1749,0.0269,35.9400]
[24.4641,75.6421,0.0780,10.1730,0.0234,35.9300]
[24.4641,75.5718,0.0717,10.1551,0.0244,35.9000]
[24.4641,75.4900,0.0656,10.1382,0.0188,35.9400]
[24.4641,10.5032,0.0245,72.6087,0.0703,35.9000]
[24.4641,10.4918,0.0185,72.5514,0.0725,35.9300]
[24.4641,10.4809,0.0240,72.5581,0.0643,35.9700]
[24.4641,10.4759,0.0272,72.4933,0.0478,35.9900]
[24.4641,10.4583,0.0139,72.4783,0.0634,36.0200]
[24.4641,10.4504,0.0235,72.4448,0.0848,36.0400]
[24.4641,10.4481,0.0218,72.3916,0.0463,36.0200]
[24.4641,10.4276,0.0258,72.3366,0.0772,36.0100]
[24.4641,10.4481,0.0264,72.3569,0.0492,35.9900]
[24.4641,10.4573,0.0236,72.3694,0.0534,35.9900]
[24.3763,74.8228,0.0742,10.3219,0.0257,35.9700]
[24.3763,74.7791,0.0702,10.3094,0.0255,35.9600]
[24.3763,74.8287,0.1284,10.3053,0.0337,35.9300]
[24.3763,74.7036,0.0633,10.2895,0.0246,35.9300]
[24.3763,74.7255,0.0390,10.2940,0.0175,35.9000]
[24.3763,74.6717,0.0453,10.2875,0.0245,35.9100]
[24.3763,74.5806,0.0511,10.2689,0.0229,35.9300]
[24.3763,74.5770,0.0409,10.2577,0.0216,35.9500]
[24.3763,74.5663,0.0436,10.2642,0.0189,35.9600]
[24.3763,74.4913,0.0406,10.2473,0.0240,35.9800]
[24.3763,10.3879,0.0183,71.8882,0.0244,36.0000]
[24.3763,10.3618,0.0195,71.7987,0.0364,35.9800]
[24.3763,10.3649,0.0233,71.8197,0.0436,35.9600]
[24.3763,10.3558,0.0237,71.7389,0.0405,35.8800]
[24.3763,10.3442,0.0248,71.7059,0.0361,35.8900]
[24.3763,10.3207,0.0328,71.6789,0.0656,35.9000]
[24.3763,10.3321,0.0274,71.6614,0.0618,35.9200]
[24.3763,10.3584,0.0224,71.6840,0.0772,35.8800]
[24.3763,10.3466,0.0263,71.6357,0.0564,35.8500]
[24.3763,10.3519,0.0316,71.6408,0.0643,35.8400]
[24.2857,73.8870,0.0360,10.1043,0.0256,35.8600]
[24.2857,73.8029,0.0580,10.0799,0.0282,35.9000]
[24.2857,73.7002,0.0348,10.0559,0.0198,35.9400]
[24.2857,73.7510,0.0352,10.0549,0.0163,35.9700]
[24.2857,74.7821,0.7276,10.0552,0.0223,35.9400]
[24.2857,74.1564,0.0468,10.0370,0.0185,35.9100]
[24.2857,74.0950,0.0534,10.0313,0.0243,35.8700]
[24.2857,74.1178,0.0579,10.0242,0.0239,35.8600]
[24.2857,74.0829,0.0418,10.0297,0.0247,35.8800]
[24.2857,74.0259,0.0453,10.0089,0.0168,35.8900]
[24.2857,10.2757,0.0256,71.2896,0.0575,35.8700]
[24.2857,10.2619,0.0267,71.2129,0.0561,35.8700]
[24.2857,10.2377,0.0198,71.1389,0.0635,35.9000]
[24.2857,10.2419,0.0176,71.1648,0.0473,35.8800]
[24.2857,10.2426,0.0260,71.1426,0.0464,35.8600]
[24.2857,10.2273,0.0186,71.0965,0.0409,35.8800]
[24.2857,10.2446,0.0198,71.1158,0.0419,35.8700]
[24.2857,10.2341,0.0242,71.0628,0.0487,35.9000]
[24.2857,10.2080,0.0148,71.0326,0.0321,35.9300]
[24.2857,10.2123,0.0267,71.0241,0.0515,35.9400]
[24.1980,73.7821,0.0534,10.0061,0.0167,35.9100]
[24.1980,73.7424,0.0425,9.9919,0.0228,35.8800]
[24.1980,73.7255,0.0396,9.9764,0.0237,35.8800]
[24.1980,73.7002,0.0565,9.9651,0.0197,35.8900]
[24.1980,73.6423,0.0484,9.9519,0.0318,35.9100]
[24.1980,73.5642,0.0445,9.9494,0.0192,35.9100]
[24.1980,73.5789,0.1162,9.9510,0.0200,35.9100]
[24.1980,73.4616,0.0381,9.9287,0.0159,35.9200]
[24.1980,73.4454,0.0540,9.9283,0.0257,35.9100]
[24.1980,73.3941,0.0690,9.9037,0.0232,35.9000]
[24.1980,10.1511,0.0287,70.4963,0.0612,35.8500]
[24.1980,10.1449,0.0244,70.4682,0.0451,35.8200]
[24.1980,10.1303,0.0168,70.4165,0.0307,35.8300]
[24.1980,10.1412,0.0211,70.4201,0.0447,35.8400]
[24.1980,10.1294,0.0310,70.3782,0.0381,35.8400]
[24.1980,10.1336,0.0278,70.3681,0.0608,35.8500]
[24.1980,10.1122,0.0270,70.3067,0.0448,35.8800]
[24.1980,10.1067,0.0273,70.2977,0.0401,35.8200]
[24.1980,10.0787,0.0240,70.2058,0.0614,35.8400]
[24.1980,10.0886,0.0309,70.1972,0.0458,35.8100]
[24.1074,73.1970,0.0773,9.7939,0.0303,35.8400]
[24.1074,73.1720,0.0707,9.7781,0.0237,35.8500]
[24.1074,73.1205,0.0717,9.7690,0.0137,35.8200]
[24.1074,73.0492,0.0376,9.7689,0.0286,35.6600]
[24.1074,73.0533,0.0545,9.7657,0.0348,35.7100]
[24.1074,73.0782,0.0596,9.7984,0.0221,35.6700]
[24.1074,73.0118,0.0528,9.7800,0.0247,35.6400]
[24.1074,72.9772,0.0356,9.7687,0.0182,35.6500]
[24.1074,72.9096,0.0425,9.7640,0.0262,35.6400]
[24.1074,72.8641,0.0372,9.7536,0.0170,35.6300]
[24.1074,10.0351,0.0235,69.7616,0.0568,35.6300]
[24.1074,10.0298,0.0335,69.7490,0.0806,35.6100]
[24.1074,10.0296,0.0253,69.7057,0.0452,35.5700]
[24.1074,10.0304,0.0220,69.6758,0.0495,35.6100]
[24.1074,10.0234,0.0287,69.6455,0.0500,35.6400]
[24.1074,10.0149,0.0261,69.6037,0.0697,35.6700]
[24.1074,10.0026,0.0302,69.5862,0.0779,35.6600]
[24.1074,9.9861,0.0328,69.5029,0.0734,35.6800]
[24.1074,9.9857,0.0197,69.5060,0.0470,35.6600]
[24.1074,9.9788,0.0312,69.4780,0.0418,35.6700]
[24.0051,70.4884,0.0496,9.4187,0.0313,35.7800]
[24.0051,70.4312,0.0503,9.3890,0.0185,35.8000]
[24.0051,70.3563,0.0705,9.3780,0.0254,35.8200]
[24.0051,70.3696,0.0517,9.3724,0.0298,35.8300]
[24.0051,70.3442,0.0670,9.3606,0.0400,35.8500]
[24.0051,70.3312,0.0400,9.3745,0.0265,35.8600]
[24.0051,70.2415,0.0423,9.3560,0.0341,35.8800]
[24.0051,70.1768,0.0516,9.3477,0.0169,35.8600]
[24.0051,70.1752,0.0614,9.3408,0.0193,35.8700]
[24.0051,70.1122,0.0512,9.3272,0.0160,35.8700]
[24.0051,9.5758,0.0219,66.6478,0.0463,35.8800]
[24.0051,9.5693,0.0180,66.6459,0.0733,35.8500]
[24.0051,9.5604,0.0247,66.5988,0.0559,35.8600]
[24.0051,9.5335,0.0242,66.5057,0.0462,35.8800]
[24.0051,9.5311,0.0257,66.5458,0.0333,35.8700]
[24.0051,9.5281,0.0176,66.5779,0.1151,35.8000]
[24.0051,9.5268,0.0296,66.4927,0.0600,35.8000]
[24.0051,9.5201,0.0304,66.4162,0.0391,35.8200]
[24.0051,9.5193,0.0222,66.4962,0.0812,35.7900]
[24.0051,9.5003,0.0214,66.4187,0.0350,35.7500]
[23.9145,69.2733,0.5851,9.2067,0.0256,35.7400]
[23.9145,68.9357,0.1448,9.1981,0.0186,35.7200]
[23.9145,68.8932,0.0655,9.2036,0.0202,35.7300]
[23.9145,68.8233,0.0337,9.1807,0.0177,35.7300]
[23.9145,68.8139,0.0446,9.1703,0.0200,35.7300]
[23.9145,68.7632,0.0571,9.1570,0.0243,35.7200]
[23.9145,68.7585,0.0391,9.1725,0.0256,35.7000]
[23.9145,68.8250,0.0443,9.1767,0.0201,35.6900]
[23.9145,68.7577,0.0381,9.1480,0.0241,35.6400]
[23.9145,68.6903,0.0624,9.1569,0.0327,35.6400]
[23.9145,9.4618,0.0292,66.0727,0.1362,35.6100]
[23.9145,9.4463,0.0258,66.1059,0.0590,35.6100]
[23.9145,9.4469,0.0228,66.1381,0.0624,35.6400]
[23.9145,9.4359,0.0216,66.0899,0.0464,35.6500]
[23.9145,9.4507,0.0316,66.0614,0.0875,35.6500]
[23.9145,9.4379,0.0273,66.0794,0.0925,35.6400]
[23.9145,9.4326,0.0287,66.0254,0.0527,35.6200]
[23.9145,9.4248,0.0229,65.9362,0.0605,35.6400]
[23.9145,9.4130,0.0279,65.9096,0.0544,35.6600]
[23.9145,9.4091,0.0308,65.8931,0.0629,35.6900]
[23.8269,69.1548,0.0560,9.1439,0.0254,35.6800]
[23.8269,69.1163,0.0580,9.1325,0.0338,35.6600]
[23.8269,69.0885,0.0396,9.1375,0.0290,35.6700]
[23.8269,69.0650,0.0501,9.1293,0.0290,35.6400]
[23.8269,68.9729,0.0586,9.1149,0.0265,35.6300]
[23.8269,68.9500,0.0624,9.1189,0.0266,35.6200]
[23.8269,68.9862,0.0481,9.1262,0.0322,35.6300]
[23.8269,68.9393,0.0684,9.1146,0.0263,35.6600]
[23.8269,68.8999,0.0524,9.1106,0.0344,35.6800]
[23.8269,68.8615,0.0540,9.0915,0.0315,35.6900]
[23.8269,9.3114,0.0308,64.4987,0.0546,35.6700]
[23.8269,9.2888,0.0258,64.4234,0.0419,35.6600]
[23.8269,9.2814,0.0315,64.3778,0.0492,35.6200]
[23.8269,9.2847,0.0315,64.3926,0.0543,35.6400]
[23.8269,9.2751,0.0284,64.3428,0.0662,35.6800]
[23.8269,9.2679,0.0272,64.3040,0.0557,35.7000]
[23.8269,9.2646,0.0231,64.2858,0.0575,35.7300]
[23.8269,9.2432,0.0274,64.2191,0.0545,35.7600]
[23.8269,9.2276,0.0264,64.1570,0.0475,35.7800]
[23.8269,9.2403,0.0295,64.2065,0.0594,35.8000]
[23.7364,67.7140,0.0553,8.9987,0.0222,35.8300]
[23.7364,67.6714,0.0562,8.9965,0.0340,35.8000]
[23.7364,67.6506,0.0636,8.9833,0.0244,35.8200]
[23.7364,67.6002,0.0606,8.9740,0.0347,35.8500]
[23.7364,67.6172,0.0373,8.9735,0.0282,35.8700]
[23.7364,67.5386,0.0301,8.9601,0.0288,35.8600]
[23.7364,67.4804,0.1430,8.9501,0.0351,35.8300]
[23.7364,67.5724,0.0669,8.9660,0.0328,35.8200]
[23.7364,67.4928,0.0512,8.9458,0.0360,35.7800]
[23.7364,67.4916,0.0545,8.9413,0.0400,35.7800]
[23.7364,9.1414,0.0255,64.6839,0.0441,35.7900]
[23.7364,9.1356,0.0231,64.7124,0.0417,35.8000]
[23.7364,9.1275,0.0275,64.6631,0.0482,35.8100]
[23.7364,9.1281,0.0308,64.6624,0.0736,35.8300]
[23.7364,9.1135,0.0238,64.6554,0.0485,35.8100]
[23.7364,9.1095,0.0306,64.6835,0.0537,35.8200]
[23.7364,9.0999,0.0276,64.6255,0.0655,35.8000]
[23.7364,9.1020,0.0288,64.5932,0.0588,35.7900]
[23.7364,9.0864,0.0265,64.5720,0.0472,35.8000]
[23.7364,9.0873,0.0290,64.6024,0.0573,35.7500]
[23.6459,67.7597,0.0377,8.9433,0.0291,35.7400]
[23.6459,67.6706,0.0486,8.9214,0.0231,35.7500]
[23.6459,67.6609,0.0486,8.9188,0.0268,35.7600]
[23.6459,67.6583,0.0683,8.9119,0.0306,35.7800]
[23.6459,67.5342,0.0695,8.8964,0.0218,35.7800]
[23.6459,67.5860,0.0712,8.9039,0.0254,35.7600]
[23.6459,67.5042,0.0560,8.8935,0.0258,35.7600]
[23.6459,67.5720,0.0603,8.9016,0.0305,35.7600]
[23.6459,67.4322,0.0536,8.9032,0.0266,35.7200]
[23.6459,67.3631,0.0832,8.8750,0.0208,35.7100]
[23.6459,9.0590,0.0236,64.3902,0.0745,35.7100]
[23.6459,9.0487,0.0289,64.4487,0.0438,35.6900]
[23.6459,9.0499,0.0295,64.4487,0.0476,35.6700]
[23.6459,9.0514,0.0273,64.4278,0.0691,35.6500]
[23.6459,9.0572,0.0411,64.4463,0.0432,35.6800]
[23.6459,9.0398,0.0234,64.4202,0.0519,35.7000]
[23.6459,9.0365,0.0261,64.4205,0.0685,35.7300]
[23.6459,9.0196,0.0348,64.3635,0.0655,35.7600]
[23.6459,9.0130,0.0298,64.3360,0.0569,35.7800]
[23.6459,9.0002,0.0294,64.2956,0.0432,35.8100]
[23.5555,65.2986,0.0376,8.2741,0.0336,35.8200]
[23.5555,65.2390,0.0462,8.2523,0.0249,35.8400]
[23.5555,65.2193,0.0398,8.2397,0.0260,35.8400]
[23.5555,65.1716,0.0582,8.2262,0.0320,35.8600]
[23.5555,65.1055,0.0444,8.2174,0.0312,35.8600]
[23.5555,65.0748,0.0495,8.2024,0.0286,35.8600]
[23.5555,65.0816,0.0421,8.2043,0.0205,35.8500]
[23.5555,65.0617,0.0701,8.2060,0.0229,35.8600]
[23.5555,64.9944,0.0576,8.1795,0.0295,35.8800]
[23.5555,64.9647,0.0642,8.1824,0.0291,35.8900]
[23.5555,8.3521,0.0226,61.8014,0.0371,35.9000]
[23.5555,8.3300,0.0239,61.7231,0.0366,35.9000]
[23.5555,8.3377,0.0224,61.7214,0.0477,35.9000]
[23.5555,8.3323,0.0352,61.6841,0.0494,35.8900]
[23.5555,8.3393,0.0260,61.6528,0.0251,35.8200]
[23.5555,8.3222,0.0256,61.6548,0.0504,35.7800]
[23.5555,8.3334,0.0360,61.6605,0.0542,35.7600]
[23.5555,8.3328,0.0274,61.6340,0.0459,35.7300]
[23.5555,8.3212,0.0335,61.5740,0.0516,35.7100]
[23.5555,8.3058,0.0330,61.5424,0.0405,35.7000]
[23.4679,64.7887,0.0322,8.1621,0.0220,35.6600]
[23.4679,64.7257,0.0435,8.1491,0.0297,35.6600]
[23.4679,64.7228,0.0374,8.1464,0.0260,35.7000]
[23.4679,64.6784,0.0544,8.1288,0.0327,35.7300]
[23.4679,64.6458,0.0496,8.1249,0.0271,35.7700]
[23.4679,64.6155,0.0501,8.1163,0.0317,35.7800]
[23.4679,64.5760,0.0494,8.1081,0.0353,35.7700]
[23.4679,64.5899,0.0422,8.1074,0.0328,35.7400]
[23.4679,64.5437,0.0305,8.1153,0.0245,35.6900]
[23.4679,64.5460,0.0511,8.1189,0.0351,35.6500]
[23.4679,8.2634,0.0278,61.1693,0.0555,35.6000]
[23.4679,8.2476,0.0233,61.1265,0.0380,35.5700]
[23.4679,8.2446,0.0243,61.1272,0.0483,35.5500]
[23.4679,8.2394,0.0333,61.0924,0.0464,35.5500]
[23.4679,8.2372,0.0409,61.0459,0.0502,35.5000]
[23.4679,8.2365,0.0418,61.0373,0.0551,35.5100]
[23.4679,8.2276,0.0363,61.0130,0.0536,35.5100]
[23.4679,8.2298,0.0399,60.9740,0.0564,35.4900]
[23.4679,8.2244,0.0398,61.0140,0.0634,35.4500]
[23.4679,8.2288,0.0314,60.9902,0.0603,35.4200]
[23.3775,63.6409,0.0538,8.0034,0.0207,35.4200]
[23.3775,63.6152,0.0566,7.9941,0.0289,35.4500]
[23.3775,63.5637,0.0422,7.9829,0.0275,35.4800]
[23.3775,63.5170,0.0422,7.9760,0.0263,35.5400]
[23.3775,63.5327,0.0379,7.9777,0.0308,35.5700]
[23.3775,63.4857,0.0525,7.9814,0.0238,35.6100]
[23.3775,63.4943,0.0479,7.9706,0.0283,35.6400]
[23.3775,63.4332,0.0365,7.9615,0.0298,35.6700]
[23.3775,63.4122,0.0407,7.9701,0.0243,35.6300]
[23.3775,63.3598,0.0561,7.9668,0.0361,35.6300]
[23.3775,8.1535,0.0341,60.2626,0.0432,35.5600]
[23.3775,8.1412,0.0296,60.2114,0.0362,35.5800]
[23.3775,8.1256,0.0321,60.1838,0.0411,35.6100]
[23.3775,8.1170,0.0296,60.1393,0.0496,35.6200]
[23.3775,8.1248,0.0374,60.1494,0.0510,35.6000]
[23.3775,8.1046,0.0433,60.0749,0.0733,35.6000]
[23.3775,8.1126,0.0422,60.1193,0.0604,35.6200]
[23.3775,8.1147,0.0369,60.1439,0.0491,35.6000]
[23.3775,8.1033,0.0535,60.0876,0.0579,35.5900]
[23.3775,8.1032,0.0437,60.0881,0.0440,35.6100]
[23.2871,63.3928,0.0419,7.9130,0.0279,35.5600]
[23.2871,63.3790,0.0470,7.9016,0.0313,35.5100]
[23.2871,63.2924,0.0399,7.8877,0.0297,35.4900]
[23.2871,63.3565,0.0475,7.8838,0.0439,35.5000]
[23.2871,63.3518,0.0566,7.8864,0.0419,35.5000]
[23.2871,63.3281,0.0449,7.8845,0.0389,35.5000]
[23.2871,63.2891,0.0684,7.8737,0.0536,35.4800]
[23.2871,63.2806,0.0844,7.8726,0.0538,35.4500]
[23.2871,63.2072,0.0444,7.8614,0.0390,35.4600]
[23.2871,63.2250,0.0421,7.8614,0.0407,35.4600]
[23.2871,8.0609,0.0280,59.9368,0.0549,35.4300]
[23.2871,8.0421,0.0383,59.9058,0.0425,35.4300]
[23.2871,8.0381,0.0348,59.8695,0.0558,35.4400]
[23.2871,8.0353,0.0427,59.8546,0.0570,35.4800]
[23.2871,8.0284,0.0319,59.8547,0.0511,35.5200]
[23.2871,8.0127,0.0377,59.8190,0.0496,35.5500]
[23.2871,8.0085,0.0476,59.8326,0.0536,35.5900]
[23.2871,8.0135,0.0350,59.8148,0.0556,35.6300]
[23.2871,8.0009,0.0378,59.8031,0.0496,35.6700]
[23.2871,7.9984,0.0327,59.8123,0.0484,35.7000]
[23.1968,62.8848,0.0420,7.8194,0.0244,35.7500]
[23.1968,62.8593,0.0450,7.7976,0.0370,35.7800]
[23.1968,62.8225,0.0406,7.7926,0.0344,35.7800]
[23.1968,62.8111,0.0373,7.7945,0.0368,35.7700]
[23.1968,62.8262,0.0395,7.7874,0.0293,35.8000]
[23.1968,62.7875,0.0380,7.7735,0.0331,35.8300]
[23.1968,62.7048,0.0322,7.7706,0.0264,35.8700]
[23.1968,62.6809,0.0514,7.7570,0.0410,35.9000]
[23.1968,62.6853,0.0488,7.7551,0.0283,35.8900]
[23.1968,62.7179,0.0545,7.7652,0.0350,35.8600]
[23.1968,7.9237,0.0297,58.9394,0.0441,35.7800]
[23.1968,7.9222,0.0328,58.9351,0.0546,35.7300]
[23.1968,7.9140,0.0389,58.9361,0.0520,35.6800]
[23.1968,7.9024,0.0420,58.8999,0.0471,35.6400]
[23.1968,7.8988,0.0369,58.8369,0.0565,35.6600]
[23.1968,7.9021,0.0346,58.8653,0.0422,35.6100]
[23.1968,7.8979,0.0368,58.8544,0.0434,35.6200]
[23.1968,7.8951,0.0307,58.8663,0.0474,35.5800]
[23.1968,7.8874,0.0353,58.8222,0.0522,35.6100]
[23.1968,7.8797,0.0428,58.8512,0.0478,35.5700]
[23.1065,62.3538,0.0342,7.6844,0.0225,35.6300]
[23.1065,62.3362,0.0410,7.6681,0.0314,35.6500]
[23.1065,62.3336,0.0542,7.6682,0.0371,35.6600]
[23.1065,62.2958,0.0386,7.6552,0.0267,35.6400]
[23.1065,62.2742,0.0608,7.6485,0.0239,35.6600]
[23.1065,62.2542,0.0748,7.6406,0.0352,35.6500]
[23.1065,62.2040,0.0743,7.6410,0.0247,35.6700]
[23.1065,62.2092,0.0600,7.6358,0.0301,35.6600]
[23.1065,62.1813,0.0481,7.6319,0.0244,35.6400]
[23.1065,62.1542,0.0570,7.6388,0.0340,35.6000]
[23.1065,7.7729,0.0180,58.8084,0.0415,35.5900]
[23.1065,7.7678,0.0243,58.7833,0.0451,35.5700]
[23.1065,7.7566,0.0293,58.7701,0.0298,35.6000]
[23.1065,7.7686,0.0335,58.8163,0.0473,35.6300]
[23.1065,7.7419,0.0261,58.7335,0.0592,35.6500]
[23.1065,7.7600,0.0248,58.7591,0.0370,35.6700]
[23.1065,7.7460,0.0283,58.7359,0.0722,35.6900]
[23.1065,7.7342,0.0292,58.7178,0.0785,35.7300]
[23.1065,7.7256,0.0292,58.6671,0.0560,35.7600]
[23.1065,7.7262,0.0272,58.6661,0.0591,35.7700]
[23.0191,61.6777,0.0504,7.5876,0.0263,35.8000]
[23.0191,61.6812,0.0460,7.5868,0.0231,35.8000]
[23.0191,61.6610,0.0464,7.5824,0.0257,35.7900]
[23.0191,61.6280,0.0567,7.5728,0.0312,35.7800]
[23.0191,61.5812,0.0534,7.5655,0.0251,35.7600]
[23.0191,61.5939,0.0370,7.5725,0.0240,35.7600]
[23.0191,61.5712,0.0417,7.5653,0.0262,35.7200]
[23.0191,61.5817,0.0619,7.5645,0.0288,35.7200]
[23.0191,61.5910,0.0397,7.5733,0.0365,35.7200]
[23.0191,61.5603,0.0284,7.5674,0.0257,35.7100]
[23.0191,7.7097,0.0269,58.6956,0.0381,35.7200]
[23.0191,7.6764,0.0235,58.6374,0.0267,35.7500]
[23.0191,7.6701,0.0210,58.6168,0.0295,35.7300]
[23.0191,7.6758,0.0285,58.6166,0.0513,35.7500]
[23.0191,7.6608,0.0315,58.5898,0.0481,35.7800]
[23.0191,7.6579,0.0306,58.5965,0.0388,35.7600]
[23.0191,7.6652,0.0400,58.6002,0.0566,35.7900]
[23.0191,7.6659,0.0258,58.5732,0.0537,35.7600]
[23.0191,7.6539,0.0344,58.4968,0.0441,35.7500]
[23.0191,7.6433,0.0317,58.5010,0.0556,35.7100]
[22.9288,61.5488,0.0402,7.5220,0.0276,35.7100]
[22.9288,61.5479,0.0595,7.4981,0.0314,35.7100]
[22.9288,61.5218,0.0307,7.4983,0.0275,35.7300]
[22.9288,61.5292,0.0589,7.4963,0.0279,35.7500]
[22.9288,61.5417,0.0606,7.4984,0.0327,35.7600]
[22.9288,61.5509,0.0465,7.5009,0.0260,35.7400]
[22.9288,61.5338,0.0387,7.4904,0.0267,35.7500]
[22.9288,61.5109,0.0414,7.4879,0.0377,35.7700]
[22.9288,61.4968,0.0633,7.4846,0.0308,35.8300]
[22.9288,61.4708,0.0493,7.4769,0.0295,35.8500]
[22.9288,7.6144,0.0285,58.4960,0.0515,35.9200]
[22.9288,7.5992,0.0295,58.4587,0.0530,35.9400]
[22.9288,7.6133,0.0261,58.4709,0.0292,35.9400]
[22.9288,7.5990,0.0282,58.4469,0.0497,35.9700]
[22.9288,7.5899,0.0224,58.4125,0.0553,35.9500]
[22.9288,7.5924,0.0244,58.4156,0.0443,35.9100]
[22.9288,7.5944,0.0238,58.3877,0.0476,35.9300]
[22.9288,7.5852,0.0248,58.3456,0.0515,35.9600]
[22.9288,7.5664,0.0289,58.3079,0.0460,35.9700]
[22.9288,7.5594,0.0241,58.2479,0.0361,35.9700]
[22.8385,61.4526,0.0738,7.4428,0.0194,35.9800]
[22.8385,61.3817,0.0375,7.4195,0.0221,35.9900]
[22.8385,61.4252,0.0478,7.4302,0.0189,36.0000]
[22.8385,61.3544,0.0488,7.4300,0.0271,36.0400]
[22.8385,61.2742,0.0399,7.4064,0.0235,36.0800]
[22.8385,61.2151,0.0320,7.3939,0.0235,36.1100]
[22.8385,61.1715,0.0383,7.3809,0.0197,36.1200]
[22.8385,61.1765,0.0374,7.3736,0.0278,36.1400]
[22.8385,61.1514,0.0408,7.3724,0.0254,36.1300]
[22.8385,61.1382,0.0382,7.3615,0.0173,36.1600]
[22.8385,7.4773,0.0199,57.8722,0.0445,36.2000]
[22.8385,7.4601,0.0162,57.8673,0.0321,36.1900]
[22.8385,7.4598,0.0228,57.7861,0.0556,36.1700]
[22.8385,7.4447,0.0273,57.8083,0.0863,36.1500]
[22.8385,7.4347,0.0207,57.7987,0.0426,36.1500]
[22.8385,7.4251,0.0210,57.7055,0.0435,36.1700]
[22.8385,7.4415,0.0233,57.7271,0.0527,36.1600]
[22.8385,7.4349,0.0248,57.6862,0.0389,36.1700]
[22.8385,7.4168,0.0164,57.6427,0.0237,36.1500]
[22.8385,7.4090,0.0203,57.6067,0.0414,36.1300]
[22.7483,60.6250,0.0426,7.2652,0.0234,36.1800]
[22.7483,60.6002,0.0374,7.2450,0.0248,36.2000]
[22.7483,60.5555,0.0401,7.2394,0.0267,36.2300]
[22.7483,60.5416,0.0487,7.2304,0.0226,36.2600]
[22.7483,60.5462,0.0637,7.2292,0.0162,36.2900]
[22.7483,60.4635,0.0492,7.2170,0.0191,36.3100]
[22.7483,60.4673,0.0442,7.2194,0.0283,36.3300]
[22.7483,60.4562,0.0428,7.2067,0.0192,36.3400]
[22.7483,60.4063,0.0736,7.1990,0.0212,36.3300]
[22.7483,60.3434,0.0651,7.1808,0.0260,36.2700]
[22.7483,7.3132,0.0276,57.1520,0.0614,36.2000]
[22.7483,7.2871,0.0223,57.1176,0.0469,36.1900]
[22.7483,7.3021,0.0360,57.1259,0.0699,36.2000]
[22.7483,7.2927,0.0241,57.1161,0.0446,36.2000]
[22.7483,7.2807,0.0204,57.0952,0.0459,36.2200]
[22.7483,7.2769,0.0241,57.0667,0.0490,36.2300]
[22.7483,7.2538,0.0227,57.0398,0.0670,36.2500]
[22.7483,7.2637,0.0302,57.0458,0.0421,36.2700]
[22.7483,7.2644,0.0235,57.0426,0.0489,36.2900]
[22.7483,7.2809,0.0237,57.0981,0.0487,36.3300]
[22.6552,60.0715,0.0536,7.0891,0.0255,36.2800]
[22.6552,60.0488,0.0438,7.0697,0.0213,36.2700]
[22.6552,59.9785,0.0475,7.0520,0.0216,36.2600]
[22.6552,60.0023,0.0463,7.0608,0.0305,36.2200]
[22.6552,59.9951,0.0590,7.0765,0.0186,36.2000]
[22.6552,60.0074,0.0456,7.0777,0.0201,36.2200]
[22.6552,59.9030,0.0466,7.0462,0.0193,36.2200]
[22.6552,59.9024,0.0484,7.0603,0.0241,36.1600]
[22.6552,59.9295,0.0354,7.0692,0.0256,36.1300]
[22.6552,59.9003,0.0467,7.0497,0.0292,36.1500]
[22.6552,7.2530,0.0317,56.8278,0.0443,36.0800]
[22.6552,7.2613,0.0228,56.8433,0.0322,36.1000]
[22.6552,7.2646,0.0186,56.8445,0.0343,36.0900]
[22.6552,7.2594,0.0261,56.8177,0.0474,36.0500]
[22.6552,7.2556,0.0226,56.7526,0.0493,36.0600]
[22.6552,7.2450,0.0189,56.7595,0.0360,36.0600]
[22.6552,7.2504,0.0254,56.7232,0.0525,36.0500]
[22.6552,7.2558,0.0199,56.7199,0.0391,36.0800]
[22.6552,7.2568,0.0220,56.7398,0.0426,36.0700]
[22.6552,7.2510,0.0282,56.6906,0.0432,36.0900]
[22.5679,60.0672,0.0599,7.0479,0.0230,36.1400]
[22.5679,60.0498,0.0425,7.0436,0.0185,36.1200]
[22.5679,60.0427,0.0464,7.0375,0.0190,36.1500]
[22.5679,60.0234,0.0482,7.0311,0.0168,36.1700]
[22.5679,60.0207,0.0339,7.0301,0.0163,36.1900]
[22.5679,60.0037,0.0330,7.0186,0.0163,36.1900]
[22.5679,60.0262,0.0370,7.0303,0.0203,36.2100]
[22.5679,59.9741,0.0445,7.0031,0.0235,36.2300]
[22.5679,59.9894,0.0344,7.0133,0.0229,36.1900]
[22.5679,59.9437,0.0499,7.0101,0.0176,36.2100]
[22.5679,7.2099,0.0167,56.5286,0.0928,36.2000]
[22.5679,7.2030,0.0159,56.5151,0.0362,36.1500]
[22.5679,7.1887,0.0150,56.4913,0.0418,36.1300]
[22.5679,7.2127,0.0225,56.5428,0.0545,36.1300]
[22.5679,7.2103,0.0170,56.5420,0.0502,36.0800]
[22.5679,7.2029,0.0243,56.5110,0.0530,36.0800]
[22.5679,7.2082,0.0317,56.5445,0.0497,36.0900]
[22.5679,7.1898,0.0162,56.5272,0.0390,36.1300]
[22.5679,7.1860,0.0199,56.4723,0.0335,36.1500]
[22.5679,7.1828,0.0276,56.4760,0.0596,36.1700]
[22.4778,59.2489,0.0565,6.9947,0.0248,36.2000]
[22.4778,59.2671,0.0326,6.9827,0.0228,36.2000]
[22.4778,59.2340,0.0433,6.9656,0.0254,36.2100]
[22.4778,59.2310,0.0623,6.9625,0.0232,36.2400]
[22.4778,59.1522,0.0482,6.9538,0.0248,36.2500]
[22.4778,59.2827,0.0318,6.9720,0.0241,36.2400]
[22.4778,59.1945,0.0426,6.9479,0.0204,36.2700]
[22.4778,59.2169,0.0500,6.9444,0.0402,36.2900]
[22.4778,59.1434,0.0515,6.9281,0.0229,36.3000]
[22.4778,59.1955,0.0412,6.9388,0.0223,36.2800]
[22.4778,7.0786,0.0192,56.6895,0.0373,36.2400]
[22.4778,7.0657,0.0181,56.6973,0.0347,36.2300]
[22.4778,7.0697,0.0235,56.6470,0.0459,36.2100]
[22.4778,7.0454,0.0205,56.5753,0.0321,36.1400]
[22.4778,7.0450,0.0246,56.5495,0.0267,36.1400]
[22.4778,7.0450,0.0202,56.5362,0.0652,36.1700]
[22.4778,7.0361,0.0199,56.4404,0.0606,36.2000]
[22.4778,7.0328,0.0357,56.3993,0.0583,36.1900]
[22.4778,7.0307,0.0375,56.4621,0.0469,36.1900]
[22.4778,7.0159,0.0227,56.3930,0.0498,36.1600]
[22.3876,58.5622,0.0394,6.8254,0.0203,36.1700]
[22.3876,58.4789,0.0456,6.8072,0.0385,36.1700]
[22.3876,58.4915,0.0443,6.7875,0.0219,36.1800]
[22.3876,58.4704,0.0425,6.7962,0.0241,36.1600]
[22.3876,58.4081,0.0507,6.7980,0.0195,36.1700]
[22.3876,58.4156,0.0386,6.8185,0.0216,36.1400]
[22.3876,58.3395,0.0406,6.7981,0.0171,36.1600]
[22.3876,58.3613,0.0369,6.7874,0.0199,36.1700]
[22.3876,58.2600,0.0326,6.7838,0.0151,36.1900]
[22.3876,58.2586,0.0520,6.7774,0.0252,36.1800]
[22.3876,6.9830,0.0213,56.0009,0.0396,36.1600]
[22.3876,6.9558,0.0162,55.9728,0.0492,36.1400]
[22.3876,6.9898,0.0244,55.9597,0.0354,36.1000]
[22.3876,6.9354,0.0729,55.6217,0.5240,36.0300]
[22.3876,6.9622,0.0285,55.9265,0.0397,36.0000]
[22.3876,6.9424,0.0268,55.8305,0.0358,35.9900]
[22.3876,6.9497,0.0195,55.7937,0.0471,35.9600]
[22.3876,6.9367,0.0195,55.7511,0.0288,35.9300]
[22.3876,6.9453,0.0165,55.7303,0.0330,35.9300]
[22.3876,6.9217,0.0258,55.6515,0.0414,35.8600]
[22.3004,57.9001,0.0452,6.7823,0.0195,35.8500]
[22.3004,57.8748,0.0506,6.7537,0.0204,35.8200]
[22.3004,57.8145,0.0483,6.7602,0.0182,35.8100]
[22.3004,57.8028,0.0329,6.7681,0.0271,35.7600]
[22.3004,57.7612,0.0283,6.7592,0.0188,35.7500]
[22.3004,57.6621,0.0425,6.7353,0.0245,35.7100]
[22.3004,57.6576,0.0395,6.7385,0.0221,35.6900]
[22.3004,57.6366,0.0399,6.7456,0.0210,35.7000]
[22.3004,57.6223,0.0338,6.7305,0.0189,35.7000]
[22.3004,57.5696,0.0460,6.7219,0.0220,35.6600]
[22.3004,6.8949,0.0201,55.3978,0.0401,35.6500]
[22.3004,6.8813,0.0154,55.3670,0.0334,35.6500]
[22.3004,6.8557,0.0174,55.2913,0.0215,35.6900]
[22.3004,6.8570,0.0185,55.2494,0.0265,35.7100]
[22.3004,6.8326,0.0274,55.2316,0.0314,35.7300]
[22.3004,6.8302,0.0219,55.2145,0.0373,35.7500]
[22.3004,6.8671,0.0183,55.2013,0.0309,35.7100]
[22.3004,6.8580,0.0228,55.1606,0.0366,35.6300]
[22.3004,6.8455,0.0149,55.1255,0.0441,35.6300]
[22.3004,6.8386,0.0193,55.1155,0.0503,35.6700]
[22.2104,57.1921,0.0509,6.6928,0.0142,35.7300]
[22.2104,57.1397,0.0383,6.6738,0.0202,35.7400]
[22.2104,57.1434,0.0498,6.6638,0.0322,35.7800]
[22.2104,57.0922,0.0337,6.6496,0.0237,35.8100]
[22.2104,57.1433,0.0370,6.6562,0.0311,35.8400]
[22.2104,56.9870,0.0510,6.6361,0.0219,35.8600]
[22.2104,57.0247,0.0347,6.6436,0.0170,35.8900]
[22.2104,56.9211,0.0450,6.6166,0.0164,35.8800]
[22.2104,56.8961,0.0421,6.6055,0.0206,35.8900]
[22.2104,56.9221,0.0305,6.6170,0.0209,35.9200]
[22.2104,6.7354,0.0256,54.6732,0.0512,35.9700]
[22.2104,6.7156,0.0308,54.6378,0.0430,36.0000]
[22.2104,6.7051,0.0215,54.6150,0.0367,36.0200]
[22.2104,6.7019,0.0175,54.6086,0.0379,36.0400]
[22.2104,6.7174,0.0255,54.5760,0.0408,36.0200]
[22.2104,6.7511,0.0161,54.5996,0.0398,35.9800]
[22.2104,6.7465,0.0216,54.5965,0.0324,35.9600]
[22.2104,6.7324,0.0221,54.5479,0.0436,35.9100]
[22.2104,6.7136,0.0145,54.5167,0.0296,35.9000]
[22.2104,6.7169,0.0183,54.4935,0.0271,35.8800]
[22.1203,57.0487,0.0461,6.6423,0.0193,35.7800]
[22.1203,57.0057,0.0368,6.6265,0.0250,35.7500]
[22.1203,56.9698,0.0351,6.6216,0.0267,35.7700]
[22.1203,56.9664,0.0352,6.6117,0.0220,35.8000]
[22.1203,56.9072,0.0468,6.5998,0.0258,35.8300]
[22.1203,56.8471,0.0477,6.5781,0.0140,35.8300]
[22.1203,56.8083,0.0557,6.5742,0.0355,35.8700]
[22.1203,56.7528,0.0410,6.5582,0.0282,35.8800]
[22.1203,56.7569,0.0508,6.5562,0.0178,35.8500]
[22.1203,56.7328,0.0338,6.5553,0.0215,35.8600]
[22.1203,6.6724,0.0264,54.1251,0.0325,35.8800]
[22.1203,6.6516,0.0228,54.0364,0.0380,35.8900]
[22.1203,6.6481,0.0221,54.0460,0.0379,35.9100]
[22.1203,6.6316,0.0169,54.0049,0.0444,35.9300]
[22.1203,6.6225,0.0196,53.9360,0.0334,35.9600]
[22.1203,6.6097,0.0204,53.9138,0.0365,35.9800]
[22.1203,6.6105,0.0252,53.9300,0.0341,36.0000]
[22.1203,6.5929,0.0257,53.8571,0.0371,36.0200]
[22.1203,6.5939,0.0208,53.8410,0.0471,36.0300]
[22.1203,6.5907,0.0256,53.7954,0.0376,36.0300]
[22.0303,56.1768,0.0316,6.4190,0.0283,36.0800]
[22.0303,56.1871,0.0368,6.4096,0.0165,36.1000]
[22.0303,56.1050,0.0343,6.3989,0.0189,36.1100]
[22.0303,56.0650,0.0383,6.3981,0.0235,36.1300]
[22.0303,56.0257,0.0511,6.3789,0.0360,36.1400]
[22.0303,55.9734,0.0374,6.3635,0.0185,36.1600]
[22.0303,55.9140,0.0321,6.3659,0.0153,36.1900]
[22.0303,55.9059,0.0515,6.3612,0.0203,36.2000]
[22.0303,55.8936,0.0308,6.3516,0.0182,36.2000]
[22.0303,55.8144,0.0379,6.3325,0.0228,36.1900]
[22.0303,6.4830,0.0248,53.3021,0.0483,36.2500]
[22.0303,6.4679,0.0298,53.2470,0.0520,36.2700]
[22.0303,6.4727,0.0352,53.2413,0.0583,36.2700]
[22.0303,6.4605,0.0169,53.1856,0.0567,36.2900]
[22.0303,6.4522,0.0212,53.1407,0.0416,36.3100]
[22.0303,6.4529,0.0298,53.1134,0.0449,36.3300]
[22.0303,6.4335,0.0389,53.0364,0.0496,36.3500]
[22.0303,6.4227,0.0205,52.9961,0.0398,36.3600]
[22.0303,6.3947,0.0396,52.9010,0.0525,36.3700]
[22.0303,6.4001,0.0407,52.8947,0.0568,36.3800]
[21.9432,54.6914,0.0523,6.2625,0.0247,36.3800]
[21.9432,54.6842,0.0351,6.2532,0.0257,36.3900]
[21.9432,54.6223,0.0399,6.2396,0.0312,36.3600]
[21.9432,54.5804,0.0374,6.2271,0.0393,36.3600]
[21.9432,54.5583,0.0445,6.2238,0.0241,36.3600]
[21.9432,54.4696,0.0530,6.1924,0.0460,36.3700]
[21.9432,54.4775,0.0476,6.2179,0.0260,36.3700]
[21.9432,54.4269,0.0575,6.2008,0.0377,36.3500]
[21.9432,54.3578,0.0454,6.1779,0.0346,36.3400]
[21.9432,54.3075,0.0370,6.1629,0.0479,36.3400]
[21.9432,6.2441,0.0284,52.4225,0.0391,36.3000]
[21.9432,6.2261,0.0231,52.3863,0.0453,36.2700]
[21.9432,6.2264,0.0252,52.3407,0.0379,36.2600]
[21.9432,6.2050,0.0206,52.2736,0.0313,36.2400]
[21.9432,6.2118,0.0254,52.2618,0.0384,36.2000]
[21.9432,6.2126,0.0236,52.2410,0.0396,36.1900]
[21.9432,6.1829,0.0306,52.1885,0.0525,36.1400]
[21.9432,6.1784,0.0285,52.1455,0.0359,36.1400]
[21.9432,6.1674,0.0306,52.1168,0.0502,36.1000]
[21.9432,6.1874,0.0354,52.1024,0.0521,36.1000]
[21.8533,53.9740,0.0403,6.1250,0.0219,36.0800]
[21.8533,53.9408,0.0551,6.0932,0.0226,36.0700]
[21.8533,53.8889,0.0400,6.0840,0.0286,36.0700]
[21.8533,53.8420,0.0479,6.0751,0.0359,36.0700]
[21.8533,53.8369,0.0596,6.0844,0.0335,36.0800]
[21.8533,53.7873,0.0435,6.0775,0.0230,36.0700]
[21.8533,53.7626,0.0368,6.0694,0.0281,36.0600]
[21.8533,53.7585,0.0572,6.0598,0.0322,36.0700]
[21.8533,53.7132,0.0482,6.0535,0.0376,36.0500]
[21.8533,53.7092,0.0482,6.0451,0.0409,35.9800]
[21.8533,6.1799,0.0206,51.7790,0.0497,35.9200]
[21.8533,6.1587,0.0312,51.7603,0.0493,35.9000]
[21.8533,6.1623,0.0262,51.7387,0.0438,35.8500]
[21.8533,6.1599,0.0196,51.6780,0.0272,35.8500]
[21.8533,6.1605,0.0244,51.6682,0.0528,35.8500]
[21.8533,6.1413,0.0322,51.6215,0.0475,35.8700]
[21.8533,6.1528,0.0142,51.6118,0.0284,35.8600]
[21.8533,6.1478,0.0180,51.5511,0.0414,35.8500]
[21.8533,6.1475,0.0290,51.5595,0.0498,35.8600]
[21.8533,6.1342,0.0210,51.5374,0.0375,35.9000]
[21.7488,50.8470,0.0537,5.6482,0.0297,35.8200]
[21.7488,50.8179,0.0274,5.6287,0.0213,35.8300]
[21.7488,50.7883,0.0371,5.6276,0.0230,35.8400]
[21.7488,50.8021,0.0309,5.6333,0.0190,35.8300]
[21.7488,50.7870,0.0317,5.6418,0.0210,35.8100]
[21.7488,50.7316,0.0369,5.6131,0.0289,35.8100]
[21.7488,50.7123,0.0402,5.6059,0.0355,35.8000]
[21.7488,50.6843,0.0354,5.6261,0.0266,35.8100]
[21.7488,50.6324,0.0500,5.5967,0.0290,35.8300]
[21.7488,50.6036,0.0484,5.5943,0.0273,35.8200]
[21.7488,5.6803,0.0226,48.5169,0.0329,35.8500]
[21.7488,5.6732,0.0225,48.4932,0.0410,35.8600]
[21.7488,5.6735,0.0249,48.4756,0.0339,35.8600]
[21.7488,5.6777,0.0177,48.4664,0.0395,35.8800]
[21.7488,5.6690,0.0196,48.4179,0.0274,35.9100]
[21.7488,5.6660,0.0340,48.3958,0.0430,35.9300]
[21.7488,5.6539,0.0263,48.3578,0.0366,35.9600]
[21.7488,5.6441,0.0204,48.3398,0.0389,35.9900]
[21.7488,5.6309,0.0224,48.3065,0.0364,36.0100]
[21.7488,5.6159,0.0303,48.2112,0.0554,36.0300]
[21.6590,50.0102,0.0562,5.5712,0.0397,36.0600]
[21.6590,49.9913,0.0402,5.5592,0.0240,36.0800]
[21.6590,49.9677,0.0423,5.5413,0.0236,36.0700]
[21.6590,49.8907,0.0371,5.5442,0.0230,36.0800]
[21.6590,49.8576,0.0436,5.5377,0.0208,36.1200]
[21.6590,49.7937,0.0479,5.5200,0.0353,36.1200]
[21.6590,49.7559,0.0450,5.5074,0.0262,36.1400]
[21.6590,49.7530,0.0343,5.5070,0.0239,36.1600]
[21.6590,49.7082,0.0467,5.4938,0.0342,36.1700]
[21.6590,49.6837,0.0302,5.4838,0.0255,36.1800]
[21.6590,5.5572,0.0229,47.9234,0.0460,36.0900]
[21.6590,5.5469,0.0333,47.8689,0.0480,36.0600]
[21.6590,5.5176,0.0226,47.8161,0.0562,36.0700]
[21.6590,5.5182,0.0168,47.7734,0.0209,36.0800]
[21.6590,5.5448,0.0265,47.8196,0.0396,36.0500]
[21.6590,5.5332,0.0250,47.7828,0.0305,36.0400]
[21.6590,5.5061,0.0237,47.7150,0.0333,36.0600]
[21.6590,5.5040,0.0285,47.6923,0.0425,36.0700]
[21.6590,5.4903,0.0241,47.6251,0.0453,36.0600]
[21.6590,5.4799,0.0392,47.6275,0.0448,36.0500]
[21.5720,49.7101,0.0389,5.3229,0.0218,36.0500]
[21.5720,49.7036,0.0530,5.3131,0.0463,36.0000]
[21.5720,49.6775,0.0444,5.3004,0.0463,35.9200]
[21.5720,49.6319,0.0331,5.3210,0.0176,35.9500]
[21.5720,49.5537,0.0451,5.2910,0.0363,35.9300]
[21.5720,49.5318,0.0452,5.2904,0.0263,35.9300]
[21.5720,49.5124,0.0423,5.2825,0.0337,35.8700]
[21.5720,49.4670,0.0407,5.2735,0.0255,35.8900]
[21.5720,49.4403,0.0391,5.2659,0.0315,35.8900]
[21.5720,49.3731,0.0426,5.2635,0.0258,35.8700]
[21.5720,5.3549,0.0302,47.2724,0.0559,35.8500]
[21.5720,5.3367,0.0370,47.2066,0.0417,35.8900]
[21.5720,5.3463,0.0245,47.2028,0.0358,35.8900]
[21.5720,5.3602,0.0306,47.2253,0.0420,35.9100]
[21.5720,5.3421,0.0259,47.1561,0.0379,35.9400]
[21.5720,5.3401,0.0369,47.1525,0.0473,35.9300]
[21.5720,5.3267,0.0360,47.1135,0.0387,35.9200]
[21.5720,5.3087,0.0272,47.0794,0.0468,35.8900]
[21.5720,5.3096,0.0245,47.0355,0.0367,35.9000]
[21.5720,5.3080,0.0364,47.0159,0.0508,35.8000]
[21.4821,48.7768,0.0566,5.2027,0.0399,35.7700]
[21.4821,48.7307,0.0357,5.1866,0.0274,35.7800]
[21.4821,48.7820,0.0397,5.2227,0.0307,35.7400]
[21.4821,48.7262,0.0535,5.1955,0.0252,35.7100]
[21.4821,48.6946,0.0271,5.1906,0.0204,35.7100]
[21.4821,48.7270,0.0431,5.1915,0.0292,35.6700]
[21.4821,48.7111,0.0642,5.1845,0.0585,35.6700]
[21.4821,48.6745,0.0385,5.1752,0.0437,35.6700]
[21.4821,48.6414,0.0385,5.1669,0.0289,35.6600]
[21.4821,48.5996,0.0457,5.1644,0.0301,35.6900]
[21.4821,5.3521,0.0280,46.6864,0.0396,35.7000]
[21.4821,5.3341,0.0216,46.6420,0.0260,35.7200]
[21.4821,5.3306,0.0514,46.6140,0.0522,35.7000]
[21.4821,5.3278,0.0276,46.5861,0.0317,35.6200]
[21.4821,5.3211,0.0270,46.5384,0.0992,35.5700]
[21.4821,5.3310,0.0338,46.5580,0.0446,35.5500]
[21.4821,5.3454,0.0269,46.5719,0.0408,35.5800]
[21.4821,5.3357,0.0319,46.5304,0.0326,35.6100]
[21.4821,5.3353,0.0276,46.5171,0.0290,35.6100]
[21.4821,5.3290,0.0273,46.5418,0.0332,35.6200]
[21.3952,48.5930,0.0389,5.1911,0.0255,35.6300]
[21.3952,48.6325,0.0436,5.1965,0.0253,35.6200]
[21.3952,48.6294,0.0287,5.1864,0.0241,35.5900]
[21.3952,48.6065,0.0458,5.1857,0.0354,35.5900]
[21.3952,48.5894,0.0451,5.1734,0.0244,35.5900]
[21.3952,48.5349,0.0567,5.1561,0.0357,35.6000]
[21.3952,48.5633,0.0619,5.1883,0.0294,35.5500]
[21.3952,48.5473,0.0404,5.1881,0.0269,35.4800]
[21.3952,48.5116,0.0257,5.1729,0.0254,35.4700]
[21.3952,48.4961,0.0354,5.1742,0.0348,35.4800]
[21.3952,5.2496,0.0233,46.4652,0.0265,35.5100]
[21.3952,5.2385,0.0161,46.3822,0.0395,35.5200]
[21.3952,5.2340,0.0269,46.3850,0.0459,35.5600]
[21.3952,5.2387,0.0414,46.3636,0.0442,35.5900]
[21.3952,5.2454,0.0356,46.3227,0.0426,35.6100]
[21.3952,5.2468,0.0269,46.1191,0.0749,35.5900]
[21.3952,5.2493,0.0194,46.0551,0.0325,35.5700]
[21.3952,5.2338,0.0215,45.9989,0.0424,35.5500]
[21.3952,5.2203,0.0195,45.9333,0.0345,35.5600]
[21.3952,5.2133,0.0330,45.8899,0.0389,35.5500]
[21.2939,50.7280,0.0436,5.7980,0.0234,35.5100]
[21.2939,50.6839,0.0442,5.7804,0.0318,35.5000]
[21.2939,50.6753,0.0465,5.7838,0.0233,35.5100]
[21.2939,50.6162,0.0550,5.7669,0.0346,35.5300]
[21.2939,50.5788,0.0602,5.7604,0.0222,35.5400]
[21.2939,50.5586,0.0318,5.7731,0.0238,35.5400]
[21.2939,50.5537,0.0326,5.7614,0.0214,35.5400]
[21.2939,50.5088,0.0269,5.7545,0.0188,35.5400]
[21.2939,50.4811,0.0280,5.7480,0.0353,35.5400]
[21.2939,50.4827,0.0506,5.7544,0.0316,35.5500]
[21.2939,5.7606,0.0225,48.8142,0.0288,35.5900]
[21.2939,5.7555,0.0227,48.8102,0.0329,35.6200]
[21.2939,5.7529,0.0244,48.7800,0.0450,35.6000]
[21.2939,5.7487,0.0201,48.7570,0.0383,35.6100]
[21.2939,5.7482,0.0197,48.6752,0.0481,35.6100]
[21.2939,5.7459,0.0231,48.6293,0.0403,35.6400]
[21.2939,5.7453,0.0272,48.6268,0.0321,35.6500]
[21.2939,5.7315,0.0217,48.5822,0.0253,35.6600]
[21.2939,5.7150,0.0221,48.5066,0.0413,35.6700]
[21.2939,5.7175,0.0203,48.4708,0.0271,35.7000]
[21.2070,50.2097,0.0408,5.6388,0.0211,35.6900]
[21.2070,50.1759,0.0352,5.6273,0.0235,35.7000]
[21.2070,50.1619,0.0329,5.6228,0.0204,35.7200]
[21.2070,50.1620,0.0286,5.6354,0.0170,35.7000]
[21.2070,50.1190,0.0343,5.6351,0.0255,35.6800]
[21.2070,50.0953,0.0406,5.6310,0.0228,35.6400]
[21.2070,50.0491,0.0335,5.6225,0.0204,35.6200]
[21.2070,50.0684,0.0352,5.6352,0.0290,35.6200]
[21.2070,50.0488,0.0377,5.6285,0.0232,35.6400]
[21.2070,50.0335,0.0441,5.6448,0.0337,35.5800]
[21.2070,5.7158,0.0237,48.0715,0.0512,35.5400]
[21.2070,5.7070,0.0295,48.0573,0.0339,35.5500]
[21.2070,5.6907,0.0272,47.9915,0.0355,35.5600]
[21.2070,5.6977,0.0239,47.9912,0.0305,35.5500]
[21.2070,5.7040,0.0339,47.9853,0.0492,35.5300]
[21.2070,5.6905,0.0280,47.9001,0.0398,35.5600]
[21.2070,5.6823,0.0356,47.8766,0.0537,35.6000]
[21.2070,5.6724,0.0224,47.8405,0.0387,35.6400]
[21.2070,5.6824,0.0283,47.8547,0.0381,35.6500]
[21.2070,5.6649,0.0442,47.8118,0.0510,35.6600]
[21.1202,49.8748,0.0417,5.6844,0.0274,35.6500]
[21.1202,49.8310,0.0387,5.6679,0.0255,35.6300]
[21.1202,49.7842,0.0438,5.6565,0.0276,35.6600]
[21.1202,49.7735,0.0301,5.6518,0.0264,35.6500]
[21.1202,49.7437,0.0375,5.6495,0.0336,35.6800]
[21.1202,49.7262,0.0519,5.6411,0.0246,35.6900]
[21.1202,49.7037,0.0396,5.6382,0.0288,35.6800]
[21.1202,49.6769,0.0375,5.6300,0.0304,35.6900]
[21.1202,49.6675,0.0494,5.6331,0.0340,35.7200]
[21.1202,49.6175,0.0315,5.6180,0.0240,35.7100]
[21.1202,5.5988,0.0266,47.5452,0.0322,35.7400]
[21.1202,5.5900,0.0315,47.4896,0.0331,35.7400]
[21.1202,5.5901,0.0265,47.4466,0.0295,35.7200]
[21.1202,5.5991,0.0415,47.4404,0.0477,35.6800]
[21.1202,5.5898,0.0324,47.3769,0.0488,35.6800]
[21.1202,5.5812,0.0306,47.3507,0.0354,35.6600]
[21.1202,5.5794,0.0258,47.3449,0.0393,35.6100]
[21.1202,5.5895,0.0360,47.3378,0.0363,35.5400]
[21.1202,5.5706,0.0300,47.2760,0.0337,35.5100]
[21.1202,5.5716,0.0290,47.2477,0.0332,35.4800]
[21.0334,49.2497,0.0326,5.5827,0.0307,35.5000]
[21.0334,49.2453,0.0367,5.5772,0.0314,35.4500]
[21.0334,49.2059,0.0361,5.5858,0.0311,35.3800]
[21.0334,49.1761,0.0398,5.5762,0.0318,35.3300]
[21.0334,49.1647,0.0323,5.5792,0.0328,35.2600]
[21.0334,49.1298,0.0387,5.5667,0.0386,35.2400]
[21.0334,49.0664,0.0430,5.5609,0.0452,35.2200]
[21.0334,49.0498,0.0295,5.5607,0.0301,35.2000]
[21.0334,49.0272,0.0402,5.5467,0.0295,35.1700]
[21.0334,49.0108,0.0367,5.5516,0.0370,35.1900]
[21.0334,5.5541,0.0310,46.3840,0.0324,35.1900]
[21.0334,5.5419,0.0339,46.3566,0.0374,35.2300]
[21.0334,5.5364,0.0291,46.3312,0.0449,35.2500]
[21.0334,5.5376,0.0375,46.2984,0.0474,35.2600]
[21.0334,5.5300,0.0485,46.2386,0.0505,35.2400]
[21.0334,5.5156,0.0250,46.2171,0.0355,35.2500]
[21.0334,5.5199,0.0353,46.2174,0.0347,35.2800]
[21.0334,5.5135,0.0391,46.1602,0.0456,35.2900]
[21.0334,5.5036,0.0318,46.1407,0.0441,35.2800]
[21.0334,5.5059,0.0398,46.1063,0.0451,35.3000]
[20.9466,48.6334,0.0421,5.4384,0.0381,35.3300]
[20.9466,48.5939,0.0349,5.4191,0.0321,35.3500]
[20.9466,48.5696,0.0556,5.4205,0.0531,35.3600]
[20.9466,48.5215,0.0298,5.4081,0.0304,35.3900]
[20.9466,48.4919,0.0452,5.3976,0.0404,35.4300]
[20.9466,48.4619,0.0506,5.3985,0.0486,35.4400]
[20.9466,48.4729,0.0340,5.4012,0.0305,35.3900]
[20.9466,48.4126,0.0293,5.3923,0.0375,35.3400]
[20.9466,48.3779,0.0365,5.3891,0.0320,35.3000]
[20.9466,48.3954,0.0361,5.3935,0.0291,35.2300]
[20.9466,5.4554,0.0305,46.5891,0.0372,35.1700]
[20.9466,5.4479,0.0449,46.5800,0.0457,35.1600]
[20.9466,5.4492,0.0341,46.5410,0.0357,35.1600]
[20.9466,5.4386,0.0353,46.5195,0.0369,35.1700]
[20.9466,5.4368,0.0446,46.4915,0.0422,35.1600]
[20.9466,5.4386,0.0411,46.4826,0.0515,35.1500]
[20.9466,5.4372,0.0306,46.4575,0.0397,35.1500]
[20.9466,5.4266,0.0310,46.4042,0.0346,35.1700]
[20.9466,5.4216,0.0346,46.3637,0.0414,35.1500]
[20.9466,5.4180,0.0551,46.3473,0.0635,35.1600]
[20.8454,43.5266,0.0292,4.7603,0.0258,35.3400]
[20.8454,43.4738,0.0494,4.7434,0.0371,35.3600]
[20.8454,43.4668,0.0508,4.7403,0.0340,35.3300]
[20.8454,43.4597,0.0483,4.7384,0.0374,35.3700]
[20.8454,43.4393,0.0428,4.7278,0.0322,35.3900]
[20.8454,43.4205,0.0331,4.7374,0.0316,35.3900]
[20.8454,43.4063,0.0510,4.7347,0.0312,35.3900]
[20.8454,43.4022,0.0419,4.7283,0.0341,35.3600]
[20.8454,43.4014,0.0404,4.7216,0.0308,35.3500]
[20.8454,43.3844,0.0487,4.7148,0.0350,35.3500]
[20.8454,4.8620,0.0273,43.3308,0.0332,35.3700]
[20.8454,4.8527,0.0308,43.3252,0.0296,35.3800]
[20.8454,4.8461,0.0389,43.3019,0.0347,35.4000]
[20.8454,4.8280,0.0324,43.2514,0.0398,35.4300]
[20.8454,4.8351,0.0290,43.2312,0.0281,35.4300]
[20.8454,4.8327,0.0346,43.2169,0.0426,35.4500]
[20.8454,4.8325,0.0333,43.1966,0.0494,35.4400]
[20.8454,4.8358,0.0347,43.1960,0.0383,35.4400]
[20.8454,4.8197,0.0377,43.1185,0.0460,35.4600]
[20.8454,4.8116,0.0316,43.1112,0.0387,35.4800]
[20.7587,43.3159,0.0308,4.7578,0.0273,35.5200]
[20.7587,43.2466,0.0320,4.7435,0.0303,35.5400]
[20.7587,43.2907,0.0380,4.7476,0.0366,35.5500]
[20.7587,43.2981,0.0393,4.7457,0.0253,35.5800]
[20.7587,43.2597,0.0431,4.7328,0.0332,35.6000]
[20.7587,43.2564,0.0465,4.7386,0.0460,35.5900]
[20.7587,43.2185,0.0430,4.7277,0.0381,35.5800]
[20.7587,43.1849,0.0398,4.7263,0.0303,35.5900]
[20.7587,43.1827,0.0341,4.7234,0.0326,35.6200]
[20.7587,43.1857,0.0306,4.7134,0.0228,35.6500]
[20.7587,4.7493,0.0209,43.0339,0.0394,35.6700]
[20.7587,4.7541,0.0319,43.0399,0.0408,35.6600]
[20.7587,4.7505,0.0359,43.0357,0.0460,35.6200]
[20.7587,4.7462,0.0457,43.0151,0.0572,35.6000]
[20.7587,4.7351,0.0299,42.9483,0.0306,35.5600]
[20.7587,4.7461,0.0345,42.9686,0.0507,35.4900]
[20.7587,4.7321,0.0290,42.9236,0.0296,35.4400]
[20.7587,4.7287,0.0217,42.8869,0.0301,35.4400]
[20.7587,4.7186,0.0236,42.8353,0.0342,35.4300]
[20.7587,4.7300,0.0328,42.8471,0.0391,35.4000]
[20.6721,43.7929,0.0367,4.6674,0.0285,35.3000]
[20.6721,43.8009,0.0485,4.6540,0.0317,35.3300]
[20.6721,43.8009,0.0432,4.6555,0.0274,35.3500]
[20.6721,43.7132,0.0359,4.6349,0.0325,35.3700]
[20.6721,43.7048,0.0589,4.6447,0.0299,35.3800]
[20.6721,43.7020,0.0353,4.6417,0.0305,35.4200]
[20.6721,43.6686,0.0330,4.6344,0.0285,35.4400]
[20.6721,43.6068,0.0554,4.6260,0.0424,35.4600]
[20.6721,43.6195,0.0386,4.6250,0.0255,35.4900]
[20.6721,43.6157,0.0330,4.6227,0.0227,35.5200]
[20.6721,4.6432,0.0276,42.6224,0.0334,35.5700]
[20.6721,4.6242,0.0329,42.5487,0.0367,35.5900]
[20.6721,4.6235,0.0229,42.5360,0.0235,35.6300]
[20.6721,4.6184,0.0218,42.5288,0.0302,35.6500]
[20.6721,4.6156,0.0211,42.5053,0.0268,35.6200]
[20.6721,4.6118,0.0245,42.4903,0.0303,35.6000]
[20.6721,4.6050,0.0250,42.4569,0.0245,35.6100]
[20.6721,4.6011,0.0332,42.4381,0.0385,35.6100]
[20.6721,4.6064,0.0257,42.4314,0.0291,35.6300]
[20.6721,4.5926,0.0248,42.3578,0.0403,35.6600]
[20.5854,43.3881,0.0297,4.5188,0.0190,35.6800]
[20.5854,43.3666,0.0307,4.5063,0.0269,35.6700]
[20.5854,43.3661,0.0424,4.5008,0.0269,35.6800]
[20.5854,43.3089,0.0307,4.4860,0.0285,35.6800]
[20.5854,43.3017,0.0375,4.4869,0.0359,35.6300]
[20.5854,43.2662,0.0306,4.4771,0.0278,35.6300]
[20.5854,43.2287,0.0274,4.4751,0.0193,35.6500]
[20.5854,43.2210,0.0470,4.4826,0.0252,35.6600]
[20.5854,43.1989,0.0296,4.4661,0.0193,35.6600]
[20.5854,43.1503,0.0333,4.4598,0.0240,35.6800]
[20.5854,4.5892,0.0204,42.0129,0.0376,35.6900]
[20.5854,4.5697,0.0276,41.9728,0.0290,35.7100]
[20.5854,4.5668,0.0214,41.9683,0.0360,35.7300]
[20.5854,4.5492,0.0387,41.9377,0.0482,35.7500]
[20.5854,4.5502,0.0252,41.9427,0.0289,35.7600]
[20.5854,4.5539,0.0229,41.9285,0.0293,35.7500]
[20.5854,4.5434,0.0209,41.8995,0.0342,35.6800]
[20.5854,4.5470,0.0181,41.8935,0.0266,35.6800]
[20.5854,4.5424,0.0207,41.8845,0.0236,35.6500]
[20.5854,4.5372,0.0203,41.8469,0.0240,35.6500]
[20.4988,43.0482,0.0173,4.4615,0.0169,35.5800]
[20.4988,43.0557,0.0280,4.4451,0.0242,35.6000]
[20.4988,43.0117,0.0226,4.4366,0.0191,35.5800]
[20.4988,43.0035,0.0241,4.4439,0.0192,35.5500]
[20.4988,42.9843,0.0383,4.4434,0.0279,35.5600]
[20.4988,42.9281,0.0282,4.4370,0.0216,35.5800]
[20.4988,42.8922,0.0463,4.4257,0.0262,35.5500]
[20.4988,42.8690,0.0274,4.4208,0.0253,35.5300]
[20.4988,42.8457,0.0331,4.4120,0.0325,35.5100]
[20.4988,42.8289,0.0344,4.4115,0.0242,35.4500]
[20.4988,4.4876,0.0262,41.5232,0.0351,35.4700]
[20.4988,4.4775,0.0231,41.4964,0.0256,35.4900]
[20.4988,4.4775,0.0307,41.4721,0.0400,35.5000]
[20.4988,4.4866,0.0236,41.4615,0.0292,35.5000]
[20.4988,4.4813,0.0237,41.4570,0.0375,35.5000]
[20.4988,4.4700,0.0309,41.4218,0.0359,35.4800]
[20.4988,4.4711,0.0186,41.4054,0.0300,35.5100]
[20.4988,4.4714,0.0307,41.4048,0.0381,35.5400]
[20.4988,4.4656,0.0232,41.4114,0.0385,35.5700]
[20.4988,4.4614,0.0286,41.3948,0.0487,35.6100]
[20.4007,41.9848,0.0298,4.4207,0.0217,35.7400]
[20.4007,41.9894,0.0319,4.4144,0.0202,35.7600]
[20.4007,41.9465,0.0237,4.4099,0.0223,35.7900]
[20.4007,41.9238,0.0230,4.3921,0.0182,35.8100]
[20.4007,41.9090,0.0256,4.3898,0.0216,35.8300]
[20.4007,41.8832,0.0259,4.3912,0.0200,35.8300]
[20.4007,41.8554,0.0402,4.3813,0.0228,35.8400]
[20.4007,41.8426,0.0393,4.3956,0.0231,35.7500]
[20.4007,41.8687,0.0299,4.3967,0.0191,35.7700]
[20.4007,41.8271,0.0295,4.4003,0.0241,35.7500]
[20.4007,4.4657,0.0274,41.2881,0.0316,35.6200]
[20.4007,4.4733,0.0288,41.2724,0.0240,35.5900]
[20.4007,4.4742,0.0195,41.2552,0.0405,35.5900]
[20.4007,4.4578,0.0136,41.2426,0.0288,35.5500]
[20.4007,4.4702,0.0319,41.2353,0.0298,35.5400]
[20.4007,4.4675,0.0160,41.2379,0.0321,35.5100]
[20.4007,4.4646,0.0289,41.2124,0.0418,35.5400]
[20.4007,4.4538,0.0348,41.1814,0.0417,35.5600]
[20.4007,4.4470,0.0231,41.1734,0.0292,35.5700]
[20.4007,4.4564,0.0240,41.1463,0.0290,35.5800]
[20.3141,42.1870,0.0287,4.4237,0.0269,35.6000]
[20.3141,42.1378,0.0252,4.4018,0.0192,35.5900]
[20.3141,42.1013,0.0504,4.3855,0.0278,35.5800]
[20.3141,42.0341,0.0381,4.3784,0.0264,35.6000]
[20.3141,42.0052,0.0241,4.3832,0.0205,35.5500]
[20.3141,42.0178,0.0369,4.3946,0.0243,35.5500]
[20.3141,42.0441,0.0244,4.3983,0.0187,35.5700]
[20.3141,42.0117,0.0464,4.3844,0.0308,35.5800]
[20.3141,42.0013,0.0327,4.3886,0.0250,35.5300]
[20.3141,42.0063,0.0286,4.3972,0.0307,35.5300]
[20.3141,4.4498,0.0225,40.9077,0.0326,35.5200]
[20.3141,4.4213,0.0253,40.8485,0.1215,35.4900]
[20.3141,4.4049,0.0222,40.8236,0.0251,35.4900]
[20.3141,4.4160,0.0238,40.8129,0.0296,35.4600]
[20.3141,4.4203,0.0272,40.8192,0.0352,35.4400]
[20.3141,4.4166,0.0277,40.7961,0.0307,35.3900]
[20.3141,4.4202,0.0279,40.7961,0.0337,35.3400]
[20.3141,4.4209,0.0273,40.7848,0.0269,35.3600]
[20.3141,4.4309,0.0235,40.7685,0.0231,35.3100]
[20.3141,4.4205,0.0266,40.7460,0.0330,35.2700]
[20.2276,41.6458,0.0331,4.3296,0.0263,35.3100]
[20.2276,41.6413,0.0342,4.3409,0.0333,35.2800]
[20.2276,41.6320,0.0372,4.3164,0.0299,35.2800]
[20.2276,41.6266,0.0327,4.3181,0.0284,35.2700]
[20.2276,41.6160,0.0423,4.3192,0.0302,35.2700]
[20.2276,41.5948,0.0376,4.3140,0.0288,35.2600]
[20.2276,41.5603,0.0396,4.3126,0.0248,35.2800]
[20.2276,41.5712,0.0374,4.2939,0.0287,35.3400]
[20.2276,41.5234,0.0380,4.2933,0.0213,35.3500]
[20.2276,41.5130,0.0435,4.2998,0.0300,35.3600]
[20.2276,4.3881,0.0224,40.6925,0.0249,35.3700]
[20.2276,4.3882,0.0318,40.6891,0.0327,35.3400]
[20.2276,4.3749,0.0310,40.6443,0.0492,35.3200]
[20.2276,4.3832,0.0404,40.6515,0.0383,35.3200]
[20.2276,4.3666,0.0249,40.6235,0.0268,35.3400]
[20.2276,4.3594,0.0408,40.5987,0.0340,35.3500]
[20.2276,4.3643,0.0244,40.5697,0.0273,35.3500]
[20.2276,4.3655,0.0263,40.5703,0.0300,35.3700]
[20.2276,4.3527,0.0255,40.5416,0.0300,35.3700]
[20.2276,4.3540,0.0241,40.5419,0.0381,35.3700]
[20.1411,41.5244,0.0365,4.2885,0.0250,35.4000]
[20.1411,41.5379,0.0357,4.2799,0.0227,35.4100]
[20.1411,41.5190,0.0387,4.2817,0.0261,35.4300]
[20.1411,41.4758,0.0437,4.2699,0.0390,35.4500]
[20.1411,41.4690,0.0457,4.2585,0.0378,35.4800]
[20.1411,41.4572,0.0288,4.2609,0.0237,35.4800]
[20.1411,41.4622,0.0354,4.2579,0.0319,35.4900]
[20.1411,41.4145,0.0309,4.2587,0.0212,35.4800]
[20.1411,41.3890,0.0356,4.2598,0.0279,35.4900]
[20.1411,41.4206,0.0337,4.2615,0.0265,35.5100]
[20.1411,4.2734,0.0237,40.2322,0.0311,35.5200]
[20.1411,4.2749,0.0250,40.2327,0.0333,35.5000]
[20.1411,4.2709,0.0215,40.2237,0.0259,35.5200]
[20.1411,4.2653,0.0239,40.2248,0.0342,35.5500]
[20.1411,4.2562,0.0366,40.1776,0.0374,35.5700]
[20.1411,4.2496,0.0291,40.1607,0.0353,35.5900]
[20.1411,4.2476,0.0297,40.1384,0.0402,35.6100]
[20.1411,4.2588,0.0210,40.1271,0.0276,35.6000]
[20.1411,4.2579,0.0495,40.1363,0.0561,35.6200]
[20.1411,4.2432,0.0229,40.1385,0.0286,35.6400]
[20.0547,41.6783,0.0230,4.2868,0.0226,35.6400]
[20.0547,41.6525,0.0285,4.2724,0.0239,35.6500]
[20.0547,41.6094,0.0304,4.2609,0.0250,35.6400]
[20.0547,41.5783,0.0336,4.2631,0.0270,35.6500]
[20.0547,41.5634,0.0273,4.2515,0.0229,35.6500]
[20.0547,41.5427,0.0233,4.2464,0.0158,35.6700]
[20.0547,41.5307,0.0272,4.2429,0.0204,35.6900]
[20.0547,41.5104,0.0281,4.2344,0.0218,35.7000]
[20.0547,41.4674,0.0276,4.2243,0.0215,35.6800]
[20.0547,41.4537,0.0354,4.2309,0.0280,35.7000]
[20.0547,4.1944,0.0219,40.0580,0.0248,35.7000]
[20.0547,4.1780,0.0264,40.0033,0.0285,35.7000]
[20.0547,4.1769,0.0294,39.9941,0.0348,35.7000]
[20.0547,4.1751,0.0297,39.9909,0.0325,35.6700]
[20.0547,4.1795,0.0272,40.0033,0.0387,35.6300]
[20.0547,4.1839,0.0361,39.9992,0.0495,35.6500]
[20.0547,4.1842,0.0238,39.9723,0.0319,35.6600]
[20.0547,4.1830,0.0227,39.9813,0.0258,35.7000]
[20.0547,4.1827,0.0209,39.9235,0.0255,35.6800]
[20.0547,4.1889,0.0260,39.9319,0.0317,35.6500]
[19.9653,41.3285,0.0368,4.1799,0.0254,35.6300]
[19.9653,41.3076,0.0344,4.1759,0.0206,35.6300]
[19.9653,41.2845,0.0386,4.1622,0.0266,35.6100]
[19.9653,41.2767,0.0256,4.1553,0.0177,35.6200]
[19.9653,41.2768,0.0260,4.1589,0.0169,35.6300]
[19.9653,41.2453,0.0335,4.1580,0.0241,35.6500]
[19.9653,41.2149,0.0428,4.1445,0.0291,35.6600]
[19.9653,41.1741,0.0318,4.1345,0.0323,35.6700]
[19.9653,41.1567,0.0290,4.1378,0.0248,35.6900]
[19.9653,41.1518,0.0317,4.1401,0.0288,35.6500]
[19.9653,4.1205,0.0243,39.5442,0.0284,35.6500]
[19.9653,4.1204,0.0266,39.5210,0.0330,35.6100]
[19.9653,4.1204,0.0267,39.4841,0.0330,35.6200]
[19.9653,4.1077,0.0362,39.4342,0.0430,35.5700]
[19.9653,4.1106,0.0255,39.4097,0.0327,35.5300]
[19.9653,4.1050,0.0276,39.3922,0.0303,35.4700]
[19.9653,4.1031,0.0251,39.3493,0.0352,35.4500]
[19.9653,4.0943,0.0205,39.3056,0.0341,35.4500]
[19.9653,4.0937,0.0190,39.2660,0.0215,35.4600]
[19.9653,4.0847,0.0230,39.2527,0.0288,35.4500]
[19.8789,40.7087,0.0312,4.0909,0.0294,35.3500]
[19.8789,40.7066,0.0392,4.0704,0.0300,35.3500]
[19.8789,40.6772,0.0252,4.0635,0.0257,35.3200]
[19.8789,40.6601,0.0357,4.0677,0.0305,35.3100]
[19.8789,40.6390,0.0292,4.0619,0.0233,35.3500]
[19.8789,40.6329,0.0334,4.0565,0.0281,35.3200]
[19.8789,40.6157,0.0318,4.0622,0.0344,35.3000]
[19.8789,40.5897,0.0339,4.0570,0.0310,35.2400]
[19.8789,40.5529,0.0286,4.0451,0.0304,35.2300]
[19.8789,40.5186,0.0331,4.0476,0.0245,35.1900]
[19.8789,4.0753,0.0261,39.0062,0.0275,35.1300]
[19.8789,4.0646,0.0333,38.9965,0.0341,35.1000]
[19.8789,4.0638,0.0356,38.9524,0.0403,35.1000]
[19.8789,4.0526,0.0353,38.9070,0.0376,35.0800]
[19.8789,4.0578,0.0536,38.9081,0.0530,35.0700]
[19.8789,4.0476,0.0345,38.8407,0.0362,35.0700]
[19.8789,4.0462,0.0263,38.7842,0.0372,35.0600]
[19.8789,4.0297,0.0327,38.7356,0.0361,35.1000]
[19.8789,4.0384,0.0207,38.7158,0.0319,35.0800]
[19.8789,4.0271,0.0434,38.6829,0.0531,35.0800]
[19.7926,39.9532,0.0341,4.1265,0.0372,35.0700]
[19.7926,39.9197,0.0448,4.1114,0.0339,35.0700]
[19.7926,39.8448,0.0694,4.0986,0.0332,35.0200]
[19.7926,39.8034,0.0324,4.0889,0.0320,35.0300]
[19.7926,39.8285,0.0361,4.0919,0.0338,35.0400]
[19.7926,39.7708,0.0628,4.0895,0.0317,35.0400]
[19.7926,39.6770,0.1103,4.0808,0.0327,35.0400]
[19.7926,39.7362,0.0496,4.0777,0.0328,35.0500]
[19.7926,39.7058,0.0294,4.0699,0.0313,35.0600]
[19.7926,39.6552,0.0274,4.0671,0.0271,35.0900]
[19.7926,3.9917,0.0233,38.3676,0.0336,35.1500]
[19.7926,3.9752,0.0305,38.3348,0.0357,35.1800]
[19.7926,3.9701,0.0301,38.3125,0.0320,35.2000]
[19.7926,3.9685,0.0348,38.3148,0.0412,35.2200]
[19.7926,3.9676,0.0359,38.3035,0.0458,35.2500]
[19.7926,3.9632,0.0278,38.2767,0.0352,35.2800]
[19.7926,3.9501,0.0285,38.2226,0.0367,35.3000]
[19.7926,3.9498,0.0257,38.2247,0.0304,35.3100]
[19.7926,3.9427,0.0281,38.1970,0.0428,35.3400]
[19.7926,3.9483,0.0358,38.1898,0.0379,35.3600]
[19.7062,39.8031,0.0348,3.9212,0.0275,35.4200]
[19.7062,39.7353,0.0332,3.9111,0.0311,35.4400]
[19.7062,39.7224,0.0351,3.9011,0.0280,35.4600]
[19.7062,39.7047,0.0298,3.8974,0.0285,35.4900]
[19.7062,39.6877,0.0307,3.8947,0.0289,35.5200]
[19.7062,39.6525,0.0468,3.8875,0.0407,35.5400]
[19.7062,39.6268,0.0431,3.8811,0.0421,35.5700]
[19.7062,39.6194,0.0309,3.8775,0.0281,35.5900]
[19.7062,39.5989,0.0303,3.8679,0.0214,35.6000]
[19.7062,39.5772,0.0415,3.8860,0.0396,35.5800]
[19.7062,3.9590,0.0322,37.9235,0.0314,35.5600]
[19.7062,3.9479,0.0304,37.8852,0.0384,35.5300]
[19.7062,3.9573,0.0297,37.8769,0.0383,35.4800]
[19.7062,3.9505,0.0286,37.8747,0.0361,35.4500]
[19.7062,3.9444,0.0273,37.8221,0.0351,35.4100]
[19.7062,3.9409,0.0217,37.7868,0.0338,35.3900]
[19.7062,3.9318,0.0295,37.7495,0.0376,35.3800]
[19.7062,3.9229,0.0314,37.6853,0.0445,35.3500]
[19.7062,3.9351,0.0415,37.7030,0.0443,35.3300]
[19.7062,3.9303,0.0268,37.6768,0.0211,35.3000]
[19.6199,39.3469,0.0297,3.8571,0.0286,35.3300]
[19.6199,39.3133,0.0394,3.8470,0.0293,35.3300]
[19.6199,39.3010,0.0425,3.8322,0.0354,35.3200]
[19.6199,39.2728,0.0455,3.8364,0.0258,35.3500]
[19.6199,39.1930,0.0287,3.8244,0.0327,35.3800]
[19.6199,39.1854,0.0344,3.8080,0.0319,35.4200]
[19.6199,39.1791,0.0416,3.8102,0.0264,35.4400]
[19.6199,39.1712,0.0386,3.8080,0.0370,35.4500]
[19.6199,39.1469,0.0357,3.8060,0.0268,35.4800]
[19.6199,39.1352,0.0279,3.8062,0.0268,35.4900]
[19.6199,3.8851,0.0254,37.4221,0.0273,35.5400]
[19.6199,3.8535,0.0270,37.3862,0.0341,35.5300]
[19.6199,3.8519,0.0326,37.3660,0.0303,35.5400]
[19.6199,3.8496,0.0264,37.3686,0.0397,35.5000]
[19.6199,3.8489,0.0343,37.3411,0.0365,35.4900]
[19.6199,3.8599,0.0251,37.3389,0.0317,35.4800]
[19.6199,3.8558,0.0259,37.3226,0.0313,35.4600]
[19.6199,3.8455,0.0263,37.2994,0.0349,35.4100]
[19.6199,3.8435,0.0274,37.2739,0.0406,35.3700]
[19.6199,3.8287,0.0348,37.2237,0.0484,35.2800]
[19.5279,38.8474,0.0330,3.7958,0.0248,35.2300]
[19.5279,38.8273,0.0425,3.7876,0.0296,35.2300]
[19.5279,38.8062,0.0361,3.7733,0.0280,35.2200]
[19.5279,38.7791,0.0428,3.7688,0.0325,35.2300]
[19.5279,38.7527,0.0325,3.7568,0.0294,35.1900]
[19.5279,38.7281,0.0236,3.7501,0.0237,35.2200]
[19.5279,38.6907,0.0369,3.7583,0.0298,35.2200]
[19.5279,38.6643,0.0302,3.7514,0.0202,35.2300]
[19.5279,38.6342,0.0333,3.7535,0.0199,35.2200]
[19.5279,38.6234,0.0339,3.7601,0.0237,35.2200]
[19.5279,3.7839,0.0191,36.7476,0.0309,35.2700]
[19.5279,3.7765,0.0230,36.6959,0.0402,35.2800]
[19.5279,3.7650,0.0272,36.6659,0.0392,35.3000]
[19.5279,3.7706,0.0281,36.6727,0.0338,35.3200]
[19.5279,3.7578,0.0271,36.6401,0.0288,35.3500]
[19.5279,3.7605,0.0209,36.6386,0.0355,35.3700]
[19.5279,3.7638,0.0283,36.6275,0.0307,35.3800]
[19.5279,3.7608,0.0230,36.6060,0.0348,35.3800]
[19.5279,3.7459,0.0321,36.5658,0.0412,35.4200]
[19.5279,3.7404,0.0172,36.5611,0.0351,35.4300]
[19.4417,37.9512,0.0302,3.6880,0.0233,35.4300]
[19.4417,37.9104,0.0334,3.6754,0.0270,35.4700]
[19.4417,37.8765,0.0427,3.6586,0.0308,35.4800]
[19.4417,37.8365,0.0307,3.6489,0.0263,35.5100]
[19.4417,37.8451,0.0334,3.6487,0.0183,35.5300]
[19.4417,37.8093,0.0298,3.6551,0.0228,35.5500]
[19.4417,37.7658,0.0400,3.6368,0.0235,35.5900]
[19.4417,37.7498,0.0216,3.6427,0.0205,35.6000]
[19.4417,37.7247,0.0283,3.6367,0.0220,35.6300]
[19.4417,37.7161,0.0298,3.6330,0.0200,35.6500]
[19.4417,3.7229,0.0166,36.2392,0.0281,35.6300]
[19.4417,3.7013,0.0190,36.2180,0.0347,35.6200]
[19.4417,3.6928,0.0330,36.2041,0.0459,35.6600]
[19.4417,3.6874,0.0266,36.1865,0.0438,35.6700]
[19.4417,3.6835,0.0302,36.1576,0.0388,35.6900]
[19.4417,3.6837,0.0207,36.1212,0.0376,35.6900]
[19.4417,3.6726,0.0224,36.0891,0.0251,35.6900]
[19.4417,3.6691,0.0295,36.0471,0.0273,35.6900]
[19.4417,3.6590,0.0202,36.0282,0.0361,35.7200]
[19.4417,3.6480,0.0251,35.9758,0.0346,35.7300]
[19.3555,37.6792,0.0344,3.5798,0.0208,35.7400]
[19.3555,37.6376,0.0467,3.5633,0.0286,35.7200]
[19.3555,37.6188,0.0276,3.5603,0.0315,35.6900]
[19.3555,37.5801,0.0388,3.5455,0.0224,35.7100]
[19.3555,37.5422,0.0324,3.5431,0.0267,35.7200]
[19.3555,37.5255,0.0349,3.5353,0.0242,35.7000]
[19.3555,37.4973,0.0164,3.5349,0.0234,35.6900]
[19.3555,37.4894,0.0218,3.5391,0.0173,35.6800]
[19.3555,37.4497,0.0490,3.5348,0.0199,35.6700]
[19.3555,37.4193,0.0413,3.5275,0.0263,35.6500]
[19.3555,3.5798,0.0244,35.3024,0.0333,35.6700]
[19.3555,3.5601,0.0218,35.2873,0.0259,35.6800]
[19.3555,3.5469,0.0229,35.2239,0.0268,35.7000]
[19.3555,3.5367,0.0193,35.1972,0.0240,35.7200]
[19.3555,3.5365,0.0241,35.1728,0.0297,35.7200]
[19.3555,3.5309,0.0220,35.1360,0.0356,35.7200]
[19.3555,3.5201,0.0239,35.0957,0.0392,35.6800]
[19.3555,3.5126,0.0254,35.0600,0.0405,35.6600]
[19.3555,3.5012,0.0188,35.0235,0.0337,35.6300]
[19.3555,3.5207,0.0182,34.9932,0.0307,35.6400]
[19.2693,36.8681,0.0238,3.5264,0.0157,35.6200]
[19.2693,36.8169,0.0299,3.5018,0.0221,35.6300]
[19.2693,36.7881,0.0343,3.4939,0.0320,35.5400]
[19.2693,36.7431,0.0268,3.4834,0.0233,35.5000]
[19.2693,36.7150,0.0291,3.4808,0.0245,35.4900]
[19.2693,36.6801,0.0330,3.4766,0.0267,35.4700]
[19.2693,36.6260,0.0336,3.4667,0.0258,35.5100]
[19.2693,36.5997,0.0374,3.4639,0.0315,35.5500]
[19.2693,36.5557,0.0276,3.4557,0.0236,35.5700]
[19.2693,36.5095,0.0425,3.4393,0.0367,35.5900]
[19.2693,3.4678,0.0269,34.9991,0.0492,35.6200]
[19.2693,3.4323,0.0324,34.9097,0.0497,35.6200]
[19.2693,3.4411,0.0185,34.9208,0.0275,35.6000]
[19.2693,3.4208,0.0343,34.8307,0.0402,35.5900]
[19.2693,3.4177,0.0368,34.8454,0.0467,35.6000]
[19.2693,3.4127,0.0254,34.8110,0.0513,35.6100]
[19.2693,3.3998,0.0318,34.7684,0.0415,35.6100]
[19.2693,3.4261,0.0227,34.7519,0.0379,35.6200]
[19.2693,3.4151,0.0275,34.6915,0.0366,35.6000]
[19.2693,3.3964,0.0277,34.6228,0.0366,35.5500]
[19.1803,36.2448,0.0422,3.3708,0.0211,35.5500]
[19.1803,36.1900,0.0405,3.3548,0.0328,35.5200]
[19.1803,36.1247,0.0421,3.3142,0.0375,35.5200]
[19.1803,36.1157,0.0459,3.3295,0.0451,35.4800]
[19.1803,36.0853,0.0452,3.3228,0.0447,35.4700]
[19.1803,36.0420,0.0450,3.3282,0.0355,35.4500]
[19.1803,36.0214,0.0382,3.3297,0.0229,35.4100]
[19.1803,35.9968,0.0516,3.3305,0.0341,35.4100]
[19.1803,35.9542,0.0407,3.3362,0.0331,35.4200]
[19.1803,35.9178,0.0417,3.3244,0.0291,35.4400]
[19.1803,3.3263,0.0259,34.2915,0.0364,35.4700]
[19.1803,3.3245,0.0270,34.2544,0.0487,35.4800]
[19.1803,3.3222,0.0307,34.2341,0.0420,35.4800]
[19.1803,3.3268,0.0302,34.1888,0.0278,35.4100]
[19.1803,3.3488,0.0218,34.1977,0.0223,35.4300]
[19.1803,3.3205,0.0433,34.1623,0.0465,35.4400]
[19.1803,3.3328,0.0257,34.1502,0.0287,35.4000]
[19.1803,3.3217,0.0531,34.1162,0.0562,35.3800]
[19.1803,3.3426,0.0202,34.1187,0.0264,35.3100]
[19.1803,3.3392,0.0193,34.1036,0.0265,35.2500]
[19.0798,35.5054,0.0307,3.3399,0.0296,35.3100]
[19.0798,35.4763,0.0537,3.3171,0.0453,35.3300]
[19.0798,35.4566,0.0593,3.2995,0.0425,35.3400]
[19.0798,35.4350,0.0444,3.3059,0.0359,35.3600]
[19.0798,35.4214,0.0328,3.3047,0.0289,35.3800]
[19.0798,35.4179,0.0575,3.3138,0.0459,35.4000]
[19.0798,35.3707,0.0319,3.3087,0.0218,35.4100]
[19.0798,35.3290,0.0448,3.3042,0.0330,35.4300]
[19.0798,35.3065,0.0352,3.3005,0.0269,35.4400]
[19.0798,35.2911,0.0329,3.2914,0.0285,35.4500]
[19.0798,3.3035,0.0334,33.8960,0.0380,35.4300]
[19.0798,3.2894,0.0324,33.8541,0.0356,35.4000]
[19.0798,3.2769,0.0380,33.8114,0.0451,35.4000]
[19.0798,3.2795,0.0348,33.7914,0.0386,35.4400]
[19.0798,3.2601,0.0477,33.7464,0.0440,35.4500]
[19.0798,3.2594,0.0723,33.7210,0.0748,35.4800]
[19.0798,3.2518,0.0421,33.6743,0.0498,35.5000]
[19.0798,3.2461,0.0465,33.6456,0.0475,35.5200]
[19.0798,3.2358,0.0336,33.6262,0.0392,35.5400]
[19.0798,3.2431,0.0323,33.6062,0.0359,35.5000]
[18.9937,35.2383,0.0330,3.1869,0.0260,35.4800]
[18.9937,35.2015,0.0299,3.1695,0.0281,35.4800]
[18.9937,35.1570,0.0445,3.1599,0.0349,35.4900]
[18.9937,35.1132,0.0388,3.1463,0.0280,35.4900]
[18.9937,35.1043,0.0288,3.1523,0.0330,35.4800]
[18.9937,35.0844,0.0291,3.1671,0.0247,35.4900]
[18.9937,35.0563,0.0363,3.1401,0.0247,35.5000]
[18.9937,35.0180,0.0480,3.1354,0.0352,35.5000]
[18.9937,34.9609,0.0525,3.1128,0.0341,35.4900]
[18.9937,34.9351,0.0508,3.1173,0.0517,35.5000]
[18.9937,3.1290,0.0232,33.2110,0.0315,35.4900]
[18.9937,3.1063,0.0503,33.1614,0.0553,35.4900]
[18.9937,3.1017,0.0420,33.1104,0.0440,35.4800]
[18.9937,3.1442,0.0337,33.1410,0.0373,35.4700]
[18.9937,3.1551,0.0436,33.1232,0.0414,35.4800]
[18.9937,3.1571,0.0355,33.1216,0.0359,35.4900]
[18.9937,3.1321,0.0411,33.0460,0.0510,35.4900]
[18.9937,3.1129,0.0247,32.9930,0.0329,35.5000]
[18.9937,3.1112,0.0294,32.9810,0.0381,35.5300]
[18.9937,3.1146,0.0438,32.9599,0.0462,35.5400]
[18.9077,34.2431,0.0354,3.1468,0.0257,35.4300]
[18.9077,34.1977,0.0524,3.1279,0.0498,35.4200]
[18.9077,34.1844,0.0350,3.1563,0.0300,35.4300]
[18.9077,34.1741,0.0267,3.1667,0.0173,35.4200]
[18.9077,34.1233,0.0455,3.1574,0.0462,35.4200]
[18.9077,34.1376,0.0225,3.1678,0.0232,35.4100]
[18.9077,34.1416,0.0355,3.1673,0.0271,35.3800]
[18.9077,34.1220,0.0419,3.1655,0.0394,35.3300]
[18.9077,34.0374,0.0364,3.1405,0.0290,35.2900]
[18.9077,34.0078,0.0313,3.1394,0.0287,35.2900]
[18.9077,3.1754,0.0272,32.6817,0.0314,35.3000]
[18.9077,3.1658,0.0164,32.6761,0.0254,35.3100]
[18.9077,3.1466,0.0278,32.6240,0.0294,35.3100]
[18.9077,3.1619,0.0273,32.6030,0.0255,35.3000]
[18.9077,3.1764,0.0227,32.6060,0.0221,35.3100]
[18.9077,3.1431,0.0239,32.5524,0.0303,35.3100]
[18.9077,3.1391,0.0291,32.5015,0.0378,35.3000]
[18.9077,3.1373,0.0366,32.4780,0.0338,35.3000]
[18.9077,3.1491,0.0332,32.4739,0.0428,35.2500]
[18.9077,3.1446,0.0312,32.4198,0.0303,35.2600]
[18.8188,34.0849,0.0376,3.0785,0.0291,35.2800]
[18.8188,34.0171,0.0385,3.0405,0.0286,35.2500]
[18.8188,34.0266,0.0224,3.0571,0.0245,35.2300]
[18.8188,34.0036,0.0309,3.0827,0.0268,35.2200]
[18.8188,33.9843,0.0306,3.0690,0.0310,35.2000]
[18.8188,33.9794,0.0348,3.0817,0.0239,35.2000]
[18.8188,33.9336,0.0263,3.0732,0.0233,35.1700]
[18.8188,33.9179,0.0301,3.0651,0.0248,35.1600]
[18.8188,33.8864,0.0271,3.0586,0.0215,35.1500]
[18.8188,33.8529,0.0276,3.0540,0.0202,35.1700]
[18.8188,3.1191,0.0221,32.1626,0.0321,35.1700]
[18.8188,3.1078,0.0234,32.1242,0.0268,35.1800]
[18.8188,3.1042,0.0279,32.1013,0.0335,35.1700]
[18.8188,3.1000,0.0251,32.0838,0.0360,35.1800]
[18.8188,3.1044,0.0187,32.0750,0.0328,35.2000]
[18.8188,3.0939,0.0190,32.0381,0.0347,35.2100]
[18.8188,3.0946,0.0239,32.0143,0.0276,35.2000]
[18.8188,3.0800,0.0262,31.9866,0.0352,35.2300]
[18.8188,3.0864,0.0335,31.9594,0.0488,35.2400]
[18.8188,3.0896,0.0377,31.9465,0.0424,35.2300]
[18.7329,33.3907,0.0238,3.0500,0.0276,35.2400]
[18.7329,33.3606,0.0410,3.0453,0.0293,35.2300]
[18.7329,33.3577,0.0337,3.0540,0.0251,35.2600]
[18.7329,33.3140,0.0182,3.0366,0.0199,35.2800]
[18.7329,33.2996,0.0294,3.0286,0.0252,35.3100]
[18.7329,33.2733,0.0350,3.0232,0.0157,35.3300]
[18.7329,33.2213,0.0279,3.0183,0.0233,35.3300]
[18.7329,33.1895,0.0361,3.0154,0.0262,35.3300]
[18.7329,33.1747,0.0270,3.0121,0.0228,35.3100]
[18.7329,33.1753,0.0175,3.0171,0.0197,35.3100]
[18.7329,3.0413,0.0226,31.6223,0.0346,35.3400]
[18.7329,3.0293,0.0322,31.6036,0.0386,35.3600]
[18.7329,3.0149,0.0210,31.5720,0.0285,35.3700]
[18.7329,3.0141,0.0211,31.5492,0.0279,35.4000]
[18.7329,3.0119,0.0163,31.5123,0.0244,35.4100]
[18.7329,3.0055,0.0218,31.4814,0.0348,35.4100]
[18.7329,3.0028,0.0214,31.4884,0.0228,35.4100]
[18.7329,2.9941,0.0278,31.4489,0.0332,35.4100]
[18.7329,2.9941,0.0255,31.4221,0.0277,35.4400]
[18.7329,2.9945,0.0257,31.3925,0.0233,35.4700]
[18.6326,32.7912,0.0455,2.9571,0.0361,35.5600]
[18.6326,32.7627,0.0269,2.9575,0.0244,35.5600]
[18.6326,32.7339,0.0343,2.9531,0.0286,35.5500]
[18.6326,32.7164,0.0313,2.9504,0.0263,35.5400]
[18.6326,32.6958,0.0248,2.9480,0.0267,35.5300]
[18.6326,32.6939,0.0364,2.9642,0.0291,35.5100]
[18.6326,32.6756,0.0326,2.9721,0.0334,35.4800]
[18.6326,32.6544,0.0359,2.9542,0.0282,35.4600]
[18.6326,32.6234,0.0270,2.9585,0.0268,35.4700]
[18.6326,32.5843,0.0231,2.9492,0.0194,35.4700]
[18.6326,3.0077,0.0238,31.1432,0.0280,35.4200]
[18.6326,3.0094,0.0186,31.1266,0.0286,35.4000]
[18.6326,2.9907,0.0221,31.0847,0.0323,35.3900]
[18.6326,2.9749,0.0237,31.0358,0.0279,35.3700]
[18.6326,2.9817,0.0161,31.0289,0.0219,35.3500]
[18.6326,2.9768,0.0234,31.0160,0.0298,35.3700]
[18.6326,2.9909,0.0200,31.0286,0.0337,35.3700]
[18.6326,2.9776,0.0253,30.9815,0.0260,35.3300]
[18.6326,2.9761,0.0212,30.9640,0.0226,35.3000]
[18.6326,2.9799,0.0206,30.9371,0.0236,35.3100]
[18.5467,32.4865,0.0287,2.9479,0.0217,35.3000]
[18.5467,32.4639,0.0291,2.9278,0.0205,35.3100]
[18.5467,32.4243,0.0212,2.9255,0.0212,35.2600]
[18.5467,32.4589,0.0308,2.9333,0.0198,35.2700]
[18.5467,32.4279,0.0265,2.9250,0.0218,35.2600]
[18.5467,32.4029,0.0300,2.9276,0.0280,35.2400]
[18.5467,32.3680,0.0325,2.9069,0.0234,35.2100]
[18.5467,32.3608,0.0277,2.9095,0.0249,35.2000]
[18.5467,32.3036,0.0300,2.8939,0.0186,35.2300]
[18.5467,32.2892,0.0261,2.8960,0.0220,35.2500]
[18.5467,2.9534,0.0288,30.7672,0.0308,35.2700]
[18.5467,2.9383,0.0153,30.7478,0.0247,35.2800]
[18.5467,2.9278,0.0317,30.7147,0.0400,35.2800]
[18.5467,2.9268,0.0245,30.7235,0.0366,35.3000]
[18.5467,2.9069,0.0213,30.6476,0.0254,35.3100]
[18.5467,2.9166,0.0223,30.6206,0.0275,35.3200]
[18.5467,2.8949,0.0165,30.6087,0.0196,35.3500]
[18.5467,2.8864,0.0279,30.5934,0.0362,35.3700]
[18.5467,2.8986,0.0189,30.5830,0.0252,35.4000]
[18.5467,2.8980,0.0214,30.5695,0.0274,35.4100]
[18.4580,31.9634,0.0250,2.8577,0.0232,35.4200]
[18.4580,31.9355,0.0431,2.8351,0.0271,35.4300]
[18.4580,31.9123,0.0314,2.8340,0.0247,35.4200]
[18.4580,31.8755,0.0264,2.8254,0.0292,35.4200]
[18.4580,31.8514,0.0199,2.8207,0.0216,35.4000]
[18.4580,31.8374,0.0226,2.8163,0.0227,35.3900]
[18.4580,31.8187,0.0312,2.8130,0.0204,35.3700]
[18.4580,31.7979,0.0329,2.8217,0.0236,35.3900]
[18.4580,31.7740,0.0314,2.8036,0.0225,35.3900]
[18.4580,31.7685,0.0300,2.8012,0.0230,35.3700]
[18.4580,2.8701,0.0260,30.0649,0.0340,35.3600]
[18.4580,2.8541,0.0265,30.0295,0.0267,35.3700]
[18.4580,2.8446,0.0208,30.0001,0.0263,35.3600]
[18.4580,2.8552,0.0258,29.9807,0.0288,35.3400]
[18.4580,2.8659,0.0252,29.9633,0.0338,35.3200]
[18.4580,2.8532,0.0360,29.9506,0.0408,35.3300]
[18.4580,2.8637,0.0243,29.9421,0.0358,35.3400]
[18.4580,2.8613,0.0243,29.9276,0.0325,35.3500]
[18.4580,2.8481,0.0244,29.8954,0.0281,35.3700]
[18.4580,2.8458,0.0283,29.8612,0.0290,35.3800]
[18.3721,31.6616,0.0250,2.7935,0.0216,35.4000]
[18.3721,31.6442,0.0310,2.7812,0.0353,35.3800]
[18.3721,31.6292,0.0240,2.7814,0.0222,35.3800]
[18.3721,31.5997,0.0237,2.7765,0.0203,35.3700]
[18.3721,31.5846,0.0284,2.7760,0.0170,35.3500]
[18.3721,31.5608,0.0321,2.7808,0.0266,35.3400]
[18.3721,31.5424,0.0242,2.7714,0.0249,35.3100]
[18.3721,31.5305,0.0312,2.7815,0.0300,35.2900]
[18.3721,31.5181,0.0264,2.7667,0.0275,35.2800]
[18.3721,31.5024,0.0269,2.7712,0.0281,35.2900]
[18.3721,2.7970,0.0261,29.7186,0.0295,35.2600]
[18.3721,2.8047,0.0257,29.7275,0.0287,35.2600]
[18.3721,2.7978,0.0212,29.7042,0.0199,35.2600]
[18.3721,2.8046,0.0207,29.6844,0.0269,35.2600]
[18.3721,2.7998,0.0203,29.6780,0.0272,35.2700]
[18.3721,2.7845,0.0370,29.6315,0.0384,35.2800]
[18.3721,2.7899,0.0274,29.6223,0.0309,35.2900]
[18.3721,2.7880,0.0299,29.6225,0.0360,35.2400]
[18.3721,2.7845,0.0196,29.5941,0.0236,35.2400]
[18.3721,2.7868,0.0426,29.5764,0.0438,35.2000]
[18.2835,31.0995,0.0330,2.7841,0.0273,35.1700]
[18.2835,31.0595,0.0364,2.7651,0.0277,35.1600]
[18.2835,31.0382,0.0295,2.7545,0.0224,35.1600]
[18.2835,31.0241,0.0217,2.7637,0.0210,35.1600]
[18.2835,31.0303,0.0323,2.7892,0.0334,35.1600]
[18.2835,31.0040,0.0225,2.7683,0.0263,35.1400]
[18.2835,30.9940,0.0334,2.7749,0.0280,35.1300]
[18.2835,30.9625,0.0355,2.7756,0.0297,35.1400]
[18.2835,30.9265,0.0195,2.7683,0.0257,35.1600]
[18.2835,30.9337,0.0239,2.7813,0.0205,35.1600]
[18.2835,2.8216,0.0197,29.2652,0.0327,35.0900]
[18.2835,2.8137,0.0190,29.2466,0.0254,35.0600]
[18.2835,2.8108,0.0241,29.2204,0.0223,35.0400]
[18.2835,2.8063,0.0226,29.1927,0.0235,35.0100]
[18.2835,2.7989,0.0260,29.1687,0.0335,34.9900]
[18.2835,2.7892,0.0229,29.1384,0.0270,34.9900]
[18.2835,2.7915,0.0246,29.1272,0.0246,34.9600]
[18.2835,2.7990,0.0251,29.1262,0.0266,34.9600]
[18.2835,2.7839,0.0285,29.0873,0.0351,34.9800]
[18.2835,2.7869,0.0263,29.0701,0.0276,34.9900]
[18.1977,29.6214,0.0262,2.5627,0.0274,35.0200]
[18.1977,29.6200,0.0247,2.5716,0.0288,35.0100]
[18.1977,29.5929,0.0327,2.5545,0.0314,35.0400]
[18.1977,29.6087,0.0383,2.5647,0.0303,35.0500]
[18.1977,29.5740,0.0346,2.5654,0.0278,35.0700]
[18.1977,29.5474,0.0241,2.5519,0.0234,35.1000]
[18.1977,29.5444,0.0451,2.5662,0.0417,35.1100]
[18.1977,29.5446,0.0235,2.5667,0.0268,35.1200]
[18.1977,29.5418,0.0347,2.5589,0.0273,35.1400]
[18.1977,29.5239,0.0295,2.5572,0.0244,35.1200]
[18.1977,2.5818,0.0275,28.0503,0.0311,35.1600]
[18.1977,2.5628,0.0256,28.0082,0.0281,35.1700]
[18.1977,2.5548,0.0310,27.9906,0.0311,35.1800]
[18.1977,2.5598,0.0301,27.9920,0.0307,35.1800]
[18.1977,2.5525,0.0268,27.9723,0.0356,35.1800]
[18.1977,2.5603,0.0253,27.9757,0.0268,35.1500]
[18.1977,2.5520,0.0372,27.9384,0.0404,35.1600]
[18.1977,2.5561,0.0343,27.9343,0.0397,35.1600]
[18.1977,2.5467,0.0267,27.9220,0.0290,35.1700]
[18.1977,2.5392,0.0225,27.8948,0.0299,35.1800]
[18.1091,29.3953,0.0302,2.4360,0.0235,35.2100]
[18.1091,29.3661,0.0322,2.4168,0.0355,35.1700]
[18.1091,29.3525,0.0349,2.4160,0.0309,35.1800]
[18.1091,29.3224,0.0330,2.4006,0.0301,35.1300]
[18.1091,29.3596,0.0344,2.4190,0.0301,35.1400]
[18.1091,29.3200,0.0347,2.4106,0.0319,35.1400]
[18.1091,29.3109,0.0287,2.4296,0.0300,35.1300]
[18.1091,29.3029,0.0344,2.4270,0.0309,35.1300]
[18.1091,29.2591,0.0423,2.4219,0.0421,35.1400]
[18.1091,29.2470,0.0265,2.4067,0.0214,35.1100]
[18.1091,2.5603,0.0204,27.7659,0.0238,35.0400]
[18.1091,2.5469,0.0341,27.7243,0.0319,35.0400]
[18.1091,2.5452,0.0273,27.7125,0.0284,35.0500]
[18.1091,2.5600,0.0348,27.7034,0.0315,35.0500]
[18.1091,2.5587,0.0289,27.6845,0.0238,35.0400]
[18.1091,2.5534,0.0398,27.6559,0.0396,35.0400]
[18.1091,2.5433,0.0280,27.6096,0.0276,35.0400]
[18.1091,2.5435,0.0320,27.5968,0.0304,35.0400]
[18.1091,2.5383,0.0333,27.6082,0.0369,35.0600]
[18.1091,2.5389,0.0319,27.6286,0.0261,35.0600]
[18.0235,28.9469,0.0295,2.4308,0.0259,35.0300]
[18.0235,28.9154,0.0411,2.4184,0.0418,35.0200]
[18.0235,28.8762,0.0314,2.4185,0.0321,35.0000]
[18.0235,28.8605,0.0304,2.4058,0.0273,35.0000]
[18.0235,28.8408,0.0335,2.4108,0.0300,34.9900]
[18.0235,28.8118,0.0424,2.4117,0.0321,34.9700]
[18.0235,28.8072,0.0339,2.4162,0.0287,34.9400]
[18.0235,28.7731,0.0265,2.4053,0.0259,34.9600]
[18.0235,28.7424,0.0424,2.3920,0.0410,34.9800]
[18.0235,28.7296,0.0363,2.3896,0.0264,34.9900]
[18.0235,2.5094,0.0290,27.2705,0.0295,35.0400]
[18.0235,2.4958,0.0446,27.2461,0.0526,35.0600]
[18.0235,2.4873,0.0326,27.2097,0.0364,35.0800]
[18.0235,2.4891,0.0301,27.1807,0.0269,35.1100]
[18.0235,2.4808,0.0344,27.1667,0.0370,35.1000]
[18.0235,2.4820,0.0261,27.1474,0.0287,35.0500]
[18.0235,2.4713,0.0296,27.1299,0.0323,35.0700]
[18.0235,2.4754,0.0378,27.1278,0.0368,35.0900]
[18.0235,2.4635,0.0268,27.0958,0.0298,35.0900]
[18.0235,2.4722,0.0422,27.0858,0.0412,35.0800]
[17.9378,28.2806,0.0251,2.4098,0.0272,35.0700]
[17.9378,28.2342,0.0294,2.3922,0.0271,35.0200]
[17.9378,28.2166,0.0439,2.3973,0.0394,35.0300]
[17.9378,28.2315,0.0336,2.4065,0.0299,34.9900]
[17.9378,28.2030,0.0417,2.4022,0.0339,34.9600]
[17.9378,28.1940,0.0281,2.4003,0.0257,34.9300]
[17.9378,28.1675,0.0322,2.3940,0.0315,34.9100]
[17.9378,28.1354,0.0387,2.3940,0.0321,34.9300]
[17.9378,28.1111,0.0394,2.3877,0.0398,34.9300]
[17.9378,28.0926,0.0501,2.3836,0.0379,34.9200]
[17.9378,2.4446,0.0242,26.9574,0.0259,34.9300]
[17.9378,2.4299,0.0282,26.9195,0.0265,34.8900]
[17.9378,2.4435,0.0274,26.9083,0.0288,34.8200]
[17.9378,2.4302,0.0447,26.8622,0.0414,34.8200]
[17.9378,2.4328,0.0308,26.8490,0.0341,34.8000]
[17.9378,2.4199,0.0363,26.8314,0.0367,34.7900]
[17.9378,2.4271,0.0281,26.8264,0.0378,34.7700]
[17.9378,2.4332,0.0423,26.8176,0.0459,34.7600]
[17.9378,2.4215,0.0370,26.7727,0.0371,34.7600]
[17.9378,2.4207,0.0293,26.7726,0.0247,34.7700]
[17.8493,27.7548,0.0333,2.3554,0.0252,34.8100]
[17.8493,27.7227,0.0354,2.3468,0.0339,34.8400]
[17.8493,27.7099,0.0360,2.3385,0.0360,34.8800]
[17.8493,27.6827,0.0412,2.3349,0.0401,34.9100]
[17.8493,27.6601,0.0367,2.3325,0.0371,34.9400]
[17.8493,27.6427,0.0332,2.3242,0.0307,34.9500]
[17.8493,27.6183,0.0288,2.3228,0.0308,34.9600]
[17.8493,27.6036,0.0277,2.3207,0.0279,34.9800]
[17.8493,27.5819,0.0299,2.3118,0.0316,35.0100]
[17.8493,27.5477,0.0399,2.3047,0.0376,35.0300]
[17.8493,2.3806,0.0335,26.5912,0.0332,35.0500]
[17.8493,2.3632,0.0396,26.5411,0.0399,35.0500]
[17.8493,2.3607,0.0249,26.5435,0.0230,35.0400]
[17.8493,2.3782,0.0405,26.5478,0.0355,35.0400]
[17.8493,2.3702,0.0463,26.5262,0.0465,35.0400]
[17.8493,2.3682,0.0265,26.5250,0.0311,35.0500]
[17.8493,2.3626,0.0360,26.4961,0.0347,35.0600]
[17.8493,2.3639,0.0347,26.4693,0.0379,35.0700]
[17.8493,2.3517,0.0225,26.4492,0.0260,35.0900]
[17.8493,2.3531,0.0358,26.4549,0.0433,35.1000]
[17.7637,27.3174,0.0286,2.2771,0.0296,35.1200]
[17.7637,27.2750,0.0361,2.2624,0.0233,35.1300]
[17.7637,27.2472,0.0373,2.2617,0.0436,35.1500]
[17.7637,27.2475,0.0339,2.2658,0.0260,35.1700]
[17.7637,27.2379,0.0386,2.2628,0.0297,35.1800]
[17.7637,27.2151,0.0305,2.2439,0.0299,35.2000]
[17.7637,27.1906,0.0388,2.2480,0.0342,35.2100]
[17.7637,27.1470,0.0297,2.2495,0.0278,35.2100]
[17.7637,27.1178,0.0386,2.2320,0.0301,35.2200]
[17.7637,27.1073,0.0322,2.2301,0.0320,35.2000]
[17.7637,2.3124,0.0275,26.1821,0.0285,35.1900]
[17.7637,2.3089,0.0268,26.1589,0.0323,35.1800]
[17.7637,2.3095,0.0355,26.1463,0.0348,35.1800]
[17.7637,2.3165,0.0304,26.1553,0.0359,35.1600]
[17.7637,2.3160,0.0276,26.1361,0.0339,35.1500]
[17.7637,2.3136,0.0262,26.0986,0.0256,35.1600]
[17.7637,2.3024,0.0401,26.0808,0.0398,35.1800]
[17.7637,2.3051,0.0278,26.0800,0.0355,35.2100]
[17.7637,2.2981,0.0256,26.0557,0.0286,35.2300]
[17.7637,2.3011,0.0291,26.0452,0.0249,35.2500]
[17.6753,27.2632,0.0289,2.2218,0.0287,35.2900]
[17.6753,27.2525,0.0306,2.2030,0.0248,35.3000]
[17.6753,27.2117,0.0431,2.1865,0.0365,35.2900]
[17.6753,27.2213,0.0273,2.1914,0.0241,35.3200]
[17.6753,27.2089,0.0211,2.1952,0.0265,35.3400]
[17.6753,27.1876,0.0298,2.1867,0.0293,35.3200]
[17.6753,27.1775,0.0335,2.1775,0.0278,35.3300]
[17.6753,27.1509,0.0408,2.1764,0.0368,35.3400]
[17.6753,27.1408,0.0267,2.1778,0.0281,35.3500]
[17.6753,27.1212,0.0188,2.1774,0.0183,35.3300]
[17.6753,2.2566,0.0261,25.7675,0.0315,35.3600]
[17.6753,2.2532,0.0293,25.7388,0.0277,35.3500]
[17.6753,2.2482,0.0276,25.7306,0.0327,35.3500]
[17.6753,2.2452,0.0379,25.7069,0.0358,35.3500]
[17.6753,2.2309,0.0288,25.6758,0.0243,35.3600]
[17.6753,2.2269,0.0308,25.6332,0.0316,35.3800]
[17.6753,2.2287,0.0343,25.6124,0.0338,35.3900]
[17.6753,2.2281,0.0350,25.6001,0.0300,35.4000]
[17.6753,2.2187,0.0367,25.5668,0.0353,35.3800]
[17.6753,2.2242,0.0262,25.5364,0.0326,35.3400]
[17.5898,26.8044,0.0291,2.1597,0.0195,35.3600]
[17.5898,26.7451,0.0356,2.1432,0.0284,35.3400]
[17.5898,26.7153,0.0334,2.1440,0.0272,35.3400]
[17.5898,26.7045,0.0256,2.1406,0.0238,35.3600]
[17.5898,26.6401,0.0375,2.1291,0.0360,35.3700]
[17.5898,26.6279,0.0396,2.1304,0.0392,35.3700]
[17.5898,26.5986,0.0395,2.1348,0.0378,35.3200]
[17.5898,26.5963,0.0265,2.1480,0.0249,35.2700]
[17.5898,26.5655,0.0308,2.1367,0.0254,35.2400]
[17.5898,26.5212,0.0314,2.1268,0.0287,35.1600]
[17.5898,2.1620,0.0259,25.1219,0.0265,35.1900]
[17.5898,2.1601,0.0221,25.0745,0.0256,35.1900]
[17.5898,2.1586,0.0248,25.0742,0.0240,35.1900]
[17.5898,2.1608,0.0217,25.0389,0.0308,35.1800]
[17.5898,2.1679,0.0291,25.0473,0.0402,35.1500]
[17.5898,2.1551,0.0245,25.0164,0.0269,35.1800]
[17.5898,2.1410,0.0321,24.9823,0.0366,35.1800]
[17.5898,2.1453,0.0255,24.9705,0.0306,35.1900]
[17.5898,2.1364,0.0221,24.9346,0.0269,35.1800]
[17.5898,2.1365,0.0259,24.9045,0.0271,35.1700]
[17.5044,25.8841,0.0264,2.1308,0.0246,35.1700]
[17.5044,25.8382,0.0353,2.1117,0.0291,35.1800]
[17.5044,25.8143,0.0349,2.1080,0.0295,35.1600]
[17.5044,25.7840,0.0356,2.1059,0.0257,35.1300]
[17.5044,25.7548,0.0255,2.0960,0.0225,35.1500]
[17.5044,25.7243,0.0320,2.0940,0.0287,35.1300]
[17.5044,25.7071,0.0288,2.1015,0.0236,35.1300]
[17.5044,25.7061,0.0335,2.0988,0.0273,35.1300]
[17.5044,25.6719,0.0357,2.0908,0.0238,35.1600]
[17.5044,25.6421,0.0303,2.0781,0.0320,35.1700]
[17.5044,2.1201,0.0214,24.7029,0.0360,35.1400]
[17.5044,2.0933,0.0265,24.6733,0.0362,35.1600]
[17.5044,2.0948,0.0240,24.6728,0.0332,35.1500]
[17.5044,2.0967,0.0354,24.6481,0.0332,35.1500]
[17.5044,2.0861,0.0225,24.6126,0.0285,35.1600]
[17.5044,2.0922,0.0209,24.6073,0.0232,35.1000]
[17.5044,2.0868,0.0233,24.5946,0.0303,35.1000]
[17.5044,2.0827,0.0266,24.5699,0.0376,35.0900]
[17.5044,2.0768,0.0226,24.5448,0.0247,35.0800]
[17.5044,2.0678,0.0260,24.5102,0.0293,35.0500]
[17.4161,25.6843,0.0313,2.0110,0.0314,34.9500]
[17.4161,25.6372,0.0326,1.9914,0.0338,34.9500]
[17.4161,25.6067,0.0305,1.9787,0.0248,34.9400]
[17.4161,25.6096,0.0313,1.9836,0.0271,34.9000]
[17.4161,25.5761,0.0306,1.9722,0.0269,34.8800]
[17.4161,25.5435,0.0269,1.9684,0.0268,34.8700]
[17.4161,25.5289,0.0335,1.9725,0.0343,34.8400]
[17.4161,25.5315,0.0326,1.9867,0.0348,34.7900]
[17.4161,25.5062,0.0385,1.9662,0.0347,34.7700]
[17.4161,25.4693,0.0257,1.9604,0.0219,34.7600]
[17.4161,2.0456,0.0274,24.1982,0.0260,34.7800]
[17.4161,2.0369,0.0260,24.1712,0.0225,34.7900]
[17.4161,2.0511,0.0321,24.1549,0.0306,34.8000]
[17.4161,2.0465,0.0252,24.1310,0.0222,34.8100]
[17.4161,2.0448,0.0272,24.1045,0.0293,34.7600]
[17.4161,2.0486,0.0284,24.0814,0.0300,34.7400]
[17.4161,2.0388,0.0248,24.0485,0.0243,34.7400]
[17.4161,2.0311,0.0309,24.0097,0.0222,34.7000]
[17.4161,2.0346,0.0314,23.9775,0.0365,34.6700]
[17.4161,2.0326,0.0328,23.9582,0.0295,34.6700]
[17.3278,25.0276,0.0331,2.0087,0.0250,34.6100]
[17.3278,24.9947,0.0287,1.9949,0.0278,34.6200]
[17.3278,24.9753,0.0336,2.0047,0.0293,34.6200]
[17.3278,24.9401,0.0358,1.9979,0.0401,34.6400]
[17.3278,24.9167,0.0388,1.9949,0.0338,34.6600]
[17.3278,24.8822,0.0282,1.9908,0.0225,34.6600]
[17.3278,24.8799,0.0283,1.9934,0.0272,34.6600]
[17.3278,24.8508,0.0291,2.0081,0.0284,34.6600]
[17.3278,24.8267,0.0307,1.9998,0.0228,34.6300]
[17.3278,24.8000,0.0222,1.9989,0.0331,34.6200]
[17.3278,2.0087,0.0245,23.3845,0.0282,34.5700]
[17.3278,1.9908,0.0283,23.3520,0.0310,34.5000]
[17.3278,1.9795,0.0439,23.3112,0.0426,34.5100]
[17.3278,1.9937,0.0270,23.3079,0.0409,34.4700]
[17.3278,1.9857,0.0310,23.2884,0.0406,34.4400]
[17.3278,1.9855,0.0391,23.2546,0.0658,34.4100]
[17.3278,1.9918,0.0310,23.2765,0.0374,34.4500]
[17.3278,1.9856,0.0238,23.2372,0.0247,34.4300]
[17.3278,1.9784,0.0418,23.2021,0.0387,34.4300]
[17.3278,1.9775,0.0223,23.1727,0.0311,34.4500]
[17.2425,24.5330,0.0345,2.0233,0.0273,34.3900]
[17.2425,24.5075,0.0367,2.0063,0.0324,34.4000]
[17.2425,24.4785,0.0365,1.9949,0.0382,34.4100]
[17.2425,24.4635,0.0302,1.9936,0.0245,34.4200]
[17.2425,24.4648,0.0281,1.9936,0.0262,34.4200]
[17.2425,24.4471,0.0320,1.9844,0.0277,34.4200]
[17.2425,24.4064,0.0338,1.9820,0.0296,34.4000]
[17.2425,24.4070,0.0358,1.9791,0.0331,34.4000]
[17.2425,24.4095,0.0393,1.9833,0.0325,34.4000]
[17.2425,24.3853,0.0333,1.9802,0.0261,34.3900]
[17.2425,1.9690,0.0218,22.9841,0.0255,34.4100]
[17.2425,1.9519,0.0359,22.9637,0.0347,34.4200]
[17.2425,1.9456,0.0339,22.9373,0.0341,34.4200]
[17.2425,1.9446,0.0323,22.9071,0.0317,34.4300]
[17.2425,1.9457,0.0264,22.8998,0.0307,34.4400]
[17.2425,1.9376,0.0263,22.8818,0.0298,34.4400]
[17.2425,1.9311,0.0467,22.8558,0.0530,34.4500]
[17.2425,1.9335,0.0269,22.8520,0.0281,34.4600]
[17.2425,1.9220,0.0429,22.8178,0.0460,34.4200]
[17.2425,1.9294,0.0269,22.7995,0.0260,34.4200]
[17.1543,24.1632,0.0250,1.9037,0.0240,34.4400]
[17.1543,24.1306,0.0332,1.8910,0.0291,34.4100]
[17.1543,24.1108,0.0428,1.8890,0.0401,34.4200]
[17.1543,24.0930,0.0422,1.9031,0.0384,34.3900]
[17.1543,24.0808,0.0358,1.8865,0.0305,34.3900]
[17.1543,24.0526,0.0263,1.8931,0.0307,34.4000]
[17.1543,24.0357,0.0378,1.8906,0.0327,34.4100]
[17.1543,24.0058,0.0314,1.8913,0.0303,34.4200]
[17.1543,23.9675,0.0328,1.8764,0.0350,34.4400]
[17.1543,23.9403,0.0291,1.8657,0.0283,34.4500]
[17.1543,1.9213,0.0316,22.6918,0.0381,34.3800]
[17.1543,1.9170,0.0341,22.6559,0.0295,34.3700]
[17.1543,1.9144,0.0440,22.6260,0.0398,34.3700]
[17.1543,1.9149,0.0320,22.6154,0.0291,34.3700]
[17.1543,1.9066,0.0339,22.5913,0.0409,34.3400]
[17.1543,1.9082,0.0293,22.5645,0.0252,34.3400]
[17.1543,1.9034,0.0327,22.5514,0.0362,34.3400]
[17.1543,1.9033,0.0339,22.5212,0.0339,34.3100]
[17.1543,1.9088,0.0319,22.5119,0.0357,34.3400]
[17.1543,1.8999,0.0385,22.4880,0.0449,34.3100]
[17.0690,23.6538,0.0370,1.8522,0.0305,34.3000]
[17.0690,23.6168,0.0324,1.8452,0.0330,34.3100]
[17.0690,23.6073,0.0280,1.8455,0.0254,34.3000]
[17.0690,23.5837,0.0327,1.8487,0.0340,34.3100]
[17.0690,23.5493,0.0389,1.8428,0.0282,34.3200]
[17.0690,23.5336,0.0384,1.8366,0.0325,34.3300]
[17.0690,23.5048,0.0368,1.8307,0.0348,34.3600]
[17.0690,23.4752,0.0446,1.8287,0.0326,34.3700]
[17.0690,23.4877,0.0452,1.8328,0.0466,34.3800]
[17.0690,23.4577,0.0342,1.8316,0.0292,34.4000]
[17.0690,1.8817,0.0312,22.2936,0.0289,34.4400]
[17.0690,1.8625,0.0275,22.2444,0.0302,34.4500]
[17.0690,1.8697,0.0328,22.2465,0.0346,34.4400]
[17.0690,1.8635,0.0310,22.2120,0.0389,34.4700]
[17.0690,1.8708,0.0360,22.2157,0.0412,34.4700]
[17.0690,1.8715,0.0414,22.1964,0.0454,34.4500]
[17.0690,1.8670,0.0347,22.1695,0.0377,34.4500]
[17.0690,1.8636,0.0329,22.1619,0.0327,34.4600]
[17.0690,1.8567,0.0448,22.1161,0.0426,34.4600]
[17.0690,1.8564,0.0358,22.0982,0.0380,34.4900]
[16.9838,23.0990,0.0360,1.8122,0.0364,34.4800]
[16.9838,23.0766,0.0312,1.8073,0.0324,34.4900]
[16.9838,23.0531,0.0374,1.8045,0.0332,34.4700]
[16.9838,23.0251,0.0313,1.7984,0.0316,34.4800]
[16.9838,23.0041,0.0325,1.7915,0.0344,34.4700]
[16.9838,22.9908,0.0502,1.7909,0.0421,34.4600]
[16.9838,22.9668,0.0492,1.7857,0.0490,34.4500]
[16.9838,22.9700,0.0408,1.7950,0.0376,34.4100]
[16.9838,22.9309,0.0324,1.7854,0.0278,34.3600]
[16.9838,22.9232,0.0265,1.7837,0.0277,34.3700]
[16.9838,1.8282,0.0301,21.8817,0.0335,34.3400]
[16.9838,1.8146,0.0421,21.8584,0.0392,34.3500]
[16.9838,1.8170,0.0469,21.8408,0.0503,34.3500]
[16.9838,1.8218,0.0412,21.8239,0.0488,34.3000]
[16.9838,1.8170,0.0242,21.8137,0.0279,34.3000]
[16.9838,1.8162,0.0328,21.7958,0.0410,34.2800]
[16.9838,1.8162,0.0277,21.7884,0.0396,34.2900]
[16.9838,1.8087,0.0318,21.7696,0.0272,34.2500]
[16.9838,1.8017,0.0330,21.7381,0.0318,34.2400]
[16.9838,1.7989,0.0306,21.7205,0.0356,34.2400]
[16.8815,22.3140,0.0300,1.7387,0.0283,34.2800]
[16.8815,22.2905,0.0318,1.7286,0.0348,34.2800]
[16.8815,22.3009,0.0368,1.7342,0.0342,34.2800]
[16.8815,22.2854,0.0547,1.7299,0.0489,34.2900]
[16.8815,22.2663,0.0271,1.7361,0.0230,34.3000]
[16.8815,22.2682,0.0359,1.7268,0.0308,34.2900]
[16.8815,22.2445,0.0332,1.7222,0.0285,34.3000]
[16.8815,22.2097,0.0375,1.7220,0.0362,34.3100]
[16.8815,22.2041,0.0358,1.7164,0.0297,34.3100]
[16.8815,22.1924,0.0355,1.7158,0.0346,34.3100]
[16.8815,1.7080,0.0318,20.8677,0.0337,34.3200]
[16.8815,1.7059,0.0366,20.8623,0.0423,34.3500]
[16.8815,1.7005,0.0260,20.8514,0.0288,34.3500]
[16.8815,1.7082,0.0328,20.8299,0.0321,34.3500]
[16.8815,1.6953,0.0328,20.8123,0.0302,34.3500]
[16.8815,1.6956,0.0340,20.7865,0.0354,34.2900]
[16.8815,1.6953,0.0356,20.7576,0.0351,34.3100]
[16.8815,1.6949,0.0367,20.7605,0.0391,34.2900]
[16.8815,1.7084,0.0313,20.7482,0.0312,34.2600]
[16.8815,1.7028,0.0306,20.7311,0.0332,34.2300]
[16.7963,21.8719,0.0353,1.6773,0.0296,34.2300]
[16.7963,21.8484,0.0396,1.6655,0.0357,34.2400]
[16.7963,21.8220,0.0438,1.6593,0.0422,34.2500]
[16.7963,21.8199,0.0339,1.6598,0.0354,34.2600]
[16.7963,21.7904,0.0394,1.6677,0.0380,34.2700]
[16.7963,21.7776,0.0375,1.6669,0.0315,34.2800]
[16.7963,21.7536,0.0400,1.6594,0.0411,34.2800]
[16.7963,21.7599,0.0283,1.6669,0.0328,34.2800]
[16.7963,21.7384,0.0273,1.6643,0.0306,34.3100]
[16.7963,21.7172,0.0312,1.6643,0.0285,34.3300]
[16.7963,1.6770,0.0364,20.5610,0.0386,34.3500]
[16.7963,1.6712,0.0364,20.5344,0.0318,34.3500]
[16.7963,1.6623,0.0470,20.5153,0.0434,34.3600]
[16.7963,1.6627,0.0328,20.4883,0.0381,34.3800]
[16.7963,1.6629,0.0401,20.4741,0.0398,34.3800]
[16.7963,1.6611,0.0303,20.4402,0.0290,34.4000]
[16.7963,1.6534,0.0356,20.4088,0.0376,34.3700]
[16.7963,1.6583,0.0351,20.3976,0.0362,34.3800]
[16.7963,1.6599,0.0271,20.3971,0.0289,34.3400]
[16.7963,1.6546,0.0443,20.3680,0.0412,34.3600]
[16.7112,21.2132,0.0352,1.6346,0.0302,34.3100]
[16.7112,21.1871,0.0388,1.6203,0.0370,34.3200]
[16.7112,21.1571,0.0359,1.6181,0.0319,34.3100]
[16.7112,21.1301,0.0365,1.6115,0.0337,34.3000]
[16.7112,21.1173,0.0322,1.6230,0.0350,34.3100]
[16.7112,21.0902,0.0524,1.6169,0.0495,34.3000]
[16.7112,21.0659,0.0359,1.6220,0.0318,34.3000]
[16.7112,21.0428,0.0456,1.6120,0.0410,34.3200]
[16.7112,21.0191,0.0328,1.6138,0.0300,34.3300]
[16.7112,20.9896,0.0441,1.6111,0.0480,34.3200]
[16.7112,1.6393,0.0333,19.7081,0.0331,34.3000]
[16.7112,1.6251,0.0537,19.6798,0.0478,34.3000]
[16.7112,1.6289,0.0391,19.6690,0.0386,34.2900]
[16.7112,1.6261,0.0451,19.6581,0.0526,34.2500]
[16.7112,1.6200,0.0307,19.6315,0.0317,34.2200]
[16.7112,1.6215,0.0315,19.6181,0.0383,34.2400]
[16.7112,1.6170,0.0287,19.6003,0.0292,34.2300]
[16.7112,1.6099,0.0380,19.5648,0.0369,34.2400]
[16.7112,1.6065,0.0303,19.5381,0.0332,34.2400]
[16.7112,1.6027,0.0337,19.5133,0.0303,34.2600]
[16.6261,20.8366,0.0341,1.5926,0.0349,34.2500]
[16.6261,20.8162,0.0348,1.5841,0.0408,34.2300]
[16.6261,20.8008,0.0375,1.5851,0.0351,34.2200]
[16.6261,20.7890,0.0401,1.5812,0.0378,34.1900]
[16.6261,20.7630,0.0363,1.5749,0.0385,34.2000]
[16.6261,20.7264,0.0262,1.5722,0.0293,34.2100]
[16.6261,20.7097,0.0377,1.5712,0.0328,34.2200]
[16.6261,20.6847,0.0356,1.5689,0.0399,34.2400]
[16.6261,20.6686,0.0518,1.5628,0.0498,34.2400]
[16.6261,20.6508,0.0383,1.5679,0.0406,34.2400]
[16.6261,1.5845,0.0328,19.5524,0.0343,34.2400]
[16.6261,1.5713,0.0335,19.5220,0.0395,34.2300]
[16.6261,1.5634,0.0229,19.5131,0.0262,34.2500]
[16.6261,1.5727,0.0285,19.5233,0.0283,34.2500]
[16.6261,1.5650,0.0354,19.5032,0.0404,34.2600]
[16.6261,1.5685,0.0308,19.4995,0.0328,34.2600]
[16.6261,1.5667,0.0310,19.4700,0.0302,34.2400]
[16.6261,1.5601,0.0310,19.4548,0.0254,34.2200]
[16.6261,1.5663,0.0311,19.4532,0.0396,34.2100]
[16.6261,1.5599,0.0283,19.4300,0.0369,34.2100]
[16.5382,20.5008,0.0346,1.5713,0.0271,34.2000]
[16.5382,20.4630,0.0398,1.5553,0.0387,34.1800]
[16.5382,20.4700,0.0340,1.5559,0.0437,34.1700]
[16.5382,20.4567,0.0393,1.5552,0.0385,34.1700]
[16.5382,20.4431,0.0388,1.5593,0.0351,34.1500]
[16.5382,20.4216,0.0424,1.5497,0.0435,34.1300]
[16.5382,20.4064,0.0469,1.5395,0.0457,34.1300]
[16.5382,20.3808,0.0288,1.5526,0.0308,34.1200]
[16.5382,20.3608,0.0375,1.5457,0.0382,34.1100]
[16.5382,20.3533,0.0387,1.5481,0.0383,34.1200]
[16.5382,1.5588,0.0302,19.3219,0.0297,34.0700]
[16.5382,1.5404,0.0376,19.3003,0.0433,34.0800]
[16.5382,1.5376,0.0333,19.2834,0.0338,34.0600]
[16.5382,1.5404,0.0431,19.2603,0.0415,34.0600]
[16.5382,1.5405,0.0334,19.2433,0.0414,34.0100]
[16.5382,1.5296,0.0351,19.2310,0.0359,34.0200]
[16.5382,1.5402,0.0413,19.2318,0.0356,34.0300]
[16.5382,1.5405,0.0333,19.2238,0.0390,34.0300]
[16.5382,1.5248,0.0530,19.1909,0.0491,34.0500]
[16.5382,1.5357,0.0353,19.1799,0.0395,34.0800]
[16.4391,20.0787,0.0436,1.5243,0.0399,34.1200]
[16.4391,20.0675,0.0395,1.5129,0.0377,34.1000]
[16.4391,20.0542,0.0373,1.5111,0.0390,34.1100]
[16.4391,20.0430,0.0377,1.5167,0.0358,34.1000]
[16.4391,20.0316,0.0327,1.5119,0.0362,34.0900]
[16.4391,20.0240,0.0529,1.5126,0.0463,34.0400]
[16.4391,20.0033,0.0329,1.5106,0.0352,34.0600]
[16.4391,19.9873,0.0355,1.5122,0.0409,34.0600]
[16.4391,19.9822,0.0340,1.5114,0.0316,34.0600]
[16.4391,19.9748,0.0516,1.5036,0.0538,34.0700]
[16.4391,1.5573,0.0297,18.6995,0.0362,34.1100]
[16.4391,1.5410,0.0537,18.6568,0.0483,34.1100]
[16.4391,1.5433,0.0369,18.6398,0.0352,34.1100]
[16.4391,1.5432,0.0362,18.6138,0.0386,34.1200]
[16.4391,1.5418,0.0419,18.5975,0.0392,34.1300]
[16.4391,1.5441,0.0444,18.5869,0.0435,34.1300]
[16.4391,1.5447,0.0433,18.5786,0.0493,34.1400]
[16.4391,1.5358,0.0395,18.5497,0.0355,34.1700]
[16.4391,1.5282,0.0397,18.5240,0.0374,34.1800]
[16.4391,1.5272,0.0385,18.5025,0.0330,34.2000]
[16.3541,19.7533,0.0417,1.5203,0.0394,34.2000]
[16.3541,19.7185,0.0574,1.5051,0.0559,34.2100]
[16.3541,19.6868,0.0475,1.5032,0.0473,34.2100]
[16.3541,19.6732,0.0364,1.5030,0.0339,34.2500]
[16.3541,19.6469,0.0350,1.4957,0.0395,34.1900]
[16.3541,19.6110,0.0430,1.4955,0.0525,34.2000]
[16.3541,19.6004,0.0398,1.4981,0.0399,34.2100]
[16.3541,19.5704,0.0361,1.4904,0.0384,34.1700]
[16.3541,19.5398,0.0465,1.4854,0.0475,34.1900]
[16.3541,19.5310,0.0379,1.4865,0.0425,34.1700]
[16.3541,1.4966,0.0408,18.3124,0.0330,34.1400]
[16.3541,1.4758,0.0410,18.2683,0.0375,34.1500]
[16.3541,1.4755,0.0584,18.2372,0.0578,34.1500]
[16.3541,1.4836,0.0437,18.2283,0.0425,34.1800]
[16.3541,1.4862,0.0422,18.2051,0.0444,34.2000]
[16.3541,1.4923,0.0358,18.1975,0.0316,34.2200]
[16.3541,1.4851,0.0550,18.1711,0.0564,34.2000]
[16.3541,1.4795,0.0540,18.1303,0.0519,34.2100]
[16.3541,1.4711,0.0483,18.1085,0.0515,34.2300]
[16.3541,1.4733,0.0490,18.0982,0.0466,34.2500]
[16.2663,19.1644,0.0444,1.4332,0.0452,34.2800]
[16.2663,19.1402,0.0402,1.4264,0.0419,34.2800]
[16.2663,19.1165,0.0424,1.4287,0.0437,34.2700]
[16.2663,19.1027,0.0482,1.4237,0.0439,34.2700]
[16.2663,18.9578,0.3465,1.4095,0.0543,34.2900]
[16.2663,19.0743,0.0408,1.4217,0.0384,34.2300]
[16.2663,19.0484,0.0535,1.4138,0.0534,34.2200]
[16.2663,19.0507,0.0393,1.4196,0.0420,34.2500]
[16.2663,19.0242,0.0463,1.4144,0.0425,34.2800]
[16.2663,18.9979,0.0546,1.4100,0.0585,34.3100]
[16.2663,1.4658,0.0389,17.7705,0.0369,34.3500]
[16.2663,1.4535,0.0508,17.7308,0.0528,34.3600]
[16.2663,1.4496,0.0455,17.7155,0.0394,34.3800]
[16.2663,1.4443,0.0365,17.6973,0.0413,34.3900]
[16.2663,1.4447,0.0438,17.6691,0.0471,34.3800]
[16.2663,1.4425,0.0441,17.6589,0.0405,34.3700]
[16.2663,1.4485,0.0453,17.6472,0.0444,34.4000]
[16.2663,1.4405,0.0523,17.6271,0.0528,34.4200]
[16.2663,1.4351,0.0395,17.6013,0.0361,34.4300]
[16.2663,1.4373,0.0438,17.5830,0.0449,34.4500]
[16.1814,18.9292,0.0400,1.4213,0.0441,34.4800]
[16.1814,18.9152,0.0430,1.4095,0.0444,34.4800]
[16.1814,18.9118,0.0555,1.4046,0.0559,34.5000]
[16.1814,18.8896,0.0411,1.4034,0.0394,34.5200]
[16.1814,18.8535,0.0418,1.3985,0.0435,34.5200]
[16.1814,18.8645,0.0437,1.4023,0.0475,34.5000]
[16.1814,18.8419,0.0534,1.3961,0.0518,34.5100]
[16.1814,18.8341,0.0364,1.3944,0.0393,34.4900]
[16.1814,18.8413,0.0410,1.3927,0.0410,34.4800]
[16.1814,18.8295,0.0525,1.3874,0.0516,34.4900]
[16.1814,1.4251,0.0308,17.4941,0.0373,34.4700]
[16.1814,1.4169,0.0353,17.4786,0.0311,34.4600]
[16.1814,1.4118,0.0441,17.4538,0.0427,34.4700]
[16.1814,1.4113,0.0488,17.4502,0.0449,34.4800]
[16.1814,1.4084,0.0392,17.4353,0.0375,34.5000]
[16.1814,1.4098,0.0325,17.4356,0.0382,34.5200]
[16.1814,1.4034,0.0508,17.4151,0.0537,34.5400]
[16.1814,1.4010,0.0358,17.3993,0.0417,34.5200]
[16.1814,1.4012,0.0409,17.3711,0.0379,34.5400]
[16.1814,1.3945,0.0438,17.3608,0.0471,34.5400]
[16.0938,18.6242,0.0390,1.3752,0.0295,34.5400]
[16.0938,18.5965,0.0385,1.3663,0.0368,34.5400]
[16.0938,18.5886,0.0519,1.3698,0.0492,34.4800]
[16.0938,18.5843,0.0553,1.3762,0.0537,34.4700]
[16.0938,18.5680,0.0580,1.3692,0.0497,34.4500]
[16.0938,18.5542,0.0433,1.3724,0.0476,34.4400]
[16.0938,18.5299,0.0418,1.3627,0.0384,34.4000]
[16.0938,18.5128,0.0379,1.3688,0.0415,34.3500]
[16.0938,18.4964,0.0495,1.3584,0.0513,34.3700]
[16.0938,18.4725,0.0342,1.3590,0.0353,34.3700]
[16.0938,1.3989,0.0397,17.5222,0.0401,34.3500]
[16.0938,1.3832,0.0508,17.4718,0.0508,34.3500]
[16.0938,1.3855,0.0373,17.4567,0.0395,34.3200]
[16.0938,1.3903,0.0411,17.4453,0.0422,34.3100]
[16.0938,1.3777,0.0513,17.4093,0.0528,34.3000]
[16.0938,1.3815,0.0360,17.3940,0.0431,34.2900]
[16.0938,1.3841,0.0349,17.4007,0.0307,34.2900]
[16.0938,1.3845,0.0341,17.3873,0.0360,34.2800]
[16.0938,1.3789,0.0466,17.3675,0.0522,34.2400]
[16.0938,1.3741,0.0532,17.3253,0.0613,34.2300]
[16.0090,18.2502,0.0329,1.3160,0.0332,34.1800]
[16.0090,18.2303,0.0498,1.3118,0.0504,34.1500]
[16.0090,18.2206,0.0380,1.3062,0.0328,34.1200]
[16.0090,18.2129,0.0417,1.3135,0.0432,34.1300]
[16.0090,18.1964,0.0474,1.3037,0.0517,34.1400]
[16.0090,18.1903,0.0370,1.3063,0.0404,34.1000]
[16.0090,18.1736,0.0605,1.2995,0.0557,34.1100]
[16.0090,18.1683,0.0510,1.2991,0.0511,34.1100]
[16.0090,18.1710,0.0384,1.3028,0.0372,34.1000]
[16.0090,18.1475,0.0333,1.3003,0.0401,34.0500]
[16.0090,1.3300,0.0332,17.0646,0.0300,34.0500]
[16.0090,1.3116,0.0567,17.0436,0.0559,34.0800]
[16.0090,1.3143,0.0436,17.0424,0.0455,34.1000]
[16.0090,1.3084,0.0496,17.0254,0.0521,34.1200]
[16.0090,1.3091,0.0396,17.0052,0.0432,34.1300]
[16.0090,1.3052,0.0385,16.9873,0.0373,34.1300]
[16.0090,1.3061,0.0552,16.9812,0.0577,34.1600]
[16.0090,1.3063,0.0537,16.9660,0.0611,34.1600]
[16.0090,1.3045,0.0523,16.9573,0.0473,34.1600]
[16.0090,1.3046,0.0421,16.9441,0.0444,34.1800]