0,0,0,0.34,1.21,1.79
1,0,0,0.34,1.21,1.80
2,0,0,0.34,1.21,1.80
3,0,0,0.34,1.21,1.79
4,0,0,0.34,1.21,1.80
5,0,0,0.34,1.21,1.80
6,0,0,0.34,1.21,1.79
7,0,0,0.34,1.21,1.80
8,0,0,0.34,1.21,1.80
9,210.50,65.12,0.34,1.21,1.80
10,0,0,0.34,1.21,1.80
11,0,0,0.34,1.21,1.80
12,0,0,0.34,1.21,1.80
13,0,0,0.34,1.21,1.80
14,0,0,0.34,1.21,1.79
15,0,0,0.34,1.21,1.80
16,0,0,0.34,1.21,1.80
17,0,0,0.34,1.21,1.80
18,0,0,0.33,1.21,1.80
19,210.58,65.10,0.33,1.21,1.80
20,0,0,0.34,1.21,1.80
21,0,0,0.33,1.21,1.80
22,0,0,0.33,1.21,1.80
23,0,0,0.34,1.21,1.80
24,0,0,0.34,1.21,1.80
25,0,0,0.34,1.21,1.80
26,0,0,0.33,1.21,1.80
27,0,0,0.34,1.21,1.80
28,0,0,0.34,1.21,1.80
29,210.67,65.09,0.34,1.21,1.80
30,0,0,0.33,1.21,1.80
31,0,0,0.33,1.21,1.80
32,0,0,0.33,1.21,1.81
33,0,0,0.33,1.20,1.80
34,0,0,0.33,1.21,1.80
35,0,0,0.33,1.21,1.80
36,0,0,0.33,1.21,1.80
37,0,0,0.33,1.21,1.80
38,0,0,0.34,1.21,1.80
39,210.75,65.07,0.34,1.21,1.80
40,0,0,0.33,1.20,1.80
41,0,0,0.34,1.21,1.80
42,0,0,0.34,1.21,1.80
43,0,0,0.34,1.21,1.80
44,0,0,0.33,1.21,1.80
45,0,0,0.34,1.21,1.80
46,0,0,0.34,1.21,1.80
47,0,0,0.34,1.21,1.80
48,0,0,0.33,1.21,1.80
49,210.83,65.06,0.33,1.21,1.80
50,0,0,0.33,1.20,1.80
51,0,0,0.34,1.21,1.80
52,0,0,0.34,1.21,1.81
53,0,0,0.33,1.21,1.80
54,0,0,0.33,1.21,1.80
55,0,0,0.33,1.21,1.80
56,0,0,0.33,1.21,1.80
57,0,0,0.33,1.21,1.81
58,0,0,0.33,1.21,1.80
59,210.92,65.04,0.33,1.21,1.81
60,0,0,0.33,1.21,1.81
61,0,0,0.33,1.21,1.80
62,0,0,0.33,1.21,1.80
63,0,0,0.33,1.21,1.80
64,0,0,0.33,1.21,1.81
65,0,0,0.33,1.21,1.81
66,0,0,0.34,1.21,1.81
67,0,0,0.33,1.21,1.81
68,0,0,0.33,1.21,1.81
69,211.00,65.03,0.34,1.21,1.81
70,0,0,0.34,1.21,1.81
71,0,0,0.33,1.21,1.81
72,0,0,0.33,1.21,1.81
73,0,0,0.33,1.21,1.81
74,0,0,0.34,1.21,1.81
75,0,0,0.34,1.21,1.81
76,0,0,0.33,1.21,1.81
77,0,0,0.34,1.21,1.81
78,0,0,0.34,1.21,1.81
79,211.08,65.01,0.34,1.22,1.81
80,0,0,0.34,1.21,1.81
81,0,0,0.34,1.21,1.81
82,0,0,0.33,1.21,1.81
83,0,0,0.33,1.21,1.81
84,0,0,0.34,1.21,1.81
85,0,0,0.34,1.21,1.81
86,0,0,0.33,1.20,1.80
87,0,0,0.33,1.19,1.79
88,0,0,0.33,1.19,1.79
89,211.17,65.00,0.34,1.21,1.79
90,0,0,0.33,1.20,1.80
91,0,0,0.33,1.21,1.81
92,0,0,0.33,1.21,1.81
93,0,0,0.33,1.21,1.82
94,0,0,0.34,1.21,1.81
95,0,0,0.33,1.21,1.81
96,0,0,0.33,1.21,1.82
97,0,0,0.33,1.21,1.81
98,0,0,0.33,1.21,1.81
99,211.25,64.98,0.33,1.21,1.81
100,0,0,0.33,1.21,1.81
101,0,0,0.33,1.21,1.81
102,0,0,0.34,1.21,1.81
103,0,0,0.33,1.21,1.82
104,0,0,0.33,1.21,1.81
105,0,0,0.33,1.21,1.81
106,0,0,0.33,1.21,1.81
107,0,0,0.33,1.21,1.81
108,0,0,0.33,1.21,1.81
109,211.33,64.97,0.33,1.21,1.82
110,0,0,0.33,1.21,1.82
111,0,0,0.33,1.21,1.82
112,0,0,0.33,1.21,1.81
113,0,0,0.33,1.21,1.82
114,0,0,0.33,1.21,1.82
115,0,0,0.33,1.21,1.81
116,0,0,0.33,1.21,1.82
117,0,0,0.33,1.21,1.82
118,0,0,0.33,1.21,1.82
119,211.41,64.95,0.33,1.21,1.82
120,0,0,0.33,1.21,1.81
121,0,0,0.33,1.21,1.82
122,0,0,0.33,1.21,1.82
123,0,0,0.33,1.21,1.82
124,0,0,0.33,1.21,1.81
125,0,0,0.33,1.21,1.81
126,0,0,0.33,1.21,1.81
127,0,0,0.33,1.21,1.81
128,0,0,0.33,1.21,1.81
129,211.50,64.94,0.33,1.21,1.81
130,0,0,0.33,1.21,1.81
131,0,0,0.33,1.21,1.81
132,0,0,0.33,1.21,1.82
133,0,0,0.33,1.21,1.81
134,0,0,0.33,1.21,1.81
135,0,0,0.33,1.21,1.81
136,0,0,0.33,1.21,1.81
137,0,0,0.33,1.20,1.82
138,0,0,0.33,1.21,1.81
139,211.58,64.92,0.33,1.20,1.81
140,0,0,0.33,1.21,1.81
141,0,0,0.33,1.21,1.81
142,0,0,0.33,1.20,1.81
143,0,0,0.33,1.20,1.81
144,0,0,0.33,1.20,1.81
145,0,0,0.33,1.20,1.81
146,0,0,0.33,1.20,1.81
147,0,0,0.33,1.20,1.81
148,0,0,0.33,1.20,1.80
149,211.66,64.91,0.33,1.20,1.81
150,0,0,0.33,1.20,1.80
151,0,0,0.33,1.20,1.81
152,0,0,0.33,1.20,1.81
153,0,0,0.33,1.20,1.81
154,0,0,0.33,1.20,1.80
155,0,0,0.33,1.20,1.81
156,0,0,0.33,1.20,1.81
157,0,0,0.33,1.20,1.80
158,0,0,0.33,1.20,1.80
159,211.75,64.89,0.33,1.21,1.81
160,0,0,0.33,1.20,1.80
161,0,0,0.33,1.20,1.81
162,0,0,0.33,1.20,1.80
163,0,0,0.33,1.20,1.81
164,0,0,0.33,1.21,1.81
165,0,0,0.33,1.20,1.81
166,0,0,0.33,1.20,1.80
167,0,0,0.33,1.20,1.81
168,0,0,0.33,1.20,1.81
169,211.83,64.88,0.33,1.20,1.80
170,0,0,0.33,1.20,1.80
171,0,0,0.33,1.20,1.80
172,0,0,0.33,1.20,1.80
173,0,0,0.33,1.20,1.80
174,0,0,0.33,1.20,1.80
175,0,0,0.33,1.20,1.80
176,0,0,0.33,1.20,1.80
177,0,0,0.33,1.20,1.80
178,0,0,0.33,1.20,1.80
179,211.91,64.86,0.33,1.20,1.80
180,0,0,0.33,1.20,1.80
181,0,0,0.33,1.20,1.80
182,0,0,0.33,1.20,1.80
183,0,0,0.33,1.19,1.79
184,0,0,0.33,1.20,1.80
185,0,0,0.33,1.20,1.80
186,0,0,0.33,1.20,1.80
187,0,0,0.33,1.20,1.80
188,0,0,0.33,1.20,1.80
189,211.99,64.85,0.33,1.20,1.80
190,0,0,0.33,1.20,1.80
191,0,0,0.33,1.20,1.80
192,0,0,0.33,1.20,1.80
193,0,0,0.33,1.19,1.80
194,0,0,0.33,1.20,1.80
195,0,0,0.33,1.20,1.80
196,0,0,0.33,1.20,1.80
197,0,0,0.33,1.20,1.80
198,0,0,0.33,1.20,1.80
199,212.07,64.83,0.33,1.20,1.80
200,0,0,0.33,1.20,1.80
201,0,0,0.33,1.20,1.79
202,0,0,0.33,1.20,1.80
203,0,0,0.33,1.20,1.80
204,0,0,0.33,1.20,1.80
205,0,0,0.33,1.20,1.79
206,0,0,0.33,1.20,1.80
207,0,0,0.33,1.20,1.80
208,0,0,0.33,1.20,1.79
209,212.16,64.82,0.33,1.20,1.80
210,0,0,0.33,1.19,1.80
211,0,0,0.33,1.20,1.79
212,0,0,0.33,1.20,1.80
213,0,0,0.33,1.20,1.80
214,0,0,0.33,1.19,1.79
215,0,0,0.33,1.20,1.80
216,0,0,0.33,1.19,1.80
217,0,0,0.33,1.20,1.80
218,0,0,0.33,1.19,1.80
219,212.24,64.80,0.33,1.20,1.80
220,0,0,0.33,1.20,1.80
221,0,0,0.33,1.20,1.80
222,0,0,0.33,1.19,1.79
223,0,0,0.33,1.20,1.80
224,0,0,0.33,1.20,1.80
225,0,0,0.33,1.20,1.80
226,0,0,0.33,1.20,1.79
227,0,0,0.33,1.20,1.79
228,0,0,0.33,1.20,1.80
229,212.32,64.79,0.33,1.20,1.80
230,0,0,0.33,1.20,1.80
231,0,0,0.33,1.20,1.80
232,0,0,0.33,1.20,1.80
233,0,0,0.33,1.20,1.80
234,0,0,0.33,1.19,1.80
235,0,0,0.33,1.20,1.79
236,0,0,0.33,1.20,1.80
237,0,0,0.33,1.19,1.80
238,0,0,0.33,1.19,1.79
239,212.40,64.77,0.33,1.20,1.79
240,0,0,0.33,1.19,1.80
241,0,0,0.33,1.19,1.79
242,0,0,0.33,1.20,1.79
243,0,0,0.33,1.19,1.79
244,0,0,0.33,1.20,1.79
245,0,0,0.33,1.20,1.80
246,0,0,0.33,1.20,1.79
247,0,0,0.33,1.19,1.80
248,0,0,0.33,1.20,1.79
249,212.49,64.75,0.33,1.20,1.79
250,0,0,0.33,1.20,1.79
251,0,0,0.33,1.19,1.79
252,0,0,0.33,1.19,1.79
253,0,0,0.33,1.20,1.79
254,0,0,0.33,1.19,1.79
255,0,0,0.33,1.19,1.79
256,0,0,0.33,1.19,1.79
257,0,0,0.33,1.19,1.79
258,0,0,0.33,1.19,1.79
259,212.57,64.74,0.33,1.20,1.79
260,0,0,0.33,1.19,1.79
261,0,0,0.33,1.19,1.79
262,0,0,0.33,1.19,1.79
263,0,0,0.33,1.19,1.79
264,0,0,0.33,1.20,1.79
265,0,0,0.33,1.19,1.80
266,0,0,0.33,1.19,1.79
267,0,0,0.33,1.20,1.79
268,0,0,0.33,1.19,1.79
269,212.65,64.72,0.33,1.19,1.79
270,0,0,0.33,1.19,1.79
271,0,0,0.33,1.19,1.79
272,0,0,0.33,1.19,1.79
273,0,0,0.33,1.19,1.79
274,0,0,0.33,1.20,1.79
275,0,0,0.33,1.19,1.79
276,0,0,0.33,1.19,1.79
277,0,0,0.33,1.19,1.79
278,0,0,0.33,1.19,1.78
279,212.73,64.71,0.33,1.19,1.79
280,0,0,0.33,1.19,1.80
281,0,0,0.33,1.19,1.79
282,0,0,0.33,1.20,1.79
283,0,0,0.33,1.19,1.79
284,0,0,0.33,1.19,1.80
285,0,0,0.33,1.19,1.79
286,0,0,0.33,1.19,1.79
287,0,0,0.33,1.19,1.79
288,0,0,0.33,1.19,1.80
289,212.81,64.69,0.33,1.19,1.79
290,0,0,0.33,1.19,1.79
291,0,0,0.33,1.19,1.79
292,0,0,0.33,1.19,1.79
293,0,0,0.33,1.19,1.79
294,0,0,0.33,1.19,1.79
295,0,0,0.33,1.19,1.79
296,0,0,0.33,1.19,1.79
297,0,0,0.33,1.19,1.79
298,0,0,0.33,1.19,1.79
299,212.89,64.68,0.33,1.19,1.79
300,0,0,0.33,1.19,1.79
301,0,0,0.33,1.18,1.79
302,0,0,0.33,1.19,1.79
303,0,0,0.33,1.19,1.79
304,0,0,0.33,1.19,1.79
305,0,0,0.33,1.19,1.79
306,0,0,0.33,1.19,1.79
307,0,0,0.33,1.19,1.79
308,0,0,0.33,1.19,1.79
309,212.97,64.66,0.33,1.19,1.79
310,0,0,0.33,1.19,1.79
311,0,0,0.33,1.18,1.78
312,0,0,0.33,1.19,1.79
313,0,0,0.33,1.18,1.79
314,0,0,0.33,1.19,1.79
315,0,0,0.33,1.18,1.79
316,0,0,0.33,1.18,1.78
317,0,0,0.33,1.18,1.79
318,0,0,0.33,1.19,1.79
319,213.06,64.64,0.33,1.18,1.78
320,0,0,0.33,1.19,1.79
321,0,0,0.33,1.18,1.78
322,0,0,0.33,1.19,1.79
323,0,0,0.33,1.19,1.78
324,0,0,0.33,1.19,1.79
325,0,0,0.33,1.19,1.79
326,0,0,0.33,1.18,1.79
327,0,0,0.33,1.18,1.79
328,0,0,0.33,1.18,1.78
329,213.14,64.63,0.33,1.18,1.79
330,0,0,0.33,1.19,1.79
331,0,0,0.33,1.18,1.79
332,0,0,0.33,1.18,1.79
333,0,0,0.33,1.18,1.79
334,0,0,0.33,1.18,1.79
335,0,0,0.33,1.18,1.79
336,0,0,0.33,1.18,1.79
337,0,0,0.33,1.19,1.79
338,0,0,0.33,1.19,1.79
339,213.22,64.61,0.33,1.19,1.79
340,0,0,0.33,1.19,1.79
341,0,0,0.33,1.19,1.79
342,0,0,0.33,1.19,1.79
343,0,0,0.33,1.18,1.79
344,0,0,0.33,1.18,1.79
345,0,0,0.33,1.18,1.79
346,0,0,0.33,1.19,1.78
347,0,0,0.33,1.18,1.79
348,0,0,0.33,1.18,1.79
349,213.30,64.60,0.33,1.18,1.80
350,0,0,0.33,1.18,1.79
351,0,0,0.33,1.19,1.79
352,0,0,0.33,1.18,1.79
353,0,0,0.33,1.18,1.79
354,0,0,0.33,1.18,1.80
355,0,0,0.33,1.19,1.80
356,0,0,0.33,1.18,1.80
357,0,0,0.33,1.18,1.79
358,0,0,0.33,1.18,1.79
359,213.38,64.58,0.33,1.18,1.79
360,0,0,0.33,1.18,1.79
361,0,0,0.33,1.18,1.79
362,0,0,0.33,1.18,1.79
363,0,0,0.33,1.18,1.79
364,0,0,0.33,1.18,1.79
365,0,0,0.33,1.18,1.80
366,0,0,0.33,1.18,1.79
367,0,0,0.33,1.18,1.79
368,0,0,0.33,1.18,1.80
369,213.46,64.57,0.33,1.18,1.79
370,0,0,0.33,1.18,1.79
371,0,0,0.33,1.18,1.80
372,0,0,0.33,1.18,1.79
373,0,0,0.33,1.18,1.79
374,0,0,0.33,1.18,1.79
375,0,0,0.33,1.19,1.79
376,0,0,0.33,1.18,1.80
377,0,0,0.33,1.18,1.79
378,0,0,0.33,1.18,1.79
379,213.54,64.55,0.33,1.18,1.79
380,0,0,0.33,1.18,1.79
381,0,0,0.33,1.18,1.79
382,0,0,0.33,1.18,1.79
383,0,0,0.33,1.18,1.79
384,0,0,0.33,1.18,1.79
385,0,0,0.33,1.18,1.79
386,0,0,0.33,1.17,1.79
387,0,0,0.33,1.18,1.79
388,0,0,0.33,1.18,1.79
389,213.62,64.53,0.33,1.18,1.80
390,0,0,0.33,1.18,1.79
391,0,0,0.33,1.18,1.79
392,0,0,0.33,1.17,1.80
393,0,0,0.33,1.17,1.79
394,0,0,0.33,1.18,1.80
395,0,0,0.33,1.18,1.79
396,0,0,0.33,1.18,1.79
397,0,0,0.33,1.18,1.79
398,0,0,0.33,1.18,1.80
399,213.70,64.52,0.33,1.17,1.80
400,0,0,0.33,1.18,1.79
401,0,0,0.33,1.18,1.79
402,0,0,0.33,1.18,1.79
403,0,0,0.33,1.17,1.79
404,0,0,0.33,1.18,1.80
405,0,0,0.33,1.18,1.79
406,0,0,0.33,1.17,1.79
407,0,0,0.33,1.18,1.80
408,0,0,0.33,1.18,1.80
409,213.78,64.50,0.33,1.18,1.80
410,0,0,0.33,1.18,1.79
411,0,0,0.33,1.17,1.79
412,0,0,0.33,1.18,1.80
413,0,0,0.33,1.18,1.80
414,0,0,0.33,1.17,1.79
415,0,0,0.33,1.17,1.80
416,0,0,0.33,1.18,1.79
417,0,0,0.33,1.18,1.79
418,0,0,0.33,1.18,1.80
419,213.86,64.48,0.33,1.18,1.80
420,0,0,0.33,1.18,1.80
421,0,0,0.33,1.18,1.80
422,0,0,0.33,1.18,1.80
423,0,0,0.33,1.18,1.80
424,0,0,0.33,1.17,1.80
425,0,0,0.33,1.18,1.80
426,0,0,0.33,1.17,1.80
427,0,0,0.33,1.18,1.80
428,0,0,0.33,1.17,1.80
429,213.95,64.47,0.33,1.18,1.79
430,0,0,0.33,1.17,1.79
431,0,0,0.33,1.17,1.79
432,0,0,0.33,1.17,1.80
433,0,0,0.33,1.18,1.80
434,0,0,0.33,1.17,1.80
435,0,0,0.33,1.18,1.80
436,0,0,0.33,1.18,1.80
437,0,0,0.33,1.18,1.80
438,0,0,0.33,1.18,1.80
439,214.02,64.45,0.33,1.17,1.80
440,0,0,0.33,1.18,1.80
441,0,0,0.33,1.17,1.79
442,0,0,0.33,1.17,1.80
443,0,0,0.33,1.18,1.80
444,0,0,0.33,1.17,1.80
445,0,0,0.33,1.17,1.80
446,0,0,0.33,1.17,1.80
447,0,0,0.33,1.17,1.80
448,0,0,0.33,1.17,1.79
449,214.10,64.44,0.33,1.17,1.79
450,0,0,0.33,1.17,1.80
451,0,0,0.33,1.17,1.79
452,0,0,0.33,1.17,1.80
453,0,0,0.33,1.17,1.79
454,0,0,0.33,1.17,1.79
455,0,0,0.32,1.17,1.80
456,0,0,0.33,1.17,1.80
457,0,0,0.32,1.17,1.80
458,0,0,0.33,1.17,1.79
459,214.18,64.42,0.33,1.17,1.79
460,0,0,0.32,1.17,1.80
461,0,0,0.33,1.17,1.80
462,0,0,0.33,1.17,1.79
464,0,0,0.33,1.17,1.79
465,0,0,0.33,1.17,1.79
466,0,0,0.32,1.17,1.80
467,0,0,0.33,1.17,1.79
468,0,0,0.32,1.17,1.80
469,0,0,0.33,1.17,1.79
470,214.26,64.40,0.33,1.17,1.79
471,0,0,0.33,1.17,1.79
472,0,0,0.33,1.17,1.79
473,0,0,0.33,1.17,1.79
474,0,0,0.33,1.17,1.79
475,0,0,0.33,1.17,1.79
476,0,0,0.33,1.17,1.79
477,0,0,0.33,1.17,1.79
478,0,0,0.33,1.17,1.79
479,0,0,0.32,1.16,1.79
480,214.34,64.39,0.33,1.17,1.79
481,0,0,0.32,1.16,1.79
482,0,0,0.33,1.17,1.79
483,0,0,0.33,1.17,1.79
484,0,0,0.33,1.17,1.79
485,0,0,0.32,1.17,1.80
486,0,0,0.32,1.16,1.79
487,0,0,0.33,1.17,1.79
488,0,0,0.32,1.16,1.79
489,0,0,0.32,1.16,1.79
490,214.42,64.37,0.32,1.16,1.79
491,0,0,0.33,1.17,1.79
492,0,0,0.32,1.16,1.79
493,0,0,0.33,1.16,1.79
494,0,0,0.33,1.17,1.78
495,0,0,0.33,1.16,1.79
496,0,0,0.32,1.16,1.79
497,0,0,0.32,1.16,1.79
498,0,0,0.32,1.16,1.79
499,0,0,0.33,1.16,1.79
500,214.50,64.35,0.32,1.16,1.79
501,0,0,0.32,1.16,1.79
502,0,0,0.33,1.16,1.79
503,0,0,0.32,1.16,1.80
504,0,0,0.33,1.16,1.79
505,0,0,0.33,1.16,1.79
506,0,0,0.33,1.16,1.79
507,0,0,0.33,1.16,1.79
508,0,0,0.33,1.16,1.79
509,0,0,0.33,1.16,1.79
510,214.58,64.34,0.32,1.16,1.78
511,0,0,0.32,1.16,1.78
512,0,0,0.33,1.16,1.79
513,0,0,0.32,1.16,1.79
514,0,0,0.32,1.16,1.78
515,0,0,0.33,1.16,1.78
516,0,0,0.33,1.16,1.78
517,0,0,0.32,1.16,1.78
518,0,0,0.33,1.16,1.79
519,0,0,0.33,1.16,1.79
520,214.66,64.32,0.32,1.16,1.79
521,0,0,0.32,1.16,1.79
522,0,0,0.33,1.16,1.78
523,0,0,0.32,1.16,1.79
524,0,0,0.33,1.16,1.79
525,0,0,0.33,1.16,1.78
526,0,0,0.33,1.16,1.78
527,0,0,0.33,1.16,1.79
528,0,0,0.32,1.16,1.78
529,0,0,0.32,1.16,1.79
530,214.74,64.30,0.32,1.16,1.78
531,0,0,0.33,1.16,1.79
532,0,0,0.32,1.16,1.79
533,0,0,0.32,1.16,1.78
534,0,0,0.32,1.16,1.78
535,0,0,0.32,1.16,1.79
536,0,0,0.33,1.16,1.78
537,0,0,0.33,1.17,1.79
538,0,0,0.32,1.16,1.78
539,0,0,0.33,1.16,1.78
540,214.82,64.29,0.32,1.16,1.78
541,0,0,0.32,1.16,1.78
542,0,0,0.33,1.16,1.78
543,0,0,0.32,1.16,1.79
544,0,0,0.33,1.16,1.78
545,0,0,0.33,1.16,1.78
546,0,0,0.32,1.16,1.78
547,0,0,0.32,1.16,1.78
548,0,0,0.32,1.16,1.78
549,0,0,0.33,1.16,1.78
550,214.90,64.27,0.33,1.16,1.78
551,0,0,0.32,1.16,1.78
552,0,0,0.32,1.16,1.78
553,0,0,0.33,1.16,1.78
554,0,0,0.32,1.16,1.78
555,0,0,0.32,1.16,1.78
556,0,0,0.32,1.16,1.78
557,0,0,0.33,1.16,1.78
558,0,0,0.32,1.15,1.78
559,0,0,0.33,1.16,1.77
560,214.98,64.25,0.33,1.16,1.78
561,0,0,0.33,1.15,1.77
562,0,0,0.32,1.15,1.78
563,0,0,0.32,1.15,1.78
564,0,0,0.33,1.16,1.78
565,0,0,0.33,1.16,1.78
566,0,0,0.32,1.15,1.78
567,0,0,0.33,1.16,1.77
568,0,0,0.32,1.15,1.78
569,0,0,0.33,1.16,1.78
570,215.06,64.24,0.32,1.15,1.78
571,0,0,0.32,1.16,1.78
572,0,0,0.33,1.16,1.78
573,0,0,0.33,1.15,1.77
574,0,0,0.33,1.15,1.77
575,0,0,0.33,1.16,1.78
576,0,0,0.33,1.16,1.77
577,0,0,0.33,1.15,1.77
578,0,0,0.33,1.15,1.77
579,215.14,64.22,0.33,1.16,1.77
580,0,0,0.33,1.16,1.78
581,0,0,0.33,1.15,1.77
582,0,0,0.33,1.15,1.77
583,0,0,0.32,1.15,1.78
584,0,0,0.33,1.15,1.77
585,0,0,0.33,1.15,1.77
586,0,0,0.33,1.15,1.77
587,0,0,0.33,1.15,1.77
588,0,0,0.32,1.15,1.78
589,215.22,64.20,0.33,1.16,1.77
590,0,0,0.32,1.15,1.77
591,0,0,0.33,1.15,1.77
592,0,0,0.33,1.15,1.77
593,0,0,0.33,1.15,1.77
594,0,0,0.33,1.15,1.77
595,0,0,0.33,1.15,1.77
596,0,0,0.32,1.15,1.77
597,0,0,0.33,1.15,1.77
598,0,0,0.33,1.15,1.77
599,215.30,64.19,0.33,1.15,1.77
600,0,0,0.32,1.15,1.77
601,0,0,0.32,1.15,1.77
602,0,0,0.32,1.15,1.77
603,0,0,0.32,1.15,1.77
604,0,0,0.32,1.15,1.77
605,0,0,0.32,1.15,1.77
606,0,0,0.32,1.15,1.77
607,0,0,0.33,1.15,1.77
608,0,0,0.32,1.15,1.77
609,215.37,64.17,0.33,1.15,1.77
610,0,0,0.32,1.15,1.78
611,0,0,0.32,1.15,1.77
612,0,0,0.33,1.15,1.77
613,0,0,0.32,1.15,1.77
614,0,0,0.33,1.15,1.77
615,0,0,0.33,1.15,1.77
616,0,0,0.33,1.15,1.77
617,0,0,0.32,1.15,1.77
618,0,0,0.33,1.15,1.77
619,215.45,64.15,0.33,1.15,1.77
620,0,0,0.33,1.15,1.77
621,0,0,0.33,1.15,1.77
622,0,0,0.33,1.15,1.77
623,0,0,0.32,1.15,1.77
624,0,0,0.32,1.15,1.77
625,0,0,0.33,1.15,1.77
626,0,0,0.33,1.15,1.77
627,0,0,0.32,1.15,1.77
628,0,0,0.32,1.15,1.77
629,215.53,64.14,0.33,1.15,1.77
630,0,0,0.32,1.15,1.77
631,0,0,0.33,1.15,1.77
632,0,0,0.32,1.15,1.77
633,0,0,0.32,1.15,1.77
634,0,0,0.32,1.15,1.77
635,0,0,0.33,1.15,1.77
636,0,0,0.32,1.15,1.78
637,0,0,0.33,1.15,1.77
638,0,0,0.32,1.15,1.78
639,215.61,64.12,0.32,1.15,1.77
640,0,0,0.33,1.15,1.77
641,0,0,0.32,1.15,1.78
642,0,0,0.33,1.15,1.77
643,0,0,0.33,1.15,1.77
644,0,0,0.32,1.15,1.77
645,0,0,0.33,1.15,1.77
646,0,0,0.32,1.15,1.77
647,0,0,0.32,1.15,1.77
648,0,0,0.33,1.15,1.77
649,215.69,64.10,0.32,1.15,1.77
650,0,0,0.32,1.15,1.77
651,0,0,0.32,1.15,1.78
652,0,0,0.33,1.15,1.77
653,0,0,0.32,1.15,1.77
654,0,0,0.32,1.15,1.77
655,0,0,0.33,1.15,1.77
656,0,0,0.32,1.15,1.77
657,0,0,0.33,1.15,1.77
658,0,0,0.33,1.16,1.77
659,215.77,64.09,0.33,1.15,1.77
660,0,0,0.32,1.15,1.77
661,0,0,0.33,1.15,1.76
662,0,0,0.33,1.15,1.76
663,0,0,0.32,1.14,1.77
664,0,0,0.32,1.14,1.77
665,0,0,0.32,1.15,1.77
666,0,0,0.32,1.14,1.77
667,0,0,0.32,1.15,1.77
668,0,0,0.32,1.14,1.77
669,215.85,64.07,0.32,1.15,1.77
670,0,0,0.32,1.15,1.77
671,0,0,0.33,1.15,1.76
672,0,0,0.32,1.15,1.77
673,0,0,0.32,1.15,1.77
674,0,0,0.32,1.14,1.76
675,0,0,0.33,1.15,1.76
676,0,0,0.32,1.14,1.76
677,0,0,0.32,1.14,1.76
678,0,0,0.33,1.15,1.76
679,215.93,64.05,0.32,1.15,1.77
680,0,0,0.32,1.14,1.76
681,0,0,0.32,1.14,1.76
682,0,0,0.32,1.15,1.77
683,0,0,0.33,1.15,1.76
684,0,0,0.32,1.14,1.77
685,0,0,0.32,1.14,1.77
686,0,0,0.32,1.14,1.76
687,0,0,0.32,1.14,1.76
688,0,0,0.32,1.14,1.76
689,216.00,64.04,0.32,1.14,1.76
690,0,0,0.32,1.14,1.76
691,0,0,0.32,1.14,1.77
692,0,0,0.32,1.14,1.76
693,0,0,0.32,1.14,1.76
694,0,0,0.32,1.14,1.76
695,0,0,0.32,1.14,1.76
696,0,0,0.32,1.14,1.76
697,0,0,0.32,1.14,1.76
698,0,0,0.32,1.14,1.76
699,216.08,64.02,0.32,1.14,1.76
700,0,0,0.33,1.14,1.75
701,0,0,0.32,1.14,1.76
702,0,0,0.32,1.14,1.76
703,0,0,0.32,1.14,1.76
704,0,0,0.32,1.14,1.76
705,0,0,0.32,1.14,1.76
706,0,0,0.32,1.14,1.76
707,0,0,0.32,1.13,1.76
708,0,0,0.32,1.14,1.76
709,216.16,64.00,0.32,1.13,1.76
710,0,0,0.32,1.13,1.75
711,0,0,0.32,1.14,1.76
712,0,0,0.32,1.13,1.76
713,0,0,0.32,1.13,1.76
714,0,0,0.32,1.14,1.75
715,0,0,0.32,1.13,1.76
716,0,0,0.32,1.13,1.75
717,0,0,0.32,1.14,1.75
718,0,0,0.32,1.13,1.75
719,216.24,63.98,0.32,1.13,1.75
720,0,0,0.32,1.13,1.75
721,0,0,0.32,1.13,1.75
722,0,0,0.32,1.13,1.75
723,0,0,0.32,1.13,1.75
724,0,0,0.32,1.13,1.75
725,0,0,0.32,1.13,1.75
726,0,0,0.32,1.13,1.75
727,0,0,0.32,1.13,1.75
728,0,0,0.32,1.13,1.75
729,216.31,63.97,0.32,1.13,1.75
730,0,0,0.32,1.13,1.75
731,0,0,0.32,1.13,1.75
732,0,0,0.32,1.13,1.75
733,0,0,0.32,1.13,1.75
734,0,0,0.32,1.13,1.75
735,0,0,0.32,1.13,1.75
736,0,0,0.32,1.13,1.75
737,0,0,0.32,1.13,1.74
738,0,0,0.32,1.12,1.75
739,216.39,63.95,0.32,1.13,1.75
740,0,0,0.32,1.13,1.74
741,0,0,0.32,1.13,1.75
742,0,0,0.32,1.13,1.75
743,0,0,0.32,1.13,1.75
744,0,0,0.32,1.13,1.74
745,0,0,0.32,1.13,1.75
746,0,0,0.32,1.13,1.75
747,0,0,0.32,1.13,1.75
748,0,0,0.32,1.12,1.75
749,216.47,63.93,0.32,1.12,1.75
750,0,0,0.32,1.13,1.75
751,0,0,0.32,1.13,1.75
752,0,0,0.32,1.13,1.75
753,0,0,0.32,1.12,1.74
754,0,0,0.32,1.12,1.75
755,0,0,0.32,1.12,1.75
756,0,0,0.32,1.13,1.74
757,0,0,0.32,1.12,1.75
758,0,0,0.32,1.12,1.75
759,216.55,63.92,0.32,1.12,1.74
760,0,0,0.32,1.13,1.75
761,0,0,0.32,1.12,1.75
762,0,0,0.32,1.13,1.75
763,0,0,0.32,1.12,1.75
764,0,0,0.32,1.12,1.74
765,0,0,0.32,1.12,1.74
766,0,0,0.32,1.12,1.75
767,0,0,0.32,1.12,1.75
768,0,0,0.32,1.12,1.75
769,216.63,63.90,0.32,1.12,1.75
770,0,0,0.32,1.12,1.74
771,0,0,0.32,1.12,1.74
772,0,0,0.32,1.12,1.74
773,0,0,0.32,1.12,1.74
774,0,0,0.32,1.12,1.74
775,0,0,0.32,1.12,1.74
776,0,0,0.32,1.12,1.75
777,0,0,0.32,1.12,1.75
778,0,0,0.32,1.12,1.74
779,216.70,63.88,0.32,1.12,1.75
780,0,0,0.32,1.12,1.74
781,0,0,0.32,1.12,1.74
782,0,0,0.32,1.11,1.74
783,0,0,0.32,1.12,1.75
784,0,0,0.32,1.12,1.74
785,0,0,0.32,1.12,1.74
786,0,0,0.32,1.12,1.74
787,0,0,0.32,1.12,1.74
788,0,0,0.32,1.12,1.74
789,216.78,63.86,0.32,1.12,1.74
790,0,0,0.32,1.12,1.74
791,0,0,0.32,1.12,1.74
792,0,0,0.32,1.12,1.75
793,0,0,0.32,1.12,1.74
794,0,0,0.32,1.12,1.74
795,0,0,0.32,1.12,1.75
796,0,0,0.32,1.12,1.75
797,0,0,0.32,1.11,1.75
798,0,0,0.32,1.11,1.74
799,216.86,63.85,0.32,1.11,1.75
800,0,0,0.32,1.12,1.74
801,0,0,0.32,1.12,1.75
802,0,0,0.32,1.12,1.74
803,0,0,0.32,1.11,1.74
804,0,0,0.32,1.11,1.74
805,0,0,0.32,1.12,1.75
806,0,0,0.32,1.12,1.74
807,0,0,0.32,1.12,1.74
808,0,0,0.32,1.12,1.74
809,216.93,63.83,0.32,1.12,1.74
810,0,0,0.32,1.11,1.74
811,0,0,0.32,1.11,1.75
812,0,0,0.32,1.12,1.74
813,0,0,0.32,1.12,1.74
814,0,0,0.32,1.11,1.74
815,0,0,0.32,1.12,1.75
816,0,0,0.32,1.11,1.75
817,0,0,0.32,1.11,1.75
818,0,0,0.32,1.11,1.74
819,217.01,63.81,0.32,1.11,1.75
820,0,0,0.32,1.11,1.75
821,0,0,0.32,1.11,1.75
822,0,0,0.32,1.12,1.75
823,0,0,0.32,1.11,1.74
824,0,0,0.32,1.11,1.75
825,0,0,0.32,1.11,1.74
826,0,0,0.32,1.11,1.74
827,0,0,0.32,1.11,1.75
828,0,0,0.32,1.11,1.74
829,217.09,63.79,0.32,1.11,1.74
830,0,0,0.32,1.11,1.75
831,0,0,0.32,1.11,1.75
832,0,0,0.32,1.11,1.75
833,0,0,0.32,1.11,1.75
834,0,0,0.32,1.12,1.74
835,0,0,0.32,1.11,1.74
836,0,0,0.32,1.11,1.75
837,0,0,0.32,1.11,1.75
838,0,0,0.32,1.11,1.75
839,217.17,63.78,0.32,1.11,1.75
840,0,0,0.32,1.11,1.75
841,0,0,0.32,1.11,1.75
842,0,0,0.32,1.11,1.75
843,0,0,0.32,1.11,1.75
844,0,0,0.32,1.11,1.75
845,0,0,0.32,1.12,1.75
846,0,0,0.32,1.11,1.75
847,0,0,0.32,1.11,1.75
848,0,0,0.32,1.11,1.75
849,217.24,63.76,0.32,1.11,1.76
850,0,0,0.32,1.11,1.76
851,0,0,0.32,1.12,1.75
852,0,0,0.32,1.11,1.75
853,0,0,0.32,1.11,1.75
854,0,0,0.32,1.12,1.75
855,0,0,0.32,1.11,1.75
856,0,0,0.32,1.11,1.76
857,0,0,0.32,1.12,1.75
858,0,0,0.32,1.11,1.75
859,217.32,63.74,0.32,1.12,1.76
860,0,0,0.32,1.11,1.75
861,0,0,0.32,1.11,1.75
862,0,0,0.32,1.11,1.76
863,0,0,0.32,1.12,1.76
864,0,0,0.32,1.11,1.75
865,0,0,0.32,1.11,1.75
866,0,0,0.32,1.11,1.75
867,0,0,0.32,1.11,1.75
868,0,0,0.32,1.11,1.76
869,217.39,63.72,0.32,1.11,1.76
870,0,0,0.32,1.11,1.75
871,0,0,0.32,1.11,1.75
872,0,0,0.32,1.11,1.75
873,0,0,0.32,1.12,1.76
874,0,0,0.32,1.11,1.75
875,0,0,0.32,1.11,1.75
876,0,0,0.32,1.11,1.75
877,0,0,0.32,1.11,1.76
878,0,0,0.32,1.11,1.75
879,217.47,63.71,0.31,1.11,1.76
880,0,0,0.32,1.11,1.76
881,0,0,0.32,1.11,1.75
882,0,0,0.32,1.11,1.75
883,0,0,0.32,1.11,1.75
884,0,0,0.32,1.11,1.76
885,0,0,0.32,1.11,1.76
886,0,0,0.32,1.11,1.76
887,0,0,0.32,1.11,1.75
888,0,0,0.32,1.11,1.76
889,217.55,63.69,0.32,1.11,1.76
890,0,0,0.32,1.11,1.76
891,0,0,0.32,1.11,1.76
892,0,0,0.31,1.11,1.76
893,0,0,0.32,1.11,1.76
894,0,0,0.31,1.11,1.76
895,0,0,0.32,1.11,1.76
896,0,0,0.32,1.11,1.76
897,0,0,0.31,1.11,1.77
898,0,0,0.32,1.11,1.76
899,217.62,63.67,0.32,1.11,1.76
900,0,0,0.32,1.11,1.76
901,0,0,0.32,1.11,1.76
902,0,0,0.32,1.11,1.76
903,0,0,0.32,1.11,1.76
904,0,0,0.31,1.11,1.76
905,0,0,0.31,1.11,1.76
906,0,0,0.32,1.11,1.76
907,0,0,0.31,1.11,1.77
908,0,0,0.31,1.11,1.77
909,217.70,63.65,0.32,1.11,1.76
910,0,0,0.31,1.11,1.77
911,0,0,0.32,1.11,1.76
912,0,0,0.32,1.11,1.76
913,0,0,0.31,1.11,1.77
914,0,0,0.31,1.11,1.76
915,0,0,0.31,1.11,1.76
916,0,0,0.32,1.11,1.76
917,0,0,0.31,1.11,1.77
918,0,0,0.31,1.11,1.77
919,217.78,63.63,0.32,1.11,1.76
920,0,0,0.31,1.11,1.77
921,0,0,0.31,1.11,1.77
922,0,0,0.31,1.11,1.76
923,0,0,0.31,1.11,1.76
924,0,0,0.31,1.10,1.76
925,0,0,0.31,1.11,1.76
926,0,0,0.31,1.11,1.76
927,0,0,0.31,1.11,1.76
928,0,0,0.31,1.11,1.76
930,217.85,63.62,0.31,1.11,1.77
931,0,0,0.31,1.10,1.76
932,0,0,0.31,1.11,1.77
933,0,0,0.31,1.11,1.77
934,0,0,0.31,1.11,1.77
935,0,0,0.31,1.10,1.76
936,0,0,0.31,1.11,1.77
937,0,0,0.31,1.10,1.76
938,0,0,0.31,1.11,1.76
939,0,0,0.31,1.11,1.78
940,217.93,63.60,0.31,1.11,1.76
941,0,0,0.31,1.11,1.76
942,0,0,0.31,1.11,1.76
943,0,0,0.31,1.10,1.77
944,0,0,0.31,1.11,1.77
945,0,0,0.31,1.11,1.77
946,0,0,0.31,1.11,1.77
947,0,0,0.31,1.11,1.77
948,0,0,0.31,1.11,1.77
949,0,0,0.31,1.11,1.76
950,218.00,63.58,0.31,1.11,1.76
951,0,0,0.31,1.10,1.76
952,0,0,0.31,1.10,1.76
953,0,0,0.31,1.11,1.77
954,0,0,0.31,1.10,1.77
955,0,0,0.31,1.10,1.76
956,0,0,0.31,1.10,1.76
957,0,0,0.31,1.10,1.76
958,0,0,0.31,1.10,1.75
959,0,0,0.31,1.10,1.76
960,218.08,63.56,0.31,1.10,1.76
961,0,0,0.31,1.10,1.77
962,0,0,0.31,1.10,1.76
963,0,0,0.31,1.10,1.76
964,0,0,0.31,1.10,1.76
965,0,0,0.31,1.10,1.76
966,0,0,0.31,1.10,1.76
967,0,0,0.31,1.10,1.76
968,0,0,0.31,1.10,1.76
969,0,0,0.31,1.10,1.76
970,218.16,63.55,0.31,1.10,1.77
971,0,0,0.32,1.11,1.76
972,0,0,0.31,1.10,1.77
973,0,0,0.31,1.10,1.77
974,0,0,0.31,1.10,1.76
975,0,0,0.31,1.10,1.76
976,0,0,0.31,1.10,1.77
977,0,0,0.31,1.10,1.77
978,0,0,0.31,1.10,1.76
979,0,0,0.31,1.10,1.76
980,218.23,63.53,0.31,1.10,1.77
981,0,0,0.31,1.10,1.76
982,0,0,0.31,1.10,1.77
983,0,0,0.31,1.10,1.76
984,0,0,0.31,1.10,1.77
985,0,0,0.31,1.10,1.78
986,0,0,0.31,1.10,1.77
987,0,0,0.31,1.11,1.77
988,0,0,0.31,1.10,1.76
989,0,0,0.31,1.10,1.76
990,218.31,63.51,0.31,1.10,1.77
991,0,0,0.31,1.10,1.77
992,0,0,0.31,1.10,1.77
993,0,0,0.31,1.10,1.77
994,0,0,0.31,1.10,1.77
995,0,0,0.31,1.10,1.77
996,0,0,0.31,1.10,1.77
997,0,0,0.31,1.10,1.76
998,0,0,0.31,1.10,1.76
999,0,0,0.31,1.11,1.77
1000,218.38,63.49,0.31,1.10,1.77
1001,0,0,0.31,1.10,1.77
1002,0,0,0.31,1.10,1.76
1003,0,0,0.31,1.10,1.76
1004,0,0,0.31,1.10,1.76
1005,0,0,0.31,1.10,1.77
1006,0,0,0.31,1.10,1.76
1007,0,0,0.31,1.10,1.76
1008,0,0,0.31,1.10,1.77
1009,0,0,0.31,1.10,1.77
1010,218.46,63.47,0.31,1.10,1.77
1011,0,0,0.31,1.09,1.77
1012,0,0,0.31,1.10,1.76
1013,0,0,0.31,1.10,1.77
1014,0,0,0.31,1.10,1.77
1015,0,0,0.31,1.10,1.77
1016,0,0,0.31,1.10,1.77
1017,0,0,0.31,1.10,1.76
1018,0,0,0.31,1.10,1.76
1019,0,0,0.31,1.10,1.77
1020,218.54,63.46,0.31,1.10,1.77
1021,0,0,0.31,1.10,1.77
1022,0,0,0.31,1.10,1.76
1023,0,0,0.31,1.10,1.76
1024,0,0,0.31,1.10,1.77
1025,0,0,0.31,1.09,1.76
1026,0,0,0.31,1.10,1.77
1027,0,0,0.31,1.10,1.77
1028,0,0,0.31,1.10,1.76
1029,0,0,0.31,1.10,1.77
1030,218.61,63.44,0.31,1.10,1.76
1031,0,0,0.31,1.10,1.78
1032,0,0,0.31,1.09,1.76
1033,0,0,0.31,1.10,1.76
1034,0,0,0.31,1.10,1.77
1035,0,0,0.31,1.10,1.77
1036,0,0,0.31,1.09,1.76
1037,0,0,0.31,1.10,1.77
1038,0,0,0.31,1.10,1.76
1039,0,0,0.31,1.10,1.77
1040,218.68,63.42,0.31,1.10,1.76
1041,0,0,0.31,1.10,1.76
1042,0,0,0.31,1.10,1.76
1043,0,0,0.31,1.09,1.77
1044,0,0,0.31,1.10,1.76
1045,0,0,0.31,1.10,1.76
1046,0,0,0.31,1.10,1.76
1047,0,0,0.31,1.10,1.77
1048,0,0,0.31,1.10,1.77
1049,0,0,0.31,1.10,1.77
1050,218.76,63.40,0.31,1.10,1.77
1051,0,0,0.31,1.09,1.76
1052,0,0,0.31,1.09,1.76
1053,0,0,0.31,1.10,1.77
1054,0,0,0.31,1.10,1.76
1055,0,0,0.31,1.09,1.76
1056,0,0,0.31,1.09,1.76
1057,0,0,0.31,1.10,1.76
1058,0,0,0.31,1.10,1.76
1059,0,0,0.31,1.10,1.76
1060,218.83,63.38,0.31,1.09,1.76
1061,0,0,0.31,1.09,1.77
1062,0,0,0.31,1.10,1.77
1063,0,0,0.31,1.09,1.76
1064,0,0,0.31,1.09,1.77
1065,0,0,0.31,1.09,1.77
1066,0,0,0.31,1.09,1.76
1067,0,0,0.31,1.09,1.77
1068,0,0,0.31,1.09,1.76
1069,0,0,0.31,1.10,1.76
1070,218.91,63.36,0.31,1.09,1.76
1071,0,0,0.31,1.09,1.76
1072,0,0,0.31,1.09,1.76
1073,0,0,0.31,1.09,1.76
1074,0,0,0.31,1.09,1.76
1075,0,0,0.31,1.09,1.76
1076,0,0,0.31,1.09,1.75
1077,0,0,0.31,1.09,1.76
1078,0,0,0.31,1.09,1.76
1079,0,0,0.31,1.09,1.76
1080,218.99,63.35,0.31,1.09,1.76
1081,0,0,0.31,1.09,1.76
1082,0,0,0.31,1.09,1.76
1083,0,0,0.31,1.09,1.76
1084,0,0,0.31,1.09,1.76
1085,0,0,0.31,1.09,1.76
1086,0,0,0.31,1.09,1.75
1087,0,0,0.31,1.09,1.76
1088,0,0,0.31,1.09,1.76
1089,0,0,0.31,1.09,1.76
1090,219.06,63.33,0.31,1.09,1.76
1091,0,0,0.31,1.09,1.76
1092,0,0,0.31,1.09,1.76
1093,0,0,0.31,1.09,1.76
1094,0,0,0.31,1.09,1.76
1095,0,0,0.31,1.09,1.76
1096,0,0,0.31,1.09,1.75
1097,0,0,0.31,1.09,1.75
1098,0,0,0.31,1.09,1.75
1099,0,0,0.31,1.09,1.75
1100,219.14,63.31,0.31,1.09,1.75
1101,0,0,0.31,1.09,1.75
1102,0,0,0.31,1.09,1.76
1103,0,0,0.31,1.09,1.76
1104,0,0,0.31,1.09,1.75
1105,0,0,0.31,1.09,1.75
1106,0,0,0.31,1.09,1.76
1107,0,0,0.31,1.09,1.75
1108,0,0,0.31,1.09,1.76
1109,0,0,0.31,1.09,1.76
1110,219.21,63.29,0.31,1.09,1.75
1111,0,0,0.31,1.09,1.74
1112,0,0,0.31,1.09,1.76
1113,0,0,0.31,1.09,1.75
1114,0,0,0.31,1.09,1.75
1115,0,0,0.31,1.09,1.76
1116,0,0,0.31,1.09,1.75
1117,0,0,0.31,1.09,1.76
1118,0,0,0.31,1.09,1.74
1119,0,0,0.31,1.09,1.75
1120,219.28,63.27,0.31,1.09,1.75
1121,0,0,0.31,1.09,1.75
1122,0,0,0.31,1.09,1.76
1123,0,0,0.31,1.09,1.75
1124,0,0,0.31,1.09,1.75
1125,0,0,0.31,1.09,1.75
1126,0,0,0.31,1.09,1.75
1127,0,0,0.31,1.09,1.76
1128,0,0,0.31,1.09,1.75
1129,0,0,0.31,1.09,1.75
1130,219.36,63.25,0.31,1.09,1.75
1131,0,0,0.31,1.09,1.75
1132,0,0,0.31,1.09,1.75
1133,0,0,0.31,1.09,1.75
1134,0,0,0.31,1.09,1.74
1135,0,0,0.31,1.09,1.75
1136,0,0,0.31,1.09,1.75
1137,0,0,0.31,1.08,1.75
1138,0,0,0.31,1.08,1.75
1139,0,0,0.31,1.09,1.75
1140,219.43,63.24,0.31,1.09,1.75
1141,0,0,0.31,1.09,1.75
1142,0,0,0.31,1.09,1.75
1143,0,0,0.31,1.09,1.74
1144,0,0,0.31,1.08,1.74
1145,0,0,0.31,1.09,1.74
1146,0,0,0.31,1.08,1.75
1147,0,0,0.31,1.09,1.74
1148,0,0,0.31,1.09,1.74
1149,0,0,0.31,1.08,1.75
1150,219.51,63.22,0.31,1.08,1.74
1151,0,0,0.31,1.08,1.74
1152,0,0,0.31,1.08,1.74
1153,0,0,0.31,1.08,1.74
1154,0,0,0.31,1.09,1.74
1155,0,0,0.31,1.08,1.74
1156,0,0,0.31,1.08,1.74
1157,0,0,0.31,1.08,1.74
1158,0,0,0.31,1.08,1.74
1159,219.58,63.20,0.31,1.08,1.75
1160,0,0,0.31,1.08,1.74
1161,0,0,0.31,1.08,1.74
1162,0,0,0.31,1.08,1.75
1163,0,0,0.31,1.09,1.74
1164,0,0,0.31,1.08,1.74
1165,0,0,0.31,1.08,1.74
1166,0,0,0.31,1.08,1.74
1167,0,0,0.31,1.08,1.74
1168,0,0,0.31,1.08,1.74
1169,219.66,63.18,0.31,1.08,1.75
1170,0,0,0.31,1.08,1.75
1171,0,0,0.31,1.08,1.74
1172,0,0,0.31,1.08,1.74
1173,0,0,0.31,1.08,1.74
1174,0,0,0.31,1.08,1.74
1175,0,0,0.31,1.08,1.74
1176,0,0,0.31,1.08,1.74
1177,0,0,0.31,1.08,1.74
1178,0,0,0.31,1.08,1.74
1179,219.73,63.16,0.31,1.08,1.74
1180,0,0,0.31,1.08,1.74
1181,0,0,0.31,1.08,1.74
1182,0,0,0.31,1.08,1.74
1183,0,0,0.31,1.08,1.74
1184,0,0,0.31,1.08,1.74
1185,0,0,0.31,1.08,1.74
1186,0,0,0.31,1.08,1.74
1187,0,0,0.31,1.08,1.74
1188,0,0,0.31,1.08,1.74
1189,219.80,63.14,0.31,1.08,1.74
1190,0,0,0.31,1.08,1.74
1191,0,0,0.31,1.08,1.74
1192,0,0,0.31,1.08,1.74
1193,0,0,0.31,1.08,1.74
1194,0,0,0.31,1.08,1.74
1195,0,0,0.31,1.08,1.74
1196,0,0,0.31,1.08,1.74
1197,0,0,0.31,1.07,1.74
1198,0,0,0.31,1.08,1.74
1199,219.88,63.13,0.31,1.07,1.74
1200,0,0,0.31,1.07,1.74
1201,0,0,0.31,1.08,1.74
1202,0,0,0.31,1.07,1.74
1203,0,0,0.31,1.07,1.74
1204,0,0,0.31,1.08,1.73
1205,0,0,0.31,1.07,1.74
1206,0,0,0.31,1.07,1.74
1207,0,0,0.31,1.07,1.73
1208,0,0,0.31,1.07,1.74
1209,219.95,63.11,0.31,1.07,1.73
1210,0,0,0.31,1.07,1.73
1211,0,0,0.31,1.07,1.73
1212,0,0,0.31,1.07,1.73
1213,0,0,0.31,1.07,1.73
1214,0,0,0.31,1.07,1.73
1215,0,0,0.31,1.07,1.74
1216,0,0,0.31,1.07,1.74
1217,0,0,0.31,1.07,1.73
1218,0,0,0.31,1.07,1.73
1219,220.02,63.09,0.31,1.07,1.74
1220,0,0,0.31,1.07,1.73
1221,0,0,0.31,1.07,1.73
1222,0,0,0.31,1.07,1.73
1223,0,0,0.31,1.07,1.73
1224,0,0,0.31,1.07,1.73
1225,0,0,0.31,1.07,1.73
1226,0,0,0.31,1.07,1.73
1227,0,0,0.31,1.07,1.73
1228,0,0,0.31,1.07,1.73
1229,220.10,63.07,0.31,1.07,1.73
1230,0,0,0.31,1.07,1.73
1231,0,0,0.31,1.06,1.73
1232,0,0,0.31,1.06,1.73
1233,0,0,0.31,1.06,1.73
1234,0,0,0.31,1.06,1.73
1235,0,0,0.31,1.06,1.73
1236,0,0,0.31,1.06,1.73
1237,0,0,0.31,1.06,1.72
1238,0,0,0.31,1.06,1.73
1239,220.17,63.05,0.31,1.06,1.72
1240,0,0,0.31,1.06,1.73
1241,0,0,0.31,1.06,1.73
1242,0,0,0.31,1.06,1.73
1243,0,0,0.31,1.06,1.73
1244,0,0,0.31,1.07,1.73
1245,0,0,0.31,1.06,1.73
1246,0,0,0.31,1.06,1.72
1247,0,0,0.31,1.06,1.73
1248,0,0,0.31,1.06,1.73
1249,220.25,63.03,0.31,1.06,1.73
1250,0,0,0.31,1.06,1.73
1251,0,0,0.31,1.06,1.73
1252,0,0,0.31,1.06,1.73
1253,0,0,0.31,1.06,1.73
1254,0,0,0.31,1.06,1.73
1255,0,0,0.31,1.06,1.73
1256,0,0,0.31,1.06,1.73
1257,0,0,0.31,1.06,1.73
1258,0,0,0.31,1.06,1.73
1259,220.32,63.01,0.30,1.05,1.73
1260,0,0,0.31,1.05,1.72
1261,0,0,0.31,1.06,1.73
1262,0,0,0.31,1.06,1.72
1263,0,0,0.30,1.05,1.73
1264,0,0,0.31,1.06,1.72
1265,0,0,0.31,1.06,1.72
1266,0,0,0.31,1.05,1.72
1267,0,0,0.31,1.05,1.72
1268,0,0,0.30,1.05,1.73
1269,220.39,62.99,0.31,1.05,1.72
1270,0,0,0.31,1.05,1.72
1271,0,0,0.31,1.05,1.72
1272,0,0,0.31,1.05,1.72
1273,0,0,0.31,1.05,1.72
1274,0,0,0.31,1.05,1.72
1275,0,0,0.31,1.05,1.72
1276,0,0,0.31,1.05,1.72
1277,0,0,0.30,1.05,1.72
1278,0,0,0.31,1.05,1.72
1279,220.47,62.98,0.30,1.05,1.73
1280,0,0,0.30,1.05,1.72
1281,0,0,0.30,1.05,1.72
1282,0,0,0.30,1.05,1.72
1283,0,0,0.31,1.05,1.72
1284,0,0,0.30,1.05,1.72
1285,0,0,0.31,1.05,1.72
1286,0,0,0.30,1.05,1.72
1287,0,0,0.30,1.05,1.72
1288,0,0,0.31,1.05,1.72
1289,220.54,62.96,0.30,1.05,1.72
1290,0,0,0.31,1.05,1.72
1291,0,0,0.30,1.05,1.72
1292,0,0,0.30,1.05,1.72
1293,0,0,0.31,1.05,1.71
1294,0,0,0.30,1.05,1.72
1295,0,0,0.31,1.05,1.71
1296,0,0,0.30,1.04,1.72
1297,0,0,0.30,1.05,1.72
1298,0,0,0.30,1.04,1.72
1299,220.61,62.94,0.30,1.04,1.71
1300,0,0,0.30,1.04,1.71
1301,0,0,0.30,1.04,1.72
1302,0,0,0.30,1.04,1.72
1303,0,0,0.30,1.04,1.71
1304,0,0,0.30,1.04,1.71
1305,0,0,0.30,1.04,1.71
1306,0,0,0.30,1.04,1.71
1307,0,0,0.30,1.04,1.71
1308,0,0,0.30,1.04,1.71
1309,220.68,62.92,0.30,1.04,1.71
1310,0,0,0.30,1.04,1.71
1311,0,0,0.30,1.04,1.71
1312,0,0,0.30,1.04,1.72
1313,0,0,0.30,1.04,1.71
1314,0,0,0.30,1.04,1.72
1315,0,0,0.30,1.04,1.71
1316,0,0,0.30,1.04,1.71
1317,0,0,0.30,1.04,1.71
1318,0,0,0.30,1.04,1.72
1319,220.76,62.90,0.30,1.04,1.71
1320,0,0,0.30,1.04,1.71
1321,0,0,0.30,1.04,1.71
1322,0,0,0.30,1.04,1.71
1323,0,0,0.30,1.04,1.71
1324,0,0,0.30,1.04,1.71
1325,0,0,0.30,1.03,1.71
1326,0,0,0.30,1.03,1.71
1327,0,0,0.30,1.04,1.71
1328,0,0,0.30,1.03,1.71
1329,220.83,62.88,0.30,1.03,1.71
1330,0,0,0.30,1.03,1.71
1331,0,0,0.30,1.03,1.71
1332,0,0,0.30,1.03,1.71
1333,0,0,0.30,1.03,1.71
1334,0,0,0.30,1.03,1.71
1335,0,0,0.30,1.03,1.72
1336,0,0,0.30,1.03,1.71
1337,0,0,0.30,1.03,1.71
1338,0,0,0.30,1.03,1.71
1339,220.90,62.86,0.30,1.03,1.71
1340,0,0,0.30,1.03,1.71
1341,0,0,0.30,1.03,1.71
1342,0,0,0.30,1.03,1.71
1343,0,0,0.30,1.03,1.71
1344,0,0,0.30,1.03,1.71
1345,0,0,0.30,1.03,1.71
1346,0,0,0.30,1.03,1.71
1347,0,0,0.30,1.03,1.70
1348,0,0,0.30,1.03,1.71
1349,220.98,62.84,0.30,1.03,1.71
1350,0,0,0.30,1.03,1.71
1351,0,0,0.30,1.03,1.71
1352,0,0,0.30,1.03,1.71
1353,0,0,0.30,1.03,1.71
1354,0,0,0.30,1.03,1.70
1355,0,0,0.30,1.03,1.71
1356,0,0,0.30,1.03,1.70
1357,0,0,0.30,1.02,1.71
1358,0,0,0.30,1.02,1.70
1359,221.05,62.82,0.30,1.03,1.70
1360,0,0,0.30,1.03,1.70
1361,0,0,0.30,1.02,1.70
1362,0,0,0.30,1.03,1.71
1363,0,0,0.30,1.03,1.70
1364,0,0,0.30,1.02,1.70
1365,0,0,0.30,1.03,1.71
1366,0,0,0.30,1.02,1.70
1367,0,0,0.30,1.03,1.71
1368,0,0,0.30,1.02,1.71
1369,221.12,62.80,0.30,1.02,1.70
1370,0,0,0.30,1.02,1.71
1371,0,0,0.30,1.02,1.71
1372,0,0,0.30,1.02,1.70
1373,0,0,0.30,1.02,1.71
1374,0,0,0.30,1.02,1.71
1375,0,0,0.30,1.02,1.70
1376,0,0,0.30,1.02,1.71
1377,0,0,0.30,1.02,1.71
1378,0,0,0.30,1.02,1.71
1379,221.19,62.79,0.30,1.02,1.71
1380,0,0,0.30,1.02,1.70
1381,0,0,0.30,1.02,1.70
1382,0,0,0.30,1.02,1.70
1383,0,0,0.30,1.02,1.70
1384,0,0,0.30,1.02,1.70
1385,0,0,0.30,1.02,1.71
1386,0,0,0.30,1.02,1.71
1387,0,0,0.30,1.02,1.70
1388,0,0,0.30,1.02,1.71
1389,221.26,62.77,0.30,1.02,1.70
1390,0,0,0.30,1.02,1.71
1391,0,0,0.30,1.02,1.71
1392,0,0,0.30,1.02,1.71
1393,0,0,0.30,1.02,1.70
1394,0,0,0.30,1.02,1.70
1395,0,0,0.30,1.02,1.70
1396,0,0,0.30,1.02,1.70
1398,0,0,0.30,1.02,1.70
1399,0,0,0.30,1.02,1.71
1400,221.34,62.75,0.30,1.02,1.71
1401,0,0,0.30,1.02,1.71
1402,0,0,0.30,1.02,1.71
1403,0,0,0.30,1.02,1.70
1404,0,0,0.30,1.02,1.71
1405,0,0,0.30,1.02,1.71
1406,0,0,0.30,1.02,1.71
1407,0,0,0.30,1.02,1.70
1408,0,0,0.30,1.02,1.70
1409,0,0,0.30,1.02,1.71
1410,221.41,62.73,0.30,1.01,1.70
1411,0,0,0.30,1.02,1.70
1412,0,0,0.30,1.02,1.70
1413,0,0,0.30,1.02,1.70
1414,0,0,0.30,1.02,1.71
1415,0,0,0.30,1.02,1.71
1416,0,0,0.30,1.02,1.71
1417,0,0,0.30,1.02,1.72
1418,0,0,0.30,1.02,1.71
1419,0,0,0.30,1.02,1.71
1420,221.48,62.71,0.30,1.02,1.70
1421,0,0,0.30,1.02,1.71
1422,0,0,0.30,1.02,1.71
1423,0,0,0.30,1.02,1.71
1424,0,0,0.30,1.02,1.72
1425,0,0,0.30,1.02,1.71
1426,0,0,0.30,1.02,1.71
1427,0,0,0.30,1.01,1.70
1428,0,0,0.30,1.01,1.71
1429,0,0,0.30,1.02,1.71
1430,221.55,62.69,0.30,1.02,1.71
1431,0,0,0.30,1.02,1.71
1432,0,0,0.30,1.02,1.71
1433,0,0,0.30,1.02,1.71
1434,0,0,0.30,1.01,1.71
1435,0,0,0.30,1.02,1.71
1436,0,0,0.30,1.02,1.71
1437,0,0,0.30,1.02,1.71
1438,0,0,0.30,1.02,1.71
1439,0,0,0.30,1.02,1.71
1440,221.63,62.67,0.30,1.02,1.71
1441,0,0,0.30,1.01,1.71
1442,0,0,0.30,1.01,1.71
1443,0,0,0.30,1.01,1.71
1444,0,0,0.30,1.01,1.71
1445,0,0,0.30,1.01,1.71
1446,0,0,0.30,1.02,1.71
1447,0,0,0.30,1.02,1.71
1448,0,0,0.30,1.02,1.71
1449,0,0,0.30,1.01,1.71
1450,221.70,62.65,0.30,1.01,1.71
1451,0,0,0.30,1.01,1.71
1452,0,0,0.30,1.01,1.71
1453,0,0,0.30,1.01,1.71
1454,0,0,0.30,1.01,1.71
1455,0,0,0.30,1.01,1.71
1456,0,0,0.30,1.01,1.71
1457,0,0,0.30,1.02,1.71
1458,0,0,0.30,1.01,1.71
1459,0,0,0.30,1.01,1.71
1460,221.77,62.63,0.30,1.01,1.71
1461,0,0,0.30,1.01,1.71
1462,0,0,0.30,1.01,1.71
1463,0,0,0.30,1.01,1.71
1464,0,0,0.30,1.01,1.71
1465,0,0,0.30,1.01,1.71
1466,0,0,0.30,1.01,1.71
1467,0,0,0.29,1.01,1.71
1468,0,0,0.30,1.01,1.71
1469,0,0,0.30,1.01,1.71
1470,221.84,62.61,0.30,1.01,1.71
1471,0,0,0.30,1.01,1.71
1472,0,0,0.29,1.01,1.71
1473,0,0,0.30,1.01,1.71
1474,0,0,0.30,1.01,1.71
1475,0,0,0.30,1.01,1.71
1476,0,0,0.29,1.01,1.71
1477,0,0,0.30,1.01,1.71
1478,0,0,0.30,1.01,1.71
1479,0,0,0.30,1.01,1.71
1480,221.91,62.59,0.30,1.01,1.71
1481,0,0,0.29,1.01,1.72
1482,0,0,0.30,1.01,1.71
1483,0,0,0.30,1.01,1.71
1484,0,0,0.30,1.01,1.71
1485,0,0,0.30,1.01,1.71
1486,0,0,0.30,1.02,1.71
1487,0,0,0.29,1.01,1.72
1488,0,0,0.30,1.01,1.71
1489,0,0,0.30,1.01,1.71
1490,221.98,62.57,0.29,1.01,1.71
1491,0,0,0.30,1.01,1.71
1492,0,0,0.30,1.01,1.70
1493,0,0,0.29,1.01,1.71
1494,0,0,0.30,1.01,1.71
1495,0,0,0.30,1.01,1.71
1496,0,0,0.30,1.01,1.71
1497,0,0,0.30,1.01,1.71
1498,0,0,0.29,1.01,1.71
1499,0,0,0.30,1.01,1.71
1500,222.05,62.55,0.30,1.01,1.71
1501,0,0,0.30,1.01,1.71
1502,0,0,0.29,1.00,1.71
1503,0,0,0.30,1.01,1.71
1504,0,0,0.30,1.01,1.71
1505,0,0,0.30,1.01,1.71
1506,0,0,0.30,1.01,1.70
1507,0,0,0.30,1.01,1.70
1508,0,0,0.30,1.01,1.71
1509,0,0,0.30,1.01,1.71
1510,222.13,62.53,0.30,1.01,1.71
1511,0,0,0.30,1.01,1.70
1512,0,0,0.30,1.01,1.71
1513,0,0,0.30,1.01,1.70
1514,0,0,0.29,1.01,1.72
1515,0,0,0.30,1.01,1.71
1516,0,0,0.30,1.01,1.71
1517,0,0,0.30,1.01,1.71
1518,0,0,0.30,1.01,1.71
1519,0,0,0.30,1.01,1.71
1520,222.20,62.51,0.30,1.01,1.71
1521,0,0,0.30,1.01,1.71
1522,0,0,0.30,1.01,1.71
1523,0,0,0.30,1.01,1.70
1524,0,0,0.30,1.01,1.71
1525,0,0,0.30,1.01,1.71
1526,0,0,0.30,1.01,1.70
1527,0,0,0.30,1.01,1.71
1528,0,0,0.29,1.01,1.71
1529,0,0,0.30,1.01,1.71
1530,222.27,62.50,0.30,1.01,1.71
1531,0,0,0.30,1.01,1.71
1532,0,0,0.29,1.00,1.71
1533,0,0,0.30,1.01,1.71
1534,0,0,0.30,1.01,1.71
1535,0,0,0.30,1.01,1.71
1536,0,0,0.30,1.01,1.71
1537,0,0,0.29,1.00,1.71
1538,0,0,0.30,1.01,1.71
1539,0,0,0.29,1.01,1.71
1540,222.34,62.48,0.30,1.01,1.71
1541,0,0,0.30,1.01,1.70
1542,0,0,0.30,1.01,1.71
1543,0,0,0.29,1.00,1.71
1544,0,0,0.29,1.00,1.71
1545,0,0,0.29,1.00,1.71
1546,0,0,0.30,1.01,1.71
1547,0,0,0.29,1.00,1.70
1548,0,0,0.29,1.00,1.70
1549,0,0,0.30,1.01,1.71
1550,222.41,62.46,0.30,1.01,1.70
1551,0,0,0.29,1.00,1.71
1552,0,0,0.29,1.00,1.71
1553,0,0,0.30,1.01,1.70
1554,0,0,0.29,1.00,1.70
1555,0,0,0.29,1.00,1.70
1556,0,0,0.29,1.00,1.71
1557,0,0,0.29,1.00,1.71
1558,0,0,0.29,1.00,1.71
1559,0,0,0.29,1.00,1.71
1560,222.48,62.44,0.29,1.00,1.70
1561,0,0,0.29,1.00,1.71
1562,0,0,0.29,1.00,1.71
1563,0,0,0.30,1.01,1.70
1564,0,0,0.29,1.00,1.70
1565,0,0,0.30,1.00,1.70
1566,0,0,0.29,1.00,1.71
1567,0,0,0.29,1.00,1.71
1568,0,0,0.29,1.00,1.70
1569,0,0,0.29,1.00,1.71
1570,222.55,62.42,0.30,1.00,1.70
1571,0,0,0.29,1.00,1.71
1572,0,0,0.29,1.00,1.70
1573,0,0,0.29,1.00,1.70
1574,0,0,0.29,1.00,1.71
1575,0,0,0.29,1.00,1.71
1576,0,0,0.30,1.00,1.70
1577,0,0,0.29,1.00,1.70
1578,0,0,0.29,1.00,1.70
1579,0,0,0.29,1.00,1.71
1580,222.62,62.40,0.29,1.00,1.71
1581,0,0,0.29,1.00,1.70
1582,0,0,0.29,1.00,1.70
1583,0,0,0.29,1.00,1.70
1584,0,0,0.29,1.00,1.71
1585,0,0,0.29,1.00,1.71
1586,0,0,0.29,1.00,1.70
1587,0,0,0.29,1.00,1.70
1588,0,0,0.29,1.00,1.70
1589,0,0,0.29,1.00,1.70
1590,222.69,62.38,0.29,1.00,1.71
1591,0,0,0.29,1.00,1.70
1592,0,0,0.29,1.00,1.70
1593,0,0,0.29,1.00,1.71
1594,0,0,0.29,1.00,1.70
1595,0,0,0.29,1.00,1.70
1596,0,0,0.29,1.00,1.70
1597,0,0,0.29,1.00,1.70
1598,0,0,0.29,1.00,1.71
1599,0,0,0.29,1.00,1.70
1600,222.76,62.36,0.29,1.00,1.71
1601,0,0,0.29,1.00,1.70
1602,0,0,0.29,1.00,1.70
1603,0,0,0.29,1.00,1.70
1604,0,0,0.29,1.00,1.70
1605,0,0,0.29,1.00,1.70
1606,0,0,0.29,1.00,1.70
1607,0,0,0.29,1.00,1.70
1608,0,0,0.29,1.00,1.70
1609,0,0,0.29,0.99,1.70
1610,222.84,62.34,0.29,1.00,1.70
1611,0,0,0.29,1.00,1.70
1612,0,0,0.29,1.00,1.70
1613,0,0,0.29,1.00,1.70
1614,0,0,0.29,1.00,1.70
1615,0,0,0.29,1.00,1.70
1616,0,0,0.29,0.99,1.70
1617,0,0,0.29,0.99,1.70
1618,0,0,0.29,0.99,1.70
1619,0,0,0.29,0.99,1.70
1620,222.91,62.32,0.29,0.99,1.70
1621,0,0,0.29,0.99,1.70
1622,0,0,0.29,0.99,1.70
1623,0,0,0.29,0.99,1.70
1624,0,0,0.29,0.99,1.70
1625,0,0,0.29,0.99,1.70
1626,0,0,0.29,0.99,1.70
1627,0,0,0.29,0.99,1.70
1628,0,0,0.29,0.99,1.70
1629,0,0,0.29,0.99,1.70
1630,222.98,62.30,0.29,0.99,1.70
1631,0,0,0.29,0.99,1.69
1632,0,0,0.29,0.99,1.69
1633,0,0,0.29,0.99,1.70
1634,0,0,0.29,0.99,1.69
1635,0,0,0.29,0.99,1.69
1636,0,0,0.29,0.99,1.69
1637,0,0,0.29,0.99,1.70
1638,0,0,0.29,0.99,1.70
1639,0,0,0.29,0.99,1.69
1640,223.05,62.28,0.29,0.99,1.69
1641,0,0,0.29,0.99,1.70
1642,0,0,0.29,0.99,1.69
1643,0,0,0.29,0.99,1.70
1644,0,0,0.29,0.99,1.69
1645,0,0,0.29,0.99,1.69
1646,0,0,0.29,0.99,1.69
1647,0,0,0.29,0.99,1.69
1648,0,0,0.29,0.99,1.69
1649,0,0,0.29,0.99,1.69
1650,223.12,62.26,0.29,0.99,1.69
1651,0,0,0.29,0.99,1.69
1652,0,0,0.29,0.99,1.69
1653,0,0,0.29,0.99,1.69
1654,0,0,0.29,0.99,1.69
1655,0,0,0.29,0.99,1.69
1656,0,0,0.29,0.99,1.69
1657,0,0,0.29,0.98,1.69
1658,0,0,0.29,0.99,1.69
1659,0,0,0.29,0.98,1.69
1660,223.19,62.24,0.29,0.99,1.69
1661,0,0,0.29,0.99,1.69
1662,0,0,0.29,0.98,1.69
1663,0,0,0.29,0.99,1.69
1664,0,0,0.29,0.98,1.69
1665,0,0,0.29,0.99,1.69
1666,0,0,0.29,0.99,1.69
1667,0,0,0.29,0.98,1.69
1668,0,0,0.29,0.98,1.69
1669,0,0,0.29,0.98,1.69
1670,223.26,62.22,0.29,0.98,1.69
1671,0,0,0.29,0.98,1.68
1672,0,0,0.29,0.98,1.69
1673,0,0,0.29,0.98,1.69
1674,0,0,0.29,0.98,1.69
1675,0,0,0.29,0.98,1.68
1676,0,0,0.29,0.98,1.69
1677,0,0,0.29,0.98,1.68
1678,0,0,0.29,0.98,1.68
1679,0,0,0.29,0.98,1.69
1680,223.33,62.20,0.29,0.98,1.69
1681,0,0,0.29,0.98,1.68
1682,0,0,0.29,0.98,1.69
1683,0,0,0.29,0.98,1.69
1684,0,0,0.29,0.98,1.69
1685,0,0,0.29,0.98,1.68
1686,0,0,0.29,0.98,1.69
1687,0,0,0.29,0.98,1.68
1688,0,0,0.29,0.98,1.69
1689,0,0,0.29,0.98,1.68
1690,223.40,62.18,0.29,0.98,1.69
1691,0,0,0.29,0.98,1.68
1692,0,0,0.29,0.98,1.68
1693,0,0,0.29,0.98,1.68
1694,0,0,0.29,0.98,1.68
1695,0,0,0.29,0.98,1.68
1696,0,0,0.29,0.98,1.68
1697,0,0,0.29,0.98,1.68
1698,0,0,0.29,0.98,1.68
1699,0,0,0.29,0.98,1.68
1700,223.47,62.16,0.29,0.98,1.68
1701,0,0,0.29,0.98,1.68
1702,0,0,0.29,0.98,1.68
1703,0,0,0.29,0.98,1.68
1704,0,0,0.29,0.98,1.68
1705,0,0,0.29,0.98,1.68
1706,0,0,0.29,0.98,1.68
1707,0,0,0.29,0.98,1.69
1708,0,0,0.29,0.98,1.68
1709,0,0,0.29,0.98,1.68
1710,223.54,62.14,0.29,0.98,1.68
1711,0,0,0.29,0.98,1.68
1712,0,0,0.29,0.98,1.68
1713,0,0,0.29,0.98,1.68
1714,0,0,0.29,0.98,1.68
1715,0,0,0.29,0.98,1.68
1716,0,0,0.29,0.98,1.68
1717,0,0,0.29,0.98,1.68
1718,0,0,0.29,0.97,1.68
1719,0,0,0.29,0.97,1.68
1720,223.60,62.12,0.29,0.97,1.68
1721,0,0,0.29,0.97,1.68
1722,0,0,0.29,0.98,1.68
1723,0,0,0.29,0.97,1.68
1724,0,0,0.29,0.97,1.68
1725,0,0,0.29,0.97,1.69
1726,0,0,0.29,0.97,1.68
1727,0,0,0.29,0.98,1.68
1728,0,0,0.29,0.97,1.68
1729,0,0,0.29,0.97,1.68
1730,223.67,62.10,0.29,0.97,1.68
1731,0,0,0.29,0.97,1.68
1732,0,0,0.29,0.97,1.68
1733,0,0,0.29,0.97,1.68
1734,0,0,0.29,0.97,1.68
1735,0,0,0.29,0.97,1.68
1736,0,0,0.29,0.97,1.68
1737,0,0,0.29,0.97,1.68
1738,0,0,0.29,0.97,1.68
1739,223.74,62.08,0.29,0.97,1.68
1740,0,0,0.29,0.97,1.68
1741,0,0,0.29,0.97,1.68
1742,0,0,0.29,0.97,1.68
1743,0,0,0.29,0.97,1.68
1744,0,0,0.29,0.97,1.67
1745,0,0,0.29,0.97,1.68
1746,0,0,0.29,0.97,1.68
1747,0,0,0.29,0.97,1.68
1748,0,0,0.29,0.98,1.68
1749,223.81,62.06,0.29,0.98,1.68
1750,0,0,0.29,0.97,1.68
1751,0,0,0.29,0.97,1.68
1752,0,0,0.29,0.97,1.67
1753,0,0,0.29,0.97,1.68
1754,0,0,0.29,0.97,1.67
1755,0,0,0.29,0.97,1.68
1756,0,0,0.29,0.97,1.68
1757,0,0,0.29,0.97,1.68
1758,0,0,0.29,0.97,1.67
1759,223.88,62.04,0.29,0.97,1.68
1760,0,0,0.29,0.97,1.68
1761,0,0,0.29,0.97,1.67
1762,0,0,0.29,0.97,1.68
1763,0,0,0.29,0.97,1.67
1764,0,0,0.29,0.97,1.68
1765,0,0,0.29,0.97,1.68
1766,0,0,0.29,0.97,1.68
1767,0,0,0.29,0.97,1.68
1768,0,0,0.29,0.97,1.68
1769,223.95,62.02,0.29,0.97,1.68
1770,0,0,0.29,0.97,1.68
1771,0,0,0.29,0.97,1.67
1772,0,0,0.29,0.97,1.67
1773,0,0,0.29,0.97,1.68
1774,0,0,0.29,0.96,1.68
1775,0,0,0.29,0.97,1.68
1776,0,0,0.29,0.97,1.68
1777,0,0,0.29,0.96,1.68
1778,0,0,0.29,0.96,1.68
1779,224.02,62.00,0.29,0.97,1.68
1780,0,0,0.29,0.97,1.68
1781,0,0,0.29,0.97,1.68
1782,0,0,0.29,0.96,1.68
1783,0,0,0.29,0.97,1.68
1784,0,0,0.29,0.97,1.68
1785,0,0,0.29,0.97,1.68
1786,0,0,0.29,0.97,1.68
1787,0,0,0.29,0.97,1.68
1788,0,0,0.29,0.97,1.67
1789,224.09,61.98,0.29,0.97,1.68
1790,0,0,0.29,0.96,1.67
1791,0,0,0.29,0.97,1.67
1792,0,0,0.29,0.97,1.68
1793,0,0,0.29,0.96,1.67
1794,0,0,0.29,0.96,1.68
1795,0,0,0.29,0.96,1.67
1796,0,0,0.29,0.96,1.67
1797,0,0,0.29,0.96,1.68
1798,0,0,0.29,0.96,1.68
1799,224.16,61.96,0.29,0.96,1.67
1800,0,0,0.29,0.96,1.67
1801,0,0,0.29,0.96,1.67
1802,0,0,0.29,0.97,1.68
1803,0,0,0.29,0.97,1.67
1804,0,0,0.29,0.96,1.68
1805,0,0,0.29,0.96,1.67
1806,0,0,0.29,0.96,1.67
1807,0,0,0.29,0.96,1.68
1808,0,0,0.29,0.96,1.67
1809,224.23,61.94,0.29,0.96,1.68
1810,0,0,0.29,0.96,1.67
1811,0,0,0.29,0.96,1.67
1812,0,0,0.29,0.96,1.67
1813,0,0,0.29,0.96,1.67
1814,0,0,0.29,0.96,1.67
1815,0,0,0.29,0.96,1.67
1816,0,0,0.29,0.96,1.67
1817,0,0,0.29,0.96,1.67
1818,0,0,0.29,0.96,1.67
1819,224.30,61.92,0.29,0.96,1.67
1820,0,0,0.29,0.96,1.67
1821,0,0,0.29,0.96,1.67
1822,0,0,0.29,0.95,1.67
1823,0,0,0.29,0.96,1.67
1824,0,0,0.29,0.96,1.67
1825,0,0,0.29,0.96,1.67
1826,0,0,0.29,0.96,1.67
1827,0,0,0.29,0.95,1.67
1828,0,0,0.29,0.96,1.67
1829,224.37,61.90,0.29,0.95,1.67
1830,0,0,0.29,0.96,1.67
1831,0,0,0.29,0.95,1.67
1832,0,0,0.29,0.95,1.67
1833,0,0,0.29,0.96,1.67
1834,0,0,0.29,0.96,1.67
1835,0,0,0.29,0.95,1.67
1836,0,0,0.29,0.95,1.67
1837,0,0,0.29,0.96,1.66
1838,0,0,0.29,0.96,1.67
1839,224.44,61.88,0.29,0.95,1.67
1840,0,0,0.29,0.95,1.67
1841,0,0,0.29,0.95,1.67
1842,0,0,0.29,0.95,1.67
1843,0,0,0.29,0.95,1.66
1844,0,0,0.29,0.95,1.66
1845,0,0,0.29,0.95,1.66
1846,0,0,0.29,0.95,1.66
1847,0,0,0.29,0.95,1.67
1848,0,0,0.29,0.95,1.67
1849,224.50,61.86,0.29,0.95,1.67
1850,0,0,0.29,0.95,1.66
1851,0,0,0.29,0.96,1.66
1852,0,0,0.29,0.95,1.66
1853,0,0,0.29,0.95,1.67
1854,0,0,0.29,0.95,1.66
1855,0,0,0.29,0.95,1.66
1856,0,0,0.29,0.95,1.66
1857,0,0,0.29,0.95,1.66
1858,0,0,0.29,0.95,1.66
1859,224.57,61.84,0.29,0.95,1.66
1860,0,0,0.29,0.95,1.66
1861,0,0,0.29,0.95,1.66
1862,0,0,0.29,0.95,1.66
1864,0,0,0.29,0.95,1.66
1865,0,0,0.29,0.95,1.66
1866,0,0,0.29,0.95,1.66
1867,0,0,0.29,0.95,1.66
1868,0,0,0.29,0.95,1.66
1869,0,0,0.29,0.95,1.66
1870,224.64,61.82,0.29,0.95,1.65
1871,0,0,0.29,0.95,1.66
1872,0,0,0.29,0.95,1.65
1873,0,0,0.28,0.94,1.66
1874,0,0,0.29,0.95,1.65
1875,0,0,0.29,0.95,1.65
1876,0,0,0.28,0.94,1.66
1877,0,0,0.29,0.95,1.65
1878,0,0,0.29,0.95,1.66
1879,0,0,0.29,0.95,1.65
1880,224.71,61.80,0.29,0.95,1.65
1881,0,0,0.29,0.95,1.65
1882,0,0,0.29,0.95,1.66
1883,0,0,0.29,0.95,1.66
1884,0,0,0.29,0.95,1.65
1885,0,0,0.29,0.95,1.65
1886,0,0,0.29,0.95,1.65
1887,0,0,0.29,0.95,1.65
1888,0,0,0.29,0.95,1.65
1889,0,0,0.29,0.95,1.65
1890,224.78,61.78,0.29,0.94,1.64
1891,0,0,0.29,0.94,1.65
1892,0,0,0.29,0.94,1.65
1893,0,0,0.29,0.95,1.65
1894,0,0,0.29,0.95,1.65
1895,0,0,0.29,0.94,1.65
1896,0,0,0.29,0.95,1.65
1897,0,0,0.29,0.95,1.65
1898,0,0,0.29,0.94,1.65
1899,0,0,0.29,0.94,1.65
1900,224.85,61.75,0.29,0.94,1.65
1901,0,0,0.29,0.94,1.65
1902,0,0,0.29,0.94,1.64
1903,0,0,0.29,0.94,1.64
1904,0,0,0.29,0.95,1.65
1905,0,0,0.29,0.94,1.64
1906,0,0,0.29,0.94,1.64
1907,0,0,0.29,0.94,1.64
1908,0,0,0.29,0.94,1.64
1909,0,0,0.29,0.95,1.64
1910,224.92,61.73,0.29,0.94,1.64
1911,0,0,0.29,0.95,1.64
1912,0,0,0.29,0.94,1.64
1913,0,0,0.29,0.94,1.64
1914,0,0,0.29,0.94,1.65
1915,0,0,0.29,0.94,1.63
1916,0,0,0.29,0.94,1.64
1917,0,0,0.29,0.94,1.64
1918,0,0,0.29,0.94,1.63
1919,0,0,0.29,0.94,1.64
1920,224.98,61.71,0.29,0.94,1.64
1921,0,0,0.29,0.94,1.64
1922,0,0,0.29,0.94,1.64
1923,0,0,0.29,0.94,1.64
1924,0,0,0.29,0.94,1.64
1925,0,0,0.29,0.94,1.63
1926,0,0,0.29,0.94,1.63
1927,0,0,0.29,0.95,1.64
1928,0,0,0.29,0.94,1.64
1929,0,0,0.29,0.94,1.64
1930,225.05,61.69,0.29,0.94,1.63
1931,0,0,0.29,0.94,1.63
1932,0,0,0.29,0.94,1.63
1933,0,0,0.29,0.94,1.63
1934,0,0,0.29,0.94,1.63
1935,0,0,0.29,0.94,1.63
1936,0,0,0.29,0.94,1.62
1937,0,0,0.29,0.94,1.63
1938,0,0,0.29,0.94,1.64
1939,0,0,0.29,0.94,1.62
1940,225.12,61.67,0.29,0.94,1.62
1941,0,0,0.29,0.94,1.63
1942,0,0,0.29,0.94,1.62
1943,0,0,0.29,0.94,1.62
1944,0,0,0.29,0.94,1.63
1945,0,0,0.29,0.94,1.62
1946,0,0,0.29,0.94,1.62
1947,0,0,0.29,0.94,1.63
1948,0,0,0.29,0.94,1.62
1949,0,0,0.29,0.93,1.62
1950,225.19,61.65,0.29,0.94,1.62
1951,0,0,0.29,0.93,1.61
1952,0,0,0.29,0.93,1.62
1953,0,0,0.29,0.93,1.61
1954,0,0,0.29,0.93,1.62
1955,0,0,0.29,0.94,1.62
1956,0,0,0.29,0.94,1.61
1957,0,0,0.29,0.93,1.61
1958,0,0,0.29,0.94,1.62
1959,0,0,0.29,0.93,1.61
1960,225.25,61.63,0.29,0.93,1.62
1961,0,0,0.29,0.93,1.62
1962,0,0,0.29,0.93,1.61
1963,0,0,0.29,0.94,1.61
1964,0,0,0.29,0.93,1.61
1965,0,0,0.29,0.93,1.61
1966,0,0,0.29,0.93,1.61
1967,0,0,0.29,0.93,1.61
1968,0,0,0.29,0.93,1.61
1969,0,0,0.29,0.93,1.60
1970,225.32,61.61,0.29,0.93,1.61
1971,0,0,0.29,0.93,1.61
1972,0,0,0.29,0.93,1.60
1973,0,0,0.29,0.93,1.60
1974,0,0,0.29,0.93,1.61
1975,0,0,0.29,0.93,1.61
1976,0,0,0.29,0.93,1.60
1977,0,0,0.29,0.93,1.60
1978,0,0,0.29,0.93,1.60
1979,0,0,0.29,0.93,1.60
1980,225.39,61.59,0.29,0.93,1.60
1981,0,0,0.29,0.93,1.60
1982,0,0,0.29,0.92,1.60
1983,0,0,0.29,0.93,1.59
1984,0,0,0.29,0.93,1.60
1985,0,0,0.29,0.93,1.60
1986,0,0,0.29,0.93,1.59
1987,0,0,0.29,0.93,1.60
1988,0,0,0.29,0.93,1.60
1989,0,0,0.29,0.93,1.59
1990,225.46,61.57,0.29,0.93,1.59
1991,0,0,0.29,0.92,1.59
1992,0,0,0.29,0.93,1.59
1993,0,0,0.29,0.93,1.59
1994,0,0,0.29,0.93,1.59
1995,0,0,0.29,0.93,1.59
1996,0,0,0.29,0.92,1.59
1997,0,0,0.29,0.93,1.59
1998,0,0,0.29,0.93,1.59
1999,0,0,0.29,0.92,1.59
2000,225.52,61.55,0.29,0.92,1.59
2001,0,0,0.29,0.92,1.59
2002,0,0,0.29,0.92,1.58
2003,0,0,0.29,0.92,1.58
2004,0,0,0.29,0.92,1.59
2005,0,0,0.29,0.92,1.59
2006,0,0,0.29,0.93,1.59
2007,0,0,0.29,0.92,1.58
2008,0,0,0.29,0.92,1.58
2009,0,0,0.29,0.92,1.58
2010,225.59,61.53,0.29,0.92,1.58
2011,0,0,0.29,0.92,1.58
2012,0,0,0.29,0.92,1.58
2013,0,0,0.29,0.92,1.58
2014,0,0,0.29,0.92,1.58
2015,0,0,0.29,0.92,1.58
2016,0,0,0.29,0.92,1.58
2017,0,0,0.29,0.92,1.59
2018,0,0,0.29,0.92,1.58
2019,0,0,0.29,0.92,1.57
2020,225.66,61.51,0.29,0.92,1.57
2021,0,0,0.29,0.92,1.57
2022,0,0,0.29,0.92,1.58
2023,0,0,0.29,0.92,1.57
2024,0,0,0.29,0.92,1.57
2025,0,0,0.29,0.92,1.57
2026,0,0,0.29,0.92,1.57
2027,0,0,0.29,0.92,1.57
2028,0,0,0.29,0.92,1.57
2029,0,0,0.29,0.92,1.57
2030,225.73,61.49,0.29,0.92,1.57
2031,0,0,0.29,0.92,1.57
2032,0,0,0.29,0.92,1.56
2033,0,0,0.29,0.92,1.57
2034,0,0,0.29,0.91,1.57
2035,0,0,0.29,0.92,1.57
2036,0,0,0.29,0.92,1.57
2037,0,0,0.29,0.92,1.57
2038,0,0,0.29,0.92,1.56
2039,0,0,0.29,0.92,1.56
2040,225.79,61.47,0.29,0.92,1.57
2041,0,0,0.29,0.91,1.57
2042,0,0,0.29,0.92,1.57
2043,0,0,0.29,0.92,1.56
2044,0,0,0.29,0.92,1.56
2045,0,0,0.29,0.91,1.56
2046,0,0,0.29,0.92,1.56
2047,0,0,0.29,0.91,1.56
2048,0,0,0.29,0.91,1.56
2049,0,0,0.29,0.91,1.56
2050,225.86,61.45,0.29,0.92,1.56
2051,0,0,0.29,0.91,1.56
2052,0,0,0.29,0.91,1.56
2053,0,0,0.29,0.91,1.56
2054,0,0,0.29,0.91,1.55
2055,0,0,0.29,0.91,1.56
2056,0,0,0.29,0.91,1.56
2057,0,0,0.29,0.91,1.56
2058,0,0,0.29,0.91,1.56
2059,0,0,0.29,0.91,1.56
2060,225.93,61.42,0.29,0.91,1.56
2061,0,0,0.29,0.91,1.56
2062,0,0,0.29,0.91,1.56
2063,0,0,0.29,0.91,1.56
2064,0,0,0.29,0.91,1.56
2065,0,0,0.29,0.91,1.56
2066,0,0,0.29,0.91,1.56
2067,0,0,0.29,0.91,1.56
2068,0,0,0.29,0.91,1.56
2069,0,0,0.29,0.91,1.56
2070,225.99,61.40,0.29,0.91,1.56
2071,0,0,0.29,0.91,1.56
2072,0,0,0.29,0.91,1.56
2073,0,0,0.29,0.91,1.56
2074,0,0,0.29,0.91,1.56
2075,0,0,0.29,0.91,1.55
2076,0,0,0.29,0.91,1.56
2077,0,0,0.29,0.91,1.56
2078,0,0,0.29,0.91,1.56
2079,0,0,0.29,0.91,1.56
2080,226.06,61.38,0.29,0.91,1.56
2081,0,0,0.29,0.91,1.56
2082,0,0,0.29,0.91,1.56
2083,0,0,0.29,0.91,1.55
2084,0,0,0.29,0.91,1.56
2085,0,0,0.29,0.91,1.56
2086,0,0,0.29,0.91,1.56
2087,0,0,0.29,0.91,1.56
2088,0,0,0.29,0.91,1.56
2089,0,0,0.29,0.91,1.56
2090,226.13,61.36,0.29,0.91,1.56
2091,0,0,0.29,0.91,1.56
2092,0,0,0.29,0.91,1.56
2093,0,0,0.29,0.91,1.55
2094,0,0,0.29,0.91,1.55
2095,0,0,0.29,0.91,1.55
2096,0,0,0.29,0.91,1.55
2097,0,0,0.29,0.91,1.56
2098,0,0,0.29,0.91,1.55
2099,0,0,0.29,0.91,1.55
2100,226.19,61.34,0.29,0.91,1.56
2101,0,0,0.29,0.91,1.55
2102,0,0,0.29,0.91,1.55
2103,0,0,0.29,0.91,1.55
2104,0,0,0.29,0.91,1.56
2105,0,0,0.29,0.91,1.55
2106,0,0,0.29,0.91,1.55
2107,0,0,0.29,0.91,1.55
2108,0,0,0.29,0.91,1.55
2109,0,0,0.29,0.91,1.55
2110,226.26,61.32,0.29,0.90,1.55
2111,0,0,0.29,0.91,1.56
2112,0,0,0.29,0.91,1.55
2113,0,0,0.29,0.91,1.55
2114,0,0,0.29,0.90,1.55
2115,0,0,0.29,0.91,1.55
2116,0,0,0.29,0.91,1.55
2117,0,0,0.29,0.90,1.55
2118,0,0,0.29,0.90,1.55
2119,0,0,0.29,0.90,1.55
2120,226.33,61.30,0.29,0.91,1.55
2121,0,0,0.29,0.90,1.55
2122,0,0,0.29,0.90,1.56
2123,0,0,0.29,0.91,1.55
2124,0,0,0.29,0.91,1.56
2125,0,0,0.29,0.91,1.55
2126,0,0,0.29,0.91,1.55
2127,0,0,0.29,0.91,1.55
2128,0,0,0.29,0.91,1.55
2129,0,0,0.29,0.91,1.55
2130,226.39,61.28,0.29,0.90,1.55
2131,0,0,0.29,0.90,1.55
2132,0,0,0.29,0.90,1.55
2133,0,0,0.29,0.90,1.55
2134,0,0,0.29,0.90,1.55
2135,0,0,0.29,0.90,1.54
2136,0,0,0.29,0.91,1.55
2137,0,0,0.29,0.90,1.55
2138,0,0,0.29,0.90,1.54
2139,0,0,0.29,0.90,1.55
2140,226.46,61.26,0.29,0.90,1.55
2141,0,0,0.29,0.90,1.55
2142,0,0,0.29,0.90,1.55
2143,0,0,0.29,0.90,1.55
2144,0,0,0.29,0.90,1.55
2145,0,0,0.29,0.90,1.56
2146,0,0,0.29,0.90,1.55
2147,0,0,0.29,0.90,1.55
2148,0,0,0.29,0.90,1.55
2149,0,0,0.29,0.90,1.55
2150,226.53,61.24,0.29,0.90,1.55
2151,0,0,0.29,0.90,1.55
2152,0,0,0.29,0.91,1.55
2153,0,0,0.29,0.90,1.55
2154,0,0,0.29,0.90,1.55
2155,0,0,0.29,0.90,1.55
2156,0,0,0.29,0.90,1.55
2157,0,0,0.29,0.90,1.55
2158,0,0,0.29,0.90,1.54
2159,0,0,0.29,0.90,1.55
2160,226.59,61.21,0.29,0.90,1.55
2161,0,0,0.29,0.90,1.55
2162,0,0,0.29,0.90,1.54
2163,0,0,0.29,0.90,1.55
2164,0,0,0.29,0.90,1.54
2165,0,0,0.29,0.90,1.55
2166,0,0,0.29,0.90,1.55
2167,0,0,0.29,0.90,1.55
2168,0,0,0.29,0.90,1.55
2169,0,0,0.29,0.90,1.55
2170,226.66,61.19,0.29,0.90,1.55
2171,0,0,0.29,0.90,1.55
2172,0,0,0.29,0.90,1.55
2173,0,0,0.29,0.90,1.55
2174,0,0,0.29,0.90,1.55
2175,0,0,0.29,0.90,1.55
2176,0,0,0.29,0.90,1.55
2177,0,0,0.29,0.90,1.55
2178,0,0,0.29,0.90,1.55
2179,0,0,0.29,0.90,1.55
2180,226.72,61.17,0.29,0.90,1.54
2181,0,0,0.29,0.90,1.55
2182,0,0,0.29,0.90,1.55
2183,0,0,0.29,0.90,1.55
2184,0,0,0.29,0.90,1.55
2185,0,0,0.29,0.90,1.55
2186,0,0,0.29,0.90,1.54
2187,0,0,0.29,0.90,1.55
2188,0,0,0.29,0.89,1.54
2189,0,0,0.29,0.89,1.54
2190,226.79,61.15,0.29,0.90,1.55
2191,0,0,0.29,0.90,1.55
2192,0,0,0.29,0.89,1.55
2193,0,0,0.29,0.89,1.55
2194,0,0,0.29,0.90,1.55
2195,0,0,0.29,0.89,1.55
2196,0,0,0.29,0.89,1.55
2197,0,0,0.29,0.90,1.55
2198,0,0,0.29,0.90,1.54
2199,0,0,0.29,0.89,1.55
2200,226.86,61.13,0.29,0.90,1.55
2201,0,0,0.29,0.89,1.55
2202,0,0,0.29,0.89,1.54
2203,0,0,0.29,0.89,1.55
2204,0,0,0.29,0.89,1.55
2205,0,0,0.29,0.90,1.55
2206,0,0,0.29,0.89,1.55
2207,0,0,0.29,0.90,1.55
2208,0,0,0.29,0.89,1.55
2209,0,0,0.29,0.89,1.55
2210,226.92,61.11,0.29,0.89,1.55
2211,0,0,0.29,0.89,1.55
2212,0,0,0.29,0.89,1.55
2213,0,0,0.29,0.89,1.55
2214,0,0,0.29,0.89,1.55
2215,0,0,0.29,0.89,1.55
2216,0,0,0.29,0.89,1.55
2217,0,0,0.29,0.89,1.55
2218,0,0,0.29,0.89,1.54
2219,0,0,0.29,0.89,1.55
2220,226.99,61.09,0.29,0.89,1.55
2221,0,0,0.29,0.89,1.55
2222,0,0,0.29,0.89,1.55
2223,0,0,0.29,0.89,1.54
2224,0,0,0.29,0.89,1.54
2225,0,0,0.29,0.89,1.54
2226,0,0,0.29,0.89,1.54
2227,0,0,0.29,0.89,1.54
2228,0,0,0.29,0.89,1.54
2229,0,0,0.29,0.89,1.54
2230,227.05,61.07,0.29,0.89,1.54
2231,0,0,0.29,0.89,1.54
2232,0,0,0.29,0.89,1.54
2233,0,0,0.29,0.89,1.54
2234,0,0,0.29,0.88,1.54
2235,0,0,0.29,0.88,1.53
2236,0,0,0.29,0.88,1.53
2237,0,0,0.29,0.88,1.53
2238,0,0,0.29,0.88,1.53
2239,0,0,0.29,0.87,1.52
2240,227.12,61.05,0.29,0.88,1.52
2241,0,0,0.29,0.87,1.52
2242,0,0,0.29,0.87,1.51
2243,0,0,0.29,0.86,1.50
2244,0,0,0.29,0.85,1.48
2245,0,0,0.29,0.84,1.46
2246,0,0,0.29,0.83,1.43
2247,0,0,0.29,0.82,1.42
2248,0,0,0.29,0.81,1.41
2249,0,0,0.29,0.81,1.40
2250,227.18,61.02,0.28,0.80,1.41
2251,0,0,0.29,0.81,1.40
2252,0,0,0.29,0.80,1.40
2253,0,0,0.29,0.80,1.39
2254,0,0,0.28,0.79,1.38
2255,0,0,0.28,0.78,1.37
2256,0,0,0.28,0.78,1.37
2257,0,0,0.28,0.78,1.36
2258,0,0,0.29,0.78,1.37
2259,0,0,0.28,0.78,1.38
2260,227.25,61.00,0.28,0.79,1.39
2261,0,0,0.29,0.81,1.41
2262,0,0,0.28,0.81,1.43
2263,0,0,0.29,0.83,1.45
2264,0,0,0.28,0.84,1.47
2265,0,0,0.29,0.85,1.49
2266,0,0,0.28,0.86,1.51
2267,0,0,0.29,0.87,1.52
2268,0,0,0.29,0.87,1.52
2269,0,0,0.29,0.87,1.53
2270,227.32,60.98,0.29,0.87,1.53
2271,0,0,0.28,0.88,1.54
2272,0,0,0.29,0.88,1.54
2273,0,0,0.29,0.88,1.54
2274,0,0,0.29,0.88,1.54
2275,0,0,0.28,0.88,1.54
2276,0,0,0.29,0.88,1.54
2277,0,0,0.28,0.88,1.54
2278,0,0,0.29,0.88,1.54
2279,0,0,0.29,0.88,1.54
2280,227.38,60.96,0.28,0.88,1.54
2281,0,0,0.29,0.88,1.54
2282,0,0,0.29,0.88,1.54
2283,0,0,0.28,0.88,1.55
2284,0,0,0.28,0.88,1.54
2285,0,0,0.29,0.88,1.54
2286,0,0,0.28,0.88,1.55
2287,0,0,0.28,0.88,1.54
2288,0,0,0.28,0.88,1.54
2289,0,0,0.28,0.88,1.54
2290,227.45,60.94,0.29,0.88,1.54
2291,0,0,0.28,0.88,1.54
2292,0,0,0.28,0.88,1.54
2293,0,0,0.28,0.88,1.54
2294,0,0,0.28,0.88,1.54
2295,0,0,0.28,0.87,1.54
2296,0,0,0.28,0.87,1.54
2297,0,0,0.29,0.88,1.54
2298,0,0,0.28,0.87,1.54
2299,0,0,0.28,0.87,1.54
2300,227.51,60.92,0.28,0.87,1.54
2301,0,0,0.28,0.87,1.54
2302,0,0,0.29,0.88,1.54
2303,0,0,0.28,0.87,1.54
2304,0,0,0.28,0.87,1.54
2305,0,0,0.28,0.87,1.53
2306,0,0,0.29,0.87,1.53
2307,0,0,0.28,0.87,1.54
2308,0,0,0.28,0.87,1.53
2309,0,0,0.28,0.87,1.54
2310,227.58,60.90,0.28,0.87,1.54
2311,0,0,0.28,0.87,1.54
2312,0,0,0.28,0.87,1.54
2313,0,0,0.28,0.87,1.54
2314,0,0,0.28,0.87,1.53
2315,0,0,0.29,0.87,1.53
2316,0,0,0.28,0.87,1.54
2317,0,0,0.28,0.87,1.53
2318,0,0,0.28,0.87,1.54
2319,227.64,60.87,0.28,0.87,1.54
2320,0,0,0.28,0.87,1.54
2321,0,0,0.28,0.87,1.53
2322,0,0,0.28,0.87,1.53
2323,0,0,0.28,0.87,1.53
2324,0,0,0.28,0.87,1.53
2325,0,0,0.28,0.87,1.53
2326,0,0,0.28,0.87,1.53
2327,0,0,0.28,0.87,1.53
2328,0,0,0.28,0.87,1.53
2329,227.71,60.85,0.29,0.87,1.53
2331,0,0,0.28,0.87,1.53
2332,0,0,0.28,0.87,1.53
2333,0,0,0.28,0.87,1.53
2334,0,0,0.28,0.87,1.53
2335,0,0,0.28,0.87,1.53
2336,0,0,0.28,0.87,1.53
2337,0,0,0.28,0.87,1.53
2338,0,0,0.28,0.87,1.53
2339,0,0,0.28,0.87,1.53
2340,227.77,60.83,0.28,0.87,1.53
2341,0,0,0.28,0.87,1.53
2342,0,0,0.28,0.86,1.53
2343,0,0,0.28,0.87,1.52
2344,0,0,0.28,0.87,1.53
2345,0,0,0.28,0.86,1.52
2346,0,0,0.28,0.86,1.53
2347,0,0,0.28,0.87,1.52
2348,0,0,0.28,0.86,1.53
2349,0,0,0.28,0.86,1.52
2350,227.84,60.81,0.28,0.86,1.53
2351,0,0,0.28,0.86,1.52
2352,0,0,0.28,0.86,1.52
2353,0,0,0.28,0.86,1.52
2354,0,0,0.28,0.86,1.52
2355,0,0,0.28,0.86,1.52
2356,0,0,0.28,0.86,1.52
2357,0,0,0.28,0.86,1.52
2358,0,0,0.28,0.87,1.52
2359,0,0,0.28,0.86,1.52
2360,227.90,60.79,0.28,0.86,1.52
2361,0,0,0.28,0.86,1.52
2362,0,0,0.28,0.86,1.52
2363,0,0,0.28,0.86,1.53
2364,0,0,0.28,0.86,1.52
2365,0,0,0.28,0.86,1.52
2366,0,0,0.28,0.86,1.52
2367,0,0,0.28,0.86,1.52
2368,0,0,0.28,0.86,1.52
2369,0,0,0.28,0.86,1.52
2370,227.97,60.77,0.28,0.86,1.52
2371,0,0,0.28,0.86,1.52
2372,0,0,0.28,0.86,1.52
2373,0,0,0.28,0.86,1.53
2374,0,0,0.28,0.86,1.52
2375,0,0,0.28,0.86,1.52
2376,0,0,0.28,0.86,1.52
2377,0,0,0.28,0.86,1.52
2378,0,0,0.28,0.86,1.52
2379,0,0,0.28,0.86,1.52
2380,228.03,60.75,0.28,0.86,1.52
2381,0,0,0.28,0.86,1.52
2382,0,0,0.28,0.86,1.52
2383,0,0,0.28,0.85,1.52
2384,0,0,0.28,0.85,1.52
2385,0,0,0.28,0.86,1.52
2386,0,0,0.28,0.86,1.52
2387,0,0,0.28,0.85,1.52
2388,0,0,0.28,0.86,1.52
2389,0,0,0.28,0.85,1.52
2390,228.09,60.72,0.28,0.85,1.52
2391,0,0,0.28,0.86,1.52
2392,0,0,0.28,0.85,1.52
2393,0,0,0.28,0.86,1.52
2394,0,0,0.28,0.85,1.52
2395,0,0,0.28,0.85,1.52
2396,0,0,0.28,0.85,1.52
2397,0,0,0.28,0.85,1.52
2398,0,0,0.28,0.85,1.52
2399,0,0,0.28,0.85,1.52
2400,228.16,60.70,0.28,0.85,1.52
2401,0,0,0.28,0.85,1.52
2402,0,0,0.28,0.85,1.52
2403,0,0,0.28,0.85,1.52
2404,0,0,0.28,0.85,1.52
2405,0,0,0.28,0.85,1.52
2406,0,0,0.28,0.85,1.52
2407,0,0,0.28,0.85,1.52
2408,0,0,0.28,0.85,1.52
2409,0,0,0.28,0.85,1.52
2410,228.23,60.68,0.28,0.85,1.52
2411,0,0,0.28,0.85,1.52
2412,0,0,0.28,0.85,1.52
2413,0,0,0.28,0.85,1.52
2414,0,0,0.28,0.85,1.51
2415,0,0,0.28,0.85,1.51
2416,0,0,0.28,0.85,1.51
2417,0,0,0.28,0.85,1.52
2418,0,0,0.28,0.85,1.51
2419,0,0,0.28,0.85,1.51
2420,228.29,60.66,0.28,0.85,1.52
2421,0,0,0.28,0.85,1.51
2422,0,0,0.28,0.85,1.52
2423,0,0,0.28,0.85,1.51
2424,0,0,0.28,0.85,1.51
2425,0,0,0.28,0.85,1.51
2426,0,0,0.28,0.85,1.51
2427,0,0,0.28,0.85,1.51
2428,0,0,0.28,0.85,1.51
2429,0,0,0.28,0.85,1.51
2430,228.36,60.63,0.28,0.84,1.51
2431,0,0,0.28,0.85,1.51
2432,0,0,0.28,0.85,1.51
2433,0,0,0.28,0.85,1.51
2434,0,0,0.28,0.85,1.51
2435,0,0,0.28,0.85,1.51
2436,0,0,0.28,0.85,1.51
2437,0,0,0.28,0.85,1.51
2438,0,0,0.28,0.85,1.51
2439,0,0,0.28,0.85,1.51
2440,228.42,60.61,0.28,0.85,1.51
2441,0,0,0.28,0.85,1.51
2442,0,0,0.28,0.85,1.51
2443,0,0,0.28,0.84,1.51
2444,0,0,0.28,0.84,1.51
2445,0,0,0.28,0.85,1.51
2446,0,0,0.28,0.85,1.51
2447,0,0,0.28,0.84,1.51
2448,0,0,0.28,0.85,1.51
2449,0,0,0.28,0.84,1.51
2450,228.49,60.59,0.28,0.85,1.51
2451,0,0,0.28,0.84,1.51
2452,0,0,0.28,0.84,1.51
2453,0,0,0.28,0.84,1.50
2454,0,0,0.28,0.84,1.50
2455,0,0,0.28,0.84,1.51
2456,0,0,0.28,0.84,1.50
2457,0,0,0.28,0.84,1.50
2458,0,0,0.28,0.84,1.50
2459,0,0,0.28,0.84,1.50
2460,228.55,60.57,0.28,0.84,1.50
2461,0,0,0.28,0.84,1.50
2462,0,0,0.28,0.84,1.50
2463,0,0,0.28,0.84,1.50
2464,0,0,0.28,0.84,1.50
2465,0,0,0.28,0.84,1.50
2466,0,0,0.28,0.84,1.50
2467,0,0,0.28,0.84,1.50
2468,0,0,0.28,0.84,1.50
2469,0,0,0.28,0.84,1.50
2470,228.61,60.55,0.28,0.84,1.50
2471,0,0,0.28,0.84,1.50
2472,0,0,0.28,0.84,1.50
2473,0,0,0.28,0.84,1.50
2474,0,0,0.28,0.84,1.50
2475,0,0,0.28,0.84,1.50
2476,0,0,0.28,0.84,1.50
2477,0,0,0.28,0.84,1.50
2478,0,0,0.28,0.84,1.50
2479,0,0,0.28,0.84,1.50
2480,228.68,60.53,0.28,0.84,1.50
2481,0,0,0.28,0.84,1.50
2482,0,0,0.28,0.84,1.50
2483,0,0,0.28,0.84,1.50
2484,0,0,0.28,0.84,1.50
2485,0,0,0.28,0.84,1.50
2486,0,0,0.28,0.84,1.50
2487,0,0,0.28,0.84,1.50
2488,0,0,0.28,0.84,1.50
2489,0,0,0.28,0.84,1.50
2490,228.74,60.50,0.28,0.84,1.50
2491,0,0,0.28,0.84,1.50
2492,0,0,0.28,0.84,1.50
2493,0,0,0.28,0.84,1.50
2494,0,0,0.28,0.83,1.49
2495,0,0,0.28,0.84,1.50
2496,0,0,0.28,0.84,1.50
2497,0,0,0.28,0.84,1.49
2498,0,0,0.28,0.84,1.49
2499,0,0,0.28,0.84,1.50
2500,228.80,60.48,0.28,0.84,1.49
2501,0,0,0.28,0.84,1.49
2502,0,0,0.28,0.83,1.49
2503,0,0,0.28,0.83,1.50
2504,0,0,0.28,0.83,1.50
2505,0,0,0.28,0.83,1.50
2506,0,0,0.28,0.83,1.50
2507,0,0,0.28,0.84,1.49
2508,0,0,0.28,0.83,1.49
2509,0,0,0.28,0.83,1.49
2510,228.87,60.46,0.28,0.83,1.49
2511,0,0,0.28,0.83,1.49
2512,0,0,0.28,0.83,1.49
2513,0,0,0.28,0.83,1.49
2514,0,0,0.28,0.83,1.49
2515,0,0,0.28,0.83,1.49
2516,0,0,0.28,0.83,1.49
2517,0,0,0.28,0.83,1.49
2518,0,0,0.28,0.83,1.49
2519,0,0,0.28,0.83,1.49
2520,228.93,60.44,0.28,0.83,1.49
2521,0,0,0.28,0.83,1.49
2522,0,0,0.28,0.83,1.49
2523,0,0,0.28,0.83,1.49
2524,0,0,0.28,0.83,1.49
2525,0,0,0.28,0.83,1.49
2526,0,0,0.28,0.83,1.49
2527,0,0,0.28,0.83,1.49
2528,0,0,0.28,0.83,1.49
2529,0,0,0.28,0.83,1.49
2530,229.00,60.42,0.28,0.83,1.48
2531,0,0,0.28,0.83,1.49
2532,0,0,0.28,0.83,1.48
2533,0,0,0.28,0.83,1.48
2534,0,0,0.28,0.83,1.48
2535,0,0,0.28,0.83,1.49
2536,0,0,0.28,0.83,1.48
2537,0,0,0.28,0.83,1.49
2538,0,0,0.28,0.83,1.48
2539,0,0,0.28,0.83,1.48
2540,229.06,60.39,0.28,0.83,1.48
2541,0,0,0.28,0.83,1.48
2542,0,0,0.28,0.83,1.48
2543,0,0,0.28,0.83,1.48
2544,0,0,0.28,0.82,1.48
2545,0,0,0.28,0.83,1.48
2546,0,0,0.28,0.83,1.48
2547,0,0,0.28,0.83,1.48
2548,0,0,0.28,0.83,1.48
2549,0,0,0.28,0.83,1.48
2550,229.12,60.37,0.28,0.83,1.49
2551,0,0,0.28,0.82,1.48
2552,0,0,0.28,0.83,1.48
2553,0,0,0.28,0.82,1.47
2554,0,0,0.28,0.83,1.48
2555,0,0,0.28,0.83,1.48
2556,0,0,0.28,0.83,1.48
2557,0,0,0.28,0.82,1.48
2558,0,0,0.28,0.83,1.48
2559,0,0,0.28,0.83,1.47
2560,229.18,60.35,0.28,0.83,1.47
2561,0,0,0.28,0.82,1.48
2562,0,0,0.28,0.82,1.48
2563,0,0,0.28,0.82,1.48
2564,0,0,0.28,0.82,1.48
2565,0,0,0.28,0.82,1.47
2566,0,0,0.28,0.82,1.47
2567,0,0,0.28,0.82,1.48
2568,0,0,0.28,0.82,1.48
2569,0,0,0.28,0.82,1.47
2570,229.25,60.33,0.28,0.82,1.47
2571,0,0,0.28,0.82,1.47
2572,0,0,0.28,0.82,1.47
2573,0,0,0.28,0.82,1.47
2574,0,0,0.28,0.82,1.46
2575,0,0,0.28,0.82,1.47
2576,0,0,0.28,0.82,1.47
2577,0,0,0.28,0.82,1.47
2578,0,0,0.28,0.82,1.46
2579,0,0,0.28,0.82,1.46
2580,229.31,60.31,0.28,0.82,1.46
2581,0,0,0.28,0.82,1.46
2582,0,0,0.28,0.82,1.47
2583,0,0,0.28,0.82,1.47
2584,0,0,0.28,0.82,1.47
2585,0,0,0.28,0.82,1.46
2586,0,0,0.28,0.82,1.46
2587,0,0,0.28,0.82,1.47
2588,0,0,0.28,0.81,1.46
2589,0,0,0.28,0.81,1.46
2590,229.37,60.29,0.28,0.81,1.46
2591,0,0,0.28,0.81,1.46
2592,0,0,0.28,0.81,1.46
2593,0,0,0.28,0.81,1.46
2594,0,0,0.28,0.81,1.46
2595,0,0,0.28,0.81,1.45
2596,0,0,0.28,0.81,1.45
2597,0,0,0.28,0.81,1.44
2598,0,0,0.28,0.80,1.45
2599,0,0,0.28,0.80,1.44
2600,229.44,60.26,0.28,0.80,1.44
2601,0,0,0.28,0.80,1.43
2602,0,0,0.28,0.80,1.44
2603,0,0,0.28,0.79,1.43
2604,0,0,0.28,0.79,1.43
2605,0,0,0.28,0.79,1.42
2606,0,0,0.28,0.79,1.41
2607,0,0,0.28,0.78,1.41
2608,0,0,0.28,0.78,1.40
2609,0,0,0.28,0.77,1.40
2610,229.50,60.24,0.28,0.77,1.39
2611,0,0,0.28,0.76,1.37
2612,0,0,0.28,0.75,1.35
2613,0,0,0.28,0.74,1.33
2614,0,0,0.28,0.72,1.31
2615,0,0,0.28,0.71,1.28
2616,0,0,0.28,0.69,1.25
2617,0,0,0.27,0.67,1.23
2618,0,0,0.27,0.66,1.20
2619,0,0,0.27,0.65,1.19
2620,229.56,60.22,0.28,0.65,1.18
2621,0,0,0.28,0.65,1.17
2622,0,0,0.27,0.65,1.18
2623,0,0,0.28,0.65,1.19
2624,0,0,0.27,0.65,1.19
2625,0,0,0.27,0.65,1.19
2626,0,0,0.28,0.66,1.20
2627,0,0,0.27,0.65,1.19
2628,0,0,0.27,0.65,1.19
2629,0,0,0.28,0.65,1.18
2630,229.63,60.20,0.27,0.65,1.18
2631,0,0,0.27,0.65,1.17
2632,0,0,0.27,0.64,1.17
2633,0,0,0.28,0.64,1.16
2634,0,0,0.27,0.64,1.17
2635,0,0,0.27,0.64,1.16
2636,0,0,0.28,0.63,1.14
2637,0,0,0.27,0.62,1.13
2638,0,0,0.27,0.61,1.12
2639,0,0,0.27,0.60,1.09
2640,229.69,60.17,0.27,0.59,1.08
2641,0,0,0.27,0.59,1.08
2642,0,0,0.27,0.58,1.06
2643,0,0,0.27,0.58,1.06
2644,0,0,0.27,0.57,1.05
2645,0,0,0.27,0.57,1.05
2646,0,0,0.27,0.58,1.06
2647,0,0,0.27,0.58,1.06
2648,0,0,0.27,0.58,1.06
2649,0,0,0.27,0.58,1.07
2650,229.75,60.15,0.27,0.58,1.07
2651,0,0,0.27,0.58,1.06
2652,0,0,0.27,0.58,1.07
2653,0,0,0.27,0.59,1.09
2654,0,0,0.27,0.62,1.12
2655,0,0,0.27,0.64,1.16
2656,0,0,0.27,0.65,1.19
2657,0,0,0.27,0.66,1.20
2658,0,0,0.27,0.66,1.21
2659,0,0,0.28,0.66,1.21
2660,229.81,60.13,0.27,0.66,1.20
2661,0,0,0.27,0.66,1.20
2662,0,0,0.27,0.66,1.20
2663,0,0,0.28,0.67,1.22
2664,0,0,0.27,0.68,1.24
2665,0,0,0.28,0.69,1.25
2666,0,0,0.27,0.70,1.28
2667,0,0,0.27,0.70,1.29
2668,0,0,0.28,0.72,1.30
2669,0,0,0.27,0.72,1.31
2670,229.88,60.11,0.27,0.73,1.32
2671,0,0,0.28,0.74,1.34
2672,0,0,0.28,0.74,1.35
2673,0,0,0.27,0.75,1.37
2674,0,0,0.27,0.76,1.38
2675,0,0,0.28,0.77,1.39
2676,0,0,0.28,0.77,1.39
2677,0,0,0.28,0.77,1.40
2678,0,0,0.28,0.78,1.41
2679,0,0,0.28,0.78,1.41
2680,229.94,60.09,0.28,0.78,1.41
2681,0,0,0.28,0.78,1.41
2682,0,0,0.28,0.78,1.41
2683,0,0,0.28,0.78,1.41
2684,0,0,0.27,0.78,1.42
2685,0,0,0.28,0.78,1.42
2686,0,0,0.28,0.78,1.42
2687,0,0,0.27,0.78,1.42
2688,0,0,0.28,0.78,1.42
2689,0,0,0.28,0.78,1.42
2690,230.00,60.06,0.28,0.78,1.41
2691,0,0,0.28,0.78,1.41
2692,0,0,0.27,0.78,1.42
2693,0,0,0.28,0.78,1.41
2694,0,0,0.28,0.78,1.41
2695,0,0,0.28,0.78,1.41
2696,0,0,0.28,0.78,1.41
2697,0,0,0.27,0.78,1.42
2698,0,0,0.28,0.78,1.42
2699,0,0,0.27,0.78,1.43
2700,230.06,60.04,0.28,0.79,1.43
2701,0,0,0.28,0.79,1.44
2702,0,0,0.28,0.79,1.44
2703,0,0,0.27,0.79,1.44
2704,0,0,0.27,0.79,1.44
2705,0,0,0.27,0.79,1.44
2706,0,0,0.28,0.79,1.44
2707,0,0,0.28,0.79,1.44
2708,0,0,0.27,0.79,1.44
2709,0,0,0.27,0.79,1.44
2710,230.13,60.02,0.27,0.79,1.44
2711,0,0,0.27,0.79,1.44
2712,0,0,0.28,0.79,1.43
2713,0,0,0.27,0.78,1.43
2714,0,0,0.28,0.79,1.43
2715,0,0,0.27,0.78,1.43
2716,0,0,0.27,0.78,1.43
2717,0,0,0.28,0.79,1.43
2718,0,0,0.27,0.78,1.43
2719,0,0,0.27,0.78,1.42
2720,230.19,60.00,0.27,0.78,1.43
2721,0,0,0.28,0.79,1.43
2722,0,0,0.27,0.78,1.43
2723,0,0,0.27,0.79,1.43
2724,0,0,0.27,0.79,1.44
2725,0,0,0.27,0.79,1.44
2726,0,0,0.27,0.79,1.43
2727,0,0,0.27,0.79,1.43
2728,0,0,0.27,0.78,1.43
2729,0,0,0.27,0.78,1.43
2730,230.25,59.97,0.27,0.78,1.43
2731,0,0,0.27,0.78,1.42
2732,0,0,0.27,0.78,1.43
2733,0,0,0.27,0.78,1.43
2734,0,0,0.27,0.78,1.43
2735,0,0,0.27,0.78,1.43
2736,0,0,0.27,0.78,1.43
2737,0,0,0.27,0.78,1.43
2738,0,0,0.27,0.78,1.43
2739,0,0,0.27,0.78,1.43
2740,230.31,59.95,0.27,0.78,1.43
2741,0,0,0.27,0.78,1.44
2742,0,0,0.27,0.78,1.43
2743,0,0,0.27,0.78,1.44
2744,0,0,0.27,0.79,1.44
2745,0,0,0.27,0.79,1.44
2746,0,0,0.27,0.79,1.45
2747,0,0,0.27,0.79,1.45
2748,0,0,0.27,0.79,1.45
2749,0,0,0.27,0.79,1.45
2750,230.37,59.93,0.27,0.80,1.46
2751,0,0,0.27,0.80,1.46
2752,0,0,0.27,0.80,1.46
2753,0,0,0.27,0.80,1.47
2754,0,0,0.27,0.80,1.47
2755,0,0,0.27,0.80,1.47
2756,0,0,0.27,0.80,1.47
2757,0,0,0.27,0.80,1.47
2758,0,0,0.27,0.80,1.47
2759,0,0,0.27,0.80,1.47
2760,230.44,59.91,0.27,0.80,1.47
2761,0,0,0.27,0.80,1.47
2762,0,0,0.27,0.80,1.47
2763,0,0,0.27,0.80,1.46
2764,0,0,0.27,0.80,1.47
2765,0,0,0.27,0.80,1.47
2766,0,0,0.27,0.80,1.47
2767,0,0,0.27,0.80,1.47
2768,0,0,0.27,0.79,1.46
2769,0,0,0.27,0.80,1.46
2770,230.50,59.88,0.27,0.79,1.47
2771,0,0,0.27,0.80,1.47
2772,0,0,0.27,0.79,1.47
2773,0,0,0.27,0.80,1.47
2774,0,0,0.27,0.80,1.46
2775,0,0,0.27,0.79,1.47
2776,0,0,0.27,0.80,1.47
2777,0,0,0.27,0.79,1.46
2778,0,0,0.27,0.80,1.46
2779,0,0,0.27,0.80,1.46
2780,230.56,59.86,0.27,0.80,1.47
2781,0,0,0.27,0.80,1.47
2782,0,0,0.27,0.79,1.47
2783,0,0,0.27,0.79,1.47
2784,0,0,0.27,0.79,1.47
2785,0,0,0.27,0.79,1.47
2786,0,0,0.27,0.79,1.47
2787,0,0,0.27,0.79,1.46
2788,0,0,0.27,0.79,1.47
2789,0,0,0.27,0.79,1.46
2790,230.62,59.84,0.27,0.79,1.47
2791,0,0,0.27,0.79,1.46
2792,0,0,0.27,0.79,1.46
2793,0,0,0.27,0.79,1.46
2794,0,0,0.27,0.79,1.47
2795,0,0,0.27,0.79,1.47
2796,0,0,0.27,0.79,1.46
2797,0,0,0.27,0.79,1.47
2799,0,0,0.27,0.79,1.47
2800,0,0,0.27,0.79,1.46
2801,230.68,59.82,0.27,0.79,1.47
2802,0,0,0.27,0.79,1.47
2803,0,0,0.27,0.79,1.47
2804,0,0,0.27,0.79,1.47
2805,0,0,0.27,0.79,1.47
2806,0,0,0.27,0.79,1.46
2807,0,0,0.27,0.79,1.47
2808,0,0,0.27,0.79,1.46
2809,0,0,0.27,0.79,1.47
2810,0,0,0.27,0.79,1.47
2811,230.74,59.80,0.27,0.79,1.47
2812,0,0,0.27,0.79,1.47
2813,0,0,0.27,0.79,1.47
2814,0,0,0.27,0.79,1.47
2815,0,0,0.27,0.79,1.47
2816,0,0,0.27,0.79,1.47
2817,0,0,0.27,0.79,1.47
2818,0,0,0.27,0.79,1.47
2819,0,0,0.27,0.79,1.47
2820,0,0,0.27,0.79,1.47
2821,230.81,59.77,0.27,0.79,1.47
2822,0,0,0.27,0.78,1.46
2823,0,0,0.27,0.79,1.47
2824,0,0,0.27,0.78,1.47
2825,0,0,0.27,0.79,1.47
2826,0,0,0.27,0.79,1.46
2827,0,0,0.27,0.78,1.47
2828,0,0,0.27,0.79,1.47
2829,0,0,0.27,0.78,1.47
2830,0,0,0.27,0.78,1.47
2831,230.87,59.75,0.27,0.78,1.47
2832,0,0,0.27,0.79,1.47
2833,0,0,0.27,0.78,1.47
2834,0,0,0.27,0.78,1.47
2835,0,0,0.27,0.78,1.46
2836,0,0,0.27,0.79,1.47
2837,0,0,0.27,0.79,1.46
2838,0,0,0.27,0.79,1.47
2839,0,0,0.27,0.78,1.47
2840,0,0,0.27,0.78,1.46
2841,230.93,59.73,0.27,0.78,1.47
2842,0,0,0.27,0.78,1.46
2843,0,0,0.27,0.78,1.47
2844,0,0,0.27,0.78,1.46
2845,0,0,0.27,0.78,1.46
2846,0,0,0.27,0.78,1.47
2847,0,0,0.27,0.78,1.47
2848,0,0,0.27,0.78,1.47
2849,0,0,0.27,0.78,1.46
2850,0,0,0.27,0.78,1.47
2851,230.99,59.70,0.27,0.78,1.47
2852,0,0,0.27,0.78,1.47
2853,0,0,0.27,0.78,1.46
2854,0,0,0.27,0.78,1.46
2855,0,0,0.27,0.78,1.46
2856,0,0,0.27,0.78,1.47
2857,0,0,0.27,0.78,1.46
2858,0,0,0.26,0.78,1.47
2859,0,0,0.27,0.78,1.47
2860,0,0,0.27,0.78,1.46
2861,231.05,59.68,0.27,0.78,1.46
2862,0,0,0.27,0.78,1.47
2863,0,0,0.26,0.78,1.48
2864,0,0,0.27,0.78,1.46
2865,0,0,0.26,0.78,1.47
2866,0,0,0.26,0.78,1.47
2867,0,0,0.26,0.78,1.47
2868,0,0,0.26,0.78,1.47
2869,0,0,0.27,0.78,1.46
2870,0,0,0.26,0.78,1.47
2871,231.11,59.66,0.26,0.77,1.47
2872,0,0,0.26,0.78,1.47
2873,0,0,0.27,0.78,1.46
2874,0,0,0.26,0.77,1.47
2875,0,0,0.26,0.78,1.47
2876,0,0,0.26,0.77,1.47
2877,0,0,0.26,0.78,1.47
2878,0,0,0.26,0.78,1.47
2879,0,0,0.26,0.77,1.47
2880,0,0,0.26,0.77,1.47
2881,231.17,59.64,0.26,0.77,1.47
2882,0,0,0.26,0.77,1.47
2883,0,0,0.26,0.77,1.47
2884,0,0,0.27,0.78,1.46
2885,0,0,0.26,0.77,1.46
2886,0,0,0.26,0.77,1.47
2887,0,0,0.26,0.77,1.46
2888,0,0,0.26,0.77,1.47
2889,0,0,0.26,0.77,1.47
2890,0,0,0.26,0.77,1.46
2891,231.23,59.62,0.26,0.77,1.47
2892,0,0,0.26,0.77,1.46
2893,0,0,0.26,0.77,1.47
2894,0,0,0.26,0.77,1.47
2895,0,0,0.26,0.77,1.47
2896,0,0,0.26,0.76,1.46
2897,0,0,0.26,0.77,1.46
2898,0,0,0.26,0.77,1.46
2899,0,0,0.26,0.76,1.46
2900,231.29,59.59,0.26,0.77,1.47
2901,0,0,0.26,0.77,1.47
2902,0,0,0.26,0.77,1.46
2903,0,0,0.26,0.76,1.46
2904,0,0,0.26,0.77,1.47
2905,0,0,0.26,0.76,1.46
2906,0,0,0.26,0.77,1.46
2907,0,0,0.26,0.76,1.46
2908,0,0,0.26,0.76,1.47
2909,0,0,0.26,0.76,1.46
2910,231.35,59.57,0.26,0.76,1.47
2911,0,0,0.26,0.77,1.46
2912,0,0,0.26,0.76,1.46
2913,0,0,0.26,0.77,1.46
2914,0,0,0.26,0.76,1.46
2915,0,0,0.26,0.76,1.46
2916,0,0,0.26,0.76,1.46
2917,0,0,0.26,0.76,1.46
2918,0,0,0.26,0.76,1.47
2919,0,0,0.26,0.76,1.46
2920,231.41,59.55,0.26,0.76,1.46
2921,0,0,0.26,0.76,1.46
2922,0,0,0.26,0.76,1.46
2923,0,0,0.26,0.76,1.46
2924,0,0,0.26,0.76,1.46
2925,0,0,0.26,0.76,1.46
2926,0,0,0.26,0.75,1.46
2927,0,0,0.26,0.76,1.46
2928,0,0,0.26,0.76,1.46
2929,0,0,0.26,0.76,1.46
2930,231.48,59.52,0.26,0.75,1.46
2931,0,0,0.26,0.76,1.46
2932,0,0,0.26,0.76,1.46
2933,0,0,0.26,0.76,1.46
2934,0,0,0.26,0.75,1.46
2935,0,0,0.26,0.75,1.46
2936,0,0,0.26,0.75,1.46
2937,0,0,0.26,0.75,1.46
2938,0,0,0.26,0.76,1.47
2939,0,0,0.26,0.76,1.46
2940,231.54,59.50,0.26,0.76,1.46
2941,0,0,0.26,0.75,1.46
2942,0,0,0.26,0.75,1.46
2943,0,0,0.26,0.75,1.47
2944,0,0,0.26,0.75,1.46
2945,0,0,0.26,0.76,1.47
2946,0,0,0.26,0.75,1.46
2947,0,0,0.26,0.75,1.46
2948,0,0,0.26,0.75,1.46
2949,0,0,0.26,0.75,1.47
2950,231.60,59.48,0.26,0.75,1.46
2951,0,0,0.26,0.75,1.47
2952,0,0,0.26,0.75,1.46
2953,0,0,0.26,0.75,1.46
2954,0,0,0.26,0.75,1.46
2955,0,0,0.26,0.75,1.47
2956,0,0,0.26,0.75,1.47
2957,0,0,0.26,0.75,1.46
2958,0,0,0.26,0.75,1.46
2959,0,0,0.26,0.75,1.47
2960,231.66,59.46,0.25,0.75,1.47
2961,0,0,0.26,0.75,1.47
2962,0,0,0.25,0.75,1.47
2963,0,0,0.25,0.75,1.47
2964,0,0,0.26,0.75,1.46
2965,0,0,0.26,0.75,1.47
2966,0,0,0.25,0.75,1.47
2967,0,0,0.25,0.75,1.47
2968,0,0,0.26,0.75,1.47
2969,0,0,0.25,0.75,1.47
2970,231.72,59.43,0.26,0.75,1.46
2971,0,0,0.25,0.74,1.47
2972,0,0,0.25,0.75,1.47
2973,0,0,0.25,0.75,1.47
2974,0,0,0.25,0.75,1.47
2975,0,0,0.25,0.75,1.47
2976,0,0,0.25,0.75,1.47
2977,0,0,0.25,0.75,1.47
2978,0,0,0.26,0.75,1.46
2979,0,0,0.25,0.74,1.47
2980,231.78,59.41,0.25,0.75,1.48
2981,0,0,0.25,0.74,1.47
2982,0,0,0.25,0.75,1.47
2983,0,0,0.25,0.74,1.47
2984,0,0,0.25,0.75,1.47
2985,0,0,0.25,0.75,1.47
2986,0,0,0.25,0.74,1.47
2987,0,0,0.25,0.75,1.47
2988,0,0,0.25,0.75,1.47
2989,0,0,0.25,0.75,1.47
2990,231.84,59.39,0.25,0.74,1.47
2991,0,0,0.25,0.74,1.47
2992,0,0,0.25,0.74,1.47
2993,0,0,0.26,0.75,1.46
2994,0,0,0.25,0.74,1.47
2995,0,0,0.25,0.74,1.47
2996,0,0,0.25,0.74,1.47
2997,0,0,0.25,0.74,1.46
2998,0,0,0.25,0.74,1.47
2999,0,0,0.25,0.74,1.46
3000,231.90,59.36,0.25,0.74,1.46
3001,0,0,0.25,0.74,1.46
3002,0,0,0.25,0.74,1.47
3003,0,0,0.25,0.74,1.47
3004,0,0,0.25,0.74,1.47
3005,0,0,0.25,0.74,1.47
3006,0,0,0.25,0.74,1.47
3007,0,0,0.25,0.74,1.47
3008,0,0,0.25,0.74,1.47
3009,0,0,0.25,0.74,1.47
3010,231.96,59.34,0.25,0.74,1.47
3011,0,0,0.25,0.74,1.47
3012,0,0,0.25,0.74,1.47
3013,0,0,0.25,0.74,1.47
3014,0,0,0.25,0.74,1.47
3015,0,0,0.25,0.74,1.47
3016,0,0,0.25,0.74,1.47
3017,0,0,0.25,0.74,1.47
3018,0,0,0.25,0.74,1.47
3019,0,0,0.25,0.74,1.47
3020,232.02,59.32,0.25,0.74,1.46
3021,0,0,0.25,0.74,1.47
3022,0,0,0.25,0.74,1.47
3023,0,0,0.25,0.74,1.47
3024,0,0,0.25,0.74,1.47
3025,0,0,0.25,0.73,1.47
3026,0,0,0.25,0.74,1.47
3027,0,0,0.25,0.74,1.47
3028,0,0,0.25,0.74,1.47
3029,0,0,0.25,0.74,1.47
3030,232.08,59.30,0.25,0.74,1.47
3031,0,0,0.25,0.73,1.47
3032,0,0,0.25,0.73,1.47
3033,0,0,0.25,0.74,1.47
3034,0,0,0.25,0.73,1.47
3035,0,0,0.25,0.73,1.47
3036,0,0,0.25,0.73,1.47
3037,0,0,0.25,0.73,1.47
3038,0,0,0.25,0.73,1.47
3039,0,0,0.25,0.74,1.47
3040,232.14,59.27,0.25,0.73,1.47
3041,0,0,0.25,0.73,1.47
3042,0,0,0.25,0.73,1.46
3043,0,0,0.25,0.73,1.47
3044,0,0,0.25,0.73,1.48
3045,0,0,0.25,0.73,1.47
3046,0,0,0.25,0.73,1.47
3047,0,0,0.25,0.73,1.46
3048,0,0,0.25,0.74,1.47
3049,0,0,0.25,0.73,1.47
3050,232.20,59.25,0.25,0.73,1.47
3051,0,0,0.25,0.73,1.47
3052,0,0,0.25,0.73,1.49
3053,0,0,0.25,0.73,1.47
3054,0,0,0.25,0.73,1.47
3055,0,0,0.25,0.73,1.47
3056,0,0,0.25,0.73,1.48
3057,0,0,0.25,0.73,1.47
3058,0,0,0.25,0.73,1.47
3059,0,0,0.25,0.73,1.47
3060,232.26,59.23,0.25,0.73,1.47
3061,0,0,0.25,0.73,1.47
3062,0,0,0.25,0.74,1.47
3063,0,0,0.25,0.73,1.47
3064,0,0,0.25,0.73,1.47
3065,0,0,0.25,0.73,1.47
3066,0,0,0.25,0.73,1.47
3067,0,0,0.25,0.73,1.47
3068,0,0,0.25,0.73,1.47
3069,0,0,0.25,0.73,1.47
3070,232.32,59.20,0.25,0.73,1.47
3071,0,0,0.25,0.73,1.47
3072,0,0,0.25,0.73,1.47
3073,0,0,0.25,0.73,1.47
3074,0,0,0.25,0.73,1.47
3075,0,0,0.25,0.73,1.47
3076,0,0,0.25,0.73,1.47
3077,0,0,0.25,0.73,1.48
3078,0,0,0.25,0.73,1.47
3079,0,0,0.25,0.73,1.48
3080,232.38,59.18,0.25,0.72,1.47
3081,0,0,0.25,0.72,1.47
3082,0,0,0.25,0.73,1.47
3083,0,0,0.25,0.73,1.47
3084,0,0,0.25,0.73,1.47
3085,0,0,0.25,0.73,1.47
3086,0,0,0.25,0.73,1.47
3087,0,0,0.25,0.73,1.47
3088,0,0,0.25,0.73,1.47
3089,0,0,0.25,0.73,1.47
3090,232.44,59.16,0.25,0.72,1.47
3091,0,0,0.25,0.72,1.47
3092,0,0,0.25,0.72,1.47
3093,0,0,0.25,0.73,1.48
3094,0,0,0.25,0.72,1.47
3095,0,0,0.25,0.72,1.47
3096,0,0,0.25,0.73,1.47
3097,0,0,0.25,0.73,1.47
3098,0,0,0.25,0.72,1.47
3099,0,0,0.25,0.72,1.47
3100,232.50,59.14,0.25,0.72,1.47
3101,0,0,0.25,0.72,1.47
3102,0,0,0.25,0.72,1.48
3103,0,0,0.25,0.72,1.47
3104,0,0,0.25,0.72,1.47
3105,0,0,0.24,0.72,1.47
3106,0,0,0.24,0.72,1.47
3107,0,0,0.24,0.72,1.47
3108,0,0,0.24,0.72,1.47
3109,0,0,0.25,0.72,1.47
3110,232.55,59.11,0.24,0.72,1.47
3111,0,0,0.25,0.72,1.47
3112,0,0,0.25,0.72,1.46
3113,0,0,0.24,0.72,1.47
3114,0,0,0.25,0.72,1.47
3115,0,0,0.24,0.72,1.47
3116,0,0,0.24,0.72,1.47
3117,0,0,0.24,0.72,1.47
3118,0,0,0.25,0.72,1.47
3119,0,0,0.25,0.72,1.47
3120,232.61,59.09,0.25,0.72,1.47
3121,0,0,0.25,0.72,1.46
3122,0,0,0.24,0.72,1.47
3123,0,0,0.24,0.72,1.48
3124,0,0,0.24,0.72,1.47
3125,0,0,0.24,0.72,1.47
3126,0,0,0.24,0.72,1.47
3127,0,0,0.25,0.72,1.46
3128,0,0,0.25,0.72,1.47
3129,0,0,0.24,0.72,1.47
3130,232.67,59.07,0.24,0.72,1.47
3131,0,0,0.24,0.71,1.47
3132,0,0,0.24,0.72,1.47
3133,0,0,0.24,0.72,1.47
3134,0,0,0.25,0.72,1.46
3135,0,0,0.24,0.72,1.47
3136,0,0,0.24,0.72,1.47
3137,0,0,0.24,0.72,1.47
3138,0,0,0.24,0.72,1.47
3139,0,0,0.25,0.72,1.46
3140,232.73,59.04,0.24,0.72,1.47
3141,0,0,0.24,0.72,1.47
3142,0,0,0.25,0.72,1.46
3143,0,0,0.24,0.71,1.47
3144,0,0,0.24,0.71,1.47
3145,0,0,0.24,0.71,1.47
3146,0,0,0.25,0.72,1.46
3147,0,0,0.24,0.72,1.47
3148,0,0,0.24,0.71,1.47
3149,0,0,0.24,0.72,1.47
3150,232.79,59.02,0.24,0.72,1.47
3151,0,0,0.24,0.72,1.47
3152,0,0,0.24,0.72,1.47
3153,0,0,0.24,0.71,1.47
3154,0,0,0.24,0.72,1.47
3155,0,0,0.24,0.71,1.46
3156,0,0,0.24,0.72,1.47
3157,0,0,0.25,0.72,1.47
3158,0,0,0.24,0.72,1.47
3159,0,0,0.24,0.71,1.46
3160,232.85,59.00,0.24,0.72,1.47
3161,0,0,0.24,0.72,1.47
3162,0,0,0.24,0.71,1.47
3163,0,0,0.24,0.71,1.47
3164,0,0,0.24,0.72,1.47
3165,0,0,0.24,0.71,1.47
3166,0,0,0.24,0.72,1.47
3167,0,0,0.24,0.71,1.47
3168,0,0,0.24,0.72,1.47
3169,0,0,0.24,0.72,1.47
3170,232.91,58.97,0.24,0.71,1.47
3171,0,0,0.24,0.72,1.47
3172,0,0,0.24,0.71,1.47
3173,0,0,0.24,0.72,1.47
3174,0,0,0.24,0.72,1.47
3175,0,0,0.24,0.71,1.48
3176,0,0,0.24,0.72,1.47
3177,0,0,0.24,0.72,1.47
3178,0,0,0.24,0.71,1.47
3179,0,0,0.24,0.72,1.47
3180,232.97,58.95,0.24,0.71,1.47
3181,0,0,0.24,0.72,1.47
3182,0,0,0.24,0.71,1.47
3183,0,0,0.24,0.72,1.47
3184,0,0,0.24,0.71,1.47
3185,0,0,0.24,0.71,1.47
3186,0,0,0.24,0.71,1.47
3187,0,0,0.24,0.71,1.47
3188,0,0,0.24,0.72,1.47
3189,0,0,0.24,0.71,1.47
3190,233.03,58.93,0.24,0.71,1.47
3191,0,0,0.24,0.72,1.47
3192,0,0,0.24,0.71,1.47
3193,0,0,0.24,0.71,1.47
3194,0,0,0.24,0.71,1.47
3195,0,0,0.24,0.72,1.47
3196,0,0,0.24,0.72,1.47
3197,0,0,0.24,0.71,1.47
3198,0,0,0.24,0.71,1.47
3199,0,0,0.24,0.72,1.47
3200,233.09,58.90,0.24,0.71,1.47
3201,0,0,0.24,0.71,1.47
3202,0,0,0.24,0.71,1.47
3203,0,0,0.24,0.71,1.47
3204,0,0,0.24,0.71,1.47
3205,0,0,0.24,0.71,1.47
3206,0,0,0.24,0.71,1.47
3207,0,0,0.24,0.71,1.47
3208,0,0,0.24,0.71,1.47
3209,0,0,0.24,0.72,1.47
3210,233.15,58.88,0.24,0.72,1.47
3211,0,0,0.24,0.71,1.47
3212,0,0,0.24,0.71,1.47
3213,0,0,0.24,0.71,1.47
3214,0,0,0.24,0.71,1.47
3215,0,0,0.24,0.71,1.47
3216,0,0,0.24,0.71,1.47
3217,0,0,0.24,0.71,1.47
3218,0,0,0.24,0.71,1.47
3219,0,0,0.24,0.71,1.47
3220,233.21,58.86,0.24,0.71,1.47
3221,0,0,0.24,0.71,1.47
3222,0,0,0.24,0.71,1.46
3223,0,0,0.24,0.71,1.47
3224,0,0,0.24,0.71,1.47
3225,0,0,0.24,0.71,1.47
3226,0,0,0.24,0.71,1.47
3227,0,0,0.24,0.71,1.47
3228,0,0,0.24,0.71,1.46
3229,0,0,0.24,0.71,1.47
3230,233.26,58.83,0.24,0.71,1.47
3231,0,0,0.24,0.71,1.47
3232,0,0,0.24,0.71,1.47
3233,0,0,0.24,0.71,1.47
3234,0,0,0.24,0.71,1.47
3235,0,0,0.24,0.71,1.46
3236,0,0,0.24,0.71,1.47
3237,0,0,0.24,0.71,1.47
3238,0,0,0.24,0.71,1.47
3239,0,0,0.24,0.71,1.47
3240,233.32,58.81,0.24,0.71,1.47
3241,0,0,0.24,0.71,1.47
3242,0,0,0.24,0.71,1.47
3243,0,0,0.24,0.71,1.47
3244,0,0,0.24,0.71,1.47
3245,0,0,0.24,0.71,1.47
3246,0,0,0.24,0.71,1.47
3247,0,0,0.24,0.71,1.47
3248,0,0,0.24,0.71,1.47
3249,0,0,0.24,0.71,1.47
3250,233.38,58.79,0.24,0.71,1.47
3251,0,0,0.24,0.71,1.47
3252,0,0,0.24,0.71,1.47
3253,0,0,0.24,0.71,1.47
3254,0,0,0.24,0.71,1.47
3255,0,0,0.24,0.71,1.47
3256,0,0,0.24,0.71,1.47
3257,0,0,0.24,0.71,1.47
3258,0,0,0.24,0.71,1.47
3259,0,0,0.24,0.71,1.47
3260,233.44,58.76,0.24,0.71,1.47
3261,0,0,0.24,0.71,1.47
3262,0,0,0.24,0.71,1.47
3264,0,0,0.24,0.71,1.47
3265,0,0,0.24,0.71,1.47
3266,0,0,0.24,0.71,1.47
3267,0,0,0.24,0.71,1.47
3268,0,0,0.24,0.71,1.47
3269,0,0,0.24,0.71,1.47
3270,0,0,0.24,0.71,1.47
3271,233.50,58.74,0.24,0.71,1.46
3272,0,0,0.24,0.71,1.47
3273,0,0,0.24,0.71,1.47
3274,0,0,0.24,0.71,1.47
3275,0,0,0.24,0.71,1.47
3276,0,0,0.24,0.71,1.47
3277,0,0,0.24,0.71,1.47
3278,0,0,0.24,0.71,1.47
3279,0,0,0.24,0.71,1.47
3280,0,0,0.24,0.71,1.47
3281,233.56,58.72,0.24,0.70,1.46
3282,0,0,0.24,0.70,1.47
3283,0,0,0.24,0.70,1.46
3284,0,0,0.24,0.71,1.47
3285,0,0,0.24,0.70,1.46
3286,0,0,0.24,0.71,1.46
3287,0,0,0.24,0.70,1.47
3288,0,0,0.24,0.70,1.47
3289,0,0,0.24,0.70,1.47
3290,0,0,0.24,0.71,1.46
3291,233.61,58.69,0.24,0.70,1.47
3292,0,0,0.24,0.70,1.47
3293,0,0,0.24,0.70,1.47
3294,0,0,0.24,0.70,1.47
3295,0,0,0.24,0.70,1.46
3296,0,0,0.24,0.70,1.46
3297,0,0,0.24,0.71,1.46
3298,0,0,0.24,0.70,1.46
3299,0,0,0.24,0.70,1.46
3300,0,0,0.24,0.70,1.46
3301,233.67,58.67,0.24,0.70,1.47
3302,0,0,0.24,0.70,1.46
3303,0,0,0.24,0.70,1.46
3304,0,0,0.24,0.70,1.46
3305,0,0,0.24,0.70,1.46
3306,0,0,0.24,0.70,1.47
3307,0,0,0.24,0.70,1.46
3308,0,0,0.24,0.70,1.46
3309,0,0,0.24,0.70,1.46
3310,0,0,0.24,0.70,1.47
3311,233.73,58.65,0.24,0.70,1.46
3312,0,0,0.24,0.70,1.46
3313,0,0,0.24,0.70,1.46
3314,0,0,0.24,0.70,1.46
3315,0,0,0.24,0.70,1.47
3316,0,0,0.24,0.70,1.46
3317,0,0,0.24,0.70,1.47
3318,0,0,0.24,0.70,1.46
3319,0,0,0.24,0.70,1.46
3320,0,0,0.24,0.70,1.46
3321,233.79,58.62,0.24,0.70,1.46
3322,0,0,0.24,0.70,1.46
3323,0,0,0.24,0.70,1.46
3324,0,0,0.24,0.70,1.46
3325,0,0,0.24,0.70,1.46
3326,0,0,0.24,0.70,1.46
3327,0,0,0.24,0.70,1.46
3328,0,0,0.24,0.70,1.46
3329,0,0,0.24,0.70,1.46
3330,0,0,0.24,0.70,1.46
3331,233.85,58.60,0.24,0.70,1.45
3332,0,0,0.24,0.70,1.46
3333,0,0,0.24,0.69,1.46
3334,0,0,0.24,0.70,1.46
3335,0,0,0.24,0.69,1.46
3336,0,0,0.24,0.70,1.46
3337,0,0,0.24,0.70,1.46
3338,0,0,0.24,0.70,1.45
3339,0,0,0.24,0.70,1.46
3340,0,0,0.24,0.69,1.45
3341,233.90,58.58,0.24,0.70,1.46
3342,0,0,0.24,0.70,1.45
3343,0,0,0.24,0.69,1.46
3344,0,0,0.24,0.69,1.45
3345,0,0,0.24,0.69,1.46
3346,0,0,0.24,0.69,1.45
3347,0,0,0.24,0.70,1.45
3348,0,0,0.24,0.70,1.46
3349,0,0,0.24,0.70,1.46
3350,0,0,0.24,0.70,1.46
3351,233.96,58.55,0.24,0.69,1.46
3352,0,0,0.24,0.70,1.45
3353,0,0,0.24,0.69,1.46
3354,0,0,0.24,0.69,1.46
3355,0,0,0.24,0.69,1.46
3356,0,0,0.24,0.69,1.46
3357,0,0,0.24,0.70,1.46
3358,0,0,0.24,0.69,1.47
3359,0,0,0.24,0.69,1.45
3360,0,0,0.24,0.69,1.46
3361,234.02,58.53,0.24,0.69,1.46
3362,0,0,0.24,0.69,1.46
3363,0,0,0.24,0.69,1.45
3364,0,0,0.24,0.69,1.46
3365,0,0,0.24,0.69,1.46
3366,0,0,0.24,0.69,1.46
3367,0,0,0.24,0.69,1.45
3368,0,0,0.24,0.69,1.46
3369,0,0,0.24,0.69,1.45
3370,0,0,0.24,0.69,1.46
3371,234.08,58.51,0.24,0.69,1.45
3372,0,0,0.24,0.69,1.45
3373,0,0,0.24,0.69,1.45
3374,0,0,0.24,0.69,1.45
3375,0,0,0.24,0.69,1.45
3376,0,0,0.24,0.69,1.45
3377,0,0,0.24,0.69,1.46
3378,0,0,0.24,0.69,1.46
3379,0,0,0.24,0.69,1.46
3380,0,0,0.24,0.69,1.45
3381,234.14,58.48,0.24,0.69,1.46
3382,0,0,0.24,0.69,1.46
3383,0,0,0.24,0.69,1.45
3384,0,0,0.24,0.69,1.46
3385,0,0,0.24,0.69,1.45
3386,0,0,0.24,0.69,1.45
3387,0,0,0.24,0.68,1.45
3388,0,0,0.24,0.69,1.45
3389,0,0,0.24,0.69,1.45
3390,0,0,0.24,0.69,1.45
3391,234.19,58.46,0.24,0.69,1.45
3392,0,0,0.24,0.69,1.45
3393,0,0,0.24,0.69,1.45
3394,0,0,0.24,0.69,1.45
3395,0,0,0.24,0.68,1.45
3396,0,0,0.24,0.69,1.45
3397,0,0,0.24,0.68,1.45
3398,0,0,0.24,0.68,1.45
3399,0,0,0.24,0.68,1.45
3400,0,0,0.24,0.68,1.45
3401,234.25,58.44,0.24,0.68,1.45
3402,0,0,0.24,0.68,1.45
3403,0,0,0.24,0.68,1.45
3404,0,0,0.24,0.69,1.45
3405,0,0,0.24,0.68,1.45
3406,0,0,0.24,0.68,1.45
3407,0,0,0.24,0.68,1.45
3408,0,0,0.24,0.68,1.45
3409,0,0,0.23,0.68,1.45
3410,0,0,0.24,0.68,1.44
3411,234.31,58.41,0.23,0.68,1.45
3412,0,0,0.24,0.68,1.45
3413,0,0,0.24,0.68,1.45
3414,0,0,0.23,0.68,1.45
3415,0,0,0.24,0.68,1.44
3416,0,0,0.23,0.68,1.45
3417,0,0,0.24,0.68,1.44
3418,0,0,0.24,0.68,1.44
3419,0,0,0.23,0.68,1.45
3420,0,0,0.24,0.68,1.44
3421,234.36,58.39,0.24,0.68,1.44
3422,0,0,0.24,0.68,1.44
3423,0,0,0.24,0.68,1.44
3424,0,0,0.24,0.68,1.44
3425,0,0,0.24,0.68,1.44
3426,0,0,0.24,0.68,1.44
3427,0,0,0.24,0.68,1.44
3428,0,0,0.23,0.67,1.44
3429,0,0,0.23,0.67,1.44
3430,0,0,0.23,0.67,1.45
3431,234.42,58.37,0.24,0.68,1.44
3432,0,0,0.23,0.67,1.44
3433,0,0,0.24,0.68,1.44
3434,0,0,0.23,0.67,1.44
3435,0,0,0.23,0.67,1.44
3436,0,0,0.23,0.67,1.44
3437,0,0,0.23,0.67,1.44
3438,0,0,0.23,0.67,1.44
3439,0,0,0.23,0.67,1.44
3440,0,0,0.23,0.67,1.44
3441,234.48,58.34,0.23,0.67,1.44
3442,0,0,0.23,0.67,1.44
3443,0,0,0.23,0.67,1.44
3444,0,0,0.23,0.67,1.44
3445,0,0,0.23,0.67,1.44
3446,0,0,0.23,0.67,1.44
3447,0,0,0.23,0.67,1.44
3448,0,0,0.23,0.67,1.44
3449,0,0,0.23,0.67,1.43
3450,0,0,0.23,0.67,1.44
3451,234.54,58.32,0.23,0.67,1.44
3452,0,0,0.24,0.67,1.43
3453,0,0,0.23,0.67,1.43
3454,0,0,0.23,0.67,1.43
3455,0,0,0.23,0.67,1.44
3456,0,0,0.23,0.67,1.44
3457,0,0,0.23,0.67,1.43
3458,0,0,0.23,0.67,1.43
3459,0,0,0.23,0.67,1.43
3460,0,0,0.23,0.66,1.43
3461,234.59,58.29,0.23,0.67,1.43
3462,0,0,0.23,0.67,1.43
3463,0,0,0.23,0.67,1.43
3464,0,0,0.23,0.67,1.43
3465,0,0,0.23,0.67,1.43
3466,0,0,0.23,0.67,1.43
3467,0,0,0.23,0.66,1.43
3468,0,0,0.23,0.66,1.43
3469,0,0,0.23,0.67,1.43
3470,0,0,0.23,0.66,1.43
3471,234.65,58.27,0.23,0.66,1.43
3472,0,0,0.23,0.66,1.43
3473,0,0,0.23,0.66,1.42
3474,0,0,0.23,0.66,1.43
3475,0,0,0.23,0.66,1.43
3476,0,0,0.23,0.67,1.43
3477,0,0,0.23,0.66,1.43
3478,0,0,0.23,0.66,1.43
3479,0,0,0.23,0.66,1.43
3480,234.71,58.25,0.23,0.67,1.44
3481,0,0,0.23,0.66,1.43
3482,0,0,0.23,0.66,1.43
3483,0,0,0.23,0.66,1.43
3484,0,0,0.23,0.66,1.43
3485,0,0,0.23,0.66,1.43
3486,0,0,0.23,0.66,1.43
3487,0,0,0.23,0.66,1.42
3488,0,0,0.23,0.66,1.43
3489,0,0,0.23,0.66,1.43
3490,234.76,58.22,0.23,0.66,1.43
3491,0,0,0.23,0.66,1.43
3492,0,0,0.23,0.66,1.43
3493,0,0,0.23,0.66,1.42
3494,0,0,0.23,0.66,1.42
3495,0,0,0.23,0.66,1.42
3496,0,0,0.23,0.66,1.42
3497,0,0,0.23,0.66,1.42
3498,0,0,0.23,0.66,1.42
3499,0,0,0.23,0.66,1.42
3500,234.82,58.20,0.23,0.66,1.42
3501,0,0,0.23,0.66,1.42
3502,0,0,0.23,0.66,1.42
3503,0,0,0.23,0.66,1.42
3504,0,0,0.23,0.66,1.42
3505,0,0,0.23,0.66,1.42
3506,0,0,0.23,0.66,1.42
3507,0,0,0.23,0.66,1.42
3508,0,0,0.23,0.65,1.42
3509,0,0,0.23,0.65,1.42
3510,234.88,58.18,0.23,0.65,1.42
3511,0,0,0.23,0.66,1.42
3512,0,0,0.23,0.65,1.42
3513,0,0,0.23,0.65,1.42
3514,0,0,0.23,0.65,1.42
3515,0,0,0.23,0.65,1.41
3516,0,0,0.23,0.66,1.41
3517,0,0,0.23,0.65,1.41
3518,0,0,0.23,0.65,1.42
3519,0,0,0.23,0.65,1.41
3520,234.93,58.15,0.23,0.65,1.42
3521,0,0,0.23,0.65,1.42
3522,0,0,0.23,0.65,1.41
3523,0,0,0.23,0.65,1.41
3524,0,0,0.23,0.65,1.41
3525,0,0,0.23,0.65,1.41
3526,0,0,0.23,0.65,1.41
3527,0,0,0.23,0.65,1.41
3528,0,0,0.23,0.65,1.41
3529,0,0,0.23,0.65,1.41
3530,234.99,58.13,0.23,0.65,1.41
3531,0,0,0.23,0.65,1.41
3532,0,0,0.23,0.65,1.41
3533,0,0,0.23,0.65,1.41
3534,0,0,0.23,0.65,1.41
3535,0,0,0.23,0.65,1.41
3536,0,0,0.23,0.65,1.41
3537,0,0,0.23,0.65,1.41
3538,0,0,0.23,0.65,1.41
3539,0,0,0.23,0.65,1.41
3540,235.05,58.10,0.23,0.65,1.41
3541,0,0,0.23,0.65,1.41
3542,0,0,0.23,0.65,1.41
3543,0,0,0.23,0.65,1.41
3544,0,0,0.23,0.65,1.41
3545,0,0,0.23,0.65,1.41
3546,0,0,0.23,0.65,1.41
3547,0,0,0.23,0.65,1.41
3548,0,0,0.23,0.65,1.41
3549,0,0,0.23,0.65,1.41
3550,235.10,58.08,0.23,0.65,1.41
3551,0,0,0.23,0.65,1.41
3552,0,0,0.23,0.65,1.41
3553,0,0,0.23,0.65,1.41
3554,0,0,0.23,0.65,1.41
3555,0,0,0.23,0.65,1.41
3556,0,0,0.23,0.65,1.41
3557,0,0,0.23,0.65,1.41
3558,0,0,0.23,0.65,1.41
3559,0,0,0.23,0.65,1.40
3560,235.16,58.06,0.23,0.65,1.41
3561,0,0,0.23,0.65,1.41
3562,0,0,0.23,0.65,1.41
3563,0,0,0.23,0.65,1.40
3564,0,0,0.23,0.65,1.41
3565,0,0,0.23,0.65,1.41
3566,0,0,0.23,0.65,1.41
3567,0,0,0.23,0.65,1.41
3568,0,0,0.23,0.65,1.40
3569,0,0,0.23,0.65,1.40
3570,235.22,58.03,0.23,0.65,1.40
3571,0,0,0.23,0.65,1.41
3572,0,0,0.23,0.65,1.41
3573,0,0,0.23,0.65,1.40
3574,0,0,0.23,0.65,1.40
3575,0,0,0.23,0.65,1.40
3576,0,0,0.23,0.65,1.40
3577,0,0,0.23,0.65,1.41
3578,0,0,0.23,0.65,1.41
3579,0,0,0.23,0.65,1.41
3580,235.27,58.01,0.23,0.65,1.41
3581,0,0,0.23,0.65,1.40
3582,0,0,0.23,0.65,1.41
3583,0,0,0.23,0.65,1.40
3584,0,0,0.23,0.65,1.40
3585,0,0,0.23,0.65,1.40
3586,0,0,0.23,0.65,1.41
3587,0,0,0.23,0.65,1.41
3588,0,0,0.23,0.65,1.40
3589,0,0,0.23,0.65,1.40
3590,235.33,57.99,0.23,0.65,1.40
3591,0,0,0.23,0.65,1.40
3592,0,0,0.23,0.65,1.40
3593,0,0,0.23,0.65,1.40
3594,0,0,0.23,0.65,1.41
3595,0,0,0.23,0.65,1.41
3596,0,0,0.23,0.65,1.40
3597,0,0,0.23,0.65,1.40
3598,0,0,0.23,0.65,1.41
3599,0,0,0.23,0.65,1.40
3600,235.39,57.96,0.23,0.65,1.41
3601,0,0,0.23,0.65,1.40
3602,0,0,0.23,0.65,1.41
3603,0,0,0.23,0.65,1.40
3604,0,0,0.23,0.65,1.40
3605,0,0,0.23,0.65,1.40
3606,0,0,0.23,0.65,1.40
3607,0,0,0.23,0.65,1.39
3608,0,0,0.23,0.65,1.40
3609,0,0,0.23,0.65,1.40
3610,235.44,57.94,0.23,0.65,1.40
3611,0,0,0.23,0.64,1.40
3612,0,0,0.23,0.65,1.40
3613,0,0,0.23,0.65,1.40
3614,0,0,0.23,0.65,1.40
3615,0,0,0.23,0.65,1.40
3616,0,0,0.23,0.64,1.40
3617,0,0,0.23,0.64,1.40
3618,0,0,0.23,0.64,1.40
3619,0,0,0.23,0.65,1.40
3620,235.50,57.91,0.23,0.64,1.39
3621,0,0,0.23,0.64,1.40
3622,0,0,0.23,0.65,1.40
3623,0,0,0.23,0.64,1.40
3624,0,0,0.23,0.64,1.40
3625,0,0,0.23,0.64,1.40
3626,0,0,0.23,0.64,1.40
3627,0,0,0.23,0.64,1.40
3628,0,0,0.23,0.64,1.40
3629,0,0,0.23,0.64,1.39
3630,235.56,57.89,0.23,0.64,1.40
3631,0,0,0.23,0.64,1.40
3632,0,0,0.23,0.64,1.40
3633,0,0,0.23,0.64,1.40
3634,0,0,0.23,0.65,1.40
3635,0,0,0.23,0.64,1.40
3636,0,0,0.23,0.64,1.40
3637,0,0,0.23,0.65,1.40
3638,0,0,0.23,0.64,1.40
3639,0,0,0.23,0.64,1.40
3640,235.61,57.87,0.23,0.64,1.39
3641,0,0,0.23,0.64,1.40
3642,0,0,0.23,0.64,1.40
3643,0,0,0.23,0.64,1.39
3644,0,0,0.23,0.64,1.40
3645,0,0,0.23,0.64,1.40
3646,0,0,0.23,0.64,1.39
3647,0,0,0.23,0.64,1.39
3648,0,0,0.23,0.64,1.39
3649,0,0,0.23,0.64,1.39
3650,235.67,57.84,0.23,0.64,1.39
3651,0,0,0.23,0.64,1.39
3652,0,0,0.23,0.64,1.39
3653,0,0,0.23,0.64,1.40
3654,0,0,0.23,0.64,1.40
3655,0,0,0.23,0.64,1.39
3656,0,0,0.23,0.64,1.39
3657,0,0,0.23,0.64,1.39
3658,0,0,0.23,0.64,1.39
3659,0,0,0.23,0.64,1.39
3660,235.72,57.82,0.23,0.64,1.39
3661,0,0,0.23,0.64,1.39
3662,0,0,0.23,0.64,1.39
3663,0,0,0.23,0.64,1.39
3664,0,0,0.23,0.64,1.39
3665,0,0,0.23,0.64,1.39
3666,0,0,0.23,0.64,1.39
3667,0,0,0.23,0.64,1.39
3668,0,0,0.23,0.64,1.39
3669,0,0,0.23,0.64,1.39
3670,235.78,57.79,0.23,0.64,1.39
3671,0,0,0.23,0.64,1.39
3672,0,0,0.23,0.64,1.39
3673,0,0,0.23,0.64,1.38
3674,0,0,0.23,0.63,1.39
3675,0,0,0.23,0.63,1.39
3676,0,0,0.23,0.64,1.39
3677,0,0,0.23,0.64,1.39
3678,0,0,0.23,0.63,1.39
3679,0,0,0.23,0.64,1.39
3680,235.83,57.77,0.23,0.64,1.39
3681,0,0,0.23,0.63,1.39
3682,0,0,0.23,0.64,1.39
3683,0,0,0.23,0.63,1.39
3684,0,0,0.23,0.63,1.39
3685,0,0,0.23,0.64,1.39
3686,0,0,0.23,0.63,1.39
3687,0,0,0.23,0.63,1.39
3688,0,0,0.23,0.63,1.39
3689,0,0,0.23,0.64,1.38
3690,235.89,57.75,0.23,0.64,1.39
3691,0,0,0.23,0.63,1.39
3692,0,0,0.23,0.63,1.39
3693,0,0,0.23,0.64,1.38
3694,0,0,0.23,0.63,1.39
3695,0,0,0.23,0.63,1.38
3696,0,0,0.23,0.63,1.39
3697,0,0,0.23,0.63,1.39
3698,0,0,0.23,0.63,1.38
3699,0,0,0.23,0.63,1.39
3700,235.95,57.72,0.23,0.63,1.39
3701,0,0,0.23,0.63,1.39
3702,0,0,0.23,0.63,1.39
3703,0,0,0.23,0.63,1.39
3704,0,0,0.23,0.63,1.38
3705,0,0,0.23,0.63,1.38
3706,0,0,0.23,0.63,1.39
3707,0,0,0.23,0.63,1.38
3708,0,0,0.23,0.63,1.39
3709,0,0,0.23,0.63,1.39
3710,236.00,57.70,0.23,0.63,1.38
3711,0,0,0.23,0.63,1.38
3712,0,0,0.23,0.63,1.38
3713,0,0,0.23,0.63,1.38
3714,0,0,0.23,0.63,1.38
3715,0,0,0.23,0.63,1.38
3716,0,0,0.23,0.63,1.38
3717,0,0,0.23,0.63,1.38
3718,0,0,0.23,0.63,1.38
3719,0,0,0.23,0.63,1.39
3720,236.06,57.67,0.23,0.63,1.38
3721,0,0,0.23,0.63,1.38
3722,0,0,0.23,0.63,1.38
3723,0,0,0.23,0.63,1.38
3724,0,0,0.23,0.63,1.38
3725,0,0,0.23,0.63,1.38
3726,0,0,0.23,0.63,1.38
3727,0,0,0.23,0.63,1.38
3728,0,0,0.23,0.63,1.38
3729,0,0,0.23,0.63,1.38
3730,236.11,57.65,0.23,0.63,1.38
3732,0,0,0.23,0.63,1.38
3733,0,0,0.23,0.63,1.38
3734,0,0,0.23,0.63,1.38
3735,0,0,0.23,0.63,1.38
3736,0,0,0.23,0.62,1.37
3737,0,0,0.23,0.63,1.38
3738,0,0,0.23,0.63,1.37
3739,0,0,0.23,0.63,1.38
3740,0,0,0.22,0.62,1.38
3741,236.17,57.63,0.22,0.62,1.38
3742,0,0,0.22,0.62,1.38
3743,0,0,0.23,0.63,1.38
3744,0,0,0.23,0.62,1.38
3745,0,0,0.23,0.62,1.38
3746,0,0,0.23,0.62,1.38
3747,0,0,0.23,0.62,1.37
3748,0,0,0.22,0.62,1.38
3749,0,0,0.23,0.62,1.38
3750,0,0,0.23,0.62,1.38
3751,236.22,57.60,0.23,0.62,1.37
3752,0,0,0.23,0.62,1.38
3753,0,0,0.22,0.62,1.37
3754,0,0,0.23,0.62,1.38
3755,0,0,0.23,0.62,1.38
3756,0,0,0.22,0.62,1.38
3757,0,0,0.22,0.62,1.37
3758,0,0,0.22,0.62,1.37
3759,0,0,0.22,0.62,1.37
3760,0,0,0.22,0.62,1.38
3761,236.28,57.58,0.22,0.62,1.37
3762,0,0,0.23,0.62,1.37
3763,0,0,0.22,0.62,1.38
3764,0,0,0.22,0.62,1.37
3765,0,0,0.23,0.62,1.37
3766,0,0,0.23,0.62,1.38
3767,0,0,0.23,0.62,1.37
3768,0,0,0.23,0.62,1.37
3769,0,0,0.23,0.62,1.37
3770,0,0,0.22,0.62,1.38
3771,236.33,57.55,0.22,0.62,1.38
3772,0,0,0.22,0.62,1.37
3773,0,0,0.23,0.62,1.37
3774,0,0,0.23,0.62,1.38
3775,0,0,0.23,0.62,1.37
3776,0,0,0.22,0.62,1.38
3777,0,0,0.22,0.62,1.38
3778,0,0,0.22,0.62,1.38
3779,0,0,0.22,0.62,1.38
3780,0,0,0.22,0.62,1.38
3781,236.39,57.53,0.22,0.62,1.38
3782,0,0,0.23,0.62,1.37
3783,0,0,0.23,0.62,1.38
3784,0,0,0.22,0.62,1.38
3785,0,0,0.23,0.62,1.38
3786,0,0,0.22,0.62,1.38
3787,0,0,0.22,0.62,1.38
3788,0,0,0.22,0.62,1.37
3789,0,0,0.22,0.62,1.38
3790,0,0,0.22,0.62,1.37
3791,236.44,57.50,0.22,0.62,1.38
3792,0,0,0.22,0.62,1.38
3793,0,0,0.22,0.62,1.37
3794,0,0,0.22,0.62,1.38
3795,0,0,0.22,0.62,1.38
3796,0,0,0.22,0.62,1.37
3797,0,0,0.22,0.61,1.38
3798,0,0,0.22,0.61,1.38
3799,0,0,0.22,0.62,1.38
3800,0,0,0.22,0.62,1.37
3801,236.50,57.48,0.22,0.62,1.38
3802,0,0,0.22,0.62,1.38
3803,0,0,0.22,0.62,1.38
3804,0,0,0.22,0.61,1.38
3805,0,0,0.22,0.62,1.37
3806,0,0,0.22,0.62,1.37
3807,0,0,0.22,0.62,1.38
3808,0,0,0.22,0.62,1.38
3809,0,0,0.22,0.62,1.38
3810,0,0,0.22,0.62,1.38
3811,236.55,57.46,0.22,0.61,1.38
3812,0,0,0.22,0.61,1.37
3813,0,0,0.22,0.62,1.38
3814,0,0,0.22,0.62,1.38
3815,0,0,0.22,0.62,1.38
3816,0,0,0.22,0.61,1.38
3817,0,0,0.22,0.61,1.38
3818,0,0,0.22,0.62,1.38
3819,0,0,0.22,0.62,1.38
3820,0,0,0.22,0.61,1.38
3821,236.61,57.43,0.22,0.61,1.37
3822,0,0,0.22,0.62,1.38
3823,0,0,0.22,0.61,1.38
3824,0,0,0.22,0.61,1.37
3825,0,0,0.22,0.61,1.37
3826,0,0,0.22,0.61,1.38
3827,0,0,0.22,0.61,1.38
3828,0,0,0.22,0.61,1.37
3829,0,0,0.22,0.61,1.38
3830,0,0,0.22,0.61,1.37
3831,236.66,57.41,0.22,0.61,1.37
3832,0,0,0.22,0.61,1.38
3833,0,0,0.22,0.61,1.38
3834,0,0,0.22,0.61,1.38
3835,0,0,0.22,0.61,1.37
3836,0,0,0.22,0.61,1.38
3837,0,0,0.22,0.61,1.38
3838,0,0,0.22,0.61,1.38
3839,0,0,0.22,0.61,1.37
3840,0,0,0.22,0.61,1.37
3841,236.72,57.38,0.22,0.61,1.38
3842,0,0,0.22,0.61,1.37
3843,0,0,0.22,0.61,1.37
3844,0,0,0.22,0.61,1.37
3845,0,0,0.22,0.61,1.37
3846,0,0,0.22,0.61,1.37
3847,0,0,0.22,0.61,1.37
3848,0,0,0.22,0.61,1.37
3849,0,0,0.22,0.61,1.37
3850,0,0,0.22,0.61,1.37
3851,236.77,57.36,0.22,0.61,1.37
3852,0,0,0.22,0.61,1.38
3853,0,0,0.22,0.61,1.37
3854,0,0,0.22,0.61,1.37
3855,0,0,0.22,0.61,1.37
3856,0,0,0.22,0.60,1.37
3857,0,0,0.22,0.61,1.37
3858,0,0,0.22,0.60,1.37
3859,0,0,0.22,0.60,1.37
3860,0,0,0.22,0.60,1.37
3861,236.83,57.34,0.22,0.60,1.37
3862,0,0,0.22,0.61,1.37
3863,0,0,0.22,0.61,1.37
3864,0,0,0.22,0.61,1.37
3865,0,0,0.22,0.61,1.37
3866,0,0,0.22,0.60,1.37
3867,0,0,0.22,0.60,1.37
3868,0,0,0.22,0.60,1.37
3869,0,0,0.22,0.60,1.37
3870,0,0,0.22,0.60,1.37
3871,236.88,57.31,0.22,0.60,1.37
3872,0,0,0.22,0.60,1.37
3873,0,0,0.22,0.60,1.36
3874,0,0,0.22,0.60,1.37
3875,0,0,0.22,0.60,1.37
3876,0,0,0.22,0.60,1.37
3877,0,0,0.22,0.60,1.37
3878,0,0,0.22,0.60,1.37
3879,0,0,0.22,0.60,1.37
3880,0,0,0.22,0.60,1.36
3881,236.94,57.29,0.22,0.60,1.36
3882,0,0,0.22,0.60,1.36
3883,0,0,0.22,0.60,1.37
3884,0,0,0.22,0.60,1.36
3885,0,0,0.22,0.60,1.36
3886,0,0,0.22,0.60,1.36
3887,0,0,0.22,0.60,1.36
3888,0,0,0.22,0.60,1.36
3889,0,0,0.22,0.60,1.36
3890,0,0,0.22,0.60,1.36
3891,236.99,57.26,0.22,0.60,1.36
3892,0,0,0.22,0.60,1.36
3893,0,0,0.22,0.60,1.36
3894,0,0,0.22,0.60,1.36
3895,0,0,0.22,0.60,1.36
3896,0,0,0.22,0.60,1.36
3897,0,0,0.22,0.60,1.36
3898,0,0,0.22,0.60,1.36
3899,0,0,0.22,0.59,1.36
3900,0,0,0.22,0.59,1.35
3901,237.04,57.24,0.22,0.60,1.36
3902,0,0,0.22,0.60,1.36
3903,0,0,0.22,0.59,1.36
3904,0,0,0.22,0.59,1.36
3905,0,0,0.22,0.59,1.36
3906,0,0,0.22,0.59,1.36
3907,0,0,0.22,0.59,1.35
3908,0,0,0.22,0.59,1.35
3909,0,0,0.22,0.59,1.36
3910,0,0,0.22,0.59,1.35
3911,237.10,57.21,0.22,0.59,1.35
3912,0,0,0.22,0.59,1.36
3913,0,0,0.22,0.59,1.36
3914,0,0,0.22,0.59,1.36
3915,0,0,0.22,0.59,1.36
3916,0,0,0.22,0.59,1.35
3917,0,0,0.22,0.59,1.35
3918,0,0,0.22,0.59,1.35
3919,0,0,0.22,0.59,1.36
3920,0,0,0.22,0.59,1.35
3921,237.15,57.19,0.22,0.59,1.35
3922,0,0,0.22,0.59,1.35
3923,0,0,0.22,0.59,1.36
3924,0,0,0.22,0.59,1.35
3925,0,0,0.22,0.59,1.35
3926,0,0,0.22,0.59,1.35
3927,0,0,0.22,0.59,1.35
3928,0,0,0.22,0.59,1.35
3929,0,0,0.22,0.59,1.35
3930,0,0,0.22,0.59,1.35
3931,237.21,57.16,0.22,0.59,1.36
3932,0,0,0.22,0.59,1.35
3933,0,0,0.22,0.59,1.35
3934,0,0,0.21,0.58,1.35
3935,0,0,0.22,0.59,1.35
3936,0,0,0.22,0.59,1.35
3937,0,0,0.22,0.59,1.35
3938,0,0,0.22,0.59,1.35
3939,0,0,0.22,0.59,1.36
3940,0,0,0.22,0.59,1.35
3941,237.26,57.14,0.22,0.59,1.35
3942,0,0,0.22,0.59,1.35
3943,0,0,0.22,0.59,1.35
3944,0,0,0.22,0.59,1.35
3945,0,0,0.22,0.58,1.35
3946,0,0,0.22,0.58,1.35
3947,0,0,0.22,0.58,1.35
3948,0,0,0.21,0.58,1.35
3949,0,0,0.22,0.58,1.35
3950,0,0,0.22,0.58,1.34
3951,237.32,57.12,0.22,0.58,1.35
3952,0,0,0.22,0.58,1.35
3953,0,0,0.22,0.59,1.35
3954,0,0,0.22,0.58,1.34
3955,0,0,0.22,0.58,1.35
3956,0,0,0.22,0.58,1.35
3957,0,0,0.22,0.58,1.34
3958,0,0,0.22,0.58,1.35
3959,0,0,0.22,0.58,1.35
3960,0,0,0.22,0.58,1.35
3961,237.37,57.09,0.22,0.58,1.35
3962,0,0,0.21,0.58,1.35
3963,0,0,0.22,0.58,1.35
3964,0,0,0.22,0.58,1.35
3965,0,0,0.22,0.58,1.34
3966,0,0,0.22,0.58,1.35
3967,0,0,0.21,0.58,1.35
3968,0,0,0.22,0.58,1.34
3969,0,0,0.22,0.58,1.34
3970,0,0,0.22,0.58,1.35
3971,237.42,57.07,0.22,0.58,1.34
3972,0,0,0.21,0.58,1.35
3973,0,0,0.22,0.58,1.35
3974,0,0,0.22,0.58,1.35
3975,0,0,0.21,0.58,1.34
3976,0,0,0.21,0.58,1.34
3977,0,0,0.21,0.58,1.34
3978,0,0,0.21,0.58,1.34
3979,0,0,0.22,0.58,1.34
3980,0,0,0.21,0.58,1.34
3981,237.48,57.04,0.21,0.58,1.35
3982,0,0,0.21,0.58,1.34
3983,0,0,0.21,0.58,1.35
3984,0,0,0.21,0.58,1.34
3985,0,0,0.21,0.58,1.34
3986,0,0,0.21,0.58,1.34
3987,0,0,0.22,0.58,1.34
3988,0,0,0.21,0.58,1.34
3989,0,0,0.21,0.58,1.34
3990,0,0,0.22,0.58,1.34
3991,237.53,57.02,0.21,0.58,1.34
3992,0,0,0.21,0.57,1.34
3993,0,0,0.21,0.58,1.34
3994,0,0,0.21,0.58,1.34
3995,0,0,0.21,0.58,1.34
3996,0,0,0.22,0.58,1.34
3997,0,0,0.21,0.57,1.34
3998,0,0,0.22,0.58,1.34
3999,0,0,0.21,0.57,1.34
4000,0,0,0.21,0.57,1.34
4001,237.59,56.99,0.21,0.58,1.34
4002,0,0,0.21,0.57,1.34
4003,0,0,0.21,0.57,1.34
4004,0,0,0.21,0.57,1.34
4005,0,0,0.21,0.57,1.34
4006,0,0,0.21,0.57,1.34
4007,0,0,0.21,0.57,1.34
4008,0,0,0.21,0.57,1.34
4009,0,0,0.21,0.57,1.34
4010,0,0,0.21,0.58,1.34
4011,237.64,56.97,0.21,0.57,1.35
4012,0,0,0.21,0.57,1.34
4013,0,0,0.21,0.57,1.34
4014,0,0,0.21,0.57,1.34
4015,0,0,0.21,0.57,1.34
4016,0,0,0.21,0.57,1.34
4017,0,0,0.21,0.57,1.34
4018,0,0,0.21,0.57,1.34
4019,0,0,0.21,0.57,1.34
4020,0,0,0.21,0.57,1.33
4021,237.69,56.94,0.21,0.57,1.34
4022,0,0,0.21,0.57,1.34
4023,0,0,0.21,0.57,1.34
4024,0,0,0.21,0.57,1.34
4025,0,0,0.21,0.57,1.34
4026,0,0,0.21,0.57,1.34
4027,0,0,0.21,0.57,1.33
4028,0,0,0.21,0.57,1.34
4029,0,0,0.21,0.57,1.34
4030,0,0,0.21,0.57,1.34
4031,237.75,56.92,0.21,0.57,1.33
4032,0,0,0.21,0.57,1.34
4033,0,0,0.21,0.57,1.33
4034,0,0,0.21,0.57,1.34
4035,0,0,0.21,0.57,1.34
4036,0,0,0.21,0.56,1.34
4037,0,0,0.21,0.57,1.34
4038,0,0,0.21,0.57,1.34
4039,0,0,0.21,0.57,1.33
4040,0,0,0.21,0.57,1.33
4041,237.80,56.89,0.21,0.57,1.34
4042,0,0,0.21,0.57,1.33
4043,0,0,0.21,0.57,1.33
4044,0,0,0.21,0.57,1.33
4045,0,0,0.21,0.57,1.34
4046,0,0,0.21,0.57,1.34
4047,0,0,0.21,0.57,1.34
4048,0,0,0.21,0.57,1.33
4049,0,0,0.21,0.56,1.34
4050,0,0,0.21,0.56,1.34
4051,237.86,56.87,0.21,0.56,1.34
4052,0,0,0.21,0.56,1.33
4053,0,0,0.21,0.56,1.33
4054,0,0,0.21,0.56,1.33
4055,0,0,0.21,0.56,1.33
4056,0,0,0.21,0.56,1.33
4057,0,0,0.21,0.56,1.33
4058,0,0,0.21,0.56,1.33
4059,0,0,0.21,0.56,1.33
4060,237.91,56.85,0.21,0.57,1.33
4061,0,0,0.21,0.56,1.33
4062,0,0,0.21,0.56,1.33
4063,0,0,0.21,0.56,1.33
4064,0,0,0.21,0.56,1.33
4065,0,0,0.21,0.56,1.33
4066,0,0,0.21,0.56,1.33
4067,0,0,0.21,0.56,1.33
4068,0,0,0.21,0.56,1.33
4069,0,0,0.21,0.56,1.33
4070,237.96,56.82,0.21,0.56,1.33
4071,0,0,0.21,0.56,1.33
4072,0,0,0.21,0.56,1.33
4073,0,0,0.21,0.56,1.32
4074,0,0,0.21,0.56,1.33
4075,0,0,0.21,0.56,1.32
4076,0,0,0.21,0.56,1.32
4077,0,0,0.21,0.56,1.32
4078,0,0,0.21,0.56,1.32
4079,0,0,0.21,0.56,1.31
4080,238.02,56.80,0.21,0.56,1.33
4081,0,0,0.21,0.55,1.32
4082,0,0,0.21,0.56,1.32
4083,0,0,0.21,0.56,1.32
4084,0,0,0.21,0.56,1.32
4085,0,0,0.21,0.55,1.32
4086,0,0,0.21,0.55,1.32
4087,0,0,0.21,0.56,1.32
4088,0,0,0.21,0.56,1.32
4089,0,0,0.21,0.55,1.32
4090,238.07,56.77,0.21,0.55,1.32
4091,0,0,0.21,0.55,1.32
4092,0,0,0.21,0.55,1.32
4093,0,0,0.21,0.55,1.33
4094,0,0,0.21,0.55,1.32
4095,0,0,0.21,0.55,1.32
4096,0,0,0.21,0.56,1.32
4097,0,0,0.21,0.55,1.32
4098,0,0,0.21,0.55,1.32
4099,0,0,0.21,0.55,1.32
4100,238.12,56.75,0.21,0.55,1.32
4101,0,0,0.21,0.55,1.32
4102,0,0,0.21,0.55,1.31
4103,0,0,0.21,0.55,1.32
4104,0,0,0.21,0.55,1.31
4105,0,0,0.21,0.55,1.31
4106,0,0,0.21,0.55,1.32
4107,0,0,0.21,0.55,1.32
4108,0,0,0.21,0.55,1.31
4109,0,0,0.21,0.55,1.31
4110,238.18,56.72,0.21,0.55,1.31
4111,0,0,0.21,0.55,1.32
4112,0,0,0.21,0.55,1.31
4113,0,0,0.21,0.55,1.32
4114,0,0,0.21,0.55,1.31
4115,0,0,0.21,0.55,1.31
4116,0,0,0.21,0.55,1.32
4117,0,0,0.21,0.55,1.31
4118,0,0,0.21,0.55,1.31
4119,0,0,0.21,0.55,1.31
4120,238.23,56.70,0.21,0.55,1.31
4121,0,0,0.21,0.55,1.31
4122,0,0,0.21,0.55,1.31
4123,0,0,0.21,0.54,1.31
4124,0,0,0.21,0.55,1.31
4125,0,0,0.21,0.55,1.31
4126,0,0,0.21,0.55,1.31
4127,0,0,0.21,0.54,1.31
4128,0,0,0.21,0.54,1.31
4129,0,0,0.21,0.55,1.31
4130,238.28,56.67,0.21,0.55,1.31
4131,0,0,0.21,0.54,1.31
4132,0,0,0.21,0.55,1.31
4133,0,0,0.21,0.54,1.30
4134,0,0,0.21,0.54,1.31
4135,0,0,0.21,0.54,1.31
4136,0,0,0.21,0.54,1.31
4137,0,0,0.21,0.54,1.31
4138,0,0,0.21,0.54,1.31
4139,0,0,0.21,0.54,1.31
4140,238.34,56.65,0.21,0.54,1.31
4141,0,0,0.21,0.54,1.30
4142,0,0,0.21,0.54,1.30
4143,0,0,0.21,0.54,1.31
4144,0,0,0.21,0.54,1.31
4145,0,0,0.21,0.54,1.31
4146,0,0,0.21,0.54,1.30
4147,0,0,0.21,0.54,1.30
4148,0,0,0.21,0.54,1.31
4149,0,0,0.21,0.54,1.31
4150,238.39,56.62,0.21,0.54,1.31
4151,0,0,0.21,0.54,1.31
4152,0,0,0.21,0.54,1.31
4153,0,0,0.21,0.54,1.31
4154,0,0,0.21,0.54,1.30
4155,0,0,0.21,0.54,1.30
4156,0,0,0.21,0.54,1.30
4157,0,0,0.21,0.54,1.30
4158,0,0,0.21,0.54,1.30
4159,0,0,0.21,0.54,1.30
4160,238.44,56.60,0.21,0.54,1.30
4161,0,0,0.21,0.54,1.30
4162,0,0,0.21,0.54,1.30
4163,0,0,0.21,0.54,1.30
4164,0,0,0.21,0.54,1.30
4165,0,0,0.21,0.54,1.31
4166,0,0,0.21,0.54,1.30
4167,0,0,0.21,0.54,1.30
4168,0,0,0.21,0.54,1.30
4169,0,0,0.21,0.54,1.30
4170,238.49,56.57,0.21,0.54,1.30
4171,0,0,0.21,0.54,1.30
4172,0,0,0.21,0.54,1.31
4173,0,0,0.21,0.54,1.30
4174,0,0,0.21,0.54,1.30
4175,0,0,0.21,0.54,1.30
4176,0,0,0.21,0.54,1.30
4177,0,0,0.21,0.54,1.30
4178,0,0,0.21,0.54,1.30
4179,0,0,0.21,0.54,1.30
4180,238.55,56.55,0.21,0.54,1.30
4181,0,0,0.21,0.54,1.30
4182,0,0,0.21,0.54,1.30
4183,0,0,0.21,0.54,1.30
4184,0,0,0.21,0.54,1.30
4185,0,0,0.21,0.54,1.30
4186,0,0,0.21,0.54,1.30
4187,0,0,0.21,0.54,1.30
4188,0,0,0.20,0.53,1.30
4189,0,0,0.21,0.54,1.30
4190,238.60,56.52,0.21,0.54,1.30
4191,0,0,0.20,0.53,1.30
4192,0,0,0.20,0.53,1.30
4193,0,0,0.21,0.54,1.30
4194,0,0,0.21,0.53,1.30
4195,0,0,0.21,0.54,1.30
4196,0,0,0.21,0.54,1.30
4197,0,0,0.20,0.53,1.30
4198,0,0,0.21,0.53,1.30
4200,0,0,0.21,0.54,1.30
4201,238.65,56.50,0.21,0.53,1.29
4202,0,0,0.21,0.54,1.30
4203,0,0,0.21,0.53,1.29
4204,0,0,0.21,0.53,1.30
4205,0,0,0.21,0.53,1.30
4206,0,0,0.21,0.53,1.30
4207,0,0,0.21,0.53,1.29
4208,0,0,0.21,0.53,1.29
4209,0,0,0.21,0.53,1.30
4210,0,0,0.21,0.53,1.30
4211,238.71,56.48,0.20,0.53,1.29
4212,0,0,0.21,0.53,1.29
4213,0,0,0.21,0.53,1.29
4214,0,0,0.21,0.53,1.29
4215,0,0,0.21,0.53,1.29
4216,0,0,0.20,0.53,1.29
4217,0,0,0.21,0.53,1.29
4218,0,0,0.21,0.53,1.29
4219,0,0,0.21,0.53,1.29
4220,0,0,0.21,0.53,1.29
4221,238.76,56.45,0.20,0.53,1.29
4222,0,0,0.20,0.53,1.29
4223,0,0,0.21,0.53,1.29
4224,0,0,0.20,0.53,1.29
4225,0,0,0.21,0.53,1.29
4226,0,0,0.20,0.53,1.29
4227,0,0,0.21,0.53,1.29
4228,0,0,0.21,0.53,1.29
4229,0,0,0.20,0.53,1.29
4230,0,0,0.21,0.53,1.29
4231,238.81,56.43,0.21,0.53,1.29
4232,0,0,0.21,0.53,1.29
4233,0,0,0.20,0.53,1.29
4234,0,0,0.20,0.53,1.29
4235,0,0,0.20,0.53,1.29
4236,0,0,0.21,0.53,1.29
4237,0,0,0.21,0.53,1.29
4238,0,0,0.21,0.53,1.29
4239,0,0,0.21,0.53,1.29
4240,0,0,0.21,0.53,1.29
4241,238.86,56.40,0.21,0.53,1.29
4242,0,0,0.21,0.53,1.29
4243,0,0,0.20,0.52,1.29
4244,0,0,0.21,0.53,1.29
4245,0,0,0.21,0.53,1.29
4246,0,0,0.21,0.53,1.29
4247,0,0,0.21,0.53,1.29
4248,0,0,0.20,0.52,1.29
4249,0,0,0.20,0.52,1.29
4250,0,0,0.20,0.52,1.29
4251,238.91,56.38,0.21,0.53,1.29
4252,0,0,0.21,0.53,1.29
4253,0,0,0.20,0.52,1.29
4254,0,0,0.20,0.53,1.29
4255,0,0,0.21,0.53,1.28
4256,0,0,0.20,0.52,1.28
4257,0,0,0.21,0.53,1.29
4258,0,0,0.20,0.52,1.28
4259,0,0,0.20,0.52,1.29
4260,0,0,0.20,0.52,1.28
4261,238.97,56.35,0.20,0.52,1.28
4262,0,0,0.20,0.52,1.29
4263,0,0,0.20,0.52,1.28
4264,0,0,0.20,0.52,1.28
4265,0,0,0.20,0.52,1.28
4266,0,0,0.20,0.52,1.28
4267,0,0,0.20,0.52,1.28
4268,0,0,0.20,0.52,1.28
4269,0,0,0.20,0.52,1.28
4270,0,0,0.21,0.53,1.28
4271,239.02,56.33,0.20,0.52,1.28
4272,0,0,0.20,0.52,1.28
4273,0,0,0.20,0.52,1.28
4274,0,0,0.20,0.52,1.28
4275,0,0,0.20,0.52,1.28
4276,0,0,0.20,0.52,1.28
4277,0,0,0.20,0.52,1.28
4278,0,0,0.20,0.52,1.28
4279,0,0,0.20,0.52,1.28
4280,0,0,0.20,0.52,1.28
4281,239.07,56.30,0.20,0.52,1.28
4282,0,0,0.20,0.52,1.28
4283,0,0,0.20,0.52,1.28
4284,0,0,0.20,0.52,1.28
4285,0,0,0.20,0.52,1.28
4286,0,0,0.20,0.52,1.28
4287,0,0,0.20,0.52,1.28
4288,0,0,0.20,0.52,1.28
4289,0,0,0.20,0.52,1.28
4290,0,0,0.20,0.52,1.28
4291,239.12,56.28,0.20,0.52,1.28
4292,0,0,0.20,0.52,1.27
4293,0,0,0.20,0.52,1.28
4294,0,0,0.20,0.52,1.28
4295,0,0,0.20,0.52,1.28
4296,0,0,0.20,0.52,1.28
4297,0,0,0.20,0.52,1.28
4298,0,0,0.20,0.52,1.28
4299,0,0,0.20,0.52,1.28
4300,0,0,0.20,0.52,1.27
4301,239.18,56.25,0.20,0.52,1.27
4302,0,0,0.20,0.52,1.28
4303,0,0,0.20,0.52,1.28
4304,0,0,0.20,0.52,1.28
4305,0,0,0.20,0.52,1.28
4306,0,0,0.20,0.52,1.27
4307,0,0,0.20,0.51,1.28
4308,0,0,0.20,0.52,1.27
4309,0,0,0.20,0.52,1.27
4310,0,0,0.20,0.52,1.27
4311,239.23,56.23,0.20,0.52,1.27
4312,0,0,0.20,0.51,1.27
4313,0,0,0.20,0.52,1.27
4314,0,0,0.20,0.51,1.28
4315,0,0,0.20,0.52,1.28
4316,0,0,0.20,0.52,1.28
4317,0,0,0.20,0.52,1.27
4318,0,0,0.20,0.52,1.27
4319,0,0,0.20,0.51,1.27
4320,0,0,0.20,0.52,1.27
4321,239.28,56.20,0.20,0.52,1.28
4322,0,0,0.20,0.52,1.28
4323,0,0,0.20,0.52,1.27
4324,0,0,0.20,0.51,1.28
4325,0,0,0.20,0.51,1.27
4326,0,0,0.20,0.51,1.27
4327,0,0,0.20,0.52,1.27
4328,0,0,0.20,0.51,1.27
4329,0,0,0.20,0.51,1.27
4330,0,0,0.20,0.51,1.27
4331,239.33,56.18,0.20,0.51,1.27
4332,0,0,0.20,0.51,1.27
4333,0,0,0.20,0.51,1.27
4334,0,0,0.20,0.51,1.27
4335,0,0,0.20,0.51,1.27
4336,0,0,0.20,0.51,1.27
4337,0,0,0.20,0.51,1.27
4338,0,0,0.20,0.51,1.27
4339,0,0,0.20,0.51,1.27
4340,0,0,0.20,0.51,1.27
4341,239.38,56.15,0.20,0.51,1.27
4342,0,0,0.20,0.51,1.28
4343,0,0,0.20,0.51,1.27
4344,0,0,0.20,0.51,1.27
4345,0,0,0.20,0.51,1.27
4346,0,0,0.20,0.51,1.27
4347,0,0,0.20,0.51,1.27
4348,0,0,0.20,0.51,1.27
4349,0,0,0.20,0.51,1.27
4350,0,0,0.20,0.51,1.28
4351,239.43,56.13,0.20,0.51,1.27
4352,0,0,0.20,0.51,1.27
4353,0,0,0.20,0.51,1.27
4354,0,0,0.20,0.51,1.27
4355,0,0,0.20,0.51,1.27
4356,0,0,0.20,0.51,1.27
4357,0,0,0.20,0.51,1.28
4358,0,0,0.20,0.51,1.27
4359,0,0,0.20,0.51,1.27
4360,0,0,0.20,0.51,1.28
4361,239.49,56.10,0.20,0.51,1.27
4362,0,0,0.20,0.51,1.27
4363,0,0,0.20,0.51,1.27
4364,0,0,0.20,0.51,1.27
4365,0,0,0.20,0.51,1.26
4366,0,0,0.20,0.51,1.27
4367,0,0,0.20,0.51,1.27
4368,0,0,0.20,0.51,1.27
4369,0,0,0.20,0.51,1.28
4370,0,0,0.20,0.51,1.27
4371,239.54,56.08,0.20,0.51,1.28
4372,0,0,0.20,0.51,1.27
4373,0,0,0.20,0.51,1.27
4374,0,0,0.20,0.51,1.27
4375,0,0,0.20,0.51,1.27
4376,0,0,0.20,0.50,1.27
4377,0,0,0.20,0.51,1.27
4378,0,0,0.20,0.51,1.27
4379,0,0,0.20,0.51,1.27
4380,0,0,0.20,0.51,1.27
4381,239.59,56.05,0.20,0.51,1.27
4382,0,0,0.20,0.51,1.27
4383,0,0,0.20,0.51,1.27
4384,0,0,0.20,0.51,1.27
4385,0,0,0.20,0.51,1.27
4386,0,0,0.20,0.50,1.27
4387,0,0,0.20,0.51,1.27
4388,0,0,0.20,0.51,1.27
4389,0,0,0.20,0.51,1.27
4390,0,0,0.20,0.50,1.27
4391,239.64,56.03,0.20,0.50,1.27
4392,0,0,0.20,0.50,1.27
4393,0,0,0.20,0.51,1.27
4394,0,0,0.20,0.50,1.27
4395,0,0,0.20,0.50,1.27
4396,0,0,0.20,0.50,1.27
4397,0,0,0.20,0.50,1.27
4398,0,0,0.20,0.50,1.27