0,0,0,0.28,0.44,0.80
1,0,0,0.28,0.46,0.82
2,0,0,0.28,0.47,0.84
3,0,0,0.28,0.48,0.86
4,0,0,0.28,0.48,0.86
5,0,0,0.28,0.48,0.86
6,0,0,0.28,0.48,0.87
7,0,0,0.28,0.49,0.87
8,0,0,0.28,0.49,0.87
9,249.45,50.53,0.28,0.49,0.88
10,0,0,0.28,0.49,0.87
11,0,0,0.28,0.49,0.87
12,0,0,0.28,0.49,0.87
13,0,0,0.28,0.49,0.87
14,0,0,0.28,0.48,0.87
15,0,0,0.28,0.48,0.86
16,0,0,0.28,0.48,0.86
17,0,0,0.28,0.47,0.85
18,0,0,0.28,0.47,0.85
19,249.49,50.50,0.28,0.47,0.85
20,0,0,0.28,0.47,0.85
21,0,0,0.28,0.47,0.84
22,0,0,0.28,0.47,0.84
23,0,0,0.28,0.47,0.84
24,0,0,0.28,0.46,0.84
25,0,0,0.28,0.46,0.84
26,0,0,0.28,0.46,0.84
27,0,0,0.28,0.46,0.84
28,0,0,0.28,0.46,0.83
29,249.53,50.47,0.28,0.46,0.83
30,0,0,0.28,0.46,0.83
31,0,0,0.28,0.46,0.83
32,0,0,0.28,0.46,0.82
33,0,0,0.28,0.45,0.82
34,0,0,0.28,0.45,0.82
35,0,0,0.28,0.45,0.82
36,0,0,0.28,0.45,0.82
37,0,0,0.28,0.45,0.82
38,0,0,0.28,0.45,0.82
39,249.58,50.44,0.28,0.45,0.82
40,0,0,0.28,0.45,0.82
41,0,0,0.28,0.45,0.82
42,0,0,0.28,0.45,0.82
43,0,0,0.28,0.45,0.82
44,0,0,0.28,0.45,0.82
45,0,0,0.28,0.45,0.81
46,0,0,0.28,0.45,0.81
47,0,0,0.28,0.45,0.82
48,0,0,0.28,0.45,0.82
49,249.62,50.42,0.28,0.45,0.82
50,0,0,0.28,0.45,0.82
51,0,0,0.28,0.45,0.82
52,0,0,0.28,0.46,0.82
53,0,0,0.28,0.46,0.82
54,0,0,0.28,0.46,0.82
55,0,0,0.28,0.45,0.82
56,0,0,0.28,0.45,0.82
57,0,0,0.28,0.45,0.82
58,0,0,0.28,0.45,0.82
59,249.66,50.39,0.28,0.45,0.81
60,0,0,0.28,0.45,0.81
61,0,0,0.28,0.44,0.81
62,0,0,0.28,0.44,0.81
63,0,0,0.28,0.44,0.80
64,0,0,0.28,0.44,0.80
65,0,0,0.28,0.44,0.80
66,0,0,0.28,0.44,0.79
67,0,0,0.28,0.44,0.80
68,0,0,0.28,0.44,0.79
69,249.70,50.36,0.27,0.43,0.79
70,0,0,0.28,0.43,0.79
71,0,0,0.27,0.43,0.79
72,0,0,0.27,0.43,0.78
73,0,0,0.28,0.43,0.78
74,0,0,0.27,0.43,0.78
75,0,0,0.28,0.43,0.78
76,0,0,0.27,0.43,0.78
77,0,0,0.27,0.43,0.78
78,0,0,0.28,0.43,0.78
79,249.74,50.34,0.28,0.43,0.77
80,0,0,0.28,0.43,0.77
81,0,0,0.28,0.43,0.77
82,0,0,0.27,0.42,0.77
83,0,0,0.27,0.42,0.77
84,0,0,0.27,0.42,0.77
85,0,0,0.28,0.42,0.76
86,0,0,0.27,0.42,0.77
87,0,0,0.27,0.42,0.77
88,0,0,0.28,0.43,0.77
89,249.79,50.31,0.28,0.43,0.77
90,0,0,0.28,0.43,0.77
91,0,0,0.28,0.43,0.77
92,0,0,0.28,0.43,0.78
93,0,0,0.28,0.43,0.78
94,0,0,0.28,0.43,0.78
95,0,0,0.27,0.43,0.78
96,0,0,0.27,0.43,0.78
97,0,0,0.27,0.43,0.78
98,0,0,0.27,0.43,0.78
99,249.83,50.28,0.27,0.43,0.78
100,0,0,0.27,0.43,0.78
101,0,0,0.28,0.43,0.78
102,0,0,0.27,0.43,0.78
103,0,0,0.28,0.43,0.78
104,0,0,0.28,0.43,0.78
105,0,0,0.27,0.43,0.78
106,0,0,0.27,0.43,0.78
107,0,0,0.27,0.43,0.78
108,0,0,0.28,0.43,0.78
109,249.87,50.25,0.28,0.43,0.78
110,0,0,0.27,0.43,0.78
111,0,0,0.28,0.43,0.78
112,0,0,0.27,0.43,0.78
113,0,0,0.28,0.43,0.78
114,0,0,0.28,0.43,0.78
115,0,0,0.27,0.43,0.78
116,0,0,0.27,0.43,0.78
117,0,0,0.27,0.43,0.78
118,0,0,0.27,0.43,0.78
119,249.91,50.23,0.28,0.43,0.78
120,0,0,0.28,0.43,0.78
121,0,0,0.27,0.43,0.78
122,0,0,0.27,0.43,0.78
123,0,0,0.27,0.43,0.78
124,0,0,0.27,0.43,0.78
125,0,0,0.28,0.43,0.78
126,0,0,0.27,0.43,0.78
127,0,0,0.28,0.43,0.77
128,0,0,0.28,0.43,0.77
129,249.95,50.20,0.28,0.43,0.77
130,0,0,0.28,0.43,0.77
131,0,0,0.28,0.43,0.77
132,0,0,0.27,0.42,0.77
133,0,0,0.27,0.42,0.77
134,0,0,0.28,0.43,0.77
135,0,0,0.28,0.42,0.76
136,0,0,0.28,0.42,0.76
137,0,0,0.28,0.42,0.76
138,0,0,0.27,0.42,0.76
139,250.00,50.17,0.28,0.42,0.76
140,0,0,0.27,0.42,0.76
141,0,0,0.27,0.42,0.76
142,0,0,0.28,0.42,0.75
143,0,0,0.27,0.41,0.75
144,0,0,0.27,0.41,0.75
145,0,0,0.28,0.42,0.75
146,0,0,0.27,0.41,0.75
147,0,0,0.28,0.42,0.75
148,0,0,0.27,0.41,0.75
149,250.04,50.15,0.28,0.41,0.74
150,0,0,0.27,0.41,0.74
151,0,0,0.27,0.41,0.74
152,0,0,0.27,0.41,0.74
153,0,0,0.27,0.41,0.75
154,0,0,0.28,0.41,0.74
155,0,0,0.28,0.41,0.74
156,0,0,0.28,0.41,0.74
157,0,0,0.27,0.41,0.74
158,0,0,0.27,0.41,0.74
159,250.08,50.12,0.27,0.41,0.74
160,0,0,0.27,0.41,0.74
161,0,0,0.27,0.40,0.74
162,0,0,0.27,0.40,0.73
163,0,0,0.27,0.40,0.73
164,0,0,0.27,0.40,0.73
165,0,0,0.27,0.40,0.73
166,0,0,0.27,0.40,0.73
167,0,0,0.27,0.40,0.73
168,0,0,0.27,0.40,0.73
169,250.12,50.09,0.28,0.40,0.73
170,0,0,0.27,0.40,0.73
171,0,0,0.28,0.40,0.73
172,0,0,0.28,0.40,0.73
173,0,0,0.28,0.41,0.73
174,0,0,0.27,0.40,0.73
175,0,0,0.27,0.40,0.74
176,0,0,0.27,0.41,0.74
177,0,0,0.27,0.41,0.74
178,0,0,0.27,0.41,0.74
179,250.16,50.06,0.27,0.41,0.74
180,0,0,0.27,0.41,0.74
181,0,0,0.27,0.41,0.74
182,0,0,0.28,0.41,0.74
183,0,0,0.27,0.41,0.75
184,0,0,0.28,0.41,0.74
185,0,0,0.28,0.41,0.74
186,0,0,0.28,0.41,0.74
187,0,0,0.28,0.41,0.74
188,0,0,0.27,0.41,0.75
189,250.20,50.04,0.27,0.41,0.75
190,0,0,0.27,0.41,0.75
191,0,0,0.28,0.41,0.74
192,0,0,0.27,0.41,0.74
193,0,0,0.28,0.41,0.74
194,0,0,0.27,0.41,0.74
195,0,0,0.28,0.41,0.74
196,0,0,0.27,0.41,0.75
197,0,0,0.27,0.41,0.75
198,0,0,0.27,0.41,0.75
199,250.25,50.01,0.27,0.41,0.75
200,0,0,0.27,0.41,0.75
201,0,0,0.27,0.41,0.76
202,0,0,0.27,0.41,0.75
203,0,0,0.27,0.41,0.75
204,0,0,0.27,0.41,0.75
205,0,0,0.27,0.41,0.75
206,0,0,0.27,0.41,0.75
207,0,0,0.27,0.41,0.75
208,0,0,0.28,0.41,0.74
209,250.29,49.98,0.27,0.41,0.74
210,0,0,0.28,0.41,0.74
211,0,0,0.27,0.41,0.74
212,0,0,0.27,0.41,0.74
213,0,0,0.27,0.41,0.74
214,0,0,0.27,0.41,0.74
215,0,0,0.27,0.41,0.74
216,0,0,0.27,0.41,0.74
217,0,0,0.27,0.41,0.74
218,0,0,0.27,0.40,0.73
219,250.33,49.95,0.27,0.40,0.74
220,0,0,0.27,0.40,0.73
221,0,0,0.28,0.41,0.73
222,0,0,0.27,0.41,0.74
223,0,0,0.28,0.41,0.73
224,0,0,0.27,0.41,0.74
225,0,0,0.27,0.41,0.74
226,0,0,0.27,0.41,0.74
227,0,0,0.28,0.41,0.73
228,0,0,0.27,0.40,0.73
229,250.37,49.93,0.27,0.40,0.73
230,0,0,0.27,0.40,0.73
231,0,0,0.27,0.40,0.73
232,0,0,0.27,0.40,0.72
233,0,0,0.27,0.40,0.72
234,0,0,0.27,0.39,0.72
235,0,0,0.27,0.39,0.71
236,0,0,0.27,0.39,0.71
237,0,0,0.27,0.39,0.71
238,0,0,0.28,0.39,0.71
239,250.41,49.90,0.28,0.39,0.71
240,0,0,0.27,0.39,0.71
241,0,0,0.27,0.39,0.71
242,0,0,0.27,0.39,0.71
243,0,0,0.27,0.39,0.71
244,0,0,0.28,0.40,0.71
245,0,0,0.27,0.39,0.72
246,0,0,0.27,0.39,0.72
247,0,0,0.27,0.39,0.72
248,0,0,0.27,0.39,0.72
249,250.45,49.87,0.28,0.40,0.72
250,0,0,0.28,0.40,0.72
251,0,0,0.27,0.39,0.72
252,0,0,0.28,0.40,0.72
253,0,0,0.28,0.40,0.72
254,0,0,0.28,0.40,0.72
255,0,0,0.28,0.40,0.72
256,0,0,0.27,0.40,0.72
257,0,0,0.27,0.40,0.72
258,0,0,0.27,0.40,0.73
259,250.50,49.84,0.27,0.40,0.72
260,0,0,0.27,0.40,0.73
261,0,0,0.28,0.40,0.73
262,0,0,0.28,0.40,0.73
263,0,0,0.28,0.40,0.72
264,0,0,0.27,0.40,0.72
265,0,0,0.27,0.39,0.72
266,0,0,0.28,0.40,0.72
267,0,0,0.27,0.39,0.71
268,0,0,0.27,0.39,0.71
269,250.54,49.82,0.28,0.39,0.71
270,0,0,0.27,0.39,0.70
271,0,0,0.27,0.39,0.70
272,0,0,0.28,0.39,0.70
273,0,0,0.27,0.38,0.70
274,0,0,0.27,0.38,0.70
275,0,0,0.27,0.38,0.69
276,0,0,0.27,0.38,0.69
277,0,0,0.27,0.38,0.69
278,0,0,0.27,0.37,0.69
279,250.58,49.79,0.27,0.37,0.68
280,0,0,0.27,0.37,0.68
281,0,0,0.27,0.37,0.68
282,0,0,0.27,0.37,0.68
283,0,0,0.27,0.37,0.67
284,0,0,0.27,0.37,0.67
285,0,0,0.27,0.37,0.67
286,0,0,0.27,0.37,0.67
287,0,0,0.27,0.37,0.67
288,0,0,0.27,0.37,0.67
289,250.62,49.76,0.27,0.37,0.67
290,0,0,0.27,0.37,0.67
291,0,0,0.27,0.37,0.68
292,0,0,0.27,0.37,0.68
293,0,0,0.27,0.37,0.68
294,0,0,0.27,0.38,0.68
295,0,0,0.27,0.38,0.68
296,0,0,0.27,0.38,0.68
297,0,0,0.27,0.37,0.68
298,0,0,0.27,0.37,0.68
299,250.66,49.73,0.27,0.37,0.68
300,0,0,0.27,0.37,0.67
301,0,0,0.27,0.37,0.67
302,0,0,0.27,0.37,0.67
303,0,0,0.27,0.37,0.67
304,0,0,0.27,0.36,0.67
305,0,0,0.27,0.36,0.67
306,0,0,0.27,0.36,0.67
307,0,0,0.27,0.36,0.66
308,0,0,0.27,0.37,0.67
309,250.70,49.71,0.28,0.37,0.66
310,0,0,0.27,0.36,0.66
311,0,0,0.27,0.36,0.67
312,0,0,0.27,0.37,0.67
313,0,0,0.27,0.37,0.67
314,0,0,0.27,0.37,0.68
315,0,0,0.27,0.38,0.68
316,0,0,0.27,0.38,0.69
317,0,0,0.27,0.38,0.69
318,0,0,0.27,0.39,0.70
319,250.74,49.68,0.27,0.39,0.71
320,0,0,0.28,0.40,0.72
321,0,0,0.28,0.40,0.72
322,0,0,0.28,0.41,0.73
323,0,0,0.27,0.41,0.74
324,0,0,0.28,0.41,0.74
325,0,0,0.28,0.41,0.74
326,0,0,0.28,0.41,0.74
327,0,0,0.28,0.42,0.74
328,0,0,0.28,0.42,0.74
329,250.78,49.65,0.28,0.42,0.74
330,0,0,0.28,0.41,0.74
331,0,0,0.28,0.42,0.74
332,0,0,0.28,0.42,0.74
333,0,0,0.28,0.41,0.74
334,0,0,0.28,0.41,0.74
335,0,0,0.28,0.41,0.73
336,0,0,0.28,0.41,0.73
337,0,0,0.28,0.40,0.73
338,0,0,0.28,0.40,0.72
339,250.83,49.62,0.28,0.40,0.72
340,0,0,0.28,0.40,0.72
341,0,0,0.28,0.40,0.71
342,0,0,0.28,0.40,0.71
343,0,0,0.28,0.39,0.71
344,0,0,0.27,0.39,0.70
345,0,0,0.28,0.39,0.70
346,0,0,0.28,0.39,0.70
347,0,0,0.28,0.39,0.69
348,0,0,0.27,0.38,0.70
349,250.87,49.60,0.27,0.38,0.69
350,0,0,0.27,0.38,0.69
351,0,0,0.28,0.38,0.69
352,0,0,0.27,0.38,0.68
353,0,0,0.27,0.37,0.68
354,0,0,0.27,0.37,0.68
355,0,0,0.27,0.37,0.68
356,0,0,0.28,0.37,0.67
357,0,0,0.28,0.37,0.67
358,0,0,0.27,0.37,0.67
359,250.91,49.57,0.27,0.37,0.67
360,0,0,0.27,0.37,0.67
361,0,0,0.27,0.37,0.67
362,0,0,0.27,0.37,0.67
363,0,0,0.27,0.37,0.67
364,0,0,0.27,0.37,0.67
365,0,0,0.27,0.37,0.67
366,0,0,0.28,0.37,0.67
367,0,0,0.27,0.37,0.68
368,0,0,0.28,0.37,0.67
369,250.95,49.54,0.27,0.37,0.67
370,0,0,0.28,0.37,0.67
371,0,0,0.27,0.37,0.67
372,0,0,0.27,0.37,0.67
373,0,0,0.28,0.37,0.67
374,0,0,0.28,0.37,0.67
375,0,0,0.27,0.37,0.67
376,0,0,0.27,0.37,0.67
377,0,0,0.27,0.37,0.67
378,0,0,0.27,0.37,0.67
379,250.99,49.51,0.27,0.37,0.68
380,0,0,0.27,0.37,0.68
381,0,0,0.27,0.37,0.68
382,0,0,0.27,0.37,0.68
383,0,0,0.27,0.38,0.68
384,0,0,0.27,0.38,0.69
385,0,0,0.27,0.38,0.69
386,0,0,0.27,0.38,0.69
387,0,0,0.28,0.39,0.70
388,0,0,0.28,0.39,0.70
389,251.03,49.49,0.28,0.39,0.70
390,0,0,0.27,0.39,0.70
391,0,0,0.28,0.39,0.71
392,0,0,0.27,0.39,0.71
393,0,0,0.28,0.39,0.71
394,0,0,0.27,0.39,0.71
395,0,0,0.28,0.40,0.71
396,0,0,0.28,0.40,0.71
397,0,0,0.28,0.40,0.71
398,0,0,0.28,0.40,0.71
399,251.07,49.46,0.28,0.40,0.71
400,0,0,0.28,0.40,0.71
401,0,0,0.28,0.40,0.71
402,0,0,0.28,0.39,0.71
403,0,0,0.27,0.39,0.71
404,0,0,0.28,0.40,0.71
405,0,0,0.28,0.40,0.71
406,0,0,0.27,0.40,0.72
407,0,0,0.28,0.41,0.72
408,0,0,0.28,0.41,0.72
409,251.11,49.43,0.28,0.41,0.73
410,0,0,0.28,0.41,0.73
411,0,0,0.28,0.41,0.74
412,0,0,0.28,0.42,0.74
413,0,0,0.28,0.42,0.75
414,0,0,0.28,0.42,0.75
415,0,0,0.28,0.43,0.76
416,0,0,0.28,0.43,0.76
417,0,0,0.28,0.43,0.76
418,0,0,0.28,0.43,0.77
419,251.15,49.41,0.28,0.43,0.76
420,0,0,0.28,0.43,0.77
421,0,0,0.28,0.43,0.76
422,0,0,0.28,0.43,0.76
423,0,0,0.28,0.42,0.76
424,0,0,0.28,0.43,0.76
425,0,0,0.28,0.43,0.76
426,0,0,0.28,0.42,0.76
427,0,0,0.28,0.43,0.76
428,0,0,0.28,0.43,0.77
429,251.19,49.38,0.28,0.43,0.77
430,0,0,0.28,0.43,0.77
431,0,0,0.28,0.43,0.77
432,0,0,0.28,0.43,0.78
433,0,0,0.28,0.44,0.78
434,0,0,0.28,0.44,0.79
435,0,0,0.28,0.44,0.79
436,0,0,0.28,0.44,0.80
437,0,0,0.28,0.45,0.80
438,0,0,0.28,0.45,0.80
439,251.23,49.35,0.28,0.45,0.79
440,0,0,0.28,0.44,0.80
441,0,0,0.28,0.44,0.79
442,0,0,0.28,0.44,0.79
443,0,0,0.28,0.44,0.80
444,0,0,0.28,0.44,0.80
445,0,0,0.28,0.45,0.80
446,0,0,0.28,0.45,0.81
447,0,0,0.28,0.46,0.81
448,0,0,0.28,0.46,0.82
449,251.27,49.32,0.28,0.46,0.83
450,0,0,0.28,0.47,0.83
451,0,0,0.28,0.47,0.84
452,0,0,0.28,0.47,0.84
453,0,0,0.28,0.47,0.84
454,0,0,0.28,0.47,0.84
455,0,0,0.28,0.47,0.84
456,0,0,0.28,0.47,0.84
457,0,0,0.28,0.47,0.84
458,0,0,0.28,0.47,0.84
459,251.31,49.30,0.28,0.48,0.84
460,0,0,0.28,0.48,0.85
461,0,0,0.28,0.48,0.85
462,0,0,0.28,0.49,0.86
464,0,0,0.28,0.49,0.87
465,0,0,0.28,0.49,0.87
466,0,0,0.28,0.50,0.88
467,0,0,0.28,0.50,0.89
468,0,0,0.29,0.51,0.90
469,0,0,0.29,0.51,0.90
470,251.35,49.27,0.29,0.51,0.90
471,0,0,0.29,0.52,0.90
472,0,0,0.29,0.52,0.90
473,0,0,0.28,0.52,0.91
474,0,0,0.29,0.52,0.91
475,0,0,0.28,0.52,0.92
476,0,0,0.29,0.53,0.92
477,0,0,0.29,0.53,0.92
478,0,0,0.29,0.53,0.92
479,0,0,0.29,0.53,0.92
480,251.40,49.24,0.29,0.53,0.92
481,0,0,0.29,0.53,0.92
482,0,0,0.29,0.53,0.92
483,0,0,0.29,0.53,0.92
484,0,0,0.29,0.53,0.92
485,0,0,0.29,0.53,0.92
486,0,0,0.29,0.53,0.92
487,0,0,0.29,0.53,0.92
488,0,0,0.28,0.53,0.93
489,0,0,0.29,0.53,0.92
490,251.44,49.21,0.29,0.53,0.93
491,0,0,0.29,0.53,0.93
492,0,0,0.28,0.53,0.94
493,0,0,0.29,0.54,0.94
494,0,0,0.29,0.54,0.94
495,0,0,0.29,0.55,0.95
496,0,0,0.29,0.55,0.95
497,0,0,0.29,0.55,0.96
498,0,0,0.29,0.55,0.96
499,0,0,0.29,0.56,0.97
500,251.48,49.19,0.29,0.56,0.98
501,0,0,0.29,0.57,0.98
502,0,0,0.29,0.57,0.99
503,0,0,0.29,0.57,0.99
504,0,0,0.29,0.57,0.99
505,0,0,0.29,0.58,1.00
506,0,0,0.29,0.58,1.00
507,0,0,0.29,0.58,1.00
508,0,0,0.29,0.58,1.00
509,0,0,0.29,0.58,1.00
510,251.52,49.16,0.29,0.58,1.01
511,0,0,0.29,0.59,1.02
512,0,0,0.29,0.59,1.03
513,0,0,0.29,0.60,1.03
514,0,0,0.29,0.60,1.04
515,0,0,0.29,0.61,1.04
516,0,0,0.29,0.61,1.05
517,0,0,0.29,0.61,1.05
518,0,0,0.29,0.61,1.05
519,0,0,0.29,0.61,1.05
520,251.56,49.13,0.29,0.61,1.05
521,0,0,0.29,0.61,1.05
522,0,0,0.29,0.61,1.05
523,0,0,0.29,0.61,1.06
524,0,0,0.29,0.61,1.06
525,0,0,0.29,0.62,1.06
526,0,0,0.29,0.62,1.06
527,0,0,0.29,0.62,1.07
528,0,0,0.29,0.62,1.07
529,0,0,0.29,0.62,1.07
530,251.60,49.10,0.29,0.62,1.08
531,0,0,0.29,0.63,1.08
532,0,0,0.29,0.63,1.08
533,0,0,0.29,0.63,1.09
534,0,0,0.29,0.63,1.09
535,0,0,0.29,0.64,1.09
536,0,0,0.29,0.64,1.09
537,0,0,0.29,0.64,1.09
538,0,0,0.29,0.64,1.09
539,0,0,0.29,0.64,1.09
540,251.64,49.08,0.29,0.64,1.09
541,0,0,0.29,0.64,1.09
542,0,0,0.29,0.64,1.09
543,0,0,0.29,0.64,1.09
544,0,0,0.29,0.64,1.09
545,0,0,0.29,0.64,1.09
546,0,0,0.29,0.65,1.10
547,0,0,0.29,0.65,1.10
548,0,0,0.29,0.65,1.11
549,0,0,0.29,0.65,1.11
550,251.68,49.05,0.29,0.65,1.12
551,0,0,0.29,0.66,1.12
552,0,0,0.29,0.66,1.13
553,0,0,0.29,0.66,1.12
554,0,0,0.29,0.66,1.13
555,0,0,0.29,0.65,1.12
556,0,0,0.29,0.65,1.12
557,0,0,0.29,0.65,1.11
558,0,0,0.29,0.65,1.12
559,0,0,0.29,0.65,1.11
560,251.72,49.02,0.29,0.65,1.11
561,0,0,0.29,0.65,1.11
562,0,0,0.29,0.65,1.11
563,0,0,0.29,0.65,1.12
564,0,0,0.29,0.65,1.12
565,0,0,0.29,0.65,1.12
566,0,0,0.29,0.65,1.12
567,0,0,0.29,0.65,1.12
568,0,0,0.29,0.66,1.13
569,0,0,0.29,0.66,1.13
570,251.76,48.99,0.29,0.66,1.13
571,0,0,0.29,0.66,1.13
572,0,0,0.29,0.66,1.14
573,0,0,0.29,0.67,1.14
574,0,0,0.29,0.66,1.14
575,0,0,0.29,0.67,1.14
576,0,0,0.29,0.66,1.14
577,0,0,0.29,0.66,1.13
578,0,0,0.29,0.66,1.13
579,251.80,48.97,0.30,0.67,1.13
580,0,0,0.29,0.66,1.13
581,0,0,0.29,0.66,1.13
582,0,0,0.29,0.66,1.12
583,0,0,0.29,0.65,1.12
584,0,0,0.29,0.65,1.12
585,0,0,0.29,0.65,1.11
586,0,0,0.29,0.65,1.12
587,0,0,0.29,0.65,1.12
588,0,0,0.29,0.65,1.11
589,251.84,48.94,0.29,0.65,1.12
590,0,0,0.29,0.65,1.12
591,0,0,0.29,0.65,1.12
592,0,0,0.29,0.66,1.12
593,0,0,0.29,0.66,1.13
594,0,0,0.29,0.66,1.14
595,0,0,0.29,0.66,1.14
596,0,0,0.29,0.67,1.14
597,0,0,0.29,0.67,1.14
598,0,0,0.29,0.67,1.14
599,251.88,48.91,0.29,0.67,1.15
600,0,0,0.29,0.67,1.15
601,0,0,0.29,0.67,1.15
602,0,0,0.29,0.68,1.15
603,0,0,0.29,0.68,1.16
604,0,0,0.29,0.68,1.16
605,0,0,0.29,0.68,1.16
606,0,0,0.29,0.68,1.17
607,0,0,0.29,0.68,1.16
608,0,0,0.29,0.68,1.16
609,251.92,48.88,0.29,0.68,1.17
610,0,0,0.29,0.68,1.16
611,0,0,0.29,0.68,1.16
612,0,0,0.29,0.68,1.16
613,0,0,0.29,0.68,1.16
614,0,0,0.29,0.68,1.16
615,0,0,0.29,0.67,1.16
616,0,0,0.29,0.67,1.15
617,0,0,0.29,0.67,1.15
618,0,0,0.29,0.67,1.15
619,251.96,48.85,0.29,0.67,1.14
620,0,0,0.29,0.66,1.14
621,0,0,0.29,0.66,1.13
622,0,0,0.29,0.66,1.13
623,0,0,0.29,0.66,1.13
624,0,0,0.29,0.66,1.13
625,0,0,0.30,0.67,1.13
626,0,0,0.29,0.66,1.13
627,0,0,0.29,0.66,1.13
628,0,0,0.29,0.66,1.13
629,252.00,48.83,0.29,0.66,1.13
630,0,0,0.29,0.66,1.12
631,0,0,0.29,0.65,1.12
632,0,0,0.29,0.65,1.11
633,0,0,0.29,0.65,1.11
634,0,0,0.29,0.65,1.10
635,0,0,0.29,0.65,1.10
636,0,0,0.29,0.65,1.10
637,0,0,0.29,0.65,1.10
638,0,0,0.29,0.64,1.10
639,252.04,48.80,0.29,0.64,1.09
640,0,0,0.29,0.65,1.10
641,0,0,0.29,0.65,1.10
642,0,0,0.29,0.65,1.10
643,0,0,0.29,0.65,1.11
644,0,0,0.29,0.65,1.11
645,0,0,0.29,0.65,1.11
646,0,0,0.29,0.65,1.11
647,0,0,0.29,0.65,1.11
648,0,0,0.29,0.65,1.11
649,252.08,48.77,0.29,0.65,1.11
650,0,0,0.29,0.65,1.11
651,0,0,0.29,0.65,1.11
652,0,0,0.29,0.65,1.11
653,0,0,0.29,0.65,1.11
654,0,0,0.29,0.65,1.11
655,0,0,0.29,0.65,1.12
656,0,0,0.29,0.65,1.12
657,0,0,0.29,0.65,1.12
658,0,0,0.29,0.65,1.12
659,252.12,48.74,0.29,0.66,1.12
660,0,0,0.29,0.65,1.12
661,0,0,0.29,0.66,1.13
662,0,0,0.29,0.66,1.13
663,0,0,0.29,0.66,1.13
664,0,0,0.29,0.66,1.13
665,0,0,0.29,0.66,1.13
666,0,0,0.29,0.66,1.13
667,0,0,0.29,0.66,1.13
668,0,0,0.29,0.66,1.13
669,252.16,48.72,0.29,0.66,1.13
670,0,0,0.29,0.66,1.13
671,0,0,0.29,0.66,1.14
672,0,0,0.29,0.67,1.14
673,0,0,0.29,0.66,1.14
674,0,0,0.29,0.67,1.14
675,0,0,0.29,0.66,1.14
676,0,0,0.29,0.66,1.14
677,0,0,0.29,0.67,1.14
678,0,0,0.29,0.67,1.14
679,252.20,48.69,0.29,0.67,1.14
680,0,0,0.29,0.67,1.14
681,0,0,0.29,0.67,1.14
682,0,0,0.29,0.67,1.14
683,0,0,0.29,0.67,1.14
684,0,0,0.29,0.66,1.14
685,0,0,0.29,0.66,1.14
686,0,0,0.29,0.66,1.14
687,0,0,0.29,0.66,1.14
688,0,0,0.29,0.66,1.14
689,252.24,48.66,0.29,0.66,1.13
690,0,0,0.29,0.66,1.14
691,0,0,0.29,0.66,1.14
692,0,0,0.29,0.66,1.14
693,0,0,0.29,0.67,1.14
694,0,0,0.29,0.66,1.14
695,0,0,0.29,0.67,1.14
696,0,0,0.29,0.67,1.14
697,0,0,0.29,0.67,1.14
698,0,0,0.29,0.67,1.14
699,252.28,48.63,0.29,0.67,1.15
700,0,0,0.29,0.67,1.15
701,0,0,0.29,0.67,1.15
702,0,0,0.29,0.67,1.15
703,0,0,0.29,0.67,1.15
704,0,0,0.29,0.67,1.15
705,0,0,0.29,0.67,1.15
706,0,0,0.29,0.67,1.15
707,0,0,0.29,0.67,1.16
708,0,0,0.29,0.68,1.16
709,252.32,48.61,0.29,0.68,1.16
710,0,0,0.29,0.68,1.16
711,0,0,0.29,0.68,1.16
712,0,0,0.29,0.68,1.16
713,0,0,0.29,0.68,1.17
714,0,0,0.29,0.69,1.17
715,0,0,0.29,0.69,1.17
716,0,0,0.29,0.69,1.17
717,0,0,0.29,0.68,1.17
718,0,0,0.29,0.68,1.17
719,252.36,48.58,0.29,0.69,1.17
720,0,0,0.29,0.68,1.17
721,0,0,0.29,0.69,1.17
722,0,0,0.29,0.69,1.17
723,0,0,0.29,0.69,1.17
724,0,0,0.29,0.69,1.17
725,0,0,0.29,0.69,1.18
726,0,0,0.29,0.69,1.18
727,0,0,0.29,0.69,1.17
728,0,0,0.29,0.69,1.17
729,252.40,48.55,0.29,0.69,1.17
730,0,0,0.30,0.69,1.17
731,0,0,0.29,0.69,1.18
732,0,0,0.29,0.69,1.17
733,0,0,0.29,0.69,1.18
734,0,0,0.29,0.69,1.18
735,0,0,0.29,0.69,1.18
736,0,0,0.29,0.69,1.18
737,0,0,0.29,0.69,1.19
738,0,0,0.30,0.70,1.18
739,252.44,48.52,0.29,0.70,1.19
740,0,0,0.29,0.70,1.19
741,0,0,0.29,0.70,1.19
742,0,0,0.29,0.70,1.19
743,0,0,0.29,0.70,1.19
744,0,0,0.29,0.70,1.19
745,0,0,0.29,0.70,1.19
746,0,0,0.29,0.70,1.19
747,0,0,0.29,0.70,1.19
748,0,0,0.29,0.70,1.19
749,252.48,48.50,0.29,0.70,1.19
750,0,0,0.29,0.70,1.19
751,0,0,0.29,0.70,1.19
752,0,0,0.29,0.70,1.19
753,0,0,0.30,0.70,1.19
754,0,0,0.30,0.70,1.19
755,0,0,0.29,0.70,1.20
756,0,0,0.30,0.70,1.19
757,0,0,0.30,0.70,1.19
758,0,0,0.30,0.70,1.19
759,252.52,48.47,0.29,0.70,1.20
760,0,0,0.29,0.70,1.20
761,0,0,0.29,0.70,1.20
762,0,0,0.30,0.71,1.20
763,0,0,0.29,0.70,1.20
764,0,0,0.29,0.70,1.20
765,0,0,0.29,0.70,1.20
766,0,0,0.29,0.70,1.20
767,0,0,0.29,0.71,1.20
768,0,0,0.30,0.71,1.20
769,252.56,48.44,0.29,0.70,1.20
770,0,0,0.30,0.71,1.20
771,0,0,0.29,0.70,1.20
772,0,0,0.30,0.71,1.20
773,0,0,0.29,0.70,1.20
774,0,0,0.29,0.70,1.20
775,0,0,0.30,0.71,1.20
776,0,0,0.29,0.70,1.20
777,0,0,0.29,0.70,1.20
778,0,0,0.29,0.71,1.20
779,252.60,48.41,0.29,0.71,1.21
780,0,0,0.29,0.71,1.20
781,0,0,0.29,0.70,1.20
782,0,0,0.30,0.71,1.20
783,0,0,0.29,0.70,1.20
784,0,0,0.29,0.70,1.20
785,0,0,0.29,0.70,1.20
786,0,0,0.30,0.70,1.19
787,0,0,0.30,0.70,1.19
788,0,0,0.30,0.70,1.19
789,252.64,48.38,0.29,0.70,1.19
790,0,0,0.29,0.70,1.19
791,0,0,0.30,0.70,1.19
792,0,0,0.29,0.70,1.19
793,0,0,0.29,0.70,1.19
794,0,0,0.29,0.70,1.19
795,0,0,0.30,0.70,1.19
796,0,0,0.29,0.70,1.19
797,0,0,0.29,0.70,1.19
798,0,0,0.30,0.70,1.19
799,252.68,48.36,0.29,0.70,1.19
800,0,0,0.29,0.70,1.19
801,0,0,0.29,0.70,1.19
802,0,0,0.30,0.70,1.19
803,0,0,0.30,0.70,1.19
804,0,0,0.30,0.70,1.19
805,0,0,0.30,0.70,1.19
806,0,0,0.30,0.70,1.19
807,0,0,0.29,0.70,1.20
808,0,0,0.30,0.70,1.19
809,252.72,48.33,0.29,0.70,1.20
810,0,0,0.29,0.70,1.20
811,0,0,0.29,0.70,1.20
812,0,0,0.29,0.70,1.20
813,0,0,0.30,0.71,1.20
814,0,0,0.30,0.70,1.19
815,0,0,0.29,0.70,1.20
816,0,0,0.29,0.70,1.20
817,0,0,0.30,0.71,1.20
818,0,0,0.30,0.71,1.20
819,252.76,48.30,0.30,0.71,1.20
820,0,0,0.29,0.71,1.20
821,0,0,0.29,0.71,1.20
822,0,0,0.29,0.71,1.20
823,0,0,0.29,0.71,1.20
824,0,0,0.30,0.71,1.20
825,0,0,0.30,0.71,1.20
826,0,0,0.30,0.71,1.20
827,0,0,0.29,0.70,1.20
828,0,0,0.30,0.70,1.19
829,252.80,48.27,0.30,0.70,1.19
830,0,0,0.30,0.70,1.19
831,0,0,0.30,0.70,1.19
832,0,0,0.30,0.70,1.19
833,0,0,0.29,0.70,1.19
834,0,0,0.29,0.70,1.19
835,0,0,0.30,0.70,1.18
836,0,0,0.29,0.69,1.18
837,0,0,0.30,0.70,1.18
838,0,0,0.29,0.69,1.18
839,252.84,48.25,0.29,0.69,1.18
840,0,0,0.29,0.69,1.18
841,0,0,0.29,0.69,1.18
842,0,0,0.29,0.69,1.18
843,0,0,0.29,0.69,1.18
844,0,0,0.29,0.69,1.18
845,0,0,0.29,0.69,1.18
846,0,0,0.30,0.70,1.18
847,0,0,0.30,0.70,1.18
848,0,0,0.29,0.69,1.18
849,252.88,48.22,0.30,0.70,1.18
850,0,0,0.29,0.69,1.18
851,0,0,0.29,0.69,1.18
852,0,0,0.29,0.69,1.18
853,0,0,0.29,0.69,1.18
854,0,0,0.30,0.70,1.18
855,0,0,0.30,0.70,1.18
856,0,0,0.29,0.70,1.19
857,0,0,0.30,0.70,1.19
858,0,0,0.30,0.70,1.19
859,252.92,48.19,0.29,0.70,1.20
860,0,0,0.29,0.70,1.20
861,0,0,0.29,0.70,1.20
862,0,0,0.29,0.70,1.20
863,0,0,0.29,0.71,1.20
864,0,0,0.29,0.71,1.20
865,0,0,0.29,0.71,1.21
866,0,0,0.30,0.71,1.20
867,0,0,0.30,0.71,1.21
868,0,0,0.30,0.72,1.21
869,252.96,48.16,0.29,0.71,1.21
870,0,0,0.30,0.71,1.21
871,0,0,0.29,0.71,1.21
872,0,0,0.30,0.72,1.21
873,0,0,0.30,0.72,1.21
874,0,0,0.30,0.72,1.22
875,0,0,0.30,0.72,1.21
876,0,0,0.30,0.72,1.21
877,0,0,0.30,0.72,1.22
878,0,0,0.29,0.72,1.22
879,252.99,48.14,0.30,0.72,1.22
880,0,0,0.30,0.72,1.22
881,0,0,0.29,0.72,1.23
882,0,0,0.29,0.72,1.23
883,0,0,0.29,0.72,1.23
884,0,0,0.30,0.73,1.23
885,0,0,0.30,0.73,1.23
886,0,0,0.30,0.73,1.23
887,0,0,0.29,0.72,1.23
888,0,0,0.30,0.73,1.23
889,253.03,48.11,0.30,0.73,1.23
890,0,0,0.30,0.73,1.23
891,0,0,0.30,0.73,1.23
892,0,0,0.30,0.73,1.23
893,0,0,0.29,0.73,1.24
894,0,0,0.30,0.73,1.23
895,0,0,0.30,0.73,1.23
896,0,0,0.30,0.73,1.23
897,0,0,0.30,0.73,1.23
898,0,0,0.29,0.73,1.24
899,253.07,48.08,0.30,0.73,1.23
900,0,0,0.30,0.73,1.24
901,0,0,0.30,0.73,1.23
902,0,0,0.29,0.73,1.24
903,0,0,0.29,0.73,1.24
904,0,0,0.30,0.73,1.24
905,0,0,0.30,0.73,1.24
906,0,0,0.30,0.73,1.24
907,0,0,0.30,0.73,1.24
908,0,0,0.30,0.73,1.24
909,253.11,48.05,0.30,0.73,1.24
910,0,0,0.30,0.73,1.24
911,0,0,0.30,0.73,1.24
912,0,0,0.30,0.73,1.24
913,0,0,0.30,0.73,1.24
914,0,0,0.30,0.74,1.24
915,0,0,0.30,0.74,1.24
916,0,0,0.30,0.74,1.24
917,0,0,0.30,0.73,1.24
918,0,0,0.29,0.73,1.25
919,253.15,48.02,0.30,0.73,1.24
920,0,0,0.30,0.73,1.24
921,0,0,0.30,0.73,1.24
922,0,0,0.30,0.73,1.24
923,0,0,0.30,0.73,1.24
924,0,0,0.29,0.73,1.24
925,0,0,0.30,0.73,1.23
926,0,0,0.30,0.73,1.23
927,0,0,0.30,0.73,1.23
928,0,0,0.29,0.73,1.24
930,253.19,48.00,0.30,0.73,1.23
931,0,0,0.30,0.73,1.23
932,0,0,0.29,0.72,1.23
933,0,0,0.30,0.73,1.23
934,0,0,0.30,0.73,1.23
935,0,0,0.30,0.73,1.23
936,0,0,0.29,0.72,1.23
937,0,0,0.29,0.72,1.23
938,0,0,0.29,0.72,1.23
939,0,0,0.29,0.72,1.23
940,253.23,47.97,0.30,0.72,1.22
941,0,0,0.30,0.73,1.23
942,0,0,0.29,0.72,1.23
943,0,0,0.30,0.73,1.23
944,0,0,0.29,0.72,1.23
945,0,0,0.29,0.72,1.23
946,0,0,0.29,0.72,1.23
947,0,0,0.29,0.72,1.23
948,0,0,0.29,0.72,1.23
949,0,0,0.30,0.73,1.23
950,253.27,47.94,0.29,0.72,1.23
951,0,0,0.30,0.73,1.23
952,0,0,0.30,0.73,1.23
953,0,0,0.30,0.73,1.23
954,0,0,0.29,0.73,1.24
955,0,0,0.29,0.73,1.24
956,0,0,0.29,0.73,1.24
957,0,0,0.29,0.73,1.24
958,0,0,0.29,0.73,1.24
959,0,0,0.29,0.73,1.24
960,253.31,47.91,0.29,0.73,1.24
961,0,0,0.29,0.73,1.24
962,0,0,0.29,0.73,1.24
963,0,0,0.30,0.73,1.23
964,0,0,0.29,0.73,1.24
965,0,0,0.30,0.73,1.23
966,0,0,0.30,0.73,1.23
967,0,0,0.29,0.72,1.23
968,0,0,0.29,0.72,1.23
969,0,0,0.29,0.72,1.23
970,253.35,47.89,0.30,0.73,1.23
971,0,0,0.29,0.72,1.23
972,0,0,0.29,0.72,1.23
973,0,0,0.29,0.72,1.23
974,0,0,0.29,0.73,1.24
975,0,0,0.30,0.73,1.23
976,0,0,0.30,0.73,1.23
977,0,0,0.29,0.72,1.23
978,0,0,0.29,0.72,1.23
979,0,0,0.29,0.72,1.23
980,253.39,47.86,0.30,0.73,1.23
981,0,0,0.29,0.72,1.23
982,0,0,0.29,0.72,1.23
983,0,0,0.30,0.73,1.23
984,0,0,0.29,0.72,1.23
985,0,0,0.29,0.72,1.23
986,0,0,0.29,0.72,1.23
987,0,0,0.29,0.72,1.23
988,0,0,0.30,0.72,1.22
989,0,0,0.30,0.72,1.22
990,253.43,47.83,0.30,0.72,1.21
991,0,0,0.30,0.72,1.22
992,0,0,0.29,0.71,1.21
993,0,0,0.29,0.71,1.21
994,0,0,0.29,0.71,1.21
995,0,0,0.29,0.71,1.20
996,0,0,0.30,0.71,1.21
997,0,0,0.29,0.71,1.20
998,0,0,0.29,0.71,1.20
999,0,0,0.29,0.70,1.21
1000,253.46,47.80,0.29,0.71,1.21
1001,0,0,0.29,0.71,1.20
1002,0,0,0.29,0.71,1.20
1003,0,0,0.29,0.71,1.20
1004,0,0,0.29,0.70,1.20
1005,0,0,0.29,0.71,1.20
1006,0,0,0.29,0.70,1.20
1007,0,0,0.29,0.70,1.20
1008,0,0,0.29,0.70,1.20
1009,0,0,0.30,0.71,1.20
1010,253.50,47.77,0.29,0.70,1.20
1011,0,0,0.29,0.70,1.20
1012,0,0,0.29,0.70,1.20
1013,0,0,0.29,0.70,1.20
1014,0,0,0.30,0.71,1.20
1015,0,0,0.29,0.70,1.20
1016,0,0,0.29,0.70,1.20
1017,0,0,0.29,0.70,1.20
1018,0,0,0.29,0.70,1.20
1019,0,0,0.30,0.70,1.19
1020,253.54,47.75,0.30,0.70,1.19
1021,0,0,0.29,0.70,1.19
1022,0,0,0.29,0.70,1.19
1023,0,0,0.30,0.70,1.18
1024,0,0,0.29,0.69,1.18
1025,0,0,0.29,0.69,1.18
1026,0,0,0.29,0.69,1.17
1027,0,0,0.29,0.69,1.17
1028,0,0,0.29,0.68,1.17
1029,0,0,0.29,0.68,1.17
1030,253.58,47.72,0.29,0.68,1.16
1031,0,0,0.29,0.68,1.16
1032,0,0,0.29,0.68,1.16
1033,0,0,0.29,0.68,1.16
1034,0,0,0.29,0.68,1.16
1035,0,0,0.29,0.68,1.16
1036,0,0,0.30,0.68,1.16
1037,0,0,0.29,0.68,1.16
1038,0,0,0.29,0.68,1.16
1039,0,0,0.29,0.68,1.16
1040,253.62,47.69,0.29,0.68,1.17
1041,0,0,0.29,0.68,1.17
1042,0,0,0.29,0.69,1.17
1043,0,0,0.29,0.69,1.17
1044,0,0,0.29,0.69,1.18
1045,0,0,0.29,0.69,1.18
1046,0,0,0.29,0.69,1.19
1047,0,0,0.29,0.69,1.19
1048,0,0,0.29,0.70,1.19
1049,0,0,0.29,0.70,1.19
1050,253.66,47.66,0.29,0.70,1.19
1051,0,0,0.30,0.70,1.19
1052,0,0,0.30,0.70,1.19
1053,0,0,0.29,0.70,1.20
1054,0,0,0.29,0.70,1.19
1055,0,0,0.29,0.70,1.19
1056,0,0,0.29,0.70,1.19
1057,0,0,0.29,0.70,1.19
1058,0,0,0.29,0.69,1.19
1059,0,0,0.29,0.70,1.19
1060,253.70,47.63,0.29,0.70,1.19
1061,0,0,0.29,0.69,1.18
1062,0,0,0.29,0.69,1.18
1063,0,0,0.29,0.69,1.18
1064,0,0,0.29,0.69,1.19
1065,0,0,0.29,0.70,1.19
1066,0,0,0.30,0.70,1.18
1067,0,0,0.29,0.69,1.18
1068,0,0,0.29,0.69,1.19
1069,0,0,0.29,0.69,1.19
1070,253.74,47.61,0.29,0.69,1.18
1071,0,0,0.29,0.70,1.19
1072,0,0,0.29,0.70,1.19
1073,0,0,0.29,0.70,1.19
1074,0,0,0.29,0.70,1.19
1075,0,0,0.29,0.70,1.19
1076,0,0,0.29,0.70,1.19
1077,0,0,0.30,0.70,1.19
1078,0,0,0.29,0.70,1.20
1079,0,0,0.30,0.70,1.19
1080,253.78,47.58,0.30,0.70,1.19
1081,0,0,0.29,0.70,1.20
1082,0,0,0.29,0.70,1.20
1083,0,0,0.29,0.70,1.20
1084,0,0,0.29,0.70,1.20
1085,0,0,0.29,0.70,1.20
1086,0,0,0.29,0.70,1.20
1087,0,0,0.29,0.70,1.20
1088,0,0,0.29,0.70,1.20
1089,0,0,0.29,0.70,1.20
1090,253.81,47.55,0.29,0.70,1.20
1091,0,0,0.29,0.70,1.20
1092,0,0,0.29,0.70,1.20
1093,0,0,0.30,0.70,1.19
1094,0,0,0.29,0.70,1.20
1095,0,0,0.29,0.70,1.19
1096,0,0,0.29,0.70,1.19
1097,0,0,0.29,0.70,1.19
1098,0,0,0.29,0.70,1.19
1099,0,0,0.29,0.70,1.19
1100,253.85,47.52,0.29,0.70,1.19
1101,0,0,0.29,0.70,1.19
1102,0,0,0.29,0.70,1.19
1103,0,0,0.29,0.70,1.19
1104,0,0,0.29,0.70,1.19
1105,0,0,0.29,0.70,1.19
1106,0,0,0.29,0.70,1.19
1107,0,0,0.29,0.70,1.19
1108,0,0,0.29,0.70,1.19
1109,0,0,0.29,0.70,1.19
1110,253.89,47.49,0.29,0.70,1.19
1111,0,0,0.29,0.70,1.19
1112,0,0,0.30,0.70,1.19
1113,0,0,0.30,0.70,1.19
1114,0,0,0.29,0.70,1.20
1115,0,0,0.29,0.70,1.20
1116,0,0,0.30,0.71,1.20
1117,0,0,0.29,0.70,1.20
1118,0,0,0.29,0.71,1.20
1119,0,0,0.29,0.70,1.20
1120,253.93,47.47,0.29,0.71,1.21
1121,0,0,0.29,0.70,1.20
1122,0,0,0.29,0.71,1.21
1123,0,0,0.29,0.71,1.21
1124,0,0,0.29,0.71,1.21
1125,0,0,0.29,0.71,1.21
1126,0,0,0.29,0.71,1.21
1127,0,0,0.30,0.71,1.21
1128,0,0,0.29,0.71,1.21
1129,0,0,0.29,0.71,1.21
1130,253.97,47.44,0.30,0.71,1.21
1131,0,0,0.29,0.71,1.22
1132,0,0,0.29,0.71,1.22
1133,0,0,0.29,0.72,1.22
1134,0,0,0.29,0.72,1.22
1135,0,0,0.29,0.71,1.22
1136,0,0,0.29,0.72,1.22
1137,0,0,0.29,0.72,1.22
1138,0,0,0.29,0.71,1.22
1139,0,0,0.29,0.72,1.22
1140,254.01,47.41,0.29,0.71,1.22
1141,0,0,0.29,0.71,1.22
1142,0,0,0.29,0.72,1.22
1143,0,0,0.29,0.72,1.22
1144,0,0,0.29,0.72,1.22
1145,0,0,0.29,0.72,1.23
1146,0,0,0.29,0.72,1.23
1147,0,0,0.29,0.72,1.23
1148,0,0,0.29,0.72,1.22
1149,0,0,0.29,0.72,1.22
1150,254.05,47.38,0.29,0.72,1.23
1151,0,0,0.29,0.72,1.23
1152,0,0,0.29,0.72,1.23
1153,0,0,0.29,0.72,1.22
1154,0,0,0.29,0.72,1.22
1155,0,0,0.30,0.72,1.22
1156,0,0,0.30,0.72,1.22
1157,0,0,0.29,0.72,1.22
1158,0,0,0.29,0.71,1.22
1159,254.08,47.36,0.29,0.71,1.22
1160,0,0,0.30,0.72,1.22
1161,0,0,0.30,0.72,1.22
1162,0,0,0.30,0.72,1.22
1163,0,0,0.29,0.71,1.22
1164,0,0,0.30,0.72,1.22
1165,0,0,0.30,0.72,1.22
1166,0,0,0.30,0.72,1.22
1167,0,0,0.29,0.71,1.22
1168,0,0,0.29,0.71,1.22
1169,254.12,47.33,0.29,0.71,1.22
1170,0,0,0.29,0.71,1.21
1171,0,0,0.29,0.71,1.21
1172,0,0,0.29,0.71,1.21
1173,0,0,0.29,0.71,1.21
1174,0,0,0.29,0.71,1.21
1175,0,0,0.29,0.71,1.21
1176,0,0,0.30,0.71,1.21
1177,0,0,0.29,0.71,1.21
1178,0,0,0.29,0.71,1.21
1179,254.16,47.30,0.30,0.71,1.21
1180,0,0,0.30,0.71,1.21
1181,0,0,0.29,0.71,1.22
1182,0,0,0.29,0.71,1.21
1183,0,0,0.29,0.71,1.22
1184,0,0,0.29,0.71,1.21
1185,0,0,0.30,0.72,1.21
1186,0,0,0.29,0.72,1.22
1187,0,0,0.30,0.72,1.22
1188,0,0,0.29,0.71,1.21
1189,254.20,47.27,0.29,0.71,1.22
1190,0,0,0.29,0.71,1.21
1191,0,0,0.29,0.71,1.21
1192,0,0,0.29,0.71,1.22
1193,0,0,0.30,0.72,1.22
1194,0,0,0.29,0.71,1.22
1195,0,0,0.30,0.72,1.21
1196,0,0,0.29,0.71,1.22
1197,0,0,0.30,0.72,1.22
1198,0,0,0.30,0.72,1.22
1199,254.24,47.24,0.30,0.72,1.22
1200,0,0,0.30,0.72,1.21
1201,0,0,0.29,0.72,1.22
1202,0,0,0.30,0.72,1.21
1203,0,0,0.30,0.72,1.22
1204,0,0,0.29,0.71,1.22
1205,0,0,0.30,0.72,1.22
1206,0,0,0.30,0.72,1.22
1207,0,0,0.29,0.72,1.22
1208,0,0,0.30,0.72,1.22
1209,254.28,47.22,0.30,0.72,1.22
1210,0,0,0.29,0.72,1.22
1211,0,0,0.29,0.72,1.22
1212,0,0,0.29,0.72,1.22
1213,0,0,0.30,0.72,1.22
1214,0,0,0.30,0.72,1.22
1215,0,0,0.29,0.72,1.22
1216,0,0,0.29,0.72,1.22
1217,0,0,0.30,0.72,1.22
1218,0,0,0.30,0.72,1.22
1219,254.32,47.19,0.30,0.72,1.22
1220,0,0,0.30,0.72,1.22
1221,0,0,0.30,0.72,1.22
1222,0,0,0.29,0.71,1.22
1223,0,0,0.29,0.71,1.22
1224,0,0,0.30,0.72,1.22
1225,0,0,0.30,0.72,1.21
1226,0,0,0.29,0.71,1.21
1227,0,0,0.29,0.71,1.21
1228,0,0,0.29,0.71,1.21
1229,254.35,47.16,0.30,0.71,1.21
1230,0,0,0.30,0.71,1.21
1231,0,0,0.30,0.71,1.20
1232,0,0,0.29,0.71,1.20
1233,0,0,0.30,0.71,1.20
1234,0,0,0.29,0.70,1.20
1235,0,0,0.30,0.71,1.20
1236,0,0,0.30,0.71,1.20
1237,0,0,0.29,0.70,1.20
1238,0,0,0.30,0.70,1.19
1239,254.39,47.13,0.30,0.70,1.19
1240,0,0,0.29,0.70,1.19
1241,0,0,0.30,0.70,1.19
1242,0,0,0.29,0.69,1.18
1243,0,0,0.29,0.69,1.18
1244,0,0,0.30,0.70,1.18
1245,0,0,0.30,0.70,1.18
1246,0,0,0.30,0.70,1.18
1247,0,0,0.29,0.69,1.18
1248,0,0,0.29,0.69,1.18
1249,254.43,47.10,0.30,0.70,1.18
1250,0,0,0.30,0.70,1.18
1251,0,0,0.30,0.70,1.19
1252,0,0,0.30,0.70,1.19
1253,0,0,0.30,0.71,1.19
1254,0,0,0.30,0.71,1.20
1255,0,0,0.29,0.71,1.20
1256,0,0,0.30,0.71,1.20
1257,0,0,0.30,0.71,1.20
1258,0,0,0.30,0.70,1.19
1259,254.47,47.08,0.30,0.70,1.19
1260,0,0,0.30,0.70,1.19
1261,0,0,0.30,0.70,1.19
1262,0,0,0.30,0.70,1.19
1263,0,0,0.30,0.70,1.19
1264,0,0,0.30,0.71,1.20
1265,0,0,0.29,0.71,1.20
1266,0,0,0.30,0.71,1.20
1267,0,0,0.30,0.72,1.21
1268,0,0,0.30,0.72,1.21
1269,254.51,47.05,0.30,0.72,1.21
1270,0,0,0.30,0.72,1.22
1271,0,0,0.30,0.72,1.22
1272,0,0,0.30,0.73,1.22
1273,0,0,0.30,0.73,1.22
1274,0,0,0.30,0.73,1.23
1275,0,0,0.30,0.73,1.23
1276,0,0,0.30,0.73,1.23
1277,0,0,0.30,0.73,1.23
1278,0,0,0.30,0.73,1.23
1279,254.55,47.02,0.30,0.73,1.23
1280,0,0,0.30,0.73,1.23
1281,0,0,0.30,0.73,1.24
1282,0,0,0.30,0.73,1.23
1283,0,0,0.30,0.73,1.23
1284,0,0,0.30,0.73,1.23
1285,0,0,0.30,0.73,1.24
1286,0,0,0.30,0.73,1.23
1287,0,0,0.30,0.73,1.23
1288,0,0,0.30,0.73,1.23
1289,254.58,46.99,0.30,0.73,1.23
1290,0,0,0.30,0.74,1.24
1291,0,0,0.30,0.74,1.23
1292,0,0,0.30,0.74,1.23
1293,0,0,0.30,0.73,1.23
1294,0,0,0.30,0.73,1.23
1295,0,0,0.30,0.73,1.23
1296,0,0,0.30,0.73,1.23
1297,0,0,0.30,0.73,1.23
1298,0,0,0.30,0.73,1.23
1299,254.62,46.96,0.30,0.73,1.23
1300,0,0,0.30,0.74,1.23
1301,0,0,0.30,0.73,1.24
1302,0,0,0.30,0.74,1.24
1303,0,0,0.30,0.74,1.24
1304,0,0,0.30,0.74,1.24
1305,0,0,0.30,0.74,1.24
1306,0,0,0.30,0.74,1.24
1307,0,0,0.30,0.74,1.24
1308,0,0,0.30,0.74,1.24
1309,254.66,46.94,0.30,0.74,1.24
1310,0,0,0.30,0.74,1.24
1311,0,0,0.30,0.74,1.24
1312,0,0,0.30,0.74,1.24
1313,0,0,0.30,0.74,1.25
1314,0,0,0.30,0.75,1.25
1315,0,0,0.30,0.74,1.25
1316,0,0,0.30,0.74,1.25
1317,0,0,0.30,0.74,1.25
1318,0,0,0.30,0.74,1.25
1319,254.70,46.91,0.30,0.74,1.25
1320,0,0,0.30,0.75,1.25
1321,0,0,0.30,0.75,1.25
1322,0,0,0.30,0.74,1.25
1323,0,0,0.30,0.74,1.25
1324,0,0,0.30,0.75,1.25
1325,0,0,0.30,0.75,1.25
1326,0,0,0.30,0.74,1.24
1327,0,0,0.30,0.74,1.24
1328,0,0,0.30,0.74,1.23
1329,254.73,46.88,0.30,0.73,1.23
1330,0,0,0.30,0.73,1.23
1331,0,0,0.30,0.73,1.23
1332,0,0,0.30,0.73,1.22
1333,0,0,0.30,0.73,1.22
1334,0,0,0.30,0.72,1.21
1335,0,0,0.30,0.73,1.21
1336,0,0,0.30,0.72,1.21
1337,0,0,0.30,0.72,1.21
1338,0,0,0.30,0.72,1.21
1339,254.77,46.85,0.30,0.72,1.21
1340,0,0,0.30,0.72,1.21
1341,0,0,0.30,0.72,1.21
1342,0,0,0.30,0.72,1.21
1343,0,0,0.30,0.72,1.21
1344,0,0,0.30,0.72,1.21
1345,0,0,0.30,0.72,1.21
1346,0,0,0.30,0.72,1.21
1347,0,0,0.30,0.72,1.21
1348,0,0,0.30,0.72,1.20
1349,254.81,46.82,0.30,0.71,1.20
1350,0,0,0.30,0.72,1.20
1351,0,0,0.29,0.71,1.20
1352,0,0,0.30,0.71,1.19
1353,0,0,0.30,0.71,1.19
1354,0,0,0.30,0.71,1.18
1355,0,0,0.30,0.71,1.18
1356,0,0,0.30,0.71,1.19
1357,0,0,0.30,0.71,1.19
1358,0,0,0.30,0.71,1.20
1359,254.85,46.80,0.30,0.72,1.20
1360,0,0,0.30,0.72,1.21
1361,0,0,0.30,0.72,1.21
1362,0,0,0.30,0.72,1.21
1363,0,0,0.30,0.72,1.21
1364,0,0,0.30,0.72,1.21
1365,0,0,0.30,0.72,1.21
1366,0,0,0.30,0.72,1.21
1367,0,0,0.30,0.72,1.21
1368,0,0,0.30,0.72,1.21
1369,254.89,46.77,0.30,0.72,1.21
1370,0,0,0.30,0.72,1.21
1371,0,0,0.30,0.72,1.20
1372,0,0,0.30,0.72,1.21
1373,0,0,0.30,0.72,1.20
1374,0,0,0.30,0.72,1.20
1375,0,0,0.30,0.72,1.20
1376,0,0,0.30,0.71,1.20
1377,0,0,0.30,0.71,1.19
1378,0,0,0.30,0.71,1.20
1379,254.92,46.74,0.30,0.71,1.19
1380,0,0,0.30,0.71,1.19
1381,0,0,0.30,0.71,1.19
1382,0,0,0.30,0.71,1.18
1383,0,0,0.30,0.71,1.18
1384,0,0,0.30,0.70,1.18
1385,0,0,0.30,0.70,1.18
1386,0,0,0.30,0.70,1.17
1387,0,0,0.30,0.70,1.16
1388,0,0,0.30,0.69,1.16
1389,254.96,46.71,0.30,0.70,1.17
1390,0,0,0.30,0.70,1.17
1391,0,0,0.30,0.70,1.18
1392,0,0,0.30,0.70,1.17
1393,0,0,0.30,0.70,1.16
1394,0,0,0.30,0.70,1.16
1395,0,0,0.30,0.69,1.16
1396,0,0,0.30,0.69,1.16
1398,0,0,0.30,0.70,1.16
1399,0,0,0.30,0.70,1.17
1400,255.00,46.68,0.30,0.70,1.17
1401,0,0,0.30,0.70,1.17
1402,0,0,0.30,0.70,1.17
1403,0,0,0.30,0.70,1.17
1404,0,0,0.30,0.70,1.17
1405,0,0,0.30,0.70,1.16
1406,0,0,0.30,0.70,1.16
1407,0,0,0.30,0.69,1.16
1408,0,0,0.30,0.69,1.15
1409,0,0,0.30,0.69,1.15
1410,255.04,46.66,0.30,0.69,1.15
1411,0,0,0.30,0.69,1.15
1412,0,0,0.30,0.69,1.15
1413,0,0,0.30,0.69,1.15
1414,0,0,0.30,0.69,1.16
1415,0,0,0.30,0.69,1.16
1416,0,0,0.30,0.69,1.16
1417,0,0,0.30,0.70,1.17
1418,0,0,0.30,0.70,1.17
1419,0,0,0.30,0.71,1.17
1420,255.08,46.63,0.30,0.71,1.18
1421,0,0,0.30,0.71,1.19
1422,0,0,0.30,0.72,1.19
1423,0,0,0.30,0.72,1.20
1424,0,0,0.30,0.72,1.20
1425,0,0,0.30,0.72,1.20
1426,0,0,0.30,0.72,1.20
1427,0,0,0.30,0.72,1.20
1428,0,0,0.30,0.72,1.20
1429,0,0,0.30,0.72,1.20
1430,255.11,46.60,0.30,0.72,1.20
1431,0,0,0.30,0.71,1.20
1432,0,0,0.30,0.71,1.19
1433,0,0,0.30,0.72,1.19
1434,0,0,0.30,0.72,1.19
1435,0,0,0.30,0.71,1.19
1436,0,0,0.30,0.71,1.19
1437,0,0,0.30,0.71,1.19
1438,0,0,0.30,0.72,1.19
1439,0,0,0.30,0.72,1.20
1440,255.15,46.57,0.30,0.72,1.20
1441,0,0,0.30,0.72,1.21
1442,0,0,0.30,0.73,1.21
1443,0,0,0.30,0.72,1.21
1444,0,0,0.30,0.73,1.22
1445,0,0,0.30,0.74,1.22
1446,0,0,0.30,0.74,1.23
1447,0,0,0.30,0.74,1.23
1448,0,0,0.30,0.74,1.23
1449,0,0,0.30,0.74,1.22
1450,255.19,46.54,0.30,0.73,1.22
1451,0,0,0.30,0.73,1.22
1452,0,0,0.30,0.73,1.22
1453,0,0,0.30,0.73,1.22
1454,0,0,0.30,0.73,1.22
1455,0,0,0.30,0.73,1.22
1456,0,0,0.30,0.73,1.22
1457,0,0,0.30,0.73,1.22
1458,0,0,0.30,0.73,1.22
1459,0,0,0.30,0.73,1.22
1460,255.23,46.52,0.30,0.73,1.21
1461,0,0,0.30,0.73,1.21
1462,0,0,0.30,0.73,1.21
1463,0,0,0.30,0.73,1.21
1464,0,0,0.30,0.73,1.20
1465,0,0,0.30,0.73,1.21
1466,0,0,0.30,0.72,1.21
1467,0,0,0.30,0.72,1.21
1468,0,0,0.30,0.73,1.21
1469,0,0,0.30,0.72,1.21
1470,255.26,46.49,0.30,0.73,1.21
1471,0,0,0.30,0.73,1.21
1472,0,0,0.30,0.73,1.21
1473,0,0,0.30,0.73,1.21
1474,0,0,0.30,0.73,1.21
1475,0,0,0.30,0.73,1.22
1476,0,0,0.30,0.73,1.21
1477,0,0,0.30,0.73,1.21
1478,0,0,0.30,0.73,1.22
1479,0,0,0.30,0.73,1.22
1480,255.30,46.46,0.30,0.73,1.22
1481,0,0,0.30,0.74,1.22
1482,0,0,0.30,0.74,1.22
1483,0,0,0.30,0.74,1.23
1484,0,0,0.30,0.74,1.23
1485,0,0,0.30,0.74,1.23
1486,0,0,0.30,0.74,1.23
1487,0,0,0.30,0.74,1.24
1488,0,0,0.30,0.74,1.24
1489,0,0,0.30,0.74,1.24
1490,255.34,46.43,0.30,0.75,1.24
1491,0,0,0.30,0.74,1.24
1492,0,0,0.30,0.75,1.24
1493,0,0,0.30,0.74,1.24
1494,0,0,0.30,0.74,1.24
1495,0,0,0.30,0.74,1.24
1496,0,0,0.30,0.74,1.24
1497,0,0,0.30,0.74,1.24
1498,0,0,0.30,0.75,1.24
1499,0,0,0.30,0.74,1.24
1500,255.38,46.40,0.30,0.74,1.24
1501,0,0,0.30,0.74,1.24
1502,0,0,0.30,0.75,1.24
1503,0,0,0.30,0.74,1.24
1504,0,0,0.30,0.75,1.24
1505,0,0,0.30,0.74,1.24
1506,0,0,0.30,0.75,1.24
1507,0,0,0.30,0.75,1.24
1508,0,0,0.30,0.74,1.24
1509,0,0,0.30,0.75,1.24
1510,255.42,46.38,0.30,0.75,1.25
1511,0,0,0.30,0.75,1.25
1512,0,0,0.30,0.75,1.25
1513,0,0,0.30,0.75,1.25
1514,0,0,0.30,0.75,1.25
1515,0,0,0.30,0.76,1.26
1516,0,0,0.30,0.76,1.25
1517,0,0,0.30,0.76,1.26
1518,0,0,0.30,0.75,1.26
1519,0,0,0.30,0.76,1.26
1520,255.45,46.35,0.30,0.76,1.26
1521,0,0,0.30,0.76,1.26
1522,0,0,0.30,0.76,1.26
1523,0,0,0.30,0.76,1.26
1524,0,0,0.30,0.76,1.26
1525,0,0,0.30,0.76,1.26
1526,0,0,0.30,0.76,1.26
1527,0,0,0.30,0.76,1.26
1528,0,0,0.30,0.76,1.26
1529,0,0,0.30,0.76,1.26
1530,255.49,46.32,0.30,0.76,1.26
1531,0,0,0.30,0.76,1.26
1532,0,0,0.30,0.76,1.26
1533,0,0,0.30,0.76,1.27
1534,0,0,0.30,0.77,1.27
1535,0,0,0.30,0.76,1.27
1536,0,0,0.30,0.76,1.27
1537,0,0,0.30,0.76,1.27
1538,0,0,0.30,0.76,1.27
1539,0,0,0.30,0.76,1.26
1540,255.53,46.29,0.30,0.76,1.27
1541,0,0,0.30,0.77,1.27
1542,0,0,0.30,0.77,1.27
1543,0,0,0.30,0.77,1.27
1544,0,0,0.30,0.77,1.27
1545,0,0,0.30,0.77,1.27
1546,0,0,0.30,0.76,1.27
1547,0,0,0.30,0.77,1.27
1548,0,0,0.30,0.76,1.27
1549,0,0,0.30,0.77,1.27
1550,255.57,46.26,0.30,0.77,1.27
1551,0,0,0.30,0.77,1.27
1552,0,0,0.30,0.77,1.28
1553,0,0,0.30,0.77,1.27
1554,0,0,0.30,0.77,1.27
1555,0,0,0.30,0.77,1.27
1556,0,0,0.30,0.77,1.27
1557,0,0,0.30,0.76,1.27
1558,0,0,0.30,0.77,1.27
1559,0,0,0.30,0.76,1.26
1560,255.60,46.23,0.30,0.77,1.27
1561,0,0,0.30,0.77,1.27
1562,0,0,0.30,0.76,1.27
1563,0,0,0.30,0.77,1.27
1564,0,0,0.30,0.76,1.27
1565,0,0,0.30,0.77,1.27
1566,0,0,0.30,0.77,1.27
1567,0,0,0.30,0.76,1.28
1568,0,0,0.30,0.77,1.27
1569,0,0,0.30,0.76,1.27
1570,255.64,46.21,0.30,0.77,1.27
1571,0,0,0.30,0.77,1.27
1572,0,0,0.30,0.77,1.27
1573,0,0,0.30,0.77,1.27
1574,0,0,0.30,0.77,1.27
1575,0,0,0.30,0.77,1.27
1576,0,0,0.30,0.77,1.27
1577,0,0,0.30,0.77,1.27
1578,0,0,0.30,0.77,1.27
1579,0,0,0.30,0.77,1.27
1580,255.68,46.18,0.30,0.77,1.27
1581,0,0,0.30,0.77,1.28
1582,0,0,0.30,0.77,1.27
1583,0,0,0.30,0.77,1.27
1584,0,0,0.30,0.76,1.27
1585,0,0,0.30,0.77,1.27
1586,0,0,0.30,0.77,1.28
1587,0,0,0.30,0.77,1.28
1588,0,0,0.30,0.77,1.28
1589,0,0,0.30,0.77,1.28
1590,255.71,46.15,0.30,0.77,1.27
1591,0,0,0.30,0.77,1.27
1592,0,0,0.30,0.77,1.28
1593,0,0,0.30,0.77,1.28
1594,0,0,0.30,0.77,1.28
1595,0,0,0.30,0.77,1.28
1596,0,0,0.30,0.77,1.27
1597,0,0,0.30,0.77,1.28
1598,0,0,0.30,0.77,1.28
1599,0,0,0.30,0.77,1.28
1600,255.75,46.12,0.30,0.77,1.28
1601,0,0,0.30,0.77,1.28
1602,0,0,0.30,0.77,1.28
1603,0,0,0.30,0.77,1.28
1604,0,0,0.30,0.77,1.28
1605,0,0,0.30,0.77,1.28
1606,0,0,0.30,0.77,1.28
1607,0,0,0.30,0.77,1.28
1608,0,0,0.30,0.77,1.28
1609,0,0,0.30,0.78,1.28
1610,255.79,46.09,0.30,0.77,1.28
1611,0,0,0.30,0.77,1.28
1612,0,0,0.30,0.78,1.29
1613,0,0,0.30,0.77,1.28
1614,0,0,0.30,0.77,1.28
1615,0,0,0.30,0.77,1.29
1616,0,0,0.30,0.77,1.28
1617,0,0,0.30,0.77,1.28
1618,0,0,0.30,0.77,1.28
1619,0,0,0.30,0.78,1.28
1620,255.83,46.07,0.30,0.78,1.29
1621,0,0,0.30,0.78,1.29
1622,0,0,0.30,0.78,1.29
1623,0,0,0.30,0.77,1.29
1624,0,0,0.30,0.78,1.29
1625,0,0,0.30,0.78,1.29
1626,0,0,0.30,0.78,1.29
1627,0,0,0.30,0.78,1.29
1628,0,0,0.30,0.78,1.29
1629,0,0,0.30,0.78,1.29
1630,255.86,46.04,0.30,0.78,1.29
1631,0,0,0.30,0.78,1.29
1632,0,0,0.30,0.78,1.29
1633,0,0,0.30,0.78,1.29
1634,0,0,0.30,0.78,1.29
1635,0,0,0.30,0.78,1.29
1636,0,0,0.30,0.78,1.29
1637,0,0,0.30,0.78,1.29
1638,0,0,0.30,0.78,1.29
1639,0,0,0.30,0.78,1.28
1640,255.90,46.01,0.30,0.78,1.29
1641,0,0,0.30,0.78,1.29
1642,0,0,0.30,0.78,1.29
1643,0,0,0.30,0.78,1.29
1644,0,0,0.30,0.78,1.29
1645,0,0,0.30,0.78,1.29
1646,0,0,0.30,0.78,1.29
1647,0,0,0.30,0.77,1.29
1648,0,0,0.30,0.78,1.29
1649,0,0,0.30,0.78,1.29
1650,255.94,45.98,0.30,0.78,1.29
1651,0,0,0.30,0.78,1.29
1652,0,0,0.30,0.78,1.29
1653,0,0,0.30,0.78,1.29
1654,0,0,0.30,0.77,1.29
1655,0,0,0.30,0.78,1.29
1656,0,0,0.30,0.77,1.29
1657,0,0,0.30,0.77,1.29
1658,0,0,0.30,0.77,1.28
1659,0,0,0.30,0.77,1.28
1660,255.98,45.95,0.30,0.77,1.28
1661,0,0,0.30,0.77,1.28
1662,0,0,0.30,0.77,1.28
1663,0,0,0.30,0.77,1.28
1664,0,0,0.30,0.77,1.29
1665,0,0,0.30,0.77,1.28
1666,0,0,0.30,0.77,1.28
1667,0,0,0.30,0.77,1.28
1668,0,0,0.30,0.77,1.28
1669,0,0,0.30,0.77,1.28
1670,256.01,45.93,0.30,0.77,1.28
1671,0,0,0.30,0.77,1.28
1672,0,0,0.30,0.77,1.27
1673,0,0,0.30,0.77,1.28
1674,0,0,0.30,0.77,1.28
1675,0,0,0.30,0.77,1.28
1676,0,0,0.30,0.77,1.28
1677,0,0,0.30,0.77,1.28
1678,0,0,0.30,0.77,1.28
1679,0,0,0.30,0.77,1.28
1680,256.05,45.90,0.30,0.77,1.28
1681,0,0,0.30,0.77,1.29
1682,0,0,0.30,0.77,1.28
1683,0,0,0.30,0.77,1.29
1684,0,0,0.30,0.78,1.28
1685,0,0,0.30,0.78,1.29
1686,0,0,0.30,0.78,1.29
1687,0,0,0.30,0.78,1.29
1688,0,0,0.30,0.77,1.29
1689,0,0,0.30,0.77,1.29
1690,256.09,45.87,0.30,0.77,1.28
1691,0,0,0.30,0.76,1.27
1692,0,0,0.30,0.76,1.26
1693,0,0,0.30,0.75,1.26
1694,0,0,0.30,0.75,1.25
1695,0,0,0.30,0.75,1.25
1696,0,0,0.30,0.75,1.25
1697,0,0,0.30,0.75,1.25
1698,0,0,0.30,0.74,1.25
1699,0,0,0.30,0.75,1.26
1700,256.12,45.84,0.30,0.75,1.25
1701,0,0,0.30,0.75,1.25
1702,0,0,0.30,0.74,1.24
1703,0,0,0.30,0.74,1.23
1704,0,0,0.30,0.73,1.22
1705,0,0,0.30,0.73,1.21
1706,0,0,0.30,0.73,1.21
1707,0,0,0.30,0.73,1.22
1708,0,0,0.30,0.73,1.22
1709,0,0,0.30,0.74,1.23
1710,256.16,45.81,0.30,0.74,1.23
1711,0,0,0.30,0.74,1.24
1712,0,0,0.30,0.74,1.24
1713,0,0,0.30,0.75,1.24
1714,0,0,0.30,0.74,1.24
1715,0,0,0.30,0.74,1.24
1716,0,0,0.30,0.74,1.24
1717,0,0,0.30,0.74,1.24
1718,0,0,0.30,0.74,1.24
1719,0,0,0.30,0.75,1.24
1720,256.20,45.78,0.30,0.75,1.26
1721,0,0,0.30,0.76,1.26
1722,0,0,0.30,0.76,1.27
1723,0,0,0.30,0.77,1.28
1724,0,0,0.30,0.76,1.28
1725,0,0,0.30,0.77,1.28
1726,0,0,0.30,0.77,1.28
1727,0,0,0.30,0.77,1.28
1728,0,0,0.30,0.77,1.28
1729,0,0,0.30,0.77,1.28
1730,256.24,45.76,0.30,0.77,1.28
1731,0,0,0.30,0.77,1.28
1732,0,0,0.30,0.77,1.28
1733,0,0,0.30,0.77,1.27
1734,0,0,0.30,0.76,1.27
1735,0,0,0.30,0.76,1.27
1736,0,0,0.30,0.76,1.27
1737,0,0,0.30,0.76,1.27
1738,0,0,0.30,0.76,1.26
1739,256.27,45.73,0.30,0.76,1.27
1740,0,0,0.30,0.76,1.27
1741,0,0,0.30,0.75,1.26
1742,0,0,0.30,0.76,1.27
1743,0,0,0.30,0.76,1.26
1744,0,0,0.30,0.76,1.27
1745,0,0,0.30,0.76,1.27
1746,0,0,0.30,0.76,1.27
1747,0,0,0.30,0.76,1.27
1748,0,0,0.30,0.76,1.27
1749,256.31,45.70,0.30,0.76,1.26
1750,0,0,0.30,0.76,1.27
1751,0,0,0.30,0.76,1.26
1752,0,0,0.30,0.76,1.26
1753,0,0,0.30,0.75,1.26
1754,0,0,0.30,0.75,1.26
1755,0,0,0.30,0.76,1.26
1756,0,0,0.30,0.75,1.26
1757,0,0,0.30,0.76,1.26
1758,0,0,0.30,0.76,1.27
1759,256.34,45.67,0.30,0.76,1.26
1760,0,0,0.30,0.76,1.26
1761,0,0,0.30,0.75,1.26
1762,0,0,0.30,0.75,1.25
1763,0,0,0.30,0.74,1.24
1764,0,0,0.30,0.73,1.23
1765,0,0,0.30,0.73,1.23
1766,0,0,0.30,0.73,1.23
1767,0,0,0.30,0.73,1.23
1768,0,0,0.30,0.74,1.23
1769,256.38,45.64,0.30,0.74,1.23
1770,0,0,0.30,0.74,1.23
1771,0,0,0.30,0.73,1.23
1772,0,0,0.30,0.74,1.23
1773,0,0,0.30,0.74,1.24
1774,0,0,0.30,0.74,1.24
1775,0,0,0.30,0.75,1.25
1776,0,0,0.30,0.75,1.24
1777,0,0,0.30,0.74,1.23
1778,0,0,0.30,0.73,1.22
1779,256.42,45.62,0.30,0.72,1.21
1780,0,0,0.30,0.72,1.21
1781,0,0,0.30,0.72,1.20
1782,0,0,0.30,0.71,1.20
1783,0,0,0.30,0.72,1.20
1784,0,0,0.30,0.72,1.20
1785,0,0,0.30,0.71,1.20
1786,0,0,0.30,0.71,1.20
1787,0,0,0.30,0.71,1.19
1788,0,0,0.30,0.71,1.20
1789,256.46,45.59,0.30,0.71,1.19
1790,0,0,0.30,0.71,1.19
1791,0,0,0.30,0.71,1.19
1792,0,0,0.30,0.71,1.20
1793,0,0,0.30,0.71,1.20
1794,0,0,0.30,0.72,1.20
1795,0,0,0.30,0.73,1.21
1796,0,0,0.30,0.73,1.22
1797,0,0,0.30,0.73,1.23
1798,0,0,0.30,0.74,1.24
1799,256.49,45.56,0.30,0.74,1.24
1800,0,0,0.30,0.75,1.25
1801,0,0,0.30,0.75,1.25
1802,0,0,0.30,0.75,1.25
1803,0,0,0.30,0.75,1.24
1804,0,0,0.30,0.74,1.24
1805,0,0,0.30,0.73,1.23
1806,0,0,0.30,0.73,1.22
1807,0,0,0.30,0.73,1.22
1808,0,0,0.30,0.73,1.21
1809,256.53,45.53,0.30,0.72,1.21
1810,0,0,0.30,0.72,1.21
1811,0,0,0.30,0.73,1.22
1812,0,0,0.30,0.73,1.23
1813,0,0,0.30,0.73,1.23
1814,0,0,0.30,0.73,1.23
1815,0,0,0.30,0.74,1.24
1816,0,0,0.30,0.74,1.24
1817,0,0,0.30,0.74,1.24
1818,0,0,0.30,0.74,1.24
1819,256.57,45.50,0.30,0.74,1.23
1820,0,0,0.30,0.74,1.24
1821,0,0,0.30,0.74,1.24
1822,0,0,0.30,0.74,1.24
1823,0,0,0.30,0.74,1.24
1824,0,0,0.30,0.74,1.23
1825,0,0,0.30,0.73,1.22
1826,0,0,0.30,0.73,1.22
1827,0,0,0.30,0.72,1.21
1828,0,0,0.30,0.72,1.20
1829,256.60,45.47,0.30,0.72,1.20
1830,0,0,0.30,0.71,1.20
1831,0,0,0.30,0.72,1.20
1832,0,0,0.30,0.72,1.21
1833,0,0,0.30,0.73,1.22
1834,0,0,0.30,0.73,1.22
1835,0,0,0.30,0.73,1.24
1836,0,0,0.30,0.74,1.23
1837,0,0,0.30,0.74,1.24
1838,0,0,0.30,0.74,1.24
1839,256.64,45.45,0.30,0.74,1.24
1840,0,0,0.30,0.74,1.24
1841,0,0,0.30,0.74,1.24
1842,0,0,0.30,0.73,1.23
1843,0,0,0.30,0.73,1.22
1844,0,0,0.30,0.72,1.22
1845,0,0,0.30,0.72,1.21
1846,0,0,0.30,0.72,1.21
1847,0,0,0.30,0.72,1.20
1848,0,0,0.30,0.72,1.20
1849,256.68,45.42,0.30,0.71,1.20
1850,0,0,0.30,0.72,1.20
1851,0,0,0.30,0.71,1.20
1852,0,0,0.30,0.72,1.20
1853,0,0,0.30,0.71,1.20
1854,0,0,0.30,0.71,1.20
1855,0,0,0.30,0.71,1.19
1856,0,0,0.30,0.71,1.19
1857,0,0,0.30,0.70,1.18
1858,0,0,0.30,0.70,1.18
1859,256.71,45.39,0.30,0.70,1.18
1860,0,0,0.30,0.70,1.18
1861,0,0,0.30,0.71,1.19
1862,0,0,0.30,0.71,1.20
1864,0,0,0.30,0.72,1.21
1865,0,0,0.30,0.72,1.22
1866,0,0,0.30,0.72,1.21
1867,0,0,0.30,0.72,1.21
1868,0,0,0.30,0.71,1.20
1869,0,0,0.30,0.71,1.19
1870,256.75,45.36,0.30,0.70,1.19
1871,0,0,0.30,0.70,1.19
1872,0,0,0.30,0.71,1.19
1873,0,0,0.30,0.71,1.19
1874,0,0,0.30,0.72,1.21
1875,0,0,0.30,0.72,1.21
1876,0,0,0.30,0.73,1.22
1877,0,0,0.30,0.73,1.22
1878,0,0,0.30,0.73,1.22
1879,0,0,0.30,0.72,1.21
1880,256.79,45.33,0.30,0.71,1.21
1881,0,0,0.30,0.71,1.20
1882,0,0,0.30,0.71,1.19
1883,0,0,0.30,0.71,1.19
1884,0,0,0.30,0.71,1.19
1885,0,0,0.30,0.70,1.18
1886,0,0,0.30,0.70,1.18
1887,0,0,0.30,0.70,1.18
1888,0,0,0.30,0.70,1.19
1889,0,0,0.30,0.71,1.19
1890,256.82,45.30,0.30,0.71,1.20
1891,0,0,0.30,0.71,1.20
1892,0,0,0.30,0.71,1.20
1893,0,0,0.30,0.71,1.20
1894,0,0,0.30,0.72,1.20
1895,0,0,0.30,0.72,1.21
1896,0,0,0.30,0.72,1.21
1897,0,0,0.30,0.72,1.22
1898,0,0,0.30,0.72,1.22
1899,0,0,0.30,0.73,1.22
1900,256.86,45.28,0.30,0.73,1.23
1901,0,0,0.30,0.73,1.23
1902,0,0,0.30,0.73,1.24
1903,0,0,0.30,0.74,1.24
1904,0,0,0.30,0.74,1.24
1905,0,0,0.30,0.74,1.24
1906,0,0,0.30,0.74,1.24
1907,0,0,0.30,0.74,1.25
1908,0,0,0.30,0.75,1.25
1909,0,0,0.30,0.74,1.25
1910,256.90,45.25,0.30,0.75,1.25
1911,0,0,0.30,0.75,1.26
1912,0,0,0.30,0.75,1.26
1913,0,0,0.30,0.74,1.26
1914,0,0,0.30,0.74,1.25
1915,0,0,0.30,0.74,1.25
1916,0,0,0.30,0.74,1.24
1917,0,0,0.30,0.73,1.24
1918,0,0,0.30,0.73,1.23
1919,0,0,0.30,0.73,1.23
1920,256.93,45.22,0.30,0.73,1.23
1921,0,0,0.30,0.74,1.23
1922,0,0,0.30,0.73,1.23
1923,0,0,0.30,0.73,1.23
1924,0,0,0.30,0.73,1.23
1925,0,0,0.30,0.73,1.23
1926,0,0,0.30,0.73,1.23
1927,0,0,0.30,0.72,1.22
1928,0,0,0.30,0.73,1.22
1929,0,0,0.30,0.72,1.22
1930,256.97,45.19,0.30,0.72,1.21
1931,0,0,0.30,0.72,1.21
1932,0,0,0.30,0.71,1.21
1933,0,0,0.30,0.72,1.21
1934,0,0,0.30,0.72,1.21
1935,0,0,0.30,0.72,1.22
1936,0,0,0.30,0.73,1.22
1937,0,0,0.30,0.73,1.23
1938,0,0,0.30,0.74,1.24
1939,0,0,0.30,0.74,1.24
1940,257.01,45.16,0.30,0.74,1.25
1941,0,0,0.30,0.74,1.24
1942,0,0,0.30,0.74,1.25
1943,0,0,0.30,0.74,1.24
1944,0,0,0.30,0.74,1.25
1945,0,0,0.30,0.74,1.25
1946,0,0,0.30,0.74,1.25
1947,0,0,0.30,0.74,1.25
1948,0,0,0.30,0.74,1.25
1949,0,0,0.30,0.74,1.25
1950,257.04,45.13,0.30,0.74,1.26
1951,0,0,0.30,0.74,1.25
1952,0,0,0.30,0.74,1.24
1953,0,0,0.30,0.74,1.24
1954,0,0,0.30,0.73,1.24
1955,0,0,0.30,0.74,1.24
1956,0,0,0.30,0.73,1.24
1957,0,0,0.30,0.73,1.24
1958,0,0,0.30,0.73,1.24
1959,0,0,0.30,0.74,1.25
1960,257.08,45.11,0.30,0.74,1.25
1961,0,0,0.30,0.74,1.25
1962,0,0,0.30,0.74,1.25
1963,0,0,0.30,0.74,1.25
1964,0,0,0.30,0.74,1.25
1965,0,0,0.30,0.75,1.25
1966,0,0,0.30,0.75,1.25
1967,0,0,0.30,0.74,1.26
1968,0,0,0.30,0.75,1.26
1969,0,0,0.30,0.74,1.25
1970,257.12,45.08,0.30,0.74,1.26
1971,0,0,0.30,0.74,1.25
1972,0,0,0.30,0.74,1.26
1973,0,0,0.30,0.74,1.26
1974,0,0,0.30,0.74,1.26
1975,0,0,0.30,0.74,1.26
1976,0,0,0.30,0.75,1.25
1977,0,0,0.30,0.74,1.26
1978,0,0,0.30,0.75,1.26
1979,0,0,0.30,0.75,1.25
1980,257.15,45.05,0.30,0.75,1.26
1981,0,0,0.30,0.74,1.26
1982,0,0,0.30,0.75,1.25
1983,0,0,0.30,0.75,1.26
1984,0,0,0.30,0.74,1.26
1985,0,0,0.30,0.74,1.26
1986,0,0,0.30,0.75,1.26
1987,0,0,0.30,0.75,1.26
1988,0,0,0.30,0.75,1.26
1989,0,0,0.30,0.74,1.26
1990,257.19,45.02,0.30,0.75,1.26
1991,0,0,0.30,0.74,1.26
1992,0,0,0.30,0.74,1.26
1993,0,0,0.30,0.75,1.26
1994,0,0,0.30,0.75,1.25
1995,0,0,0.30,0.74,1.26
1996,0,0,0.30,0.74,1.26
1997,0,0,0.30,0.74,1.26
1998,0,0,0.30,0.74,1.26
1999,0,0,0.30,0.74,1.26
2000,257.22,44.99,0.30,0.74,1.26
2001,0,0,0.30,0.74,1.26
2002,0,0,0.30,0.75,1.26
2003,0,0,0.29,0.74,1.26
2004,0,0,0.30,0.74,1.26
2005,0,0,0.30,0.74,1.26
2006,0,0,0.30,0.74,1.26
2007,0,0,0.30,0.75,1.26
2008,0,0,0.30,0.74,1.26
2009,0,0,0.30,0.74,1.26
2010,257.26,44.97,0.30,0.74,1.26
2011,0,0,0.29,0.74,1.26
2012,0,0,0.30,0.74,1.26
2013,0,0,0.30,0.75,1.26
2014,0,0,0.30,0.75,1.26
2015,0,0,0.30,0.75,1.26
2016,0,0,0.30,0.74,1.26
2017,0,0,0.30,0.74,1.26
2018,0,0,0.30,0.74,1.25
2019,0,0,0.30,0.74,1.26
2020,257.30,44.94,0.30,0.75,1.26
2021,0,0,0.30,0.74,1.26
2022,0,0,0.30,0.74,1.26
2023,0,0,0.30,0.75,1.26
2024,0,0,0.30,0.74,1.26
2025,0,0,0.30,0.75,1.26
2026,0,0,0.29,0.74,1.26
2027,0,0,0.30,0.75,1.26
2028,0,0,0.29,0.74,1.26
2029,0,0,0.30,0.74,1.26
2030,257.33,44.91,0.30,0.75,1.26
2031,0,0,0.30,0.75,1.26
2032,0,0,0.29,0.74,1.26
2033,0,0,0.29,0.74,1.26
2034,0,0,0.29,0.74,1.26
2035,0,0,0.29,0.74,1.26
2036,0,0,0.30,0.74,1.26
2037,0,0,0.30,0.74,1.26
2038,0,0,0.29,0.74,1.26
2039,0,0,0.30,0.74,1.26
2040,257.37,44.88,0.30,0.74,1.26
2041,0,0,0.29,0.74,1.26
2042,0,0,0.29,0.74,1.26
2043,0,0,0.29,0.74,1.26
2044,0,0,0.29,0.74,1.26
2045,0,0,0.29,0.74,1.26
2046,0,0,0.29,0.74,1.26
2047,0,0,0.29,0.74,1.26
2048,0,0,0.29,0.74,1.26
2049,0,0,0.29,0.74,1.27
2050,257.41,44.85,0.29,0.74,1.26
2051,0,0,0.30,0.75,1.26
2052,0,0,0.29,0.74,1.26
2053,0,0,0.29,0.74,1.26
2054,0,0,0.30,0.75,1.27
2055,0,0,0.29,0.74,1.27
2056,0,0,0.30,0.74,1.26
2057,0,0,0.29,0.74,1.26
2058,0,0,0.29,0.74,1.26
2059,0,0,0.30,0.74,1.25
2060,257.44,44.82,0.30,0.74,1.26
2061,0,0,0.30,0.74,1.26
2062,0,0,0.29,0.74,1.26
2063,0,0,0.30,0.74,1.26
2064,0,0,0.29,0.74,1.26
2065,0,0,0.29,0.74,1.25
2066,0,0,0.29,0.74,1.26
2067,0,0,0.29,0.73,1.26
2068,0,0,0.29,0.74,1.25
2069,0,0,0.29,0.74,1.25
2070,257.48,44.80,0.29,0.73,1.25
2071,0,0,0.29,0.74,1.25
2072,0,0,0.29,0.73,1.26
2073,0,0,0.29,0.73,1.25
2074,0,0,0.29,0.73,1.25
2075,0,0,0.29,0.73,1.25
2076,0,0,0.29,0.73,1.25
2077,0,0,0.29,0.73,1.25
2078,0,0,0.29,0.73,1.25
2079,0,0,0.29,0.73,1.25
2080,257.51,44.77,0.29,0.73,1.25
2081,0,0,0.29,0.73,1.25
2082,0,0,0.29,0.73,1.25
2083,0,0,0.29,0.73,1.25
2084,0,0,0.29,0.73,1.25
2085,0,0,0.29,0.73,1.25
2086,0,0,0.29,0.73,1.25
2087,0,0,0.29,0.73,1.25
2088,0,0,0.29,0.73,1.25
2089,0,0,0.29,0.73,1.25
2090,257.55,44.74,0.29,0.73,1.25
2091,0,0,0.29,0.73,1.25
2092,0,0,0.29,0.73,1.25
2093,0,0,0.29,0.73,1.25
2094,0,0,0.29,0.73,1.25
2095,0,0,0.29,0.73,1.25
2096,0,0,0.29,0.73,1.25
2097,0,0,0.29,0.73,1.25
2098,0,0,0.29,0.73,1.25
2099,0,0,0.29,0.73,1.25
2100,257.59,44.71,0.29,0.73,1.25
2101,0,0,0.29,0.73,1.25
2102,0,0,0.29,0.73,1.25
2103,0,0,0.29,0.73,1.25
2104,0,0,0.29,0.73,1.25
2105,0,0,0.29,0.73,1.25
2106,0,0,0.29,0.73,1.25
2107,0,0,0.29,0.73,1.25
2108,0,0,0.29,0.73,1.25
2109,0,0,0.29,0.73,1.25
2110,257.62,44.68,0.29,0.73,1.25
2111,0,0,0.29,0.72,1.25
2112,0,0,0.29,0.73,1.24
2113,0,0,0.29,0.72,1.25
2114,0,0,0.29,0.73,1.25
2115,0,0,0.29,0.73,1.25
2116,0,0,0.29,0.73,1.25
2117,0,0,0.29,0.73,1.25
2118,0,0,0.29,0.72,1.25
2119,0,0,0.29,0.72,1.25
2120,257.66,44.65,0.29,0.72,1.25
2121,0,0,0.29,0.73,1.25
2122,0,0,0.29,0.72,1.25
2123,0,0,0.29,0.72,1.25
2124,0,0,0.29,0.72,1.25
2125,0,0,0.29,0.72,1.25
2126,0,0,0.29,0.73,1.25
2127,0,0,0.29,0.72,1.25
2128,0,0,0.29,0.72,1.24
2129,0,0,0.29,0.72,1.25
2130,257.69,44.62,0.29,0.72,1.25
2131,0,0,0.29,0.72,1.25
2132,0,0,0.29,0.72,1.25
2133,0,0,0.29,0.72,1.24
2134,0,0,0.29,0.72,1.25
2135,0,0,0.29,0.72,1.25
2136,0,0,0.29,0.72,1.24
2137,0,0,0.29,0.72,1.24
2138,0,0,0.29,0.72,1.24
2139,0,0,0.29,0.72,1.25
2140,257.73,44.60,0.29,0.72,1.25
2141,0,0,0.29,0.72,1.25
2142,0,0,0.29,0.72,1.25
2143,0,0,0.29,0.72,1.25
2144,0,0,0.29,0.72,1.25
2145,0,0,0.29,0.72,1.25
2146,0,0,0.29,0.72,1.25
2147,0,0,0.29,0.72,1.25
2148,0,0,0.29,0.72,1.24
2149,0,0,0.29,0.73,1.25
2150,257.77,44.57,0.29,0.72,1.25
2151,0,0,0.29,0.73,1.25
2152,0,0,0.29,0.72,1.25
2153,0,0,0.29,0.72,1.25
2154,0,0,0.29,0.72,1.25
2155,0,0,0.29,0.72,1.25
2156,0,0,0.29,0.72,1.25
2157,0,0,0.29,0.72,1.25
2158,0,0,0.29,0.72,1.24
2159,0,0,0.29,0.72,1.24
2160,257.80,44.54,0.29,0.72,1.24
2161,0,0,0.29,0.72,1.25
2162,0,0,0.29,0.72,1.24
2163,0,0,0.29,0.72,1.24
2164,0,0,0.29,0.72,1.24
2165,0,0,0.29,0.72,1.25
2166,0,0,0.29,0.72,1.25
2167,0,0,0.29,0.72,1.25
2168,0,0,0.29,0.72,1.25
2169,0,0,0.29,0.72,1.24
2170,257.84,44.51,0.29,0.72,1.25
2171,0,0,0.29,0.72,1.25
2172,0,0,0.29,0.72,1.25
2173,0,0,0.29,0.72,1.25
2174,0,0,0.29,0.72,1.24
2175,0,0,0.29,0.72,1.25
2176,0,0,0.29,0.72,1.25
2177,0,0,0.29,0.72,1.25
2178,0,0,0.29,0.72,1.25
2179,0,0,0.29,0.72,1.25
2180,257.87,44.48,0.29,0.72,1.25
2181,0,0,0.29,0.72,1.25
2182,0,0,0.29,0.72,1.25
2183,0,0,0.29,0.72,1.25
2184,0,0,0.29,0.72,1.25
2185,0,0,0.29,0.72,1.25
2186,0,0,0.29,0.72,1.25
2187,0,0,0.29,0.72,1.25
2188,0,0,0.29,0.72,1.25
2189,0,0,0.29,0.72,1.25
2190,257.91,44.45,0.29,0.72,1.25
2191,0,0,0.29,0.72,1.25
2192,0,0,0.29,0.72,1.25
2193,0,0,0.29,0.72,1.25
2194,0,0,0.29,0.72,1.25
2195,0,0,0.29,0.72,1.25
2196,0,0,0.29,0.72,1.25
2197,0,0,0.29,0.72,1.25
2198,0,0,0.29,0.72,1.25
2199,0,0,0.29,0.72,1.25
2200,257.94,44.43,0.29,0.72,1.25
2201,0,0,0.29,0.72,1.25
2202,0,0,0.29,0.72,1.25
2203,0,0,0.29,0.72,1.25
2204,0,0,0.29,0.72,1.25
2205,0,0,0.29,0.72,1.25
2206,0,0,0.29,0.72,1.25
2207,0,0,0.29,0.72,1.25
2208,0,0,0.29,0.72,1.25
2209,0,0,0.29,0.72,1.25
2210,257.98,44.40,0.29,0.71,1.25
2211,0,0,0.29,0.72,1.25
2212,0,0,0.29,0.72,1.25
2213,0,0,0.29,0.72,1.25
2214,0,0,0.29,0.72,1.25
2215,0,0,0.29,0.72,1.25
2216,0,0,0.29,0.72,1.25
2217,0,0,0.29,0.71,1.25
2218,0,0,0.29,0.71,1.25
2219,0,0,0.29,0.71,1.25
2220,258.02,44.37,0.29,0.72,1.25
2221,0,0,0.29,0.72,1.25
2222,0,0,0.29,0.72,1.25
2223,0,0,0.29,0.72,1.25
2224,0,0,0.29,0.72,1.26
2225,0,0,0.29,0.72,1.25
2226,0,0,0.28,0.71,1.26
2227,0,0,0.29,0.72,1.26
2228,0,0,0.29,0.72,1.25
2229,0,0,0.29,0.72,1.25
2230,258.05,44.34,0.29,0.72,1.25
2231,0,0,0.29,0.72,1.25
2232,0,0,0.29,0.72,1.25
2233,0,0,0.29,0.72,1.25
2234,0,0,0.29,0.72,1.25
2235,0,0,0.29,0.72,1.26
2236,0,0,0.29,0.72,1.25
2237,0,0,0.29,0.72,1.26
2238,0,0,0.29,0.72,1.26
2239,0,0,0.29,0.72,1.26
2240,258.09,44.31,0.29,0.72,1.26
2241,0,0,0.29,0.72,1.26
2242,0,0,0.29,0.72,1.26
2243,0,0,0.29,0.72,1.26
2244,0,0,0.29,0.72,1.26
2245,0,0,0.29,0.72,1.26
2246,0,0,0.29,0.72,1.26
2247,0,0,0.29,0.72,1.26
2248,0,0,0.28,0.72,1.26
2249,0,0,0.29,0.72,1.25
2250,258.12,44.28,0.29,0.72,1.25
2251,0,0,0.29,0.72,1.26
2252,0,0,0.29,0.72,1.26
2253,0,0,0.29,0.72,1.26
2254,0,0,0.29,0.72,1.26
2255,0,0,0.29,0.72,1.26
2256,0,0,0.28,0.72,1.26
2257,0,0,0.29,0.72,1.26
2258,0,0,0.29,0.72,1.26
2259,0,0,0.28,0.72,1.26
2260,258.16,44.26,0.28,0.72,1.26
2261,0,0,0.28,0.72,1.26
2262,0,0,0.28,0.72,1.27
2263,0,0,0.28,0.72,1.26
2264,0,0,0.29,0.72,1.26
2265,0,0,0.29,0.72,1.27
2266,0,0,0.28,0.72,1.26
2267,0,0,0.28,0.72,1.26
2268,0,0,0.29,0.72,1.26
2269,0,0,0.29,0.72,1.27
2270,258.19,44.23,0.29,0.72,1.27
2271,0,0,0.29,0.72,1.27
2272,0,0,0.29,0.72,1.27
2273,0,0,0.28,0.72,1.27
2274,0,0,0.29,0.72,1.27
2275,0,0,0.28,0.72,1.27
2276,0,0,0.29,0.73,1.27
2277,0,0,0.28,0.72,1.27
2278,0,0,0.28,0.72,1.27
2279,0,0,0.29,0.73,1.27
2280,258.23,44.20,0.28,0.72,1.27
2281,0,0,0.29,0.73,1.27
2282,0,0,0.28,0.72,1.27
2283,0,0,0.28,0.72,1.27
2284,0,0,0.28,0.72,1.28
2285,0,0,0.28,0.72,1.27
2286,0,0,0.29,0.73,1.27
2287,0,0,0.28,0.72,1.27
2288,0,0,0.28,0.72,1.28
2289,0,0,0.28,0.72,1.27
2290,258.27,44.17,0.28,0.72,1.27
2291,0,0,0.28,0.72,1.27
2292,0,0,0.28,0.72,1.27
2293,0,0,0.28,0.72,1.28
2294,0,0,0.28,0.72,1.27
2295,0,0,0.28,0.72,1.27
2296,0,0,0.28,0.72,1.27
2297,0,0,0.28,0.72,1.27
2298,0,0,0.28,0.72,1.28
2299,0,0,0.28,0.72,1.27
2300,258.30,44.14,0.28,0.72,1.27
2301,0,0,0.28,0.72,1.28
2302,0,0,0.28,0.72,1.28
2303,0,0,0.28,0.72,1.27
2304,0,0,0.28,0.72,1.28
2305,0,0,0.28,0.72,1.27
2306,0,0,0.28,0.72,1.27
2307,0,0,0.28,0.72,1.27
2308,0,0,0.28,0.72,1.28
2309,0,0,0.28,0.72,1.28
2310,258.34,44.11,0.28,0.72,1.27
2311,0,0,0.28,0.72,1.28
2312,0,0,0.28,0.72,1.28
2313,0,0,0.28,0.72,1.27
2314,0,0,0.28,0.72,1.28
2315,0,0,0.28,0.72,1.27
2316,0,0,0.28,0.72,1.28
2317,0,0,0.28,0.72,1.28
2318,0,0,0.28,0.72,1.27
2319,258.37,44.09,0.28,0.72,1.28
2320,0,0,0.28,0.72,1.28
2321,0,0,0.28,0.72,1.27
2322,0,0,0.28,0.72,1.28
2323,0,0,0.28,0.72,1.28
2324,0,0,0.28,0.72,1.27
2325,0,0,0.28,0.72,1.27
2326,0,0,0.28,0.72,1.27
2327,0,0,0.28,0.72,1.27
2328,0,0,0.28,0.72,1.28
2329,258.41,44.06,0.28,0.72,1.28
2331,0,0,0.28,0.72,1.28
2332,0,0,0.28,0.72,1.28
2333,0,0,0.28,0.72,1.27
2334,0,0,0.28,0.72,1.27
2335,0,0,0.28,0.72,1.28
2336,0,0,0.28,0.72,1.28
2337,0,0,0.28,0.72,1.28
2338,0,0,0.28,0.72,1.28
2339,0,0,0.28,0.72,1.27
2340,258.44,44.03,0.28,0.72,1.28
2341,0,0,0.28,0.72,1.27
2342,0,0,0.28,0.72,1.27
2343,0,0,0.28,0.72,1.28
2344,0,0,0.28,0.71,1.28
2345,0,0,0.28,0.72,1.28
2346,0,0,0.28,0.72,1.27
2347,0,0,0.28,0.71,1.27
2348,0,0,0.28,0.71,1.27
2349,0,0,0.28,0.71,1.27
2350,258.48,44.00,0.28,0.71,1.27
2351,0,0,0.28,0.71,1.27
2352,0,0,0.28,0.71,1.27
2353,0,0,0.28,0.72,1.27
2354,0,0,0.28,0.71,1.27
2355,0,0,0.28,0.71,1.27
2356,0,0,0.28,0.71,1.27
2357,0,0,0.28,0.71,1.27
2358,0,0,0.28,0.71,1.27
2359,0,0,0.28,0.71,1.27
2360,258.51,43.97,0.28,0.71,1.27
2361,0,0,0.28,0.71,1.27
2362,0,0,0.28,0.71,1.27
2363,0,0,0.28,0.71,1.27
2364,0,0,0.28,0.71,1.27
2365,0,0,0.28,0.71,1.27
2366,0,0,0.28,0.71,1.27
2367,0,0,0.28,0.71,1.27
2368,0,0,0.28,0.71,1.27
2369,0,0,0.28,0.71,1.27
2370,258.55,43.94,0.28,0.71,1.27
2371,0,0,0.28,0.71,1.27
2372,0,0,0.28,0.71,1.27
2373,0,0,0.28,0.71,1.27
2374,0,0,0.28,0.71,1.27
2375,0,0,0.28,0.71,1.27
2376,0,0,0.28,0.71,1.27
2377,0,0,0.28,0.71,1.27
2378,0,0,0.28,0.71,1.27
2379,0,0,0.28,0.71,1.27
2380,258.59,43.91,0.28,0.71,1.27
2381,0,0,0.28,0.71,1.27
2382,0,0,0.28,0.71,1.27
2383,0,0,0.28,0.71,1.27
2384,0,0,0.28,0.71,1.27
2385,0,0,0.28,0.71,1.27
2386,0,0,0.28,0.71,1.27
2387,0,0,0.28,0.71,1.27
2388,0,0,0.28,0.71,1.27
2389,0,0,0.28,0.71,1.27
2390,258.62,43.89,0.28,0.71,1.28
2391,0,0,0.28,0.71,1.27
2392,0,0,0.28,0.71,1.27
2393,0,0,0.28,0.71,1.27
2394,0,0,0.28,0.71,1.27
2395,0,0,0.28,0.71,1.27
2396,0,0,0.28,0.71,1.27
2397,0,0,0.28,0.71,1.27
2398,0,0,0.28,0.71,1.27
2399,0,0,0.28,0.71,1.27
2400,258.66,43.85,0.28,0.71,1.27
2401,0,0,0.28,0.71,1.27
2402,0,0,0.28,0.71,1.27
2403,0,0,0.28,0.71,1.27
2404,0,0,0.28,0.71,1.27
2405,0,0,0.28,0.71,1.27
2406,0,0,0.28,0.71,1.28
2407,0,0,0.28,0.71,1.27
2408,0,0,0.28,0.71,1.27
2409,0,0,0.28,0.71,1.27
2410,258.69,43.83,0.28,0.71,1.27
2411,0,0,0.28,0.71,1.27
2412,0,0,0.28,0.71,1.27
2413,0,0,0.28,0.71,1.27
2414,0,0,0.28,0.71,1.27
2415,0,0,0.28,0.71,1.27
2416,0,0,0.28,0.71,1.27
2417,0,0,0.28,0.71,1.27
2418,0,0,0.28,0.71,1.28
2419,0,0,0.28,0.71,1.27
2420,258.73,43.80,0.28,0.71,1.27
2421,0,0,0.28,0.71,1.27
2422,0,0,0.28,0.71,1.27
2423,0,0,0.28,0.71,1.27
2424,0,0,0.28,0.71,1.27
2425,0,0,0.28,0.71,1.27
2426,0,0,0.28,0.71,1.27
2427,0,0,0.28,0.71,1.27
2428,0,0,0.28,0.71,1.27
2429,0,0,0.28,0.71,1.27
2430,258.77,43.77,0.28,0.71,1.27
2431,0,0,0.28,0.71,1.27
2432,0,0,0.28,0.71,1.27
2433,0,0,0.28,0.71,1.27
2434,0,0,0.28,0.71,1.27
2435,0,0,0.28,0.70,1.27
2436,0,0,0.28,0.71,1.27
2437,0,0,0.28,0.71,1.27
2438,0,0,0.28,0.71,1.27
2439,0,0,0.28,0.71,1.27
2440,258.80,43.74,0.28,0.71,1.27
2441,0,0,0.28,0.71,1.27
2442,0,0,0.28,0.71,1.27
2443,0,0,0.28,0.71,1.27
2444,0,0,0.28,0.71,1.27
2445,0,0,0.28,0.70,1.27
2446,0,0,0.28,0.71,1.27
2447,0,0,0.28,0.71,1.27
2448,0,0,0.28,0.71,1.27
2449,0,0,0.28,0.71,1.27
2450,258.84,43.71,0.28,0.71,1.27
2451,0,0,0.28,0.71,1.27
2452,0,0,0.28,0.70,1.27
2453,0,0,0.28,0.71,1.27
2454,0,0,0.28,0.70,1.26
2455,0,0,0.28,0.70,1.27
2456,0,0,0.28,0.70,1.27
2457,0,0,0.28,0.70,1.27
2458,0,0,0.28,0.70,1.27
2459,0,0,0.28,0.70,1.27
2460,258.87,43.68,0.28,0.70,1.26
2461,0,0,0.28,0.70,1.27
2462,0,0,0.28,0.70,1.27
2463,0,0,0.28,0.70,1.27
2464,0,0,0.28,0.71,1.27
2465,0,0,0.28,0.70,1.26
2466,0,0,0.28,0.70,1.27
2467,0,0,0.28,0.70,1.26
2468,0,0,0.28,0.70,1.26
2469,0,0,0.28,0.70,1.26
2470,258.91,43.66,0.28,0.70,1.26
2471,0,0,0.28,0.70,1.26
2472,0,0,0.28,0.70,1.26
2473,0,0,0.28,0.70,1.26
2474,0,0,0.28,0.70,1.26
2475,0,0,0.28,0.70,1.27
2476,0,0,0.28,0.70,1.27
2477,0,0,0.28,0.70,1.26
2478,0,0,0.28,0.70,1.26
2479,0,0,0.28,0.70,1.26
2480,258.94,43.63,0.28,0.70,1.26
2481,0,0,0.28,0.70,1.26
2482,0,0,0.28,0.70,1.26
2483,0,0,0.28,0.70,1.26
2484,0,0,0.28,0.70,1.26
2485,0,0,0.28,0.70,1.26
2486,0,0,0.28,0.70,1.26
2487,0,0,0.28,0.70,1.26
2488,0,0,0.28,0.70,1.26
2489,0,0,0.28,0.70,1.26
2490,258.98,43.60,0.28,0.70,1.26
2491,0,0,0.28,0.70,1.26
2492,0,0,0.28,0.70,1.26
2493,0,0,0.28,0.70,1.26
2494,0,0,0.28,0.70,1.26
2495,0,0,0.28,0.70,1.26
2496,0,0,0.28,0.70,1.26
2497,0,0,0.28,0.70,1.26
2498,0,0,0.28,0.70,1.26
2499,0,0,0.28,0.70,1.26
2500,259.01,43.57,0.28,0.70,1.26
2501,0,0,0.28,0.70,1.26
2502,0,0,0.28,0.70,1.26
2503,0,0,0.28,0.70,1.26
2504,0,0,0.28,0.70,1.26
2505,0,0,0.28,0.70,1.26
2506,0,0,0.28,0.69,1.26
2507,0,0,0.28,0.69,1.26
2508,0,0,0.28,0.69,1.26
2509,0,0,0.28,0.69,1.25
2510,259.05,43.54,0.28,0.69,1.26
2511,0,0,0.28,0.69,1.26
2512,0,0,0.28,0.70,1.25
2513,0,0,0.28,0.69,1.26
2514,0,0,0.28,0.69,1.25
2515,0,0,0.28,0.69,1.25
2516,0,0,0.28,0.69,1.25
2517,0,0,0.28,0.69,1.25
2518,0,0,0.28,0.69,1.25
2519,0,0,0.28,0.69,1.25
2520,259.08,43.51,0.28,0.69,1.25
2521,0,0,0.28,0.69,1.25
2522,0,0,0.28,0.69,1.25
2523,0,0,0.28,0.69,1.25
2524,0,0,0.28,0.69,1.25
2525,0,0,0.28,0.69,1.25
2526,0,0,0.28,0.69,1.25
2527,0,0,0.28,0.69,1.25
2528,0,0,0.28,0.69,1.25
2529,0,0,0.28,0.69,1.25
2530,259.12,43.48,0.28,0.69,1.25
2531,0,0,0.28,0.69,1.25
2532,0,0,0.27,0.68,1.25
2533,0,0,0.28,0.69,1.25
2534,0,0,0.28,0.69,1.25
2535,0,0,0.28,0.69,1.25
2536,0,0,0.28,0.69,1.25
2537,0,0,0.28,0.69,1.25
2538,0,0,0.27,0.68,1.25
2539,0,0,0.28,0.69,1.25
2540,259.15,43.46,0.28,0.69,1.25
2541,0,0,0.28,0.69,1.25
2542,0,0,0.28,0.69,1.25
2543,0,0,0.28,0.69,1.25
2544,0,0,0.28,0.69,1.25
2545,0,0,0.28,0.69,1.25
2546,0,0,0.28,0.69,1.25
2547,0,0,0.28,0.69,1.25
2548,0,0,0.28,0.69,1.25
2549,0,0,0.28,0.69,1.25
2550,259.19,43.43,0.28,0.69,1.24
2551,0,0,0.28,0.69,1.25
2552,0,0,0.27,0.68,1.26
2553,0,0,0.28,0.69,1.25
2554,0,0,0.28,0.69,1.24
2555,0,0,0.28,0.69,1.25
2556,0,0,0.27,0.68,1.25
2557,0,0,0.28,0.69,1.25
2558,0,0,0.28,0.69,1.24
2559,0,0,0.27,0.68,1.25
2560,259.22,43.40,0.28,0.68,1.24
2561,0,0,0.28,0.69,1.25
2562,0,0,0.27,0.68,1.25
2563,0,0,0.27,0.68,1.25
2564,0,0,0.28,0.69,1.25
2565,0,0,0.27,0.68,1.25
2566,0,0,0.27,0.68,1.25
2567,0,0,0.27,0.68,1.25
2568,0,0,0.27,0.68,1.25
2569,0,0,0.28,0.69,1.25
2570,259.26,43.37,0.27,0.68,1.25
2571,0,0,0.27,0.68,1.25
2572,0,0,0.27,0.68,1.25
2573,0,0,0.28,0.69,1.25
2574,0,0,0.28,0.69,1.25
2575,0,0,0.28,0.69,1.25
2576,0,0,0.27,0.68,1.25
2577,0,0,0.28,0.69,1.25
2578,0,0,0.27,0.68,1.25
2579,0,0,0.28,0.69,1.25
2580,259.29,43.34,0.28,0.69,1.25
2581,0,0,0.27,0.69,1.26
2582,0,0,0.28,0.69,1.25
2583,0,0,0.27,0.69,1.26
2584,0,0,0.27,0.69,1.26
2585,0,0,0.28,0.69,1.25
2586,0,0,0.28,0.69,1.25
2587,0,0,0.28,0.69,1.25
2588,0,0,0.27,0.68,1.25
2589,0,0,0.27,0.69,1.26
2590,259.33,43.31,0.28,0.69,1.25
2591,0,0,0.27,0.69,1.26
2592,0,0,0.28,0.69,1.25
2593,0,0,0.28,0.69,1.25
2594,0,0,0.28,0.69,1.25
2595,0,0,0.27,0.69,1.26
2596,0,0,0.28,0.69,1.25
2597,0,0,0.27,0.69,1.26
2598,0,0,0.27,0.69,1.26
2599,0,0,0.28,0.69,1.25
2600,259.36,43.29,0.27,0.69,1.26
2601,0,0,0.27,0.69,1.26
2602,0,0,0.28,0.69,1.25
2603,0,0,0.27,0.69,1.26
2604,0,0,0.27,0.69,1.26
2605,0,0,0.27,0.69,1.26
2606,0,0,0.27,0.69,1.26
2607,0,0,0.27,0.69,1.26
2608,0,0,0.27,0.69,1.26
2609,0,0,0.27,0.69,1.26
2610,259.40,43.26,0.27,0.69,1.26
2611,0,0,0.27,0.69,1.26
2612,0,0,0.28,0.69,1.26
2613,0,0,0.27,0.69,1.26
2614,0,0,0.28,0.69,1.25
2615,0,0,0.28,0.69,1.26
2616,0,0,0.28,0.69,1.26
2617,0,0,0.27,0.69,1.26
2618,0,0,0.28,0.69,1.26
2619,0,0,0.27,0.69,1.26
2620,259.43,43.23,0.28,0.69,1.26
2621,0,0,0.28,0.69,1.26
2622,0,0,0.27,0.69,1.26
2623,0,0,0.28,0.69,1.26
2624,0,0,0.27,0.69,1.26
2625,0,0,0.28,0.69,1.26
2626,0,0,0.28,0.69,1.26
2627,0,0,0.28,0.69,1.26
2628,0,0,0.27,0.69,1.26
2629,0,0,0.28,0.69,1.26
2630,259.47,43.20,0.28,0.69,1.26
2631,0,0,0.27,0.69,1.26
2632,0,0,0.27,0.69,1.26
2633,0,0,0.28,0.69,1.26
2634,0,0,0.27,0.69,1.26
2635,0,0,0.28,0.69,1.26
2636,0,0,0.28,0.69,1.26
2637,0,0,0.28,0.69,1.26
2638,0,0,0.27,0.69,1.27
2639,0,0,0.28,0.69,1.26
2640,259.50,43.17,0.27,0.69,1.26
2641,0,0,0.27,0.69,1.27
2642,0,0,0.28,0.69,1.26
2643,0,0,0.28,0.69,1.26
2644,0,0,0.28,0.69,1.26
2645,0,0,0.28,0.69,1.26
2646,0,0,0.28,0.69,1.26
2647,0,0,0.28,0.69,1.26
2648,0,0,0.28,0.69,1.26
2649,0,0,0.27,0.69,1.27
2650,259.54,43.14,0.27,0.69,1.27
2651,0,0,0.28,0.70,1.27
2652,0,0,0.27,0.69,1.27
2653,0,0,0.28,0.69,1.26
2654,0,0,0.27,0.69,1.27
2655,0,0,0.27,0.69,1.27
2656,0,0,0.28,0.70,1.27
2657,0,0,0.28,0.70,1.27
2658,0,0,0.28,0.70,1.27
2659,0,0,0.27,0.69,1.27
2660,259.57,43.11,0.27,0.69,1.27
2661,0,0,0.28,0.70,1.27
2662,0,0,0.27,0.69,1.27
2663,0,0,0.27,0.70,1.27
2664,0,0,0.28,0.70,1.27
2665,0,0,0.27,0.70,1.27
2666,0,0,0.28,0.70,1.27
2667,0,0,0.27,0.69,1.27
2668,0,0,0.27,0.69,1.27
2669,0,0,0.28,0.69,1.26
2670,259.61,43.09,0.27,0.69,1.26
2671,0,0,0.28,0.69,1.26
2672,0,0,0.28,0.69,1.26
2673,0,0,0.28,0.69,1.26
2674,0,0,0.27,0.69,1.27
2675,0,0,0.28,0.69,1.26
2676,0,0,0.27,0.69,1.26
2677,0,0,0.27,0.69,1.27
2678,0,0,0.28,0.69,1.26
2679,0,0,0.28,0.69,1.26
2680,259.64,43.06,0.28,0.70,1.27
2681,0,0,0.27,0.69,1.27
2682,0,0,0.27,0.69,1.27
2683,0,0,0.27,0.69,1.27
2684,0,0,0.28,0.69,1.26
2685,0,0,0.28,0.69,1.26
2686,0,0,0.27,0.69,1.27
2687,0,0,0.27,0.69,1.27
2688,0,0,0.27,0.69,1.26
2689,0,0,0.27,0.69,1.26
2690,259.68,43.03,0.28,0.69,1.26
2691,0,0,0.28,0.69,1.26
2692,0,0,0.27,0.69,1.26
2693,0,0,0.27,0.69,1.26
2694,0,0,0.27,0.69,1.26
2695,0,0,0.28,0.69,1.25
2696,0,0,0.27,0.69,1.26
2697,0,0,0.28,0.69,1.25
2698,0,0,0.27,0.68,1.25
2699,0,0,0.27,0.68,1.25
2700,259.71,43.00,0.27,0.68,1.25
2701,0,0,0.27,0.68,1.25
2702,0,0,0.27,0.68,1.25
2703,0,0,0.27,0.68,1.25
2704,0,0,0.27,0.68,1.25
2705,0,0,0.27,0.68,1.25
2706,0,0,0.27,0.68,1.25
2707,0,0,0.28,0.69,1.25
2708,0,0,0.28,0.69,1.25
2709,0,0,0.28,0.69,1.25
2710,259.75,42.97,0.28,0.69,1.25
2711,0,0,0.27,0.69,1.26
2712,0,0,0.27,0.68,1.25
2713,0,0,0.27,0.69,1.26
2714,0,0,0.27,0.69,1.26
2715,0,0,0.28,0.69,1.25
2716,0,0,0.28,0.69,1.25
2717,0,0,0.28,0.69,1.25
2718,0,0,0.27,0.68,1.25
2719,0,0,0.27,0.68,1.25
2720,259.78,42.94,0.28,0.68,1.24
2721,0,0,0.28,0.68,1.24
2722,0,0,0.28,0.68,1.24
2723,0,0,0.28,0.68,1.24
2724,0,0,0.27,0.68,1.24
2725,0,0,0.27,0.68,1.24
2726,0,0,0.27,0.67,1.23
2727,0,0,0.27,0.67,1.22
2728,0,0,0.27,0.67,1.22
2729,0,0,0.27,0.66,1.22
2730,259.81,42.91,0.27,0.66,1.22
2731,0,0,0.28,0.66,1.21
2732,0,0,0.27,0.66,1.21
2733,0,0,0.27,0.66,1.21
2734,0,0,0.28,0.66,1.21
2735,0,0,0.28,0.66,1.21
2736,0,0,0.27,0.66,1.21
2737,0,0,0.27,0.66,1.20
2738,0,0,0.28,0.66,1.20
2739,0,0,0.28,0.66,1.20
2740,259.85,42.89,0.27,0.65,1.19
2741,0,0,0.27,0.65,1.19
2742,0,0,0.27,0.65,1.18
2743,0,0,0.27,0.64,1.17
2744,0,0,0.27,0.63,1.16
2745,0,0,0.27,0.63,1.14
2746,0,0,0.27,0.62,1.13
2747,0,0,0.27,0.62,1.13
2748,0,0,0.27,0.62,1.13
2749,0,0,0.27,0.63,1.14
2750,259.88,42.86,0.27,0.63,1.14
2751,0,0,0.28,0.63,1.13
2752,0,0,0.27,0.62,1.13
2753,0,0,0.27,0.62,1.13
2754,0,0,0.27,0.62,1.12
2755,0,0,0.27,0.61,1.12
2756,0,0,0.27,0.61,1.12
2757,0,0,0.27,0.61,1.11
2758,0,0,0.27,0.61,1.11
2759,0,0,0.27,0.61,1.11
2760,259.92,42.83,0.27,0.61,1.11
2761,0,0,0.27,0.61,1.12
2762,0,0,0.27,0.61,1.12
2763,0,0,0.27,0.61,1.12
2764,0,0,0.27,0.61,1.11
2765,0,0,0.27,0.61,1.11
2766,0,0,0.27,0.61,1.11
2767,0,0,0.27,0.61,1.11
2768,0,0,0.27,0.61,1.11
2769,0,0,0.27,0.61,1.11
2770,259.95,42.80,0.27,0.61,1.12
2771,0,0,0.27,0.62,1.12
2772,0,0,0.27,0.62,1.12
2773,0,0,0.28,0.62,1.12
2774,0,0,0.28,0.62,1.12
2775,0,0,0.28,0.62,1.12
2776,0,0,0.28,0.62,1.12
2777,0,0,0.27,0.62,1.12
2778,0,0,0.27,0.62,1.12
2779,0,0,0.27,0.62,1.12
2780,259.99,42.77,0.28,0.62,1.12
2781,0,0,0.27,0.62,1.13
2782,0,0,0.27,0.62,1.12
2783,0,0,0.27,0.62,1.13
2784,0,0,0.27,0.62,1.13
2785,0,0,0.27,0.62,1.13
2786,0,0,0.27,0.62,1.13
2787,0,0,0.27,0.62,1.12
2788,0,0,0.27,0.61,1.12
2789,0,0,0.27,0.61,1.11
2790,260.02,42.74,0.28,0.61,1.11
2791,0,0,0.27,0.61,1.11
2792,0,0,0.27,0.61,1.10
2793,0,0,0.27,0.61,1.10
2794,0,0,0.28,0.61,1.10
2795,0,0,0.27,0.60,1.10
2796,0,0,0.27,0.61,1.10
2797,0,0,0.27,0.61,1.11
2799,0,0,0.27,0.61,1.11
2800,0,0,0.28,0.61,1.11
2801,260.06,42.71,0.28,0.61,1.11
2802,0,0,0.28,0.61,1.11
2803,0,0,0.28,0.61,1.11
2804,0,0,0.27,0.61,1.11
2805,0,0,0.27,0.61,1.11
2806,0,0,0.27,0.61,1.11
2807,0,0,0.28,0.62,1.12
2808,0,0,0.27,0.62,1.13
2809,0,0,0.27,0.62,1.13
2810,0,0,0.27,0.63,1.14
2811,260.09,42.69,0.28,0.63,1.14
2812,0,0,0.27,0.63,1.15
2813,0,0,0.27,0.63,1.15
2814,0,0,0.27,0.64,1.16
2815,0,0,0.27,0.64,1.17
2816,0,0,0.27,0.65,1.17
2817,0,0,0.27,0.65,1.17
2818,0,0,0.28,0.65,1.17
2819,0,0,0.28,0.65,1.18
2820,0,0,0.27,0.65,1.18
2821,260.13,42.66,0.28,0.65,1.19
2822,0,0,0.27,0.65,1.19
2823,0,0,0.27,0.65,1.19
2824,0,0,0.28,0.65,1.18
2825,0,0,0.28,0.65,1.18
2826,0,0,0.27,0.65,1.19
2827,0,0,0.27,0.65,1.18
2828,0,0,0.28,0.65,1.18
2829,0,0,0.27,0.65,1.19
2830,0,0,0.27,0.65,1.19
2831,260.16,42.63,0.27,0.65,1.19
2832,0,0,0.27,0.65,1.18
2833,0,0,0.28,0.65,1.19
2834,0,0,0.28,0.65,1.18
2835,0,0,0.27,0.65,1.18
2836,0,0,0.27,0.65,1.18
2837,0,0,0.28,0.65,1.17
2838,0,0,0.28,0.65,1.18
2839,0,0,0.28,0.65,1.18
2840,0,0,0.27,0.65,1.17
2841,260.19,42.60,0.27,0.65,1.17
2842,0,0,0.28,0.65,1.17
2843,0,0,0.27,0.64,1.17
2844,0,0,0.27,0.64,1.16
2845,0,0,0.27,0.64,1.17
2846,0,0,0.28,0.64,1.16
2847,0,0,0.27,0.64,1.17
2848,0,0,0.27,0.64,1.17
2849,0,0,0.28,0.64,1.16
2850,0,0,0.27,0.64,1.17
2851,260.23,42.57,0.27,0.64,1.17
2852,0,0,0.27,0.65,1.17
2853,0,0,0.27,0.65,1.17
2854,0,0,0.28,0.65,1.17
2855,0,0,0.27,0.65,1.17
2856,0,0,0.27,0.65,1.17
2857,0,0,0.28,0.65,1.17
2858,0,0,0.27,0.65,1.17
2859,0,0,0.28,0.65,1.17
2860,0,0,0.28,0.65,1.17
2861,260.26,42.54,0.27,0.65,1.17
2862,0,0,0.27,0.65,1.17
2863,0,0,0.27,0.65,1.17
2864,0,0,0.27,0.65,1.17
2865,0,0,0.27,0.65,1.17
2866,0,0,0.27,0.65,1.17
2867,0,0,0.27,0.65,1.17
2868,0,0,0.27,0.65,1.17
2869,0,0,0.28,0.65,1.17
2870,0,0,0.28,0.65,1.18
2871,260.30,42.51,0.27,0.65,1.18
2872,0,0,0.27,0.65,1.18
2873,0,0,0.28,0.65,1.19
2874,0,0,0.28,0.65,1.19
2875,0,0,0.27,0.65,1.19
2876,0,0,0.27,0.65,1.19
2877,0,0,0.28,0.66,1.20
2878,0,0,0.28,0.66,1.19
2879,0,0,0.27,0.65,1.20
2880,0,0,0.27,0.65,1.19
2881,260.33,42.49,0.28,0.66,1.19
2882,0,0,0.27,0.65,1.20
2883,0,0,0.28,0.66,1.20
2884,0,0,0.28,0.66,1.20
2885,0,0,0.27,0.66,1.21
2886,0,0,0.27,0.66,1.21
2887,0,0,0.27,0.66,1.22
2888,0,0,0.28,0.67,1.21
2889,0,0,0.28,0.67,1.21
2890,0,0,0.28,0.67,1.22
2891,260.37,42.46,0.28,0.67,1.22
2892,0,0,0.28,0.67,1.22
2893,0,0,0.28,0.67,1.22
2894,0,0,0.27,0.67,1.23
2895,0,0,0.28,0.67,1.22
2896,0,0,0.27,0.67,1.22
2897,0,0,0.28,0.67,1.22
2898,0,0,0.28,0.67,1.22
2899,0,0,0.28,0.67,1.22
2900,260.40,42.43,0.28,0.67,1.22
2901,0,0,0.28,0.67,1.22
2902,0,0,0.27,0.67,1.22
2903,0,0,0.28,0.67,1.21
2904,0,0,0.27,0.67,1.22
2905,0,0,0.28,0.67,1.21
2906,0,0,0.28,0.67,1.22
2907,0,0,0.28,0.67,1.22
2908,0,0,0.28,0.67,1.22
2909,0,0,0.28,0.67,1.21
2910,260.43,42.40,0.28,0.67,1.22
2911,0,0,0.28,0.67,1.21
2912,0,0,0.28,0.67,1.22
2913,0,0,0.28,0.67,1.22
2914,0,0,0.27,0.67,1.23
2915,0,0,0.28,0.67,1.22
2916,0,0,0.28,0.68,1.23
2917,0,0,0.28,0.68,1.23
2918,0,0,0.28,0.68,1.23
2919,0,0,0.27,0.67,1.23
2920,260.47,42.37,0.28,0.67,1.22
2921,0,0,0.27,0.67,1.23
2922,0,0,0.28,0.67,1.22
2923,0,0,0.28,0.67,1.22
2924,0,0,0.28,0.67,1.22
2925,0,0,0.28,0.68,1.23
2926,0,0,0.27,0.68,1.24
2927,0,0,0.27,0.68,1.24
2928,0,0,0.28,0.68,1.24
2929,0,0,0.27,0.68,1.24
2930,260.50,42.34,0.28,0.68,1.24
2931,0,0,0.27,0.68,1.24
2932,0,0,0.27,0.68,1.24
2933,0,0,0.28,0.68,1.24
2934,0,0,0.28,0.68,1.23
2935,0,0,0.27,0.68,1.24
2936,0,0,0.27,0.68,1.24
2937,0,0,0.28,0.68,1.24
2938,0,0,0.28,0.68,1.24
2939,0,0,0.28,0.68,1.24
2940,260.54,42.31,0.27,0.68,1.25
2941,0,0,0.28,0.68,1.24
2942,0,0,0.27,0.68,1.24
2943,0,0,0.27,0.68,1.24
2944,0,0,0.27,0.68,1.24
2945,0,0,0.28,0.68,1.23
2946,0,0,0.28,0.68,1.23
2947,0,0,0.28,0.68,1.23
2948,0,0,0.27,0.67,1.23
2949,0,0,0.28,0.68,1.23
2950,260.57,42.28,0.28,0.68,1.23
2951,0,0,0.27,0.68,1.24
2952,0,0,0.27,0.68,1.24
2953,0,0,0.28,0.68,1.23
2954,0,0,0.27,0.68,1.24
2955,0,0,0.27,0.68,1.24
2956,0,0,0.27,0.67,1.23
2957,0,0,0.27,0.68,1.24
2958,0,0,0.27,0.68,1.24
2959,0,0,0.27,0.68,1.24
2960,260.61,42.26,0.28,0.68,1.23
2961,0,0,0.28,0.68,1.24
2962,0,0,0.28,0.68,1.24
2963,0,0,0.27,0.68,1.24
2964,0,0,0.28,0.68,1.23
2965,0,0,0.27,0.68,1.24
2966,0,0,0.28,0.68,1.23
2967,0,0,0.28,0.68,1.23
2968,0,0,0.28,0.68,1.23
2969,0,0,0.27,0.67,1.23
2970,260.64,42.23,0.28,0.68,1.23
2971,0,0,0.27,0.67,1.23
2972,0,0,0.28,0.68,1.23
2973,0,0,0.27,0.67,1.23
2974,0,0,0.27,0.67,1.23
2975,0,0,0.27,0.67,1.23
2976,0,0,0.27,0.67,1.23
2977,0,0,0.27,0.67,1.23
2978,0,0,0.27,0.67,1.23
2979,0,0,0.28,0.68,1.23
2980,260.67,42.20,0.27,0.67,1.23
2981,0,0,0.28,0.68,1.23
2982,0,0,0.28,0.68,1.23
2983,0,0,0.27,0.67,1.23
2984,0,0,0.28,0.68,1.23
2985,0,0,0.28,0.68,1.23
2986,0,0,0.28,0.68,1.23
2987,0,0,0.28,0.68,1.23
2988,0,0,0.27,0.68,1.24
2989,0,0,0.28,0.68,1.23
2990,260.71,42.17,0.28,0.68,1.23
2991,0,0,0.27,0.68,1.24
2992,0,0,0.28,0.68,1.24
2993,0,0,0.28,0.68,1.23
2994,0,0,0.28,0.68,1.24
2995,0,0,0.27,0.68,1.24
2996,0,0,0.27,0.68,1.24
2997,0,0,0.28,0.68,1.24
2998,0,0,0.28,0.68,1.24
2999,0,0,0.27,0.68,1.25
3000,260.74,42.14,0.28,0.68,1.24
3001,0,0,0.27,0.68,1.25
3002,0,0,0.27,0.68,1.25
3003,0,0,0.28,0.68,1.24
3004,0,0,0.28,0.68,1.24
3005,0,0,0.28,0.68,1.24
3006,0,0,0.27,0.68,1.24
3007,0,0,0.28,0.68,1.24
3008,0,0,0.28,0.68,1.24
3009,0,0,0.28,0.68,1.24
3010,260.78,42.11,0.27,0.68,1.24
3011,0,0,0.28,0.68,1.24
3012,0,0,0.28,0.68,1.24
3013,0,0,0.28,0.68,1.24
3014,0,0,0.28,0.68,1.24
3015,0,0,0.28,0.68,1.24
3016,0,0,0.28,0.68,1.24
3017,0,0,0.28,0.68,1.24
3018,0,0,0.27,0.68,1.24
3019,0,0,0.27,0.68,1.24
3020,260.81,42.08,0.27,0.68,1.24
3021,0,0,0.27,0.68,1.24
3022,0,0,0.28,0.68,1.23
3023,0,0,0.28,0.68,1.24
3024,0,0,0.28,0.68,1.23
3025,0,0,0.27,0.68,1.24
3026,0,0,0.28,0.68,1.24
3027,0,0,0.28,0.68,1.24
3028,0,0,0.27,0.68,1.24
3029,0,0,0.28,0.68,1.24
3030,260.84,42.06,0.27,0.68,1.24
3031,0,0,0.27,0.68,1.24
3032,0,0,0.28,0.68,1.24
3033,0,0,0.27,0.68,1.24
3034,0,0,0.27,0.68,1.24
3035,0,0,0.28,0.68,1.24
3036,0,0,0.28,0.68,1.24
3037,0,0,0.27,0.68,1.24
3038,0,0,0.27,0.68,1.24
3039,0,0,0.28,0.68,1.24
3040,260.88,42.03,0.28,0.68,1.23
3041,0,0,0.27,0.68,1.24
3042,0,0,0.27,0.68,1.24
3043,0,0,0.27,0.68,1.24
3044,0,0,0.28,0.68,1.23
3045,0,0,0.28,0.68,1.23
3046,0,0,0.28,0.68,1.23
3047,0,0,0.27,0.67,1.24
3048,0,0,0.27,0.67,1.23
3049,0,0,0.27,0.67,1.23
3050,260.91,42.00,0.27,0.67,1.23
3051,0,0,0.28,0.67,1.22
3052,0,0,0.28,0.67,1.22
3053,0,0,0.28,0.67,1.22
3054,0,0,0.27,0.67,1.22
3055,0,0,0.27,0.67,1.22
3056,0,0,0.28,0.67,1.22
3057,0,0,0.27,0.67,1.22
3058,0,0,0.27,0.67,1.23
3059,0,0,0.28,0.67,1.22
3060,260.95,41.97,0.27,0.67,1.23
3061,0,0,0.28,0.67,1.22
3062,0,0,0.27,0.67,1.22
3063,0,0,0.28,0.67,1.22
3064,0,0,0.28,0.67,1.21
3065,0,0,0.28,0.67,1.22
3066,0,0,0.28,0.67,1.21
3067,0,0,0.28,0.67,1.22
3068,0,0,0.27,0.67,1.22
3069,0,0,0.28,0.67,1.22
3070,260.98,41.94,0.28,0.67,1.22
3071,0,0,0.28,0.67,1.21
3072,0,0,0.28,0.67,1.21
3073,0,0,0.28,0.67,1.22
3074,0,0,0.28,0.67,1.22
3075,0,0,0.28,0.67,1.22
3076,0,0,0.27,0.67,1.22
3077,0,0,0.27,0.67,1.22
3078,0,0,0.28,0.67,1.22
3079,0,0,0.27,0.67,1.22
3080,261.01,41.91,0.27,0.67,1.22
3081,0,0,0.27,0.67,1.22
3082,0,0,0.28,0.67,1.22
3083,0,0,0.28,0.67,1.22
3084,0,0,0.27,0.66,1.22
3085,0,0,0.28,0.67,1.21
3086,0,0,0.28,0.67,1.21
3087,0,0,0.27,0.66,1.22
3088,0,0,0.27,0.66,1.21
3089,0,0,0.28,0.67,1.21
3090,261.05,41.88,0.27,0.66,1.22
3091,0,0,0.27,0.66,1.22
3092,0,0,0.27,0.66,1.22
3093,0,0,0.27,0.66,1.22
3094,0,0,0.27,0.66,1.22
3095,0,0,0.28,0.67,1.22
3096,0,0,0.28,0.67,1.22
3097,0,0,0.28,0.67,1.21
3098,0,0,0.27,0.66,1.22
3099,0,0,0.28,0.67,1.22
3100,261.08,41.86,0.28,0.67,1.22
3101,0,0,0.27,0.66,1.22
3102,0,0,0.27,0.66,1.22
3103,0,0,0.27,0.66,1.22
3104,0,0,0.27,0.66,1.21
3105,0,0,0.27,0.66,1.21
3106,0,0,0.27,0.66,1.21
3107,0,0,0.27,0.66,1.21
3108,0,0,0.28,0.67,1.21
3109,0,0,0.27,0.66,1.22
3110,261.12,41.83,0.27,0.66,1.22
3111,0,0,0.27,0.66,1.22
3112,0,0,0.28,0.67,1.22
3113,0,0,0.28,0.67,1.22
3114,0,0,0.28,0.67,1.22
3115,0,0,0.28,0.67,1.21
3116,0,0,0.27,0.66,1.22
3117,0,0,0.27,0.66,1.22
3118,0,0,0.27,0.67,1.22
3119,0,0,0.27,0.66,1.22
3120,261.15,41.80,0.27,0.67,1.22
3121,0,0,0.27,0.67,1.22
3122,0,0,0.27,0.67,1.22
3123,0,0,0.27,0.67,1.23
3124,0,0,0.27,0.67,1.22
3125,0,0,0.28,0.67,1.22
3126,0,0,0.27,0.67,1.23
3127,0,0,0.27,0.67,1.22
3128,0,0,0.27,0.67,1.23
3129,0,0,0.28,0.67,1.22
3130,261.18,41.77,0.27,0.67,1.22
3131,0,0,0.27,0.67,1.22
3132,0,0,0.27,0.67,1.22
3133,0,0,0.27,0.67,1.22
3134,0,0,0.27,0.67,1.22
3135,0,0,0.28,0.67,1.22
3136,0,0,0.27,0.67,1.22
3137,0,0,0.27,0.67,1.22
3138,0,0,0.27,0.67,1.22
3139,0,0,0.27,0.67,1.22
3140,261.22,41.74,0.27,0.67,1.22
3141,0,0,0.27,0.66,1.22
3142,0,0,0.28,0.67,1.22
3143,0,0,0.28,0.67,1.22
3144,0,0,0.28,0.67,1.22
3145,0,0,0.27,0.67,1.22
3146,0,0,0.27,0.67,1.22
3147,0,0,0.27,0.67,1.22
3148,0,0,0.27,0.66,1.22
3149,0,0,0.27,0.67,1.22
3150,261.25,41.71,0.27,0.66,1.22
3151,0,0,0.27,0.66,1.22
3152,0,0,0.27,0.67,1.22
3153,0,0,0.28,0.67,1.22
3154,0,0,0.27,0.66,1.22
3155,0,0,0.27,0.67,1.22
3156,0,0,0.27,0.67,1.22
3157,0,0,0.27,0.67,1.22
3158,0,0,0.27,0.67,1.22
3159,0,0,0.27,0.67,1.22
3160,261.29,41.68,0.27,0.67,1.22
3161,0,0,0.27,0.67,1.22
3162,0,0,0.27,0.67,1.23
3163,0,0,0.27,0.66,1.23
3164,0,0,0.27,0.67,1.22
3165,0,0,0.27,0.67,1.22
3166,0,0,0.27,0.67,1.22
3167,0,0,0.27,0.67,1.22
3168,0,0,0.27,0.67,1.23
3169,0,0,0.27,0.67,1.22
3170,261.32,41.65,0.27,0.67,1.23
3171,0,0,0.27,0.67,1.23
3172,0,0,0.27,0.67,1.23
3173,0,0,0.27,0.67,1.23
3174,0,0,0.27,0.67,1.23
3175,0,0,0.27,0.67,1.23
3176,0,0,0.27,0.67,1.23
3177,0,0,0.27,0.67,1.22
3178,0,0,0.27,0.67,1.22
3179,0,0,0.27,0.67,1.22
3180,261.35,41.63,0.27,0.67,1.23
3181,0,0,0.27,0.67,1.23
3182,0,0,0.27,0.67,1.23
3183,0,0,0.27,0.67,1.23
3184,0,0,0.27,0.67,1.23
3185,0,0,0.27,0.67,1.23
3186,0,0,0.27,0.66,1.23
3187,0,0,0.27,0.66,1.23
3188,0,0,0.27,0.66,1.22
3189,0,0,0.27,0.66,1.22
3190,261.39,41.60,0.27,0.66,1.22
3191,0,0,0.27,0.66,1.22
3192,0,0,0.27,0.66,1.22
3193,0,0,0.27,0.66,1.22
3194,0,0,0.27,0.66,1.22
3195,0,0,0.27,0.66,1.21
3196,0,0,0.27,0.66,1.22
3197,0,0,0.27,0.66,1.22
3198,0,0,0.27,0.66,1.22
3199,0,0,0.27,0.66,1.22
3200,261.42,41.57,0.27,0.66,1.23
3201,0,0,0.27,0.66,1.23
3202,0,0,0.27,0.66,1.23
3203,0,0,0.27,0.66,1.22
3204,0,0,0.27,0.67,1.23
3205,0,0,0.27,0.66,1.23
3206,0,0,0.27,0.66,1.23
3207,0,0,0.27,0.66,1.23
3208,0,0,0.27,0.66,1.22
3209,0,0,0.27,0.67,1.22
3210,261.45,41.54,0.27,0.66,1.22
3211,0,0,0.27,0.66,1.23
3212,0,0,0.27,0.66,1.23
3213,0,0,0.27,0.67,1.23
3214,0,0,0.27,0.66,1.22
3215,0,0,0.27,0.66,1.22
3216,0,0,0.27,0.66,1.23
3217,0,0,0.27,0.66,1.22
3218,0,0,0.27,0.66,1.23
3219,0,0,0.27,0.66,1.23
3220,261.49,41.51,0.27,0.67,1.22
3221,0,0,0.27,0.66,1.23
3222,0,0,0.27,0.66,1.22
3223,0,0,0.27,0.66,1.23
3224,0,0,0.27,0.66,1.23
3225,0,0,0.27,0.66,1.23
3226,0,0,0.27,0.66,1.23
3227,0,0,0.27,0.67,1.22
3228,0,0,0.27,0.67,1.23
3229,0,0,0.27,0.67,1.23
3230,261.52,41.48,0.27,0.67,1.23
3231,0,0,0.27,0.67,1.23
3232,0,0,0.27,0.67,1.23
3233,0,0,0.27,0.66,1.23
3234,0,0,0.27,0.66,1.23
3235,0,0,0.27,0.67,1.23
3236,0,0,0.27,0.67,1.23
3237,0,0,0.27,0.67,1.22
3238,0,0,0.27,0.67,1.23
3239,0,0,0.27,0.66,1.23
3240,261.55,41.45,0.27,0.66,1.23
3241,0,0,0.27,0.67,1.22
3242,0,0,0.27,0.66,1.22
3243,0,0,0.27,0.66,1.23
3244,0,0,0.27,0.67,1.23
3245,0,0,0.27,0.66,1.23
3246,0,0,0.27,0.66,1.23
3247,0,0,0.27,0.66,1.22
3248,0,0,0.27,0.66,1.23
3249,0,0,0.27,0.66,1.22
3250,261.59,41.42,0.27,0.66,1.23
3251,0,0,0.27,0.66,1.22
3252,0,0,0.27,0.66,1.22
3253,0,0,0.27,0.66,1.23
3254,0,0,0.27,0.67,1.23
3255,0,0,0.27,0.66,1.23
3256,0,0,0.27,0.66,1.23
3257,0,0,0.27,0.67,1.23
3258,0,0,0.27,0.67,1.23
3259,0,0,0.27,0.66,1.23
3260,261.62,41.40,0.27,0.66,1.23
3261,0,0,0.27,0.66,1.23
3262,0,0,0.27,0.67,1.22
3264,0,0,0.27,0.67,1.23
3265,0,0,0.27,0.66,1.23
3266,0,0,0.27,0.66,1.22
3267,0,0,0.27,0.66,1.22
3268,0,0,0.27,0.66,1.22
3269,0,0,0.27,0.66,1.23
3270,0,0,0.27,0.66,1.23
3271,261.66,41.37,0.27,0.66,1.22
3272,0,0,0.27,0.66,1.22
3273,0,0,0.27,0.66,1.22
3274,0,0,0.27,0.66,1.22
3275,0,0,0.27,0.66,1.22
3276,0,0,0.27,0.66,1.22
3277,0,0,0.27,0.66,1.22
3278,0,0,0.27,0.66,1.22
3279,0,0,0.27,0.66,1.22
3280,0,0,0.27,0.66,1.22
3281,261.69,41.34,0.27,0.66,1.22
3282,0,0,0.27,0.66,1.22
3283,0,0,0.27,0.66,1.22
3284,0,0,0.27,0.66,1.22
3285,0,0,0.27,0.66,1.22
3286,0,0,0.27,0.66,1.21
3287,0,0,0.27,0.66,1.21
3288,0,0,0.27,0.65,1.21
3289,0,0,0.27,0.65,1.20
3290,0,0,0.27,0.65,1.20
3291,261.72,41.31,0.27,0.65,1.19
3292,0,0,0.27,0.65,1.19
3293,0,0,0.27,0.65,1.19
3294,0,0,0.27,0.65,1.19
3295,0,0,0.27,0.65,1.19
3296,0,0,0.27,0.65,1.19
3297,0,0,0.27,0.65,1.19
3298,0,0,0.27,0.65,1.19
3299,0,0,0.27,0.65,1.20
3300,0,0,0.27,0.65,1.20
3301,261.76,41.28,0.27,0.65,1.20
3302,0,0,0.27,0.65,1.19
3303,0,0,0.27,0.65,1.19
3304,0,0,0.27,0.65,1.19
3305,0,0,0.27,0.65,1.19
3306,0,0,0.27,0.65,1.19
3307,0,0,0.27,0.65,1.20
3308,0,0,0.27,0.65,1.20
3309,0,0,0.27,0.65,1.20
3310,0,0,0.27,0.65,1.20
3311,261.79,41.25,0.27,0.65,1.20
3312,0,0,0.27,0.65,1.19
3313,0,0,0.27,0.65,1.19
3314,0,0,0.27,0.65,1.19
3315,0,0,0.27,0.65,1.19
3316,0,0,0.27,0.65,1.18
3317,0,0,0.27,0.65,1.18
3318,0,0,0.27,0.65,1.18
3319,0,0,0.27,0.65,1.18
3320,0,0,0.27,0.64,1.18
3321,261.82,41.22,0.27,0.64,1.18
3322,0,0,0.27,0.65,1.18
3323,0,0,0.27,0.65,1.18
3324,0,0,0.27,0.65,1.18
3325,0,0,0.27,0.65,1.18
3326,0,0,0.27,0.65,1.18
3327,0,0,0.27,0.65,1.19
3328,0,0,0.27,0.65,1.19
3329,0,0,0.27,0.65,1.19
3330,0,0,0.27,0.65,1.19
3331,261.86,41.19,0.27,0.65,1.19
3332,0,0,0.27,0.65,1.19
3333,0,0,0.27,0.65,1.19
3334,0,0,0.27,0.65,1.19
3335,0,0,0.27,0.65,1.20
3336,0,0,0.27,0.65,1.19
3337,0,0,0.27,0.65,1.19
3338,0,0,0.27,0.65,1.19
3339,0,0,0.27,0.65,1.19
3340,0,0,0.27,0.65,1.19
3341,261.89,41.17,0.27,0.65,1.19
3342,0,0,0.27,0.65,1.20
3343,0,0,0.27,0.65,1.19
3344,0,0,0.27,0.65,1.19
3345,0,0,0.27,0.65,1.19
3346,0,0,0.27,0.65,1.19
3347,0,0,0.27,0.65,1.19
3348,0,0,0.27,0.65,1.19
3349,0,0,0.27,0.65,1.19
3350,0,0,0.27,0.65,1.19
3351,261.92,41.14,0.27,0.65,1.19
3352,0,0,0.27,0.65,1.19
3353,0,0,0.27,0.65,1.19
3354,0,0,0.27,0.65,1.19
3355,0,0,0.27,0.65,1.19
3356,0,0,0.27,0.65,1.19
3357,0,0,0.27,0.65,1.19
3358,0,0,0.27,0.65,1.19
3359,0,0,0.27,0.65,1.18
3360,0,0,0.27,0.65,1.19
3361,261.96,41.11,0.27,0.65,1.18
3362,0,0,0.27,0.65,1.18
3363,0,0,0.27,0.65,1.18
3364,0,0,0.27,0.65,1.19
3365,0,0,0.27,0.65,1.19
3366,0,0,0.27,0.65,1.18
3367,0,0,0.27,0.65,1.19
3368,0,0,0.28,0.65,1.18
3369,0,0,0.27,0.65,1.18
3370,0,0,0.27,0.65,1.18
3371,261.99,41.08,0.27,0.65,1.18
3372,0,0,0.27,0.65,1.18
3373,0,0,0.27,0.65,1.18
3374,0,0,0.27,0.65,1.18
3375,0,0,0.27,0.65,1.18
3376,0,0,0.27,0.65,1.18
3377,0,0,0.27,0.65,1.18
3378,0,0,0.27,0.65,1.18
3379,0,0,0.28,0.65,1.18
3380,0,0,0.27,0.65,1.18
3381,262.02,41.05,0.27,0.65,1.18
3382,0,0,0.27,0.65,1.18
3383,0,0,0.28,0.65,1.18
3384,0,0,0.27,0.65,1.18
3385,0,0,0.27,0.65,1.18
3386,0,0,0.27,0.65,1.18
3387,0,0,0.27,0.65,1.19
3388,0,0,0.27,0.65,1.19
3389,0,0,0.27,0.65,1.18
3390,0,0,0.28,0.65,1.19
3391,262.06,41.02,0.27,0.65,1.19
3392,0,0,0.27,0.65,1.19
3393,0,0,0.27,0.65,1.19
3394,0,0,0.28,0.65,1.18
3395,0,0,0.27,0.65,1.19
3396,0,0,0.27,0.65,1.18
3397,0,0,0.27,0.65,1.19
3398,0,0,0.28,0.65,1.18
3399,0,0,0.27,0.65,1.19
3400,0,0,0.27,0.65,1.19
3401,262.09,40.99,0.28,0.65,1.19
3402,0,0,0.28,0.65,1.18
3403,0,0,0.28,0.65,1.19
3404,0,0,0.27,0.65,1.19
3405,0,0,0.27,0.65,1.19
3406,0,0,0.27,0.65,1.18
3407,0,0,0.28,0.65,1.19
3408,0,0,0.27,0.65,1.19
3409,0,0,0.27,0.65,1.19
3410,0,0,0.27,0.65,1.19
3411,262.12,40.96,0.27,0.65,1.19
3412,0,0,0.28,0.65,1.19
3413,0,0,0.27,0.65,1.19
3414,0,0,0.27,0.65,1.19
3415,0,0,0.27,0.65,1.18
3416,0,0,0.28,0.65,1.18
3417,0,0,0.27,0.65,1.19
3418,0,0,0.28,0.65,1.19
3419,0,0,0.27,0.65,1.19
3420,0,0,0.28,0.65,1.18
3421,262.16,40.94,0.28,0.65,1.18
3422,0,0,0.27,0.65,1.18
3423,0,0,0.27,0.65,1.19
3424,0,0,0.28,0.65,1.18
3425,0,0,0.28,0.65,1.19
3426,0,0,0.28,0.65,1.18
3427,0,0,0.28,0.65,1.18
3428,0,0,0.27,0.65,1.19
3429,0,0,0.28,0.65,1.19
3430,0,0,0.28,0.65,1.19
3431,262.19,40.91,0.28,0.65,1.18
3432,0,0,0.28,0.65,1.19
3433,0,0,0.28,0.65,1.18
3434,0,0,0.27,0.65,1.18
3435,0,0,0.28,0.65,1.18
3436,0,0,0.27,0.65,1.19
3437,0,0,0.27,0.65,1.18
3438,0,0,0.27,0.65,1.18
3439,0,0,0.27,0.65,1.18
3440,0,0,0.28,0.65,1.18
3441,262.22,40.88,0.28,0.65,1.18
3442,0,0,0.28,0.65,1.18
3443,0,0,0.28,0.65,1.18
3444,0,0,0.28,0.65,1.18
3445,0,0,0.28,0.65,1.18
3446,0,0,0.27,0.65,1.17
3447,0,0,0.27,0.65,1.18
3448,0,0,0.28,0.65,1.18
3449,0,0,0.27,0.65,1.18
3450,0,0,0.28,0.65,1.18
3451,262.26,40.85,0.28,0.65,1.18
3452,0,0,0.28,0.65,1.18
3453,0,0,0.27,0.65,1.18
3454,0,0,0.28,0.65,1.18
3455,0,0,0.28,0.65,1.18
3456,0,0,0.27,0.65,1.19
3457,0,0,0.28,0.65,1.18
3458,0,0,0.28,0.65,1.18
3459,0,0,0.28,0.65,1.18
3460,0,0,0.27,0.65,1.18
3461,262.29,40.82,0.27,0.65,1.18
3462,0,0,0.27,0.65,1.18
3463,0,0,0.27,0.65,1.18
3464,0,0,0.27,0.65,1.19
3465,0,0,0.27,0.65,1.18
3466,0,0,0.28,0.65,1.19
3467,0,0,0.28,0.65,1.19
3468,0,0,0.28,0.65,1.19
3469,0,0,0.27,0.65,1.18
3470,0,0,0.28,0.65,1.19
3471,262.32,40.79,0.28,0.65,1.19
3472,0,0,0.28,0.65,1.19
3473,0,0,0.28,0.65,1.19
3474,0,0,0.28,0.65,1.18
3475,0,0,0.28,0.65,1.19
3476,0,0,0.28,0.65,1.18
3477,0,0,0.28,0.65,1.18
3478,0,0,0.28,0.65,1.18
3479,0,0,0.28,0.65,1.18
3480,262.36,40.76,0.27,0.65,1.18
3481,0,0,0.28,0.65,1.18
3482,0,0,0.27,0.65,1.18
3483,0,0,0.27,0.65,1.18
3484,0,0,0.28,0.65,1.18
3485,0,0,0.28,0.65,1.18
3486,0,0,0.27,0.65,1.18
3487,0,0,0.28,0.65,1.18
3488,0,0,0.28,0.65,1.18
3489,0,0,0.28,0.65,1.18
3490,262.39,40.73,0.28,0.65,1.18
3491,0,0,0.28,0.65,1.18
3492,0,0,0.27,0.65,1.18
3493,0,0,0.28,0.65,1.18
3494,0,0,0.27,0.65,1.18
3495,0,0,0.28,0.65,1.19
3496,0,0,0.28,0.65,1.18
3497,0,0,0.28,0.65,1.18
3498,0,0,0.27,0.65,1.18
3499,0,0,0.28,0.65,1.19
3500,262.42,40.71,0.27,0.65,1.19
3501,0,0,0.28,0.65,1.19
3502,0,0,0.28,0.65,1.19
3503,0,0,0.28,0.65,1.18
3504,0,0,0.28,0.65,1.19
3505,0,0,0.27,0.65,1.19
3506,0,0,0.27,0.65,1.19
3507,0,0,0.28,0.65,1.19
3508,0,0,0.28,0.65,1.19
3509,0,0,0.28,0.65,1.19
3510,262.46,40.68,0.28,0.65,1.19
3511,0,0,0.28,0.65,1.19
3512,0,0,0.28,0.65,1.19
3513,0,0,0.28,0.65,1.19
3514,0,0,0.27,0.65,1.19
3515,0,0,0.28,0.65,1.19
3516,0,0,0.28,0.65,1.19
3517,0,0,0.28,0.65,1.19
3518,0,0,0.28,0.65,1.19
3519,0,0,0.28,0.65,1.19
3520,262.49,40.65,0.28,0.65,1.18
3521,0,0,0.27,0.65,1.19
3522,0,0,0.28,0.65,1.19
3523,0,0,0.28,0.65,1.19
3524,0,0,0.28,0.65,1.19
3525,0,0,0.28,0.65,1.19
3526,0,0,0.27,0.65,1.19
3527,0,0,0.28,0.65,1.19
3528,0,0,0.28,0.65,1.19
3529,0,0,0.27,0.65,1.19
3530,262.52,40.62,0.28,0.65,1.19
3531,0,0,0.27,0.65,1.19
3532,0,0,0.27,0.65,1.19
3533,0,0,0.27,0.65,1.19
3534,0,0,0.28,0.66,1.19
3535,0,0,0.27,0.65,1.19
3536,0,0,0.27,0.65,1.19
3537,0,0,0.28,0.65,1.19
3538,0,0,0.28,0.65,1.19
3539,0,0,0.28,0.65,1.19
3540,262.56,40.59,0.28,0.65,1.19
3541,0,0,0.27,0.65,1.19
3542,0,0,0.27,0.65,1.19
3543,0,0,0.27,0.65,1.19
3544,0,0,0.28,0.65,1.19
3545,0,0,0.28,0.65,1.19
3546,0,0,0.28,0.65,1.19
3547,0,0,0.27,0.65,1.19
3548,0,0,0.27,0.65,1.19
3549,0,0,0.28,0.65,1.19
3550,262.59,40.56,0.28,0.65,1.19
3551,0,0,0.27,0.65,1.19
3552,0,0,0.27,0.65,1.19
3553,0,0,0.28,0.65,1.19
3554,0,0,0.27,0.65,1.19
3555,0,0,0.27,0.65,1.19
3556,0,0,0.28,0.65,1.19
3557,0,0,0.27,0.65,1.19
3558,0,0,0.27,0.65,1.19
3559,0,0,0.27,0.65,1.19
3560,262.62,40.53,0.27,0.65,1.18
3561,0,0,0.27,0.65,1.18
3562,0,0,0.27,0.65,1.18
3563,0,0,0.27,0.65,1.18
3564,0,0,0.27,0.65,1.19
3565,0,0,0.27,0.65,1.19
3566,0,0,0.27,0.65,1.19
3567,0,0,0.27,0.65,1.18
3568,0,0,0.27,0.65,1.19
3569,0,0,0.27,0.65,1.18
3570,262.65,40.50,0.27,0.65,1.18
3571,0,0,0.27,0.65,1.18
3572,0,0,0.27,0.65,1.18
3573,0,0,0.27,0.65,1.19
3574,0,0,0.27,0.65,1.19
3575,0,0,0.27,0.65,1.18
3576,0,0,0.27,0.65,1.18
3577,0,0,0.27,0.65,1.18
3578,0,0,0.28,0.65,1.18
3579,0,0,0.27,0.65,1.18
3580,262.69,40.48,0.27,0.65,1.19
3581,0,0,0.27,0.65,1.19
3582,0,0,0.27,0.65,1.19
3583,0,0,0.27,0.65,1.19
3584,0,0,0.27,0.65,1.19
3585,0,0,0.27,0.65,1.18
3586,0,0,0.27,0.65,1.19
3587,0,0,0.27,0.65,1.19
3588,0,0,0.27,0.65,1.19
3589,0,0,0.27,0.65,1.19
3590,262.72,40.45,0.27,0.65,1.19
3591,0,0,0.27,0.65,1.18
3592,0,0,0.27,0.65,1.19
3593,0,0,0.27,0.65,1.19
3594,0,0,0.27,0.65,1.19
3595,0,0,0.27,0.65,1.19
3596,0,0,0.27,0.65,1.19
3597,0,0,0.27,0.65,1.19
3598,0,0,0.27,0.65,1.19
3599,0,0,0.27,0.65,1.19
3600,262.75,40.42,0.27,0.65,1.18
3601,0,0,0.28,0.65,1.19
3602,0,0,0.27,0.65,1.19
3603,0,0,0.27,0.65,1.19
3604,0,0,0.27,0.65,1.19
3605,0,0,0.27,0.65,1.19
3606,0,0,0.27,0.65,1.19
3607,0,0,0.27,0.65,1.19
3608,0,0,0.27,0.65,1.19
3609,0,0,0.27,0.65,1.19
3610,262.79,40.39,0.27,0.65,1.19
3611,0,0,0.27,0.65,1.19
3612,0,0,0.27,0.65,1.19
3613,0,0,0.27,0.65,1.19
3614,0,0,0.27,0.65,1.19
3615,0,0,0.27,0.65,1.19
3616,0,0,0.27,0.65,1.19
3617,0,0,0.27,0.65,1.19
3618,0,0,0.27,0.65,1.19
3619,0,0,0.27,0.65,1.20
3620,262.82,40.36,0.27,0.65,1.19
3621,0,0,0.27,0.65,1.19
3622,0,0,0.27,0.65,1.19
3623,0,0,0.27,0.65,1.19
3624,0,0,0.27,0.65,1.19
3625,0,0,0.27,0.65,1.19
3626,0,0,0.27,0.65,1.19
3627,0,0,0.27,0.65,1.19
3628,0,0,0.27,0.65,1.19
3629,0,0,0.27,0.65,1.19
3630,262.85,40.33,0.27,0.65,1.19
3631,0,0,0.27,0.65,1.19
3632,0,0,0.27,0.65,1.19
3633,0,0,0.27,0.65,1.19
3634,0,0,0.27,0.65,1.19
3635,0,0,0.27,0.65,1.19
3636,0,0,0.27,0.65,1.19
3637,0,0,0.27,0.65,1.19
3638,0,0,0.27,0.65,1.19
3639,0,0,0.27,0.65,1.20
3640,262.89,40.30,0.27,0.65,1.19
3641,0,0,0.27,0.65,1.19
3642,0,0,0.27,0.65,1.19
3643,0,0,0.27,0.65,1.19
3644,0,0,0.27,0.65,1.20
3645,0,0,0.27,0.65,1.20
3646,0,0,0.27,0.65,1.20
3647,0,0,0.27,0.65,1.20
3648,0,0,0.27,0.65,1.20
3649,0,0,0.27,0.65,1.20
3650,262.92,40.27,0.27,0.65,1.20
3651,0,0,0.27,0.65,1.20
3652,0,0,0.27,0.65,1.20
3653,0,0,0.27,0.65,1.20
3654,0,0,0.27,0.65,1.20
3655,0,0,0.27,0.65,1.20
3656,0,0,0.27,0.65,1.20
3657,0,0,0.27,0.65,1.20
3658,0,0,0.27,0.65,1.20
3659,0,0,0.27,0.65,1.20
3660,262.95,40.25,0.27,0.65,1.20
3661,0,0,0.27,0.65,1.21
3662,0,0,0.27,0.65,1.20
3663,0,0,0.27,0.65,1.20
3664,0,0,0.27,0.65,1.21
3665,0,0,0.27,0.65,1.20
3666,0,0,0.27,0.65,1.21
3667,0,0,0.27,0.65,1.21
3668,0,0,0.27,0.65,1.20
3669,0,0,0.27,0.65,1.21
3670,262.98,40.22,0.27,0.65,1.21
3671,0,0,0.27,0.65,1.21
3672,0,0,0.27,0.65,1.21
3673,0,0,0.27,0.65,1.21
3674,0,0,0.27,0.65,1.20
3675,0,0,0.27,0.65,1.21
3676,0,0,0.27,0.65,1.21
3677,0,0,0.27,0.65,1.21
3678,0,0,0.27,0.65,1.21
3679,0,0,0.27,0.65,1.21
3680,263.02,40.19,0.27,0.65,1.21
3681,0,0,0.27,0.65,1.21
3682,0,0,0.27,0.65,1.21
3683,0,0,0.27,0.65,1.21
3684,0,0,0.27,0.65,1.21
3685,0,0,0.27,0.65,1.21
3686,0,0,0.27,0.65,1.21
3687,0,0,0.27,0.65,1.21
3688,0,0,0.27,0.65,1.21
3689,0,0,0.27,0.65,1.21
3690,263.05,40.16,0.27,0.65,1.21
3691,0,0,0.27,0.65,1.21
3692,0,0,0.27,0.65,1.21
3693,0,0,0.27,0.65,1.21
3694,0,0,0.27,0.65,1.21
3695,0,0,0.27,0.65,1.21
3696,0,0,0.27,0.65,1.21
3697,0,0,0.27,0.65,1.21
3698,0,0,0.27,0.65,1.21
3699,0,0,0.27,0.65,1.21
3700,263.08,40.13,0.27,0.65,1.21
3701,0,0,0.27,0.65,1.21
3702,0,0,0.27,0.65,1.21
3703,0,0,0.27,0.65,1.21
3704,0,0,0.27,0.65,1.21
3705,0,0,0.27,0.65,1.22
3706,0,0,0.27,0.65,1.21
3707,0,0,0.27,0.65,1.22
3708,0,0,0.27,0.65,1.22
3709,0,0,0.27,0.65,1.22
3710,263.12,40.10,0.27,0.65,1.22
3711,0,0,0.27,0.65,1.22
3712,0,0,0.27,0.65,1.22
3713,0,0,0.27,0.65,1.22
3714,0,0,0.27,0.65,1.22
3715,0,0,0.27,0.65,1.22
3716,0,0,0.27,0.65,1.22
3717,0,0,0.27,0.65,1.22
3718,0,0,0.27,0.65,1.21
3719,0,0,0.27,0.65,1.22
3720,263.15,40.07,0.27,0.65,1.22
3721,0,0,0.27,0.65,1.22
3722,0,0,0.27,0.65,1.22
3723,0,0,0.27,0.65,1.22
3724,0,0,0.27,0.65,1.22
3725,0,0,0.27,0.65,1.22
3726,0,0,0.27,0.65,1.22
3727,0,0,0.27,0.65,1.22
3728,0,0,0.27,0.65,1.22
3729,0,0,0.27,0.65,1.22
3730,263.18,40.04,0.27,0.65,1.22
3732,0,0,0.27,0.65,1.22
3733,0,0,0.27,0.65,1.22
3734,0,0,0.27,0.65,1.22
3735,0,0,0.27,0.65,1.22
3736,0,0,0.27,0.65,1.22
3737,0,0,0.27,0.65,1.22
3738,0,0,0.27,0.65,1.22
3739,0,0,0.27,0.65,1.21
3740,0,0,0.27,0.65,1.22
3741,263.21,40.01,0.27,0.65,1.22
3742,0,0,0.27,0.65,1.22
3743,0,0,0.27,0.65,1.21
3744,0,0,0.27,0.65,1.21
3745,0,0,0.27,0.65,1.22
3746,0,0,0.27,0.65,1.21
3747,0,0,0.27,0.65,1.21
3748,0,0,0.27,0.65,1.21
3749,0,0,0.27,0.65,1.21
3750,0,0,0.27,0.65,1.21
3751,263.25,39.99,0.27,0.65,1.21
3752,0,0,0.27,0.65,1.21
3753,0,0,0.27,0.65,1.21
3754,0,0,0.27,0.65,1.21
3755,0,0,0.27,0.65,1.21
3756,0,0,0.27,0.65,1.20
3757,0,0,0.27,0.65,1.21
3758,0,0,0.27,0.65,1.21
3759,0,0,0.27,0.65,1.21
3760,0,0,0.27,0.65,1.21
3761,263.28,39.96,0.27,0.64,1.21
3762,0,0,0.27,0.65,1.21
3763,0,0,0.27,0.65,1.21
3764,0,0,0.27,0.65,1.21
3765,0,0,0.27,0.65,1.21
3766,0,0,0.27,0.64,1.21
3767,0,0,0.27,0.65,1.20
3768,0,0,0.27,0.64,1.21
3769,0,0,0.27,0.65,1.21
3770,0,0,0.27,0.65,1.21
3771,263.31,39.93,0.26,0.64,1.21
3772,0,0,0.27,0.65,1.21
3773,0,0,0.27,0.65,1.21
3774,0,0,0.27,0.64,1.21
3775,0,0,0.27,0.65,1.21
3776,0,0,0.27,0.64,1.21
3777,0,0,0.27,0.65,1.21
3778,0,0,0.27,0.64,1.21
3779,0,0,0.27,0.64,1.21
3780,0,0,0.27,0.65,1.21
3781,263.34,39.90,0.27,0.64,1.21
3782,0,0,0.27,0.64,1.21
3783,0,0,0.27,0.64,1.21
3784,0,0,0.26,0.64,1.21
3785,0,0,0.27,0.64,1.21
3786,0,0,0.26,0.64,1.21
3787,0,0,0.27,0.64,1.21
3788,0,0,0.27,0.64,1.21
3789,0,0,0.27,0.64,1.21
3790,0,0,0.27,0.64,1.21
3791,263.38,39.87,0.27,0.64,1.21
3792,0,0,0.27,0.65,1.21
3793,0,0,0.27,0.64,1.21
3794,0,0,0.27,0.64,1.21
3795,0,0,0.27,0.65,1.21
3796,0,0,0.27,0.64,1.21
3797,0,0,0.27,0.64,1.21
3798,0,0,0.27,0.65,1.21
3799,0,0,0.26,0.64,1.21
3800,0,0,0.26,0.64,1.21
3801,263.41,39.84,0.27,0.65,1.21
3802,0,0,0.26,0.64,1.21
3803,0,0,0.27,0.65,1.21
3804,0,0,0.26,0.64,1.21
3805,0,0,0.26,0.64,1.21
3806,0,0,0.27,0.65,1.21
3807,0,0,0.27,0.64,1.21
3808,0,0,0.27,0.65,1.21
3809,0,0,0.26,0.64,1.20
3810,0,0,0.27,0.64,1.21
3811,263.44,39.81,0.27,0.64,1.21
3812,0,0,0.27,0.64,1.21
3813,0,0,0.26,0.64,1.21
3814,0,0,0.27,0.64,1.21
3815,0,0,0.26,0.64,1.21
3816,0,0,0.26,0.64,1.21
3817,0,0,0.27,0.64,1.21
3818,0,0,0.26,0.64,1.21
3819,0,0,0.26,0.64,1.21
3820,0,0,0.26,0.64,1.21
3821,263.48,39.78,0.26,0.64,1.21
3822,0,0,0.26,0.64,1.21
3823,0,0,0.26,0.64,1.21
3824,0,0,0.27,0.65,1.21
3825,0,0,0.26,0.64,1.21
3826,0,0,0.26,0.64,1.21
3827,0,0,0.26,0.64,1.21
3828,0,0,0.27,0.64,1.21
3829,0,0,0.26,0.64,1.21
3830,0,0,0.26,0.64,1.21
3831,263.51,39.76,0.26,0.64,1.21
3832,0,0,0.26,0.64,1.22
3833,0,0,0.26,0.64,1.21
3834,0,0,0.26,0.64,1.21
3835,0,0,0.26,0.64,1.22
3836,0,0,0.26,0.64,1.22
3837,0,0,0.26,0.64,1.22
3838,0,0,0.27,0.65,1.22
3839,0,0,0.27,0.65,1.22
3840,0,0,0.27,0.65,1.22
3841,263.54,39.73,0.27,0.64,1.21
3842,0,0,0.26,0.64,1.22
3843,0,0,0.26,0.64,1.22
3844,0,0,0.26,0.64,1.22
3845,0,0,0.26,0.64,1.22
3846,0,0,0.26,0.64,1.22
3847,0,0,0.27,0.65,1.21
3848,0,0,0.26,0.64,1.22
3849,0,0,0.26,0.64,1.22
3850,0,0,0.26,0.64,1.22
3851,263.57,39.70,0.27,0.65,1.22
3852,0,0,0.26,0.64,1.22
3853,0,0,0.27,0.65,1.22
3854,0,0,0.26,0.65,1.22
3855,0,0,0.27,0.65,1.22
3856,0,0,0.26,0.64,1.22
3857,0,0,0.26,0.64,1.22
3858,0,0,0.26,0.65,1.22
3859,0,0,0.26,0.65,1.22
3860,0,0,0.26,0.65,1.22
3861,263.61,39.67,0.26,0.65,1.22
3862,0,0,0.26,0.65,1.22
3863,0,0,0.26,0.65,1.22
3864,0,0,0.27,0.65,1.22
3865,0,0,0.26,0.65,1.22
3866,0,0,0.26,0.64,1.22
3867,0,0,0.26,0.65,1.22
3868,0,0,0.26,0.64,1.22
3869,0,0,0.26,0.64,1.22
3870,0,0,0.26,0.65,1.22
3871,263.64,39.64,0.26,0.64,1.23
3872,0,0,0.26,0.65,1.22
3873,0,0,0.26,0.65,1.22
3874,0,0,0.26,0.65,1.22
3875,0,0,0.26,0.65,1.23
3876,0,0,0.26,0.64,1.23
3877,0,0,0.26,0.65,1.22
3878,0,0,0.26,0.64,1.22
3879,0,0,0.26,0.65,1.22
3880,0,0,0.26,0.65,1.22
3881,263.67,39.61,0.26,0.65,1.23
3882,0,0,0.26,0.64,1.22
3883,0,0,0.26,0.64,1.23
3884,0,0,0.26,0.65,1.23
3885,0,0,0.26,0.65,1.23
3886,0,0,0.26,0.65,1.22
3887,0,0,0.26,0.65,1.22
3888,0,0,0.26,0.65,1.22
3889,0,0,0.26,0.64,1.22
3890,0,0,0.26,0.64,1.23
3891,263.70,39.58,0.26,0.64,1.22
3892,0,0,0.26,0.64,1.22
3893,0,0,0.26,0.65,1.22
3894,0,0,0.26,0.64,1.22
3895,0,0,0.26,0.64,1.23
3896,0,0,0.26,0.65,1.23
3897,0,0,0.26,0.65,1.23
3898,0,0,0.26,0.64,1.22
3899,0,0,0.26,0.65,1.22
3900,0,0,0.26,0.65,1.23
3901,263.74,39.55,0.26,0.65,1.23
3902,0,0,0.26,0.65,1.23
3903,0,0,0.26,0.65,1.23
3904,0,0,0.26,0.65,1.23
3905,0,0,0.26,0.65,1.23
3906,0,0,0.26,0.64,1.23
3907,0,0,0.26,0.65,1.23
3908,0,0,0.26,0.64,1.23
3909,0,0,0.26,0.65,1.23
3910,0,0,0.26,0.64,1.23
3911,263.77,39.52,0.26,0.65,1.23
3912,0,0,0.26,0.65,1.23
3913,0,0,0.26,0.65,1.23
3914,0,0,0.26,0.65,1.23
3915,0,0,0.26,0.65,1.23
3916,0,0,0.26,0.65,1.23
3917,0,0,0.26,0.65,1.23
3918,0,0,0.26,0.64,1.23
3919,0,0,0.26,0.64,1.23
3920,0,0,0.26,0.65,1.23
3921,263.80,39.50,0.26,0.65,1.23
3922,0,0,0.26,0.64,1.23
3923,0,0,0.26,0.64,1.23
3924,0,0,0.26,0.64,1.23
3925,0,0,0.26,0.64,1.23
3926,0,0,0.26,0.64,1.23
3927,0,0,0.26,0.64,1.22
3928,0,0,0.26,0.64,1.23
3929,0,0,0.26,0.65,1.23
3930,0,0,0.26,0.64,1.23
3931,263.83,39.47,0.26,0.64,1.23
3932,0,0,0.26,0.64,1.23
3933,0,0,0.26,0.64,1.23
3934,0,0,0.26,0.65,1.23
3935,0,0,0.26,0.64,1.23
3936,0,0,0.26,0.64,1.22
3937,0,0,0.26,0.64,1.22
3938,0,0,0.26,0.64,1.22
3939,0,0,0.26,0.64,1.23
3940,0,0,0.26,0.64,1.22
3941,263.86,39.44,0.26,0.64,1.23
3942,0,0,0.26,0.64,1.22
3943,0,0,0.26,0.64,1.22
3944,0,0,0.26,0.64,1.22
3945,0,0,0.26,0.64,1.22
3946,0,0,0.26,0.64,1.22
3947,0,0,0.26,0.64,1.22
3948,0,0,0.26,0.64,1.22
3949,0,0,0.26,0.64,1.22
3950,0,0,0.26,0.64,1.22
3951,263.90,39.41,0.26,0.64,1.21
3952,0,0,0.26,0.63,1.22
3953,0,0,0.26,0.63,1.22
3954,0,0,0.26,0.63,1.21
3955,0,0,0.26,0.63,1.22
3956,0,0,0.26,0.63,1.22
3957,0,0,0.26,0.63,1.21
3958,0,0,0.26,0.63,1.21
3959,0,0,0.26,0.63,1.21
3960,0,0,0.26,0.63,1.21
3961,263.93,39.38,0.26,0.64,1.21
3962,0,0,0.26,0.63,1.21
3963,0,0,0.26,0.63,1.21
3964,0,0,0.26,0.63,1.21
3965,0,0,0.26,0.62,1.20
3966,0,0,0.26,0.62,1.19
3967,0,0,0.26,0.61,1.18
3968,0,0,0.26,0.60,1.17
3969,0,0,0.26,0.61,1.17
3970,0,0,0.26,0.60,1.16
3971,263.96,39.35,0.26,0.58,1.11
3972,0,0,0.26,0.53,1.02
3973,0,0,0.25,0.47,0.92
3974,0,0,0.25,0.45,0.88
3975,0,0,0.25,0.46,0.91
3976,0,0,0.26,0.48,0.94
3977,0,0,0.26,0.51,0.99
3978,0,0,0.26,0.52,1.01
3979,0,0,0.25,0.50,0.99
3980,0,0,0.26,0.49,0.96
3981,263.99,39.32,0.26,0.49,0.96
3982,0,0,0.25,0.50,0.99
3983,0,0,0.26,0.52,1.01
3984,0,0,0.26,0.51,1.00
3985,0,0,0.26,0.51,1.00
3986,0,0,0.26,0.51,1.00
3987,0,0,0.26,0.51,0.99
3988,0,0,0.26,0.52,1.01
3989,0,0,0.26,0.55,1.06
3990,0,0,0.26,0.58,1.12
3991,264.03,39.29,0.26,0.59,1.14
3992,0,0,0.26,0.56,1.09
3993,0,0,0.26,0.51,0.99
3994,0,0,0.25,0.45,0.90
3995,0,0,0.25,0.42,0.83
3996,0,0,0.25,0.39,0.78
3997,0,0,0.25,0.39,0.79
3998,0,0,0.25,0.44,0.87
3999,0,0,0.25,0.50,0.99
4000,0,0,0.26,0.55,1.07
4001,264.06,39.26,0.26,0.57,1.10
4002,0,0,0.26,0.57,1.10
4003,0,0,0.26,0.56,1.09
4004,0,0,0.26,0.56,1.09
4005,0,0,0.26,0.56,1.09
4006,0,0,0.26,0.55,1.06
4007,0,0,0.26,0.54,1.06
4008,0,0,0.26,0.54,1.04
4009,0,0,0.26,0.53,1.03
4010,0,0,0.26,0.52,1.02
4011,264.09,39.24,0.26,0.52,1.01
4012,0,0,0.26,0.51,0.99
4013,0,0,0.26,0.49,0.96
4014,0,0,0.26,0.48,0.94
4015,0,0,0.25,0.48,0.95
4016,0,0,0.25,0.52,1.02
4017,0,0,0.25,0.56,1.09
4018,0,0,0.26,0.59,1.15
4019,0,0,0.26,0.60,1.17
4020,0,0,0.26,0.61,1.17
4021,264.12,39.21,0.26,0.61,1.17
4022,0,0,0.26,0.60,1.15
4023,0,0,0.26,0.58,1.13
4024,0,0,0.26,0.57,1.11
4025,0,0,0.26,0.57,1.11
4026,0,0,0.26,0.59,1.14
4027,0,0,0.26,0.60,1.16
4028,0,0,0.26,0.60,1.16
4029,0,0,0.26,0.60,1.16
4030,0,0,0.26,0.60,1.16
4031,264.16,39.18,0.26,0.60,1.16
4032,0,0,0.26,0.59,1.16
4033,0,0,0.26,0.59,1.15
4034,0,0,0.26,0.59,1.15
4035,0,0,0.26,0.58,1.14
4036,0,0,0.26,0.57,1.11
4037,0,0,0.26,0.56,1.09
4038,0,0,0.25,0.55,1.09
4039,0,0,0.26,0.56,1.09
4040,0,0,0.26,0.57,1.11
4041,264.19,39.15,0.26,0.58,1.12
4042,0,0,0.26,0.58,1.12
4043,0,0,0.26,0.58,1.12
4044,0,0,0.26,0.57,1.11
4045,0,0,0.26,0.56,1.10
4046,0,0,0.26,0.56,1.09
4047,0,0,0.26,0.56,1.09
4048,0,0,0.26,0.57,1.10
4049,0,0,0.26,0.57,1.12
4050,0,0,0.26,0.58,1.12
4051,264.22,39.12,0.26,0.58,1.12
4052,0,0,0.26,0.58,1.13
4053,0,0,0.26,0.59,1.15
4054,0,0,0.26,0.59,1.16
4055,0,0,0.26,0.60,1.16
4056,0,0,0.26,0.60,1.16
4057,0,0,0.26,0.60,1.17
4058,0,0,0.26,0.61,1.18
4059,0,0,0.26,0.61,1.18
4060,264.25,39.09,0.26,0.61,1.18
4061,0,0,0.26,0.61,1.18
4062,0,0,0.26,0.61,1.17
4063,0,0,0.26,0.59,1.15
4064,0,0,0.26,0.57,1.10
4065,0,0,0.25,0.52,1.03
4066,0,0,0.25,0.51,1.00
4067,0,0,0.25,0.52,1.03
4068,0,0,0.25,0.55,1.09
4069,0,0,0.26,0.58,1.12
4070,264.29,39.06,0.26,0.59,1.15
4071,0,0,0.26,0.60,1.16
4072,0,0,0.26,0.60,1.16
4073,0,0,0.26,0.59,1.14
4074,0,0,0.25,0.56,1.11
4075,0,0,0.26,0.54,1.05
4076,0,0,0.25,0.51,1.01
4077,0,0,0.25,0.51,1.00
4078,0,0,0.25,0.53,1.04
4079,0,0,0.26,0.57,1.10
4080,264.32,39.03,0.26,0.60,1.16
4081,0,0,0.26,0.61,1.19
4082,0,0,0.26,0.61,1.19
4083,0,0,0.26,0.62,1.19
4084,0,0,0.26,0.61,1.19
4085,0,0,0.26,0.61,1.19
4086,0,0,0.26,0.60,1.17
4087,0,0,0.26,0.59,1.16
4088,0,0,0.26,0.59,1.14
4089,0,0,0.26,0.58,1.13
4090,264.35,39.01,0.26,0.57,1.10
4091,0,0,0.25,0.55,1.08
4092,0,0,0.25,0.54,1.06
4093,0,0,0.25,0.53,1.05
4094,0,0,0.25,0.53,1.05
4095,0,0,0.26,0.52,1.01
4096,0,0,0.25,0.46,0.92
4097,0,0,0.25,0.41,0.83
4098,0,0,0.25,0.38,0.78
4099,0,0,0.25,0.37,0.75
4100,264.38,38.98,0.25,0.36,0.72
4101,0,0,0.25,0.34,0.69
4102,0,0,0.25,0.36,0.72
4103,0,0,0.25,0.40,0.81
4104,0,0,0.25,0.46,0.91
4105,0,0,0.25,0.50,0.99
4106,0,0,0.25,0.53,1.05
4107,0,0,0.25,0.55,1.09
4108,0,0,0.26,0.56,1.10
4109,0,0,0.25,0.57,1.11
4110,264.41,38.95,0.26,0.57,1.11
4111,0,0,0.26,0.57,1.11
4112,0,0,0.25,0.57,1.12
4113,0,0,0.25,0.58,1.14
4114,0,0,0.25,0.59,1.16
4115,0,0,0.26,0.60,1.17
4116,0,0,0.26,0.60,1.17
4117,0,0,0.26,0.60,1.17
4118,0,0,0.26,0.60,1.17
4119,0,0,0.26,0.60,1.16
4120,264.45,38.92,0.25,0.59,1.16
4121,0,0,0.25,0.59,1.16
4122,0,0,0.26,0.60,1.16
4123,0,0,0.26,0.60,1.17
4124,0,0,0.25,0.60,1.17
4125,0,0,0.26,0.60,1.17
4126,0,0,0.26,0.60,1.17
4127,0,0,0.26,0.60,1.18
4128,0,0,0.26,0.60,1.18
4129,0,0,0.26,0.60,1.17
4130,264.48,38.89,0.25,0.59,1.16
4131,0,0,0.25,0.59,1.15
4132,0,0,0.26,0.58,1.13
4133,0,0,0.25,0.57,1.12
4134,0,0,0.25,0.57,1.12
4135,0,0,0.25,0.58,1.13
4136,0,0,0.25,0.58,1.14
4137,0,0,0.25,0.59,1.15
4138,0,0,0.26,0.59,1.14
4139,0,0,0.26,0.58,1.14
4140,264.51,38.86,0.25,0.58,1.14
4141,0,0,0.25,0.58,1.14
4142,0,0,0.25,0.58,1.15
4143,0,0,0.26,0.58,1.14
4144,0,0,0.26,0.58,1.13
4145,0,0,0.25,0.57,1.13
4146,0,0,0.25,0.58,1.13
4147,0,0,0.26,0.58,1.14
4148,0,0,0.26,0.58,1.13
4149,0,0,0.25,0.57,1.12
4150,264.54,38.83,0.25,0.57,1.12
4151,0,0,0.25,0.57,1.12
4152,0,0,0.25,0.58,1.14
4153,0,0,0.25,0.59,1.15
4154,0,0,0.26,0.58,1.13
4155,0,0,0.25,0.54,1.06
4156,0,0,0.25,0.48,0.96
4157,0,0,0.25,0.44,0.88
4158,0,0,0.25,0.43,0.85
4159,0,0,0.25,0.43,0.87
4160,264.57,38.80,0.25,0.44,0.89
4161,0,0,0.25,0.43,0.87
4162,0,0,0.25,0.38,0.76
4163,0,0,0.24,0.29,0.60
4164,0,0,0.24,0.23,0.48
4165,0,0,0.23,0.20,0.43
4166,0,0,0.23,0.19,0.41
4167,0,0,0.23,0.18,0.40
4168,0,0,0.23,0.18,0.39
4169,0,0,0.23,0.18,0.39
4170,264.61,38.77,0.23,0.18,0.38
4171,0,0,0.23,0.17,0.38
4172,0,0,0.22,0.17,0.38
4173,0,0,0.22,0.17,0.38
4174,0,0,0.22,0.17,0.38
4175,0,0,0.23,0.18,0.38
4176,0,0,0.22,0.18,0.39
4177,0,0,0.23,0.18,0.40
4178,0,0,0.23,0.19,0.42
4179,0,0,0.23,0.22,0.46
4180,264.64,38.75,0.24,0.25,0.53
4181,0,0,0.24,0.30,0.62
4182,0,0,0.25,0.35,0.70
4183,0,0,0.25,0.37,0.75
4184,0,0,0.25,0.39,0.79
4185,0,0,0.25,0.41,0.82
4186,0,0,0.25,0.43,0.85
4187,0,0,0.25,0.45,0.90
4188,0,0,0.25,0.47,0.94
4189,0,0,0.25,0.47,0.93
4190,264.67,38.72,0.25,0.43,0.85
4191,0,0,0.25,0.36,0.73
4192,0,0,0.24,0.30,0.62
4193,0,0,0.24,0.26,0.54
4194,0,0,0.24,0.22,0.47
4195,0,0,0.24,0.21,0.43
4196,0,0,0.23,0.19,0.41
4197,0,0,0.23,0.19,0.40
4198,0,0,0.23,0.18,0.39
4200,0,0,0.22,0.17,0.38
4201,264.70,38.69,0.23,0.17,0.38
4202,0,0,0.23,0.17,0.37
4203,0,0,0.23,0.17,0.37
4204,0,0,0.23,0.17,0.37
4205,0,0,0.22,0.16,0.36
4206,0,0,0.22,0.16,0.36
4207,0,0,0.22,0.16,0.35
4208,0,0,0.23,0.16,0.36
4209,0,0,0.23,0.16,0.36
4210,0,0,0.23,0.17,0.36
4211,264.73,38.66,0.23,0.17,0.37
4212,0,0,0.22,0.17,0.37
4213,0,0,0.22,0.17,0.37
4214,0,0,0.23,0.17,0.37
4215,0,0,0.23,0.17,0.37
4216,0,0,0.22,0.17,0.38
4217,0,0,0.23,0.18,0.39
4218,0,0,0.23,0.19,0.42
4219,0,0,0.23,0.21,0.44
4220,0,0,0.23,0.23,0.49
4221,264.77,38.63,0.24,0.24,0.52
4222,0,0,0.24,0.24,0.51
4223,0,0,0.24,0.23,0.48
4224,0,0,0.23,0.21,0.45
4225,0,0,0.23,0.21,0.45
4226,0,0,0.23,0.22,0.48
4227,0,0,0.24,0.24,0.50
4228,0,0,0.23,0.25,0.53
4229,0,0,0.24,0.27,0.57
4230,0,0,0.24,0.30,0.63
4231,264.80,38.60,0.25,0.36,0.74
4232,0,0,0.25,0.44,0.88
4233,0,0,0.25,0.50,1.00
4234,0,0,0.25,0.55,1.09
4235,0,0,0.25,0.57,1.12
4236,0,0,0.25,0.58,1.14
4237,0,0,0.25,0.57,1.13
4238,0,0,0.25,0.57,1.13
4239,0,0,0.25,0.57,1.13
4240,0,0,0.25,0.57,1.13
4241,264.83,38.57,0.25,0.57,1.13
4242,0,0,0.25,0.57,1.13
4243,0,0,0.25,0.57,1.13
4244,0,0,0.25,0.57,1.13
4245,0,0,0.25,0.57,1.13
4246,0,0,0.25,0.56,1.12
4247,0,0,0.25,0.56,1.12
4248,0,0,0.25,0.57,1.12
4249,0,0,0.25,0.55,1.09
4250,0,0,0.25,0.51,1.02
4251,264.86,38.54,0.25,0.45,0.91
4252,0,0,0.25,0.39,0.77
4253,0,0,0.24,0.32,0.66
4254,0,0,0.24,0.28,0.58
4255,0,0,0.24,0.24,0.51
4256,0,0,0.23,0.21,0.45
4257,0,0,0.23,0.19,0.42
4258,0,0,0.23,0.19,0.40
4259,0,0,0.23,0.18,0.39
4260,0,0,0.23,0.18,0.39
4261,264.89,38.51,0.22,0.17,0.38
4262,0,0,0.22,0.17,0.38
4263,0,0,0.22,0.17,0.37
4264,0,0,0.22,0.17,0.37
4265,0,0,0.23,0.17,0.37
4266,0,0,0.23,0.17,0.37
4267,0,0,0.23,0.17,0.37
4268,0,0,0.23,0.17,0.36
4269,0,0,0.23,0.17,0.37
4270,0,0,0.22,0.17,0.37
4271,264.93,38.49,0.22,0.17,0.38
4272,0,0,0.22,0.17,0.37
4273,0,0,0.22,0.17,0.37
4274,0,0,0.22,0.17,0.37
4275,0,0,0.23,0.17,0.37
4276,0,0,0.23,0.17,0.36
4277,0,0,0.23,0.17,0.37
4278,0,0,0.23,0.17,0.37
4279,0,0,0.22,0.17,0.37
4280,0,0,0.23,0.18,0.38
4281,264.96,38.46,0.22,0.18,0.39
4282,0,0,0.23,0.18,0.40
4283,0,0,0.23,0.18,0.40
4284,0,0,0.23,0.18,0.39
4285,0,0,0.23,0.17,0.38
4286,0,0,0.23,0.17,0.37
4287,0,0,0.23,0.17,0.37
4288,0,0,0.23,0.17,0.36
4289,0,0,0.22,0.16,0.36
4290,0,0,0.23,0.16,0.35
4291,264.99,38.43,0.23,0.16,0.35
4292,0,0,0.23,0.16,0.34
4293,0,0,0.22,0.15,0.34
4294,0,0,0.22,0.15,0.34
4295,0,0,0.22,0.15,0.33
4296,0,0,0.23,0.15,0.33
4297,0,0,0.22,0.14,0.32
4298,0,0,0.22,0.14,0.32
4299,0,0,0.22,0.14,0.32
4300,0,0,0.22,0.14,0.32
4301,265.02,38.40,0.22,0.14,0.31
4302,0,0,0.22,0.14,0.31
4303,0,0,0.22,0.14,0.31
4304,0,0,0.22,0.14,0.31
4305,0,0,0.22,0.14,0.31
4306,0,0,0.21,0.13,0.31
4307,0,0,0.22,0.14,0.31
4308,0,0,0.22,0.14,0.31
4309,0,0,0.21,0.13,0.31
4310,0,0,0.21,0.13,0.31
4311,265.05,38.37,0.21,0.13,0.31
4312,0,0,0.21,0.13,0.31
4313,0,0,0.21,0.13,0.31
4314,0,0,0.21,0.13,0.31
4315,0,0,0.21,0.13,0.31
4316,0,0,0.22,0.14,0.31
4317,0,0,0.22,0.14,0.31
4318,0,0,0.22,0.14,0.31
4319,0,0,0.22,0.14,0.31
4320,0,0,0.22,0.14,0.32
4321,265.09,38.34,0.22,0.14,0.32
4322,0,0,0.22,0.14,0.32
4323,0,0,0.22,0.14,0.32
4324,0,0,0.22,0.14,0.32
4325,0,0,0.22,0.14,0.33
4326,0,0,0.22,0.15,0.33
4327,0,0,0.22,0.15,0.33
4328,0,0,0.22,0.15,0.34
4329,0,0,0.22,0.15,0.34
4330,0,0,0.22,0.15,0.35
4331,265.12,38.31,0.22,0.16,0.35
4332,0,0,0.22,0.16,0.36
4333,0,0,0.22,0.17,0.38
4334,0,0,0.23,0.18,0.40
4335,0,0,0.22,0.20,0.43
4336,0,0,0.23,0.22,0.48
4337,0,0,0.23,0.24,0.52
4338,0,0,0.23,0.26,0.55
4339,0,0,0.24,0.27,0.58
4340,0,0,0.24,0.28,0.60
4341,265.15,38.28,0.24,0.28,0.60
4342,0,0,0.24,0.28,0.59
4343,0,0,0.24,0.27,0.57
4344,0,0,0.24,0.27,0.57
4345,0,0,0.24,0.28,0.59
4346,0,0,0.24,0.29,0.62
4347,0,0,0.24,0.31,0.65
4348,0,0,0.24,0.34,0.70
4349,0,0,0.24,0.37,0.76
4350,0,0,0.24,0.40,0.83
4351,265.18,38.25,0.25,0.43,0.88
4352,0,0,0.24,0.46,0.94
4353,0,0,0.25,0.48,0.97
4354,0,0,0.25,0.49,0.99
4355,0,0,0.25,0.48,0.97
4356,0,0,0.25,0.46,0.93
4357,0,0,0.24,0.43,0.88
4358,0,0,0.24,0.42,0.86
4359,0,0,0.25,0.42,0.85
4360,0,0,0.24,0.42,0.86
4361,265.21,38.23,0.24,0.43,0.88
4362,0,0,0.25,0.44,0.89
4363,0,0,0.24,0.43,0.89
4364,0,0,0.25,0.43,0.88
4365,0,0,0.25,0.43,0.88
4366,0,0,0.25,0.44,0.89
4367,0,0,0.25,0.45,0.91
4368,0,0,0.24,0.45,0.93
4369,0,0,0.25,0.46,0.93
4370,0,0,0.25,0.47,0.95
4371,265.24,38.20,0.25,0.48,0.97
4372,0,0,0.25,0.50,1.01
4373,0,0,0.25,0.52,1.04
4374,0,0,0.25,0.53,1.08
4375,0,0,0.25,0.55,1.11
4376,0,0,0.25,0.56,1.13
4377,0,0,0.25,0.56,1.14
4378,0,0,0.25,0.57,1.14
4379,0,0,0.25,0.57,1.15
4380,0,0,0.25,0.57,1.15
4381,265.28,38.17,0.25,0.57,1.15
4382,0,0,0.25,0.57,1.15
4383,0,0,0.25,0.57,1.15
4384,0,0,0.25,0.57,1.15
4385,0,0,0.25,0.57,1.15
4386,0,0,0.25,0.57,1.15
4387,0,0,0.25,0.57,1.15
4388,0,0,0.25,0.57,1.15
4389,0,0,0.25,0.57,1.15
4390,0,0,0.25,0.57,1.15
4391,265.31,38.14,0.25,0.57,1.14
4392,0,0,0.25,0.56,1.14
4393,0,0,0.25,0.56,1.14
4394,0,0,0.25,0.56,1.13
4395,0,0,0.25,0.56,1.13
4396,0,0,0.25,0.56,1.13
4397,0,0,0.25,0.56,1.13
4398,0,0,0.25,0.56,1.13
4399,0,0,0.24,0.56,1.14
4400,0,0,0.25,0.56,1.14
4401,265.34,38.11,0.25,0.56,1.14
4402,0,0,0.25,0.57,1.15
4403,0,0,0.25,0.57,1.15
4404,0,0,0.25,0.57,1.15
4405,0,0,0.25,0.57,1.15
4406,0,0,0.25,0.57,1.15
4407,0,0,0.25,0.56,1.14
4408,0,0,0.25,0.56,1.14
4409,0,0,0.25,0.56,1.14
4410,0,0,0.24,0.56,1.15
4411,265.37,38.08,0.25,0.57,1.15
4412,0,0,0.25,0.57,1.15
4413,0,0,0.25,0.57,1.16
4414,0,0,0.24,0.57,1.16
4415,0,0,0.25,0.57,1.16
4416,0,0,0.24,0.57,1.17
4417,0,0,0.25,0.57,1.16
4418,0,0,0.25,0.57,1.16
4419,0,0,0.24,0.57,1.16
4420,0,0,0.25,0.57,1.16
4421,265.40,38.05,0.25,0.57,1.16
4422,0,0,0.25,0.57,1.16
4423,0,0,0.25,0.58,1.17
4424,0,0,0.25,0.58,1.17
4425,0,0,0.25,0.58,1.17
4426,0,0,0.25,0.58,1.17
4427,0,0,0.24,0.57,1.17
4428,0,0,0.25,0.58,1.17
4429,0,0,0.24,0.58,1.18
4430,0,0,0.25,0.58,1.18
4431,265.44,38.02,0.24,0.58,1.19
4432,0,0,0.25,0.58,1.18
4433,0,0,0.25,0.58,1.18
4434,0,0,0.24,0.58,1.18
4435,0,0,0.25,0.58,1.18
4436,0,0,0.24,0.58,1.19
4437,0,0,0.24,0.58,1.19
4438,0,0,0.24,0.58,1.19
4439,0,0,0.25,0.58,1.18
4440,0,0,0.24,0.58,1.18
4441,265.47,37.99,0.25,0.58,1.18
4442,0,0,0.25,0.58,1.17
4443,0,0,0.24,0.57,1.17
4444,0,0,0.24,0.57,1.17
4445,0,0,0.24,0.57,1.16
4446,0,0,0.24,0.56,1.15
4447,0,0,0.24,0.55,1.12
4448,0,0,0.24,0.51,1.06
4449,0,0,0.24,0.48,0.99
4450,0,0,0.24,0.46,0.94
4451,265.50,37.96,0.24,0.45,0.93
4452,0,0,0.24,0.44,0.93
4453,0,0,0.24,0.45,0.93
4454,0,0,0.24,0.45,0.94
4455,0,0,0.24,0.45,0.94
4456,0,0,0.24,0.46,0.95
4457,0,0,0.24,0.47,0.97
4458,0,0,0.24,0.48,0.99
4459,0,0,0.24,0.48,0.99
4460,0,0,0.24,0.48,1.00
4461,265.53,37.94,0.24,0.49,1.01
4462,0,0,0.24,0.51,1.05
4463,0,0,0.24,0.53,1.10
4464,0,0,0.24,0.56,1.15
4465,0,0,0.24,0.57,1.18
4466,0,0,0.24,0.57,1.17
4467,0,0,0.24,0.56,1.14
4468,0,0,0.24,0.54,1.11
4469,0,0,0.24,0.52,1.06
4470,0,0,0.24,0.48,1.00
4471,265.56,37.91,0.24,0.45,0.94
4472,0,0,0.24,0.43,0.90
4473,0,0,0.24,0.43,0.91
4474,0,0,0.24,0.45,0.95
4475,0,0,0.24,0.49,1.02
4476,0,0,0.24,0.53,1.09
4477,0,0,0.24,0.55,1.15
4478,0,0,0.24,0.57,1.18
4479,0,0,0.24,0.57,1.18
4480,0,0,0.24,0.58,1.19
4481,265.59,37.88,0.24,0.58,1.19
4482,0,0,0.24,0.58,1.19
4483,0,0,0.24,0.57,1.19
4484,0,0,0.24,0.57,1.19
4485,0,0,0.24,0.57,1.18
4486,0,0,0.24,0.57,1.18
4487,0,0,0.24,0.57,1.18
4488,0,0,0.24,0.57,1.17
4489,0,0,0.24,0.57,1.18
4490,0,0,0.24,0.57,1.17
4491,265.62,37.85,0.24,0.57,1.17
4492,0,0,0.24,0.57,1.17
4493,0,0,0.24,0.56,1.17
4494,0,0,0.24,0.56,1.16
4495,0,0,0.24,0.56,1.16
4496,0,0,0.24,0.56,1.16
4497,0,0,0.24,0.56,1.16
4498,0,0,0.24,0.56,1.16
4499,0,0,0.24,0.56,1.16
4500,0,0,0.24,0.55,1.15
4501,265.66,37.82,0.24,0.55,1.14
4502,0,0,0.24,0.54,1.12
4503,0,0,0.24,0.53,1.10
4504,0,0,0.24,0.52,1.08
4505,0,0,0.24,0.50,1.05
4506,0,0,0.24,0.50,1.05
4507,0,0,0.24,0.50,1.04
4508,0,0,0.24,0.50,1.04
4509,0,0,0.24,0.50,1.04
4510,0,0,0.24,0.50,1.05
4511,265.69,37.79,0.24,0.49,1.04
4512,0,0,0.24,0.50,1.05
4513,0,0,0.24,0.50,1.05
4514,0,0,0.24,0.51,1.07
4515,0,0,0.24,0.51,1.06
4516,0,0,0.24,0.50,1.06
4517,0,0,0.24,0.51,1.07
4518,0,0,0.24,0.51,1.07
4519,0,0,0.24,0.52,1.08
4520,0,0,0.24,0.52,1.09
4521,265.72,37.76,0.24,0.53,1.10
4522,0,0,0.24,0.53,1.11
4523,0,0,0.24,0.53,1.09
4524,0,0,0.24,0.52,1.08
4525,0,0,0.24,0.51,1.08
4526,0,0,0.24,0.51,1.08
4527,0,0,0.24,0.51,1.07
4528,0,0,0.24,0.51,1.07
4529,0,0,0.24,0.51,1.07
4530,0,0,0.24,0.52,1.08
4531,265.75,37.73,0.24,0.52,1.09
4532,0,0,0.24,0.52,1.09
4533,0,0,0.24,0.52,1.09
4534,0,0,0.24,0.53,1.10
4535,0,0,0.24,0.53,1.10
4536,0,0,0.24,0.53,1.11
4537,0,0,0.24,0.53,1.11
4538,0,0,0.24,0.53,1.11
4539,0,0,0.24,0.53,1.10
4540,0,0,0.24,0.52,1.10
4541,265.78,37.70,0.24,0.52,1.10
4542,0,0,0.24,0.52,1.10
4543,0,0,0.24,0.52,1.09
4544,0,0,0.24,0.50,1.06
4545,0,0,0.24,0.49,1.03
4546,0,0,0.24,0.49,1.02
4547,0,0,0.24,0.50,1.04
4548,0,0,0.24,0.50,1.06
4549,0,0,0.24,0.50,1.06
4550,0,0,0.24,0.51,1.08
4551,265.81,37.68,0.24,0.52,1.09
4552,0,0,0.24,0.52,1.09
4553,0,0,0.24,0.52,1.09
4554,0,0,0.24,0.52,1.09
4555,0,0,0.24,0.52,1.09
4556,0,0,0.24,0.52,1.10
4557,0,0,0.24,0.53,1.11
4558,0,0,0.24,0.52,1.09
4559,0,0,0.24,0.49,1.03
4560,0,0,0.24,0.47,0.98
4561,265.85,37.65,0.24,0.45,0.96
4562,0,0,0.24,0.46,0.98
4563,0,0,0.24,0.48,1.02
4564,0,0,0.24,0.50,1.05
4565,0,0,0.24,0.50,1.06
4566,0,0,0.24,0.49,1.04
4567,0,0,0.24,0.47,0.99
4568,0,0,0.24,0.43,0.92
4569,0,0,0.24,0.41,0.86
4570,0,0,0.23,0.36,0.78
4571,265.88,37.62,0.23,0.32,0.70
4572,0,0,0.23,0.30,0.65
4573,0,0,0.23,0.29,0.63
4574,0,0,0.23,0.30,0.65
4575,0,0,0.23,0.31,0.67
4576,0,0,0.23,0.32,0.69
4577,0,0,0.23,0.32,0.69
4578,0,0,0.23,0.32,0.69
4579,0,0,0.23,0.32,0.68
4580,0,0,0.23,0.33,0.70
4581,265.91,37.59,0.23,0.35,0.76
4582,0,0,0.23,0.39,0.84
4583,0,0,0.23,0.43,0.92
4584,0,0,0.23,0.46,0.98
4585,0,0,0.24,0.47,1.01
4586,0,0,0.24,0.48,1.02
4587,0,0,0.24,0.48,1.03
4588,0,0,0.24,0.49,1.03
4589,0,0,0.24,0.50,1.06
4590,0,0,0.24,0.52,1.09
4591,265.94,37.56,0.24,0.53,1.11
4592,0,0,0.24,0.53,1.12
4593,0,0,0.24,0.53,1.11
4594,0,0,0.24,0.53,1.11
4595,0,0,0.24,0.53,1.12
4596,0,0,0.24,0.53,1.12
4597,0,0,0.24,0.54,1.12
4598,0,0,0.24,0.54,1.12
4599,0,0,0.24,0.54,1.12
4600,0,0,0.24,0.53,1.11
4601,265.97,37.53,0.24,0.52,1.10
4602,0,0,0.24,0.51,1.09
4603,0,0,0.24,0.51,1.07
4604,0,0,0.24,0.50,1.05
4605,0,0,0.24,0.49,1.03
4606,0,0,0.24,0.47,0.99
4607,0,0,0.23,0.43,0.93
4608,0,0,0.23,0.40,0.86
4609,0,0,0.23,0.38,0.81
4610,0,0,0.23,0.37,0.78
4611,266.00,37.50,0.23,0.35,0.76
4612,0,0,0.23,0.33,0.71
4613,0,0,0.23,0.31,0.67
4614,0,0,0.23,0.30,0.65
4615,0,0,0.23,0.30,0.65
4616,0,0,0.23,0.31,0.66
4617,0,0,0.23,0.31,0.68
4618,0,0,0.23,0.32,0.69
4619,0,0,0.23,0.33,0.70
4620,0,0,0.23,0.33,0.72
4621,266.03,37.47,0.23,0.34,0.73
4622,0,0,0.24,0.35,0.74
4623,0,0,0.23,0.35,0.75
4624,0,0,0.23,0.35,0.75
4625,0,0,0.23,0.34,0.72
4626,0,0,0.23,0.32,0.69
4627,0,0,0.23,0.31,0.67
4628,0,0,0.23,0.31,0.66
4629,0,0,0.23,0.30,0.65
4630,0,0,0.23,0.29,0.64
4631,266.07,37.44,0.23,0.29,0.63
4632,0,0,0.23,0.29,0.64
4633,0,0,0.23,0.30,0.64
4634,0,0,0.23,0.29,0.64
4635,0,0,0.23,0.30,0.65
4636,0,0,0.23,0.29,0.64
4637,0,0,0.23,0.29,0.63
4638,0,0,0.23,0.29,0.62
4639,0,0,0.23,0.27,0.60
4640,266.10,37.41,0.23,0.25,0.56
4641,0,0,0.23,0.24,0.54
4642,0,0,0.23,0.23,0.51
4643,0,0,0.22,0.22,0.49
4644,0,0,0.23,0.22,0.47
4645,0,0,0.22,0.21,0.46
4646,0,0,0.23,0.21,0.45
4647,0,0,0.23,0.20,0.44
4648,0,0,0.22,0.20,0.44
4649,0,0,0.22,0.19,0.43
4650,266.13,37.39,0.22,0.18,0.42
4651,0,0,0.23,0.18,0.40
4652,0,0,0.22,0.18,0.39
4653,0,0,0.22,0.17,0.39
4654,0,0,0.22,0.17,0.38
4655,0,0,0.22,0.17,0.38
4656,0,0,0.23,0.17,0.37
4657,0,0,0.22,0.16,0.37
4658,0,0,0.22,0.16,0.36
4659,0,0,0.22,0.16,0.36
4660,266.16,37.36,0.22,0.16,0.36
4661,0,0,0.22,0.16,0.35
4662,0,0,0.23,0.16,0.35
4663,0,0,0.22,0.15,0.35
4665,0,0,0.23,0.16,0.35
4666,0,0,0.22,0.15,0.35
4667,0,0,0.22,0.15,0.35
4668,0,0,0.22,0.15,0.35
4669,0,0,0.22,0.15,0.34
4670,0,0,0.22,0.15,0.35
4671,266.19,37.33,0.22,0.15,0.34
4672,0,0,0.22,0.15,0.35
4673,0,0,0.22,0.15,0.34
4674,0,0,0.22,0.15,0.34
4675,0,0,0.22,0.15,0.35
4676,0,0,0.22,0.15,0.34
4677,0,0,0.22,0.15,0.34
4678,0,0,0.22,0.15,0.34
4679,0,0,0.22,0.15,0.35
4680,0,0,0.22,0.15,0.35
4681,266.22,37.30,0.22,0.15,0.35
4682,0,0,0.22,0.15,0.35
4683,0,0,0.22,0.16,0.35
4684,0,0,0.23,0.16,0.35
4685,0,0,0.23,0.16,0.35
4686,0,0,0.22,0.16,0.35
4687,0,0,0.22,0.16,0.36
4688,0,0,0.22,0.16,0.36
4689,0,0,0.22,0.16,0.36
4690,0,0,0.22,0.17,0.38
4691,266.25,37.27,0.22,0.18,0.41
4692,0,0,0.23,0.20,0.43
4693,0,0,0.23,0.21,0.45
4694,0,0,0.23,0.21,0.45
4695,0,0,0.23,0.21,0.44
4696,0,0,0.23,0.21,0.45
4697,0,0,0.23,0.21,0.46
4698,0,0,0.23,0.21,0.46
4699,0,0,0.23,0.21,0.46
4700,0,0,0.23,0.21,0.45
4701,266.28,37.24,0.23,0.21,0.45
4702,0,0,0.23,0.21,0.45
4703,0,0,0.22,0.20,0.43
4704,0,0,0.23,0.19,0.42
4705,0,0,0.22,0.19,0.42
4706,0,0,0.23,0.19,0.41
4707,0,0,0.23,0.19,0.42
4708,0,0,0.23,0.19,0.41
4709,0,0,0.22,0.18,0.41
4710,0,0,0.23,0.18,0.40
4711,266.32,37.21,0.22,0.18,0.39
4712,0,0,0.22,0.18,0.39
4713,0,0,0.23,0.18,0.39
4714,0,0,0.23,0.18,0.39
4715,0,0,0.23,0.18,0.39
4716,0,0,0.23,0.18,0.39
4717,0,0,0.23,0.18,0.38
4718,0,0,0.23,0.17,0.38
4719,0,0,0.23,0.17,0.37
4720,0,0,0.23,0.17,0.37
4721,266.35,37.18,0.23,0.17,0.36
4722,0,0,0.23,0.16,0.35
4723,0,0,0.23,0.16,0.35
4724,0,0,0.23,0.16,0.34
4725,0,0,0.23,0.15,0.33
4726,0,0,0.23,0.15,0.33
4727,0,0,0.23,0.15,0.32
4728,0,0,0.23,0.15,0.32
4729,0,0,0.23,0.15,0.32
4730,0,0,0.23,0.15,0.32
4731,266.38,37.15,0.23,0.15,0.32
4732,0,0,0.23,0.15,0.31
4733,0,0,0.23,0.14,0.31
4734,0,0,0.23,0.14,0.31
4735,0,0,0.22,0.14,0.31
4736,0,0,0.23,0.14,0.30
4737,0,0,0.23,0.14,0.30
4738,0,0,0.23,0.14,0.29
4739,0,0,0.22,0.13,0.29
4740,0,0,0.23,0.13,0.29
4741,266.41,37.13,0.23,0.13,0.29
4742,0,0,0.22,0.13,0.28
4743,0,0,0.23,0.13,0.28
4744,0,0,0.23,0.13,0.28
4745,0,0,0.23,0.13,0.27
4746,0,0,0.23,0.13,0.27
4747,0,0,0.24,0.13,0.27
4748,0,0,0.23,0.12,0.27
4749,0,0,0.24,0.13,0.27
4750,0,0,0.23,0.12,0.26
4751,266.44,37.10,0.23,0.12,0.26
4752,0,0,0.24,0.12,0.26
4753,0,0,0.24,0.12,0.26
4754,0,0,0.23,0.12,0.26
4755,0,0,0.23,0.12,0.25
4756,0,0,0.23,0.12,0.25
4757,0,0,0.24,0.12,0.25
4758,0,0,0.23,0.11,0.25
4759,0,0,0.23,0.11,0.24
4760,0,0,0.23,0.11,0.24
4761,266.47,37.07,0.23,0.11,0.24
4762,0,0,0.23,0.11,0.24
4763,0,0,0.22,0.11,0.24
4764,0,0,0.22,0.11,0.24
4765,0,0,0.23,0.11,0.23
4766,0,0,0.23,0.11,0.23
4767,0,0,0.23,0.11,0.23
4768,0,0,0.23,0.11,0.23
4769,0,0,0.22,0.10,0.23
4770,0,0,0.23,0.10,0.22
4771,266.50,37.04,0.23,0.10,0.22
4772,0,0,0.23,0.10,0.22
4773,0,0,0.22,0.10,0.22
4774,0,0,0.22,0.10,0.22
4775,0,0,0.23,0.10,0.22
4776,0,0,0.23,0.10,0.22
4777,0,0,0.22,0.10,0.22
4778,0,0,0.23,0.10,0.22
4779,0,0,0.23,0.10,0.21
4780,0,0,0.23,0.10,0.21
4781,266.53,37.01,0.22,0.09,0.21
4782,0,0,0.22,0.09,0.21
4783,0,0,0.22,0.09,0.21
4784,0,0,0.23,0.09,0.21
4785,0,0,0.23,0.09,0.21
4786,0,0,0.23,0.09,0.21
4787,0,0,0.23,0.09,0.20
4788,0,0,0.21,0.09,0.21
4789,0,0,0.22,0.09,0.20
4790,0,0,0.22,0.09,0.20
4791,266.57,36.98,0.22,0.09,0.20
4792,0,0,0.22,0.09,0.20
4793,0,0,0.22,0.09,0.20
4794,0,0,0.22,0.09,0.20
4795,0,0,0.22,0.09,0.20
4796,0,0,0.22,0.08,0.19
4797,0,0,0.22,0.08,0.19
4798,0,0,0.22,0.08,0.19
4799,0,0,0.22,0.08,0.19
4800,0,0,0.22,0.08,0.19
4801,266.60,36.95,0.22,0.08,0.19
4802,0,0,0.22,0.08,0.19
4803,0,0,0.21,0.08,0.19
4804,0,0,0.21,0.08,0.19
4805,0,0,0.22,0.08,0.18
4806,0,0,0.22,0.08,0.18
4807,0,0,0.22,0.08,0.18
4808,0,0,0.22,0.08,0.18
4809,0,0,0.22,0.08,0.18
4810,0,0,0.22,0.08,0.18
4811,266.63,36.92,0.22,0.08,0.18
4812,0,0,0.22,0.08,0.18
4813,0,0,0.22,0.08,0.18
4814,0,0,0.22,0.08,0.18
4815,0,0,0.21,0.07,0.18
4816,0,0,0.23,0.08,0.17
4817,0,0,0.23,0.08,0.17
4818,0,0,0.21,0.07,0.17
4819,0,0,0.21,0.07,0.17
4820,0,0,0.21,0.07,0.17
4821,266.66,36.89,0.22,0.07,0.17
4822,0,0,0.21,0.07,0.17
4823,0,0,0.22,0.07,0.17
4824,0,0,0.21,0.07,0.17
4825,0,0,0.22,0.07,0.17
4826,0,0,0.22,0.07,0.17
4827,0,0,0.21,0.07,0.17
4828,0,0,0.22,0.07,0.17
4829,0,0,0.21,0.07,0.16
4830,0,0,0.21,0.07,0.16
4831,266.69,36.86,0.21,0.07,0.17
4832,0,0,0.21,0.07,0.16
4833,0,0,0.21,0.07,0.16
4834,0,0,0.21,0.07,0.16
4835,0,0,0.21,0.07,0.16
4836,0,0,0.21,0.07,0.16
4837,0,0,0.20,0.06,0.16
4838,0,0,0.21,0.07,0.16
4839,0,0,0.21,0.07,0.16
4840,0,0,0.22,0.07,0.16
4841,266.73,36.83,0.20,0.06,0.16
4842,0,0,0.20,0.06,0.16
4843,0,0,0.22,0.07,0.16
4844,0,0,0.22,0.07,0.16
4845,0,0,0.22,0.07,0.16
4846,0,0,0.20,0.06,0.16
4847,0,0,0.20,0.06,0.16
4848,0,0,0.20,0.06,0.16
4849,0,0,0.23,0.07,0.15
4850,0,0,0.21,0.06,0.15
4851,266.76,36.80,0.21,0.06,0.15
4852,0,0,0.21,0.06,0.15
4853,0,0,0.21,0.06,0.15
4854,0,0,0.21,0.06,0.15
4855,0,0,0.21,0.06,0.15
4856,0,0,0.21,0.06,0.15
4857,0,0,0.21,0.06,0.15
4858,0,0,0.21,0.06,0.15
4859,0,0,0.22,0.06,0.15
4860,0,0,0.19,0.06,0.15
4861,266.79,36.78,0.22,0.06,0.15
4862,0,0,0.19,0.06,0.15
4863,0,0,0.20,0.06,0.15
4864,0,0,0.19,0.06,0.15
4865,0,0,0.22,0.06,0.15
4866,0,0,0.22,0.06,0.15
4867,0,0,0.20,0.06,0.15
4868,0,0,0.20,0.06,0.15
4869,0,0,0.20,0.06,0.15
4870,0,0,0.22,0.06,0.15
4871,266.82,36.75,0.20,0.06,0.15
4872,0,0,0.21,0.06,0.14
4873,0,0,0.20,0.06,0.15
4874,0,0,0.20,0.06,0.15
4875,0,0,0.21,0.06,0.14
4876,0,0,0.20,0.06,0.15
4877,0,0,0.20,0.06,0.15
4878,0,0,0.21,0.06,0.14
4879,0,0,0.20,0.06,0.15
4880,0,0,0.21,0.06,0.14
4881,266.85,36.72,0.21,0.06,0.14
4882,0,0,0.21,0.06,0.14
4883,0,0,0.21,0.06,0.14
4884,0,0,0.21,0.06,0.14
4885,0,0,0.21,0.06,0.14
4886,0,0,0.21,0.06,0.14
4887,0,0,0.21,0.06,0.14
4888,0,0,0.21,0.06,0.14
4889,0,0,0.21,0.06,0.14
4890,0,0,0.19,0.05,0.14
4891,266.88,36.69,0.21,0.06,0.14
4892,0,0,0.21,0.06,0.14
4893,0,0,0.21,0.06,0.14
4894,0,0,0.21,0.06,0.14
4895,0,0,0.21,0.06,0.14
4896,0,0,0.19,0.05,0.14
4897,0,0,0.21,0.06,0.14
4898,0,0,0.21,0.06,0.14
4899,0,0,0.21,0.06,0.14
4900,0,0,0.19,0.05,0.14
4901,266.91,36.66,0.21,0.06,0.14
4902,0,0,0.20,0.05,0.14
4903,0,0,0.20,0.05,0.14
4904,0,0,0.20,0.05,0.14
4905,0,0,0.20,0.05,0.14
4906,0,0,0.20,0.05,0.14
4907,0,0,0.20,0.05,0.14
4908,0,0,0.20,0.05,0.14
4909,0,0,0.20,0.05,0.14
4910,0,0,0.20,0.05,0.13
4911,266.94,36.63,0.20,0.05,0.14
4912,0,0,0.21,0.06,0.14
4913,0,0,0.20,0.05,0.14
4914,0,0,0.20,0.05,0.14
4915,0,0,0.20,0.05,0.14
4916,0,0,0.20,0.05,0.14
4917,0,0,0.20,0.05,0.14
4918,0,0,0.20,0.05,0.14
4919,0,0,0.22,0.06,0.13
4920,0,0,0.20,0.05,0.14
4921,266.97,36.60,0.20,0.05,0.14
4922,0,0,0.20,0.05,0.13
4923,0,0,0.20,0.05,0.14
4924,0,0,0.20,0.05,0.13
4925,0,0,0.20,0.05,0.13
4926,0,0,0.20,0.05,0.13
4927,0,0,0.20,0.05,0.14
4928,0,0,0.20,0.05,0.13
4929,0,0,0.20,0.05,0.14
4930,0,0,0.20,0.05,0.14
4931,267.00,36.57,0.20,0.05,0.14
4932,0,0,0.20,0.05,0.13
4933,0,0,0.20,0.05,0.13
4934,0,0,0.20,0.05,0.14
4935,0,0,0.20,0.05,0.13
4936,0,0,0.20,0.05,0.13
4937,0,0,0.20,0.05,0.14
4938,0,0,0.19,0.05,0.13
4939,0,0,0.20,0.05,0.13
4940,0,0,0.20,0.05,0.13
4941,267.04,36.54,0.20,0.05,0.13
4942,0,0,0.20,0.05,0.13
4943,0,0,0.21,0.05,0.13
4944,0,0,0.19,0.05,0.13
4945,0,0,0.20,0.05,0.13
4946,0,0,0.20,0.05,0.13
4947,0,0,0.20,0.05,0.13
4948,0,0,0.20,0.05,0.13
4949,0,0,0.20,0.05,0.13
4950,0,0,0.19,0.05,0.13
4951,267.07,36.51,0.20,0.05,0.13
4952,0,0,0.20,0.05,0.13
4953,0,0,0.20,0.05,0.13
4954,0,0,0.19,0.05,0.13
4955,0,0,0.20,0.05,0.13
4956,0,0,0.20,0.05,0.13
4957,0,0,0.21,0.05,0.13
4958,0,0,0.20,0.05,0.13
4959,0,0,0.20,0.05,0.13
4960,0,0,0.21,0.05,0.13
4961,267.10,36.49,0.21,0.05,0.13
4962,0,0,0.19,0.05,0.13
4963,0,0,0.19,0.05,0.13
4964,0,0,0.20,0.05,0.13
4965,0,0,0.20,0.05,0.13
4966,0,0,0.19,0.05,0.13
4967,0,0,0.20,0.05,0.13
4968,0,0,0.20,0.05,0.13
4969,0,0,0.20,0.05,0.13
4970,0,0,0.21,0.05,0.13
4971,267.13,36.46,0.21,0.05,0.13
4972,0,0,0.19,0.05,0.13
4973,0,0,0.21,0.05,0.13
4974,0,0,0.21,0.05,0.13
4975,0,0,0.21,0.05,0.13
4976,0,0,0.19,0.05,0.13
4977,0,0,0.19,0.05,0.13
4978,0,0,0.19,0.05,0.13
4979,0,0,0.21,0.05,0.13
4980,0,0,0.19,0.05,0.13
4981,267.16,36.43,0.19,0.05,0.13
4982,0,0,0.19,0.05,0.13
4983,0,0,0.21,0.05,0.13
4984,0,0,0.20,0.05,0.13
4985,0,0,0.19,0.05,0.13
4986,0,0,0.21,0.05,0.13
4987,0,0,0.19,0.05,0.13
4988,0,0,0.19,0.05,0.13
4989,0,0,0.19,0.05,0.13
4990,0,0,0.21,0.05,0.13
4991,267.19,36.40,0.19,0.05,0.13
4992,0,0,0.19,0.05,0.13
4993,0,0,0.19,0.05,0.13
4994,0,0,0.19,0.05,0.13
4995,0,0,0.19,0.05,0.13
4996,0,0,0.21,0.05,0.13
4997,0,0,0.19,0.05,0.13
4998,0,0,0.19,0.05,0.13
4999,0,0,0.19,0.05,0.13
5000,0,0,0.19,0.05,0.13
5001,267.22,36.37,0.19,0.05,0.13
5002,0,0,0.19,0.05,0.13
5003,0,0,0.19,0.05,0.13
5004,0,0,0.19,0.05,0.13
5005,0,0,0.19,0.05,0.13
5006,0,0,0.21,0.05,0.13
5007,0,0,0.21,0.05,0.13
5008,0,0,0.20,0.05,0.12
5009,0,0,0.19,0.05,0.13
5010,0,0,0.21,0.05,0.13
5011,267.25,36.34,0.20,0.05,0.12
5012,0,0,0.21,0.05,0.13
5013,0,0,0.19,0.05,0.13
5014,0,0,0.19,0.05,0.13
5015,0,0,0.19,0.05,0.13
5016,0,0,0.19,0.05,0.13
5017,0,0,0.19,0.05,0.13
5018,0,0,0.19,0.05,0.13
5019,0,0,0.19,0.05,0.13
5020,0,0,0.22,0.05,0.12
5021,267.28,36.31,0.20,0.05,0.12
5022,0,0,0.19,0.05,0.13
5023,0,0,0.20,0.05,0.12
5024,0,0,0.20,0.05,0.12
5025,0,0,0.19,0.05,0.13
5026,0,0,0.20,0.05,0.12
5027,0,0,0.19,0.05,0.13
5028,0,0,0.20,0.05,0.12
5029,0,0,0.19,0.05,0.13
5030,0,0,0.19,0.05,0.13
5031,267.31,36.28,0.19,0.05,0.13
5032,0,0,0.20,0.05,0.12
5033,0,0,0.20,0.05,0.12
5034,0,0,0.20,0.05,0.12
5035,0,0,0.20,0.05,0.12
5036,0,0,0.20,0.05,0.12
5037,0,0,0.20,0.05,0.12
5038,0,0,0.19,0.05,0.13
5039,0,0,0.19,0.05,0.13
5040,0,0,0.19,0.05,0.13
5041,267.34,36.25,0.19,0.05,0.13
5042,0,0,0.19,0.05,0.13
5043,0,0,0.20,0.05,0.12
5044,0,0,0.20,0.05,0.12
5045,0,0,0.20,0.05,0.12
5046,0,0,0.19,0.05,0.13
5047,0,0,0.19,0.05,0.13
5048,0,0,0.20,0.05,0.12
5049,0,0,0.20,0.05,0.12
5050,0,0,0.19,0.05,0.13
5051,267.38,36.22,0.20,0.05,0.12
5052,0,0,0.19,0.05,0.13
5053,0,0,0.19,0.05,0.13
5054,0,0,0.20,0.05,0.12
5055,0,0,0.20,0.05,0.12
5056,0,0,0.20,0.05,0.12
5057,0,0,0.20,0.05,0.12
5058,0,0,0.20,0.05,0.12
5059,0,0,0.20,0.05,0.12
5060,0,0,0.20,0.05,0.12
5061,267.41,36.20,0.20,0.05,0.12
5062,0,0,0.20,0.05,0.12
5063,0,0,0.20,0.05,0.12
5064,0,0,0.20,0.05,0.12
5065,0,0,0.20,0.05,0.12
5066,0,0,0.20,0.05,0.12
5067,0,0,0.20,0.05,0.12
5068,0,0,0.20,0.05,0.12
5069,0,0,0.20,0.05,0.12
5070,0,0,0.20,0.05,0.12
5071,267.44,36.17,0.19,0.05,0.13
5072,0,0,0.20,0.05,0.12
5073,0,0,0.20,0.05,0.12
5074,0,0,0.19,0.05,0.13
5075,0,0,0.20,0.05,0.12
5076,0,0,0.20,0.05,0.12
5077,0,0,0.20,0.05,0.12
5078,0,0,0.20,0.05,0.12
5079,0,0,0.20,0.05,0.12
5080,0,0,0.19,0.05,0.13
5081,267.47,36.14,0.20,0.05,0.12
5082,0,0,0.20,0.05,0.12
5083,0,0,0.20,0.05,0.12
5084,0,0,0.20,0.05,0.12
5085,0,0,0.20,0.05,0.12
5086,0,0,0.18,0.04,0.12
5087,0,0,0.20,0.05,0.12
5088,0,0,0.20,0.05,0.12
5089,0,0,0.20,0.05,0.12
5090,0,0,0.20,0.05,0.12
5091,267.50,36.11,0.20,0.05,0.12
5092,0,0,0.20,0.05,0.12
5093,0,0,0.20,0.05,0.12
5094,0,0,0.20,0.05,0.12
5095,0,0,0.20,0.05,0.12
5096,0,0,0.20,0.05,0.12
5097,0,0,0.20,0.05,0.12
5098,0,0,0.19,0.05,0.13
5099,0,0,0.19,0.05,0.13
5100,0,0,0.20,0.05,0.12
5101,267.53,36.08,0.19,0.05,0.13
5102,0,0,0.20,0.05,0.12
5103,0,0,0.20,0.05,0.12
5104,0,0,0.20,0.05,0.12
5105,0,0,0.20,0.05,0.12
5106,0,0,0.19,0.05,0.13
5107,0,0,0.20,0.05,0.12
5108,0,0,0.20,0.05,0.12
5109,0,0,0.20,0.05,0.12
5110,0,0,0.20,0.05,0.12
5111,267.56,36.05,0.20,0.05,0.12
5112,0,0,0.19,0.05,0.13
5113,0,0,0.19,0.05,0.13
5114,0,0,0.20,0.05,0.12
5115,0,0,0.19,0.05,0.13
5116,0,0,0.19,0.05,0.13
5117,0,0,0.19,0.05,0.13
5118,0,0,0.19,0.05,0.13
5119,0,0,0.19,0.05,0.13
5120,0,0,0.22,0.05,0.12
5121,267.59,36.02,0.19,0.05,0.13
5122,0,0,0.19,0.05,0.13
5123,0,0,0.19,0.05,0.13
5124,0,0,0.20,0.05,0.12
5125,0,0,0.20,0.05,0.12
5126,0,0,0.20,0.05,0.12
5127,0,0,0.20,0.05,0.12
5128,0,0,0.21,0.05,0.13
5129,0,0,0.20,0.05,0.12
5130,0,0,0.19,0.05,0.13
5131,267.62,35.99,0.20,0.05,0.12
5133,0,0,0.20,0.05,0.12
5134,0,0,0.19,0.05,0.13
5135,0,0,0.19,0.05,0.13
5136,0,0,0.19,0.05,0.13
5137,0,0,0.19,0.05,0.13
5138,0,0,0.19,0.05,0.13
5139,0,0,0.19,0.05,0.13
5140,0,0,0.19,0.05,0.13
5141,0,0,0.20,0.05,0.12
5142,267.65,35.96,0.19,0.05,0.13
5143,0,0,0.19,0.05,0.13
5144,0,0,0.19,0.05,0.13
5145,0,0,0.19,0.05,0.13
5146,0,0,0.19,0.05,0.13
5147,0,0,0.19,0.05,0.13
5148,0,0,0.19,0.05,0.13
5149,0,0,0.19,0.05,0.13
5150,0,0,0.21,0.05,0.13
5151,0,0,0.19,0.05,0.13
5152,267.68,35.93,0.19,0.05,0.13
5153,0,0,0.19,0.05,0.13
5154,0,0,0.19,0.05,0.13
5155,0,0,0.21,0.05,0.13
5156,0,0,0.19,0.05,0.13
5157,0,0,0.19,0.05,0.13
5158,0,0,0.19,0.05,0.13
5159,0,0,0.21,0.05,0.13
5160,0,0,0.19,0.05,0.13
5161,0,0,0.19,0.05,0.13
5162,267.71,35.91,0.19,0.05,0.13
5163,0,0,0.19,0.05,0.13
5164,0,0,0.19,0.05,0.13
5165,0,0,0.19,0.05,0.13
5166,0,0,0.19,0.05,0.13
5167,0,0,0.19,0.05,0.13
5168,0,0,0.19,0.05,0.13
5169,0,0,0.21,0.05,0.13
5170,0,0,0.21,0.05,0.13
5171,0,0,0.19,0.05,0.13
5172,267.74,35.88,0.21,0.05,0.13
5173,0,0,0.20,0.05,0.13
5174,0,0,0.21,0.05,0.13
5175,0,0,0.19,0.05,0.13
5176,0,0,0.20,0.05,0.13
5177,0,0,0.19,0.05,0.13
5178,0,0,0.20,0.05,0.13
5179,0,0,0.21,0.05,0.13
5180,0,0,0.20,0.05,0.13
5181,0,0,0.20,0.05,0.13
5182,267.78,35.85,0.19,0.05,0.13
5183,0,0,0.20,0.05,0.13
5184,0,0,0.20,0.05,0.13
5185,0,0,0.20,0.05,0.13
5186,0,0,0.20,0.05,0.13
5187,0,0,0.18,0.05,0.14
5188,0,0,0.20,0.05,0.13
5189,0,0,0.20,0.05,0.13
5190,0,0,0.18,0.05,0.14
5191,0,0,0.20,0.05,0.13
5192,267.81,35.82,0.20,0.05,0.13
5193,0,0,0.20,0.05,0.13
5194,0,0,0.20,0.05,0.14
5195,0,0,0.20,0.05,0.14
5196,0,0,0.20,0.05,0.14
5197,0,0,0.20,0.05,0.14
5198,0,0,0.18,0.05,0.14
5199,0,0,0.18,0.05,0.14
5200,0,0,0.20,0.05,0.14
5201,0,0,0.18,0.05,0.14
5202,267.84,35.79,0.18,0.05,0.14
5203,0,0,0.20,0.05,0.13
5204,0,0,0.20,0.05,0.13
5205,0,0,0.19,0.05,0.13
5206,0,0,0.19,0.05,0.13
5207,0,0,0.20,0.05,0.13
5208,0,0,0.20,0.05,0.13
5209,0,0,0.20,0.05,0.13
5210,0,0,0.20,0.05,0.13
5211,0,0,0.20,0.05,0.13
5212,267.87,35.76,0.19,0.05,0.13
5213,0,0,0.20,0.05,0.13
5214,0,0,0.20,0.05,0.13
5215,0,0,0.20,0.05,0.13
5216,0,0,0.20,0.05,0.13
5217,0,0,0.19,0.05,0.13
5218,0,0,0.20,0.05,0.13
5219,0,0,0.20,0.05,0.13
5220,0,0,0.20,0.05,0.13
5221,267.90,35.73,0.20,0.05,0.13
5222,0,0,0.20,0.05,0.13
5223,0,0,0.20,0.05,0.13
5224,0,0,0.20,0.05,0.13
5225,0,0,0.20,0.05,0.13
5226,0,0,0.20,0.05,0.13
5227,0,0,0.18,0.05,0.14
5228,0,0,0.18,0.05,0.14
5229,0,0,0.20,0.05,0.13
5230,0,0,0.20,0.05,0.14
5231,267.93,35.70,0.19,0.05,0.13
5232,0,0,0.20,0.05,0.13
5233,0,0,0.20,0.05,0.14
5234,0,0,0.20,0.05,0.13
5235,0,0,0.20,0.05,0.13
5236,0,0,0.20,0.05,0.13
5237,0,0,0.19,0.05,0.13
5238,0,0,0.20,0.05,0.13
5239,0,0,0.19,0.05,0.13
5240,0,0,0.20,0.05,0.14
5241,267.96,35.67,0.20,0.05,0.14
5242,0,0,0.20,0.05,0.14
5243,0,0,0.20,0.05,0.13
5244,0,0,0.20,0.05,0.13
5245,0,0,0.20,0.05,0.13
5246,0,0,0.19,0.05,0.13
5247,0,0,0.20,0.05,0.13
5248,0,0,0.20,0.05,0.14
5249,0,0,0.20,0.05,0.13
5250,0,0,0.20,0.05,0.14
5251,267.99,35.64,0.20,0.05,0.13
5252,0,0,0.20,0.05,0.14
5253,0,0,0.20,0.05,0.14
5254,0,0,0.20,0.05,0.14
5255,0,0,0.20,0.05,0.14
5256,0,0,0.20,0.05,0.14
5257,0,0,0.20,0.05,0.13
5258,0,0,0.20,0.05,0.14
5259,0,0,0.20,0.05,0.14
5260,0,0,0.20,0.05,0.13
5261,268.02,35.62,0.20,0.05,0.13
5262,0,0,0.20,0.05,0.13
5263,0,0,0.20,0.05,0.13
5264,0,0,0.20,0.05,0.13
5265,0,0,0.20,0.05,0.13
5266,0,0,0.20,0.05,0.13
5267,0,0,0.20,0.05,0.14
5268,0,0,0.20,0.05,0.14
5269,0,0,0.20,0.05,0.13
5270,0,0,0.20,0.05,0.13
5271,268.05,35.59,0.20,0.05,0.14
5272,0,0,0.20,0.05,0.13
5273,0,0,0.20,0.05,0.13
5274,0,0,0.20,0.05,0.13
5275,0,0,0.20,0.05,0.13
5276,0,0,0.20,0.05,0.13
5277,0,0,0.20,0.05,0.13
5278,0,0,0.20,0.05,0.14
5279,0,0,0.20,0.05,0.13
5280,0,0,0.20,0.05,0.13
5281,268.08,35.56,0.20,0.05,0.14
5282,0,0,0.20,0.05,0.14
5283,0,0,0.20,0.05,0.13
5284,0,0,0.20,0.05,0.14
5285,0,0,0.20,0.05,0.14
5286,0,0,0.22,0.06,0.13
5287,0,0,0.20,0.05,0.14
5288,0,0,0.20,0.05,0.14
5289,0,0,0.20,0.05,0.13
5290,0,0,0.20,0.05,0.13
5291,268.11,35.53,0.20,0.05,0.14
5292,0,0,0.20,0.05,0.13
5293,0,0,0.20,0.05,0.13
5294,0,0,0.20,0.05,0.14
5295,0,0,0.20,0.05,0.14
5296,0,0,0.20,0.05,0.14
5297,0,0,0.20,0.05,0.13
5298,0,0,0.20,0.05,0.13
5299,0,0,0.20,0.05,0.14
5300,0,0,0.20,0.05,0.13
5301,268.14,35.50,0.20,0.05,0.13
5302,0,0,0.20,0.05,0.14
5303,0,0,0.20,0.05,0.13
5304,0,0,0.20,0.05,0.13
5305,0,0,0.20,0.05,0.13
5306,0,0,0.20,0.05,0.13
5307,0,0,0.20,0.05,0.13
5308,0,0,0.20,0.05,0.14
5309,0,0,0.20,0.05,0.13
5310,0,0,0.20,0.05,0.13
5311,268.17,35.47,0.20,0.05,0.13
5312,0,0,0.20,0.05,0.14
5313,0,0,0.20,0.05,0.13
5314,0,0,0.20,0.05,0.13
5315,0,0,0.20,0.05,0.13
5316,0,0,0.20,0.05,0.13
5317,0,0,0.20,0.05,0.13
5318,0,0,0.20,0.05,0.13
5319,0,0,0.22,0.06,0.13
5320,0,0,0.20,0.05,0.13
5321,268.20,35.44,0.20,0.05,0.13
5322,0,0,0.20,0.05,0.13
5323,0,0,0.20,0.05,0.13
5324,0,0,0.20,0.05,0.14
5325,0,0,0.20,0.05,0.13
5326,0,0,0.20,0.05,0.14
5327,0,0,0.20,0.05,0.13
5328,0,0,0.20,0.05,0.13
5329,0,0,0.20,0.05,0.13
5330,0,0,0.20,0.05,0.14
5331,268.23,35.41,0.20,0.05,0.14
5332,0,0,0.20,0.05,0.13
5333,0,0,0.20,0.05,0.13
5334,0,0,0.20,0.05,0.14
5335,0,0,0.20,0.05,0.14
5336,0,0,0.20,0.05,0.13
5337,0,0,0.20,0.05,0.13
5338,0,0,0.20,0.05,0.13
5339,0,0,0.20,0.05,0.13
5340,0,0,0.20,0.05,0.14
5341,268.26,35.38,0.21,0.06,0.14
5342,0,0,0.20,0.05,0.14
5343,0,0,0.20,0.05,0.14
5344,0,0,0.20,0.05,0.14
5345,0,0,0.20,0.05,0.13
5346,0,0,0.20,0.05,0.13
5347,0,0,0.20,0.05,0.14
5348,0,0,0.20,0.05,0.13
5349,0,0,0.20,0.05,0.14
5350,0,0,0.21,0.06,0.14
5351,268.30,35.35,0.20,0.05,0.14
5352,0,0,0.20,0.05,0.14
5353,0,0,0.20,0.05,0.14
5354,0,0,0.20,0.05,0.14
5355,0,0,0.20,0.05,0.14
5356,0,0,0.20,0.05,0.13
5357,0,0,0.20,0.05,0.14
5358,0,0,0.20,0.05,0.14
5359,0,0,0.20,0.05,0.14
5360,0,0,0.20,0.05,0.14
5361,268.33,35.33,0.20,0.05,0.14
5362,0,0,0.21,0.06,0.14
5363,0,0,0.21,0.06,0.14
5364,0,0,0.20,0.05,0.14
5365,0,0,0.21,0.06,0.14
5366,0,0,0.20,0.05,0.14
5367,0,0,0.20,0.05,0.14
5368,0,0,0.21,0.06,0.14
5369,0,0,0.20,0.05,0.14
5370,0,0,0.21,0.06,0.14
5371,268.36,35.30,0.21,0.06,0.14
5372,0,0,0.21,0.06,0.14
5373,0,0,0.20,0.05,0.14
5374,0,0,0.19,0.05,0.14
5375,0,0,0.21,0.06,0.14
5376,0,0,0.21,0.06,0.14
5377,0,0,0.21,0.06,0.14
5378,0,0,0.19,0.05,0.14
5379,0,0,0.21,0.06,0.14
5380,0,0,0.21,0.06,0.14
5381,268.39,35.27,0.20,0.05,0.14
5382,0,0,0.19,0.05,0.14
5383,0,0,0.21,0.06,0.14
5384,0,0,0.21,0.06,0.14
5385,0,0,0.21,0.06,0.14
5386,0,0,0.21,0.06,0.14
5387,0,0,0.21,0.06,0.14
5388,0,0,0.21,0.06,0.14
5389,0,0,0.21,0.06,0.14
5390,0,0,0.21,0.06,0.14
5391,268.42,35.24,0.21,0.06,0.14
5392,0,0,0.21,0.06,0.14
5393,0,0,0.21,0.06,0.14
5394,0,0,0.21,0.06,0.14
5395,0,0,0.22,0.06,0.14
5396,0,0,0.21,0.06,0.14
5397,0,0,0.22,0.06,0.15
5398,0,0,0.20,0.06,0.15
5399,0,0,0.20,0.06,0.15
5400,0,0,0.20,0.06,0.15
5401,268.45,35.21,0.22,0.06,0.15
5402,0,0,0.20,0.06,0.15
5403,0,0,0.20,0.06,0.15
5404,0,0,0.20,0.06,0.15
5405,0,0,0.20,0.06,0.15
5406,0,0,0.22,0.06,0.15
5407,0,0,0.22,0.06,0.15
5408,0,0,0.19,0.06,0.15
5409,0,0,0.19,0.06,0.15
5410,0,0,0.19,0.06,0.15
5411,268.48,35.18,0.19,0.06,0.15
5412,0,0,0.21,0.06,0.15
5413,0,0,0.21,0.06,0.15
5414,0,0,0.19,0.06,0.16
5415,0,0,0.19,0.06,0.15
5416,0,0,0.20,0.06,0.16
5417,0,0,0.20,0.06,0.16
5418,0,0,0.19,0.06,0.16
5419,0,0,0.19,0.06,0.16
5420,0,0,0.20,0.06,0.16
5421,268.51,35.15,0.20,0.06,0.16
5422,0,0,0.20,0.06,0.16
5423,0,0,0.20,0.06,0.16
5424,0,0,0.20,0.06,0.16
5425,0,0,0.21,0.07,0.16
5426,0,0,0.20,0.06,0.16
5427,0,0,0.20,0.06,0.16
5428,0,0,0.20,0.06,0.16
5429,0,0,0.20,0.06,0.16
5430,0,0,0.21,0.07,0.16
5431,268.54,35.12,0.21,0.07,0.17
5432,0,0,0.21,0.07,0.17
5433,0,0,0.20,0.07,0.17
5434,0,0,0.21,0.07,0.17
5435,0,0,0.20,0.07,0.17
5436,0,0,0.20,0.07,0.17
5437,0,0,0.21,0.07,0.17
5438,0,0,0.21,0.07,0.17
5439,0,0,0.19,0.07,0.18
5440,0,0,0.19,0.07,0.18
5441,268.57,35.09,0.21,0.07,0.18
5442,0,0,0.20,0.07,0.18
5443,0,0,0.21,0.07,0.18
5444,0,0,0.20,0.07,0.18
5445,0,0,0.20,0.07,0.18
5446,0,0,0.20,0.07,0.18
5447,0,0,0.20,0.07,0.19
5448,0,0,0.20,0.07,0.19
5449,0,0,0.20,0.07,0.19
5450,0,0,0.20,0.07,0.19
5451,268.60,35.06,0.20,0.07,0.19
5452,0,0,0.19,0.07,0.19
5453,0,0,0.21,0.08,0.19
5454,0,0,0.21,0.08,0.19
5455,0,0,0.20,0.08,0.20
5456,0,0,0.20,0.08,0.20
5457,0,0,0.20,0.08,0.20
5458,0,0,0.20,0.08,0.20
5459,0,0,0.21,0.08,0.20
5460,0,0,0.20,0.08,0.21
5461,268.63,35.04,0.20,0.08,0.21
5462,0,0,0.20,0.08,0.21
5463,0,0,0.20,0.08,0.21
5464,0,0,0.20,0.09,0.22
5465,0,0,0.20,0.09,0.22
5466,0,0,0.20,0.09,0.22
5467,0,0,0.20,0.09,0.22
5468,0,0,0.21,0.09,0.22
5469,0,0,0.20,0.09,0.23
5470,0,0,0.21,0.10,0.23
5471,268.66,35.01,0.21,0.10,0.23
5472,0,0,0.20,0.10,0.24
5473,0,0,0.20,0.10,0.24
5474,0,0,0.21,0.10,0.24
5475,0,0,0.21,0.10,0.25
5476,0,0,0.20,0.10,0.25
5477,0,0,0.20,0.10,0.25
5478,0,0,0.21,0.10,0.25
5479,0,0,0.19,0.10,0.25
5480,0,0,0.20,0.10,0.26
5481,268.69,34.98,0.21,0.11,0.26
5482,0,0,0.20,0.11,0.26
5483,0,0,0.20,0.11,0.26
5484,0,0,0.20,0.11,0.26
5485,0,0,0.20,0.11,0.26
5486,0,0,0.21,0.11,0.26
5487,0,0,0.20,0.11,0.27
5488,0,0,0.21,0.11,0.27
5489,0,0,0.21,0.11,0.27
5490,0,0,0.21,0.11,0.27
5491,268.72,34.95,0.20,0.11,0.27
5492,0,0,0.20,0.11,0.27
5493,0,0,0.21,0.11,0.27
5494,0,0,0.21,0.12,0.28
5495,0,0,0.21,0.12,0.28
5496,0,0,0.21,0.12,0.28
5497,0,0,0.20,0.11,0.28
5498,0,0,0.21,0.12,0.28
5499,0,0,0.20,0.11,0.28
5500,0,0,0.21,0.12,0.28
5501,268.75,34.92,0.21,0.12,0.29
5502,0,0,0.21,0.12,0.29
5503,0,0,0.20,0.12,0.30
5504,0,0,0.21,0.13,0.30
5505,0,0,0.21,0.13,0.30
5506,0,0,0.21,0.13,0.31
5507,0,0,0.20,0.13,0.31
5508,0,0,0.20,0.13,0.32
5509,0,0,0.21,0.13,0.32
5510,0,0,0.20,0.13,0.32
5511,268.78,34.89,0.20,0.13,0.33
5512,0,0,0.21,0.14,0.33
5513,0,0,0.21,0.14,0.33
5514,0,0,0.21,0.14,0.33
5515,0,0,0.21,0.14,0.34
5516,0,0,0.20,0.14,0.34
5517,0,0,0.21,0.14,0.34
5518,0,0,0.21,0.15,0.35
5519,0,0,0.21,0.15,0.36
5520,0,0,0.21,0.16,0.38
5521,268.81,34.86,0.21,0.17,0.40
5522,0,0,0.21,0.17,0.41
5523,0,0,0.21,0.17,0.41
5524,0,0,0.21,0.17,0.41
5525,0,0,0.21,0.17,0.42
5526,0,0,0.21,0.17,0.42
5527,0,0,0.21,0.17,0.41
5528,0,0,0.21,0.17,0.41
5529,0,0,0.21,0.17,0.42
5530,0,0,0.21,0.18,0.42
5531,268.84,34.83,0.21,0.18,0.42
5532,0,0,0.21,0.18,0.42
5533,0,0,0.21,0.18,0.42
5534,0,0,0.21,0.18,0.42
5535,0,0,0.21,0.18,0.43
5536,0,0,0.21,0.18,0.43
5537,0,0,0.21,0.18,0.43
5538,0,0,0.21,0.18,0.43
5539,0,0,0.21,0.19,0.44
5540,0,0,0.21,0.19,0.44
5541,268.87,34.80,0.21,0.19,0.45
5542,0,0,0.21,0.19,0.45
5543,0,0,0.21,0.20,0.46
5544,0,0,0.21,0.20,0.47
5545,0,0,0.21,0.20,0.47
5546,0,0,0.21,0.20,0.47
5547,0,0,0.21,0.20,0.47
5548,0,0,0.21,0.20,0.46
5549,0,0,0.21,0.19,0.45
5550,0,0,0.21,0.19,0.44
5551,268.90,34.77,0.21,0.19,0.43
5552,0,0,0.21,0.19,0.44
5553,0,0,0.21,0.19,0.45
5554,0,0,0.21,0.20,0.47
5555,0,0,0.21,0.21,0.48
5556,0,0,0.21,0.21,0.50
5557,0,0,0.21,0.21,0.51
5558,0,0,0.21,0.22,0.51
5559,0,0,0.21,0.22,0.51
5560,0,0,0.21,0.22,0.52
5561,268.93,34.74,0.21,0.22,0.52
5562,0,0,0.21,0.22,0.52
5563,0,0,0.21,0.22,0.53
5564,0,0,0.21,0.23,0.54
5565,0,0,0.21,0.23,0.55
5566,0,0,0.21,0.23,0.55
5567,0,0,0.21,0.23,0.56
5568,0,0,0.21,0.24,0.57
5569,0,0,0.21,0.24,0.57
5570,0,0,0.21,0.24,0.58
5571,268.96,34.72,0.21,0.25,0.59
5572,0,0,0.21,0.25,0.60
5573,0,0,0.21,0.26,0.61
5574,0,0,0.21,0.26,0.62
5575,0,0,0.21,0.26,0.62
5576,0,0,0.21,0.26,0.61
5577,0,0,0.21,0.25,0.60
5578,0,0,0.21,0.25,0.60
5579,0,0,0.21,0.25,0.59
5580,0,0,0.21,0.25,0.58
5581,268.99,34.69,0.21,0.24,0.59
5582,0,0,0.21,0.25,0.59
5583,0,0,0.21,0.25,0.60
5584,0,0,0.21,0.26,0.62
5585,0,0,0.21,0.26,0.63
5586,0,0,0.21,0.27,0.63
5587,0,0,0.21,0.26,0.63
5588,0,0,0.21,0.26,0.63
5589,0,0,0.21,0.27,0.64
5590,0,0,0.21,0.27,0.64
5591,269.02,34.66,0.21,0.27,0.65
5592,0,0,0.21,0.27,0.65
5593,0,0,0.21,0.28,0.65
5594,0,0,0.21,0.28,0.65
5595,0,0,0.21,0.28,0.65
5596,0,0,0.21,0.28,0.65
5597,0,0,0.21,0.27,0.65
5598,0,0,0.21,0.27,0.65
5600,0,0,0.21,0.28,0.65
5601,0,0,0.21,0.28,0.66
5602,269.05,34.63,0.21,0.28,0.66
5603,0,0,0.21,0.29,0.67
5604,0,0,0.21,0.29,0.69
5605,0,0,0.21,0.29,0.70
5606,0,0,0.21,0.30,0.70
5607,0,0,0.21,0.30,0.71
5608,0,0,0.21,0.31,0.73
5609,0,0,0.21,0.31,0.73
5610,0,0,0.21,0.31,0.74
5611,0,0,0.21,0.31,0.74
5612,269.08,34.60,0.21,0.31,0.74
5613,0,0,0.21,0.31,0.75
5614,0,0,0.21,0.32,0.76
5615,0,0,0.21,0.32,0.76
5616,0,0,0.21,0.31,0.74
5617,0,0,0.21,0.31,0.73
5618,0,0,0.22,0.30,0.70
5619,0,0,0.21,0.29,0.69
5620,0,0,0.21,0.28,0.67
5621,0,0,0.21,0.28,0.66
5622,269.11,34.57,0.21,0.28,0.66
5623,0,0,0.21,0.28,0.66
5624,0,0,0.21,0.28,0.66
5625,0,0,0.21,0.28,0.65
5626,0,0,0.22,0.28,0.65
5627,0,0,0.21,0.27,0.65
5628,0,0,0.21,0.27,0.65
5629,0,0,0.21,0.28,0.65
5630,0,0,0.21,0.28,0.65
5631,0,0,0.21,0.28,0.66
5632,269.14,34.54,0.21,0.28,0.66
5633,0,0,0.21,0.28,0.66
5634,0,0,0.21,0.28,0.66
5635,0,0,0.21,0.28,0.66
5636,0,0,0.21,0.28,0.66
5637,0,0,0.21,0.28,0.66
5638,0,0,0.21,0.28,0.66
5639,0,0,0.21,0.28,0.66
5640,0,0,0.21,0.28,0.66
5641,0,0,0.21,0.28,0.66
5642,269.17,34.51,0.21,0.28,0.66
5643,0,0,0.21,0.28,0.66
5644,0,0,0.21,0.28,0.66
5645,0,0,0.21,0.28,0.66
5646,0,0,0.21,0.27,0.65
5647,0,0,0.21,0.27,0.65
5648,0,0,0.21,0.27,0.65
5649,0,0,0.21,0.27,0.64
5650,0,0,0.21,0.27,0.63
5651,0,0,0.21,0.26,0.63
5652,269.20,34.48,0.21,0.26,0.62
5653,0,0,0.21,0.26,0.61
5654,0,0,0.22,0.26,0.60
5655,0,0,0.21,0.25,0.60
5656,0,0,0.21,0.25,0.59
5657,0,0,0.21,0.25,0.59
5658,0,0,0.21,0.24,0.58
5659,0,0,0.21,0.24,0.58
5660,0,0,0.21,0.24,0.57
5661,0,0,0.21,0.24,0.58
5662,269.23,34.45,0.21,0.25,0.58
5663,0,0,0.21,0.25,0.60
5664,0,0,0.21,0.26,0.62
5665,0,0,0.21,0.26,0.62
5666,0,0,0.21,0.26,0.62
5667,0,0,0.22,0.26,0.60
5668,0,0,0.21,0.25,0.60
5669,0,0,0.21,0.25,0.59
5670,0,0,0.21,0.24,0.58
5671,0,0,0.21,0.24,0.57
5672,269.26,34.43,0.21,0.24,0.56
5673,0,0,0.21,0.24,0.56
5674,0,0,0.21,0.23,0.56
5675,0,0,0.21,0.24,0.57
5676,0,0,0.21,0.24,0.57
5677,0,0,0.21,0.24,0.57
5678,0,0,0.21,0.24,0.58
5679,0,0,0.21,0.24,0.57
5680,0,0,0.21,0.24,0.57
5681,0,0,0.21,0.24,0.57
5682,269.29,34.40,0.21,0.24,0.57
5683,0,0,0.21,0.24,0.58
5684,0,0,0.21,0.24,0.59
5685,0,0,0.21,0.25,0.59
5686,0,0,0.21,0.25,0.60
5687,0,0,0.21,0.26,0.62
5688,0,0,0.21,0.26,0.63
5689,0,0,0.21,0.27,0.64
5690,0,0,0.21,0.27,0.65
5691,0,0,0.21,0.28,0.66
5692,269.33,34.37,0.21,0.28,0.68
5693,0,0,0.21,0.29,0.69
5694,0,0,0.21,0.29,0.70
5695,0,0,0.21,0.29,0.71
5696,0,0,0.21,0.30,0.71
5697,0,0,0.21,0.30,0.72
5698,0,0,0.21,0.30,0.73
5699,0,0,0.21,0.30,0.73
5700,0,0,0.21,0.30,0.73
5701,0,0,0.21,0.31,0.74
5702,269.35,34.34,0.21,0.31,0.73
5703,0,0,0.21,0.30,0.72
5704,0,0,0.21,0.30,0.72
5705,0,0,0.21,0.30,0.71
5706,0,0,0.21,0.30,0.71
5707,0,0,0.21,0.29,0.70
5708,0,0,0.21,0.29,0.70
5709,0,0,0.21,0.29,0.70
5710,0,0,0.21,0.30,0.71
5711,0,0,0.21,0.30,0.71
5712,269.38,34.31,0.21,0.29,0.71
5713,0,0,0.21,0.29,0.70
5714,0,0,0.21,0.29,0.69
5715,0,0,0.21,0.28,0.68
5716,0,0,0.21,0.28,0.67
5717,0,0,0.21,0.28,0.66
5718,0,0,0.21,0.27,0.65
5719,0,0,0.21,0.27,0.65
5720,0,0,0.21,0.27,0.65
5721,0,0,0.21,0.27,0.65
5722,269.41,34.28,0.21,0.28,0.66
5723,0,0,0.21,0.28,0.67
5724,0,0,0.21,0.28,0.67
5725,0,0,0.21,0.28,0.67
5726,0,0,0.21,0.28,0.68
5727,0,0,0.21,0.28,0.68
5728,0,0,0.21,0.29,0.69
5729,0,0,0.21,0.29,0.69
5730,0,0,0.21,0.29,0.69
5731,0,0,0.21,0.29,0.69
5732,269.45,34.25,0.21,0.28,0.69
5733,0,0,0.21,0.29,0.69
5734,0,0,0.21,0.29,0.69
5735,0,0,0.21,0.29,0.70
5736,0,0,0.21,0.29,0.71
5737,0,0,0.21,0.30,0.72
5738,0,0,0.21,0.30,0.72
5739,0,0,0.21,0.30,0.72
5740,0,0,0.21,0.29,0.71
5741,0,0,0.21,0.29,0.70
5742,269.48,34.22,0.21,0.29,0.69
5743,0,0,0.20,0.28,0.69
5744,0,0,0.21,0.29,0.69
5745,0,0,0.21,0.28,0.69
5746,0,0,0.21,0.29,0.69
5747,0,0,0.21,0.29,0.69
5748,0,0,0.21,0.29,0.69
5749,0,0,0.21,0.29,0.69
5750,0,0,0.21,0.29,0.69
5751,0,0,0.21,0.29,0.70
5752,269.51,34.19,0.21,0.29,0.69
5753,0,0,0.21,0.29,0.69
5754,0,0,0.21,0.29,0.69
5755,0,0,0.21,0.28,0.69
5756,0,0,0.21,0.28,0.68
5757,0,0,0.21,0.28,0.69
5758,0,0,0.21,0.28,0.69
5759,0,0,0.21,0.28,0.69
5760,0,0,0.20,0.28,0.69
5761,0,0,0.21,0.29,0.70
5762,269.54,34.16,0.20,0.29,0.70
5763,0,0,0.21,0.29,0.71
5764,0,0,0.20,0.29,0.72
5765,0,0,0.20,0.30,0.73
5766,0,0,0.21,0.30,0.74
5767,0,0,0.21,0.31,0.75
5768,0,0,0.21,0.31,0.75
5769,0,0,0.21,0.31,0.76
5770,0,0,0.20,0.31,0.77
5771,0,0,0.21,0.32,0.77
5772,269.57,34.14,0.21,0.32,0.77
5773,0,0,0.21,0.32,0.77
5774,0,0,0.20,0.31,0.77
5775,0,0,0.20,0.31,0.77
5776,0,0,0.21,0.32,0.77
5777,0,0,0.20,0.31,0.77
5778,0,0,0.21,0.31,0.76
5779,0,0,0.20,0.31,0.75
5780,0,0,0.20,0.30,0.74
5781,0,0,0.20,0.30,0.74
5782,269.60,34.11,0.21,0.31,0.74
5783,0,0,0.20,0.30,0.74
5784,0,0,0.21,0.31,0.74
5785,0,0,0.20,0.30,0.74
5786,0,0,0.21,0.30,0.74
5787,0,0,0.20,0.30,0.74
5788,0,0,0.21,0.31,0.74
5789,0,0,0.21,0.31,0.75
5790,0,0,0.21,0.31,0.75
5791,0,0,0.21,0.31,0.75
5792,269.62,34.08,0.21,0.31,0.75
5793,0,0,0.20,0.31,0.75
5794,0,0,0.20,0.31,0.76
5795,0,0,0.20,0.31,0.76
5796,0,0,0.20,0.31,0.76
5797,0,0,0.21,0.31,0.76
5798,0,0,0.20,0.31,0.77
5799,0,0,0.20,0.31,0.77
5800,0,0,0.21,0.32,0.77
5801,269.66,34.05,0.21,0.32,0.78
5802,0,0,0.20,0.32,0.78
5803,0,0,0.20,0.32,0.78
5804,0,0,0.20,0.32,0.79
5805,0,0,0.20,0.32,0.79
5806,0,0,0.20,0.32,0.80
5807,0,0,0.20,0.32,0.79
5808,0,0,0.20,0.32,0.80
5809,0,0,0.20,0.32,0.80
5810,0,0,0.20,0.33,0.81
5811,269.69,34.02,0.20,0.33,0.82
5812,0,0,0.20,0.33,0.82
5813,0,0,0.20,0.33,0.81
5814,0,0,0.20,0.33,0.81
5815,0,0,0.20,0.33,0.81
5816,0,0,0.20,0.33,0.81
5817,0,0,0.20,0.33,0.81
5818,0,0,0.20,0.33,0.81
5819,0,0,0.20,0.33,0.81
5820,0,0,0.20,0.33,0.81
5821,269.72,33.99,0.20,0.32,0.80
5822,0,0,0.20,0.32,0.79
5823,0,0,0.20,0.32,0.79
5824,0,0,0.20,0.32,0.79
5825,0,0,0.20,0.32,0.79
5826,0,0,0.20,0.32,0.78
5827,0,0,0.20,0.31,0.78
5828,0,0,0.20,0.31,0.78
5829,0,0,0.20,0.31,0.78
5830,0,0,0.20,0.31,0.77
5831,269.75,33.96,0.20,0.31,0.77
5832,0,0,0.20,0.31,0.77
5833,0,0,0.20,0.31,0.77
5834,0,0,0.20,0.31,0.77
5835,0,0,0.20,0.31,0.77
5836,0,0,0.20,0.31,0.76
5837,0,0,0.20,0.31,0.76
5838,0,0,0.20,0.31,0.76
5839,0,0,0.20,0.31,0.76
5840,0,0,0.20,0.31,0.76
5841,269.78,33.93,0.20,0.30,0.76
5842,0,0,0.20,0.30,0.75
5843,0,0,0.20,0.30,0.75
5844,0,0,0.20,0.31,0.75
5845,0,0,0.20,0.31,0.76
5846,0,0,0.20,0.31,0.76
5847,0,0,0.20,0.30,0.76
5848,0,0,0.20,0.31,0.76
5849,0,0,0.20,0.30,0.76
5850,0,0,0.20,0.30,0.75
5851,269.81,33.90,0.20,0.30,0.75
5852,0,0,0.20,0.30,0.75
5853,0,0,0.20,0.30,0.75
5854,0,0,0.20,0.30,0.75
5855,0,0,0.20,0.30,0.75
5856,0,0,0.20,0.30,0.75
5857,0,0,0.20,0.30,0.76
5858,0,0,0.20,0.31,0.76
5859,0,0,0.20,0.31,0.76
5860,0,0,0.20,0.31,0.76
5861,269.84,33.87,0.20,0.31,0.77
5862,0,0,0.20,0.31,0.77
5863,0,0,0.20,0.31,0.77
5864,0,0,0.20,0.31,0.77
5865,0,0,0.20,0.30,0.76
5866,0,0,0.20,0.30,0.76
5867,0,0,0.20,0.30,0.76
5868,0,0,0.20,0.31,0.76
5869,0,0,0.20,0.31,0.78
5870,0,0,0.20,0.32,0.79
5871,269.86,33.85,0.20,0.32,0.80
5872,0,0,0.20,0.33,0.81
5873,0,0,0.20,0.33,0.82
5874,0,0,0.20,0.33,0.83
5875,0,0,0.20,0.33,0.83
5876,0,0,0.20,0.33,0.83
5877,0,0,0.20,0.33,0.83
5878,0,0,0.20,0.33,0.83
5879,0,0,0.20,0.33,0.82
5880,0,0,0.20,0.32,0.81
5881,269.89,33.82,0.20,0.32,0.81
5882,0,0,0.20,0.32,0.81
5883,0,0,0.20,0.32,0.80
5884,0,0,0.20,0.32,0.80
5885,0,0,0.20,0.32,0.80
5886,0,0,0.20,0.32,0.80
5887,0,0,0.20,0.32,0.81
5888,0,0,0.20,0.32,0.82
5889,0,0,0.20,0.33,0.82
5890,0,0,0.20,0.33,0.82
5891,269.92,33.79,0.20,0.33,0.82
5892,0,0,0.20,0.33,0.82
5893,0,0,0.20,0.32,0.82
5894,0,0,0.20,0.33,0.82
5895,0,0,0.20,0.32,0.82
5896,0,0,0.20,0.33,0.82
5897,0,0,0.20,0.33,0.83
5898,0,0,0.20,0.33,0.83
5899,0,0,0.20,0.33,0.83
5900,0,0,0.20,0.33,0.82
5901,269.95,33.76,0.20,0.33,0.83
5902,0,0,0.20,0.33,0.83
5903,0,0,0.20,0.33,0.83
5904,0,0,0.20,0.33,0.83
5905,0,0,0.20,0.33,0.84
5906,0,0,0.20,0.33,0.84
5907,0,0,0.20,0.34,0.84
5908,0,0,0.20,0.33,0.85
5909,0,0,0.20,0.33,0.85
5910,0,0,0.20,0.34,0.85
5911,269.98,33.73,0.20,0.34,0.85
5912,0,0,0.20,0.33,0.85
5913,0,0,0.20,0.34,0.85
5914,0,0,0.20,0.34,0.85
5915,0,0,0.20,0.33,0.85
5916,0,0,0.20,0.33,0.85
5917,0,0,0.20,0.33,0.85
5918,0,0,0.20,0.34,0.85
5919,0,0,0.20,0.34,0.84
5920,0,0,0.20,0.33,0.84
5921,270.01,33.70,0.20,0.33,0.84
5922,0,0,0.20,0.33,0.84
5923,0,0,0.20,0.33,0.84
5924,0,0,0.20,0.33,0.84
5925,0,0,0.20,0.33,0.84
5926,0,0,0.20,0.33,0.83
5927,0,0,0.20,0.33,0.83
5928,0,0,0.20,0.33,0.83
5929,0,0,0.20,0.33,0.84
5930,0,0,0.20,0.33,0.83
5931,270.04,33.67,0.20,0.33,0.83
5932,0,0,0.20,0.33,0.83
5933,0,0,0.20,0.33,0.82
5934,0,0,0.20,0.32,0.82
5935,0,0,0.20,0.33,0.82
5936,0,0,0.20,0.32,0.82
5937,0,0,0.20,0.32,0.82
5938,0,0,0.20,0.33,0.83
5939,0,0,0.20,0.33,0.84
5940,0,0,0.20,0.33,0.85
5941,270.07,33.64,0.20,0.34,0.85
5942,0,0,0.20,0.34,0.85
5943,0,0,0.20,0.33,0.85
5944,0,0,0.20,0.34,0.85
5945,0,0,0.20,0.34,0.85
5946,0,0,0.20,0.33,0.85
5947,0,0,0.20,0.34,0.85
5948,0,0,0.20,0.33,0.85
5949,0,0,0.20,0.34,0.86
5950,0,0,0.20,0.33,0.85
5951,270.10,33.61,0.20,0.33,0.84
5952,0,0,0.20,0.33,0.83
5953,0,0,0.20,0.33,0.83
5954,0,0,0.20,0.33,0.84
5955,0,0,0.19,0.33,0.84
5956,0,0,0.19,0.33,0.84
5957,0,0,0.20,0.33,0.85
5958,0,0,0.20,0.33,0.85
5959,0,0,0.19,0.33,0.86
5960,0,0,0.20,0.34,0.86
5961,270.13,33.58,0.20,0.34,0.86
5962,0,0,0.19,0.33,0.86
5963,0,0,0.20,0.34,0.86
5964,0,0,0.19,0.33,0.86
5965,0,0,0.20,0.34,0.86
5966,0,0,0.19,0.33,0.86
5967,0,0,0.20,0.34,0.86
5968,0,0,0.20,0.34,0.86
5969,0,0,0.20,0.34,0.86
5970,0,0,0.19,0.33,0.86
5971,270.16,33.55,0.20,0.34,0.86
5972,0,0,0.20,0.34,0.86
5973,0,0,0.20,0.34,0.86
5974,0,0,0.20,0.34,0.86
5975,0,0,0.19,0.34,0.87
5976,0,0,0.20,0.34,0.87
5977,0,0,0.19,0.34,0.88
5978,0,0,0.19,0.34,0.88
5979,0,0,0.20,0.34,0.87
5980,0,0,0.20,0.34,0.87
5981,270.19,33.53,0.19,0.34,0.87
5982,0,0,0.20,0.34,0.87
5983,0,0,0.20,0.34,0.87
5984,0,0,0.20,0.34,0.87
5985,0,0,0.20,0.34,0.87
5986,0,0,0.19,0.34,0.87
5987,0,0,0.20,0.34,0.87
5988,0,0,0.19,0.34,0.88
5989,0,0,0.20,0.35,0.88
5990,0,0,0.19,0.35,0.89
5991,270.22,33.50,0.19,0.35,0.89
5992,0,0,0.19,0.35,0.89
5993,0,0,0.19,0.35,0.89
5994,0,0,0.20,0.35,0.88
5995,0,0,0.19,0.34,0.88
5996,0,0,0.19,0.34,0.87
5997,0,0,0.19,0.34,0.87
5998,0,0,0.19,0.34,0.87
5999,0,0,0.19,0.34,0.87
6000,0,0,0.19,0.34,0.87
6001,270.25,33.47,0.19,0.34,0.87
6002,0,0,0.19,0.34,0.87
6003,0,0,0.19,0.34,0.87
6004,0,0,0.20,0.34,0.87
6005,0,0,0.19,0.34,0.87
6006,0,0,0.19,0.34,0.87
6007,0,0,0.19,0.34,0.87
6008,0,0,0.19,0.34,0.87
6009,0,0,0.19,0.34,0.87
6010,0,0,0.19,0.34,0.87
6011,270.28,33.44,0.19,0.34,0.88
6012,0,0,0.19,0.34,0.88
6013,0,0,0.19,0.34,0.87
6014,0,0,0.19,0.34,0.87
6015,0,0,0.19,0.33,0.87
6016,0,0,0.19,0.34,0.87
6017,0,0,0.19,0.34,0.87
6018,0,0,0.19,0.34,0.87
6019,0,0,0.19,0.34,0.87
6020,0,0,0.19,0.34,0.87
6021,270.31,33.41,0.19,0.34,0.87
6022,0,0,0.19,0.34,0.88
6023,0,0,0.19,0.34,0.88
6024,0,0,0.19,0.34,0.88
6025,0,0,0.19,0.34,0.89
6026,0,0,0.19,0.34,0.89
6027,0,0,0.19,0.34,0.89
6028,0,0,0.19,0.34,0.89
6029,0,0,0.19,0.34,0.89
6030,0,0,0.19,0.34,0.89
6031,270.34,33.38,0.19,0.34,0.89
6032,0,0,0.19,0.35,0.89
6033,0,0,0.19,0.34,0.89
6034,0,0,0.19,0.34,0.89
6035,0,0,0.19,0.34,0.89
6036,0,0,0.19,0.35,0.89
6037,0,0,0.19,0.34,0.89
6038,0,0,0.19,0.35,0.89
6039,0,0,0.19,0.35,0.89
6040,0,0,0.19,0.35,0.90
6041,270.37,33.35,0.19,0.34,0.90
6042,0,0,0.19,0.35,0.90
6043,0,0,0.19,0.35,0.91
6044,0,0,0.19,0.35,0.91
6045,0,0,0.19,0.35,0.91
6046,0,0,0.19,0.35,0.91
6047,0,0,0.19,0.35,0.91
6048,0,0,0.19,0.35,0.91
6049,0,0,0.19,0.35,0.91
6050,0,0,0.19,0.35,0.91
6051,270.40,33.32,0.19,0.35,0.91
6052,0,0,0.19,0.35,0.91
6053,0,0,0.19,0.35,0.91
6054,0,0,0.19,0.35,0.91
6055,0,0,0.19,0.35,0.91
6056,0,0,0.19,0.35,0.92
6057,0,0,0.19,0.35,0.92
6058,0,0,0.19,0.35,0.91
6059,0,0,0.19,0.35,0.91
6060,0,0,0.19,0.35,0.91
6061,270.43,33.29,0.19,0.35,0.91
6062,0,0,0.19,0.35,0.91
6063,0,0,0.19,0.34,0.90
6064,0,0,0.19,0.34,0.89
6066,0,0,0.19,0.34,0.88
6067,0,0,0.19,0.34,0.88
6068,0,0,0.19,0.33,0.87
6069,0,0,0.19,0.33,0.87
6070,0,0,0.19,0.33,0.87
6071,0,0,0.19,0.33,0.87
6072,270.46,33.26,0.19,0.33,0.87
6073,0,0,0.19,0.33,0.87
6074,0,0,0.19,0.33,0.86
6075,0,0,0.19,0.32,0.86
6076,0,0,0.19,0.32,0.86
6077,0,0,0.19,0.33,0.86
6078,0,0,0.19,0.33,0.86
6079,0,0,0.19,0.33,0.87
6080,0,0,0.19,0.33,0.87
6081,0,0,0.19,0.34,0.88
6082,270.49,33.24,0.19,0.34,0.88
6083,0,0,0.19,0.34,0.88
6084,0,0,0.19,0.34,0.88
6085,0,0,0.19,0.33,0.87
6086,0,0,0.19,0.33,0.87
6087,0,0,0.19,0.33,0.87
6088,0,0,0.19,0.33,0.86
6089,0,0,0.19,0.33,0.86
6090,0,0,0.19,0.33,0.86
6091,0,0,0.19,0.33,0.86
6092,270.52,33.21,0.19,0.33,0.86
6093,0,0,0.19,0.33,0.87
6094,0,0,0.19,0.33,0.87
6095,0,0,0.19,0.34,0.88
6096,0,0,0.19,0.33,0.88
6097,0,0,0.19,0.34,0.88
6098,0,0,0.19,0.34,0.88
6099,0,0,0.19,0.33,0.88
6100,0,0,0.19,0.33,0.87
6101,0,0,0.19,0.33,0.87
6102,270.55,33.18,0.19,0.33,0.87
6103,0,0,0.19,0.33,0.87
6104,0,0,0.19,0.33,0.87
6105,0,0,0.19,0.33,0.88
6106,0,0,0.19,0.34,0.88
6107,0,0,0.19,0.34,0.89
6108,0,0,0.19,0.34,0.90
6109,0,0,0.19,0.34,0.90
6110,0,0,0.19,0.34,0.90
6111,0,0,0.19,0.34,0.90
6112,270.58,33.15,0.19,0.34,0.90
6113,0,0,0.19,0.34,0.90
6114,0,0,0.19,0.34,0.90
6115,0,0,0.19,0.34,0.90
6116,0,0,0.19,0.34,0.90
6117,0,0,0.19,0.34,0.89
6118,0,0,0.19,0.33,0.88
6119,0,0,0.19,0.34,0.88
6120,0,0,0.19,0.33,0.88
6121,0,0,0.19,0.33,0.88
6122,270.61,33.12,0.19,0.34,0.89
6123,0,0,0.19,0.34,0.89
6124,0,0,0.19,0.34,0.89
6125,0,0,0.19,0.34,0.89
6126,0,0,0.19,0.33,0.89
6127,0,0,0.19,0.34,0.89
6128,0,0,0.19,0.34,0.90
6129,0,0,0.19,0.34,0.89
6130,0,0,0.19,0.34,0.89
6131,0,0,0.19,0.33,0.88
6132,270.64,33.09,0.19,0.33,0.88
6133,0,0,0.19,0.33,0.89
6134,0,0,0.19,0.34,0.89
6135,0,0,0.19,0.33,0.89
6136,0,0,0.19,0.33,0.89
6137,0,0,0.19,0.34,0.89
6138,0,0,0.19,0.34,0.89
6139,0,0,0.19,0.34,0.89
6140,0,0,0.19,0.34,0.90
6141,0,0,0.18,0.33,0.90
6142,270.67,33.06,0.19,0.34,0.89
6143,0,0,0.19,0.34,0.89
6144,0,0,0.18,0.33,0.90
6145,0,0,0.18,0.33,0.90
6146,0,0,0.19,0.34,0.89
6147,0,0,0.19,0.34,0.90
6148,0,0,0.19,0.34,0.90
6149,0,0,0.19,0.34,0.90
6150,0,0,0.19,0.34,0.90
6151,0,0,0.19,0.34,0.90
6152,270.70,33.03,0.19,0.34,0.89
6153,0,0,0.19,0.34,0.89
6154,0,0,0.19,0.33,0.89
6155,0,0,0.18,0.33,0.90
6156,0,0,0.19,0.33,0.89
6157,0,0,0.19,0.33,0.89
6158,0,0,0.19,0.33,0.89
6159,0,0,0.18,0.33,0.90
6160,0,0,0.19,0.34,0.90
6161,0,0,0.19,0.34,0.90
6162,270.73,33.00,0.19,0.34,0.90
6163,0,0,0.19,0.34,0.91
6164,0,0,0.19,0.34,0.91
6165,0,0,0.19,0.34,0.91
6166,0,0,0.19,0.34,0.91
6167,0,0,0.19,0.34,0.91
6168,0,0,0.19,0.34,0.91
6169,0,0,0.19,0.34,0.90
6170,0,0,0.19,0.34,0.91
6171,0,0,0.19,0.34,0.90
6172,270.76,32.98,0.19,0.34,0.90
6173,0,0,0.18,0.33,0.90
6174,0,0,0.19,0.33,0.89
6175,0,0,0.18,0.33,0.89
6176,0,0,0.19,0.33,0.89
6177,0,0,0.19,0.33,0.89
6178,0,0,0.18,0.33,0.89
6179,0,0,0.19,0.33,0.89
6180,0,0,0.19,0.33,0.88
6181,0,0,0.19,0.33,0.88
6182,270.79,32.95,0.19,0.33,0.88
6183,0,0,0.19,0.33,0.88
6184,0,0,0.19,0.33,0.88
6185,0,0,0.19,0.33,0.88
6186,0,0,0.18,0.32,0.87
6187,0,0,0.18,0.32,0.87
6188,0,0,0.19,0.32,0.87
6189,0,0,0.18,0.32,0.87
6190,0,0,0.19,0.32,0.86
6191,0,0,0.18,0.32,0.86
6192,270.82,32.92,0.18,0.32,0.87
6193,0,0,0.18,0.32,0.87
6194,0,0,0.19,0.32,0.87
6195,0,0,0.18,0.32,0.86
6196,0,0,0.19,0.32,0.86
6197,0,0,0.19,0.32,0.85
6198,0,0,0.19,0.32,0.86
6199,0,0,0.18,0.32,0.86
6200,0,0,0.18,0.32,0.87
6201,0,0,0.19,0.32,0.87
6202,270.85,32.89,0.18,0.32,0.87
6203,0,0,0.19,0.32,0.87
6204,0,0,0.19,0.32,0.87
6205,0,0,0.19,0.32,0.87
6206,0,0,0.19,0.32,0.87
6207,0,0,0.18,0.32,0.87
6208,0,0,0.18,0.32,0.87
6209,0,0,0.18,0.32,0.87
6210,0,0,0.19,0.32,0.87
6211,0,0,0.19,0.32,0.87
6212,270.88,32.86,0.18,0.32,0.87
6213,0,0,0.18,0.32,0.87
6214,0,0,0.18,0.32,0.87
6215,0,0,0.18,0.32,0.87
6216,0,0,0.18,0.32,0.88
6217,0,0,0.18,0.33,0.89
6218,0,0,0.18,0.33,0.90
6219,0,0,0.18,0.33,0.89
6220,0,0,0.18,0.33,0.89
6221,0,0,0.19,0.33,0.88
6222,270.91,32.83,0.18,0.32,0.88
6223,0,0,0.18,0.32,0.88
6224,0,0,0.18,0.32,0.88
6225,0,0,0.18,0.32,0.88
6226,0,0,0.19,0.33,0.88
6227,0,0,0.18,0.32,0.88
6228,0,0,0.18,0.32,0.88
6229,0,0,0.18,0.32,0.89
6230,0,0,0.18,0.33,0.89
6231,0,0,0.18,0.33,0.89
6232,270.94,32.80,0.18,0.33,0.89
6233,0,0,0.18,0.33,0.90
6234,0,0,0.18,0.33,0.90
6235,0,0,0.18,0.33,0.90
6236,0,0,0.18,0.33,0.90
6237,0,0,0.18,0.33,0.89
6238,0,0,0.18,0.33,0.89
6239,0,0,0.18,0.33,0.89
6240,0,0,0.18,0.33,0.89
6241,0,0,0.18,0.33,0.90
6242,270.96,32.77,0.18,0.33,0.90
6243,0,0,0.18,0.33,0.90
6244,0,0,0.18,0.33,0.89
6245,0,0,0.18,0.33,0.89
6246,0,0,0.18,0.33,0.89
6247,0,0,0.18,0.33,0.89
6248,0,0,0.18,0.32,0.89
6249,0,0,0.18,0.33,0.89
6250,0,0,0.18,0.32,0.89
6251,0,0,0.18,0.32,0.89
6252,270.99,32.74,0.18,0.33,0.89
6253,0,0,0.18,0.33,0.89
6254,0,0,0.18,0.33,0.89
6255,0,0,0.18,0.32,0.89
6256,0,0,0.18,0.32,0.89
6257,0,0,0.19,0.33,0.88
6258,0,0,0.18,0.32,0.89
6259,0,0,0.18,0.32,0.89
6260,0,0,0.18,0.33,0.89
6261,0,0,0.18,0.32,0.89
6262,271.02,32.71,0.18,0.32,0.89
6263,0,0,0.18,0.32,0.88
6264,0,0,0.18,0.32,0.89
6265,0,0,0.18,0.32,0.89
6266,0,0,0.18,0.32,0.89
6267,0,0,0.18,0.32,0.89
6268,0,0,0.18,0.32,0.89
6269,0,0,0.18,0.32,0.89
6270,0,0,0.18,0.32,0.89
6271,0,0,0.18,0.32,0.88
6272,271.05,32.68,0.18,0.32,0.88
6273,0,0,0.18,0.32,0.88
6274,0,0,0.18,0.32,0.88
6275,0,0,0.18,0.32,0.88
6276,0,0,0.18,0.32,0.88
6277,0,0,0.18,0.32,0.87
6278,0,0,0.18,0.32,0.88
6279,0,0,0.18,0.32,0.88
6280,0,0,0.18,0.32,0.87
6281,0,0,0.18,0.32,0.87
6282,271.08,32.66,0.18,0.32,0.87
6283,0,0,0.18,0.31,0.87
6284,0,0,0.18,0.31,0.87
6285,0,0,0.18,0.32,0.87
6286,0,0,0.18,0.32,0.87
6287,0,0,0.18,0.32,0.87
6288,0,0,0.18,0.31,0.87
6289,0,0,0.18,0.32,0.87
6290,0,0,0.18,0.32,0.87
6291,0,0,0.18,0.31,0.87
6292,271.11,32.63,0.18,0.31,0.87
6293,0,0,0.18,0.32,0.87
6294,0,0,0.18,0.32,0.87
6295,0,0,0.18,0.31,0.87
6296,0,0,0.18,0.31,0.87
6297,0,0,0.18,0.31,0.87
6298,0,0,0.18,0.31,0.87
6299,0,0,0.18,0.31,0.86
6300,0,0,0.18,0.31,0.86
6301,0,0,0.18,0.31,0.86
6302,271.14,32.60,0.18,0.31,0.86
6303,0,0,0.18,0.31,0.86
6304,0,0,0.18,0.31,0.86
6305,0,0,0.18,0.31,0.86
6306,0,0,0.18,0.31,0.86
6307,0,0,0.18,0.31,0.87
6308,0,0,0.18,0.31,0.87
6309,0,0,0.18,0.31,0.87
6310,0,0,0.18,0.31,0.87
6311,0,0,0.18,0.31,0.87
6312,271.17,32.57,0.18,0.31,0.87
6313,0,0,0.18,0.31,0.87
6314,0,0,0.18,0.31,0.87
6315,0,0,0.18,0.31,0.87
6316,0,0,0.18,0.31,0.87
6317,0,0,0.18,0.31,0.87
6318,0,0,0.18,0.31,0.87
6319,0,0,0.18,0.31,0.87
6320,0,0,0.18,0.31,0.87
6321,0,0,0.18,0.31,0.87
6322,271.20,32.54,0.18,0.31,0.87
6323,0,0,0.18,0.31,0.87
6324,0,0,0.18,0.31,0.87
6325,0,0,0.18,0.31,0.87
6326,0,0,0.18,0.31,0.87
6327,0,0,0.18,0.31,0.87
6328,0,0,0.18,0.31,0.87
6329,0,0,0.18,0.31,0.87
6330,0,0,0.18,0.31,0.87
6331,0,0,0.18,0.31,0.87
6332,271.23,32.51,0.18,0.31,0.87
6333,0,0,0.18,0.31,0.87
6334,0,0,0.18,0.31,0.87
6335,0,0,0.18,0.31,0.86
6336,0,0,0.18,0.31,0.87
6337,0,0,0.18,0.31,0.87
6338,0,0,0.18,0.31,0.86
6339,0,0,0.18,0.31,0.86
6340,0,0,0.18,0.31,0.86
6341,0,0,0.18,0.31,0.86
6342,271.26,32.48,0.18,0.31,0.86
6343,0,0,0.18,0.31,0.87
6344,0,0,0.18,0.31,0.86
6345,0,0,0.18,0.31,0.86
6346,0,0,0.18,0.31,0.86
6347,0,0,0.18,0.31,0.86
6348,0,0,0.18,0.31,0.86
6349,0,0,0.18,0.31,0.86
6350,0,0,0.18,0.31,0.86
6351,0,0,0.18,0.31,0.86
6352,271.29,32.45,0.18,0.31,0.86
6353,0,0,0.18,0.31,0.86
6354,0,0,0.18,0.31,0.86
6355,0,0,0.18,0.31,0.86
6356,0,0,0.18,0.31,0.86
6357,0,0,0.18,0.31,0.86
6358,0,0,0.18,0.31,0.86
6359,0,0,0.18,0.31,0.86
6360,0,0,0.18,0.31,0.86
6361,0,0,0.18,0.30,0.85
6362,271.32,32.42,0.18,0.30,0.86
6363,0,0,0.18,0.30,0.86
6364,0,0,0.18,0.31,0.85
6365,0,0,0.18,0.30,0.86
6366,0,0,0.18,0.31,0.86
6367,0,0,0.18,0.31,0.85
6368,0,0,0.18,0.31,0.85
6369,0,0,0.18,0.30,0.85
6370,0,0,0.18,0.30,0.85
6371,0,0,0.18,0.30,0.84
6372,271.35,32.39,0.18,0.30,0.85
6373,0,0,0.18,0.30,0.84
6374,0,0,0.18,0.30,0.84
6375,0,0,0.18,0.30,0.85
6376,0,0,0.18,0.30,0.85
6377,0,0,0.18,0.30,0.84
6378,0,0,0.18,0.30,0.84
6379,0,0,0.18,0.30,0.84
6380,0,0,0.18,0.30,0.85
6381,271.38,32.37,0.18,0.30,0.85
6382,0,0,0.18,0.30,0.85
6383,0,0,0.18,0.30,0.85
6384,0,0,0.18,0.30,0.85
6385,0,0,0.18,0.30,0.85
6386,0,0,0.18,0.30,0.85
6387,0,0,0.18,0.30,0.85
6388,0,0,0.18,0.31,0.85
6389,0,0,0.18,0.30,0.85
6390,0,0,0.18,0.30,0.85
6391,271.41,32.34,0.18,0.30,0.85
6392,0,0,0.18,0.30,0.85
6393,0,0,0.18,0.30,0.85
6394,0,0,0.18,0.30,0.85
6395,0,0,0.18,0.31,0.85
6396,0,0,0.18,0.31,0.85
6397,0,0,0.18,0.30,0.85
6398,0,0,0.18,0.31,0.85
6399,0,0,0.18,0.31,0.85
6400,0,0,0.18,0.30,0.85
6401,271.44,32.31,0.18,0.31,0.86
6402,0,0,0.18,0.31,0.86
6403,0,0,0.18,0.31,0.86
6404,0,0,0.18,0.31,0.86
6405,0,0,0.18,0.31,0.86
6406,0,0,0.18,0.31,0.86
6407,0,0,0.18,0.31,0.86
6408,0,0,0.18,0.31,0.86
6409,0,0,0.18,0.31,0.86
6410,0,0,0.18,0.30,0.86
6411,271.47,32.28,0.18,0.31,0.86
6412,0,0,0.18,0.31,0.86
6413,0,0,0.18,0.31,0.86
6414,0,0,0.18,0.31,0.86
6415,0,0,0.18,0.31,0.86
6416,0,0,0.18,0.31,0.86
6417,0,0,0.18,0.31,0.86
6418,0,0,0.18,0.31,0.86
6419,0,0,0.18,0.31,0.86
6420,0,0,0.18,0.31,0.86
6421,271.50,32.25,0.18,0.31,0.86
6422,0,0,0.18,0.31,0.86
6423,0,0,0.18,0.31,0.86
6424,0,0,0.18,0.31,0.86
6425,0,0,0.18,0.31,0.86
6426,0,0,0.18,0.31,0.86
6427,0,0,0.18,0.31,0.87
6428,0,0,0.18,0.31,0.86
6429,0,0,0.18,0.31,0.86
6430,0,0,0.18,0.31,0.86
6431,271.53,32.22,0.18,0.31,0.86
6432,0,0,0.18,0.31,0.86
6433,0,0,0.18,0.31,0.86
6434,0,0,0.18,0.31,0.86
6435,0,0,0.18,0.30,0.86
6436,0,0,0.18,0.31,0.86
6437,0,0,0.18,0.31,0.86
6438,0,0,0.18,0.31,0.86
6439,0,0,0.18,0.30,0.86
6440,0,0,0.18,0.31,0.86
6441,271.55,32.19,0.18,0.30,0.86
6442,0,0,0.18,0.31,0.86
6443,0,0,0.18,0.31,0.86
6444,0,0,0.18,0.31,0.86
6445,0,0,0.18,0.31,0.86
6446,0,0,0.18,0.31,0.86
6447,0,0,0.18,0.30,0.85
6448,0,0,0.18,0.30,0.85
6449,0,0,0.18,0.30,0.86
6450,0,0,0.18,0.30,0.86
6451,271.58,32.16,0.18,0.31,0.85
6452,0,0,0.18,0.30,0.86
6453,0,0,0.18,0.31,0.86
6454,0,0,0.18,0.30,0.86
6455,0,0,0.18,0.30,0.85
6456,0,0,0.18,0.30,0.85
6457,0,0,0.18,0.30,0.85
6458,0,0,0.18,0.30,0.86
6459,0,0,0.18,0.30,0.85
6460,0,0,0.18,0.30,0.85
6461,271.61,32.13,0.18,0.30,0.85
6462,0,0,0.18,0.30,0.85
6463,0,0,0.18,0.30,0.85
6464,0,0,0.18,0.30,0.85
6465,0,0,0.18,0.31,0.85
6466,0,0,0.18,0.30,0.86
6467,0,0,0.18,0.30,0.86
6468,0,0,0.18,0.30,0.86
6469,0,0,0.18,0.31,0.86
6470,0,0,0.18,0.30,0.86
6471,271.64,32.10,0.18,0.30,0.85
6472,0,0,0.18,0.30,0.85
6473,0,0,0.18,0.30,0.85
6474,0,0,0.18,0.30,0.85
6475,0,0,0.18,0.30,0.85
6476,0,0,0.18,0.30,0.85
6477,0,0,0.18,0.30,0.85
6478,0,0,0.18,0.30,0.85
6479,0,0,0.18,0.30,0.85
6480,0,0,0.18,0.30,0.85
6481,271.67,32.08,0.18,0.30,0.85
6482,0,0,0.18,0.30,0.85
6483,0,0,0.18,0.30,0.85
6484,0,0,0.18,0.30,0.85
6485,0,0,0.18,0.30,0.84
6486,0,0,0.18,0.30,0.84
6487,0,0,0.18,0.30,0.84
6488,0,0,0.18,0.30,0.84
6489,0,0,0.18,0.30,0.84
6490,0,0,0.18,0.30,0.84
6491,271.70,32.05,0.18,0.30,0.84
6492,0,0,0.18,0.30,0.83
6493,0,0,0.18,0.30,0.84
6494,0,0,0.18,0.30,0.84
6495,0,0,0.18,0.30,0.84
6496,0,0,0.18,0.29,0.84
6497,0,0,0.18,0.30,0.84
6498,0,0,0.18,0.30,0.84
6499,0,0,0.18,0.30,0.83
6500,0,0,0.18,0.30,0.83
6501,271.73,32.02,0.18,0.30,0.84
6502,0,0,0.18,0.30,0.84
6503,0,0,0.18,0.30,0.84
6504,0,0,0.18,0.30,0.84
6505,0,0,0.18,0.30,0.84
6506,0,0,0.18,0.30,0.83
6507,0,0,0.18,0.30,0.83
6508,0,0,0.18,0.30,0.83
6509,0,0,0.18,0.30,0.84
6510,0,0,0.18,0.30,0.84
6511,271.76,31.99,0.18,0.30,0.83
6512,0,0,0.18,0.29,0.83
6513,0,0,0.18,0.30,0.83
6514,0,0,0.18,0.29,0.83
6515,0,0,0.18,0.30,0.83
6516,0,0,0.18,0.30,0.83
6517,0,0,0.18,0.30,0.84
6518,0,0,0.18,0.30,0.84
6519,0,0,0.18,0.30,0.84
6520,0,0,0.18,0.30,0.84
6521,271.79,31.96,0.18,0.30,0.84
6522,0,0,0.18,0.30,0.84
6523,0,0,0.18,0.30,0.84
6524,0,0,0.18,0.30,0.84
6525,0,0,0.18,0.30,0.84
6526,0,0,0.18,0.30,0.84
6527,0,0,0.18,0.30,0.84
6528,0,0,0.18,0.30,0.84
6529,0,0,0.18,0.30,0.84
6530,0,0,0.18,0.30,0.84
6531,271.82,31.93,0.18,0.30,0.84
6532,0,0,0.18,0.30,0.84
6534,0,0,0.18,0.30,0.84
6535,0,0,0.18,0.30,0.84
6536,0,0,0.18,0.30,0.85
6537,0,0,0.18,0.30,0.84
6538,0,0,0.18,0.30,0.85
6539,0,0,0.18,0.30,0.84
6540,0,0,0.18,0.30,0.84
6541,0,0,0.18,0.30,0.85
6542,271.85,31.90,0.18,0.30,0.84
6543,0,0,0.18,0.30,0.84
6544,0,0,0.18,0.30,0.84
6545,0,0,0.18,0.30,0.84
6546,0,0,0.18,0.30,0.84
6547,0,0,0.18,0.30,0.84
6548,0,0,0.18,0.30,0.84
6549,0,0,0.18,0.30,0.84
6550,0,0,0.18,0.30,0.84
6551,0,0,0.18,0.30,0.84
6552,271.88,31.87,0.18,0.30,0.84
6553,0,0,0.17,0.29,0.84
6554,0,0,0.18,0.30,0.85
6555,0,0,0.17,0.29,0.84
6556,0,0,0.18,0.30,0.84
6557,0,0,0.17,0.29,0.84
6558,0,0,0.18,0.30,0.84
6559,0,0,0.18,0.30,0.84
6560,0,0,0.18,0.30,0.84
6561,0,0,0.18,0.30,0.84
6562,271.91,31.84,0.18,0.29,0.84
6563,0,0,0.17,0.29,0.84
6564,0,0,0.18,0.30,0.84
6565,0,0,0.18,0.30,0.84
6566,0,0,0.18,0.30,0.84
6567,0,0,0.17,0.29,0.84
6568,0,0,0.17,0.29,0.84
6569,0,0,0.18,0.30,0.84
6570,0,0,0.18,0.30,0.84
6571,0,0,0.18,0.30,0.84
6572,271.93,31.82,0.18,0.30,0.84
6573,0,0,0.17,0.29,0.84
6574,0,0,0.18,0.30,0.85
6575,0,0,0.18,0.30,0.85
6576,0,0,0.18,0.30,0.85
6577,0,0,0.18,0.30,0.85
6578,0,0,0.18,0.30,0.85
6579,0,0,0.18,0.30,0.85
6580,0,0,0.18,0.30,0.85
6581,0,0,0.18,0.30,0.85
6582,271.96,31.79,0.18,0.30,0.85
6583,0,0,0.18,0.30,0.85
6584,0,0,0.18,0.30,0.85
6585,0,0,0.18,0.30,0.85
6586,0,0,0.18,0.30,0.85
6587,0,0,0.18,0.30,0.85
6588,0,0,0.18,0.30,0.85
6589,0,0,0.17,0.29,0.85
6590,0,0,0.17,0.29,0.85
6591,0,0,0.18,0.30,0.84
6592,271.99,31.76,0.18,0.30,0.85
6593,0,0,0.18,0.30,0.85
6594,0,0,0.18,0.30,0.85
6595,0,0,0.18,0.30,0.85
6596,0,0,0.18,0.30,0.84
6597,0,0,0.18,0.30,0.84
6598,0,0,0.17,0.29,0.85
6599,0,0,0.18,0.30,0.85
6600,0,0,0.17,0.29,0.85
6601,0,0,0.17,0.29,0.85
6602,272.02,31.73,0.18,0.30,0.85
6603,0,0,0.17,0.29,0.85
6604,0,0,0.17,0.29,0.85
6605,0,0,0.18,0.30,0.84
6606,0,0,0.18,0.30,0.85
6607,0,0,0.18,0.30,0.85
6608,0,0,0.17,0.29,0.85
6609,0,0,0.18,0.30,0.85
6610,0,0,0.17,0.29,0.85
6611,0,0,0.18,0.30,0.85
6612,272.05,31.70,0.18,0.30,0.84
6613,0,0,0.17,0.29,0.85
6614,0,0,0.18,0.30,0.85
6615,0,0,0.18,0.30,0.85
6616,0,0,0.18,0.30,0.85
6617,0,0,0.17,0.29,0.85
6618,0,0,0.18,0.30,0.85
6619,0,0,0.18,0.30,0.85
6620,0,0,0.18,0.30,0.85
6621,0,0,0.18,0.30,0.85
6622,272.08,31.67,0.18,0.30,0.85
6623,0,0,0.18,0.30,0.85
6624,0,0,0.18,0.30,0.85
6625,0,0,0.17,0.29,0.85
6626,0,0,0.17,0.29,0.85
6627,0,0,0.18,0.30,0.85
6628,0,0,0.18,0.30,0.85
6629,0,0,0.18,0.30,0.85
6630,0,0,0.18,0.30,0.85
6631,0,0,0.17,0.29,0.85
6632,272.11,31.64,0.18,0.30,0.85
6633,0,0,0.17,0.29,0.85
6634,0,0,0.18,0.30,0.85
6635,0,0,0.18,0.30,0.85
6636,0,0,0.18,0.30,0.85
6637,0,0,0.17,0.29,0.85
6638,0,0,0.17,0.29,0.84
6639,0,0,0.17,0.29,0.84
6640,0,0,0.17,0.29,0.85
6641,0,0,0.17,0.29,0.85
6642,272.14,31.61,0.17,0.29,0.84
6643,0,0,0.17,0.29,0.84
6644,0,0,0.17,0.29,0.84
6645,0,0,0.17,0.29,0.84
6646,0,0,0.17,0.29,0.84
6647,0,0,0.17,0.29,0.84
6648,0,0,0.17,0.29,0.84
6649,0,0,0.17,0.29,0.84
6650,0,0,0.17,0.29,0.84
6651,0,0,0.17,0.29,0.84
6652,272.17,31.58,0.18,0.29,0.84
6653,0,0,0.17,0.29,0.84
6654,0,0,0.17,0.29,0.84
6655,0,0,0.17,0.29,0.84
6656,0,0,0.18,0.29,0.84
6657,0,0,0.17,0.29,0.84
6658,0,0,0.17,0.29,0.84
6659,0,0,0.17,0.29,0.84
6660,0,0,0.17,0.29,0.84
6661,0,0,0.18,0.29,0.84
6662,272.20,31.55,0.18,0.29,0.84
6663,0,0,0.17,0.29,0.84
6664,0,0,0.17,0.29,0.84
6665,0,0,0.17,0.29,0.84
6666,0,0,0.17,0.29,0.84
6667,0,0,0.18,0.29,0.84
6668,0,0,0.17,0.29,0.84
6669,0,0,0.17,0.29,0.84
6670,0,0,0.17,0.29,0.84
6671,0,0,0.17,0.29,0.84
6672,272.23,31.53,0.17,0.29,0.84
6673,0,0,0.17,0.29,0.84
6674,0,0,0.17,0.29,0.84
6675,0,0,0.17,0.29,0.84
6676,0,0,0.18,0.29,0.84
6677,0,0,0.17,0.29,0.84
6678,0,0,0.17,0.29,0.83
6679,0,0,0.17,0.29,0.83
6680,0,0,0.17,0.29,0.83
6681,0,0,0.17,0.29,0.83
6682,272.26,31.50,0.17,0.29,0.83
6683,0,0,0.17,0.28,0.83
6684,0,0,0.17,0.28,0.83
6685,0,0,0.17,0.28,0.83
6686,0,0,0.17,0.28,0.82
6687,0,0,0.17,0.28,0.82
6688,0,0,0.17,0.28,0.82
6689,0,0,0.17,0.28,0.82
6690,0,0,0.17,0.28,0.82
6691,0,0,0.17,0.28,0.82
6692,272.29,31.47,0.17,0.28,0.81
6693,0,0,0.17,0.28,0.81
6694,0,0,0.17,0.28,0.82
6695,0,0,0.17,0.28,0.82
6696,0,0,0.17,0.28,0.81
6697,0,0,0.17,0.28,0.82
6698,0,0,0.17,0.28,0.81
6699,0,0,0.17,0.28,0.82
6700,0,0,0.17,0.28,0.82
6701,0,0,0.17,0.28,0.81
6702,272.32,31.44,0.17,0.28,0.81
6703,0,0,0.17,0.28,0.82
6704,0,0,0.17,0.28,0.82
6705,0,0,0.17,0.28,0.82
6706,0,0,0.17,0.28,0.82
6707,0,0,0.17,0.28,0.81
6708,0,0,0.17,0.28,0.81
6709,0,0,0.17,0.28,0.81
6710,0,0,0.17,0.28,0.81
6711,0,0,0.17,0.28,0.80
6712,272.34,31.41,0.17,0.28,0.80
6713,0,0,0.17,0.28,0.80
6714,0,0,0.17,0.28,0.80
6715,0,0,0.17,0.27,0.80
6716,0,0,0.17,0.28,0.80
6717,0,0,0.17,0.28,0.80
6718,0,0,0.17,0.28,0.80
6719,0,0,0.17,0.28,0.81
6720,0,0,0.17,0.28,0.81
6721,0,0,0.17,0.28,0.81
6722,272.37,31.38,0.17,0.28,0.81
6723,0,0,0.17,0.28,0.81
6724,0,0,0.17,0.28,0.81
6725,0,0,0.17,0.28,0.81
6726,0,0,0.17,0.28,0.80
6727,0,0,0.17,0.28,0.80
6728,0,0,0.17,0.28,0.81
6729,0,0,0.17,0.28,0.81
6730,0,0,0.17,0.28,0.81
6731,0,0,0.17,0.28,0.81
6732,272.40,31.35,0.17,0.28,0.81
6733,0,0,0.17,0.28,0.81
6734,0,0,0.17,0.28,0.81
6735,0,0,0.17,0.28,0.81
6736,0,0,0.17,0.28,0.81
6737,0,0,0.17,0.28,0.81
6738,0,0,0.17,0.28,0.81
6739,0,0,0.17,0.28,0.82
6740,0,0,0.17,0.28,0.81
6741,0,0,0.17,0.28,0.82
6742,272.43,31.32,0.17,0.28,0.81
6743,0,0,0.17,0.28,0.81
6744,0,0,0.17,0.27,0.81
6745,0,0,0.17,0.28,0.80
6746,0,0,0.17,0.28,0.80
6747,0,0,0.17,0.27,0.80
6748,0,0,0.17,0.28,0.80
6749,0,0,0.17,0.28,0.81
6750,0,0,0.17,0.28,0.81
6751,0,0,0.17,0.28,0.80
6752,272.46,31.29,0.17,0.28,0.80
6753,0,0,0.17,0.27,0.80
6754,0,0,0.17,0.27,0.80
6755,0,0,0.17,0.28,0.80
6756,0,0,0.17,0.28,0.80
6757,0,0,0.17,0.27,0.80
6758,0,0,0.17,0.28,0.81
6759,0,0,0.17,0.27,0.80
6760,0,0,0.17,0.28,0.80
6761,0,0,0.17,0.28,0.81
6762,272.49,31.26,0.17,0.28,0.80
6763,0,0,0.17,0.28,0.80
6764,0,0,0.17,0.28,0.80
6765,0,0,0.17,0.27,0.80
6766,0,0,0.17,0.27,0.80
6767,0,0,0.17,0.27,0.80
6768,0,0,0.17,0.27,0.80
6769,0,0,0.17,0.27,0.79
6770,0,0,0.17,0.27,0.79
6771,0,0,0.17,0.27,0.79
6772,272.52,31.24,0.17,0.27,0.79
6773,0,0,0.17,0.27,0.80
6774,0,0,0.17,0.27,0.80
6775,0,0,0.17,0.27,0.80
6776,0,0,0.17,0.27,0.79
6777,0,0,0.17,0.27,0.79
6778,0,0,0.17,0.27,0.78
6779,0,0,0.17,0.27,0.78
6780,0,0,0.17,0.27,0.78
6781,0,0,0.17,0.27,0.78
6782,272.55,31.21,0.17,0.27,0.78
6783,0,0,0.17,0.27,0.78
6784,0,0,0.17,0.27,0.78
6785,0,0,0.17,0.27,0.79
6786,0,0,0.17,0.27,0.79
6787,0,0,0.17,0.27,0.78
6788,0,0,0.17,0.27,0.78
6789,0,0,0.17,0.27,0.78
6790,0,0,0.17,0.27,0.78
6791,0,0,0.17,0.26,0.78
6792,272.58,31.18,0.17,0.27,0.77
6793,0,0,0.17,0.26,0.77
6794,0,0,0.17,0.26,0.77
6795,0,0,0.18,0.27,0.77
6796,0,0,0.17,0.26,0.77
6797,0,0,0.17,0.26,0.77
6798,0,0,0.17,0.26,0.77
6799,0,0,0.17,0.26,0.77
6800,0,0,0.17,0.26,0.77
6801,0,0,0.17,0.26,0.77
6802,272.61,31.15,0.17,0.26,0.77
6803,0,0,0.17,0.26,0.77
6804,0,0,0.17,0.26,0.77
6805,0,0,0.17,0.26,0.77
6806,0,0,0.17,0.26,0.76
6807,0,0,0.17,0.26,0.75
6808,0,0,0.17,0.26,0.75
6809,0,0,0.17,0.26,0.74
6810,0,0,0.17,0.26,0.74
6811,0,0,0.17,0.26,0.75
6812,272.64,31.12,0.17,0.25,0.74
6813,0,0,0.17,0.25,0.73
6814,0,0,0.17,0.25,0.73
6815,0,0,0.17,0.25,0.73
6816,0,0,0.17,0.25,0.73
6817,0,0,0.17,0.25,0.72
6818,0,0,0.17,0.25,0.72
6819,0,0,0.17,0.24,0.71
6820,0,0,0.17,0.24,0.70
6821,0,0,0.17,0.24,0.69
6822,272.66,31.09,0.17,0.24,0.69
6823,0,0,0.17,0.24,0.70
6824,0,0,0.17,0.24,0.70
6825,0,0,0.17,0.24,0.71
6826,0,0,0.17,0.24,0.71
6827,0,0,0.17,0.24,0.70
6828,0,0,0.17,0.24,0.70
6829,0,0,0.17,0.24,0.70
6830,0,0,0.17,0.24,0.70
6831,0,0,0.17,0.24,0.69
6832,272.69,31.06,0.17,0.24,0.69
6833,0,0,0.17,0.23,0.68
6834,0,0,0.17,0.23,0.68
6835,0,0,0.17,0.23,0.68
6836,0,0,0.17,0.24,0.69
6837,0,0,0.17,0.24,0.69
6838,0,0,0.17,0.23,0.68
6839,0,0,0.18,0.23,0.67
6840,0,0,0.17,0.23,0.66
6841,0,0,0.18,0.23,0.65
6842,272.72,31.03,0.18,0.23,0.65
6843,0,0,0.17,0.23,0.66
6844,0,0,0.18,0.23,0.66
6845,0,0,0.17,0.23,0.66
6846,0,0,0.17,0.23,0.66
6847,0,0,0.18,0.23,0.65
6848,0,0,0.17,0.22,0.65
6849,0,0,0.18,0.22,0.64
6850,0,0,0.17,0.22,0.63
6851,0,0,0.17,0.22,0.63
6852,272.75,31.00,0.18,0.22,0.64
6853,0,0,0.17,0.22,0.65
6854,0,0,0.18,0.23,0.65
6855,0,0,0.18,0.23,0.65
6856,0,0,0.18,0.23,0.65
6857,0,0,0.17,0.22,0.65
6858,0,0,0.18,0.22,0.64
6859,0,0,0.17,0.22,0.65
6860,0,0,0.17,0.22,0.65
6861,0,0,0.18,0.22,0.64
6862,272.78,30.97,0.17,0.22,0.65
6863,0,0,0.17,0.22,0.65
6864,0,0,0.17,0.22,0.65
6865,0,0,0.18,0.23,0.65
6866,0,0,0.17,0.22,0.65
6867,0,0,0.17,0.23,0.66
6868,0,0,0.17,0.23,0.66
6869,0,0,0.17,0.23,0.67
6870,0,0,0.17,0.23,0.67
6871,0,0,0.17,0.23,0.67
6872,272.81,30.94,0.17,0.23,0.68
6873,0,0,0.17,0.23,0.68
6874,0,0,0.17,0.23,0.69
6875,0,0,0.17,0.24,0.69
6876,0,0,0.17,0.24,0.69
6877,0,0,0.17,0.24,0.69
6878,0,0,0.17,0.24,0.69
6879,0,0,0.17,0.24,0.69
6880,0,0,0.17,0.24,0.69
6881,0,0,0.17,0.24,0.69
6882,272.84,30.92,0.17,0.24,0.69
6883,0,0,0.17,0.23,0.68
6884,0,0,0.17,0.24,0.68
6885,0,0,0.18,0.24,0.68
6886,0,0,0.17,0.24,0.68
6887,0,0,0.17,0.24,0.68
6888,0,0,0.17,0.24,0.69
6889,0,0,0.17,0.24,0.69
6890,0,0,0.17,0.24,0.69
6891,0,0,0.17,0.24,0.70
6892,272.87,30.89,0.17,0.24,0.70
6893,0,0,0.17,0.24,0.70
6894,0,0,0.17,0.24,0.71
6895,0,0,0.17,0.25,0.71
6896,0,0,0.17,0.25,0.71
6897,0,0,0.17,0.25,0.71
6898,0,0,0.17,0.24,0.71
6899,0,0,0.17,0.24,0.71
6900,0,0,0.17,0.24,0.71
6901,0,0,0.17,0.24,0.70
6902,272.90,30.86,0.18,0.24,0.69
6903,0,0,0.17,0.24,0.69
6904,0,0,0.17,0.24,0.69
6905,0,0,0.17,0.24,0.69
6906,0,0,0.17,0.24,0.68
6907,0,0,0.17,0.23,0.68
6908,0,0,0.18,0.24,0.68
6909,0,0,0.17,0.23,0.67
6910,0,0,0.18,0.23,0.67
6911,0,0,0.18,0.23,0.67
6912,272.93,30.83,0.18,0.23,0.67
6913,0,0,0.18,0.23,0.67
6914,0,0,0.17,0.23,0.67
6915,0,0,0.18,0.23,0.67
6916,0,0,0.18,0.23,0.67
6917,0,0,0.17,0.23,0.67
6918,0,0,0.17,0.23,0.67
6919,0,0,0.17,0.23,0.67
6920,0,0,0.17,0.23,0.68
6921,0,0,0.17,0.23,0.68
6922,272.95,30.80,0.17,0.23,0.68
6923,0,0,0.17,0.23,0.67
6924,0,0,0.17,0.23,0.67
6925,0,0,0.17,0.23,0.67
6926,0,0,0.17,0.23,0.68
6927,0,0,0.17,0.24,0.68
6928,0,0,0.17,0.23,0.69
6929,0,0,0.17,0.24,0.69
6930,0,0,0.17,0.24,0.69
6931,0,0,0.17,0.24,0.68
6932,272.98,30.77,0.17,0.24,0.69
6933,0,0,0.17,0.24,0.69
6934,0,0,0.17,0.24,0.69
6935,0,0,0.17,0.24,0.70
6936,0,0,0.17,0.24,0.69
6937,0,0,0.17,0.24,0.69
6938,0,0,0.17,0.23,0.69
6939,0,0,0.17,0.24,0.69
6940,0,0,0.17,0.24,0.69
6941,0,0,0.18,0.24,0.69
6942,273.01,30.74,0.17,0.24,0.69
6943,0,0,0.17,0.24,0.69
6944,0,0,0.17,0.24,0.69
6945,0,0,0.17,0.24,0.69
6946,0,0,0.17,0.24,0.69
6947,0,0,0.17,0.24,0.69
6948,0,0,0.17,0.24,0.69
6949,0,0,0.18,0.24,0.68
6950,0,0,0.17,0.23,0.67
6951,0,0,0.17,0.23,0.66
6952,273.04,30.71,0.18,0.23,0.65
6953,0,0,0.18,0.23,0.65
6954,0,0,0.17,0.23,0.66
6955,0,0,0.18,0.23,0.66
6956,0,0,0.18,0.23,0.67
6957,0,0,0.17,0.23,0.68
6958,0,0,0.17,0.24,0.68
6959,0,0,0.17,0.24,0.69
6960,0,0,0.17,0.24,0.69
6961,273.07,30.68,0.18,0.24,0.69
6962,0,0,0.17,0.24,0.70
6963,0,0,0.17,0.24,0.70
6964,0,0,0.17,0.24,0.71
6965,0,0,0.17,0.24,0.71
6966,0,0,0.17,0.24,0.71
6967,0,0,0.17,0.24,0.70
6968,0,0,0.17,0.24,0.70
6969,0,0,0.17,0.24,0.70
6970,0,0,0.17,0.24,0.70
6971,273.10,30.66,0.17,0.24,0.70
6972,0,0,0.18,0.24,0.69
6973,0,0,0.17,0.24,0.69
6974,0,0,0.17,0.24,0.69
6975,0,0,0.17,0.24,0.69
6976,0,0,0.18,0.24,0.69
6977,0,0,0.17,0.24,0.70
6978,0,0,0.18,0.24,0.69
6979,0,0,0.17,0.24,0.69
6980,0,0,0.17,0.24,0.68
6981,273.13,30.63,0.17,0.23,0.68
6982,0,0,0.18,0.24,0.68
6983,0,0,0.17,0.23,0.68
6984,0,0,0.17,0.24,0.69
6985,0,0,0.17,0.24,0.69
6986,0,0,0.17,0.24,0.70
6987,0,0,0.17,0.24,0.70
6988,0,0,0.17,0.24,0.71
6989,0,0,0.17,0.24,0.71
6990,0,0,0.17,0.24,0.71
6991,273.16,30.60,0.17,0.24,0.71
6992,0,0,0.17,0.24,0.71
6993,0,0,0.17,0.25,0.71
6994,0,0,0.17,0.24,0.71
6995,0,0,0.17,0.24,0.72
6996,0,0,0.17,0.24,0.72
6997,0,0,0.17,0.25,0.71
6998,0,0,0.17,0.24,0.71
7000,0,0,0.17,0.24,0.70
7001,0,0,0.17,0.24,0.70
7002,273.19,30.57,0.17,0.24,0.70
7003,0,0,0.17,0.24,0.69
7004,0,0,0.17,0.23,0.69
7005,0,0,0.17,0.23,0.68
7006,0,0,0.17,0.24,0.69
7007,0,0,0.17,0.24,0.71
7008,0,0,0.17,0.25,0.72
7009,0,0,0.17,0.25,0.73
7010,0,0,0.17,0.25,0.74
7011,0,0,0.17,0.25,0.74
7012,273.22,30.54,0.17,0.25,0.74
7013,0,0,0.17,0.25,0.74
7014,0,0,0.17,0.25,0.74
7015,0,0,0.17,0.25,0.73
7016,0,0,0.17,0.25,0.73
7017,0,0,0.17,0.25,0.74
7018,0,0,0.17,0.25,0.74
7019,0,0,0.17,0.25,0.74
7020,0,0,0.17,0.25,0.75
7021,0,0,0.17,0.26,0.75
7022,273.24,30.51,0.17,0.25,0.75
7023,0,0,0.17,0.25,0.75
7024,0,0,0.17,0.25,0.75
7025,0,0,0.17,0.26,0.75
7026,0,0,0.17,0.25,0.75
7027,0,0,0.17,0.25,0.75
7028,0,0,0.17,0.25,0.76
7029,0,0,0.17,0.25,0.75
7030,0,0,0.17,0.26,0.75
7031,0,0,0.17,0.25,0.75
7032,273.27,30.48,0.17,0.25,0.75
7033,0,0,0.17,0.25,0.75
7034,0,0,0.17,0.25,0.75
7035,0,0,0.17,0.25,0.75
7036,0,0,0.17,0.25,0.74
7037,0,0,0.17,0.25,0.74
7038,0,0,0.17,0.25,0.74
7039,0,0,0.17,0.25,0.74
7040,0,0,0.17,0.25,0.74
7041,0,0,0.17,0.25,0.74
7042,273.30,30.45,0.17,0.25,0.74
7043,0,0,0.17,0.25,0.74
7044,0,0,0.17,0.25,0.74
7045,0,0,0.17,0.25,0.75
7046,0,0,0.17,0.25,0.74
7047,0,0,0.17,0.25,0.74
7048,0,0,0.17,0.25,0.74
7049,0,0,0.17,0.25,0.74
7050,0,0,0.17,0.25,0.74
7051,0,0,0.17,0.25,0.74
7052,273.33,30.42,0.17,0.25,0.74
7053,0,0,0.17,0.25,0.74
7054,0,0,0.17,0.25,0.74
7055,0,0,0.17,0.25,0.74
7056,0,0,0.17,0.25,0.74
7057,0,0,0.17,0.25,0.74
7058,0,0,0.17,0.25,0.74
7059,0,0,0.17,0.25,0.74
7060,0,0,0.17,0.25,0.75
7061,0,0,0.17,0.25,0.75
7062,273.36,30.40,0.17,0.25,0.75
7063,0,0,0.17,0.25,0.75
7064,0,0,0.17,0.25,0.75
7065,0,0,0.17,0.25,0.75
7066,0,0,0.17,0.25,0.75
7067,0,0,0.17,0.25,0.75
7068,0,0,0.17,0.25,0.75
7069,0,0,0.17,0.25,0.75
7070,0,0,0.17,0.25,0.75
7071,0,0,0.17,0.25,0.74
7072,273.39,30.37,0.17,0.25,0.74
7073,0,0,0.17,0.25,0.74
7074,0,0,0.17,0.25,0.75
7075,0,0,0.17,0.25,0.75
7076,0,0,0.17,0.25,0.75
7077,0,0,0.17,0.25,0.74
7078,0,0,0.17,0.25,0.75
7079,0,0,0.17,0.25,0.75
7080,0,0,0.17,0.25,0.74
7081,0,0,0.17,0.24,0.74
7082,273.42,30.34,0.17,0.25,0.74
7083,0,0,0.17,0.25,0.74
7084,0,0,0.17,0.25,0.74
7085,0,0,0.17,0.25,0.74
7086,0,0,0.17,0.25,0.74
7087,0,0,0.17,0.25,0.74
7088,0,0,0.17,0.25,0.74
7089,0,0,0.17,0.25,0.74
7090,0,0,0.17,0.25,0.74
7091,0,0,0.17,0.25,0.74
7092,273.45,30.31,0.17,0.25,0.74
7093,0,0,0.17,0.24,0.73
7094,0,0,0.17,0.24,0.74
7095,0,0,0.17,0.24,0.73
7096,0,0,0.17,0.24,0.74
7097,0,0,0.17,0.25,0.74
7098,0,0,0.17,0.24,0.74
7099,0,0,0.17,0.25,0.74
7100,0,0,0.17,0.25,0.73
7101,0,0,0.17,0.24,0.73
7102,273.47,30.28,0.17,0.24,0.73
7103,0,0,0.17,0.24,0.73
7104,0,0,0.17,0.24,0.73
7105,0,0,0.17,0.24,0.73
7106,0,0,0.17,0.24,0.72
7107,0,0,0.16,0.24,0.73
7108,0,0,0.17,0.24,0.73
7109,0,0,0.17,0.24,0.73
7110,0,0,0.17,0.24,0.73
7111,0,0,0.16,0.24,0.73
7112,273.50,30.25,0.17,0.24,0.73
7113,0,0,0.17,0.24,0.72
7114,0,0,0.17,0.24,0.72
7115,0,0,0.17,0.24,0.72
7116,0,0,0.16,0.24,0.73
7117,0,0,0.17,0.24,0.73
7118,0,0,0.17,0.24,0.73
7119,0,0,0.17,0.24,0.73
7120,0,0,0.17,0.24,0.73
7121,0,0,0.17,0.24,0.73
7122,273.53,30.22,0.16,0.24,0.73
7123,0,0,0.17,0.24,0.73
7124,0,0,0.17,0.24,0.73
7125,0,0,0.17,0.24,0.74
7126,0,0,0.17,0.24,0.74
7127,0,0,0.17,0.24,0.74
7128,0,0,0.17,0.24,0.74
7129,0,0,0.17,0.24,0.73
7130,0,0,0.17,0.24,0.74
7131,0,0,0.17,0.24,0.74
7132,273.56,30.19,0.17,0.24,0.74
7133,0,0,0.16,0.24,0.73
7134,0,0,0.17,0.24,0.73
7135,0,0,0.17,0.24,0.73
7136,0,0,0.17,0.24,0.74
7137,0,0,0.17,0.24,0.73
7138,0,0,0.17,0.24,0.73
7139,0,0,0.17,0.24,0.74
7140,0,0,0.17,0.24,0.74
7141,0,0,0.17,0.24,0.74
7142,273.59,30.16,0.17,0.24,0.74
7143,0,0,0.16,0.24,0.74
7144,0,0,0.17,0.25,0.74
7145,0,0,0.16,0.24,0.74
7146,0,0,0.16,0.24,0.74
7147,0,0,0.16,0.24,0.74
7148,0,0,0.16,0.24,0.74
7149,0,0,0.16,0.24,0.74
7150,0,0,0.16,0.24,0.74
7151,0,0,0.16,0.24,0.74
7152,273.62,30.13,0.16,0.24,0.74
7153,0,0,0.16,0.24,0.75
7154,0,0,0.16,0.24,0.75
7155,0,0,0.16,0.24,0.74
7156,0,0,0.16,0.24,0.74
7157,0,0,0.16,0.24,0.74
7158,0,0,0.16,0.24,0.74
7159,0,0,0.17,0.24,0.74
7160,0,0,0.17,0.24,0.74
7161,0,0,0.17,0.24,0.74
7162,273.65,30.11,0.17,0.24,0.74
7163,0,0,0.16,0.24,0.74
7164,0,0,0.16,0.24,0.74
7165,0,0,0.16,0.24,0.74
7166,0,0,0.16,0.24,0.74
7167,0,0,0.16,0.24,0.75
7168,0,0,0.16,0.24,0.75
7169,0,0,0.16,0.24,0.75
7170,0,0,0.16,0.24,0.74
7171,0,0,0.16,0.24,0.75
7172,273.68,30.08,0.16,0.24,0.75
7173,0,0,0.16,0.24,0.75
7174,0,0,0.16,0.24,0.75
7175,0,0,0.16,0.24,0.74
7176,0,0,0.16,0.24,0.75
7177,0,0,0.16,0.24,0.75
7178,0,0,0.16,0.24,0.75
7179,0,0,0.16,0.24,0.75
7180,0,0,0.16,0.24,0.75
7181,0,0,0.16,0.24,0.74
7182,273.71,30.04,0.16,0.24,0.74
7183,0,0,0.16,0.24,0.74
7184,0,0,0.16,0.24,0.74
7185,0,0,0.16,0.24,0.74
7186,0,0,0.16,0.24,0.74
7187,0,0,0.16,0.24,0.74
7188,0,0,0.16,0.24,0.74
7189,0,0,0.16,0.24,0.74
7190,0,0,0.16,0.24,0.74
7191,0,0,0.16,0.24,0.74
7192,273.74,30.02,0.16,0.24,0.74
7193,0,0,0.16,0.24,0.74
7194,0,0,0.16,0.24,0.74
7195,0,0,0.16,0.24,0.74
7196,0,0,0.16,0.24,0.74
7197,0,0,0.16,0.24,0.74
7198,0,0,0.16,0.24,0.74
7199,0,0,0.16,0.24,0.74
7200,0,0,0.16,0.24,0.74
7201,0,0,0.16,0.24,0.74
7202,273.77,29.99,0.16,0.24,0.74
7203,0,0,0.16,0.24,0.74
7204,0,0,0.16,0.24,0.74
7205,0,0,0.16,0.23,0.74
7206,0,0,0.16,0.24,0.74
7207,0,0,0.16,0.24,0.74
7208,0,0,0.16,0.24,0.74
7209,0,0,0.16,0.24,0.74
7210,0,0,0.16,0.24,0.74
7211,0,0,0.16,0.24,0.74
7212,273.79,29.96,0.16,0.24,0.74
7213,0,0,0.16,0.24,0.74
7214,0,0,0.16,0.23,0.74
7215,0,0,0.16,0.24,0.74
7216,0,0,0.16,0.24,0.74
7217,0,0,0.16,0.24,0.73
7218,0,0,0.16,0.23,0.73
7219,0,0,0.16,0.23,0.73
7220,0,0,0.16,0.23,0.73
7221,0,0,0.16,0.23,0.73
7222,273.82,29.93,0.16,0.23,0.73
7223,0,0,0.16,0.23,0.73
7224,0,0,0.16,0.23,0.73
7225,0,0,0.16,0.23,0.73
7226,0,0,0.16,0.23,0.73
7227,0,0,0.16,0.23,0.73
7228,0,0,0.16,0.23,0.73
7229,0,0,0.16,0.23,0.73
7230,0,0,0.16,0.23,0.73
7231,0,0,0.16,0.23,0.73
7232,273.85,29.90,0.16,0.23,0.73
7233,0,0,0.16,0.23,0.72
7234,0,0,0.16,0.23,0.73
7235,0,0,0.16,0.23,0.73
7236,0,0,0.16,0.23,0.73
7237,0,0,0.16,0.23,0.72
7238,0,0,0.16,0.23,0.72
7239,0,0,0.16,0.23,0.72
7240,0,0,0.16,0.23,0.72
7241,0,0,0.16,0.23,0.72
7242,273.88,29.87,0.16,0.23,0.73
7243,0,0,0.16,0.23,0.73
7244,0,0,0.16,0.23,0.73
7245,0,0,0.16,0.23,0.73
7246,0,0,0.16,0.23,0.73
7247,0,0,0.16,0.23,0.73
7248,0,0,0.16,0.23,0.73
7249,0,0,0.16,0.23,0.73
7250,0,0,0.16,0.23,0.73
7251,0,0,0.16,0.23,0.73
7252,273.91,29.84,0.16,0.23,0.73
7253,0,0,0.16,0.23,0.73
7254,0,0,0.16,0.23,0.73
7255,0,0,0.16,0.23,0.73
7256,0,0,0.16,0.23,0.73
7257,0,0,0.16,0.23,0.73
7258,0,0,0.16,0.23,0.73
7259,0,0,0.16,0.23,0.73
7260,0,0,0.16,0.23,0.73
7261,0,0,0.16,0.23,0.73
7262,273.94,29.81,0.16,0.23,0.73
7263,0,0,0.16,0.23,0.72
7264,0,0,0.16,0.23,0.73
7265,0,0,0.16,0.23,0.73
7266,0,0,0.16,0.23,0.72
7267,0,0,0.16,0.23,0.72
7268,0,0,0.16,0.23,0.72
7269,0,0,0.16,0.23,0.72
7270,0,0,0.16,0.23,0.73
7271,0,0,0.16,0.23,0.72
7272,273.97,29.78,0.16,0.23,0.72
7273,0,0,0.16,0.23,0.72
7274,0,0,0.16,0.23,0.72
7275,0,0,0.16,0.23,0.72
7276,0,0,0.16,0.23,0.72
7277,0,0,0.16,0.23,0.72
7278,0,0,0.16,0.23,0.72
7279,0,0,0.16,0.23,0.72
7280,0,0,0.16,0.23,0.72
7281,0,0,0.16,0.23,0.72
7282,274.00,29.75,0.16,0.23,0.72
7283,0,0,0.16,0.23,0.72
7284,0,0,0.16,0.23,0.72
7285,0,0,0.16,0.23,0.72
7286,0,0,0.16,0.23,0.71
7287,0,0,0.16,0.23,0.72
7288,0,0,0.16,0.23,0.72
7289,0,0,0.16,0.23,0.71
7290,0,0,0.16,0.23,0.71
7291,0,0,0.16,0.23,0.71
7292,274.02,29.73,0.16,0.23,0.71
7293,0,0,0.16,0.23,0.71
7294,0,0,0.16,0.22,0.71
7295,0,0,0.16,0.22,0.71
7296,0,0,0.16,0.22,0.71
7297,0,0,0.16,0.22,0.71
7298,0,0,0.16,0.22,0.71
7299,0,0,0.16,0.22,0.71
7300,0,0,0.16,0.22,0.71
7301,0,0,0.16,0.22,0.71
7302,274.05,29.70,0.16,0.22,0.71
7303,0,0,0.16,0.22,0.71
7304,0,0,0.16,0.22,0.71
7305,0,0,0.16,0.23,0.71
7306,0,0,0.16,0.22,0.71
7307,0,0,0.16,0.22,0.71
7308,0,0,0.16,0.22,0.71
7309,0,0,0.16,0.22,0.70
7310,0,0,0.16,0.22,0.70
7311,0,0,0.16,0.22,0.71
7312,274.08,29.67,0.16,0.22,0.71
7313,0,0,0.16,0.22,0.70
7314,0,0,0.16,0.22,0.70
7315,0,0,0.16,0.22,0.70
7316,0,0,0.16,0.22,0.70
7317,0,0,0.16,0.22,0.70
7318,0,0,0.16,0.22,0.70
7319,0,0,0.16,0.22,0.70
7320,0,0,0.16,0.22,0.70
7321,0,0,0.16,0.22,0.70
7322,274.11,29.64,0.16,0.22,0.70
7323,0,0,0.16,0.22,0.70
7324,0,0,0.16,0.22,0.70
7325,0,0,0.16,0.22,0.70
7326,0,0,0.16,0.22,0.70
7327,0,0,0.16,0.22,0.70
7328,0,0,0.16,0.22,0.70
7329,0,0,0.16,0.22,0.70
7330,0,0,0.16,0.22,0.70
7331,0,0,0.16,0.22,0.70
7332,274.14,29.61,0.16,0.22,0.70
7333,0,0,0.16,0.22,0.70
7334,0,0,0.16,0.22,0.70
7335,0,0,0.16,0.22,0.70
7336,0,0,0.16,0.22,0.70
7337,0,0,0.16,0.22,0.70
7338,0,0,0.16,0.22,0.70
7339,0,0,0.16,0.22,0.70
7340,0,0,0.16,0.22,0.69
7341,0,0,0.16,0.22,0.69
7342,274.17,29.58,0.16,0.22,0.69
7343,0,0,0.16,0.22,0.69
7344,0,0,0.16,0.22,0.69
7345,0,0,0.16,0.22,0.69
7346,0,0,0.16,0.22,0.69
7347,0,0,0.16,0.22,0.69
7348,0,0,0.16,0.22,0.69
7349,0,0,0.16,0.22,0.69
7350,0,0,0.15,0.22,0.69
7351,0,0,0.16,0.22,0.69
7352,274.20,29.55,0.16,0.22,0.69
7353,0,0,0.15,0.22,0.69
7354,0,0,0.16,0.22,0.69
7355,0,0,0.16,0.22,0.69
7356,0,0,0.16,0.22,0.69
7357,0,0,0.16,0.22,0.68
7358,0,0,0.16,0.22,0.69
7359,0,0,0.16,0.22,0.68
7360,0,0,0.16,0.22,0.68
7361,0,0,0.16,0.22,0.68
7362,274.23,29.52,0.16,0.22,0.68
7363,0,0,0.16,0.22,0.68
7364,0,0,0.16,0.22,0.68
7365,0,0,0.16,0.22,0.68
7366,0,0,0.16,0.22,0.68
7367,0,0,0.16,0.22,0.68
7368,0,0,0.16,0.22,0.68
7369,0,0,0.16,0.22,0.68
7370,0,0,0.16,0.22,0.68
7371,0,0,0.16,0.22,0.68
7372,274.25,29.49,0.16,0.22,0.68
7373,0,0,0.16,0.22,0.68
7374,0,0,0.16,0.22,0.68
7375,0,0,0.16,0.22,0.68
7376,0,0,0.16,0.22,0.68
7377,0,0,0.16,0.22,0.68
7378,0,0,0.16,0.22,0.68
7379,0,0,0.15,0.21,0.68
7380,0,0,0.16,0.22,0.68
7381,0,0,0.16,0.22,0.68
7382,274.28,29.46,0.16,0.22,0.68
7383,0,0,0.16,0.22,0.68
7384,0,0,0.16,0.22,0.68
7385,0,0,0.16,0.22,0.68
7386,0,0,0.16,0.22,0.68
7387,0,0,0.16,0.22,0.69
7388,0,0,0.16,0.22,0.68
7389,0,0,0.16,0.22,0.68
7390,0,0,0.16,0.22,0.68
7391,0,0,0.15,0.21,0.68
7392,274.31,29.44,0.15,0.21,0.68
7393,0,0,0.16,0.22,0.68
7394,0,0,0.15,0.21,0.68
7395,0,0,0.16,0.22,0.68
7396,0,0,0.16,0.22,0.68
7397,0,0,0.16,0.22,0.68
7398,0,0,0.16,0.22,0.68
7399,0,0,0.16,0.22,0.68
7400,0,0,0.16,0.22,0.69
7401,0,0,0.16,0.22,0.68
7402,274.34,29.41,0.16,0.22,0.68
7403,0,0,0.16,0.22,0.68
7404,0,0,0.16,0.22,0.68
7405,0,0,0.16,0.22,0.68
7406,0,0,0.16,0.22,0.68
7407,0,0,0.15,0.21,0.68
7408,0,0,0.15,0.21,0.68
7409,0,0,0.16,0.22,0.68
7410,0,0,0.15,0.21,0.68
7411,0,0,0.15,0.21,0.68
7412,274.37,29.38,0.15,0.21,0.68
7413,0,0,0.16,0.21,0.67
7414,0,0,0.16,0.21,0.67
7415,0,0,0.16,0.22,0.68
7416,0,0,0.15,0.21,0.68
7417,0,0,0.16,0.22,0.68
7418,0,0,0.16,0.21,0.67
7419,0,0,0.15,0.21,0.68
7420,0,0,0.16,0.22,0.67
7421,0,0,0.16,0.22,0.67
7422,274.40,29.35,0.16,0.21,0.67
7423,0,0,0.16,0.21,0.67
7424,0,0,0.15,0.21,0.68
7425,0,0,0.16,0.21,0.67
7426,0,0,0.16,0.21,0.67
7427,0,0,0.16,0.21,0.67
7428,0,0,0.16,0.21,0.67
7429,0,0,0.15,0.21,0.66
7430,0,0,0.16,0.21,0.66
7431,0,0,0.16,0.21,0.66
7432,274.43,29.32,0.16,0.21,0.65
7433,0,0,0.16,0.21,0.65
7434,0,0,0.16,0.21,0.65
7435,0,0,0.16,0.21,0.65
7436,0,0,0.16,0.21,0.65
7437,0,0,0.16,0.21,0.65
7438,0,0,0.16,0.21,0.65
7439,0,0,0.16,0.21,0.65
7440,0,0,0.16,0.21,0.64
7441,0,0,0.16,0.20,0.65
7442,274.45,29.29,0.16,0.20,0.64
7443,0,0,0.16,0.20,0.64
7444,0,0,0.16,0.20,0.64
7445,0,0,0.16,0.20,0.63
7446,0,0,0.16,0.20,0.63
7447,0,0,0.16,0.20,0.63
7448,0,0,0.16,0.20,0.63
7449,0,0,0.16,0.20,0.62
7450,0,0,0.16,0.20,0.62
7451,0,0,0.16,0.20,0.62
7452,274.48,29.26,0.16,0.20,0.62
7453,0,0,0.16,0.20,0.62
7454,0,0,0.16,0.20,0.62
7455,0,0,0.16,0.20,0.62
7456,0,0,0.16,0.20,0.62
7457,0,0,0.16,0.20,0.62
7458,0,0,0.16,0.20,0.63
7459,0,0,0.16,0.20,0.63
7460,0,0,0.16,0.20,0.62
7461,0,0,0.16,0.20,0.62
7462,274.51,29.23,0.16,0.20,0.62
7463,0,0,0.16,0.20,0.62
7464,0,0,0.16,0.20,0.62
7465,0,0,0.16,0.20,0.62
7467,0,0,0.16,0.20,0.62
7468,0,0,0.16,0.20,0.62
7469,0,0,0.16,0.20,0.62
7470,0,0,0.16,0.20,0.62
7471,0,0,0.16,0.20,0.62
7472,0,0,0.16,0.20,0.62
7473,274.54,29.21,0.16,0.20,0.62
7474,0,0,0.16,0.20,0.62
7475,0,0,0.16,0.20,0.62
7476,0,0,0.16,0.20,0.62
7477,0,0,0.16,0.20,0.62
7478,0,0,0.16,0.20,0.62
7479,0,0,0.16,0.20,0.62
7480,0,0,0.16,0.20,0.62
7481,0,0,0.16,0.20,0.62
7482,0,0,0.16,0.20,0.62
7483,274.57,29.18,0.16,0.20,0.62
7484,0,0,0.16,0.20,0.62
7485,0,0,0.16,0.20,0.62
7486,0,0,0.16,0.20,0.62
7487,0,0,0.16,0.20,0.63
7488,0,0,0.16,0.20,0.63
7489,0,0,0.16,0.20,0.63
7490,0,0,0.16,0.20,0.63
7491,0,0,0.16,0.20,0.63
7492,0,0,0.16,0.20,0.63
7493,274.60,29.15,0.16,0.20,0.63
7494,0,0,0.16,0.20,0.63
7495,0,0,0.16,0.20,0.63
7496,0,0,0.16,0.20,0.63
7497,0,0,0.16,0.20,0.63
7498,0,0,0.16,0.20,0.63
7499,0,0,0.16,0.20,0.63
7500,0,0,0.16,0.20,0.63
7501,0,0,0.15,0.20,0.64
7502,0,0,0.15,0.20,0.64
7503,274.63,29.12,0.16,0.20,0.64
7504,0,0,0.16,0.20,0.64
7505,0,0,0.15,0.20,0.64
7506,0,0,0.16,0.20,0.64
7507,0,0,0.16,0.20,0.64
7508,0,0,0.16,0.20,0.64
7509,0,0,0.16,0.20,0.64
7510,0,0,0.15,0.20,0.64
7511,0,0,0.16,0.20,0.64
7512,0,0,0.16,0.20,0.63
7513,274.65,29.09,0.16,0.20,0.63
7514,0,0,0.16,0.20,0.63
7515,0,0,0.16,0.20,0.63
7516,0,0,0.16,0.20,0.64
7517,0,0,0.16,0.20,0.63
7518,0,0,0.15,0.20,0.64
7519,0,0,0.16,0.20,0.64
7520,0,0,0.16,0.20,0.64
7521,0,0,0.16,0.20,0.64
7522,0,0,0.16,0.20,0.64
7523,274.68,29.06,0.16,0.20,0.64
7524,0,0,0.16,0.20,0.63
7525,0,0,0.16,0.20,0.63
7526,0,0,0.16,0.20,0.63
7527,0,0,0.16,0.20,0.63
7528,0,0,0.16,0.20,0.63
7529,0,0,0.16,0.20,0.62
7530,0,0,0.15,0.19,0.62
7531,0,0,0.16,0.19,0.61
7532,0,0,0.16,0.19,0.61
7533,274.71,29.03,0.16,0.19,0.60
7534,0,0,0.16,0.19,0.60
7535,0,0,0.16,0.19,0.59
7536,0,0,0.16,0.19,0.59
7537,0,0,0.16,0.19,0.59
7538,0,0,0.16,0.19,0.58
7539,0,0,0.16,0.18,0.58
7540,0,0,0.16,0.19,0.58
7541,0,0,0.16,0.19,0.59
7542,274.74,29.00,0.16,0.19,0.59
7543,0,0,0.16,0.19,0.59
7544,0,0,0.16,0.19,0.59
7545,0,0,0.16,0.19,0.59
7546,0,0,0.16,0.19,0.59
7547,0,0,0.16,0.19,0.58
7548,0,0,0.16,0.19,0.59
7549,0,0,0.16,0.19,0.59
7550,0,0,0.16,0.19,0.59
7551,0,0,0.16,0.19,0.59
7552,274.77,28.97,0.16,0.19,0.59
7553,0,0,0.16,0.19,0.58
7554,0,0,0.16,0.19,0.58
7555,0,0,0.16,0.18,0.57
7556,0,0,0.16,0.18,0.57
7557,0,0,0.16,0.18,0.56
7558,0,0,0.16,0.18,0.56
7559,0,0,0.16,0.18,0.56
7560,0,0,0.16,0.18,0.56
7561,0,0,0.16,0.18,0.56
7562,274.80,28.95,0.16,0.18,0.56
7563,0,0,0.16,0.18,0.56
7564,0,0,0.16,0.18,0.56
7565,0,0,0.16,0.18,0.56
7566,0,0,0.16,0.18,0.57
7567,0,0,0.16,0.18,0.57
7568,0,0,0.16,0.18,0.57
7569,0,0,0.16,0.18,0.57
7570,0,0,0.16,0.18,0.57
7571,0,0,0.16,0.18,0.57
7572,274.82,28.92,0.16,0.18,0.57
7573,0,0,0.16,0.18,0.57
7574,0,0,0.16,0.18,0.57
7575,0,0,0.16,0.18,0.57
7576,0,0,0.16,0.18,0.57
7577,0,0,0.16,0.18,0.57
7578,0,0,0.16,0.18,0.57
7579,0,0,0.16,0.18,0.57
7580,0,0,0.16,0.18,0.57
7581,0,0,0.16,0.18,0.57
7582,274.85,28.89,0.16,0.19,0.57
7583,0,0,0.16,0.18,0.57
7584,0,0,0.16,0.19,0.58
7585,0,0,0.16,0.18,0.58
7586,0,0,0.16,0.19,0.58
7587,0,0,0.16,0.18,0.58
7588,0,0,0.16,0.19,0.58
7589,0,0,0.16,0.19,0.58
7590,0,0,0.16,0.19,0.59
7591,0,0,0.16,0.19,0.60
7592,274.88,28.86,0.16,0.19,0.60
7593,0,0,0.16,0.19,0.60
7594,0,0,0.15,0.19,0.61
7595,0,0,0.16,0.19,0.61
7596,0,0,0.16,0.19,0.61
7597,0,0,0.16,0.19,0.61
7598,0,0,0.15,0.19,0.62
7599,0,0,0.15,0.19,0.62
7600,0,0,0.15,0.19,0.62
7601,0,0,0.16,0.20,0.63
7602,274.91,28.83,0.16,0.20,0.63
7603,0,0,0.15,0.20,0.64
7604,0,0,0.15,0.20,0.64
7605,0,0,0.16,0.20,0.64
7606,0,0,0.16,0.20,0.65
7607,0,0,0.15,0.20,0.65
7608,0,0,0.15,0.20,0.65
7609,0,0,0.15,0.20,0.65
7610,0,0,0.15,0.20,0.65
7611,0,0,0.15,0.20,0.65
7612,274.94,28.80,0.15,0.20,0.65
7613,0,0,0.15,0.20,0.65
7614,0,0,0.15,0.20,0.65
7615,0,0,0.15,0.20,0.66
7616,0,0,0.16,0.21,0.66
7617,0,0,0.15,0.20,0.66
7618,0,0,0.15,0.20,0.66
7619,0,0,0.16,0.21,0.66
7620,0,0,0.16,0.21,0.66
7621,0,0,0.16,0.21,0.65
7622,274.97,28.77,0.15,0.20,0.66
7623,0,0,0.16,0.21,0.66
7624,0,0,0.15,0.20,0.66
7625,0,0,0.16,0.21,0.66
7626,0,0,0.16,0.21,0.66
7627,0,0,0.15,0.20,0.66
7628,0,0,0.15,0.20,0.66
7629,0,0,0.16,0.21,0.66
7630,0,0,0.16,0.21,0.65
7631,0,0,0.16,0.21,0.66
7632,275.00,28.74,0.15,0.20,0.65
7633,0,0,0.16,0.21,0.66
7634,0,0,0.15,0.20,0.65
7635,0,0,0.15,0.20,0.66
7636,0,0,0.15,0.20,0.66
7637,0,0,0.15,0.20,0.65
7638,0,0,0.15,0.20,0.65
7639,0,0,0.15,0.20,0.65
7640,0,0,0.15,0.20,0.65
7641,0,0,0.15,0.20,0.65
7642,275.02,28.71,0.15,0.20,0.65
7643,0,0,0.16,0.21,0.65
7644,0,0,0.15,0.20,0.65
7645,0,0,0.15,0.20,0.65
7646,0,0,0.15,0.20,0.65
7647,0,0,0.15,0.20,0.65
7648,0,0,0.16,0.21,0.65
7649,0,0,0.15,0.20,0.65
7650,0,0,0.15,0.20,0.65
7651,0,0,0.15,0.20,0.65
7652,275.05,28.68,0.16,0.20,0.65
7653,0,0,0.16,0.20,0.65
7654,0,0,0.16,0.20,0.65
7655,0,0,0.16,0.20,0.65
7656,0,0,0.16,0.20,0.65
7657,0,0,0.16,0.20,0.65
7658,0,0,0.15,0.20,0.65
7659,0,0,0.15,0.20,0.64
7660,0,0,0.16,0.20,0.64
7661,0,0,0.15,0.20,0.64
7662,275.08,28.66,0.16,0.20,0.64
7663,0,0,0.16,0.20,0.65
7664,0,0,0.16,0.20,0.64
7665,0,0,0.15,0.20,0.65
7666,0,0,0.16,0.20,0.65
7667,0,0,0.16,0.20,0.64
7668,0,0,0.16,0.20,0.64
7669,0,0,0.16,0.20,0.64
7670,0,0,0.15,0.20,0.64
7671,0,0,0.15,0.20,0.64
7672,275.11,28.63,0.16,0.20,0.64
7673,0,0,0.15,0.20,0.64
7674,0,0,0.16,0.20,0.64
7675,0,0,0.15,0.20,0.64
7676,0,0,0.16,0.20,0.64
7677,0,0,0.15,0.20,0.64
7678,0,0,0.15,0.20,0.64
7679,0,0,0.15,0.20,0.64
7680,0,0,0.15,0.20,0.64
7681,0,0,0.15,0.20,0.64
7682,275.14,28.60,0.15,0.20,0.64
7683,0,0,0.15,0.20,0.64
7684,0,0,0.16,0.20,0.64
7685,0,0,0.15,0.20,0.64
7686,0,0,0.15,0.20,0.64
7687,0,0,0.15,0.20,0.64
7688,0,0,0.15,0.20,0.64
7689,0,0,0.16,0.20,0.63
7690,0,0,0.15,0.20,0.64
7691,0,0,0.15,0.20,0.64
7692,275.17,28.57,0.16,0.20,0.63
7693,0,0,0.15,0.20,0.64
7694,0,0,0.16,0.20,0.63
7695,0,0,0.16,0.20,0.63
7696,0,0,0.16,0.20,0.63
7697,0,0,0.16,0.20,0.63
7698,0,0,0.16,0.20,0.63
7699,0,0,0.16,0.20,0.63
7700,0,0,0.16,0.20,0.63
7701,0,0,0.16,0.20,0.63
7702,275.20,28.54,0.16,0.20,0.63
7703,0,0,0.16,0.20,0.63
7704,0,0,0.16,0.20,0.63
7705,0,0,0.16,0.20,0.63
7706,0,0,0.16,0.20,0.63
7707,0,0,0.16,0.20,0.63
7708,0,0,0.16,0.20,0.63
7709,0,0,0.16,0.20,0.63
7710,0,0,0.16,0.20,0.63
7711,0,0,0.16,0.20,0.63
7712,275.22,28.51,0.16,0.20,0.62
7713,0,0,0.16,0.20,0.62
7714,0,0,0.16,0.20,0.62
7715,0,0,0.16,0.20,0.62
7716,0,0,0.16,0.20,0.62
7717,0,0,0.16,0.20,0.62
7718,0,0,0.16,0.20,0.62
7719,0,0,0.16,0.20,0.62
7720,0,0,0.16,0.20,0.62
7721,0,0,0.16,0.20,0.62
7722,275.25,28.48,0.15,0.19,0.62
7723,0,0,0.16,0.20,0.62
7724,0,0,0.15,0.19,0.62
7725,0,0,0.16,0.20,0.61
7726,0,0,0.15,0.19,0.62
7727,0,0,0.16,0.20,0.61
7728,0,0,0.15,0.19,0.62
7729,0,0,0.15,0.19,0.62
7730,0,0,0.16,0.20,0.61
7731,0,0,0.16,0.20,0.61
7732,275.28,28.45,0.16,0.20,0.61
7733,0,0,0.16,0.20,0.61
7734,0,0,0.16,0.19,0.61
7735,0,0,0.16,0.20,0.61
7736,0,0,0.16,0.19,0.61
7737,0,0,0.16,0.19,0.61
7738,0,0,0.16,0.19,0.61
7739,0,0,0.16,0.19,0.61
7740,0,0,0.16,0.20,0.61
7741,0,0,0.16,0.19,0.61
7742,275.31,28.42,0.16,0.19,0.60
7743,0,0,0.16,0.19,0.61
7744,0,0,0.16,0.19,0.60
7745,0,0,0.16,0.19,0.60
7746,0,0,0.16,0.19,0.60
7747,0,0,0.16,0.20,0.60
7748,0,0,0.16,0.19,0.60
7749,0,0,0.16,0.19,0.60
7750,0,0,0.16,0.19,0.60
7751,0,0,0.16,0.19,0.60
7752,275.34,28.40,0.16,0.19,0.60
7753,0,0,0.16,0.19,0.60
7754,0,0,0.16,0.19,0.59
7755,0,0,0.16,0.19,0.59
7756,0,0,0.16,0.19,0.59
7757,0,0,0.16,0.19,0.59
7758,0,0,0.16,0.19,0.59
7759,0,0,0.16,0.19,0.59
7760,0,0,0.16,0.19,0.59
7761,0,0,0.16,0.19,0.59
7762,275.37,28.37,0.16,0.19,0.59
7763,0,0,0.16,0.19,0.58
7764,0,0,0.16,0.19,0.58
7765,0,0,0.16,0.19,0.58
7766,0,0,0.16,0.19,0.58
7767,0,0,0.17,0.19,0.58
7768,0,0,0.17,0.19,0.58
7769,0,0,0.16,0.19,0.58
7770,0,0,0.16,0.19,0.58
7771,0,0,0.16,0.19,0.58
7772,275.39,28.34,0.17,0.19,0.57
7773,0,0,0.17,0.19,0.58
7774,0,0,0.17,0.19,0.57
7775,0,0,0.16,0.19,0.57
7776,0,0,0.16,0.19,0.57
7777,0,0,0.17,0.19,0.57
7778,0,0,0.16,0.19,0.57
7779,0,0,0.17,0.19,0.57
7780,0,0,0.16,0.19,0.57
7781,0,0,0.16,0.19,0.57
7782,275.42,28.31,0.17,0.19,0.57
7783,0,0,0.16,0.19,0.57
7784,0,0,0.16,0.19,0.57
7785,0,0,0.17,0.19,0.56
7786,0,0,0.17,0.19,0.56
7787,0,0,0.17,0.19,0.56
7788,0,0,0.17,0.19,0.56
7789,0,0,0.17,0.19,0.56
7790,0,0,0.17,0.19,0.56
7791,0,0,0.17,0.19,0.56
7792,275.45,28.28,0.17,0.19,0.56
7793,0,0,0.17,0.19,0.56
7794,0,0,0.17,0.19,0.56
7795,0,0,0.17,0.19,0.56
7796,0,0,0.17,0.19,0.56
7797,0,0,0.17,0.19,0.56
7798,0,0,0.17,0.19,0.55
7799,0,0,0.17,0.19,0.55
7800,0,0,0.17,0.19,0.55
7801,0,0,0.17,0.19,0.55
7802,275.48,28.25,0.17,0.19,0.55
7803,0,0,0.17,0.19,0.55
7804,0,0,0.17,0.19,0.55
7805,0,0,0.17,0.19,0.55
7806,0,0,0.17,0.19,0.55
7807,0,0,0.17,0.19,0.55
7808,0,0,0.17,0.19,0.55
7809,0,0,0.17,0.19,0.55
7810,0,0,0.17,0.19,0.55
7811,0,0,0.17,0.19,0.54
7812,275.51,28.22,0.17,0.19,0.54
7813,0,0,0.17,0.19,0.54
7814,0,0,0.17,0.19,0.54
7815,0,0,0.17,0.19,0.54
7816,0,0,0.17,0.19,0.54
7817,0,0,0.17,0.19,0.54
7818,0,0,0.17,0.19,0.53
7819,0,0,0.17,0.19,0.53
7820,0,0,0.17,0.18,0.53
7821,0,0,0.17,0.19,0.53
7822,275.54,28.19,0.17,0.19,0.53
7823,0,0,0.17,0.19,0.53
7824,0,0,0.17,0.19,0.53
7825,0,0,0.17,0.19,0.53
7826,0,0,0.18,0.19,0.53
7827,0,0,0.17,0.18,0.53
7828,0,0,0.18,0.19,0.53
7829,0,0,0.17,0.18,0.52
7830,0,0,0.17,0.18,0.52
7831,0,0,0.17,0.18,0.52
7832,275.56,28.16,0.18,0.19,0.52
7833,0,0,0.18,0.19,0.52
7834,0,0,0.18,0.19,0.52
7835,0,0,0.17,0.18,0.52
7836,0,0,0.17,0.18,0.52
7837,0,0,0.17,0.18,0.52
7838,0,0,0.17,0.18,0.52
7839,0,0,0.17,0.18,0.52
7840,0,0,0.17,0.18,0.52
7841,0,0,0.17,0.18,0.52
7842,275.59,28.14,0.18,0.18,0.51
7843,0,0,0.18,0.18,0.51
7844,0,0,0.18,0.19,0.51
7845,0,0,0.18,0.18,0.51
7846,0,0,0.18,0.18,0.51
7847,0,0,0.18,0.18,0.50
7848,0,0,0.18,0.18,0.50
7849,0,0,0.17,0.18,0.50
7850,0,0,0.18,0.18,0.50
7851,0,0,0.18,0.18,0.50
7852,275.62,28.11,0.18,0.18,0.50
7853,0,0,0.18,0.18,0.50
7854,0,0,0.18,0.18,0.50
7855,0,0,0.18,0.18,0.50
7856,0,0,0.17,0.18,0.50
7857,0,0,0.18,0.18,0.50
7858,0,0,0.18,0.18,0.50
7859,0,0,0.18,0.18,0.50
7860,0,0,0.18,0.18,0.50
7861,0,0,0.18,0.18,0.50
7862,275.65,28.08,0.18,0.18,0.50
7863,0,0,0.18,0.18,0.50
7864,0,0,0.18,0.18,0.50
7865,0,0,0.18,0.18,0.49
7866,0,0,0.18,0.18,0.50
7867,0,0,0.18,0.18,0.49
7868,0,0,0.18,0.18,0.49
7869,0,0,0.18,0.18,0.49
7870,0,0,0.18,0.18,0.49
7871,0,0,0.18,0.18,0.49
7872,275.68,28.05,0.18,0.18,0.49
7873,0,0,0.18,0.18,0.49
7874,0,0,0.18,0.18,0.48
7875,0,0,0.18,0.18,0.49
7876,0,0,0.18,0.18,0.48
7877,0,0,0.18,0.18,0.48
7878,0,0,0.18,0.18,0.48
7879,0,0,0.18,0.18,0.48
7880,0,0,0.18,0.18,0.48
7881,0,0,0.18,0.18,0.48
7882,275.71,28.02,0.19,0.18,0.47
7883,0,0,0.19,0.18,0.47
7884,0,0,0.19,0.18,0.47
7885,0,0,0.19,0.18,0.47
7886,0,0,0.19,0.18,0.47
7887,0,0,0.19,0.18,0.47
7888,0,0,0.19,0.18,0.47
7889,0,0,0.19,0.18,0.47
7890,0,0,0.19,0.18,0.47
7891,0,0,0.19,0.18,0.47
7892,275.73,27.99,0.19,0.18,0.47
7893,0,0,0.19,0.18,0.47
7894,0,0,0.19,0.18,0.47
7895,0,0,0.19,0.18,0.47
7896,0,0,0.19,0.18,0.47
7897,0,0,0.19,0.18,0.46
7898,0,0,0.18,0.17,0.46
7899,0,0,0.19,0.18,0.46
7900,0,0,0.18,0.17,0.46
7901,0,0,0.19,0.18,0.46
7902,275.76,27.96,0.19,0.17,0.46
7903,0,0,0.19,0.17,0.46
7904,0,0,0.19,0.17,0.45
7905,0,0,0.19,0.17,0.46
7906,0,0,0.19,0.17,0.45
7907,0,0,0.19,0.17,0.45
7908,0,0,0.19,0.17,0.45
7909,0,0,0.19,0.17,0.44
7910,0,0,0.19,0.17,0.44
7911,0,0,0.19,0.17,0.44
7912,275.79,27.93,0.19,0.17,0.44
7913,0,0,0.19,0.17,0.44
7914,0,0,0.19,0.17,0.44
7915,0,0,0.19,0.17,0.43
7916,0,0,0.19,0.17,0.43
7917,0,0,0.19,0.17,0.43
7918,0,0,0.19,0.17,0.43
7919,0,0,0.19,0.17,0.43
7920,0,0,0.19,0.17,0.43
7921,0,0,0.19,0.16,0.43
7922,275.82,27.91,0.19,0.16,0.43
7923,0,0,0.20,0.17,0.42
7924,0,0,0.20,0.17,0.42
7925,0,0,0.19,0.16,0.42
7926,0,0,0.19,0.16,0.43
7927,0,0,0.19,0.16,0.42
7928,0,0,0.19,0.16,0.42
7929,0,0,0.19,0.16,0.42
7930,0,0,0.19,0.16,0.42
7931,0,0,0.19,0.16,0.42
7932,275.85,27.88,0.19,0.16,0.42
7933,0,0,0.19,0.16,0.42
7935,0,0,0.19,0.16,0.42
7936,0,0,0.19,0.16,0.42
7937,0,0,0.19,0.16,0.42
7938,0,0,0.19,0.16,0.42
7939,0,0,0.20,0.17,0.42
7940,0,0,0.19,0.16,0.42
7941,0,0,0.19,0.16,0.42
7942,0,0,0.19,0.16,0.42
7943,275.88,27.85,0.19,0.16,0.42
7944,0,0,0.20,0.17,0.42
7945,0,0,0.19,0.16,0.42
7946,0,0,0.19,0.16,0.42
7947,0,0,0.19,0.16,0.42
7948,0,0,0.20,0.17,0.42
7949,0,0,0.20,0.17,0.42
7950,0,0,0.20,0.17,0.42
7951,0,0,0.20,0.17,0.42
7952,0,0,0.20,0.17,0.42
7953,275.91,27.82,0.20,0.17,0.42
7954,0,0,0.20,0.17,0.42
7955,0,0,0.20,0.17,0.42
7956,0,0,0.20,0.17,0.42
7957,0,0,0.20,0.17,0.42
7958,0,0,0.20,0.17,0.42
7959,0,0,0.19,0.16,0.42
7960,0,0,0.20,0.17,0.42
7961,0,0,0.20,0.17,0.42
7962,0,0,0.20,0.17,0.42
7963,275.93,27.79,0.20,0.17,0.42
7964,0,0,0.20,0.17,0.42
7965,0,0,0.19,0.16,0.42
7966,0,0,0.19,0.16,0.42
7967,0,0,0.19,0.16,0.42
7968,0,0,0.20,0.16,0.41
7969,0,0,0.20,0.16,0.41
7970,0,0,0.20,0.17,0.42
7971,0,0,0.20,0.16,0.41
7972,0,0,0.20,0.17,0.41
7973,275.96,27.76,0.20,0.17,0.41
7974,0,0,0.20,0.16,0.41
7975,0,0,0.20,0.16,0.41
7976,0,0,0.20,0.16,0.41
7977,0,0,0.20,0.16,0.41
7978,0,0,0.20,0.16,0.41
7979,0,0,0.20,0.16,0.40
7980,0,0,0.20,0.16,0.41
7981,0,0,0.20,0.16,0.40
7982,0,0,0.20,0.16,0.40
7983,275.99,27.73,0.20,0.16,0.40
7984,0,0,0.20,0.16,0.40
7985,0,0,0.20,0.16,0.40
7986,0,0,0.20,0.16,0.40
7987,0,0,0.20,0.16,0.40
7988,0,0,0.20,0.16,0.40
7989,0,0,0.20,0.16,0.40
7990,0,0,0.20,0.16,0.40
7991,0,0,0.20,0.16,0.40
7992,0,0,0.20,0.16,0.40
7993,276.02,27.70,0.21,0.16,0.39
7994,0,0,0.21,0.16,0.39
7995,0,0,0.20,0.16,0.39
7996,0,0,0.20,0.16,0.39
7997,0,0,0.21,0.16,0.38
7998,0,0,0.20,0.16,0.39
7999,0,0,0.20,0.16,0.39
8000,0,0,0.21,0.16,0.38
8001,0,0,0.21,0.16,0.38
8002,0,0,0.21,0.16,0.38
8003,276.05,27.67,0.21,0.16,0.38
8004,0,0,0.21,0.16,0.38
8005,0,0,0.21,0.16,0.38
8006,0,0,0.21,0.16,0.38
8007,0,0,0.20,0.15,0.38
8008,0,0,0.21,0.16,0.38
8009,0,0,0.21,0.16,0.38
8010,0,0,0.21,0.16,0.38
8011,0,0,0.21,0.16,0.38
8012,0,0,0.21,0.16,0.38
8013,276.07,27.65,0.21,0.16,0.38
8014,0,0,0.21,0.16,0.38
8015,0,0,0.20,0.15,0.38
8016,0,0,0.20,0.15,0.37
8017,0,0,0.20,0.15,0.38
8018,0,0,0.21,0.16,0.37
8019,0,0,0.21,0.16,0.37
8020,0,0,0.20,0.15,0.37
8021,0,0,0.21,0.16,0.37
8022,0,0,0.21,0.16,0.37
8023,276.10,27.62,0.21,0.16,0.37
8024,0,0,0.21,0.16,0.38
8025,0,0,0.21,0.16,0.37
8026,0,0,0.21,0.16,0.37
8027,0,0,0.21,0.16,0.37
8028,0,0,0.21,0.16,0.37
8029,0,0,0.21,0.16,0.37
8030,0,0,0.21,0.16,0.37
8031,0,0,0.21,0.16,0.37
8032,0,0,0.21,0.16,0.37
8033,276.13,27.59,0.21,0.16,0.38
8034,0,0,0.21,0.16,0.37
8035,0,0,0.21,0.16,0.37
8036,0,0,0.21,0.16,0.37
8037,0,0,0.21,0.16,0.37
8038,0,0,0.21,0.16,0.37
8039,0,0,0.21,0.16,0.37
8040,0,0,0.21,0.16,0.37
8041,0,0,0.21,0.16,0.37
8042,0,0,0.21,0.16,0.37
8043,276.16,27.56,0.21,0.16,0.37
8044,0,0,0.21,0.16,0.37
8045,0,0,0.21,0.16,0.37
8046,0,0,0.21,0.16,0.37
8047,0,0,0.21,0.16,0.37
8048,0,0,0.21,0.16,0.37
8049,0,0,0.21,0.16,0.37
8050,0,0,0.22,0.16,0.36
8051,0,0,0.22,0.16,0.36
8052,0,0,0.22,0.16,0.36
8053,276.19,27.53,0.21,0.15,0.36
8054,0,0,0.22,0.16,0.36
8055,0,0,0.21,0.15,0.36
8056,0,0,0.21,0.15,0.36
8057,0,0,0.22,0.16,0.36
8058,0,0,0.22,0.16,0.36
8059,0,0,0.22,0.16,0.36
8060,0,0,0.21,0.15,0.36
8061,0,0,0.21,0.15,0.36
8062,0,0,0.21,0.15,0.36
8063,276.22,27.50,0.22,0.15,0.35
8064,0,0,0.22,0.15,0.35
8065,0,0,0.22,0.15,0.35
8066,0,0,0.22,0.16,0.35
8067,0,0,0.22,0.15,0.35
8068,0,0,0.22,0.15,0.35
8069,0,0,0.22,0.15,0.35
8070,0,0,0.22,0.15,0.35
8071,0,0,0.22,0.15,0.35
8072,0,0,0.22,0.15,0.35
8073,276.24,27.47,0.22,0.15,0.35
8074,0,0,0.22,0.15,0.35
8075,0,0,0.22,0.15,0.35
8076,0,0,0.22,0.15,0.35
8077,0,0,0.22,0.15,0.34
8078,0,0,0.22,0.15,0.34
8079,0,0,0.22,0.15,0.34
8080,0,0,0.22,0.15,0.34
8081,0,0,0.22,0.15,0.34
8082,0,0,0.22,0.15,0.34
8083,276.27,27.44,0.22,0.15,0.34
8084,0,0,0.23,0.15,0.33
8085,0,0,0.23,0.15,0.33
8086,0,0,0.22,0.15,0.33
8087,0,0,0.22,0.15,0.33
8088,0,0,0.22,0.15,0.33
8089,0,0,0.23,0.15,0.33
8090,0,0,0.22,0.15,0.33
8091,0,0,0.22,0.15,0.33
8092,0,0,0.22,0.15,0.33
8093,276.30,27.41,0.22,0.15,0.33
8094,0,0,0.22,0.15,0.33
8095,0,0,0.22,0.15,0.33
8096,0,0,0.22,0.15,0.33
8097,0,0,0.22,0.15,0.33
8098,0,0,0.22,0.15,0.33
8099,0,0,0.22,0.15,0.33
8100,0,0,0.22,0.15,0.33
8101,0,0,0.22,0.15,0.33
8102,0,0,0.22,0.15,0.33
8103,276.33,27.39,0.23,0.15,0.32
8104,0,0,0.23,0.15,0.32
8105,0,0,0.22,0.14,0.32
8106,0,0,0.23,0.15,0.32
8107,0,0,0.22,0.14,0.32
8108,0,0,0.23,0.15,0.32
8109,0,0,0.23,0.15,0.32
8110,0,0,0.22,0.14,0.32
8111,0,0,0.22,0.14,0.32
8112,0,0,0.22,0.14,0.32
8113,276.36,27.36,0.22,0.14,0.32
8114,0,0,0.23,0.14,0.31
8115,0,0,0.23,0.14,0.31
8116,0,0,0.23,0.14,0.31
8117,0,0,0.23,0.14,0.31
8118,0,0,0.23,0.14,0.31
8119,0,0,0.23,0.14,0.31
8120,0,0,0.23,0.14,0.31
8121,0,0,0.23,0.14,0.31
8122,276.39,27.33,0.22,0.14,0.31
8123,0,0,0.23,0.14,0.31
8124,0,0,0.23,0.14,0.31
8125,0,0,0.22,0.14,0.31
8126,0,0,0.23,0.14,0.31
8127,0,0,0.23,0.14,0.31
8128,0,0,0.23,0.14,0.30
8129,0,0,0.23,0.14,0.30
8130,0,0,0.23,0.14,0.30
8131,0,0,0.23,0.14,0.30
8132,276.41,27.30,0.22,0.14,0.31
8133,0,0,0.23,0.14,0.30
8134,0,0,0.23,0.14,0.30
8135,0,0,0.23,0.14,0.30
8136,0,0,0.23,0.14,0.30
8137,0,0,0.23,0.14,0.30
8138,0,0,0.23,0.14,0.30
8139,0,0,0.23,0.14,0.30
8140,0,0,0.23,0.14,0.30
8141,0,0,0.23,0.14,0.30
8142,276.44,27.27,0.23,0.14,0.30
8143,0,0,0.23,0.14,0.29
8144,0,0,0.23,0.14,0.29
8145,0,0,0.23,0.14,0.30
8146,0,0,0.23,0.14,0.29
8147,0,0,0.23,0.14,0.30
8148,0,0,0.23,0.14,0.29
8149,0,0,0.22,0.13,0.29
8150,0,0,0.23,0.14,0.29
8151,0,0,0.22,0.13,0.30
8152,276.47,27.24,0.23,0.14,0.30
8153,0,0,0.23,0.14,0.29
8154,0,0,0.22,0.13,0.29
8155,0,0,0.23,0.14,0.29
8156,0,0,0.23,0.14,0.29
8157,0,0,0.23,0.14,0.29
8158,0,0,0.22,0.13,0.29
8159,0,0,0.22,0.13,0.29
8160,0,0,0.23,0.13,0.29
8161,0,0,0.23,0.13,0.29
8162,276.50,27.21,0.22,0.13,0.29
8163,0,0,0.22,0.13,0.29
8164,0,0,0.23,0.13,0.29
8165,0,0,0.24,0.14,0.29
8166,0,0,0.23,0.13,0.29
8167,0,0,0.23,0.13,0.29
8168,0,0,0.23,0.13,0.29
8169,0,0,0.23,0.13,0.28
8170,0,0,0.23,0.13,0.28
8171,0,0,0.23,0.13,0.29
8172,276.53,27.18,0.23,0.13,0.28
8173,0,0,0.23,0.13,0.28
8174,0,0,0.23,0.13,0.28
8175,0,0,0.23,0.13,0.28
8176,0,0,0.23,0.13,0.28
8177,0,0,0.22,0.13,0.28
8178,0,0,0.22,0.13,0.28
8179,0,0,0.22,0.13,0.28
8180,0,0,0.23,0.13,0.28
8181,0,0,0.23,0.13,0.28
8182,276.55,27.16,0.22,0.13,0.28
8183,0,0,0.23,0.13,0.28
8184,0,0,0.22,0.13,0.28
8185,0,0,0.23,0.13,0.28
8186,0,0,0.23,0.13,0.28
8187,0,0,0.23,0.13,0.28
8188,0,0,0.23,0.13,0.28
8189,0,0,0.23,0.13,0.28
8190,0,0,0.23,0.13,0.28
8191,0,0,0.23,0.13,0.28
8192,276.58,27.13,0.23,0.13,0.28
8193,0,0,0.23,0.13,0.27
8194,0,0,0.23,0.13,0.28
8195,0,0,0.23,0.13,0.27
8196,0,0,0.23,0.13,0.27
8197,0,0,0.23,0.13,0.28
8198,0,0,0.23,0.13,0.27
8199,0,0,0.23,0.13,0.27
8200,0,0,0.23,0.13,0.27
8201,0,0,0.23,0.13,0.27
8202,276.61,27.10,0.23,0.13,0.27
8203,0,0,0.23,0.13,0.27
8204,0,0,0.23,0.13,0.27
8205,0,0,0.23,0.13,0.27
8206,0,0,0.23,0.13,0.27
8207,0,0,0.23,0.13,0.27
8208,0,0,0.22,0.12,0.27
8209,0,0,0.23,0.13,0.27
8210,0,0,0.23,0.13,0.27
8211,0,0,0.23,0.12,0.27
8212,276.64,27.07,0.23,0.13,0.27
8213,0,0,0.23,0.12,0.27
8214,0,0,0.23,0.13,0.27
8215,0,0,0.23,0.12,0.27
8216,0,0,0.24,0.13,0.27
8217,0,0,0.24,0.13,0.27
8218,0,0,0.24,0.13,0.27
8219,0,0,0.23,0.12,0.27
8220,0,0,0.24,0.13,0.27
8221,0,0,0.22,0.12,0.27
8222,276.67,27.04,0.24,0.13,0.27
8223,0,0,0.24,0.13,0.27
8224,0,0,0.23,0.13,0.27
8225,0,0,0.24,0.13,0.27
8226,0,0,0.23,0.12,0.27
8227,0,0,0.24,0.13,0.27
8228,0,0,0.23,0.12,0.27
8229,0,0,0.24,0.13,0.27
8230,0,0,0.24,0.13,0.27
8231,0,0,0.23,0.12,0.27
8232,276.69,27.01,0.23,0.12,0.27
8233,0,0,0.23,0.12,0.27
8234,0,0,0.23,0.12,0.27
8235,0,0,0.23,0.12,0.27
8236,0,0,0.23,0.12,0.26
8237,0,0,0.23,0.12,0.26
8238,0,0,0.23,0.12,0.26
8239,0,0,0.23,0.12,0.26
8240,0,0,0.23,0.12,0.26
8241,0,0,0.23,0.12,0.26
8242,276.72,26.98,0.23,0.12,0.26
8243,0,0,0.23,0.12,0.26
8244,0,0,0.23,0.12,0.26
8245,0,0,0.23,0.12,0.26
8246,0,0,0.23,0.12,0.26
8247,0,0,0.23,0.12,0.26
8248,0,0,0.23,0.12,0.26
8249,0,0,0.22,0.12,0.26
8250,0,0,0.24,0.12,0.26
8251,0,0,0.23,0.12,0.26
8252,276.75,26.95,0.24,0.12,0.26
8253,0,0,0.22,0.12,0.26
8254,0,0,0.23,0.12,0.26
8255,0,0,0.23,0.12,0.26
8256,0,0,0.23,0.12,0.26
8257,0,0,0.23,0.12,0.26
8258,0,0,0.23,0.12,0.26
8259,0,0,0.23,0.12,0.26
8260,0,0,0.23,0.12,0.26
8261,0,0,0.23,0.12,0.26
8262,276.78,26.92,0.23,0.12,0.26
8263,0,0,0.23,0.12,0.26
8264,0,0,0.23,0.12,0.26
8265,0,0,0.23,0.12,0.26
8266,0,0,0.23,0.12,0.25
8267,0,0,0.22,0.11,0.26
8268,0,0,0.23,0.12,0.26
8269,0,0,0.23,0.12,0.25
8270,0,0,0.22,0.11,0.25
8271,0,0,0.22,0.11,0.25
8272,276.81,26.90,0.22,0.11,0.25
8273,0,0,0.22,0.11,0.25
8274,0,0,0.22,0.11,0.25
8275,0,0,0.23,0.12,0.25
8276,0,0,0.23,0.12,0.25
8277,0,0,0.22,0.11,0.25
8278,0,0,0.22,0.11,0.25
8279,0,0,0.22,0.11,0.25
8280,0,0,0.22,0.11,0.25
8281,0,0,0.22,0.11,0.25
8282,276.84,26.87,0.22,0.11,0.25
8283,0,0,0.22,0.11,0.25
8284,0,0,0.22,0.11,0.25
8285,0,0,0.22,0.11,0.25
8286,0,0,0.23,0.11,0.25
8287,0,0,0.23,0.11,0.25
8288,0,0,0.22,0.11,0.25
8289,0,0,0.22,0.11,0.25
8290,0,0,0.22,0.11,0.25
8291,0,0,0.22,0.11,0.25
8292,276.86,26.84,0.23,0.11,0.25
8293,0,0,0.23,0.11,0.25
8294,0,0,0.23,0.11,0.25
8295,0,0,0.23,0.11,0.25
8296,0,0,0.23,0.11,0.25
8297,0,0,0.23,0.11,0.25
8298,0,0,0.23,0.11,0.25
8299,0,0,0.23,0.11,0.25
8300,0,0,0.22,0.11,0.25
8301,0,0,0.22,0.11,0.25
8302,276.89,26.81,0.22,0.11,0.25
8303,0,0,0.22,0.11,0.25
8304,0,0,0.22,0.11,0.25
8305,0,0,0.23,0.11,0.25
8306,0,0,0.23,0.11,0.25
8307,0,0,0.21,0.11,0.25
8308,0,0,0.23,0.11,0.25
8309,0,0,0.22,0.11,0.25
8310,0,0,0.22,0.11,0.25
8311,0,0,0.22,0.11,0.25
8312,276.92,26.78,0.22,0.11,0.25
8313,0,0,0.23,0.11,0.25
8314,0,0,0.23,0.11,0.25
8315,0,0,0.23,0.11,0.25
8316,0,0,0.22,0.11,0.25
8317,0,0,0.23,0.11,0.25
8318,0,0,0.22,0.11,0.25
8319,0,0,0.22,0.11,0.25
8320,0,0,0.22,0.11,0.25
8321,0,0,0.22,0.11,0.25
8322,276.95,26.75,0.23,0.11,0.25
8323,0,0,0.23,0.11,0.25
8324,0,0,0.22,0.11,0.25
8325,0,0,0.22,0.11,0.25
8326,0,0,0.22,0.11,0.25
8327,0,0,0.22,0.11,0.25
8328,0,0,0.22,0.11,0.25
8329,0,0,0.22,0.11,0.24
8330,0,0,0.22,0.11,0.24
8331,0,0,0.22,0.11,0.24
8332,276.98,26.72,0.22,0.11,0.24
8333,0,0,0.22,0.11,0.24
8334,0,0,0.22,0.11,0.24
8335,0,0,0.22,0.11,0.24
8336,0,0,0.22,0.11,0.25
8337,0,0,0.22,0.11,0.24
8338,0,0,0.22,0.11,0.24
8339,0,0,0.22,0.11,0.24
8340,0,0,0.22,0.11,0.24
8341,0,0,0.22,0.11,0.24
8342,277.00,26.69,0.22,0.11,0.24
8343,0,0,0.22,0.11,0.24
8344,0,0,0.22,0.11,0.24
8345,0,0,0.22,0.11,0.24
8346,0,0,0.22,0.11,0.24
8347,0,0,0.21,0.10,0.24
8348,0,0,0.21,0.10,0.24
8349,0,0,0.21,0.10,0.24
8350,0,0,0.21,0.10,0.24
8351,0,0,0.22,0.11,0.24
8352,277.03,26.67,0.21,0.10,0.24
8353,0,0,0.21,0.10,0.24
8354,0,0,0.22,0.11,0.24
8355,0,0,0.21,0.10,0.24
8356,0,0,0.21,0.10,0.24
8357,0,0,0.21,0.10,0.24
8358,0,0,0.21,0.10,0.24
8359,0,0,0.21,0.10,0.24
8360,0,0,0.21,0.10,0.24
8361,0,0,0.21,0.10,0.24
8362,277.06,26.64,0.21,0.10,0.24
8363,0,0,0.21,0.10,0.24
8364,0,0,0.21,0.10,0.24
8365,0,0,0.21,0.10,0.24
8366,0,0,0.21,0.10,0.24
8367,0,0,0.21,0.10,0.24
8368,0,0,0.21,0.10,0.24
8369,0,0,0.22,0.11,0.24
8370,0,0,0.21,0.10,0.24
8371,0,0,0.21,0.10,0.24
8372,277.09,26.61,0.21,0.10,0.24
8373,0,0,0.21,0.10,0.24
8374,0,0,0.21,0.10,0.24
8375,0,0,0.21,0.10,0.24
8376,0,0,0.21,0.10,0.24
8377,0,0,0.21,0.10,0.24
8378,0,0,0.21,0.10,0.24
8379,0,0,0.21,0.10,0.24
8380,0,0,0.21,0.10,0.24
8381,0,0,0.21,0.10,0.24
8382,277.12,26.58,0.21,0.10,0.24
8383,0,0,0.21,0.10,0.24
8384,0,0,0.21,0.10,0.24
8385,0,0,0.21,0.10,0.24
8386,0,0,0.21,0.10,0.24
8387,0,0,0.21,0.10,0.24
8388,0,0,0.21,0.10,0.24
8389,0,0,0.21,0.10,0.24
8390,0,0,0.21,0.10,0.24
8391,0,0,0.21,0.10,0.24
8392,277.14,26.55,0.21,0.10,0.24
8393,0,0,0.21,0.10,0.24
8394,0,0,0.21,0.10,0.24
8395,0,0,0.21,0.10,0.24
8396,0,0,0.20,0.10,0.24
8397,0,0,0.20,0.10,0.24
8398,0,0,0.21,0.10,0.24
8400,0,0,0.20,0.10,0.24
8401,0,0,0.21,0.10,0.24
8402,0,0,0.21,0.10,0.24
8403,277.17,26.52,0.21,0.10,0.24
8404,0,0,0.21,0.10,0.24
8405,0,0,0.21,0.10,0.24
8406,0,0,0.20,0.10,0.24
8407,0,0,0.20,0.10,0.24
8408,0,0,0.21,0.10,0.24
8409,0,0,0.21,0.10,0.24
8410,0,0,0.20,0.10,0.24
8411,0,0,0.20,0.10,0.24
8412,0,0,0.21,0.10,0.23
8413,277.20,26.49,0.22,0.10,0.23
8414,0,0,0.21,0.10,0.23
8415,0,0,0.21,0.10,0.23
8416,0,0,0.22,0.10,0.23
8417,0,0,0.20,0.10,0.24
8418,0,0,0.21,0.10,0.24
8419,0,0,0.20,0.10,0.24
8420,0,0,0.21,0.10,0.24
8421,0,0,0.21,0.10,0.24
8422,0,0,0.20,0.10,0.24
8423,277.23,26.46,0.20,0.10,0.24
8424,0,0,0.21,0.10,0.24
8425,0,0,0.20,0.10,0.24
8426,0,0,0.21,0.10,0.24
8427,0,0,0.21,0.10,0.24
8428,0,0,0.21,0.10,0.24
8429,0,0,0.21,0.10,0.24
8430,0,0,0.21,0.10,0.24
8431,0,0,0.21,0.10,0.24
8432,0,0,0.21,0.10,0.24
8433,277.26,26.44,0.21,0.10,0.24
8434,0,0,0.21,0.10,0.24
8435,0,0,0.21,0.10,0.24
8436,0,0,0.21,0.10,0.24
8437,0,0,0.21,0.10,0.24
8438,0,0,0.21,0.10,0.24
8439,0,0,0.21,0.10,0.24
8440,0,0,0.21,0.10,0.24
8441,0,0,0.21,0.10,0.24
8442,0,0,0.21,0.10,0.24
8443,277.28,26.41,0.21,0.10,0.24
8444,0,0,0.21,0.10,0.24
8445,0,0,0.21,0.10,0.24
8446,0,0,0.21,0.10,0.24
8447,0,0,0.21,0.10,0.25
8448,0,0,0.21,0.10,0.24
8449,0,0,0.21,0.10,0.24
8450,0,0,0.21,0.10,0.24
8451,0,0,0.21,0.10,0.24
8452,0,0,0.21,0.10,0.24
8453,277.31,26.38,0.21,0.10,0.24
8454,0,0,0.21,0.10,0.24
8455,0,0,0.21,0.10,0.24
8456,0,0,0.21,0.10,0.24
8457,0,0,0.20,0.10,0.24
8458,0,0,0.21,0.10,0.24
8459,0,0,0.21,0.10,0.24
8460,0,0,0.21,0.10,0.24
8461,0,0,0.21,0.10,0.24
8462,0,0,0.21,0.10,0.24
8463,277.34,26.35,0.21,0.10,0.24
8464,0,0,0.21,0.10,0.24
8465,0,0,0.21,0.10,0.24
8466,0,0,0.21,0.10,0.24
8467,0,0,0.21,0.10,0.24
8468,0,0,0.21,0.10,0.24
8469,0,0,0.21,0.10,0.24
8470,0,0,0.21,0.10,0.24
8471,0,0,0.21,0.10,0.24
8472,0,0,0.21,0.10,0.24
8473,277.37,26.32,0.21,0.10,0.24
8474,0,0,0.20,0.10,0.24
8475,0,0,0.21,0.10,0.24
8476,0,0,0.21,0.10,0.24
8477,0,0,0.21,0.10,0.24
8478,0,0,0.20,0.10,0.24
8479,0,0,0.21,0.10,0.24
8480,0,0,0.21,0.10,0.24
8481,0,0,0.21,0.10,0.24
8482,0,0,0.21,0.10,0.24
8483,277.40,26.29,0.20,0.10,0.24
8484,0,0,0.21,0.10,0.24
8485,0,0,0.21,0.10,0.24
8486,0,0,0.21,0.10,0.24
8487,0,0,0.20,0.10,0.24
8488,0,0,0.21,0.10,0.24
8489,0,0,0.21,0.10,0.24
8490,0,0,0.21,0.10,0.24
8491,0,0,0.20,0.10,0.24
8492,0,0,0.21,0.10,0.24
8493,277.42,26.26,0.21,0.10,0.24
8494,0,0,0.21,0.10,0.24
8495,0,0,0.21,0.10,0.24
8496,0,0,0.21,0.10,0.24
8497,0,0,0.20,0.10,0.24
8498,0,0,0.21,0.10,0.24
8499,0,0,0.21,0.10,0.24
8500,0,0,0.21,0.10,0.24
8501,0,0,0.21,0.10,0.24
8502,0,0,0.20,0.10,0.24
8503,277.45,26.23,0.21,0.10,0.24
8504,0,0,0.20,0.10,0.24
8505,0,0,0.21,0.10,0.24
8506,0,0,0.20,0.10,0.24
8507,0,0,0.20,0.10,0.24
8508,0,0,0.20,0.10,0.24
8509,0,0,0.20,0.10,0.24
8510,0,0,0.20,0.10,0.24
8511,0,0,0.20,0.10,0.24
8512,0,0,0.20,0.10,0.24
8513,277.48,26.21,0.20,0.10,0.24
8514,0,0,0.20,0.10,0.24
8515,0,0,0.20,0.10,0.24
8516,0,0,0.22,0.10,0.23
8517,0,0,0.20,0.10,0.24
8518,0,0,0.20,0.10,0.24
8519,0,0,0.21,0.10,0.23
8520,0,0,0.20,0.10,0.24
8521,0,0,0.20,0.10,0.24
8522,0,0,0.21,0.10,0.24
8523,277.51,26.18,0.21,0.10,0.23
8524,0,0,0.20,0.10,0.24
8525,0,0,0.22,0.10,0.23
8526,0,0,0.21,0.10,0.23
8527,0,0,0.21,0.10,0.23
8528,0,0,0.22,0.10,0.23
8529,0,0,0.21,0.10,0.23
8530,0,0,0.21,0.10,0.23
8531,0,0,0.21,0.10,0.23
8532,0,0,0.21,0.10,0.23
8533,277.54,26.15,0.21,0.10,0.23
8534,0,0,0.21,0.10,0.23
8535,0,0,0.21,0.10,0.23
8536,0,0,0.21,0.10,0.23
8537,0,0,0.21,0.10,0.23
8538,0,0,0.21,0.10,0.23
8539,0,0,0.21,0.10,0.23
8540,0,0,0.21,0.10,0.23
8541,0,0,0.21,0.10,0.23
8542,0,0,0.21,0.10,0.23
8543,277.57,26.12,0.21,0.10,0.23
8544,0,0,0.21,0.10,0.23
8545,0,0,0.21,0.10,0.23
8546,0,0,0.21,0.10,0.23
8547,0,0,0.21,0.10,0.23
8548,0,0,0.21,0.10,0.23
8549,0,0,0.21,0.10,0.23
8550,0,0,0.21,0.10,0.23
8551,0,0,0.21,0.10,0.23
8552,0,0,0.21,0.10,0.23
8553,277.59,26.09,0.21,0.10,0.23
8554,0,0,0.21,0.10,0.23
8555,0,0,0.21,0.10,0.23
8556,0,0,0.21,0.10,0.23
8557,0,0,0.21,0.10,0.23
8558,0,0,0.21,0.10,0.23
8559,0,0,0.21,0.10,0.23
8560,0,0,0.21,0.10,0.23
8561,0,0,0.21,0.10,0.23
8562,0,0,0.21,0.10,0.23
8563,277.62,26.06,0.21,0.10,0.23
8564,0,0,0.21,0.10,0.23
8565,0,0,0.21,0.10,0.23
8566,0,0,0.21,0.10,0.23
8567,0,0,0.21,0.10,0.23
8568,0,0,0.21,0.10,0.23
8569,0,0,0.21,0.10,0.23
8570,0,0,0.21,0.10,0.23
8571,0,0,0.21,0.10,0.23
8572,0,0,0.21,0.10,0.23
8573,277.65,26.03,0.21,0.10,0.23
8574,0,0,0.21,0.10,0.23
8575,0,0,0.21,0.10,0.23
8576,0,0,0.21,0.10,0.23
8577,0,0,0.21,0.10,0.23
8578,0,0,0.21,0.10,0.23
8579,0,0,0.21,0.10,0.23
8580,0,0,0.20,0.09,0.23
8581,0,0,0.21,0.10,0.23
8582,0,0,0.21,0.10,0.23
8583,277.68,26.00,0.21,0.10,0.23
8584,0,0,0.21,0.10,0.23
8585,0,0,0.21,0.10,0.23
8586,0,0,0.20,0.09,0.23
8587,0,0,0.21,0.10,0.23
8588,0,0,0.21,0.10,0.23
8589,0,0,0.21,0.10,0.23
8590,0,0,0.21,0.10,0.23
8591,0,0,0.21,0.10,0.23
8592,0,0,0.21,0.10,0.23
8593,277.70,25.98,0.21,0.10,0.23
8594,0,0,0.21,0.10,0.23
8595,0,0,0.21,0.10,0.23
8596,0,0,0.21,0.10,0.23
8597,0,0,0.20,0.09,0.23
8598,0,0,0.21,0.10,0.23
8599,0,0,0.21,0.10,0.23
8600,0,0,0.21,0.10,0.23
8601,0,0,0.21,0.10,0.23
8602,0,0,0.21,0.10,0.23
8603,277.73,25.95,0.21,0.10,0.23
8604,0,0,0.21,0.10,0.23
8605,0,0,0.20,0.09,0.23
8606,0,0,0.21,0.10,0.23
8607,0,0,0.20,0.09,0.23
8608,0,0,0.21,0.10,0.23
8609,0,0,0.21,0.10,0.23
8610,0,0,0.21,0.10,0.23
8611,0,0,0.21,0.10,0.23
8612,0,0,0.21,0.10,0.23
8613,277.76,25.92,0.21,0.10,0.23
8614,0,0,0.21,0.10,0.23
8615,0,0,0.21,0.10,0.23
8616,0,0,0.20,0.09,0.23
8617,0,0,0.21,0.10,0.23
8618,0,0,0.21,0.10,0.23
8619,0,0,0.21,0.10,0.23
8620,0,0,0.21,0.10,0.23
8621,0,0,0.21,0.10,0.23
8622,0,0,0.21,0.10,0.23
8623,277.79,25.89,0.21,0.10,0.23
8624,0,0,0.21,0.10,0.23
8625,0,0,0.21,0.10,0.23
8626,0,0,0.21,0.10,0.23
8627,0,0,0.21,0.10,0.23
8628,0,0,0.21,0.10,0.23
8629,0,0,0.21,0.10,0.23
8630,0,0,0.21,0.10,0.23
8631,0,0,0.21,0.10,0.23
8632,0,0,0.21,0.10,0.23
8633,277.82,25.86,0.20,0.09,0.23
8634,0,0,0.21,0.10,0.23
8635,0,0,0.21,0.10,0.23
8636,0,0,0.21,0.10,0.23
8637,0,0,0.20,0.09,0.23
8638,0,0,0.21,0.10,0.23
8639,0,0,0.20,0.09,0.23
8640,0,0,0.21,0.10,0.23
8641,0,0,0.20,0.09,0.23
8642,0,0,0.21,0.10,0.23
8643,277.85,25.83,0.21,0.10,0.23
8644,0,0,0.21,0.10,0.23
8645,0,0,0.21,0.10,0.23
8646,0,0,0.20,0.09,0.23
8647,0,0,0.21,0.10,0.23
8648,0,0,0.21,0.10,0.23
8649,0,0,0.20,0.09,0.23
8650,0,0,0.21,0.10,0.23
8651,0,0,0.21,0.10,0.23
8652,0,0,0.21,0.10,0.23
8653,277.87,25.80,0.21,0.10,0.23
8654,0,0,0.21,0.10,0.23
8655,0,0,0.21,0.10,0.23
8656,0,0,0.21,0.10,0.23
8657,0,0,0.21,0.10,0.23
8658,0,0,0.21,0.10,0.23
8659,0,0,0.20,0.09,0.23
8660,0,0,0.20,0.09,0.23
8661,0,0,0.21,0.10,0.23
8662,0,0,0.20,0.09,0.23
8663,277.90,25.77,0.21,0.10,0.23
8664,0,0,0.21,0.10,0.23
8665,0,0,0.21,0.10,0.23
8666,0,0,0.21,0.10,0.23
8667,0,0,0.21,0.10,0.23
8668,0,0,0.21,0.10,0.23
8669,0,0,0.21,0.10,0.23
8670,0,0,0.21,0.10,0.23
8671,0,0,0.21,0.10,0.23
8672,0,0,0.20,0.09,0.23
8673,277.93,25.75,0.21,0.10,0.23
8674,0,0,0.20,0.09,0.23
8675,0,0,0.21,0.10,0.23
8676,0,0,0.21,0.10,0.23
8677,0,0,0.21,0.10,0.23
8678,0,0,0.21,0.10,0.23
8679,0,0,0.20,0.09,0.23
8680,0,0,0.21,0.10,0.23
8681,0,0,0.20,0.09,0.23
8682,0,0,0.21,0.10,0.23
8683,277.96,25.72,0.21,0.10,0.23
8684,0,0,0.21,0.10,0.23
8685,0,0,0.20,0.09,0.23
8686,0,0,0.21,0.10,0.23
8687,0,0,0.21,0.10,0.23
8688,0,0,0.20,0.09,0.23
8689,0,0,0.20,0.09,0.23
8690,0,0,0.22,0.10,0.22
8691,0,0,0.21,0.10,0.23
8692,0,0,0.21,0.10,0.23
8693,277.98,25.69,0.20,0.09,0.23
8694,0,0,0.21,0.10,0.23
8695,0,0,0.21,0.10,0.23
8696,0,0,0.21,0.10,0.23
8697,0,0,0.21,0.10,0.23
8698,0,0,0.21,0.10,0.23
8699,0,0,0.20,0.09,0.23
8700,0,0,0.20,0.09,0.23
8701,0,0,0.21,0.10,0.23
8702,278.01,25.66,0.20,0.09,0.23
8703,0,0,0.21,0.10,0.23
8704,0,0,0.20,0.09,0.23
8705,0,0,0.21,0.10,0.23
8706,0,0,0.22,0.10,0.22
8707,0,0,0.20,0.09,0.23
8708,0,0,0.21,0.10,0.23
8709,0,0,0.21,0.10,0.23
8710,0,0,0.21,0.10,0.23
8711,0,0,0.20,0.09,0.23
8712,278.04,25.63,0.20,0.09,0.23
8713,0,0,0.20,0.09,0.23
8714,0,0,0.22,0.10,0.22
8715,0,0,0.21,0.09,0.22
8716,0,0,0.22,0.10,0.22
8717,0,0,0.21,0.10,0.23
8718,0,0,0.21,0.09,0.22
8719,0,0,0.20,0.09,0.23
8720,0,0,0.21,0.09,0.22
8721,0,0,0.21,0.10,0.23
8722,278.07,25.60,0.20,0.09,0.23
8723,0,0,0.21,0.10,0.23
8724,0,0,0.20,0.09,0.23
8725,0,0,0.20,0.09,0.23
8726,0,0,0.21,0.10,0.23
8727,0,0,0.20,0.09,0.23
8728,0,0,0.21,0.10,0.23
8729,0,0,0.22,0.10,0.22
8730,0,0,0.20,0.09,0.23
8731,0,0,0.22,0.10,0.22
8732,278.10,25.57,0.21,0.09,0.22
8733,0,0,0.21,0.09,0.22
8734,0,0,0.21,0.09,0.22
8735,0,0,0.20,0.09,0.23
8736,0,0,0.21,0.09,0.22
8737,0,0,0.21,0.09,0.22
8738,0,0,0.20,0.09,0.23
8739,0,0,0.22,0.10,0.22
8740,0,0,0.21,0.09,0.22
8741,0,0,0.20,0.09,0.23
8742,278.12,25.54,0.21,0.09,0.22
8743,0,0,0.21,0.09,0.22
8744,0,0,0.22,0.10,0.22
8745,0,0,0.22,0.10,0.22
8746,0,0,0.20,0.09,0.23
8747,0,0,0.22,0.10,0.22
8748,0,0,0.21,0.09,0.22
8749,0,0,0.21,0.09,0.22
8750,0,0,0.20,0.09,0.23
8751,0,0,0.22,0.10,0.22
8752,278.15,25.52,0.22,0.10,0.22
8753,0,0,0.21,0.10,0.23
8754,0,0,0.22,0.10,0.22
8755,0,0,0.20,0.09,0.23
8756,0,0,0.21,0.09,0.22
8757,0,0,0.21,0.09,0.22
8758,0,0,0.21,0.09,0.22
8759,0,0,0.21,0.09,0.22
8760,0,0,0.21,0.09,0.22
8761,0,0,0.21,0.09,0.22
8762,278.18,25.49,0.21,0.09,0.22
8763,0,0,0.21,0.09,0.22
8764,0,0,0.21,0.09,0.22
8765,0,0,0.22,0.10,0.22
8766,0,0,0.21,0.09,0.22
8767,0,0,0.21,0.09,0.22
8768,0,0,0.21,0.09,0.22
8769,0,0,0.21,0.09,0.22
8770,0,0,0.22,0.10,0.22
8771,0,0,0.21,0.09,0.22
8772,278.21,25.46,0.22,0.10,0.22
8773,0,0,0.22,0.10,0.22
8774,0,0,0.21,0.09,0.22
8775,0,0,0.22,0.10,0.22
8776,0,0,0.21,0.09,0.22
8777,0,0,0.22,0.10,0.22
8778,0,0,0.21,0.09,0.22
8779,0,0,0.21,0.09,0.22
8780,0,0,0.21,0.09,0.22
8781,0,0,0.22,0.10,0.22
8782,278.24,25.43,0.21,0.09,0.22
8783,0,0,0.21,0.09,0.22
8784,0,0,0.21,0.09,0.22
8785,0,0,0.21,0.09,0.22
8786,0,0,0.22,0.10,0.22
8787,0,0,0.21,0.09,0.22
8788,0,0,0.21,0.09,0.22
8789,0,0,0.21,0.09,0.22
8790,0,0,0.22,0.10,0.22
8791,0,0,0.21,0.09,0.22
8792,278.26,25.40,0.21,0.09,0.22
8793,0,0,0.21,0.09,0.22
8794,0,0,0.22,0.10,0.22
8795,0,0,0.21,0.09,0.22
8796,0,0,0.21,0.09,0.22
8797,0,0,0.21,0.09,0.22
8798,0,0,0.21,0.09,0.22
8799,0,0,0.21,0.09,0.22
8800,0,0,0.22,0.10,0.22
8801,0,0,0.21,0.09,0.22
8802,278.29,25.37,0.21,0.09,0.22
8803,0,0,0.21,0.09,0.22
8804,0,0,0.21,0.09,0.22
8805,0,0,0.21,0.09,0.22
8806,0,0,0.21,0.09,0.22
8807,0,0,0.21,0.09,0.22
8808,0,0,0.21,0.09,0.22
8809,0,0,0.21,0.09,0.22
8810,0,0,0.21,0.09,0.22
8811,0,0,0.22,0.10,0.22
8812,278.32,25.34,0.21,0.09,0.22
8813,0,0,0.21,0.09,0.22
8814,0,0,0.21,0.09,0.22
8815,0,0,0.22,0.10,0.22
8816,0,0,0.21,0.09,0.22
8817,0,0,0.21,0.09,0.22
8818,0,0,0.21,0.09,0.22
8819,0,0,0.21,0.09,0.22
8820,0,0,0.21,0.09,0.22
8821,0,0,0.21,0.09,0.22
8822,278.35,25.32,0.21,0.09,0.22
8823,0,0,0.21,0.09,0.22
8824,0,0,0.21,0.09,0.22
8825,0,0,0.21,0.09,0.22
8826,0,0,0.21,0.09,0.22
8827,0,0,0.21,0.09,0.22
8828,0,0,0.21,0.09,0.22
8829,0,0,0.21,0.09,0.22
8830,0,0,0.21,0.09,0.22
8831,0,0,0.22,0.10,0.22
8832,278.37,25.29,0.21,0.09,0.22
8833,0,0,0.21,0.09,0.22
8834,0,0,0.21,0.09,0.22
8835,0,0,0.21,0.09,0.22
8836,0,0,0.21,0.09,0.22
8837,0,0,0.21,0.09,0.22
8838,0,0,0.21,0.09,0.22
8839,0,0,0.21,0.09,0.22
8840,0,0,0.21,0.09,0.22
8841,0,0,0.21,0.09,0.22
8842,278.40,25.26,0.21,0.09,0.22
8843,0,0,0.21,0.09,0.22
8844,0,0,0.21,0.09,0.22
8845,0,0,0.21,0.09,0.22
8846,0,0,0.21,0.09,0.22
8847,0,0,0.21,0.09,0.22
8848,0,0,0.21,0.09,0.22
8849,0,0,0.21,0.09,0.22
8850,0,0,0.21,0.09,0.22
8851,0,0,0.21,0.09,0.22
8852,278.43,25.23,0.21,0.09,0.22
8853,0,0,0.21,0.09,0.22
8854,0,0,0.21,0.09,0.22
8855,0,0,0.21,0.09,0.22
8856,0,0,0.21,0.09,0.22
8857,0,0,0.21,0.09,0.22
8858,0,0,0.21,0.09,0.22
8859,0,0,0.21,0.09,0.22
8860,0,0,0.21,0.09,0.22
8861,0,0,0.21,0.09,0.22
8862,278.46,25.20,0.21,0.09,0.22
8863,0,0,0.21,0.09,0.22
8864,0,0,0.21,0.09,0.22
8865,0,0,0.22,0.10,0.22
8866,0,0,0.21,0.09,0.22
8868,0,0,0.21,0.09,0.22
8869,0,0,0.21,0.09,0.22
8870,0,0,0.21,0.09,0.22
8871,0,0,0.21,0.09,0.22
8872,0,0,0.21,0.09,0.22
8873,278.49,25.17,0.21,0.09,0.22
8874,0,0,0.21,0.09,0.22
8875,0,0,0.21,0.09,0.22
8876,0,0,0.20,0.09,0.22
8877,0,0,0.21,0.09,0.22
8878,0,0,0.21,0.09,0.22
8879,0,0,0.21,0.09,0.22
8880,0,0,0.21,0.09,0.22
8881,0,0,0.21,0.09,0.22
8882,0,0,0.21,0.09,0.22
8883,278.51,25.14,0.21,0.09,0.22
8884,0,0,0.21,0.09,0.22
8885,0,0,0.21,0.09,0.22
8886,0,0,0.21,0.09,0.22
8887,0,0,0.21,0.09,0.22
8888,0,0,0.21,0.09,0.22
8889,0,0,0.21,0.09,0.22
8890,0,0,0.21,0.09,0.22
8891,0,0,0.21,0.09,0.22
8892,0,0,0.21,0.09,0.22
8893,278.54,25.11,0.21,0.09,0.22
8894,0,0,0.21,0.09,0.22
8895,0,0,0.21,0.09,0.22
8896,0,0,0.21,0.09,0.22
8897,0,0,0.21,0.09,0.22
8898,0,0,0.21,0.09,0.22
8899,0,0,0.21,0.09,0.22
8900,0,0,0.20,0.09,0.22
8901,0,0,0.21,0.09,0.22
8902,0,0,0.21,0.09,0.22
8903,278.57,25.09,0.21,0.09,0.22
8904,0,0,0.21,0.09,0.22
8905,0,0,0.21,0.09,0.22
8906,0,0,0.21,0.09,0.22
8907,0,0,0.22,0.09,0.22
8908,0,0,0.21,0.09,0.22
8909,0,0,0.22,0.09,0.22
8910,0,0,0.21,0.09,0.22
8911,0,0,0.21,0.09,0.22
8912,0,0,0.21,0.09,0.22
8913,278.60,25.06,0.21,0.09,0.22
8914,0,0,0.21,0.09,0.22
8915,0,0,0.21,0.09,0.22
8916,0,0,0.21,0.09,0.22
8917,0,0,0.21,0.09,0.22
8918,0,0,0.21,0.09,0.22
8919,0,0,0.21,0.09,0.22
8920,0,0,0.21,0.09,0.22
8921,0,0,0.21,0.09,0.22
8922,0,0,0.21,0.09,0.22
8923,278.63,25.03,0.22,0.09,0.22
8924,0,0,0.21,0.09,0.22
8925,0,0,0.21,0.09,0.22
8926,0,0,0.22,0.09,0.22
8927,0,0,0.21,0.09,0.22
8928,0,0,0.20,0.09,0.22
8929,0,0,0.20,0.09,0.22
8930,0,0,0.20,0.09,0.22
8931,0,0,0.21,0.09,0.22
8932,0,0,0.21,0.09,0.22
8933,278.65,25.00,0.21,0.09,0.22
8934,0,0,0.22,0.09,0.22
8935,0,0,0.20,0.09,0.22
8936,0,0,0.20,0.09,0.22
8937,0,0,0.21,0.09,0.22
8938,0,0,0.21,0.09,0.22
8939,0,0,0.22,0.09,0.22
8940,0,0,0.22,0.09,0.22
8941,0,0,0.22,0.09,0.22
8942,0,0,0.21,0.09,0.22
8943,278.68,24.97,0.22,0.09,0.22
8944,0,0,0.22,0.09,0.22
8945,0,0,0.21,0.09,0.22
8946,0,0,0.21,0.09,0.22
8947,0,0,0.22,0.09,0.22
8948,0,0,0.22,0.09,0.22
8949,0,0,0.22,0.09,0.22
8950,0,0,0.22,0.09,0.22
8951,0,0,0.22,0.09,0.22
8952,0,0,0.22,0.09,0.22
8953,278.71,24.94,0.21,0.09,0.22
8954,0,0,0.22,0.09,0.22
8955,0,0,0.21,0.09,0.22
8956,0,0,0.22,0.09,0.22
8957,0,0,0.22,0.09,0.22
8958,0,0,0.20,0.09,0.22
8959,0,0,0.22,0.09,0.22
8960,0,0,0.20,0.09,0.22
8961,0,0,0.21,0.09,0.22
8962,0,0,0.20,0.09,0.22
8963,278.74,24.91,0.21,0.09,0.22
8964,0,0,0.22,0.09,0.22
8965,0,0,0.22,0.09,0.22
8966,0,0,0.21,0.09,0.22
8967,0,0,0.21,0.09,0.22
8968,0,0,0.21,0.09,0.22
8969,0,0,0.21,0.09,0.22
8970,0,0,0.22,0.09,0.22
8971,0,0,0.21,0.09,0.22
8972,0,0,0.20,0.09,0.22
8973,278.77,24.88,0.22,0.09,0.22
8974,0,0,0.21,0.09,0.22
8975,0,0,0.22,0.09,0.22
8976,0,0,0.22,0.09,0.22
8977,0,0,0.22,0.09,0.22
8978,0,0,0.21,0.09,0.22
8979,0,0,0.22,0.09,0.22
8980,0,0,0.22,0.09,0.22
8981,0,0,0.20,0.09,0.22
8982,0,0,0.20,0.09,0.22
8983,278.79,24.86,0.20,0.09,0.22
8984,0,0,0.22,0.09,0.22
8985,0,0,0.20,0.09,0.22
8986,0,0,0.22,0.09,0.22
8987,0,0,0.20,0.09,0.22
8988,0,0,0.20,0.09,0.22
8989,0,0,0.21,0.09,0.22
8990,0,0,0.22,0.09,0.22
8991,0,0,0.22,0.09,0.22
8992,0,0,0.20,0.09,0.22
8993,278.82,24.83,0.22,0.09,0.22
8994,0,0,0.22,0.09,0.22
8995,0,0,0.20,0.09,0.22
8996,0,0,0.22,0.09,0.22
8997,0,0,0.22,0.09,0.22
8998,0,0,0.22,0.09,0.22
8999,0,0,0.22,0.09,0.22
9000,0,0,0.22,0.09,0.22
9001,0,0,0.20,0.09,0.22
9002,0,0,0.20,0.09,0.22
9003,278.85,24.80,0.20,0.09,0.22
9004,0,0,0.22,0.09,0.22
9005,0,0,0.22,0.09,0.22
9006,0,0,0.22,0.09,0.22
9007,0,0,0.20,0.09,0.22
9008,0,0,0.20,0.09,0.22
9009,0,0,0.21,0.09,0.22
9010,0,0,0.20,0.09,0.22
9011,0,0,0.22,0.09,0.22
9012,0,0,0.20,0.09,0.22
9013,278.88,24.77,0.22,0.09,0.22
9014,0,0,0.20,0.09,0.22
9015,0,0,0.22,0.09,0.22
9016,0,0,0.22,0.09,0.22
9017,0,0,0.20,0.09,0.22
9018,0,0,0.20,0.09,0.22
9019,0,0,0.22,0.09,0.22
9020,0,0,0.22,0.09,0.22
9021,0,0,0.20,0.09,0.22
9022,0,0,0.22,0.09,0.22
9023,278.90,24.74,0.20,0.09,0.22
9024,0,0,0.22,0.09,0.22
9025,0,0,0.22,0.09,0.22
9026,0,0,0.22,0.09,0.22
9027,0,0,0.20,0.09,0.22
9028,0,0,0.20,0.09,0.22
9029,0,0,0.22,0.09,0.22
9030,0,0,0.20,0.09,0.22
9031,0,0,0.22,0.09,0.22
9032,0,0,0.22,0.09,0.22
9033,278.93,24.71,0.22,0.09,0.22
9034,0,0,0.20,0.09,0.22
9035,0,0,0.20,0.09,0.22
9036,0,0,0.20,0.09,0.22
9037,0,0,0.20,0.09,0.22
9038,0,0,0.20,0.09,0.22
9039,0,0,0.22,0.09,0.22
9040,0,0,0.22,0.09,0.22
9041,0,0,0.22,0.09,0.22
9042,0,0,0.20,0.09,0.22
9043,278.96,24.68,0.20,0.09,0.22
9044,0,0,0.20,0.09,0.22
9045,0,0,0.22,0.09,0.22
9046,0,0,0.20,0.09,0.22
9047,0,0,0.22,0.09,0.22
9048,0,0,0.20,0.09,0.22
9049,0,0,0.22,0.09,0.22
9050,0,0,0.22,0.09,0.22
9051,0,0,0.22,0.09,0.22
9052,0,0,0.20,0.09,0.22
9053,278.99,24.66,0.22,0.09,0.22
9054,0,0,0.20,0.09,0.22
9055,0,0,0.20,0.09,0.22
9056,0,0,0.20,0.09,0.22
9057,0,0,0.20,0.09,0.22
9058,0,0,0.20,0.09,0.22
9059,0,0,0.20,0.09,0.22
9060,0,0,0.20,0.09,0.22
9061,0,0,0.20,0.09,0.22
9062,0,0,0.22,0.09,0.22
9063,279.02,24.63,0.22,0.09,0.21
9064,0,0,0.20,0.09,0.22
9065,0,0,0.20,0.09,0.22
9066,0,0,0.20,0.09,0.22
9067,0,0,0.20,0.09,0.22
9068,0,0,0.22,0.09,0.22
9069,0,0,0.22,0.09,0.22
9070,0,0,0.20,0.09,0.22
9071,0,0,0.20,0.09,0.22
9072,0,0,0.22,0.09,0.21
9073,279.04,24.60,0.22,0.09,0.22
9074,0,0,0.22,0.09,0.21
9075,0,0,0.20,0.09,0.22
9076,0,0,0.20,0.09,0.22
9077,0,0,0.21,0.09,0.21
9078,0,0,0.20,0.09,0.22
9079,0,0,0.20,0.09,0.22
9080,0,0,0.22,0.09,0.21
9081,0,0,0.20,0.09,0.22
9082,0,0,0.22,0.09,0.22
9083,279.07,24.57,0.20,0.09,0.22
9084,0,0,0.22,0.09,0.22
9085,0,0,0.20,0.09,0.22
9086,0,0,0.21,0.09,0.21
9087,0,0,0.22,0.09,0.22
9088,0,0,0.22,0.09,0.22
9089,0,0,0.21,0.09,0.21
9090,0,0,0.20,0.09,0.22
9091,0,0,0.21,0.09,0.21
9092,0,0,0.20,0.09,0.22
9093,279.10,24.54,0.20,0.09,0.22
9094,0,0,0.20,0.09,0.22
9095,0,0,0.20,0.09,0.22
9096,0,0,0.21,0.09,0.21
9097,0,0,0.22,0.09,0.22
9098,0,0,0.20,0.09,0.22
9099,0,0,0.20,0.09,0.22
9100,0,0,0.22,0.09,0.22
9101,0,0,0.20,0.09,0.22
9102,0,0,0.20,0.09,0.22
9103,279.13,24.51,0.22,0.09,0.22
9104,0,0,0.21,0.09,0.21
9105,0,0,0.22,0.09,0.22
9106,0,0,0.20,0.09,0.22
9107,0,0,0.21,0.09,0.21
9108,0,0,0.20,0.09,0.22
9109,0,0,0.20,0.09,0.22
9110,0,0,0.22,0.09,0.22
9111,0,0,0.20,0.09,0.22
9112,0,0,0.21,0.09,0.21
9113,279.15,24.48,0.21,0.09,0.21
9114,0,0,0.21,0.09,0.21
9115,0,0,0.22,0.09,0.21
9116,0,0,0.22,0.09,0.22
9117,0,0,0.20,0.09,0.22
9118,0,0,0.22,0.09,0.21
9119,0,0,0.21,0.09,0.21
9120,0,0,0.20,0.09,0.22
9121,0,0,0.21,0.09,0.21
9122,0,0,0.21,0.09,0.21
9123,279.18,24.46,0.21,0.09,0.21
9124,0,0,0.21,0.09,0.21
9125,0,0,0.21,0.09,0.21
9126,0,0,0.22,0.09,0.21
9127,0,0,0.21,0.09,0.21
9128,0,0,0.20,0.09,0.22
9129,0,0,0.20,0.09,0.22
9130,0,0,0.21,0.09,0.21
9131,0,0,0.21,0.09,0.21
9132,0,0,0.20,0.09,0.22
9133,279.21,24.43,0.20,0.09,0.22
9134,0,0,0.21,0.09,0.21
9135,0,0,0.21,0.09,0.21
9136,0,0,0.20,0.09,0.22
9137,0,0,0.21,0.09,0.21
9138,0,0,0.22,0.09,0.21
9139,0,0,0.22,0.09,0.21
9140,0,0,0.21,0.09,0.21
9141,0,0,0.22,0.09,0.22
9142,0,0,0.22,0.09,0.22
9143,279.24,24.40,0.22,0.09,0.21
9144,0,0,0.21,0.09,0.21
9145,0,0,0.20,0.09,0.22
9146,0,0,0.21,0.09,0.21
9147,0,0,0.21,0.09,0.21
9148,0,0,0.21,0.09,0.21
9149,0,0,0.21,0.09,0.21
9150,0,0,0.22,0.09,0.21
9151,0,0,0.20,0.09,0.22
9152,0,0,0.21,0.09,0.21
9153,279.27,24.37,0.20,0.09,0.22
9154,0,0,0.21,0.09,0.21
9155,0,0,0.21,0.09,0.21
9156,0,0,0.21,0.09,0.21
9157,0,0,0.20,0.09,0.22
9158,0,0,0.21,0.09,0.21
9159,0,0,0.21,0.09,0.21
9160,0,0,0.21,0.09,0.21
9161,0,0,0.22,0.09,0.21
9162,0,0,0.20,0.09,0.22
9163,279.29,24.34,0.21,0.09,0.21
9164,0,0,0.20,0.09,0.22
9165,0,0,0.22,0.09,0.21
9166,0,0,0.20,0.09,0.22
9167,0,0,0.21,0.09,0.21
9168,0,0,0.21,0.09,0.21
9169,0,0,0.21,0.09,0.21
9170,0,0,0.21,0.09,0.21
9171,0,0,0.21,0.09,0.21
9172,0,0,0.21,0.09,0.21
9173,279.32,24.31,0.22,0.09,0.21
9174,0,0,0.21,0.09,0.21
9175,0,0,0.21,0.09,0.21
9176,0,0,0.21,0.09,0.21
9177,0,0,0.22,0.09,0.21
9178,0,0,0.22,0.09,0.21
9179,0,0,0.22,0.09,0.21
9180,0,0,0.22,0.09,0.21
9181,0,0,0.22,0.09,0.22
9182,0,0,0.21,0.09,0.21
9183,279.35,24.28,0.21,0.09,0.21
9184,0,0,0.21,0.09,0.21
9185,0,0,0.21,0.09,0.21
9186,0,0,0.21,0.09,0.21
9187,0,0,0.21,0.09,0.21
9188,0,0,0.21,0.09,0.21
9189,0,0,0.21,0.09,0.21
9190,0,0,0.22,0.09,0.21
9191,0,0,0.21,0.09,0.21
9192,0,0,0.21,0.09,0.21
9193,279.38,24.26,0.21,0.09,0.21
9194,0,0,0.22,0.09,0.21
9195,0,0,0.21,0.09,0.21
9196,0,0,0.21,0.09,0.21
9197,0,0,0.21,0.09,0.21
9198,0,0,0.20,0.09,0.22
9199,0,0,0.21,0.09,0.21
9200,0,0,0.21,0.09,0.21
9201,0,0,0.22,0.09,0.21
9202,0,0,0.21,0.09,0.21
9203,279.40,24.23,0.21,0.09,0.21
9204,0,0,0.21,0.09,0.21
9205,0,0,0.21,0.09,0.21
9206,0,0,0.21,0.09,0.21
9207,0,0,0.21,0.09,0.21
9208,0,0,0.21,0.09,0.21
9209,0,0,0.21,0.09,0.21
9210,0,0,0.21,0.09,0.21
9211,0,0,0.21,0.09,0.21
9212,0,0,0.21,0.09,0.21
9213,279.43,24.20,0.21,0.09,0.21
9214,0,0,0.21,0.09,0.21
9215,0,0,0.21,0.09,0.21
9216,0,0,0.21,0.09,0.21
9217,0,0,0.21,0.09,0.21
9218,0,0,0.21,0.09,0.21
9219,0,0,0.21,0.09,0.21
9220,0,0,0.20,0.09,0.22
9221,0,0,0.21,0.09,0.21
9222,0,0,0.21,0.09,0.21
9223,279.46,24.17,0.21,0.09,0.21
9224,0,0,0.21,0.09,0.21
9225,0,0,0.21,0.09,0.21
9226,0,0,0.21,0.09,0.21
9227,0,0,0.21,0.09,0.21
9228,0,0,0.21,0.09,0.21
9229,0,0,0.22,0.09,0.21
9230,0,0,0.21,0.09,0.21
9231,0,0,0.21,0.09,0.21
9232,0,0,0.21,0.09,0.21
9233,279.49,24.14,0.21,0.09,0.21
9234,0,0,0.21,0.09,0.21
9235,0,0,0.21,0.09,0.21
9236,0,0,0.21,0.09,0.21
9237,0,0,0.21,0.09,0.21
9238,0,0,0.21,0.09,0.21
9239,0,0,0.21,0.09,0.21
9240,0,0,0.21,0.09,0.21
9241,0,0,0.21,0.09,0.21
9242,0,0,0.21,0.09,0.21
9243,279.51,24.11,0.22,0.09,0.21
9244,0,0,0.22,0.09,0.21
9245,0,0,0.21,0.09,0.21
9246,0,0,0.21,0.09,0.21
9247,0,0,0.21,0.09,0.21
9248,0,0,0.21,0.09,0.21
9249,0,0,0.21,0.09,0.21
9250,0,0,0.21,0.09,0.21
9251,0,0,0.21,0.09,0.21
9252,0,0,0.21,0.09,0.21
9253,279.54,24.08,0.21,0.09,0.21
9254,0,0,0.21,0.09,0.21
9255,0,0,0.21,0.09,0.21
9256,0,0,0.21,0.09,0.21
9257,0,0,0.21,0.09,0.21
9258,0,0,0.21,0.09,0.21
9259,0,0,0.21,0.09,0.21
9260,0,0,0.21,0.09,0.21
9261,0,0,0.21,0.09,0.21
9262,0,0,0.21,0.09,0.21
9263,279.57,24.06,0.21,0.09,0.21
9264,0,0,0.22,0.09,0.21
9265,0,0,0.21,0.09,0.21
9266,0,0,0.21,0.09,0.21
9267,0,0,0.22,0.09,0.21
9268,0,0,0.21,0.09,0.21
9269,0,0,0.21,0.09,0.21
9270,0,0,0.21,0.09,0.21
9271,0,0,0.22,0.09,0.21
9272,0,0,0.21,0.09,0.21
9273,279.60,24.03,0.21,0.09,0.21
9274,0,0,0.21,0.09,0.21
9275,0,0,0.21,0.09,0.21
9276,0,0,0.21,0.09,0.21
9277,0,0,0.22,0.09,0.21
9278,0,0,0.21,0.09,0.21
9279,0,0,0.21,0.09,0.21
9280,0,0,0.21,0.09,0.21
9281,0,0,0.21,0.09,0.21
9282,279.63,24.00,0.20,0.08,0.21
9283,0,0,0.21,0.09,0.21
9284,0,0,0.21,0.09,0.21
9285,0,0,0.21,0.09,0.21
9286,0,0,0.22,0.09,0.21
9287,0,0,0.21,0.09,0.21
9288,0,0,0.21,0.09,0.21
9289,0,0,0.20,0.08,0.21
9290,0,0,0.21,0.09,0.21
9291,0,0,0.21,0.09,0.21
9292,279.65,23.97,0.20,0.09,0.22
9293,0,0,0.21,0.09,0.21
9294,0,0,0.21,0.09,0.21
9295,0,0,0.21,0.09,0.21
9296,0,0,0.21,0.09,0.21
9297,0,0,0.21,0.09,0.21
9298,0,0,0.21,0.09,0.21
9299,0,0,0.21,0.09,0.21
9300,0,0,0.21,0.09,0.21
9301,0,0,0.21,0.09,0.21
9302,279.68,23.94,0.21,0.09,0.21
9303,0,0,0.21,0.09,0.21
9304,0,0,0.21,0.09,0.21
9305,0,0,0.21,0.09,0.21
9306,0,0,0.21,0.09,0.21
9307,0,0,0.21,0.09,0.21
9308,0,0,0.21,0.09,0.21
9309,0,0,0.21,0.09,0.21
9310,0,0,0.21,0.09,0.21
9311,0,0,0.21,0.09,0.21
9312,279.71,23.91,0.21,0.09,0.21
9313,0,0,0.21,0.09,0.21
9314,0,0,0.21,0.09,0.21
9315,0,0,0.22,0.09,0.21
9316,0,0,0.22,0.09,0.21
9317,0,0,0.21,0.09,0.21
9318,0,0,0.21,0.09,0.21
9319,0,0,0.21,0.09,0.21
9320,0,0,0.21,0.09,0.21
9321,0,0,0.21,0.09,0.21
9322,279.74,23.88,0.21,0.09,0.21
9323,0,0,0.21,0.09,0.21
9324,0,0,0.21,0.09,0.21
9325,0,0,0.21,0.09,0.21
9326,0,0,0.21,0.09,0.21
9327,0,0,0.21,0.09,0.21
9328,0,0,0.21,0.09,0.21
9329,0,0,0.21,0.09,0.21
9330,0,0,0.21,0.09,0.21
9331,0,0,0.21,0.09,0.21
9332,279.76,23.86,0.21,0.09,0.21
9333,0,0,0.21,0.09,0.21
9334,0,0,0.21,0.09,0.21
9336,0,0,0.21,0.09,0.21
9337,0,0,0.21,0.09,0.21
9338,0,0,0.21,0.09,0.21
9339,0,0,0.21,0.09,0.21
9340,0,0,0.21,0.09,0.21
9341,0,0,0.22,0.09,0.21
9342,0,0,0.23,0.09,0.21
9343,279.79,23.83,0.21,0.09,0.21
9344,0,0,0.21,0.09,0.21
9345,0,0,0.21,0.09,0.21
9346,0,0,0.21,0.09,0.21
9347,0,0,0.21,0.09,0.21
9348,0,0,0.21,0.09,0.21
9349,0,0,0.21,0.09,0.21
9350,0,0,0.21,0.09,0.21
9351,0,0,0.21,0.09,0.21
9352,0,0,0.21,0.09,0.21
9353,279.82,23.80,0.21,0.09,0.21
9354,0,0,0.21,0.09,0.21
9355,0,0,0.21,0.09,0.21
9356,0,0,0.21,0.09,0.21
9357,0,0,0.21,0.09,0.21
9358,0,0,0.21,0.09,0.21
9359,0,0,0.21,0.09,0.21
9360,0,0,0.21,0.09,0.21
9361,0,0,0.21,0.09,0.21
9362,0,0,0.21,0.09,0.21
9363,279.85,23.77,0.21,0.09,0.21
9364,0,0,0.21,0.09,0.21
9365,0,0,0.21,0.09,0.21
9366,0,0,0.21,0.09,0.21
9367,0,0,0.21,0.09,0.21
9368,0,0,0.21,0.09,0.21
9369,0,0,0.21,0.09,0.21
9370,0,0,0.21,0.09,0.21
9371,0,0,0.21,0.09,0.21
9372,0,0,0.21,0.09,0.21
9373,279.87,23.74,0.21,0.09,0.21
9374,0,0,0.21,0.09,0.21
9375,0,0,0.21,0.09,0.21
9376,0,0,0.21,0.09,0.21
9377,0,0,0.21,0.09,0.21
9378,0,0,0.21,0.09,0.21
9379,0,0,0.21,0.09,0.21
9380,0,0,0.21,0.09,0.21
9381,0,0,0.21,0.09,0.21
9382,0,0,0.21,0.09,0.21
9383,279.90,23.71,0.21,0.09,0.21
9384,0,0,0.21,0.09,0.21
9385,0,0,0.21,0.09,0.21
9386,0,0,0.21,0.09,0.21
9387,0,0,0.21,0.09,0.21
9388,0,0,0.21,0.09,0.21
9389,0,0,0.21,0.09,0.21
9390,0,0,0.20,0.08,0.21
9391,0,0,0.21,0.09,0.21
9392,0,0,0.21,0.09,0.21
9393,279.93,23.68,0.21,0.09,0.21
9394,0,0,0.21,0.09,0.21
9395,0,0,0.21,0.09,0.21
9396,0,0,0.21,0.09,0.21
9397,0,0,0.21,0.09,0.21
9398,0,0,0.20,0.08,0.21
9399,0,0,0.21,0.09,0.21
9400,0,0,0.21,0.09,0.21
9401,0,0,0.20,0.08,0.21
9402,0,0,0.21,0.09,0.21
9403,279.96,23.65,0.21,0.09,0.21
9404,0,0,0.21,0.09,0.21
9405,0,0,0.21,0.09,0.21
9406,0,0,0.21,0.09,0.21
9407,0,0,0.21,0.09,0.21
9408,0,0,0.21,0.09,0.21
9409,0,0,0.21,0.09,0.21
9410,0,0,0.21,0.09,0.21
9411,0,0,0.21,0.09,0.21
9412,0,0,0.20,0.08,0.21
9413,279.99,23.63,0.21,0.09,0.21
9414,0,0,0.21,0.09,0.21
9415,0,0,0.21,0.09,0.21
9416,0,0,0.21,0.09,0.21
9417,0,0,0.21,0.09,0.21
9418,0,0,0.21,0.09,0.21
9419,0,0,0.21,0.09,0.21
9420,0,0,0.21,0.09,0.21
9421,0,0,0.21,0.09,0.21
9422,0,0,0.21,0.09,0.21
9423,280.01,23.60,0.21,0.09,0.21
9424,0,0,0.21,0.09,0.21
9425,0,0,0.21,0.09,0.21
9426,0,0,0.21,0.09,0.21
9427,0,0,0.21,0.09,0.21
9428,0,0,0.21,0.09,0.21
9429,0,0,0.21,0.09,0.21
9430,0,0,0.21,0.09,0.21
9431,0,0,0.21,0.09,0.21
9432,0,0,0.21,0.09,0.21
9433,280.04,23.57,0.21,0.09,0.21
9434,0,0,0.21,0.09,0.21
9435,0,0,0.21,0.09,0.21
9436,0,0,0.21,0.09,0.21
9437,0,0,0.21,0.09,0.21
9438,0,0,0.21,0.09,0.21
9439,0,0,0.21,0.09,0.21
9440,0,0,0.21,0.09,0.21
9441,0,0,0.21,0.09,0.21
9442,0,0,0.21,0.09,0.21
9443,280.07,23.54,0.21,0.09,0.21
9444,0,0,0.21,0.09,0.21
9445,0,0,0.21,0.09,0.21
9446,0,0,0.21,0.09,0.21
9447,0,0,0.21,0.09,0.21
9448,0,0,0.21,0.09,0.21
9449,0,0,0.21,0.09,0.21
9450,0,0,0.21,0.09,0.21
9451,0,0,0.21,0.09,0.21
9452,0,0,0.21,0.09,0.21
9453,280.10,23.51,0.21,0.09,0.21
9454,0,0,0.21,0.09,0.21
9455,0,0,0.21,0.09,0.21
9456,0,0,0.20,0.08,0.21
9457,0,0,0.20,0.08,0.21
9458,0,0,0.21,0.09,0.21
9459,0,0,0.21,0.09,0.21
9460,0,0,0.21,0.09,0.21
9461,0,0,0.21,0.09,0.21
9462,0,0,0.21,0.09,0.21
9463,280.12,23.48,0.20,0.08,0.21
9464,0,0,0.21,0.09,0.21
9465,0,0,0.21,0.09,0.21
9466,0,0,0.21,0.09,0.21
9467,0,0,0.21,0.09,0.21
9468,0,0,0.21,0.09,0.21
9469,0,0,0.21,0.09,0.21
9470,0,0,0.21,0.09,0.21
9471,0,0,0.21,0.09,0.21
9472,0,0,0.21,0.09,0.21
9473,280.15,23.45,0.21,0.09,0.21
9474,0,0,0.21,0.09,0.21
9475,0,0,0.21,0.09,0.21
9476,0,0,0.21,0.09,0.21
9477,0,0,0.21,0.09,0.21
9478,0,0,0.21,0.09,0.21
9479,0,0,0.21,0.09,0.21
9480,0,0,0.20,0.08,0.21
9481,0,0,0.20,0.08,0.21
9482,0,0,0.20,0.08,0.21
9483,280.18,23.43,0.20,0.08,0.21
9484,0,0,0.21,0.09,0.21
9485,0,0,0.21,0.09,0.21
9486,0,0,0.21,0.09,0.21
9487,0,0,0.21,0.09,0.21
9488,0,0,0.21,0.09,0.21
9489,0,0,0.21,0.09,0.21
9490,0,0,0.21,0.09,0.21
9491,0,0,0.21,0.09,0.21
9492,0,0,0.20,0.08,0.21
9493,280.21,23.40,0.20,0.08,0.21
9494,0,0,0.20,0.08,0.21
9495,0,0,0.21,0.09,0.21
9496,0,0,0.21,0.09,0.21
9497,0,0,0.20,0.08,0.21
9498,0,0,0.20,0.08,0.21
9499,0,0,0.20,0.08,0.21
9500,0,0,0.20,0.08,0.21
9501,0,0,0.20,0.08,0.21
9502,0,0,0.20,0.08,0.21
9503,280.23,23.37,0.20,0.08,0.21
9504,0,0,0.21,0.09,0.21
9505,0,0,0.21,0.09,0.21
9506,0,0,0.20,0.08,0.21
9507,0,0,0.20,0.08,0.21
9508,0,0,0.20,0.08,0.21
9509,0,0,0.21,0.09,0.21
9510,0,0,0.20,0.08,0.21
9511,0,0,0.21,0.09,0.21
9512,0,0,0.21,0.09,0.21
9513,280.26,23.34,0.20,0.08,0.21
9514,0,0,0.21,0.09,0.21
9515,0,0,0.20,0.08,0.21
9516,0,0,0.20,0.08,0.21
9517,0,0,0.21,0.09,0.21
9518,0,0,0.20,0.08,0.21
9519,0,0,0.20,0.08,0.21
9520,0,0,0.20,0.08,0.21
9521,0,0,0.21,0.09,0.21
9522,0,0,0.21,0.09,0.21
9523,280.29,23.31,0.21,0.09,0.21
9524,0,0,0.21,0.09,0.21
9525,0,0,0.21,0.09,0.21
9526,0,0,0.21,0.09,0.21
9527,0,0,0.20,0.08,0.21
9528,0,0,0.21,0.09,0.21
9529,0,0,0.20,0.08,0.21
9530,0,0,0.20,0.08,0.21
9531,0,0,0.21,0.09,0.21
9532,0,0,0.21,0.09,0.21
9533,280.32,23.28,0.20,0.08,0.21
9534,0,0,0.21,0.09,0.21
9535,0,0,0.21,0.09,0.21
9536,0,0,0.20,0.08,0.21
9537,0,0,0.20,0.08,0.21
9538,0,0,0.20,0.08,0.21
9539,0,0,0.20,0.08,0.21
9540,0,0,0.21,0.09,0.21
9541,0,0,0.21,0.09,0.21
9542,0,0,0.21,0.09,0.21
9543,280.34,23.26,0.21,0.09,0.21
9544,0,0,0.20,0.08,0.21
9545,0,0,0.20,0.08,0.21
9546,0,0,0.20,0.08,0.21
9547,0,0,0.20,0.08,0.21
9548,0,0,0.21,0.09,0.21
9549,0,0,0.21,0.08,0.20
9550,0,0,0.20,0.08,0.21
9551,0,0,0.22,0.09,0.20
9552,0,0,0.22,0.09,0.20
9553,280.37,23.23,0.21,0.09,0.21
9554,0,0,0.21,0.09,0.21
9555,0,0,0.22,0.09,0.20
9556,0,0,0.21,0.09,0.21
9557,0,0,0.21,0.08,0.20
9558,0,0,0.21,0.09,0.21
9559,0,0,0.20,0.08,0.21
9560,0,0,0.20,0.08,0.21
9561,0,0,0.22,0.09,0.20
9562,0,0,0.20,0.08,0.21
9563,280.40,23.20,0.20,0.08,0.21
9564,0,0,0.20,0.08,0.21
9565,0,0,0.22,0.09,0.20
9566,0,0,0.21,0.09,0.21
9567,0,0,0.20,0.08,0.21
9568,0,0,0.21,0.09,0.21
9569,0,0,0.21,0.09,0.21
9570,0,0,0.22,0.09,0.20
9571,0,0,0.20,0.08,0.21
9572,0,0,0.20,0.08,0.21
9573,280.43,23.17,0.22,0.09,0.20
9574,0,0,0.20,0.08,0.21
9575,0,0,0.20,0.08,0.21
9576,0,0,0.21,0.09,0.21
9577,0,0,0.22,0.09,0.20
9578,0,0,0.21,0.09,0.21
9579,0,0,0.21,0.09,0.21
9580,0,0,0.21,0.09,0.21
9581,0,0,0.21,0.09,0.21
9582,0,0,0.21,0.09,0.21
9583,280.46,23.14,0.20,0.08,0.21
9584,0,0,0.20,0.08,0.21
9585,0,0,0.20,0.08,0.21
9586,0,0,0.20,0.08,0.21
9587,0,0,0.20,0.08,0.21
9588,0,0,0.22,0.09,0.20
9589,0,0,0.21,0.09,0.21
9590,0,0,0.22,0.09,0.20
9591,0,0,0.22,0.09,0.20
9592,0,0,0.22,0.09,0.20
9593,280.49,23.11,0.21,0.09,0.21
9594,0,0,0.22,0.09,0.20
9595,0,0,0.20,0.08,0.21
9596,0,0,0.20,0.08,0.21
9597,0,0,0.20,0.08,0.21
9598,0,0,0.20,0.08,0.21
9599,0,0,0.21,0.09,0.21
9600,0,0,0.21,0.09,0.21
9601,0,0,0.21,0.09,0.21
9602,0,0,0.22,0.09,0.20
9603,280.51,23.08,0.22,0.09,0.20
9604,0,0,0.20,0.08,0.21
9605,0,0,0.22,0.09,0.20
9606,0,0,0.20,0.08,0.21
9607,0,0,0.20,0.08,0.21
9608,0,0,0.20,0.08,0.21
9609,0,0,0.21,0.09,0.21
9610,0,0,0.20,0.08,0.21
9611,0,0,0.21,0.09,0.21
9612,0,0,0.21,0.08,0.20
9613,280.54,23.05,0.20,0.08,0.21
9614,0,0,0.21,0.08,0.20
9615,0,0,0.20,0.08,0.21
9616,0,0,0.20,0.08,0.21
9617,0,0,0.21,0.08,0.20
9618,0,0,0.22,0.09,0.20
9619,0,0,0.21,0.09,0.21
9620,0,0,0.21,0.09,0.21
9621,0,0,0.22,0.09,0.20
9622,0,0,0.20,0.08,0.21
9623,280.57,23.02,0.21,0.09,0.21
9624,0,0,0.21,0.08,0.20
9625,0,0,0.21,0.08,0.20
9626,0,0,0.22,0.09,0.20
9627,0,0,0.22,0.09,0.20
9628,0,0,0.21,0.09,0.21
9629,0,0,0.21,0.09,0.21
9630,0,0,0.21,0.08,0.20
9631,0,0,0.20,0.08,0.21
9632,0,0,0.21,0.09,0.21
9633,280.60,23.00,0.21,0.08,0.20
9634,0,0,0.21,0.08,0.20
9635,0,0,0.21,0.09,0.21
9636,0,0,0.20,0.08,0.21
9637,0,0,0.21,0.08,0.20
9638,0,0,0.21,0.09,0.21
9639,0,0,0.22,0.09,0.20
9640,0,0,0.21,0.08,0.20
9641,0,0,0.21,0.09,0.21
9642,0,0,0.22,0.09,0.20
9643,280.62,22.97,0.22,0.09,0.20
9644,0,0,0.21,0.09,0.21
9645,0,0,0.21,0.08,0.20
9646,0,0,0.22,0.09,0.20
9647,0,0,0.21,0.08,0.20
9648,0,0,0.20,0.08,0.21
9649,0,0,0.20,0.08,0.21
9650,0,0,0.20,0.08,0.21
9651,0,0,0.21,0.09,0.21
9652,0,0,0.22,0.09,0.20
9653,280.65,22.94,0.21,0.08,0.20
9654,0,0,0.22,0.09,0.20
9655,0,0,0.21,0.08,0.20
9656,0,0,0.22,0.09,0.20
9657,0,0,0.21,0.08,0.20
9658,0,0,0.21,0.09,0.21
9659,0,0,0.20,0.08,0.21
9660,0,0,0.20,0.08,0.21
9661,0,0,0.20,0.08,0.21
9662,0,0,0.21,0.08,0.20
9663,280.68,22.91,0.21,0.09,0.21
9664,0,0,0.21,0.08,0.20
9665,0,0,0.20,0.08,0.21
9666,0,0,0.21,0.09,0.21
9667,0,0,0.21,0.09,0.21
9668,0,0,0.21,0.08,0.20
9669,0,0,0.20,0.08,0.21
9670,0,0,0.20,0.08,0.21
9671,0,0,0.21,0.08,0.20
9672,0,0,0.21,0.08,0.20
9673,280.71,22.88,0.21,0.08,0.20
9674,0,0,0.22,0.09,0.20
9675,0,0,0.22,0.09,0.20
9676,0,0,0.22,0.09,0.20
9677,0,0,0.22,0.09,0.20
9678,0,0,0.22,0.09,0.20
9679,0,0,0.22,0.09,0.20
9680,0,0,0.22,0.09,0.20
9681,0,0,0.20,0.08,0.21
9682,0,0,0.22,0.09,0.20
9683,280.73,22.85,0.22,0.09,0.20
9684,0,0,0.21,0.08,0.20
9685,0,0,0.21,0.08,0.20
9686,0,0,0.20,0.08,0.21
9687,0,0,0.22,0.09,0.20
9688,0,0,0.20,0.08,0.21
9689,0,0,0.21,0.08,0.20
9690,0,0,0.21,0.09,0.21
9691,0,0,0.20,0.08,0.21
9692,0,0,0.22,0.09,0.20
9693,280.76,22.83,0.21,0.08,0.20
9694,0,0,0.21,0.09,0.21
9695,0,0,0.20,0.08,0.21
9696,0,0,0.22,0.09,0.20
9697,0,0,0.21,0.09,0.21
9698,0,0,0.21,0.08,0.20
9699,0,0,0.22,0.09,0.20
9700,0,0,0.22,0.09,0.20
9701,0,0,0.20,0.08,0.21
9702,0,0,0.21,0.08,0.20
9703,280.79,22.80,0.21,0.08,0.20
9704,0,0,0.21,0.08,0.20
9705,0,0,0.22,0.09,0.20
9706,0,0,0.22,0.09,0.20
9707,0,0,0.21,0.08,0.20
9708,0,0,0.22,0.09,0.20
9709,0,0,0.22,0.09,0.20
9710,0,0,0.21,0.08,0.20
9711,0,0,0.20,0.08,0.21
9712,0,0,0.22,0.09,0.20
9713,280.82,22.77,0.21,0.08,0.20
9714,0,0,0.22,0.09,0.20
9715,0,0,0.21,0.08,0.20
9716,0,0,0.21,0.08,0.20
9717,0,0,0.21,0.08,0.20
9718,0,0,0.20,0.08,0.21
9719,0,0,0.21,0.08,0.20
9720,0,0,0.22,0.09,0.20
9721,0,0,0.21,0.09,0.21
9722,0,0,0.22,0.09,0.20
9723,280.84,22.74,0.22,0.09,0.20
9724,0,0,0.22,0.09,0.20
9725,0,0,0.21,0.08,0.20
9726,0,0,0.20,0.08,0.21
9727,0,0,0.21,0.08,0.20
9728,0,0,0.21,0.08,0.20
9729,0,0,0.22,0.09,0.20
9730,0,0,0.21,0.08,0.20
9731,0,0,0.21,0.08,0.20
9732,0,0,0.22,0.09,0.20
9733,280.87,22.71,0.21,0.08,0.20
9734,0,0,0.21,0.08,0.20
9735,0,0,0.21,0.08,0.20
9736,0,0,0.22,0.09,0.20
9737,0,0,0.21,0.09,0.21
9738,0,0,0.22,0.09,0.20
9739,0,0,0.21,0.08,0.20
9740,0,0,0.21,0.08,0.20
9741,0,0,0.22,0.09,0.20
9742,0,0,0.22,0.09,0.20
9743,280.90,22.68,0.21,0.08,0.20
9744,0,0,0.22,0.09,0.20
9745,0,0,0.22,0.09,0.20
9746,0,0,0.21,0.08,0.20
9747,0,0,0.20,0.08,0.21
9748,0,0,0.21,0.08,0.20
9749,0,0,0.21,0.08,0.20
9750,0,0,0.22,0.09,0.20
9751,0,0,0.21,0.08,0.20
9752,0,0,0.21,0.08,0.20
9753,280.93,22.65,0.21,0.08,0.20
9754,0,0,0.21,0.08,0.20
9755,0,0,0.22,0.09,0.20
9756,0,0,0.22,0.09,0.20
9757,0,0,0.21,0.08,0.20
9758,0,0,0.22,0.09,0.20
9759,0,0,0.22,0.09,0.20
9760,0,0,0.22,0.09,0.20
9761,0,0,0.21,0.08,0.20
9762,0,0,0.20,0.08,0.21
9763,280.95,22.63,0.22,0.09,0.20
9764,0,0,0.22,0.09,0.20
9765,0,0,0.22,0.09,0.20
9766,0,0,0.21,0.08,0.20
9767,0,0,0.21,0.08,0.20
9768,0,0,0.21,0.08,0.20
9769,0,0,0.20,0.08,0.21
9770,0,0,0.22,0.09,0.20
9771,0,0,0.22,0.09,0.20
9772,0,0,0.22,0.09,0.20
9773,280.98,22.60,0.20,0.08,0.21
9774,0,0,0.21,0.08,0.20
9775,0,0,0.22,0.09,0.20
9776,0,0,0.21,0.08,0.20
9777,0,0,0.21,0.08,0.20
9778,0,0,0.21,0.08,0.20
9779,0,0,0.21,0.08,0.20
9780,0,0,0.21,0.08,0.20
9781,0,0,0.22,0.09,0.20
9782,0,0,0.21,0.08,0.20
9783,281.01,22.57,0.21,0.08,0.20
9784,0,0,0.21,0.08,0.20
9785,0,0,0.22,0.09,0.20
9786,0,0,0.22,0.09,0.20
9787,0,0,0.21,0.08,0.20
9788,0,0,0.21,0.08,0.20
9789,0,0,0.21,0.08,0.20
9790,0,0,0.21,0.08,0.20
9791,0,0,0.21,0.08,0.20
9792,0,0,0.22,0.09,0.20
9793,281.04,22.54,0.21,0.08,0.20
9794,0,0,0.21,0.08,0.20
9795,0,0,0.21,0.08,0.20
9796,0,0,0.21,0.08,0.20
9797,0,0,0.21,0.08,0.20
9798,0,0,0.21,0.08,0.20
9799,0,0,0.21,0.08,0.20
9801,0,0,0.21,0.08,0.20
9802,0,0,0.21,0.08,0.20
9803,0,0,0.22,0.09,0.20
9804,281.07,22.51,0.21,0.08,0.20
9805,0,0,0.22,0.09,0.20
9806,0,0,0.21,0.08,0.20
9807,0,0,0.22,0.09,0.20
9808,0,0,0.22,0.09,0.20
9809,0,0,0.22,0.09,0.20
9810,0,0,0.21,0.08,0.20
9811,0,0,0.22,0.09,0.20
9812,0,0,0.21,0.08,0.20
9813,0,0,0.21,0.08,0.20
9814,281.09,22.48,0.21,0.08,0.20
9815,0,0,0.21,0.08,0.20
9816,0,0,0.21,0.08,0.20
9817,0,0,0.21,0.08,0.20
9818,0,0,0.21,0.08,0.20
9819,0,0,0.21,0.08,0.20
9820,0,0,0.21,0.08,0.20
9821,0,0,0.21,0.08,0.20
9822,0,0,0.21,0.08,0.20
9823,0,0,0.21,0.08,0.20
9824,281.12,22.45,0.21,0.08,0.20
9825,0,0,0.21,0.08,0.20
9826,0,0,0.21,0.08,0.20
9827,0,0,0.21,0.08,0.20
9828,0,0,0.21,0.08,0.20
9829,0,0,0.21,0.08,0.20
9830,0,0,0.21,0.08,0.20
9831,0,0,0.22,0.09,0.20
9832,0,0,0.21,0.08,0.20
9833,0,0,0.21,0.08,0.20
9834,281.15,22.43,0.21,0.08,0.20
9835,0,0,0.21,0.08,0.20
9836,0,0,0.22,0.09,0.20
9837,0,0,0.21,0.08,0.20
9838,0,0,0.22,0.09,0.20
9839,0,0,0.21,0.08,0.20
9840,0,0,0.22,0.09,0.20
9841,0,0,0.21,0.08,0.20
9842,0,0,0.21,0.08,0.20
9843,0,0,0.21,0.08,0.20
9844,281.17,22.40,0.21,0.08,0.20
9845,0,0,0.21,0.08,0.20
9846,0,0,0.21,0.08,0.20
9847,0,0,0.21,0.08,0.20
9848,0,0,0.21,0.08,0.20
9849,0,0,0.21,0.08,0.20
9850,0,0,0.21,0.08,0.20
9851,0,0,0.21,0.08,0.20
9852,0,0,0.21,0.08,0.20
9853,0,0,0.21,0.08,0.20
9854,281.20,22.37,0.21,0.08,0.20
9855,0,0,0.21,0.08,0.20
9856,0,0,0.21,0.08,0.20
9857,0,0,0.21,0.08,0.20
9858,0,0,0.21,0.08,0.20
9859,0,0,0.21,0.08,0.20
9860,0,0,0.21,0.08,0.20
9861,0,0,0.21,0.08,0.20
9862,0,0,0.22,0.09,0.20
9863,281.23,22.34,0.21,0.08,0.20
9864,0,0,0.21,0.08,0.20
9865,0,0,0.21,0.08,0.20
9866,0,0,0.21,0.08,0.20
9867,0,0,0.21,0.08,0.20
9868,0,0,0.21,0.08,0.20
9869,0,0,0.21,0.08,0.20
9870,0,0,0.21,0.08,0.20
9871,0,0,0.21,0.08,0.20
9872,0,0,0.21,0.08,0.20
9873,281.26,22.31,0.21,0.08,0.20
9874,0,0,0.21,0.08,0.20
9875,0,0,0.21,0.08,0.20
9876,0,0,0.22,0.09,0.20
9877,0,0,0.21,0.08,0.20
9878,0,0,0.21,0.08,0.20
9879,0,0,0.21,0.08,0.20
9880,0,0,0.22,0.09,0.20
9881,0,0,0.21,0.08,0.20
9882,0,0,0.21,0.08,0.20
9883,281.29,22.28,0.21,0.08,0.20
9884,0,0,0.21,0.08,0.20
9885,0,0,0.21,0.08,0.20
9886,0,0,0.21,0.08,0.20
9887,0,0,0.21,0.08,0.20
9888,0,0,0.21,0.08,0.20
9889,0,0,0.21,0.08,0.20
9890,0,0,0.21,0.08,0.20
9891,0,0,0.21,0.08,0.20
9892,0,0,0.21,0.08,0.20
9893,281.31,22.26,0.21,0.08,0.20
9894,0,0,0.21,0.08,0.20
9895,0,0,0.21,0.08,0.20
9896,0,0,0.21,0.08,0.20
9897,0,0,0.21,0.08,0.20
9898,0,0,0.21,0.08,0.20
9899,0,0,0.21,0.08,0.20
9900,0,0,0.21,0.08,0.20
9901,0,0,0.21,0.08,0.20
9902,0,0,0.21,0.08,0.20
9903,281.34,22.23,0.21,0.08,0.20
9904,0,0,0.21,0.08,0.20
9905,0,0,0.21,0.08,0.20
9906,0,0,0.21,0.08,0.20
9907,0,0,0.21,0.08,0.20
9908,0,0,0.21,0.08,0.20
9909,0,0,0.21,0.08,0.20
9910,0,0,0.21,0.08,0.20
9911,0,0,0.21,0.08,0.20
9912,0,0,0.21,0.08,0.20
9913,281.37,22.20,0.21,0.08,0.20
9914,0,0,0.21,0.08,0.20
9915,0,0,0.21,0.08,0.20
9916,0,0,0.21,0.08,0.20
9917,0,0,0.21,0.08,0.20
9918,0,0,0.21,0.08,0.20
9919,0,0,0.21,0.08,0.20
9920,0,0,0.21,0.08,0.20
9921,0,0,0.21,0.08,0.20
9922,0,0,0.22,0.09,0.20
9923,281.40,22.17,0.21,0.08,0.20
9924,0,0,0.21,0.08,0.20
9925,0,0,0.21,0.08,0.20
9926,0,0,0.21,0.08,0.20
9927,0,0,0.21,0.08,0.20
9928,0,0,0.21,0.08,0.20
9929,0,0,0.21,0.08,0.20
9930,0,0,0.21,0.08,0.20
9931,0,0,0.21,0.08,0.20
9932,0,0,0.21,0.08,0.20
9933,281.42,22.14,0.21,0.08,0.20
9934,0,0,0.21,0.08,0.20
9935,0,0,0.21,0.08,0.20
9936,0,0,0.21,0.08,0.20
9937,0,0,0.21,0.08,0.20
9938,0,0,0.21,0.08,0.20
9939,0,0,0.21,0.08,0.20
9940,0,0,0.21,0.08,0.20
9941,0,0,0.21,0.08,0.20
9942,0,0,0.21,0.08,0.20
9943,281.45,22.11,0.21,0.08,0.20
9944,0,0,0.22,0.09,0.20
9945,0,0,0.22,0.09,0.20
9946,0,0,0.21,0.08,0.20
9947,0,0,0.21,0.08,0.20
9948,0,0,0.21,0.08,0.20
9949,0,0,0.21,0.08,0.20
9950,0,0,0.22,0.09,0.20
9951,0,0,0.21,0.08,0.20
9952,0,0,0.21,0.08,0.20
9953,281.48,22.09,0.21,0.08,0.20
9954,0,0,0.21,0.08,0.20
9955,0,0,0.21,0.08,0.20
9956,0,0,0.21,0.08,0.20
9957,0,0,0.21,0.08,0.20
9958,0,0,0.21,0.08,0.20
9959,0,0,0.21,0.08,0.20
9960,0,0,0.21,0.08,0.20
9961,0,0,0.21,0.08,0.20
9962,0,0,0.21,0.08,0.20
9963,281.51,22.06,0.21,0.08,0.20
9964,0,0,0.21,0.08,0.20
9965,0,0,0.21,0.08,0.20
9966,0,0,0.21,0.08,0.20
9967,0,0,0.21,0.08,0.20
9968,0,0,0.21,0.08,0.20
9969,0,0,0.21,0.08,0.20
9970,0,0,0.21,0.08,0.20
9971,0,0,0.21,0.08,0.20
9972,0,0,0.21,0.08,0.20
9973,281.53,22.03,0.21,0.08,0.20
9974,0,0,0.21,0.08,0.20
9975,0,0,0.21,0.08,0.20
9976,0,0,0.21,0.08,0.20
9977,0,0,0.21,0.08,0.20
9978,0,0,0.21,0.08,0.20
9979,0,0,0.21,0.08,0.20
9980,0,0,0.21,0.08,0.20
9981,0,0,0.21,0.08,0.20
9982,0,0,0.21,0.08,0.20
9983,281.56,22.00,0.21,0.08,0.20
9984,0,0,0.21,0.08,0.20
9985,0,0,0.21,0.08,0.20
9986,0,0,0.21,0.08,0.20
9987,0,0,0.21,0.08,0.20
9988,0,0,0.21,0.08,0.20
9989,0,0,0.21,0.08,0.20
9990,0,0,0.21,0.08,0.20
9991,0,0,0.21,0.08,0.20
9992,0,0,0.21,0.08,0.20
9993,281.59,21.97,0.21,0.08,0.20
9994,0,0,0.21,0.08,0.20
9995,0,0,0.21,0.08,0.20
9996,0,0,0.20,0.08,0.20
9997,0,0,0.21,0.08,0.20
9998,0,0,0.21,0.08,0.20
9999,0,0,0.21,0.08,0.20
10000,0,0,0.21,0.08,0.20
10001,0,0,0.21,0.08,0.20
10002,0,0,0.21,0.08,0.20
10003,281.62,21.94,0.21,0.08,0.20
10004,0,0,0.21,0.08,0.20
10005,0,0,0.21,0.08,0.20
10006,0,0,0.21,0.08,0.20
10007,0,0,0.20,0.08,0.20
10008,0,0,0.21,0.08,0.20
10009,0,0,0.21,0.08,0.20
10010,0,0,0.21,0.08,0.20
10011,0,0,0.21,0.08,0.20
10012,0,0,0.21,0.08,0.20
10013,281.64,21.92,0.21,0.08,0.20
10014,0,0,0.21,0.08,0.20
10015,0,0,0.21,0.08,0.20
10016,0,0,0.21,0.08,0.20
10017,0,0,0.21,0.08,0.20
10018,0,0,0.21,0.08,0.20
10019,0,0,0.21,0.08,0.20
10020,0,0,0.21,0.08,0.20
10021,0,0,0.21,0.08,0.20
10022,0,0,0.21,0.08,0.20
10023,281.67,21.89,0.21,0.08,0.20
10024,0,0,0.21,0.08,0.20
10025,0,0,0.21,0.08,0.20
10026,0,0,0.21,0.08,0.20
10027,0,0,0.21,0.08,0.20
10028,0,0,0.21,0.08,0.20
10029,0,0,0.21,0.08,0.20
10030,0,0,0.21,0.08,0.20
10031,0,0,0.21,0.08,0.20
10032,0,0,0.21,0.08,0.20
10033,281.70,21.86,0.20,0.08,0.20
10034,0,0,0.21,0.08,0.20
10035,0,0,0.21,0.08,0.20
10036,0,0,0.21,0.08,0.20
10037,0,0,0.21,0.08,0.20
10038,0,0,0.21,0.08,0.20
10039,0,0,0.21,0.08,0.20
10040,0,0,0.21,0.08,0.20
10041,0,0,0.21,0.08,0.20
10042,0,0,0.21,0.08,0.20
10043,281.73,21.83,0.21,0.08,0.20
10044,0,0,0.21,0.08,0.20
10045,0,0,0.21,0.08,0.20
10046,0,0,0.21,0.08,0.20
10047,0,0,0.21,0.08,0.20
10048,0,0,0.21,0.08,0.20
10049,0,0,0.21,0.08,0.20
10050,0,0,0.21,0.08,0.20
10051,0,0,0.21,0.08,0.20
10052,0,0,0.21,0.08,0.20
10053,281.75,21.80,0.21,0.08,0.20
10054,0,0,0.21,0.08,0.20
10055,0,0,0.21,0.08,0.20
10056,0,0,0.21,0.08,0.20
10057,0,0,0.21,0.08,0.20
10058,0,0,0.21,0.08,0.20
10059,0,0,0.21,0.08,0.20
10060,0,0,0.21,0.08,0.20
10061,0,0,0.21,0.08,0.20
10062,0,0,0.21,0.08,0.20
10063,281.78,21.77,0.21,0.08,0.20
10064,0,0,0.21,0.08,0.20
10065,0,0,0.21,0.08,0.20
10066,0,0,0.22,0.09,0.20
10067,0,0,0.21,0.08,0.20
10068,0,0,0.21,0.08,0.20
10069,0,0,0.22,0.08,0.19
10070,0,0,0.21,0.08,0.20
10071,0,0,0.21,0.08,0.20
10072,0,0,0.21,0.08,0.20
10073,281.81,21.74,0.21,0.08,0.20
10074,0,0,0.21,0.08,0.20
10075,0,0,0.21,0.08,0.20
10076,0,0,0.22,0.09,0.20
10077,0,0,0.21,0.08,0.20
10078,0,0,0.21,0.08,0.20
10079,0,0,0.21,0.08,0.20
10080,0,0,0.21,0.08,0.20
10081,0,0,0.21,0.08,0.20
10082,0,0,0.21,0.08,0.20
10083,281.84,21.72,0.21,0.08,0.20
10084,0,0,0.21,0.08,0.20
10085,0,0,0.20,0.08,0.20
10086,0,0,0.21,0.08,0.20
10087,0,0,0.21,0.08,0.20
10088,0,0,0.21,0.08,0.20
10089,0,0,0.21,0.08,0.20
10090,0,0,0.21,0.08,0.20
10091,0,0,0.21,0.08,0.20
10092,0,0,0.21,0.08,0.20
10093,281.86,21.69,0.21,0.08,0.20
10094,0,0,0.20,0.08,0.20
10095,0,0,0.20,0.08,0.20
10096,0,0,0.21,0.08,0.20
10097,0,0,0.21,0.08,0.20
10098,0,0,0.21,0.08,0.20
10099,0,0,0.21,0.08,0.20
10100,0,0,0.21,0.08,0.20
10101,0,0,0.21,0.08,0.20
10102,0,0,0.21,0.08,0.20
10103,281.89,21.66,0.20,0.08,0.20
10104,0,0,0.22,0.08,0.19
10105,0,0,0.20,0.08,0.20
10106,0,0,0.21,0.08,0.20
10107,0,0,0.21,0.08,0.20
10108,0,0,0.21,0.08,0.20
10109,0,0,0.21,0.08,0.20
10110,0,0,0.21,0.08,0.20
10111,0,0,0.20,0.08,0.20
10112,0,0,0.21,0.08,0.20
10113,281.92,21.63,0.21,0.08,0.20
10114,0,0,0.20,0.08,0.20
10115,0,0,0.20,0.08,0.20
10116,0,0,0.21,0.08,0.20
10117,0,0,0.21,0.08,0.20
10118,0,0,0.21,0.08,0.20
10119,0,0,0.20,0.08,0.20
10120,0,0,0.21,0.08,0.20
10121,0,0,0.20,0.08,0.20
10122,0,0,0.21,0.08,0.20
10123,281.95,21.60,0.21,0.08,0.20
10124,0,0,0.21,0.08,0.20
10125,0,0,0.21,0.08,0.20
10126,0,0,0.21,0.08,0.20
10127,0,0,0.21,0.08,0.20
10128,0,0,0.21,0.08,0.20
10129,0,0,0.21,0.08,0.20
10130,0,0,0.21,0.08,0.20
10131,0,0,0.21,0.08,0.20
10132,0,0,0.21,0.08,0.20
10133,281.97,21.57,0.21,0.08,0.20
10134,0,0,0.20,0.08,0.20
10135,0,0,0.21,0.08,0.20
10136,0,0,0.21,0.08,0.20
10137,0,0,0.21,0.08,0.20
10138,0,0,0.21,0.08,0.20
10139,0,0,0.21,0.08,0.20
10140,0,0,0.22,0.08,0.19
10141,0,0,0.20,0.08,0.20
10142,0,0,0.21,0.08,0.20
10143,282.00,21.55,0.21,0.08,0.20
10144,0,0,0.22,0.08,0.19
10145,0,0,0.20,0.08,0.20
10146,0,0,0.21,0.08,0.20
10147,0,0,0.21,0.08,0.20
10148,0,0,0.21,0.08,0.20
10149,0,0,0.20,0.08,0.20
10150,0,0,0.21,0.08,0.20
10151,0,0,0.21,0.08,0.20
10152,0,0,0.21,0.08,0.20
10153,282.03,21.52,0.21,0.08,0.20
10154,0,0,0.21,0.08,0.20
10155,0,0,0.21,0.08,0.20
10156,0,0,0.21,0.08,0.20
10157,0,0,0.22,0.08,0.19
10158,0,0,0.22,0.08,0.19
10159,0,0,0.21,0.08,0.20
10160,0,0,0.20,0.08,0.20
10161,0,0,0.22,0.08,0.19
10162,0,0,0.21,0.08,0.20
10163,282.06,21.49,0.21,0.08,0.20
10164,0,0,0.20,0.08,0.20
10165,0,0,0.21,0.08,0.20
10166,0,0,0.21,0.08,0.20
10167,0,0,0.20,0.08,0.20
10168,0,0,0.21,0.08,0.20
10169,0,0,0.20,0.08,0.20
10170,0,0,0.20,0.08,0.20
10171,0,0,0.20,0.08,0.20
10172,0,0,0.20,0.08,0.20
10173,282.08,21.46,0.21,0.08,0.20
10174,0,0,0.22,0.08,0.19
10175,0,0,0.22,0.08,0.19
10176,0,0,0.21,0.08,0.20
10177,0,0,0.21,0.08,0.20
10178,0,0,0.21,0.08,0.20
10179,0,0,0.21,0.08,0.20
10180,0,0,0.21,0.08,0.20
10181,0,0,0.21,0.08,0.20
10182,0,0,0.21,0.08,0.20
10183,282.11,21.43,0.21,0.08,0.20
10184,0,0,0.20,0.08,0.20
10185,0,0,0.22,0.08,0.19
10186,0,0,0.22,0.08,0.19
10187,0,0,0.21,0.08,0.20
10188,0,0,0.21,0.08,0.20
10189,0,0,0.21,0.08,0.20
10190,0,0,0.21,0.08,0.20
10191,0,0,0.22,0.08,0.19
10192,0,0,0.21,0.08,0.20
10193,282.14,21.40,0.21,0.08,0.20
10194,0,0,0.22,0.08,0.19
10195,0,0,0.22,0.08,0.19
10196,0,0,0.20,0.08,0.20
10197,0,0,0.21,0.08,0.20
10198,0,0,0.20,0.08,0.20
10199,0,0,0.21,0.08,0.20
10200,0,0,0.21,0.08,0.20
10201,0,0,0.22,0.08,0.19
10202,0,0,0.21,0.08,0.20
10203,282.17,21.38,0.21,0.08,0.20
10204,0,0,0.22,0.08,0.19
10205,0,0,0.20,0.08,0.20
10206,0,0,0.21,0.08,0.20
10207,0,0,0.21,0.08,0.20
10208,0,0,0.21,0.08,0.19
10209,0,0,0.21,0.08,0.20
10210,0,0,0.21,0.08,0.20
10211,0,0,0.22,0.08,0.19
10212,0,0,0.20,0.08,0.20
10213,282.19,21.35,0.21,0.08,0.20
10214,0,0,0.21,0.08,0.20
10215,0,0,0.21,0.08,0.20
10216,0,0,0.20,0.08,0.20
10217,0,0,0.20,0.08,0.20
10218,0,0,0.22,0.08,0.19
10219,0,0,0.21,0.08,0.20
10220,0,0,0.21,0.08,0.20
10221,0,0,0.21,0.08,0.20
10222,0,0,0.21,0.08,0.20
10223,282.22,21.32,0.20,0.08,0.20
10224,0,0,0.21,0.08,0.20
10225,0,0,0.21,0.08,0.20
10226,0,0,0.21,0.08,0.20
10227,0,0,0.21,0.08,0.20
10228,0,0,0.21,0.08,0.20
10229,0,0,0.21,0.08,0.20
10230,0,0,0.21,0.08,0.20
10231,0,0,0.21,0.08,0.20
10232,0,0,0.21,0.08,0.20
10233,282.25,21.29,0.20,0.08,0.20
10234,0,0,0.21,0.08,0.20
10235,0,0,0.20,0.08,0.20
10236,0,0,0.22,0.08,0.19
10237,0,0,0.21,0.08,0.20
10238,0,0,0.22,0.08,0.19
10239,0,0,0.21,0.08,0.20
10240,0,0,0.22,0.08,0.19
10241,0,0,0.22,0.08,0.19
10242,0,0,0.22,0.08,0.19
10243,282.28,21.26,0.20,0.08,0.20
10244,0,0,0.21,0.08,0.20
10245,0,0,0.21,0.08,0.20
10246,0,0,0.21,0.08,0.20
10247,0,0,0.20,0.08,0.20
10248,0,0,0.20,0.08,0.20
10249,0,0,0.21,0.08,0.20
10250,0,0,0.22,0.08,0.19
10251,0,0,0.20,0.08,0.20
10252,0,0,0.21,0.08,0.20
10253,282.30,21.23,0.21,0.08,0.19
10254,0,0,0.22,0.08,0.19
10255,0,0,0.22,0.08,0.19
10256,0,0,0.22,0.08,0.19
10257,0,0,0.22,0.08,0.19
10258,0,0,0.22,0.08,0.19
10259,0,0,0.21,0.08,0.20
10260,0,0,0.20,0.08,0.20
10261,0,0,0.21,0.08,0.20
10262,0,0,0.21,0.08,0.20
10263,282.33,21.21,0.21,0.08,0.19
10264,0,0,0.20,0.08,0.20
10265,0,0,0.21,0.08,0.20
10266,0,0,0.21,0.08,0.20
10267,0,0,0.21,0.08,0.19
10269,0,0,0.20,0.08,0.20
10270,0,0,0.22,0.08,0.19
10271,0,0,0.20,0.08,0.20
10272,0,0,0.22,0.08,0.19
10273,0,0,0.21,0.08,0.20
10274,282.36,21.18,0.21,0.08,0.20
10275,0,0,0.21,0.08,0.20
10276,0,0,0.21,0.08,0.20
10277,0,0,0.21,0.08,0.19
10278,0,0,0.21,0.08,0.20
10279,0,0,0.22,0.08,0.19
10280,0,0,0.20,0.08,0.20
10281,0,0,0.22,0.08,0.19
10282,0,0,0.21,0.08,0.20
10283,0,0,0.20,0.08,0.20
10284,282.39,21.15,0.21,0.08,0.19
10285,0,0,0.20,0.08,0.20
10286,0,0,0.21,0.08,0.20
10287,0,0,0.20,0.08,0.20
10288,0,0,0.21,0.08,0.20
10289,0,0,0.22,0.08,0.19
10290,0,0,0.22,0.08,0.19
10291,0,0,0.22,0.08,0.19
10292,0,0,0.21,0.08,0.19
10293,0,0,0.22,0.08,0.19
10294,282.41,21.12,0.22,0.08,0.19
10295,0,0,0.22,0.08,0.19
10296,0,0,0.21,0.08,0.20
10297,0,0,0.20,0.08,0.20
10298,0,0,0.20,0.08,0.20
10299,0,0,0.22,0.08,0.19
10300,0,0,0.22,0.08,0.19
10301,0,0,0.21,0.08,0.19
10302,0,0,0.22,0.08,0.19
10303,0,0,0.22,0.08,0.19
10304,282.44,21.09,0.21,0.08,0.20
10305,0,0,0.21,0.08,0.20
10306,0,0,0.21,0.08,0.19
10307,0,0,0.21,0.08,0.19
10308,0,0,0.22,0.08,0.19
10309,0,0,0.21,0.08,0.19
10310,0,0,0.20,0.08,0.20
10311,0,0,0.20,0.08,0.20
10312,0,0,0.20,0.08,0.20
10313,0,0,0.22,0.08,0.19
10314,282.47,21.06,0.22,0.08,0.19
10315,0,0,0.21,0.08,0.19
10316,0,0,0.21,0.08,0.20
10317,0,0,0.22,0.08,0.19
10318,0,0,0.22,0.08,0.19
10319,0,0,0.22,0.08,0.19
10320,0,0,0.21,0.08,0.19
10321,0,0,0.21,0.08,0.19
10322,0,0,0.22,0.08,0.19
10323,0,0,0.20,0.08,0.20
10324,282.50,21.04,0.20,0.08,0.20
10325,0,0,0.21,0.08,0.19
10326,0,0,0.22,0.08,0.19
10327,0,0,0.21,0.08,0.20
10328,0,0,0.22,0.08,0.19
10329,0,0,0.22,0.08,0.19
10330,0,0,0.22,0.08,0.19
10331,0,0,0.22,0.08,0.19
10332,0,0,0.22,0.08,0.19
10333,0,0,0.22,0.08,0.19
10334,282.52,21.01,0.21,0.08,0.19
10335,0,0,0.21,0.08,0.19
10336,0,0,0.21,0.08,0.19
10337,0,0,0.20,0.08,0.20
10338,0,0,0.21,0.08,0.19
10339,0,0,0.20,0.08,0.20
10340,0,0,0.22,0.08,0.19
10341,0,0,0.20,0.08,0.20
10342,0,0,0.22,0.08,0.19
10343,0,0,0.22,0.08,0.19
10344,282.55,20.98,0.22,0.08,0.19
10345,0,0,0.22,0.08,0.19
10346,0,0,0.22,0.08,0.19
10347,0,0,0.22,0.08,0.19
10348,0,0,0.21,0.08,0.19
10349,0,0,0.22,0.08,0.19
10350,0,0,0.22,0.08,0.19
10351,0,0,0.21,0.08,0.19
10352,0,0,0.22,0.08,0.19
10353,0,0,0.22,0.08,0.19
10354,282.58,20.95,0.22,0.08,0.19
10355,0,0,0.20,0.08,0.20
10356,0,0,0.22,0.08,0.19
10357,0,0,0.22,0.08,0.19
10358,0,0,0.22,0.08,0.19
10359,0,0,0.21,0.08,0.19
10360,0,0,0.21,0.08,0.19
10361,0,0,0.21,0.08,0.19
10362,0,0,0.22,0.08,0.19
10363,0,0,0.21,0.08,0.19
10364,282.60,20.92,0.21,0.08,0.19
10365,0,0,0.21,0.08,0.19
10366,0,0,0.22,0.08,0.19
10367,0,0,0.21,0.08,0.19
10368,0,0,0.22,0.08,0.19
10369,0,0,0.22,0.08,0.19
10370,0,0,0.22,0.08,0.19
10371,0,0,0.21,0.08,0.19
10372,0,0,0.22,0.08,0.19
10373,0,0,0.22,0.08,0.19
10374,282.63,20.90,0.22,0.08,0.19
10375,0,0,0.22,0.08,0.19
10376,0,0,0.21,0.08,0.19
10377,0,0,0.21,0.08,0.19
10378,0,0,0.22,0.08,0.19
10379,0,0,0.22,0.08,0.19
10380,0,0,0.22,0.08,0.19
10381,0,0,0.22,0.08,0.19
10382,0,0,0.21,0.08,0.19
10383,0,0,0.21,0.08,0.19
10384,282.66,20.87,0.22,0.08,0.19
10385,0,0,0.22,0.08,0.19
10386,0,0,0.21,0.08,0.19
10387,0,0,0.22,0.08,0.19
10388,0,0,0.21,0.08,0.19
10389,0,0,0.22,0.08,0.19
10390,0,0,0.21,0.08,0.19
10391,0,0,0.21,0.08,0.19
10392,0,0,0.21,0.08,0.19
10393,0,0,0.22,0.08,0.19
10394,282.69,20.84,0.22,0.08,0.19
10395,0,0,0.21,0.08,0.19
10396,0,0,0.21,0.08,0.19
10397,0,0,0.21,0.08,0.19
10398,0,0,0.21,0.08,0.19
10399,0,0,0.21,0.08,0.19
10400,0,0,0.21,0.08,0.19
10401,0,0,0.22,0.08,0.19
10402,0,0,0.21,0.08,0.19
10403,0,0,0.21,0.08,0.19
10404,282.71,20.81,0.22,0.08,0.19
10405,0,0,0.22,0.08,0.19
10406,0,0,0.21,0.08,0.19
10407,0,0,0.21,0.08,0.19
10408,0,0,0.21,0.08,0.19
10409,0,0,0.22,0.08,0.19
10410,0,0,0.22,0.08,0.19
10411,0,0,0.21,0.08,0.19
10412,0,0,0.21,0.08,0.19
10413,0,0,0.22,0.08,0.19
10414,282.74,20.78,0.21,0.08,0.19
10415,0,0,0.22,0.08,0.19
10416,0,0,0.22,0.08,0.19
10417,0,0,0.21,0.08,0.19
10418,0,0,0.22,0.08,0.19
10419,0,0,0.22,0.08,0.19
10420,0,0,0.21,0.08,0.19
10421,0,0,0.21,0.08,0.19
10422,0,0,0.21,0.08,0.19
10423,0,0,0.22,0.08,0.19
10424,282.77,20.75,0.21,0.08,0.19
10425,0,0,0.21,0.08,0.19
10426,0,0,0.22,0.08,0.19
10427,0,0,0.21,0.08,0.19
10428,0,0,0.21,0.08,0.19
10429,0,0,0.21,0.08,0.19
10430,0,0,0.21,0.08,0.19
10431,0,0,0.22,0.08,0.19
10432,0,0,0.21,0.08,0.19
10433,0,0,0.21,0.08,0.19
10434,282.80,20.73,0.21,0.08,0.19
10435,0,0,0.22,0.08,0.19
10436,0,0,0.21,0.08,0.19
10437,0,0,0.22,0.08,0.19
10438,0,0,0.21,0.08,0.19
10439,0,0,0.21,0.08,0.19
10440,0,0,0.22,0.08,0.19
10441,0,0,0.22,0.08,0.19
10442,0,0,0.22,0.08,0.19
10443,282.82,20.70,0.21,0.08,0.19
10444,0,0,0.22,0.08,0.19
10445,0,0,0.22,0.08,0.19
10446,0,0,0.21,0.08,0.19
10447,0,0,0.21,0.08,0.19
10448,0,0,0.21,0.08,0.19
10449,0,0,0.22,0.08,0.19
10450,0,0,0.21,0.08,0.19
10451,0,0,0.21,0.08,0.19
10452,0,0,0.21,0.08,0.19
10453,282.85,20.67,0.22,0.08,0.19
10454,0,0,0.22,0.08,0.19
10455,0,0,0.22,0.08,0.19
10456,0,0,0.21,0.08,0.19
10457,0,0,0.22,0.08,0.19
10458,0,0,0.21,0.08,0.19
10459,0,0,0.21,0.08,0.19
10460,0,0,0.22,0.08,0.19
10461,0,0,0.21,0.08,0.19
10462,0,0,0.21,0.08,0.19
10463,282.88,20.64,0.22,0.08,0.19
10464,0,0,0.21,0.08,0.19
10465,0,0,0.22,0.08,0.19
10466,0,0,0.21,0.08,0.19
10467,0,0,0.21,0.08,0.19
10468,0,0,0.21,0.08,0.19
10469,0,0,0.21,0.08,0.19
10470,0,0,0.21,0.08,0.19
10471,0,0,0.21,0.08,0.19
10472,0,0,0.21,0.08,0.19
10473,282.91,20.61,0.21,0.08,0.19
10474,0,0,0.21,0.08,0.19
10475,0,0,0.21,0.08,0.19
10476,0,0,0.21,0.08,0.19
10477,0,0,0.21,0.08,0.19
10478,0,0,0.21,0.08,0.19
10479,0,0,0.21,0.08,0.19
10480,0,0,0.22,0.08,0.19
10481,0,0,0.21,0.08,0.19
10482,0,0,0.21,0.08,0.19
10483,282.93,20.58,0.22,0.08,0.19
10484,0,0,0.21,0.08,0.19
10485,0,0,0.21,0.08,0.19
10486,0,0,0.21,0.08,0.19
10487,0,0,0.21,0.08,0.19
10488,0,0,0.21,0.08,0.19
10489,0,0,0.21,0.08,0.19
10490,0,0,0.22,0.08,0.19
10491,0,0,0.21,0.08,0.19
10492,0,0,0.21,0.08,0.19
10493,282.96,20.56,0.21,0.08,0.19
10494,0,0,0.21,0.08,0.19
10495,0,0,0.21,0.08,0.19
10496,0,0,0.21,0.08,0.19
10497,0,0,0.21,0.08,0.19
10498,0,0,0.22,0.08,0.19
10499,0,0,0.21,0.08,0.19
10500,0,0,0.21,0.08,0.19
10501,0,0,0.22,0.08,0.19
10502,0,0,0.21,0.08,0.19
10503,282.99,20.53,0.21,0.08,0.19
10504,0,0,0.21,0.08,0.19
10505,0,0,0.21,0.08,0.19
10506,0,0,0.21,0.08,0.19
10507,0,0,0.21,0.08,0.19
10508,0,0,0.21,0.08,0.19
10509,0,0,0.21,0.08,0.19
10510,0,0,0.21,0.08,0.19
10511,0,0,0.21,0.08,0.19
10512,0,0,0.21,0.08,0.19
10513,283.02,20.50,0.22,0.08,0.19
10514,0,0,0.21,0.08,0.19
10515,0,0,0.21,0.08,0.19
10516,0,0,0.21,0.08,0.19
10517,0,0,0.21,0.08,0.19
10518,0,0,0.21,0.08,0.19
10519,0,0,0.21,0.08,0.19
10520,0,0,0.21,0.08,0.19
10521,0,0,0.21,0.08,0.19
10522,0,0,0.21,0.08,0.19
10523,283.04,20.47,0.21,0.08,0.19
10524,0,0,0.21,0.08,0.19
10525,0,0,0.21,0.08,0.19
10526,0,0,0.21,0.08,0.19
10527,0,0,0.21,0.08,0.19
10528,0,0,0.21,0.08,0.19
10529,0,0,0.21,0.08,0.19
10530,0,0,0.21,0.08,0.19
10531,0,0,0.21,0.08,0.19
10532,0,0,0.21,0.08,0.19
10533,283.07,20.44,0.21,0.08,0.19
10534,0,0,0.21,0.08,0.19
10535,0,0,0.21,0.08,0.19
10536,0,0,0.21,0.08,0.19
10537,0,0,0.21,0.08,0.19
10538,0,0,0.21,0.08,0.19
10539,0,0,0.21,0.08,0.19
10540,0,0,0.21,0.08,0.19
10541,0,0,0.21,0.08,0.19
10542,0,0,0.21,0.08,0.19
10543,283.10,20.41,0.21,0.08,0.19
10544,0,0,0.21,0.08,0.19
10545,0,0,0.21,0.08,0.19
10546,0,0,0.22,0.08,0.19
10547,0,0,0.21,0.08,0.19
10548,0,0,0.21,0.08,0.19
10549,0,0,0.21,0.08,0.19
10550,0,0,0.22,0.08,0.19
10551,0,0,0.21,0.08,0.19
10552,0,0,0.21,0.08,0.19
10553,283.13,20.39,0.21,0.08,0.19
10554,0,0,0.21,0.08,0.19
10555,0,0,0.21,0.08,0.19
10556,0,0,0.21,0.08,0.19
10557,0,0,0.21,0.08,0.19
10558,0,0,0.21,0.08,0.19
10559,0,0,0.21,0.08,0.19
10560,0,0,0.21,0.08,0.19
10561,0,0,0.21,0.08,0.19
10562,0,0,0.22,0.08,0.19
10563,283.15,20.36,0.22,0.08,0.19
10564,0,0,0.21,0.08,0.19
10565,0,0,0.21,0.08,0.19
10566,0,0,0.21,0.08,0.19
10567,0,0,0.21,0.08,0.19
10568,0,0,0.21,0.08,0.19
10569,0,0,0.21,0.08,0.19
10570,0,0,0.21,0.08,0.19
10571,0,0,0.22,0.08,0.19
10572,0,0,0.21,0.08,0.19
10573,283.18,20.33,0.21,0.08,0.19
10574,0,0,0.21,0.08,0.19
10575,0,0,0.22,0.08,0.19
10576,0,0,0.21,0.08,0.19
10577,0,0,0.21,0.08,0.19
10578,0,0,0.22,0.08,0.19
10579,0,0,0.21,0.08,0.19
10580,0,0,0.22,0.08,0.19
10581,0,0,0.21,0.08,0.19
10582,0,0,0.21,0.08,0.19
10583,283.21,20.30,0.21,0.08,0.19
10584,0,0,0.21,0.08,0.19
10585,0,0,0.22,0.08,0.19
10586,0,0,0.21,0.08,0.19
10587,0,0,0.21,0.08,0.19
10588,0,0,0.21,0.08,0.19
10589,0,0,0.21,0.08,0.19
10590,0,0,0.22,0.08,0.19
10591,0,0,0.21,0.08,0.19
10592,0,0,0.22,0.08,0.19
10593,283.24,20.27,0.21,0.08,0.19
10594,0,0,0.21,0.08,0.19
10595,0,0,0.21,0.08,0.19
10596,0,0,0.21,0.08,0.19
10597,0,0,0.21,0.08,0.19
10598,0,0,0.21,0.08,0.19
10599,0,0,0.21,0.08,0.19
10600,0,0,0.21,0.08,0.19
10601,0,0,0.21,0.08,0.19
10602,0,0,0.21,0.08,0.19
10603,283.26,20.25,0.21,0.08,0.19
10604,0,0,0.21,0.08,0.19
10605,0,0,0.21,0.08,0.19
10606,0,0,0.21,0.08,0.19
10607,0,0,0.21,0.08,0.19
10608,0,0,0.21,0.08,0.19
10609,0,0,0.21,0.08,0.19
10610,0,0,0.21,0.08,0.19
10611,0,0,0.21,0.08,0.19
10612,0,0,0.21,0.08,0.19
10613,283.29,20.22,0.21,0.08,0.19
10614,0,0,0.21,0.08,0.19
10615,0,0,0.21,0.08,0.19
10616,0,0,0.21,0.08,0.19
10617,0,0,0.21,0.08,0.19
10618,0,0,0.21,0.08,0.19
10619,0,0,0.21,0.08,0.19
10620,0,0,0.21,0.08,0.19
10621,0,0,0.21,0.08,0.19
10622,0,0,0.22,0.08,0.19
10623,283.32,20.19,0.21,0.08,0.19
10624,0,0,0.21,0.08,0.19
10625,0,0,0.21,0.08,0.19
10626,0,0,0.21,0.08,0.19
10627,0,0,0.21,0.08,0.19
10628,0,0,0.21,0.08,0.19
10629,0,0,0.22,0.08,0.19
10630,0,0,0.22,0.08,0.19
10631,0,0,0.21,0.08,0.19
10632,0,0,0.22,0.08,0.19
10633,283.35,20.16,0.21,0.08,0.19
10634,0,0,0.21,0.08,0.19
10635,0,0,0.21,0.08,0.19
10636,0,0,0.21,0.08,0.19
10637,0,0,0.21,0.08,0.19
10638,0,0,0.21,0.08,0.19
10639,0,0,0.22,0.08,0.19
10640,0,0,0.21,0.08,0.19
10641,0,0,0.21,0.08,0.19
10642,0,0,0.21,0.08,0.19
10643,283.37,20.13,0.22,0.08,0.19
10644,0,0,0.22,0.08,0.19
10645,0,0,0.21,0.08,0.19
10646,0,0,0.21,0.08,0.19
10647,0,0,0.21,0.08,0.19
10648,0,0,0.21,0.08,0.19
10649,0,0,0.21,0.08,0.19
10650,0,0,0.21,0.08,0.19
10651,0,0,0.21,0.08,0.19
10652,0,0,0.21,0.08,0.19
10653,283.40,20.10,0.21,0.08,0.19
10654,0,0,0.21,0.08,0.19
10655,0,0,0.21,0.08,0.19
10656,0,0,0.21,0.08,0.19
10657,0,0,0.21,0.08,0.19
10658,0,0,0.21,0.08,0.19
10659,0,0,0.21,0.08,0.19
10660,0,0,0.21,0.08,0.19
10661,0,0,0.21,0.08,0.19
10662,0,0,0.21,0.08,0.19
10663,283.43,20.08,0.21,0.08,0.19
10664,0,0,0.21,0.08,0.19
10665,0,0,0.21,0.08,0.19
10666,0,0,0.21,0.08,0.19
10667,0,0,0.21,0.08,0.19
10668,0,0,0.21,0.08,0.19
10669,0,0,0.21,0.08,0.19
10670,0,0,0.21,0.08,0.19
10671,0,0,0.22,0.08,0.19
10672,0,0,0.21,0.08,0.19
10673,283.46,20.05,0.21,0.08,0.19
10674,0,0,0.21,0.08,0.19
10675,0,0,0.21,0.08,0.19
10676,0,0,0.21,0.08,0.19
10677,0,0,0.21,0.08,0.19
10678,0,0,0.21,0.08,0.19
10679,0,0,0.21,0.08,0.19
10680,0,0,0.21,0.08,0.19
10681,0,0,0.21,0.08,0.19
10682,0,0,0.21,0.08,0.19
10683,283.48,20.02,0.21,0.08,0.19
10684,0,0,0.21,0.08,0.19
10685,0,0,0.21,0.08,0.19
10686,0,0,0.21,0.08,0.19
10687,0,0,0.21,0.08,0.19
10688,0,0,0.21,0.08,0.19
10689,0,0,0.21,0.08,0.19
10690,0,0,0.22,0.08,0.19
10691,0,0,0.21,0.08,0.19
10692,0,0,0.22,0.08,0.19
10693,283.51,19.99,0.21,0.08,0.19
10694,0,0,0.21,0.08,0.19
10695,0,0,0.21,0.08,0.19
10696,0,0,0.21,0.08,0.19
10697,0,0,0.21,0.08,0.19
10698,0,0,0.21,0.08,0.19
10699,0,0,0.21,0.08,0.19
10700,0,0,0.21,0.08,0.19
10701,0,0,0.21,0.08,0.19
10702,0,0,0.21,0.08,0.19
10703,283.54,19.96,0.21,0.08,0.19
10704,0,0,0.21,0.08,0.19
10705,0,0,0.21,0.08,0.19
10706,0,0,0.21,0.08,0.19
10707,0,0,0.22,0.08,0.19
10708,0,0,0.21,0.08,0.19
10709,0,0,0.21,0.08,0.19
10710,0,0,0.21,0.08,0.19
10711,0,0,0.21,0.08,0.19
10712,0,0,0.21,0.08,0.19
10713,283.56,19.94,0.21,0.08,0.19
10714,0,0,0.21,0.08,0.19
10715,0,0,0.21,0.08,0.19
10716,0,0,0.21,0.08,0.19
10717,0,0,0.21,0.08,0.19
10718,0,0,0.21,0.08,0.19
10719,0,0,0.21,0.08,0.19
10720,0,0,0.21,0.08,0.19
10721,0,0,0.21,0.08,0.19
10722,0,0,0.21,0.08,0.19
10723,283.59,19.91,0.21,0.08,0.19
10724,0,0,0.21,0.08,0.19
10725,0,0,0.21,0.08,0.19
10726,0,0,0.21,0.08,0.19
10727,0,0,0.21,0.08,0.19
10728,0,0,0.21,0.08,0.19
10729,0,0,0.21,0.08,0.19
10730,0,0,0.21,0.08,0.19
10731,0,0,0.21,0.08,0.19
10732,0,0,0.21,0.08,0.19
10733,283.62,19.88,0.21,0.08,0.19
10734,0,0,0.21,0.08,0.19
10736,0,0,0.21,0.08,0.19
10737,0,0,0.21,0.08,0.19
10738,0,0,0.21,0.08,0.19
10739,0,0,0.21,0.08,0.19
10740,0,0,0.21,0.08,0.19
10741,0,0,0.21,0.08,0.19
10742,0,0,0.21,0.08,0.19
10743,0,0,0.21,0.08,0.19
10744,283.65,19.85,0.21,0.08,0.19
10745,0,0,0.21,0.08,0.19
10746,0,0,0.21,0.08,0.19
10747,0,0,0.21,0.08,0.19
10748,0,0,0.22,0.08,0.19
10749,0,0,0.21,0.08,0.19
10750,0,0,0.21,0.08,0.19
10751,0,0,0.22,0.08,0.19
10752,0,0,0.21,0.08,0.19
10753,0,0,0.21,0.08,0.19
10754,283.67,19.82,0.21,0.08,0.19
10755,0,0,0.21,0.08,0.19
10756,0,0,0.21,0.08,0.19
10757,0,0,0.21,0.08,0.19
10758,0,0,0.21,0.08,0.19
10759,0,0,0.21,0.08,0.19
10760,0,0,0.21,0.08,0.19
10761,0,0,0.21,0.08,0.19
10762,0,0,0.21,0.08,0.19
10763,0,0,0.21,0.08,0.19
10764,283.70,19.80,0.21,0.08,0.19
10765,0,0,0.21,0.08,0.19
10766,0,0,0.21,0.08,0.19
10767,0,0,0.21,0.08,0.19
10768,0,0,0.21,0.08,0.19
10769,0,0,0.21,0.08,0.19
10770,0,0,0.21,0.08,0.19
10771,0,0,0.21,0.08,0.19
10772,0,0,0.21,0.08,0.19
10773,0,0,0.21,0.08,0.19
10774,283.73,19.77,0.21,0.08,0.19
10775,0,0,0.21,0.08,0.19
10776,0,0,0.21,0.08,0.19
10777,0,0,0.21,0.08,0.19
10778,0,0,0.21,0.08,0.19
10779,0,0,0.21,0.08,0.19
10780,0,0,0.21,0.08,0.19
10781,0,0,0.21,0.08,0.19
10782,0,0,0.21,0.08,0.19
10783,0,0,0.21,0.08,0.19
10784,283.76,19.74,0.21,0.08,0.19
10785,0,0,0.21,0.08,0.19
10786,0,0,0.21,0.08,0.19
10787,0,0,0.21,0.08,0.19
10788,0,0,0.21,0.08,0.19
10789,0,0,0.21,0.08,0.19
10790,0,0,0.21,0.08,0.19
10791,0,0,0.21,0.08,0.19
10792,0,0,0.21,0.08,0.19
10793,0,0,0.21,0.08,0.19
10794,283.78,19.71,0.21,0.08,0.19
10795,0,0,0.21,0.08,0.19
10796,0,0,0.21,0.08,0.19
10797,0,0,0.21,0.08,0.19
10798,0,0,0.22,0.08,0.18
10799,0,0,0.21,0.08,0.19
10800,0,0,0.21,0.08,0.19
10801,0,0,0.21,0.08,0.19
10802,0,0,0.21,0.08,0.19
10803,0,0,0.21,0.08,0.19
10804,283.81,19.68,0.21,0.08,0.19
10805,0,0,0.21,0.08,0.19
10806,0,0,0.21,0.08,0.19
10807,0,0,0.21,0.08,0.19
10808,0,0,0.21,0.08,0.19
10809,0,0,0.21,0.08,0.19
10810,0,0,0.21,0.08,0.19
10811,0,0,0.21,0.08,0.19
10812,0,0,0.21,0.08,0.19
10813,0,0,0.21,0.08,0.19
10814,283.84,19.65,0.21,0.08,0.19
10815,0,0,0.21,0.08,0.19
10816,0,0,0.21,0.08,0.19
10817,0,0,0.21,0.08,0.19
10818,0,0,0.21,0.08,0.19
10819,0,0,0.21,0.08,0.19
10820,0,0,0.21,0.08,0.19
10821,0,0,0.21,0.08,0.19
10822,0,0,0.21,0.08,0.19
10823,0,0,0.21,0.08,0.19
10824,283.87,19.63,0.21,0.08,0.19
10825,0,0,0.21,0.08,0.19
10826,0,0,0.22,0.08,0.18
10827,0,0,0.21,0.08,0.19
10828,0,0,0.21,0.08,0.19
10829,0,0,0.21,0.08,0.19
10830,0,0,0.21,0.08,0.19
10831,0,0,0.21,0.08,0.19
10832,0,0,0.21,0.08,0.19
10833,0,0,0.21,0.08,0.19
10834,283.89,19.60,0.21,0.08,0.19
10835,0,0,0.21,0.08,0.19
10836,0,0,0.21,0.08,0.19
10837,0,0,0.21,0.08,0.19
10838,0,0,0.21,0.08,0.19
10839,0,0,0.21,0.08,0.19
10840,0,0,0.21,0.08,0.19
10841,0,0,0.22,0.08,0.18
10842,0,0,0.21,0.08,0.19
10843,0,0,0.21,0.08,0.19
10844,283.92,19.57,0.21,0.08,0.19
10845,0,0,0.21,0.08,0.19
10846,0,0,0.21,0.08,0.19
10847,0,0,0.21,0.08,0.19
10848,0,0,0.21,0.08,0.19
10849,0,0,0.21,0.08,0.19
10850,0,0,0.21,0.08,0.19
10851,0,0,0.21,0.08,0.19
10852,0,0,0.21,0.08,0.19
10853,0,0,0.21,0.08,0.19
10854,283.95,19.54,0.22,0.08,0.18
10855,0,0,0.22,0.08,0.18
10856,0,0,0.21,0.08,0.19
10857,0,0,0.21,0.08,0.19
10858,0,0,0.21,0.08,0.19
10859,0,0,0.22,0.08,0.18
10860,0,0,0.22,0.08,0.18
10861,0,0,0.22,0.08,0.18
10862,0,0,0.21,0.08,0.19
10863,0,0,0.21,0.08,0.19
10864,283.98,19.51,0.22,0.08,0.18
10865,0,0,0.21,0.08,0.19
10866,0,0,0.21,0.08,0.19
10867,0,0,0.21,0.08,0.19
10868,0,0,0.21,0.08,0.19
10869,0,0,0.22,0.08,0.18
10870,0,0,0.21,0.08,0.19
10871,0,0,0.21,0.08,0.19
10872,0,0,0.21,0.08,0.19
10873,0,0,0.21,0.08,0.19
10874,284.00,19.49,0.21,0.08,0.19
10875,0,0,0.21,0.08,0.19
10876,0,0,0.21,0.08,0.19
10877,0,0,0.21,0.08,0.19
10878,0,0,0.21,0.08,0.19
10879,0,0,0.21,0.08,0.19
10880,0,0,0.21,0.08,0.19
10881,0,0,0.21,0.08,0.19
10882,0,0,0.21,0.08,0.19
10883,0,0,0.21,0.08,0.19
10884,284.03,19.46,0.21,0.08,0.19
10885,0,0,0.22,0.08,0.18
10886,0,0,0.21,0.08,0.19
10887,0,0,0.21,0.08,0.19
10888,0,0,0.22,0.08,0.18
10889,0,0,0.22,0.08,0.18
10890,0,0,0.21,0.08,0.19
10891,0,0,0.21,0.08,0.19
10892,0,0,0.21,0.08,0.19
10893,0,0,0.22,0.08,0.18
10894,284.06,19.43,0.21,0.08,0.19
10895,0,0,0.22,0.08,0.18
10896,0,0,0.22,0.08,0.18
10897,0,0,0.21,0.08,0.19
10898,0,0,0.21,0.08,0.19
10899,0,0,0.22,0.08,0.18
10900,0,0,0.22,0.08,0.18
10901,0,0,0.21,0.08,0.19
10902,0,0,0.22,0.08,0.18
10903,0,0,0.22,0.08,0.18
10904,284.09,19.40,0.21,0.08,0.19
10905,0,0,0.21,0.08,0.19
10906,0,0,0.21,0.08,0.19
10907,0,0,0.21,0.08,0.19
10908,0,0,0.21,0.08,0.19
10909,0,0,0.21,0.08,0.19
10910,0,0,0.21,0.08,0.19
10911,0,0,0.22,0.08,0.18
10912,0,0,0.21,0.08,0.19
10913,0,0,0.22,0.08,0.18
10914,284.11,19.37,0.22,0.08,0.18
10915,0,0,0.21,0.08,0.19
10916,0,0,0.21,0.08,0.19
10917,0,0,0.21,0.08,0.19
10918,0,0,0.21,0.08,0.19
10919,0,0,0.21,0.08,0.19
10920,0,0,0.22,0.08,0.18
10921,0,0,0.21,0.08,0.19
10922,0,0,0.22,0.08,0.18
10923,0,0,0.22,0.08,0.18
10924,284.14,19.34,0.21,0.08,0.19
10925,0,0,0.21,0.08,0.19
10926,0,0,0.21,0.08,0.19
10927,0,0,0.21,0.08,0.19
10928,0,0,0.21,0.08,0.19
10929,0,0,0.21,0.08,0.19
10930,0,0,0.21,0.08,0.19
10931,0,0,0.21,0.08,0.19
10932,0,0,0.21,0.08,0.19
10933,0,0,0.22,0.08,0.18
10934,284.17,19.32,0.22,0.08,0.18
10935,0,0,0.22,0.08,0.18
10936,0,0,0.21,0.08,0.19
10937,0,0,0.21,0.08,0.19
10938,0,0,0.21,0.08,0.19
10939,0,0,0.21,0.08,0.19
10940,0,0,0.22,0.08,0.18
10941,0,0,0.21,0.08,0.19
10942,0,0,0.21,0.08,0.19
10943,0,0,0.22,0.08,0.18
10944,284.19,19.29,0.21,0.08,0.19
10945,0,0,0.22,0.08,0.18
10946,0,0,0.22,0.08,0.18
10947,0,0,0.22,0.08,0.18
10948,0,0,0.21,0.08,0.19
10949,0,0,0.21,0.08,0.19
10950,0,0,0.21,0.08,0.19
10951,0,0,0.21,0.08,0.19
10952,0,0,0.22,0.08,0.18
10953,0,0,0.21,0.08,0.19
10954,284.22,19.26,0.21,0.08,0.19
10955,0,0,0.21,0.08,0.19
10956,0,0,0.22,0.08,0.18
10957,0,0,0.21,0.08,0.19
10958,0,0,0.22,0.08,0.18
10959,0,0,0.21,0.08,0.19
10960,0,0,0.22,0.08,0.18
10961,0,0,0.21,0.08,0.19
10962,0,0,0.21,0.08,0.19
10963,0,0,0.22,0.08,0.18
10964,284.25,19.23,0.22,0.08,0.18
10965,0,0,0.22,0.08,0.18
10966,0,0,0.22,0.08,0.18
10967,0,0,0.21,0.08,0.19
10968,0,0,0.22,0.08,0.18
10969,0,0,0.22,0.08,0.18
10970,0,0,0.21,0.08,0.19
10971,0,0,0.22,0.08,0.18
10972,0,0,0.21,0.08,0.19
10973,0,0,0.21,0.08,0.19
10974,284.28,19.20,0.21,0.08,0.19
10975,0,0,0.21,0.08,0.19
10976,0,0,0.22,0.08,0.18
10977,0,0,0.22,0.08,0.18
10978,0,0,0.21,0.08,0.19
10979,0,0,0.21,0.08,0.19
10980,0,0,0.22,0.08,0.18
10981,0,0,0.21,0.08,0.19
10982,0,0,0.21,0.08,0.19
10983,0,0,0.22,0.08,0.18
10984,284.30,19.18,0.21,0.08,0.19
10985,0,0,0.21,0.08,0.19
10986,0,0,0.21,0.08,0.19
10987,0,0,0.22,0.08,0.18
10988,0,0,0.22,0.08,0.18
10989,0,0,0.22,0.08,0.18
10990,0,0,0.22,0.08,0.18
10991,0,0,0.21,0.08,0.19
10992,0,0,0.21,0.08,0.19
10993,0,0,0.22,0.08,0.18
10994,284.33,19.15,0.22,0.08,0.18
10995,0,0,0.21,0.08,0.19
10996,0,0,0.22,0.08,0.18
10997,0,0,0.22,0.08,0.18
10998,0,0,0.22,0.08,0.18
10999,0,0,0.22,0.08,0.18
11000,0,0,0.21,0.08,0.19
11001,0,0,0.22,0.08,0.18
11002,0,0,0.21,0.08,0.19
11003,0,0,0.21,0.08,0.19
11004,284.36,19.12,0.22,0.08,0.18
11005,0,0,0.21,0.08,0.19
11006,0,0,0.22,0.08,0.18
11007,0,0,0.22,0.08,0.18
11008,0,0,0.21,0.08,0.19
11009,0,0,0.22,0.08,0.18
11010,0,0,0.21,0.08,0.19
11011,0,0,0.22,0.08,0.18
11012,0,0,0.22,0.08,0.18
11013,0,0,0.22,0.08,0.18
11014,284.39,19.09,0.22,0.08,0.18
11015,0,0,0.22,0.08,0.18
11016,0,0,0.21,0.08,0.19
11017,0,0,0.22,0.08,0.18
11018,0,0,0.22,0.08,0.18
11019,0,0,0.21,0.08,0.19
11020,0,0,0.22,0.08,0.18
11021,0,0,0.22,0.08,0.18
11022,0,0,0.21,0.08,0.19
11023,284.41,19.06,0.21,0.08,0.19
11024,0,0,0.22,0.08,0.18
11025,0,0,0.22,0.08,0.18
11026,0,0,0.22,0.08,0.18
11027,0,0,0.22,0.08,0.18
11028,0,0,0.21,0.08,0.19
11029,0,0,0.21,0.08,0.19
11030,0,0,0.21,0.08,0.19
11031,0,0,0.21,0.08,0.19
11032,0,0,0.22,0.08,0.18
11033,284.44,19.04,0.21,0.08,0.19
11034,0,0,0.22,0.08,0.18
11035,0,0,0.21,0.08,0.19
11036,0,0,0.22,0.08,0.18
11037,0,0,0.22,0.08,0.18
11038,0,0,0.22,0.08,0.18
11039,0,0,0.21,0.08,0.19
11040,0,0,0.21,0.08,0.19
11041,0,0,0.21,0.08,0.19
11042,0,0,0.22,0.08,0.18
11043,284.47,19.01,0.22,0.08,0.18
11044,0,0,0.21,0.08,0.19
11045,0,0,0.21,0.08,0.19
11046,0,0,0.22,0.08,0.18
11047,0,0,0.22,0.08,0.18
11048,0,0,0.20,0.07,0.19
11049,0,0,0.22,0.08,0.18
11050,0,0,0.22,0.08,0.18
11051,0,0,0.22,0.08,0.18
11052,0,0,0.22,0.08,0.18
11053,284.50,18.98,0.21,0.08,0.19
11054,0,0,0.22,0.08,0.18
11055,0,0,0.21,0.08,0.19
11056,0,0,0.22,0.08,0.18
11057,0,0,0.22,0.08,0.18
11058,0,0,0.22,0.08,0.18
11059,0,0,0.22,0.08,0.18
11060,0,0,0.22,0.08,0.18
11061,0,0,0.22,0.08,0.18
11062,0,0,0.20,0.07,0.18
11063,284.52,18.95,0.22,0.08,0.18
11064,0,0,0.21,0.08,0.19
11065,0,0,0.22,0.08,0.18
11066,0,0,0.21,0.08,0.19
11067,0,0,0.22,0.08,0.18
11068,0,0,0.22,0.08,0.18
11069,0,0,0.22,0.08,0.18
11070,0,0,0.22,0.08,0.18
11071,0,0,0.22,0.08,0.18
11072,0,0,0.22,0.08,0.18
11073,284.55,18.92,0.21,0.08,0.19
11074,0,0,0.22,0.08,0.18
11075,0,0,0.22,0.08,0.18
11076,0,0,0.21,0.08,0.19
11077,0,0,0.22,0.08,0.18
11078,0,0,0.22,0.08,0.18
11079,0,0,0.22,0.08,0.18
11080,0,0,0.22,0.08,0.18
11081,0,0,0.21,0.08,0.19
11082,0,0,0.21,0.08,0.19
11083,284.58,18.90,0.22,0.08,0.18
11084,0,0,0.22,0.08,0.18
11085,0,0,0.22,0.08,0.18
11086,0,0,0.22,0.08,0.18
11087,0,0,0.22,0.08,0.18
11088,0,0,0.21,0.08,0.19
11089,0,0,0.22,0.08,0.18
11090,0,0,0.20,0.07,0.18
11091,0,0,0.21,0.08,0.19
11092,0,0,0.22,0.08,0.18
11093,284.61,18.87,0.22,0.08,0.18
11094,0,0,0.20,0.07,0.18
11095,0,0,0.22,0.08,0.18
11096,0,0,0.22,0.08,0.18
11097,0,0,0.22,0.08,0.18
11098,0,0,0.22,0.08,0.18
11099,0,0,0.22,0.08,0.18
11100,0,0,0.20,0.07,0.18
11101,0,0,0.22,0.08,0.18
11102,0,0,0.22,0.08,0.18
11103,284.63,18.84,0.22,0.08,0.18
11104,0,0,0.22,0.08,0.18
11105,0,0,0.22,0.08,0.18
11106,0,0,0.22,0.08,0.18
11107,0,0,0.21,0.08,0.19
11108,0,0,0.22,0.08,0.18
11109,0,0,0.22,0.08,0.18
11110,0,0,0.22,0.08,0.18
11111,0,0,0.22,0.08,0.18
11112,0,0,0.22,0.08,0.18
11113,284.66,18.81,0.22,0.08,0.18
11114,0,0,0.22,0.08,0.18
11115,0,0,0.22,0.08,0.18
11116,0,0,0.22,0.08,0.18
11117,0,0,0.22,0.08,0.18
11118,0,0,0.22,0.08,0.18
11119,0,0,0.21,0.08,0.19
11120,0,0,0.21,0.08,0.19
11121,0,0,0.22,0.08,0.18
11122,0,0,0.22,0.08,0.18
11123,284.69,18.78,0.22,0.08,0.18
11124,0,0,0.22,0.08,0.18
11125,0,0,0.22,0.08,0.18
11126,0,0,0.22,0.08,0.18
11127,0,0,0.22,0.08,0.18
11128,0,0,0.22,0.08,0.18
11129,0,0,0.22,0.08,0.18
11130,0,0,0.22,0.08,0.18
11131,0,0,0.22,0.08,0.18
11132,0,0,0.22,0.08,0.18
11133,284.71,18.76,0.21,0.08,0.19
11134,0,0,0.22,0.08,0.18
11135,0,0,0.22,0.08,0.18
11136,0,0,0.20,0.07,0.18
11137,0,0,0.22,0.08,0.18
11138,0,0,0.22,0.08,0.18
11139,0,0,0.22,0.08,0.18
11140,0,0,0.22,0.08,0.18
11141,0,0,0.22,0.08,0.18
11142,0,0,0.22,0.08,0.18
11143,284.74,18.73,0.22,0.08,0.18
11144,0,0,0.22,0.08,0.18
11145,0,0,0.22,0.08,0.18
11146,0,0,0.22,0.08,0.18
11147,0,0,0.22,0.08,0.18
11148,0,0,0.22,0.08,0.18
11149,0,0,0.22,0.08,0.18
11150,0,0,0.22,0.08,0.18
11151,0,0,0.22,0.08,0.18
11152,0,0,0.22,0.08,0.18
11153,284.77,18.70,0.22,0.08,0.18
11154,0,0,0.20,0.07,0.18
11155,0,0,0.21,0.08,0.19
11156,0,0,0.22,0.08,0.18
11157,0,0,0.22,0.08,0.18
11158,0,0,0.22,0.08,0.18
11159,0,0,0.22,0.08,0.18
11160,0,0,0.22,0.08,0.18
11161,0,0,0.22,0.08,0.18
11162,0,0,0.22,0.08,0.18
11163,284.80,18.67,0.20,0.07,0.18
11164,0,0,0.22,0.08,0.18
11165,0,0,0.22,0.08,0.18
11166,0,0,0.22,0.08,0.18
11167,0,0,0.20,0.07,0.18
11168,0,0,0.22,0.08,0.18
11169,0,0,0.22,0.08,0.18
11170,0,0,0.22,0.08,0.18
11171,0,0,0.22,0.08,0.18
11172,0,0,0.22,0.08,0.18
11173,284.82,18.64,0.20,0.07,0.18
11174,0,0,0.22,0.08,0.18
11175,0,0,0.22,0.08,0.18
11176,0,0,0.22,0.08,0.18
11177,0,0,0.22,0.08,0.18
11178,0,0,0.22,0.08,0.18
11179,0,0,0.22,0.08,0.18
11180,0,0,0.22,0.08,0.18
11181,0,0,0.22,0.08,0.18
11182,0,0,0.22,0.08,0.18
11183,284.85,18.62,0.22,0.08,0.18
11184,0,0,0.22,0.08,0.18
11185,0,0,0.22,0.08,0.18
11186,0,0,0.22,0.08,0.18
11187,0,0,0.22,0.08,0.18
11188,0,0,0.20,0.07,0.18
11189,0,0,0.22,0.08,0.18
11190,0,0,0.22,0.08,0.18
11191,0,0,0.22,0.08,0.18
11192,0,0,0.22,0.08,0.18
11193,284.88,18.59,0.22,0.08,0.18
11194,0,0,0.22,0.08,0.18
11195,0,0,0.22,0.08,0.18
11196,0,0,0.22,0.08,0.18
11197,0,0,0.22,0.08,0.18
11198,0,0,0.22,0.08,0.18
11199,0,0,0.22,0.08,0.18
11200,0,0,0.22,0.08,0.18
11202,0,0,0.22,0.08,0.18
11203,0,0,0.22,0.08,0.18
11204,284.91,18.56,0.21,0.08,0.19
11205,0,0,0.22,0.08,0.18
11206,0,0,0.20,0.07,0.18
11207,0,0,0.22,0.08,0.18
11208,0,0,0.22,0.08,0.18
11209,0,0,0.22,0.08,0.18
11210,0,0,0.20,0.07,0.18
11211,0,0,0.22,0.08,0.18
11212,0,0,0.22,0.08,0.18
11213,0,0,0.22,0.08,0.18
11214,284.93,18.53,0.22,0.08,0.18
11215,0,0,0.22,0.08,0.18
11216,0,0,0.20,0.07,0.18
11217,0,0,0.20,0.07,0.18
11218,0,0,0.22,0.08,0.18
11219,0,0,0.22,0.08,0.18
11220,0,0,0.22,0.08,0.18
11221,0,0,0.22,0.08,0.18
11222,0,0,0.22,0.08,0.18
11223,0,0,0.22,0.08,0.18
11224,284.96,18.50,0.22,0.08,0.18
11225,0,0,0.22,0.08,0.18
11226,0,0,0.22,0.08,0.18
11227,0,0,0.22,0.08,0.18
11228,0,0,0.22,0.08,0.18
11229,0,0,0.22,0.08,0.18
11230,0,0,0.22,0.08,0.18
11231,0,0,0.22,0.08,0.18
11232,0,0,0.22,0.08,0.18
11233,0,0,0.22,0.08,0.18
11234,284.99,18.48,0.22,0.08,0.18
11235,0,0,0.22,0.08,0.18
11236,0,0,0.22,0.08,0.18
11237,0,0,0.22,0.08,0.18
11238,0,0,0.20,0.07,0.18
11239,0,0,0.22,0.08,0.18
11240,0,0,0.22,0.08,0.18
11241,0,0,0.22,0.08,0.18
11242,0,0,0.20,0.07,0.18
11243,0,0,0.22,0.08,0.18
11244,285.02,18.45,0.22,0.08,0.18
11245,0,0,0.22,0.08,0.18
11246,0,0,0.22,0.08,0.18
11247,0,0,0.22,0.08,0.18
11248,0,0,0.22,0.08,0.18
11249,0,0,0.22,0.08,0.18
11250,0,0,0.22,0.08,0.18
11251,0,0,0.22,0.08,0.18
11252,0,0,0.22,0.08,0.18
11253,0,0,0.22,0.08,0.18
11254,285.04,18.42,0.20,0.07,0.18
11255,0,0,0.20,0.07,0.18
11256,0,0,0.22,0.08,0.18
11257,0,0,0.22,0.08,0.18
11258,0,0,0.22,0.08,0.18
11259,0,0,0.22,0.08,0.18
11260,0,0,0.22,0.08,0.18
11261,0,0,0.22,0.08,0.18
11262,0,0,0.20,0.07,0.18
11263,0,0,0.22,0.08,0.18
11264,285.07,18.39,0.22,0.08,0.18
11265,0,0,0.20,0.07,0.19
11266,0,0,0.22,0.08,0.18
11267,0,0,0.20,0.07,0.18
11268,0,0,0.22,0.08,0.18
11269,0,0,0.22,0.08,0.18
11270,0,0,0.22,0.08,0.18
11271,0,0,0.22,0.08,0.18
11272,0,0,0.22,0.08,0.18
11273,0,0,0.22,0.08,0.18
11274,285.10,18.36,0.20,0.07,0.18
11275,0,0,0.22,0.08,0.18
11276,0,0,0.22,0.08,0.18
11277,0,0,0.22,0.08,0.18
11278,0,0,0.22,0.08,0.18
11279,0,0,0.20,0.07,0.18
11280,0,0,0.22,0.08,0.18
11281,0,0,0.20,0.07,0.18
11282,0,0,0.22,0.08,0.18
11283,0,0,0.20,0.07,0.18
11284,285.13,18.34,0.22,0.08,0.18
11285,0,0,0.22,0.08,0.18
11286,0,0,0.22,0.08,0.18
11287,0,0,0.22,0.08,0.18
11288,0,0,0.22,0.08,0.18
11289,0,0,0.22,0.08,0.18
11290,0,0,0.20,0.07,0.18
11291,0,0,0.22,0.08,0.18
11292,0,0,0.22,0.08,0.18
11293,0,0,0.20,0.07,0.18
11294,285.15,18.31,0.22,0.08,0.18
11295,0,0,0.22,0.08,0.18
11296,0,0,0.22,0.08,0.18
11297,0,0,0.20,0.07,0.18
11298,0,0,0.22,0.08,0.18
11299,0,0,0.22,0.08,0.18
11300,0,0,0.20,0.07,0.18
11301,0,0,0.20,0.07,0.18
11302,0,0,0.20,0.07,0.18
11303,0,0,0.22,0.08,0.18
11304,285.18,18.28,0.22,0.08,0.18
11305,0,0,0.22,0.08,0.18
11306,0,0,0.22,0.08,0.18
11307,0,0,0.20,0.07,0.18
11308,0,0,0.22,0.08,0.18
11309,0,0,0.22,0.08,0.18
11310,0,0,0.22,0.08,0.18
11311,0,0,0.22,0.08,0.18
11312,0,0,0.20,0.07,0.18
11313,0,0,0.20,0.07,0.18
11314,285.21,18.25,0.21,0.08,0.19
11315,0,0,0.22,0.08,0.18
11316,0,0,0.20,0.07,0.18
11317,0,0,0.22,0.08,0.18
11318,0,0,0.22,0.08,0.18
11319,0,0,0.22,0.08,0.18
11320,0,0,0.22,0.08,0.18
11321,0,0,0.22,0.08,0.18
11322,0,0,0.22,0.08,0.18
11323,0,0,0.22,0.08,0.18
11324,285.24,18.22,0.22,0.08,0.18
11325,0,0,0.22,0.08,0.18
11326,0,0,0.22,0.08,0.18
11327,0,0,0.22,0.08,0.18
11328,0,0,0.22,0.08,0.18
11329,0,0,0.22,0.08,0.18
11330,0,0,0.22,0.08,0.18
11331,0,0,0.20,0.07,0.18
11332,0,0,0.22,0.08,0.18
11333,0,0,0.22,0.08,0.18
11334,285.26,18.20,0.22,0.08,0.18
11335,0,0,0.22,0.08,0.18
11336,0,0,0.20,0.07,0.18
11337,0,0,0.22,0.08,0.18
11338,0,0,0.22,0.08,0.18
11339,0,0,0.22,0.08,0.18
11340,0,0,0.20,0.07,0.18
11341,0,0,0.22,0.08,0.18
11342,0,0,0.20,0.07,0.18
11343,0,0,0.22,0.08,0.18
11344,285.29,18.17,0.22,0.08,0.18
11345,0,0,0.20,0.07,0.18
11346,0,0,0.22,0.08,0.18
11347,0,0,0.22,0.08,0.18
11348,0,0,0.22,0.08,0.18
11349,0,0,0.22,0.08,0.18
11350,0,0,0.22,0.08,0.18
11351,0,0,0.22,0.08,0.18
11352,0,0,0.22,0.08,0.18
11353,0,0,0.22,0.08,0.18
11354,285.32,18.14,0.22,0.08,0.18
11355,0,0,0.22,0.08,0.18
11356,0,0,0.22,0.08,0.18
11357,0,0,0.22,0.08,0.18
11358,0,0,0.20,0.07,0.18
11359,0,0,0.20,0.07,0.18
11360,0,0,0.22,0.08,0.18
11361,0,0,0.22,0.08,0.18
11362,0,0,0.20,0.07,0.18
11363,0,0,0.22,0.08,0.18
11364,285.34,18.11,0.20,0.07,0.18
11365,0,0,0.22,0.08,0.18
11366,0,0,0.22,0.08,0.18
11367,0,0,0.22,0.08,0.18
11368,0,0,0.22,0.08,0.18
11369,0,0,0.22,0.08,0.18
11370,0,0,0.22,0.08,0.18
11371,0,0,0.22,0.08,0.18
11372,0,0,0.22,0.08,0.18
11373,0,0,0.22,0.08,0.18
11374,285.37,18.08,0.22,0.08,0.18
11375,0,0,0.22,0.08,0.18
11376,0,0,0.22,0.08,0.18
11377,0,0,0.22,0.08,0.18
11378,0,0,0.22,0.08,0.18
11379,0,0,0.22,0.08,0.18
11380,0,0,0.20,0.07,0.18
11381,0,0,0.22,0.08,0.18
11382,0,0,0.22,0.08,0.18
11383,0,0,0.22,0.08,0.18
11384,285.40,18.06,0.20,0.07,0.18
11385,0,0,0.20,0.07,0.18
11386,0,0,0.22,0.08,0.18
11387,0,0,0.22,0.08,0.18
11388,0,0,0.20,0.07,0.18
11389,0,0,0.22,0.08,0.18
11390,0,0,0.22,0.08,0.18
11391,0,0,0.20,0.07,0.18
11392,0,0,0.22,0.08,0.18
11393,0,0,0.20,0.07,0.18
11394,285.43,18.03,0.22,0.08,0.18
11395,0,0,0.22,0.08,0.18
11396,0,0,0.22,0.08,0.18
11397,0,0,0.20,0.07,0.18
11398,0,0,0.20,0.07,0.18
11399,0,0,0.22,0.08,0.18
11400,0,0,0.20,0.07,0.18
11401,0,0,0.22,0.08,0.18
11402,0,0,0.20,0.07,0.18
11403,0,0,0.22,0.08,0.18
11404,285.45,18.00,0.20,0.07,0.18
11405,0,0,0.20,0.07,0.18
11406,0,0,0.20,0.07,0.18
11407,0,0,0.22,0.08,0.18
11408,0,0,0.22,0.08,0.18
11409,0,0,0.22,0.08,0.18
11410,0,0,0.20,0.07,0.18
11411,0,0,0.22,0.08,0.18
11412,0,0,0.22,0.08,0.18
11413,0,0,0.22,0.08,0.18
11414,285.48,17.97,0.22,0.08,0.18
11415,0,0,0.22,0.08,0.18
11416,0,0,0.22,0.08,0.18
11417,0,0,0.22,0.08,0.18
11418,0,0,0.22,0.08,0.18
11419,0,0,0.22,0.08,0.18
11420,0,0,0.22,0.08,0.18
11421,0,0,0.22,0.08,0.18
11422,0,0,0.22,0.08,0.18
11423,0,0,0.22,0.08,0.18
11424,285.51,17.94,0.22,0.08,0.18
11425,0,0,0.22,0.08,0.18
11426,0,0,0.22,0.08,0.18
11427,0,0,0.22,0.08,0.18
11428,0,0,0.22,0.08,0.18
11429,0,0,0.20,0.07,0.18
11430,0,0,0.20,0.07,0.19
11431,0,0,0.22,0.08,0.18
11432,0,0,0.20,0.07,0.18
11433,0,0,0.22,0.08,0.18
11434,285.54,17.92,0.22,0.08,0.18
11435,0,0,0.22,0.08,0.18
11436,0,0,0.22,0.08,0.18
11437,0,0,0.22,0.08,0.18
11438,0,0,0.22,0.08,0.18
11439,0,0,0.22,0.08,0.18
11440,0,0,0.22,0.08,0.18
11441,0,0,0.22,0.08,0.18
11442,0,0,0.22,0.08,0.18
11443,0,0,0.22,0.08,0.18
11444,285.56,17.89,0.20,0.07,0.18
11445,0,0,0.22,0.08,0.18
11446,0,0,0.22,0.08,0.18
11447,0,0,0.22,0.08,0.18
11448,0,0,0.20,0.07,0.18
11449,0,0,0.22,0.08,0.18
11450,0,0,0.20,0.07,0.18
11451,0,0,0.22,0.08,0.18
11452,0,0,0.22,0.08,0.18
11453,0,0,0.22,0.08,0.18
11454,285.59,17.86,0.22,0.08,0.18
11455,0,0,0.22,0.08,0.18
11456,0,0,0.20,0.07,0.18
11457,0,0,0.22,0.08,0.18
11458,0,0,0.20,0.07,0.18
11459,0,0,0.22,0.08,0.18
11460,0,0,0.22,0.08,0.18
11461,0,0,0.22,0.08,0.18
11462,0,0,0.20,0.07,0.18
11463,0,0,0.22,0.08,0.18
11464,285.62,17.83,0.22,0.08,0.18
11465,0,0,0.22,0.08,0.18
11466,0,0,0.22,0.08,0.18
11467,0,0,0.22,0.08,0.18
11468,0,0,0.22,0.08,0.18
11469,0,0,0.22,0.08,0.18
11470,0,0,0.22,0.08,0.18
11471,0,0,0.22,0.08,0.18
11472,0,0,0.22,0.08,0.18
11473,0,0,0.22,0.08,0.18
11474,285.65,17.81,0.22,0.08,0.18
11475,0,0,0.22,0.08,0.18
11476,0,0,0.22,0.08,0.18
11477,0,0,0.22,0.08,0.18
11478,0,0,0.22,0.08,0.18
11479,0,0,0.22,0.08,0.18
11480,0,0,0.20,0.07,0.18
11481,0,0,0.22,0.08,0.18
11482,0,0,0.22,0.08,0.18
11483,0,0,0.22,0.08,0.18
11484,285.67,17.78,0.22,0.08,0.18
11485,0,0,0.20,0.07,0.18
11486,0,0,0.22,0.08,0.18
11487,0,0,0.22,0.08,0.18
11488,0,0,0.22,0.08,0.18
11489,0,0,0.22,0.08,0.18
11490,0,0,0.22,0.08,0.18
11491,0,0,0.22,0.08,0.18
11492,0,0,0.22,0.08,0.18
11493,0,0,0.22,0.08,0.18
11494,285.70,17.75,0.20,0.07,0.18
11495,0,0,0.22,0.08,0.18
11496,0,0,0.22,0.08,0.18
11497,0,0,0.20,0.07,0.18
11498,0,0,0.20,0.07,0.18
11499,0,0,0.22,0.08,0.18
11500,0,0,0.22,0.08,0.18
11501,0,0,0.22,0.08,0.18
11502,0,0,0.22,0.08,0.18
11503,0,0,0.20,0.07,0.18
11504,285.73,17.72,0.22,0.08,0.18
11505,0,0,0.20,0.07,0.18
11506,0,0,0.22,0.08,0.18
11507,0,0,0.22,0.08,0.18
11508,0,0,0.22,0.08,0.18
11509,0,0,0.22,0.08,0.18
11510,0,0,0.22,0.08,0.18
11511,0,0,0.22,0.08,0.18
11512,0,0,0.22,0.08,0.18
11513,0,0,0.22,0.08,0.18
11514,285.75,17.69,0.22,0.08,0.18
11515,0,0,0.22,0.08,0.18
11516,0,0,0.20,0.07,0.18
11517,0,0,0.22,0.08,0.18
11518,0,0,0.22,0.08,0.18
11519,0,0,0.22,0.08,0.18
11520,0,0,0.22,0.08,0.18
11521,0,0,0.22,0.08,0.18
11522,0,0,0.22,0.08,0.18
11523,0,0,0.22,0.08,0.18
11524,285.78,17.67,0.22,0.08,0.18
11525,0,0,0.22,0.08,0.18
11526,0,0,0.22,0.08,0.18
11527,0,0,0.22,0.08,0.18
11528,0,0,0.22,0.08,0.18
11529,0,0,0.20,0.07,0.18
11530,0,0,0.22,0.08,0.18
11531,0,0,0.22,0.08,0.18
11532,0,0,0.22,0.08,0.18
11533,0,0,0.22,0.08,0.18
11534,285.81,17.64,0.22,0.08,0.18
11535,0,0,0.22,0.08,0.18
11536,0,0,0.22,0.08,0.18
11537,0,0,0.22,0.08,0.18
11538,0,0,0.20,0.07,0.18
11539,0,0,0.22,0.08,0.18
11540,0,0,0.22,0.08,0.18
11541,0,0,0.22,0.08,0.18
11542,0,0,0.22,0.08,0.18
11543,0,0,0.22,0.08,0.18
11544,285.84,17.61,0.22,0.08,0.18
11545,0,0,0.22,0.08,0.18
11546,0,0,0.22,0.08,0.18
11547,0,0,0.22,0.08,0.18
11548,0,0,0.22,0.08,0.18
11549,0,0,0.22,0.08,0.18
11550,0,0,0.22,0.08,0.18
11551,0,0,0.22,0.08,0.18
11552,0,0,0.22,0.08,0.18
11553,0,0,0.22,0.08,0.18
11554,285.86,17.58,0.22,0.08,0.18
11555,0,0,0.22,0.08,0.18
11556,0,0,0.22,0.08,0.18
11557,0,0,0.22,0.08,0.18
11558,0,0,0.22,0.08,0.18
11559,0,0,0.22,0.08,0.18
11560,0,0,0.22,0.08,0.18
11561,0,0,0.22,0.08,0.18
11562,0,0,0.22,0.08,0.18
11563,0,0,0.22,0.08,0.18
11564,285.89,17.55,0.20,0.07,0.18
11565,0,0,0.22,0.08,0.18
11566,0,0,0.20,0.07,0.18
11567,0,0,0.22,0.08,0.18
11568,0,0,0.20,0.07,0.18
11569,0,0,0.22,0.08,0.18
11570,0,0,0.20,0.07,0.18
11571,0,0,0.22,0.08,0.18
11572,0,0,0.20,0.07,0.18
11573,0,0,0.22,0.08,0.18
11574,285.92,17.53,0.22,0.08,0.18
11575,0,0,0.22,0.08,0.18
11576,0,0,0.22,0.08,0.18
11577,0,0,0.20,0.07,0.18
11578,0,0,0.22,0.08,0.18
11579,0,0,0.20,0.07,0.18
11580,0,0,0.20,0.07,0.18
11581,0,0,0.20,0.07,0.18
11582,0,0,0.22,0.08,0.18
11583,0,0,0.22,0.08,0.18
11584,285.95,17.50,0.22,0.08,0.18
11585,0,0,0.20,0.07,0.18
11586,0,0,0.22,0.08,0.18
11587,0,0,0.22,0.08,0.18
11588,0,0,0.20,0.07,0.18
11589,0,0,0.22,0.08,0.18
11590,0,0,0.20,0.07,0.18
11591,0,0,0.22,0.08,0.18
11592,0,0,0.22,0.08,0.18
11593,0,0,0.20,0.07,0.18
11594,285.97,17.47,0.22,0.08,0.18
11595,0,0,0.22,0.08,0.18
11596,0,0,0.20,0.07,0.18
11597,0,0,0.22,0.08,0.18
11598,0,0,0.22,0.08,0.18
11599,0,0,0.22,0.08,0.18
11600,0,0,0.22,0.08,0.18
11601,0,0,0.22,0.08,0.18
11602,0,0,0.22,0.08,0.18
11603,286.00,17.44,0.22,0.08,0.18
11604,0,0,0.20,0.07,0.18
11605,0,0,0.22,0.08,0.18
11606,0,0,0.22,0.08,0.18
11607,0,0,0.21,0.07,0.18
11608,0,0,0.22,0.08,0.18
11609,0,0,0.20,0.07,0.18
11610,0,0,0.22,0.08,0.18
11611,0,0,0.22,0.08,0.18
11612,0,0,0.20,0.07,0.18
11613,286.03,17.42,0.22,0.08,0.18
11614,0,0,0.22,0.08,0.18
11615,0,0,0.22,0.08,0.18
11616,0,0,0.20,0.07,0.18
11617,0,0,0.22,0.08,0.18
11618,0,0,0.22,0.08,0.18
11619,0,0,0.22,0.08,0.18
11620,0,0,0.22,0.08,0.18
11621,0,0,0.22,0.08,0.18
11622,0,0,0.20,0.07,0.18
11623,286.06,17.39,0.20,0.07,0.18
11624,0,0,0.22,0.08,0.18
11625,0,0,0.22,0.08,0.18
11626,0,0,0.22,0.08,0.18
11627,0,0,0.20,0.07,0.18
11628,0,0,0.22,0.08,0.18
11629,0,0,0.22,0.08,0.18
11630,0,0,0.20,0.07,0.18
11631,0,0,0.22,0.08,0.18
11632,0,0,0.20,0.07,0.18
11633,286.08,17.36,0.22,0.08,0.18
11634,0,0,0.22,0.08,0.18
11635,0,0,0.20,0.07,0.18
11636,0,0,0.22,0.08,0.18
11637,0,0,0.20,0.07,0.18
11638,0,0,0.22,0.08,0.18
11639,0,0,0.22,0.08,0.18
11640,0,0,0.22,0.08,0.18
11641,0,0,0.20,0.07,0.18
11642,0,0,0.22,0.08,0.18
11643,286.11,17.33,0.22,0.08,0.18
11644,0,0,0.22,0.08,0.18
11645,0,0,0.20,0.07,0.18
11646,0,0,0.20,0.07,0.18
11647,0,0,0.22,0.08,0.18
11648,0,0,0.22,0.08,0.18
11649,0,0,0.22,0.08,0.18
11650,0,0,0.22,0.08,0.18
11651,0,0,0.22,0.08,0.18
11652,0,0,0.20,0.07,0.18
11653,286.14,17.30,0.22,0.08,0.18
11654,0,0,0.22,0.08,0.18
11655,0,0,0.22,0.08,0.18
11656,0,0,0.20,0.07,0.18
11657,0,0,0.22,0.08,0.18
11658,0,0,0.20,0.07,0.18
11659,0,0,0.22,0.08,0.18
11660,0,0,0.22,0.08,0.18
11661,0,0,0.22,0.08,0.18
11662,0,0,0.22,0.08,0.18
11663,286.17,17.28,0.22,0.08,0.18
11664,0,0,0.22,0.08,0.18
11665,0,0,0.22,0.08,0.18
11666,0,0,0.22,0.08,0.18
11667,0,0,0.22,0.08,0.18
11668,0,0,0.22,0.08,0.18
11670,0,0,0.22,0.08,0.18
11671,0,0,0.22,0.08,0.18
11672,0,0,0.22,0.08,0.18
11673,0,0,0.22,0.08,0.18
11674,286.19,17.25,0.22,0.08,0.18
11675,0,0,0.22,0.08,0.18
11676,0,0,0.20,0.07,0.18
11677,0,0,0.22,0.08,0.18
11678,0,0,0.22,0.08,0.18
11679,0,0,0.22,0.08,0.18
11680,0,0,0.20,0.07,0.18
11681,0,0,0.22,0.08,0.18
11682,0,0,0.22,0.08,0.18
11683,0,0,0.22,0.08,0.18
11684,286.22,17.22,0.22,0.08,0.18
11685,0,0,0.21,0.08,0.19
11686,0,0,0.22,0.08,0.18
11687,0,0,0.20,0.07,0.18
11688,0,0,0.22,0.08,0.18
11689,0,0,0.22,0.08,0.18
11690,0,0,0.20,0.07,0.19
11691,0,0,0.22,0.08,0.18
11692,0,0,0.22,0.08,0.18
11693,0,0,0.22,0.08,0.18
11694,286.25,17.19,0.21,0.08,0.19
11695,0,0,0.21,0.08,0.19
11696,0,0,0.21,0.08,0.19
11697,0,0,0.22,0.08,0.18
11698,0,0,0.20,0.07,0.18
11699,0,0,0.22,0.08,0.18
11700,0,0,0.22,0.08,0.18
11701,0,0,0.22,0.08,0.18
11702,0,0,0.22,0.08,0.18
11703,0,0,0.21,0.08,0.19
11704,286.27,17.16,0.22,0.08,0.18
11705,0,0,0.21,0.08,0.19
11706,0,0,0.22,0.08,0.18
11707,0,0,0.21,0.08,0.19
11708,0,0,0.21,0.08,0.19
11709,0,0,0.21,0.08,0.19
11710,0,0,0.22,0.08,0.18
11711,0,0,0.21,0.08,0.19
11712,0,0,0.22,0.08,0.18
11713,0,0,0.22,0.08,0.18
11714,286.30,17.14,0.21,0.08,0.19
11715,0,0,0.22,0.08,0.18
11716,0,0,0.21,0.08,0.19
11717,0,0,0.21,0.08,0.19
11718,0,0,0.22,0.08,0.18
11719,0,0,0.21,0.08,0.19
11720,0,0,0.21,0.08,0.19
11721,0,0,0.21,0.08,0.19
11722,0,0,0.22,0.08,0.18
11723,0,0,0.22,0.08,0.18
11724,286.33,17.11,0.21,0.08,0.19
11725,0,0,0.21,0.08,0.19
11726,0,0,0.21,0.08,0.19
11727,0,0,0.22,0.08,0.18
11728,0,0,0.21,0.08,0.19
11729,0,0,0.21,0.08,0.19
11730,0,0,0.21,0.08,0.19
11731,0,0,0.21,0.08,0.19
11732,0,0,0.22,0.08,0.18
11733,0,0,0.21,0.08,0.19
11734,286.36,17.08,0.21,0.08,0.19
11735,0,0,0.21,0.08,0.19
11736,0,0,0.22,0.08,0.18
11737,0,0,0.21,0.08,0.19
11738,0,0,0.22,0.08,0.18
11739,0,0,0.21,0.08,0.19
11740,0,0,0.21,0.08,0.19
11741,0,0,0.21,0.08,0.19
11742,0,0,0.22,0.08,0.18
11743,0,0,0.22,0.08,0.18
11744,286.38,17.05,0.21,0.08,0.19
11745,0,0,0.21,0.08,0.19
11746,0,0,0.21,0.08,0.19
11747,0,0,0.22,0.08,0.18
11748,0,0,0.21,0.08,0.19
11749,0,0,0.22,0.08,0.18
11750,0,0,0.21,0.08,0.19
11751,0,0,0.21,0.08,0.19
11752,0,0,0.21,0.08,0.19
11753,0,0,0.21,0.08,0.19
11754,286.41,17.03,0.22,0.08,0.18
11755,0,0,0.21,0.08,0.19
11756,0,0,0.21,0.08,0.19
11757,0,0,0.21,0.08,0.19
11758,0,0,0.21,0.08,0.19
11759,0,0,0.21,0.08,0.19
11760,0,0,0.23,0.08,0.18
11761,0,0,0.21,0.08,0.19
11762,0,0,0.21,0.08,0.19
11763,0,0,0.22,0.08,0.18
11764,286.44,17.00,0.21,0.08,0.19
11765,0,0,0.21,0.08,0.19
11766,0,0,0.22,0.08,0.18
11767,0,0,0.21,0.08,0.19
11768,0,0,0.22,0.08,0.18
11769,0,0,0.21,0.08,0.19
11770,0,0,0.21,0.08,0.19
11771,0,0,0.21,0.08,0.19
11772,0,0,0.21,0.08,0.19
11773,0,0,0.21,0.08,0.19
11774,286.47,16.97,0.21,0.08,0.19
11775,0,0,0.22,0.08,0.18
11776,0,0,0.21,0.08,0.19
11777,0,0,0.21,0.08,0.19
11778,0,0,0.21,0.08,0.19
11779,0,0,0.22,0.08,0.18
11780,0,0,0.22,0.08,0.18
11781,0,0,0.22,0.08,0.18
11782,0,0,0.21,0.08,0.19
11783,0,0,0.21,0.08,0.19
11784,286.49,16.94,0.21,0.08,0.19
11785,0,0,0.21,0.08,0.19
11786,0,0,0.21,0.08,0.19
11787,0,0,0.21,0.08,0.19
11788,0,0,0.21,0.08,0.19
11789,0,0,0.21,0.08,0.19
11790,0,0,0.21,0.08,0.19
11791,0,0,0.21,0.08,0.19
11792,0,0,0.21,0.08,0.19
11793,0,0,0.21,0.08,0.19
11794,286.52,16.92,0.21,0.08,0.19
11795,0,0,0.21,0.08,0.19
11796,0,0,0.21,0.08,0.19
11797,0,0,0.21,0.08,0.19
11798,0,0,0.21,0.08,0.19
11799,0,0,0.21,0.08,0.19
11800,0,0,0.21,0.08,0.19
11801,0,0,0.21,0.08,0.19
11802,0,0,0.21,0.08,0.19
11803,0,0,0.22,0.08,0.18
11804,286.55,16.89,0.21,0.08,0.19
11805,0,0,0.21,0.08,0.19
11806,0,0,0.21,0.08,0.19
11807,0,0,0.22,0.08,0.18
11808,0,0,0.22,0.08,0.18
11809,0,0,0.21,0.08,0.19
11810,0,0,0.22,0.08,0.18
11811,0,0,0.21,0.08,0.19
11812,0,0,0.21,0.08,0.19
11813,0,0,0.21,0.08,0.19
11814,286.58,16.86,0.21,0.08,0.19
11815,0,0,0.21,0.08,0.19
11816,0,0,0.21,0.08,0.19
11817,0,0,0.22,0.08,0.18
11818,0,0,0.21,0.08,0.19
11819,0,0,0.21,0.08,0.19
11820,0,0,0.22,0.08,0.18
11821,0,0,0.21,0.08,0.19
11822,0,0,0.21,0.08,0.19
11823,0,0,0.21,0.08,0.19
11824,286.60,16.83,0.21,0.08,0.19
11825,0,0,0.21,0.08,0.19
11826,0,0,0.21,0.08,0.19
11827,0,0,0.21,0.08,0.19
11828,0,0,0.21,0.08,0.19
11829,0,0,0.21,0.08,0.19
11830,0,0,0.22,0.08,0.19
11831,0,0,0.22,0.08,0.18
11832,0,0,0.22,0.08,0.18
11833,0,0,0.21,0.08,0.19
11834,286.63,16.80,0.22,0.08,0.18
11835,0,0,0.21,0.08,0.19
11836,0,0,0.21,0.08,0.19
11837,0,0,0.21,0.08,0.19
11838,0,0,0.21,0.08,0.19
11839,0,0,0.21,0.08,0.19
11840,0,0,0.21,0.08,0.19
11841,0,0,0.21,0.08,0.19
11842,0,0,0.22,0.08,0.18
11843,0,0,0.21,0.08,0.19
11844,286.66,16.78,0.22,0.08,0.19
11845,0,0,0.21,0.08,0.19
11846,0,0,0.21,0.08,0.19
11847,0,0,0.21,0.08,0.19
11848,0,0,0.22,0.08,0.18
11849,0,0,0.21,0.08,0.19
11850,0,0,0.21,0.08,0.19
11851,0,0,0.21,0.08,0.19
11852,0,0,0.21,0.08,0.19
11853,0,0,0.22,0.08,0.18
11854,286.69,16.75,0.21,0.08,0.19
11855,0,0,0.21,0.08,0.19
11856,0,0,0.21,0.08,0.19
11857,0,0,0.21,0.08,0.19
11858,0,0,0.22,0.08,0.18
11859,0,0,0.22,0.08,0.18
11860,0,0,0.22,0.08,0.18
11861,0,0,0.22,0.08,0.18
11862,0,0,0.21,0.08,0.19
11863,0,0,0.21,0.08,0.19
11864,286.71,16.72,0.21,0.08,0.19
11865,0,0,0.21,0.08,0.19
11866,0,0,0.21,0.08,0.19
11867,0,0,0.21,0.08,0.19
11868,0,0,0.21,0.08,0.19
11869,0,0,0.22,0.08,0.18
11870,0,0,0.21,0.08,0.19
11871,0,0,0.21,0.08,0.19
11872,0,0,0.21,0.08,0.19
11873,0,0,0.21,0.08,0.19
11874,286.74,16.69,0.21,0.08,0.19
11875,0,0,0.21,0.08,0.19
11876,0,0,0.21,0.08,0.19
11877,0,0,0.22,0.08,0.18
11878,0,0,0.21,0.08,0.19
11879,0,0,0.22,0.08,0.18
11880,0,0,0.21,0.08,0.19
11881,0,0,0.21,0.08,0.19
11882,0,0,0.22,0.08,0.19
11883,0,0,0.21,0.08,0.19
11884,286.77,16.67,0.21,0.08,0.19
11885,0,0,0.21,0.08,0.19
11886,0,0,0.21,0.08,0.19
11887,0,0,0.21,0.08,0.19
11888,0,0,0.22,0.08,0.18
11889,0,0,0.21,0.08,0.19
11890,0,0,0.21,0.08,0.19
11891,0,0,0.21,0.08,0.19
11892,0,0,0.21,0.08,0.19
11893,0,0,0.21,0.08,0.19
11894,286.79,16.64,0.22,0.08,0.18
11895,0,0,0.21,0.08,0.19
11896,0,0,0.21,0.08,0.19
11897,0,0,0.22,0.08,0.18
11898,0,0,0.21,0.08,0.19
11899,0,0,0.21,0.08,0.19
11900,0,0,0.21,0.08,0.19
11901,0,0,0.21,0.08,0.19
11902,0,0,0.21,0.08,0.19
11903,0,0,0.22,0.08,0.18
11904,286.82,16.61,0.21,0.08,0.19
11905,0,0,0.21,0.08,0.19
11906,0,0,0.22,0.08,0.19
11907,0,0,0.22,0.08,0.18
11908,0,0,0.22,0.08,0.18
11909,0,0,0.21,0.08,0.19
11910,0,0,0.21,0.08,0.19
11911,0,0,0.21,0.08,0.19
11912,0,0,0.21,0.08,0.19
11913,0,0,0.22,0.08,0.18
11914,286.85,16.58,0.21,0.08,0.19
11915,0,0,0.21,0.08,0.19
11916,0,0,0.22,0.08,0.18
11917,0,0,0.21,0.08,0.19
11918,0,0,0.21,0.08,0.19
11919,0,0,0.21,0.08,0.19
11920,0,0,0.21,0.08,0.19
11921,0,0,0.21,0.08,0.19
11922,0,0,0.21,0.08,0.19
11923,0,0,0.21,0.08,0.19
11924,286.88,16.55,0.22,0.08,0.18
11925,0,0,0.21,0.08,0.19
11926,0,0,0.21,0.08,0.19
11927,0,0,0.21,0.08,0.19
11928,0,0,0.21,0.08,0.19
11929,0,0,0.22,0.08,0.18
11930,0,0,0.21,0.08,0.19
11931,0,0,0.21,0.08,0.19
11932,0,0,0.21,0.08,0.19
11933,0,0,0.21,0.08,0.19
11934,286.90,16.53,0.21,0.08,0.19
11935,0,0,0.21,0.08,0.19
11936,0,0,0.21,0.08,0.19
11937,0,0,0.21,0.08,0.19
11938,0,0,0.21,0.08,0.19
11939,0,0,0.21,0.08,0.19
11940,0,0,0.21,0.08,0.19
11941,0,0,0.21,0.08,0.19
11942,0,0,0.21,0.08,0.19
11943,0,0,0.21,0.08,0.19
11944,286.93,16.50,0.22,0.08,0.19
11945,0,0,0.22,0.08,0.18
11946,0,0,0.21,0.08,0.19
11947,0,0,0.21,0.08,0.19
11948,0,0,0.21,0.08,0.19
11949,0,0,0.21,0.08,0.19
11950,0,0,0.21,0.08,0.19
11951,0,0,0.21,0.08,0.19
11952,0,0,0.21,0.08,0.19
11953,0,0,0.22,0.08,0.18
11954,286.96,16.47,0.21,0.08,0.19
11955,0,0,0.21,0.08,0.19
11956,0,0,0.21,0.08,0.19
11957,0,0,0.21,0.08,0.19
11958,0,0,0.21,0.08,0.19
11959,0,0,0.21,0.08,0.19
11960,0,0,0.22,0.08,0.18
11961,0,0,0.21,0.08,0.19
11962,0,0,0.21,0.08,0.19
11963,0,0,0.22,0.08,0.18
11964,286.99,16.44,0.21,0.08,0.19
11965,0,0,0.21,0.08,0.19
11966,0,0,0.21,0.08,0.19
11967,0,0,0.21,0.08,0.19
11968,0,0,0.21,0.08,0.19
11969,0,0,0.21,0.08,0.19
11970,0,0,0.21,0.08,0.19
11971,0,0,0.21,0.08,0.19
11972,0,0,0.21,0.08,0.19
11973,0,0,0.21,0.08,0.19
11974,287.02,16.41,0.22,0.08,0.18
11975,0,0,0.21,0.08,0.19
11976,0,0,0.21,0.08,0.19
11977,0,0,0.21,0.08,0.19
11978,0,0,0.21,0.08,0.19
11979,0,0,0.21,0.08,0.19
11980,0,0,0.22,0.08,0.18
11981,0,0,0.21,0.08,0.19
11982,0,0,0.21,0.08,0.19
11983,0,0,0.21,0.08,0.19
11984,287.04,16.39,0.21,0.08,0.19
11985,0,0,0.21,0.08,0.19
11986,0,0,0.21,0.08,0.19
11987,0,0,0.21,0.08,0.19
11988,0,0,0.21,0.08,0.19
11989,0,0,0.21,0.08,0.19
11990,0,0,0.21,0.08,0.19
11991,0,0,0.21,0.08,0.19
11992,0,0,0.22,0.08,0.18
11993,0,0,0.22,0.08,0.18
11994,287.07,16.36,0.21,0.08,0.19
11995,0,0,0.22,0.08,0.18
11996,0,0,0.21,0.08,0.19
11997,0,0,0.21,0.08,0.19
11998,0,0,0.22,0.08,0.18
11999,0,0,0.21,0.08,0.19
12000,0,0,0.21,0.08,0.19
12001,0,0,0.21,0.08,0.19
12002,0,0,0.21,0.08,0.19
12003,0,0,0.21,0.08,0.19
12004,287.10,16.33,0.21,0.08,0.19
12005,0,0,0.22,0.08,0.18
12006,0,0,0.21,0.08,0.19
12007,0,0,0.21,0.08,0.19
12008,0,0,0.21,0.08,0.19
12009,0,0,0.22,0.08,0.18
12010,0,0,0.21,0.08,0.19
12011,0,0,0.22,0.08,0.18
12012,0,0,0.21,0.08,0.19
12013,0,0,0.21,0.08,0.19
12014,287.13,16.30,0.21,0.08,0.19
12015,0,0,0.21,0.08,0.19
12016,0,0,0.21,0.08,0.19
12017,0,0,0.21,0.08,0.19
12018,0,0,0.21,0.08,0.19
12019,0,0,0.21,0.08,0.19
12020,0,0,0.22,0.08,0.18
12021,0,0,0.21,0.08,0.19
12022,0,0,0.21,0.08,0.19
12023,0,0,0.22,0.08,0.18
12024,287.15,16.28,0.22,0.08,0.18
12025,0,0,0.22,0.08,0.18
12026,0,0,0.22,0.08,0.18
12027,0,0,0.22,0.08,0.18
12028,0,0,0.21,0.08,0.19
12029,0,0,0.21,0.08,0.19
12030,0,0,0.22,0.08,0.18
12031,0,0,0.21,0.08,0.19
12032,0,0,0.21,0.08,0.19
12033,0,0,0.22,0.08,0.18
12034,287.18,16.25,0.22,0.08,0.18
12035,0,0,0.21,0.08,0.19
12036,0,0,0.21,0.08,0.19
12037,0,0,0.22,0.08,0.18
12038,0,0,0.22,0.08,0.18
12039,0,0,0.22,0.08,0.18
12040,0,0,0.22,0.08,0.18
12041,0,0,0.22,0.08,0.18
12042,0,0,0.22,0.08,0.18
12043,0,0,0.22,0.08,0.18
12044,287.21,16.22,0.22,0.08,0.18
12045,0,0,0.22,0.08,0.18
12046,0,0,0.21,0.08,0.19
12047,0,0,0.21,0.08,0.19
12048,0,0,0.22,0.08,0.18
12049,0,0,0.22,0.08,0.18
12050,0,0,0.22,0.08,0.18
12051,0,0,0.22,0.08,0.18
12052,0,0,0.22,0.08,0.18
12053,0,0,0.21,0.08,0.19
12054,287.23,16.19,0.22,0.08,0.18
12055,0,0,0.22,0.08,0.18
12056,0,0,0.21,0.08,0.19
12057,0,0,0.22,0.08,0.18
12058,0,0,0.22,0.08,0.18
12059,0,0,0.22,0.08,0.18
12060,0,0,0.22,0.08,0.18
12061,0,0,0.22,0.08,0.18
12062,0,0,0.22,0.08,0.18
12063,0,0,0.22,0.08,0.18
12064,287.26,16.16,0.22,0.08,0.18
12065,0,0,0.22,0.08,0.18
12066,0,0,0.22,0.08,0.18
12067,0,0,0.22,0.08,0.18
12068,0,0,0.22,0.08,0.18
12069,0,0,0.22,0.08,0.18
12070,0,0,0.22,0.08,0.18
12071,0,0,0.20,0.07,0.18
12072,0,0,0.22,0.08,0.18
12073,0,0,0.22,0.08,0.18
12074,287.29,16.14,0.22,0.08,0.18
12075,0,0,0.20,0.07,0.18
12076,0,0,0.20,0.07,0.18
12077,0,0,0.22,0.08,0.18
12078,0,0,0.22,0.08,0.18
12079,0,0,0.20,0.07,0.18
12080,0,0,0.22,0.08,0.18
12081,0,0,0.22,0.08,0.18
12082,0,0,0.22,0.08,0.18
12083,0,0,0.20,0.07,0.18
12084,287.32,16.11,0.22,0.08,0.18
12085,0,0,0.22,0.08,0.18
12086,0,0,0.22,0.08,0.18
12087,0,0,0.22,0.08,0.18
12088,0,0,0.22,0.08,0.18
12089,0,0,0.22,0.08,0.18
12090,0,0,0.22,0.08,0.18
12091,0,0,0.20,0.07,0.18
12092,0,0,0.22,0.08,0.18
12093,0,0,0.22,0.08,0.18
12094,287.34,16.08,0.22,0.08,0.18
12095,0,0,0.22,0.08,0.18
12096,0,0,0.20,0.07,0.18
12097,0,0,0.20,0.07,0.18
12098,0,0,0.22,0.08,0.18
12099,0,0,0.20,0.07,0.18
12100,0,0,0.22,0.08,0.18
12101,0,0,0.20,0.07,0.18
12102,0,0,0.20,0.07,0.18
12103,0,0,0.20,0.07,0.18
12104,287.37,16.05,0.22,0.08,0.18
12105,0,0,0.20,0.07,0.18
12106,0,0,0.22,0.08,0.18
12107,0,0,0.20,0.07,0.18
12108,0,0,0.20,0.07,0.18
12109,0,0,0.20,0.07,0.18
12110,0,0,0.21,0.07,0.18
12111,0,0,0.21,0.07,0.18
12112,0,0,0.22,0.08,0.18
12113,0,0,0.22,0.08,0.18
12114,287.40,16.03,0.20,0.07,0.18
12115,0,0,0.22,0.08,0.18
12116,0,0,0.22,0.08,0.18
12117,0,0,0.20,0.07,0.18
12118,0,0,0.22,0.08,0.18
12119,0,0,0.22,0.08,0.18
12120,0,0,0.20,0.07,0.18
12121,0,0,0.20,0.07,0.18
12122,0,0,0.20,0.07,0.18
12123,0,0,0.22,0.08,0.18
12124,287.43,16.00,0.21,0.07,0.18
12125,0,0,0.22,0.08,0.18
12126,0,0,0.20,0.07,0.18
12127,0,0,0.22,0.08,0.18
12128,0,0,0.22,0.08,0.18
12129,0,0,0.20,0.07,0.18
12130,0,0,0.20,0.07,0.18
12131,0,0,0.21,0.07,0.18
12132,0,0,0.21,0.07,0.18
12133,0,0,0.21,0.07,0.18
12134,287.45,15.97,0.22,0.08,0.18
12136,0,0,0.22,0.08,0.18
12137,0,0,0.21,0.07,0.18
12138,0,0,0.21,0.07,0.18
12139,0,0,0.22,0.08,0.18
12140,0,0,0.20,0.07,0.18
12141,0,0,0.22,0.08,0.18
12142,0,0,0.21,0.07,0.18
12143,0,0,0.20,0.07,0.18
12144,0,0,0.21,0.07,0.18
12145,287.48,15.94,0.21,0.07,0.18
12146,0,0,0.22,0.08,0.18
12147,0,0,0.20,0.07,0.18
12148,0,0,0.21,0.07,0.18
12149,0,0,0.22,0.08,0.18
12150,0,0,0.21,0.07,0.18
12151,0,0,0.20,0.07,0.18
12152,0,0,0.21,0.07,0.18
12153,0,0,0.21,0.07,0.18
12154,0,0,0.22,0.08,0.18
12155,287.51,15.92,0.22,0.08,0.18
12156,0,0,0.21,0.07,0.18
12157,0,0,0.22,0.08,0.18
12158,0,0,0.21,0.07,0.18
12159,0,0,0.20,0.07,0.18
12160,0,0,0.20,0.07,0.18
12161,0,0,0.21,0.07,0.18
12162,0,0,0.20,0.07,0.18
12163,0,0,0.21,0.07,0.18
12164,0,0,0.20,0.07,0.18
12165,287.54,15.89,0.21,0.07,0.18
12166,0,0,0.20,0.07,0.18
12167,0,0,0.21,0.07,0.18
12168,0,0,0.21,0.07,0.18
12169,0,0,0.21,0.07,0.18
12170,0,0,0.21,0.07,0.18
12171,0,0,0.22,0.08,0.18
12172,0,0,0.21,0.07,0.18
12173,0,0,0.22,0.08,0.18
12174,0,0,0.22,0.08,0.18
12175,287.56,15.86,0.22,0.08,0.18
12176,0,0,0.21,0.07,0.18
12177,0,0,0.22,0.08,0.18
12178,0,0,0.21,0.07,0.18
12179,0,0,0.21,0.07,0.18
12180,0,0,0.21,0.07,0.18
12181,0,0,0.21,0.07,0.18
12182,0,0,0.21,0.07,0.18
12183,0,0,0.21,0.07,0.18
12184,287.59,15.83,0.21,0.07,0.18
12185,0,0,0.21,0.07,0.18
12186,0,0,0.21,0.07,0.18
12187,0,0,0.22,0.08,0.18
12188,0,0,0.21,0.07,0.18
12189,0,0,0.21,0.07,0.18
12190,0,0,0.21,0.07,0.18
12191,0,0,0.21,0.07,0.18
12192,0,0,0.21,0.07,0.18
12193,0,0,0.21,0.07,0.18
12194,287.62,15.81,0.21,0.07,0.18
12195,0,0,0.21,0.07,0.18
12196,0,0,0.21,0.07,0.18
12197,0,0,0.20,0.07,0.18
12198,0,0,0.21,0.07,0.18
12199,0,0,0.21,0.07,0.18
12200,0,0,0.21,0.07,0.18
12201,0,0,0.21,0.07,0.18
12202,0,0,0.21,0.07,0.18
12203,0,0,0.21,0.07,0.18
12204,287.65,15.78,0.21,0.07,0.18
12205,0,0,0.21,0.07,0.18
12206,0,0,0.21,0.07,0.18
12207,0,0,0.21,0.07,0.18
12208,0,0,0.21,0.07,0.18
12209,0,0,0.21,0.07,0.18
12210,0,0,0.21,0.07,0.18
12211,0,0,0.21,0.07,0.18
12212,0,0,0.21,0.07,0.18
12213,0,0,0.21,0.07,0.18
12214,287.67,15.75,0.21,0.07,0.18
12215,0,0,0.21,0.07,0.18
12216,0,0,0.21,0.07,0.18
12217,0,0,0.22,0.08,0.18
12218,0,0,0.21,0.07,0.18
12219,0,0,0.21,0.07,0.18
12220,0,0,0.21,0.07,0.18
12221,0,0,0.21,0.07,0.17
12222,0,0,0.21,0.07,0.18
12223,0,0,0.21,0.07,0.18
12224,287.70,15.72,0.21,0.07,0.18
12225,0,0,0.22,0.08,0.18
12226,0,0,0.21,0.07,0.18
12227,0,0,0.21,0.07,0.18
12228,0,0,0.21,0.07,0.18
12229,0,0,0.21,0.07,0.18
12230,0,0,0.21,0.07,0.18
12231,0,0,0.21,0.07,0.17
12232,0,0,0.21,0.07,0.18
12233,0,0,0.21,0.07,0.18
12234,287.73,15.70,0.21,0.07,0.18
12235,0,0,0.21,0.07,0.18
12236,0,0,0.21,0.07,0.18
12237,0,0,0.21,0.07,0.18
12238,0,0,0.21,0.07,0.18
12239,0,0,0.21,0.07,0.18
12240,0,0,0.21,0.07,0.18
12241,0,0,0.21,0.07,0.18
12242,0,0,0.21,0.07,0.18
12243,0,0,0.21,0.07,0.17
12244,287.76,15.67,0.21,0.07,0.17
12245,0,0,0.21,0.07,0.18
12246,0,0,0.21,0.07,0.18
12247,0,0,0.21,0.07,0.18
12248,0,0,0.21,0.07,0.18
12249,0,0,0.22,0.08,0.18
12250,0,0,0.21,0.07,0.18
12251,0,0,0.21,0.07,0.18
12252,0,0,0.21,0.07,0.17
12253,0,0,0.21,0.07,0.18
12254,287.78,15.64,0.21,0.07,0.18
12255,0,0,0.21,0.07,0.18
12256,0,0,0.21,0.07,0.18
12257,0,0,0.21,0.07,0.18
12258,0,0,0.21,0.07,0.18
12259,0,0,0.21,0.07,0.18
12260,0,0,0.21,0.07,0.18
12261,0,0,0.21,0.07,0.18
12262,0,0,0.21,0.07,0.18
12263,0,0,0.21,0.07,0.18
12264,287.81,15.61,0.21,0.07,0.18
12265,0,0,0.21,0.07,0.17
12266,0,0,0.21,0.07,0.18
12267,0,0,0.21,0.07,0.18
12268,0,0,0.21,0.07,0.18
12269,0,0,0.21,0.07,0.18
12270,0,0,0.21,0.07,0.17
12271,0,0,0.21,0.07,0.18
12272,0,0,0.21,0.07,0.18
12273,0,0,0.21,0.07,0.18
12274,287.84,15.58,0.21,0.07,0.18
12275,0,0,0.21,0.07,0.18
12276,0,0,0.21,0.07,0.17
12277,0,0,0.21,0.07,0.17
12278,0,0,0.21,0.07,0.17
12279,0,0,0.21,0.07,0.18
12280,0,0,0.21,0.07,0.17
12281,0,0,0.21,0.07,0.17
12282,0,0,0.21,0.07,0.18
12283,0,0,0.21,0.07,0.18
12284,287.86,15.56,0.21,0.07,0.18
12285,0,0,0.21,0.07,0.17
12286,0,0,0.21,0.07,0.18
12287,0,0,0.21,0.07,0.17
12288,0,0,0.21,0.07,0.17
12289,0,0,0.21,0.07,0.17
12290,0,0,0.21,0.07,0.18
12291,0,0,0.21,0.07,0.17
12292,0,0,0.21,0.07,0.18
12293,0,0,0.21,0.07,0.17
12294,287.89,15.53,0.21,0.07,0.17
12295,0,0,0.21,0.07,0.17
12296,0,0,0.21,0.07,0.17
12297,0,0,0.21,0.07,0.17
12298,0,0,0.21,0.07,0.17
12299,0,0,0.21,0.07,0.17
12300,0,0,0.21,0.07,0.18
12301,0,0,0.21,0.07,0.18
12302,0,0,0.21,0.07,0.17
12303,0,0,0.21,0.07,0.17
12304,287.92,15.50,0.20,0.07,0.17
12305,0,0,0.21,0.07,0.17
12306,0,0,0.21,0.07,0.17
12307,0,0,0.21,0.07,0.17
12308,0,0,0.21,0.07,0.17
12309,0,0,0.21,0.07,0.17
12310,0,0,0.21,0.07,0.18
12311,0,0,0.21,0.07,0.17
12312,0,0,0.21,0.07,0.17
12313,0,0,0.19,0.07,0.18
12314,287.95,15.48,0.21,0.07,0.17
12315,0,0,0.21,0.07,0.17
12316,0,0,0.21,0.07,0.17
12317,0,0,0.21,0.07,0.17
12318,0,0,0.21,0.07,0.17
12319,0,0,0.21,0.07,0.18
12320,0,0,0.20,0.07,0.17
12321,0,0,0.21,0.07,0.17
12322,0,0,0.21,0.07,0.17
12323,0,0,0.21,0.07,0.18
12324,287.97,15.45,0.21,0.07,0.17
12325,0,0,0.21,0.07,0.17
12326,0,0,0.21,0.07,0.17
12327,0,0,0.21,0.07,0.17
12328,0,0,0.21,0.07,0.17
12329,0,0,0.21,0.07,0.17
12330,0,0,0.21,0.07,0.17
12331,0,0,0.21,0.07,0.17
12332,0,0,0.21,0.07,0.17
12333,0,0,0.21,0.07,0.17
12334,288.00,15.42,0.21,0.07,0.17
12335,0,0,0.20,0.07,0.17
12336,0,0,0.21,0.07,0.17
12337,0,0,0.21,0.07,0.17
12338,0,0,0.21,0.07,0.17
12339,0,0,0.21,0.07,0.17
12340,0,0,0.21,0.07,0.17
12341,0,0,0.21,0.07,0.18
12342,0,0,0.20,0.07,0.17
12343,0,0,0.21,0.07,0.17
12344,288.03,15.39,0.21,0.07,0.17
12345,0,0,0.21,0.07,0.17
12346,0,0,0.20,0.07,0.17
12347,0,0,0.20,0.07,0.17
12348,0,0,0.21,0.07,0.17
12349,0,0,0.20,0.07,0.17
12350,0,0,0.21,0.07,0.17
12351,0,0,0.21,0.07,0.17
12352,0,0,0.21,0.07,0.17
12353,0,0,0.21,0.07,0.17
12354,288.06,15.37,0.21,0.07,0.17
12355,0,0,0.21,0.07,0.17
12356,0,0,0.21,0.07,0.17
12357,0,0,0.21,0.07,0.17
12358,0,0,0.21,0.07,0.17
12359,0,0,0.21,0.07,0.17
12360,0,0,0.21,0.07,0.17
12361,0,0,0.21,0.07,0.17
12362,0,0,0.20,0.07,0.17
12363,0,0,0.21,0.07,0.17
12364,288.08,15.34,0.21,0.07,0.17
12365,0,0,0.21,0.07,0.17
12366,0,0,0.21,0.07,0.17
12367,0,0,0.20,0.07,0.17
12368,0,0,0.21,0.07,0.17
12369,0,0,0.21,0.07,0.17
12370,0,0,0.21,0.07,0.17
12371,0,0,0.21,0.07,0.17
12372,0,0,0.20,0.07,0.17
12373,0,0,0.20,0.07,0.17
12374,288.11,15.31,0.21,0.07,0.17
12375,0,0,0.21,0.07,0.17
12376,0,0,0.20,0.07,0.17
12377,0,0,0.20,0.07,0.17
12378,0,0,0.21,0.07,0.17
12379,0,0,0.21,0.07,0.17
12380,0,0,0.21,0.07,0.17
12381,0,0,0.21,0.07,0.17
12382,0,0,0.21,0.07,0.17
12383,0,0,0.21,0.07,0.17
12384,288.14,15.28,0.21,0.07,0.17
12385,0,0,0.21,0.07,0.17
12386,0,0,0.21,0.07,0.17
12387,0,0,0.21,0.07,0.17
12388,0,0,0.21,0.07,0.17
12389,0,0,0.20,0.07,0.17
12390,0,0,0.21,0.07,0.17
12391,0,0,0.21,0.07,0.17
12392,0,0,0.21,0.07,0.17
12393,0,0,0.21,0.07,0.17
12394,288.17,15.26,0.21,0.07,0.17
12395,0,0,0.21,0.07,0.17
12396,0,0,0.21,0.07,0.17
12397,0,0,0.21,0.07,0.17
12398,0,0,0.20,0.07,0.17
12399,0,0,0.21,0.07,0.17
12400,0,0,0.20,0.07,0.17
12401,0,0,0.21,0.07,0.17
12402,0,0,0.21,0.07,0.17
12403,0,0,0.20,0.07,0.17
12404,288.19,15.23,0.21,0.07,0.17
12405,0,0,0.21,0.07,0.17
12406,0,0,0.21,0.07,0.17
12407,0,0,0.20,0.07,0.17
12408,0,0,0.22,0.07,0.17
12409,0,0,0.20,0.07,0.17
12410,0,0,0.22,0.07,0.17
12411,0,0,0.21,0.07,0.17
12412,0,0,0.20,0.07,0.17
12413,0,0,0.20,0.07,0.17
12414,288.22,15.20,0.21,0.07,0.17
12415,0,0,0.21,0.07,0.17
12416,0,0,0.20,0.07,0.17
12417,0,0,0.21,0.07,0.17
12418,0,0,0.21,0.07,0.17
12419,0,0,0.21,0.07,0.17
12420,0,0,0.21,0.07,0.17
12421,0,0,0.21,0.07,0.17
12422,0,0,0.20,0.07,0.17
12423,0,0,0.22,0.07,0.17
12424,288.25,15.17,0.21,0.07,0.17
12425,0,0,0.21,0.07,0.17
12426,0,0,0.21,0.07,0.17
12427,0,0,0.20,0.07,0.17
12428,0,0,0.20,0.07,0.17
12429,0,0,0.21,0.07,0.17
12430,0,0,0.21,0.07,0.17
12431,0,0,0.21,0.07,0.17
12432,0,0,0.22,0.07,0.17
12433,0,0,0.21,0.07,0.17
12434,288.28,15.15,0.20,0.07,0.17
12435,0,0,0.20,0.07,0.17
12436,0,0,0.21,0.07,0.17
12437,0,0,0.21,0.07,0.17
12438,0,0,0.21,0.07,0.17
12439,0,0,0.21,0.07,0.17
12440,0,0,0.20,0.07,0.17
12441,0,0,0.21,0.07,0.17
12442,0,0,0.20,0.07,0.17
12443,0,0,0.20,0.07,0.17
12444,288.30,15.12,0.21,0.07,0.17
12445,0,0,0.21,0.07,0.17
12446,0,0,0.21,0.07,0.17
12447,0,0,0.21,0.07,0.17
12448,0,0,0.20,0.07,0.17
12449,0,0,0.21,0.07,0.17
12450,0,0,0.21,0.07,0.17
12451,0,0,0.21,0.07,0.17
12452,0,0,0.22,0.07,0.17
12453,0,0,0.21,0.07,0.17
12454,288.33,15.09,0.20,0.07,0.17
12455,0,0,0.21,0.07,0.17
12456,0,0,0.21,0.07,0.17
12457,0,0,0.21,0.07,0.17
12458,0,0,0.22,0.07,0.17
12459,0,0,0.21,0.07,0.17
12460,0,0,0.22,0.07,0.17
12461,0,0,0.21,0.07,0.17
12462,0,0,0.20,0.07,0.17
12463,0,0,0.21,0.07,0.17
12464,288.36,15.06,0.21,0.07,0.17
12465,0,0,0.20,0.07,0.17
12466,0,0,0.21,0.07,0.17
12467,0,0,0.20,0.07,0.17
12468,0,0,0.22,0.07,0.17
12469,0,0,0.21,0.07,0.17
12470,0,0,0.21,0.07,0.17
12471,0,0,0.21,0.07,0.17
12472,0,0,0.20,0.07,0.17
12473,0,0,0.20,0.07,0.17
12474,288.39,15.04,0.22,0.07,0.17
12475,0,0,0.21,0.07,0.17
12476,0,0,0.22,0.07,0.17
12477,0,0,0.20,0.07,0.17
12478,0,0,0.22,0.07,0.17
12479,0,0,0.22,0.07,0.17
12480,0,0,0.21,0.07,0.17
12481,0,0,0.20,0.07,0.17
12482,0,0,0.21,0.07,0.17
12483,0,0,0.21,0.07,0.17
12484,288.41,15.01,0.22,0.07,0.17
12485,0,0,0.21,0.07,0.17
12486,0,0,0.21,0.07,0.17
12487,0,0,0.21,0.07,0.17
12488,0,0,0.20,0.07,0.17
12489,0,0,0.20,0.07,0.17
12490,0,0,0.22,0.07,0.17
12491,0,0,0.21,0.07,0.17
12492,0,0,0.20,0.07,0.17
12493,0,0,0.22,0.07,0.17
12494,288.44,14.98,0.21,0.07,0.17
12495,0,0,0.20,0.07,0.17
12496,0,0,0.22,0.07,0.17
12497,0,0,0.22,0.07,0.17
12498,0,0,0.20,0.07,0.17
12499,0,0,0.21,0.07,0.17
12500,0,0,0.20,0.07,0.17
12501,0,0,0.22,0.07,0.17
12502,0,0,0.22,0.07,0.17
12503,0,0,0.20,0.07,0.17
12504,288.47,14.95,0.22,0.07,0.17
12505,0,0,0.21,0.07,0.17
12506,0,0,0.21,0.07,0.17
12507,0,0,0.20,0.07,0.17
12508,0,0,0.21,0.07,0.17
12509,0,0,0.20,0.07,0.17
12510,0,0,0.20,0.07,0.17
12511,0,0,0.22,0.07,0.17
12512,0,0,0.21,0.07,0.17
12513,0,0,0.21,0.07,0.17
12514,288.50,14.93,0.21,0.07,0.17
12515,0,0,0.20,0.07,0.17
12516,0,0,0.22,0.07,0.17
12517,0,0,0.20,0.07,0.17
12518,0,0,0.21,0.07,0.17
12519,0,0,0.20,0.07,0.17
12520,0,0,0.20,0.07,0.17
12521,0,0,0.21,0.07,0.17
12522,0,0,0.20,0.07,0.17
12523,0,0,0.20,0.07,0.17
12524,288.52,14.90,0.20,0.07,0.17
12525,0,0,0.22,0.07,0.17
12526,0,0,0.22,0.07,0.17
12527,0,0,0.21,0.07,0.17
12528,0,0,0.22,0.07,0.17
12529,0,0,0.20,0.07,0.17
12530,0,0,0.22,0.07,0.17
12531,0,0,0.20,0.07,0.17
12532,0,0,0.21,0.07,0.17
12533,0,0,0.20,0.07,0.17
12534,288.55,14.87,0.20,0.07,0.17
12535,0,0,0.22,0.07,0.17
12536,0,0,0.22,0.07,0.17
12537,0,0,0.21,0.07,0.17
12538,0,0,0.21,0.07,0.17
12539,0,0,0.21,0.07,0.17
12540,0,0,0.21,0.07,0.17
12541,0,0,0.21,0.07,0.17
12542,0,0,0.22,0.07,0.17
12543,0,0,0.20,0.07,0.17
12544,288.58,14.84,0.21,0.07,0.17
12545,0,0,0.22,0.07,0.17
12546,0,0,0.22,0.07,0.17
12547,0,0,0.22,0.07,0.17
12548,0,0,0.22,0.07,0.17
12549,0,0,0.21,0.07,0.17
12550,0,0,0.20,0.07,0.17
12551,0,0,0.20,0.07,0.17
12552,0,0,0.20,0.07,0.17
12553,0,0,0.21,0.07,0.17
12554,288.61,14.82,0.22,0.07,0.17
12555,0,0,0.22,0.07,0.17
12556,0,0,0.21,0.07,0.17
12557,0,0,0.20,0.07,0.17
12558,0,0,0.21,0.07,0.17
12559,0,0,0.22,0.07,0.17
12560,0,0,0.21,0.07,0.17
12561,0,0,0.21,0.07,0.17
12562,0,0,0.22,0.07,0.17
12563,0,0,0.20,0.07,0.17
12564,288.63,14.79,0.21,0.07,0.17
12565,0,0,0.21,0.07,0.17
12566,0,0,0.20,0.07,0.17
12567,0,0,0.21,0.07,0.17
12568,0,0,0.20,0.07,0.17
12569,0,0,0.21,0.07,0.17
12570,0,0,0.21,0.07,0.17
12571,0,0,0.22,0.07,0.17
12572,0,0,0.21,0.07,0.17
12573,0,0,0.20,0.07,0.17
12574,288.66,14.76,0.21,0.07,0.17
12575,0,0,0.21,0.07,0.17
12576,0,0,0.22,0.07,0.17
12577,0,0,0.20,0.07,0.17
12578,0,0,0.21,0.07,0.17
12579,0,0,0.20,0.07,0.17
12580,0,0,0.22,0.07,0.17
12581,0,0,0.20,0.07,0.17
12582,0,0,0.20,0.07,0.17
12583,0,0,0.20,0.07,0.17
12584,288.69,14.73,0.20,0.07,0.17
12585,0,0,0.22,0.07,0.17
12586,0,0,0.20,0.07,0.17
12587,0,0,0.22,0.07,0.17
12588,0,0,0.21,0.07,0.17
12589,0,0,0.20,0.07,0.17
12590,0,0,0.22,0.07,0.17
12591,0,0,0.20,0.07,0.17
12592,0,0,0.21,0.07,0.17
12593,0,0,0.20,0.07,0.17
12594,288.72,14.71,0.20,0.07,0.17
12595,0,0,0.22,0.07,0.17
12596,0,0,0.20,0.07,0.17
12597,0,0,0.21,0.07,0.17
12598,0,0,0.21,0.07,0.17
12599,0,0,0.21,0.07,0.17
12600,0,0,0.21,0.07,0.17
12601,0,0,0.20,0.07,0.17
12603,0,0,0.21,0.07,0.17
12604,0,0,0.21,0.07,0.17
12605,288.74,14.68,0.22,0.07,0.17
12606,0,0,0.21,0.07,0.17
12607,0,0,0.22,0.07,0.17
12608,0,0,0.21,0.07,0.17
12609,0,0,0.21,0.07,0.17
12610,0,0,0.21,0.07,0.17
12611,0,0,0.21,0.07,0.17
12612,0,0,0.20,0.07,0.17
12613,0,0,0.20,0.07,0.17
12614,0,0,0.21,0.07,0.17
12615,288.77,14.65,0.21,0.07,0.17
12616,0,0,0.21,0.07,0.17
12617,0,0,0.21,0.07,0.17
12618,0,0,0.22,0.07,0.17
12619,0,0,0.22,0.07,0.17
12620,0,0,0.21,0.07,0.17
12621,0,0,0.22,0.07,0.17
12622,0,0,0.22,0.07,0.17
12623,0,0,0.22,0.07,0.17
12624,0,0,0.20,0.07,0.17
12625,288.80,14.62,0.20,0.07,0.17
12626,0,0,0.21,0.07,0.17
12627,0,0,0.21,0.07,0.17
12628,0,0,0.22,0.07,0.17
12629,0,0,0.20,0.07,0.17
12630,0,0,0.20,0.07,0.17
12631,0,0,0.21,0.07,0.17
12632,0,0,0.21,0.07,0.17
12633,0,0,0.22,0.07,0.17
12634,0,0,0.22,0.07,0.17
12635,288.82,14.60,0.22,0.07,0.17
12636,0,0,0.21,0.07,0.17
12637,0,0,0.22,0.07,0.17
12638,0,0,0.21,0.07,0.17
12639,0,0,0.22,0.07,0.17
12640,0,0,0.22,0.07,0.17
12641,0,0,0.20,0.07,0.17
12642,0,0,0.22,0.07,0.17
12643,0,0,0.21,0.07,0.17
12644,0,0,0.21,0.07,0.17
12645,288.85,14.57,0.21,0.07,0.17
12646,0,0,0.22,0.07,0.17
12647,0,0,0.21,0.07,0.17
12648,0,0,0.21,0.07,0.17
12649,0,0,0.22,0.07,0.17
12650,0,0,0.22,0.07,0.17
12651,0,0,0.21,0.07,0.17
12652,0,0,0.22,0.07,0.17
12653,0,0,0.22,0.07,0.17
12654,0,0,0.21,0.07,0.17
12655,288.88,14.54,0.21,0.07,0.17
12656,0,0,0.21,0.07,0.17
12657,0,0,0.21,0.07,0.17
12658,0,0,0.21,0.07,0.17
12659,0,0,0.21,0.07,0.17
12660,0,0,0.21,0.07,0.17
12661,0,0,0.21,0.07,0.17
12662,0,0,0.20,0.07,0.17
12663,0,0,0.21,0.07,0.17
12664,0,0,0.21,0.07,0.17
12665,288.91,14.51,0.21,0.07,0.17
12666,0,0,0.21,0.07,0.17
12667,0,0,0.21,0.07,0.17
12668,0,0,0.22,0.07,0.17
12669,0,0,0.22,0.07,0.17
12670,0,0,0.21,0.07,0.17
12671,0,0,0.21,0.07,0.17
12672,0,0,0.22,0.07,0.17
12673,0,0,0.22,0.07,0.17
12674,0,0,0.21,0.07,0.17
12675,288.93,14.49,0.21,0.07,0.17
12676,0,0,0.21,0.07,0.17
12677,0,0,0.22,0.07,0.17
12678,0,0,0.21,0.07,0.17
12679,0,0,0.21,0.07,0.17
12680,0,0,0.20,0.07,0.17
12681,0,0,0.20,0.07,0.17
12682,0,0,0.21,0.07,0.17
12683,0,0,0.21,0.07,0.17
12684,0,0,0.21,0.07,0.17
12685,288.96,14.46,0.22,0.07,0.17
12686,0,0,0.21,0.07,0.17
12687,0,0,0.21,0.07,0.17
12688,0,0,0.20,0.07,0.17
12689,0,0,0.21,0.07,0.17
12690,0,0,0.22,0.07,0.17
12691,0,0,0.21,0.07,0.17
12692,0,0,0.21,0.07,0.17
12693,0,0,0.20,0.07,0.17
12694,0,0,0.21,0.07,0.17
12695,288.99,14.43,0.20,0.07,0.17
12696,0,0,0.21,0.07,0.17
12697,0,0,0.21,0.07,0.17
12698,0,0,0.20,0.07,0.17
12699,0,0,0.21,0.07,0.17
12700,0,0,0.22,0.07,0.17
12701,0,0,0.22,0.07,0.17
12702,0,0,0.21,0.07,0.17
12703,0,0,0.22,0.07,0.17
12704,0,0,0.21,0.07,0.17
12705,289.02,14.41,0.20,0.07,0.17
12706,0,0,0.21,0.07,0.17
12707,0,0,0.21,0.07,0.17
12708,0,0,0.22,0.07,0.17
12709,0,0,0.21,0.07,0.17
12710,0,0,0.22,0.07,0.17
12711,0,0,0.21,0.07,0.17
12712,0,0,0.22,0.07,0.17
12713,0,0,0.20,0.07,0.17
12714,0,0,0.22,0.07,0.17
12715,289.04,14.38,0.21,0.07,0.17
12716,0,0,0.20,0.07,0.17
12717,0,0,0.21,0.07,0.17
12718,0,0,0.21,0.07,0.17
12719,0,0,0.21,0.07,0.17
12720,0,0,0.21,0.07,0.17
12721,0,0,0.22,0.07,0.17
12722,0,0,0.21,0.07,0.17
12723,0,0,0.21,0.07,0.17
12724,0,0,0.22,0.07,0.17
12725,289.07,14.35,0.22,0.07,0.17
12726,0,0,0.21,0.07,0.17
12727,0,0,0.22,0.07,0.17
12728,0,0,0.21,0.07,0.17
12729,0,0,0.21,0.07,0.17
12730,0,0,0.22,0.07,0.17
12731,0,0,0.21,0.07,0.17
12732,0,0,0.21,0.07,0.17
12733,0,0,0.21,0.07,0.17
12734,0,0,0.22,0.07,0.17
12735,289.10,14.32,0.21,0.07,0.17
12736,0,0,0.22,0.07,0.17
12737,0,0,0.20,0.07,0.17
12738,0,0,0.22,0.07,0.17
12739,0,0,0.22,0.07,0.17
12740,0,0,0.21,0.07,0.17
12741,0,0,0.22,0.07,0.17
12742,0,0,0.22,0.07,0.17
12743,0,0,0.20,0.07,0.17
12744,0,0,0.21,0.07,0.17
12745,289.13,14.30,0.22,0.07,0.17
12746,0,0,0.21,0.07,0.17
12747,0,0,0.22,0.07,0.17
12748,0,0,0.20,0.07,0.17
12749,0,0,0.22,0.07,0.17
12750,0,0,0.21,0.07,0.17
12751,0,0,0.21,0.07,0.17
12752,0,0,0.21,0.07,0.17
12753,0,0,0.20,0.07,0.17
12754,0,0,0.21,0.07,0.17
12755,289.15,14.27,0.21,0.07,0.17
12756,0,0,0.22,0.07,0.17
12757,0,0,0.21,0.07,0.17
12758,0,0,0.21,0.07,0.17
12759,0,0,0.21,0.07,0.17
12760,0,0,0.22,0.07,0.17
12761,0,0,0.22,0.07,0.17
12762,0,0,0.21,0.07,0.17
12763,0,0,0.21,0.07,0.17
12764,289.18,14.24,0.21,0.07,0.17
12765,0,0,0.21,0.07,0.17
12766,0,0,0.21,0.07,0.17
12767,0,0,0.21,0.07,0.17
12768,0,0,0.21,0.07,0.17
12769,0,0,0.22,0.07,0.17
12770,0,0,0.21,0.07,0.17
12771,0,0,0.21,0.07,0.17
12772,0,0,0.21,0.07,0.17
12773,0,0,0.21,0.07,0.17
12774,289.21,14.21,0.22,0.07,0.17
12775,0,0,0.22,0.07,0.17
12776,0,0,0.21,0.07,0.17
12777,0,0,0.22,0.07,0.17
12778,0,0,0.20,0.07,0.17
12779,0,0,0.22,0.07,0.17
12780,0,0,0.21,0.07,0.17
12781,0,0,0.21,0.07,0.17
12782,0,0,0.21,0.07,0.17
12783,0,0,0.22,0.07,0.17
12784,289.24,14.19,0.21,0.07,0.17
12785,0,0,0.22,0.07,0.17
12786,0,0,0.21,0.07,0.17
12787,0,0,0.22,0.07,0.17
12788,0,0,0.21,0.07,0.17
12789,0,0,0.21,0.07,0.17
12790,0,0,0.23,0.07,0.16
12791,0,0,0.21,0.07,0.17
12792,0,0,0.21,0.07,0.17
12793,0,0,0.21,0.07,0.17
12794,289.26,14.16,0.21,0.07,0.17
12795,0,0,0.21,0.07,0.17
12796,0,0,0.21,0.07,0.17
12797,0,0,0.21,0.07,0.17
12798,0,0,0.22,0.07,0.17
12799,0,0,0.22,0.07,0.17
12800,0,0,0.21,0.07,0.17
12801,0,0,0.21,0.07,0.17
12802,0,0,0.21,0.07,0.17
12803,0,0,0.21,0.07,0.17
12804,289.29,14.13,0.21,0.07,0.17
12805,0,0,0.22,0.07,0.17
12806,0,0,0.21,0.07,0.17
12807,0,0,0.21,0.07,0.17
12808,0,0,0.21,0.07,0.17
12809,0,0,0.22,0.07,0.17
12810,0,0,0.22,0.07,0.17
12811,0,0,0.21,0.07,0.17
12812,0,0,0.21,0.07,0.17
12813,0,0,0.22,0.07,0.17
12814,289.32,14.11,0.22,0.07,0.17
12815,0,0,0.21,0.07,0.17
12816,0,0,0.21,0.07,0.17
12817,0,0,0.21,0.07,0.17
12818,0,0,0.22,0.07,0.17
12819,0,0,0.21,0.07,0.17
12820,0,0,0.21,0.07,0.17
12821,0,0,0.22,0.07,0.17
12822,0,0,0.21,0.07,0.17
12823,0,0,0.22,0.07,0.17
12824,289.35,14.08,0.21,0.07,0.16
12825,0,0,0.21,0.07,0.17
12826,0,0,0.21,0.07,0.17
12827,0,0,0.22,0.07,0.17
12828,0,0,0.21,0.07,0.17
12829,0,0,0.22,0.07,0.17
12830,0,0,0.22,0.07,0.17
12831,0,0,0.21,0.07,0.17
12832,0,0,0.21,0.07,0.17
12833,0,0,0.21,0.07,0.17
12834,289.37,14.05,0.21,0.07,0.17
12835,0,0,0.21,0.07,0.17
12836,0,0,0.21,0.07,0.17
12837,0,0,0.21,0.07,0.17
12838,0,0,0.21,0.07,0.17
12839,0,0,0.22,0.07,0.17
12840,0,0,0.21,0.07,0.17
12841,0,0,0.21,0.07,0.17
12842,0,0,0.21,0.07,0.17
12843,0,0,0.21,0.07,0.17
12844,289.40,14.02,0.21,0.07,0.17
12845,0,0,0.21,0.07,0.17
12846,0,0,0.21,0.07,0.17
12847,0,0,0.21,0.07,0.17
12848,0,0,0.21,0.07,0.17
12849,0,0,0.21,0.07,0.17
12850,0,0,0.21,0.07,0.16
12851,0,0,0.21,0.07,0.17
12852,0,0,0.21,0.07,0.16
12853,0,0,0.22,0.07,0.17
12854,289.43,14.00,0.21,0.07,0.17
12855,0,0,0.21,0.07,0.17
12856,0,0,0.21,0.07,0.17
12857,0,0,0.21,0.07,0.17
12858,0,0,0.21,0.07,0.17
12859,0,0,0.21,0.07,0.16
12860,0,0,0.22,0.07,0.17
12861,0,0,0.22,0.07,0.17
12862,0,0,0.21,0.07,0.17
12863,0,0,0.21,0.07,0.17
12864,289.46,13.97,0.22,0.07,0.17
12865,0,0,0.21,0.07,0.16
12866,0,0,0.21,0.07,0.17
12867,0,0,0.22,0.07,0.17
12868,0,0,0.22,0.07,0.17
12869,0,0,0.21,0.07,0.17
12870,0,0,0.21,0.07,0.16
12871,0,0,0.21,0.07,0.17
12872,0,0,0.21,0.07,0.16
12873,0,0,0.21,0.07,0.17
12874,289.48,13.94,0.21,0.07,0.16
12875,0,0,0.21,0.07,0.17
12876,0,0,0.21,0.07,0.16
12877,0,0,0.21,0.07,0.17
12878,0,0,0.21,0.07,0.17
12879,0,0,0.22,0.07,0.17
12880,0,0,0.21,0.07,0.17
12881,0,0,0.21,0.07,0.17
12882,0,0,0.21,0.07,0.16
12883,0,0,0.21,0.07,0.17
12884,289.51,13.91,0.21,0.07,0.16
12885,0,0,0.21,0.07,0.17
12886,0,0,0.21,0.07,0.17
12887,0,0,0.22,0.07,0.17
12888,0,0,0.21,0.07,0.17
12889,0,0,0.22,0.07,0.17
12890,0,0,0.21,0.07,0.17
12891,0,0,0.21,0.07,0.16
12892,0,0,0.23,0.07,0.16
12893,0,0,0.21,0.07,0.17
12894,289.54,13.89,0.21,0.07,0.17
12895,0,0,0.21,0.07,0.17
12896,0,0,0.21,0.07,0.17
12897,0,0,0.21,0.07,0.17
12898,0,0,0.21,0.07,0.16
12899,0,0,0.21,0.07,0.16
12900,0,0,0.22,0.07,0.17
12901,0,0,0.21,0.07,0.16
12902,0,0,0.21,0.07,0.17
12903,0,0,0.21,0.07,0.17
12904,289.57,13.86,0.21,0.07,0.17
12905,0,0,0.23,0.07,0.16
12906,0,0,0.21,0.07,0.17
12907,0,0,0.21,0.07,0.17
12908,0,0,0.21,0.07,0.17
12909,0,0,0.21,0.07,0.17
12910,0,0,0.21,0.07,0.17
12911,0,0,0.21,0.07,0.17
12912,0,0,0.21,0.07,0.17
12913,0,0,0.21,0.07,0.17
12914,289.59,13.83,0.21,0.07,0.17
12915,0,0,0.21,0.07,0.17
12916,0,0,0.21,0.07,0.17
12917,0,0,0.21,0.07,0.16
12918,0,0,0.21,0.07,0.16
12919,0,0,0.21,0.07,0.17
12920,0,0,0.21,0.07,0.16
12921,0,0,0.21,0.07,0.16
12922,0,0,0.21,0.07,0.17
12923,0,0,0.21,0.07,0.17
12924,289.62,13.81,0.21,0.07,0.17
12925,0,0,0.21,0.07,0.16
12926,0,0,0.21,0.07,0.16
12927,0,0,0.21,0.07,0.16
12928,0,0,0.21,0.07,0.17
12929,0,0,0.21,0.07,0.16
12930,0,0,0.21,0.07,0.16
12931,0,0,0.22,0.07,0.17
12932,0,0,0.21,0.07,0.17
12933,0,0,0.21,0.07,0.17
12934,289.65,13.78,0.21,0.07,0.16
12935,0,0,0.21,0.07,0.16
12936,0,0,0.21,0.07,0.17
12937,0,0,0.21,0.07,0.17
12938,0,0,0.21,0.07,0.17
12939,0,0,0.21,0.07,0.17
12940,0,0,0.21,0.07,0.16
12941,0,0,0.21,0.07,0.17
12942,0,0,0.21,0.07,0.16
12943,0,0,0.21,0.07,0.16
12944,289.68,13.75,0.21,0.07,0.16
12945,0,0,0.21,0.07,0.16
12946,0,0,0.21,0.07,0.16
12947,0,0,0.21,0.07,0.17
12948,0,0,0.21,0.07,0.16
12949,0,0,0.21,0.07,0.17
12950,0,0,0.21,0.07,0.16
12951,0,0,0.21,0.07,0.16
12952,0,0,0.21,0.07,0.16
12953,0,0,0.21,0.07,0.16
12954,289.70,13.72,0.21,0.07,0.16
12955,0,0,0.21,0.07,0.16
12956,0,0,0.21,0.07,0.16
12957,0,0,0.21,0.07,0.17
12958,0,0,0.21,0.07,0.16
12959,0,0,0.21,0.07,0.16
12960,0,0,0.21,0.07,0.16
12961,0,0,0.21,0.07,0.16
12962,0,0,0.21,0.07,0.17
12963,0,0,0.21,0.07,0.16
12964,289.73,13.70,0.21,0.07,0.16
12965,0,0,0.21,0.07,0.17
12966,0,0,0.21,0.07,0.17
12967,0,0,0.21,0.07,0.17
12968,0,0,0.21,0.07,0.17
12969,0,0,0.21,0.07,0.17
12970,0,0,0.21,0.07,0.17
12971,0,0,0.21,0.07,0.17
12972,0,0,0.21,0.07,0.17
12973,0,0,0.21,0.07,0.16
12974,289.76,13.67,0.21,0.07,0.16
12975,0,0,0.21,0.07,0.17
12976,0,0,0.21,0.07,0.16
12977,0,0,0.21,0.07,0.16
12978,0,0,0.21,0.07,0.16
12979,0,0,0.21,0.07,0.16
12980,0,0,0.21,0.07,0.16
12981,0,0,0.21,0.07,0.16
12982,0,0,0.21,0.07,0.16
12983,0,0,0.21,0.07,0.16
12984,289.79,13.64,0.21,0.07,0.16
12985,0,0,0.21,0.07,0.16
12986,0,0,0.21,0.07,0.17
12987,0,0,0.21,0.07,0.16
12988,0,0,0.21,0.07,0.17
12989,0,0,0.21,0.07,0.17
12990,0,0,0.21,0.07,0.17
12991,0,0,0.21,0.07,0.17
12992,0,0,0.21,0.07,0.16
12993,0,0,0.21,0.07,0.16
12994,289.81,13.61,0.21,0.07,0.16
12995,0,0,0.21,0.07,0.17
12996,0,0,0.21,0.07,0.17
12997,0,0,0.21,0.07,0.16
12998,0,0,0.21,0.07,0.16
12999,0,0,0.21,0.07,0.17
13000,0,0,0.21,0.07,0.16
13001,0,0,0.21,0.07,0.17
13002,0,0,0.21,0.07,0.16
13003,0,0,0.21,0.07,0.17
13004,289.84,13.59,0.21,0.07,0.17
13005,0,0,0.21,0.07,0.16
13006,0,0,0.21,0.07,0.16
13007,0,0,0.23,0.07,0.16
13008,0,0,0.21,0.07,0.16
13009,0,0,0.21,0.07,0.17
13010,0,0,0.21,0.07,0.16
13011,0,0,0.23,0.07,0.16
13012,0,0,0.21,0.07,0.16
13013,0,0,0.21,0.07,0.17
13014,289.87,13.56,0.21,0.07,0.17
13015,0,0,0.21,0.07,0.17
13016,0,0,0.21,0.07,0.17
13017,0,0,0.21,0.07,0.17
13018,0,0,0.21,0.07,0.17
13019,0,0,0.21,0.07,0.17
13020,0,0,0.21,0.07,0.16
13021,0,0,0.21,0.07,0.16
13022,0,0,0.21,0.07,0.16
13023,0,0,0.21,0.07,0.16
13024,289.90,13.53,0.21,0.07,0.16
13025,0,0,0.21,0.07,0.16
13026,0,0,0.21,0.07,0.17
13027,0,0,0.21,0.07,0.17
13028,0,0,0.19,0.06,0.17
13029,0,0,0.21,0.07,0.16
13030,0,0,0.21,0.07,0.16
13031,0,0,0.21,0.07,0.16
13032,0,0,0.21,0.07,0.16
13033,0,0,0.21,0.07,0.17
13034,289.92,13.51,0.21,0.07,0.16
13035,0,0,0.21,0.07,0.16
13036,0,0,0.21,0.07,0.16
13037,0,0,0.21,0.07,0.17
13038,0,0,0.21,0.07,0.16
13039,0,0,0.21,0.07,0.16
13040,0,0,0.21,0.07,0.16
13041,0,0,0.21,0.07,0.16
13042,0,0,0.21,0.07,0.16
13043,0,0,0.21,0.07,0.16
13044,289.95,13.48,0.21,0.07,0.17
13045,0,0,0.21,0.07,0.17
13046,0,0,0.21,0.07,0.17
13047,0,0,0.21,0.07,0.16
13048,0,0,0.20,0.06,0.16
13049,0,0,0.21,0.07,0.16
13050,0,0,0.21,0.07,0.16
13051,0,0,0.21,0.07,0.16
13052,0,0,0.21,0.07,0.16
13053,0,0,0.21,0.07,0.16
13054,289.98,13.45,0.21,0.07,0.17
13055,0,0,0.21,0.07,0.16
13056,0,0,0.21,0.07,0.16
13057,0,0,0.21,0.07,0.16
13058,0,0,0.21,0.07,0.16
13059,0,0,0.21,0.07,0.16
13060,0,0,0.21,0.07,0.16
13061,0,0,0.21,0.07,0.16
13062,0,0,0.21,0.07,0.16
13063,0,0,0.21,0.07,0.16
13064,290.01,13.42,0.21,0.07,0.16
13065,0,0,0.21,0.07,0.17
13066,0,0,0.21,0.07,0.16
13067,0,0,0.21,0.07,0.16
13068,0,0,0.21,0.07,0.17
13069,0,0,0.21,0.07,0.16
13071,0,0,0.21,0.07,0.16
13072,0,0,0.21,0.07,0.17
13073,0,0,0.21,0.07,0.16
13074,0,0,0.21,0.07,0.16
13075,290.03,13.40,0.21,0.07,0.17
13076,0,0,0.21,0.07,0.16
13077,0,0,0.21,0.07,0.16
13078,0,0,0.21,0.07,0.16
13079,0,0,0.21,0.07,0.16
13080,0,0,0.21,0.07,0.16
13081,0,0,0.21,0.07,0.16
13082,0,0,0.21,0.07,0.16
13083,0,0,0.20,0.06,0.16
13084,0,0,0.20,0.06,0.16
13085,290.06,13.37,0.21,0.07,0.16
13086,0,0,0.21,0.07,0.16
13087,0,0,0.21,0.07,0.17
13088,0,0,0.19,0.06,0.17
13089,0,0,0.21,0.07,0.16
13090,0,0,0.21,0.07,0.16
13091,0,0,0.21,0.07,0.17
13092,0,0,0.21,0.07,0.17
13093,0,0,0.21,0.07,0.16
13094,0,0,0.21,0.07,0.16
13095,290.09,13.34,0.21,0.07,0.16
13096,0,0,0.21,0.07,0.16
13097,0,0,0.21,0.07,0.16
13098,0,0,0.21,0.07,0.16
13099,0,0,0.21,0.07,0.16
13100,0,0,0.21,0.07,0.16
13101,0,0,0.21,0.07,0.16
13102,0,0,0.21,0.07,0.16
13103,0,0,0.21,0.07,0.16
13104,0,0,0.21,0.07,0.16
13105,290.12,13.32,0.20,0.06,0.16
13106,0,0,0.21,0.07,0.16
13107,0,0,0.21,0.07,0.16
13108,0,0,0.21,0.07,0.16
13109,0,0,0.21,0.07,0.16
13110,0,0,0.21,0.07,0.16
13111,0,0,0.21,0.07,0.16
13112,0,0,0.21,0.07,0.16
13113,0,0,0.21,0.07,0.16
13114,0,0,0.21,0.07,0.16
13115,290.14,13.29,0.21,0.07,0.17
13116,0,0,0.21,0.07,0.16
13117,0,0,0.21,0.07,0.16
13118,0,0,0.21,0.07,0.16
13119,0,0,0.21,0.07,0.17
13120,0,0,0.23,0.07,0.16
13121,0,0,0.21,0.07,0.16
13122,0,0,0.21,0.07,0.16
13123,0,0,0.21,0.07,0.16
13124,0,0,0.21,0.07,0.16
13125,290.17,13.26,0.21,0.07,0.16
13126,0,0,0.19,0.06,0.17
13127,0,0,0.21,0.07,0.16
13128,0,0,0.20,0.06,0.16
13129,0,0,0.21,0.07,0.16
13130,0,0,0.21,0.07,0.17
13131,0,0,0.21,0.07,0.16
13132,0,0,0.21,0.07,0.16
13133,0,0,0.21,0.07,0.16
13134,0,0,0.21,0.07,0.16
13135,290.20,13.23,0.21,0.07,0.16
13136,0,0,0.21,0.07,0.16
13137,0,0,0.21,0.07,0.16
13138,0,0,0.21,0.07,0.17
13139,0,0,0.20,0.06,0.16
13140,0,0,0.21,0.07,0.16
13141,0,0,0.21,0.07,0.16
13142,0,0,0.20,0.06,0.16
13143,0,0,0.20,0.06,0.16
13144,0,0,0.21,0.07,0.16
13145,290.23,13.21,0.21,0.07,0.16
13146,0,0,0.21,0.07,0.16
13147,0,0,0.21,0.07,0.16
13148,0,0,0.21,0.07,0.16
13149,0,0,0.21,0.07,0.16
13150,0,0,0.21,0.07,0.16
13151,0,0,0.21,0.07,0.16
13152,0,0,0.21,0.07,0.16
13153,0,0,0.21,0.07,0.16
13154,0,0,0.21,0.07,0.16
13155,290.25,13.18,0.20,0.06,0.16
13156,0,0,0.21,0.07,0.16
13157,0,0,0.21,0.07,0.16
13158,0,0,0.21,0.07,0.16
13159,0,0,0.21,0.07,0.16
13160,0,0,0.21,0.07,0.16
13161,0,0,0.21,0.07,0.16
13162,0,0,0.21,0.07,0.16
13163,0,0,0.21,0.07,0.16
13164,0,0,0.21,0.07,0.16
13165,290.28,13.15,0.21,0.07,0.16
13166,0,0,0.21,0.07,0.16
13167,0,0,0.21,0.07,0.16
13168,0,0,0.21,0.07,0.17
13169,0,0,0.21,0.07,0.16
13170,0,0,0.21,0.07,0.16
13171,0,0,0.21,0.07,0.16
13172,0,0,0.20,0.06,0.16
13173,0,0,0.21,0.07,0.16
13174,0,0,0.21,0.07,0.16
13175,290.31,13.13,0.21,0.07,0.16
13176,0,0,0.21,0.07,0.16
13177,0,0,0.21,0.07,0.16
13178,0,0,0.21,0.07,0.16
13179,0,0,0.21,0.07,0.16
13180,0,0,0.21,0.07,0.16
13181,0,0,0.21,0.07,0.16
13182,0,0,0.21,0.07,0.16
13183,0,0,0.21,0.07,0.16
13184,0,0,0.21,0.07,0.16
13185,290.34,13.10,0.21,0.07,0.16
13186,0,0,0.21,0.07,0.16
13187,0,0,0.21,0.07,0.16
13188,0,0,0.21,0.07,0.16
13189,0,0,0.21,0.07,0.16
13190,0,0,0.21,0.07,0.16
13191,0,0,0.21,0.07,0.17
13192,0,0,0.21,0.07,0.16
13193,0,0,0.20,0.06,0.16
13194,0,0,0.21,0.07,0.16
13195,290.36,13.07,0.20,0.06,0.16
13196,0,0,0.21,0.07,0.16
13197,0,0,0.21,0.07,0.16
13198,0,0,0.21,0.07,0.16
13199,0,0,0.19,0.06,0.17
13200,0,0,0.21,0.07,0.16
13201,0,0,0.21,0.07,0.16
13202,0,0,0.21,0.07,0.16
13203,0,0,0.21,0.07,0.16
13204,0,0,0.21,0.07,0.16
13205,290.39,13.04,0.21,0.07,0.16
13206,0,0,0.19,0.06,0.17
13207,0,0,0.21,0.07,0.16
13208,0,0,0.21,0.07,0.16
13209,0,0,0.21,0.07,0.16
13210,0,0,0.21,0.07,0.16
13211,0,0,0.21,0.07,0.16
13212,0,0,0.21,0.07,0.16
13213,0,0,0.21,0.07,0.16
13214,0,0,0.21,0.07,0.16
13215,290.42,13.02,0.21,0.07,0.16
13216,0,0,0.21,0.07,0.16
13217,0,0,0.21,0.07,0.16
13218,0,0,0.20,0.06,0.16
13219,0,0,0.21,0.07,0.16
13220,0,0,0.21,0.07,0.16
13221,0,0,0.21,0.07,0.16
13222,0,0,0.21,0.07,0.16
13223,0,0,0.20,0.06,0.16
13224,0,0,0.21,0.07,0.16
13225,290.45,12.99,0.21,0.07,0.16
13226,0,0,0.21,0.07,0.16
13227,0,0,0.21,0.07,0.16
13228,0,0,0.21,0.07,0.16
13229,0,0,0.21,0.07,0.16
13230,0,0,0.21,0.07,0.16
13231,0,0,0.21,0.07,0.16
13232,0,0,0.21,0.07,0.16
13233,0,0,0.21,0.07,0.16
13234,0,0,0.21,0.07,0.16
13235,290.47,12.96,0.21,0.07,0.16
13236,0,0,0.20,0.06,0.16
13237,0,0,0.21,0.07,0.16
13238,0,0,0.20,0.06,0.16
13239,0,0,0.21,0.07,0.16
13240,0,0,0.21,0.07,0.16
13241,0,0,0.22,0.07,0.16
13242,0,0,0.21,0.07,0.16
13243,0,0,0.20,0.06,0.16
13244,0,0,0.21,0.07,0.16
13245,290.50,12.94,0.21,0.07,0.16
13246,0,0,0.21,0.07,0.16
13247,0,0,0.21,0.07,0.16
13248,0,0,0.21,0.07,0.16
13249,0,0,0.21,0.07,0.16
13250,0,0,0.22,0.07,0.16
13251,0,0,0.21,0.07,0.16
13252,0,0,0.21,0.07,0.16
13253,0,0,0.21,0.07,0.16
13254,0,0,0.21,0.07,0.16
13255,290.53,12.91,0.21,0.07,0.16
13256,0,0,0.21,0.07,0.16
13257,0,0,0.21,0.07,0.16
13258,0,0,0.21,0.07,0.16
13259,0,0,0.21,0.07,0.16
13260,0,0,0.21,0.07,0.16
13261,0,0,0.21,0.07,0.16
13262,0,0,0.20,0.06,0.16
13263,0,0,0.21,0.07,0.16
13264,0,0,0.21,0.07,0.16
13265,290.56,12.88,0.21,0.07,0.16
13266,0,0,0.21,0.07,0.16
13267,0,0,0.21,0.07,0.16
13268,0,0,0.21,0.07,0.16
13269,0,0,0.21,0.07,0.16
13270,0,0,0.21,0.07,0.16
13271,0,0,0.20,0.06,0.16
13272,0,0,0.21,0.07,0.16
13273,0,0,0.21,0.07,0.16
13274,0,0,0.20,0.06,0.16
13275,290.58,12.86,0.21,0.07,0.16
13276,0,0,0.21,0.07,0.16
13277,0,0,0.22,0.07,0.16
13278,0,0,0.21,0.07,0.16
13279,0,0,0.21,0.07,0.16
13280,0,0,0.21,0.07,0.16
13281,0,0,0.21,0.07,0.16
13282,0,0,0.21,0.07,0.16
13283,0,0,0.21,0.07,0.16
13284,0,0,0.21,0.07,0.16
13285,290.61,12.83,0.21,0.07,0.16
13286,0,0,0.21,0.07,0.16
13287,0,0,0.21,0.07,0.16
13288,0,0,0.21,0.07,0.16
13289,0,0,0.21,0.07,0.16
13290,0,0,0.22,0.07,0.16
13291,0,0,0.21,0.07,0.16
13292,0,0,0.21,0.07,0.16
13293,0,0,0.21,0.07,0.16
13294,0,0,0.21,0.07,0.16
13295,290.64,12.80,0.21,0.07,0.16
13296,0,0,0.20,0.06,0.16
13297,0,0,0.21,0.07,0.16
13298,0,0,0.21,0.07,0.16
13299,0,0,0.21,0.07,0.16
13300,0,0,0.21,0.07,0.16
13301,0,0,0.21,0.07,0.16
13302,0,0,0.21,0.07,0.16
13303,0,0,0.22,0.07,0.16
13304,0,0,0.21,0.07,0.16
13305,290.67,12.77,0.21,0.07,0.16
13306,0,0,0.21,0.07,0.16
13307,0,0,0.21,0.07,0.16
13308,0,0,0.22,0.07,0.16
13309,0,0,0.21,0.07,0.16
13310,0,0,0.20,0.06,0.16
13311,0,0,0.21,0.07,0.16
13312,0,0,0.20,0.06,0.16
13313,0,0,0.21,0.07,0.16
13314,0,0,0.21,0.07,0.16
13315,290.69,12.75,0.20,0.06,0.16
13316,0,0,0.22,0.07,0.16
13317,0,0,0.21,0.07,0.16
13318,0,0,0.21,0.07,0.16
13319,0,0,0.21,0.07,0.16
13320,0,0,0.21,0.07,0.16
13321,0,0,0.21,0.07,0.16
13322,0,0,0.21,0.07,0.16
13323,0,0,0.21,0.07,0.16
13324,0,0,0.22,0.07,0.16
13325,290.72,12.72,0.21,0.07,0.16
13326,0,0,0.21,0.07,0.16
13327,0,0,0.20,0.06,0.16
13328,0,0,0.20,0.06,0.16
13329,0,0,0.22,0.07,0.16
13330,0,0,0.21,0.07,0.16
13331,0,0,0.21,0.07,0.16
13332,0,0,0.21,0.07,0.16
13333,0,0,0.21,0.07,0.16
13334,0,0,0.21,0.07,0.16
13335,290.75,12.69,0.21,0.07,0.16
13336,0,0,0.21,0.07,0.16
13337,0,0,0.21,0.07,0.16
13338,0,0,0.21,0.07,0.16
13339,0,0,0.21,0.07,0.16
13340,0,0,0.21,0.07,0.16
13341,0,0,0.21,0.07,0.16
13342,0,0,0.21,0.07,0.16
13343,0,0,0.20,0.06,0.16
13344,290.78,12.67,0.20,0.06,0.16
13345,0,0,0.21,0.07,0.16
13346,0,0,0.22,0.07,0.16
13347,0,0,0.21,0.07,0.16
13348,0,0,0.21,0.07,0.16
13349,0,0,0.21,0.07,0.16
13350,0,0,0.21,0.07,0.16
13351,0,0,0.20,0.06,0.16
13352,0,0,0.22,0.07,0.16
13353,0,0,0.21,0.07,0.16
13354,290.80,12.64,0.20,0.06,0.16
13355,0,0,0.20,0.06,0.16
13356,0,0,0.20,0.06,0.16
13357,0,0,0.20,0.06,0.16
13358,0,0,0.22,0.07,0.16
13359,0,0,0.21,0.07,0.16
13360,0,0,0.22,0.07,0.16
13361,0,0,0.21,0.07,0.16
13362,0,0,0.20,0.06,0.16
13363,0,0,0.21,0.07,0.16
13364,290.83,12.61,0.21,0.07,0.16
13365,0,0,0.21,0.07,0.16
13366,0,0,0.22,0.07,0.16
13367,0,0,0.22,0.07,0.16
13368,0,0,0.21,0.07,0.16
13369,0,0,0.21,0.07,0.16
13370,0,0,0.21,0.07,0.16
13371,0,0,0.20,0.06,0.16
13372,0,0,0.22,0.07,0.16
13373,0,0,0.21,0.07,0.16
13374,290.86,12.59,0.21,0.07,0.16
13375,0,0,0.21,0.07,0.16
13376,0,0,0.21,0.07,0.16
13377,0,0,0.22,0.07,0.16
13378,0,0,0.20,0.06,0.16
13379,0,0,0.22,0.07,0.16
13380,0,0,0.21,0.07,0.16
13381,0,0,0.22,0.07,0.16
13382,0,0,0.20,0.06,0.16
13383,0,0,0.21,0.07,0.16
13384,290.89,12.56,0.22,0.07,0.16
13385,0,0,0.22,0.07,0.16
13386,0,0,0.21,0.07,0.16
13387,0,0,0.22,0.07,0.16
13388,0,0,0.22,0.07,0.16
13389,0,0,0.20,0.06,0.16
13390,0,0,0.21,0.07,0.16
13391,0,0,0.21,0.07,0.16
13392,0,0,0.21,0.07,0.16
13393,0,0,0.20,0.06,0.16
13394,290.91,12.53,0.20,0.06,0.16
13395,0,0,0.20,0.06,0.16
13396,0,0,0.22,0.07,0.16
13397,0,0,0.22,0.07,0.16
13398,0,0,0.20,0.06,0.16
13399,0,0,0.20,0.06,0.16
13400,0,0,0.20,0.06,0.16
13401,0,0,0.22,0.07,0.16
13402,0,0,0.21,0.07,0.16
13403,0,0,0.20,0.06,0.16
13404,290.94,12.50,0.22,0.07,0.16
13405,0,0,0.20,0.06,0.16
13406,0,0,0.22,0.07,0.16
13407,0,0,0.20,0.06,0.16
13408,0,0,0.20,0.06,0.16
13409,0,0,0.21,0.07,0.16
13410,0,0,0.20,0.06,0.16
13411,0,0,0.20,0.06,0.16
13412,0,0,0.21,0.07,0.16
13413,0,0,0.21,0.07,0.16
13414,290.97,12.48,0.21,0.07,0.16
13415,0,0,0.20,0.06,0.16
13416,0,0,0.20,0.06,0.16
13417,0,0,0.21,0.07,0.16
13418,0,0,0.21,0.07,0.16
13419,0,0,0.20,0.06,0.16
13420,0,0,0.21,0.07,0.16
13421,0,0,0.20,0.06,0.16
13422,0,0,0.22,0.07,0.16
13423,0,0,0.22,0.07,0.16
13424,291.00,12.45,0.22,0.07,0.16
13425,0,0,0.21,0.07,0.16
13426,0,0,0.22,0.07,0.16
13427,0,0,0.22,0.07,0.16
13428,0,0,0.22,0.07,0.16
13429,0,0,0.21,0.07,0.16
13430,0,0,0.22,0.07,0.16
13431,0,0,0.20,0.06,0.16
13432,0,0,0.21,0.07,0.16
13433,0,0,0.22,0.07,0.16
13434,291.03,12.42,0.20,0.06,0.16
13435,0,0,0.22,0.07,0.16
13436,0,0,0.22,0.07,0.16
13437,0,0,0.20,0.06,0.16
13438,0,0,0.20,0.06,0.16
13439,0,0,0.20,0.06,0.16
13440,0,0,0.20,0.06,0.16
13441,0,0,0.22,0.07,0.16
13442,0,0,0.22,0.07,0.16
13443,0,0,0.20,0.06,0.16
13444,291.05,12.40,0.21,0.07,0.16
13445,0,0,0.20,0.06,0.16
13446,0,0,0.21,0.07,0.16
13447,0,0,0.22,0.07,0.16
13448,0,0,0.20,0.06,0.16
13449,0,0,0.21,0.07,0.16
13450,0,0,0.20,0.06,0.16
13451,0,0,0.20,0.06,0.16
13452,0,0,0.22,0.07,0.16
13453,0,0,0.21,0.07,0.16
13454,291.08,12.37,0.20,0.06,0.16
13455,0,0,0.20,0.06,0.16
13456,0,0,0.22,0.07,0.16
13457,0,0,0.20,0.06,0.16
13458,0,0,0.22,0.07,0.16
13459,0,0,0.22,0.07,0.16
13460,0,0,0.21,0.07,0.16
13461,0,0,0.22,0.07,0.16
13462,0,0,0.21,0.07,0.16
13463,0,0,0.22,0.07,0.16
13464,291.11,12.34,0.20,0.06,0.16
13465,0,0,0.22,0.07,0.16
13466,0,0,0.22,0.07,0.16
13467,0,0,0.20,0.06,0.16
13468,0,0,0.20,0.06,0.16
13469,0,0,0.20,0.06,0.16
13470,0,0,0.22,0.07,0.16
13471,0,0,0.22,0.07,0.16
13472,0,0,0.19,0.06,0.16
13473,0,0,0.20,0.06,0.16
13474,291.14,12.32,0.20,0.06,0.16
13475,0,0,0.20,0.06,0.16
13476,0,0,0.20,0.06,0.16
13477,0,0,0.22,0.07,0.16
13478,0,0,0.22,0.07,0.16
13479,0,0,0.20,0.06,0.16
13480,0,0,0.20,0.06,0.16
13481,0,0,0.22,0.07,0.16
13482,0,0,0.20,0.06,0.16
13483,0,0,0.20,0.06,0.16
13484,291.16,12.29,0.20,0.06,0.16
13485,0,0,0.20,0.06,0.16
13486,0,0,0.20,0.06,0.16
13487,0,0,0.20,0.06,0.16
13488,0,0,0.20,0.06,0.16
13489,0,0,0.20,0.06,0.16
13490,0,0,0.20,0.06,0.16
13491,0,0,0.20,0.06,0.16
13492,0,0,0.22,0.07,0.16
13493,0,0,0.20,0.06,0.16
13494,291.19,12.26,0.22,0.07,0.16
13495,0,0,0.21,0.07,0.16
13496,0,0,0.20,0.06,0.16
13497,0,0,0.22,0.07,0.16
13498,0,0,0.22,0.07,0.16
13499,0,0,0.21,0.07,0.16
13500,0,0,0.20,0.06,0.16
13501,0,0,0.21,0.07,0.16
13502,0,0,0.22,0.07,0.16
13503,0,0,0.22,0.07,0.16
13504,291.22,12.23,0.22,0.07,0.16
13505,0,0,0.20,0.06,0.16
13506,0,0,0.21,0.07,0.16
13507,0,0,0.21,0.07,0.16
13508,0,0,0.20,0.06,0.16
13509,0,0,0.20,0.06,0.16
13510,0,0,0.20,0.06,0.16
13511,0,0,0.20,0.06,0.16
13512,0,0,0.22,0.07,0.16
13513,0,0,0.20,0.06,0.16
13514,291.25,12.21,0.20,0.06,0.16
13515,0,0,0.22,0.07,0.16
13516,0,0,0.20,0.06,0.16
13517,0,0,0.20,0.06,0.16
13518,0,0,0.20,0.06,0.16
13519,0,0,0.20,0.06,0.16
13520,0,0,0.22,0.07,0.16
13521,0,0,0.22,0.07,0.16
13522,0,0,0.21,0.07,0.16
13523,0,0,0.20,0.06,0.16
13524,291.27,12.18,0.22,0.07,0.16
13525,0,0,0.20,0.06,0.16
13526,0,0,0.20,0.06,0.16
13527,0,0,0.20,0.06,0.16
13528,0,0,0.22,0.07,0.16
13529,0,0,0.20,0.06,0.16
13530,0,0,0.20,0.06,0.16
13531,0,0,0.20,0.06,0.16
13532,0,0,0.20,0.06,0.16
13533,0,0,0.20,0.06,0.16
13534,291.30,12.15,0.20,0.06,0.16
13536,0,0,0.21,0.07,0.16
13537,0,0,0.20,0.06,0.16
13538,0,0,0.20,0.06,0.16
13539,0,0,0.22,0.07,0.16
13540,0,0,0.20,0.06,0.16
13541,0,0,0.21,0.07,0.16
13542,0,0,0.22,0.07,0.16
13543,0,0,0.20,0.06,0.16
13544,0,0,0.20,0.06,0.16
13545,291.33,12.13,0.22,0.07,0.16
13546,0,0,0.20,0.06,0.16
13547,0,0,0.20,0.06,0.16
13548,0,0,0.20,0.06,0.16
13549,0,0,0.20,0.06,0.16
13550,0,0,0.20,0.06,0.16
13551,0,0,0.20,0.06,0.16
13552,0,0,0.22,0.07,0.16
13553,0,0,0.20,0.06,0.16
13554,0,0,0.20,0.06,0.16
13555,291.36,12.10,0.20,0.06,0.16
13556,0,0,0.20,0.06,0.16
13557,0,0,0.20,0.06,0.16
13558,0,0,0.21,0.07,0.16
13559,0,0,0.20,0.06,0.16
13560,0,0,0.22,0.07,0.16
13561,0,0,0.22,0.07,0.16
13562,0,0,0.22,0.07,0.16
13563,0,0,0.20,0.06,0.16
13564,0,0,0.20,0.06,0.16
13565,291.38,12.07,0.22,0.07,0.16
13566,0,0,0.20,0.06,0.16
13567,0,0,0.22,0.07,0.16
13568,0,0,0.20,0.06,0.16
13569,0,0,0.20,0.06,0.16
13570,0,0,0.20,0.06,0.16
13571,0,0,0.20,0.06,0.16
13572,0,0,0.20,0.06,0.16
13573,0,0,0.20,0.06,0.16
13574,0,0,0.22,0.07,0.16
13575,291.41,12.05,0.20,0.06,0.16
13576,0,0,0.22,0.07,0.16
13577,0,0,0.22,0.07,0.16
13578,0,0,0.22,0.07,0.16
13579,0,0,0.20,0.06,0.16
13580,0,0,0.22,0.07,0.16
13581,0,0,0.20,0.06,0.16
13582,0,0,0.20,0.06,0.16
13583,0,0,0.22,0.07,0.16
13584,0,0,0.22,0.07,0.16
13585,291.44,12.02,0.20,0.06,0.16
13586,0,0,0.20,0.06,0.16
13587,0,0,0.22,0.07,0.16
13588,0,0,0.22,0.07,0.16
13589,0,0,0.20,0.06,0.16
13590,0,0,0.22,0.07,0.16
13591,0,0,0.22,0.07,0.16
13592,0,0,0.20,0.06,0.16
13593,0,0,0.22,0.07,0.16
13594,0,0,0.20,0.06,0.16
13595,291.47,11.99,0.20,0.06,0.16
13596,0,0,0.20,0.06,0.16
13597,0,0,0.20,0.06,0.16
13598,0,0,0.22,0.07,0.16
13599,0,0,0.20,0.06,0.16
13600,0,0,0.20,0.06,0.16
13601,0,0,0.20,0.06,0.16
13602,0,0,0.20,0.06,0.16
13603,0,0,0.20,0.06,0.16
13604,0,0,0.20,0.06,0.16
13605,291.49,11.97,0.20,0.06,0.16
13606,0,0,0.20,0.06,0.16
13607,0,0,0.20,0.06,0.16
13608,0,0,0.20,0.06,0.16
13609,0,0,0.20,0.06,0.16
13610,0,0,0.21,0.07,0.16
13611,0,0,0.22,0.07,0.16
13612,0,0,0.22,0.07,0.16
13613,0,0,0.20,0.06,0.16
13614,0,0,0.22,0.07,0.16
13615,291.52,11.94,0.22,0.07,0.16
13616,0,0,0.20,0.06,0.16
13617,0,0,0.20,0.06,0.16
13618,0,0,0.20,0.06,0.16
13619,0,0,0.21,0.07,0.16
13620,0,0,0.22,0.07,0.16
13621,0,0,0.20,0.06,0.16
13622,0,0,0.20,0.06,0.16
13623,0,0,0.20,0.06,0.16
13624,0,0,0.20,0.06,0.16
13625,291.55,11.91,0.20,0.06,0.16
13626,0,0,0.20,0.06,0.16
13627,0,0,0.20,0.06,0.16
13628,0,0,0.22,0.07,0.16
13629,0,0,0.20,0.06,0.16
13630,0,0,0.20,0.06,0.16
13631,0,0,0.20,0.06,0.16
13632,0,0,0.22,0.07,0.16
13633,0,0,0.20,0.06,0.16
13634,0,0,0.20,0.06,0.16
13635,291.58,11.89,0.20,0.06,0.16
13636,0,0,0.20,0.06,0.16
13637,0,0,0.20,0.06,0.16
13638,0,0,0.20,0.06,0.16
13639,0,0,0.20,0.06,0.16
13640,0,0,0.20,0.06,0.16
13641,0,0,0.20,0.06,0.16
13642,0,0,0.22,0.07,0.16
13643,0,0,0.20,0.06,0.16
13644,0,0,0.20,0.06,0.16
13645,291.60,11.86,0.20,0.06,0.16
13646,0,0,0.22,0.07,0.16
13647,0,0,0.20,0.06,0.16
13648,0,0,0.20,0.06,0.16
13649,0,0,0.22,0.07,0.16
13650,0,0,0.20,0.06,0.16
13651,0,0,0.20,0.06,0.16
13652,0,0,0.22,0.07,0.16
13653,0,0,0.22,0.07,0.16
13654,0,0,0.20,0.06,0.16
13655,291.63,11.83,0.22,0.07,0.16
13656,0,0,0.20,0.06,0.16
13657,0,0,0.20,0.06,0.16
13658,0,0,0.20,0.06,0.16
13659,0,0,0.20,0.06,0.16
13660,0,0,0.20,0.06,0.16
13661,0,0,0.20,0.06,0.16
13662,0,0,0.20,0.06,0.16
13663,0,0,0.22,0.07,0.16
13664,0,0,0.20,0.06,0.16
13665,291.66,11.80,0.22,0.07,0.16
13666,0,0,0.22,0.07,0.16
13667,0,0,0.20,0.06,0.16
13668,0,0,0.22,0.07,0.16
13669,0,0,0.20,0.06,0.16
13670,0,0,0.22,0.07,0.16
13671,0,0,0.22,0.07,0.16
13672,0,0,0.22,0.07,0.16
13673,0,0,0.20,0.06,0.16
13674,0,0,0.20,0.06,0.16
13675,291.69,11.78,0.20,0.06,0.16
13676,0,0,0.22,0.07,0.16
13677,0,0,0.20,0.06,0.16
13678,0,0,0.20,0.06,0.16
13679,0,0,0.20,0.06,0.16
13680,0,0,0.20,0.06,0.16
13681,0,0,0.20,0.06,0.16
13682,0,0,0.20,0.06,0.16
13683,0,0,0.22,0.07,0.16
13684,0,0,0.20,0.06,0.16
13685,291.72,11.75,0.20,0.06,0.16
13686,0,0,0.20,0.06,0.16
13687,0,0,0.20,0.06,0.16
13688,0,0,0.20,0.06,0.16
13689,0,0,0.22,0.07,0.16
13690,0,0,0.20,0.06,0.16
13691,0,0,0.20,0.06,0.16
13692,0,0,0.22,0.07,0.16
13693,0,0,0.20,0.06,0.16
13694,0,0,0.22,0.07,0.16
13695,291.74,11.72,0.20,0.06,0.16
13696,0,0,0.22,0.07,0.16
13697,0,0,0.22,0.07,0.16
13698,0,0,0.20,0.06,0.16
13699,0,0,0.22,0.07,0.16
13700,0,0,0.20,0.06,0.16
13701,0,0,0.20,0.06,0.16
13702,0,0,0.20,0.06,0.16
13703,0,0,0.22,0.07,0.16
13704,0,0,0.20,0.06,0.16
13705,291.77,11.70,0.20,0.06,0.16
13706,0,0,0.20,0.06,0.16
13707,0,0,0.20,0.06,0.16
13708,0,0,0.20,0.06,0.16
13709,0,0,0.20,0.06,0.16
13710,0,0,0.20,0.06,0.16
13711,0,0,0.22,0.07,0.16
13712,0,0,0.20,0.06,0.16
13713,0,0,0.20,0.06,0.16
13714,0,0,0.22,0.07,0.16
13715,291.80,11.67,0.22,0.07,0.16
13716,0,0,0.20,0.06,0.16
13717,0,0,0.22,0.07,0.16
13718,0,0,0.20,0.06,0.16
13719,0,0,0.20,0.06,0.16
13720,0,0,0.20,0.06,0.16
13721,0,0,0.20,0.06,0.16
13722,0,0,0.20,0.06,0.16
13723,0,0,0.20,0.06,0.16
13724,0,0,0.20,0.06,0.16
13725,291.83,11.64,0.20,0.06,0.16
13726,0,0,0.20,0.06,0.16
13727,0,0,0.20,0.06,0.16
13728,0,0,0.20,0.06,0.16
13729,0,0,0.20,0.06,0.16
13730,0,0,0.20,0.06,0.16
13731,0,0,0.20,0.06,0.16
13732,0,0,0.20,0.06,0.16
13733,0,0,0.20,0.06,0.16
13734,0,0,0.20,0.06,0.16
13735,291.85,11.62,0.20,0.06,0.16
13736,0,0,0.22,0.07,0.16
13737,0,0,0.20,0.06,0.16
13738,0,0,0.20,0.06,0.16
13739,0,0,0.20,0.06,0.16
13740,0,0,0.20,0.06,0.16
13741,0,0,0.20,0.06,0.16
13742,0,0,0.20,0.06,0.16
13743,0,0,0.20,0.06,0.16
13744,0,0,0.20,0.06,0.16