193.44,67.18,0.36,0.98,1.38
193.46,67.18,0.36,0.98,1.38
193.48,67.18,0.36,0.98,1.38
193.50,67.18,0.35,0.98,1.38
193.52,67.17,0.36,0.98,1.38
193.54,67.17,0.36,0.98,1.38
193.56,67.17,0.36,0.98,1.38
193.58,67.17,0.36,0.98,1.37
193.60,67.17,0.36,0.98,1.37
193.62,67.17,0.36,0.98,1.38
193.64,67.17,0.36,0.98,1.37
193.65,67.16,0.36,0.98,1.38
193.67,67.16,0.36,0.98,1.38
193.69,67.16,0.36,0.98,1.38
193.71,67.16,0.36,0.98,1.38
193.73,67.16,0.35,0.98,1.38
193.75,67.16,0.35,0.98,1.38
193.77,67.16,0.36,0.98,1.37
193.79,67.16,0.35,0.98,1.38
193.81,67.15,0.36,0.98,1.38
193.83,67.15,0.36,0.98,1.37
193.85,67.15,0.35,0.98,1.38
193.87,67.15,0.36,0.98,1.37
193.89,67.15,0.35,0.97,1.37
193.91,67.15,0.36,0.98,1.37
193.93,67.15,0.36,0.98,1.37
193.95,67.14,0.35,0.97,1.37
193.96,67.14,0.36,0.98,1.37
193.98,67.14,0.35,0.97,1.37
194.00,67.14,0.36,0.97,1.37
194.02,67.14,0.36,0.97,1.37
194.04,67.14,0.36,0.97,1.37
194.06,67.14,0.36,0.97,1.37
194.08,67.13,0.36,0.97,1.37
194.10,67.13,0.36,0.97,1.37
194.12,67.13,0.36,0.97,1.37
194.14,67.13,0.36,0.97,1.37
194.16,67.13,0.36,0.97,1.37
194.18,67.13,0.36,0.97,1.37
194.20,67.13,0.35,0.97,1.37
194.21,67.12,0.35,0.97,1.37
194.23,67.12,0.35,0.97,1.37
194.25,67.12,0.35,0.97,1.37
194.27,67.12,0.36,0.97,1.37
194.29,67.12,0.35,0.97,1.37
194.31,67.12,0.35,0.97,1.37
194.33,67.12,0.35,0.97,1.37
194.35,67.11,0.35,0.97,1.37
194.37,67.11,0.35,0.97,1.37
194.39,67.11,0.35,0.97,1.37
194.41,67.11,0.35,0.97,1.37
194.43,67.11,0.35,0.97,1.37
194.45,67.11,0.35,0.97,1.37
194.47,67.11,0.35,0.97,1.37
194.49,67.10,0.35,0.97,1.37
194.51,67.10,0.35,0.97,1.37
194.52,67.10,0.35,0.97,1.37
194.54,67.10,0.35,0.97,1.37
194.56,67.10,0.35,0.97,1.37
194.58,67.10,0.35,0.97,1.37
194.60,67.10,0.35,0.97,1.37
194.62,67.09,0.35,0.97,1.37
194.64,67.09,0.35,0.97,1.37
194.66,67.09,0.35,0.96,1.38
194.68,67.09,0.35,0.96,1.38
194.70,67.09,0.35,0.96,1.38
194.72,67.09,0.35,0.96,1.38
194.74,67.09,0.35,0.96,1.38
194.76,67.08,0.35,0.96,1.38
194.78,67.08,0.35,0.97,1.38
194.79,67.08,0.35,0.96,1.38
194.81,67.08,0.35,0.96,1.38
194.83,67.08,0.35,0.96,1.38
194.85,67.08,0.30,0.75,1.25
194.87,67.07,0.30,0.74,1.24
194.89,67.07,0.35,0.97,1.37
194.91,67.07,0.35,0.97,1.37
194.93,67.07,0.35,0.97,1.37
194.95,67.07,0.35,0.97,1.37
194.97,67.07,0.35,0.97,1.37
194.99,67.07,0.35,0.97,1.37
195.00,67.06,0.35,0.97,1.37
195.02,67.06,0.35,0.97,1.37
195.04,67.06,0.35,0.97,1.38
195.06,67.06,0.35,0.97,1.38
195.08,67.06,0.35,0.97,1.37
195.10,67.06,0.35,0.97,1.37
195.12,67.06,0.35,0.97,1.37
195.14,67.05,0.35,0.97,1.37
195.16,67.05,0.35,0.97,1.37
195.18,67.05,0.35,0.97,1.37
195.20,67.05,0.36,0.97,1.37
195.22,67.05,0.35,0.97,1.37
195.24,67.05,0.35,0.97,1.37
195.26,67.04,0.35,0.97,1.37
195.27,67.04,0.35,0.97,1.37
195.29,67.04,0.35,0.97,1.37
195.31,67.04,0.35,0.97,1.37
195.33,67.04,0.35,0.97,1.37
195.35,67.04,0.35,0.97,1.37
195.37,67.04,0.35,0.97,1.37
195.39,67.03,0.35,0.97,1.37
195.41,67.03,0.35,0.97,1.37
195.43,67.03,0.35,0.97,1.37
195.45,67.03,0.35,0.97,1.37
195.47,67.03,0.35,0.97,1.37
195.49,67.03,0.35,0.97,1.37
195.51,67.02,0.35,0.97,1.37
195.52,67.02,0.35,0.97,1.37
195.55,67.02,0.35,0.97,1.37
195.57,67.02,0.35,0.97,1.37
195.59,67.02,0.35,0.97,1.37
195.61,67.02,0.35,0.97,1.37
195.63,67.01,0.35,0.97,1.37
195.65,67.01,0.35,0.97,1.37
195.67,67.01,0.35,0.97,1.37
195.69,67.01,0.35,0.97,1.37
195.71,67.01,0.35,0.97,1.37
195.73,67.01,0.35,0.97,1.37
195.75,67.00,0.35,0.97,1.37
195.76,67.00,0.35,0.97,1.37
195.78,67.00,0.35,0.97,1.37
195.80,67.00,0.35,0.97,1.37
195.82,67.00,0.35,0.97,1.37
195.84,67.00,0.35,0.97,1.37
195.86,67.00,0.35,0.97,1.37
195.88,66.99,0.35,0.97,1.37
195.90,66.99,0.35,0.97,1.37
195.92,66.99,0.35,0.97,1.37
195.94,66.99,0.35,0.97,1.38
195.96,66.99,0.35,0.97,1.38
195.98,66.99,0.35,0.97,1.38
196.00,66.98,0.35,0.97,1.38
196.01,66.98,0.35,0.97,1.38
196.03,66.98,0.35,0.97,1.38
196.05,66.98,0.35,0.97,1.38
196.07,66.98,0.35,0.97,1.37
196.09,66.98,0.35,0.97,1.38
196.11,66.97,0.35,0.97,1.37
196.13,66.97,0.35,0.97,1.38
196.15,66.97,0.35,0.97,1.38
196.17,66.97,0.35,0.97,1.38
196.19,66.97,0.35,0.97,1.38
196.21,66.97,0.35,0.97,1.38
196.22,66.96,0.35,0.97,1.38
196.24,66.96,0.35,0.97,1.38
196.26,66.96,0.35,0.97,1.38
196.28,66.96,0.35,0.97,1.38
196.30,66.96,0.35,0.97,1.38
196.32,66.96,0.35,0.97,1.38
196.34,66.96,0.35,0.97,1.38
196.36,66.95,0.35,0.97,1.38
196.38,66.95,0.35,0.97,1.38
196.39,66.95,0.35,0.97,1.38
196.41,66.95,0.35,0.97,1.38
196.43,66.95,0.35,0.97,1.38
196.45,66.95,0.35,0.97,1.38
196.47,66.94,0.35,0.97,1.38
196.49,66.94,0.35,0.97,1.38
196.51,66.94,0.35,0.97,1.38
196.53,66.94,0.35,0.97,1.38
196.55,66.94,0.35,0.97,1.38
196.56,66.94,0.35,0.97,1.38
196.58,66.93,0.35,0.97,1.38
196.60,66.93,0.35,0.97,1.38
196.62,66.93,0.35,0.97,1.38
196.64,66.93,0.35,0.97,1.38
196.66,66.93,0.35,0.97,1.38
196.68,66.93,0.35,0.96,1.37
196.70,66.92,0.35,0.96,1.37
196.72,66.92,0.35,0.96,1.37
196.74,66.92,0.35,0.96,1.37
196.76,66.92,0.35,0.96,1.38
196.77,66.92,0.35,0.96,1.37
196.79,66.92,0.35,0.96,1.37
196.81,66.91,0.35,0.96,1.37
196.83,66.91,0.35,0.96,1.37
196.85,66.91,0.35,0.96,1.37
196.87,66.91,0.35,0.96,1.37
196.89,66.91,0.35,0.96,1.37
196.91,66.91,0.35,0.96,1.37
196.93,66.90,0.35,0.96,1.37
196.95,66.90,0.35,0.96,1.37
196.96,66.90,0.35,0.96,1.37
196.98,66.90,0.35,0.96,1.37
197.00,66.90,0.35,0.96,1.37
197.02,66.90,0.35,0.96,1.37
197.04,66.89,0.35,0.96,1.37
197.06,66.89,0.35,0.96,1.38
197.08,66.89,0.35,0.96,1.38
197.10,66.89,0.35,0.96,1.38
197.12,66.89,0.35,0.96,1.37
197.14,66.89,0.35,0.96,1.38
197.16,66.88,0.35,0.97,1.38
197.17,66.88,0.35,0.96,1.37
197.19,66.88,0.35,0.96,1.38
197.21,66.88,0.35,0.96,1.38
197.23,66.88,0.35,0.96,1.37
197.25,66.87,0.35,0.96,1.38
197.27,66.87,0.35,0.96,1.37
197.29,66.87,0.35,0.96,1.37
197.31,66.87,0.35,0.96,1.37
197.32,66.87,0.35,0.96,1.37
197.34,66.87,0.35,0.96,1.37
197.36,66.86,0.35,0.96,1.37
197.38,66.86,0.35,0.96,1.37
197.40,66.86,0.35,0.96,1.37
197.42,66.86,0.35,0.96,1.37
197.44,66.86,0.35,0.96,1.38
197.46,66.86,0.35,0.96,1.37
197.48,66.85,0.35,0.96,1.37
197.50,66.85,0.35,0.96,1.37
197.51,66.85,0.35,0.96,1.37
197.53,66.85,0.35,0.95,1.37
197.55,66.85,0.35,0.95,1.37
197.57,66.85,0.35,0.95,1.37
197.59,66.84,0.35,0.95,1.37
197.61,66.84,0.35,0.95,1.37
197.64,66.84,0.35,0.95,1.37
197.66,66.84,0.35,0.95,1.37
197.68,66.84,0.35,0.95,1.36
197.69,66.83,0.35,0.95,1.36
197.71,66.83,0.35,0.95,1.36
197.73,66.83,0.35,0.95,1.36
197.75,66.83,0.35,0.95,1.36
197.77,66.83,0.35,0.95,1.36
197.79,66.82,0.35,0.95,1.36
197.81,66.82,0.35,0.95,1.36
197.83,66.82,0.35,0.95,1.36
197.85,66.82,0.35,0.95,1.36
197.86,66.82,0.35,0.95,1.36
197.88,66.82,0.35,0.95,1.36
197.90,66.81,0.35,0.95,1.36
197.92,66.81,0.35,0.95,1.36
197.94,66.81,0.35,0.95,1.36
197.96,66.81,0.35,0.95,1.36
197.98,66.81,0.35,0.95,1.36
197.99,66.81,0.35,0.95,1.36
198.01,66.80,0.35,0.95,1.36
198.03,66.80,0.35,0.95,1.36
198.05,66.80,0.35,0.95,1.36
198.07,66.80,0.35,0.95,1.36
198.09,66.80,0.35,0.95,1.36
198.11,66.79,0.35,0.95,1.36
198.13,66.79,0.35,0.95,1.36
198.15,66.79,0.35,0.95,1.36
198.16,66.79,0.35,0.95,1.36
198.18,66.79,0.35,0.95,1.36
198.20,66.79,0.35,0.95,1.36
198.22,66.78,0.35,0.95,1.36
198.24,66.78,0.35,0.95,1.36
198.26,66.78,0.35,0.95,1.36
198.28,66.78,0.35,0.95,1.36
198.30,66.78,0.35,0.95,1.36
198.32,66.77,0.35,0.95,1.36
198.33,66.77,0.35,0.95,1.36
198.35,66.77,0.35,0.95,1.37
198.37,66.77,0.35,0.95,1.36
198.39,66.77,0.35,0.95,1.37
198.41,66.77,0.35,0.95,1.37
198.43,66.76,0.35,0.95,1.37
198.45,66.76,0.35,0.95,1.37
198.47,66.76,0.35,0.95,1.37
198.49,66.76,0.35,0.95,1.37
198.50,66.76,0.35,0.95,1.37
198.52,66.75,0.35,0.95,1.37
198.54,66.75,0.35,0.95,1.37
198.56,66.75,0.35,0.95,1.37
198.58,66.75,0.35,0.95,1.37
198.60,66.75,0.35,0.95,1.37
198.62,66.75,0.35,0.95,1.37
198.64,66.74,0.35,0.95,1.37
198.66,66.74,0.35,0.95,1.37
198.67,66.74,0.35,0.95,1.37
198.69,66.74,0.35,0.95,1.37
198.71,66.74,0.35,0.95,1.37
198.73,66.73,0.35,0.95,1.37
198.75,66.73,0.35,0.95,1.37
198.77,66.73,0.35,0.95,1.37
198.78,66.73,0.35,0.95,1.37
198.80,66.73,0.35,0.95,1.37
198.82,66.72,0.35,0.95,1.37
198.84,66.72,0.35,0.95,1.37
198.86,66.72,0.35,0.95,1.37
198.88,66.72,0.35,0.95,1.37
198.90,66.72,0.35,0.95,1.37
198.92,66.72,0.35,0.95,1.37
198.94,66.71,0.35,0.95,1.37
198.95,66.71,0.35,0.95,1.37
198.97,66.71,0.35,0.95,1.37
198.99,66.71,0.35,0.95,1.37
199.01,66.71,0.35,0.95,1.37
199.03,66.70,0.35,0.95,1.37
199.05,66.70,0.35,0.95,1.37
199.07,66.70,0.35,0.95,1.37
199.09,66.70,0.35,0.95,1.37
199.10,66.70,0.35,0.95,1.37
199.12,66.69,0.35,0.95,1.37
199.14,66.69,0.35,0.95,1.37
199.16,66.69,0.34,0.94,1.37
199.18,66.69,0.35,0.95,1.37
199.20,66.69,0.34,0.94,1.37
199.22,66.68,0.34,0.94,1.37
199.24,66.68,0.34,0.94,1.37
199.25,66.68,0.34,0.94,1.37
199.27,66.68,0.34,0.94,1.37
199.29,66.68,0.34,0.94,1.37
199.31,66.68,0.34,0.94,1.37
199.33,66.67,0.34,0.94,1.37
199.35,66.67,0.34,0.94,1.37
199.37,66.67,0.34,0.94,1.37
199.39,66.67,0.34,0.94,1.37
199.40,66.67,0.34,0.94,1.37
199.42,66.66,0.34,0.94,1.37
199.44,66.66,0.34,0.94,1.37
199.46,66.66,0.34,0.94,1.37
199.48,66.66,0.34,0.94,1.37
199.50,66.66,0.34,0.94,1.37
199.52,66.65,0.34,0.94,1.37
199.54,66.65,0.34,0.94,1.37
199.55,66.65,0.34,0.94,1.38
199.57,66.65,0.34,0.95,1.38
199.59,66.65,0.34,0.95,1.38
199.61,66.64,0.34,0.95,1.38
199.63,66.64,0.34,0.95,1.38
199.65,66.64,0.34,0.95,1.38
199.67,66.64,0.34,0.95,1.38
199.69,66.64,0.34,0.95,1.38
199.71,66.63,0.34,0.95,1.38
199.73,66.63,0.34,0.95,1.38
199.75,66.63,0.34,0.95,1.38
199.77,66.63,0.34,0.95,1.38
199.79,66.63,0.34,0.95,1.38
199.81,66.62,0.34,0.95,1.38
199.82,66.62,0.34,0.95,1.38
199.84,66.62,0.34,0.95,1.38
199.86,66.62,0.34,0.95,1.38
199.88,66.62,0.34,0.95,1.38
199.90,66.61,0.34,0.95,1.38
199.92,66.61,0.34,0.95,1.38
199.94,66.61,0.34,0.95,1.38
199.96,66.61,0.34,0.95,1.38
199.97,66.61,0.34,0.95,1.38
199.99,66.60,0.34,0.95,1.38
200.01,66.60,0.34,0.95,1.38
200.03,66.60,0.34,0.95,1.38
200.05,66.60,0.34,0.95,1.38
200.07,66.60,0.34,0.95,1.38
200.09,66.59,0.34,0.95,1.38
200.10,66.59,0.34,0.95,1.38
200.12,66.59,0.34,0.95,1.38
200.14,66.59,0.34,0.95,1.38
200.16,66.59,0.34,0.95,1.38
200.18,66.58,0.34,0.95,1.38
200.20,66.58,0.34,0.95,1.38
200.22,66.58,0.34,0.95,1.38
200.23,66.58,0.34,0.95,1.38
200.25,66.58,0.34,0.95,1.38
200.27,66.57,0.34,0.95,1.38
200.29,66.57,0.34,0.94,1.38
200.31,66.57,0.34,0.94,1.38
200.33,66.57,0.34,0.94,1.38
200.35,66.57,0.34,0.95,1.38
200.36,66.56,0.34,0.95,1.38
200.38,66.56,0.34,0.94,1.38
200.40,66.56,0.34,0.94,1.38
200.42,66.56,0.34,0.94,1.38
200.43,66.56,0.34,0.94,1.38
200.45,66.55,0.34,0.94,1.37
200.47,66.55,0.34,0.94,1.37
200.49,66.55,0.34,0.94,1.38
200.51,66.55,0.34,0.94,1.38
200.53,66.55,0.34,0.94,1.38
200.55,66.54,0.34,0.94,1.38
200.56,66.54,0.34,0.94,1.38
200.58,66.54,0.34,0.94,1.38
200.60,66.54,0.34,0.94,1.38
200.62,66.54,0.34,0.94,1.38
200.64,66.53,0.34,0.94,1.38
200.66,66.53,0.34,0.94,1.38
200.68,66.53,0.34,0.94,1.38
200.69,66.53,0.34,0.94,1.38
200.71,66.53,0.34,0.94,1.38
200.73,66.52,0.34,0.94,1.38
200.75,66.52,0.34,0.94,1.38
200.77,66.52,0.34,0.94,1.37
200.79,66.52,0.34,0.94,1.38
200.81,66.52,0.34,0.94,1.38
200.82,66.51,0.34,0.94,1.38
200.84,66.51,0.34,0.94,1.38
200.86,66.51,0.34,0.94,1.38
200.88,66.51,0.34,0.94,1.38
200.90,66.50,0.34,0.94,1.38
200.92,66.50,0.34,0.94,1.38
200.93,66.50,0.34,0.94,1.38
200.95,66.50,0.34,0.94,1.38
200.97,66.50,0.34,0.94,1.38
200.99,66.49,0.34,0.94,1.38
201.01,66.49,0.34,0.94,1.38
201.03,66.49,0.34,0.94,1.38
201.05,66.49,0.34,0.94,1.38
201.06,66.49,0.34,0.94,1.38
201.08,66.48,0.34,0.94,1.38
201.10,66.48,0.34,0.94,1.38
201.12,66.48,0.34,0.94,1.38
201.14,66.48,0.34,0.94,1.38
201.15,66.48,0.34,0.94,1.38
201.17,66.47,0.34,0.94,1.38
201.19,66.47,0.34,0.94,1.38
201.21,66.47,0.34,0.94,1.38
201.23,66.47,0.34,0.94,1.38
201.25,66.47,0.34,0.94,1.38
201.27,66.46,0.34,0.94,1.38
201.28,66.46,0.34,0.94,1.38
201.30,66.46,0.34,0.94,1.38
201.32,66.46,0.34,0.94,1.38
201.34,66.45,0.34,0.94,1.38
201.36,66.45,0.34,0.94,1.38
201.38,66.45,0.34,0.94,1.38
201.39,66.45,0.34,0.94,1.38
201.41,66.45,0.34,0.93,1.38
201.43,66.44,0.34,0.94,1.38
201.45,66.44,0.34,0.94,1.38
201.47,66.44,0.34,0.94,1.38
201.49,66.44,0.33,0.92,1.37
201.50,66.44,0.33,0.91,1.37
201.52,66.43,0.33,0.91,1.37
201.54,66.43,0.33,0.88,1.35
201.56,66.43,0.33,0.91,1.36
201.58,66.43,0.33,0.87,1.32
201.60,66.42,0.35,0.96,1.38
201.62,66.42,0.34,0.95,1.39
201.63,66.42,0.33,0.88,1.32
201.65,66.42,0.33,0.88,1.33
201.67,66.42,0.33,0.88,1.32
201.69,66.41,0.33,0.88,1.32
201.72,66.41,0.34,0.88,1.32
201.73,66.41,0.34,0.88,1.32
201.75,66.41,0.33,0.88,1.32
201.77,66.40,0.33,0.88,1.32
201.79,66.40,0.33,0.86,1.31
201.81,66.40,0.32,0.86,1.32
201.83,66.40,0.32,0.84,1.30
201.85,66.40,0.34,0.94,1.38
201.86,66.39,0.35,0.96,1.38
201.88,66.39,0.35,0.96,1.38
201.90,66.39,0.35,0.96,1.38
201.92,66.39,0.35,0.96,1.38
201.93,66.39,0.35,0.96,1.37
201.95,66.38,0.35,0.96,1.38
201.97,66.38,0.35,0.96,1.38
201.99,66.38,0.35,0.96,1.37
202.01,66.38,0.35,0.96,1.37
202.03,66.37,0.35,0.96,1.37
202.04,66.37,0.35,0.96,1.38
202.06,66.37,0.35,0.96,1.38
202.08,66.37,0.35,0.96,1.38
202.10,66.37,0.35,0.96,1.38
202.12,66.36,0.35,0.96,1.38
202.14,66.36,0.35,0.96,1.38
202.15,66.36,0.35,0.96,1.38
202.17,66.36,0.35,0.96,1.38
202.19,66.35,0.35,0.96,1.38
202.21,66.35,0.35,0.96,1.38
202.23,66.35,0.35,0.96,1.38
202.25,66.35,0.35,0.96,1.38
202.26,66.35,0.35,0.96,1.38
202.28,66.34,0.35,0.96,1.38
202.30,66.34,0.35,0.96,1.38
202.32,66.34,0.35,0.96,1.38
202.34,66.34,0.35,0.96,1.38
202.36,66.33,0.35,0.96,1.38
202.37,66.33,0.35,0.96,1.38
202.39,66.33,0.35,0.96,1.38
202.41,66.33,0.35,0.96,1.38
202.43,66.33,0.35,0.95,1.38
202.45,66.32,0.35,0.95,1.38
202.47,66.32,0.35,0.95,1.37
202.48,66.32,0.35,0.95,1.37
202.50,66.32,0.35,0.95,1.37
202.52,66.31,0.35,0.95,1.37
202.54,66.31,0.35,0.95,1.37
202.56,66.31,0.34,0.94,1.37
202.57,66.31,0.34,0.94,1.37
202.59,66.31,0.35,0.95,1.37
202.61,66.30,0.34,0.94,1.37
202.63,66.30,0.34,0.94,1.37
202.65,66.30,0.34,0.94,1.37
202.67,66.30,0.35,0.94,1.36
202.68,66.29,0.34,0.94,1.37
202.70,66.29,0.34,0.94,1.37
202.72,66.29,0.35,0.94,1.36
202.74,66.29,0.35,0.94,1.36
202.76,66.29,0.35,0.94,1.36
202.77,66.28,0.34,0.94,1.36
202.79,66.28,0.34,0.94,1.36
202.81,66.28,0.34,0.94,1.36
202.83,66.28,0.34,0.94,1.36
202.85,66.27,0.34,0.94,1.36
202.86,66.27,0.34,0.94,1.36
202.88,66.27,0.35,0.94,1.36
202.90,66.27,0.34,0.94,1.36
202.92,66.27,0.34,0.94,1.36
202.94,66.26,0.34,0.94,1.36
202.96,66.26,0.34,0.93,1.36
202.97,66.26,0.34,0.94,1.36
202.99,66.26,0.34,0.93,1.36
203.01,66.25,0.34,0.93,1.36
203.03,66.25,0.34,0.93,1.36
203.05,66.25,0.34,0.93,1.36
203.06,66.25,0.34,0.93,1.36
203.08,66.24,0.34,0.93,1.36
203.10,66.24,0.34,0.93,1.36
203.12,66.24,0.34,0.93,1.36
203.14,66.24,0.34,0.93,1.36
203.16,66.24,0.34,0.93,1.36
203.17,66.23,0.34,0.93,1.36
203.19,66.23,0.34,0.93,1.36
203.21,66.23,0.34,0.93,1.36
203.23,66.23,0.34,0.93,1.36
203.25,66.22,0.34,0.93,1.36
203.26,66.22,0.34,0.93,1.36
203.28,66.22,0.34,0.93,1.36
203.30,66.22,0.34,0.93,1.36
203.32,66.22,0.34,0.93,1.36
203.34,66.21,0.34,0.93,1.36
203.35,66.21,0.34,0.93,1.36
203.37,66.21,0.34,0.93,1.36
203.39,66.21,0.34,0.93,1.36
203.41,66.20,0.34,0.93,1.36
203.43,66.20,0.34,0.93,1.36
203.45,66.20,0.34,0.93,1.36
203.46,66.20,0.34,0.93,1.36
203.48,66.19,0.34,0.93,1.37
203.50,66.19,0.34,0.93,1.36
203.52,66.19,0.34,0.93,1.36
203.54,66.19,0.34,0.93,1.37
203.55,66.18,0.34,0.93,1.37
203.57,66.18,0.34,0.93,1.37
203.59,66.18,0.34,0.93,1.37
203.61,66.18,0.34,0.93,1.37
203.63,66.18,0.34,0.93,1.37
203.64,66.17,0.34,0.93,1.37
203.66,66.17,0.34,0.93,1.37
203.68,66.17,0.34,0.93,1.37
203.71,66.17,0.34,0.93,1.37
203.73,66.16,0.34,0.93,1.37
203.74,66.16,0.34,0.93,1.37
203.76,66.16,0.34,0.93,1.37
203.78,66.16,0.34,0.93,1.37
203.80,66.15,0.34,0.93,1.37
203.82,66.15,0.34,0.93,1.37
203.83,66.15,0.34,0.93,1.36
203.85,66.15,0.34,0.93,1.37
203.87,66.14,0.34,0.93,1.37
203.89,66.14,0.34,0.92,1.36
203.91,66.14,0.34,0.93,1.37
203.92,66.14,0.34,0.93,1.37
203.94,66.13,0.34,0.92,1.37
203.96,66.13,0.34,0.93,1.37
203.98,66.13,0.34,0.93,1.37
204.00,66.13,0.34,0.93,1.37
204.01,66.13,0.34,0.93,1.37
204.03,66.12,0.34,0.93,1.37
204.05,66.12,0.34,0.93,1.37
204.07,66.12,0.34,0.93,1.37
204.09,66.12,0.34,0.93,1.37
204.10,66.11,0.34,0.93,1.37
204.12,66.11,0.34,0.93,1.37
204.14,66.11,0.34,0.93,1.37
204.16,66.11,0.34,0.93,1.37
204.18,66.10,0.34,0.93,1.37
204.19,66.10,0.34,0.93,1.37
204.21,66.10,0.34,0.93,1.37
204.23,66.10,0.34,0.93,1.37
204.25,66.09,0.34,0.93,1.37
204.26,66.09,0.34,0.93,1.37
204.28,66.09,0.34,0.92,1.37
204.30,66.09,0.34,0.93,1.37
204.32,66.08,0.34,0.93,1.37
204.34,66.08,0.34,0.92,1.37
204.35,66.08,0.34,0.92,1.37
204.37,66.08,0.34,0.92,1.36
204.39,66.08,0.34,0.93,1.37
204.41,66.07,0.34,0.92,1.36
204.43,66.07,0.34,0.92,1.36
204.44,66.07,0.34,0.92,1.36
204.46,66.07,0.34,0.92,1.36
204.48,66.06,0.34,0.92,1.36
204.50,66.06,0.34,0.92,1.36
204.51,66.06,0.34,0.92,1.36
204.53,66.06,0.34,0.92,1.36
204.55,66.05,0.34,0.92,1.36
204.57,66.05,0.34,0.92,1.36
204.59,66.05,0.34,0.92,1.36
204.60,66.05,0.34,0.92,1.36
204.62,66.04,0.34,0.92,1.36
204.64,66.04,0.34,0.92,1.36
204.66,66.04,0.34,0.92,1.36
204.68,66.04,0.34,0.92,1.36
204.69,66.03,0.34,0.92,1.36
204.71,66.03,0.34,0.92,1.36
204.73,66.03,0.34,0.92,1.36
204.75,66.03,0.34,0.92,1.36
204.77,66.02,0.34,0.92,1.36
204.78,66.02,0.34,0.92,1.35
204.80,66.02,0.34,0.92,1.35
204.82,66.02,0.34,0.92,1.35
204.84,66.01,0.34,0.92,1.35
204.85,66.01,0.34,0.92,1.35
204.87,66.01,0.34,0.92,1.35
204.89,66.01,0.34,0.92,1.35
204.91,66.00,0.34,0.92,1.35
204.93,66.00,0.34,0.92,1.35
204.94,66.00,0.34,0.92,1.35
204.96,66.00,0.34,0.92,1.35
204.98,66.00,0.34,0.92,1.35
204.99,65.99,0.34,0.92,1.35
205.01,65.99,0.34,0.92,1.35
205.03,65.99,0.34,0.92,1.35
205.05,65.99,0.34,0.92,1.35
205.06,65.98,0.34,0.91,1.36
205.08,65.98,0.34,0.92,1.35
205.10,65.98,0.34,0.91,1.36
205.12,65.98,0.34,0.94,1.36
205.14,65.97,0.35,0.94,1.36
205.15,65.97,0.34,0.94,1.36
205.17,65.97,0.34,0.94,1.36
205.19,65.97,0.35,0.94,1.36
205.21,65.96,0.34,0.93,1.36
205.22,65.96,0.34,0.93,1.36
205.24,65.96,0.34,0.93,1.36
205.26,65.96,0.34,0.93,1.36
205.28,65.95,0.34,0.93,1.36
205.30,65.95,0.34,0.93,1.36
205.31,65.95,0.34,0.93,1.36
205.33,65.95,0.34,0.93,1.36
205.35,65.94,0.34,0.93,1.36
205.37,65.94,0.34,0.93,1.36
205.38,65.94,0.34,0.93,1.36
205.40,65.94,0.34,0.93,1.35
205.42,65.93,0.34,0.93,1.35
205.44,65.93,0.34,0.93,1.35
205.46,65.93,0.34,0.93,1.36
205.47,65.93,0.34,0.93,1.36
205.49,65.92,0.34,0.93,1.35
205.51,65.92,0.34,0.93,1.36
205.53,65.92,0.34,0.93,1.36
205.54,65.92,0.34,0.93,1.36
205.56,65.91,0.34,0.93,1.36
205.58,65.91,0.34,0.93,1.36
205.60,65.91,0.34,0.93,1.36
205.62,65.91,0.34,0.93,1.36
205.63,65.90,0.34,0.93,1.36
205.66,65.90,0.34,0.92,1.36
205.68,65.90,0.34,0.92,1.36
205.70,65.89,0.34,0.92,1.36
205.71,65.89,0.34,0.92,1.36
205.73,65.89,0.34,0.92,1.36
205.75,65.89,0.34,0.92,1.36
205.76,65.88,0.34,0.92,1.36
205.78,65.88,0.34,0.92,1.36
205.80,65.88,0.34,0.92,1.36
205.82,65.88,0.34,0.93,1.36
205.83,65.87,0.34,0.92,1.36
205.85,65.87,0.34,0.92,1.36
205.87,65.87,0.34,0.92,1.36
205.89,65.87,0.34,0.92,1.36
205.91,65.86,0.34,0.92,1.36
205.92,65.86,0.34,0.92,1.35
205.94,65.86,0.34,0.92,1.36
205.96,65.86,0.34,0.92,1.36
205.98,65.85,0.34,0.92,1.36
205.99,65.85,0.34,0.92,1.35
206.01,65.85,0.34,0.92,1.35
206.03,65.85,0.34,0.92,1.35
206.05,65.84,0.34,0.92,1.35
206.06,65.84,0.34,0.92,1.35
206.08,65.84,0.34,0.92,1.36
206.10,65.84,0.34,0.92,1.36
206.12,65.83,0.34,0.92,1.36
206.14,65.83,0.34,0.92,1.36
206.15,65.83,0.34,0.92,1.36
206.17,65.83,0.34,0.92,1.36
206.19,65.82,0.34,0.92,1.36
206.21,65.82,0.34,0.92,1.36
206.22,65.82,0.34,0.92,1.36
206.24,65.82,0.34,0.92,1.36
206.26,65.81,0.34,0.92,1.36
206.28,65.81,0.34,0.92,1.36
206.29,65.81,0.34,0.92,1.36
206.31,65.81,0.34,0.92,1.36
206.33,65.80,0.34,0.92,1.36
206.35,65.80,0.34,0.92,1.36
206.36,65.80,0.34,0.92,1.36
206.38,65.80,0.34,0.92,1.36
206.40,65.79,0.34,0.92,1.36
206.42,65.79,0.34,0.92,1.36
206.43,65.79,0.34,0.92,1.36
206.45,65.79,0.34,0.92,1.36
206.47,65.78,0.34,0.92,1.36
206.49,65.78,0.34,0.92,1.36
206.50,65.78,0.34,0.91,1.36
206.52,65.77,0.34,0.91,1.36
206.54,65.77,0.34,0.91,1.36
206.56,65.77,0.34,0.91,1.36
206.57,65.77,0.34,0.91,1.36
206.59,65.76,0.34,0.91,1.36
206.61,65.76,0.34,0.91,1.36
206.63,65.76,0.34,0.91,1.36
206.64,65.76,0.34,0.91,1.36
206.66,65.75,0.34,0.91,1.36
206.68,65.75,0.34,0.91,1.36
206.70,65.75,0.34,0.91,1.36
206.71,65.75,0.34,0.91,1.36
206.73,65.74,0.34,0.91,1.36
206.75,65.74,0.33,0.91,1.36
206.77,65.74,0.33,0.91,1.36
206.78,65.74,0.33,0.91,1.36
206.80,65.73,0.33,0.91,1.36
206.82,65.73,0.33,0.91,1.36
206.84,65.73,0.33,0.91,1.36
206.85,65.73,0.33,0.91,1.36
206.87,65.72,0.33,0.91,1.36
206.89,65.72,0.33,0.91,1.36
206.91,65.72,0.33,0.91,1.36
206.92,65.71,0.33,0.91,1.36
206.94,65.71,0.33,0.91,1.36
206.96,65.71,0.33,0.91,1.36
206.98,65.71,0.33,0.90,1.36
206.99,65.70,0.34,0.91,1.35
207.01,65.70,0.33,0.91,1.36
207.03,65.70,0.33,0.90,1.36
207.05,65.70,0.33,0.90,1.36
207.06,65.69,0.33,0.90,1.36
207.08,65.69,0.33,0.90,1.36
207.10,65.69,0.33,0.90,1.36
207.12,65.69,0.33,0.90,1.35
207.13,65.68,0.33,0.90,1.36
207.15,65.68,0.33,0.90,1.35
207.17,65.68,0.34,0.91,1.35
207.19,65.67,0.33,0.90,1.36
207.20,65.67,0.33,0.90,1.35
207.22,65.67,0.33,0.90,1.36
207.24,65.67,0.33,0.90,1.36
207.26,65.66,0.33,0.90,1.36
207.27,65.66,0.33,0.90,1.36
207.29,65.66,0.33,0.90,1.36
207.31,65.66,0.33,0.91,1.36
207.33,65.65,0.33,0.91,1.36
207.34,65.65,0.33,0.90,1.35
207.36,65.65,0.33,0.91,1.36
207.38,65.65,0.33,0.90,1.35
207.39,65.64,0.33,0.90,1.35
207.41,65.64,0.33,0.90,1.35
207.43,65.64,0.33,0.90,1.35
207.45,65.63,0.33,0.90,1.35
207.46,65.63,0.33,0.90,1.35
207.48,65.63,0.33,0.90,1.35
207.50,65.63,0.33,0.90,1.35
207.52,65.62,0.33,0.90,1.35
207.53,65.62,0.33,0.90,1.35
207.55,65.62,0.33,0.90,1.35
207.58,65.61,0.33,0.90,1.34
207.60,65.61,0.33,0.90,1.34
207.61,65.61,0.33,0.90,1.34
207.63,65.61,0.33,0.90,1.34
207.65,65.60,0.33,0.90,1.34
207.66,65.60,0.33,0.90,1.34
207.68,65.60,0.33,0.90,1.35
207.70,65.60,0.33,0.90,1.34
207.72,65.59,0.33,0.90,1.35
207.73,65.59,0.33,0.90,1.35
207.75,65.59,0.33,0.90,1.34
207.77,65.58,0.34,0.90,1.34
207.79,65.58,0.34,0.90,1.34
207.80,65.58,0.33,0.90,1.34
207.82,65.58,0.33,0.90,1.34
207.84,65.57,0.34,0.90,1.34
207.86,65.57,0.33,0.90,1.34
207.87,65.57,0.34,0.90,1.34
207.89,65.57,0.33,0.90,1.34
207.91,65.56,0.34,0.90,1.34
207.92,65.56,0.34,0.90,1.34
207.94,65.56,0.34,0.90,1.34
207.96,65.56,0.33,0.89,1.34
207.97,65.55,0.33,0.89,1.34
207.99,65.55,0.33,0.89,1.34
208.01,65.55,0.34,0.89,1.33
208.03,65.54,0.34,0.89,1.33
208.04,65.54,0.33,0.89,1.34
208.06,65.54,0.34,0.90,1.33
208.08,65.54,0.34,0.89,1.33
208.10,65.53,0.33,0.89,1.34
208.11,65.53,0.34,0.89,1.33
208.13,65.53,0.33,0.89,1.34
208.15,65.53,0.34,0.89,1.33
208.16,65.52,0.33,0.89,1.34
208.18,65.52,0.34,0.89,1.33
208.20,65.52,0.34,0.89,1.33
208.22,65.51,0.33,0.89,1.34
208.23,65.51,0.34,0.89,1.33
208.25,65.51,0.34,0.89,1.33
208.27,65.51,0.34,0.89,1.33
208.29,65.50,0.34,0.89,1.33
208.30,65.50,0.34,0.89,1.33
208.32,65.50,0.34,0.89,1.33
208.34,65.49,0.34,0.89,1.33
208.35,65.49,0.34,0.89,1.33
208.37,65.49,0.34,0.89,1.33
208.39,65.49,0.34,0.89,1.33
208.41,65.48,0.34,0.89,1.33
208.42,65.48,0.34,0.89,1.32
208.44,65.48,0.33,0.89,1.33
208.46,65.48,0.33,0.89,1.33
208.47,65.47,0.33,0.89,1.33
208.49,65.47,0.34,0.89,1.32
208.51,65.47,0.34,0.89,1.32
208.53,65.46,0.34,0.89,1.32
208.54,65.46,0.33,0.89,1.33
208.56,65.46,0.33,0.89,1.33
208.58,65.46,0.33,0.89,1.33
208.60,65.45,0.33,0.89,1.33
208.61,65.45,0.33,0.89,1.33
208.63,65.45,0.34,0.89,1.32
208.64,65.45,0.33,0.89,1.33
208.66,65.44,0.33,0.89,1.33
208.68,65.44,0.34,0.89,1.33
208.69,65.44,0.34,0.89,1.32
208.71,65.43,0.34,0.89,1.32
208.73,65.43,0.34,0.89,1.33
208.75,65.43,0.33,0.89,1.33
208.76,65.43,0.34,0.89,1.33
208.78,65.42,0.34,0.89,1.33
208.80,65.42,0.34,0.89,1.33
208.81,65.42,0.34,0.89,1.33
208.83,65.41,0.34,0.89,1.33
208.85,65.41,0.34,0.89,1.33
208.87,65.41,0.34,0.89,1.33
208.88,65.41,0.34,0.89,1.33
208.90,65.40,0.34,0.89,1.33
208.92,65.40,0.34,0.89,1.33
208.93,65.40,0.34,0.90,1.33
208.95,65.40,0.33,0.89,1.34
208.97,65.39,0.34,0.89,1.33
208.99,65.39,0.33,0.89,1.34
209.00,65.39,0.34,0.89,1.33
209.02,65.38,0.34,0.90,1.34
209.04,65.38,0.33,0.89,1.34
209.05,65.38,0.33,0.89,1.34
209.07,65.38,0.33,0.90,1.34
209.09,65.37,0.33,0.90,1.34
209.11,65.37,0.33,0.89,1.34
209.12,65.37,0.33,0.89,1.34
209.14,65.36,0.33,0.89,1.34
209.16,65.36,0.33,0.89,1.34
209.17,65.36,0.33,0.89,1.34
209.19,65.36,0.33,0.89,1.34
209.21,65.35,0.33,0.89,1.34
209.22,65.35,0.33,0.89,1.34
209.24,65.35,0.33,0.89,1.34
209.26,65.34,0.33,0.89,1.34
209.28,65.34,0.33,0.89,1.34
209.29,65.34,0.33,0.89,1.34
209.31,65.34,0.33,0.89,1.34
209.33,65.33,0.33,0.89,1.34
209.34,65.33,0.33,0.89,1.34
209.36,65.33,0.33,0.89,1.34
209.38,65.32,0.33,0.89,1.34
209.39,65.32,0.33,0.89,1.34
209.41,65.32,0.33,0.89,1.34
209.43,65.32,0.33,0.89,1.34
209.45,65.31,0.33,0.89,1.34
209.47,65.31,0.33,0.88,1.34
209.49,65.31,0.33,0.89,1.34
209.50,65.30,0.33,0.89,1.34
209.52,65.30,0.33,0.89,1.34
209.54,65.30,0.33,0.89,1.34
209.55,65.29,0.33,0.88,1.34
209.57,65.29,0.33,0.89,1.34
209.59,65.29,0.33,0.89,1.34
209.61,65.29,0.33,0.88,1.34
209.62,65.28,0.33,0.89,1.34
209.64,65.28,0.33,0.88,1.35
209.66,65.28,0.33,0.89,1.34
209.67,65.27,0.33,0.88,1.34
209.69,65.27,0.33,0.88,1.35
209.71,65.27,0.33,0.88,1.35
209.72,65.27,0.33,0.88,1.34
209.74,65.26,0.33,0.88,1.34
209.76,65.26,0.33,0.88,1.35
209.78,65.26,0.33,0.88,1.34
209.79,65.25,0.33,0.88,1.35
209.81,65.25,0.33,0.88,1.35
209.83,65.25,0.33,0.88,1.35
209.84,65.25,0.33,0.88,1.35
209.86,65.24,0.33,0.88,1.35
209.88,65.24,0.33,0.88,1.34
209.89,65.24,0.33,0.88,1.34
209.91,65.23,0.33,0.88,1.34
209.93,65.23,0.33,0.88,1.34
209.94,65.23,0.33,0.88,1.34
209.96,65.22,0.33,0.88,1.34
209.98,65.22,0.33,0.88,1.34
210.00,65.22,0.33,0.88,1.34
210.01,65.22,0.33,0.88,1.34
210.03,65.21,0.33,0.88,1.34
210.05,65.21,0.33,0.88,1.34
210.06,65.21,0.33,0.88,1.34
210.08,65.20,0.33,0.88,1.34
210.09,65.20,0.33,0.88,1.34
210.11,65.20,0.33,0.88,1.34
210.13,65.20,0.33,0.87,1.34
210.15,65.19,0.33,0.88,1.34
210.16,65.19,0.33,0.88,1.34
210.18,65.19,0.32,0.87,1.35
210.20,65.18,0.33,0.88,1.34
210.21,65.18,0.33,0.88,1.35
210.23,65.18,0.33,0.87,1.34
210.25,65.18,0.33,0.87,1.34
210.26,65.17,0.33,0.88,1.34
210.28,65.17,0.33,0.87,1.34
210.30,65.17,0.33,0.87,1.34
210.31,65.16,0.33,0.87,1.34
210.33,65.16,0.33,0.87,1.34
210.35,65.16,0.33,0.87,1.34
210.36,65.16,0.33,0.87,1.34
210.38,65.15,0.32,0.87,1.34
210.40,65.15,0.32,0.87,1.34
210.42,65.15,0.33,0.87,1.34
210.43,65.14,0.32,0.87,1.34
210.45,65.14,0.32,0.87,1.34
210.47,65.14,0.32,0.87,1.34
210.48,65.13,0.32,0.87,1.34
210.50,65.13,0.32,0.87,1.34
210.52,65.13,0.32,0.87,1.34
210.53,65.13,0.32,0.87,1.34
210.55,65.12,0.32,0.87,1.34
210.57,65.12,0.32,0.87,1.33
210.58,65.12,0.32,0.87,1.33
210.60,65.11,0.32,0.87,1.33
210.62,65.11,0.32,0.87,1.33
210.63,65.11,0.32,0.87,1.33
210.65,65.10,0.32,0.87,1.33
210.67,65.10,0.32,0.86,1.33
210.68,65.10,0.32,0.86,1.33
210.70,65.10,0.32,0.86,1.33
210.72,65.09,0.32,0.86,1.32
210.73,65.09,0.32,0.86,1.32
210.75,65.09,0.32,0.86,1.32
210.77,65.08,0.32,0.85,1.31
210.78,65.08,0.32,0.85,1.31
210.80,65.08,0.32,0.84,1.30
210.82,65.08,0.32,0.84,1.30
210.84,65.07,0.32,0.84,1.30
210.85,65.07,0.32,0.84,1.29
210.87,65.07,0.32,0.84,1.30
210.89,65.06,0.32,0.83,1.29
210.90,65.06,0.32,0.83,1.28
210.92,65.06,0.32,0.83,1.28
210.94,65.05,0.32,0.83,1.27
210.95,65.05,0.32,0.82,1.27
210.97,65.05,0.32,0.82,1.27
210.99,65.05,0.32,0.82,1.27
211.00,65.04,0.32,0.82,1.26
211.02,65.04,0.32,0.81,1.26
211.04,65.04,0.32,0.81,1.26
211.05,65.03,0.32,0.81,1.25
211.07,65.03,0.32,0.81,1.25
211.09,65.03,0.32,0.81,1.25
211.10,65.02,0.32,0.80,1.24
211.12,65.02,0.32,0.80,1.24
211.14,65.02,0.32,0.80,1.24
211.15,65.02,0.32,0.80,1.24
211.17,65.01,0.32,0.80,1.23
211.19,65.01,0.32,0.80,1.24
211.20,65.01,0.32,0.80,1.24
211.22,65.00,0.33,0.80,1.23
211.24,65.00,0.32,0.80,1.24
211.25,65.00,0.32,0.81,1.25
211.27,64.99,0.32,0.81,1.25
211.29,64.99,0.32,0.81,1.26
211.31,64.99,0.32,0.81,1.26
211.33,64.98,0.32,0.82,1.26
211.34,64.98,0.32,0.82,1.26
211.36,64.98,0.32,0.82,1.26
211.38,64.97,0.32,0.82,1.27
211.39,64.97,0.32,0.82,1.27
211.41,64.97,0.32,0.82,1.27
211.43,64.97,0.32,0.82,1.27
211.44,64.96,0.32,0.82,1.27
211.46,64.96,0.32,0.82,1.27
211.48,64.96,0.32,0.82,1.27
211.49,64.95,0.32,0.83,1.27
211.51,64.95,0.32,0.82,1.27
211.53,64.95,0.32,0.83,1.28
211.54,64.94,0.32,0.83,1.28
211.56,64.94,0.32,0.83,1.28
211.58,64.94,0.32,0.83,1.29
211.59,64.94,0.32,0.83,1.28
211.61,64.93,0.32,0.83,1.28
211.62,64.93,0.32,0.83,1.28
211.64,64.93,0.32,0.83,1.28
211.66,64.92,0.32,0.83,1.29
211.67,64.92,0.32,0.83,1.28
211.69,64.92,0.32,0.83,1.28
211.71,64.91,0.32,0.82,1.27
211.72,64.91,0.32,0.82,1.27
211.74,64.91,0.32,0.82,1.27
211.76,64.90,0.33,0.83,1.27
211.77,64.90,0.32,0.82,1.27
211.79,64.90,0.33,0.85,1.29
211.81,64.90,0.33,0.87,1.30
211.82,64.89,0.33,0.85,1.30
211.84,64.89,0.33,0.85,1.30
211.86,64.89,0.33,0.85,1.29
211.87,64.88,0.33,0.85,1.29
211.89,64.88,0.33,0.85,1.29
211.91,64.88,4.10,0.20,0.02
211.92,64.87,0.33,0.85,1.30
211.94,64.87,0.00,0.00,0.01
211.96,64.87,0.00,0.00,0.00
211.97,64.86,0.00,0.00,0.00
211.99,64.86,0.32,0.83,1.28
212.01,64.86,0.32,0.83,1.29
212.02,64.86,0.32,0.83,1.27
212.04,64.85,0.33,0.86,1.29
212.06,64.85,0.33,0.86,1.30
212.07,64.85,0.33,0.85,1.30
212.09,64.84,0.33,0.82,1.26
212.10,64.84,0.34,0.87,1.29
212.12,64.84,0.33,0.85,1.30
212.14,64.83,0.33,0.85,1.29
212.15,64.83,0.33,0.86,1.30
212.17,64.83,0.34,0.90,1.30
212.18,64.82,0.34,0.90,1.30
212.20,64.82,0.35,0.90,1.30
212.22,64.82,0.35,0.90,1.30
212.23,64.82,0.35,0.90,1.30
212.25,64.81,0.35,0.90,1.31
212.27,64.81,0.35,0.91,1.31
212.28,64.81,0.35,0.91,1.31
212.30,64.80,0.35,0.91,1.31
212.32,64.80,0.35,0.91,1.31
212.33,64.80,0.35,0.91,1.31
212.35,64.79,0.35,0.91,1.31
212.37,64.79,0.35,0.91,1.31
212.38,64.79,0.35,0.91,1.31
212.40,64.78,0.35,0.91,1.31
212.42,64.78,0.35,0.90,1.31
212.43,64.78,0.35,0.90,1.31
212.45,64.78,0.35,0.90,1.31
212.46,64.77,0.35,0.91,1.30
212.48,64.77,0.35,0.90,1.31
212.50,64.77,0.35,0.90,1.31
212.51,64.76,0.35,0.91,1.31
212.53,64.76,0.34,0.90,1.31
212.55,64.76,0.35,0.90,1.31
212.56,64.75,0.35,0.91,1.31
212.58,64.75,0.35,0.90,1.31
212.60,64.75,0.34,0.90,1.30
212.61,64.74,0.35,0.90,1.31
212.63,64.74,0.35,0.90,1.30
212.64,64.74,0.35,0.90,1.31
212.66,64.73,0.35,0.90,1.30
212.68,64.73,0.35,0.90,1.31
212.69,64.73,0.34,0.90,1.31
212.71,64.72,0.34,0.90,1.30
212.73,64.72,0.35,0.90,1.30
212.74,64.72,0.35,0.90,1.31
212.76,64.72,0.35,0.90,1.30
212.78,64.71,0.35,0.90,1.30
212.79,64.71,0.35,0.90,1.30
212.81,64.71,0.35,0.90,1.30
212.82,64.70,0.34,0.90,1.30
212.84,64.70,0.34,0.90,1.31
212.86,64.70,0.34,0.90,1.30
212.87,64.69,0.34,0.90,1.30
212.89,64.69,0.34,0.90,1.30
212.90,64.69,0.35,0.90,1.30
212.92,64.68,0.34,0.90,1.31
212.94,64.68,0.35,0.90,1.31
212.95,64.68,0.34,0.90,1.31
212.97,64.68,0.34,0.90,1.31
212.98,64.67,0.34,0.90,1.31
213.00,64.67,0.35,0.90,1.31
213.02,64.67,0.34,0.90,1.30
213.03,64.66,0.34,0.90,1.31
213.05,64.66,0.34,0.90,1.31
213.07,64.66,0.34,0.90,1.31
213.09,64.65,0.34,0.90,1.31
213.11,64.65,0.35,0.90,1.31
213.12,64.64,0.35,0.90,1.31
213.14,64.64,0.34,0.90,1.31
213.16,64.64,0.34,0.90,1.32
213.17,64.64,0.35,0.90,1.31
213.19,64.63,0.35,0.90,1.31
213.20,64.63,0.34,0.90,1.30
213.22,64.63,0.34,0.90,1.31
213.24,64.62,0.34,0.90,1.31
213.25,64.62,0.34,0.90,1.31
213.27,64.62,0.34,0.90,1.31
213.29,64.61,0.34,0.90,1.30
213.30,64.61,0.34,0.90,1.30
213.32,64.61,0.34,0.90,1.30
213.33,64.60,0.35,0.90,1.31
213.35,64.60,0.34,0.90,1.31
213.37,64.60,0.34,0.90,1.31
213.38,64.59,0.34,0.90,1.31
213.40,64.59,0.34,0.90,1.30
213.42,64.59,0.34,0.90,1.30
213.43,64.58,0.34,0.90,1.31
213.45,64.58,0.34,0.90,1.31
213.46,64.58,0.34,0.90,1.31
213.48,64.57,0.34,0.90,1.31
213.50,64.57,0.34,0.90,1.30
213.51,64.57,0.34,0.90,1.30
213.53,64.56,0.34,0.90,1.30
213.54,64.56,0.34,0.90,1.31
213.56,64.56,0.34,0.90,1.31
213.58,64.56,0.34,0.90,1.31
213.59,64.55,0.34,0.89,1.30
213.61,64.55,0.34,0.89,1.30
213.63,64.55,0.34,0.89,1.30
213.64,64.54,0.34,0.89,1.30
213.66,64.54,0.34,0.89,1.30
213.67,64.54,0.34,0.89,1.30
213.69,64.53,0.34,0.89,1.30
213.71,64.53,0.34,0.89,1.30
213.72,64.53,0.34,0.89,1.30
213.74,64.52,0.34,0.89,1.30
213.76,64.52,0.34,0.89,1.31
213.77,64.52,0.34,0.89,1.30
213.79,64.51,0.34,0.89,1.30
213.80,64.51,0.34,0.90,1.30
213.82,64.51,0.34,0.89,1.30
213.84,64.50,0.34,0.89,1.30
213.85,64.50,0.34,0.89,1.30
213.87,64.50,0.34,0.89,1.30
213.88,64.49,0.34,0.89,1.30
213.90,64.49,0.34,0.89,1.30
213.92,64.49,0.34,0.89,1.30
213.93,64.48,0.34,0.89,1.30
213.95,64.48,0.34,0.89,1.30
213.96,64.48,0.34,0.89,1.30
213.98,64.47,0.34,0.89,1.30
214.00,64.47,0.34,0.89,1.30
214.01,64.47,0.34,0.89,1.30
214.03,64.46,0.34,0.88,1.30
214.05,64.46,0.34,0.88,1.30
214.06,64.46,0.34,0.89,1.30
214.08,64.45,0.34,0.88,1.30
214.09,64.45,0.34,0.88,1.30
214.11,64.45,0.34,0.89,1.30
214.13,64.44,0.34,0.88,1.30
214.14,64.44,0.34,0.89,1.30
214.16,64.44,0.34,0.89,1.30
214.17,64.44,0.34,0.88,1.30
214.19,64.43,0.34,0.88,1.30
214.21,64.43,0.34,0.88,1.30
214.22,64.43,0.34,0.88,1.30
214.24,64.42,0.34,0.88,1.30
214.25,64.42,0.34,0.88,1.30
214.27,64.42,0.34,0.88,1.30
214.28,64.41,0.34,0.88,1.29
214.30,64.41,0.34,0.88,1.30
214.32,64.41,0.34,0.88,1.30
214.33,64.40,0.34,0.88,1.30
214.35,64.40,0.34,0.88,1.30
214.36,64.40,0.34,0.88,1.30
214.38,64.39,0.34,0.87,1.30
214.40,64.39,0.34,0.88,1.30
214.41,64.39,0.34,0.88,1.30
214.43,64.38,0.34,0.87,1.30
214.44,64.38,0.34,0.88,1.30
214.46,64.38,0.34,0.88,1.30
214.48,64.37,0.34,0.88,1.30
214.49,64.37,0.34,0.88,1.30
214.51,64.37,0.34,0.88,1.30
214.52,64.36,0.34,0.88,1.30
214.54,64.36,0.34,0.88,1.30
214.56,64.36,0.34,0.88,1.30
214.57,64.35,0.34,0.88,1.30
214.59,64.35,0.34,0.88,1.30
214.60,64.35,0.34,0.87,1.29
214.62,64.34,0.34,0.88,1.30
214.64,64.34,0.34,0.87,1.29
214.65,64.34,0.34,0.87,1.29
214.67,64.33,0.34,0.87,1.30
214.68,64.33,0.34,0.87,1.30
214.70,64.33,0.34,0.87,1.29
214.72,64.32,0.34,0.88,1.30
214.73,64.32,0.34,0.87,1.30
214.75,64.32,0.34,0.87,1.30
214.76,64.31,0.34,0.87,1.30
214.78,64.31,0.34,0.87,1.30
214.80,64.31,0.34,0.87,1.29
214.81,64.30,0.34,0.87,1.30
214.83,64.30,0.34,0.88,1.30
214.85,64.30,0.34,0.87,1.30
214.87,64.29,0.34,0.87,1.30
214.88,64.29,0.34,0.87,1.30
214.90,64.29,0.34,0.87,1.29
214.91,64.28,0.34,0.87,1.30
214.93,64.28,0.34,0.87,1.30
214.95,64.28,0.34,0.87,1.30
214.96,64.27,0.34,0.87,1.30
214.98,64.27,0.34,0.87,1.29
214.99,64.27,0.33,0.87,1.30
215.01,64.26,0.34,0.87,1.29
215.02,64.26,0.34,0.87,1.30
215.04,64.26,0.34,0.87,1.30
215.06,64.25,0.34,0.87,1.30
215.07,64.25,0.34,0.87,1.30
215.09,64.25,0.34,0.87,1.30
215.10,64.24,0.34,0.87,1.30
215.12,64.24,0.33,0.87,1.30
215.14,64.24,0.34,0.87,1.30
215.15,64.23,0.34,0.87,1.30
215.17,64.23,0.34,0.87,1.30
215.18,64.23,0.34,0.87,1.30
215.20,64.22,0.33,0.87,1.30
215.21,64.22,0.33,0.87,1.30
215.23,64.22,0.33,0.87,1.30
215.25,64.21,0.33,0.87,1.30
215.26,64.21,0.33,0.87,1.30
215.28,64.21,0.33,0.87,1.30
215.29,64.20,0.33,0.87,1.30
215.31,64.20,0.33,0.87,1.30
215.33,64.20,0.33,0.87,1.30
215.34,64.19,0.33,0.87,1.30
215.36,64.19,0.33,0.87,1.30
215.37,64.19,0.33,0.87,1.30
215.39,64.18,0.33,0.87,1.30
215.40,64.18,0.33,0.87,1.30
215.42,64.18,0.33,0.87,1.30
215.44,64.17,0.34,0.87,1.30
215.45,64.17,0.33,0.87,1.30
215.47,64.17,0.33,0.87,1.30
215.48,64.16,0.33,0.87,1.30
215.50,64.16,0.33,0.87,1.30
215.52,64.15,0.33,0.87,1.30
215.53,64.15,0.33,0.87,1.30
215.55,64.15,0.33,0.87,1.30
215.56,64.14,0.33,0.87,1.30
215.58,64.14,0.33,0.86,1.30
215.59,64.14,0.33,0.87,1.30
215.61,64.13,0.33,0.87,1.30
215.62,64.13,0.33,0.86,1.30
215.64,64.13,0.33,0.87,1.30
215.66,64.12,0.33,0.87,1.30
215.67,64.12,0.33,0.86,1.30
215.69,64.12,0.33,0.86,1.30
215.70,64.11,0.33,0.86,1.30
215.72,64.11,0.33,0.86,1.30
215.73,64.11,0.33,0.86,1.30
215.75,64.10,0.33,0.86,1.30
215.77,64.10,0.33,0.86,1.30
215.78,64.10,0.33,0.86,1.30
215.80,64.09,0.33,0.86,1.30
215.81,64.09,0.33,0.86,1.30
215.83,64.09,0.33,0.86,1.29
215.84,64.08,0.33,0.86,1.30
215.86,64.08,0.33,0.86,1.30
215.88,64.08,0.33,0.86,1.30
215.89,64.07,0.33,0.86,1.30
215.91,64.07,0.33,0.86,1.30
215.92,64.07,0.33,0.86,1.30
215.94,64.06,0.33,0.86,1.30
215.95,64.06,0.33,0.85,1.29
215.97,64.06,0.33,0.86,1.30
215.98,64.05,0.33,0.86,1.30
216.00,64.05,0.33,0.86,1.30
216.02,64.05,0.33,0.86,1.29
216.03,64.04,0.33,0.86,1.30
216.05,64.04,0.33,0.85,1.30
216.06,64.04,0.33,0.86,1.30
216.08,64.03,0.33,0.85,1.29
216.09,64.03,0.33,0.85,1.29
216.11,64.03,0.33,0.85,1.29
216.13,64.02,0.33,0.85,1.30
216.14,64.02,0.33,0.85,1.29
216.16,64.02,0.33,0.85,1.29
216.17,64.01,0.33,0.85,1.29
216.19,64.01,0.33,0.85,1.29
216.20,64.01,0.33,0.85,1.28
216.22,64.00,0.33,0.85,1.29
216.23,64.00,0.33,0.85,1.29
216.25,64.00,0.33,0.85,1.29
216.26,63.99,0.33,0.85,1.29
216.28,63.99,0.33,0.85,1.29
216.30,63.98,0.33,0.85,1.29
216.31,63.98,0.33,0.85,1.29
216.33,63.98,0.33,0.85,1.29
216.34,63.97,0.33,0.85,1.29
216.36,63.97,0.33,0.85,1.28
216.37,63.97,0.33,0.85,1.28
216.39,63.96,0.33,0.85,1.29
216.41,63.96,0.33,0.85,1.28
216.42,63.96,0.33,0.85,1.29
216.44,63.95,0.33,0.85,1.29
216.45,63.95,0.33,0.85,1.29
216.47,63.95,0.33,0.85,1.29
216.48,63.94,0.33,0.85,1.29
216.50,63.94,0.33,0.85,1.29
216.51,63.94,0.33,0.85,1.29
216.53,63.93,0.33,0.85,1.29
216.55,63.93,0.33,0.85,1.29
216.57,63.92,0.33,0.85,1.29
216.58,63.92,0.33,0.85,1.29
216.60,63.92,0.33,0.85,1.29
216.62,63.91,0.33,0.85,1.29
216.63,63.91,0.33,0.85,1.29
216.65,63.91,0.33,0.85,1.29
216.66,63.90,0.33,0.85,1.29
216.68,63.90,0.33,0.85,1.29
216.69,63.90,0.33,0.85,1.28
216.71,63.89,0.33,0.84,1.28
216.72,63.89,0.33,0.85,1.28
216.74,63.89,0.33,0.85,1.28
216.75,63.88,0.33,0.84,1.28
216.77,63.88,0.33,0.84,1.28
216.79,63.88,0.33,0.85,1.29
216.80,63.87,0.33,0.85,1.28
216.82,63.87,0.33,0.84,1.28
216.83,63.87,0.33,0.84,1.29
216.85,63.86,0.33,0.84,1.28
216.86,63.86,0.33,0.85,1.28
216.88,63.85,0.33,0.84,1.28
216.89,63.85,0.33,0.84,1.28
216.91,63.85,0.33,0.84,1.28
216.92,63.84,0.33,0.84,1.28
216.94,63.84,0.33,0.85,1.28
216.95,63.84,0.33,0.85,1.28
216.97,63.83,0.33,0.84,1.28
216.99,63.83,0.33,0.85,1.29
217.00,63.83,0.33,0.84,1.28
217.02,63.82,0.33,0.84,1.28
217.03,63.82,0.33,0.84,1.28
217.05,63.82,0.33,0.84,1.28
217.06,63.81,0.33,0.84,1.28
217.08,63.81,0.33,0.84,1.28
217.09,63.81,0.33,0.84,1.28
217.11,63.80,0.33,0.84,1.28
217.12,63.80,0.33,0.84,1.28
217.14,63.80,0.33,0.84,1.29
217.15,63.79,0.33,0.84,1.28
217.17,63.79,0.33,0.84,1.28
217.19,63.79,0.33,0.84,1.28
217.20,63.78,0.33,0.84,1.28
217.22,63.78,0.33,0.84,1.28
217.23,63.77,0.33,0.84,1.28
217.25,63.77,0.33,0.84,1.28
217.26,63.77,0.33,0.84,1.28
217.28,63.76,0.33,0.84,1.28
217.29,63.76,0.33,0.84,1.28
217.31,63.76,0.33,0.84,1.29
217.32,63.75,0.33,0.84,1.28
217.34,63.75,0.33,0.84,1.28
217.36,63.75,0.33,0.84,1.28
217.37,63.74,0.33,0.84,1.28
217.39,63.74,0.33,0.84,1.28
217.40,63.74,0.33,0.84,1.28
217.42,63.73,0.33,0.84,1.27
217.43,63.73,0.33,0.84,1.28
217.45,63.73,0.33,0.84,1.27
217.46,63.72,0.33,0.84,1.27
217.48,63.72,0.33,0.84,1.27
217.49,63.71,0.33,0.83,1.27
217.51,63.71,0.33,0.83,1.27
217.52,63.71,0.33,0.84,1.27
217.54,63.70,0.33,0.83,1.27
217.55,63.70,0.33,0.84,1.28
217.57,63.70,0.33,0.83,1.27
217.58,63.69,0.33,0.84,1.27
217.60,63.69,0.33,0.83,1.27
217.61,63.69,0.33,0.84,1.28
217.63,63.68,0.33,0.84,1.27
217.64,63.68,0.33,0.83,1.27
217.66,63.68,0.33,0.83,1.27
217.68,63.67,0.33,0.83,1.27
217.69,63.67,0.33,0.83,1.27
217.71,63.67,0.33,0.83,1.27
217.72,63.66,0.33,0.83,1.28
217.74,63.66,0.33,0.83,1.27
217.75,63.65,0.34,0.86,1.28
217.77,63.65,0.33,0.83,1.27
217.78,63.65,0.33,0.84,1.28
217.80,63.64,0.33,0.85,1.29
217.81,63.64,0.33,0.86,1.29
217.83,63.64,0.33,0.86,1.29
217.84,63.63,0.33,0.86,1.29
217.86,63.63,0.34,0.87,1.29
217.87,63.63,0.33,0.86,1.29
217.89,63.62,0.33,0.86,1.29
217.90,63.62,0.34,0.87,1.29
217.92,63.62,0.33,0.86,1.29
217.94,63.61,0.33,0.86,1.29
217.95,63.61,0.33,0.86,1.29
217.97,63.60,0.33,0.86,1.29
217.98,63.60,0.34,0.87,1.29
218.00,63.60,0.33,0.86,1.29
218.01,63.59,0.33,0.86,1.29
218.03,63.59,0.33,0.86,1.29
218.04,63.59,0.33,0.86,1.29
218.06,63.58,0.33,0.86,1.29
218.07,63.58,0.33,0.86,1.29
218.09,63.58,0.33,0.86,1.28
218.10,63.57,0.33,0.86,1.29
218.12,63.57,0.33,0.86,1.29
218.13,63.56,0.33,0.86,1.29
218.15,63.56,0.33,0.86,1.28
218.16,63.56,0.33,0.86,1.29
218.18,63.55,0.33,0.86,1.28
218.19,63.55,0.33,0.86,1.28
218.21,63.55,0.33,0.86,1.28
218.22,63.54,0.33,0.86,1.28
218.25,63.54,0.33,0.86,1.28
218.26,63.53,0.33,0.85,1.28
218.28,63.53,0.33,0.86,1.29
218.29,63.53,0.33,0.85,1.29
218.31,63.52,0.33,0.86,1.28
218.32,63.52,0.33,0.86,1.29
218.34,63.52,0.33,0.86,1.29
218.35,63.51,0.33,0.86,1.29
218.37,63.51,0.33,0.86,1.28
218.38,63.51,0.33,0.86,1.29
218.40,63.50,0.33,0.86,1.29
218.41,63.50,0.33,0.86,1.28
218.43,63.50,0.33,0.86,1.28
218.44,63.49,0.33,0.86,1.29
218.46,63.49,0.33,0.86,1.29
218.47,63.48,0.33,0.85,1.29
218.49,63.48,0.33,0.86,1.28
218.50,63.48,0.33,0.86,1.29
218.52,63.47,0.33,0.86,1.28
218.53,63.47,0.33,0.86,1.28
218.55,63.47,0.33,0.86,1.29
218.56,63.46,0.33,0.86,1.29
218.58,63.46,0.33,0.86,1.29
218.59,63.46,0.33,0.86,1.28
218.61,63.45,0.33,0.86,1.29
218.62,63.45,0.33,0.86,1.29
218.64,63.44,0.33,0.86,1.29
218.65,63.44,0.33,0.86,1.29
218.67,63.44,0.33,0.86,1.29
218.68,63.43,0.33,0.86,1.29
218.70,63.43,0.33,0.86,1.29
218.71,63.43,0.33,0.85,1.29
218.73,63.42,0.33,0.86,1.29
218.74,63.42,0.33,0.86,1.29
218.76,63.42,0.33,0.86,1.29
218.77,63.41,0.33,0.85,1.28
218.79,63.41,0.33,0.85,1.29
218.80,63.40,0.33,0.85,1.28
218.82,63.40,0.33,0.86,1.29
218.83,63.40,0.33,0.85,1.28
218.85,63.39,0.33,0.86,1.29
218.86,63.39,0.33,0.85,1.29
218.88,63.39,0.33,0.85,1.29
218.89,63.38,0.33,0.85,1.29
218.91,63.38,0.33,0.85,1.29
218.92,63.38,0.33,0.85,1.29
218.94,63.37,0.33,0.85,1.29
218.95,63.37,0.33,0.85,1.29
218.97,63.36,0.33,0.85,1.29
218.98,63.36,0.33,0.85,1.29
219.00,63.36,0.33,0.85,1.29
219.01,63.35,0.33,0.85,1.28
219.03,63.35,0.33,0.85,1.28
219.04,63.35,0.33,0.85,1.28
219.06,63.34,0.33,0.85,1.28
219.07,63.34,0.33,0.85,1.28
219.09,63.34,0.33,0.85,1.28
219.10,63.33,0.33,0.85,1.28
219.12,63.33,0.33,0.85,1.28
219.13,63.32,0.33,0.85,1.27
219.15,63.32,0.33,0.84,1.28
219.16,63.32,0.33,0.85,1.29
219.18,63.31,0.33,0.85,1.28
219.19,63.31,0.33,0.85,1.28
219.21,63.31,0.33,0.85,1.28
219.22,63.30,0.33,0.85,1.28
219.24,63.30,0.33,0.85,1.28
219.25,63.29,0.33,0.85,1.29
219.27,63.29,0.33,0.85,1.28
219.28,63.29,0.33,0.84,1.28
219.30,63.28,0.33,0.85,1.28
219.31,63.28,0.33,0.85,1.28
219.33,63.28,0.33,0.84,1.28
219.34,63.27,0.33,0.85,1.28
219.36,63.27,0.33,0.85,1.28
219.37,63.27,0.33,0.84,1.28
219.39,63.26,0.33,0.85,1.28
219.40,63.26,0.33,0.85,1.28
219.42,63.25,0.33,0.85,1.28
219.43,63.25,0.33,0.85,1.28
219.44,63.25,0.33,0.85,1.28
219.46,63.24,0.33,0.85,1.28
219.47,63.24,0.33,0.85,1.28
219.49,63.24,0.33,0.85,1.28
219.50,63.23,0.33,0.84,1.28
219.52,63.23,0.33,0.85,1.28
219.53,63.22,0.33,0.85,1.28
219.55,63.22,0.33,0.85,1.28
219.56,63.22,0.33,0.85,1.28
219.58,63.21,0.33,0.85,1.28
219.59,63.21,0.33,0.85,1.28
219.61,63.21,0.33,0.84,1.28
219.62,63.20,0.33,0.85,1.28
219.64,63.20,0.33,0.84,1.28
219.65,63.20,0.33,0.85,1.28
219.67,63.19,0.33,0.84,1.28
219.68,63.19,0.33,0.84,1.28
219.70,63.18,0.33,0.85,1.28
219.71,63.18,0.33,0.84,1.27
219.73,63.18,0.33,0.84,1.28
219.74,63.17,0.33,0.84,1.28
219.76,63.17,0.33,0.84,1.27
219.77,63.17,0.33,0.84,1.27
219.79,63.16,0.33,0.84,1.27
219.80,63.16,0.33,0.84,1.27
219.82,63.15,0.33,0.84,1.27
219.83,63.15,0.33,0.83,1.27
219.85,63.15,0.33,0.84,1.28
219.87,63.14,0.33,0.84,1.27
219.88,63.14,0.33,0.84,1.27
219.90,63.13,0.33,0.84,1.27
219.91,63.13,0.33,0.84,1.26
219.93,63.13,0.33,0.83,1.26
219.94,63.12,0.33,0.83,1.27
219.96,63.12,0.33,0.83,1.26
219.97,63.11,0.33,0.83,1.26
219.99,63.11,0.33,0.83,1.26
220.00,63.11,0.33,0.84,1.27
220.02,63.10,0.33,0.83,1.26
220.03,63.10,0.33,0.83,1.27
220.05,63.10,0.33,0.83,1.27
220.06,63.09,0.33,0.84,1.27
220.07,63.09,0.33,0.83,1.27
220.09,63.09,0.33,0.84,1.27
220.10,63.08,0.33,0.83,1.27
220.12,63.08,0.33,0.84,1.26
220.13,63.07,0.33,0.83,1.27
220.15,63.07,0.33,0.83,1.27
220.16,63.07,0.33,0.83,1.26
220.18,63.06,0.33,0.84,1.27
220.19,63.06,0.33,0.84,1.26
220.21,63.06,0.33,0.83,1.26
220.22,63.05,0.33,0.83,1.26
220.24,63.05,0.33,0.83,1.26
220.25,63.04,0.33,0.83,1.26
220.27,63.04,0.33,0.83,1.25
220.28,63.04,0.33,0.83,1.25
220.30,63.03,0.33,0.83,1.26
220.31,63.03,0.33,0.83,1.26
220.32,63.03,0.33,0.83,1.26
220.34,63.02,0.33,0.83,1.26
220.35,63.02,0.33,0.83,1.26
220.37,63.01,0.33,0.83,1.26
220.38,63.01,0.33,0.83,1.26
220.40,63.01,0.33,0.83,1.26
220.41,63.00,0.33,0.83,1.26
220.43,63.00,0.33,0.83,1.26
220.44,63.00,0.33,0.83,1.27
220.46,62.99,0.33,0.82,1.26
220.47,62.99,0.33,0.83,1.26
220.49,62.98,0.33,0.82,1.25
220.50,62.98,0.33,0.83,1.26
220.52,62.98,0.33,0.83,1.26
220.53,62.97,0.33,0.82,1.26
220.54,62.97,0.33,0.82,1.25
220.56,62.96,0.33,0.82,1.26
220.57,62.96,0.33,0.82,1.26
220.59,62.96,0.33,0.83,1.25
220.60,62.95,0.33,0.82,1.26
220.62,62.95,0.33,0.82,1.25
220.63,62.95,0.33,0.82,1.26
220.65,62.94,0.33,0.83,1.26
220.66,62.94,0.33,0.83,1.25
220.68,62.93,0.33,0.82,1.26
220.69,62.93,0.33,0.82,1.26
220.70,62.93,0.33,0.82,1.25
220.72,62.92,0.33,0.82,1.26
220.73,62.92,0.33,0.82,1.26
220.75,62.92,0.33,0.82,1.25
220.76,62.91,0.33,0.82,1.25
220.78,62.91,0.33,0.82,1.25
220.79,62.90,0.33,0.82,1.26
220.81,62.90,0.33,0.82,1.26
220.82,62.90,0.33,0.82,1.25
220.84,62.89,0.33,0.82,1.25
220.85,62.89,0.33,0.82,1.25
220.86,62.89,0.33,0.82,1.25
220.88,62.88,0.33,0.82,1.25
220.89,62.88,0.33,0.82,1.25
220.91,62.87,0.33,0.82,1.25
220.92,62.87,0.33,0.82,1.25
220.94,62.87,0.33,0.82,1.25
220.95,62.86,0.33,0.82,1.25
220.97,62.86,0.33,0.82,1.25
220.98,62.86,0.33,0.82,1.25
221.00,62.85,0.33,0.82,1.25
221.01,62.85,0.33,0.82,1.25
221.03,62.84,0.33,0.82,1.25
221.04,62.84,0.33,0.82,1.25
221.05,62.84,0.33,0.82,1.25
221.07,62.83,0.33,0.82,1.25
221.08,62.83,0.33,0.81,1.25
221.10,62.82,0.33,0.82,1.25
221.11,62.82,0.32,0.81,1.25
221.13,62.82,0.33,0.82,1.25
221.14,62.81,0.33,0.81,1.25
221.16,62.81,0.33,0.81,1.25
221.17,62.81,0.33,0.81,1.25
221.19,62.80,0.33,0.81,1.25
221.20,62.80,0.33,0.81,1.25
221.21,62.79,0.33,0.81,1.25
221.23,62.79,0.33,0.81,1.25
221.24,62.79,0.33,0.81,1.25
221.26,62.78,0.33,0.81,1.25
221.27,62.78,0.32,0.81,1.25
221.29,62.77,0.32,0.81,1.25
221.30,62.77,0.32,0.81,1.25
221.31,62.77,0.32,0.81,1.25
221.33,62.76,0.33,0.81,1.25
221.34,62.76,0.32,0.81,1.25
221.36,62.76,0.33,0.81,1.25
221.37,62.75,0.32,0.81,1.25
221.39,62.75,0.32,0.81,1.25
221.40,62.74,0.33,0.81,1.25
221.42,62.74,0.33,0.81,1.25
221.43,62.74,0.32,0.81,1.25
221.44,62.73,0.33,0.81,1.25
221.47,62.73,0.32,0.81,1.25
221.48,62.72,0.32,0.81,1.26
221.49,62.72,0.32,0.81,1.26
221.51,62.72,0.32,0.81,1.25
221.52,62.71,0.32,0.81,1.25
221.54,62.71,0.32,0.81,1.25
221.55,62.70,0.32,0.81,1.25
221.57,62.70,0.32,0.81,1.25
221.58,62.70,0.32,0.81,1.25
221.60,62.69,0.32,0.82,1.26
221.61,62.69,0.32,0.81,1.26
221.62,62.68,0.32,0.81,1.25
221.64,62.68,0.32,0.81,1.25
221.65,62.68,0.32,0.81,1.25
221.67,62.67,0.32,0.81,1.25
221.68,62.67,0.32,0.81,1.25
221.70,62.67,0.32,0.81,1.26
221.71,62.66,0.32,0.81,1.25
221.73,62.66,0.33,0.81,1.25
221.74,62.65,0.32,0.81,1.25
221.75,62.65,0.32,0.81,1.25
221.77,62.65,0.32,0.81,1.25
221.78,62.64,0.32,0.81,1.25
221.80,62.64,0.32,0.80,1.25
221.81,62.63,0.32,0.80,1.24
221.83,62.63,0.32,0.81,1.25
221.84,62.63,0.32,0.80,1.24
221.85,62.62,0.32,0.80,1.25
221.87,62.62,0.32,0.80,1.24
221.88,62.61,0.32,0.80,1.24
221.90,62.61,0.32,0.80,1.24
221.91,62.61,0.32,0.80,1.24
221.92,62.60,0.32,0.80,1.24
221.94,62.60,0.32,0.80,1.24
221.95,62.60,0.32,0.80,1.23
221.97,62.59,0.32,0.80,1.24
221.98,62.59,0.32,0.80,1.24
222.00,62.58,0.32,0.80,1.24
222.01,62.58,0.32,0.80,1.24
222.03,62.58,0.32,0.80,1.24
222.04,62.57,0.32,0.80,1.24
222.05,62.57,0.32,0.80,1.24
222.07,62.56,0.32,0.80,1.24
222.08,62.56,0.32,0.80,1.24
222.10,62.56,0.32,0.80,1.24
222.11,62.55,0.32,0.80,1.24
222.13,62.55,0.32,0.80,1.24
222.14,62.55,0.32,0.80,1.24
222.15,62.54,0.32,0.80,1.24
222.17,62.54,0.32,0.79,1.24
222.18,62.53,0.32,0.79,1.23
222.20,62.53,0.32,0.79,1.23
222.21,62.53,0.32,0.81,1.25
222.23,62.52,0.32,0.79,1.23
222.24,62.52,0.32,0.81,1.25
222.25,62.51,0.30,0.70,1.17
222.27,62.51,0.32,0.78,1.22
222.28,62.51,0.33,0.84,1.26
222.30,62.50,0.32,0.81,1.25
222.31,62.50,0.33,0.81,1.25
222.33,62.49,0.33,0.84,1.27
222.34,62.49,0.33,0.82,1.25
222.35,62.49,0.34,0.85,1.26
222.37,62.48,0.34,0.85,1.26
222.38,62.48,0.34,0.85,1.26
222.40,62.47,0.34,0.85,1.26
222.41,62.47,0.34,0.85,1.26
222.43,62.47,0.34,0.85,1.26
222.44,62.46,0.34,0.85,1.26
222.45,62.46,0.34,0.86,1.26
222.47,62.45,0.34,0.85,1.26
222.48,62.45,0.34,0.85,1.26
222.50,62.45,0.34,0.85,1.26
222.51,62.44,0.33,0.85,1.27
222.52,62.44,0.34,0.85,1.26
222.54,62.44,0.34,0.85,1.26
222.55,62.43,0.34,0.85,1.26
222.57,62.43,0.34,0.85,1.27
222.58,62.42,0.34,0.85,1.26
222.59,62.42,0.34,0.85,1.26
222.61,62.42,0.34,0.85,1.26
222.62,62.41,0.34,0.85,1.26
222.64,62.41,0.34,0.85,1.26
222.65,62.40,0.34,0.85,1.26
222.66,62.40,0.34,0.85,1.26
222.68,62.40,0.34,0.85,1.26
222.69,62.39,0.34,0.85,1.26
222.71,62.39,0.33,0.84,1.26
222.72,62.38,0.34,0.85,1.26
222.74,62.38,0.33,0.84,1.26
222.75,62.38,0.33,0.84,1.26
222.76,62.37,0.33,0.84,1.26
222.78,62.37,0.33,0.84,1.26
222.79,62.36,0.33,0.84,1.26
222.81,62.36,0.33,0.84,1.26
222.82,62.36,0.33,0.84,1.26
222.83,62.35,0.33,0.84,1.26
222.85,62.35,0.33,0.84,1.26
222.86,62.34,0.33,0.84,1.26
222.88,62.34,0.33,0.84,1.26
222.89,62.34,0.33,0.84,1.26
222.91,62.33,0.33,0.84,1.26
222.92,62.33,0.33,0.84,1.26
222.93,62.33,0.33,0.84,1.26
222.95,62.32,0.33,0.84,1.26
222.96,62.32,0.33,0.84,1.26
222.98,62.31,0.33,0.84,1.25
222.99,62.31,0.33,0.83,1.26
223.00,62.31,0.33,0.84,1.25
223.03,62.30,0.33,0.83,1.25
223.04,62.30,0.33,0.84,1.26
223.05,62.29,0.33,0.84,1.25
223.07,62.29,0.33,0.84,1.26
223.08,62.28,0.33,0.84,1.26
223.10,62.28,0.33,0.83,1.26
223.11,62.28,0.33,0.83,1.26
223.12,62.27,0.33,0.83,1.25
223.14,62.27,0.33,0.83,1.25
223.15,62.26,0.33,0.83,1.25
223.16,62.26,0.33,0.83,1.25
223.18,62.26,0.33,0.83,1.25
223.19,62.25,0.33,0.83,1.25
223.21,62.25,0.33,0.83,1.25
223.22,62.24,0.33,0.83,1.26
223.23,62.24,0.33,0.83,1.25
223.25,62.24,0.33,0.83,1.25
223.26,62.23,0.33,0.83,1.25
223.28,62.23,0.33,0.83,1.25
223.29,62.22,0.33,0.83,1.25
223.31,62.22,0.33,0.83,1.25
223.32,62.22,0.33,0.83,1.25
223.33,62.21,0.33,0.83,1.25
223.35,62.21,0.33,0.83,1.25
223.36,62.20,0.33,0.82,1.25
223.38,62.20,0.33,0.83,1.25
223.39,62.20,0.33,0.82,1.25
223.40,62.19,0.33,0.82,1.25
223.42,62.19,0.33,0.82,1.25
223.43,62.18,0.33,0.82,1.25
223.45,62.18,0.33,0.82,1.25
223.46,62.18,0.33,0.82,1.25
223.47,62.17,0.33,0.82,1.25
223.49,62.17,0.33,0.82,1.25
223.50,62.16,0.33,0.82,1.25
223.52,62.16,0.33,0.82,1.25
223.53,62.16,0.33,0.82,1.25
223.54,62.15,0.33,0.82,1.25
223.56,62.15,0.33,0.82,1.25
223.57,62.14,0.33,0.82,1.25
223.59,62.14,0.33,0.82,1.25
223.60,62.14,0.33,0.82,1.25
223.61,62.13,0.33,0.82,1.25
223.63,62.13,0.33,0.82,1.25
223.64,62.12,0.33,0.82,1.25
223.66,62.12,0.33,0.82,1.25
223.67,62.12,0.33,0.82,1.25
223.68,62.11,0.33,0.82,1.25
223.70,62.11,0.33,0.82,1.24
223.71,62.10,0.33,0.82,1.25
223.72,62.10,0.33,0.82,1.24
223.74,62.10,0.33,0.82,1.25
223.75,62.09,0.33,0.82,1.24
223.76,62.09,0.33,0.82,1.24
223.78,62.08,0.33,0.82,1.25
223.79,62.08,0.33,0.82,1.24
223.81,62.08,0.33,0.82,1.24
223.82,62.07,0.33,0.82,1.24
223.83,62.07,0.33,0.82,1.25
223.85,62.06,0.33,0.81,1.24
223.86,62.06,0.33,0.82,1.24
223.88,62.06,0.33,0.81,1.24
223.89,62.05,0.33,0.81,1.24
223.90,62.05,0.33,0.82,1.24
223.92,62.04,0.33,0.81,1.24
223.93,62.04,0.33,0.81,1.24
223.95,62.04,0.33,0.81,1.24
223.96,62.03,0.33,0.81,1.24
223.97,62.03,0.33,0.81,1.24
223.99,62.02,0.33,0.81,1.24
224.00,62.02,0.33,0.81,1.24
224.02,62.02,0.33,0.81,1.24
224.03,62.01,0.33,0.81,1.24
224.04,62.01,0.33,0.81,1.24
224.06,62.00,0.33,0.81,1.23
224.07,62.00,0.33,0.81,1.23
224.08,62.00,0.33,0.81,1.23
224.10,61.99,0.33,0.81,1.23
224.11,61.99,0.33,0.81,1.23
224.13,61.98,0.33,0.81,1.23
224.14,61.98,0.33,0.81,1.23
224.15,61.98,0.33,0.81,1.23
224.17,61.97,0.33,0.81,1.23
224.18,61.97,0.33,0.81,1.23
224.20,61.96,0.33,0.81,1.23
224.21,61.96,0.33,0.81,1.23
224.22,61.95,0.33,0.81,1.23
224.24,61.95,0.33,0.81,1.23
224.25,61.95,0.33,0.81,1.23
224.26,61.94,0.33,0.81,1.23
224.28,61.94,0.33,0.81,1.23
224.29,61.93,0.33,0.81,1.23
224.30,61.93,0.33,0.81,1.23
224.32,61.93,0.33,0.81,1.23
224.33,61.92,0.33,0.81,1.23
224.35,61.92,0.33,0.81,1.23
224.36,61.91,0.33,0.81,1.23
224.37,61.91,0.33,0.81,1.23
224.39,61.91,0.33,0.81,1.22
224.40,61.90,0.33,0.81,1.22
224.41,61.90,0.33,0.80,1.22
224.43,61.89,0.33,0.81,1.22
224.44,61.89,0.33,0.81,1.22
224.46,61.89,0.33,0.81,1.22
224.47,61.88,0.33,0.80,1.22
224.48,61.88,0.33,0.80,1.22
224.50,61.87,0.33,0.81,1.22
224.51,61.87,0.33,0.81,1.22
224.52,61.87,0.33,0.80,1.22
224.55,61.86,0.33,0.80,1.22
224.56,61.86,0.33,0.81,1.22
224.57,61.85,0.33,0.80,1.22
224.59,61.85,0.33,0.80,1.22
224.60,61.84,0.33,0.81,1.22
224.61,61.84,0.33,0.80,1.22
224.63,61.83,0.33,0.80,1.22
224.64,61.83,0.33,0.80,1.22
224.65,61.83,0.33,0.80,1.22
224.67,61.82,0.33,0.80,1.22
224.68,61.82,0.33,0.80,1.22
224.70,61.81,0.33,0.80,1.22
224.71,61.81,0.33,0.80,1.22
224.72,61.81,0.33,0.80,1.22
224.74,61.80,0.33,0.80,1.22
224.75,61.80,0.33,0.80,1.22
224.76,61.79,0.33,0.80,1.21
224.78,61.79,0.33,0.80,1.22
224.79,61.79,0.33,0.80,1.22
224.81,61.78,0.33,0.80,1.22
224.82,61.78,0.33,0.80,1.21
224.83,61.77,0.33,0.80,1.22
224.85,61.77,0.33,0.80,1.21
224.86,61.77,0.33,0.80,1.21
224.87,61.76,0.33,0.80,1.21
224.89,61.76,0.33,0.80,1.21
224.90,61.75,0.33,0.80,1.21
224.91,61.75,0.33,0.80,1.21
224.93,61.75,0.33,0.80,1.21
224.94,61.74,0.33,0.80,1.21
224.95,61.74,0.33,0.80,1.21
224.97,61.73,0.33,0.80,1.21
224.98,61.73,0.33,0.80,1.21
225.00,61.72,0.33,0.80,1.21
225.01,61.72,0.33,0.80,1.21
225.02,61.72,0.33,0.80,1.21
225.04,61.71,0.33,0.80,1.21
225.05,61.71,0.33,0.79,1.21
225.06,61.70,0.33,0.80,1.21
225.08,61.70,0.33,0.79,1.20
225.09,61.70,0.33,0.79,1.20
225.10,61.69,0.33,0.80,1.21
225.12,61.69,0.33,0.79,1.21
225.13,61.68,0.33,0.79,1.21
225.15,61.68,0.33,0.79,1.21
225.16,61.68,0.33,0.79,1.20
225.17,61.67,0.33,0.79,1.21
225.19,61.67,0.33,0.79,1.20
225.20,61.66,0.33,0.79,1.20
225.21,61.66,0.33,0.79,1.20
225.23,61.65,0.33,0.79,1.20
225.24,61.65,0.33,0.79,1.21
225.25,61.65,0.33,0.79,1.20
225.27,61.64,0.33,0.79,1.20
225.28,61.64,0.33,0.79,1.20
225.29,61.63,0.33,0.79,1.20
225.31,61.63,0.33,0.79,1.20
225.32,61.63,0.33,0.79,1.20
225.34,61.62,0.33,0.79,1.20
225.35,61.62,0.33,0.79,1.20
225.36,61.61,0.33,0.79,1.20
225.38,61.61,0.33,0.79,1.20
225.39,61.60,0.33,0.79,1.20
225.40,61.60,0.33,0.79,1.20
225.42,61.60,0.33,0.79,1.20
225.43,61.59,0.33,0.79,1.20
225.44,61.59,0.33,0.78,1.20
225.46,61.58,0.33,0.78,1.20
225.47,61.58,0.33,0.78,1.20
225.48,61.58,0.33,0.78,1.20
225.50,61.57,0.33,0.78,1.20
225.51,61.57,0.33,0.78,1.20
225.52,61.56,0.33,0.78,1.20
225.54,61.56,0.33,0.78,1.20
225.55,61.56,0.33,0.78,1.20
225.56,61.55,0.33,0.78,1.20
225.58,61.55,0.33,0.78,1.20
225.59,61.54,0.33,0.78,1.20
225.60,61.54,0.33,0.78,1.20
225.62,61.53,0.32,0.78,1.20
225.63,61.53,0.33,0.78,1.19
225.65,61.53,0.32,0.78,1.20
225.66,61.52,0.32,0.77,1.20
225.67,61.52,0.33,0.78,1.19
225.69,61.51,0.32,0.77,1.19
225.70,61.51,0.32,0.77,1.19
225.71,61.51,0.32,0.77,1.19
225.73,61.50,0.33,0.77,1.19
225.74,61.50,0.32,0.77,1.19
225.75,61.49,0.33,0.77,1.19
225.77,61.49,0.32,0.77,1.19
225.78,61.48,0.32,0.77,1.19
225.79,61.48,0.32,0.77,1.19
225.81,61.48,0.32,0.77,1.19
225.82,61.47,0.32,0.77,1.19
225.83,61.47,0.32,0.77,1.19
225.85,61.46,0.32,0.77,1.19
225.86,61.46,0.32,0.77,1.19
225.87,61.46,0.33,0.79,1.20
225.89,61.45,0.33,0.80,1.20
225.90,61.45,0.33,0.78,1.20
225.91,61.44,0.33,0.78,1.20
225.93,61.44,0.33,0.78,1.20
225.94,61.43,0.33,0.78,1.20
225.95,61.43,0.33,0.78,1.20
225.97,61.43,0.33,0.79,1.20
225.98,61.42,0.33,0.79,1.20
225.99,61.42,0.33,0.79,1.20
226.01,61.41,0.33,0.79,1.20
226.03,61.41,0.33,0.79,1.20
226.04,61.40,0.33,0.79,1.21
226.05,61.40,0.33,0.79,1.20
226.07,61.40,0.33,0.79,1.20
226.08,61.39,0.33,0.79,1.20
226.09,61.39,0.33,0.79,1.20
226.11,61.38,0.33,0.79,1.20
226.12,61.38,0.33,0.79,1.21
226.13,61.37,0.33,0.79,1.20
226.15,61.37,0.33,0.79,1.21
226.16,61.37,0.33,0.79,1.21
226.17,61.36,0.33,0.79,1.20
226.19,61.36,0.32,0.78,1.21
226.20,61.35,0.33,0.79,1.21
226.21,61.35,0.32,0.78,1.21
226.23,61.34,0.33,0.79,1.20
226.24,61.34,0.33,0.79,1.20
226.25,61.34,0.32,0.78,1.21
226.27,61.33,0.32,0.78,1.21
226.28,61.33,0.33,0.78,1.20
226.29,61.32,0.33,0.78,1.20
226.31,61.32,0.33,0.78,1.20
226.32,61.32,0.32,0.78,1.21
226.33,61.31,0.32,0.78,1.21
226.35,61.31,0.33,0.78,1.20
226.36,61.30,0.33,0.78,1.20
226.37,61.30,0.32,0.78,1.20
226.39,61.29,0.33,0.78,1.20
226.40,61.29,0.32,0.78,1.20
226.41,61.29,0.32,0.78,1.20
226.43,61.28,0.32,0.78,1.20
226.44,61.28,0.32,0.78,1.20
226.45,61.27,0.32,0.78,1.20
226.47,61.27,0.32,0.78,1.20
226.48,61.26,0.32,0.78,1.20
226.49,61.26,0.32,0.78,1.20
226.51,61.26,0.32,0.78,1.20
226.52,61.25,0.32,0.78,1.20
226.53,61.25,0.32,0.78,1.20
226.55,61.24,0.32,0.78,1.20
226.56,61.24,0.32,0.78,1.20
226.57,61.24,0.32,0.77,1.20
226.59,61.23,0.32,0.77,1.20
226.60,61.23,0.32,0.77,1.20
226.61,61.22,0.32,0.77,1.19
226.63,61.22,0.32,0.77,1.19
226.64,61.21,0.32,0.77,1.20
226.65,61.21,0.32,0.77,1.20
226.67,61.21,0.32,0.77,1.19
226.68,61.20,0.32,0.77,1.19
226.69,61.20,0.32,0.77,1.20
226.71,61.19,0.32,0.77,1.20
226.72,61.19,0.32,0.77,1.19
226.73,61.19,0.32,0.77,1.20
226.74,61.18,0.32,0.77,1.19
226.76,61.18,0.32,0.77,1.19
226.77,61.17,0.32,0.77,1.19
226.78,61.17,0.32,0.77,1.19
226.80,61.16,0.32,0.77,1.19
226.81,61.16,0.32,0.77,1.19
226.82,61.16,0.32,0.77,1.19
226.84,61.15,0.32,0.77,1.19
226.85,61.15,0.32,0.77,1.19
226.86,61.14,0.32,0.77,1.19
226.88,61.14,0.32,0.77,1.19
226.89,61.13,0.32,0.77,1.20
226.90,61.13,0.32,0.77,1.19
226.92,61.13,0.32,0.77,1.20
226.93,61.12,0.32,0.77,1.19
226.94,61.12,0.32,0.77,1.20
226.96,61.11,0.32,0.77,1.19
226.97,61.11,0.32,0.77,1.19
226.98,61.10,0.32,0.77,1.19
227.00,61.10,0.32,0.77,1.19
227.01,61.10,0.32,0.77,1.19
227.02,61.09,0.32,0.77,1.19
227.04,61.09,0.32,0.76,1.19
227.05,61.08,0.32,0.76,1.19
227.06,61.08,0.32,0.76,1.18
227.08,61.07,0.32,0.76,1.19
227.09,61.07,0.32,0.76,1.19
227.10,61.07,0.32,0.76,1.19
227.11,61.06,0.32,0.76,1.19
227.13,61.06,0.32,0.76,1.19
227.14,61.05,0.32,0.76,1.19
227.15,61.05,0.32,0.76,1.19
227.17,61.05,0.32,0.76,1.19
227.18,61.04,0.32,0.76,1.19
227.19,61.04,0.32,0.76,1.19
227.20,61.03,0.32,0.76,1.19
227.22,61.03,0.32,0.76,1.19
227.23,61.02,0.32,0.76,1.19
227.24,61.02,0.32,0.76,1.19
227.26,61.02,0.32,0.76,1.19
227.27,61.01,0.32,0.76,1.18
227.28,61.01,0.32,0.76,1.18
227.30,61.00,0.32,0.76,1.18
227.31,61.00,0.32,0.76,1.18
227.32,60.99,0.32,0.76,1.18
227.34,60.99,0.32,0.76,1.18
227.35,60.99,0.32,0.76,1.18
227.36,60.98,0.32,0.76,1.18
227.38,60.98,0.32,0.76,1.18
227.39,60.97,0.32,0.76,1.18
227.40,60.97,0.32,0.76,1.18
227.41,60.96,0.32,0.76,1.18
227.43,60.96,0.32,0.76,1.18
193.44,67.18,0.32,0.75,1.18
193.46,67.18,0.32,0.75,1.18
193.48,67.18,0.06,0.15,1.17
193.50,67.18,0.32,0.75,1.15
193.52,67.17,0.33,0.77,1.15
193.54,67.17,0.32,0.71,1.10
193.56,67.17,0.35,0.78,1.12
193.58,67.17,0.33,0.75,1.14
193.60,67.17,0.33,0.76,1.16
193.62,67.17,0.33,0.76,1.17
193.64,67.17,0.33,0.79,1.18
193.65,67.16,0.00,0.00,1.04
193.67,67.16,0.01,0.02,1.12
193.69,67.16,0.33,0.77,1.17
193.44,67.18,0.34,0.80,1.18
193.46,67.18,0.34,0.80,1.18
193.48,67.18,0.34,0.80,1.18
193.50,67.18,0.34,0.80,1.18
193.52,67.17,0.34,0.80,1.18
193.54,67.17,0.34,0.80,1.18
193.56,67.17,0.34,0.80,1.18
193.58,67.17,0.34,0.80,1.18
193.60,67.17,0.34,0.80,1.18
193.62,67.17,0.33,0.79,1.18
193.64,67.17,0.34,0.80,1.18
193.65,67.16,0.34,0.79,1.18
193.67,67.16,0.34,0.80,1.18
193.69,67.16,0.33,0.79,1.19
193.71,67.16,0.33,0.79,1.18
193.73,67.16,0.33,0.79,1.18
193.75,67.16,0.33,0.79,1.18
193.77,67.16,0.34,0.79,1.18
193.79,67.16,0.33,0.79,1.18
193.81,67.15,0.33,0.79,1.18
193.83,67.15,0.33,0.79,1.18
193.85,67.15,0.34,0.79,1.18
193.87,67.15,0.33,0.79,1.18
193.89,67.15,0.34,0.79,1.17
193.91,67.15,0.34,0.79,1.18
193.93,67.15,0.34,0.79,1.18
193.95,67.14,0.33,0.79,1.18
193.96,67.14,0.33,0.79,1.18
193.98,67.14,0.33,0.79,1.18
194.00,67.14,0.33,0.79,1.18
194.02,67.14,0.33,0.79,1.18
194.04,67.14,0.34,0.79,1.17
194.06,67.14,0.33,0.79,1.18
194.08,67.13,0.34,0.79,1.18
194.10,67.13,0.33,0.79,1.18
194.12,67.13,0.33,0.79,1.18
194.14,67.13,0.34,0.79,1.17
194.16,67.13,0.33,0.79,1.18
194.18,67.13,0.34,0.79,1.17
194.20,67.13,0.34,0.79,1.17
194.21,67.12,0.33,0.78,1.18
194.23,67.12,0.34,0.79,1.17
194.25,67.12,0.34,0.79,1.17
194.27,67.12,0.33,0.78,1.17
194.29,67.12,0.33,0.78,1.17
194.31,67.12,0.33,0.78,1.17
194.33,67.12,0.33,0.78,1.17
194.35,67.11,0.33,0.78,1.17
194.37,67.11,0.33,0.78,1.17
194.39,67.11,0.34,0.79,1.17
194.41,67.11,0.34,0.79,1.17
194.43,67.11,0.33,0.78,1.17
194.45,67.11,0.33,0.78,1.17
194.47,67.11,0.33,0.78,1.17
194.49,67.10,0.33,0.78,1.17
194.51,67.10,0.33,0.78,1.17
194.52,67.10,0.33,0.78,1.17
194.54,67.10,0.33,0.78,1.17
194.56,67.10,0.33,0.78,1.17
194.58,67.10,0.34,0.78,1.16
194.60,67.10,0.33,0.78,1.17
194.62,67.09,0.33,0.78,1.17
194.64,67.09,0.33,0.78,1.17
194.66,67.09,0.33,0.78,1.17
194.68,67.09,0.33,0.78,1.16
194.70,67.09,0.33,0.78,1.17
194.72,67.09,0.33,0.78,1.16
194.74,67.09,0.33,0.78,1.16
194.76,67.08,0.33,0.78,1.16
194.78,67.08,0.33,0.78,1.16
194.79,67.08,0.33,0.78,1.16
194.81,67.08,0.33,0.78,1.16
194.83,67.08,0.33,0.78,1.17
194.85,67.08,0.33,0.78,1.16
194.87,67.07,0.33,0.78,1.16
194.89,67.07,0.33,0.78,1.17
194.91,67.07,0.33,0.78,1.16
194.93,67.07,0.33,0.78,1.17
194.95,67.07,0.33,0.78,1.16
194.97,67.07,0.33,0.77,1.16
194.99,67.07,0.33,0.78,1.16
195.00,67.06,0.33,0.77,1.16
195.02,67.06,0.33,0.77,1.16
195.04,67.06,0.33,0.77,1.16
195.06,67.06,0.33,0.78,1.16
195.08,67.06,0.33,0.78,1.16
195.10,67.06,0.33,0.78,1.16
195.12,67.06,0.33,0.78,1.16
195.14,67.05,0.33,0.78,1.16
195.16,67.05,0.33,0.77,1.17
195.18,67.05,0.33,0.77,1.16
195.20,67.05,0.33,0.77,1.16
195.22,67.05,0.33,0.77,1.16
195.24,67.05,0.33,0.77,1.17
195.26,67.04,0.33,0.77,1.17
195.27,67.04,0.33,0.77,1.16
195.29,67.04,0.33,0.77,1.17
195.31,67.04,0.33,0.77,1.16
195.33,67.04,0.33,0.77,1.16
195.35,67.04,0.33,0.77,1.16
195.37,67.04,0.33,0.77,1.16
195.39,67.03,0.33,0.77,1.16
195.41,67.03,0.33,0.77,1.16
195.43,67.03,0.33,0.77,1.16
195.45,67.03,0.33,0.77,1.16
195.47,67.03,0.33,0.77,1.16
195.49,67.03,0.33,0.77,1.17
195.51,67.02,0.33,0.77,1.16
195.52,67.02,0.33,0.77,1.16
195.55,67.02,0.33,0.77,1.16
195.57,67.02,0.33,0.77,1.17
195.59,67.02,0.33,0.77,1.16
195.61,67.02,0.33,0.77,1.16
195.63,67.01,0.33,0.77,1.16
195.65,67.01,0.33,0.77,1.17
195.67,67.01,0.33,0.77,1.16
195.69,67.01,0.33,0.77,1.17
195.71,67.01,0.33,0.77,1.17
195.73,67.01,0.33,0.77,1.17
195.75,67.00,0.33,0.77,1.17
195.76,67.00,0.33,0.77,1.16
195.78,67.00,0.33,0.77,1.16
195.80,67.00,0.33,0.77,1.17
195.82,67.00,0.33,0.77,1.16
195.84,67.00,0.33,0.77,1.16
195.86,67.00,0.33,0.77,1.16
195.88,66.99,0.33,0.77,1.16
195.90,66.99,0.33,0.77,1.16
195.92,66.99,0.33,0.77,1.16
195.94,66.99,0.33,0.77,1.16
195.96,66.99,0.33,0.77,1.16
195.98,66.99,0.33,0.77,1.16
196.00,66.98,0.33,0.77,1.16
196.01,66.98,0.33,0.77,1.16
196.03,66.98,0.33,0.77,1.16
196.05,66.98,0.33,0.76,1.16
196.07,66.98,0.33,0.77,1.16
196.09,66.98,0.33,0.76,1.16
196.11,66.97,0.33,0.77,1.16
196.13,66.97,0.33,0.77,1.16
196.15,66.97,0.33,0.77,1.16
196.17,66.97,0.33,0.77,1.16
196.19,66.97,0.33,0.77,1.16
196.21,66.97,0.33,0.77,1.16
196.22,66.96,0.33,0.76,1.15
196.24,66.96,0.33,0.76,1.16
196.26,66.96,0.33,0.76,1.16
196.28,66.96,0.33,0.76,1.16
196.30,66.96,0.33,0.77,1.16
196.32,66.96,0.33,0.76,1.15
196.34,66.96,0.33,0.76,1.16
196.36,66.95,0.33,0.76,1.16
196.38,66.95,0.33,0.76,1.16
196.39,66.95,0.33,0.76,1.16
196.41,66.95,0.33,0.76,1.16
196.43,66.95,0.33,0.76,1.16
196.45,66.95,0.33,0.76,1.16
196.47,66.94,0.33,0.76,1.16
196.49,66.94,0.33,0.76,1.16
196.51,66.94,0.33,0.76,1.15
196.53,66.94,0.33,0.76,1.15
196.55,66.94,0.33,0.76,1.15
196.56,66.94,0.33,0.76,1.15
196.58,66.93,0.33,0.76,1.16
196.60,66.93,0.33,0.76,1.16
196.62,66.93,0.33,0.76,1.16
196.64,66.93,0.33,0.76,1.15
196.66,66.93,0.33,0.76,1.16
196.68,66.93,0.33,0.76,1.15
196.70,66.92,0.33,0.76,1.15
196.72,66.92,0.33,0.76,1.15
196.74,66.92,0.33,0.76,1.15
196.76,66.92,0.33,0.76,1.16
196.77,66.92,0.33,0.76,1.15
196.79,66.92,0.33,0.76,1.15
196.81,66.91,0.33,0.76,1.16
196.83,66.91,0.33,0.76,1.15
196.85,66.91,0.33,0.76,1.15
196.87,66.91,0.33,0.76,1.15
196.89,66.91,0.33,0.76,1.16
196.91,66.91,0.33,0.76,1.16
196.93,66.90,0.33,0.76,1.16
196.95,66.90,0.33,0.76,1.16
196.96,66.90,0.33,0.76,1.15
196.98,66.90,0.33,0.76,1.15
197.00,66.90,0.33,0.76,1.16
197.02,66.90,0.33,0.76,1.15
197.04,66.89,0.33,0.76,1.15
197.06,66.89,0.33,0.76,1.16
197.08,66.89,0.33,0.76,1.16
197.10,66.89,0.33,0.76,1.16
197.12,66.89,0.33,0.76,1.16
197.14,66.89,0.33,0.76,1.16
197.16,66.88,0.33,0.76,1.16
197.17,66.88,0.33,0.76,1.16
197.19,66.88,0.33,0.76,1.16
197.21,66.88,0.33,0.76,1.16
197.23,66.88,0.33,0.76,1.16
197.25,66.87,0.33,0.76,1.16
197.27,66.87,0.33,0.76,1.16
197.29,66.87,0.33,0.77,1.16
197.31,66.87,0.33,0.77,1.16
197.32,66.87,0.33,0.76,1.16
197.34,66.87,0.33,0.77,1.16
197.36,66.86,0.33,0.76,1.16
197.38,66.86,0.33,0.76,1.16
197.40,66.86,0.33,0.76,1.17
197.42,66.86,0.33,0.77,1.16
197.44,66.86,0.33,0.76,1.17
197.46,66.86,0.33,0.76,1.16
197.48,66.85,0.33,0.76,1.17
197.50,66.85,0.33,0.76,1.16
197.51,66.85,0.33,0.76,1.17
197.53,66.85,0.33,0.76,1.17
197.55,66.85,0.33,0.76,1.17
197.57,66.85,0.33,0.76,1.16
197.59,66.84,0.33,0.76,1.16
197.61,66.84,0.33,0.76,1.16
197.64,66.84,0.33,0.76,1.16
197.66,66.84,0.33,0.76,1.16
197.68,66.84,0.33,0.76,1.16
197.69,66.83,0.33,0.76,1.16
197.71,66.83,0.33,0.76,1.16
197.73,66.83,0.33,0.76,1.17
197.75,66.83,0.33,0.77,1.17
197.77,66.83,0.33,0.76,1.16
197.79,66.82,0.33,0.76,1.16
197.81,66.82,0.33,0.76,1.16
197.83,66.82,0.33,0.76,1.17
197.85,66.82,0.33,0.76,1.16
197.86,66.82,0.33,0.76,1.16
197.88,66.82,0.33,0.76,1.16
197.90,66.81,0.33,0.76,1.16
197.92,66.81,0.33,0.76,1.16
197.94,66.81,0.32,0.76,1.17
197.96,66.81,0.33,0.76,1.16
197.98,66.81,0.33,0.76,1.16
197.99,66.81,0.33,0.76,1.16
198.01,66.80,0.33,0.76,1.16
198.03,66.80,0.32,0.75,1.16
198.05,66.80,0.32,0.75,1.16
198.07,66.80,0.32,0.75,1.16
198.09,66.80,0.32,0.75,1.16
198.11,66.79,0.32,0.75,1.16
198.13,66.79,0.32,0.75,1.16
198.15,66.79,0.32,0.75,1.16
198.16,66.79,0.32,0.75,1.16
198.18,66.79,0.33,0.75,1.15
198.20,66.79,0.32,0.75,1.15
198.22,66.78,0.32,0.75,1.16
198.24,66.78,0.32,0.75,1.15
198.26,66.78,0.32,0.75,1.16
198.28,66.78,0.32,0.75,1.15
198.30,66.78,0.32,0.75,1.16
198.32,66.77,0.32,0.75,1.15
198.33,66.77,0.32,0.75,1.16
198.35,66.77,0.32,0.75,1.16
198.37,66.77,0.32,0.75,1.15
198.39,66.77,0.32,0.75,1.15
198.41,66.77,0.32,0.75,1.16
198.43,66.76,0.32,0.75,1.15
198.45,66.76,0.32,0.75,1.16
198.47,66.76,0.32,0.75,1.16
198.49,66.76,0.32,0.75,1.16
198.50,66.76,0.32,0.75,1.15
198.52,66.75,0.32,0.75,1.15
198.54,66.75,0.32,0.75,1.15
198.56,66.75,0.32,0.75,1.15
198.58,66.75,0.32,0.74,1.15
198.60,66.75,0.32,0.74,1.15
198.62,66.75,0.32,0.74,1.15
198.64,66.74,0.32,0.74,1.15
198.66,66.74,0.32,0.74,1.15
198.67,66.74,0.32,0.74,1.15
198.69,66.74,0.32,0.74,1.15
198.71,66.74,0.32,0.74,1.15
198.73,66.73,0.32,0.74,1.15
198.75,66.73,0.32,0.74,1.15
198.77,66.73,0.32,0.74,1.15
198.78,66.73,0.32,0.74,1.15
198.80,66.73,0.32,0.74,1.15
198.82,66.72,0.32,0.74,1.15
198.84,66.72,0.32,0.74,1.14
198.86,66.72,0.32,0.74,1.14
198.88,66.72,0.32,0.74,1.14
198.90,66.72,0.32,0.74,1.14
198.92,66.72,0.32,0.74,1.14
198.94,66.71,0.32,0.73,1.14
198.95,66.71,0.32,0.74,1.14
198.97,66.71,0.32,0.73,1.14
198.99,66.71,0.32,0.73,1.14
199.01,66.71,0.32,0.73,1.14
199.03,66.70,0.32,0.74,1.14
199.05,66.70,0.32,0.73,1.14
199.07,66.70,0.32,0.73,1.14
199.09,66.70,0.32,0.73,1.14
199.10,66.70,0.32,0.73,1.14
199.12,66.69,0.32,0.73,1.14
199.14,66.69,0.32,0.73,1.14
199.16,66.69,0.32,0.73,1.14
199.18,66.69,0.32,0.73,1.13
199.20,66.69,0.32,0.73,1.14
199.22,66.68,0.32,0.73,1.14
199.24,66.68,0.32,0.73,1.14
199.25,66.68,0.32,0.73,1.14
199.27,66.68,0.32,0.73,1.14
199.29,66.68,0.32,0.73,1.14
199.31,66.68,0.32,0.73,1.14
199.33,66.67,0.32,0.73,1.14
199.35,66.67,0.32,0.73,1.14
199.37,66.67,0.32,0.73,1.14
199.39,66.67,0.32,0.73,1.14
199.40,66.67,0.32,0.73,1.14
199.42,66.66,0.32,0.73,1.14
199.44,66.66,0.32,0.73,1.14
199.46,66.66,0.32,0.72,1.14
199.48,66.66,0.32,0.73,1.14
199.50,66.66,0.32,0.73,1.14
199.52,66.65,0.32,0.73,1.14
199.54,66.65,0.32,0.73,1.14
199.55,66.65,0.32,0.73,1.13
199.57,66.65,0.32,0.72,1.14
199.59,66.65,0.32,0.72,1.14
199.61,66.64,0.32,0.72,1.13
199.63,66.64,0.32,0.72,1.13
199.65,66.64,0.32,0.72,1.13
199.67,66.64,0.32,0.72,1.13
199.69,66.64,0.32,0.72,1.13
199.71,66.63,0.32,0.72,1.13
199.73,66.63,0.32,0.72,1.13
199.75,66.63,0.32,0.72,1.14
199.77,66.63,0.32,0.72,1.13
199.79,66.63,0.32,0.72,1.13
199.81,66.62,0.32,0.72,1.13
199.82,66.62,0.32,0.72,1.14
199.84,66.62,0.32,0.72,1.13
199.86,66.62,0.32,0.72,1.13
199.88,66.62,0.32,0.72,1.13
199.90,66.61,0.32,0.72,1.13
199.92,66.61,0.32,0.72,1.13
199.94,66.61,0.32,0.72,1.13
199.96,66.61,0.32,0.72,1.13
199.97,66.61,0.32,0.72,1.13
199.99,66.60,0.32,0.72,1.13
200.01,66.60,0.32,0.72,1.13
200.03,66.60,0.32,0.71,1.13
200.05,66.60,0.32,0.72,1.12
200.07,66.60,0.32,0.72,1.13
200.09,66.59,0.32,0.71,1.13
200.10,66.59,0.32,0.72,1.13
200.12,66.59,0.32,0.72,1.13
200.14,66.59,0.31,0.71,1.13
200.16,66.59,0.32,0.71,1.13
200.18,66.58,0.32,0.71,1.12
200.20,66.58,0.32,0.71,1.13
200.22,66.58,0.31,0.71,1.13
200.23,66.58,0.32,0.71,1.13
200.25,66.58,0.32,0.71,1.13
200.27,66.57,0.32,0.71,1.12
200.29,66.57,0.32,0.71,1.12
200.31,66.57,0.31,0.71,1.13
200.33,66.57,0.32,0.71,1.12
200.35,66.57,0.32,0.71,1.12
200.36,66.56,0.32,0.71,1.12
200.38,66.56,0.32,0.71,1.12
200.40,66.56,0.32,0.71,1.12
200.42,66.56,0.32,0.71,1.12
200.43,66.56,0.32,0.71,1.12
200.45,66.55,0.32,0.71,1.12
200.47,66.55,0.32,0.71,1.12
200.49,66.55,0.32,0.70,1.11
200.51,66.55,0.31,0.70,1.12
200.53,66.55,0.32,0.70,1.11
200.55,66.54,0.32,0.70,1.11
200.56,66.54,0.32,0.70,1.11
200.58,66.54,0.32,0.70,1.11
200.60,66.54,0.32,0.70,1.11
200.62,66.54,0.32,0.70,1.11
200.64,66.53,0.31,0.70,1.11
200.66,66.53,0.31,0.70,1.11
200.68,66.53,0.31,0.70,1.11
200.69,66.53,0.32,0.70,1.10
200.71,66.53,0.32,0.70,1.10
200.73,66.52,0.31,0.70,1.11
200.75,66.52,0.31,0.70,1.11
200.77,66.52,0.32,0.70,1.10
200.79,66.52,0.31,0.70,1.11
200.81,66.52,0.32,0.70,1.10
200.82,66.51,0.32,0.70,1.10
200.84,66.51,0.32,0.70,1.10
200.86,66.51,0.32,0.70,1.10
200.88,66.51,0.32,0.70,1.10
200.90,66.50,0.31,0.69,1.10
200.92,66.50,0.32,0.70,1.10
200.93,66.50,0.32,0.70,1.10
200.95,66.50,0.32,0.70,1.10
200.97,66.50,0.31,0.69,1.10
200.99,66.49,0.32,0.69,1.10
201.01,66.49,0.32,0.70,1.10
201.03,66.49,0.32,0.69,1.10
201.05,66.49,0.31,0.69,1.10
201.06,66.49,0.32,0.69,1.10
201.08,66.48,0.32,0.69,1.10
201.10,66.48,0.32,0.69,1.09
201.12,66.48,0.31,0.69,1.10
201.14,66.48,0.32,0.69,1.09
201.15,66.48,0.32,0.69,1.09
201.17,66.47,0.32,0.69,1.09
201.19,66.47,0.32,0.69,1.09
201.21,66.47,0.32,0.69,1.09
201.23,66.47,0.32,0.69,1.09
201.25,66.47,0.32,0.69,1.09
201.27,66.46,0.32,0.69,1.09
201.28,66.46,0.32,0.69,1.09
201.30,66.46,0.32,0.69,1.09
201.32,66.46,0.32,0.69,1.09
201.34,66.45,0.32,0.69,1.09
201.36,66.45,0.32,0.69,1.09
201.38,66.45,0.32,0.69,1.09
201.39,66.45,0.32,0.69,1.09
201.41,66.45,0.32,0.69,1.09
201.43,66.44,0.32,0.69,1.09
201.45,66.44,0.32,0.69,1.09
201.47,66.44,0.32,0.69,1.09
201.49,66.44,0.32,0.69,1.09
201.50,66.44,0.31,0.68,1.09
201.52,66.43,0.32,0.68,1.09
201.54,66.43,0.32,0.69,1.09
201.56,66.43,0.32,0.68,1.08
201.58,66.43,0.32,0.69,1.08
201.60,66.42,0.32,0.68,1.08
201.62,66.42,0.32,0.69,1.09
201.63,66.42,0.32,0.69,1.09
201.65,66.42,0.32,0.68,1.09
201.67,66.42,0.32,0.68,1.09
201.69,66.41,0.32,0.68,1.09
201.72,66.41,0.32,0.68,1.08
201.73,66.41,0.32,0.68,1.08
201.75,66.41,0.32,0.68,1.08
201.77,66.40,0.32,0.68,1.08
201.79,66.40,0.32,0.68,1.08
201.81,66.40,0.32,0.68,1.08
201.83,66.40,0.32,0.68,1.08
201.85,66.40,0.32,0.68,1.08
201.86,66.39,0.32,0.68,1.07
201.88,66.39,0.32,0.68,1.07
201.90,66.39,0.32,0.68,1.07
201.92,66.39,0.32,0.68,1.07
201.93,66.39,0.32,0.68,1.07
201.95,66.38,0.32,0.68,1.07
201.97,66.38,0.32,0.68,1.07
201.99,66.38,0.32,0.68,1.07
202.01,66.38,0.32,0.67,1.07
202.03,66.37,0.32,0.67,1.07
202.04,66.37,0.32,0.67,1.07
202.06,66.37,0.32,0.67,1.07
202.08,66.37,0.32,0.67,1.07
202.10,66.37,0.32,0.67,1.07
202.12,66.36,0.32,0.67,1.07
202.14,66.36,0.32,0.67,1.06
202.15,66.36,0.32,0.67,1.06
202.17,66.36,0.32,0.67,1.06
202.19,66.35,0.32,0.67,1.06
202.21,66.35,0.32,0.67,1.07
202.23,66.35,0.32,0.67,1.06
202.25,66.35,0.32,0.67,1.06
202.26,66.35,0.32,0.67,1.06
202.28,66.34,0.32,0.67,1.06
202.30,66.34,0.32,0.67,1.06
202.32,66.34,0.32,0.67,1.06
202.34,66.34,0.32,0.67,1.06
202.36,66.33,0.32,0.67,1.06
202.37,66.33,0.32,0.67,1.06
202.39,66.33,0.32,0.67,1.06
202.41,66.33,0.32,0.67,1.06
202.43,66.33,0.32,0.67,1.06
202.45,66.32,0.32,0.67,1.06
202.47,66.32,0.32,0.67,1.06
202.48,66.32,0.32,0.67,1.06
202.50,66.32,0.32,0.67,1.06
202.52,66.31,0.32,0.67,1.06
202.54,66.31,0.32,0.67,1.06
202.56,66.31,0.32,0.67,1.06
202.57,66.31,0.32,0.67,1.06
202.59,66.31,0.32,0.67,1.06
202.61,66.30,0.32,0.67,1.06
202.63,66.30,0.32,0.67,1.06
202.65,66.30,0.32,0.67,1.06
202.67,66.30,0.32,0.67,1.06
202.68,66.29,0.32,0.67,1.06
202.70,66.29,0.32,0.67,1.06
202.72,66.29,0.31,0.66,1.06
202.74,66.29,0.32,0.67,1.05
202.76,66.29,0.32,0.67,1.05
202.77,66.28,0.32,0.67,1.06
202.79,66.28,0.32,0.67,1.05
202.81,66.28,0.31,0.66,1.06
202.83,66.28,0.32,0.67,1.06
202.85,66.27,0.31,0.66,1.06
202.86,66.27,0.32,0.67,1.06
202.88,66.27,0.32,0.67,1.06
202.90,66.27,0.31,0.66,1.06
202.92,66.27,0.31,0.66,1.06
202.94,66.26,0.31,0.66,1.06
202.96,66.26,0.31,0.66,1.06
202.97,66.26,0.31,0.66,1.06
202.99,66.26,0.32,0.66,1.05
203.01,66.25,0.31,0.66,1.06
203.03,66.25,0.32,0.66,1.05
203.05,66.25,0.31,0.66,1.06
203.06,66.25,0.31,0.66,1.06
203.08,66.24,0.31,0.66,1.06
203.10,66.24,0.32,0.66,1.05
203.12,66.24,0.32,0.66,1.05
203.14,66.24,0.32,0.66,1.05
203.16,66.24,0.32,0.67,1.05
203.17,66.23,0.31,0.66,1.05
203.19,66.23,0.32,0.66,1.05
203.21,66.23,0.32,0.66,1.05
203.23,66.23,0.31,0.66,1.05
203.25,66.22,0.32,0.66,1.05
203.26,66.22,0.31,0.66,1.05
203.28,66.22,0.32,0.66,1.05
203.30,66.22,0.31,0.66,1.05
203.32,66.22,0.32,0.66,1.05
203.34,66.21,0.32,0.66,1.05
203.35,66.21,0.32,0.66,1.05
203.37,66.21,0.32,0.66,1.05
203.39,66.21,0.32,0.66,1.05
203.41,66.20,0.32,0.66,1.05
203.43,66.20,0.32,0.66,1.05
203.45,66.20,0.32,0.66,1.05
203.46,66.20,0.31,0.65,1.05
203.48,66.19,0.31,0.65,1.05
203.50,66.19,0.31,0.65,1.05
203.52,66.19,0.31,0.65,1.05
203.54,66.19,0.31,0.65,1.05
203.55,66.18,0.32,0.66,1.05
203.57,66.18,0.31,0.65,1.05
203.59,66.18,0.31,0.65,1.04
203.61,66.18,0.31,0.65,1.05
203.63,66.18,0.32,0.66,1.05
203.64,66.17,0.31,0.65,1.05
203.66,66.17,0.31,0.65,1.05
203.68,66.17,0.31,0.65,1.04
203.71,66.17,0.31,0.65,1.04
203.73,66.16,0.31,0.65,1.05
203.74,66.16,0.31,0.65,1.04
203.76,66.16,0.31,0.65,1.05
203.78,66.16,0.31,0.65,1.05
203.80,66.15,0.31,0.65,1.05
203.82,66.15,0.31,0.65,1.04
203.83,66.15,0.31,0.65,1.05
203.85,66.15,0.31,0.65,1.04
203.87,66.14,0.31,0.65,1.04
203.89,66.14,0.31,0.65,1.04
203.91,66.14,0.31,0.65,1.04
203.92,66.14,0.31,0.65,1.04
203.94,66.13,0.31,0.65,1.04
203.96,66.13,0.31,0.65,1.04
203.98,66.13,0.31,0.65,1.04
204.00,66.13,0.31,0.65,1.04
204.01,66.13,0.31,0.65,1.04
204.03,66.12,0.31,0.65,1.04
204.05,66.12,0.31,0.65,1.04
204.07,66.12,0.31,0.65,1.04
204.09,66.12,0.31,0.64,1.03
204.10,66.11,0.31,0.64,1.04
204.12,66.11,0.31,0.64,1.03
204.14,66.11,0.31,0.64,1.04
204.16,66.11,0.31,0.65,1.04
204.18,66.10,0.31,0.64,1.04
204.19,66.10,0.31,0.64,1.04
204.21,66.10,0.31,0.64,1.03
204.23,66.10,0.31,0.64,1.03
204.25,66.09,0.31,0.64,1.04
204.26,66.09,0.31,0.64,1.04
204.28,66.09,0.31,0.64,1.03
204.30,66.09,0.31,0.64,1.04
204.32,66.08,0.31,0.64,1.04
204.34,66.08,0.31,0.64,1.04
204.35,66.08,0.31,0.64,1.04
204.37,66.08,0.31,0.64,1.03
204.39,66.08,0.31,0.64,1.03
204.41,66.07,0.31,0.64,1.03
204.43,66.07,0.31,0.64,1.03
204.44,66.07,0.31,0.64,1.03
204.46,66.07,0.31,0.64,1.03
204.48,66.06,0.31,0.64,1.03
204.50,66.06,0.31,0.64,1.03
204.51,66.06,0.31,0.64,1.03
204.53,66.06,0.31,0.63,1.03
204.55,66.05,0.31,0.63,1.03
204.57,66.05,0.31,0.63,1.03
204.59,66.05,0.31,0.63,1.03
204.60,66.05,0.31,0.63,1.03
204.62,66.04,0.31,0.63,1.03
204.64,66.04,0.31,0.63,1.03
204.66,66.04,0.30,0.63,1.03
204.68,66.04,0.31,0.63,1.03
204.69,66.03,0.31,0.63,1.02
204.71,66.03,0.30,0.63,1.03
204.73,66.03,0.30,0.63,1.03
204.75,66.03,0.30,0.63,1.03
204.77,66.02,0.30,0.63,1.03
204.78,66.02,0.31,0.63,1.02
204.80,66.02,0.31,0.63,1.02
204.82,66.02,0.31,0.63,1.02
204.84,66.01,0.31,0.63,1.02
204.85,66.01,0.30,0.63,1.03
204.87,66.01,0.30,0.63,1.03
204.89,66.01,0.31,0.63,1.02
204.91,66.00,0.30,0.63,1.03
204.93,66.00,0.31,0.63,1.02
204.94,66.00,0.30,0.63,1.03
204.96,66.00,0.30,0.63,1.03
204.98,66.00,0.30,0.63,1.03
204.99,65.99,0.30,0.63,1.03
205.01,65.99,0.30,0.63,1.03
205.03,65.99,0.30,0.63,1.03
205.05,65.99,0.30,0.62,1.03
205.06,65.98,0.30,0.63,1.03
205.08,65.98,0.30,0.62,1.03
205.10,65.98,0.30,0.62,1.03
205.12,65.98,0.30,0.62,1.02
205.14,65.97,0.30,0.62,1.02
205.15,65.97,0.30,0.62,1.02
205.17,65.97,0.30,0.62,1.02
205.19,65.97,0.30,0.62,1.02
205.21,65.96,0.30,0.62,1.02
205.22,65.96,0.30,0.62,1.02
205.24,65.96,0.30,0.62,1.02
205.26,65.96,0.30,0.62,1.02
205.28,65.95,0.30,0.62,1.02
205.30,65.95,0.30,0.62,1.02
205.31,65.95,0.30,0.62,1.02
205.33,65.95,0.30,0.62,1.02
205.35,65.94,0.30,0.62,1.02
205.37,65.94,0.30,0.62,1.02
205.38,65.94,0.30,0.62,1.02
205.40,65.94,0.30,0.62,1.02
205.42,65.93,0.30,0.61,1.02
205.44,65.93,0.30,0.61,1.02
205.46,65.93,0.30,0.61,1.02
205.47,65.93,0.30,0.61,1.02
205.49,65.92,0.30,0.61,1.01
205.51,65.92,0.30,0.61,1.02
205.53,65.92,0.30,0.61,1.02
205.54,65.92,0.30,0.61,1.01
205.56,65.91,0.30,0.61,1.01
205.58,65.91,0.30,0.61,1.01
205.60,65.91,0.30,0.61,1.01
205.62,65.91,0.30,0.61,1.01
205.63,65.90,0.30,0.61,1.01
205.66,65.90,0.30,0.61,1.01
205.68,65.90,0.30,0.61,1.01
205.70,65.89,0.30,0.61,1.01
205.71,65.89,0.30,0.61,1.01
205.73,65.89,0.30,0.61,1.01
205.75,65.89,0.30,0.60,1.01
205.76,65.88,0.30,0.61,1.01
205.78,65.88,0.30,0.61,1.01
205.80,65.88,0.30,0.61,1.01
205.82,65.88,0.30,0.61,1.01
205.83,65.87,0.30,0.61,1.01
205.85,65.87,0.30,0.61,1.01
205.87,65.87,0.30,0.61,1.01
205.89,65.87,0.30,0.61,1.01
205.91,65.86,0.30,0.61,1.01
205.92,65.86,0.30,0.61,1.01
205.94,65.86,0.30,0.61,1.02
205.96,65.86,0.30,0.61,1.02
205.98,65.85,0.30,0.61,1.01
205.99,65.85,0.30,0.61,1.01
206.01,65.85,0.30,0.61,1.01
206.03,65.85,0.30,0.61,1.01
206.05,65.84,0.30,0.60,1.01
206.06,65.84,0.30,0.60,1.01
206.08,65.84,0.30,0.60,1.01
206.10,65.84,0.30,0.60,1.01
206.12,65.83,0.30,0.60,1.01
206.14,65.83,0.30,0.60,1.01
206.15,65.83,0.30,0.60,1.01
206.17,65.83,0.30,0.60,1.01
206.19,65.82,0.30,0.60,1.01
206.21,65.82,0.30,0.60,1.00
206.22,65.82,0.30,0.60,1.01
206.24,65.82,0.30,0.60,1.01
206.26,65.81,0.30,0.60,1.01
206.28,65.81,0.30,0.60,1.01
206.29,65.81,0.30,0.60,1.01
206.31,65.81,0.30,0.60,1.01
206.33,65.80,0.30,0.60,1.01
206.35,65.80,0.30,0.60,1.01
206.36,65.80,0.30,0.60,1.01
206.38,65.80,0.30,0.60,1.01
206.40,65.79,0.30,0.60,1.01
206.42,65.79,0.30,0.60,1.01
206.43,65.79,0.30,0.60,1.00
206.45,65.79,0.30,0.60,1.00
206.47,65.78,0.30,0.60,1.00
206.49,65.78,0.30,0.59,1.00
206.50,65.78,0.30,0.59,1.00
206.52,65.77,0.30,0.59,1.00
206.54,65.77,0.30,0.59,1.00
206.56,65.77,0.30,0.59,1.00
206.57,65.77,0.30,0.59,1.00
206.59,65.76,0.29,0.59,1.00
206.61,65.76,0.30,0.59,0.99
206.63,65.76,0.30,0.59,0.99
206.64,65.76,0.29,0.59,1.00
206.66,65.75,0.29,0.59,1.00
206.68,65.75,0.30,0.59,0.99
206.70,65.75,0.30,0.59,1.00
206.71,65.75,0.29,0.59,1.00
206.73,65.74,0.29,0.59,1.00
206.75,65.74,0.29,0.59,1.00
206.77,65.74,0.29,0.59,1.00
206.78,65.74,0.30,0.59,0.99
206.80,65.73,0.29,0.59,1.00
206.82,65.73,0.30,0.59,0.99
206.84,65.73,0.30,0.59,0.99
206.85,65.73,0.30,0.59,0.99
206.87,65.72,0.30,0.59,0.99
206.89,65.72,0.29,0.58,0.99
206.91,65.72,0.29,0.58,0.99
206.92,65.71,0.29,0.58,0.99
206.94,65.71,0.29,0.58,0.99
206.96,65.71,0.29,0.58,0.99
206.98,65.71,0.29,0.58,0.99
206.99,65.70,0.29,0.58,0.99
207.01,65.70,0.29,0.58,0.99
207.03,65.70,0.29,0.58,0.99
207.05,65.70,0.29,0.58,0.99
207.06,65.69,0.30,0.58,0.98
207.08,65.69,0.30,0.58,0.98
207.10,65.69,0.29,0.58,0.98
207.12,65.69,0.30,0.58,0.98
207.13,65.68,0.29,0.58,0.98
207.15,65.68,0.29,0.58,0.98
207.17,65.68,0.29,0.58,0.98
207.19,65.67,0.29,0.58,0.98
207.20,65.67,0.29,0.58,0.98
207.22,65.67,0.29,0.58,0.98
207.24,65.67,0.29,0.58,0.98
207.26,65.66,0.29,0.58,0.98
207.27,65.66,0.29,0.58,0.98
207.29,65.66,0.29,0.58,0.98
207.31,65.66,0.29,0.58,0.98
207.33,65.65,0.30,0.58,0.97
207.34,65.65,0.29,0.57,0.97
207.36,65.65,0.30,0.58,0.97
207.38,65.65,0.30,0.58,0.97
207.39,65.64,0.29,0.57,0.97
207.41,65.64,0.29,0.57,0.98
207.43,65.64,0.29,0.57,0.98
207.45,65.63,0.29,0.57,0.97
207.46,65.63,0.29,0.57,0.97
207.48,65.63,0.29,0.57,0.97
207.50,65.63,0.29,0.57,0.97
207.52,65.62,0.29,0.57,0.97
207.53,65.62,0.29,0.57,0.97
207.55,65.62,0.30,0.57,0.97
207.58,65.61,0.30,0.57,0.97
207.60,65.61,0.29,0.57,0.97
207.61,65.61,0.29,0.57,0.96
207.63,65.61,0.29,0.57,0.97
207.65,65.60,0.29,0.57,0.97
207.66,65.60,0.29,0.57,0.97
207.68,65.60,0.29,0.57,0.96
207.70,65.60,0.29,0.57,0.96
207.72,65.59,0.29,0.57,0.97
207.73,65.59,0.29,0.57,0.96
207.75,65.59,0.29,0.57,0.97
207.77,65.58,0.29,0.57,0.97
207.79,65.58,0.30,0.57,0.96
207.80,65.58,0.29,0.57,0.97
207.82,65.58,0.29,0.57,0.97
207.84,65.57,0.29,0.57,0.96
207.86,65.57,0.29,0.57,0.97
207.87,65.57,0.29,0.57,0.96
207.89,65.57,0.29,0.57,0.96
207.91,65.56,0.29,0.57,0.97
207.92,65.56,0.29,0.57,0.97
207.94,65.56,0.29,0.57,0.96
207.96,65.56,0.29,0.57,0.96
207.97,65.55,0.29,0.57,0.97
207.99,65.55,0.29,0.57,0.97
208.01,65.55,0.29,0.57,0.97
208.03,65.54,0.29,0.57,0.96
208.04,65.54,0.29,0.57,0.96
208.06,65.54,0.29,0.57,0.96
208.08,65.54,0.29,0.57,0.96
208.10,65.53,0.29,0.57,0.96
208.11,65.53,0.29,0.57,0.96
208.13,65.53,0.29,0.57,0.96
208.15,65.53,0.29,0.57,0.96
208.16,65.52,0.29,0.57,0.96
208.18,65.52,0.29,0.57,0.96
208.20,65.52,0.29,0.56,0.96
208.22,65.51,0.29,0.57,0.96
208.23,65.51,0.29,0.56,0.96
208.25,65.51,0.29,0.56,0.96
208.27,65.51,0.29,0.57,0.96
208.29,65.50,0.29,0.56,0.96
208.30,65.50,0.29,0.57,0.96
208.32,65.50,0.29,0.56,0.96
208.34,65.49,0.29,0.56,0.96
208.35,65.49,0.29,0.56,0.96
208.37,65.49,0.29,0.56,0.96
208.39,65.49,0.29,0.56,0.96
208.41,65.48,0.29,0.56,0.96
208.42,65.48,0.29,0.56,0.96
208.44,65.48,0.29,0.56,0.96
208.46,65.48,0.29,0.56,0.96
208.47,65.47,0.29,0.56,0.97
208.49,65.47,0.29,0.56,0.96
208.51,65.47,0.29,0.56,0.96
208.53,65.46,0.29,0.57,0.97
208.54,65.46,0.29,0.56,0.97
208.56,65.46,0.29,0.57,0.97
208.58,65.46,0.29,0.56,0.97
208.60,65.45,0.29,0.57,0.97
208.61,65.45,0.29,0.57,0.97
208.63,65.45,0.29,0.56,0.97
208.64,65.45,0.29,0.56,0.96
208.66,65.44,0.29,0.56,0.97
208.68,65.44,0.29,0.56,0.96
208.69,65.44,0.29,0.56,0.97
208.71,65.43,0.29,0.56,0.96
208.73,65.43,0.29,0.56,0.96
208.75,65.43,0.29,0.56,0.96
208.76,65.43,0.29,0.56,0.96
208.78,65.42,0.29,0.56,0.95
208.80,65.42,0.29,0.56,0.96
208.81,65.42,0.29,0.56,0.96
208.83,65.41,0.29,0.56,0.96
208.85,65.41,0.29,0.56,0.95
208.87,65.41,0.29,0.55,0.95
208.88,65.41,0.29,0.55,0.95
208.90,65.40,0.29,0.55,0.95
208.92,65.40,0.29,0.55,0.95
208.93,65.40,0.29,0.55,0.95
208.95,65.40,0.29,0.55,0.95
208.97,65.39,0.29,0.55,0.95
208.99,65.39,0.29,0.55,0.95
209.00,65.39,0.29,0.55,0.95
209.02,65.38,0.29,0.55,0.95
209.04,65.38,0.29,0.55,0.95
209.05,65.38,0.29,0.55,0.95
209.07,65.38,0.29,0.55,0.95
209.09,65.37,0.29,0.55,0.95
209.11,65.37,0.29,0.55,0.96
209.12,65.37,0.29,0.55,0.96
209.14,65.36,0.29,0.55,0.96
209.16,65.36,0.29,0.55,0.96
209.17,65.36,0.29,0.55,0.95
209.19,65.36,0.29,0.55,0.95
209.21,65.35,0.29,0.55,0.95
209.22,65.35,0.29,0.55,0.95
209.24,65.35,0.29,0.55,0.96
209.26,65.34,0.29,0.55,0.95
209.28,65.34,0.29,0.55,0.96
209.29,65.34,0.29,0.55,0.96
209.31,65.34,0.29,0.55,0.96
209.33,65.33,0.29,0.55,0.95
209.34,65.33,0.29,0.55,0.96
209.36,65.33,0.29,0.55,0.96
209.38,65.32,0.29,0.55,0.96
209.39,65.32,0.29,0.55,0.96
209.41,65.32,0.29,0.55,0.95
209.43,65.32,0.29,0.55,0.96
209.45,65.31,0.29,0.55,0.96
209.47,65.31,0.29,0.55,0.96
209.49,65.31,0.29,0.55,0.96
209.50,65.30,0.29,0.55,0.96
209.52,65.30,0.29,0.55,0.96
209.54,65.30,0.28,0.55,0.96
209.55,65.29,0.29,0.55,0.96
209.57,65.29,0.29,0.55,0.96
209.59,65.29,0.29,0.55,0.96
209.61,65.29,0.29,0.55,0.96
209.62,65.28,0.29,0.55,0.96
209.64,65.28,0.29,0.55,0.96
209.66,65.28,0.28,0.55,0.96
209.67,65.27,0.29,0.55,0.96
209.69,65.27,0.29,0.55,0.96
209.71,65.27,0.29,0.55,0.96
209.72,65.27,0.29,0.55,0.96
209.74,65.26,0.29,0.55,0.96
209.76,65.26,0.28,0.55,0.96
209.78,65.26,0.29,0.55,0.96
209.79,65.25,0.29,0.55,0.96
209.81,65.25,0.29,0.55,0.96
209.83,65.25,0.29,0.55,0.96
209.84,65.25,0.29,0.55,0.96
209.86,65.24,0.29,0.55,0.96
209.88,65.24,0.29,0.55,0.96
209.89,65.24,0.28,0.54,0.96
209.91,65.23,0.29,0.55,0.96
209.93,65.23,0.28,0.54,0.96
209.94,65.23,0.29,0.55,0.96
209.96,65.22,0.28,0.54,0.96
209.98,65.22,0.28,0.54,0.96
210.00,65.22,0.28,0.54,0.96
210.01,65.22,0.28,0.54,0.96
210.03,65.21,0.28,0.54,0.96
210.05,65.21,0.28,0.54,0.96
210.06,65.21,0.28,0.54,0.95
210.08,65.20,0.28,0.54,0.96
210.09,65.20,0.28,0.54,0.95
210.11,65.20,0.28,0.54,0.95
210.13,65.20,0.28,0.54,0.95
210.15,65.19,0.28,0.54,0.95
210.16,65.19,0.28,0.54,0.95
210.18,65.19,0.28,0.54,0.95
210.20,65.18,0.28,0.54,0.95
210.21,65.18,0.28,0.54,0.95
210.23,65.18,0.28,0.54,0.95
210.25,65.18,0.28,0.54,0.95
210.26,65.17,0.28,0.54,0.95
210.28,65.17,0.28,0.54,0.95
210.30,65.17,0.28,0.54,0.95
210.31,65.16,0.28,0.54,0.95
210.33,65.16,0.28,0.54,0.95
210.35,65.16,0.28,0.53,0.95
210.36,65.16,0.28,0.54,0.95
210.38,65.15,0.28,0.54,0.95
210.40,65.15,0.28,0.54,0.95
210.42,65.15,0.28,0.54,0.95
210.43,65.14,0.28,0.53,0.94
210.45,65.14,0.28,0.54,0.95
210.47,65.14,0.28,0.53,0.95
210.48,65.13,0.28,0.53,0.95
210.50,65.13,0.28,0.53,0.95
210.52,65.13,0.28,0.53,0.95
210.53,65.13,0.28,0.53,0.95
210.55,65.12,0.28,0.53,0.94
210.57,65.12,0.28,0.53,0.95
210.58,65.12,0.28,0.53,0.95
210.60,65.11,0.28,0.53,0.94
210.62,65.11,0.28,0.53,0.94
210.63,65.11,0.28,0.53,0.94
210.65,65.10,0.28,0.53,0.94
210.67,65.10,0.28,0.53,0.94
210.68,65.10,0.28,0.53,0.94
210.70,65.10,0.28,0.53,0.94
210.72,65.09,0.28,0.53,0.94
210.73,65.09,0.28,0.53,0.94
210.75,65.09,0.28,0.53,0.94
210.77,65.08,0.28,0.53,0.94
210.78,65.08,0.28,0.52,0.93
210.80,65.08,0.28,0.52,0.93
210.82,65.08,0.28,0.52,0.93
210.84,65.07,0.28,0.52,0.93
210.85,65.07,0.28,0.52,0.93
210.87,65.07,0.28,0.52,0.93
210.89,65.06,0.28,0.52,0.93
210.90,65.06,0.28,0.52,0.93
210.92,65.06,0.28,0.52,0.93
210.94,65.05,0.28,0.52,0.93
210.95,65.05,0.28,0.52,0.93
210.97,65.05,0.28,0.52,0.93
210.99,65.05,0.28,0.52,0.93
211.00,65.04,0.28,0.52,0.93
211.02,65.04,0.28,0.52,0.92
211.04,65.04,0.28,0.52,0.92
211.05,65.03,0.28,0.52,0.92
211.07,65.03,0.28,0.52,0.92
211.09,65.03,0.28,0.52,0.92
211.10,65.02,0.28,0.52,0.92
211.12,65.02,0.28,0.52,0.93
211.14,65.02,0.28,0.52,0.92
211.15,65.02,0.28,0.52,0.93
211.17,65.01,0.28,0.51,0.92
211.19,65.01,0.28,0.51,0.92
211.20,65.01,0.28,0.51,0.92
211.22,65.00,0.28,0.51,0.92
211.24,65.00,0.28,0.51,0.92
211.25,65.00,0.28,0.51,0.92
211.27,64.99,0.28,0.51,0.92
211.29,64.99,0.28,0.51,0.92
211.31,64.99,0.28,0.51,0.92
211.33,64.98,0.28,0.51,0.92
211.34,64.98,0.28,0.51,0.92
211.36,64.98,0.28,0.51,0.92
211.38,64.97,0.28,0.51,0.92
211.39,64.97,0.28,0.51,0.92
211.41,64.97,0.28,0.51,0.92
211.43,64.97,0.28,0.51,0.91
211.44,64.96,0.28,0.51,0.92
211.46,64.96,0.28,0.51,0.92
211.48,64.96,0.28,0.51,0.92
211.49,64.95,0.28,0.50,0.91
211.51,64.95,0.28,0.51,0.91
211.53,64.95,0.28,0.51,0.91
211.54,64.94,0.28,0.51,0.92
211.56,64.94,0.28,0.50,0.91
211.58,64.94,0.28,0.50,0.91
211.59,64.94,0.28,0.50,0.91
211.61,64.93,0.28,0.50,0.91
211.62,64.93,0.28,0.50,0.91
211.64,64.93,0.28,0.50,0.91
211.66,64.92,0.28,0.50,0.91
211.67,64.92,0.28,0.50,0.91
211.69,64.92,0.28,0.50,0.91
211.71,64.91,0.28,0.50,0.91
211.72,64.91,0.28,0.50,0.91
211.74,64.91,0.28,0.50,0.91
211.76,64.90,0.27,0.50,0.91
211.77,64.90,0.28,0.50,0.91
211.79,64.90,0.28,0.50,0.91
211.81,64.90,0.28,0.50,0.90
211.82,64.89,0.27,0.50,0.91
211.84,64.89,0.27,0.50,0.91
211.86,64.89,0.28,0.50,0.90
211.87,64.88,0.27,0.50,0.91
211.89,64.88,0.28,0.50,0.90
211.91,64.88,0.28,0.50,0.90
211.92,64.87,0.27,0.49,0.90
211.94,64.87,0.28,0.50,0.90
211.96,64.87,0.27,0.49,0.90
211.97,64.86,0.28,0.49,0.89
211.99,64.86,0.27,0.49,0.90
212.01,64.86,0.27,0.49,0.90
212.02,64.86,0.27,0.49,0.90
212.04,64.85,0.27,0.49,0.90
212.06,64.85,0.28,0.49,0.89
212.07,64.85,0.27,0.49,0.89
212.09,64.84,0.27,0.49,0.90
212.10,64.84,0.28,0.49,0.89
212.12,64.84,0.27,0.49,0.90
212.14,64.83,0.27,0.49,0.89
212.15,64.83,0.27,0.49,0.89
212.17,64.83,0.27,0.49,0.89
212.18,64.82,0.27,0.49,0.89
212.20,64.82,0.27,0.49,0.89
212.22,64.82,0.27,0.49,0.89
212.23,64.82,0.27,0.49,0.89
212.25,64.81,0.27,0.49,0.89
212.27,64.81,0.27,0.49,0.89
212.28,64.81,0.27,0.49,0.89
212.30,64.80,0.27,0.49,0.89
212.32,64.80,0.27,0.49,0.89
212.33,64.80,0.27,0.48,0.89
212.35,64.79,0.27,0.48,0.89
212.37,64.79,0.27,0.48,0.89
212.38,64.79,0.27,0.49,0.89
212.40,64.78,0.27,0.48,0.89
212.42,64.78,0.27,0.48,0.88
212.43,64.78,0.27,0.48,0.88
212.45,64.78,0.27,0.48,0.88
212.46,64.77,0.27,0.48,0.88
212.48,64.77,0.27,0.48,0.88
212.50,64.77,0.27,0.48,0.88
212.51,64.76,0.27,0.48,0.88
212.53,64.76,0.27,0.48,0.88
212.55,64.76,0.27,0.48,0.88
212.56,64.75,0.27,0.48,0.88
212.58,64.75,0.27,0.48,0.88
212.60,64.75,0.27,0.48,0.88
212.61,64.74,0.27,0.48,0.88
212.63,64.74,0.27,0.48,0.88
212.64,64.74,0.27,0.48,0.88
212.66,64.73,0.27,0.48,0.88
212.68,64.73,0.27,0.48,0.88
212.69,64.73,0.27,0.48,0.88
212.71,64.72,0.27,0.48,0.87
212.73,64.72,0.27,0.48,0.88
212.74,64.72,0.27,0.48,0.88
212.76,64.72,0.27,0.47,0.87
212.78,64.71,0.27,0.48,0.87
212.79,64.71,0.27,0.47,0.87
212.81,64.71,0.27,0.47,0.87
212.82,64.70,0.27,0.47,0.88
212.84,64.70,0.27,0.47,0.88
212.86,64.70,0.27,0.47,0.87
212.87,64.69,0.27,0.47,0.87
212.89,64.69,0.27,0.47,0.87
212.90,64.69,0.27,0.47,0.87
212.92,64.68,0.27,0.47,0.87
212.94,64.68,0.27,0.47,0.87
212.95,64.68,0.27,0.47,0.87
212.97,64.68,0.27,0.47,0.87
212.98,64.67,0.27,0.47,0.87
213.00,64.67,0.27,0.47,0.87
213.02,64.67,0.27,0.47,0.87
213.03,64.66,0.27,0.47,0.87
213.05,64.66,0.27,0.47,0.87
213.07,64.66,0.27,0.47,0.87
213.09,64.65,0.27,0.47,0.87
213.11,64.65,0.27,0.47,0.87
213.12,64.64,0.27,0.47,0.87
213.14,64.64,0.27,0.47,0.87
213.16,64.64,0.27,0.47,0.87
213.17,64.64,0.27,0.47,0.87
213.19,64.63,0.27,0.47,0.86
213.20,64.63,0.27,0.47,0.87
213.22,64.63,0.27,0.47,0.87
213.24,64.62,0.27,0.47,0.86
213.25,64.62,0.27,0.47,0.86
213.27,64.62,0.27,0.47,0.86
213.29,64.61,0.27,0.46,0.86
213.30,64.61,0.27,0.46,0.86
213.32,64.61,0.27,0.46,0.86
213.33,64.60,0.27,0.46,0.86
213.35,64.60,0.27,0.46,0.86
213.37,64.60,0.27,0.46,0.85
213.38,64.59,0.27,0.46,0.85
213.40,64.59,0.27,0.46,0.85
213.42,64.59,0.27,0.46,0.85
213.43,64.58,0.27,0.46,0.85
213.45,64.58,0.27,0.46,0.85
213.46,64.58,0.27,0.46,0.85
213.48,64.57,0.27,0.46,0.85
213.50,64.57,0.27,0.46,0.85
213.51,64.57,0.27,0.46,0.85
213.53,64.56,0.27,0.46,0.85
213.54,64.56,0.27,0.46,0.85
213.56,64.56,0.27,0.46,0.85
213.58,64.56,0.27,0.46,0.84
213.59,64.55,0.27,0.46,0.84
213.61,64.55,0.27,0.46,0.84
213.63,64.55,0.27,0.46,0.84
213.64,64.54,0.27,0.45,0.84
213.66,64.54,0.27,0.45,0.84
213.67,64.54,0.27,0.45,0.84
213.69,64.53,0.27,0.45,0.84
213.71,64.53,0.27,0.45,0.84
213.72,64.53,0.27,0.45,0.84
213.74,64.52,0.27,0.45,0.84
213.76,64.52,0.27,0.45,0.83
213.77,64.52,0.27,0.45,0.83
213.79,64.51,0.27,0.45,0.83
213.80,64.51,0.27,0.45,0.83
213.82,64.51,0.27,0.45,0.83
213.84,64.50,0.27,0.45,0.83
213.85,64.50,0.28,0.45,0.83
213.87,64.50,0.27,0.45,0.83
213.88,64.49,0.27,0.45,0.82
213.90,64.49,0.27,0.45,0.83
213.92,64.49,0.27,0.45,0.83
213.93,64.48,0.27,0.45,0.82
213.95,64.48,0.28,0.45,0.82
213.96,64.48,0.27,0.44,0.82
213.98,64.47,0.27,0.44,0.82
214.00,64.47,0.27,0.44,0.81
214.01,64.47,0.27,0.44,0.81
214.03,64.46,0.27,0.44,0.81
214.05,64.46,0.27,0.44,0.82
214.06,64.46,0.27,0.44,0.81
214.08,64.45,0.28,0.44,0.81
214.09,64.45,0.27,0.44,0.81
214.11,64.45,0.27,0.44,0.81
214.13,64.44,0.27,0.44,0.81
214.14,64.44,0.27,0.44,0.81
214.16,64.44,0.27,0.44,0.81
214.17,64.44,0.27,0.44,0.81
214.19,64.43,0.28,0.44,0.81
214.21,64.43,0.27,0.44,0.81
214.22,64.43,0.27,0.44,0.81
214.24,64.42,0.27,0.44,0.81
214.25,64.42,0.27,0.44,0.81
214.27,64.42,0.27,0.44,0.80
214.28,64.41,0.27,0.43,0.80
214.30,64.41,0.27,0.43,0.80
214.32,64.41,0.27,0.43,0.80
214.33,64.40,0.27,0.43,0.80
214.35,64.40,0.27,0.43,0.80
214.36,64.40,0.27,0.43,0.80
214.38,64.39,0.27,0.43,0.79
214.40,64.39,0.27,0.43,0.79
214.41,64.39,0.27,0.43,0.79
214.43,64.38,0.28,0.43,0.79
214.44,64.38,0.27,0.43,0.79
214.46,64.38,0.27,0.43,0.79
214.48,64.37,0.27,0.43,0.78
214.49,64.37,0.27,0.43,0.79
214.51,64.37,0.27,0.43,0.79
214.52,64.36,0.27,0.43,0.79
214.54,64.36,0.27,0.43,0.79
214.56,64.36,0.27,0.43,0.79
214.57,64.35,0.27,0.43,0.78
214.59,64.35,0.27,0.43,0.78
214.60,64.35,0.27,0.43,0.78
214.62,64.34,0.27,0.43,0.78
214.64,64.34,0.27,0.43,0.78
214.65,64.34,0.27,0.43,0.78
214.67,64.33,0.27,0.43,0.78
214.68,64.33,0.27,0.43,0.78
214.70,64.33,0.27,0.43,0.78
214.72,64.32,0.27,0.42,0.78
214.73,64.32,0.27,0.42,0.78
214.75,64.32,0.27,0.42,0.77
214.76,64.31,0.27,0.42,0.77
214.78,64.31,0.27,0.42,0.77
214.80,64.31,0.27,0.42,0.77
214.81,64.30,0.27,0.42,0.78
214.83,64.30,0.27,0.42,0.77
214.85,64.30,0.27,0.42,0.77
214.87,64.29,0.27,0.42,0.77
214.88,64.29,0.27,0.42,0.77
214.90,64.29,0.27,0.42,0.77
214.91,64.28,0.27,0.42,0.77
214.93,64.28,0.27,0.42,0.77
214.95,64.28,0.27,0.42,0.76
214.96,64.27,0.28,0.42,0.76
214.98,64.27,0.27,0.42,0.76
214.99,64.27,0.27,0.42,0.76
215.01,64.26,0.27,0.42,0.76
215.02,64.26,0.27,0.42,0.76
215.04,64.26,0.27,0.42,0.76
215.06,64.25,0.28,0.42,0.75
215.07,64.25,0.27,0.42,0.76
215.09,64.25,0.28,0.42,0.75
215.10,64.24,0.28,0.42,0.75
215.12,64.24,0.28,0.41,0.74
215.14,64.24,0.28,0.41,0.74
215.15,64.23,0.28,0.41,0.74
215.17,64.23,0.28,0.41,0.74
215.18,64.23,0.28,0.41,0.73
215.20,64.22,0.28,0.41,0.73
215.21,64.22,0.28,0.41,0.73
215.23,64.22,0.28,0.41,0.73
215.25,64.21,0.28,0.41,0.72
215.26,64.21,0.28,0.41,0.72
215.28,64.21,0.28,0.41,0.72
215.29,64.20,0.28,0.41,0.72
215.31,64.20,0.28,0.41,0.71
215.33,64.20,0.28,0.40,0.71
215.34,64.19,0.29,0.41,0.70
215.36,64.19,0.28,0.40,0.70
215.37,64.19,0.28,0.40,0.70
215.39,64.18,0.29,0.40,0.69
215.40,64.18,0.29,0.40,0.69
215.42,64.18,0.29,0.40,0.68
215.44,64.17,0.29,0.40,0.68
215.45,64.17,0.29,0.40,0.68
215.47,64.17,0.29,0.39,0.67
215.48,64.16,0.29,0.39,0.67
215.50,64.16,0.30,0.39,0.66
215.52,64.15,0.29,0.39,0.65
215.53,64.15,0.29,0.39,0.65
215.55,64.15,0.30,0.39,0.65
215.56,64.14,0.30,0.38,0.64
215.58,64.14,0.30,0.38,0.64
215.59,64.14,0.30,0.38,0.64
215.61,64.13,0.30,0.38,0.63
215.62,64.13,0.30,0.37,0.62
215.64,64.13,0.30,0.37,0.62
215.66,64.12,0.30,0.37,0.61
215.67,64.12,0.30,0.37,0.61
215.69,64.12,0.30,0.36,0.60
215.70,64.11,0.30,0.36,0.60
215.72,64.11,0.30,0.36,0.59
215.73,64.11,0.30,0.35,0.58
215.75,64.10,0.31,0.35,0.58
215.77,64.10,0.31,0.35,0.57
215.78,64.10,0.31,0.35,0.56
215.80,64.09,0.31,0.34,0.55
215.81,64.09,0.31,0.34,0.55
215.83,64.09,0.31,0.34,0.54
215.84,64.08,0.31,0.33,0.53
215.86,64.08,0.31,0.33,0.53
215.88,64.08,0.32,0.33,0.52
215.89,64.07,0.31,0.32,0.51
215.91,64.07,0.32,0.32,0.50
215.92,64.07,0.32,0.31,0.49
215.94,64.06,0.32,0.31,0.48
215.95,64.06,0.32,0.31,0.47
215.97,64.06,0.32,0.30,0.47
215.98,64.05,0.32,0.30,0.46
216.00,64.05,0.32,0.29,0.45
216.02,64.05,0.33,0.29,0.44
216.03,64.04,0.33,0.29,0.44
216.05,64.04,0.33,0.28,0.43
216.06,64.04,0.33,0.28,0.43
216.08,64.03,0.33,0.27,0.42
216.09,64.03,0.33,0.27,0.41
216.11,64.03,0.34,0.27,0.40
216.13,64.02,0.34,0.26,0.39
216.14,64.02,0.34,0.26,0.38
216.16,64.02,0.34,0.25,0.38
216.17,64.01,0.34,0.25,0.37
216.19,64.01,0.34,0.25,0.36
216.20,64.01,0.35,0.24,0.35
216.22,64.00,0.35,0.24,0.34
216.23,64.00,0.35,0.23,0.34
216.25,64.00,0.36,0.23,0.33
216.26,63.99,0.35,0.23,0.33
216.28,63.99,0.35,0.22,0.32
216.30,63.98,0.35,0.22,0.31
216.31,63.98,0.35,0.22,0.30
216.33,63.98,0.37,0.22,0.29
216.34,63.97,0.36,0.21,0.29
216.36,63.97,0.36,0.21,0.28
216.37,63.97,0.37,0.20,0.27
216.39,63.96,0.37,0.20,0.27
216.41,63.96,0.37,0.20,0.26
216.42,63.96,0.37,0.19,0.26
216.44,63.95,0.37,0.19,0.25
216.45,63.95,0.38,0.19,0.24
216.47,63.95,0.37,0.18,0.24
216.48,63.94,0.37,0.18,0.23
216.50,63.94,0.38,0.17,0.22
216.51,63.94,0.38,0.17,0.22
216.53,63.93,0.39,0.17,0.22
216.55,63.93,0.38,0.16,0.21
216.57,63.92,0.38,0.16,0.21
216.58,63.92,0.39,0.16,0.20
216.60,63.92,0.39,0.15,0.20
216.62,63.91,0.38,0.15,0.19
216.63,63.91,0.39,0.15,0.19
216.65,63.91,0.39,0.14,0.18
216.66,63.90,0.39,0.14,0.18
216.68,63.90,0.39,0.14,0.18
216.69,63.90,0.39,0.13,0.17
216.71,63.89,0.38,0.13,0.17
216.72,63.89,0.38,0.13,0.17
216.74,63.89,0.39,0.13,0.16
216.75,63.88,0.38,0.12,0.16
216.77,63.88,0.37,0.12,0.16
216.79,63.88,0.37,0.12,0.16
216.80,63.87,0.37,0.11,0.15
216.82,63.87,0.38,0.11,0.15
216.83,63.87,0.37,0.11,0.15
216.85,63.86,0.37,0.11,0.15
216.86,63.86,0.36,0.10,0.14
216.88,63.85,0.36,0.10,0.14
216.89,63.85,0.36,0.10,0.14
216.91,63.85,0.36,0.10,0.14
216.92,63.84,0.36,0.10,0.14
216.94,63.84,0.34,0.09,0.14
216.95,63.84,0.34,0.09,0.14
216.97,63.83,0.35,0.09,0.13
216.99,63.83,0.33,0.09,0.13
217.00,63.83,0.33,0.09,0.13
217.02,63.82,0.35,0.09,0.13
217.03,63.82,0.33,0.08,0.13
217.05,63.82,0.33,0.08,0.13
217.06,63.81,0.33,0.08,0.13
217.08,63.81,0.33,0.08,0.13
217.09,63.81,0.31,0.08,0.13
217.11,63.80,0.32,0.08,0.12
217.12,63.80,0.32,0.08,0.12
217.14,63.80,0.32,0.08,0.12
217.15,63.79,0.32,0.08,0.12
217.17,63.79,0.30,0.07,0.12
217.19,63.79,0.30,0.07,0.12
217.20,63.78,0.30,0.07,0.12
217.22,63.78,0.30,0.07,0.12
217.23,63.77,0.30,0.07,0.12
217.25,63.77,0.30,0.07,0.12
217.26,63.77,0.31,0.07,0.12
217.28,63.76,0.31,0.07,0.12
217.29,63.76,0.31,0.07,0.12
217.31,63.76,0.29,0.07,0.12
217.32,63.75,0.29,0.07,0.12
217.34,63.75,0.29,0.07,0.12
217.36,63.75,0.29,0.07,0.12
217.37,63.74,0.29,0.07,0.12
217.39,63.74,0.29,0.07,0.12
217.40,63.74,0.29,0.07,0.12
217.42,63.73,0.29,0.07,0.12
217.43,63.73,0.29,0.07,0.12
217.45,63.73,0.29,0.07,0.12
217.46,63.72,0.29,0.07,0.12
217.48,63.72,0.29,0.07,0.12
217.49,63.71,0.30,0.07,0.11
217.51,63.71,0.29,0.07,0.12
217.52,63.71,0.28,0.06,0.11
217.54,63.70,0.30,0.07,0.11
217.55,63.70,0.28,0.06,0.11
217.57,63.70,0.28,0.06,0.11
217.58,63.69,0.28,0.06,0.11
217.60,63.69,0.28,0.06,0.11
217.61,63.69,0.28,0.06,0.11
217.63,63.68,0.28,0.06,0.11
217.64,63.68,0.28,0.06,0.11
217.66,63.68,0.28,0.06,0.11
217.68,63.67,0.28,0.06,0.11
217.69,63.67,0.28,0.06,0.11
217.71,63.67,0.28,0.06,0.11
217.72,63.66,0.28,0.06,0.11
217.74,63.66,0.28,0.06,0.11
217.75,63.65,0.28,0.06,0.11
217.77,63.65,0.28,0.06,0.11
217.78,63.65,0.28,0.06,0.11
217.80,63.64,0.28,0.06,0.11
217.81,63.64,0.28,0.06,0.11
217.83,63.64,0.28,0.06,0.11
217.84,63.63,0.30,0.06,0.11
217.86,63.63,0.30,0.06,0.11
217.87,63.63,0.30,0.06,0.11
217.89,63.62,0.30,0.06,0.11
217.90,63.62,0.30,0.06,0.11
217.92,63.62,0.27,0.06,0.11
217.94,63.61,0.30,0.06,0.11
217.95,63.61,0.27,0.06,0.11
217.97,63.60,0.30,0.06,0.11
217.98,63.60,0.30,0.06,0.11
218.00,63.60,0.30,0.06,0.11
218.01,63.59,0.27,0.06,0.11
218.03,63.59,0.30,0.06,0.11
218.04,63.59,0.27,0.06,0.11
218.06,63.58,0.30,0.06,0.11
218.07,63.58,0.27,0.06,0.11
218.09,63.58,0.27,0.06,0.11
218.10,63.57,0.27,0.06,0.11
218.12,63.57,0.27,0.06,0.11
218.13,63.56,0.30,0.06,0.11
218.15,63.56,0.27,0.06,0.11
218.16,63.56,0.27,0.06,0.11
218.18,63.55,0.27,0.06,0.11
218.19,63.55,0.27,0.06,0.11
218.21,63.55,0.27,0.06,0.11
218.22,63.54,0.27,0.06,0.11
218.25,63.54,0.27,0.06,0.11
218.26,63.53,0.27,0.06,0.11
218.28,63.53,0.29,0.06,0.10
218.29,63.53,0.27,0.06,0.11
218.31,63.52,0.29,0.06,0.10
218.32,63.52,0.29,0.06,0.10
218.34,63.52,0.29,0.06,0.10
218.35,63.51,0.29,0.06,0.10
218.37,63.51,0.29,0.06,0.10
218.38,63.51,0.29,0.06,0.10
218.40,63.50,0.29,0.06,0.10
218.41,63.50,0.29,0.06,0.10
218.43,63.50,0.29,0.06,0.10
218.44,63.49,0.29,0.06,0.10
218.46,63.49,0.29,0.06,0.10
218.47,63.48,0.29,0.06,0.10
218.49,63.48,0.29,0.06,0.10
218.50,63.48,0.29,0.06,0.10
218.52,63.47,0.29,0.06,0.10
218.53,63.47,0.29,0.06,0.10
218.55,63.47,0.29,0.06,0.10
218.56,63.46,0.29,0.06,0.10
218.58,63.46,0.29,0.06,0.10
218.59,63.46,0.29,0.06,0.10
218.61,63.45,0.29,0.06,0.10
218.62,63.45,0.29,0.06,0.10
218.64,63.44,0.29,0.06,0.10
218.65,63.44,0.29,0.06,0.10
218.67,63.44,0.29,0.06,0.10
218.68,63.43,0.29,0.06,0.10
218.70,63.43,0.29,0.06,0.10
218.71,63.43,0.29,0.06,0.10
218.73,63.42,0.29,0.06,0.10
218.74,63.42,0.30,0.06,0.10
218.76,63.42,0.30,0.06,0.10
218.77,63.41,0.30,0.06,0.10
218.79,63.41,0.29,0.06,0.10
218.80,63.40,0.30,0.06,0.10
218.82,63.40,0.27,0.05,0.10
218.83,63.40,0.30,0.06,0.10
218.85,63.39,0.30,0.06,0.10
218.86,63.39,0.29,0.06,0.10
218.88,63.39,0.27,0.05,0.10
218.89,63.38,0.30,0.06,0.10
218.91,63.38,0.27,0.05,0.10
218.92,63.38,0.30,0.06,0.10
218.94,63.37,0.27,0.05,0.10
218.95,63.37,0.27,0.05,0.10
218.97,63.36,0.27,0.05,0.10
218.98,63.36,0.30,0.06,0.10
219.00,63.36,0.30,0.06,0.10
219.01,63.35,0.27,0.05,0.10
219.03,63.35,0.27,0.05,0.10
219.04,63.35,0.27,0.05,0.10
219.06,63.34,0.27,0.05,0.10
219.07,63.34,0.27,0.05,0.10
219.09,63.34,0.27,0.05,0.10
219.10,63.33,0.27,0.05,0.10
219.12,63.33,0.27,0.05,0.10
219.13,63.32,0.27,0.05,0.10
219.15,63.32,0.27,0.05,0.10
219.16,63.32,0.29,0.05,0.09
219.18,63.31,0.27,0.05,0.10
219.19,63.31,0.27,0.05,0.10
219.21,63.31,0.29,0.05,0.09
219.22,63.30,0.27,0.05,0.10
219.24,63.30,0.29,0.05,0.09
219.25,63.29,0.29,0.05,0.09
219.27,63.29,0.27,0.05,0.10
219.28,63.29,0.29,0.05,0.09
219.30,63.28,0.29,0.05,0.09
219.31,63.28,0.29,0.05,0.09
219.33,63.28,0.29,0.05,0.09
219.34,63.27,0.29,0.05,0.09
219.36,63.27,0.29,0.05,0.09
219.37,63.27,0.29,0.05,0.09
219.39,63.26,0.29,0.05,0.09
219.40,63.26,0.29,0.05,0.09
219.42,63.25,0.29,0.05,0.09
219.43,63.25,0.29,0.05,0.09
219.44,63.25,0.29,0.05,0.09
219.46,63.24,0.29,0.05,0.09
219.47,63.24,0.29,0.05,0.09
219.49,63.24,0.29,0.05,0.09
219.50,63.23,0.29,0.05,0.09
219.52,63.23,0.29,0.05,0.09
219.53,63.22,0.29,0.05,0.09
219.55,63.22,0.29,0.05,0.09
219.56,63.22,0.29,0.05,0.09
219.58,63.21,0.29,0.05,0.09
219.59,63.21,0.29,0.05,0.09
219.61,63.21,0.29,0.05,0.09
219.62,63.20,0.29,0.05,0.09
219.64,63.20,0.29,0.05,0.09
219.65,63.20,0.29,0.05,0.09
219.67,63.19,0.29,0.05,0.09
219.68,63.19,0.31,0.05,0.09
219.70,63.18,0.31,0.05,0.09
219.71,63.18,0.31,0.05,0.09
219.73,63.18,0.31,0.05,0.09
219.74,63.17,0.31,0.05,0.09
219.76,63.17,0.31,0.05,0.09
219.77,63.17,0.31,0.05,0.09
219.79,63.16,0.31,0.05,0.09
219.80,63.16,0.31,0.05,0.09
219.82,63.15,0.31,0.05,0.09
219.83,63.15,0.31,0.05,0.09
219.85,63.15,0.31,0.05,0.09
219.87,63.14,0.31,0.05,0.09
219.88,63.14,0.31,0.05,0.09
219.90,63.13,0.31,0.05,0.09
219.91,63.13,0.28,0.05,0.09
219.93,63.13,0.31,0.05,0.09
219.94,63.12,0.31,0.05,0.09
219.96,63.12,0.28,0.05,0.09
219.97,63.11,0.31,0.05,0.09
219.99,63.11,0.31,0.05,0.09
220.00,63.11,0.28,0.05,0.09
220.02,63.10,0.28,0.05,0.09
220.03,63.10,0.28,0.05,0.09
220.05,63.10,0.31,0.05,0.09
220.06,63.09,0.28,0.05,0.09
220.07,63.09,0.32,0.05,0.08
220.09,63.09,0.31,0.05,0.09
220.10,63.08,0.28,0.05,0.09
220.12,63.08,0.29,0.05,0.08
220.13,63.07,0.31,0.05,0.09
220.15,63.07,0.29,0.05,0.08
220.16,63.07,0.32,0.05,0.08
220.18,63.06,0.32,0.05,0.08
220.19,63.06,0.29,0.05,0.08
220.21,63.06,0.29,0.05,0.08
220.22,63.05,0.29,0.05,0.08
220.24,63.05,0.32,0.05,0.08
220.25,63.04,0.29,0.05,0.08
220.27,63.04,0.29,0.05,0.08
220.28,63.04,0.29,0.05,0.08
220.30,63.03,0.29,0.05,0.08
220.31,63.03,0.29,0.05,0.08
220.32,63.03,0.29,0.05,0.08
220.34,63.02,0.29,0.05,0.08
220.35,63.02,0.29,0.05,0.08
220.37,63.01,0.29,0.05,0.08
220.38,63.01,0.29,0.05,0.08
220.40,63.01,0.29,0.05,0.08
220.41,63.00,0.29,0.05,0.08
220.43,63.00,0.29,0.05,0.08
220.44,63.00,0.29,0.05,0.08
220.46,62.99,0.29,0.05,0.08
220.47,62.99,0.29,0.05,0.08
220.49,62.98,0.29,0.05,0.08
220.50,62.98,0.29,0.05,0.08
220.52,62.98,0.29,0.05,0.08
220.53,62.97,0.31,0.05,0.08
220.54,62.97,0.31,0.05,0.08
220.56,62.96,0.31,0.05,0.08
220.57,62.96,0.31,0.05,0.08
220.59,62.96,0.31,0.05,0.08
220.60,62.95,0.31,0.05,0.08
220.62,62.95,0.31,0.05,0.08
220.63,62.95,0.31,0.05,0.08
220.65,62.94,0.31,0.05,0.08
220.66,62.94,0.31,0.05,0.08
220.68,62.93,0.31,0.05,0.08
220.69,62.93,0.31,0.05,0.08
220.70,62.93,0.31,0.05,0.08
220.72,62.92,0.31,0.05,0.08
220.73,62.92,0.31,0.05,0.08
220.75,62.92,0.31,0.05,0.08
220.76,62.91,0.31,0.05,0.08
220.78,62.91,0.31,0.05,0.08
220.79,62.90,0.31,0.05,0.08
220.81,62.90,0.31,0.05,0.08
220.82,62.90,0.31,0.05,0.08
220.84,62.89,0.31,0.05,0.08
220.85,62.89,0.31,0.05,0.08
220.86,62.89,0.31,0.05,0.08
220.88,62.88,0.31,0.05,0.08
220.89,62.88,0.31,0.05,0.08
220.91,62.87,0.31,0.05,0.08
220.92,62.87,0.31,0.05,0.08
220.94,62.87,0.31,0.05,0.08
220.95,62.86,0.31,0.05,0.08
220.97,62.86,0.31,0.05,0.08
220.98,62.86,0.31,0.05,0.08
221.00,62.85,0.31,0.05,0.08
221.01,62.85,0.31,0.05,0.08
221.03,62.84,0.28,0.04,0.08
221.04,62.84,0.31,0.05,0.08
221.05,62.84,0.28,0.04,0.08
221.07,62.83,0.31,0.05,0.08
221.08,62.83,0.31,0.05,0.08
221.10,62.82,0.31,0.05,0.08
221.11,62.82,0.28,0.04,0.08
221.13,62.82,0.28,0.04,0.08
221.14,62.81,0.28,0.04,0.08
221.16,62.81,0.28,0.04,0.08
221.17,62.81,0.28,0.04,0.08
221.19,62.80,0.30,0.04,0.07
221.20,62.80,0.30,0.04,0.07
221.21,62.79,0.30,0.04,0.07
221.23,62.79,0.30,0.04,0.07
221.24,62.79,0.28,0.04,0.08
221.26,62.78,0.28,0.04,0.08
221.27,62.78,0.30,0.04,0.07
221.29,62.77,0.30,0.04,0.07
221.30,62.77,0.30,0.04,0.07
221.31,62.77,0.30,0.04,0.07
221.33,62.76,0.30,0.04,0.07
221.34,62.76,0.30,0.04,0.07
221.36,62.76,0.30,0.04,0.07
221.37,62.75,0.30,0.04,0.07
221.39,62.75,0.30,0.04,0.07
221.40,62.74,0.30,0.04,0.07
221.42,62.74,0.30,0.04,0.07
221.43,62.74,0.30,0.04,0.07
221.44,62.73,0.30,0.04,0.07
221.47,62.73,0.28,0.04,0.08
221.48,62.72,0.30,0.04,0.07
221.49,62.72,0.30,0.04,0.07
221.51,62.72,0.30,0.04,0.07
221.52,62.71,0.30,0.04,0.07
221.54,62.71,0.30,0.04,0.07
221.55,62.70,0.30,0.04,0.07
221.57,62.70,0.30,0.04,0.07
221.58,62.70,0.30,0.04,0.07
221.60,62.69,0.30,0.04,0.07
221.61,62.69,0.27,0.04,0.07
221.62,62.68,0.30,0.04,0.07
221.64,62.68,0.30,0.04,0.07
221.65,62.68,0.30,0.04,0.07
221.67,62.67,0.30,0.04,0.07
221.68,62.67,0.30,0.04,0.07
221.70,62.67,0.30,0.04,0.07
221.71,62.66,0.30,0.04,0.07
221.73,62.66,0.30,0.04,0.07
221.74,62.65,0.27,0.04,0.07
221.75,62.65,0.30,0.04,0.07
221.77,62.65,0.30,0.04,0.07
221.78,62.64,0.30,0.04,0.07
221.80,62.64,0.27,0.04,0.07
221.81,62.63,0.27,0.04,0.07
221.83,62.63,0.27,0.04,0.07
221.84,62.63,0.27,0.04,0.07
221.85,62.62,0.27,0.04,0.07
221.87,62.62,0.27,0.04,0.07
221.88,62.61,0.27,0.04,0.07
221.90,62.61,0.27,0.04,0.07
221.91,62.61,0.27,0.04,0.07
221.92,62.60,0.27,0.04,0.07
221.94,62.60,0.27,0.04,0.07
221.95,62.60,0.27,0.04,0.07
221.97,62.59,0.27,0.04,0.07
221.98,62.59,0.27,0.04,0.07
222.00,62.58,0.27,0.04,0.07
222.01,62.58,0.27,0.04,0.07
222.03,62.58,0.27,0.04,0.07
222.04,62.57,0.27,0.04,0.07
222.05,62.57,0.27,0.04,0.07
222.07,62.56,0.27,0.04,0.07
222.08,62.56,0.27,0.04,0.07
222.10,62.56,0.27,0.04,0.07
222.11,62.55,0.27,0.04,0.07
222.13,62.55,0.27,0.04,0.07
222.14,62.55,0.27,0.04,0.07
222.15,62.54,0.27,0.04,0.07
222.17,62.54,0.27,0.04,0.07
222.18,62.53,0.27,0.04,0.07
222.20,62.53,0.27,0.04,0.07
222.21,62.53,0.27,0.04,0.07
222.23,62.52,0.27,0.04,0.07
222.24,62.52,0.27,0.04,0.07
222.25,62.51,0.27,0.04,0.07
222.27,62.51,0.27,0.04,0.07
222.28,62.51,0.27,0.04,0.07
222.30,62.50,0.27,0.04,0.07
222.31,62.50,0.27,0.04,0.07
222.33,62.49,0.27,0.04,0.07
222.34,62.49,0.27,0.04,0.07
222.35,62.49,0.27,0.04,0.07
222.37,62.48,0.27,0.04,0.07
222.38,62.48,0.27,0.04,0.07
222.40,62.47,0.27,0.04,0.07
222.41,62.47,0.27,0.04,0.07
222.43,62.47,0.27,0.04,0.07
222.44,62.46,0.27,0.04,0.07
222.45,62.46,0.27,0.04,0.07
222.47,62.45,0.27,0.04,0.07
222.48,62.45,0.27,0.04,0.07
222.50,62.45,0.27,0.04,0.07
222.51,62.44,0.27,0.04,0.07
222.52,62.44,0.27,0.04,0.07
222.54,62.44,0.27,0.04,0.07
222.55,62.43,0.27,0.04,0.07
222.57,62.43,0.27,0.04,0.07
222.58,62.42,0.27,0.04,0.07
222.59,62.42,0.27,0.04,0.07
222.61,62.42,0.27,0.04,0.07
222.62,62.41,0.27,0.04,0.07
222.64,62.41,0.27,0.04,0.07
222.65,62.40,0.27,0.04,0.07
222.66,62.40,0.27,0.04,0.07
222.68,62.40,0.27,0.04,0.07
222.69,62.39,0.29,0.04,0.07
222.71,62.39,0.27,0.04,0.07
222.72,62.38,0.27,0.04,0.07
222.74,62.38,0.29,0.04,0.07
222.75,62.38,0.27,0.04,0.07
222.76,62.37,0.27,0.04,0.07
222.78,62.37,0.27,0.04,0.07
222.79,62.36,0.27,0.04,0.07
222.81,62.36,0.29,0.04,0.07
222.82,62.36,0.29,0.04,0.07
222.83,62.35,0.27,0.04,0.07
222.85,62.35,0.27,0.04,0.07
222.86,62.34,0.29,0.04,0.07
222.88,62.34,0.27,0.04,0.07
222.89,62.34,0.27,0.04,0.07
222.91,62.33,0.27,0.04,0.07
222.92,62.33,0.27,0.04,0.07
222.93,62.33,0.27,0.04,0.07
222.95,62.32,0.29,0.04,0.07
222.96,62.32,0.29,0.04,0.07
222.98,62.31,0.29,0.04,0.07
222.99,62.31,0.29,0.04,0.07
223.00,62.31,0.27,0.04,0.07
223.03,62.30,0.29,0.04,0.07
223.04,62.30,0.27,0.04,0.07
223.05,62.29,0.29,0.04,0.07
223.07,62.29,0.27,0.04,0.07
223.08,62.28,0.29,0.04,0.07
223.10,62.28,0.29,0.04,0.07
223.11,62.28,0.27,0.04,0.07
223.12,62.27,0.29,0.04,0.07
223.14,62.27,0.29,0.04,0.07
223.15,62.26,0.29,0.04,0.07
223.16,62.26,0.29,0.04,0.07
223.18,62.26,0.27,0.04,0.07
223.19,62.25,0.27,0.04,0.07
223.21,62.25,0.29,0.04,0.07
223.22,62.24,0.27,0.04,0.07
223.23,62.24,0.29,0.04,0.07
223.25,62.24,0.29,0.04,0.07
223.26,62.23,0.29,0.04,0.07
223.28,62.23,0.29,0.04,0.07
223.29,62.22,0.29,0.04,0.07
223.31,62.22,0.29,0.04,0.07
223.32,62.22,0.29,0.04,0.07
223.33,62.21,0.29,0.04,0.07
223.35,62.21,0.29,0.04,0.07
223.36,62.20,0.27,0.04,0.07
223.38,62.20,0.29,0.04,0.07
223.39,62.20,0.29,0.04,0.07
223.40,62.19,0.29,0.04,0.07
223.42,62.19,0.29,0.04,0.07
223.43,62.18,0.29,0.04,0.07
223.45,62.18,0.29,0.04,0.07
223.46,62.18,0.29,0.04,0.07
223.47,62.17,0.29,0.04,0.07
223.49,62.17,0.29,0.04,0.07
223.50,62.16,0.29,0.04,0.07
223.52,62.16,0.29,0.04,0.07
223.53,62.16,0.29,0.04,0.07
223.54,62.15,0.29,0.04,0.07
223.56,62.15,0.29,0.04,0.07
223.57,62.14,0.29,0.04,0.07
223.59,62.14,0.25,0.03,0.07
223.60,62.14,0.27,0.04,0.07
223.61,62.13,0.29,0.04,0.07
223.63,62.13,0.29,0.04,0.07
223.64,62.12,0.29,0.04,0.07
223.66,62.12,0.29,0.04,0.07
223.67,62.12,0.29,0.04,0.07
223.68,62.11,0.29,0.04,0.07
223.70,62.11,0.29,0.04,0.07
223.71,62.10,0.29,0.04,0.07
223.72,62.10,0.29,0.04,0.07
223.74,62.10,0.29,0.04,0.07
223.75,62.09,0.29,0.04,0.07
223.76,62.09,0.29,0.04,0.07
223.78,62.08,0.29,0.04,0.07
223.79,62.08,0.25,0.03,0.07
223.81,62.08,0.29,0.04,0.07
223.82,62.07,0.25,0.03,0.07
223.83,62.07,0.29,0.04,0.07
223.85,62.06,0.29,0.04,0.07
223.86,62.06,0.25,0.03,0.07
223.88,62.06,0.29,0.04,0.07
223.89,62.05,0.29,0.04,0.07
223.90,62.05,0.25,0.03,0.07
223.92,62.04,0.29,0.04,0.07
223.93,62.04,0.29,0.04,0.07
223.95,62.04,0.29,0.04,0.07
223.96,62.03,0.29,0.04,0.07
223.97,62.03,0.29,0.04,0.07
223.99,62.02,0.25,0.03,0.07
224.00,62.02,0.25,0.03,0.07
224.02,62.02,0.25,0.03,0.07
224.03,62.01,0.25,0.03,0.07
224.04,62.01,0.25,0.03,0.07
224.06,62.00,0.29,0.04,0.07
224.07,62.00,0.25,0.03,0.07
224.08,62.00,0.29,0.04,0.07
224.10,61.99,0.25,0.03,0.07
224.11,61.99,0.29,0.04,0.07
224.13,61.98,0.25,0.03,0.07
224.14,61.98,0.29,0.04,0.07
224.15,61.98,0.29,0.04,0.07
224.17,61.97,0.25,0.03,0.07
224.18,61.97,0.29,0.04,0.07
224.20,61.96,0.25,0.03,0.07
224.21,61.96,0.25,0.03,0.07
224.22,61.95,0.25,0.03,0.07
224.24,61.95,0.25,0.03,0.07
224.25,61.95,0.25,0.03,0.07
224.26,61.94,0.29,0.04,0.07
224.28,61.94,0.25,0.03,0.07
224.29,61.93,0.25,0.03,0.07
224.30,61.93,0.25,0.03,0.07
224.32,61.93,0.25,0.03,0.07
224.33,61.92,0.25,0.03,0.07
224.35,61.92,0.25,0.03,0.07
224.36,61.91,0.25,0.03,0.07
224.37,61.91,0.25,0.03,0.07
224.39,61.91,0.25,0.03,0.07
224.40,61.90,0.25,0.03,0.07
224.41,61.90,0.25,0.03,0.07
224.43,61.89,0.25,0.03,0.07
224.44,61.89,0.25,0.03,0.07
224.46,61.89,0.25,0.03,0.07
224.47,61.88,0.25,0.03,0.07
224.48,61.88,0.25,0.03,0.07
224.50,61.87,0.25,0.03,0.07
224.51,61.87,0.25,0.03,0.07
224.52,61.87,0.25,0.03,0.07
224.55,61.86,0.25,0.03,0.07
224.56,61.86,0.25,0.03,0.07
224.57,61.85,0.25,0.03,0.07
224.59,61.85,0.25,0.03,0.07
224.60,61.84,0.25,0.03,0.07
224.61,61.84,0.25,0.03,0.07
224.63,61.83,0.25,0.03,0.07
224.64,61.83,0.29,0.04,0.07
224.65,61.83,0.25,0.03,0.07
224.67,61.82,0.25,0.03,0.07
224.68,61.82,0.25,0.03,0.07
224.70,61.81,0.25,0.03,0.07
224.71,61.81,0.25,0.03,0.07
224.72,61.81,0.25,0.03,0.07
224.74,61.80,0.25,0.03,0.07
224.75,61.80,0.25,0.03,0.07
224.76,61.79,0.25,0.03,0.07
224.78,61.79,0.25,0.03,0.07
224.79,61.79,0.25,0.03,0.07
224.81,61.78,0.25,0.03,0.07
224.82,61.78,0.25,0.03,0.07
224.83,61.77,0.25,0.03,0.07
224.85,61.77,0.25,0.03,0.07
224.86,61.77,0.25,0.03,0.07
224.87,61.76,0.25,0.03,0.07
224.89,61.76,0.25,0.03,0.07
224.90,61.75,0.25,0.03,0.07
224.91,61.75,0.27,0.03,0.06
224.93,61.75,0.25,0.03,0.07
224.94,61.74,0.25,0.03,0.07
224.95,61.74,0.25,0.03,0.07
224.97,61.73,0.27,0.03,0.06
224.98,61.73,0.25,0.03,0.07
225.00,61.72,0.27,0.03,0.06
225.01,61.72,0.25,0.03,0.07
225.02,61.72,0.25,0.03,0.07
225.04,61.71,0.25,0.03,0.07
225.05,61.71,0.25,0.03,0.07
225.06,61.70,0.25,0.03,0.07
225.08,61.70,0.27,0.03,0.06
225.09,61.70,0.27,0.03,0.06
225.10,61.69,0.27,0.03,0.06
225.12,61.69,0.27,0.03,0.06
225.13,61.68,0.27,0.03,0.06
225.15,61.68,0.25,0.03,0.07
225.16,61.68,0.27,0.03,0.06
225.17,61.67,0.25,0.03,0.07
225.19,61.67,0.27,0.03,0.06
225.20,61.66,0.27,0.03,0.06
225.21,61.66,0.27,0.03,0.06
225.23,61.65,0.27,0.03,0.06
225.24,61.65,0.27,0.03,0.06
225.25,61.65,0.27,0.03,0.06
225.27,61.64,0.27,0.03,0.06
225.28,61.64,0.27,0.03,0.06
225.29,61.63,0.27,0.03,0.06
225.31,61.63,0.27,0.03,0.06
225.32,61.63,0.25,0.03,0.07
225.34,61.62,0.27,0.03,0.06
225.35,61.62,0.27,0.03,0.06
225.36,61.61,0.27,0.03,0.06
225.38,61.61,0.27,0.03,0.06
225.39,61.60,0.27,0.03,0.06
225.40,61.60,0.27,0.03,0.06
225.42,61.60,0.27,0.03,0.06
225.43,61.59,0.27,0.03,0.06
225.44,61.59,0.27,0.03,0.06
225.46,61.58,0.27,0.03,0.06
225.47,61.58,0.27,0.03,0.06
225.48,61.58,0.27,0.03,0.06
225.50,61.57,0.27,0.03,0.06
225.51,61.57,0.27,0.03,0.06
225.52,61.56,0.27,0.03,0.06
225.54,61.56,0.27,0.03,0.06
225.55,61.56,0.27,0.03,0.06
225.56,61.55,0.27,0.03,0.06
225.58,61.55,0.27,0.03,0.06
225.59,61.54,0.27,0.03,0.06
225.60,61.54,0.27,0.03,0.06
225.62,61.53,0.27,0.03,0.06
225.63,61.53,0.27,0.03,0.06
225.65,61.53,0.27,0.03,0.06
225.66,61.52,0.27,0.03,0.06
225.67,61.52,0.27,0.03,0.06
225.69,61.51,0.27,0.03,0.06
225.70,61.51,0.27,0.03,0.06
225.71,61.51,0.27,0.03,0.06
225.73,61.50,0.27,0.03,0.06
225.74,61.50,0.27,0.03,0.06
225.75,61.49,0.27,0.03,0.06
225.77,61.49,0.27,0.03,0.06
225.78,61.48,0.27,0.03,0.06
225.79,61.48,0.27,0.03,0.06
225.81,61.48,0.27,0.03,0.06
225.82,61.47,0.27,0.03,0.06
225.83,61.47,0.27,0.03,0.06
225.85,61.46,0.27,0.03,0.06
225.86,61.46,0.27,0.03,0.06
225.87,61.46,0.27,0.03,0.06
225.89,61.45,0.27,0.03,0.06
225.90,61.45,0.27,0.03,0.06
225.91,61.44,0.27,0.03,0.06
225.93,61.44,0.27,0.03,0.06
225.94,61.43,0.27,0.03,0.06
225.95,61.43,0.27,0.03,0.06
225.97,61.43,0.27,0.03,0.06
225.98,61.42,0.27,0.03,0.06
225.99,61.42,0.27,0.03,0.06
226.01,61.41,0.27,0.03,0.06
226.03,61.41,0.27,0.03,0.06
226.04,61.40,0.27,0.03,0.06
226.05,61.40,0.27,0.03,0.06
226.07,61.40,0.27,0.03,0.06
226.08,61.39,0.27,0.03,0.06
226.09,61.39,0.27,0.03,0.06
226.11,61.38,0.27,0.03,0.06
226.12,61.38,0.27,0.03,0.06
226.13,61.37,0.27,0.03,0.06
226.15,61.37,0.27,0.03,0.06
226.16,61.37,0.27,0.03,0.06
226.17,61.36,0.27,0.03,0.06
226.19,61.36,0.27,0.03,0.06
226.20,61.35,0.27,0.03,0.06
226.21,61.35,0.27,0.03,0.06
226.23,61.34,0.27,0.03,0.06
226.24,61.34,0.27,0.03,0.06
226.25,61.34,0.27,0.03,0.06
226.27,61.33,0.27,0.03,0.06
226.28,61.33,0.27,0.03,0.06
226.29,61.32,0.27,0.03,0.06
226.31,61.32,0.27,0.03,0.06
226.32,61.32,0.27,0.03,0.06
226.33,61.31,0.27,0.03,0.06
226.35,61.31,0.27,0.03,0.06
226.36,61.30,0.27,0.03,0.06
226.37,61.30,0.27,0.03,0.06
226.39,61.29,0.27,0.03,0.06
226.40,61.29,0.27,0.03,0.06
226.41,61.29,0.27,0.03,0.06
226.43,61.28,0.27,0.03,0.06
226.44,61.28,0.27,0.03,0.06
226.45,61.27,0.27,0.03,0.06
226.47,61.27,0.27,0.03,0.06
226.48,61.26,0.27,0.03,0.06
226.49,61.26,0.27,0.03,0.06
226.51,61.26,0.27,0.03,0.06
226.52,61.25,0.27,0.03,0.06
226.53,61.25,0.27,0.03,0.06
226.55,61.24,0.27,0.03,0.06
226.56,61.24,0.27,0.03,0.06
226.57,61.24,0.27,0.03,0.06
226.59,61.23,0.27,0.03,0.06
226.60,61.23,0.27,0.03,0.06
226.61,61.22,0.27,0.03,0.06
226.63,61.22,0.29,0.03,0.06
226.64,61.21,0.23,0.03,0.06
226.65,61.21,0.27,0.03,0.06
226.67,61.21,0.27,0.03,0.06
226.68,61.20,0.27,0.03,0.06
226.69,61.20,0.27,0.03,0.06
226.71,61.19,0.27,0.03,0.06
226.72,61.19,0.27,0.03,0.06
226.73,61.19,0.27,0.03,0.06
226.74,61.18,0.27,0.03,0.06
226.76,61.18,0.27,0.03,0.06
226.77,61.17,0.27,0.03,0.06
226.78,61.17,0.27,0.03,0.06
226.80,61.16,0.27,0.03,0.06
226.81,61.16,0.27,0.03,0.06
226.82,61.16,0.27,0.03,0.06
226.84,61.15,0.27,0.03,0.06
226.85,61.15,0.27,0.03,0.06
226.86,61.14,0.27,0.03,0.06
226.88,61.14,0.27,0.03,0.06
226.89,61.13,0.27,0.03,0.06
226.90,61.13,0.27,0.03,0.06
226.92,61.13,0.27,0.03,0.06
226.93,61.12,0.27,0.03,0.06
226.94,61.12,0.27,0.03,0.06
226.96,61.11,0.27,0.03,0.06
226.97,61.11,0.27,0.03,0.06
226.98,61.10,0.27,0.03,0.06
227.00,61.10,0.27,0.03,0.06
227.01,61.10,0.29,0.03,0.06
227.02,61.09,0.27,0.03,0.06
227.04,61.09,0.27,0.03,0.06
227.05,61.08,0.27,0.03,0.06
227.06,61.08,0.27,0.03,0.06
227.08,61.07,0.27,0.03,0.06
227.09,61.07,0.27,0.03,0.06
227.10,61.07,0.23,0.03,0.06
227.11,61.06,0.27,0.03,0.06
227.13,61.06,0.27,0.03,0.06
227.14,61.05,0.27,0.03,0.06
227.15,61.05,0.27,0.03,0.06
227.17,61.05,0.27,0.03,0.06
227.18,61.04,0.27,0.03,0.06
227.19,61.04,0.27,0.03,0.06
227.20,61.03,0.27,0.03,0.06
227.22,61.03,0.23,0.03,0.06
227.23,61.02,0.27,0.03,0.06
227.24,61.02,0.27,0.03,0.06
227.26,61.02,0.29,0.03,0.06
227.27,61.01,0.23,0.03,0.06
227.28,61.01,0.27,0.03,0.06
227.30,61.00,0.23,0.03,0.06
227.31,61.00,0.27,0.03,0.06
227.32,60.99,0.27,0.03,0.06
227.34,60.99,0.27,0.03,0.06
227.35,60.99,0.29,0.03,0.06
227.36,60.98,0.27,0.03,0.06
227.38,60.98,0.23,0.03,0.06
227.39,60.97,0.29,0.03,0.06
227.40,60.97,0.29,0.03,0.06
227.41,60.96,0.27,0.03,0.06
227.43,60.96,0.29,0.03,0.06
227.44,60.96,0.27,0.03,0.06
227.45,60.95,0.29,0.03,0.06
227.47,60.94,0.27,0.03,0.06
227.49,60.94,0.25,0.03,0.06
227.50,60.94,0.23,0.03,0.06
227.51,60.93,0.27,0.03,0.06
227.53,60.93,0.23,0.03,0.06
227.54,60.92,0.27,0.03,0.06
227.55,60.92,0.23,0.03,0.06
227.57,60.91,0.29,0.03,0.06
227.58,60.91,0.25,0.03,0.06
227.59,60.91,0.29,0.03,0.06
227.60,60.90,0.25,0.03,0.06
227.62,60.90,0.25,0.03,0.06
227.63,60.89,0.29,0.03,0.06
227.64,60.89,0.23,0.03,0.06
227.66,60.88,0.23,0.03,0.06
227.67,60.88,0.25,0.03,0.06
227.68,60.88,0.29,0.03,0.06
227.69,60.87,0.25,0.03,0.06
227.71,60.87,0.29,0.03,0.06
227.72,60.86,0.29,0.03,0.06
227.73,60.86,0.29,0.03,0.06
227.75,60.85,0.29,0.03,0.06
227.76,60.85,0.25,0.03,0.06
227.77,60.85,0.29,0.03,0.06
227.78,60.84,0.29,0.03,0.06
227.80,60.84,0.25,0.03,0.06
227.81,60.83,0.25,0.03,0.06
227.82,60.83,0.29,0.03,0.06
227.84,60.82,0.25,0.03,0.06
227.85,60.82,0.25,0.03,0.06
227.86,60.82,0.25,0.03,0.06
227.88,60.81,0.29,0.03,0.06
227.89,60.81,0.23,0.03,0.06
227.90,60.80,0.25,0.03,0.06
227.91,60.80,0.23,0.03,0.06
227.93,60.79,0.29,0.03,0.06
227.94,60.79,0.25,0.03,0.06
227.95,60.79,0.25,0.03,0.06
227.97,60.78,0.25,0.03,0.06
227.98,60.78,0.25,0.03,0.06
227.99,60.77,0.25,0.03,0.06
228.12,60.73,0.27,0.03,0.06
228.13,60.73,0.29,0.03,0.06
228.15,60.72,0.27,0.03,0.06
228.16,60.72,0.25,0.03,0.06
228.17,60.71,0.29,0.03,0.06
228.19,60.71,0.25,0.03,0.06
228.20,60.70,0.27,0.03,0.06