Wvlgth Extraterrestrial_spectrm Direct_normal_irradiance Difuse_horizn_irradiance Global_horizn_irradiance Direct_horizn_irradiance Direct_tilted_irradiance Difuse_tilted_irradiance Global_tilted_irradiance Beam_normal_+circumsolar Difuse_horiz-circumsolar Upward_reflctd_radiation
.2800E+03 .7851E-01 .4721E-19 .9183E-20 .5197E-19 .4279E-19 .4721E-19 .8821E-20 .5604E-19 .4721E-19 .9183E-20 .1443E-20
.2805E+03 .1024E+00 .8725E-18 .1665E-18 .9572E-18 .7907E-18 .8725E-18 .1599E-18 .1032E-17 .8725E-18 .1665E-18 .2663E-19
.2810E+03 .1717E+00 .4080E-17 .7526E-18 .4450E-17 .3697E-17 .4080E-17 .7232E-18 .4803E-17 .4080E-17 .7526E-18 .1240E-18
.2815E+03 .2412E+00 .7430E-16 .1341E-16 .8075E-16 .6734E-16 .7430E-16 .1289E-16 .8719E-16 .7430E-16 .1341E-16 .2256E-17
.2820E+03 .2918E+00 .4442E-15 .7782E-16 .4804E-15 .4026E-15 .4442E-15 .7481E-16 .5190E-15 .4442E-15 .7782E-16 .1345E-16
.2825E+03 .3144E+00 .1401E-14 .2371E-15 .1507E-14 .1270E-14 .1401E-14 .2280E-15 .1629E-14 .1401E-14 .2371E-15 .4227E-16
.2830E+03 .3431E+00 .4976E-14 .8125E-15 .5322E-14 .4510E-14 .4976E-14 .7815E-15 .5757E-14 .4976E-14 .8125E-15 .1496E-15
.2835E+03 .3225E+00 .8388E-14 .1314E-14 .8916E-14 .7602E-14 .8388E-14 .1264E-14 .9652E-14 .8388E-14 .1314E-14 .2510E-15
.2840E+03 .3213E+00 .1193E-12 .1825E-13 .1264E-12 .1081E-12 .1193E-12 .1757E-13 .1369E-12 .1193E-12 .1825E-13 .3566E-14
.2845E+03 .2516E+00 .3268E-12 .4814E-13 .3443E-12 .2962E-12 .3268E-12 .4635E-13 .3732E-12 .3268E-12 .4814E-13 .9732E-14
.2850E+03 .1186E+00 .5834E-12 .1446E-12 .6734E-12 .5288E-12 .5834E-12 .1388E-12 .7222E-12 .5834E-12 .1446E-12 .1944E-13
.2855E+03 .1378E+00 .3238E-11 .9238E-12 .3858E-11 .2935E-11 .3238E-11 .8858E-12 .4124E-11 .3238E-11 .9238E-12 .1124E-12
.2860E+03 .3008E+00 .1349E-10 .3977E-11 .1620E-10 .1223E-10 .1349E-10 .3813E-11 .1730E-10 .1349E-10 .3977E-11 .4739E-12
.2865E+03 .3583E+00 .5884E-10 .1993E-10 .7326E-10 .5332E-10 .5884E-10 .1910E-10 .7794E-10 .5884E-10 .1993E-10 .2162E-11
.2870E+03 .3780E+00 .1629E-09 .6153E-10 .2092E-09 .1477E-09 .1629E-09 .5894E-10 .2219E-09 .1629E-09 .6153E-10 .6225E-11
.2875E+03 .3784E+00 .5701E-09 .2626E-09 .7793E-09 .5167E-09 .5701E-09 .2514E-09 .8215E-09 .5701E-09 .2626E-09 .2349E-10
.2880E+03 .2506E+00 .1838E-08 .1233E-08 .2899E-08 .1666E-08 .1838E-08 .1179E-08 .3018E-08 .1838E-08 .1233E-08 .8943E-10
.2885E+03 .3590E+00 .6186E-08 .2259E-08 .7865E-08 .5606E-08 .6186E-08 .2165E-08 .8350E-08 .6186E-08 .2259E-08 .2357E-09
.2890E+03 .4204E+00 .1726E-07 .6499E-08 .2214E-07 .1564E-07 .1726E-07 .6226E-08 .2349E-07 .1726E-07 .6499E-08 .6664E-09
.2895E+03 .4914E+00 .5269E-07 .2081E-07 .6857E-07 .4776E-07 .5269E-07 .1993E-07 .7263E-07 .5269E-07 .2081E-07 .2074E-08
.2900E+03 .6181E+00 .1445E-06 .5871E-07 .1897E-06 .1310E-06 .1445E-06 .5623E-07 .2008E-06 .1445E-06 .5871E-07 .5762E-08
.2905E+03 .6463E+00 .2922E-06 .1202E-06 .3851E-06 .2649E-06 .2922E-06 .1151E-06 .4074E-06 .2922E-06 .1202E-06 .1174E-07
.2910E+03 .6101E+00 .6073E-06 .2591E-06 .8095E-06 .5504E-06 .6073E-06 .2481E-06 .8554E-06 .6073E-06 .2591E-06 .2479E-07
.2915E+03 .6024E+00 .1623E-05 .7525E-06 .2224E-05 .1471E-05 .1623E-05 .7205E-06 .2344E-05 .1623E-05 .7525E-06 .6858E-07
.2920E+03 .5732E+00 .3487E-05 .1544E-05 .4703E-05 .3160E-05 .3487E-05 .1478E-05 .4965E-05 .3487E-05 .1544E-05 .1451E-06
.2925E+03 .4968E+00 .4811E-05 .1998E-05 .6358E-05 .4360E-05 .4811E-05 .1914E-05 .6725E-05 .4811E-05 .1998E-05 .1961E-06
.2930E+03 .5676E+00 .9885E-05 .3867E-05 .1283E-04 .8958E-05 .9885E-05 .3705E-05 .1359E-04 .9885E-05 .3867E-05 .3954E-06
.2935E+03 .5764E+00 .2233E-04 .8347E-05 .2858E-04 .2023E-04 .2233E-04 .7998E-05 .3032E-04 .2233E-04 .8347E-05 .8816E-06
.2940E+03 .5042E+00 .3381E-04 .1151E-04 .4215E-04 .3064E-04 .3381E-04 .1104E-04 .4484E-04 .3381E-04 .1151E-04 .1298E-05
.2945E+03 .5438E+00 .5502E-04 .2693E-04 .7679E-04 .4986E-04 .5502E-04 .2578E-04 .8080E-04 .5502E-04 .2693E-04 .2415E-05
.2950E+03 .5163E+00 .8724E-04 .4548E-04 .1245E-03 .7906E-04 .8724E-04 .4353E-04 .1308E-03 .8724E-04 .4548E-04 .3940E-05
.2955E+03 .5825E+00 .1853E-03 .1052E-03 .2732E-03 .1679E-03 .1853E-03 .1007E-03 .2860E-03 .1853E-03 .1052E-03 .8705E-05
.2960E+03 .6214E+00 .3071E-03 .1241E-03 .4024E-03 .2783E-03 .3071E-03 .1189E-03 .4260E-03 .3071E-03 .1241E-03 .1263E-04
.2965E+03 .4929E+00 .3693E-03 .1573E-03 .4921E-03 .3347E-03 .3693E-03 .1507E-03 .5200E-03 .3693E-03 .1573E-03 .1553E-04
.2970E+03 .4244E+00 .4414E-03 .1961E-03 .5961E-03 .4000E-03 .4414E-03 .1878E-03 .6292E-03 .4414E-03 .1961E-03 .1890E-04
.2975E+03 .5980E+00 .9840E-03 .4669E-03 .1359E-02 .8918E-03 .9840E-03 .4470E-03 .1431E-02 .9840E-03 .4669E-03 .4335E-04
.2980E+03 .5581E+00 .1333E-02 .6678E-03 .1876E-02 .1208E-02 .1333E-02 .6394E-03 .1972E-02 .1333E-02 .6678E-03 .6017E-04
.2985E+03 .3790E+00 .1195E-02 .6235E-03 .1706E-02 .1083E-02 .1195E-02 .5969E-03 .1791E-02 .1195E-02 .6235E-03 .5500E-04
.2990E+03 .5771E+00 .2353E-02 .1277E-02 .3410E-02 .2133E-02 .2353E-02 .1223E-02 .3576E-02 .2353E-02 .1277E-02 .1105E-03
.2995E+03 .5217E+00 .3191E-02 .1861E-02 .4753E-02 .2892E-02 .3191E-02 .1781E-02 .4972E-02 .3191E-02 .1861E-02 .1550E-03
.3000E+03 .4169E+00 .3234E-02 .1962E-02 .4893E-02 .2931E-02 .3234E-02 .1878E-02 .5112E-02 .3234E-02 .1962E-02 .1603E-03
.3005E+03 .4394E+00 .4196E-02 .2639E-02 .6441E-02 .3802E-02 .4196E-02 .2525E-02 .6721E-02 .4196E-02 .2639E-02 .2148E-03
.3010E+03 .4942E+00 .6380E-02 .4262E-02 .1004E-01 .5782E-02 .6380E-02 .4078E-02 .1046E-01 .6380E-02 .4262E-02 .3413E-03
.3015E+03 .5298E+00 .8756E-02 .6151E-02 .1409E-01 .7935E-02 .8756E-02 .5886E-02 .1464E-01 .8756E-02 .6151E-02 .4874E-03
.3020E+03 .3745E+00 .6989E-02 .5011E-02 .1135E-01 .6335E-02 .6989E-02 .4795E-02 .1178E-01 .6989E-02 .5011E-02 .3990E-03
.3025E+03 .5441E+00 .1253E-01 .9017E-02 .2037E-01 .1136E-01 .1253E-01 .8628E-02 .2116E-01 .1253E-01 .9017E-02 .7181E-03
.3030E+03 .6771E+00 .2016E-01 .1422E-01 .3249E-01 .1827E-01 .2016E-01 .1361E-01 .3377E-01 .2016E-01 .1422E-01 .1146E-02
.3035E+03 .6891E+00 .2379E-01 .1652E-01 .3808E-01 .2156E-01 .2379E-01 .1581E-01 .3960E-01 .2379E-01 .1652E-01 .1345E-02
.3040E+03 .5775E+00 .2148E-01 .1478E-01 .3425E-01 .1947E-01 .2148E-01 .1415E-01 .3563E-01 .2148E-01 .1478E-01 .1211E-02
.3045E+03 .6485E+00 .2859E-01 .1967E-01 .4558E-01 .2591E-01 .2859E-01 .1882E-01 .4741E-01 .2859E-01 .1967E-01 .1613E-02
.3050E+03 .6733E+00 .3696E-01 .2556E-01 .5906E-01 .3350E-01 .3696E-01 .2446E-01 .6142E-01 .3696E-01 .2556E-01 .2092E-02
.3055E+03 .6128E+00 .3848E-01 .2662E-01 .6149E-01 .3487E-01 .3848E-01 .2547E-01 .6395E-01 .3848E-01 .2662E-01 .2179E-02
.3060E+03 .5426E+00 .3604E-01 .2480E-01 .5747E-01 .3267E-01 .3604E-01 .2373E-01 .5978E-01 .3604E-01 .2480E-01 .2037E-02
.3065E+03 .5861E+00 .4233E-01 .2904E-01 .6741E-01 .3837E-01 .4233E-01 .2780E-01 .7013E-01 .4233E-01 .2904E-01 .2394E-02
.3070E+03 .6446E+00 .5493E-01 .3788E-01 .8765E-01 .4978E-01 .5493E-01 .3625E-01 .9117E-01 .5493E-01 .3788E-01 .3120E-02
.3075E+03 .6519E+00 .6452E-01 .4471E-01 .1032E+00 .5847E-01 .6452E-01 .4279E-01 .1073E+00 .6452E-01 .4471E-01 .3681E-02
.3080E+03 .6567E+00 .6714E-01 .4625E-01 .1071E+00 .6085E-01 .6714E-01 .4427E-01 .1114E+00 .6714E-01 .4625E-01 .3827E-02
.3085E+03 .6806E+00 .7484E-01 .5145E-01 .1193E+00 .6783E-01 .7484E-01 .4924E-01 .1241E+00 .7484E-01 .5145E-01 .4264E-02
.3090E+03 .5623E+00 .6549E-01 .4489E-01 .1042E+00 .5936E-01 .6549E-01 .4296E-01 .1085E+00 .6549E-01 .4489E-01 .3728E-02
.3095E+03 .5136E+00 .6973E-01 .5259E-01 .1158E+00 .6319E-01 .6973E-01 .5032E-01 .1200E+00 .6973E-01 .5259E-01 .4166E-02
.3100E+03 .4651E+00 .6784E-01 .5030E-01 .1118E+00 .6149E-01 .6784E-01 .4813E-01 .1160E+00 .6784E-01 .5030E-01 .4020E-02
.3105E+03 .7149E+00 .1085E+00 .7939E-01 .1777E+00 .9830E-01 .1085E+00 .7597E-01 .1844E+00 .1085E+00 .7939E-01 .6395E-02
.3110E+03 .8241E+00 .1325E+00 .9559E-01 .2156E+00 .1200E+00 .1325E+00 .9148E-01 .2239E+00 .1325E+00 .9559E-01 .7764E-02
.3115E+03 .7648E+00 .1266E+00 .9039E-01 .2051E+00 .1147E+00 .1266E+00 .8651E-01 .2131E+00 .1266E+00 .9039E-01 .7391E-02
.3120E+03 .6421E+00 .1186E+00 .8320E-01 .1907E+00 .1075E+00 .1186E+00 .7963E-01 .1983E+00 .1186E+00 .8320E-01 .6874E-02
.3125E+03 .6970E+00 .1384E+00 .9578E-01 .2212E+00 .1255E+00 .1384E+00 .9168E-01 .2301E+00 .1384E+00 .9578E-01 .7984E-02
.3130E+03 .7115E+00 .1472E+00 .1008E+00 .2342E+00 .1334E+00 .1472E+00 .9645E-01 .2436E+00 .1472E+00 .1008E+00 .8462E-02
.3135E+03 .7257E+00 .1467E+00 .9979E-01 .2328E+00 .1330E+00 .1467E+00 .9551E-01 .2423E+00 .1467E+00 .9979E-01 .8426E-02
.3140E+03 .7936E+00 .1738E+00 .1167E+00 .2742E+00 .1575E+00 .1738E+00 .1117E+00 .2855E+00 .1738E+00 .1167E+00 .9940E-02
.3145E+03 .5931E+00 .1435E+00 .9519E-01 .2252E+00 .1300E+00 .1435E+00 .9112E-01 .2346E+00 .1435E+00 .9519E-01 .8169E-02
.3150E+03 .7541E+00 .1869E+00 .1229E+00 .2923E+00 .1694E+00 .1869E+00 .1177E+00 .3045E+00 .1869E+00 .1229E+00 .1061E-01
.3155E+03 .6804E+00 .1627E+00 .1063E+00 .2537E+00 .1474E+00 .1627E+00 .1017E+00 .2644E+00 .1627E+00 .1063E+00 .9218E-02
.3160E+03 .5183E+00 .1340E+00 .8667E-01 .2081E+00 .1214E+00 .1340E+00 .8297E-01 .2170E+00 .1340E+00 .8667E-01 .7567E-02
.3165E+03 .6632E+00 .1830E+00 .1174E+00 .2833E+00 .1658E+00 .1830E+00 .1124E+00 .2954E+00 .1830E+00 .1174E+00 .1044E-01
.3170E+03 .8229E+00 .2282E+00 .1452E+00 .3520E+00 .2068E+00 .2282E+00 .1390E+00 .3672E+00 .2282E+00 .1452E+00 .1314E-01
.3175E+03 .8804E+00 .2418E+00 .1527E+00 .3718E+00 .2191E+00 .2418E+00 .1462E+00 .3880E+00 .2418E+00 .1527E+00 .1405E-01
.3180E+03 .6346E+00 .1823E+00 .1143E+00 .2795E+00 .1652E+00 .1823E+00 .1094E+00 .2918E+00 .1823E+00 .1143E+00 .1070E-01
.3185E+03 .6824E+00 .2117E+00 .1320E+00 .3238E+00 .1918E+00 .2117E+00 .1264E+00 .3381E+00 .2117E+00 .1320E+00 .1258E-01
.3190E+03 .7535E+00 .2432E+00 .1508E+00 .3712E+00 .2204E+00 .2432E+00 .1444E+00 .3876E+00 .2432E+00 .1508E+00 .1462E-01
.3195E+03 .6833E+00 .2104E+00 .1291E+00 .3198E+00 .1906E+00 .2104E+00 .1237E+00 .3340E+00 .2104E+00 .1291E+00 .1277E-01
.3200E+03 .8369E+00 .2569E+00 .1565E+00 .3893E+00 .2328E+00 .2569E+00 .1499E+00 .4068E+00 .2569E+00 .1565E+00 .1576E-01
.3205E+03 .9082E+00 .3000E+00 .1819E+00 .4538E+00 .2719E+00 .3000E+00 .1742E+00 .4743E+00 .3000E+00 .1819E+00 .1859E-01
.3210E+03 .7156E+00 .2513E+00 .1536E+00 .3813E+00 .2278E+00 .2513E+00 .1471E+00 .3985E+00 .2513E+00 .1536E+00 .1582E-01
.3215E+03 .6753E+00 .2401E+00 .1459E+00 .3636E+00 .2176E+00 .2401E+00 .1398E+00 .3799E+00 .2401E+00 .1459E+00 .1526E-01
.3220E+03 .8151E+00 .2748E+00 .1629E+00 .4119E+00 .2490E+00 .2748E+00 .1561E+00 .4309E+00 .2748E+00 .1629E+00 .1747E-01
.3225E+03 .7018E+00 .2386E+00 .1405E+00 .3567E+00 .2162E+00 .2386E+00 .1346E+00 .3732E+00 .2386E+00 .1405E+00 .1532E-01
.3230E+03 .6403E+00 .2276E+00 .1346E+00 .3409E+00 .2063E+00 .2276E+00 .1290E+00 .3566E+00 .2276E+00 .1346E+00 .1484E-01
.3235E+03 .6833E+00 .2599E+00 .1630E+00 .3986E+00 .2356E+00 .2599E+00 .1562E+00 .4161E+00 .2599E+00 .1630E+00 .1763E-01
.3240E+03 .7817E+00 .3017E+00 .1884E+00 .4618E+00 .2734E+00 .3017E+00 .1806E+00 .4823E+00 .3017E+00 .1884E+00 .2069E-01
.3245E+03 .8269E+00 .3138E+00 .1931E+00 .4775E+00 .2844E+00 .3138E+00 .1851E+00 .4989E+00 .3138E+00 .1931E+00 .2161E-01
.3250E+03 .7845E+00 .2870E+00 .1652E+00 .4253E+00 .2601E+00 .2870E+00 .1584E+00 .4454E+00 .2870E+00 .1652E+00 .1939E-01
.3255E+03 .9417E+00 .3566E+00 .2059E+00 .5290E+00 .3231E+00 .3566E+00 .1974E+00 .5540E+00 .3566E+00 .2059E+00 .2438E-01
.3260E+03 .1053E+01 .4170E+00 .2534E+00 .6314E+00 .3780E+00 .4170E+00 .2429E+00 .6600E+00 .4170E+00 .2534E+00 .2948E-01
.3265E+03 .9975E+00 .4073E+00 .2481E+00 .6172E+00 .3691E+00 .4073E+00 .2379E+00 .6452E+00 .4073E+00 .2481E+00 .2916E-01
.3270E+03 .1010E+01 .4111E+00 .2479E+00 .6205E+00 .3726E+00 .4111E+00 .2377E+00 .6488E+00 .4111E+00 .2479E+00 .2963E-01
.3275E+03 .9966E+00 .4031E+00 .2403E+00 .6056E+00 .3653E+00 .4031E+00 .2304E+00 .6335E+00 .4031E+00 .2403E+00 .2923E-01
.3280E+03 .9535E+00 .3733E+00 .2087E+00 .5470E+00 .3383E+00 .3733E+00 .2002E+00 .5734E+00 .3733E+00 .2087E+00 .2660E-01
.3285E+03 .9138E+00 .3757E+00 .2214E+00 .5619E+00 .3405E+00 .3757E+00 .2123E+00 .5881E+00 .3757E+00 .2214E+00 .2770E-01
.3290E+03 .1025E+01 .4357E+00 .2578E+00 .6527E+00 .3949E+00 .4357E+00 .2473E+00 .6830E+00 .4357E+00 .2578E+00 .3252E-01
.3295E+03 .1140E+01 .4907E+00 .2893E+00 .7340E+00 .4447E+00 .4907E+00 .2775E+00 .7682E+00 .4907E+00 .2893E+00 .3694E-01
.3300E+03 .1163E+01 .5002E+00 .2920E+00 .7453E+00 .4533E+00 .5002E+00 .2802E+00 .7803E+00 .5002E+00 .2920E+00 .3788E-01
.3305E+03 .9731E+00 .4117E+00 .2366E+00 .6098E+00 .3731E+00 .4117E+00 .2271E+00 .6387E+00 .4117E+00 .2366E+00 .3127E-01
.3310E+03 .1006E+01 .4240E+00 .2413E+00 .6256E+00 .3843E+00 .4240E+00 .2315E+00 .6556E+00 .4240E+00 .2413E+00 .3239E-01
.3315E+03 .9821E+00 .4233E+00 .2408E+00 .6245E+00 .3836E+00 .4233E+00 .2311E+00 .6544E+00 .4233E+00 .2408E+00 .3265E-01
.3320E+03 .1007E+01 .4457E+00 .2543E+00 .6582E+00 .4039E+00 .4457E+00 .2440E+00 .6897E+00 .4457E+00 .2543E+00 .3476E-01
.3325E+03 .9727E+00 .4364E+00 .2483E+00 .6438E+00 .3955E+00 .4364E+00 .2383E+00 .6747E+00 .4364E+00 .2483E+00 .3434E-01
.3330E+03 .9796E+00 .4392E+00 .2476E+00 .6456E+00 .3981E+00 .4392E+00 .2377E+00 .6769E+00 .4392E+00 .2476E+00 .3477E-01
.3335E+03 .9170E+00 .4066E+00 .2260E+00 .5945E+00 .3685E+00 .4066E+00 .2170E+00 .6236E+00 .4066E+00 .2260E+00 .3231E-01
.3340E+03 .9423E+00 .4185E+00 .2308E+00 .6101E+00 .3793E+00 .4185E+00 .2216E+00 .6401E+00 .4185E+00 .2308E+00 .3347E-01
.3345E+03 .1041E+01 .4726E+00 .2610E+00 .6893E+00 .4283E+00 .4726E+00 .2506E+00 .7232E+00 .4726E+00 .2610E+00 .3818E-01
.3350E+03 .9543E+00 .4392E+00 .2420E+00 .6400E+00 .3981E+00 .4392E+00 .2324E+00 .6716E+00 .4392E+00 .2420E+00 .3577E-01
.3355E+03 .1073E+01 .4981E+00 .2959E+00 .7473E+00 .4514E+00 .4981E+00 .2840E+00 .7821E+00 .4981E+00 .2959E+00 .4232E-01
.3360E+03 .7401E+00 .3451E+00 .2038E+00 .5166E+00 .3128E+00 .3451E+00 .1957E+00 .5408E+00 .3451E+00 .2038E+00 .2952E-01
.3365E+03 .9055E+00 .4206E+00 .2267E+00 .6079E+00 .3812E+00 .4206E+00 .2177E+00 .6384E+00 .4206E+00 .2267E+00 .3486E-01
.3370E+03 .7531E+00 .3490E+00 .1863E+00 .5026E+00 .3163E+00 .3490E+00 .1789E+00 .5280E+00 .3490E+00 .1863E+00 .2905E-01
.3375E+03 .9398E+00 .4363E+00 .2310E+00 .6264E+00 .3954E+00 .4363E+00 .2219E+00 .6582E+00 .4363E+00 .2310E+00 .3650E-01
.3380E+03 .8870E+00 .4188E+00 .2216E+00 .6012E+00 .3795E+00 .4188E+00 .2129E+00 .6317E+00 .4188E+00 .2216E+00 .3532E-01
.3385E+03 .9911E+00 .4719E+00 .2652E+00 .6929E+00 .4277E+00 .4719E+00 .2547E+00 .7267E+00 .4719E+00 .2652E+00 .4123E-01
.3390E+03 .9814E+00 .4701E+00 .2590E+00 .6850E+00 .4260E+00 .4701E+00 .2488E+00 .7189E+00 .4701E+00 .2590E+00 .4111E-01
.3395E+03 .9386E+00 .4512E+00 .2496E+00 .6585E+00 .4090E+00 .4512E+00 .2398E+00 .6910E+00 .4512E+00 .2496E+00 .3989E-01
.3400E+03 .1134E+01 .5442E+00 .2806E+00 .7738E+00 .4932E+00 .5442E+00 .2697E+00 .8139E+00 .5442E+00 .2806E+00 .4713E-01
.3405E+03 .1017E+01 .4905E+00 .2514E+00 .6959E+00 .4445E+00 .4905E+00 .2417E+00 .7322E+00 .4905E+00 .2514E+00 .4273E-01
.3410E+03 .9646E+00 .4699E+00 .2529E+00 .6788E+00 .4259E+00 .4699E+00 .2431E+00 .7130E+00 .4699E+00 .2529E+00 .4214E-01
.3415E+03 .8886E+00 .4355E+00 .2279E+00 .6227E+00 .3947E+00 .4355E+00 .2191E+00 .6547E+00 .4355E+00 .2279E+00 .3891E-01
.3420E+03 .1061E+01 .5221E+00 .2701E+00 .7433E+00 .4732E+00 .5221E+00 .2597E+00 .7819E+00 .5221E+00 .2701E+00 .4681E-01
.3425E+03 .9910E+00 .4902E+00 .2509E+00 .6952E+00 .4443E+00 .4902E+00 .2413E+00 .7315E+00 .4902E+00 .2509E+00 .4410E-01
.3430E+03 .1085E+01 .5380E+00 .2768E+00 .7644E+00 .4876E+00 .5380E+00 .2662E+00 .8042E+00 .5380E+00 .2768E+00 .4890E-01
.3435E+03 .1018E+01 .5059E+00 .2608E+00 .7193E+00 .4585E+00 .5059E+00 .2508E+00 .7567E+00 .5059E+00 .2608E+00 .4639E-01
.3440E+03 .7669E+00 .3802E+00 .1863E+00 .5309E+00 .3446E+00 .3802E+00 .1793E+00 .5595E+00 .3802E+00 .1863E+00 .3442E-01
.3445E+03 .7520E+00 .3760E+00 .1951E+00 .5359E+00 .3407E+00 .3760E+00 .1877E+00 .5636E+00 .3760E+00 .1951E+00 .3512E-01
.3450E+03 .9988E+00 .5032E+00 .2525E+00 .7085E+00 .4560E+00 .5032E+00 .2429E+00 .7461E+00 .5032E+00 .2525E+00 .4671E-01
.3455E+03 .1019E+01 .5159E+00 .2551E+00 .7226E+00 .4675E+00 .5159E+00 .2455E+00 .7613E+00 .5159E+00 .2551E+00 .4798E-01
.3460E+03 .8646E+00 .4398E+00 .2149E+00 .6135E+00 .3986E+00 .4398E+00 .2069E+00 .6467E+00 .4398E+00 .2149E+00 .4102E-01
.3465E+03 .9772E+00 .4992E+00 .2416E+00 .6941E+00 .4524E+00 .4992E+00 .2326E+00 .7318E+00 .4992E+00 .2416E+00 .4675E-01
.3470E+03 .1045E+01 .5351E+00 .2596E+00 .7445E+00 .4850E+00 .5351E+00 .2498E+00 .7850E+00 .5351E+00 .2596E+00 .5056E-01
.3475E+03 .8420E+00 .4327E+00 .2093E+00 .6015E+00 .3922E+00 .4327E+00 .2015E+00 .6342E+00 .4327E+00 .2093E+00 .4116E-01
.3480E+03 .9603E+00 .4959E+00 .2358E+00 .6852E+00 .4494E+00 .4959E+00 .2270E+00 .7229E+00 .4959E+00 .2358E+00 .4721E-01
.3485E+03 .9597E+00 .4974E+00 .2337E+00 .6844E+00 .4508E+00 .4974E+00 .2250E+00 .7224E+00 .4974E+00 .2337E+00 .4749E-01
.3490E+03 .8882E+00 .4622E+00 .2154E+00 .6344E+00 .4189E+00 .4622E+00 .2075E+00 .6697E+00 .4622E+00 .2154E+00 .4434E-01
.3495E+03 .8766E+00 .4580E+00 .2125E+00 .6276E+00 .4151E+00 .4580E+00 .2047E+00 .6627E+00 .4580E+00 .2125E+00 .4419E-01
.3500E+03 .1082E+01 .5673E+00 .2614E+00 .7755E+00 .5141E+00 .5673E+00 .2518E+00 .8191E+00 .5673E+00 .2614E+00 .5500E-01
.3505E+03 .1139E+01 .5991E+00 .2743E+00 .8173E+00 .5430E+00 .5991E+00 .2643E+00 .8634E+00 .5991E+00 .2743E+00 .5834E-01
.3510E+03 .1015E+01 .5352E+00 .2446E+00 .7296E+00 .4850E+00 .5352E+00 .2357E+00 .7708E+00 .5352E+00 .2446E+00 .5243E-01
.3515E+03 .9814E+00 .5186E+00 .2389E+00 .7089E+00 .4700E+00 .5186E+00 .2302E+00 .7488E+00 .5186E+00 .2389E+00 .5131E-01
.3520E+03 .1054E+01 .5594E+00 .2538E+00 .7608E+00 .5070E+00 .5594E+00 .2446E+00 .8040E+00 .5594E+00 .2538E+00 .5539E-01
.3525E+03 .8215E+00 .4379E+00 .1963E+00 .5932E+00 .3968E+00 .4379E+00 .1892E+00 .6271E+00 .4379E+00 .1963E+00 .4347E-01
.3530E+03 .1033E+01 .5526E+00 .2455E+00 .7463E+00 .5008E+00 .5526E+00 .2366E+00 .7892E+00 .5526E+00 .2455E+00 .5507E-01
.3535E+03 .1103E+01 .5917E+00 .2607E+00 .7969E+00 .5363E+00 .5917E+00 .2513E+00 .8430E+00 .5917E+00 .2607E+00 .5920E-01
.3540E+03 .1144E+01 .6152E+00 .2688E+00 .8264E+00 .5575E+00 .6152E+00 .2592E+00 .8744E+00 .6152E+00 .2688E+00 .6181E-01
.3545E+03 .1159E+01 .6251E+00 .2715E+00 .8381E+00 .5666E+00 .6251E+00 .2618E+00 .8870E+00 .6251E+00 .2715E+00 .6309E-01
.3550E+03 .1153E+01 .6240E+00 .2698E+00 .8353E+00 .5655E+00 .6240E+00 .2602E+00 .8842E+00 .6240E+00 .2698E+00 .6329E-01
.3555E+03 .1039E+01 .5646E+00 .2426E+00 .7543E+00 .5117E+00 .5646E+00 .2340E+00 .7986E+00 .5646E+00 .2426E+00 .5752E-01
.3560E+03 .1085E+01 .5919E+00 .2527E+00 .7891E+00 .5364E+00 .5919E+00 .2438E+00 .8356E+00 .5919E+00 .2527E+00 .6055E-01
.3565E+03 .9252E+00 .5062E+00 .2148E+00 .6736E+00 .4588E+00 .5062E+00 .2073E+00 .7135E+00 .5062E+00 .2148E+00 .5201E-01
.3570E+03 .7640E+00 .4190E+00 .1768E+00 .5566E+00 .3798E+00 .4190E+00 .1706E+00 .5896E+00 .4190E+00 .1768E+00 .4325E-01
.3575E+03 .9344E+00 .5139E+00 .2154E+00 .6812E+00 .4658E+00 .5139E+00 .2079E+00 .7218E+00 .5139E+00 .2154E+00 .5326E-01
.3580E+03 .7396E+00 .4080E+00 .1699E+00 .5397E+00 .3698E+00 .4080E+00 .1640E+00 .5720E+00 .4080E+00 .1699E+00 .4246E-01
.3585E+03 .6313E+00 .3493E+00 .1446E+00 .4611E+00 .3166E+00 .3493E+00 .1396E+00 .4888E+00 .3493E+00 .1446E+00 .3650E-01
.3590E+03 .8821E+00 .4893E+00 .2015E+00 .6450E+00 .4435E+00 .4893E+00 .1945E+00 .6839E+00 .4893E+00 .2015E+00 .5136E-01
.3595E+03 .1123E+01 .6243E+00 .2561E+00 .8220E+00 .5658E+00 .6243E+00 .2473E+00 .8716E+00 .6243E+00 .2561E+00 .6586E-01
.3600E+03 .1189E+01 .6629E+00 .2702E+00 .8710E+00 .6008E+00 .6629E+00 .2609E+00 .9239E+00 .6629E+00 .2702E+00 .7021E-01
.3605E+03 .9490E+00 .5307E+00 .2148E+00 .6958E+00 .4810E+00 .5307E+00 .2075E+00 .7382E+00 .5307E+00 .2148E+00 .5644E-01
.3610E+03 .8633E+00 .4843E+00 .1948E+00 .6337E+00 .4389E+00 .4843E+00 .1882E+00 .6725E+00 .4843E+00 .1948E+00 .5172E-01
.3615E+03 .9904E+00 .5578E+00 .2231E+00 .7286E+00 .5055E+00 .5578E+00 .2155E+00 .7733E+00 .5578E+00 .2231E+00 .5983E-01
.3620E+03 .8532E+00 .4824E+00 .1919E+00 .6291E+00 .4372E+00 .4824E+00 .1854E+00 .6678E+00 .4824E+00 .1919E+00 .5198E-01
.3625E+03 .1177E+01 .6677E+00 .2642E+00 .8693E+00 .6051E+00 .6677E+00 .2553E+00 .9230E+00 .6677E+00 .2642E+00 .7225E-01
.3630E+03 .1054E+01 .5999E+00 .2361E+00 .7798E+00 .5437E+00 .5999E+00 .2282E+00 .8281E+00 .5999E+00 .2361E+00 .6519E-01
.3635E+03 .9678E+00 .5528E+00 .2165E+00 .7175E+00 .5010E+00 .5528E+00 .2092E+00 .7621E+00 .5528E+00 .2165E+00 .6032E-01
.3640E+03 .1181E+01 .6766E+00 .2635E+00 .8766E+00 .6132E+00 .6766E+00 .2547E+00 .9313E+00 .6766E+00 .2635E+00 .7412E-01
.3645E+03 .1008E+01 .5789E+00 .2242E+00 .7488E+00 .5246E+00 .5789E+00 .2168E+00 .7956E+00 .5789E+00 .2242E+00 .6368E-01
.3650E+03 .1025E+01 .5901E+00 .2273E+00 .7622E+00 .5349E+00 .5901E+00 .2198E+00 .8100E+00 .5901E+00 .2273E+00 .6518E-01
.3655E+03 .1284E+01 .7414E+00 .2840E+00 .9560E+00 .6720E+00 .7414E+00 .2747E+00 .1016E+01 .7414E+00 .2840E+00 .8222E-01
.3660E+03 .1357E+01 .7862E+00 .2995E+00 .1012E+01 .7125E+00 .7862E+00 .2897E+00 .1076E+01 .7862E+00 .2995E+00 .8752E-01
.3665E+03 .1272E+01 .7391E+00 .2801E+00 .9499E+00 .6699E+00 .7391E+00 .2709E+00 .1010E+01 .7391E+00 .2801E+00 .8263E-01
.3670E+03 .1237E+01 .7205E+00 .2715E+00 .9244E+00 .6530E+00 .7205E+00 .2626E+00 .9831E+00 .7205E+00 .2715E+00 .8088E-01
.3675E+03 .1282E+01 .7483E+00 .2803E+00 .9585E+00 .6782E+00 .7483E+00 .2713E+00 .1020E+01 .7483E+00 .2803E+00 .8435E-01
.3680E+03 .1120E+01 .6553E+00 .2441E+00 .8380E+00 .5939E+00 .6553E+00 .2363E+00 .8916E+00 .6553E+00 .2441E+00 .7417E-01
.3685E+03 .1128E+01 .6619E+00 .2454E+00 .8453E+00 .5999E+00 .6619E+00 .2375E+00 .8995E+00 .6619E+00 .2454E+00 .7522E-01
.3690E+03 .1216E+01 .7157E+00 .2639E+00 .9126E+00 .6486E+00 .7157E+00 .2555E+00 .9712E+00 .7157E+00 .2639E+00 .8165E-01
.3695E+03 .1294E+01 .7639E+00 .2802E+00 .9725E+00 .6923E+00 .7639E+00 .2713E+00 .1035E+01 .7639E+00 .2802E+00 .8748E-01
.3700E+03 .1377E+01 .8153E+00 .2976E+00 .1036E+01 .7389E+00 .8153E+00 .2881E+00 .1103E+01 .8153E+00 .2976E+00 .9373E-01
.3705E+03 .1067E+01 .6334E+00 .2300E+00 .8041E+00 .5741E+00 .6334E+00 .2227E+00 .8562E+00 .6334E+00 .2300E+00 .7310E-01
.3710E+03 .1138E+01 .6775E+00 .2447E+00 .8588E+00 .6141E+00 .6775E+00 .2370E+00 .9146E+00 .6775E+00 .2447E+00 .7848E-01
.3715E+03 .1422E+01 .8487E+00 .3048E+00 .1074E+01 .7692E+00 .8487E+00 .2953E+00 .1144E+01 .8487E+00 .3048E+00 .9867E-01
.3720E+03 .9428E+00 .5639E+00 .2015E+00 .7126E+00 .5111E+00 .5639E+00 .1952E+00 .7591E+00 .5639E+00 .2015E+00 .6581E-01
.3725E+03 .1129E+01 .6769E+00 .2405E+00 .8540E+00 .6135E+00 .6769E+00 .2331E+00 .9100E+00 .6769E+00 .2405E+00 .7930E-01
.3730E+03 .1146E+01 .6891E+00 .2437E+00 .8682E+00 .6245E+00 .6891E+00 .2362E+00 .9252E+00 .6891E+00 .2437E+00 .8105E-01
.3735E+03 .7441E+00 .4487E+00 .1579E+00 .5646E+00 .4067E+00 .4487E+00 .1531E+00 .6018E+00 .4487E+00 .1579E+00 .5299E-01
.3740E+03 .1080E+01 .6527E+00 .2285E+00 .8200E+00 .5915E+00 .6527E+00 .2215E+00 .8742E+00 .6527E+00 .2285E+00 .7738E-01
.3745E+03 .8925E+00 .5410E+00 .1884E+00 .6787E+00 .4903E+00 .5410E+00 .1827E+00 .7237E+00 .5410E+00 .1884E+00 .6437E-01
.3750E+03 .8666E+00 .5264E+00 .1824E+00 .6595E+00 .4771E+00 .5264E+00 .1769E+00 .7033E+00 .5264E+00 .1824E+00 .6287E-01
.3755E+03 .1293E+01 .7869E+00 .2711E+00 .9844E+00 .7132E+00 .7869E+00 .2630E+00 .1050E+01 .7869E+00 .2711E+00 .9431E-01
.3760E+03 .1071E+01 .6531E+00 .2238E+00 .8157E+00 .5919E+00 .6531E+00 .2171E+00 .8702E+00 .6531E+00 .2238E+00 .7855E-01
.3765E+03 .1109E+01 .6777E+00 .2310E+00 .8452E+00 .6142E+00 .6777E+00 .2241E+00 .9018E+00 .6777E+00 .2310E+00 .8179E-01
.3770E+03 .1172E+01 .7181E+00 .2436E+00 .8944E+00 .6508E+00 .7181E+00 .2364E+00 .9545E+00 .7181E+00 .2436E+00 .8699E-01
.3775E+03 .1369E+01 .8411E+00 .2839E+00 .1046E+01 .7623E+00 .8411E+00 .2755E+00 .1117E+01 .8411E+00 .2839E+00 .1022E+00
.3780E+03 .1483E+01 .9129E+00 .3065E+00 .1134E+01 .8274E+00 .9129E+00 .2975E+00 .1210E+01 .9129E+00 .3065E+00 .1114E+00
.3785E+03 .1401E+01 .8642E+00 .2885E+00 .1072E+01 .7832E+00 .8642E+00 .2800E+00 .1144E+01 .8642E+00 .2885E+00 .1053E+00
.3790E+03 .1156E+01 .7142E+00 .2370E+00 .8844E+00 .6473E+00 .7142E+00 .2301E+00 .9444E+00 .7142E+00 .2370E+00 .8693E-01
.3795E+03 .1056E+01 .6534E+00 .2156E+00 .8078E+00 .5922E+00 .6534E+00 .2093E+00 .8628E+00 .6534E+00 .2156E+00 .7944E-01
.3800E+03 .1097E+01 .6802E+00 .2231E+00 .8396E+00 .6165E+00 .6802E+00 .2167E+00 .8969E+00 .6802E+00 .2231E+00 .8261E-01
.3805E+03 .1326E+01 .8244E+00 .2690E+00 .1016E+01 .7472E+00 .8244E+00 .2613E+00 .1086E+01 .8244E+00 .2690E+00 .1000E+00
.3810E+03 .1326E+01 .8266E+00 .2684E+00 .1018E+01 .7492E+00 .8266E+00 .2606E+00 .1087E+01 .8266E+00 .2684E+00 .1002E+00
.3815E+03 .1049E+01 .6555E+00 .2117E+00 .8058E+00 .5941E+00 .6555E+00 .2056E+00 .8612E+00 .6555E+00 .2117E+00 .7933E-01
.3820E+03 .9294E+00 .5824E+00 .1871E+00 .7150E+00 .5279E+00 .5824E+00 .1818E+00 .7642E+00 .5824E+00 .1871E+00 .7039E-01
.3825E+03 .7904E+00 .4967E+00 .1588E+00 .6089E+00 .4502E+00 .4967E+00 .1542E+00 .6509E+00 .4967E+00 .1588E+00 .5996E-01
.3830E+03 .7305E+00 .4601E+00 .1463E+00 .5633E+00 .4170E+00 .4601E+00 .1421E+00 .6022E+00 .4601E+00 .1463E+00 .5547E-01
.3835E+03 .7025E+00 .4434E+00 .1403E+00 .5422E+00 .4019E+00 .4434E+00 .1363E+00 .5797E+00 .4434E+00 .1403E+00 .5360E-01
.3840E+03 .7739E+00 .4895E+00 .1541E+00 .5978E+00 .4437E+00 .4895E+00 .1497E+00 .6393E+00 .4895E+00 .1541E+00 .5933E-01
.3845E+03 .1137E+01 .7206E+00 .2257E+00 .8788E+00 .6531E+00 .7206E+00 .2194E+00 .9400E+00 .7206E+00 .2257E+00 .8757E-01
.3850E+03 .1126E+01 .7152E+00 .2229E+00 .8711E+00 .6482E+00 .7152E+00 .2167E+00 .9319E+00 .7152E+00 .2229E+00 .8714E-01
.3855E+03 .1047E+01 .6666E+00 .2068E+00 .8109E+00 .6042E+00 .6666E+00 .2010E+00 .8676E+00 .6666E+00 .2068E+00 .8140E-01
.3860E+03 .8952E+00 .5715E+00 .1764E+00 .6943E+00 .5179E+00 .5715E+00 .1715E+00 .7430E+00 .5715E+00 .1764E+00 .6985E-01
.3865E+03 .1174E+01 .7512E+00 .2307E+00 .9116E+00 .6808E+00 .7512E+00 .2244E+00 .9756E+00 .7512E+00 .2307E+00 .9188E-01
.3870E+03 .9746E+00 .6249E+00 .1909E+00 .7573E+00 .5664E+00 .6249E+00 .1857E+00 .8106E+00 .6249E+00 .1909E+00 .7648E-01
.3875E+03 .1094E+01 .7026E+00 .2136E+00 .8504E+00 .6368E+00 .7026E+00 .2077E+00 .9104E+00 .7026E+00 .2136E+00 .8605E-01
.3880E+03 .1009E+01 .6494E+00 .1964E+00 .7849E+00 .5885E+00 .6494E+00 .1910E+00 .8404E+00 .6494E+00 .1964E+00 .7955E-01
.3885E+03 .9956E+00 .6424E+00 .1933E+00 .7755E+00 .5822E+00 .6424E+00 .1881E+00 .8304E+00 .6424E+00 .1933E+00 .7878E-01
.3890E+03 .1074E+01 .6941E+00 .2078E+00 .8369E+00 .6291E+00 .6941E+00 .2022E+00 .8963E+00 .6941E+00 .2078E+00 .8518E-01
.3895E+03 .1299E+01 .8414E+00 .2507E+00 .1013E+01 .7625E+00 .8414E+00 .2439E+00 .1085E+01 .8414E+00 .2507E+00 .1033E+00
.3900E+03 .1302E+01 .8451E+00 .2505E+00 .1016E+01 .7659E+00 .8451E+00 .2438E+00 .1089E+01 .8451E+00 .2505E+00 .1039E+00
.3905E+03 .1197E+01 .7784E+00 .2296E+00 .9351E+00 .7055E+00 .7784E+00 .2235E+00 .1002E+01 .7784E+00 .2296E+00 .9572E-01
.3910E+03 .1407E+01 .9170E+00 .2691E+00 .1100E+01 .8311E+00 .9170E+00 .2620E+00 .1179E+01 .9170E+00 .2691E+00 .1128E+00
.3915E+03 .1434E+01 .9362E+00 .2734E+00 .1122E+01 .8485E+00 .9362E+00 .2661E+00 .1202E+01 .9362E+00 .2734E+00 .1152E+00
.3920E+03 .1207E+01 .7893E+00 .2293E+00 .9446E+00 .7154E+00 .7893E+00 .2232E+00 .1013E+01 .7893E+00 .2293E+00 .9715E-01
.3925E+03 .1079E+01 .7071E+00 .2044E+00 .8453E+00 .6409E+00 .7071E+00 .1991E+00 .9062E+00 .7071E+00 .2044E+00 .8707E-01
.3930E+03 .5993E+00 .3937E+00 .1133E+00 .4701E+00 .3568E+00 .3937E+00 .1103E+00 .5041E+00 .3937E+00 .1133E+00 .4853E-01
.3935E+03 .4350E+00 .2864E+00 .8202E-01 .3416E+00 .2596E+00 .2864E+00 .7989E-01 .3663E+00 .2864E+00 .8202E-01 .3540E-01
.3940E+03 .8843E+00 .5832E+00 .1663E+00 .6948E+00 .5286E+00 .5832E+00 .1620E+00 .7452E+00 .5832E+00 .1663E+00 .7230E-01
.3945E+03 .1123E+01 .7420E+00 .2105E+00 .8830E+00 .6725E+00 .7420E+00 .2051E+00 .9472E+00 .7420E+00 .2105E+00 .9225E-01
.3950E+03 .1369E+01 .9062E+00 .2559E+00 .1077E+01 .8213E+00 .9062E+00 .2494E+00 .1156E+01 .9062E+00 .2559E+00 .1130E+00
.3955E+03 .1390E+01 .9214E+00 .2589E+00 .1094E+01 .8351E+00 .9214E+00 .2523E+00 .1174E+01 .9214E+00 .2589E+00 .1151E+00
.3960E+03 .1204E+01 .7995E+00 .2236E+00 .9482E+00 .7246E+00 .7995E+00 .2179E+00 .1017E+01 .7995E+00 .2236E+00 .9994E-01
.3965E+03 .7024E+00 .4676E+00 .1302E+00 .5539E+00 .4238E+00 .4676E+00 .1269E+00 .5945E+00 .4676E+00 .1302E+00 .5850E-01
.3970E+03 .5264E+00 .3512E+00 .9728E-01 .4155E+00 .3183E+00 .3512E+00 .9484E-01 .4460E+00 .3512E+00 .9728E-01 .4396E-01
.3975E+03 .1070E+01 .7148E+00 .1970E+00 .8448E+00 .6478E+00 .7148E+00 .1921E+00 .9069E+00 .7148E+00 .1970E+00 .8955E-01
.3980E+03 .1498E+01 .1002E+01 .2748E+00 .1183E+01 .9082E+00 .1002E+01 .2680E+00 .1270E+01 .1002E+01 .2748E+00 .1257E+00
.3985E+03 .1547E+01 .1037E+01 .2829E+00 .1222E+01 .9394E+00 .1037E+01 .2760E+00 .1313E+01 .1037E+01 .2829E+00 .1304E+00
.3990E+03 .1671E+01 .1123E+01 .3052E+00 .1323E+01 .1017E+01 .1123E+01 .2977E+00 .1420E+01 .1123E+01 .3052E+00 .1416E+00
.3995E+03 .1664E+01 .1120E+01 .3030E+00 .1318E+01 .1015E+01 .1120E+01 .2956E+00 .1415E+01 .1120E+01 .3030E+00 .1416E+00
.4000E+03 .1728E+01 .1164E+01 .3134E+00 .1369E+01 .1055E+01 .1164E+01 .3059E+00 .1470E+01 .1164E+01 .3134E+00 .1476E+00
.4010E+03 .1770E+01 .1197E+01 .3174E+00 .1402E+01 .1085E+01 .1197E+01 .3099E+00 .1507E+01 .1197E+01 .3174E+00 .1518E+00
.4020E+03 .1862E+01 .1264E+01 .3323E+00 .1478E+01 .1146E+01 .1264E+01 .3245E+00 .1589E+01 .1264E+01 .3323E+00 .1605E+00
.4030E+03 .1764E+01 .1202E+01 .3132E+00 .1403E+01 .1089E+01 .1202E+01 .3059E+00 .1508E+01 .1202E+01 .3132E+00 .1530E+00
.4040E+03 .1734E+01 .1185E+01 .3061E+00 .1380E+01 .1074E+01 .1185E+01 .2991E+00 .1484E+01 .1185E+01 .3061E+00 .1517E+00
.4050E+03 .1731E+01 .1187E+01 .3038E+00 .1379E+01 .1075E+01 .1187E+01 .2969E+00 .1483E+01 .1187E+01 .3038E+00 .1526E+00
.4060E+03 .1698E+01 .1168E+01 .2966E+00 .1355E+01 .1059E+01 .1168E+01 .2899E+00 .1458E+01 .1168E+01 .2966E+00 .1506E+00
.4070E+03 .1666E+01 .1151E+01 .2896E+00 .1332E+01 .1043E+01 .1151E+01 .2832E+00 .1434E+01 .1151E+01 .2896E+00 .1486E+00
.4080E+03 .1730E+01 .1197E+01 .2986E+00 .1384E+01 .1085E+01 .1197E+01 .2921E+00 .1490E+01 .1197E+01 .2986E+00 .1553E+00
.4090E+03 .1848E+01 .1283E+01 .3174E+00 .1480E+01 .1163E+01 .1283E+01 .3106E+00 .1594E+01 .1283E+01 .3174E+00 .1678E+00
.4100E+03 .1611E+01 .1122E+01 .2754E+00 .1292E+01 .1017E+01 .1122E+01 .2696E+00 .1392E+01 .1122E+01 .2754E+00 .1481E+00
.4110E+03 .1741E+01 .1217E+01 .2961E+00 .1399E+01 .1103E+01 .1217E+01 .2900E+00 .1507E+01 .1217E+01 .2961E+00 .1614E+00
.4120E+03 .1864E+01 .1307E+01 .3157E+00 .1500E+01 .1185E+01 .1307E+01 .3093E+00 .1617E+01 .1307E+01 .3157E+00 .1744E+00
.4130E+03 .1817E+01 .1277E+01 .3056E+00 .1463E+01 .1157E+01 .1277E+01 .2996E+00 .1576E+01 .1277E+01 .3056E+00 .1712E+00
.4140E+03 .1835E+01 .1294E+01 .3072E+00 .1480E+01 .1173E+01 .1294E+01 .3012E+00 .1595E+01 .1294E+01 .3072E+00 .1743E+00
.4150E+03 .1835E+01 .1298E+01 .3057E+00 .1482E+01 .1176E+01 .1298E+01 .2999E+00 .1598E+01 .1298E+01 .3057E+00 .1757E+00
.4160E+03 .1862E+01 .1322E+01 .3088E+00 .1507E+01 .1198E+01 .1322E+01 .3030E+00 .1625E+01 .1322E+01 .3088E+00 .1792E+00
.4170E+03 .1814E+01 .1291E+01 .2990E+00 .1469E+01 .1170E+01 .1291E+01 .2934E+00 .1584E+01 .1291E+01 .2990E+00 .1753E+00
.4180E+03 .1778E+01 .1268E+01 .2913E+00 .1441E+01 .1150E+01 .1268E+01 .2860E+00 .1555E+01 .1268E+01 .2913E+00 .1726E+00
.4190E+03 .1798E+01 .1286E+01 .2930E+00 .1459E+01 .1166E+01 .1286E+01 .2877E+00 .1574E+01 .1286E+01 .2930E+00 .1754E+00
.4200E+03 .1788E+01 .1282E+01 .2896E+00 .1452E+01 .1162E+01 .1282E+01 .2844E+00 .1567E+01 .1282E+01 .2896E+00 .1751E+00
.4210E+03 .1867E+01 .1343E+01 .3007E+00 .1518E+01 .1217E+01 .1343E+01 .2955E+00 .1638E+01 .1343E+01 .3007E+00 .1836E+00
.4220E+03 .1772E+01 .1278E+01 .2837E+00 .1442E+01 .1158E+01 .1278E+01 .2789E+00 .1556E+01 .1278E+01 .2837E+00 .1749E+00
.4230E+03 .1728E+01 .1249E+01 .2752E+00 .1407E+01 .1132E+01 .1249E+01 .2705E+00 .1520E+01 .1249E+01 .2752E+00 .1713E+00
.4240E+03 .1826E+01 .1323E+01 .2890E+00 .1488E+01 .1199E+01 .1323E+01 .2842E+00 .1607E+01 .1323E+01 .2890E+00 .1817E+00
.4250E+03 .1819E+01 .1322E+01 .2864E+00 .1484E+01 .1198E+01 .1322E+01 .2818E+00 .1604E+01 .1322E+01 .2864E+00 .1818E+00
.4260E+03 .1766E+01 .1288E+01 .2770E+00 .1444E+01 .1167E+01 .1288E+01 .2726E+00 .1560E+01 .1288E+01 .2770E+00 .1780E+00
.4270E+03 .1731E+01 .1265E+01 .2700E+00 .1416E+01 .1146E+01 .1265E+01 .2658E+00 .1530E+01 .1265E+01 .2700E+00 .1757E+00
.4280E+03 .1685E+01 .1233E+01 .2612E+00 .1379E+01 .1118E+01 .1233E+01 .2573E+00 .1491E+01 .1233E+01 .2612E+00 .1722E+00
.4290E+03 .1591E+01 .1169E+01 .2458E+00 .1305E+01 .1059E+01 .1169E+01 .2421E+00 .1411E+01 .1169E+01 .2458E+00 .1640E+00
.4300E+03 .1390E+01 .1023E+01 .2136E+00 .1141E+01 .9274E+00 .1023E+01 .2105E+00 .1234E+01 .1023E+01 .2136E+00 .1442E+00
.4310E+03 .1378E+01 .1016E+01 .2102E+00 .1131E+01 .9208E+00 .1016E+01 .2073E+00 .1223E+01 .1016E+01 .2102E+00 .1433E+00
.4320E+03 .1774E+01 .1312E+01 .2695E+00 .1459E+01 .1189E+01 .1312E+01 .2658E+00 .1578E+01 .1312E+01 .2695E+00 .1853E+00
.4330E+03 .1781E+01 .1321E+01 .2691E+00 .1466E+01 .1197E+01 .1321E+01 .2655E+00 .1586E+01 .1321E+01 .2691E+00 .1868E+00
.4340E+03 .1653E+01 .1228E+01 .2482E+00 .1361E+01 .1113E+01 .1228E+01 .2449E+00 .1473E+01 .1228E+01 .2482E+00 .1739E+00
.4350E+03 .1726E+01 .1284E+01 .2575E+00 .1421E+01 .1164E+01 .1284E+01 .2542E+00 .1538E+01 .1284E+01 .2575E+00 .1825E+00
.4360E+03 .1939E+01 .1447E+01 .2883E+00 .1600E+01 .1311E+01 .1447E+01 .2848E+00 .1732E+01 .1447E+01 .2883E+00 .2074E+00
.4370E+03 .1907E+01 .1427E+01 .2826E+00 .1576E+01 .1294E+01 .1427E+01 .2793E+00 .1707E+01 .1427E+01 .2826E+00 .2063E+00
.4380E+03 .1733E+01 .1300E+01 .2557E+00 .1434E+01 .1178E+01 .1300E+01 .2529E+00 .1553E+01 .1300E+01 .2557E+00 .1894E+00
.4390E+03 .1796E+01 .1348E+01 .2629E+00 .1484E+01 .1221E+01 .1348E+01 .2601E+00 .1608E+01 .1348E+01 .2629E+00 .1978E+00
.4400E+03 .1849E+01 .1391E+01 .2696E+00 .1530E+01 .1261E+01 .1391E+01 .2668E+00 .1658E+01 .1391E+01 .2696E+00 .2052E+00
.4410E+03 .1911E+01 .1442E+01 .2775E+00 .1584E+01 .1307E+01 .1442E+01 .2748E+00 .1717E+01 .1442E+01 .2775E+00 .2131E+00
.4420E+03 .2047E+01 .1547E+01 .2955E+00 .1698E+01 .1402E+01 .1547E+01 .2927E+00 .1840E+01 .1547E+01 .2955E+00 .2291E+00
.4430E+03 .1996E+01 .1508E+01 .2856E+00 .1653E+01 .1367E+01 .1508E+01 .2830E+00 .1791E+01 .1508E+01 .2856E+00 .2242E+00
.4440E+03 .2035E+01 .1543E+01 .2903E+00 .1689E+01 .1398E+01 .1543E+01 .2878E+00 .1831E+01 .1543E+01 .2903E+00 .2303E+00
.4450E+03 .1992E+01 .1511E+01 .2821E+00 .1652E+01 .1370E+01 .1511E+01 .2798E+00 .1791E+01 .1511E+01 .2821E+00 .2263E+00
.4460E+03 .1895E+01 .1442E+01 .2674E+00 .1574E+01 .1307E+01 .1442E+01 .2653E+00 .1707E+01 .1442E+01 .2674E+00 .2163E+00
.4470E+03 .2043E+01 .1560E+01 .2874E+00 .1701E+01 .1414E+01 .1560E+01 .2852E+00 .1845E+01 .1560E+01 .2874E+00 .2345E+00
.4480E+03 .2078E+01 .1587E+01 .2900E+00 .1729E+01 .1439E+01 .1587E+01 .2880E+00 .1875E+01 .1587E+01 .2900E+00 .2389E+00
.4490E+03 .2078E+01 .1593E+01 .2892E+00 .1733E+01 .1444E+01 .1593E+01 .2872E+00 .1880E+01 .1593E+01 .2892E+00 .2401E+00
.4500E+03 .2132E+01 .1638E+01 .2954E+00 .1780E+01 .1485E+01 .1638E+01 .2934E+00 .1932E+01 .1638E+01 .2954E+00 .2473E+00
.4510E+03 .2209E+01 .1700E+01 .3044E+00 .1845E+01 .1541E+01 .1700E+01 .3025E+00 .2003E+01 .1700E+01 .3044E+00 .2571E+00
.4520E+03 .2126E+01 .1639E+01 .2913E+00 .1777E+01 .1486E+01 .1639E+01 .2896E+00 .1929E+01 .1639E+01 .2913E+00 .2484E+00
.4530E+03 .1997E+01 .1543E+01 .2723E+00 .1670E+01 .1398E+01 .1543E+01 .2709E+00 .1813E+01 .1543E+01 .2723E+00 .2348E+00
.4540E+03 .2080E+01 .1610E+01 .2825E+00 .1742E+01 .1460E+01 .1610E+01 .2811E+00 .1892E+01 .1610E+01 .2825E+00 .2462E+00
.4550E+03 .2092E+01 .1622E+01 .2825E+00 .1752E+01 .1470E+01 .1622E+01 .2812E+00 .1903E+01 .1622E+01 .2825E+00 .2486E+00
.4560E+03 .2139E+01 .1661E+01 .2873E+00 .1793E+01 .1506E+01 .1661E+01 .2861E+00 .1948E+01 .1661E+01 .2873E+00 .2551E+00
.4570E+03 .2173E+01 .1690E+01 .2900E+00 .1822E+01 .1532E+01 .1690E+01 .2889E+00 .1979E+01 .1690E+01 .2900E+00 .2601E+00
.4580E+03 .2101E+01 .1635E+01 .2785E+00 .1761E+01 .1482E+01 .1635E+01 .2776E+00 .1913E+01 .1635E+01 .2785E+00 .2527E+00
.4590E+03 .2087E+01 .1628E+01 .2754E+00 .1750E+01 .1475E+01 .1628E+01 .2746E+00 .1902E+01 .1628E+01 .2754E+00 .2526E+00
.4600E+03 .2093E+01 .1634E+01 .2745E+00 .1755E+01 .1481E+01 .1634E+01 .2739E+00 .1908E+01 .1634E+01 .2745E+00 .2547E+00
.4610E+03 .2139E+01 .1673E+01 .2792E+00 .1795E+01 .1516E+01 .1673E+01 .2787E+00 .1951E+01 .1673E+01 .2792E+00 .2619E+00
.4620E+03 .2151E+01 .1686E+01 .2797E+00 .1807E+01 .1528E+01 .1686E+01 .2793E+00 .1965E+01 .1686E+01 .2797E+00 .2653E+00
.4630E+03 .2137E+01 .1676E+01 .2762E+00 .1795E+01 .1519E+01 .1676E+01 .2760E+00 .1952E+01 .1676E+01 .2762E+00 .2655E+00
.4640E+03 .2096E+01 .1647E+01 .2700E+00 .1763E+01 .1493E+01 .1647E+01 .2700E+00 .1917E+01 .1647E+01 .2700E+00 .2629E+00
.4650E+03 .2064E+01 .1626E+01 .2649E+00 .1739E+01 .1474E+01 .1626E+01 .2650E+00 .1891E+01 .1626E+01 .2649E+00 .2602E+00
.4660E+03 .2080E+01 .1642E+01 .2658E+00 .1754E+01 .1488E+01 .1642E+01 .2660E+00 .1908E+01 .1642E+01 .2658E+00 .2633E+00
.4670E+03 .2044E+01 .1614E+01 .2593E+00 .1723E+01 .1463E+01 .1614E+01 .2596E+00 .1874E+01 .1614E+01 .2593E+00 .2590E+00
.4680E+03 .2067E+01 .1635E+01 .2607E+00 .1743E+01 .1482E+01 .1635E+01 .2611E+00 .1896E+01 .1635E+01 .2607E+00 .2620E+00
.4690E+03 .2077E+01 .1645E+01 .2604E+00 .1751E+01 .1491E+01 .1645E+01 .2609E+00 .1906E+01 .1645E+01 .2604E+00 .2633E+00
.4700E+03 .2011E+01 .1594E+01 .2506E+00 .1695E+01 .1444E+01 .1594E+01 .2512E+00 .1845E+01 .1594E+01 .2506E+00 .2566E+00
.4710E+03 .2007E+01 .1593E+01 .2491E+00 .1693E+01 .1444E+01 .1593E+01 .2498E+00 .1843E+01 .1593E+01 .2491E+00 .2582E+00
.4720E+03 .2115E+01 .1680E+01 .2610E+00 .1784E+01 .1523E+01 .1680E+01 .2619E+00 .1942E+01 .1680E+01 .2610E+00 .2736E+00
.4730E+03 .2088E+01 .1661E+01 .2562E+00 .1761E+01 .1505E+01 .1661E+01 .2572E+00 .1918E+01 .1661E+01 .2562E+00 .2709E+00
.4740E+03 .2095E+01 .1666E+01 .2552E+00 .1765E+01 .1510E+01 .1666E+01 .2563E+00 .1923E+01 .1666E+01 .2552E+00 .2724E+00
.4750E+03 .2117E+01 .1684E+01 .2562E+00 .1783E+01 .1527E+01 .1684E+01 .2574E+00 .1942E+01 .1684E+01 .2562E+00 .2764E+00
.4760E+03 .2059E+01 .1638E+01 .2474E+00 .1732E+01 .1485E+01 .1638E+01 .2487E+00 .1887E+01 .1638E+01 .2474E+00 .2698E+00
.4770E+03 .2068E+01 .1646E+01 .2468E+00 .1739E+01 .1492E+01 .1646E+01 .2483E+00 .1894E+01 .1646E+01 .2468E+00 .2718E+00
.4780E+03 .2122E+01 .1692E+01 .2520E+00 .1785E+01 .1533E+01 .1692E+01 .2536E+00 .1945E+01 .1692E+01 .2520E+00 .2797E+00
.4790E+03 .2104E+01 .1680E+01 .2487E+00 .1772E+01 .1523E+01 .1680E+01 .2505E+00 .1931E+01 .1680E+01 .2487E+00 .2782E+00
.4800E+03 .2103E+01 .1682E+01 .2476E+00 .1772E+01 .1525E+01 .1682E+01 .2495E+00 .1932E+01 .1682E+01 .2476E+00 .2799E+00
.4810E+03 .2136E+01 .1713E+01 .2507E+00 .1803E+01 .1552E+01 .1713E+01 .2527E+00 .1965E+01 .1713E+01 .2507E+00 .2861E+00
.4820E+03 .2141E+01 .1720E+01 .2503E+00 .1810E+01 .1559E+01 .1720E+01 .2525E+00 .1973E+01 .1720E+01 .2503E+00 .2882E+00
.4830E+03 .2109E+01 .1699E+01 .2457E+00 .1785E+01 .1539E+01 .1699E+01 .2479E+00 .1946E+01 .1699E+01 .2457E+00 .2850E+00
.4840E+03 .2063E+01 .1664E+01 .2391E+00 .1747E+01 .1508E+01 .1664E+01 .2414E+00 .1905E+01 .1664E+01 .2391E+00 .2796E+00
.4850E+03 .1963E+01 .1585E+01 .2263E+00 .1663E+01 .1437E+01 .1585E+01 .2285E+00 .1814E+01 .1585E+01 .2263E+00 .2667E+00
.4860E+03 .1713E+01 .1385E+01 .1966E+00 .1452E+01 .1256E+01 .1385E+01 .1986E+00 .1584E+01 .1385E+01 .1966E+00 .2335E+00
.4870E+03 .1792E+01 .1452E+01 .2048E+00 .1521E+01 .1316E+01 .1452E+01 .2069E+00 .1659E+01 .1452E+01 .2048E+00 .2451E+00
.4880E+03 .1966E+01 .1594E+01 .2233E+00 .1668E+01 .1445E+01 .1594E+01 .2257E+00 .1820E+01 .1594E+01 .2233E+00 .2695E+00
.4890E+03 .1974E+01 .1601E+01 .2227E+00 .1674E+01 .1451E+01 .1601E+01 .2253E+00 .1826E+01 .1601E+01 .2227E+00 .2712E+00
.4900E+03 .2073E+01 .1684E+01 .2330E+00 .1760E+01 .1527E+01 .1684E+01 .2358E+00 .1920E+01 .1684E+01 .2330E+00 .2866E+00
.4910E+03 .2034E+01 .1656E+01 .2277E+00 .1728E+01 .1501E+01 .1656E+01 .2306E+00 .1886E+01 .1656E+01 .2277E+00 .2829E+00
.4920E+03 .1920E+01 .1564E+01 .2138E+00 .1632E+01 .1418E+01 .1564E+01 .2166E+00 .1781E+01 .1564E+01 .2138E+00 .2680E+00
.4930E+03 .1982E+01 .1617E+01 .2195E+00 .1685E+01 .1465E+01 .1617E+01 .2225E+00 .1839E+01 .1617E+01 .2195E+00 .2774E+00
.4940E+03 .2001E+01 .1633E+01 .2204E+00 .1701E+01 .1480E+01 .1633E+01 .2235E+00 .1857E+01 .1633E+01 .2204E+00 .2809E+00
.4950E+03 .2017E+01 .1648E+01 .2210E+00 .1715E+01 .1494E+01 .1648E+01 .2243E+00 .1872E+01 .1648E+01 .2210E+00 .2845E+00
.4960E+03 .2029E+01 .1659E+01 .2211E+00 .1725E+01 .1504E+01 .1659E+01 .2245E+00 .1884E+01 .1659E+01 .2211E+00 .2876E+00
.4970E+03 .2060E+01 .1686E+01 .2233E+00 .1751E+01 .1528E+01 .1686E+01 .2269E+00 .1913E+01 .1686E+01 .2233E+00 .2934E+00
.4980E+03 .1963E+01 .1608E+01 .2117E+00 .1669E+01 .1457E+01 .1608E+01 .2153E+00 .1823E+01 .1608E+01 .2117E+00 .2809E+00
.4990E+03 .1989E+01 .1630E+01 .2133E+00 .1691E+01 .1478E+01 .1630E+01 .2170E+00 .1847E+01 .1630E+01 .2133E+00 .2857E+00
.5000E+03 .1933E+01 .1585E+01 .2074E+00 .1643E+01 .1436E+01 .1585E+01 .2110E+00 .1796E+01 .1585E+01 .2074E+00 .2780E+00
.5010E+03 .1900E+01 .1557E+01 .2024E+00 .1614E+01 .1411E+01 .1557E+01 .2060E+00 .1763E+01 .1557E+01 .2024E+00 .2736E+00
.5020E+03 .1879E+01 .1537E+01 .1982E+00 .1592E+01 .1393E+01 .1537E+01 .2019E+00 .1739E+01 .1537E+01 .1982E+00 .2705E+00
.5030E+03 .1962E+01 .1602E+01 .2049E+00 .1657E+01 .1452E+01 .1602E+01 .2088E+00 .1811E+01 .1602E+01 .2049E+00 .2824E+00
.5040E+03 .1934E+01 .1560E+01 .1968E+00 .1611E+01 .1414E+01 .1560E+01 .2007E+00 .1761E+01 .1560E+01 .1968E+00 .2755E+00
.5050E+03 .1984E+01 .1621E+01 .2045E+00 .1673E+01 .1469E+01 .1621E+01 .2087E+00 .1829E+01 .1621E+01 .2045E+00 .2874E+00
.5060E+03 .2049E+01 .1672E+01 .2096E+00 .1725E+01 .1516E+01 .1672E+01 .2141E+00 .1886E+01 .1672E+01 .2096E+00 .2978E+00
.5070E+03 .1949E+01 .1591E+01 .1981E+00 .1640E+01 .1442E+01 .1591E+01 .2024E+00 .1794E+01 .1591E+01 .1981E+00 .2837E+00
.5080E+03 .1882E+01 .1542E+01 .1910E+00 .1588E+01 .1397E+01 .1542E+01 .1952E+00 .1737E+01 .1542E+01 .1910E+00 .2753E+00
.5090E+03 .1930E+01 .1585E+01 .1954E+00 .1632E+01 .1437E+01 .1585E+01 .1998E+00 .1785E+01 .1585E+01 .1954E+00 .2838E+00
.5100E+03 .1916E+01 .1577E+01 .1934E+00 .1623E+01 .1429E+01 .1577E+01 .1979E+00 .1775E+01 .1577E+01 .1934E+00 .2835E+00
.5110E+03 .1963E+01 .1620E+01 .1977E+00 .1666E+01 .1468E+01 .1620E+01 .2025E+00 .1823E+01 .1620E+01 .1977E+00 .2923E+00
.5120E+03 .1982E+01 .1639E+01 .1988E+00 .1684E+01 .1485E+01 .1639E+01 .2037E+00 .1842E+01 .1639E+01 .1988E+00 .2961E+00
.5130E+03 .1875E+01 .1552E+01 .1872E+00 .1594E+01 .1407E+01 .1552E+01 .1919E+00 .1744E+01 .1552E+01 .1872E+00 .2809E+00
.5140E+03 .1860E+01 .1542E+01 .1849E+00 .1582E+01 .1397E+01 .1542E+01 .1897E+00 .1732E+01 .1542E+01 .1849E+00 .2798E+00
.5150E+03 .1841E+01 .1527E+01 .1821E+00 .1566E+01 .1384E+01 .1527E+01 .1869E+00 .1714E+01 .1527E+01 .1821E+00 .2782E+00
.5160E+03 .1837E+01 .1525E+01 .1808E+00 .1563E+01 .1382E+01 .1525E+01 .1857E+00 .1711E+01 .1525E+01 .1808E+00 .2789E+00
.5170E+03 .1631E+01 .1355E+01 .1598E+00 .1388E+01 .1228E+01 .1355E+01 .1642E+00 .1519E+01 .1355E+01 .1598E+00 .2488E+00
.5180E+03 .1715E+01 .1426E+01 .1671E+00 .1459E+01 .1292E+01 .1426E+01 .1719E+00 .1598E+01 .1426E+01 .1671E+00 .2627E+00
.5190E+03 .1799E+01 .1496E+01 .1743E+00 .1530E+01 .1356E+01 .1496E+01 .1793E+00 .1676E+01 .1496E+01 .1743E+00 .2763E+00
.5200E+03 .1865E+01 .1552E+01 .1796E+00 .1586E+01 .1406E+01 .1552E+01 .1849E+00 .1737E+01 .1552E+01 .1796E+00 .2869E+00
.5210E+03 .1883E+01 .1567E+01 .1803E+00 .1601E+01 .1420E+01 .1567E+01 .1857E+00 .1753E+01 .1567E+01 .1803E+00 .2903E+00
.5220E+03 .1886E+01 .1570E+01 .1795E+00 .1602E+01 .1423E+01 .1570E+01 .1851E+00 .1755E+01 .1570E+01 .1795E+00 .2920E+00
.5230E+03 .1853E+01 .1543E+01 .1755E+00 .1574E+01 .1399E+01 .1543E+01 .1811E+00 .1725E+01 .1543E+01 .1755E+00 .2882E+00
.5240E+03 .1922E+01 .1600E+01 .1809E+00 .1631E+01 .1450E+01 .1600E+01 .1868E+00 .1787E+01 .1600E+01 .1809E+00 .3004E+00
.5250E+03 .1949E+01 .1622E+01 .1822E+00 .1652E+01 .1470E+01 .1622E+01 .1883E+00 .1810E+01 .1622E+01 .1822E+00 .3060E+00
.5260E+03 .1863E+01 .1551E+01 .1733E+00 .1579E+01 .1406E+01 .1551E+01 .1792E+00 .1730E+01 .1551E+01 .1733E+00 .2940E+00
.5270E+03 .1759E+01 .1463E+01 .1623E+00 .1488E+01 .1326E+01 .1463E+01 .1680E+00 .1631E+01 .1463E+01 .1623E+00 .2777E+00
.5280E+03 .1863E+01 .1549E+01 .1709E+00 .1575E+01 .1404E+01 .1549E+01 .1770E+00 .1726E+01 .1549E+01 .1709E+00 .2946E+00
.5290E+03 .1966E+01 .1634E+01 .1791E+00 .1660E+01 .1481E+01 .1634E+01 .1857E+00 .1820E+01 .1634E+01 .1791E+00 .3123E+00
.5300E+03 .1939E+01 .1612E+01 .1758E+00 .1637E+01 .1461E+01 .1612E+01 .1824E+00 .1794E+01 .1612E+01 .1758E+00 .3098E+00
.5310E+03 .1969E+01 .1638E+01 .1776E+00 .1662E+01 .1484E+01 .1638E+01 .1845E+00 .1822E+01 .1638E+01 .1776E+00 .3163E+00
.5320E+03 .1902E+01 .1583E+01 .1707E+00 .1605E+01 .1434E+01 .1583E+01 .1774E+00 .1760E+01 .1583E+01 .1707E+00 .3068E+00
.5330E+03 .1846E+01 .1537E+01 .1649E+00 .1558E+01 .1393E+01 .1537E+01 .1715E+00 .1709E+01 .1537E+01 .1649E+00 .2992E+00
.5340E+03 .1899E+01 .1583E+01 .1689E+00 .1603E+01 .1434E+01 .1583E+01 .1758E+00 .1759E+01 .1583E+01 .1689E+00 .3090E+00
.5350E+03 .1938E+01 .1617E+01 .1717E+00 .1637E+01 .1465E+01 .1617E+01 .1788E+00 .1796E+01 .1617E+01 .1717E+00 .3167E+00
.5360E+03 .1954E+01 .1631E+01 .1722E+00 .1651E+01 .1478E+01 .1631E+01 .1795E+00 .1811E+01 .1631E+01 .1722E+00 .3203E+00
.5370E+03 .1875E+01 .1567E+01 .1645E+00 .1585E+01 .1420E+01 .1567E+01 .1716E+00 .1739E+01 .1567E+01 .1645E+00 .3082E+00
.5380E+03 .1907E+01 .1595E+01 .1665E+00 .1612E+01 .1446E+01 .1595E+01 .1738E+00 .1769E+01 .1595E+01 .1665E+00 .3141E+00
.5390E+03 .1891E+01 .1583E+01 .1644E+00 .1599E+01 .1434E+01 .1583E+01 .1717E+00 .1754E+01 .1583E+01 .1644E+00 .3135E+00
.5400E+03 .1814E+01 .1517E+01 .1567E+00 .1532E+01 .1375E+01 .1517E+01 .1639E+00 .1681E+01 .1517E+01 .1567E+00 .3022E+00
.5410E+03 .1832E+01 .1528E+01 .1566E+00 .1541E+01 .1384E+01 .1528E+01 .1639E+00 .1692E+01 .1528E+01 .1566E+00 .3052E+00
.5420E+03 .1892E+01 .1577E+01 .1607E+00 .1590E+01 .1429E+01 .1577E+01 .1684E+00 .1746E+01 .1577E+01 .1607E+00 .3155E+00
.5430E+03 .1867E+01 .1563E+01 .1587E+00 .1575E+01 .1416E+01 .1563E+01 .1664E+00 .1729E+01 .1563E+01 .1587E+00 .3133E+00
.5440E+03 .1904E+01 .1590E+01 .1605E+00 .1601E+01 .1441E+01 .1590E+01 .1685E+00 .1758E+01 .1590E+01 .1605E+00 .3212E+00
.5450E+03 .1897E+01 .1586E+01 .1594E+00 .1597E+01 .1437E+01 .1586E+01 .1676E+00 .1753E+01 .1586E+01 .1594E+00 .3229E+00
.5460E+03 .1910E+01 .1592E+01 .1589E+00 .1602E+01 .1443E+01 .1592E+01 .1672E+00 .1759E+01 .1592E+01 .1589E+00 .3251E+00
.5470E+03 .1905E+01 .1592E+01 .1582E+00 .1601E+01 .1443E+01 .1592E+01 .1666E+00 .1759E+01 .1592E+01 .1582E+00 .3255E+00
.5480E+03 .1880E+01 .1574E+01 .1556E+00 .1582E+01 .1426E+01 .1574E+01 .1641E+00 .1738E+01 .1574E+01 .1556E+00 .3224E+00
.5490E+03 .1884E+01 .1580E+01 .1555E+00 .1587E+01 .1432E+01 .1580E+01 .1641E+00 .1744E+01 .1580E+01 .1555E+00 .3247E+00
.5500E+03 .1906E+01 .1600E+01 .1567E+00 .1607E+01 .1450E+01 .1600E+01 .1656E+00 .1765E+01 .1600E+01 .1567E+00 .3299E+00
.5510E+03 .1882E+01 .1581E+01 .1541E+00 .1587E+01 .1433E+01 .1581E+01 .1630E+00 .1744E+01 .1581E+01 .1541E+00 .3268E+00
.5520E+03 .1895E+01 .1593E+01 .1545E+00 .1599E+01 .1444E+01 .1593E+01 .1635E+00 .1757E+01 .1593E+01 .1545E+00 .3298E+00
.5530E+03 .1862E+01 .1566E+01 .1510E+00 .1570E+01 .1419E+01 .1566E+01 .1599E+00 .1726E+01 .1566E+01 .1510E+00 .3248E+00
.5540E+03 .1907E+01 .1604E+01 .1539E+00 .1608E+01 .1454E+01 .1604E+01 .1632E+00 .1767E+01 .1604E+01 .1539E+00 .3339E+00
.5550E+03 .1912E+01 .1608E+01 .1534E+00 .1611E+01 .1457E+01 .1608E+01 .1628E+00 .1771E+01 .1608E+01 .1534E+00 .3358E+00
.5560E+03 .1888E+01 .1588E+01 .1506E+00 .1590E+01 .1439E+01 .1588E+01 .1600E+00 .1748E+01 .1588E+01 .1506E+00 .3320E+00
.5570E+03 .1831E+01 .1540E+01 .1452E+00 .1541E+01 .1395E+01 .1540E+01 .1544E+00 .1694E+01 .1540E+01 .1452E+00 .3222E+00
.5580E+03 .1820E+01 .1529E+01 .1434E+00 .1530E+01 .1386E+01 .1529E+01 .1526E+00 .1682E+01 .1529E+01 .1434E+00 .3205E+00
.5590E+03 .1789E+01 .1502E+01 .1400E+00 .1502E+01 .1362E+01 .1502E+01 .1492E+00 .1652E+01 .1502E+01 .1400E+00 .3153E+00
.5600E+03 .1813E+01 .1523E+01 .1412E+00 .1521E+01 .1380E+01 .1523E+01 .1506E+00 .1673E+01 .1523E+01 .1412E+00 .3200E+00
.5610E+03 .1839E+01 .1545E+01 .1424E+00 .1542E+01 .1400E+01 .1545E+01 .1520E+00 .1697E+01 .1545E+01 .1424E+00 .3251E+00
.5620E+03 .1829E+01 .1536E+01 .1408E+00 .1532E+01 .1392E+01 .1536E+01 .1504E+00 .1686E+01 .1536E+01 .1408E+00 .3236E+00
.5630E+03 .1883E+01 .1580E+01 .1440E+00 .1576E+01 .1432E+01 .1580E+01 .1541E+00 .1734E+01 .1580E+01 .1440E+00 .3337E+00
.5640E+03 .1835E+01 .1539E+01 .1395E+00 .1534E+01 .1395E+01 .1539E+01 .1494E+00 .1688E+01 .1539E+01 .1395E+00 .3261E+00
.5650E+03 .1822E+01 .1527E+01 .1378E+00 .1522E+01 .1384E+01 .1527E+01 .1477E+00 .1675E+01 .1527E+01 .1378E+00 .3247E+00
.5660E+03 .1798E+01 .1507E+01 .1351E+00 .1501E+01 .1366E+01 .1507E+01 .1450E+00 .1652E+01 .1507E+01 .1351E+00 .3207E+00
.5670E+03 .1836E+01 .1537E+01 .1370E+00 .1530E+01 .1393E+01 .1537E+01 .1472E+00 .1684E+01 .1537E+01 .1370E+00 .3276E+00
.5680E+03 .1830E+01 .1525E+01 .1349E+00 .1517E+01 .1382E+01 .1525E+01 .1451E+00 .1670E+01 .1525E+01 .1349E+00 .3258E+00
.5690E+03 .1808E+01 .1489E+01 .1301E+00 .1480E+01 .1350E+01 .1489E+01 .1402E+00 .1629E+01 .1489E+01 .1301E+00 .3189E+00
.5700E+03 .1804E+01 .1493E+01 .1301E+00 .1483E+01 .1353E+01 .1493E+01 .1403E+00 .1633E+01 .1493E+01 .1301E+00 .3207E+00
.5710E+03 .1787E+01 .1488E+01 .1295E+00 .1478E+01 .1349E+01 .1488E+01 .1398E+00 .1628E+01 .1488E+01 .1295E+00 .3204E+00
.5720E+03 .1844E+01 .1526E+01 .1316E+00 .1515E+01 .1383E+01 .1526E+01 .1422E+00 .1668E+01 .1526E+01 .1316E+00 .3290E+00
.5730E+03 .1866E+01 .1545E+01 .1327E+00 .1533E+01 .1400E+01 .1545E+01 .1435E+00 .1689E+01 .1545E+01 .1327E+00 .3343E+00
.5740E+03 .1863E+01 .1543E+01 .1319E+00 .1530E+01 .1399E+01 .1543E+01 .1428E+00 .1686E+01 .1543E+01 .1319E+00 .3355E+00
.5750E+03 .1833E+01 .1517E+01 .1289E+00 .1504E+01 .1375E+01 .1517E+01 .1398E+00 .1657E+01 .1517E+01 .1289E+00 .3311E+00
.5760E+03 .1816E+01 .1505E+01 .1273E+00 .1491E+01 .1364E+01 .1505E+01 .1382E+00 .1643E+01 .1505E+01 .1273E+00 .3290E+00
.5770E+03 .1834E+01 .1522E+01 .1281E+00 .1507E+01 .1379E+01 .1522E+01 .1392E+00 .1661E+01 .1522E+01 .1281E+00 .3332E+00
.5780E+03 .1801E+01 .1499E+01 .1258E+00 .1484E+01 .1359E+01 .1499E+01 .1368E+00 .1636E+01 .1499E+01 .1258E+00 .3292E+00
.5790E+03 .1799E+01 .1503E+01 .1257E+00 .1488E+01 .1362E+01 .1503E+01 .1369E+00 .1640E+01 .1503E+01 .1257E+00 .3311E+00
.5800E+03 .1819E+01 .1525E+01 .1272E+00 .1509E+01 .1382E+01 .1525E+01 .1387E+00 .1664E+01 .1525E+01 .1272E+00 .3370E+00
.5810E+03 .1818E+01 .1529E+01 .1271E+00 .1513E+01 .1386E+01 .1529E+01 .1386E+00 .1668E+01 .1529E+01 .1271E+00 .3383E+00
.5820E+03 .1843E+01 .1554E+01 .1287E+00 .1537E+01 .1409E+01 .1554E+01 .1405E+00 .1695E+01 .1554E+01 .1287E+00 .3443E+00
.5830E+03 .1840E+01 .1556E+01 .1284E+00 .1538E+01 .1410E+01 .1556E+01 .1403E+00 .1696E+01 .1556E+01 .1284E+00 .3461E+00
.5840E+03 .1851E+01 .1567E+01 .1289E+00 .1549E+01 .1420E+01 .1567E+01 .1410E+00 .1708E+01 .1567E+01 .1289E+00 .3504E+00
.5850E+03 .1803E+01 .1527E+01 .1250E+00 .1509E+01 .1384E+01 .1527E+01 .1370E+00 .1664E+01 .1527E+01 .1250E+00 .3427E+00
.5860E+03 .1766E+01 .1494E+01 .1216E+00 .1476E+01 .1354E+01 .1494E+01 .1333E+00 .1627E+01 .1494E+01 .1216E+00 .3351E+00
.5870E+03 .1811E+01 .1525E+01 .1230E+00 .1505E+01 .1382E+01 .1525E+01 .1350E+00 .1660E+01 .1525E+01 .1230E+00 .3417E+00
.5880E+03 .1794E+01 .1481E+01 .1175E+00 .1460E+01 .1343E+01 .1481E+01 .1294E+00 .1611E+01 .1481E+01 .1175E+00 .3331E+00
.5890E+03 .1647E+01 .1308E+01 .1013E+00 .1287E+01 .1186E+01 .1308E+01 .1119E+00 .1420E+01 .1308E+01 .1013E+00 .2951E+00
.5900E+03 .1717E+01 .1368E+01 .1056E+00 .1346E+01 .1240E+01 .1368E+01 .1168E+00 .1485E+01 .1368E+01 .1056E+00 .3100E+00
.5910E+03 .1783E+01 .1448E+01 .1123E+00 .1425E+01 .1313E+01 .1448E+01 .1242E+00 .1573E+01 .1448E+01 .1123E+00 .3293E+00
.5920E+03 .1781E+01 .1432E+01 .1101E+00 .1408E+01 .1298E+01 .1432E+01 .1220E+00 .1554E+01 .1432E+01 .1101E+00 .3265E+00
.5930E+03 .1785E+01 .1456E+01 .1123E+00 .1432E+01 .1319E+01 .1456E+01 .1244E+00 .1580E+01 .1456E+01 .1123E+00 .3325E+00
.5940E+03 .1782E+01 .1447E+01 .1108E+00 .1422E+01 .1311E+01 .1447E+01 .1229E+00 .1569E+01 .1447E+01 .1108E+00 .3308E+00
.5950E+03 .1753E+01 .1410E+01 .1068E+00 .1385E+01 .1278E+01 .1410E+01 .1187E+00 .1529E+01 .1410E+01 .1068E+00 .3231E+00
.5960E+03 .1780E+01 .1471E+01 .1126E+00 .1446E+01 .1333E+01 .1471E+01 .1251E+00 .1596E+01 .1471E+01 .1126E+00 .3384E+00
.5970E+03 .1768E+01 .1457E+01 .1108E+00 .1431E+01 .1320E+01 .1457E+01 .1232E+00 .1580E+01 .1457E+01 .1108E+00 .3361E+00
.5980E+03 .1752E+01 .1455E+01 .1106E+00 .1429E+01 .1318E+01 .1455E+01 .1231E+00 .1578E+01 .1455E+01 .1106E+00 .3362E+00
.5990E+03 .1747E+01 .1459E+01 .1107E+00 .1433E+01 .1322E+01 .1459E+01 .1233E+00 .1582E+01 .1459E+01 .1107E+00 .3376E+00
.6000E+03 .1738E+01 .1464E+01 .1111E+00 .1438E+01 .1327E+01 .1464E+01 .1238E+00 .1588E+01 .1464E+01 .1111E+00 .3396E+00
.6010E+03 .1716E+01 .1454E+01 .1102E+00 .1428E+01 .1318E+01 .1454E+01 .1229E+00 .1577E+01 .1454E+01 .1102E+00 .3384E+00
.6020E+03 .1703E+01 .1444E+01 .1091E+00 .1418E+01 .1309E+01 .1444E+01 .1218E+00 .1566E+01 .1444E+01 .1091E+00 .3371E+00
.6030E+03 .1728E+01 .1468E+01 .1105E+00 .1441E+01 .1331E+01 .1468E+01 .1235E+00 .1592E+01 .1468E+01 .1105E+00 .3432E+00
.6040E+03 .1755E+01 .1493E+01 .1118E+00 .1464E+01 .1353E+01 .1493E+01 .1251E+00 .1618E+01 .1493E+01 .1118E+00 .3494E+00
.6050E+03 .1744E+01 .1485E+01 .1108E+00 .1457E+01 .1346E+01 .1485E+01 .1241E+00 .1610E+01 .1485E+01 .1108E+00 .3486E+00
.6060E+03 .1733E+01 .1480E+01 .1101E+00 .1451E+01 .1341E+01 .1480E+01 .1234E+00 .1603E+01 .1480E+01 .1101E+00 .3484E+00
.6070E+03 .1746E+01 .1495E+01 .1108E+00 .1466E+01 .1355E+01 .1495E+01 .1244E+00 .1619E+01 .1495E+01 .1108E+00 .3528E+00
.6080E+03 .1723E+01 .1478E+01 .1092E+00 .1449E+01 .1340E+01 .1478E+01 .1227E+00 .1601E+01 .1478E+01 .1092E+00 .3494E+00
.6090E+03 .1723E+01 .1481E+01 .1089E+00 .1451E+01 .1342E+01 .1481E+01 .1225E+00 .1603E+01 .1481E+01 .1089E+00 .3504E+00
.6100E+03 .1707E+01 .1469E+01 .1075E+00 .1438E+01 .1331E+01 .1469E+01 .1211E+00 .1590E+01 .1469E+01 .1075E+00 .3484E+00
.6110E+03 .1714E+01 .1477E+01 .1077E+00 .1446E+01 .1338E+01 .1477E+01 .1214E+00 .1598E+01 .1477E+01 .1077E+00 .3513E+00
.6120E+03 .1707E+01 .1472E+01 .1069E+00 .1441E+01 .1334E+01 .1472E+01 .1206E+00 .1592E+01 .1472E+01 .1069E+00 .3510E+00
.6130E+03 .1684E+01 .1453E+01 .1050E+00 .1422E+01 .1317E+01 .1453E+01 .1187E+00 .1572E+01 .1453E+01 .1050E+00 .3471E+00
.6140E+03 .1658E+01 .1432E+01 .1031E+00 .1401E+01 .1298E+01 .1432E+01 .1166E+00 .1549E+01 .1432E+01 .1031E+00 .3427E+00
.6150E+03 .1691E+01 .1463E+01 .1050E+00 .1431E+01 .1326E+01 .1463E+01 .1188E+00 .1582E+01 .1463E+01 .1050E+00 .3510E+00
.6160E+03 .1633E+01 .1415E+01 .1011E+00 .1383E+01 .1282E+01 .1415E+01 .1146E+00 .1529E+01 .1415E+01 .1011E+00 .3403E+00
.6170E+03 .1628E+01 .1412E+01 .1005E+00 .1380E+01 .1280E+01 .1412E+01 .1140E+00 .1526E+01 .1412E+01 .1005E+00 .3406E+00
.6180E+03 .1689E+01 .1466E+01 .1039E+00 .1432E+01 .1328E+01 .1466E+01 .1180E+00 .1584E+01 .1466E+01 .1039E+00 .3546E+00
.6190E+03 .1671E+01 .1451E+01 .1024E+00 .1417E+01 .1315E+01 .1451E+01 .1165E+00 .1567E+01 .1451E+01 .1024E+00 .3521E+00
.6200E+03 .1682E+01 .1460E+01 .1025E+00 .1426E+01 .1323E+01 .1460E+01 .1168E+00 .1577E+01 .1460E+01 .1025E+00 .3552E+00
.6210E+03 .1687E+01 .1461E+01 .1020E+00 .1426E+01 .1324E+01 .1461E+01 .1164E+00 .1578E+01 .1461E+01 .1020E+00 .3566E+00
.6220E+03 .1671E+01 .1437E+01 .9950E-01 .1402E+01 .1303E+01 .1437E+01 .1137E+00 .1551E+01 .1437E+01 .9950E-01 .3515E+00
.6230E+03 .1649E+01 .1409E+01 .9670E-01 .1374E+01 .1277E+01 .1409E+01 .1107E+00 .1520E+01 .1409E+01 .9670E-01 .3450E+00
.6240E+03 .1618E+01 .1389E+01 .9508E-01 .1354E+01 .1259E+01 .1389E+01 .1090E+00 .1498E+01 .1389E+01 .9508E-01 .3405E+00
.6250E+03 .1614E+01 .1393E+01 .9528E-01 .1358E+01 .1262E+01 .1393E+01 .1093E+00 .1502E+01 .1393E+01 .9528E-01 .3430E+00
.6260E+03 .1639E+01 .1415E+01 .9645E-01 .1379E+01 .1283E+01 .1415E+01 .1108E+00 .1526E+01 .1415E+01 .9645E-01 .3501E+00
.6270E+03 .1666E+01 .1432E+01 .9692E-01 .1395E+01 .1298E+01 .1432E+01 .1115E+00 .1544E+01 .1432E+01 .9692E-01 .3552E+00
.6280E+03 .1664E+01 .1381E+01 .9100E-01 .1342E+01 .1251E+01 .1381E+01 .1052E+00 .1486E+01 .1381E+01 .9100E-01 .3425E+00
.6290E+03 .1664E+01 .1415E+01 .9419E-01 .1376E+01 .1282E+01 .1415E+01 .1088E+00 .1523E+01 .1415E+01 .9419E-01 .3516E+00
.6300E+03 .1629E+01 .1389E+01 .9216E-01 .1351E+01 .1258E+01 .1389E+01 .1065E+00 .1495E+01 .1389E+01 .9216E-01 .3456E+00
.6310E+03 .1630E+01 .1409E+01 .9385E-01 .1371E+01 .1277E+01 .1409E+01 .1085E+00 .1517E+01 .1409E+01 .9385E-01 .3512E+00
.6320E+03 .1605E+01 .1386E+01 .9191E-01 .1348E+01 .1256E+01 .1386E+01 .1064E+00 .1492E+01 .1386E+01 .9191E-01 .3466E+00
.6330E+03 .1639E+01 .1427E+01 .9470E-01 .1388E+01 .1293E+01 .1427E+01 .1097E+00 .1537E+01 .1427E+01 .9470E-01 .3585E+00
.6340E+03 .1612E+01 .1411E+01 .9357E-01 .1372E+01 .1279E+01 .1411E+01 .1085E+00 .1519E+01 .1411E+01 .9357E-01 .3559E+00
.6350E+03 .1632E+01 .1430E+01 .9450E-01 .1391E+01 .1296E+01 .1430E+01 .1097E+00 .1540E+01 .1430E+01 .9450E-01 .3613E+00
.6360E+03 .1604E+01 .1409E+01 .9278E-01 .1370E+01 .1277E+01 .1409E+01 .1078E+00 .1517E+01 .1409E+01 .9278E-01 .3564E+00
.6370E+03 .1626E+01 .1430E+01 .9378E-01 .1389E+01 .1296E+01 .1430E+01 .1091E+00 .1539E+01 .1430E+01 .9378E-01 .3624E+00
.6380E+03 .1634E+01 .1442E+01 .9440E-01 .1401E+01 .1307E+01 .1442E+01 .1099E+00 .1552E+01 .1442E+01 .9440E-01 .3666E+00
.6390E+03 .1612E+01 .1425E+01 .9298E-01 .1385E+01 .1292E+01 .1425E+01 .1084E+00 .1534E+01 .1425E+01 .9298E-01 .3631E+00
.6400E+03 .1592E+01 .1411E+01 .9176E-01 .1370E+01 .1279E+01 .1411E+01 .1071E+00 .1518E+01 .1411E+01 .9176E-01 .3599E+00
.6410E+03 .1588E+01 .1409E+01 .9131E-01 .1368E+01 .1277E+01 .1409E+01 .1067E+00 .1516E+01 .1409E+01 .9131E-01 .3600E+00
.6420E+03 .1577E+01 .1402E+01 .9059E-01 .1361E+01 .1271E+01 .1402E+01 .1060E+00 .1508E+01 .1402E+01 .9059E-01 .3595E+00
.6430E+03 .1598E+01 .1420E+01 .9132E-01 .1378E+01 .1287E+01 .1420E+01 .1070E+00 .1527E+01 .1420E+01 .9132E-01 .3656E+00
.6440E+03 .1589E+01 .1414E+01 .9071E-01 .1372E+01 .1282E+01 .1414E+01 .1064E+00 .1521E+01 .1414E+01 .9071E-01 .3654E+00
.6450E+03 .1594E+01 .1415E+01 .9025E-01 .1373E+01 .1283E+01 .1415E+01 .1060E+00 .1521E+01 .1415E+01 .9025E-01 .3662E+00
.6460E+03 .1570E+01 .1379E+01 .8698E-01 .1337E+01 .1250E+01 .1379E+01 .1024E+00 .1481E+01 .1379E+01 .8698E-01 .3570E+00
.6470E+03 .1578E+01 .1360E+01 .8443E-01 .1317E+01 .1232E+01 .1360E+01 .9971E-01 .1459E+01 .1360E+01 .8443E-01 .3527E+00
.6480E+03 .1592E+01 .1357E+01 .8369E-01 .1314E+01 .1230E+01 .1357E+01 .9904E-01 .1457E+01 .1357E+01 .8369E-01 .3531E+00
.6490E+03 .1561E+01 .1333E+01 .8189E-01 .1290E+01 .1208E+01 .1333E+01 .9703E-01 .1430E+01 .1333E+01 .8189E-01 .3475E+00
.6500E+03 .1530E+01 .1344E+01 .8343E-01 .1301E+01 .1218E+01 .1344E+01 .9873E-01 .1442E+01 .1344E+01 .8343E-01 .3509E+00
.6510E+03 .1587E+01 .1403E+01 .8696E-01 .1358E+01 .1271E+01 .1403E+01 .1030E+00 .1506E+01 .1403E+01 .8696E-01 .3668E+00
.6520E+03 .1569E+01 .1335E+01 .8088E-01 .1291E+01 .1210E+01 .1335E+01 .9621E-01 .1432E+01 .1335E+01 .8088E-01 .3497E+00
.6530E+03 .1567E+01 .1383E+01 .8503E-01 .1338E+01 .1253E+01 .1383E+01 .1010E+00 .1484E+01 .1383E+01 .8503E-01 .3635E+00
.6540E+03 .1544E+01 .1368E+01 .8387E-01 .1324E+01 .1240E+01 .1368E+01 .9970E-01 .1468E+01 .1368E+01 .8387E-01 .3603E+00
.6550E+03 .1510E+01 .1314E+01 .7954E-01 .1270E+01 .1191E+01 .1314E+01 .9480E-01 .1409E+01 .1314E+01 .7954E-01 .3463E+00
.6560E+03 .1322E+01 .1165E+01 .7056E-01 .1126E+01 .1055E+01 .1165E+01 .8413E-01 .1249E+01 .1165E+01 .7056E-01 .3075E+00
.6570E+03 .1357E+01 .1194E+01 .7208E-01 .1154E+01 .1082E+01 .1194E+01 .8608E-01 .1280E+01 .1194E+01 .7208E-01 .3166E+00
.6580E+03 .1510E+01 .1339E+01 .8090E-01 .1295E+01 .1214E+01 .1339E+01 .9671E-01 .1436E+01 .1339E+01 .8090E-01 .3566E+00
.6590E+03 .1514E+01 .1347E+01 .8116E-01 .1302E+01 .1221E+01 .1347E+01 .9714E-01 .1445E+01 .1347E+01 .8116E-01 .3597E+00
.6600E+03 .1518E+01 .1348E+01 .8075E-01 .1303E+01 .1222E+01 .1348E+01 .9679E-01 .1445E+01 .1348E+01 .8075E-01 .3603E+00
.6610E+03 .1528E+01 .1352E+01 .8043E-01 .1306E+01 .1225E+01 .1352E+01 .9657E-01 .1448E+01 .1352E+01 .8043E-01 .3618E+00
.6620E+03 .1538E+01 .1352E+01 .7981E-01 .1305E+01 .1225E+01 .1352E+01 .9604E-01 .1448E+01 .1352E+01 .7981E-01 .3632E+00
.6630E+03 .1505E+01 .1329E+01 .7837E-01 .1283E+01 .1204E+01 .1329E+01 .9442E-01 .1423E+01 .1329E+01 .7837E-01 .3585E+00
.6640E+03 .1513E+01 .1350E+01 .7983E-01 .1303E+01 .1224E+01 .1350E+01 .9620E-01 .1446E+01 .1350E+01 .7983E-01 .3651E+00
.6650E+03 .1507E+01 .1354E+01 .8004E-01 .1307E+01 .1227E+01 .1354E+01 .9651E-01 .1450E+01 .1354E+01 .8004E-01 .3667E+00
.6660E+03 .1505E+01 .1359E+01 .8026E-01 .1312E+01 .1231E+01 .1359E+01 .9686E-01 .1456E+01 .1359E+01 .8026E-01 .3687E+00
.6670E+03 .1500E+01 .1360E+01 .8018E-01 .1312E+01 .1232E+01 .1360E+01 .9686E-01 .1456E+01 .1360E+01 .8018E-01 .3699E+00
.6680E+03 .1497E+01 .1361E+01 .8010E-01 .1314E+01 .1233E+01 .1361E+01 .9686E-01 .1458E+01 .1361E+01 .8010E-01 .3712E+00
.6690E+03 .1518E+01 .1382E+01 .8107E-01 .1334E+01 .1252E+01 .1382E+01 .9815E-01 .1480E+01 .1382E+01 .8107E-01 .3775E+00
.6700E+03 .1510E+01 .1376E+01 .8048E-01 .1328E+01 .1247E+01 .1376E+01 .9754E-01 .1474E+01 .1376E+01 .8048E-01 .3765E+00
.6710E+03 .1508E+01 .1376E+01 .8018E-01 .1327E+01 .1247E+01 .1376E+01 .9731E-01 .1473E+01 .1376E+01 .8018E-01 .3774E+00
.6720E+03 .1494E+01 .1364E+01 .7927E-01 .1316E+01 .1236E+01 .1364E+01 .9638E-01 .1460E+01 .1364E+01 .7927E-01 .3762E+00
.6730E+03 .1515E+01 .1384E+01 .8025E-01 .1335E+01 .1255E+01 .1384E+01 .9774E-01 .1482E+01 .1384E+01 .8025E-01 .3840E+00
.6740E+03 .1508E+01 .1379E+01 .7965E-01 .1330E+01 .1250E+01 .1379E+01 .9713E-01 .1476E+01 .1379E+01 .7965E-01 .3830E+00
.6750E+03 .1493E+01 .1366E+01 .7863E-01 .1317E+01 .1238E+01 .1366E+01 .9600E-01 .1462E+01 .1366E+01 .7863E-01 .3799E+00
.6760E+03 .1502E+01 .1376E+01 .7888E-01 .1326E+01 .1247E+01 .1376E+01 .9643E-01 .1472E+01 .1376E+01 .7888E-01 .3834E+00
.6770E+03 .1486E+01 .1362E+01 .7783E-01 .1312E+01 .1234E+01 .1362E+01 .9530E-01 .1457E+01 .1362E+01 .7783E-01 .3810E+00
.6780E+03 .1489E+01 .1365E+01 .7776E-01 .1315E+01 .1237E+01 .1365E+01 .9538E-01 .1460E+01 .1365E+01 .7776E-01 .3834E+00
.6790E+03 .1464E+01 .1343E+01 .7624E-01 .1293E+01 .1217E+01 .1343E+01 .9364E-01 .1436E+01 .1343E+01 .7624E-01 .3782E+00
.6800E+03 .1475E+01 .1354E+01 .7660E-01 .1303E+01 .1227E+01 .1354E+01 .9421E-01 .1448E+01 .1354E+01 .7660E-01 .3822E+00
.6810E+03 .1465E+01 .1345E+01 .7584E-01 .1295E+01 .1219E+01 .1345E+01 .9341E-01 .1438E+01 .1345E+01 .7584E-01 .3807E+00
.6820E+03 .1463E+01 .1343E+01 .7549E-01 .1293E+01 .1218E+01 .1343E+01 .9312E-01 .1437E+01 .1343E+01 .7549E-01 .3812E+00
.6830E+03 .1460E+01 .1341E+01 .7509E-01 .1291E+01 .1215E+01 .1341E+01 .9275E-01 .1434E+01 .1341E+01 .7509E-01 .3814E+00
.6840E+03 .1453E+01 .1334E+01 .7441E-01 .1284E+01 .1209E+01 .1334E+01 .9203E-01 .1426E+01 .1334E+01 .7441E-01 .3799E+00
.6850E+03 .1464E+01 .1346E+01 .7482E-01 .1295E+01 .1220E+01 .1346E+01 .9264E-01 .1439E+01 .1346E+01 .7482E-01 .3837E+00
.6860E+03 .1457E+01 .1339E+01 .7411E-01 .1287E+01 .1213E+01 .1339E+01 .9191E-01 .1431E+01 .1339E+01 .7411E-01 .3827E+00
.6870E+03 .1475E+01 .1101E+01 .5338E-01 .1051E+01 .9980E+00 .1101E+01 .6801E-01 .1169E+01 .1101E+01 .5338E-01 .3140E+00
.6880E+03 .1458E+01 .1185E+01 .6036E-01 .1134E+01 .1074E+01 .1185E+01 .7621E-01 .1261E+01 .1185E+01 .6036E-01 .3400E+00
.6890E+03 .1455E+01 .1186E+01 .6025E-01 .1135E+01 .1075E+01 .1186E+01 .7615E-01 .1262E+01 .1186E+01 .6025E-01 .3405E+00
.6900E+03 .1445E+01 .1209E+01 .6224E-01 .1158E+01 .1096E+01 .1209E+01 .7851E-01 .1288E+01 .1209E+01 .6224E-01 .3480E+00
.6910E+03 .1434E+01 .1233E+01 .6429E-01 .1182E+01 .1117E+01 .1233E+01 .8097E-01 .1314E+01 .1233E+01 .6429E-01 .3561E+00
.6920E+03 .1421E+01 .1238E+01 .6491E-01 .1187E+01 .1122E+01 .1238E+01 .8176E-01 .1320E+01 .1238E+01 .6491E-01 .3593E+00
.6930E+03 .1423E+01 .1198E+01 .6159E-01 .1148E+01 .1086E+01 .1198E+01 .7795E-01 .1276E+01 .1198E+01 .6159E-01 .3485E+00
.6940E+03 .1427E+01 .1172E+01 .5967E-01 .1122E+01 .1062E+01 .1172E+01 .7571E-01 .1248E+01 .1172E+01 .5967E-01 .3412E+00
.6950E+03 .1427E+01 .1218E+01 .6305E-01 .1167E+01 .1104E+01 .1218E+01 .7978E-01 .1298E+01 .1218E+01 .6305E-01 .3552E+00
.6960E+03 .1439E+01 .1219E+01 .6291E-01 .1168E+01 .1105E+01 .1219E+01 .7973E-01 .1299E+01 .1219E+01 .6291E-01 .3568E+00
.6970E+03 .1433E+01 .1296E+01 .6840E-01 .1243E+01 .1175E+01 .1296E+01 .8639E-01 .1383E+01 .1296E+01 .6840E-01 .3812E+00
.6980E+03 .1413E+01 .1275E+01 .6700E-01 .1223E+01 .1156E+01 .1275E+01 .8478E-01 .1360E+01 .1275E+01 .6700E-01 .3761E+00
.6990E+03 .1432E+01 .1243E+01 .6390E-01 .1190E+01 .1127E+01 .1243E+01 .8124E-01 .1324E+01 .1243E+01 .6390E-01 .3666E+00
.7000E+03 .1414E+01 .1226E+01 .6269E-01 .1174E+01 .1111E+01 .1226E+01 .7984E-01 .1306E+01 .1226E+01 .6269E-01 .3620E+00
.7010E+03 .1411E+01 .1212E+01 .6132E-01 .1160E+01 .1099E+01 .1212E+01 .7834E-01 .1290E+01 .1212E+01 .6132E-01 .3590E+00
.7020E+03 .1403E+01 .1223E+01 .6216E-01 .1171E+01 .1108E+01 .1223E+01 .7944E-01 .1302E+01 .1223E+01 .6216E-01 .3637E+00
.7030E+03 .1409E+01 .1224E+01 .6206E-01 .1172E+01 .1110E+01 .1224E+01 .7941E-01 .1304E+01 .1224E+01 .6206E-01 .3650E+00
.7040E+03 .1423E+01 .1265E+01 .6459E-01 .1211E+01 .1147E+01 .1265E+01 .8257E-01 .1348E+01 .1265E+01 .6459E-01 .3777E+00
.7050E+03 .1425E+01 .1264E+01 .6409E-01 .1209E+01 .1145E+01 .1264E+01 .8209E-01 .1346E+01 .1264E+01 .6409E-01 .3776E+00
.7060E+03 .1411E+01 .1266E+01 .6433E-01 .1211E+01 .1147E+01 .1266E+01 .8242E-01 .1348E+01 .1266E+01 .6433E-01 .3792E+00
.7070E+03 .1408E+01 .1266E+01 .6419E-01 .1211E+01 .1147E+01 .1266E+01 .8235E-01 .1348E+01 .1266E+01 .6419E-01 .3801E+00
.7080E+03 .1411E+01 .1269E+01 .6412E-01 .1215E+01 .1150E+01 .1269E+01 .8239E-01 .1352E+01 .1269E+01 .6412E-01 .3818E+00
.7090E+03 .1397E+01 .1274E+01 .6464E-01 .1219E+01 .1155E+01 .1274E+01 .8302E-01 .1357E+01 .1274E+01 .6464E-01 .3838E+00
.7100E+03 .1404E+01 .1272E+01 .6406E-01 .1217E+01 .1153E+01 .1272E+01 .8246E-01 .1355E+01 .1272E+01 .6406E-01 .3838E+00
.7110E+03 .1397E+01 .1272E+01 .6406E-01 .1217E+01 .1153E+01 .1272E+01 .8260E-01 .1354E+01 .1272E+01 .6406E-01 .3862E+00
.7120E+03 .1386E+01 .1269E+01 .6398E-01 .1214E+01 .1150E+01 .1269E+01 .8262E-01 .1351E+01 .1269E+01 .6398E-01 .3878E+00
.7130E+03 .1378E+01 .1255E+01 .6287E-01 .1201E+01 .1138E+01 .1255E+01 .8136E-01 .1337E+01 .1255E+01 .6287E-01 .3843E+00
.7140E+03 .1383E+01 .1260E+01 .6291E-01 .1205E+01 .1142E+01 .1260E+01 .8149E-01 .1342E+01 .1260E+01 .6291E-01 .3857E+00
.7150E+03 .1357E+01 .1217E+01 .5997E-01 .1163E+01 .1103E+01 .1217E+01 .7793E-01 .1295E+01 .1217E+01 .5997E-01 .3725E+00
.7160E+03 .1364E+01 .1215E+01 .5951E-01 .1161E+01 .1101E+01 .1215E+01 .7752E-01 .1292E+01 .1215E+01 .5951E-01 .3732E+00
.7170E+03 .1383E+01 .1036E+01 .4652E-01 .9854E+00 .9388E+00 .1036E+01 .6185E-01 .1098E+01 .1036E+01 .4652E-01 .3183E+00
.7180E+03 .1361E+01 .9468E+00 .4139E-01 .8995E+00 .8581E+00 .9468E+00 .5543E-01 .1002E+01 .9468E+00 .4139E-01 .2914E+00
.7190E+03 .1336E+01 .8835E+00 .3840E-01 .8391E+00 .8007E+00 .8835E+00 .5154E-01 .9350E+00 .8835E+00 .3840E-01 .2726E+00
.7200E+03 .1362E+01 .9234E+00 .3974E-01 .8766E+00 .8369E+00 .9234E+00 .5351E-01 .9769E+00 .9234E+00 .3974E-01 .2854E+00
.7210E+03 .1347E+01 .1029E+01 .4669E-01 .9792E+00 .9325E+00 .1029E+01 .6214E-01 .1091E+01 .1029E+01 .4669E-01 .3195E+00
.7220E+03 .1346E+01 .1176E+01 .5593E-01 .1122E+01 .1066E+01 .1176E+01 .7373E-01 .1250E+01 .1176E+01 .5593E-01 .3668E+00
.7230E+03 .1358E+01 .1094E+01 .5030E-01 .1041E+01 .9911E+00 .1094E+01 .6683E-01 .1160E+01 .1094E+01 .5030E-01 .3410E+00
.7240E+03 .1347E+01 .9851E+00 .4359E-01 .9364E+00 .8928E+00 .9851E+00 .5847E-01 .1044E+01 .9851E+00 .4359E-01 .3071E+00
.7250E+03 .1338E+01 .9586E+00 .4151E-01 .9103E+00 .8688E+00 .9586E+00 .5600E-01 .1015E+01 .9586E+00 .4151E-01 .2989E+00
.7260E+03 .1340E+01 .9999E+00 .4369E-01 .9499E+00 .9062E+00 .9999E+00 .5885E-01 .1059E+01 .9999E+00 .4369E-01 .3122E+00
.7270E+03 .1349E+01 .1025E+01 .4540E-01 .9746E+00 .9292E+00 .1025E+01 .6100E-01 .1086E+01 .1025E+01 .4540E-01 .3208E+00
.7280E+03 .1325E+01 .9580E+00 .4132E-01 .9096E+00 .8683E+00 .9580E+00 .5589E-01 .1014E+01 .9580E+00 .4132E-01 .2997E+00
.7290E+03 .1298E+01 .9977E+00 .4419E-01 .9484E+00 .9043E+00 .9977E+00 .5943E-01 .1057E+01 .9977E+00 .4419E-01 .3128E+00
.7300E+03 .1330E+01 .1050E+01 .4611E-01 .9976E+00 .9515E+00 .1050E+01 .6219E-01 .1112E+01 .1050E+01 .4611E-01 .3296E+00
.7310E+03 .1320E+01 .1001E+01 .4344E-01 .9507E+00 .9072E+00 .1001E+01 .5880E-01 .1060E+01 .1001E+01 .4344E-01 .3149E+00
.7320E+03 .1323E+01 .1080E+01 .4824E-01 .1027E+01 .9786E+00 .1080E+01 .6491E-01 .1145E+01 .1080E+01 .4824E-01 .3409E+00
.7330E+03 .1319E+01 .1149E+01 .5253E-01 .1094E+01 .1041E+01 .1149E+01 .7035E-01 .1219E+01 .1149E+01 .5253E-01 .3635E+00
.7340E+03 .1333E+01 .1178E+01 .5409E-01 .1122E+01 .1068E+01 .1178E+01 .7240E-01 .1250E+01 .1178E+01 .5409E-01 .3732E+00
.7350E+03 .1314E+01 .1152E+01 .5246E-01 .1096E+01 .1044E+01 .1152E+01 .7041E-01 .1222E+01 .1152E+01 .5246E-01 .3655E+00
.7360E+03 .1308E+01 .1151E+01 .5226E-01 .1096E+01 .1043E+01 .1151E+01 .7025E-01 .1222E+01 .1151E+01 .5226E-01 .3661E+00
.7370E+03 .1318E+01 .1155E+01 .5225E-01 .1099E+01 .1047E+01 .1155E+01 .7035E-01 .1226E+01 .1155E+01 .5225E-01 .3681E+00
.7380E+03 .1296E+01 .1175E+01 .5389E-01 .1119E+01 .1065E+01 .1175E+01 .7236E-01 .1248E+01 .1175E+01 .5389E-01 .3751E+00
.7390E+03 .1274E+01 .1152E+01 .5262E-01 .1096E+01 .1044E+01 .1152E+01 .7076E-01 .1223E+01 .1152E+01 .5262E-01 .3680E+00
.7400E+03 .1293E+01 .1185E+01 .5432E-01 .1128E+01 .1074E+01 .1185E+01 .7303E-01 .1258E+01 .1185E+01 .5432E-01 .3790E+00
.7410E+03 .1272E+01 .1175E+01 .5389E-01 .1119E+01 .1065E+01 .1175E+01 .7249E-01 .1247E+01 .1175E+01 .5389E-01 .3763E+00
.7420E+03 .1266E+01 .1178E+01 .5406E-01 .1121E+01 .1067E+01 .1178E+01 .7275E-01 .1250E+01 .1178E+01 .5406E-01 .3777E+00
.7430E+03 .1296E+01 .1209E+01 .5535E-01 .1151E+01 .1095E+01 .1209E+01 .7454E-01 .1283E+01 .1209E+01 .5535E-01 .3876E+00
.7440E+03 .1288E+01 .1206E+01 .5520E-01 .1149E+01 .1093E+01 .1206E+01 .7437E-01 .1281E+01 .1206E+01 .5520E-01 .3869E+00
.7450E+03 .1285E+01 .1208E+01 .5520E-01 .1150E+01 .1095E+01 .1208E+01 .7444E-01 .1282E+01 .1208E+01 .5520E-01 .3879E+00
.7460E+03 .1291E+01 .1214E+01 .5528E-01 .1155E+01 .1100E+01 .1214E+01 .7467E-01 .1288E+01 .1214E+01 .5528E-01 .3905E+00
.7470E+03 .1293E+01 .1217E+01 .5528E-01 .1158E+01 .1103E+01 .1217E+01 .7477E-01 .1292E+01 .1217E+01 .5528E-01 .3922E+00
.7480E+03 .1290E+01 .1215E+01 .5500E-01 .1156E+01 .1101E+01 .1215E+01 .7447E-01 .1289E+01 .1215E+01 .5500E-01 .3914E+00
.7490E+03 .1275E+01 .1201E+01 .5420E-01 .1143E+01 .1088E+01 .1201E+01 .7346E-01 .1274E+01 .1201E+01 .5420E-01 .3870E+00
.7500E+03 .1274E+01 .1200E+01 .5401E-01 .1142E+01 .1088E+01 .1200E+01 .7331E-01 .1274E+01 .1200E+01 .5401E-01 .3874E+00
.7510E+03 .1261E+01 .1188E+01 .5331E-01 .1130E+01 .1077E+01 .1188E+01 .7247E-01 .1261E+01 .1188E+01 .5331E-01 .3844E+00
.7520E+03 .1266E+01 .1194E+01 .5339E-01 .1135E+01 .1082E+01 .1194E+01 .7268E-01 .1266E+01 .1194E+01 .5339E-01 .3867E+00
.7530E+03 .1272E+01 .1200E+01 .5349E-01 .1141E+01 .1088E+01 .1200E+01 .7289E-01 .1273E+01 .1200E+01 .5349E-01 .3887E+00
.7540E+03 .1275E+01 .1203E+01 .5342E-01 .1144E+01 .1090E+01 .1203E+01 .7288E-01 .1276E+01 .1203E+01 .5342E-01 .3895E+00
.7550E+03 .1268E+01 .1196E+01 .5296E-01 .1137E+01 .1084E+01 .1196E+01 .7236E-01 .1269E+01 .1196E+01 .5296E-01 .3881E+00
.7560E+03 .1267E+01 .1196E+01 .5281E-01 .1137E+01 .1084E+01 .1196E+01 .7227E-01 .1268E+01 .1196E+01 .5281E-01 .3889E+00
.7570E+03 .1269E+01 .1198E+01 .5274E-01 .1139E+01 .1086E+01 .1198E+01 .7228E-01 .1270E+01 .1198E+01 .5274E-01 .3903E+00
.7580E+03 .1254E+01 .1184E+01 .5193E-01 .1125E+01 .1073E+01 .1184E+01 .7128E-01 .1255E+01 .1184E+01 .5193E-01 .3860E+00
.7590E+03 .1250E+01 .1171E+01 .5093E-01 .1112E+01 .1061E+01 .1171E+01 .7008E-01 .1241E+01 .1171E+01 .5093E-01 .3820E+00
.7600E+03 .1250E+01 .4823E+00 .1206E-01 .4492E+00 .4371E+00 .4823E+00 .1961E-01 .5019E+00 .4823E+00 .1206E-01 .1548E+00
.7610E+03 .1246E+01 .3496E+00 .7170E-02 .3241E+00 .3169E+00 .3496E+00 .1258E-01 .3622E+00 .3496E+00 .7170E-02 .1118E+00
.7620E+03 .1224E+01 .8327E+00 .2938E-01 .7841E+00 .7547E+00 .8327E+00 .4281E-01 .8755E+00 .8327E+00 .2938E-01 .2705E+00
.7630E+03 .1247E+01 .5950E+00 .1679E-01 .5561E+00 .5393E+00 .5950E+00 .2622E-01 .6212E+00 .5950E+00 .1679E-01 .1920E+00
.7640E+03 .1240E+01 .7273E+00 .2324E-01 .6824E+00 .6592E+00 .7273E+00 .3488E-01 .7622E+00 .7273E+00 .2324E-01 .2355E+00
.7650E+03 .1227E+01 .8338E+00 .2909E-01 .7848E+00 .7557E+00 .8338E+00 .4256E-01 .8764E+00 .8338E+00 .2909E-01 .2710E+00
.7660E+03 .1177E+01 .9035E+00 .3390E-01 .8528E+00 .8189E+00 .9035E+00 .4863E-01 .9521E+00 .9035E+00 .3390E-01 .2947E+00
.7670E+03 .1217E+01 .1031E+01 .4100E-01 .9753E+00 .9343E+00 .1031E+01 .5793E-01 .1089E+01 .1031E+01 .4100E-01 .3373E+00
.7680E+03 .1222E+01 .1109E+01 .4590E-01 .1051E+01 .1005E+01 .1109E+01 .6424E-01 .1173E+01 .1109E+01 .4590E-01 .3639E+00
.7690E+03 .1210E+01 .1115E+01 .4644E-01 .1057E+01 .1011E+01 .1115E+01 .6493E-01 .1180E+01 .1115E+01 .4644E-01 .3665E+00
.7700E+03 .1210E+01 .1134E+01 .4757E-01 .1075E+01 .1028E+01 .1134E+01 .6644E-01 .1200E+01 .1134E+01 .4757E-01 .3735E+00
.7710E+03 .1202E+01 .1135E+01 .4768E-01 .1076E+01 .1028E+01 .1135E+01 .6663E-01 .1201E+01 .1135E+01 .4768E-01 .3746E+00
.7720E+03 .1199E+01 .1134E+01 .4760E-01 .1076E+01 .1028E+01 .1134E+01 .6657E-01 .1201E+01 .1134E+01 .4760E-01 .3749E+00
.7730E+03 .1206E+01 .1142E+01 .4776E-01 .1083E+01 .1035E+01 .1142E+01 .6687E-01 .1209E+01 .1142E+01 .4776E-01 .3773E+00
.7740E+03 .1199E+01 .1136E+01 .4736E-01 .1077E+01 .1029E+01 .1136E+01 .6639E-01 .1202E+01 .1136E+01 .4736E-01 .3753E+00
.7750E+03 .1189E+01 .1127E+01 .4687E-01 .1068E+01 .1021E+01 .1127E+01 .6579E-01 .1193E+01 .1127E+01 .4687E-01 .3732E+00
.7760E+03 .1203E+01 .1141E+01 .4730E-01 .1081E+01 .1034E+01 .1141E+01 .6651E-01 .1207E+01 .1141E+01 .4730E-01 .3785E+00
.7770E+03 .1187E+01 .1126E+01 .4654E-01 .1067E+01 .1020E+01 .1126E+01 .6553E-01 .1191E+01 .1126E+01 .4654E-01 .3739E+00
.7780E+03 .1180E+01 .1119E+01 .4610E-01 .1060E+01 .1014E+01 .1119E+01 .6498E-01 .1184E+01 .1119E+01 .4610E-01 .3717E+00
.7790E+03 .1181E+01 .1120E+01 .4599E-01 .1061E+01 .1015E+01 .1120E+01 .6490E-01 .1185E+01 .1120E+01 .4599E-01 .3720E+00
.7800E+03 .1174E+01 .1114E+01 .4560E-01 .1055E+01 .1009E+01 .1114E+01 .6444E-01 .1178E+01 .1114E+01 .4560E-01 .3703E+00
.7810E+03 .1175E+01 .1115E+01 .4551E-01 .1056E+01 .1010E+01 .1115E+01 .6440E-01 .1179E+01 .1115E+01 .4551E-01 .3711E+00
.7820E+03 .1182E+01 .1122E+01 .4565E-01 .1062E+01 .1017E+01 .1122E+01 .6469E-01 .1186E+01 .1122E+01 .4565E-01 .3737E+00
.7830E+03 .1161E+01 .1102E+01 .4472E-01 .1044E+01 .9989E+00 .1102E+01 .6346E-01 .1166E+01 .1102E+01 .4472E-01 .3676E+00
.7840E+03 .1166E+01 .1107E+01 .4480E-01 .1048E+01 .1004E+01 .1107E+01 .6366E-01 .1171E+01 .1107E+01 .4480E-01 .3696E+00
.7850E+03 .1159E+01 .1098E+01 .4425E-01 .1040E+01 .9956E+00 .1098E+01 .6298E-01 .1161E+01 .1098E+01 .4425E-01 .3671E+00
.7860E+03 .1173E+01 .1110E+01 .4454E-01 .1051E+01 .1006E+01 .1110E+01 .6350E-01 .1174E+01 .1110E+01 .4454E-01 .3714E+00
.7870E+03 .1168E+01 .1089E+01 .4312E-01 .1030E+01 .9866E+00 .1089E+01 .6172E-01 .1150E+01 .1089E+01 .4312E-01 .3644E+00
.7880E+03 .1162E+01 .1074E+01 .4220E-01 .1015E+01 .9731E+00 .1074E+01 .6056E-01 .1134E+01 .1074E+01 .4220E-01 .3597E+00
.7890E+03 .1168E+01 .1071E+01 .4183E-01 .1012E+01 .9705E+00 .1071E+01 .6016E-01 .1131E+01 .1071E+01 .4183E-01 .3590E+00
.7900E+03 .1166E+01 .1042E+01 .4010E-01 .9842E+00 .9441E+00 .1042E+01 .5793E-01 .1100E+01 .1042E+01 .4010E-01 .3495E+00
.7910E+03 .1150E+01 .1052E+01 .4083E-01 .9942E+00 .9533E+00 .1052E+01 .5889E-01 .1111E+01 .1052E+01 .4083E-01 .3534E+00
.7920E+03 .1139E+01 .1045E+01 .4052E-01 .9877E+00 .9472E+00 .1045E+01 .5849E-01 .1104E+01 .1045E+01 .4052E-01 .3512E+00
.7930E+03 .1124E+01 .1028E+01 .3966E-01 .9713E+00 .9316E+00 .1028E+01 .5734E-01 .1085E+01 .1028E+01 .3966E-01 .3454E+00
.7940E+03 .1111E+01 .1050E+01 .4106E-01 .9930E+00 .9519E+00 .1050E+01 .5918E-01 .1110E+01 .1050E+01 .4106E-01 .3531E+00
.7950E+03 .1137E+01 .1067E+01 .4141E-01 .1008E+01 .9669E+00 .1067E+01 .5983E-01 .1127E+01 .1067E+01 .4141E-01 .3590E+00
.7960E+03 .1141E+01 .1029E+01 .3904E-01 .9717E+00 .9327E+00 .1029E+01 .5679E-01 .1086E+01 .1029E+01 .3904E-01 .3465E+00
.7970E+03 .1140E+01 .1030E+01 .3892E-01 .9726E+00 .9337E+00 .1030E+01 .5673E-01 .1087E+01 .1030E+01 .3892E-01 .3475E+00
.7980E+03 .1139E+01 .1065E+01 .4085E-01 .1006E+01 .9648E+00 .1065E+01 .5934E-01 .1124E+01 .1065E+01 .4085E-01 .3600E+00
.7990E+03 .1140E+01 .1057E+01 .4029E-01 .9982E+00 .9579E+00 .1057E+01 .5868E-01 .1116E+01 .1057E+01 .4029E-01 .3580E+00
.8000E+03 .1130E+01 .1037E+01 .3918E-01 .9789E+00 .9397E+00 .1037E+01 .5723E-01 .1094E+01 .1037E+01 .3918E-01 .3511E+00
.8010E+03 .1133E+01 .1034E+01 .3882E-01 .9757E+00 .9369E+00 .1034E+01 .5680E-01 .1091E+01 .1034E+01 .3882E-01 .3499E+00
.8020E+03 .1128E+01 .1031E+01 .3859E-01 .9728E+00 .9343E+00 .1031E+01 .5654E-01 .1087E+01 .1031E+01 .3859E-01 .3492E+00
.8030E+03 .1123E+01 .1022E+01 .3806E-01 .9647E+00 .9266E+00 .1022E+01 .5589E-01 .1078E+01 .1022E+01 .3806E-01 .3466E+00
.8040E+03 .1121E+01 .1024E+01 .3811E-01 .9666E+00 .9285E+00 .1024E+01 .5601E-01 .1080E+01 .1024E+01 .3811E-01 .3477E+00
.8050E+03 .1107E+01 .1023E+01 .3817E-01 .9652E+00 .9270E+00 .1023E+01 .5608E-01 .1079E+01 .1023E+01 .3817E-01 .3475E+00
.8060E+03 .1122E+01 .1053E+01 .3952E-01 .9939E+00 .9543E+00 .1053E+01 .5800E-01 .1111E+01 .1053E+01 .3952E-01 .3582E+00
.8070E+03 .1113E+01 .1040E+01 .3884E-01 .9816E+00 .9428E+00 .1040E+01 .5713E-01 .1097E+01 .1040E+01 .3884E-01 .3542E+00
.8080E+03 .1111E+01 .1042E+01 .3883E-01 .9830E+00 .9442E+00 .1042E+01 .5718E-01 .1099E+01 .1042E+01 .3883E-01 .3551E+00
.8090E+03 .1102E+01 .1021E+01 .3769E-01 .9631E+00 .9255E+00 .1021E+01 .5568E-01 .1077E+01 .1021E+01 .3769E-01 .3483E+00
.8100E+03 .1105E+01 .1008E+01 .3682E-01 .9505E+00 .9137E+00 .1008E+01 .5459E-01 .1063E+01 .1008E+01 .3682E-01 .3442E+00
.8110E+03 .1116E+01 .1010E+01 .3654E-01 .9522E+00 .9157E+00 .1010E+01 .5436E-01 .1065E+01 .1010E+01 .3654E-01 .3452E+00
.8120E+03 .1117E+01 .9771E+00 .3467E-01 .9202E+00 .8855E+00 .9771E+00 .5191E-01 .1029E+01 .9771E+00 .3467E-01 .3343E+00
.8130E+03 .1119E+01 .9552E+00 .3358E-01 .8993E+00 .8657E+00 .9552E+00 .5046E-01 .1006E+01 .9552E+00 .3358E-01 .3274E+00
.8140E+03 .1112E+01 .8302E+00 .2765E-01 .7800E+00 .7524E+00 .8302E+00 .4225E-01 .8724E+00 .8302E+00 .2765E-01 .2845E+00
.8150E+03 .1106E+01 .8273E+00 .2758E-01 .7774E+00 .7498E+00 .8273E+00 .4214E-01 .8695E+00 .8273E+00 .2758E-01 .2836E+00
.8160E+03 .1104E+01 .7753E+00 .2532E-01 .7279E+00 .7026E+00 .7753E+00 .3895E-01 .8142E+00 .7753E+00 .2532E-01 .2656E+00
.8170E+03 .1100E+01 .7947E+00 .2616E-01 .7464E+00 .7202E+00 .7947E+00 .4016E-01 .8349E+00 .7947E+00 .2616E-01 .2725E+00
.8180E+03 .1078E+01 .7658E+00 .2482E-01 .7189E+00 .6941E+00 .7658E+00 .3831E-01 .8042E+00 .7658E+00 .2482E-01 .2628E+00
.8190E+03 .1072E+01 .8638E+00 .2935E-01 .8122E+00 .7828E+00 .8638E+00 .4468E-01 .9084E+00 .8638E+00 .2935E-01 .2971E+00
.8200E+03 .1065E+01 .8118E+00 .2693E-01 .7627E+00 .7358E+00 .8118E+00 .4133E-01 .8532E+00 .8118E+00 .2693E-01 .2794E+00
.8210E+03 .1064E+01 .9469E+00 .3320E-01 .8913E+00 .8581E+00 .9469E+00 .5014E-01 .9970E+00 .9469E+00 .3320E-01 .3268E+00
.8220E+03 .1066E+01 .9188E+00 .3173E-01 .8644E+00 .8327E+00 .9188E+00 .4817E-01 .9669E+00 .9188E+00 .3173E-01 .3173E+00
.8230E+03 .1077E+01 .6221E+00 .1880E-01 .5826E+00 .5638E+00 .6221E+00 .2977E-01 .6519E+00 .6221E+00 .1880E-01 .2143E+00
.8240E+03 .1074E+01 .8851E+00 .2966E-01 .8319E+00 .8022E+00 .8851E+00 .4549E-01 .9306E+00 .8851E+00 .2966E-01 .3060E+00
.8250E+03 .1071E+01 .9322E+00 .3217E-01 .8770E+00 .8449E+00 .9322E+00 .4893E-01 .9812E+00 .9322E+00 .3217E-01 .3229E+00
.8260E+03 .1079E+01 .8950E+00 .3029E-01 .8414E+00 .8111E+00 .8950E+00 .4637E-01 .9413E+00 .8950E+00 .3029E-01 .3101E+00
.8270E+03 .1077E+01 .9451E+00 .3242E-01 .8889E+00 .8565E+00 .9451E+00 .4946E-01 .9945E+00 .9451E+00 .3242E-01 .3279E+00
.8280E+03 .1071E+01 .7984E+00 .2566E-01 .7492E+00 .7236E+00 .7984E+00 .3996E-01 .8383E+00 .7984E+00 .2566E-01 .2768E+00
.8290E+03 .1064E+01 .8896E+00 .2988E-01 .8361E+00 .8062E+00 .8896E+00 .4593E-01 .9355E+00 .8896E+00 .2988E-01 .3090E+00
.8300E+03 .1061E+01 .8724E+00 .2895E-01 .8196E+00 .7906E+00 .8724E+00 .4467E-01 .9171E+00 .8724E+00 .2895E-01 .3029E+00
.8310E+03 .1055E+01 .8753E+00 .2903E-01 .8223E+00 .7933E+00 .8753E+00 .4481E-01 .9201E+00 .8753E+00 .2903E-01 .3039E+00
.8320E+03 .1058E+01 .8457E+00 .2764E-01 .7941E+00 .7664E+00 .8457E+00 .4291E-01 .8886E+00 .8457E+00 .2764E-01 .2942E+00
.8330E+03 .1025E+01 .9055E+00 .3050E-01 .8512E+00 .8207E+00 .9055E+00 .4696E-01 .9525E+00 .9055E+00 .3050E-01 .3160E+00
.8340E+03 .1030E+01 .8686E+00 .2866E-01 .8159E+00 .7872E+00 .8686E+00 .4443E-01 .9130E+00 .8686E+00 .2866E-01 .3034E+00
.8350E+03 .1046E+01 .9631E+00 .3290E-01 .9057E+00 .8728E+00 .9631E+00 .5051E-01 .1014E+01 .9631E+00 .3290E-01 .3371E+00
.8360E+03 .1051E+01 .9145E+00 .3031E-01 .8591E+00 .8288E+00 .9145E+00 .4700E-01 .9615E+00 .9145E+00 .3031E-01 .3201E+00
.8370E+03 .1046E+01 .9662E+00 .3285E-01 .9085E+00 .8757E+00 .9662E+00 .5056E-01 .1017E+01 .9662E+00 .3285E-01 .3388E+00
.8380E+03 .1030E+01 .9333E+00 .3125E-01 .8771E+00 .8459E+00 .9333E+00 .4835E-01 .9816E+00 .9333E+00 .3125E-01 .3274E+00
.8390E+03 .1027E+01 .9524E+00 .3225E-01 .8954E+00 .8632E+00 .9524E+00 .4976E-01 .1002E+01 .9524E+00 .3225E-01 .3346E+00
.8400E+03 .1044E+01 .9741E+00 .3300E-01 .9159E+00 .8829E+00 .9741E+00 .5094E-01 .1025E+01 .9741E+00 .3300E-01 .3426E+00
.8410E+03 .1038E+01 .9591E+00 .3223E-01 .9014E+00 .8692E+00 .9591E+00 .4990E-01 .1009E+01 .9591E+00 .3223E-01 .3375E+00
.8420E+03 .1029E+01 .9632E+00 .3253E-01 .9055E+00 .8730E+00 .9632E+00 .5033E-01 .1014E+01 .9632E+00 .3253E-01 .3394E+00
.8430E+03 .1017E+01 .9647E+00 .3275E-01 .9071E+00 .8743E+00 .9647E+00 .5062E-01 .1015E+01 .9647E+00 .3275E-01 .3404E+00
.8440E+03 .1010E+01 .9497E+00 .3200E-01 .8927E+00 .8608E+00 .9497E+00 .4960E-01 .9993E+00 .9497E+00 .3200E-01 .3354E+00
.8450E+03 .1034E+01 .9840E+00 .3328E-01 .9251E+00 .8918E+00 .9840E+00 .5156E-01 .1036E+01 .9840E+00 .3328E-01 .3479E+00
.8460E+03 .1028E+01 .9801E+00 .3310E-01 .9214E+00 .8883E+00 .9801E+00 .5133E-01 .1031E+01 .9801E+00 .3310E-01 .3469E+00
.8470E+03 .1005E+01 .9626E+00 .3250E-01 .9049E+00 .8724E+00 .9626E+00 .5042E-01 .1013E+01 .9626E+00 .3250E-01 .3410E+00
.8480E+03 .1004E+01 .9559E+00 .3207E-01 .8984E+00 .8663E+00 .9559E+00 .4987E-01 .1006E+01 .9559E+00 .3207E-01 .3389E+00
.8490E+03 .9755E+00 .9289E+00 .3108E-01 .8729E+00 .8418E+00 .9289E+00 .4838E-01 .9772E+00 .9289E+00 .3108E-01 .3296E+00
.8500E+03 .9336E+00 .8902E+00 .2972E-01 .8365E+00 .8068E+00 .8902E+00 .4631E-01 .9365E+00 .8902E+00 .2972E-01 .3162E+00
.8510E+03 .9946E+00 .9418E+00 .3124E-01 .8848E+00 .8535E+00 .9418E+00 .4879E-01 .9905E+00 .9418E+00 .3124E-01 .3348E+00
.8520E+03 .9850E+00 .9354E+00 .3098E-01 .8788E+00 .8478E+00 .9354E+00 .4841E-01 .9838E+00 .9354E+00 .3098E-01 .3325E+00
.8530E+03 .9433E+00 .9016E+00 .2988E-01 .8470E+00 .8171E+00 .9016E+00 .4668E-01 .9483E+00 .9016E+00 .2988E-01 .3205E+00
.8540E+03 .8184E+00 .7776E+00 .2561E-01 .7303E+00 .7047E+00 .7776E+00 .4010E-01 .8177E+00 .7776E+00 .2561E-01 .2766E+00
.8550E+03 .8936E+00 .8556E+00 .2823E-01 .8036E+00 .7754E+00 .8556E+00 .4419E-01 .8998E+00 .8556E+00 .2823E-01 .3046E+00
.8560E+03 .9789E+00 .9343E+00 .3069E-01 .8774E+00 .8467E+00 .9343E+00 .4813E-01 .9824E+00 .9343E+00 .3069E-01 .3331E+00
.8570E+03 .9971E+00 .9560E+00 .3141E-01 .8979E+00 .8665E+00 .9560E+00 .4930E-01 .1005E+01 .9560E+00 .3141E-01 .3416E+00
.8580E+03 .9912E+00 .9487E+00 .3106E-01 .8909E+00 .8598E+00 .9487E+00 .4883E-01 .9975E+00 .9487E+00 .3106E-01 .3397E+00
.8590E+03 .9901E+00 .9497E+00 .3105E-01 .8917E+00 .8607E+00 .9497E+00 .4884E-01 .9985E+00 .9497E+00 .3105E-01 .3401E+00
.8600E+03 .9903E+00 .9519E+00 .3107E-01 .8938E+00 .8627E+00 .9519E+00 .4890E-01 .1001E+01 .9519E+00 .3107E-01 .3409E+00
.8610E+03 .9853E+00 .9465E+00 .3080E-01 .8886E+00 .8579E+00 .9465E+00 .4853E-01 .9951E+00 .9465E+00 .3080E-01 .3392E+00
.8620E+03 .1000E+01 .9617E+00 .3124E-01 .9029E+00 .8716E+00 .9617E+00 .4929E-01 .1011E+01 .9617E+00 .3124E-01 .3453E+00
.8630E+03 .1024E+01 .9845E+00 .3190E-01 .9241E+00 .8922E+00 .9845E+00 .5040E-01 .1035E+01 .9845E+00 .3190E-01 .3542E+00
.8640E+03 .9722E+00 .9351E+00 .3022E-01 .8778E+00 .8475E+00 .9351E+00 .4781E-01 .9830E+00 .9351E+00 .3022E-01 .3368E+00
.8650E+03 .9633E+00 .9270E+00 .2989E-01 .8701E+00 .8402E+00 .9270E+00 .4734E-01 .9744E+00 .9270E+00 .2989E-01 .3342E+00
.8660E+03 .8662E+00 .8336E+00 .2681E-01 .7823E+00 .7555E+00 .8336E+00 .4250E-01 .8761E+00 .8336E+00 .2681E-01 .3008E+00
.8670E+03 .9038E+00 .8700E+00 .2790E-01 .8164E+00 .7885E+00 .8700E+00 .4429E-01 .9143E+00 .8700E+00 .2790E-01 .3142E+00
.8680E+03 .9833E+00 .9467E+00 .3029E-01 .8883E+00 .8580E+00 .9467E+00 .4813E-01 .9948E+00 .9467E+00 .3029E-01 .3422E+00
.8690E+03 .9627E+00 .9271E+00 .2959E-01 .8698E+00 .8402E+00 .9271E+00 .4707E-01 .9741E+00 .9271E+00 .2959E-01 .3354E+00
.8700E+03 .9901E+00 .9535E+00 .3035E-01 .8945E+00 .8642E+00 .9535E+00 .4835E-01 .1002E+01 .9535E+00 .3035E-01 .3453E+00
.8710E+03 .9766E+00 .9405E+00 .2986E-01 .8823E+00 .8524E+00 .9405E+00 .4762E-01 .9882E+00 .9405E+00 .2986E-01 .3409E+00
.8720E+03 .9729E+00 .9373E+00 .2968E-01 .8792E+00 .8495E+00 .9373E+00 .4740E-01 .9847E+00 .9373E+00 .2968E-01 .3401E+00
.8730E+03 .9709E+00 .9355E+00 .2955E-01 .8774E+00 .8478E+00 .9355E+00 .4724E-01 .9827E+00 .9355E+00 .2955E-01 .3398E+00
.8740E+03 .9593E+00 .9244E+00 .2912E-01 .8669E+00 .8378E+00 .9244E+00 .4659E-01 .9710E+00 .9244E+00 .2912E-01 .3357E+00
.8750E+03 .9401E+00 .9056E+00 .2844E-01 .8492E+00 .8208E+00 .9056E+00 .4555E-01 .9512E+00 .9056E+00 .2844E-01 .3289E+00
.8760E+03 .9502E+00 .9150E+00 .2865E-01 .8579E+00 .8293E+00 .9150E+00 .4594E-01 .9609E+00 .9150E+00 .2865E-01 .3324E+00
.8770E+03 .9594E+00 .9245E+00 .2888E-01 .8668E+00 .8379E+00 .9245E+00 .4637E-01 .9709E+00 .9245E+00 .2888E-01 .3362E+00
.8780E+03 .9708E+00 .9342E+00 .2909E-01 .8758E+00 .8467E+00 .9342E+00 .4676E-01 .9810E+00 .9342E+00 .2909E-01 .3401E+00
.8790E+03 .9556E+00 .9200E+00 .2858E-01 .8623E+00 .8338E+00 .9200E+00 .4599E-01 .9659E+00 .9200E+00 .2858E-01 .3352E+00
.8800E+03 .9350E+00 .9005E+00 .2790E-01 .8440E+00 .8161E+00 .9005E+00 .4496E-01 .9455E+00 .9005E+00 .2790E-01 .3284E+00
.8810E+03 .9237E+00 .8862E+00 .2733E-01 .8305E+00 .8032E+00 .8862E+00 .4413E-01 .9304E+00 .8862E+00 .2733E-01 .3236E+00
.8820E+03 .9442E+00 .9056E+00 .2785E-01 .8486E+00 .8208E+00 .9056E+00 .4505E-01 .9507E+00 .9056E+00 .2785E-01 .3314E+00
.8830E+03 .9454E+00 .9083E+00 .2791E-01 .8511E+00 .8232E+00 .9083E+00 .4518E-01 .9535E+00 .9083E+00 .2791E-01 .3329E+00
.8840E+03 .9416E+00 .9047E+00 .2771E-01 .8476E+00 .8199E+00 .9047E+00 .4491E-01 .9496E+00 .9047E+00 .2771E-01 .3316E+00
.8850E+03 .9486E+00 .9116E+00 .2785E-01 .8540E+00 .8262E+00 .9116E+00 .4517E-01 .9568E+00 .9116E+00 .2785E-01 .3341E+00
.8860E+03 .9132E+00 .8671E+00 .2624E-01 .8121E+00 .7859E+00 .8671E+00 .4271E-01 .9099E+00 .8671E+00 .2624E-01 .3181E+00
.8870E+03 .9164E+00 .8776E+00 .2663E-01 .8220E+00 .7953E+00 .8776E+00 .4334E-01 .9209E+00 .8776E+00 .2663E-01 .3226E+00
.8880E+03 .9363E+00 .8887E+00 .2679E-01 .8323E+00 .8055E+00 .8887E+00 .4373E-01 .9325E+00 .8887E+00 .2679E-01 .3272E+00
.8890E+03 .9366E+00 .9016E+00 .2730E-01 .8444E+00 .8171E+00 .9016E+00 .4449E-01 .9461E+00 .9016E+00 .2730E-01 .3320E+00
.8900E+03 .9393E+00 .8917E+00 .2671E-01 .8348E+00 .8081E+00 .8917E+00 .4369E-01 .9354E+00 .8917E+00 .2671E-01 .3282E+00
.8910E+03 .9322E+00 .8904E+00 .2669E-01 .8336E+00 .8070E+00 .8904E+00 .4367E-01 .9340E+00 .8904E+00 .2669E-01 .3282E+00
.8920E+03 .9173E+00 .8636E+00 .2561E-01 .8083E+00 .7827E+00 .8636E+00 .4208E-01 .9057E+00 .8636E+00 .2561E-01 .3189E+00
.8930E+03 .9118E+00 .8343E+00 .2442E-01 .7805E+00 .7561E+00 .8343E+00 .4034E-01 .8746E+00 .8343E+00 .2442E-01 .3084E+00
.8940E+03 .9140E+00 .7979E+00 .2274E-01 .7459E+00 .7231E+00 .7979E+00 .3791E-01 .8358E+00 .7979E+00 .2274E-01 .2948E+00
.8950E+03 .9104E+00 .7483E+00 .2063E-01 .6988E+00 .6782E+00 .7483E+00 .3480E-01 .7831E+00 .7483E+00 .2063E-01 .2762E+00
.8960E+03 .9238E+00 .7000E+00 .1884E-01 .6532E+00 .6344E+00 .7000E+00 .3207E-01 .7320E+00 .7000E+00 .1884E-01 .2585E+00
.8970E+03 .9099E+00 .5969E+00 .1522E-01 .5562E+00 .5410E+00 .5969E+00 .2646E-01 .6233E+00 .5969E+00 .1522E-01 .2204E+00
.8980E+03 .9137E+00 .6620E+00 .1741E-01 .6174E+00 .6000E+00 .6620E+00 .2992E-01 .6919E+00 .6620E+00 .1741E-01 .2449E+00
.8990E+03 .9110E+00 .5074E+00 .1247E-01 .4724E+00 .4599E+00 .5074E+00 .2201E-01 .5294E+00 .5074E+00 .1247E-01 .1877E+00
.9000E+03 .8902E+00 .6873E+00 .1856E-01 .6415E+00 .6229E+00 .6873E+00 .3161E-01 .7189E+00 .6873E+00 .1856E-01 .2549E+00
.9010E+03 .8596E+00 .5211E+00 .1263E-01 .4849E+00 .4722E+00 .5211E+00 .2243E-01 .5435E+00 .5211E+00 .1263E-01 .1931E+00
.9020E+03 .8684E+00 .6285E+00 .1653E-01 .5862E+00 .5697E+00 .6285E+00 .2847E-01 .6570E+00 .6285E+00 .1653E-01 .2338E+00
.9030E+03 .9014E+00 .6386E+00 .1648E-01 .5953E+00 .5788E+00 .6386E+00 .2860E-01 .6672E+00 .6386E+00 .1648E-01 .2378E+00
.9040E+03 .9104E+00 .7972E+00 .2215E-01 .7447E+00 .7225E+00 .7972E+00 .3741E-01 .8346E+00 .7972E+00 .2215E-01 .2973E+00
.9050E+03 .9078E+00 .7686E+00 .2102E-01 .7176E+00 .6966E+00 .7686E+00 .3570E-01 .8043E+00 .7686E+00 .2102E-01 .2865E+00
.9060E+03 .8868E+00 .7193E+00 .1941E-01 .6713E+00 .6519E+00 .7193E+00 .3316E-01 .7525E+00 .7193E+00 .1941E-01 .2685E+00
.9070E+03 .8940E+00 .5889E+00 .1475E-01 .5485E+00 .5338E+00 .5889E+00 .2593E-01 .6149E+00 .5889E+00 .1475E-01 .2200E+00
.9080E+03 .8783E+00 .5944E+00 .1493E-01 .5537E+00 .5387E+00 .5944E+00 .2623E-01 .6207E+00 .5944E+00 .1493E-01 .2223E+00
.9090E+03 .8604E+00 .6415E+00 .1660E-01 .5980E+00 .5814E+00 .6415E+00 .2884E-01 .6703E+00 .6415E+00 .1660E-01 .2400E+00
.9100E+03 .8774E+00 .5604E+00 .1366E-01 .5216E+00 .5079E+00 .5604E+00 .2428E-01 .5847E+00 .5604E+00 .1366E-01 .2094E+00
.9110E+03 .8728E+00 .5991E+00 .1515E-01 .5581E+00 .5430E+00 .5991E+00 .2657E-01 .6257E+00 .5991E+00 .1515E-01 .2245E+00
.9120E+03 .8740E+00 .6329E+00 .1603E-01 .5897E+00 .5736E+00 .6329E+00 .2812E-01 .6610E+00 .6329E+00 .1603E-01 .2376E+00
.9130E+03 .8932E+00 .5662E+00 .1365E-01 .5268E+00 .5132E+00 .5662E+00 .2442E-01 .5907E+00 .5662E+00 .1365E-01 .2126E+00
.9140E+03 .8826E+00 .5638E+00 .1352E-01 .5245E+00 .5110E+00 .5638E+00 .2425E-01 .5880E+00 .5638E+00 .1352E-01 .2116E+00
.9150E+03 .8753E+00 .6042E+00 .1464E-01 .5622E+00 .5476E+00 .6042E+00 .2614E-01 .6303E+00 .6042E+00 .1464E-01 .2268E+00
.9160E+03 .8791E+00 .5154E+00 .1208E-01 .4792E+00 .4671E+00 .5154E+00 .2188E-01 .5373E+00 .5154E+00 .1208E-01 .1938E+00
.9170E+03 .8667E+00 .6567E+00 .1652E-01 .6117E+00 .5951E+00 .6567E+00 .2911E-01 .6858E+00 .6567E+00 .1652E-01 .2476E+00
.9180E+03 .8709E+00 .5228E+00 .1213E-01 .4859E+00 .4738E+00 .5228E+00 .2208E-01 .5449E+00 .5228E+00 .1213E-01 .1971E+00
.9190E+03 .8739E+00 .6750E+00 .1719E-01 .6289E+00 .6117E+00 .6750E+00 .3016E-01 .7051E+00 .6750E+00 .1719E-01 .2549E+00
.9200E+03 .8632E+00 .6764E+00 .1750E-01 .6305E+00 .6131E+00 .6764E+00 .3052E-01 .7069E+00 .6764E+00 .1750E-01 .2556E+00
.9210E+03 .8416E+00 .7123E+00 .1867E-01 .6643E+00 .6456E+00 .7123E+00 .3243E-01 .7448E+00 .7123E+00 .1867E-01 .2697E+00
.9220E+03 .8384E+00 .6312E+00 .1586E-01 .5879E+00 .5720E+00 .6312E+00 .2802E-01 .6592E+00 .6312E+00 .1586E-01 .2392E+00
.9230E+03 .8153E+00 .6904E+00 .1809E-01 .6438E+00 .6257E+00 .6904E+00 .3146E-01 .7219E+00 .6904E+00 .1809E-01 .2622E+00
.9240E+03 .8412E+00 .6439E+00 .1597E-01 .5995E+00 .5835E+00 .6439E+00 .2837E-01 .6722E+00 .6439E+00 .1597E-01 .2442E+00
.9250E+03 .8410E+00 .6337E+00 .1572E-01 .5900E+00 .5743E+00 .6337E+00 .2792E-01 .6616E+00 .6337E+00 .1572E-01 .2404E+00
.9260E+03 .8302E+00 .6365E+00 .1566E-01 .5925E+00 .5769E+00 .6365E+00 .2793E-01 .6644E+00 .6365E+00 .1566E-01 .2418E+00
.9270E+03 .8567E+00 .7186E+00 .1825E-01 .6696E+00 .6513E+00 .7186E+00 .3217E-01 .7508E+00 .7186E+00 .1825E-01 .2737E+00
.9280E+03 .8581E+00 .5101E+00 .1126E-01 .4736E+00 .4624E+00 .5101E+00 .2103E-01 .5312E+00 .5101E+00 .1126E-01 .1940E+00
.9290E+03 .8467E+00 .4548E+00 .9559E-02 .4217E+00 .4122E+00 .4548E+00 .1823E-01 .4730E+00 .4548E+00 .9559E-02 .1730E+00
.9300E+03 .8511E+00 .3703E+00 .7226E-02 .3428E+00 .3356E+00 .3703E+00 .1425E-01 .3845E+00 .3703E+00 .7226E-02 .1408E+00
.9310E+03 .8511E+00 .3489E+00 .6717E-02 .3229E+00 .3162E+00 .3489E+00 .1333E-01 .3623E+00 .3489E+00 .6717E-02 .1328E+00
.9320E+03 .8466E+00 .2489E+00 .4177E-02 .2297E+00 .2256E+00 .2489E+00 .8853E-02 .2577E+00 .2489E+00 .4177E-02 .9458E-01
.9330E+03 .8498E+00 .2030E+00 .3159E-02 .1871E+00 .1840E+00 .2030E+00 .6955E-02 .2099E+00 .2030E+00 .3159E-02 .7708E-01
.9340E+03 .8477E+00 .1118E+00 .1288E-02 .1026E+00 .1013E+00 .1118E+00 .3344E-02 .1152E+00 .1118E+00 .1288E-02 .4228E-01
.9350E+03 .8377E+00 .2202E+00 .3635E-02 .2032E+00 .1995E+00 .2202E+00 .7770E-02 .2279E+00 .2202E+00 .3635E-02 .8370E-01
.9360E+03 .8335E+00 .1341E+00 .1858E-02 .1234E+00 .1216E+00 .1341E+00 .4353E-02 .1385E+00 .1341E+00 .1858E-02 .5096E-01
.9370E+03 .8395E+00 .1409E+00 .1972E-02 .1297E+00 .1277E+00 .1409E+00 .4600E-02 .1455E+00 .1409E+00 .1972E-02 .5365E-01
.9380E+03 .8388E+00 .1728E+00 .2546E-02 .1591E+00 .1566E+00 .1728E+00 .5780E-02 .1785E+00 .1728E+00 .2546E-02 .6585E-01
.9390E+03 .8327E+00 .3493E+00 .6663E-02 .3233E+00 .3166E+00 .3493E+00 .1332E-01 .3626E+00 .3493E+00 .6663E-02 .1337E+00
.9400E+03 .8229E+00 .4168E+00 .8426E-02 .3862E+00 .3778E+00 .4168E+00 .1641E-01 .4332E+00 .4168E+00 .8426E-02 .1597E+00
.9410E+03 .7930E+00 .3121E+00 .5705E-02 .2886E+00 .2829E+00 .3121E+00 .1163E-01 .3237E+00 .3121E+00 .5705E-02 .1194E+00
.9420E+03 .8095E+00 .3637E+00 .6936E-02 .3366E+00 .3297E+00 .3637E+00 .1387E-01 .3776E+00 .3637E+00 .6936E-02 .1392E+00
.9430E+03 .8194E+00 .2511E+00 .4321E-02 .2319E+00 .2276E+00 .2511E+00 .9073E-02 .2602E+00 .2511E+00 .4321E-02 .9602E-01
.9440E+03 .8084E+00 .2675E+00 .4970E-02 .2474E+00 .2424E+00 .2675E+00 .1007E-01 .2776E+00 .2675E+00 .4970E-02 .1026E+00
.9450E+03 .8165E+00 .3218E+00 .5919E-02 .2976E+00 .2917E+00 .3218E+00 .1205E-01 .3339E+00 .3218E+00 .5919E-02 .1234E+00
.9460E+03 .8194E+00 .1659E+00 .2461E-02 .1528E+00 .1503E+00 .1659E+00 .5574E-02 .1715E+00 .1659E+00 .2461E-02 .6341E-01
.9470E+03 .8212E+00 .3178E+00 .5673E-02 .2937E+00 .2880E+00 .3178E+00 .1171E-01 .3295E+00 .3178E+00 .5673E-02 .1218E+00
.9480E+03 .8219E+00 .2447E+00 .4258E-02 .2261E+00 .2218E+00 .2447E+00 .8905E-02 .2537E+00 .2447E+00 .4258E-02 .9386E-01
.9490E+03 .8212E+00 .4385E+00 .8584E-02 .4060E+00 .3974E+00 .4385E+00 .1699E-01 .4555E+00 .4385E+00 .8584E-02 .1686E+00
.9500E+03 .8154E+00 .1193E+00 .1540E-02 .1097E+00 .1082E+00 .1193E+00 .3767E-02 .1231E+00 .1193E+00 .1540E-02 .4564E-01
.9510E+03 .8110E+00 .4299E+00 .8381E-02 .3980E+00 .3896E+00 .4299E+00 .1663E-01 .4465E+00 .4299E+00 .8381E-02 .1654E+00
.9520E+03 .8117E+00 .2230E+00 .3556E-02 .2057E+00 .2021E+00 .2230E+00 .7771E-02 .2308E+00 .2230E+00 .3556E-02 .8553E-01
.9530E+03 .8043E+00 .2926E+00 .5130E-02 .2703E+00 .2652E+00 .2926E+00 .1070E-01 .3033E+00 .2926E+00 .5130E-02 .1125E+00
.9540E+03 .7797E+00 .3577E+00 .6754E-02 .3310E+00 .3242E+00 .3577E+00 .1361E-01 .3713E+00 .3577E+00 .6754E-02 .1378E+00
.9550E+03 .7665E+00 .2946E+00 .5189E-02 .2722E+00 .2670E+00 .2946E+00 .1081E-01 .3054E+00 .2946E+00 .5189E-02 .1134E+00
.9560E+03 .7989E+00 .2888E+00 .5488E-02 .2672E+00 .2617E+00 .2888E+00 .1103E-01 .2998E+00 .2888E+00 .5488E-02 .1114E+00
.9570E+03 .7927E+00 .2214E+00 .3407E-02 .2041E+00 .2007E+00 .2214E+00 .7593E-02 .2290E+00 .2214E+00 .3407E-02 .8508E-01
.9580E+03 .8013E+00 .4148E+00 .8487E-02 .3845E+00 .3760E+00 .4148E+00 .1650E-01 .4313E+00 .4148E+00 .8487E-02 .1602E+00
.9590E+03 .8021E+00 .3289E+00 .6107E-02 .3042E+00 .2981E+00 .3289E+00 .1241E-01 .3413E+00 .3289E+00 .6107E-02 .1268E+00
.9600E+03 .7908E+00 .3592E+00 .6683E-02 .3322E+00 .3255E+00 .3592E+00 .1356E-01 .3727E+00 .3592E+00 .6683E-02 .1384E+00
.9610E+03 .7946E+00 .4102E+00 .8115E-02 .3798E+00 .3717E+00 .4102E+00 .1601E-01 .4262E+00 .4102E+00 .8115E-02 .1582E+00
.9620E+03 .7878E+00 .3920E+00 .7719E-02 .3630E+00 .3553E+00 .3920E+00 .1526E-01 .4072E+00 .3920E+00 .7719E-02 .1512E+00
.9630E+03 .7839E+00 .4542E+00 .9404E-02 .4210E+00 .4116E+00 .4542E+00 .1819E-01 .4724E+00 .4542E+00 .9404E-02 .1755E+00
.9640E+03 .7836E+00 .4140E+00 .8370E-02 .3836E+00 .3752E+00 .4140E+00 .1637E-01 .4303E+00 .4140E+00 .8370E-02 .1600E+00
.9650E+03 .7805E+00 .4491E+00 .9199E-02 .4162E+00 .4070E+00 .4491E+00 .1789E-01 .4670E+00 .4491E+00 .9199E-02 .1738E+00
.9660E+03 .7742E+00 .4405E+00 .8807E-02 .4081E+00 .3993E+00 .4405E+00 .1732E-01 .4579E+00 .4405E+00 .8807E-02 .1704E+00
.9670E+03 .7809E+00 .4362E+00 .8646E-02 .4040E+00 .3953E+00 .4362E+00 .1706E-01 .4533E+00 .4362E+00 .8646E-02 .1687E+00
.9680E+03 .7798E+00 .6133E+00 .1416E-01 .5700E+00 .5558E+00 .6133E+00 .2617E-01 .6394E+00 .6133E+00 .1416E-01 .2380E+00
.9690E+03 .7793E+00 .6321E+00 .1438E-01 .5873E+00 .5729E+00 .6321E+00 .2675E-01 .6589E+00 .6321E+00 .1438E-01 .2455E+00
.9700E+03 .7785E+00 .5764E+00 .1275E-01 .5352E+00 .5224E+00 .5764E+00 .2401E-01 .6004E+00 .5764E+00 .1275E-01 .2239E+00
.9710E+03 .7761E+00 .6741E+00 .1586E-01 .6268E+00 .6110E+00 .6741E+00 .2910E-01 .7032E+00 .6741E+00 .1586E-01 .2622E+00
.9720E+03 .7779E+00 .6475E+00 .1508E-01 .6019E+00 .5868E+00 .6475E+00 .2778E-01 .6753E+00 .6475E+00 .1508E-01 .2518E+00
.9730E+03 .7697E+00 .5457E+00 .1168E-01 .5063E+00 .4946E+00 .5457E+00 .2231E-01 .5681E+00 .5457E+00 .1168E-01 .2118E+00
.9740E+03 .7603E+00 .5234E+00 .1125E-01 .4856E+00 .4744E+00 .5234E+00 .2144E-01 .5449E+00 .5234E+00 .1125E-01 .2032E+00
.9750E+03 .7695E+00 .5528E+00 .1212E-01 .5131E+00 .5010E+00 .5528E+00 .2291E-01 .5757E+00 .5528E+00 .1212E-01 .2148E+00
.9760E+03 .7652E+00 .5130E+00 .1072E-01 .4757E+00 .4650E+00 .5130E+00 .2070E-01 .5337E+00 .5130E+00 .1072E-01 .1993E+00
.9770E+03 .7635E+00 .5889E+00 .1312E-01 .5468E+00 .5337E+00 .5889E+00 .2465E-01 .6136E+00 .5889E+00 .1312E-01 .2293E+00
.9780E+03 .7624E+00 .5571E+00 .1201E-01 .5169E+00 .5049E+00 .5571E+00 .2289E-01 .5800E+00 .5571E+00 .1201E-01 .2167E+00
.9790E+03 .7560E+00 .5858E+00 .1289E-01 .5438E+00 .5310E+00 .5858E+00 .2435E-01 .6102E+00 .5858E+00 .1289E-01 .2280E+00
.9800E+03 .7599E+00 .5464E+00 .1179E-01 .5070E+00 .4952E+00 .5464E+00 .2245E-01 .5688E+00 .5464E+00 .1179E-01 .2126E+00
.9810E+03 .7640E+00 .6707E+00 .1549E-01 .6234E+00 .6079E+00 .6707E+00 .2867E-01 .6994E+00 .6707E+00 .1549E-01 .2613E+00
.9820E+03 .7614E+00 .6354E+00 .1431E-01 .5901E+00 .5758E+00 .6354E+00 .2676E-01 .6621E+00 .6354E+00 .1431E-01 .2474E+00
.9830E+03 .7559E+00 .6062E+00 .1344E-01 .5628E+00 .5494E+00 .6062E+00 .2531E-01 .6315E+00 .6062E+00 .1344E-01 .2362E+00
.9840E+03 .7549E+00 .6948E+00 .1631E-01 .6460E+00 .6297E+00 .6948E+00 .3000E-01 .7248E+00 .6948E+00 .1631E-01 .2713E+00
.9850E+03 .7555E+00 .6310E+00 .1409E-01 .5859E+00 .5719E+00 .6310E+00 .2647E-01 .6574E+00 .6310E+00 .1409E-01 .2462E+00
.9860E+03 .7499E+00 .7084E+00 .1675E-01 .6588E+00 .6420E+00 .7084E+00 .3073E-01 .7391E+00 .7084E+00 .1675E-01 .2768E+00
.9870E+03 .7484E+00 .6927E+00 .1613E-01 .6439E+00 .6278E+00 .6927E+00 .2978E-01 .7225E+00 .6927E+00 .1613E-01 .2705E+00
.9880E+03 .7494E+00 .6916E+00 .1609E-01 .6429E+00 .6268E+00 .6916E+00 .2972E-01 .7214E+00 .6916E+00 .1609E-01 .2703E+00
.9890E+03 .7376E+00 .7093E+00 .1684E-01 .6597E+00 .6428E+00 .7093E+00 .3086E-01 .7401E+00 .7093E+00 .1684E-01 .2776E+00
.9900E+03 .7407E+00 .6876E+00 .1592E-01 .6391E+00 .6231E+00 .6876E+00 .2949E-01 .7171E+00 .6876E+00 .1592E-01 .2691E+00
.9910E+03 .7420E+00 .7118E+00 .1680E-01 .6619E+00 .6451E+00 .7118E+00 .3087E-01 .7426E+00 .7118E+00 .1680E-01 .2787E+00
.9920E+03 .7443E+00 .7165E+00 .1690E-01 .6662E+00 .6493E+00 .7165E+00 .3106E-01 .7475E+00 .7165E+00 .1690E-01 .2805E+00
.9930E+03 .7423E+00 .6972E+00 .1617E-01 .6481E+00 .6319E+00 .6972E+00 .2994E-01 .7272E+00 .6972E+00 .1617E-01 .2732E+00
.9940E+03 .7423E+00 .7169E+00 .1687E-01 .6666E+00 .6498E+00 .7169E+00 .3107E-01 .7480E+00 .7169E+00 .1687E-01 .2813E+00
.9950E+03 .7390E+00 .7166E+00 .1687E-01 .6663E+00 .6495E+00 .7166E+00 .3107E-01 .7477E+00 .7166E+00 .1687E-01 .2813E+00
.9960E+03 .7384E+00 .7125E+00 .1668E-01 .6624E+00 .6457E+00 .7125E+00 .3079E-01 .7433E+00 .7125E+00 .1668E-01 .2797E+00
.9970E+03 .7381E+00 .7140E+00 .1670E-01 .6638E+00 .6471E+00 .7140E+00 .3084E-01 .7449E+00 .7140E+00 .1670E-01 .2803E+00
.9980E+03 .7356E+00 .7109E+00 .1659E-01 .6609E+00 .6443E+00 .7109E+00 .3067E-01 .7416E+00 .7109E+00 .1659E-01 .2793E+00
.9990E+03 .7322E+00 .7082E+00 .1649E-01 .6583E+00 .6418E+00 .7082E+00 .3054E-01 .7387E+00 .7082E+00 .1649E-01 .2785E+00
.1000E+04 .7312E+00 .7022E+00 .1625E-01 .6527E+00 .6364E+00 .7022E+00 .3018E-01 .7324E+00 .7022E+00 .1625E-01 .2763E+00
.1001E+04 .7357E+00 .7122E+00 .1653E-01 .6620E+00 .6455E+00 .7122E+00 .3067E-01 .7429E+00 .7122E+00 .1653E-01 .2805E+00
.1002E+04 .7325E+00 .6891E+00 .1570E-01 .6402E+00 .6245E+00 .6891E+00 .2936E-01 .7184E+00 .6891E+00 .1570E-01 .2715E+00
.1003E+04 .7238E+00 .6994E+00 .1614E-01 .6500E+00 .6338E+00 .6994E+00 .3003E-01 .7294E+00 .6994E+00 .1614E-01 .2756E+00
.1004E+04 .7105E+00 .6816E+00 .1563E-01 .6333E+00 .6177E+00 .6816E+00 .2916E-01 .7107E+00 .6816E+00 .1563E-01 .2686E+00
.1005E+04 .6783E+00 .6578E+00 .1514E-01 .6114E+00 .5962E+00 .6578E+00 .2820E-01 .6860E+00 .6578E+00 .1514E-01 .2592E+00
.1006E+04 .7083E+00 .6829E+00 .1563E-01 .6345E+00 .6189E+00 .6829E+00 .2918E-01 .7121E+00 .6829E+00 .1563E-01 .2691E+00
.1007E+04 .7213E+00 .6980E+00 .1597E-01 .6485E+00 .6326E+00 .6980E+00 .2982E-01 .7278E+00 .6980E+00 .1597E-01 .2750E+00
.1008E+04 .7208E+00 .6932E+00 .1577E-01 .6441E+00 .6283E+00 .6932E+00 .2954E-01 .7228E+00 .6932E+00 .1577E-01 .2734E+00
.1009E+04 .7204E+00 .6891E+00 .1560E-01 .6401E+00 .6245E+00 .6891E+00 .2928E-01 .7184E+00 .6891E+00 .1560E-01 .2720E+00
.1010E+04 .7193E+00 .6857E+00 .1546E-01 .6369E+00 .6215E+00 .6857E+00 .2908E-01 .7148E+00 .6857E+00 .1546E-01 .2707E+00
.1011E+04 .7172E+00 .6947E+00 .1576E-01 .6453E+00 .6296E+00 .6947E+00 .2957E-01 .7242E+00 .6947E+00 .1576E-01 .2743E+00
.1012E+04 .7146E+00 .6880E+00 .1552E-01 .6390E+00 .6235E+00 .6880E+00 .2919E-01 .7172E+00 .6880E+00 .1552E-01 .2716E+00
.1013E+04 .7146E+00 .6934E+00 .1568E-01 .6441E+00 .6284E+00 .6934E+00 .2947E-01 .7229E+00 .6934E+00 .1568E-01 .2741E+00
.1014E+04 .7096E+00 .6886E+00 .1554E-01 .6396E+00 .6241E+00 .6886E+00 .2925E-01 .7179E+00 .6886E+00 .1554E-01 .2725E+00
.1015E+04 .7055E+00 .6839E+00 .1540E-01 .6352E+00 .6199E+00 .6839E+00 .2901E-01 .7129E+00 .6839E+00 .1540E-01 .2707E+00
.1016E+04 .7028E+00 .6809E+00 .1529E-01 .6324E+00 .6171E+00 .6809E+00 .2884E-01 .7097E+00 .6809E+00 .1529E-01 .2695E+00
.1017E+04 .7050E+00 .6825E+00 .1528E-01 .6338E+00 .6185E+00 .6825E+00 .2886E-01 .7113E+00 .6825E+00 .1528E-01 .2701E+00
.1018E+04 .7004E+00 .6805E+00 .1523E-01 .6320E+00 .6168E+00 .6805E+00 .2877E-01 .7093E+00 .6805E+00 .1523E-01 .2693E+00
.1019E+04 .6919E+00 .6647E+00 .1475E-01 .6171E+00 .6024E+00 .6647E+00 .2796E-01 .6926E+00 .6647E+00 .1475E-01 .2630E+00
.1020E+04 .6977E+00 .6769E+00 .1507E-01 .6285E+00 .6135E+00 .6769E+00 .2853E-01 .7054E+00 .6769E+00 .1507E-01 .2679E+00
.1021E+04 .6956E+00 .6762E+00 .1504E-01 .6279E+00 .6128E+00 .6762E+00 .2848E-01 .7047E+00 .6762E+00 .1504E-01 .2676E+00
.1022E+04 .6925E+00 .6706E+00 .1484E-01 .6226E+00 .6078E+00 .6706E+00 .2818E-01 .6988E+00 .6706E+00 .1484E-01 .2654E+00
.1023E+04 .7005E+00 .6776E+00 .1496E-01 .6291E+00 .6141E+00 .6776E+00 .2844E-01 .7061E+00 .6776E+00 .1496E-01 .2684E+00
.1024E+04 .6981E+00 .6672E+00 .1460E-01 .6193E+00 .6047E+00 .6672E+00 .2787E-01 .6951E+00 .6672E+00 .1460E-01 .2645E+00
.1025E+04 .6976E+00 .6779E+00 .1494E-01 .6293E+00 .6144E+00 .6779E+00 .2844E-01 .7063E+00 .6779E+00 .1494E-01 .2689E+00
.1026E+04 .6962E+00 .6748E+00 .1482E-01 .6264E+00 .6115E+00 .6748E+00 .2825E-01 .7030E+00 .6748E+00 .1482E-01 .2676E+00
.1027E+04 .6944E+00 .6732E+00 .1475E-01 .6249E+00 .6102E+00 .6732E+00 .2816E-01 .7014E+00 .6732E+00 .1475E-01 .2670E+00
.1028E+04 .6935E+00 .6718E+00 .1469E-01 .6236E+00 .6089E+00 .6718E+00 .2807E-01 .6999E+00 .6718E+00 .1469E-01 .2667E+00
.1029E+04 .6858E+00 .6639E+00 .1447E-01 .6162E+00 .6017E+00 .6639E+00 .2771E-01 .6916E+00 .6639E+00 .1447E-01 .2637E+00
.1030E+04 .6881E+00 .6693E+00 .1460E-01 .6212E+00 .6066E+00 .6693E+00 .2795E-01 .6972E+00 .6693E+00 .1460E-01 .2660E+00
.1031E+04 .6864E+00 .6663E+00 .1449E-01 .6184E+00 .6039E+00 .6663E+00 .2777E-01 .6941E+00 .6663E+00 .1449E-01 .2648E+00
.1032E+04 .6836E+00 .6649E+00 .1444E-01 .6171E+00 .6026E+00 .6649E+00 .2769E-01 .6926E+00 .6649E+00 .1444E-01 .2642E+00
.1033E+04 .6734E+00 .6550E+00 .1419E-01 .6078E+00 .5936E+00 .6550E+00 .2724E-01 .6822E+00 .6550E+00 .1419E-01 .2602E+00
.1034E+04 .6732E+00 .6553E+00 .1417E-01 .6081E+00 .5939E+00 .6553E+00 .2723E-01 .6825E+00 .6553E+00 .1417E-01 .2604E+00
.1035E+04 .6753E+00 .6576E+00 .1419E-01 .6102E+00 .5960E+00 .6576E+00 .2730E-01 .6849E+00 .6576E+00 .1419E-01 .2613E+00
.1036E+04 .6795E+00 .6610E+00 .1423E-01 .6133E+00 .5990E+00 .6610E+00 .2739E-01 .6883E+00 .6610E+00 .1423E-01 .2626E+00
.1037E+04 .6682E+00 .6504E+00 .1397E-01 .6034E+00 .5894E+00 .6504E+00 .2693E-01 .6773E+00 .6504E+00 .1397E-01 .2584E+00
.1038E+04 .6714E+00 .6535E+00 .1401E-01 .6063E+00 .5923E+00 .6535E+00 .2704E-01 .6805E+00 .6535E+00 .1401E-01 .2599E+00
.1039E+04 .6714E+00 .6532E+00 .1397E-01 .6060E+00 .5920E+00 .6532E+00 .2700E-01 .6802E+00 .6532E+00 .1397E-01 .2600E+00
.1040E+04 .6688E+00 .6509E+00 .1389E-01 .6038E+00 .5899E+00 .6509E+00 .2688E-01 .6777E+00 .6509E+00 .1389E-01 .2591E+00
.1041E+04 .6720E+00 .6536E+00 .1392E-01 .6063E+00 .5924E+00 .6536E+00 .2695E-01 .6806E+00 .6536E+00 .1392E-01 .2602E+00
.1042E+04 .6674E+00 .6493E+00 .1380E-01 .6023E+00 .5885E+00 .6493E+00 .2675E-01 .6761E+00 .6493E+00 .1380E-01 .2586E+00
.1043E+04 .6656E+00 .6475E+00 .1373E-01 .6006E+00 .5868E+00 .6475E+00 .2665E-01 .6741E+00 .6475E+00 .1373E-01 .2580E+00
.1044E+04 .6683E+00 .6500E+00 .1375E-01 .6028E+00 .5891E+00 .6500E+00 .2673E-01 .6767E+00 .6500E+00 .1375E-01 .2592E+00
.1045E+04 .6596E+00 .6414E+00 .1354E-01 .5949E+00 .5813E+00 .6414E+00 .2635E-01 .6678E+00 .6414E+00 .1354E-01 .2559E+00
.1046E+04 .6527E+00 .6346E+00 .1337E-01 .5885E+00 .5751E+00 .6346E+00 .2603E-01 .6606E+00 .6346E+00 .1337E-01 .2531E+00
.1047E+04 .6590E+00 .6405E+00 .1346E-01 .5940E+00 .5805E+00 .6405E+00 .2625E-01 .6668E+00 .6405E+00 .1346E-01 .2555E+00
.1048E+04 .6631E+00 .6443E+00 .1351E-01 .5975E+00 .5839E+00 .6443E+00 .2638E-01 .6707E+00 .6443E+00 .1351E-01 .2573E+00
.1049E+04 .6612E+00 .6420E+00 .1343E-01 .5953E+00 .5818E+00 .6420E+00 .2626E-01 .6682E+00 .6420E+00 .1343E-01 .2566E+00
.1050E+04 .6587E+00 .6393E+00 .1334E-01 .5927E+00 .5794E+00 .6393E+00 .2612E-01 .6654E+00 .6393E+00 .1334E-01 .2556E+00
.1051E+04 .6584E+00 .6390E+00 .1331E-01 .5924E+00 .5791E+00 .6390E+00 .2608E-01 .6651E+00 .6390E+00 .1331E-01 .2555E+00
.1052E+04 .6563E+00 .6366E+00 .1322E-01 .5902E+00 .5770E+00 .6366E+00 .2595E-01 .6626E+00 .6366E+00 .1322E-01 .2546E+00
.1053E+04 .6518E+00 .6320E+00 .1310E-01 .5859E+00 .5728E+00 .6320E+00 .2574E-01 .6578E+00 .6320E+00 .1310E-01 .2530E+00
.1054E+04 .6540E+00 .6340E+00 .1311E-01 .5877E+00 .5746E+00 .6340E+00 .2580E-01 .6598E+00 .6340E+00 .1311E-01 .2539E+00
.1055E+04 .6553E+00 .6348E+00 .1309E-01 .5884E+00 .5753E+00 .6348E+00 .2580E-01 .6606E+00 .6348E+00 .1309E-01 .2543E+00
.1056E+04 .6540E+00 .6331E+00 .1302E-01 .5868E+00 .5738E+00 .6331E+00 .2570E-01 .6588E+00 .6331E+00 .1302E-01 .2536E+00
.1057E+04 .6528E+00 .6317E+00 .1296E-01 .5855E+00 .5725E+00 .6317E+00 .2561E-01 .6573E+00 .6317E+00 .1296E-01 .2531E+00
.1058E+04 .6376E+00 .6166E+00 .1263E-01 .5715E+00 .5588E+00 .6166E+00 .2498E-01 .6416E+00 .6166E+00 .1263E-01 .2473E+00
.1059E+04 .6393E+00 .6177E+00 .1262E-01 .5724E+00 .5598E+00 .6177E+00 .2500E-01 .6427E+00 .6177E+00 .1262E-01 .2479E+00
.1060E+04 .6388E+00 .6172E+00 .1258E-01 .5719E+00 .5594E+00 .6172E+00 .2495E-01 .6421E+00 .6172E+00 .1258E-01 .2478E+00
.1061E+04 .6386E+00 .6167E+00 .1254E-01 .5714E+00 .5589E+00 .6167E+00 .2490E-01 .6416E+00 .6167E+00 .1254E-01 .2476E+00
.1062E+04 .6430E+00 .6200E+00 .1257E-01 .5744E+00 .5619E+00 .6200E+00 .2499E-01 .6450E+00 .6200E+00 .1257E-01 .2489E+00
.1063E+04 .6374E+00 .6140E+00 .1241E-01 .5689E+00 .5565E+00 .6140E+00 .2473E-01 .6388E+00 .6140E+00 .1241E-01 .2467E+00
.1064E+04 .6446E+00 .6220E+00 .1256E-01 .5762E+00 .5637E+00 .6220E+00 .2504E-01 .6470E+00 .6220E+00 .1256E-01 .2501E+00
.1065E+04 .6423E+00 .6170E+00 .1240E-01 .5716E+00 .5592E+00 .6170E+00 .2478E-01 .6418E+00 .6170E+00 .1240E-01 .2482E+00
.1066E+04 .6278E+00 .6054E+00 .1217E-01 .5608E+00 .5487E+00 .6054E+00 .2432E-01 .6297E+00 .6054E+00 .1217E-01 .2435E+00
.1067E+04 .6365E+00 .6126E+00 .1227E-01 .5674E+00 .5552E+00 .6126E+00 .2456E-01 .6371E+00 .6126E+00 .1227E-01 .2464E+00
.1068E+04 .6244E+00 .5990E+00 .1195E-01 .5549E+00 .5429E+00 .5990E+00 .2397E-01 .6230E+00 .5990E+00 .1195E-01 .2410E+00
.1069E+04 .6040E+00 .5792E+00 .1153E-01 .5364E+00 .5249E+00 .5792E+00 .2315E-01 .6023E+00 .5792E+00 .1153E-01 .2330E+00
.1070E+04 .6266E+00 .5970E+00 .1182E-01 .5529E+00 .5410E+00 .5970E+00 .2378E-01 .6208E+00 .5970E+00 .1182E-01 .2401E+00
.1071E+04 .6301E+00 .6079E+00 .1210E-01 .5631E+00 .5510E+00 .6079E+00 .2428E-01 .6322E+00 .6079E+00 .1210E-01 .2445E+00
.1072E+04 .6276E+00 .5986E+00 .1181E-01 .5543E+00 .5425E+00 .5986E+00 .2380E-01 .6224E+00 .5986E+00 .1181E-01 .2408E+00
.1073E+04 .6172E+00 .5905E+00 .1165E-01 .5468E+00 .5352E+00 .5905E+00 .2349E-01 .6140E+00 .5905E+00 .1165E-01 .2378E+00
.1074E+04 .6269E+00 .6064E+00 .1201E-01 .5616E+00 .5496E+00 .6064E+00 .2419E-01 .6306E+00 .6064E+00 .1201E-01 .2445E+00
.1075E+04 .6136E+00 .5716E+00 .1108E-01 .5291E+00 .5181E+00 .5716E+00 .2254E-01 .5942E+00 .5716E+00 .1108E-01 .2303E+00
.1076E+04 .6275E+00 .6043E+00 .1189E-01 .5595E+00 .5476E+00 .6043E+00 .2402E-01 .6283E+00 .6043E+00 .1189E-01 .2436E+00
.1077E+04 .6274E+00 .5912E+00 .1149E-01 .5473E+00 .5358E+00 .5912E+00 .2334E-01 .6145E+00 .5912E+00 .1149E-01 .2382E+00
.1078E+04 .6181E+00 .5786E+00 .1115E-01 .5355E+00 .5244E+00 .5786E+00 .2275E-01 .6013E+00 .5786E+00 .1115E-01 .2331E+00
.1079E+04 .6147E+00 .5940E+00 .1164E-01 .5499E+00 .5383E+00 .5940E+00 .2356E-01 .6175E+00 .5940E+00 .1164E-01 .2394E+00
.1080E+04 .6233E+00 .5777E+00 .1110E-01 .5347E+00 .5236E+00 .5777E+00 .2269E-01 .6004E+00 .5777E+00 .1110E-01 .2329E+00
.1081E+04 .6061E+00 .5600E+00 .1066E-01 .5182E+00 .5075E+00 .5600E+00 .2189E-01 .5819E+00 .5600E+00 .1066E-01 .2259E+00
.1082E+04 .6007E+00 .5713E+00 .1103E-01 .5288E+00 .5178E+00 .5713E+00 .2250E-01 .5938E+00 .5713E+00 .1103E-01 .2307E+00
.1083E+04 .5998E+00 .5736E+00 .1110E-01 .5310E+00 .5199E+00 .5736E+00 .2263E-01 .5963E+00 .5736E+00 .1110E-01 .2316E+00
.1084E+04 .6144E+00 .5570E+00 .1048E-01 .5153E+00 .5048E+00 .5570E+00 .2165E-01 .5787E+00 .5570E+00 .1048E-01 .2248E+00
.1085E+04 .6180E+00 .5796E+00 .1104E-01 .5363E+00 .5253E+00 .5796E+00 .2267E-01 .6023E+00 .5796E+00 .1104E-01 .2340E+00
.1086E+04 .6104E+00 .5254E+00 .9656E-02 .4858E+00 .4762E+00 .5254E+00 .2017E-01 .5456E+00 .5254E+00 .9656E-02 .2120E+00
.1087E+04 .5897E+00 .5450E+00 .1025E-01 .5042E+00 .4939E+00 .5450E+00 .2117E-01 .5661E+00 .5450E+00 .1025E-01 .2199E+00
.1088E+04 .6028E+00 .5704E+00 .1086E-01 .5278E+00 .5170E+00 .5704E+00 .2230E-01 .5927E+00 .5704E+00 .1086E-01 .2303E+00
.1089E+04 .6019E+00 .5513E+00 .1029E-01 .5099E+00 .4996E+00 .5513E+00 .2133E-01 .5726E+00 .5513E+00 .1029E-01 .2225E+00
.1090E+04 .6099E+00 .5377E+00 .9904E-02 .4972E+00 .4873E+00 .5377E+00 .2067E-01 .5584E+00 .5377E+00 .9904E-02 .2170E+00
.1091E+04 .6069E+00 .5665E+00 .1065E-01 .5241E+00 .5134E+00 .5665E+00 .2200E-01 .5885E+00 .5665E+00 .1065E-01 .2287E+00
.1092E+04 .6013E+00 .5676E+00 .1071E-01 .5251E+00 .5144E+00 .5676E+00 .2210E-01 .5897E+00 .5676E+00 .1071E-01 .2292E+00
.1093E+04 .5815E+00 .4739E+00 .8396E-02 .4379E+00 .4295E+00 .4739E+00 .1787E-01 .4917E+00 .4739E+00 .8396E-02 .1913E+00
.1094E+04 .5572E+00 .5152E+00 .9580E-02 .4765E+00 .4670E+00 .5152E+00 .1992E-01 .5352E+00 .5152E+00 .9580E-02 .2084E+00
.1095E+04 .5839E+00 .4932E+00 .8740E-02 .4557E+00 .4470E+00 .4932E+00 .1861E-01 .5118E+00 .4932E+00 .8740E-02 .1993E+00
.1096E+04 .5834E+00 .4700E+00 .8168E-02 .4342E+00 .4260E+00 .4700E+00 .1756E-01 .4876E+00 .4700E+00 .8168E-02 .1899E+00
.1097E+04 .5843E+00 .5528E+00 .1031E-01 .5113E+00 .5010E+00 .5528E+00 .2142E-01 .5742E+00 .5528E+00 .1031E-01 .2236E+00
.1098E+04 .5763E+00 .4597E+00 .7868E-02 .4245E+00 .4166E+00 .4597E+00 .1704E-01 .4767E+00 .4597E+00 .7868E-02 .1857E+00
.1099E+04 .5896E+00 .4821E+00 .8323E-02 .4453E+00 .4370E+00 .4821E+00 .1795E-01 .5001E+00 .4821E+00 .8323E-02 .1948E+00
.1100E+04 .5931E+00 .4464E+00 .7491E-02 .4121E+00 .4046E+00 .4464E+00 .1639E-01 .4628E+00 .4464E+00 .7491E-02 .1803E+00
.1101E+04 .5852E+00 .4527E+00 .7656E-02 .4179E+00 .4103E+00 .4527E+00 .1668E-01 .4694E+00 .4527E+00 .7656E-02 .1828E+00
.1102E+04 .5776E+00 .4299E+00 .7117E-02 .3968E+00 .3896E+00 .4299E+00 .1568E-01 .4456E+00 .4299E+00 .7117E-02 .1736E+00
.1103E+04 .5889E+00 .4241E+00 .6909E-02 .3913E+00 .3844E+00 .4241E+00 .1536E-01 .4395E+00 .4241E+00 .6909E-02 .1714E+00
.1104E+04 .5869E+00 .4248E+00 .6922E-02 .3919E+00 .3850E+00 .4248E+00 .1539E-01 .4402E+00 .4248E+00 .6922E-02 .1719E+00
.1105E+04 .5867E+00 .4695E+00 .7915E-02 .4334E+00 .4255E+00 .4695E+00 .1730E-01 .4868E+00 .4695E+00 .7915E-02 .1900E+00
.1106E+04 .5849E+00 .3433E+00 .5045E-02 .3162E+00 .3111E+00 .3433E+00 .1184E-01 .3551E+00 .3433E+00 .5045E-02 .1387E+00
.1107E+04 .5828E+00 .4443E+00 .7358E-02 .4101E+00 .4027E+00 .4443E+00 .1623E-01 .4606E+00 .4443E+00 .7358E-02 .1798E+00
.1108E+04 .5831E+00 .3657E+00 .5572E-02 .3370E+00 .3314E+00 .3657E+00 .1283E-01 .3785E+00 .3657E+00 .5572E-02 .1478E+00
.1109E+04 .5825E+00 .3634E+00 .5496E-02 .3348E+00 .3293E+00 .3634E+00 .1271E-01 .3761E+00 .3634E+00 .5496E-02 .1469E+00
.1110E+04 .5827E+00 .4254E+00 .6754E-02 .3923E+00 .3856E+00 .4254E+00 .1522E-01 .4406E+00 .4254E+00 .6754E-02 .1720E+00
.1111E+04 .5782E+00 .2943E+00 .4163E-02 .2709E+00 .2667E+00 .2943E+00 .9979E-02 .3043E+00 .2943E+00 .4163E-02 .1188E+00
.1112E+04 .5743E+00 .3582E+00 .5406E-02 .3301E+00 .3247E+00 .3582E+00 .1251E-01 .3708E+00 .3582E+00 .5406E-02 .1448E+00
.1113E+04 .5729E+00 .2345E+00 .3064E-02 .2156E+00 .2125E+00 .2345E+00 .7678E-02 .2421E+00 .2345E+00 .3064E-02 .9459E-01
.1114E+04 .5779E+00 .2606E+00 .3436E-02 .2396E+00 .2362E+00 .2606E+00 .8566E-02 .2691E+00 .2606E+00 .3436E-02 .1051E+00
.1115E+04 .5732E+00 .2138E+00 .2713E-02 .1965E+00 .1938E+00 .2138E+00 .6913E-02 .2207E+00 .2138E+00 .2713E-02 .8624E-01
.1116E+04 .5736E+00 .1715E+00 .1942E-02 .1574E+00 .1554E+00 .1715E+00 .5293E-02 .1768E+00 .1715E+00 .1942E-02 .6909E-01
.1117E+04 .5761E+00 .7013E-01 .5709E-03 .6413E-01 .6356E-01 .7013E-01 .1923E-02 .7205E-01 .7013E-01 .5709E-03 .2816E-01
.1118E+04 .5707E+00 .1916E+00 .2239E-02 .1759E+00 .1736E+00 .1916E+00 .5988E-02 .1976E+00 .1916E+00 .2239E-02 .7720E-01
.1119E+04 .5629E+00 .9206E-01 .8466E-03 .8428E-01 .8344E-01 .9206E-01 .2630E-02 .9469E-01 .9206E-01 .8466E-03 .3701E-01
.1120E+04 .5630E+00 .1177E+00 .1084E-02 .1077E+00 .1067E+00 .1177E+00 .3364E-02 .1211E+00 .1177E+00 .1084E-02 .4730E-01
.1121E+04 .5667E+00 .1567E+00 .1563E-02 .1435E+00 .1420E+00 .1567E+00 .4607E-02 .1613E+00 .1567E+00 .1563E-02 .6300E-01
.1122E+04 .5689E+00 .6934E-01 .5190E-03 .6336E-01 .6284E-01 .6934E-01 .1852E-02 .7119E-01 .6934E-01 .5190E-03 .2782E-01
.1123E+04 .5680E+00 .1097E+00 .1011E-02 .1004E+00 .9940E-01 .1097E+00 .3135E-02 .1128E+00 .1097E+00 .1011E-02 .4408E-01
.1124E+04 .5640E+00 .9204E-01 .8277E-03 .8424E-01 .8341E-01 .9204E-01 .2609E-02 .9465E-01 .9204E-01 .8277E-03 .3699E-01
.1125E+04 .5485E+00 .1206E+00 .1162E-02 .1105E+00 .1093E+00 .1206E+00 .3502E-02 .1241E+00 .1206E+00 .1162E-02 .4851E-01
.1126E+04 .5539E+00 .4511E-01 .2808E-03 .4116E-01 .4088E-01 .4511E-01 .1144E-02 .4625E-01 .4511E-01 .2808E-03 .1807E-01
.1127E+04 .5584E+00 .1338E+00 .1299E-02 .1226E+00 .1213E+00 .1338E+00 .3897E-02 .1377E+00 .1338E+00 .1299E-02 .5382E-01
.1128E+04 .5562E+00 .8150E-01 .6263E-03 .7449E-01 .7387E-01 .8150E-01 .2195E-02 .8370E-01 .8150E-01 .6263E-03 .3271E-01
.1129E+04 .5501E+00 .8389E-01 .6494E-03 .7668E-01 .7603E-01 .8389E-01 .2264E-02 .8615E-01 .8389E-01 .6494E-03 .3366E-01
.1130E+04 .5512E+00 .6065E-01 .4509E-03 .5541E-01 .5496E-01 .6065E-01 .1617E-02 .6226E-01 .6065E-01 .4509E-03 .2433E-01
.1131E+04 .5540E+00 .2546E+00 .3027E-02 .2338E+00 .2308E+00 .2546E+00 .8014E-02 .2626E+00 .2546E+00 .3027E-02 .1026E+00
.1132E+04 .5542E+00 .1918E+00 .2096E-02 .1759E+00 .1738E+00 .1918E+00 .5837E-02 .1976E+00 .1918E+00 .2096E-02 .7720E-01
.1133E+04 .5451E+00 .1202E+00 .1070E-02 .1100E+00 .1090E+00 .1202E+00 .3396E-02 .1236E+00 .1202E+00 .1070E-02 .4830E-01
.1134E+04 .5505E+00 .3063E-01 .1716E-03 .2793E-01 .2776E-01 .3063E-01 .7559E-03 .3139E-01 .3063E-01 .1716E-03 .1226E-01
.1135E+04 .5507E+00 .1381E-01 .8317E-04 .1260E-01 .1252E-01 .1381E-01 .3471E-03 .1416E-01 .1381E-01 .8317E-04 .5535E-02
.1136E+04 .5514E+00 .1057E+00 .8734E-03 .9666E-01 .9578E-01 .1057E+00 .2912E-02 .1086E+00 .1057E+00 .8734E-03 .4243E-01
.1137E+04 .5458E+00 .2456E+00 .2791E-02 .2254E+00 .2226E+00 .2456E+00 .7591E-02 .2532E+00 .2456E+00 .2791E-02 .9890E-01
.1138E+04 .5387E+00 .1725E+00 .1835E-02 .1581E+00 .1563E+00 .1725E+00 .5195E-02 .1777E+00 .1725E+00 .1835E-02 .6941E-01
.1139E+04 .5406E+00 .2710E+00 .3526E-02 .2492E+00 .2456E+00 .2710E+00 .8859E-02 .2799E+00 .2710E+00 .3526E-02 .1093E+00
.1140E+04 .5363E+00 .2181E+00 .2578E-02 .2002E+00 .1976E+00 .2181E+00 .6848E-02 .2249E+00 .2181E+00 .2578E-02 .8788E-01
.1141E+04 .5371E+00 .1748E+00 .1896E-02 .1603E+00 .1584E+00 .1748E+00 .5306E-02 .1801E+00 .1748E+00 .1896E-02 .7038E-01
.1142E+04 .5392E+00 .1949E+00 .2188E-02 .1788E+00 .1766E+00 .1949E+00 .5995E-02 .2009E+00 .1949E+00 .2188E-02 .7850E-01
.1143E+04 .5405E+00 .2733E+00 .3380E-02 .2511E+00 .2477E+00 .2733E+00 .8745E-02 .2821E+00 .2733E+00 .3380E-02 .1102E+00
.1144E+04 .5355E+00 .9874E-01 .9251E-03 .9042E-01 .8949E-01 .9874E-01 .2839E-02 .1016E+00 .9874E-01 .9251E-03 .3971E-01
.1145E+04 .5399E+00 .1223E+00 .1082E-02 .1119E+00 .1108E+00 .1223E+00 .3448E-02 .1257E+00 .1223E+00 .1082E-02 .4914E-01
.1146E+04 .5437E+00 .1289E+00 .1135E-02 .1179E+00 .1168E+00 .1289E+00 .3627E-02 .1325E+00 .1289E+00 .1135E-02 .5178E-01
.1147E+04 .5422E+00 .4761E-01 .2798E-03 .4343E-01 .4315E-01 .4761E-01 .1189E-02 .4880E-01 .4761E-01 .2798E-03 .1907E-01
.1148E+04 .5387E+00 .2381E+00 .2834E-02 .2186E+00 .2158E+00 .2381E+00 .7498E-02 .2456E+00 .2381E+00 .2834E-02 .9595E-01
.1149E+04 .5377E+00 .1879E+00 .2059E-02 .1724E+00 .1703E+00 .1879E+00 .5725E-02 .1936E+00 .1879E+00 .2059E-02 .7567E-01
.1150E+04 .5362E+00 .1058E+00 .1035E-02 .9692E-01 .9588E-01 .1058E+00 .3090E-02 .1089E+00 .1058E+00 .1035E-02 .4257E-01
.1151E+04 .5358E+00 .1674E+00 .1722E-02 .1535E+00 .1517E+00 .1674E+00 .4980E-02 .1724E+00 .1674E+00 .1722E-02 .6737E-01
.1152E+04 .5314E+00 .2167E+00 .2470E-02 .1989E+00 .1964E+00 .2167E+00 .6707E-02 .2234E+00 .2167E+00 .2470E-02 .8731E-01
.1153E+04 .5345E+00 .2100E+00 .2477E-02 .1928E+00 .1904E+00 .2100E+00 .6590E-02 .2166E+00 .2100E+00 .2477E-02 .8465E-01
.1154E+04 .5355E+00 .1061E+00 .8851E-03 .9704E-01 .9615E-01 .1061E+00 .2933E-02 .1090E+00 .1061E+00 .8851E-03 .4261E-01
.1155E+04 .5325E+00 .2728E+00 .3409E-02 .2506E+00 .2472E+00 .2728E+00 .8766E-02 .2815E+00 .2728E+00 .3409E-02 .1100E+00
.1156E+04 .5307E+00 .2429E+00 .2899E-02 .2231E+00 .2202E+00 .2429E+00 .7658E-02 .2506E+00 .2429E+00 .2899E-02 .9791E-01
.1157E+04 .5308E+00 .2741E+00 .3507E-02 .2519E+00 .2484E+00 .2741E+00 .8896E-02 .2830E+00 .2741E+00 .3507E-02 .1106E+00
.1158E+04 .5294E+00 .2666E+00 .3368E-02 .2450E+00 .2416E+00 .2666E+00 .8607E-02 .2752E+00 .2666E+00 .3368E-02 .1075E+00
.1159E+04 .5172E+00 .2913E+00 .3807E-02 .2678E+00 .2640E+00 .2913E+00 .9540E-02 .3008E+00 .2913E+00 .3807E-02 .1175E+00
.1160E+04 .5185E+00 .2493E+00 .3093E-02 .2291E+00 .2260E+00 .2493E+00 .7988E-02 .2573E+00 .2493E+00 .3093E-02 .1005E+00
.1161E+04 .5087E+00 .2909E+00 .3846E-02 .2675E+00 .2637E+00 .2909E+00 .9576E-02 .3005E+00 .2909E+00 .3846E-02 .1174E+00
.1162E+04 .5223E+00 .2964E+00 .3913E-02 .2725E+00 .2686E+00 .2964E+00 .9748E-02 .3061E+00 .2964E+00 .3913E-02 .1196E+00
.1163E+04 .5219E+00 .4248E+00 .6412E-02 .3914E+00 .3850E+00 .4248E+00 .1483E-01 .4396E+00 .4248E+00 .6412E-02 .1715E+00
.1164E+04 .5150E+00 .3440E+00 .4806E-02 .3166E+00 .3118E+00 .3440E+00 .1159E-01 .3556E+00 .3440E+00 .4806E-02 .1386E+00
.1165E+04 .5178E+00 .3317E+00 .4522E-02 .3051E+00 .3006E+00 .3317E+00 .1105E-01 .3427E+00 .3317E+00 .4522E-02 .1336E+00
.1166E+04 .5137E+00 .3183E+00 .4353E-02 .2928E+00 .2885E+00 .3183E+00 .1062E-01 .3289E+00 .3183E+00 .4353E-02 .1282E+00
.1167E+04 .5172E+00 .3557E+00 .5020E-02 .3274E+00 .3224E+00 .3557E+00 .1204E-01 .3678E+00 .3557E+00 .5020E-02 .1434E+00
.1168E+04 .5180E+00 .3688E+00 .5271E-02 .3395E+00 .3343E+00 .3688E+00 .1255E-01 .3814E+00 .3688E+00 .5271E-02 .1487E+00
.1169E+04 .5068E+00 .3771E+00 .5434E-02 .3472E+00 .3418E+00 .3771E+00 .1288E-01 .3900E+00 .3771E+00 .5434E-02 .1520E+00
.1170E+04 .5163E+00 .4158E+00 .6197E-02 .3831E+00 .3769E+00 .4158E+00 .1442E-01 .4302E+00 .4158E+00 .6197E-02 .1675E+00
.1171E+04 .5178E+00 .4073E+00 .6055E-02 .3752E+00 .3691E+00 .4073E+00 .1410E-01 .4214E+00 .4073E+00 .6055E-02 .1640E+00
.1172E+04 .5164E+00 .4141E+00 .6218E-02 .3815E+00 .3753E+00 .4141E+00 .1440E-01 .4285E+00 .4141E+00 .6218E-02 .1666E+00
.1173E+04 .5159E+00 .4170E+00 .6195E-02 .3841E+00 .3779E+00 .4170E+00 .1443E-01 .4314E+00 .4170E+00 .6195E-02 .1678E+00
.1174E+04 .5135E+00 .2892E+00 .3816E-02 .2659E+00 .2621E+00 .2892E+00 .9488E-02 .2987E+00 .2892E+00 .3816E-02 .1162E+00
.1175E+04 .4991E+00 .4111E+00 .6207E-02 .3788E+00 .3725E+00 .4111E+00 .1432E-01 .4254E+00 .4111E+00 .6207E-02 .1653E+00
.1176E+04 .5075E+00 .4534E+00 .7082E-02 .4180E+00 .4109E+00 .4534E+00 .1605E-01 .4695E+00 .4534E+00 .7082E-02 .1823E+00
.1177E+04 .5074E+00 .4339E+00 .6601E-02 .3999E+00 .3933E+00 .4339E+00 .1516E-01 .4491E+00 .4339E+00 .6601E-02 .1743E+00
.1178E+04 .5015E+00 .3228E+00 .4521E-02 .2970E+00 .2925E+00 .3228E+00 .1086E-01 .3336E+00 .3228E+00 .4521E-02 .1295E+00
.1179E+04 .5088E+00 .4611E+00 .7204E-02 .4251E+00 .4179E+00 .4611E+00 .1632E-01 .4774E+00 .4611E+00 .7204E-02 .1853E+00
.1180E+04 .5100E+00 .4066E+00 .5998E-02 .3745E+00 .3685E+00 .4066E+00 .1400E-01 .4206E+00 .4066E+00 .5998E-02 .1631E+00
.1181E+04 .5064E+00 .4190E+00 .6223E-02 .3860E+00 .3798E+00 .4190E+00 .1447E-01 .4335E+00 .4190E+00 .6223E-02 .1680E+00
.1182E+04 .5003E+00 .2888E+00 .3854E-02 .2656E+00 .2617E+00 .2888E+00 .9497E-02 .2983E+00 .2888E+00 .3854E-02 .1155E+00
.1183E+04 .4858E+00 .4130E+00 .6168E-02 .3805E+00 .3743E+00 .4130E+00 .1429E-01 .4273E+00 .4130E+00 .6168E-02 .1655E+00
.1184E+04 .5001E+00 .3893E+00 .5653E-02 .3585E+00 .3529E+00 .3893E+00 .1330E-01 .4026E+00 .3893E+00 .5653E-02 .1560E+00
.1185E+04 .5046E+00 .3735E+00 .5273E-02 .3438E+00 .3385E+00 .3735E+00 .1260E-01 .3861E+00 .3735E+00 .5273E-02 .1496E+00
.1186E+04 .5035E+00 .4450E+00 .6726E-02 .4100E+00 .4033E+00 .4450E+00 .1549E-01 .4604E+00 .4450E+00 .6726E-02 .1783E+00
.1187E+04 .5034E+00 .4227E+00 .6247E-02 .3894E+00 .3831E+00 .4227E+00 .1456E-01 .4373E+00 .4227E+00 .6247E-02 .1694E+00
.1188E+04 .4850E+00 .2923E+00 .3800E-02 .2687E+00 .2649E+00 .2923E+00 .9506E-02 .3018E+00 .2923E+00 .3800E-02 .1169E+00
.1189E+04 .4842E+00 .3934E+00 .5738E-02 .3622E+00 .3565E+00 .3934E+00 .1347E-01 .4068E+00 .3934E+00 .5738E-02 .1576E+00
.1190E+04 .4983E+00 .4364E+00 .6552E-02 .4021E+00 .3955E+00 .4364E+00 .1514E-01 .4515E+00 .4364E+00 .6552E-02 .1749E+00
.1191E+04 .5014E+00 .4082E+00 .5873E-02 .3758E+00 .3699E+00 .4082E+00 .1388E-01 .4220E+00 .4082E+00 .5873E-02 .1635E+00
.1192E+04 .4989E+00 .4424E+00 .6666E-02 .4076E+00 .4010E+00 .4424E+00 .1538E-01 .4578E+00 .4424E+00 .6666E-02 .1774E+00
.1193E+04 .4984E+00 .4228E+00 .6251E-02 .3895E+00 .3832E+00 .4228E+00 .1457E-01 .4374E+00 .4228E+00 .6251E-02 .1696E+00
.1194E+04 .4975E+00 .4377E+00 .6549E-02 .4032E+00 .3967E+00 .4377E+00 .1518E-01 .4529E+00 .4377E+00 .6549E-02 .1758E+00
.1195E+04 .4914E+00 .4090E+00 .5924E-02 .3766E+00 .3707E+00 .4090E+00 .1398E-01 .4230E+00 .4090E+00 .5924E-02 .1643E+00
.1196E+04 .4919E+00 .3926E+00 .5579E-02 .3614E+00 .3558E+00 .3926E+00 .1331E-01 .4059E+00 .3926E+00 .5579E-02 .1578E+00
.1197E+04 .4798E+00 .4386E+00 .6611E-02 .4042E+00 .3975E+00 .4386E+00 .1529E-01 .4539E+00 .4386E+00 .6611E-02 .1767E+00
.1198E+04 .4745E+00 .3996E+00 .5869E-02 .3681E+00 .3622E+00 .3996E+00 .1378E-01 .4134E+00 .3996E+00 .5869E-02 .1612E+00
.1199E+04 .4694E+00 .3353E+00 .4591E-02 .3085E+00 .3039E+00 .3353E+00 .1121E-01 .3465E+00 .3353E+00 .4591E-02 .1354E+00
.1200E+04 .4889E+00 .4176E+00 .6122E-02 .3846E+00 .3785E+00 .4176E+00 .1441E-01 .4320E+00 .4176E+00 .6122E-02 .1689E+00
.1201E+04 .4910E+00 .4008E+00 .5732E-02 .3689E+00 .3632E+00 .4008E+00 .1368E-01 .4144E+00 .4008E+00 .5732E-02 .1622E+00
.1202E+04 .4883E+00 .4000E+00 .5808E-02 .3683E+00 .3625E+00 .4000E+00 .1376E-01 .4138E+00 .4000E+00 .5808E-02 .1622E+00
.1203E+04 .4679E+00 .3933E+00 .5644E-02 .3621E+00 .3565E+00 .3933E+00 .1347E-01 .4068E+00 .3933E+00 .5644E-02 .1597E+00
.1204E+04 .4791E+00 .3396E+00 .4621E-02 .3124E+00 .3078E+00 .3396E+00 .1137E-01 .3510E+00 .3396E+00 .4621E-02 .1381E+00
.1205E+04 .4848E+00 .4069E+00 .5918E-02 .3747E+00 .3688E+00 .4069E+00 .1405E-01 .4210E+00 .4069E+00 .5918E-02 .1659E+00
.1206E+04 .4854E+00 .4524E+00 .6804E-02 .4168E+00 .4100E+00 .4524E+00 .1588E-01 .4683E+00 .4524E+00 .6804E-02 .1849E+00
.1207E+04 .4845E+00 .3943E+00 .5613E-02 .3630E+00 .3574E+00 .3943E+00 .1350E-01 .4078E+00 .3943E+00 .5613E-02 .1612E+00
.1208E+04 .4598E+00 .3877E+00 .5603E-02 .3570E+00 .3514E+00 .3877E+00 .1338E-01 .4011E+00 .3877E+00 .5603E-02 .1587E+00
.1209E+04 .4690E+00 .3982E+00 .5759E-02 .3667E+00 .3609E+00 .3982E+00 .1375E-01 .4120E+00 .3982E+00 .5759E-02 .1631E+00
.1210E+04 .4716E+00 .4173E+00 .6124E-02 .3843E+00 .3782E+00 .4173E+00 .1451E-01 .4318E+00 .4173E+00 .6124E-02 .1711E+00
.1211E+04 .4733E+00 .3962E+00 .5698E-02 .3648E+00 .3591E+00 .3962E+00 .1366E-01 .4098E+00 .3962E+00 .5698E-02 .1626E+00
.1212E+04 .4790E+00 .3883E+00 .5395E-02 .3573E+00 .3519E+00 .3883E+00 .1319E-01 .4015E+00 .3883E+00 .5395E-02 .1594E+00
.1213E+04 .4784E+00 .4390E+00 .6466E-02 .4044E+00 .3979E+00 .4390E+00 .1531E-01 .4544E+00 .4390E+00 .6466E-02 .1805E+00
.1214E+04 .4785E+00 .3988E+00 .5598E-02 .3671E+00 .3615E+00 .3988E+00 .1362E-01 .4124E+00 .3988E+00 .5598E-02 .1640E+00
.1215E+04 .4783E+00 .3911E+00 .5457E-02 .3599E+00 .3544E+00 .3911E+00 .1332E-01 .4044E+00 .3911E+00 .5457E-02 .1608E+00
.1216E+04 .4775E+00 .4379E+00 .6434E-02 .4033E+00 .3968E+00 .4379E+00 .1526E-01 .4531E+00 .4379E+00 .6434E-02 .1801E+00
.1217E+04 .4762E+00 .4259E+00 .6183E-02 .3922E+00 .3860E+00 .4259E+00 .1476E-01 .4407E+00 .4259E+00 .6183E-02 .1752E+00
.1218E+04 .4744E+00 .4315E+00 .6286E-02 .3973E+00 .3910E+00 .4315E+00 .1498E-01 .4464E+00 .4315E+00 .6286E-02 .1775E+00
.1219E+04 .4724E+00 .4229E+00 .6087E-02 .3894E+00 .3833E+00 .4229E+00 .1461E-01 .4375E+00 .4229E+00 .6087E-02 .1740E+00
.1220E+04 .4738E+00 .4330E+00 .6301E-02 .3987E+00 .3924E+00 .4330E+00 .1503E-01 .4480E+00 .4330E+00 .6301E-02 .1781E+00
.1221E+04 .4719E+00 .4385E+00 .6421E-02 .4039E+00 .3974E+00 .4385E+00 .1526E-01 .4538E+00 .4385E+00 .6421E-02 .1804E+00
.1222E+04 .4701E+00 .4266E+00 .6195E-02 .3928E+00 .3866E+00 .4266E+00 .1479E-01 .4413E+00 .4266E+00 .6195E-02 .1755E+00
.1223E+04 .4686E+00 .4214E+00 .6076E-02 .3880E+00 .3819E+00 .4214E+00 .1456E-01 .4360E+00 .4214E+00 .6076E-02 .1734E+00
.1224E+04 .4699E+00 .4181E+00 .5955E-02 .3849E+00 .3789E+00 .4181E+00 .1437E-01 .4325E+00 .4181E+00 .5955E-02 .1720E+00
.1225E+04 .4684E+00 .4361E+00 .6333E-02 .4016E+00 .3952E+00 .4361E+00 .1512E-01 .4512E+00 .4361E+00 .6333E-02 .1794E+00
.1226E+04 .4663E+00 .4402E+00 .6439E-02 .4054E+00 .3990E+00 .4402E+00 .1531E-01 .4555E+00 .4402E+00 .6439E-02 .1811E+00
.1227E+04 .4570E+00 .4031E+00 .5697E-02 .3710E+00 .3653E+00 .4031E+00 .1381E-01 .4169E+00 .4031E+00 .5697E-02 .1658E+00
.1228E+04 .4645E+00 .4429E+00 .6488E-02 .4079E+00 .4014E+00 .4429E+00 .1542E-01 .4583E+00 .4429E+00 .6488E-02 .1822E+00
.1229E+04 .4654E+00 .4410E+00 .6423E-02 .4061E+00 .3997E+00 .4410E+00 .1531E-01 .4563E+00 .4410E+00 .6423E-02 .1814E+00
.1230E+04 .4629E+00 .4328E+00 .6256E-02 .3985E+00 .3923E+00 .4328E+00 .1498E-01 .4478E+00 .4328E+00 .6256E-02 .1780E+00
.1231E+04 .4614E+00 .4476E+00 .6583E-02 .4122E+00 .4057E+00 .4476E+00 .1561E-01 .4632E+00 .4476E+00 .6583E-02 .1842E+00
.1232E+04 .4592E+00 .4449E+00 .6529E-02 .4098E+00 .4032E+00 .4449E+00 .1550E-01 .4604E+00 .4449E+00 .6529E-02 .1831E+00
.1233E+04 .4601E+00 .4266E+00 .6089E-02 .3927E+00 .3866E+00 .4266E+00 .1468E-01 .4413E+00 .4266E+00 .6089E-02 .1754E+00
.1234E+04 .4577E+00 .4479E+00 .6588E-02 .4125E+00 .4059E+00 .4479E+00 .1562E-01 .4635E+00 .4479E+00 .6588E-02 .1843E+00
.1235E+04 .4572E+00 .4445E+00 .6501E-02 .4094E+00 .4029E+00 .4445E+00 .1546E-01 .4600E+00 .4445E+00 .6501E-02 .1829E+00
.1236E+04 .4586E+00 .4484E+00 .6569E-02 .4130E+00 .4064E+00 .4484E+00 .1561E-01 .4640E+00 .4484E+00 .6569E-02 .1845E+00
.1237E+04 .4580E+00 .4411E+00 .6390E-02 .4062E+00 .3998E+00 .4411E+00 .1528E-01 .4564E+00 .4411E+00 .6390E-02 .1814E+00
.1238E+04 .4570E+00 .4471E+00 .6529E-02 .4117E+00 .4052E+00 .4471E+00 .1554E-01 .4626E+00 .4471E+00 .6529E-02 .1839E+00
.1239E+04 .4513E+00 .4414E+00 .6433E-02 .4065E+00 .4000E+00 .4414E+00 .1533E-01 .4567E+00 .4414E+00 .6433E-02 .1816E+00
.1240E+04 .4522E+00 .4434E+00 .6461E-02 .4083E+00 .4018E+00 .4434E+00 .1540E-01 .4588E+00 .4434E+00 .6461E-02 .1824E+00
.1241E+04 .4541E+00 .4407E+00 .6372E-02 .4058E+00 .3994E+00 .4407E+00 .1525E-01 .4560E+00 .4407E+00 .6372E-02 .1813E+00
.1242E+04 .4495E+00 .4405E+00 .6393E-02 .4056E+00 .3992E+00 .4405E+00 .1526E-01 .4557E+00 .4405E+00 .6393E-02 .1811E+00
.1243E+04 .4456E+00 .4371E+00 .6336E-02 .4025E+00 .3962E+00 .4371E+00 .1513E-01 .4523E+00 .4371E+00 .6336E-02 .1796E+00
.1244E+04 .4500E+00 .4402E+00 .6357E-02 .4053E+00 .3989E+00 .4402E+00 .1521E-01 .4554E+00 .4402E+00 .6357E-02 .1807E+00
.1245E+04 .4512E+00 .4424E+00 .6387E-02 .4073E+00 .4009E+00 .4424E+00 .1528E-01 .4577E+00 .4424E+00 .6387E-02 .1816E+00
.1246E+04 .4484E+00 .4398E+00 .6340E-02 .4049E+00 .3986E+00 .4398E+00 .1518E-01 .4550E+00 .4398E+00 .6340E-02 .1806E+00
.1247E+04 .4478E+00 .4383E+00 .6300E-02 .4036E+00 .3973E+00 .4383E+00 .1511E-01 .4535E+00 .4383E+00 .6300E-02 .1800E+00
.1248E+04 .4496E+00 .4380E+00 .6266E-02 .4032E+00 .3970E+00 .4380E+00 .1507E-01 .4531E+00 .4380E+00 .6266E-02 .1798E+00
.1249E+04 .4491E+00 .4398E+00 .6301E-02 .4049E+00 .3986E+00 .4398E+00 .1514E-01 .4549E+00 .4398E+00 .6301E-02 .1805E+00
.1250E+04 .4476E+00 .4376E+00 .6253E-02 .4029E+00 .3966E+00 .4376E+00 .1505E-01 .4527E+00 .4376E+00 .6253E-02 .1796E+00
.1251E+04 .4444E+00 .4333E+00 .6170E-02 .3989E+00 .3927E+00 .4333E+00 .1488E-01 .4482E+00 .4333E+00 .6170E-02 .1779E+00
.1252E+04 .4413E+00 .4316E+00 .6147E-02 .3973E+00 .3912E+00 .4316E+00 .1482E-01 .4464E+00 .4316E+00 .6147E-02 .1772E+00
.1253E+04 .4435E+00 .4312E+00 .6109E-02 .3969E+00 .3908E+00 .4312E+00 .1477E-01 .4460E+00 .4312E+00 .6109E-02 .1770E+00
.1254E+04 .4436E+00 .4276E+00 .6015E-02 .3936E+00 .3875E+00 .4276E+00 .1460E-01 .4422E+00 .4276E+00 .6015E-02 .1755E+00
.1255E+04 .4424E+00 .4316E+00 .6105E-02 .3972E+00 .3911E+00 .4316E+00 .1477E-01 .4463E+00 .4316E+00 .6105E-02 .1772E+00
.1256E+04 .4407E+00 .4251E+00 .5961E-02 .3912E+00 .3853E+00 .4251E+00 .1450E-01 .4396E+00 .4251E+00 .5961E-02 .1745E+00
.1257E+04 .4405E+00 .4241E+00 .5929E-02 .3903E+00 .3843E+00 .4241E+00 .1444E-01 .4385E+00 .4241E+00 .5929E-02 .1741E+00
.1258E+04 .4401E+00 .4270E+00 .5989E-02 .3930E+00 .3870E+00 .4270E+00 .1456E-01 .4416E+00 .4270E+00 .5989E-02 .1753E+00
.1259E+04 .4411E+00 .4205E+00 .5824E-02 .3869E+00 .3811E+00 .4205E+00 .1426E-01 .4348E+00 .4205E+00 .5824E-02 .1726E+00
.1260E+04 .4413E+00 .4210E+00 .5824E-02 .3874E+00 .3815E+00 .4210E+00 .1428E-01 .4353E+00 .4210E+00 .5824E-02 .1729E+00
.1261E+04 .4388E+00 .4077E+00 .5541E-02 .3751E+00 .3695E+00 .4077E+00 .1373E-01 .4215E+00 .4077E+00 .5541E-02 .1676E+00
.1262E+04 .4378E+00 .4019E+00 .5411E-02 .3696E+00 .3642E+00 .4019E+00 .1348E-01 .4154E+00 .4019E+00 .5411E-02 .1653E+00
.1263E+04 .4394E+00 .4019E+00 .5394E-02 .3697E+00 .3643E+00 .4019E+00 .1347E-01 .4154E+00 .4019E+00 .5394E-02 .1655E+00
.1264E+04 .4352E+00 .3843E+00 .5036E-02 .3533E+00 .3483E+00 .3843E+00 .1276E-01 .3970E+00 .3843E+00 .5036E-02 .1583E+00
.1265E+04 .4360E+00 .4001E+00 .5362E-02 .3680E+00 .3626E+00 .4001E+00 .1342E-01 .4135E+00 .4001E+00 .5362E-02 .1650E+00
.1266E+04 .4368E+00 .3931E+00 .5197E-02 .3614E+00 .3562E+00 .3931E+00 .1311E-01 .4062E+00 .3931E+00 .5197E-02 .1622E+00
.1267E+04 .4325E+00 .3931E+00 .5221E-02 .3615E+00 .3563E+00 .3931E+00 .1314E-01 .4062E+00 .3931E+00 .5221E-02 .1623E+00
.1268E+04 .4295E+00 .3821E+00 .5000E-02 .3513E+00 .3463E+00 .3821E+00 .1269E-01 .3948E+00 .3821E+00 .5000E-02 .1578E+00
.1269E+04 .4340E+00 .3016E+00 .3382E-02 .2768E+00 .2734E+00 .3016E+00 .9415E-02 .3111E+00 .3016E+00 .3382E-02 .1244E+00
.1270E+04 .4355E+00 .3948E+00 .5213E-02 .3631E+00 .3578E+00 .3948E+00 .1319E-01 .4080E+00 .3948E+00 .5213E-02 .1636E+00
.1271E+04 .4344E+00 .4038E+00 .5410E-02 .3713E+00 .3659E+00 .4038E+00 .1360E-01 .4174E+00 .4038E+00 .5410E-02 .1678E+00
.1272E+04 .4333E+00 .4044E+00 .5423E-02 .3720E+00 .3665E+00 .4044E+00 .1363E-01 .4181E+00 .4044E+00 .5423E-02 .1681E+00
.1273E+04 .4313E+00 .4016E+00 .5368E-02 .3694E+00 .3640E+00 .4016E+00 .1351E-01 .4151E+00 .4016E+00 .5368E-02 .1669E+00
.1274E+04 .4296E+00 .4000E+00 .5340E-02 .3679E+00 .3625E+00 .4000E+00 .1345E-01 .4135E+00 .4000E+00 .5340E-02 .1662E+00
.1275E+04 .4313E+00 .4059E+00 .5443E-02 .3733E+00 .3679E+00 .4059E+00 .1368E-01 .4196E+00 .4059E+00 .5443E-02 .1687E+00
.1276E+04 .4312E+00 .4066E+00 .5451E-02 .3740E+00 .3685E+00 .4066E+00 .1370E-01 .4203E+00 .4066E+00 .5451E-02 .1690E+00
.1277E+04 .4301E+00 .4037E+00 .5395E-02 .3712E+00 .3658E+00 .4037E+00 .1358E-01 .4172E+00 .4037E+00 .5395E-02 .1676E+00
.1278E+04 .4282E+00 .4118E+00 .5567E-02 .3788E+00 .3732E+00 .4118E+00 .1391E-01 .4257E+00 .4118E+00 .5567E-02 .1709E+00
.1279E+04 .4248E+00 .4047E+00 .5430E-02 .3722E+00 .3668E+00 .4047E+00 .1362E-01 .4183E+00 .4047E+00 .5430E-02 .1679E+00
.1280E+04 .4194E+00 .3984E+00 .5328E-02 .3664E+00 .3611E+00 .3984E+00 .1339E-01 .4118E+00 .3984E+00 .5328E-02 .1652E+00
.1281E+04 .3961E+00 .3787E+00 .5076E-02 .3483E+00 .3432E+00 .3787E+00 .1274E-01 .3914E+00 .3787E+00 .5076E-02 .1571E+00
.1282E+04 .3751E+00 .3649E+00 .4934E-02 .3357E+00 .3307E+00 .3649E+00 .1232E-01 .3773E+00 .3649E+00 .4934E-02 .1514E+00
.1283E+04 .4054E+00 .3930E+00 .5294E-02 .3615E+00 .3562E+00 .3930E+00 .1325E-01 .4063E+00 .3930E+00 .5294E-02 .1630E+00
.1284E+04 .4167E+00 .3996E+00 .5339E-02 .3675E+00 .3621E+00 .3996E+00 .1343E-01 .4130E+00 .3996E+00 .5339E-02 .1657E+00
.1285E+04 .4185E+00 .4034E+00 .5400E-02 .3710E+00 .3656E+00 .4034E+00 .1356E-01 .4169E+00 .4034E+00 .5400E-02 .1673E+00
.1286E+04 .4202E+00 .4076E+00 .5466E-02 .3749E+00 .3694E+00 .4076E+00 .1372E-01 .4214E+00 .4076E+00 .5466E-02 .1691E+00
.1287E+04 .4211E+00 .4000E+00 .5294E-02 .3679E+00 .3626E+00 .4000E+00 .1339E-01 .4134E+00 .4000E+00 .5294E-02 .1659E+00
.1288E+04 .4195E+00 .3994E+00 .5287E-02 .3673E+00 .3620E+00 .3994E+00 .1337E-01 .4128E+00 .3994E+00 .5287E-02 .1656E+00
.1289E+04 .4195E+00 .3864E+00 .5007E-02 .3552E+00 .3502E+00 .3864E+00 .1281E-01 .3992E+00 .3864E+00 .5007E-02 .1601E+00
.1290E+04 .4142E+00 .3953E+00 .5215E-02 .3635E+00 .3583E+00 .3953E+00 .1320E-01 .4085E+00 .3953E+00 .5215E-02 .1637E+00
.1291E+04 .4175E+00 .4019E+00 .5317E-02 .3695E+00 .3642E+00 .4019E+00 .1343E-01 .4153E+00 .4019E+00 .5317E-02 .1663E+00
.1292E+04 .4193E+00 .3735E+00 .4731E-02 .3433E+00 .3385E+00 .3735E+00 .1225E-01 .3858E+00 .3735E+00 .4731E-02 .1545E+00
.1293E+04 .4169E+00 .3912E+00 .5093E-02 .3596E+00 .3545E+00 .3912E+00 .1298E-01 .4041E+00 .3912E+00 .5093E-02 .1618E+00
.1294E+04 .4160E+00 .3863E+00 .4998E-02 .3551E+00 .3501E+00 .3863E+00 .1279E-01 .3991E+00 .3863E+00 .4998E-02 .1598E+00
.1295E+04 .4177E+00 .3874E+00 .4973E-02 .3560E+00 .3511E+00 .3874E+00 .1278E-01 .4001E+00 .3874E+00 .4973E-02 .1602E+00
.1296E+04 .4178E+00 .3663E+00 .4565E-02 .3365E+00 .3320E+00 .3663E+00 .1194E-01 .3782E+00 .3663E+00 .4565E-02 .1514E+00
.1297E+04 .4141E+00 .3445E+00 .4198E-02 .3165E+00 .3123E+00 .3445E+00 .1112E-01 .3557E+00 .3445E+00 .4198E-02 .1424E+00
.1298E+04 .4136E+00 .3767E+00 .4789E-02 .3462E+00 .3414E+00 .3767E+00 .1238E-01 .3891E+00 .3767E+00 .4789E-02 .1558E+00
.1299E+04 .4157E+00 .3933E+00 .5103E-02 .3615E+00 .3564E+00 .3933E+00 .1303E-01 .4063E+00 .3933E+00 .5103E-02 .1627E+00
.1300E+04 .4141E+00 .3258E+00 .3904E-02 .2992E+00 .2953E+00 .3258E+00 .1045E-01 .3363E+00 .3258E+00 .3904E-02 .1347E+00
.1301E+04 .4116E+00 .3333E+00 .3994E-02 .3061E+00 .3021E+00 .3333E+00 .1069E-01 .3440E+00 .3333E+00 .3994E-02 .1377E+00
.1302E+04 .4097E+00 .3751E+00 .4742E-02 .3447E+00 .3400E+00 .3751E+00 .1230E-01 .3874E+00 .3751E+00 .4742E-02 .1551E+00
.1303E+04 .4066E+00 .3196E+00 .3799E-02 .2934E+00 .2896E+00 .3196E+00 .1022E-01 .3298E+00 .3196E+00 .3799E-02 .1321E+00
.1304E+04 .4079E+00 .2703E+00 .2980E-02 .2479E+00 .2450E+00 .2703E+00 .8388E-02 .2787E+00 .2703E+00 .2980E-02 .1116E+00
.1305E+04 .4101E+00 .3657E+00 .4560E-02 .3360E+00 .3315E+00 .3657E+00 .1192E-01 .3776E+00 .3657E+00 .4560E-02 .1512E+00
.1306E+04 .4099E+00 .3661E+00 .4538E-02 .3363E+00 .3318E+00 .3661E+00 .1190E-01 .3780E+00 .3661E+00 .4538E-02 .1514E+00
.1307E+04 .4076E+00 .2716E+00 .3002E-02 .2492E+00 .2462E+00 .2716E+00 .8434E-02 .2801E+00 .2716E+00 .3002E-02 .1121E+00
.1308E+04 .4071E+00 .3286E+00 .3971E-02 .3018E+00 .2978E+00 .3286E+00 .1056E-01 .3392E+00 .3286E+00 .3971E-02 .1356E+00
.1309E+04 .4068E+00 .3642E+00 .4469E-02 .3345E+00 .3300E+00 .3642E+00 .1178E-01 .3759E+00 .3642E+00 .4469E-02 .1502E+00
.1310E+04 .4042E+00 .2742E+00 .3042E-02 .2515E+00 .2485E+00 .2742E+00 .8519E-02 .2827E+00 .2742E+00 .3042E-02 .1130E+00
.1311E+04 .4040E+00 .3094E+00 .3627E-02 .2841E+00 .2804E+00 .3094E+00 .9824E-02 .3193E+00 .3094E+00 .3627E-02 .1276E+00
.1312E+04 .3931E+00 .3016E+00 .3521E-02 .2769E+00 .2734E+00 .3016E+00 .9556E-02 .3112E+00 .3016E+00 .3521E-02 .1243E+00
.1313E+04 .3965E+00 .2906E+00 .3283E-02 .2667E+00 .2634E+00 .2906E+00 .9084E-02 .2997E+00 .2906E+00 .3283E-02 .1196E+00
.1314E+04 .3999E+00 .2659E+00 .2934E-02 .2439E+00 .2410E+00 .2659E+00 .8233E-02 .2741E+00 .2659E+00 .2934E-02 .1094E+00
.1315E+04 .3881E+00 .2480E+00 .2606E-02 .2274E+00 .2248E+00 .2480E+00 .7538E-02 .2556E+00 .2480E+00 .2606E-02 .1020E+00
.1316E+04 .3974E+00 .3024E+00 .3453E-02 .2776E+00 .2741E+00 .3024E+00 .9490E-02 .3119E+00 .3024E+00 .3453E-02 .1244E+00
.1317E+04 .3992E+00 .2903E+00 .3304E-02 .2664E+00 .2631E+00 .2903E+00 .9097E-02 .2993E+00 .2903E+00 .3304E-02 .1194E+00
.1318E+04 .3975E+00 .3167E+00 .3717E-02 .2908E+00 .2871E+00 .3167E+00 .1005E-01 .3268E+00 .3167E+00 .3717E-02 .1304E+00
.1319E+04 .4003E+00 .2355E+00 .2407E-02 .2159E+00 .2135E+00 .2355E+00 .7084E-02 .2426E+00 .2355E+00 .2407E-02 .9677E-01
.1320E+04 .3983E+00 .2408E+00 .2567E-02 .2208E+00 .2182E+00 .2408E+00 .7352E-02 .2481E+00 .2408E+00 .2567E-02 .9887E-01
.1321E+04 .3960E+00 .2769E+00 .3048E-02 .2540E+00 .2509E+00 .2769E+00 .8554E-02 .2854E+00 .2769E+00 .3048E-02 .1136E+00
.1322E+04 .3968E+00 .2766E+00 .2975E-02 .2536E+00 .2507E+00 .2766E+00 .8465E-02 .2850E+00 .2766E+00 .2975E-02 .1134E+00
.1323E+04 .3964E+00 .2098E+00 .2046E-02 .1922E+00 .1902E+00 .2098E+00 .6190E-02 .2160E+00 .2098E+00 .2046E-02 .8586E-01
.1324E+04 .3967E+00 .2331E+00 .2375E-02 .2136E+00 .2113E+00 .2331E+00 .6986E-02 .2401E+00 .2331E+00 .2375E-02 .9538E-01
.1325E+04 .3949E+00 .3010E+00 .3388E-02 .2762E+00 .2728E+00 .3010E+00 .9366E-02 .3103E+00 .3010E+00 .3388E-02 .1233E+00
.1326E+04 .3926E+00 .2532E+00 .2662E-02 .2321E+00 .2295E+00 .2532E+00 .7675E-02 .2608E+00 .2532E+00 .2662E-02 .1036E+00
.1327E+04 .3922E+00 .2418E+00 .2502E-02 .2216E+00 .2191E+00 .2418E+00 .7283E-02 .2490E+00 .2418E+00 .2502E-02 .9885E-01
.1328E+04 .3886E+00 .2113E+00 .2115E-02 .1936E+00 .1915E+00 .2113E+00 .6283E-02 .2176E+00 .2113E+00 .2115E-02 .8629E-01
.1329E+04 .3839E+00 .1604E+00 .1421E-02 .1468E+00 .1454E+00 .1604E+00 .4568E-02 .1650E+00 .1604E+00 .1421E-02 .6538E-01
.1330E+04 .3896E+00 .2046E+00 .1888E-02 .1873E+00 .1854E+00 .2046E+00 .5905E-02 .2105E+00 .2046E+00 .1888E-02 .8334E-01
.1331E+04 .3886E+00 .1198E+00 .9199E-03 .1095E+00 .1086E+00 .1198E+00 .3256E-02 .1231E+00 .1198E+00 .9199E-03 .4871E-01
.1332E+04 .3843E+00 .1267E+00 .1021E-02 .1158E+00 .1148E+00 .1267E+00 .3494E-02 .1302E+00 .1267E+00 .1021E-02 .5150E-01
.1333E+04 .3904E+00 .1749E+00 .1477E-02 .1600E+00 .1585E+00 .1749E+00 .4898E-02 .1798E+00 .1749E+00 .1477E-02 .7114E-01
.1334E+04 .3908E+00 .1564E+00 .1430E-02 .1432E+00 .1418E+00 .1564E+00 .4496E-02 .1609E+00 .1564E+00 .1430E-02 .6366E-01
.1335E+04 .3883E+00 .2113E+00 .2014E-02 .1935E+00 .1915E+00 .2113E+00 .6161E-02 .2175E+00 .2113E+00 .2014E-02 .8594E-01
.1336E+04 .3889E+00 .1671E+00 .1463E-02 .1529E+00 .1514E+00 .1671E+00 .4727E-02 .1718E+00 .1671E+00 .1463E-02 .6783E-01
.1337E+04 .3873E+00 .1411E+00 .1184E-02 .1291E+00 .1279E+00 .1411E+00 .3932E-02 .1450E+00 .1411E+00 .1184E-02 .5718E-01
.1338E+04 .3850E+00 .1525E+00 .1274E-02 .1395E+00 .1382E+00 .1525E+00 .4239E-02 .1568E+00 .1525E+00 .1274E-02 .6170E-01
.1339E+04 .3791E+00 .1545E+00 .1316E-02 .1413E+00 .1400E+00 .1545E+00 .4318E-02 .1588E+00 .1545E+00 .1316E-02 .6242E-01
.1340E+04 .3833E+00 .1509E+00 .1323E-02 .1381E+00 .1368E+00 .1509E+00 .4258E-02 .1552E+00 .1509E+00 .1323E-02 .6100E-01
.1341E+04 .3840E+00 .1409E+00 .1110E-02 .1288E+00 .1277E+00 .1409E+00 .3841E-02 .1448E+00 .1409E+00 .1110E-02 .5690E-01
.1342E+04 .3837E+00 .1414E+00 .1103E-02 .1293E+00 .1282E+00 .1414E+00 .3839E-02 .1452E+00 .1414E+00 .1103E-02 .5701E-01
.1343E+04 .3833E+00 .9044E-01 .5407E-03 .8251E-01 .8197E-01 .9044E-01 .2274E-02 .9271E-01 .9044E-01 .5407E-03 .3633E-01
.1344E+04 .3843E+00 .6288E-01 .3993E-03 .5739E-01 .5699E-01 .6288E-01 .1605E-02 .6448E-01 .6288E-01 .3993E-03 .2524E-01
.1345E+04 .3823E+00 .8954E-01 .5661E-03 .8172E-01 .8115E-01 .8954E-01 .2281E-02 .9182E-01 .8954E-01 .5661E-03 .3590E-01
.1346E+04 .3806E+00 .4079E-01 .1705E-03 .3714E-01 .3697E-01 .4079E-01 .9440E-03 .4174E-01 .4079E-01 .1705E-03 .1630E-01
.1347E+04 .3814E+00 .4289E-01 .1703E-03 .3904E-01 .3887E-01 .4289E-01 .9821E-03 .4387E-01 .4289E-01 .1703E-03 .1712E-01
.1348E+04 .3812E+00 .2682E-02 .4631E-05 .2435E-02 .2431E-02 .2682E-02 .5487E-04 .2737E-02 .2682E-02 .4631E-05 .1067E-02
.1349E+04 .3782E+00 .9056E-02 .1871E-04 .8226E-02 .8207E-02 .9056E-02 .1884E-03 .9244E-02 .9056E-02 .1871E-04 .3600E-02
.1350E+04 .3753E+00 .1090E-01 .2602E-04 .9908E-02 .9882E-02 .1090E-01 .2303E-03 .1113E-01 .1090E-01 .2602E-04 .4329E-02
.1351E+04 .3779E+00 .2294E-02 .2602E-05 .2082E-02 .2079E-02 .2294E-02 .4528E-04 .2339E-02 .2294E-02 .2602E-05 .9078E-03
.1352E+04 .3793E+00 .5904E-03 .2454E-06 .5354E-03 .5351E-03 .5904E-03 .1118E-04 .6016E-03 .5904E-03 .2454E-06 .2331E-03
.1353E+04 .3777E+00 .3538E-04 .7771E-08 .3207E-04 .3207E-04 .3538E-04 .6619E-06 .3604E-04 .3538E-04 .7771E-08 .1395E-04
.1354E+04 .3755E+00 .1251E-03 .4953E-07 .1134E-03 .1133E-03 .1251E-03 .2361E-05 .1274E-03 .1251E-03 .4953E-07 .4929E-04
.1355E+04 .3718E+00 .9331E-06 .6108E-10 .8458E-06 .8457E-06 .9331E-06 .1727E-07 .9504E-06 .9331E-06 .6108E-10 .3673E-06
.1356E+04 .3701E+00 .2611E-04 .6527E-08 .2367E-04 .2366E-04 .2611E-04 .4880E-06 .2660E-04 .2611E-04 .6527E-08 .1027E-04
.1357E+04 .3706E+00 .3157E-04 .7214E-08 .2862E-04 .2861E-04 .3157E-04 .5885E-06 .3216E-04 .3157E-04 .7214E-08 .1240E-04
.1358E+04 .3734E+00 .1274E-05 .9447E-10 .1155E-05 .1155E-05 .1274E-05 .2350E-07 .1298E-05 .1274E-05 .9447E-10 .4996E-06
.1359E+04 .3698E+00 .1324E-06 .2143E-11 .1200E-06 .1200E-06 .1324E-06 .2429E-08 .1348E-06 .1324E-06 .2143E-11 .5181E-07
.1360E+04 .3701E+00 .6004E-06 .2707E-10 .5442E-06 .5441E-06 .6004E-06 .1103E-07 .6114E-06 .6004E-06 .2707E-10 .2348E-06
.1361E+04 .3730E+00 .5353E-09 .1255E-14 .4851E-09 .4851E-09 .5353E-09 .9797E-11 .5451E-09 .5353E-09 .1255E-14 .2091E-09
.1362E+04 .3690E+00 .1519E-11 .1312E-17 .1377E-11 .1377E-11 .1519E-11 .2777E-13 .1547E-11 .1519E-11 .1312E-17 .5927E-12
.1363E+04 .3672E+00 .5733E-06 .1001E-10 .5196E-06 .5196E-06 .5733E-06 .1047E-07 .5838E-06 .5733E-06 .1001E-10 .2233E-06
.1364E+04 .3687E+00 .2422E-06 .5590E-11 .2195E-06 .2195E-06 .2422E-06 .4417E-08 .2466E-06 .2422E-06 .5590E-11 .9415E-07
.1365E+04 .3696E+00 .1179E-11 .2442E-18 .1068E-11 .1068E-11 .1179E-11 .2146E-13 .1200E-11 .1179E-11 .2442E-18 .4581E-12
.1366E+04 .3673E+00 .3667E-05 .1161E-09 .3323E-05 .3323E-05 .3667E-05 .6690E-07 .3734E-05 .3667E-05 .1161E-09 .1425E-05
.1367E+04 .3661E+00 .1634E-05 .8971E-10 .1481E-05 .1481E-05 .1634E-05 .2984E-07 .1664E-05 .1634E-05 .8971E-10 .6349E-06
.1368E+04 .3647E+00 .6075E-14 .4058E-22 .5506E-14 .5506E-14 .6075E-14 .1105E-15 .6186E-14 .6075E-14 .4058E-22 .2358E-14
.1369E+04 .3623E+00 .2084E-06 .6605E-11 .1889E-06 .1889E-06 .2084E-06 .3793E-08 .2122E-06 .2084E-06 .6605E-11 .8082E-07
.1370E+04 .3621E+00 .7060E-07 .1043E-11 .6398E-07 .6398E-07 .7060E-07 .1281E-08 .7188E-07 .7060E-07 .1043E-11 .2733E-07
.1371E+04 .3628E+00 .4463E-08 .3699E-13 .4045E-08 .4045E-08 .4463E-08 .8083E-10 .4544E-08 .4463E-08 .3699E-13 .1725E-08
.1372E+04 .3658E+00 .1313E-05 .8706E-10 .1190E-05 .1190E-05 .1313E-05 .2382E-07 .1337E-05 .1313E-05 .8706E-10 .5066E-06
.1373E+04 .3656E+00 .1421E-04 .1733E-08 .1288E-04 .1288E-04 .1421E-04 .2582E-06 .1447E-04 .1421E-04 .1733E-08 .5472E-05
.1374E+04 .3624E+00 .6504E-04 .1473E-07 .5896E-04 .5895E-04 .6504E-04 .1187E-05 .6623E-04 .6504E-04 .1473E-07 .2500E-04
.1375E+04 .3595E+00 .1239E-03 .2324E-07 .1123E-03 .1123E-03 .1239E-03 .2253E-05 .1261E-03 .1239E-03 .2324E-07 .4757E-04
.1376E+04 .3579E+00 .1483E-03 .6629E-07 .1344E-03 .1344E-03 .1483E-03 .2736E-05 .1510E-03 .1483E-03 .6629E-07 .5691E-04
.1377E+04 .3609E+00 .7633E-04 .3155E-07 .6921E-04 .6918E-04 .7633E-04 .1404E-05 .7773E-04 .7633E-04 .3155E-07 .2925E-04
.1378E+04 .3614E+00 .4055E-03 .1447E-06 .3677E-03 .3675E-03 .4055E-03 .7412E-05 .4129E-03 .4055E-03 .1447E-06 .1550E-03
.1379E+04 .3621E+00 .3029E-04 .1233E-07 .2747E-04 .2746E-04 .3029E-04 .5540E-06 .3085E-04 .3029E-04 .1233E-07 .1155E-04
.1380E+04 .3606E+00 .3001E-04 .6776E-08 .2720E-04 .2720E-04 .3001E-04 .5421E-06 .3055E-04 .3001E-04 .6776E-08 .1142E-04
.1381E+04 .3594E+00 .1186E-05 .2413E-09 .1075E-05 .1075E-05 .1186E-05 .2138E-07 .1207E-05 .1186E-05 .2413E-09 .4509E-06
.1382E+04 .3564E+00 .8120E-06 .3811E-10 .7359E-06 .7359E-06 .8120E-06 .1448E-07 .8264E-06 .8120E-06 .3811E-10 .3082E-06
.1383E+04 .3579E+00 .1155E-07 .3754E-12 .1047E-07 .1047E-07 .1155E-07 .2054E-09 .1176E-07 .1155E-07 .3754E-12 .4377E-08
.1384E+04 .3585E+00 .1549E-06 .3088E-11 .1404E-06 .1404E-06 .1549E-06 .2748E-08 .1577E-06 .1549E-06 .3088E-11 .5860E-07
.1385E+04 .3566E+00 .5719E-06 .5023E-10 .5184E-06 .5183E-06 .5719E-06 .1016E-07 .5821E-06 .5719E-06 .5023E-10 .2158E-06
.1386E+04 .3567E+00 .4964E-06 .1242E-10 .4499E-06 .4499E-06 .4964E-06 .8763E-08 .5052E-06 .4964E-06 .1242E-10 .1868E-06
.1387E+04 .3560E+00 .2056E-04 .1395E-08 .1864E-04 .1864E-04 .2056E-04 .3628E-06 .2093E-04 .2056E-04 .1395E-08 .7714E-05
.1388E+04 .3572E+00 .1594E-05 .3010E-09 .1445E-05 .1445E-05 .1594E-05 .2824E-07 .1622E-05 .1594E-05 .3010E-09 .5960E-06
.1389E+04 .3552E+00 .2083E-03 .5800E-07 .1888E-03 .1888E-03 .2083E-03 .3697E-05 .2120E-03 .2083E-03 .5800E-07 .7760E-04
.1390E+04 .3531E+00 .1860E-03 .4620E-07 .1686E-03 .1686E-03 .1860E-03 .3291E-05 .1893E-03 .1860E-03 .4620E-07 .6920E-04
.1391E+04 .3555E+00 .1143E-03 .2740E-07 .1036E-03 .1036E-03 .1143E-03 .2021E-05 .1163E-03 .1143E-03 .2740E-07 .4253E-04
.1392E+04 .3543E+00 .1561E-04 .4615E-08 .1415E-04 .1415E-04 .1561E-04 .2768E-06 .1588E-04 .1561E-04 .4615E-08 .5805E-05
.1393E+04 .3530E+00 .7073E-04 .2691E-07 .6413E-04 .6410E-04 .7073E-04 .1256E-05 .7199E-04 .7073E-04 .2691E-07 .2621E-04
.1394E+04 .3513E+00 .1959E-04 .1815E-08 .1776E-04 .1776E-04 .1959E-04 .3407E-06 .1993E-04 .1959E-04 .1815E-08 .7231E-05
.1395E+04 .3507E+00 .1805E-06 .1126E-10 .1636E-06 .1636E-06 .1805E-06 .3123E-08 .1836E-06 .1805E-06 .1126E-10 .6642E-07
.1396E+04 .3520E+00 .9220E-09 .3389E-14 .8357E-09 .8357E-09 .9220E-09 .1587E-10 .9379E-09 .9220E-09 .3389E-14 .3387E-09
.1397E+04 .3523E+00 .3759E-04 .1244E-07 .3408E-04 .3407E-04 .3759E-04 .6588E-06 .3825E-04 .3759E-04 .1244E-07 .1378E-04
.1398E+04 .3518E+00 .3024E-03 .7589E-07 .2741E-03 .2741E-03 .3024E-03 .5265E-05 .3077E-03 .3024E-03 .7589E-07 .1107E-03
.1399E+04 .3480E+00 .2837E-03 .9081E-07 .2572E-03 .2571E-03 .2837E-03 .4950E-05 .2886E-03 .2837E-03 .9081E-07 .1036E-03
.1400E+04 .3431E+00 .4142E-09 .6723E-15 .3754E-09 .3754E-09 .4142E-09 .7073E-11 .4213E-09 .4142E-09 .6723E-15 .1510E-09
.1401E+04 .3457E+00 .1421E-08 .6446E-14 .1288E-08 .1288E-08 .1421E-08 .2423E-10 .1445E-08 .1421E-08 .6446E-14 .5170E-09
.1402E+04 .3475E+00 .1081E-02 .1131E-05 .9810E-03 .9799E-03 .1081E-02 .1961E-04 .1101E-02 .1081E-02 .1131E-05 .3931E-03
.1403E+04 .3449E+00 .1140E-02 .9046E-06 .1034E-02 .1033E-02 .1140E-02 .2030E-04 .1160E-02 .1140E-02 .9046E-06 .4130E-03
.1404E+04 .3451E+00 .3595E-03 .2356E-06 .3260E-03 .3258E-03 .3595E-03 .6324E-05 .3658E-03 .3595E-03 .2356E-06 .1297E-03
.1405E+04 .3457E+00 .2898E-06 .1642E-10 .2627E-06 .2627E-06 .2898E-06 .4895E-08 .2947E-06 .2898E-06 .1642E-10 .1041E-06
.1406E+04 .3449E+00 .4706E-03 .1616E-06 .4267E-03 .4265E-03 .4706E-03 .8079E-05 .4787E-03 .4706E-03 .1616E-06 .1688E-03
.1407E+04 .3448E+00 .1063E-03 .8886E-07 .9646E-04 .9637E-04 .1063E-03 .1878E-05 .1082E-03 .1063E-03 .8886E-07 .3809E-04
.1408E+04 .3448E+00 .6353E-03 .3006E-06 .5761E-03 .5758E-03 .6353E-03 .1095E-04 .6462E-03 .6353E-03 .3006E-06 .2269E-03
.1409E+04 .3454E+00 .1696E-03 .4123E-07 .1538E-03 .1537E-03 .1696E-03 .2873E-05 .1725E-03 .1696E-03 .4123E-07 .6040E-04
.1410E+04 .3437E+00 .2401E-03 .1315E-06 .2177E-03 .2176E-03 .2401E-03 .4135E-05 .2442E-03 .2401E-03 .1315E-06 .8530E-04
.1411E+04 .3366E+00 .1035E-02 .8602E-06 .9386E-03 .9378E-03 .1035E-02 .1812E-04 .1053E-02 .1035E-02 .8602E-06 .3674E-03
.1412E+04 .3367E+00 .1329E-02 .1393E-05 .1206E-02 .1204E-02 .1329E-02 .2356E-04 .1352E-02 .1329E-02 .1393E-05 .4714E-03
.1413E+04 .3386E+00 .6819E-02 .9106E-05 .6189E-02 .6180E-02 .6819E-02 .1227E-03 .6942E-02 .6819E-02 .9106E-05 .2415E-02
.1414E+04 .3400E+00 .1721E-03 .9801E-07 .1561E-03 .1560E-03 .1721E-03 .2947E-05 .1750E-03 .1721E-03 .9801E-07 .6070E-04
.1415E+04 .3411E+00 .8864E-04 .4147E-07 .8038E-04 .8033E-04 .8864E-04 .1504E-05 .9014E-04 .8864E-04 .4147E-07 .3117E-04
.1416E+04 .3389E+00 .2143E-01 .6562E-04 .1949E-01 .1942E-01 .2143E-01 .4228E-03 .2185E-01 .2143E-01 .6562E-04 .7544E-02
.1417E+04 .3410E+00 .5281E-02 .1060E-04 .4797E-02 .4786E-02 .5281E-02 .9802E-04 .5379E-02 .5281E-02 .1060E-04 .1853E-02
.1418E+04 .3395E+00 .8101E-02 .1421E-04 .7356E-02 .7342E-02 .8101E-02 .1479E-03 .8249E-02 .8101E-02 .1421E-04 .2836E-02
.1419E+04 .3370E+00 .1500E-02 .2353E-05 .1362E-02 .1360E-02 .1500E-02 .2704E-04 .1527E-02 .1500E-02 .2353E-05 .5242E-03
.1420E+04 .3370E+00 .5507E-02 .9645E-05 .5001E-02 .4991E-02 .5507E-02 .1002E-03 .5608E-02 .5507E-02 .9645E-05 .1921E-02
.1421E+04 .3338E+00 .5195E-02 .9334E-05 .4718E-02 .4708E-02 .5195E-02 .9457E-04 .5290E-02 .5195E-02 .9334E-05 .1808E-02
.1422E+04 .3313E+00 .3020E-01 .9604E-04 .2747E-01 .2737E-01 .3020E-01 .5938E-03 .3080E-01 .3020E-01 .9604E-04 .1051E-01
.1423E+04 .3320E+00 .6277E-02 .1796E-04 .5707E-02 .5689E-02 .6277E-02 .1211E-03 .6399E-02 .6277E-02 .1796E-04 .2179E-02
.1424E+04 .3322E+00 .1249E-01 .4162E-04 .1136E-01 .1132E-01 .1249E-01 .2468E-03 .1274E-01 .1249E-01 .4162E-04 .4330E-02
.1425E+04 .3303E+00 .1674E-01 .4837E-04 .1522E-01 .1517E-01 .1674E-01 .3222E-03 .1706E-01 .1674E-01 .4837E-04 .5787E-02
.1426E+04 .3282E+00 .2052E-01 .7442E-04 .1867E-01 .1859E-01 .2052E-01 .4108E-03 .2093E-01 .2052E-01 .7442E-04 .7092E-02
.1427E+04 .3295E+00 .4274E-01 .1911E-03 .3893E-01 .3873E-01 .4274E-01 .8940E-03 .4363E-01 .4274E-01 .1911E-03 .1477E-01
.1428E+04 .3305E+00 .2605E-02 .3725E-05 .2365E-02 .2361E-02 .2605E-02 .4589E-04 .2651E-02 .2605E-02 .3725E-05 .8955E-03
.1429E+04 .3249E+00 .2634E-01 .9351E-04 .2396E-01 .2387E-01 .2634E-01 .5228E-03 .2686E-01 .2634E-01 .9351E-04 .9050E-02
.1430E+04 .3289E+00 .5194E-01 .2499E-03 .4733E-01 .4708E-01 .5194E-01 .1099E-02 .5304E-01 .5194E-01 .2499E-03 .1782E-01
.1431E+04 .3293E+00 .4970E-01 .2278E-03 .4527E-01 .4504E-01 .4970E-01 .1038E-02 .5074E-01 .4970E-01 .2278E-03 .1702E-01
.1432E+04 .3343E+00 .1546E-02 .1842E-05 .1403E-02 .1401E-02 .1546E-02 .2662E-04 .1572E-02 .1546E-02 .1842E-05 .5267E-03
.1433E+04 .3310E+00 .2956E-01 .1195E-03 .2691E-01 .2679E-01 .2956E-01 .5991E-03 .3016E-01 .2956E-01 .1195E-03 .1009E-01
.1434E+04 .3303E+00 .1705E-01 .6499E-04 .1552E-01 .1545E-01 .1705E-01 .3408E-03 .1739E-01 .1705E-01 .6499E-04 .5809E-02
.1435E+04 .3312E+00 .1238E-01 .3021E-04 .1125E-01 .1122E-01 .1238E-01 .2287E-03 .1260E-01 .1238E-01 .3021E-04 .4201E-02
.1436E+04 .3305E+00 .3214E-01 .1187E-03 .2925E-01 .2913E-01 .3214E-01 .6370E-03 .3278E-01 .3214E-01 .1187E-03 .1092E-01
.1437E+04 .3309E+00 .1956E-01 .6578E-04 .1780E-01 .1773E-01 .1956E-01 .3808E-03 .1994E-01 .1956E-01 .6578E-04 .6645E-02
.1438E+04 .3306E+00 .1030E-01 .3020E-04 .9364E-02 .9333E-02 .1030E-01 .1956E-03 .1049E-01 .1030E-01 .3020E-04 .3495E-02
.1439E+04 .3274E+00 .3510E-01 .1248E-03 .3194E-01 .3181E-01 .3510E-01 .6897E-03 .3579E-01 .3510E-01 .1248E-03 .1191E-01
.1440E+04 .3144E+00 .3008E-01 .1172E-03 .2738E-01 .2727E-01 .3008E-01 .6016E-03 .3069E-01 .3008E-01 .1172E-03 .1020E-01
.1441E+04 .3227E+00 .2500E-01 .8321E-04 .2274E-01 .2266E-01 .2500E-01 .4844E-03 .2549E-01 .2500E-01 .8321E-04 .8462E-02
.1442E+04 .3186E+00 .2905E-01 .9365E-04 .2642E-01 .2633E-01 .2905E-01 .5590E-03 .2961E-01 .2905E-01 .9365E-04 .9820E-02
.1443E+04 .3220E+00 .4002E-01 .1640E-03 .3644E-01 .3627E-01 .4002E-01 .8072E-03 .4083E-01 .4002E-01 .1640E-03 .1353E-01
.1444E+04 .3208E+00 .4634E-01 .2032E-03 .4220E-01 .4200E-01 .4634E-01 .9481E-03 .4729E-01 .4634E-01 .2032E-03 .1565E-01
.1445E+04 .3250E+00 .3531E-01 .1269E-03 .3213E-01 .3200E-01 .3531E-01 .6917E-03 .3600E-01 .3531E-01 .1269E-03 .1190E-01
.1446E+04 .3224E+00 .1920E-01 .6101E-04 .1746E-01 .1740E-01 .1920E-01 .3675E-03 .1957E-01 .1920E-01 .6101E-04 .6468E-02
.1447E+04 .3225E+00 .2738E-01 .9729E-04 .2492E-01 .2482E-01 .2738E-01 .5352E-03 .2792E-01 .2738E-01 .9729E-04 .9230E-02
.1448E+04 .3244E+00 .9594E-01 .5489E-03 .8750E-01 .8695E-01 .9594E-01 .2099E-02 .9804E-01 .9594E-01 .5489E-03 .3241E-01
.1449E+04 .3233E+00 .8511E-01 .4698E-03 .7761E-01 .7714E-01 .8511E-01 .1842E-02 .8695E-01 .8511E-01 .4698E-03 .2871E-01
.1450E+04 .3190E+00 .2357E-01 .9067E-04 .2145E-01 .2136E-01 .2357E-01 .4672E-03 .2404E-01 .2357E-01 .9067E-04 .7928E-02
.1451E+04 .3156E+00 .1037E-01 .3466E-04 .9431E-02 .9396E-02 .1037E-01 .1997E-03 .1057E-01 .1037E-01 .3466E-04 .3482E-02
.1452E+04 .3188E+00 .5237E-01 .2438E-03 .4771E-01 .4746E-01 .5237E-01 .1082E-02 .5345E-01 .5237E-01 .2438E-03 .1760E-01
.1453E+04 .3182E+00 .6808E-01 .3355E-03 .6204E-01 .6170E-01 .6808E-01 .1426E-02 .6951E-01 .6808E-01 .3355E-03 .2286E-01
.1454E+04 .3147E+00 .1197E+00 .7693E-03 .1093E+00 .1085E+00 .1197E+00 .2700E-02 .1224E+00 .1197E+00 .7693E-03 .4027E-01
.1455E+04 .3143E+00 .5786E-01 .3003E-03 .5274E-01 .5244E-01 .5786E-01 .1228E-02 .5909E-01 .5786E-01 .3003E-03 .1944E-01
.1456E+04 .3153E+00 .7178E-01 .3621E-03 .6542E-01 .6506E-01 .7178E-01 .1512E-02 .7329E-01 .7178E-01 .3621E-03 .2411E-01
.1457E+04 .3173E+00 .1006E+00 .5915E-03 .9173E-01 .9113E-01 .1006E+00 .2209E-02 .1028E+00 .1006E+00 .5915E-03 .3380E-01
.1458E+04 .3199E+00 .1214E+00 .8109E-03 .1108E+00 .1100E+00 .1214E+00 .2771E-02 .1242E+00 .1214E+00 .8109E-03 .4085E-01
.1459E+04 .3186E+00 .1433E+00 .9716E-03 .1309E+00 .1299E+00 .1433E+00 .3287E-02 .1466E+00 .1433E+00 .9716E-03 .4822E-01
.1460E+04 .3167E+00 .7347E-01 .4271E-03 .6701E-01 .6658E-01 .7347E-01 .1609E-02 .7508E-01 .7347E-01 .4271E-03 .2470E-01
.1461E+04 .3156E+00 .7491E-01 .3891E-03 .6828E-01 .6789E-01 .7491E-01 .1590E-02 .7650E-01 .7491E-01 .3891E-03 .2516E-01
.1462E+04 .3129E+00 .1124E+00 .6959E-03 .1026E+00 .1019E+00 .1124E+00 .2507E-02 .1149E+00 .1124E+00 .6959E-03 .3780E-01
.1463E+04 .3116E+00 .3821E-01 .1844E-03 .3482E-01 .3463E-01 .3821E-01 .7961E-03 .3901E-01 .3821E-01 .1844E-03 .1283E-01
.1464E+04 .3136E+00 .1411E+00 .9744E-03 .1289E+00 .1279E+00 .1411E+00 .3256E-02 .1444E+00 .1411E+00 .9744E-03 .4750E-01
.1465E+04 .3115E+00 .8284E-01 .5209E-03 .7560E-01 .7508E-01 .8284E-01 .1856E-02 .8470E-01 .8284E-01 .5209E-03 .2787E-01
.1466E+04 .3137E+00 .5235E-01 .2354E-03 .4768E-01 .4745E-01 .5235E-01 .1072E-02 .5342E-01 .5235E-01 .2354E-03 .1757E-01
.1467E+04 .3131E+00 .2945E-01 .1130E-03 .2681E-01 .2669E-01 .2945E-01 .5822E-03 .3003E-01 .2945E-01 .1130E-03 .9879E-02
.1468E+04 .3118E+00 .6412E-01 .3163E-03 .5843E-01 .5811E-01 .6412E-01 .1343E-02 .6546E-01 .6412E-01 .3163E-03 .2153E-01
.1469E+04 .3137E+00 .8019E-01 .4421E-03 .7311E-01 .7267E-01 .8019E-01 .1730E-02 .8192E-01 .8019E-01 .4421E-03 .2695E-01
.1470E+04 .3085E+00 .4246E-01 .1625E-03 .3865E-01 .3848E-01 .4246E-01 .8390E-03 .4330E-01 .4246E-01 .1625E-03 .1424E-01
.1471E+04 .3082E+00 .1724E-01 .6483E-04 .1569E-01 .1562E-01 .1724E-01 .3396E-03 .1758E-01 .1724E-01 .6483E-04 .5787E-02
.1472E+04 .3069E+00 .3909E-01 .1443E-03 .3557E-01 .3542E-01 .3909E-01 .7678E-03 .3985E-01 .3909E-01 .1443E-03 .1313E-01
.1473E+04 .3035E+00 .5603E-01 .2584E-03 .5104E-01 .5078E-01 .5603E-01 .1157E-02 .5719E-01 .5603E-01 .2584E-03 .1886E-01
.1474E+04 .3030E+00 .8544E-01 .4989E-03 .7793E-01 .7744E-01 .8544E-01 .1877E-02 .8732E-01 .8544E-01 .4989E-03 .2880E-01
.1475E+04 .3038E+00 .1671E+00 .1194E-02 .1526E+00 .1514E+00 .1671E+00 .3906E-02 .1710E+00 .1671E+00 .1194E-02 .5640E-01
.1476E+04 .3051E+00 .5561E-01 .2773E-03 .5068E-01 .5040E-01 .5561E-01 .1172E-02 .5678E-01 .5561E-01 .2773E-03 .1876E-01
.1477E+04 .3036E+00 .5532E-01 .2590E-03 .5039E-01 .5013E-01 .5532E-01 .1149E-02 .5646E-01 .5532E-01 .2590E-03 .1869E-01
.1478E+04 .3037E+00 .5697E-01 .3147E-03 .5195E-01 .5163E-01 .5697E-01 .1237E-02 .5821E-01 .5697E-01 .3147E-03 .1930E-01
.1479E+04 .3077E+00 .1029E+00 .6336E-03 .9385E-01 .9321E-01 .1029E+00 .2304E-02 .1052E+00 .1029E+00 .6336E-03 .3487E-01
.1480E+04 .3057E+00 .5001E-01 .2347E-03 .4556E-01 .4533E-01 .5001E-01 .1041E-02 .5105E-01 .5001E-01 .2347E-03 .1693E-01
.1481E+04 .3046E+00 .1005E+00 .5991E-03 .9173E-01 .9113E-01 .1005E+00 .2232E-02 .1028E+00 .1005E+00 .5991E-03 .3413E-01
.1482E+04 .3040E+00 .4711E-01 .2422E-03 .4294E-01 .4270E-01 .4711E-01 .1006E-02 .4812E-01 .4711E-01 .2422E-03 .1601E-01
.1483E+04 .3014E+00 .1301E+00 .8494E-03 .1188E+00 .1179E+00 .1301E+00 .2976E-02 .1331E+00 .1301E+00 .8494E-03 .4435E-01
.1484E+04 .3056E+00 .1213E+00 .8196E-03 .1107E+00 .1099E+00 .1213E+00 .2804E-02 .1241E+00 .1213E+00 .8196E-03 .4136E-01
.1485E+04 .3062E+00 .1088E+00 .7077E-03 .9931E-01 .9860E-01 .1088E+00 .2486E-02 .1113E+00 .1088E+00 .7077E-03 .3710E-01
.1486E+04 .3023E+00 .1062E+00 .6473E-03 .9691E-01 .9626E-01 .1062E+00 .2385E-02 .1086E+00 .1062E+00 .6473E-03 .3630E-01
.1487E+04 .2898E+00 .4501E-01 .2075E-03 .4100E-01 .4079E-01 .4501E-01 .9411E-03 .4595E-01 .4501E-01 .2075E-03 .1541E-01
.1488E+04 .2795E+00 .8315E-01 .5015E-03 .7586E-01 .7536E-01 .8315E-01 .1869E-02 .8502E-01 .8315E-01 .5015E-03 .2858E-01
.1489E+04 .3010E+00 .1635E+00 .1160E-02 .1494E+00 .1482E+00 .1635E+00 .3866E-02 .1674E+00 .1635E+00 .1160E-02 .5632E-01
.1490E+04 .3028E+00 .1555E+00 .1151E-02 .1421E+00 .1409E+00 .1555E+00 .3730E-02 .1592E+00 .1555E+00 .1151E-02 .5364E-01
.1491E+04 .3015E+00 .1796E+00 .1396E-02 .1641E+00 .1627E+00 .1796E+00 .4382E-02 .1840E+00 .1796E+00 .1396E-02 .6201E-01
.1492E+04 .3013E+00 .1431E+00 .9689E-03 .1306E+00 .1297E+00 .1431E+00 .3339E-02 .1464E+00 .1431E+00 .9689E-03 .4939E-01
.1493E+04 .3030E+00 .1629E+00 .1188E-02 .1488E+00 .1476E+00 .1629E+00 .3895E-02 .1668E+00 .1629E+00 .1188E-02 .5630E-01
.1494E+04 .3034E+00 .1800E+00 .1396E-02 .1645E+00 .1632E+00 .1800E+00 .4394E-02 .1844E+00 .1800E+00 .1396E-02 .6226E-01
.1495E+04 .2982E+00 .1665E+00 .1271E-02 .1522E+00 .1509E+00 .1665E+00 .4042E-02 .1705E+00 .1665E+00 .1271E-02 .5758E-01
.1496E+04 .2940E+00 .1545E+00 .1147E-02 .1412E+00 .1401E+00 .1545E+00 .3719E-02 .1583E+00 .1545E+00 .1147E-02 .5349E-01
.1497E+04 .2976E+00 .2149E+00 .1830E-02 .1966E+00 .1948E+00 .2149E+00 .5429E-02 .2203E+00 .2149E+00 .1830E-02 .7455E-01
.1498E+04 .2977E+00 .1623E+00 .1231E-02 .1483E+00 .1471E+00 .1623E+00 .3940E-02 .1662E+00 .1623E+00 .1231E-02 .5631E-01
.1499E+04 .2978E+00 .1935E+00 .1523E-02 .1769E+00 .1753E+00 .1935E+00 .4761E-02 .1982E+00 .1935E+00 .1523E-02 .6721E-01
.1500E+04 .2995E+00 .2341E+00 .2020E-02 .2142E+00 .2122E+00 .2341E+00 .5955E-02 .2401E+00 .2341E+00 .2020E-02 .8147E-01
.1501E+04 .2977E+00 .2460E+00 .2117E-02 .2250E+00 .2229E+00 .2460E+00 .6251E-02 .2522E+00 .2460E+00 .2117E-02 .8559E-01
.1502E+04 .2827E+00 .1969E+00 .1633E-02 .1801E+00 .1785E+00 .1969E+00 .4938E-02 .2019E+00 .1969E+00 .1633E-02 .6852E-01
.1503E+04 .2785E+00 .1703E+00 .1312E-02 .1556E+00 .1543E+00 .1703E+00 .4162E-02 .1744E+00 .1703E+00 .1312E-02 .5921E-01
.1504E+04 .2747E+00 .1416E+00 .1046E-02 .1293E+00 .1283E+00 .1416E+00 .3412E-02 .1450E+00 .1416E+00 .1046E-02 .4922E-01
.1505E+04 .2744E+00 .1667E+00 .1307E-02 .1524E+00 .1511E+00 .1667E+00 .4100E-02 .1708E+00 .1667E+00 .1307E-02 .5798E-01
.1506E+04 .2873E+00 .2488E+00 .2202E-02 .2277E+00 .2255E+00 .2488E+00 .6390E-02 .2552E+00 .2488E+00 .2202E-02 .8664E-01
.1507E+04 .2918E+00 .2366E+00 .2045E-02 .2165E+00 .2144E+00 .2366E+00 .6023E-02 .2426E+00 .2366E+00 .2045E-02 .8237E-01
.1508E+04 .2871E+00 .2243E+00 .1923E-02 .2052E+00 .2033E+00 .2243E+00 .5693E-02 .2300E+00 .2243E+00 .1923E-02 .7808E-01
.1509E+04 .2912E+00 .1692E+00 .1307E-02 .1547E+00 .1534E+00 .1692E+00 .4141E-02 .1734E+00 .1692E+00 .1307E-02 .5886E-01
.1510E+04 .2940E+00 .2600E+00 .2320E-02 .2379E+00 .2356E+00 .2600E+00 .6696E-02 .2667E+00 .2600E+00 .2320E-02 .9052E-01
.1511E+04 .2928E+00 .2482E+00 .2150E-02 .2271E+00 .2250E+00 .2482E+00 .6328E-02 .2546E+00 .2482E+00 .2150E-02 .8650E-01
.1512E+04 .2874E+00 .2481E+00 .2201E-02 .2271E+00 .2249E+00 .2481E+00 .6386E-02 .2545E+00 .2481E+00 .2201E-02 .8656E-01
.1513E+04 .2867E+00 .2223E+00 .1846E-02 .2033E+00 .2015E+00 .2223E+00 .5587E-02 .2279E+00 .2223E+00 .1846E-02 .7755E-01
.1514E+04 .2870E+00 .2058E+00 .1661E-02 .1882E+00 .1865E+00 .2058E+00 .5120E-02 .2109E+00 .2058E+00 .1661E-02 .7178E-01
.1515E+04 .2884E+00 .2557E+00 .2280E-02 .2340E+00 .2317E+00 .2557E+00 .6594E-02 .2623E+00 .2557E+00 .2280E-02 .8924E-01
.1516E+04 .2859E+00 .2436E+00 .2142E-02 .2230E+00 .2208E+00 .2436E+00 .6251E-02 .2499E+00 .2436E+00 .2142E-02 .8504E-01
.1517E+04 .2873E+00 .2369E+00 .2027E-02 .2167E+00 .2147E+00 .2369E+00 .6018E-02 .2429E+00 .2369E+00 .2027E-02 .8266E-01
.1518E+04 .2876E+00 .2359E+00 .2030E-02 .2158E+00 .2138E+00 .2359E+00 .6006E-02 .2419E+00 .2359E+00 .2030E-02 .8232E-01
.1519E+04 .2869E+00 .2286E+00 .1921E-02 .2091E+00 .2072E+00 .2286E+00 .5771E-02 .2344E+00 .2286E+00 .1921E-02 .7978E-01
.1520E+04 .2854E+00 .2484E+00 .2154E-02 .2273E+00 .2252E+00 .2484E+00 .6342E-02 .2548E+00 .2484E+00 .2154E-02 .8672E-01
.1521E+04 .2815E+00 .2683E+00 .2452E-02 .2456E+00 .2432E+00 .2683E+00 .6986E-02 .2753E+00 .2683E+00 .2452E-02 .9371E-01
.1522E+04 .2814E+00 .2534E+00 .2235E-02 .2319E+00 .2297E+00 .2534E+00 .6510E-02 .2599E+00 .2534E+00 .2235E-02 .8847E-01
.1523E+04 .2840E+00 .2728E+00 .2495E-02 .2497E+00 .2472E+00 .2728E+00 .7103E-02 .2799E+00 .2728E+00 .2495E-02 .9525E-01
.1524E+04 .2817E+00 .2643E+00 .2375E-02 .2419E+00 .2395E+00 .2643E+00 .6837E-02 .2711E+00 .2643E+00 .2375E-02 .9228E-01
.1525E+04 .2825E+00 .2497E+00 .2167E-02 .2285E+00 .2263E+00 .2497E+00 .6377E-02 .2561E+00 .2497E+00 .2167E-02 .8717E-01
.1526E+04 .2845E+00 .2545E+00 .2221E-02 .2329E+00 .2307E+00 .2545E+00 .6514E-02 .2610E+00 .2545E+00 .2221E-02 .8885E-01
.1527E+04 .2845E+00 .2531E+00 .2220E-02 .2316E+00 .2294E+00 .2531E+00 .6489E-02 .2596E+00 .2531E+00 .2220E-02 .8836E-01
.1528E+04 .2838E+00 .2710E+00 .2452E-02 .2481E+00 .2456E+00 .2710E+00 .7029E-02 .2780E+00 .2710E+00 .2452E-02 .9463E-01
.1529E+04 .2757E+00 .2576E+00 .2302E-02 .2358E+00 .2335E+00 .2576E+00 .6650E-02 .2642E+00 .2576E+00 .2302E-02 .8994E-01
.1530E+04 .2737E+00 .2516E+00 .2215E-02 .2302E+00 .2280E+00 .2516E+00 .6459E-02 .2580E+00 .2516E+00 .2215E-02 .8782E-01
.1531E+04 .2814E+00 .2595E+00 .2295E-02 .2375E+00 .2352E+00 .2595E+00 .6669E-02 .2661E+00 .2595E+00 .2295E-02 .9050E-01
.1532E+04 .2802E+00 .2710E+00 .2456E-02 .2480E+00 .2456E+00 .2710E+00 .7024E-02 .2780E+00 .2710E+00 .2456E-02 .9443E-01
.1533E+04 .2775E+00 .2709E+00 .2462E-02 .2480E+00 .2455E+00 .2709E+00 .7027E-02 .2779E+00 .2709E+00 .2462E-02 .9436E-01
.1534E+04 .2750E+00 .2645E+00 .2382E-02 .2421E+00 .2397E+00 .2645E+00 .6837E-02 .2713E+00 .2645E+00 .2382E-02 .9212E-01
.1535E+04 .2782E+00 .2617E+00 .2326E-02 .2395E+00 .2372E+00 .2617E+00 .6731E-02 .2684E+00 .2617E+00 .2326E-02 .9113E-01
.1536E+04 .2794E+00 .2688E+00 .2415E-02 .2460E+00 .2436E+00 .2688E+00 .6937E-02 .2757E+00 .2688E+00 .2415E-02 .9352E-01
.1537E+04 .2769E+00 .2631E+00 .2344E-02 .2408E+00 .2384E+00 .2631E+00 .6764E-02 .2698E+00 .2631E+00 .2344E-02 .9142E-01
.1538E+04 .2740E+00 .2682E+00 .2427E-02 .2455E+00 .2431E+00 .2682E+00 .6935E-02 .2752E+00 .2682E+00 .2427E-02 .9319E-01
.1539E+04 .2721E+00 .2624E+00 .2351E-02 .2402E+00 .2378E+00 .2624E+00 .6759E-02 .2692E+00 .2624E+00 .2351E-02 .9117E-01
.1540E+04 .2696E+00 .2632E+00 .2371E-02 .2409E+00 .2386E+00 .2632E+00 .6795E-02 .2700E+00 .2632E+00 .2371E-02 .9146E-01
.1541E+04 .2727E+00 .2654E+00 .2383E-02 .2429E+00 .2406E+00 .2654E+00 .6838E-02 .2723E+00 .2654E+00 .2383E-02 .9211E-01
.1542E+04 .2734E+00 .2615E+00 .2322E-02 .2393E+00 .2370E+00 .2615E+00 .6704E-02 .2682E+00 .2615E+00 .2322E-02 .9063E-01
.1543E+04 .2750E+00 .2679E+00 .2401E-02 .2452E+00 .2428E+00 .2679E+00 .6889E-02 .2748E+00 .2679E+00 .2401E-02 .9281E-01
.1544E+04 .2756E+00 .2641E+00 .2344E-02 .2417E+00 .2394E+00 .2641E+00 .6767E-02 .2709E+00 .2641E+00 .2344E-02 .9149E-01
.1545E+04 .2760E+00 .2712E+00 .2437E-02 .2482E+00 .2458E+00 .2712E+00 .6981E-02 .2782E+00 .2712E+00 .2437E-02 .9396E-01
.1546E+04 .2742E+00 .2667E+00 .2379E-02 .2441E+00 .2417E+00 .2667E+00 .6852E-02 .2736E+00 .2667E+00 .2379E-02 .9250E-01
.1547E+04 .2683E+00 .2634E+00 .2360E-02 .2410E+00 .2387E+00 .2634E+00 .6782E-02 .2701E+00 .2634E+00 .2360E-02 .9145E-01
.1548E+04 .2681E+00 .2633E+00 .2358E-02 .2410E+00 .2386E+00 .2633E+00 .6784E-02 .2701E+00 .2633E+00 .2358E-02 .9153E-01
.1549E+04 .2693E+00 .2661E+00 .2389E-02 .2435E+00 .2411E+00 .2661E+00 .6866E-02 .2729E+00 .2661E+00 .2389E-02 .9259E-01
.1550E+04 .2680E+00 .2640E+00 .2363E-02 .2416E+00 .2393E+00 .2640E+00 .6810E-02 .2708E+00 .2640E+00 .2363E-02 .9195E-01
.1551E+04 .2706E+00 .2659E+00 .2374E-02 .2434E+00 .2410E+00 .2659E+00 .6852E-02 .2728E+00 .2659E+00 .2374E-02 .9263E-01
.1552E+04 .2710E+00 .2630E+00 .2329E-02 .2407E+00 .2384E+00 .2630E+00 .6757E-02 .2698E+00 .2630E+00 .2329E-02 .9161E-01
.1553E+04 .2662E+00 .2624E+00 .2341E-02 .2402E+00 .2378E+00 .2624E+00 .6761E-02 .2692E+00 .2624E+00 .2341E-02 .9141E-01
.1554E+04 .2647E+00 .2601E+00 .2313E-02 .2380E+00 .2357E+00 .2601E+00 .6693E-02 .2667E+00 .2601E+00 .2313E-02 .9059E-01
.1555E+04 .2646E+00 .2609E+00 .2323E-02 .2388E+00 .2365E+00 .2609E+00 .6718E-02 .2676E+00 .2609E+00 .2323E-02 .9090E-01
.1556E+04 .2648E+00 .2607E+00 .2317E-02 .2386E+00 .2363E+00 .2607E+00 .6707E-02 .2674E+00 .2607E+00 .2317E-02 .9082E-01
.1557E+04 .2676E+00 .2639E+00 .2344E-02 .2415E+00 .2392E+00 .2639E+00 .6788E-02 .2707E+00 .2639E+00 .2344E-02 .9193E-01
.1558E+04 .2662E+00 .2625E+00 .2329E-02 .2402E+00 .2379E+00 .2625E+00 .6751E-02 .2692E+00 .2625E+00 .2329E-02 .9149E-01
.1559E+04 .2647E+00 .2608E+00 .2310E-02 .2387E+00 .2364E+00 .2608E+00 .6708E-02 .2675E+00 .2608E+00 .2310E-02 .9099E-01
.1560E+04 .2666E+00 .2625E+00 .2322E-02 .2402E+00 .2379E+00 .2625E+00 .6753E-02 .2693E+00 .2625E+00 .2322E-02 .9168E-01
.1561E+04 .2683E+00 .2644E+00 .2337E-02 .2419E+00 .2396E+00 .2644E+00 .6804E-02 .2712E+00 .2644E+00 .2337E-02 .9243E-01
.1562E+04 .2663E+00 .2609E+00 .2296E-02 .2387E+00 .2364E+00 .2609E+00 .6708E-02 .2676E+00 .2609E+00 .2296E-02 .9129E-01
.1563E+04 .2635E+00 .2588E+00 .2279E-02 .2368E+00 .2345E+00 .2588E+00 .6659E-02 .2654E+00 .2588E+00 .2279E-02 .9065E-01
.1564E+04 .2650E+00 .2600E+00 .2286E-02 .2379E+00 .2357E+00 .2600E+00 .6691E-02 .2667E+00 .2600E+00 .2286E-02 .9116E-01
.1565E+04 .2643E+00 .2606E+00 .2296E-02 .2385E+00 .2362E+00 .2606E+00 .6716E-02 .2674E+00 .2606E+00 .2296E-02 .9147E-01
.1566E+04 .2614E+00 .2569E+00 .2256E-02 .2350E+00 .2328E+00 .2569E+00 .6616E-02 .2635E+00 .2569E+00 .2256E-02 .9024E-01
.1567E+04 .2614E+00 .2571E+00 .2257E-02 .2353E+00 .2330E+00 .2571E+00 .6626E-02 .2637E+00 .2571E+00 .2257E-02 .9044E-01
.1568E+04 .2592E+00 .2530E+00 .2209E-02 .2315E+00 .2293E+00 .2530E+00 .6515E-02 .2595E+00 .2530E+00 .2209E-02 .8915E-01
.1569E+04 .2597E+00 .2513E+00 .2180E-02 .2299E+00 .2277E+00 .2513E+00 .6464E-02 .2577E+00 .2513E+00 .2180E-02 .8871E-01
.1570E+04 .2622E+00 .2471E+00 .2108E-02 .2260E+00 .2239E+00 .2471E+00 .6327E-02 .2534E+00 .2471E+00 .2108E-02 .8742E-01
.1571E+04 .2643E+00 .2416E+00 .2022E-02 .2210E+00 .2190E+00 .2416E+00 .6157E-02 .2478E+00 .2416E+00 .2022E-02 .8573E-01
.1572E+04 .2625E+00 .2415E+00 .2028E-02 .2209E+00 .2189E+00 .2415E+00 .6175E-02 .2477E+00 .2415E+00 .2028E-02 .8598E-01
.1573E+04 .2612E+00 .2400E+00 .2012E-02 .2195E+00 .2175E+00 .2400E+00 .6138E-02 .2461E+00 .2400E+00 .2012E-02 .8556E-01
.1574E+04 .2525E+00 .2370E+00 .2010E-02 .2168E+00 .2148E+00 .2370E+00 .6091E-02 .2431E+00 .2370E+00 .2010E-02 .8459E-01
.1575E+04 .2500E+00 .2420E+00 .2090E-02 .2214E+00 .2193E+00 .2420E+00 .6264E-02 .2483E+00 .2420E+00 .2090E-02 .8647E-01
.1576E+04 .2477E+00 .2364E+00 .2022E-02 .2163E+00 .2143E+00 .2364E+00 .6097E-02 .2425E+00 .2364E+00 .2022E-02 .8446E-01
.1577E+04 .2419E+00 .2260E+00 .1906E-02 .2068E+00 .2048E+00 .2260E+00 .5800E-02 .2318E+00 .2260E+00 .1906E-02 .8074E-01
.1578E+04 .2548E+00 .2386E+00 .2013E-02 .2182E+00 .2162E+00 .2386E+00 .6130E-02 .2447E+00 .2386E+00 .2013E-02 .8537E-01
.1579E+04 .2589E+00 .2402E+00 .2014E-02 .2197E+00 .2177E+00 .2402E+00 .6166E-02 .2464E+00 .2402E+00 .2014E-02 .8611E-01
.1580E+04 .2602E+00 .2457E+00 .2080E-02 .2248E+00 .2227E+00 .2457E+00 .6337E-02 .2521E+00 .2457E+00 .2080E-02 .8825E-01
.1581E+04 .2562E+00 .2437E+00 .2070E-02 .2229E+00 .2208E+00 .2437E+00 .6296E-02 .2500E+00 .2437E+00 .2070E-02 .8761E-01
.1582E+04 .2504E+00 .2400E+00 .2046E-02 .2196E+00 .2175E+00 .2400E+00 .6214E-02 .2462E+00 .2400E+00 .2046E-02 .8639E-01
.1583E+04 .2523E+00 .2420E+00 .2062E-02 .2213E+00 .2193E+00 .2420E+00 .6267E-02 .2482E+00 .2420E+00 .2062E-02 .8717E-01
.1584E+04 .2537E+00 .2472E+00 .2125E-02 .2262E+00 .2241E+00 .2472E+00 .6427E-02 .2536E+00 .2472E+00 .2125E-02 .8916E-01
.1585E+04 .2557E+00 .2503E+00 .2155E-02 .2290E+00 .2268E+00 .2503E+00 .6515E-02 .2568E+00 .2503E+00 .2155E-02 .9035E-01
.1586E+04 .2535E+00 .2475E+00 .2126E-02 .2265E+00 .2243E+00 .2475E+00 .6442E-02 .2540E+00 .2475E+00 .2126E-02 .8945E-01
.1587E+04 .2492E+00 .2433E+00 .2088E-02 .2226E+00 .2205E+00 .2433E+00 .6333E-02 .2496E+00 .2433E+00 .2088E-02 .8801E-01
.1588E+04 .2397E+00 .2367E+00 .2043E-02 .2165E+00 .2145E+00 .2367E+00 .6178E-02 .2429E+00 .2367E+00 .2043E-02 .8570E-01
.1589E+04 .2320E+00 .2292E+00 .1978E-02 .2097E+00 .2078E+00 .2292E+00 .5987E-02 .2352E+00 .2292E+00 .1978E-02 .8309E-01
.1590E+04 .2381E+00 .2343E+00 .2015E-02 .2144E+00 .2124E+00 .2343E+00 .6116E-02 .2404E+00 .2343E+00 .2015E-02 .8501E-01
.1591E+04 .2435E+00 .2401E+00 .2064E-02 .2196E+00 .2176E+00 .2401E+00 .6270E-02 .2463E+00 .2401E+00 .2064E-02 .8719E-01
.1592E+04 .2523E+00 .2470E+00 .2113E-02 .2259E+00 .2238E+00 .2470E+00 .6444E-02 .2534E+00 .2470E+00 .2113E-02 .8979E-01
.1593E+04 .2545E+00 .2511E+00 .2155E-02 .2297E+00 .2276E+00 .2511E+00 .6559E-02 .2576E+00 .2511E+00 .2155E-02 .9128E-01
.1594E+04 .2553E+00 .2505E+00 .2141E-02 .2291E+00 .2270E+00 .2505E+00 .6533E-02 .2570E+00 .2505E+00 .2141E-02 .9106E-01
.1595E+04 .2510E+00 .2473E+00 .2117E-02 .2263E+00 .2241E+00 .2473E+00 .6456E-02 .2538E+00 .2473E+00 .2117E-02 .8996E-01
.1596E+04 .2441E+00 .2399E+00 .2048E-02 .2195E+00 .2174E+00 .2399E+00 .6261E-02 .2461E+00 .2399E+00 .2048E-02 .8735E-01
.1597E+04 .2517E+00 .2455E+00 .2085E-02 .2246E+00 .2225E+00 .2455E+00 .6399E-02 .2519E+00 .2455E+00 .2085E-02 .8947E-01
.1598E+04 .2530E+00 .2479E+00 .2108E-02 .2267E+00 .2246E+00 .2479E+00 .6468E-02 .2543E+00 .2479E+00 .2108E-02 .9043E-01
.1599E+04 .2501E+00 .2417E+00 .2036E-02 .2210E+00 .2190E+00 .2417E+00 .6289E-02 .2479E+00 .2417E+00 .2036E-02 .8823E-01
.1600E+04 .2479E+00 .2360E+00 .1969E-02 .2159E+00 .2139E+00 .2360E+00 .6123E-02 .2421E+00 .2360E+00 .1969E-02 .8621E-01
.1601E+04 .2451E+00 .2283E+00 .1877E-02 .2088E+00 .2070E+00 .2283E+00 .5895E-02 .2342E+00 .2283E+00 .1877E-02 .8340E-01
.1602E+04 .2468E+00 .2280E+00 .1862E-02 .2085E+00 .2066E+00 .2280E+00 .5872E-02 .2338E+00 .2280E+00 .1862E-02 .8325E-01
.1603E+04 .2477E+00 .2293E+00 .1874E-02 .2097E+00 .2078E+00 .2293E+00 .5908E-02 .2352E+00 .2293E+00 .1874E-02 .8375E-01
.1604E+04 .2459E+00 .2297E+00 .1885E-02 .2101E+00 .2082E+00 .2297E+00 .5927E-02 .2356E+00 .2297E+00 .1885E-02 .8390E-01
.1605E+04 .2456E+00 .2362E+00 .1971E-02 .2160E+00 .2141E+00 .2362E+00 .6129E-02 .2423E+00 .2362E+00 .1971E-02 .8628E-01
.1606E+04 .2429E+00 .2359E+00 .1979E-02 .2158E+00 .2138E+00 .2359E+00 .6133E-02 .2421E+00 .2359E+00 .1979E-02 .8618E-01
.1607E+04 .2450E+00 .2342E+00 .1943E-02 .2142E+00 .2123E+00 .2342E+00 .6065E-02 .2403E+00 .2342E+00 .1943E-02 .8554E-01
.1608E+04 .2461E+00 .2302E+00 .1882E-02 .2105E+00 .2086E+00 .2302E+00 .5931E-02 .2361E+00 .2302E+00 .1882E-02 .8406E-01
.1609E+04 .2387E+00 .2229E+00 .1819E-02 .2039E+00 .2021E+00 .2229E+00 .5741E-02 .2287E+00 .2229E+00 .1819E-02 .8142E-01
.1610E+04 .2338E+00 .2210E+00 .1816E-02 .2021E+00 .2003E+00 .2210E+00 .5706E-02 .2268E+00 .2210E+00 .1816E-02 .8077E-01
.1611E+04 .2382E+00 .2262E+00 .1862E-02 .2069E+00 .2050E+00 .2262E+00 .5849E-02 .2321E+00 .2262E+00 .1862E-02 .8276E-01
.1612E+04 .2402E+00 .2307E+00 .1909E-02 .2110E+00 .2091E+00 .2307E+00 .5979E-02 .2366E+00 .2307E+00 .1909E-02 .8447E-01
.1613E+04 .2417E+00 .2327E+00 .1927E-02 .2128E+00 .2109E+00 .2327E+00 .6032E-02 .2387E+00 .2327E+00 .1927E-02 .8521E-01
.1614E+04 .2411E+00 .2345E+00 .1951E-02 .2144E+00 .2125E+00 .2345E+00 .6088E-02 .2405E+00 .2345E+00 .1951E-02 .8586E-01
.1615E+04 .2354E+00 .2301E+00 .1919E-02 .2105E+00 .2086E+00 .2301E+00 .5983E-02 .2361E+00 .2301E+00 .1919E-02 .8433E-01
.1616E+04 .2319E+00 .2272E+00 .1896E-02 .2078E+00 .2060E+00 .2272E+00 .5914E-02 .2332E+00 .2272E+00 .1896E-02 .8337E-01
.1617E+04 .2373E+00 .2322E+00 .1934E-02 .2124E+00 .2105E+00 .2322E+00 .6043E-02 .2383E+00 .2322E+00 .1934E-02 .8527E-01
.1618E+04 .2404E+00 .2366E+00 .1976E-02 .2164E+00 .2144E+00 .2366E+00 .6163E-02 .2428E+00 .2366E+00 .1976E-02 .8689E-01
.1619E+04 .2374E+00 .2324E+00 .1932E-02 .2126E+00 .2106E+00 .2324E+00 .6044E-02 .2385E+00 .2324E+00 .1932E-02 .8535E-01
.1620E+04 .2308E+00 .2278E+00 .1901E-02 .2084E+00 .2065E+00 .2278E+00 .5932E-02 .2337E+00 .2278E+00 .1901E-02 .8365E-01
.1621E+04 .2339E+00 .2309E+00 .1925E-02 .2112E+00 .2092E+00 .2309E+00 .6010E-02 .2369E+00 .2309E+00 .1925E-02 .8478E-01
.1622E+04 .2376E+00 .2345E+00 .1953E-02 .2145E+00 .2125E+00 .2345E+00 .6102E-02 .2406E+00 .2345E+00 .1953E-02 .8612E-01
.1623E+04 .2409E+00 .2379E+00 .1980E-02 .2176E+00 .2156E+00 .2379E+00 .6190E-02 .2441E+00 .2379E+00 .1980E-02 .8737E-01
.1624E+04 .2389E+00 .2357E+00 .1958E-02 .2156E+00 .2136E+00 .2357E+00 .6128E-02 .2418E+00 .2357E+00 .1958E-02 .8655E-01
.1625E+04 .2379E+00 .2342E+00 .1941E-02 .2142E+00 .2123E+00 .2342E+00 .6085E-02 .2403E+00 .2342E+00 .1941E-02 .8601E-01
.1626E+04 .2388E+00 .2355E+00 .1952E-02 .2154E+00 .2135E+00 .2355E+00 .6118E-02 .2416E+00 .2355E+00 .1952E-02 .8648E-01
.1627E+04 .2402E+00 .2371E+00 .1964E-02 .2168E+00 .2149E+00 .2371E+00 .6158E-02 .2432E+00 .2371E+00 .1964E-02 .8706E-01
.1628E+04 .2403E+00 .2368E+00 .1957E-02 .2166E+00 .2146E+00 .2368E+00 .6146E-02 .2429E+00 .2368E+00 .1957E-02 .8695E-01
.1629E+04 .2375E+00 .2343E+00 .1936E-02 .2143E+00 .2124E+00 .2343E+00 .6081E-02 .2404E+00 .2343E+00 .1936E-02 .8605E-01
.1630E+04 .2365E+00 .2332E+00 .1924E-02 .2132E+00 .2113E+00 .2332E+00 .6048E-02 .2392E+00 .2332E+00 .1924E-02 .8562E-01
.1631E+04 .2368E+00 .2327E+00 .1914E-02 .2128E+00 .2109E+00 .2327E+00 .6030E-02 .2387E+00 .2327E+00 .1914E-02 .8545E-01
.1632E+04 .2355E+00 .2309E+00 .1895E-02 .2112E+00 .2093E+00 .2309E+00 .5978E-02 .2369E+00 .2309E+00 .1895E-02 .8478E-01
.1633E+04 .2317E+00 .2260E+00 .1846E-02 .2066E+00 .2048E+00 .2260E+00 .5842E-02 .2318E+00 .2260E+00 .1846E-02 .8298E-01
.1634E+04 .2328E+00 .2295E+00 .1885E-02 .2099E+00 .2080E+00 .2295E+00 .5945E-02 .2355E+00 .2295E+00 .1885E-02 .8429E-01
.1635E+04 .2342E+00 .2281E+00 .1858E-02 .2086E+00 .2067E+00 .2281E+00 .5892E-02 .2340E+00 .2281E+00 .1858E-02 .8377E-01
.1636E+04 .2292E+00 .2252E+00 .1842E-02 .2059E+00 .2041E+00 .2252E+00 .5825E-02 .2310E+00 .2252E+00 .1842E-02 .8271E-01
.1637E+04 .2252E+00 .2216E+00 .1811E-02 .2026E+00 .2008E+00 .2216E+00 .5730E-02 .2273E+00 .2216E+00 .1811E-02 .8137E-01
.1638E+04 .2198E+00 .2129E+00 .1722E-02 .1947E+00 .1929E+00 .2129E+00 .5485E-02 .2184E+00 .2129E+00 .1722E-02 .7817E-01
.1639E+04 .2208E+00 .2161E+00 .1757E-02 .1976E+00 .1958E+00 .2161E+00 .5577E-02 .2216E+00 .2161E+00 .1757E-02 .7934E-01
.1640E+04 .2213E+00 .2109E+00 .1686E-02 .1928E+00 .1912E+00 .2109E+00 .5414E-02 .2163E+00 .2109E+00 .1686E-02 .7744E-01
.1641E+04 .2201E+00 .2146E+00 .1737E-02 .1962E+00 .1945E+00 .2146E+00 .5530E-02 .2201E+00 .2146E+00 .1737E-02 .7879E-01
.1642E+04 .2225E+00 .2170E+00 .1755E-02 .1984E+00 .1966E+00 .2170E+00 .5591E-02 .2226E+00 .2170E+00 .1755E-02 .7968E-01
.1643E+04 .2236E+00 .2128E+00 .1694E-02 .1946E+00 .1929E+00 .2128E+00 .5454E-02 .2183E+00 .2128E+00 .1694E-02 .7813E-01
.1644E+04 .2218E+00 .2175E+00 .1762E-02 .1989E+00 .1971E+00 .2175E+00 .5607E-02 .2231E+00 .2175E+00 .1762E-02 .7988E-01
.1645E+04 .2235E+00 .2154E+00 .1724E-02 .1969E+00 .1952E+00 .2154E+00 .5531E-02 .2209E+00 .2154E+00 .1724E-02 .7909E-01
.1646E+04 .2256E+00 .2143E+00 .1699E-02 .1959E+00 .1942E+00 .2143E+00 .5485E-02 .2198E+00 .2143E+00 .1699E-02 .7869E-01
.1647E+04 .2257E+00 .2215E+00 .1790E-02 .2026E+00 .2008E+00 .2215E+00 .5706E-02 .2273E+00 .2215E+00 .1790E-02 .8136E-01
.1648E+04 .2240E+00 .2135E+00 .1691E-02 .1951E+00 .1935E+00 .2135E+00 .5462E-02 .2189E+00 .2135E+00 .1691E-02 .7837E-01
.1649E+04 .2231E+00 .2165E+00 .1733E-02 .1980E+00 .1962E+00 .2165E+00 .5560E-02 .2221E+00 .2165E+00 .1733E-02 .7951E-01
.1650E+04 .2237E+00 .2180E+00 .1748E-02 .1994E+00 .1976E+00 .2180E+00 .5601E-02 .2236E+00 .2180E+00 .1748E-02 .8006E-01
.1651E+04 .2233E+00 .2111E+00 .1660E-02 .1930E+00 .1913E+00 .2111E+00 .5388E-02 .2165E+00 .2111E+00 .1660E-02 .7751E-01
.1652E+04 .2243E+00 .2158E+00 .1715E-02 .1973E+00 .1956E+00 .2158E+00 .5528E-02 .2214E+00 .2158E+00 .1715E-02 .7924E-01
.1653E+04 .2244E+00 .2182E+00 .1742E-02 .1995E+00 .1978E+00 .2182E+00 .5595E-02 .2238E+00 .2182E+00 .1742E-02 .8004E-01
.1654E+04 .2238E+00 .2139E+00 .1687E-02 .1955E+00 .1938E+00 .2139E+00 .5456E-02 .2193E+00 .2139E+00 .1687E-02 .7835E-01
.1655E+04 .2242E+00 .2192E+00 .1751E-02 .2004E+00 .1987E+00 .2192E+00 .5614E-02 .2248E+00 .2192E+00 .1751E-02 .8028E-01
.1656E+04 .2252E+00 .2174E+00 .1721E-02 .1988E+00 .1970E+00 .2174E+00 .5552E-02 .2230E+00 .2174E+00 .1721E-02 .7962E-01
.1657E+04 .2247E+00 .2181E+00 .1730E-02 .1994E+00 .1976E+00 .2181E+00 .5573E-02 .2236E+00 .2181E+00 .1730E-02 .7985E-01
.1658E+04 .2238E+00 .2193E+00 .1748E-02 .2005E+00 .1987E+00 .2193E+00 .5609E-02 .2249E+00 .2193E+00 .1748E-02 .8022E-01
.1659E+04 .2231E+00 .2191E+00 .1746E-02 .2003E+00 .1985E+00 .2191E+00 .5599E-02 .2247E+00 .2191E+00 .1746E-02 .8006E-01
.1660E+04 .2249E+00 .2208E+00 .1757E-02 .2018E+00 .2001E+00 .2208E+00 .5636E-02 .2264E+00 .2208E+00 .1757E-02 .8060E-01
.1661E+04 .2248E+00 .2188E+00 .1731E-02 .2000E+00 .1983E+00 .2188E+00 .5571E-02 .2244E+00 .2188E+00 .1731E-02 .7980E-01
.1662E+04 .2230E+00 .2132E+00 .1667E-02 .1949E+00 .1932E+00 .2132E+00 .5405E-02 .2186E+00 .2132E+00 .1667E-02 .7769E-01
.1663E+04 .2219E+00 .2179E+00 .1729E-02 .1992E+00 .1975E+00 .2179E+00 .5547E-02 .2235E+00 .2179E+00 .1729E-02 .7934E-01
.1664E+04 .2214E+00 .2157E+00 .1702E-02 .1972E+00 .1955E+00 .2157E+00 .5479E-02 .2212E+00 .2157E+00 .1702E-02 .7848E-01
.1665E+04 .2195E+00 .2106E+00 .1643E-02 .1925E+00 .1908E+00 .2106E+00 .5323E-02 .2159E+00 .2106E+00 .1643E-02 .7651E-01
.1666E+04 .2188E+00 .1897E+00 .1391E-02 .1733E+00 .1719E+00 .1897E+00 .4697E-02 .1944E+00 .1897E+00 .1391E-02 .6883E-01
.1667E+04 .2175E+00 .2088E+00 .1626E-02 .1909E+00 .1892E+00 .2088E+00 .5269E-02 .2141E+00 .2088E+00 .1626E-02 .7572E-01
.1668E+04 .2153E+00 .2115E+00 .1668E-02 .1933E+00 .1916E+00 .2115E+00 .5355E-02 .2168E+00 .2115E+00 .1668E-02 .7661E-01
.1669E+04 .2184E+00 .2102E+00 .1638E-02 .1922E+00 .1905E+00 .2102E+00 .5298E-02 .2155E+00 .2102E+00 .1638E-02 .7608E-01
.1670E+04 .2191E+00 .2150E+00 .1692E-02 .1966E+00 .1949E+00 .2150E+00 .5433E-02 .2205E+00 .2150E+00 .1692E-02 .7774E-01
.1671E+04 .2150E+00 .2096E+00 .1641E-02 .1916E+00 .1900E+00 .2096E+00 .5284E-02 .2149E+00 .2096E+00 .1641E-02 .7571E-01
.1672E+04 .2106E+00 .2061E+00 .1615E-02 .1884E+00 .1868E+00 .2061E+00 .5194E-02 .2113E+00 .2061E+00 .1615E-02 .7437E-01
.1673E+04 .2145E+00 .2110E+00 .1656E-02 .1929E+00 .1913E+00 .2110E+00 .5317E-02 .2164E+00 .2110E+00 .1656E-02 .7608E-01
.1674E+04 .2143E+00 .2082E+00 .1620E-02 .1903E+00 .1887E+00 .2082E+00 .5228E-02 .2135E+00 .2082E+00 .1620E-02 .7499E-01
.1675E+04 .2101E+00 .2045E+00 .1591E-02 .1869E+00 .1853E+00 .2045E+00 .5131E-02 .2096E+00 .2045E+00 .1591E-02 .7357E-01
.1676E+04 .2105E+00 .2038E+00 .1581E-02 .1863E+00 .1847E+00 .2038E+00 .5105E-02 .2089E+00 .2038E+00 .1581E-02 .7325E-01
.1677E+04 .2121E+00 .2053E+00 .1590E-02 .1876E+00 .1860E+00 .2053E+00 .5136E-02 .2104E+00 .2053E+00 .1590E-02 .7371E-01
.1678E+04 .2104E+00 .2007E+00 .1539E-02 .1834E+00 .1819E+00 .2007E+00 .5001E-02 .2057E+00 .2007E+00 .1539E-02 .7197E-01
.1679E+04 .2064E+00 .2028E+00 .1580E-02 .1854E+00 .1838E+00 .2028E+00 .5077E-02 .2079E+00 .2028E+00 .1580E-02 .7268E-01
.1680E+04 .1991E+00 .1946E+00 .1509E-02 .1779E+00 .1763E+00 .1946E+00 .4862E-02 .1994E+00 .1946E+00 .1509E-02 .6969E-01
.1681E+04 .1972E+00 .1919E+00 .1483E-02 .1754E+00 .1740E+00 .1919E+00 .4790E-02 .1967E+00 .1919E+00 .1483E-02 .6874E-01
.1682E+04 .2025E+00 .1996E+00 .1553E-02 .1825E+00 .1809E+00 .1996E+00 .4994E-02 .2046E+00 .1996E+00 .1553E-02 .7150E-01
.1683E+04 .2070E+00 .2035E+00 .1579E-02 .1860E+00 .1845E+00 .2035E+00 .5084E-02 .2086E+00 .2035E+00 .1579E-02 .7284E-01
.1684E+04 .2093E+00 .1925E+00 .1437E-02 .1759E+00 .1745E+00 .1925E+00 .4745E-02 .1973E+00 .1925E+00 .1437E-02 .6881E-01
.1685E+04 .2094E+00 .2064E+00 .1600E-02 .1886E+00 .1870E+00 .2064E+00 .5148E-02 .2115E+00 .2064E+00 .1600E-02 .7374E-01
.1686E+04 .2090E+00 .2054E+00 .1588E-02 .1878E+00 .1862E+00 .2054E+00 .5120E-02 .2106E+00 .2054E+00 .1588E-02 .7341E-01
.1687E+04 .2090E+00 .1995E+00 .1517E-02 .1824E+00 .1808E+00 .1995E+00 .4946E-02 .2045E+00 .1995E+00 .1517E-02 .7129E-01
.1688E+04 .2087E+00 .2051E+00 .1582E-02 .1875E+00 .1859E+00 .2051E+00 .5105E-02 .2102E+00 .2051E+00 .1582E-02 .7323E-01
.1689E+04 .2066E+00 .2020E+00 .1553E-02 .1846E+00 .1831E+00 .2020E+00 .5019E-02 .2070E+00 .2020E+00 .1553E-02 .7204E-01
.1690E+04 .2089E+00 .2011E+00 .1533E-02 .1838E+00 .1823E+00 .2011E+00 .4980E-02 .2061E+00 .2011E+00 .1533E-02 .7166E-01
.1691E+04 .2101E+00 .1835E+00 .1329E-02 .1676E+00 .1663E+00 .1835E+00 .4464E-02 .1879E+00 .1835E+00 .1329E-02 .6527E-01
.1692E+04 .2103E+00 .2005E+00 .1516E-02 .1832E+00 .1817E+00 .2005E+00 .4944E-02 .2054E+00 .2005E+00 .1516E-02 .7127E-01
.1693E+04 .2099E+00 .2068E+00 .1589E-02 .1891E+00 .1875E+00 .2068E+00 .5127E-02 .2120E+00 .2068E+00 .1589E-02 .7353E-01
.1694E+04 .2094E+00 .1998E+00 .1506E-02 .1826E+00 .1811E+00 .1998E+00 .4921E-02 .2047E+00 .1998E+00 .1506E-02 .7101E-01
.1695E+04 .2089E+00 .2052E+00 .1570E-02 .1876E+00 .1860E+00 .2052E+00 .5078E-02 .2103E+00 .2052E+00 .1570E-02 .7292E-01
.1696E+04 .2082E+00 .2041E+00 .1559E-02 .1866E+00 .1850E+00 .2041E+00 .5045E-02 .2092E+00 .2041E+00 .1559E-02 .7247E-01
.1697E+04 .2079E+00 .1692E+00 .1174E-02 .1545E+00 .1533E+00 .1692E+00 .4051E-02 .1732E+00 .1692E+00 .1174E-02 .5995E-01
.1698E+04 .2077E+00 .2034E+00 .1549E-02 .1859E+00 .1844E+00 .2034E+00 .5019E-02 .2085E+00 .2034E+00 .1549E-02 .7215E-01
.1699E+04 .2061E+00 .1991E+00 .1506E-02 .1820E+00 .1805E+00 .1991E+00 .4902E-02 .2040E+00 .1991E+00 .1506E-02 .7061E-01
.1700E+04 .2044E+00 .1941E+00 .1453E-02 .1774E+00 .1759E+00 .1941E+00 .4762E-02 .1989E+00 .1941E+00 .1453E-02 .6882E-01
.1702E+04 .2027E+00 .1990E+00 .1511E-02 .1818E+00 .1803E+00 .1990E+00 .4904E-02 .2039E+00 .1990E+00 .1511E-02 .7055E-01
.1705E+04 .2029E+00 .1924E+00 .1432E-02 .1758E+00 .1744E+00 .1924E+00 .4711E-02 .1971E+00 .1924E+00 .1432E-02 .6820E-01
.1710E+04 .1982E+00 .1825E+00 .1338E-02 .1667E+00 .1654E+00 .1825E+00 .4438E-02 .1869E+00 .1825E+00 .1338E-02 .6450E-01
.1715E+04 .1994E+00 .1807E+00 .1311E-02 .1650E+00 .1637E+00 .1807E+00 .4373E-02 .1850E+00 .1807E+00 .1311E-02 .6372E-01
.1720E+04 .1960E+00 .1798E+00 .1309E-02 .1643E+00 .1630E+00 .1798E+00 .4358E-02 .1842E+00 .1798E+00 .1309E-02 .6343E-01
.1725E+04 .1934E+00 .1685E+00 .1192E-02 .1539E+00 .1527E+00 .1685E+00 .4044E-02 .1725E+00 .1685E+00 .1192E-02 .5941E-01
.1730E+04 .1912E+00 .1660E+00 .1168E-02 .1516E+00 .1504E+00 .1660E+00 .3972E-02 .1700E+00 .1660E+00 .1168E-02 .5840E-01
.1735E+04 .1815E+00 .1532E+00 .1065E-02 .1399E+00 .1388E+00 .1532E+00 .3651E-02 .1568E+00 .1532E+00 .1065E-02 .5389E-01
.1740E+04 .1849E+00 .1570E+00 .1086E-02 .1434E+00 .1423E+00 .1570E+00 .3743E-02 .1607E+00 .1570E+00 .1086E-02 .5536E-01
.1745E+04 .1858E+00 .1476E+00 .1003E-02 .1348E+00 .1338E+00 .1476E+00 .3500E-02 .1511E+00 .1476E+00 .1003E-02 .5205E-01
.1750E+04 .1844E+00 .1586E+00 .1089E-02 .1448E+00 .1437E+00 .1586E+00 .3773E-02 .1623E+00 .1586E+00 .1089E-02 .5594E-01
.1755E+04 .1843E+00 .1438E+00 .9560E-03 .1313E+00 .1303E+00 .1438E+00 .3393E-02 .1472E+00 .1438E+00 .9560E-03 .5082E-01
.1760E+04 .1817E+00 .1518E+00 .1022E-02 .1386E+00 .1376E+00 .1518E+00 .3601E-02 .1554E+00 .1518E+00 .1022E-02 .5380E-01
.1765E+04 .1798E+00 .1219E+00 .7691E-03 .1112E+00 .1104E+00 .1219E+00 .2836E-02 .1247E+00 .1219E+00 .7691E-03 .4318E-01
.1770E+04 .1784E+00 .1266E+00 .7811E-03 .1155E+00 .1148E+00 .1266E+00 .2934E-02 .1296E+00 .1266E+00 .7811E-03 .4499E-01
.1775E+04 .1759E+00 .1001E+00 .5721E-03 .9132E-01 .9075E-01 .1001E+00 .2272E-02 .1024E+00 .1001E+00 .5721E-03 .3558E-01
.1780E+04 .1736E+00 .8706E-01 .4759E-03 .7938E-01 .7891E-01 .8706E-01 .1955E-02 .8902E-01 .8706E-01 .4759E-03 .3099E-01
.1785E+04 .1727E+00 .6209E-01 .2995E-03 .5657E-01 .5627E-01 .6209E-01 .1354E-02 .6344E-01 .6209E-01 .2995E-03 .2213E-01
.1790E+04 .1722E+00 .7656E-01 .3849E-03 .6978E-01 .6939E-01 .7656E-01 .1689E-02 .7825E-01 .7656E-01 .3849E-03 .2737E-01
.1795E+04 .1702E+00 .3485E-01 .1165E-03 .3170E-01 .3159E-01 .3485E-01 .7072E-03 .3556E-01 .3485E-01 .1165E-03 .1247E-01
.1800E+04 .1683E+00 .2571E-01 .9543E-04 .2340E-01 .2330E-01 .2571E-01 .5324E-03 .2625E-01 .2571E-01 .9543E-04 .9211E-02
.1805E+04 .1669E+00 .1145E-01 .2298E-04 .1040E-01 .1038E-01 .1145E-01 .2164E-03 .1167E-01 .1145E-01 .2298E-04 .4102E-02
.1810E+04 .1655E+00 .6367E-02 .1377E-04 .5784E-02 .5771E-02 .6367E-02 .1214E-03 .6489E-02 .6367E-02 .1377E-04 .2281E-02
.1815E+04 .1584E+00 .2500E-02 .2344E-05 .2268E-02 .2266E-02 .2500E-02 .4437E-04 .2544E-02 .2500E-02 .2344E-05 .8942E-03
.1820E+04 .1556E+00 .6083E-03 .3105E-06 .5516E-03 .5513E-03 .6083E-03 .1054E-04 .6188E-03 .6083E-03 .3105E-06 .2180E-03
.1825E+04 .1600E+00 .9125E-03 .5276E-06 .8275E-03 .8270E-03 .9125E-03 .1592E-04 .9284E-03 .9125E-03 .5276E-06 .3279E-03
.1830E+04 .1593E+00 .2711E-05 .2332E-09 .2457E-05 .2457E-05 .2711E-05 .4582E-07 .2757E-05 .2711E-05 .2332E-09 .9729E-06
.1835E+04 .1577E+00 .1231E-05 .1789E-09 .1116E-05 .1116E-05 .1231E-05 .2086E-07 .1252E-05 .1231E-05 .1789E-09 .4412E-06
.1840E+04 .1556E+00 .4561E-07 .1639E-11 .4134E-07 .4134E-07 .4561E-07 .7654E-09 .4638E-07 .4561E-07 .1639E-11 .1630E-07
.1845E+04 .1531E+00 .2027E-05 .4356E-10 .1837E-05 .1837E-05 .2027E-05 .3393E-07 .2061E-05 .2027E-05 .4356E-10 .7234E-06
.1850E+04 .1534E+00 .7999E-06 .1258E-10 .7250E-06 .7250E-06 .7999E-06 .1331E-07 .8132E-06 .7999E-06 .1258E-10 .2839E-06
.1855E+04 .1521E+00 .1238E-06 .4105E-11 .1122E-06 .1122E-06 .1238E-06 .2043E-08 .1259E-06 .1238E-06 .4105E-11 .4353E-07
.1860E+04 .1501E+00 .6620E-05 .1044E-08 .6001E-05 .6000E-05 .6620E-05 .1088E-06 .6729E-05 .6620E-05 .1044E-08 .2298E-05
.1865E+04 .1480E+00 .6489E-05 .5843E-09 .5882E-05 .5881E-05 .6489E-05 .1032E-06 .6592E-05 .6489E-05 .5843E-09 .2190E-05
.1870E+04 .1456E+00 .5144E-10 .8340E-16 .4662E-10 .4662E-10 .5144E-10 .7969E-12 .5223E-10 .5144E-10 .8340E-16 .1701E-10
.1875E+04 .1349E+00 .9397E-10 .1826E-15 .8516E-10 .8516E-10 .9397E-10 .1418E-11 .9538E-10 .9397E-10 .1826E-15 .3026E-10
.1880E+04 .1425E+00 .3673E-04 .7366E-08 .3330E-04 .3329E-04 .3673E-04 .5497E-06 .3728E-04 .3673E-04 .7366E-08 .1157E-04
.1885E+04 .1432E+00 .2554E-04 .4640E-08 .2315E-04 .2315E-04 .2554E-04 .3754E-06 .2591E-04 .2554E-04 .4640E-08 .7910E-05
.1890E+04 .1410E+00 .9760E-04 .1580E-07 .8847E-04 .8846E-04 .9760E-04 .1410E-05 .9901E-04 .9760E-04 .1580E-07 .2973E-04
.1895E+04 .1379E+00 .6102E-04 .1380E-07 .5531E-04 .5530E-04 .6102E-04 .8519E-06 .6187E-04 .6102E-04 .1380E-07 .1788E-04
.1900E+04 .1389E+00 .2976E-06 .1321E-10 .2698E-06 .2697E-06 .2976E-06 .3993E-08 .3016E-06 .2976E-06 .1321E-10 .8495E-07
.1905E+04 .1382E+00 .2117E-06 .1190E-10 .1918E-06 .1918E-06 .2117E-06 .2871E-08 .2145E-06 .2117E-06 .1190E-10 .6101E-07
.1910E+04 .1367E+00 .9461E-05 .9010E-09 .8576E-05 .8575E-05 .9461E-05 .1214E-06 .9583E-05 .9461E-05 .9010E-09 .2571E-05
.1915E+04 .1358E+00 .1001E-04 .1886E-08 .9077E-05 .9076E-05 .1001E-04 .1287E-06 .1014E-04 .1001E-04 .1886E-08 .2705E-05
.1920E+04 .1342E+00 .1745E-03 .3962E-07 .1582E-03 .1582E-03 .1745E-03 .2254E-05 .1768E-03 .1745E-03 .3962E-07 .4722E-04
.1925E+04 .1335E+00 .4349E-03 .1863E-06 .3944E-03 .3942E-03 .4349E-03 .5734E-05 .4407E-03 .4349E-03 .1863E-06 .1182E-03
.1930E+04 .1304E+00 .2968E-03 .1612E-06 .2692E-03 .2690E-03 .2968E-03 .3976E-05 .3008E-03 .2968E-03 .1612E-06 .8124E-04
.1935E+04 .1303E+00 .2216E-02 .2443E-05 .2011E-02 .2008E-02 .2216E-02 .3124E-04 .2247E-02 .2216E-02 .2443E-05 .6119E-03
.1940E+04 .1273E+00 .2183E-02 .3380E-05 .1982E-02 .1979E-02 .2183E-02 .3192E-04 .2215E-02 .2183E-02 .3380E-05 .6053E-03
.1945E+04 .1204E+00 .8645E-02 .1788E-04 .7853E-02 .7835E-02 .8645E-02 .1320E-03 .8777E-02 .8645E-02 .1788E-04 .2414E-02
.1950E+04 .1247E+00 .1442E-01 .3784E-04 .1311E-01 .1307E-01 .1442E-01 .2305E-03 .1465E-01 .1442E-01 .3784E-04 .4068E-02
.1955E+04 .1268E+00 .9218E-02 .1631E-04 .8371E-02 .8355E-02 .9218E-02 .1409E-03 .9359E-02 .9218E-02 .1631E-04 .2641E-02
.1960E+04 .1252E+00 .2160E-01 .6298E-04 .1964E-01 .1958E-01 .2160E-01 .3610E-03 .2196E-01 .2160E-01 .6298E-04 .6287E-02
.1965E+04 .1231E+00 .3003E-01 .1003E-03 .2732E-01 .2722E-01 .3003E-01 .5200E-03 .3055E-01 .3003E-01 .1003E-03 .8839E-02
.1970E+04 .1226E+00 .4942E-01 .2040E-03 .4499E-01 .4479E-01 .4942E-01 .9037E-03 .5032E-01 .4942E-01 .2040E-03 .1469E-01
.1975E+04 .1205E+00 .6020E-01 .2721E-03 .5483E-01 .5456E-01 .6020E-01 .1131E-02 .6133E-01 .6020E-01 .2721E-03 .1801E-01
.1980E+04 .1192E+00 .6942E-01 .3451E-03 .6326E-01 .6291E-01 .6942E-01 .1345E-02 .7076E-01 .6942E-01 .3451E-03 .2093E-01
.1985E+04 .1184E+00 .7621E-01 .3953E-03 .6946E-01 .6907E-01 .7621E-01 .1507E-02 .7772E-01 .7621E-01 .3953E-03 .2324E-01
.1990E+04 .1183E+00 .7634E-01 .3896E-03 .6957E-01 .6919E-01 .7634E-01 .1506E-02 .7784E-01 .7634E-01 .3896E-03 .2337E-01
.1995E+04 .1163E+00 .7754E-01 .3964E-03 .7068E-01 .7028E-01 .7754E-01 .1529E-02 .7907E-01 .7754E-01 .3964E-03 .2370E-01
.2000E+04 .1160E+00 .5059E-01 .2135E-03 .4606E-01 .4585E-01 .5059E-01 .9472E-03 .5154E-01 .5059E-01 .2135E-03 .1540E-01
.2005E+04 .1148E+00 .2612E-01 .7763E-04 .2375E-01 .2367E-01 .2612E-01 .4519E-03 .2657E-01 .2612E-01 .7763E-04 .7896E-02
.2010E+04 .1145E+00 .5856E-01 .2539E-03 .5332E-01 .5307E-01 .5856E-01 .1092E-02 .5965E-01 .5856E-01 .2539E-03 .1759E-01
.2015E+04 .1135E+00 .4015E-01 .1465E-03 .3653E-01 .3638E-01 .4015E-01 .7132E-03 .4086E-01 .4015E-01 .1465E-03 .1192E-01
.2020E+04 .1115E+00 .5746E-01 .2543E-03 .5233E-01 .5208E-01 .5746E-01 .1061E-02 .5852E-01 .5746E-01 .2543E-03 .1691E-01
.2025E+04 .1109E+00 .8081E-01 .4299E-03 .7367E-01 .7324E-01 .8081E-01 .1557E-02 .8236E-01 .8081E-01 .4299E-03 .2355E-01
.2030E+04 .1092E+00 .8431E-01 .4659E-03 .7688E-01 .7641E-01 .8431E-01 .1629E-02 .8594E-01 .8431E-01 .4659E-03 .2425E-01
.2035E+04 .1082E+00 .9561E-01 .5627E-03 .8721E-01 .8665E-01 .9561E-01 .1872E-02 .9748E-01 .9561E-01 .5627E-03 .2726E-01
.2040E+04 .1077E+00 .9002E-01 .5105E-03 .8209E-01 .8158E-01 .9002E-01 .1731E-02 .9175E-01 .9002E-01 .5105E-03 .2543E-01
.2045E+04 .1078E+00 .9261E-01 .5258E-03 .8445E-01 .8393E-01 .9261E-01 .1772E-02 .9438E-01 .9261E-01 .5258E-03 .2596E-01
.2050E+04 .1065E+00 .7886E-01 .4085E-03 .7188E-01 .7147E-01 .7886E-01 .1460E-02 .8032E-01 .7886E-01 .4085E-03 .2195E-01
.2055E+04 .1054E+00 .6824E-01 .3251E-03 .6217E-01 .6184E-01 .6824E-01 .1227E-02 .6947E-01 .6824E-01 .3251E-03 .1887E-01
.2060E+04 .1038E+00 .7710E-01 .3975E-03 .7027E-01 .6988E-01 .7710E-01 .1416E-02 .7851E-01 .7710E-01 .3975E-03 .2126E-01
.2065E+04 .1030E+00 .7327E-01 .3650E-03 .6677E-01 .6640E-01 .7327E-01 .1329E-02 .7460E-01 .7327E-01 .3650E-03 .2013E-01
.2070E+04 .1024E+00 .7545E-01 .3814E-03 .6876E-01 .6838E-01 .7545E-01 .1368E-02 .7682E-01 .7545E-01 .3814E-03 .2061E-01
.2075E+04 .1023E+00 .8457E-01 .4562E-03 .7710E-01 .7664E-01 .8457E-01 .1561E-02 .8613E-01 .8457E-01 .4562E-03 .2303E-01
.2080E+04 .1007E+00 .8940E-01 .5027E-03 .8153E-01 .8103E-01 .8940E-01 .1670E-02 .9107E-01 .8940E-01 .5027E-03 .2431E-01
.2085E+04 .9979E-01 .8832E-01 .4930E-03 .8054E-01 .8004E-01 .8832E-01 .1646E-02 .8997E-01 .8832E-01 .4930E-03 .2402E-01
.2090E+04 .9881E-01 .9146E-01 .5197E-03 .8341E-01 .8289E-01 .9146E-01 .1717E-02 .9318E-01 .9146E-01 .5197E-03 .2492E-01
.2095E+04 .9735E-01 .9056E-01 .5155E-03 .8259E-01 .8207E-01 .9056E-01 .1699E-02 .9226E-01 .9056E-01 .5155E-03 .2464E-01
.2100E+04 .9751E-01 .8532E-01 .4731E-03 .7780E-01 .7732E-01 .8532E-01 .1587E-02 .8690E-01 .8532E-01 .4731E-03 .2321E-01
.2105E+04 .9690E-01 .9365E-01 .5376E-03 .8542E-01 .8488E-01 .9365E-01 .1765E-02 .9542E-01 .9365E-01 .5376E-03 .2556E-01
.2110E+04 .9579E-01 .8978E-01 .5061E-03 .8187E-01 .8136E-01 .8978E-01 .1688E-02 .9146E-01 .8978E-01 .5061E-03 .2462E-01
.2115E+04 .9495E-01 .9179E-01 .5226E-03 .8371E-01 .8319E-01 .9179E-01 .1732E-02 .9352E-01 .9179E-01 .5226E-03 .2518E-01
.2120E+04 .9376E-01 .8660E-01 .4825E-03 .7897E-01 .7849E-01 .8660E-01 .1628E-02 .8823E-01 .8660E-01 .4825E-03 .2387E-01
.2125E+04 .9291E-01 .8778E-01 .4920E-03 .8005E-01 .7956E-01 .8778E-01 .1657E-02 .8944E-01 .8778E-01 .4920E-03 .2427E-01
.2130E+04 .9283E-01 .8874E-01 .4991E-03 .8092E-01 .8042E-01 .8874E-01 .1681E-02 .9042E-01 .8874E-01 .4991E-03 .2463E-01
.2135E+04 .9171E-01 .8933E-01 .5029E-03 .8147E-01 .8096E-01 .8933E-01 .1698E-02 .9103E-01 .8933E-01 .5029E-03 .2491E-01
.2140E+04 .9147E-01 .9015E-01 .5080E-03 .8221E-01 .8170E-01 .9015E-01 .1716E-02 .9186E-01 .9015E-01 .5080E-03 .2517E-01
.2145E+04 .9065E-01 .8928E-01 .5007E-03 .8141E-01 .8091E-01 .8928E-01 .1697E-02 .9098E-01 .8928E-01 .5007E-03 .2494E-01
.2150E+04 .9013E-01 .8333E-01 .4510E-03 .7598E-01 .7553E-01 .8333E-01 .1567E-02 .8490E-01 .8333E-01 .4510E-03 .2327E-01
.2155E+04 .8927E-01 .8350E-01 .4515E-03 .7613E-01 .7568E-01 .8350E-01 .1571E-02 .8507E-01 .8350E-01 .4515E-03 .2335E-01
.2160E+04 .8784E-01 .8272E-01 .4474E-03 .7542E-01 .7497E-01 .8272E-01 .1555E-02 .8428E-01 .8272E-01 .4474E-03 .2310E-01
.2165E+04 .8275E-01 .7562E-01 .4035E-03 .6894E-01 .6853E-01 .7562E-01 .1416E-02 .7703E-01 .7562E-01 .4035E-03 .2112E-01
.2170E+04 .8514E-01 .8049E-01 .4345E-03 .7338E-01 .7295E-01 .8049E-01 .1512E-02 .8200E-01 .8049E-01 .4345E-03 .2248E-01
.2175E+04 .8568E-01 .7854E-01 .4140E-03 .7159E-01 .7118E-01 .7854E-01 .1465E-02 .8000E-01 .7854E-01 .4140E-03 .2193E-01
.2180E+04 .8497E-01 .8103E-01 .4333E-03 .7387E-01 .7343E-01 .8103E-01 .1518E-02 .8254E-01 .8103E-01 .4333E-03 .2263E-01
.2185E+04 .8464E-01 .7184E-01 .3653E-03 .6547E-01 .6510E-01 .7184E-01 .1326E-02 .7316E-01 .7184E-01 .3653E-03 .2006E-01
.2190E+04 .8364E-01 .7782E-01 .4078E-03 .7094E-01 .7053E-01 .7782E-01 .1449E-02 .7927E-01 .7782E-01 .4078E-03 .2174E-01
.2195E+04 .8342E-01 .7710E-01 .4005E-03 .7028E-01 .6988E-01 .7710E-01 .1432E-02 .7853E-01 .7710E-01 .4005E-03 .2154E-01
.2200E+04 .8263E-01 .7167E-01 .3595E-03 .6532E-01 .6496E-01 .7167E-01 .1314E-02 .7299E-01 .7167E-01 .3595E-03 .1995E-01
.2205E+04 .8073E-01 .7263E-01 .3693E-03 .6620E-01 .6583E-01 .7263E-01 .1334E-02 .7397E-01 .7263E-01 .3693E-03 .2015E-01
.2210E+04 .8053E-01 .7785E-01 .4064E-03 .7096E-01 .7056E-01 .7785E-01 .1440E-02 .7929E-01 .7785E-01 .4064E-03 .2157E-01
.2215E+04 .8024E-01 .7485E-01 .3826E-03 .6822E-01 .6784E-01 .7485E-01 .1373E-02 .7623E-01 .7485E-01 .3826E-03 .2067E-01
.2220E+04 .7974E-01 .7720E-01 .3984E-03 .7036E-01 .6997E-01 .7720E-01 .1417E-02 .7861E-01 .7720E-01 .3984E-03 .2126E-01
.2225E+04 .7873E-01 .7473E-01 .3805E-03 .6811E-01 .6773E-01 .7473E-01 .1361E-02 .7609E-01 .7473E-01 .3805E-03 .2047E-01
.2230E+04 .7832E-01 .7607E-01 .3889E-03 .6933E-01 .6894E-01 .7607E-01 .1383E-02 .7745E-01 .7607E-01 .3889E-03 .2074E-01
.2235E+04 .7766E-01 .7429E-01 .3750E-03 .6770E-01 .6733E-01 .7429E-01 .1339E-02 .7563E-01 .7429E-01 .3750E-03 .2012E-01
.2240E+04 .7661E-01 .7394E-01 .3724E-03 .6739E-01 .6701E-01 .7394E-01 .1326E-02 .7527E-01 .7394E-01 .3724E-03 .1990E-01
.2245E+04 .7621E-01 .7203E-01 .3563E-03 .6564E-01 .6528E-01 .7203E-01 .1276E-02 .7331E-01 .7203E-01 .3563E-03 .1920E-01
.2250E+04 .7546E-01 .7281E-01 .3616E-03 .6635E-01 .6599E-01 .7281E-01 .1271E-02 .7408E-01 .7281E-01 .3616E-03 .1899E-01
.2255E+04 .7461E-01 .6999E-01 .3397E-03 .6377E-01 .6343E-01 .6999E-01 .1204E-02 .7119E-01 .6999E-01 .3397E-03 .1804E-01
.2260E+04 .7419E-01 .6924E-01 .3327E-03 .6308E-01 .6275E-01 .6924E-01 .1174E-02 .7041E-01 .6924E-01 .3327E-03 .1755E-01
.2265E+04 .7352E-01 .6987E-01 .3372E-03 .6366E-01 .6333E-01 .6987E-01 .1176E-02 .7105E-01 .6987E-01 .3372E-03 .1750E-01
.2270E+04 .7323E-01 .6771E-01 .3196E-03 .6168E-01 .6136E-01 .6771E-01 .1127E-02 .6883E-01 .6771E-01 .3196E-03 .1684E-01
.2275E+04 .7269E-01 .6696E-01 .3136E-03 .6100E-01 .6069E-01 .6696E-01 .1109E-02 .6807E-01 .6696E-01 .3136E-03 .1661E-01
.2280E+04 .7147E-01 .6780E-01 .3214E-03 .6177E-01 .6144E-01 .6780E-01 .1127E-02 .6892E-01 .6780E-01 .3214E-03 .1681E-01
.2285E+04 .7108E-01 .6555E-01 .3038E-03 .5971E-01 .5941E-01 .6555E-01 .1080E-02 .6663E-01 .6555E-01 .3038E-03 .1620E-01
.2290E+04 .7069E-01 .6533E-01 .3015E-03 .5951E-01 .5921E-01 .6533E-01 .1073E-02 .6640E-01 .6533E-01 .3015E-03 .1610E-01
.2295E+04 .6914E-01 .6370E-01 .2919E-03 .5802E-01 .5773E-01 .6370E-01 .1043E-02 .6474E-01 .6370E-01 .2919E-03 .1569E-01
.2300E+04 .6923E-01 .6152E-01 .2746E-03 .5603E-01 .5576E-01 .6152E-01 .1000E-02 .6252E-01 .6152E-01 .2746E-03 .1516E-01
.2305E+04 .6902E-01 .6148E-01 .2734E-03 .5599E-01 .5572E-01 .6148E-01 .9955E-03 .6248E-01 .6148E-01 .2734E-03 .1509E-01
.2310E+04 .6848E-01 .6314E-01 .2859E-03 .5751E-01 .5723E-01 .6314E-01 .1028E-02 .6417E-01 .6314E-01 .2859E-03 .1550E-01
.2315E+04 .6764E-01 .5956E-01 .2612E-03 .5424E-01 .5398E-01 .5956E-01 .9608E-03 .6052E-01 .5956E-01 .2612E-03 .1462E-01
.2320E+04 .6675E-01 .5353E-01 .2244E-03 .4874E-01 .4852E-01 .5353E-01 .8525E-03 .5438E-01 .5353E-01 .2244E-03 .1314E-01
.2325E+04 .6538E-01 .5439E-01 .2321E-03 .4952E-01 .4929E-01 .5439E-01 .8705E-03 .5526E-01 .5439E-01 .2321E-03 .1335E-01
.2330E+04 .6565E-01 .5609E-01 .2379E-03 .5107E-01 .5084E-01 .5609E-01 .8962E-03 .5699E-01 .5609E-01 .2379E-03 .1377E-01
.2335E+04 .6513E-01 .5791E-01 .2497E-03 .5273E-01 .5248E-01 .5791E-01 .9303E-03 .5884E-01 .5791E-01 .2497E-03 .1423E-01
.2340E+04 .6491E-01 .4463E-01 .1717E-03 .4062E-01 .4045E-01 .4463E-01 .6962E-03 .4532E-01 .4463E-01 .1717E-03 .1099E-01
.2345E+04 .6465E-01 .5226E-01 .2128E-03 .4757E-01 .4736E-01 .5226E-01 .8277E-03 .5308E-01 .5226E-01 .2128E-03 .1287E-01
.2350E+04 .6355E-01 .4067E-01 .1542E-03 .3701E-01 .3686E-01 .4067E-01 .6321E-03 .4130E-01 .4067E-01 .1542E-03 .1002E-01
.2355E+04 .6224E-01 .4800E-01 .1894E-03 .4369E-01 .4350E-01 .4800E-01 .7539E-03 .4875E-01 .4800E-01 .1894E-03 .1182E-01
.2360E+04 .6250E-01 .5017E-01 .2005E-03 .4567E-01 .4547E-01 .5017E-01 .7908E-03 .5096E-01 .5017E-01 .2005E-03 .1236E-01
.2365E+04 .6234E-01 .4642E-01 .1823E-03 .4226E-01 .4208E-01 .4642E-01 .7270E-03 .4715E-01 .4642E-01 .1823E-03 .1141E-01
.2370E+04 .6161E-01 .2989E-01 .9650E-04 .2719E-01 .2709E-01 .2989E-01 .4466E-03 .3034E-01 .2989E-01 .9650E-04 .7358E-02
.2375E+04 .6093E-01 .4303E-01 .1612E-03 .3916E-01 .3900E-01 .4303E-01 .6667E-03 .4369E-01 .4303E-01 .1612E-03 .1060E-01
.2380E+04 .6059E-01 .3885E-01 .1408E-03 .3535E-01 .3521E-01 .3885E-01 .5969E-03 .3945E-01 .3885E-01 .1408E-03 .9567E-02
.2385E+04 .5860E-01 .2858E-01 .9242E-04 .2599E-01 .2590E-01 .2858E-01 .4271E-03 .2900E-01 .2858E-01 .9242E-04 .7034E-02
.2390E+04 .5910E-01 .3438E-01 .1193E-03 .3128E-01 .3116E-01 .3438E-01 .5214E-03 .3491E-01 .3438E-01 .1193E-03 .8439E-02
.2395E+04 .5888E-01 .3837E-01 .1366E-03 .3491E-01 .3478E-01 .3837E-01 .5851E-03 .3896E-01 .3837E-01 .1366E-03 .9409E-02
.2400E+04 .5851E-01 .4116E-01 .1479E-03 .3745E-01 .3730E-01 .4116E-01 .6260E-03 .4179E-01 .4116E-01 .1479E-03 .1003E-01
.2405E+04 .5817E-01 .3023E-01 .9957E-04 .2750E-01 .2740E-01 .3023E-01 .4486E-03 .3068E-01 .3023E-01 .9957E-04 .7331E-02
.2410E+04 .5773E-01 .2988E-01 .9553E-04 .2718E-01 .2708E-01 .2988E-01 .4382E-03 .3032E-01 .2988E-01 .9553E-04 .7200E-02
.2415E+04 .5600E-01 .2364E-01 .6802E-04 .2149E-01 .2142E-01 .2364E-01 .3366E-03 .2398E-01 .2364E-01 .6802E-04 .5652E-02
.2420E+04 .5626E-01 .2336E-01 .6867E-04 .2124E-01 .2117E-01 .2336E-01 .3327E-03 .2369E-01 .2336E-01 .6867E-04 .5555E-02
.2425E+04 .5606E-01 .3018E-01 .9380E-04 .2744E-01 .2735E-01 .3018E-01 .4290E-03 .3061E-01 .3018E-01 .9380E-04 .7044E-02
.2430E+04 .5584E-01 .4076E-01 .1365E-03 .3708E-01 .3694E-01 .4076E-01 .5853E-03 .4134E-01 .4076E-01 .1365E-03 .9417E-02
.2435E+04 .5519E-01 .1202E-01 .2805E-04 .1092E-01 .1090E-01 .1202E-01 .1581E-03 .1218E-01 .1202E-01 .2805E-04 .2743E-02
.2440E+04 .5505E-01 .3818E-01 .1243E-03 .3472E-01 .3460E-01 .3818E-01 .5300E-03 .3871E-01 .3818E-01 .1243E-03 .8511E-02
.2445E+04 .5433E-01 .1748E-01 .4431E-04 .1588E-01 .1584E-01 .1748E-01 .2257E-03 .1770E-01 .1748E-01 .4431E-04 .3819E-02
.2450E+04 .5341E-01 .1104E-01 .2389E-04 .1003E-01 .1001E-01 .1104E-01 .1373E-03 .1118E-01 .1104E-01 .2389E-04 .2392E-02
.2455E+04 .5300E-01 .2014E-01 .5367E-04 .1831E-01 .1826E-01 .2014E-01 .2588E-03 .2040E-01 .2014E-01 .5367E-04 .4315E-02
.2460E+04 .5314E-01 .2903E-01 .8127E-04 .2639E-01 .2631E-01 .2903E-01 .3735E-03 .2941E-01 .2903E-01 .8127E-04 .6141E-02
.2465E+04 .5302E-01 .1975E-01 .4711E-04 .1794E-01 .1790E-01 .1975E-01 .2429E-03 .1999E-01 .1975E-01 .4711E-04 .4123E-02
.2470E+04 .5220E-01 .1182E-01 .2189E-04 .1074E-01 .1072E-01 .1182E-01 .1378E-03 .1196E-01 .1182E-01 .2189E-04 .2448E-02
.2475E+04 .5210E-01 .1276E-01 .2425E-04 .1159E-01 .1157E-01 .1276E-01 .1483E-03 .1291E-01 .1276E-01 .2425E-04 .2619E-02
.2480E+04 .5103E-01 .5042E-02 .7538E-05 .4577E-02 .4570E-02 .5042E-02 .5576E-04 .5098E-02 .5042E-02 .7538E-05 .1021E-02
.2485E+04 .5068E-01 .4077E-02 .4674E-05 .3700E-02 .3695E-02 .4077E-02 .4308E-04 .4120E-02 .4077E-02 .4674E-05 .8142E-03
.2490E+04 .5082E-01 .2192E-02 .1748E-05 .1989E-02 .1987E-02 .2192E-02 .2217E-04 .2215E-02 .2192E-02 .1748E-05 .4338E-03
.2495E+04 .5053E-01 .2176E-02 .1835E-05 .1974E-02 .1972E-02 .2176E-02 .2202E-04 .2198E-02 .2176E-02 .1835E-05 .4288E-03
.2500E+04 .5037E-01 .4088E-02 .4344E-05 .3709E-02 .3705E-02 .4088E-02 .4257E-04 .4130E-02 .4088E-02 .4344E-05 .8109E-03
