Wvlgth Extraterrestrial_spectrm Direct_normal_irradiance Difuse_horizn_irradiance Global_horizn_irradiance Direct_horizn_irradiance Direct_tilted_irradiance Difuse_tilted_irradiance Global_tilted_irradiance Beam_normal_+circumsolar Difuse_horiz-circumsolar Upward_reflctd_radiation
.2800E+03 .7851E-01 .3269E-18 .1911E-18 .4588E-18 .2678E-18 .3269E-18 .1751E-18 .5019E-18 .3269E-18 .1911E-18 .1391E-19
.2805E+03 .1024E+00 .5275E-17 .2649E-17 .6970E-17 .4321E-17 .5275E-17 .2429E-17 .7704E-17 .5275E-17 .2649E-17 .2107E-18
.2810E+03 .1717E+00 .2343E-16 .1084E-16 .3003E-16 .1919E-16 .2343E-16 .9941E-17 .3337E-16 .2343E-16 .1084E-16 .9074E-18
.2815E+03 .2412E+00 .3741E-15 .1499E-15 .4563E-15 .3065E-15 .3741E-15 .1376E-15 .5117E-15 .3741E-15 .1499E-15 .1375E-16
.2820E+03 .2918E+00 .2062E-14 .7456E-15 .2435E-14 .1689E-14 .2062E-14 .6848E-15 .2747E-14 .2062E-14 .7456E-15 .7334E-16
.2825E+03 .3144E+00 .6163E-14 .2053E-14 .7101E-14 .5049E-14 .6163E-14 .1886E-14 .8050E-14 .6163E-14 .2053E-14 .2139E-15
.2830E+03 .3431E+00 .2062E-13 .6296E-14 .2319E-13 .1689E-13 .2062E-13 .5791E-14 .2641E-13 .2062E-13 .6296E-14 .6984E-15
.2835E+03 .3225E+00 .3377E-13 .9668E-14 .3733E-13 .2767E-13 .3377E-13 .8896E-14 .4267E-13 .3377E-13 .9668E-14 .1125E-14
.2840E+03 .3213E+00 .4191E-12 .2549E-12 .5982E-12 .3433E-12 .4191E-12 .2335E-12 .6526E-12 .4191E-12 .2549E-12 .1860E-13
.2845E+03 .2516E+00 .1077E-11 .6598E-12 .1542E-11 .8823E-12 .1077E-11 .6045E-12 .1682E-11 .1077E-11 .6598E-12 .4811E-13
.2850E+03 .1186E+00 .1797E-11 .1118E-11 .2590E-11 .1472E-11 .1797E-11 .1024E-11 .2821E-11 .1797E-11 .1118E-11 .8110E-13
.2855E+03 .1378E+00 .9209E-11 .5931E-11 .1347E-10 .7544E-11 .9209E-11 .5433E-11 .1464E-10 .9209E-11 .5931E-11 .4237E-12
.2860E+03 .3008E+00 .3716E-10 .2365E-10 .5409E-10 .3044E-10 .3716E-10 .2166E-10 .5882E-10 .3716E-10 .2365E-10 .1705E-11
.2865E+03 .3583E+00 .1517E-09 .9952E-10 .2238E-09 .1242E-09 .1517E-09 .9117E-10 .2428E-09 .1517E-09 .9952E-10 .7083E-11
.2870E+03 .3780E+00 .4000E-09 .2666E-09 .5942E-09 .3276E-09 .4000E-09 .2442E-09 .6442E-09 .4000E-09 .2666E-09 .1888E-10
.2875E+03 .3784E+00 .1314E-08 .6261E-09 .1702E-08 .1076E-08 .1314E-08 .5743E-09 .1888E-08 .1314E-08 .6261E-09 .5350E-10
.2880E+03 .2506E+00 .3907E-08 .1992E-08 .5192E-08 .3200E-08 .3907E-08 .1827E-08 .5734E-08 .3907E-08 .1992E-08 .1641E-09
.2885E+03 .3590E+00 .1260E-07 .6539E-08 .1686E-07 .1032E-07 .1260E-07 .5997E-08 .1859E-07 .1260E-07 .6539E-08 .5346E-09
.2890E+03 .4204E+00 .3364E-07 .1793E-07 .4548E-07 .2756E-07 .3364E-07 .1644E-07 .5008E-07 .3364E-07 .1793E-07 .1448E-08
.2895E+03 .4914E+00 .9789E-07 .5465E-07 .1348E-06 .8018E-07 .9789E-07 .5010E-07 .1480E-06 .9789E-07 .5465E-07 .4313E-08
.2900E+03 .6181E+00 .2583E-06 .1493E-06 .3609E-06 .2116E-06 .2583E-06 .1369E-06 .3952E-06 .2583E-06 .1493E-06 .1159E-07
.2905E+03 .6463E+00 .5053E-06 .3001E-06 .7140E-06 .4140E-06 .5053E-06 .2751E-06 .7804E-06 .5053E-06 .3001E-06 .2303E-07
.2910E+03 .6101E+00 .1009E-05 .5317E-06 .1359E-05 .8269E-06 .1009E-05 .4876E-06 .1497E-05 .1009E-05 .5317E-06 .4372E-07
.2915E+03 .6024E+00 .2566E-05 .1372E-05 .3474E-05 .2102E-05 .2566E-05 .1258E-05 .3824E-05 .2566E-05 .1372E-05 .1122E-06
.2920E+03 .5732E+00 .5290E-05 .2837E-05 .7170E-05 .4333E-05 .5290E-05 .2601E-05 .7891E-05 .5290E-05 .2837E-05 .2322E-06
.2925E+03 .4968E+00 .7135E-05 .3701E-05 .9545E-05 .5844E-05 .7135E-05 .3394E-05 .1053E-04 .7135E-05 .3701E-05 .3096E-06
.2930E+03 .5676E+00 .1424E-04 .7237E-05 .1890E-04 .1166E-04 .1424E-04 .6639E-05 .2088E-04 .1424E-04 .7237E-05 .6142E-06
.2935E+03 .5764E+00 .3089E-04 .1584E-04 .4115E-04 .2531E-04 .3089E-04 .1453E-04 .4543E-04 .3089E-04 .1584E-04 .1341E-05
.2940E+03 .5042E+00 .4552E-04 .2279E-04 .6008E-04 .3729E-04 .4552E-04 .2091E-04 .6643E-04 .4552E-04 .2279E-04 .1962E-05
.2945E+03 .5438E+00 .7262E-04 .4720E-04 .1067E-03 .5948E-04 .7262E-04 .4326E-04 .1159E-03 .7262E-04 .4720E-04 .3531E-05
.2950E+03 .5163E+00 .1123E-03 .5391E-04 .1459E-03 .9198E-04 .1123E-03 .4948E-04 .1618E-03 .1123E-03 .5391E-04 .4782E-05
.2955E+03 .5825E+00 .2311E-03 .1173E-03 .3066E-03 .1893E-03 .2311E-03 .1076E-03 .3387E-03 .2311E-03 .1173E-03 .1010E-04
.2960E+03 .6214E+00 .3748E-03 .1976E-03 .5046E-03 .3070E-03 .3748E-03 .1813E-03 .5560E-03 .3748E-03 .1976E-03 .1669E-04
.2965E+03 .4929E+00 .4417E-03 .2422E-03 .6040E-03 .3618E-03 .4417E-03 .2221E-03 .6638E-03 .4417E-03 .2422E-03 .2007E-04
.2970E+03 .4244E+00 .5196E-03 .2938E-03 .7195E-03 .4257E-03 .5196E-03 .2695E-03 .7891E-03 .5196E-03 .2938E-03 .2400E-04
.2975E+03 .5980E+00 .1133E-02 .6741E-03 .1602E-02 .9278E-03 .1133E-02 .6181E-03 .1751E-02 .1133E-02 .6741E-03 .5368E-04
.2980E+03 .5581E+00 .1506E-02 .9357E-03 .2170E-02 .1234E-02 .1506E-02 .8578E-03 .2364E-02 .1506E-02 .9357E-03 .7303E-04
.2985E+03 .3790E+00 .1333E-02 .8546E-03 .1946E-02 .1092E-02 .1333E-02 .7834E-03 .2116E-02 .1333E-02 .8546E-03 .6578E-04
.2990E+03 .5771E+00 .2594E-02 .1716E-02 .3840E-02 .2125E-02 .2594E-02 .1573E-02 .4166E-02 .2594E-02 .1716E-02 .1303E-03
.2995E+03 .5217E+00 .3448E-02 .2421E-02 .5246E-02 .2825E-02 .3448E-02 .2218E-02 .5667E-02 .3448E-02 .2421E-02 .1789E-03
.3000E+03 .4169E+00 .3456E-02 .2506E-02 .5337E-02 .2831E-02 .3456E-02 .2296E-02 .5752E-02 .3456E-02 .2506E-02 .1828E-03
.3005E+03 .4394E+00 .4441E-02 .3318E-02 .6956E-02 .3638E-02 .4441E-02 .3040E-02 .7481E-02 .4441E-02 .3318E-02 .2423E-03
.3010E+03 .4942E+00 .6656E-02 .5188E-02 .1064E-01 .5453E-02 .6656E-02 .4753E-02 .1141E-01 .6656E-02 .5188E-02 .3770E-03
.3015E+03 .5298E+00 .9029E-02 .6896E-02 .1429E-01 .7396E-02 .9029E-02 .6319E-02 .1535E-01 .9029E-02 .6896E-02 .5138E-03
.3020E+03 .3745E+00 .7170E-02 .5394E-02 .1127E-01 .5873E-02 .7170E-02 .4944E-02 .1211E-01 .7170E-02 .5394E-02 .4109E-03
.3025E+03 .5441E+00 .1273E-01 .9401E-02 .1983E-01 .1043E-01 .1273E-01 .8617E-02 .2135E-01 .1273E-01 .9401E-02 .7241E-03
.3030E+03 .6771E+00 .2023E-01 .1488E-01 .3146E-01 .1658E-01 .2023E-01 .1364E-01 .3388E-01 .2023E-01 .1488E-01 .1151E-02
.3035E+03 .6891E+00 .2372E-01 .1741E-01 .3684E-01 .1943E-01 .2372E-01 .1596E-01 .3968E-01 .2372E-01 .1741E-01 .1350E-02
.3040E+03 .5775E+00 .2136E-01 .1558E-01 .3307E-01 .1750E-01 .2136E-01 .1428E-01 .3564E-01 .2136E-01 .1558E-01 .1214E-02
.3045E+03 .6485E+00 .2821E-01 .2058E-01 .4368E-01 .2311E-01 .2821E-01 .1886E-01 .4707E-01 .2821E-01 .2058E-01 .1605E-02
.3050E+03 .6733E+00 .3611E-01 .2650E-01 .5608E-01 .2958E-01 .3611E-01 .2430E-01 .6040E-01 .3611E-01 .2650E-01 .2062E-02
.3055E+03 .6128E+00 .3737E-01 .2746E-01 .5807E-01 .3061E-01 .3737E-01 .2517E-01 .6254E-01 .3737E-01 .2746E-01 .2137E-02
.3060E+03 .5426E+00 .3494E-01 .2554E-01 .5416E-01 .2862E-01 .3494E-01 .2342E-01 .5835E-01 .3494E-01 .2554E-01 .1993E-02
.3065E+03 .5861E+00 .4090E-01 .2983E-01 .6333E-01 .3350E-01 .4090E-01 .2735E-01 .6825E-01 .4090E-01 .2983E-01 .2335E-02
.3070E+03 .6446E+00 .5267E-01 .3868E-01 .8183E-01 .4315E-01 .5267E-01 .3546E-01 .8814E-01 .5267E-01 .3868E-01 .3024E-02
.3075E+03 .6519E+00 .6146E-01 .5139E-01 .1017E+00 .5035E-01 .6146E-01 .4709E-01 .1086E+00 .6146E-01 .5139E-01 .3788E-02
.3080E+03 .6567E+00 .6393E-01 .5277E-01 .1051E+00 .5236E-01 .6393E-01 .4836E-01 .1123E+00 .6393E-01 .5277E-01 .3920E-02
.3085E+03 .6806E+00 .7106E-01 .5754E-01 .1158E+00 .5821E-01 .7106E-01 .5274E-01 .1238E+00 .7106E-01 .5754E-01 .4315E-02
.3090E+03 .5623E+00 .6207E-01 .4947E-01 .1003E+00 .5084E-01 .6207E-01 .4534E-01 .1074E+00 .6207E-01 .4947E-01 .3739E-02
.3095E+03 .5136E+00 .6563E-01 .5097E-01 .1047E+00 .5376E-01 .6563E-01 .4672E-01 .1123E+00 .6563E-01 .5097E-01 .3902E-02
.3100E+03 .4651E+00 .6368E-01 .4870E-01 .1009E+00 .5216E-01 .6368E-01 .4464E-01 .1083E+00 .6368E-01 .4870E-01 .3758E-02
.3105E+03 .7149E+00 .1017E+00 .7685E-01 .1602E+00 .8331E-01 .1017E+00 .7045E-01 .1722E+00 .1017E+00 .7685E-01 .5973E-02
.3110E+03 .8241E+00 .1240E+00 .9248E-01 .1940E+00 .1015E+00 .1240E+00 .8478E-01 .2087E+00 .1240E+00 .9248E-01 .7241E-02
.3115E+03 .7648E+00 .1184E+00 .8744E-01 .1844E+00 .9701E-01 .1184E+00 .8016E-01 .1986E+00 .1184E+00 .8744E-01 .6890E-02
.3120E+03 .6421E+00 .1105E+00 .8037E-01 .1708E+00 .9048E-01 .1105E+00 .7369E-01 .1841E+00 .1105E+00 .8037E-01 .6386E-02
.3125E+03 .6970E+00 .1285E+00 .9247E-01 .1978E+00 .1053E+00 .1285E+00 .8479E-01 .2133E+00 .1285E+00 .9247E-01 .7404E-02
.3130E+03 .7115E+00 .1365E+00 .9726E-01 .2091E+00 .1118E+00 .1365E+00 .8919E-01 .2257E+00 .1365E+00 .9726E-01 .7841E-02
.3135E+03 .7257E+00 .1364E+00 .9637E-01 .2081E+00 .1117E+00 .1364E+00 .8838E-01 .2248E+00 .1364E+00 .9637E-01 .7817E-02
.3140E+03 .7936E+00 .1610E+00 .1127E+00 .2446E+00 .1319E+00 .1610E+00 .1033E+00 .2644E+00 .1610E+00 .1127E+00 .9202E-02
.3145E+03 .5931E+00 .1324E+00 .9184E-01 .2003E+00 .1084E+00 .1324E+00 .8423E-01 .2166E+00 .1324E+00 .9184E-01 .7543E-02
.3150E+03 .7541E+00 .1724E+00 .1186E+00 .2598E+00 .1412E+00 .1724E+00 .1088E+00 .2811E+00 .1724E+00 .1186E+00 .9793E-02
.3155E+03 .6804E+00 .1505E+00 .1026E+00 .2259E+00 .1233E+00 .1505E+00 .9409E-01 .2446E+00 .1505E+00 .1026E+00 .8522E-02
.3160E+03 .5183E+00 .1236E+00 .8367E-01 .1849E+00 .1012E+00 .1236E+00 .7674E-01 .2003E+00 .1236E+00 .8367E-01 .6984E-02
.3165E+03 .6632E+00 .1683E+00 .1134E+00 .2513E+00 .1379E+00 .1683E+00 .1040E+00 .2723E+00 .1683E+00 .1134E+00 .9619E-02
.3170E+03 .8229E+00 .2100E+00 .1402E+00 .3122E+00 .1720E+00 .2100E+00 .1286E+00 .3387E+00 .2100E+00 .1402E+00 .1211E-01
.3175E+03 .8804E+00 .2228E+00 .1475E+00 .3300E+00 .1825E+00 .2228E+00 .1353E+00 .3582E+00 .2228E+00 .1475E+00 .1296E-01
.3180E+03 .6346E+00 .1678E+00 .1104E+00 .2479E+00 .1375E+00 .1678E+00 .1013E+00 .2692E+00 .1678E+00 .1104E+00 .9864E-02
.3185E+03 .6824E+00 .1943E+00 .1276E+00 .2867E+00 .1591E+00 .1943E+00 .1171E+00 .3114E+00 .1943E+00 .1276E+00 .1158E-01
.3190E+03 .7535E+00 .2229E+00 .1459E+00 .3285E+00 .1826E+00 .2229E+00 .1339E+00 .3569E+00 .2229E+00 .1459E+00 .1346E-01
.3195E+03 .6833E+00 .1935E+00 .1249E+00 .2834E+00 .1585E+00 .1935E+00 .1147E+00 .3081E+00 .1935E+00 .1249E+00 .1177E-01
.3200E+03 .8369E+00 .2365E+00 .1513E+00 .3451E+00 .1937E+00 .2365E+00 .1390E+00 .3755E+00 .2365E+00 .1513E+00 .1453E-01
.3205E+03 .9082E+00 .2754E+00 .1761E+00 .4017E+00 .2256E+00 .2754E+00 .1617E+00 .4371E+00 .2754E+00 .1761E+00 .1712E-01
.3210E+03 .7156E+00 .2302E+00 .1471E+00 .3357E+00 .1885E+00 .2302E+00 .1352E+00 .3653E+00 .2302E+00 .1471E+00 .1448E-01
.3215E+03 .6753E+00 .2199E+00 .1397E+00 .3199E+00 .1802E+00 .2199E+00 .1283E+00 .3483E+00 .2199E+00 .1397E+00 .1396E-01
.3220E+03 .8151E+00 .2526E+00 .1578E+00 .3648E+00 .2069E+00 .2526E+00 .1451E+00 .3977E+00 .2526E+00 .1578E+00 .1609E-01
.3225E+03 .7018E+00 .2194E+00 .1361E+00 .3159E+00 .1798E+00 .2194E+00 .1251E+00 .3445E+00 .2194E+00 .1361E+00 .1412E-01
.3230E+03 .6403E+00 .2090E+00 .1294E+00 .3007E+00 .1712E+00 .2090E+00 .1190E+00 .3280E+00 .2090E+00 .1294E+00 .1361E-01
.3235E+03 .6833E+00 .2381E+00 .1566E+00 .3516E+00 .1950E+00 .2381E+00 .1439E+00 .3820E+00 .2381E+00 .1566E+00 .1617E-01
.3240E+03 .7817E+00 .2764E+00 .1809E+00 .4073E+00 .2264E+00 .2764E+00 .1663E+00 .4426E+00 .2764E+00 .1809E+00 .1896E-01
.3245E+03 .8269E+00 .2880E+00 .1858E+00 .4217E+00 .2359E+00 .2880E+00 .1708E+00 .4588E+00 .2880E+00 .1858E+00 .1984E-01
.3250E+03 .7845E+00 .2640E+00 .1587E+00 .3750E+00 .2163E+00 .2640E+00 .1460E+00 .4100E+00 .2640E+00 .1587E+00 .1778E-01
.3255E+03 .9417E+00 .3277E+00 .2074E+00 .4758E+00 .2684E+00 .3277E+00 .1908E+00 .5185E+00 .3277E+00 .2074E+00 .2286E-01
.3260E+03 .1053E+01 .3827E+00 .2434E+00 .5569E+00 .3135E+00 .3827E+00 .2239E+00 .6066E+00 .3827E+00 .2434E+00 .2704E-01
.3265E+03 .9975E+00 .3735E+00 .2378E+00 .5438E+00 .3059E+00 .3735E+00 .2188E+00 .5923E+00 .3735E+00 .2378E+00 .2671E-01
.3270E+03 .1010E+01 .3774E+00 .2378E+00 .5469E+00 .3091E+00 .3774E+00 .2188E+00 .5962E+00 .3774E+00 .2378E+00 .2717E-01
.3275E+03 .9966E+00 .3704E+00 .2308E+00 .5342E+00 .3034E+00 .3704E+00 .2124E+00 .5829E+00 .3704E+00 .2308E+00 .2682E-01
.3280E+03 .9535E+00 .3439E+00 .2102E+00 .4919E+00 .2817E+00 .3439E+00 .1935E+00 .5374E+00 .3439E+00 .2102E+00 .2495E-01
.3285E+03 .9138E+00 .3455E+00 .2126E+00 .4956E+00 .2830E+00 .3455E+00 .1957E+00 .5413E+00 .3455E+00 .2126E+00 .2542E-01
.3290E+03 .1025E+01 .4003E+00 .2472E+00 .5750E+00 .3279E+00 .4003E+00 .2276E+00 .6278E+00 .4003E+00 .2472E+00 .2980E-01
.3295E+03 .1140E+01 .4508E+00 .2773E+00 .6465E+00 .3693E+00 .4508E+00 .2553E+00 .7061E+00 .4508E+00 .2773E+00 .3385E-01
.3300E+03 .1163E+01 .4598E+00 .2801E+00 .6567E+00 .3767E+00 .4598E+00 .2579E+00 .7178E+00 .4598E+00 .2801E+00 .3472E-01
.3305E+03 .9731E+00 .3791E+00 .2273E+00 .5379E+00 .3106E+00 .3791E+00 .2094E+00 .5885E+00 .3791E+00 .2273E+00 .2871E-01
.3310E+03 .1006E+01 .3909E+00 .2320E+00 .5521E+00 .3202E+00 .3909E+00 .2137E+00 .6046E+00 .3909E+00 .2320E+00 .2975E-01
.3315E+03 .9821E+00 .3900E+00 .2313E+00 .5508E+00 .3195E+00 .3900E+00 .2131E+00 .6032E+00 .3900E+00 .2313E+00 .2997E-01
.3320E+03 .1007E+01 .4104E+00 .2439E+00 .5801E+00 .3362E+00 .4104E+00 .2248E+00 .6352E+00 .4104E+00 .2439E+00 .3188E-01
.3325E+03 .9727E+00 .4019E+00 .2382E+00 .5674E+00 .3292E+00 .4019E+00 .2196E+00 .6214E+00 .4019E+00 .2382E+00 .3150E-01
.3330E+03 .9796E+00 .4047E+00 .2376E+00 .5691E+00 .3316E+00 .4047E+00 .2190E+00 .6238E+00 .4047E+00 .2376E+00 .3190E-01
.3335E+03 .9170E+00 .3752E+00 .2171E+00 .5244E+00 .3073E+00 .3752E+00 .2002E+00 .5754E+00 .3752E+00 .2171E+00 .2967E-01
.3340E+03 .9423E+00 .3864E+00 .2217E+00 .5383E+00 .3165E+00 .3864E+00 .2045E+00 .5909E+00 .3864E+00 .2217E+00 .3075E-01
.3345E+03 .1041E+01 .4362E+00 .2506E+00 .6079E+00 .3573E+00 .4362E+00 .2312E+00 .6673E+00 .4362E+00 .2506E+00 .3505E-01
.3350E+03 .9543E+00 .4053E+00 .2323E+00 .5643E+00 .3320E+00 .4053E+00 .2143E+00 .6197E+00 .4053E+00 .2323E+00 .3284E-01
.3355E+03 .1073E+01 .4598E+00 .2790E+00 .6556E+00 .3767E+00 .4598E+00 .2573E+00 .7171E+00 .4598E+00 .2790E+00 .3859E-01
.3360E+03 .7401E+00 .3188E+00 .1922E+00 .4533E+00 .2611E+00 .3188E+00 .1773E+00 .4960E+00 .3188E+00 .1922E+00 .2692E-01
.3365E+03 .9055E+00 .3888E+00 .2178E+00 .5363E+00 .3185E+00 .3888E+00 .2010E+00 .5899E+00 .3888E+00 .2178E+00 .3202E-01
.3370E+03 .7531E+00 .3229E+00 .1790E+00 .4435E+00 .2645E+00 .3229E+00 .1653E+00 .4882E+00 .3229E+00 .1790E+00 .2670E-01
.3375E+03 .9398E+00 .4039E+00 .2221E+00 .5529E+00 .3308E+00 .4039E+00 .2051E+00 .6090E+00 .4039E+00 .2221E+00 .3356E-01
.3380E+03 .8870E+00 .3876E+00 .2130E+00 .5305E+00 .3175E+00 .3876E+00 .1968E+00 .5843E+00 .3876E+00 .2130E+00 .3246E-01
.3385E+03 .9911E+00 .4367E+00 .2509E+00 .6087E+00 .3577E+00 .4367E+00 .2317E+00 .6685E+00 .4367E+00 .2509E+00 .3767E-01
.3390E+03 .9814E+00 .4352E+00 .2457E+00 .6022E+00 .3565E+00 .4352E+00 .2270E+00 .6621E+00 .4352E+00 .2457E+00 .3759E-01
.3395E+03 .9386E+00 .4180E+00 .2364E+00 .5788E+00 .3424E+00 .4180E+00 .2184E+00 .6364E+00 .4180E+00 .2364E+00 .3648E-01
.3400E+03 .1134E+01 .5045E+00 .2699E+00 .6831E+00 .4132E+00 .5045E+00 .2495E+00 .7540E+00 .5045E+00 .2699E+00 .4335E-01
.3405E+03 .1017E+01 .4548E+00 .2628E+00 .6353E+00 .3726E+00 .4548E+00 .2428E+00 .6976E+00 .4548E+00 .2628E+00 .4079E-01
.3410E+03 .9646E+00 .4358E+00 .2400E+00 .5970E+00 .3570E+00 .4358E+00 .2219E+00 .6577E+00 .4358E+00 .2400E+00 .3857E-01
.3415E+03 .8886E+00 .4040E+00 .2171E+00 .5481E+00 .3310E+00 .4040E+00 .2008E+00 .6048E+00 .4040E+00 .2171E+00 .3567E-01
.3420E+03 .1061E+01 .4845E+00 .2576E+00 .6545E+00 .3969E+00 .4845E+00 .2383E+00 .7228E+00 .4845E+00 .2576E+00 .4292E-01
.3425E+03 .9910E+00 .4551E+00 .2395E+00 .6123E+00 .3728E+00 .4551E+00 .2216E+00 .6767E+00 .4551E+00 .2395E+00 .4046E-01
.3430E+03 .1085E+01 .4997E+00 .2638E+00 .6731E+00 .4093E+00 .4997E+00 .2441E+00 .7437E+00 .4997E+00 .2638E+00 .4485E-01
.3435E+03 .1018E+01 .4701E+00 .2482E+00 .6333E+00 .3851E+00 .4701E+00 .2297E+00 .6998E+00 .4701E+00 .2482E+00 .4253E-01
.3440E+03 .7669E+00 .3536E+00 .1937E+00 .4834E+00 .2896E+00 .3536E+00 .1793E+00 .5328E+00 .3536E+00 .1937E+00 .3277E-01
.3445E+03 .7520E+00 .3497E+00 .1851E+00 .4716E+00 .2864E+00 .3497E+00 .1714E+00 .5211E+00 .3497E+00 .1851E+00 .3218E-01
.3450E+03 .9988E+00 .4681E+00 .2408E+00 .6242E+00 .3835E+00 .4681E+00 .2230E+00 .6911E+00 .4681E+00 .2408E+00 .4288E-01
.3455E+03 .1019E+01 .4801E+00 .2436E+00 .6369E+00 .3933E+00 .4801E+00 .2257E+00 .7058E+00 .4801E+00 .2436E+00 .4407E-01
.3460E+03 .8646E+00 .4095E+00 .2055E+00 .5410E+00 .3354E+00 .4095E+00 .1904E+00 .5999E+00 .4095E+00 .2055E+00 .3770E-01
.3465E+03 .9772E+00 .4650E+00 .2312E+00 .6121E+00 .3809E+00 .4650E+00 .2143E+00 .6793E+00 .4650E+00 .2312E+00 .4298E-01
.3470E+03 .1045E+01 .4986E+00 .2481E+00 .6565E+00 .4085E+00 .4986E+00 .2300E+00 .7286E+00 .4986E+00 .2481E+00 .4647E-01
.3475E+03 .8420E+00 .4034E+00 .2000E+00 .5304E+00 .3305E+00 .4034E+00 .1854E+00 .5888E+00 .4034E+00 .2000E+00 .3783E-01
.3480E+03 .9603E+00 .4624E+00 .2257E+00 .6045E+00 .3788E+00 .4624E+00 .2093E+00 .6718E+00 .4624E+00 .2257E+00 .4343E-01
.3485E+03 .9597E+00 .4639E+00 .2239E+00 .6040E+00 .3800E+00 .4639E+00 .2078E+00 .6717E+00 .4639E+00 .2239E+00 .4371E-01
.3490E+03 .8882E+00 .4313E+00 .2066E+00 .5599E+00 .3533E+00 .4313E+00 .1917E+00 .6230E+00 .4313E+00 .2066E+00 .4082E-01
.3495E+03 .8766E+00 .4275E+00 .2038E+00 .5540E+00 .3502E+00 .4275E+00 .1891E+00 .6167E+00 .4275E+00 .2038E+00 .4069E-01
.3500E+03 .1082E+01 .5298E+00 .2507E+00 .6847E+00 .4339E+00 .5298E+00 .2328E+00 .7625E+00 .5298E+00 .2507E+00 .5065E-01
.3505E+03 .1139E+01 .5597E+00 .2632E+00 .7216E+00 .4584E+00 .5597E+00 .2444E+00 .8041E+00 .5597E+00 .2632E+00 .5374E-01
.3510E+03 .1015E+01 .5002E+00 .2345E+00 .6442E+00 .4097E+00 .5002E+00 .2178E+00 .7179E+00 .5002E+00 .2345E+00 .4829E-01
.3515E+03 .9814E+00 .4849E+00 .2285E+00 .6257E+00 .3972E+00 .4849E+00 .2123E+00 .6971E+00 .4849E+00 .2285E+00 .4723E-01
.3520E+03 .1054E+01 .5232E+00 .2432E+00 .6718E+00 .4286E+00 .5232E+00 .2260E+00 .7492E+00 .5232E+00 .2432E+00 .5103E-01
.3525E+03 .8215E+00 .4096E+00 .1884E+00 .5239E+00 .3356E+00 .4096E+00 .1751E+00 .5847E+00 .4096E+00 .1884E+00 .4007E-01
.3530E+03 .1033E+01 .5171E+00 .2357E+00 .6593E+00 .4236E+00 .5171E+00 .2191E+00 .7363E+00 .5171E+00 .2357E+00 .5077E-01
.3535E+03 .1103E+01 .5539E+00 .2504E+00 .7041E+00 .4537E+00 .5539E+00 .2328E+00 .7868E+00 .5539E+00 .2504E+00 .5460E-01
.3540E+03 .1144E+01 .5760E+00 .2584E+00 .7302E+00 .4718E+00 .5760E+00 .2403E+00 .8163E+00 .5760E+00 .2584E+00 .5701E-01
.3545E+03 .1159E+01 .5855E+00 .2610E+00 .7406E+00 .4796E+00 .5855E+00 .2428E+00 .8283E+00 .5855E+00 .2610E+00 .5820E-01
.3550E+03 .1153E+01 .5846E+00 .2593E+00 .7382E+00 .4789E+00 .5846E+00 .2413E+00 .8260E+00 .5846E+00 .2593E+00 .5839E-01
.3555E+03 .1039E+01 .5293E+00 .2333E+00 .6668E+00 .4335E+00 .5293E+00 .2171E+00 .7464E+00 .5293E+00 .2333E+00 .5308E-01
.3560E+03 .1085E+01 .5550E+00 .2430E+00 .6977E+00 .4546E+00 .5550E+00 .2263E+00 .7813E+00 .5550E+00 .2430E+00 .5589E-01
.3565E+03 .9252E+00 .4748E+00 .2067E+00 .5956E+00 .3890E+00 .4748E+00 .1924E+00 .6673E+00 .4748E+00 .2067E+00 .4802E-01
.3570E+03 .7640E+00 .3932E+00 .1701E+00 .4921E+00 .3221E+00 .3932E+00 .1584E+00 .5516E+00 .3932E+00 .1701E+00 .3993E-01
.3575E+03 .9344E+00 .4823E+00 .2073E+00 .6024E+00 .3951E+00 .4823E+00 .1931E+00 .6755E+00 .4823E+00 .2073E+00 .4918E-01
.3580E+03 .7396E+00 .3830E+00 .1636E+00 .4773E+00 .3138E+00 .3830E+00 .1524E+00 .5355E+00 .3830E+00 .1636E+00 .3922E-01
.3585E+03 .6313E+00 .3280E+00 .1392E+00 .4079E+00 .2687E+00 .3280E+00 .1297E+00 .4577E+00 .3280E+00 .1392E+00 .3372E-01
.3590E+03 .8821E+00 .4597E+00 .1940E+00 .5705E+00 .3765E+00 .4597E+00 .1808E+00 .6405E+00 .4597E+00 .1940E+00 .4746E-01
.3595E+03 .1123E+01 .5866E+00 .2465E+00 .7271E+00 .4805E+00 .5866E+00 .2299E+00 .8165E+00 .5866E+00 .2465E+00 .6085E-01
.3600E+03 .1189E+01 .6231E+00 .2601E+00 .7705E+00 .5104E+00 .6231E+00 .2427E+00 .8658E+00 .6231E+00 .2601E+00 .6488E-01
.3605E+03 .9490E+00 .4990E+00 .2069E+00 .6156E+00 .4087E+00 .4990E+00 .1930E+00 .6920E+00 .4990E+00 .2069E+00 .5217E-01
.3610E+03 .8633E+00 .4555E+00 .1877E+00 .5608E+00 .3731E+00 .4555E+00 .1751E+00 .6306E+00 .4555E+00 .1877E+00 .4782E-01
.3615E+03 .9904E+00 .5248E+00 .2150E+00 .6448E+00 .4299E+00 .5248E+00 .2007E+00 .7255E+00 .5248E+00 .2150E+00 .5533E-01
.3620E+03 .8532E+00 .4540E+00 .1849E+00 .5568E+00 .3719E+00 .4540E+00 .1727E+00 .6267E+00 .4540E+00 .1849E+00 .4808E-01
.3625E+03 .1177E+01 .6287E+00 .2547E+00 .7697E+00 .5150E+00 .6287E+00 .2379E+00 .8666E+00 .6287E+00 .2547E+00 .6685E-01
.3630E+03 .1054E+01 .5651E+00 .2277E+00 .6905E+00 .4629E+00 .5651E+00 .2127E+00 .7778E+00 .5651E+00 .2277E+00 .6032E-01
.3635E+03 .9678E+00 .5209E+00 .2087E+00 .6354E+00 .4267E+00 .5209E+00 .1951E+00 .7160E+00 .5209E+00 .2087E+00 .5583E-01
.3640E+03 .1181E+01 .6377E+00 .2541E+00 .7765E+00 .5224E+00 .6377E+00 .2375E+00 .8752E+00 .6377E+00 .2541E+00 .6862E-01
.3645E+03 .1008E+01 .5458E+00 .2162E+00 .6633E+00 .4471E+00 .5458E+00 .2022E+00 .7480E+00 .5458E+00 .2162E+00 .5896E-01
.3650E+03 .1025E+01 .5566E+00 .2193E+00 .6752E+00 .4559E+00 .5566E+00 .2051E+00 .7616E+00 .5566E+00 .2193E+00 .6036E-01
.3655E+03 .1284E+01 .6995E+00 .2740E+00 .8469E+00 .5730E+00 .6995E+00 .2563E+00 .9558E+00 .6995E+00 .2740E+00 .7614E-01
.3660E+03 .1357E+01 .7419E+00 .2890E+00 .8967E+00 .6077E+00 .7419E+00 .2704E+00 .1012E+01 .7419E+00 .2890E+00 .8108E-01
.3665E+03 .1272E+01 .6977E+00 .2703E+00 .8418E+00 .5715E+00 .6977E+00 .2530E+00 .9507E+00 .6977E+00 .2703E+00 .7656E-01
.3670E+03 .1237E+01 .6803E+00 .2620E+00 .8193E+00 .5573E+00 .6803E+00 .2453E+00 .9256E+00 .6803E+00 .2620E+00 .7495E-01
.3675E+03 .1282E+01 .7067E+00 .2706E+00 .8495E+00 .5789E+00 .7067E+00 .2534E+00 .9602E+00 .7067E+00 .2706E+00 .7817E-01
.3680E+03 .1120E+01 .6190E+00 .2357E+00 .7428E+00 .5071E+00 .6190E+00 .2208E+00 .8398E+00 .6190E+00 .2357E+00 .6874E-01
.3685E+03 .1128E+01 .6255E+00 .2369E+00 .7493E+00 .5124E+00 .6255E+00 .2220E+00 .8475E+00 .6255E+00 .2369E+00 .6973E-01
.3690E+03 .1216E+01 .6765E+00 .2549E+00 .8091E+00 .5542E+00 .6765E+00 .2389E+00 .9154E+00 .6765E+00 .2549E+00 .7570E-01
.3695E+03 .1294E+01 .7223E+00 .2706E+00 .8623E+00 .5917E+00 .7223E+00 .2537E+00 .9760E+00 .7223E+00 .2706E+00 .8112E-01
.3700E+03 .1377E+01 .7712E+00 .2874E+00 .9192E+00 .6317E+00 .7712E+00 .2695E+00 .1041E+01 .7712E+00 .2874E+00 .8694E-01
.3705E+03 .1067E+01 .5993E+00 .2222E+00 .7131E+00 .4910E+00 .5993E+00 .2084E+00 .8078E+00 .5993E+00 .2222E+00 .6781E-01
.3710E+03 .1138E+01 .6413E+00 .2364E+00 .7617E+00 .5253E+00 .6413E+00 .2219E+00 .8631E+00 .6413E+00 .2364E+00 .7282E-01
.3715E+03 .1422E+01 .8034E+00 .2946E+00 .9527E+00 .6581E+00 .8034E+00 .2765E+00 .1080E+01 .8034E+00 .2946E+00 .9156E-01
.3720E+03 .9428E+00 .5340E+00 .1947E+00 .6321E+00 .4374E+00 .5340E+00 .1828E+00 .7168E+00 .5340E+00 .1947E+00 .6107E-01
.3725E+03 .1129E+01 .6411E+00 .2325E+00 .7577E+00 .5252E+00 .6411E+00 .2183E+00 .8594E+00 .6411E+00 .2325E+00 .7361E-01
.3730E+03 .1146E+01 .6528E+00 .2356E+00 .7703E+00 .5348E+00 .6528E+00 .2213E+00 .8741E+00 .6528E+00 .2356E+00 .7525E-01
.3735E+03 .7441E+00 .4253E+00 .1526E+00 .5010E+00 .3483E+00 .4253E+00 .1434E+00 .5687E+00 .4253E+00 .1526E+00 .4920E-01
.3740E+03 .1080E+01 .6187E+00 .2209E+00 .7277E+00 .5068E+00 .6187E+00 .2076E+00 .8263E+00 .6187E+00 .2209E+00 .7186E-01
.3745E+03 .8925E+00 .5130E+00 .1822E+00 .6024E+00 .4202E+00 .5130E+00 .1713E+00 .6843E+00 .5130E+00 .1822E+00 .5979E-01
.3750E+03 .8666E+00 .4993E+00 .1764E+00 .5854E+00 .4090E+00 .4993E+00 .1659E+00 .6652E+00 .4993E+00 .1764E+00 .5840E-01
.3755E+03 .1293E+01 .7465E+00 .2623E+00 .8738E+00 .6115E+00 .7465E+00 .2467E+00 .9933E+00 .7465E+00 .2623E+00 .8762E-01
.3760E+03 .1071E+01 .6197E+00 .2165E+00 .7242E+00 .5076E+00 .6197E+00 .2038E+00 .8235E+00 .6197E+00 .2165E+00 .7298E-01
.3765E+03 .1109E+01 .6431E+00 .2235E+00 .7503E+00 .5268E+00 .6431E+00 .2104E+00 .8535E+00 .6431E+00 .2235E+00 .7600E-01
.3770E+03 .1172E+01 .6817E+00 .2357E+00 .7942E+00 .5585E+00 .6817E+00 .2220E+00 .9037E+00 .6817E+00 .2357E+00 .8084E-01
.3775E+03 .1369E+01 .7986E+00 .2747E+00 .9289E+00 .6542E+00 .7986E+00 .2588E+00 .1057E+01 .7986E+00 .2747E+00 .9503E-01
.3780E+03 .1483E+01 .8671E+00 .2967E+00 .1007E+01 .7103E+00 .8671E+00 .2795E+00 .1147E+01 .8671E+00 .2967E+00 .1035E+00
.3785E+03 .1401E+01 .8209E+00 .2792E+00 .9517E+00 .6725E+00 .8209E+00 .2631E+00 .1084E+01 .8209E+00 .2792E+00 .9790E-01
.3790E+03 .1156E+01 .6786E+00 .2295E+00 .7854E+00 .5559E+00 .6786E+00 .2163E+00 .8949E+00 .6786E+00 .2295E+00 .8083E-01
.3795E+03 .1056E+01 .6210E+00 .2087E+00 .7174E+00 .5087E+00 .6210E+00 .1968E+00 .8177E+00 .6210E+00 .2087E+00 .7387E-01
.3800E+03 .1097E+01 .6465E+00 .2161E+00 .7457E+00 .5296E+00 .6465E+00 .2037E+00 .8503E+00 .6465E+00 .2161E+00 .7682E-01
.3805E+03 .1326E+01 .7839E+00 .2606E+00 .9027E+00 .6421E+00 .7839E+00 .2457E+00 .1030E+01 .7839E+00 .2606E+00 .9304E-01
.3810E+03 .1326E+01 .7862E+00 .2599E+00 .9039E+00 .6440E+00 .7862E+00 .2451E+00 .1031E+01 .7862E+00 .2599E+00 .9318E-01
.3815E+03 .1049E+01 .6236E+00 .2051E+00 .7160E+00 .5109E+00 .6236E+00 .1934E+00 .8171E+00 .6236E+00 .2051E+00 .7381E-01
.3820E+03 .9294E+00 .5542E+00 .1813E+00 .6353E+00 .4540E+00 .5542E+00 .1710E+00 .7253E+00 .5542E+00 .1813E+00 .6551E-01
.3825E+03 .7904E+00 .4728E+00 .1538E+00 .5411E+00 .3873E+00 .4728E+00 .1451E+00 .6179E+00 .4728E+00 .1538E+00 .5580E-01
.3830E+03 .7305E+00 .4381E+00 .1418E+00 .5006E+00 .3589E+00 .4381E+00 .1338E+00 .5719E+00 .4381E+00 .1418E+00 .5163E-01
.3835E+03 .7025E+00 .4223E+00 .1360E+00 .4819E+00 .3459E+00 .4223E+00 .1283E+00 .5506E+00 .4223E+00 .1360E+00 .4991E-01
.3840E+03 .7739E+00 .4663E+00 .1494E+00 .5313E+00 .3820E+00 .4663E+00 .1410E+00 .6073E+00 .4663E+00 .1494E+00 .5524E-01
.3845E+03 .1137E+01 .6866E+00 .2188E+00 .7812E+00 .5624E+00 .6866E+00 .2066E+00 .8932E+00 .6866E+00 .2188E+00 .8155E-01
.3850E+03 .1126E+01 .6816E+00 .2161E+00 .7745E+00 .5583E+00 .6816E+00 .2042E+00 .8858E+00 .6816E+00 .2161E+00 .8117E-01
.3855E+03 .1047E+01 .6355E+00 .2005E+00 .7210E+00 .5205E+00 .6355E+00 .1894E+00 .8249E+00 .6355E+00 .2005E+00 .7583E-01
.3860E+03 .8952E+00 .5449E+00 .1710E+00 .6174E+00 .4463E+00 .5449E+00 .1616E+00 .7065E+00 .5449E+00 .1710E+00 .6507E-01
.3865E+03 .1174E+01 .7165E+00 .2238E+00 .8107E+00 .5869E+00 .7165E+00 .2115E+00 .9280E+00 .7165E+00 .2238E+00 .8562E-01
.3870E+03 .9746E+00 .5961E+00 .1852E+00 .6735E+00 .4883E+00 .5961E+00 .1751E+00 .7712E+00 .5961E+00 .1852E+00 .7128E-01
.3875E+03 .1094E+01 .6704E+00 .2072E+00 .7563E+00 .5492E+00 .6704E+00 .1959E+00 .8663E+00 .6704E+00 .2072E+00 .8020E-01
.3880E+03 .1009E+01 .6197E+00 .1905E+00 .6981E+00 .5076E+00 .6197E+00 .1802E+00 .7999E+00 .6197E+00 .1905E+00 .7415E-01
.3885E+03 .9956E+00 .6132E+00 .1876E+00 .6899E+00 .5023E+00 .6132E+00 .1775E+00 .7907E+00 .6132E+00 .1876E+00 .7345E-01
.3890E+03 .1074E+01 .6627E+00 .2017E+00 .7445E+00 .5428E+00 .6627E+00 .1908E+00 .8535E+00 .6627E+00 .2017E+00 .7942E-01
.3895E+03 .1299E+01 .8035E+00 .2433E+00 .9014E+00 .6582E+00 .8035E+00 .2303E+00 .1034E+01 .8035E+00 .2433E+00 .9635E-01
.3900E+03 .1302E+01 .8072E+00 .2432E+00 .9044E+00 .6612E+00 .8072E+00 .2302E+00 .1037E+01 .8072E+00 .2432E+00 .9686E-01
.3905E+03 .1197E+01 .7437E+00 .2229E+00 .8321E+00 .6092E+00 .7437E+00 .2111E+00 .9547E+00 .7437E+00 .2229E+00 .8928E-01
.3910E+03 .1407E+01 .8763E+00 .2613E+00 .9791E+00 .7178E+00 .8763E+00 .2475E+00 .1124E+01 .8763E+00 .2613E+00 .1052E+00
.3915E+03 .1434E+01 .8948E+00 .2654E+00 .9984E+00 .7330E+00 .8948E+00 .2515E+00 .1146E+01 .8948E+00 .2654E+00 .1075E+00
.3920E+03 .1207E+01 .7545E+00 .2227E+00 .8407E+00 .6181E+00 .7545E+00 .2110E+00 .9655E+00 .7545E+00 .2227E+00 .9065E-01
.3925E+03 .1079E+01 .6761E+00 .1985E+00 .7524E+00 .5538E+00 .6761E+00 .1882E+00 .8643E+00 .6761E+00 .1985E+00 .8125E-01
.3930E+03 .5993E+00 .3766E+00 .1100E+00 .4185E+00 .3085E+00 .3766E+00 .1043E+00 .4809E+00 .3766E+00 .1100E+00 .4530E-01
.3935E+03 .4350E+00 .2740E+00 .7968E-01 .3041E+00 .2244E+00 .2740E+00 .7555E-01 .3495E+00 .2740E+00 .7968E-01 .3305E-01
.3940E+03 .8843E+00 .5580E+00 .1615E+00 .6186E+00 .4571E+00 .5580E+00 .1532E+00 .7112E+00 .5580E+00 .1615E+00 .6750E-01
.3945E+03 .1123E+01 .7101E+00 .2046E+00 .7862E+00 .5817E+00 .7101E+00 .1941E+00 .9042E+00 .7101E+00 .2046E+00 .8613E-01
.3950E+03 .1369E+01 .8673E+00 .2487E+00 .9591E+00 .7105E+00 .8673E+00 .2360E+00 .1103E+01 .8673E+00 .2487E+00 .1055E+00
.3955E+03 .1390E+01 .8821E+00 .2516E+00 .9741E+00 .7225E+00 .8821E+00 .2389E+00 .1121E+01 .8821E+00 .2516E+00 .1075E+00
.3960E+03 .1204E+01 .7655E+00 .2173E+00 .8443E+00 .6271E+00 .7655E+00 .2063E+00 .9718E+00 .7655E+00 .2173E+00 .9333E-01
.3965E+03 .7024E+00 .4478E+00 .1265E+00 .4934E+00 .3668E+00 .4478E+00 .1202E+00 .5680E+00 .4478E+00 .1265E+00 .5464E-01
.3970E+03 .5264E+00 .3364E+00 .9457E-01 .3701E+00 .2756E+00 .3364E+00 .8984E-01 .4262E+00 .3364E+00 .9457E-01 .4107E-01
.3975E+03 .1070E+01 .6848E+00 .1916E+00 .7525E+00 .5610E+00 .6848E+00 .1820E+00 .8669E+00 .6848E+00 .1916E+00 .8366E-01
.3980E+03 .1498E+01 .9602E+00 .2672E+00 .1054E+01 .7866E+00 .9602E+00 .2540E+00 .1214E+01 .9602E+00 .2672E+00 .1175E+00
.3985E+03 .1547E+01 .9934E+00 .2751E+00 .1089E+01 .8138E+00 .9934E+00 .2616E+00 .1255E+01 .9934E+00 .2751E+00 .1218E+00
.3990E+03 .1671E+01 .1076E+01 .2968E+00 .1178E+01 .8816E+00 .1076E+01 .2823E+00 .1359E+01 .1076E+01 .2968E+00 .1323E+00
.3995E+03 .1664E+01 .1074E+01 .2947E+00 .1174E+01 .8795E+00 .1074E+01 .2804E+00 .1354E+01 .1074E+01 .2947E+00 .1324E+00
.4000E+03 .1728E+01 .1116E+01 .3049E+00 .1219E+01 .9144E+00 .1116E+01 .2901E+00 .1406E+01 .1116E+01 .3049E+00 .1379E+00
.4010E+03 .1770E+01 .1148E+01 .3087E+00 .1249E+01 .9405E+00 .1148E+01 .2940E+00 .1442E+01 .1148E+01 .3087E+00 .1419E+00
.4020E+03 .1862E+01 .1213E+01 .3232E+00 .1317E+01 .9937E+00 .1213E+01 .3080E+00 .1521E+01 .1213E+01 .3232E+00 .1501E+00
.4030E+03 .1764E+01 .1154E+01 .3047E+00 .1250E+01 .9453E+00 .1154E+01 .2905E+00 .1445E+01 .1154E+01 .3047E+00 .1431E+00
.4040E+03 .1734E+01 .1138E+01 .2978E+00 .1230E+01 .9324E+00 .1138E+01 .2841E+00 .1422E+01 .1138E+01 .2978E+00 .1419E+00
.4050E+03 .1731E+01 .1140E+01 .2956E+00 .1229E+01 .9337E+00 .1140E+01 .2822E+00 .1422E+01 .1140E+01 .2956E+00 .1428E+00
.4060E+03 .1698E+01 .1123E+01 .2887E+00 .1208E+01 .9198E+00 .1123E+01 .2757E+00 .1399E+01 .1123E+01 .2887E+00 .1410E+00
.4070E+03 .1666E+01 .1106E+01 .2819E+00 .1188E+01 .9062E+00 .1106E+01 .2694E+00 .1376E+01 .1106E+01 .2819E+00 .1391E+00
.4080E+03 .1730E+01 .1152E+01 .2908E+00 .1234E+01 .9433E+00 .1152E+01 .2780E+00 .1430E+01 .1152E+01 .2908E+00 .1454E+00
.4090E+03 .1848E+01 .1234E+01 .3091E+00 .1320E+01 .1011E+01 .1234E+01 .2958E+00 .1530E+01 .1234E+01 .3091E+00 .1572E+00
.4100E+03 .1611E+01 .1080E+01 .2682E+00 .1153E+01 .8845E+00 .1080E+01 .2569E+00 .1337E+01 .1080E+01 .2682E+00 .1387E+00
.4110E+03 .1741E+01 .1171E+01 .2885E+00 .1248E+01 .9593E+00 .1171E+01 .2765E+00 .1448E+01 .1171E+01 .2885E+00 .1512E+00
.4120E+03 .1864E+01 .1259E+01 .3076E+00 .1339E+01 .1031E+01 .1259E+01 .2950E+00 .1554E+01 .1259E+01 .3076E+00 .1634E+00
.4130E+03 .1817E+01 .1230E+01 .2978E+00 .1305E+01 .1007E+01 .1230E+01 .2858E+00 .1516E+01 .1230E+01 .2978E+00 .1604E+00
.4140E+03 .1835E+01 .1247E+01 .2994E+00 .1321E+01 .1021E+01 .1247E+01 .2876E+00 .1534E+01 .1247E+01 .2994E+00 .1634E+00
.4150E+03 .1835E+01 .1251E+01 .2980E+00 .1323E+01 .1025E+01 .1251E+01 .2864E+00 .1538E+01 .1251E+01 .2980E+00 .1647E+00
.4160E+03 .1862E+01 .1274E+01 .3011E+00 .1345E+01 .1044E+01 .1274E+01 .2895E+00 .1564E+01 .1274E+01 .3011E+00 .1681E+00
.4170E+03 .1814E+01 .1245E+01 .2916E+00 .1311E+01 .1020E+01 .1245E+01 .2805E+00 .1526E+01 .1245E+01 .2916E+00 .1644E+00
.4180E+03 .1778E+01 .1224E+01 .2841E+00 .1287E+01 .1003E+01 .1224E+01 .2735E+00 .1497E+01 .1224E+01 .2841E+00 .1619E+00
.4190E+03 .1798E+01 .1241E+01 .2858E+00 .1303E+01 .1017E+01 .1241E+01 .2753E+00 .1517E+01 .1241E+01 .2858E+00 .1645E+00
.4200E+03 .1788E+01 .1238E+01 .2825E+00 .1296E+01 .1014E+01 .1238E+01 .2722E+00 .1510E+01 .1238E+01 .2825E+00 .1643E+00
.4210E+03 .1867E+01 .1297E+01 .2934E+00 .1355E+01 .1062E+01 .1297E+01 .2829E+00 .1579E+01 .1297E+01 .2934E+00 .1724E+00
.4220E+03 .1772E+01 .1234E+01 .2769E+00 .1288E+01 .1011E+01 .1234E+01 .2671E+00 .1501E+01 .1234E+01 .2769E+00 .1642E+00
.4230E+03 .1728E+01 .1207E+01 .2686E+00 .1257E+01 .9886E+00 .1207E+01 .2592E+00 .1466E+01 .1207E+01 .2686E+00 .1608E+00
.4240E+03 .1826E+01 .1279E+01 .2821E+00 .1329E+01 .1047E+01 .1279E+01 .2724E+00 .1551E+01 .1279E+01 .2821E+00 .1706E+00
.4250E+03 .1819E+01 .1278E+01 .2796E+00 .1326E+01 .1047E+01 .1278E+01 .2702E+00 .1548E+01 .1278E+01 .2796E+00 .1708E+00
.4260E+03 .1766E+01 .1245E+01 .2705E+00 .1290E+01 .1020E+01 .1245E+01 .2616E+00 .1507E+01 .1245E+01 .2705E+00 .1672E+00
.4270E+03 .1731E+01 .1223E+01 .2636E+00 .1266E+01 .1002E+01 .1223E+01 .2551E+00 .1478E+01 .1223E+01 .2636E+00 .1651E+00
.4280E+03 .1685E+01 .1193E+01 .2551E+00 .1233E+01 .9775E+00 .1193E+01 .2471E+00 .1440E+01 .1193E+01 .2551E+00 .1618E+00
.4290E+03 .1591E+01 .1131E+01 .2401E+00 .1167E+01 .9264E+00 .1131E+01 .2327E+00 .1364E+01 .1131E+01 .2401E+00 .1541E+00
.4300E+03 .1390E+01 .9907E+00 .2087E+00 .1020E+01 .8115E+00 .9907E+00 .2024E+00 .1193E+01 .9907E+00 .2087E+00 .1356E+00
.4310E+03 .1378E+01 .9837E+00 .2054E+00 .1011E+01 .8058E+00 .9837E+00 .1994E+00 .1183E+01 .9837E+00 .2054E+00 .1347E+00
.4320E+03 .1774E+01 .1271E+01 .2634E+00 .1305E+01 .1041E+01 .1271E+01 .2558E+00 .1527E+01 .1271E+01 .2634E+00 .1743E+00
.4330E+03 .1781E+01 .1279E+01 .2630E+00 .1311E+01 .1048E+01 .1279E+01 .2556E+00 .1535E+01 .1279E+01 .2630E+00 .1757E+00
.4340E+03 .1653E+01 .1190E+01 .2426E+00 .1217E+01 .9745E+00 .1190E+01 .2359E+00 .1426E+01 .1190E+01 .2426E+00 .1636E+00
.4350E+03 .1726E+01 .1244E+01 .2517E+00 .1271E+01 .1019E+01 .1244E+01 .2449E+00 .1489E+01 .1244E+01 .2517E+00 .1717E+00
.4360E+03 .1939E+01 .1403E+01 .2819E+00 .1431E+01 .1149E+01 .1403E+01 .2745E+00 .1677E+01 .1403E+01 .2819E+00 .1951E+00
.4370E+03 .1907E+01 .1384E+01 .2763E+00 .1410E+01 .1134E+01 .1384E+01 .2694E+00 .1654E+01 .1384E+01 .2763E+00 .1941E+00
.4380E+03 .1733E+01 .1261E+01 .2501E+00 .1283E+01 .1033E+01 .1261E+01 .2441E+00 .1505E+01 .1261E+01 .2501E+00 .1783E+00
.4390E+03 .1796E+01 .1307E+01 .2571E+00 .1328E+01 .1071E+01 .1307E+01 .2512E+00 .1559E+01 .1307E+01 .2571E+00 .1862E+00
.4400E+03 .1849E+01 .1350E+01 .2637E+00 .1369E+01 .1106E+01 .1350E+01 .2578E+00 .1608E+01 .1350E+01 .2637E+00 .1932E+00
.4410E+03 .1911E+01 .1400E+01 .2715E+00 .1418E+01 .1147E+01 .1400E+01 .2656E+00 .1665E+01 .1400E+01 .2715E+00 .2007E+00
.4420E+03 .2047E+01 .1503E+01 .2891E+00 .1520E+01 .1231E+01 .1503E+01 .2830E+00 .1786E+01 .1503E+01 .2891E+00 .2158E+00
.4430E+03 .1996E+01 .1465E+01 .2794E+00 .1479E+01 .1200E+01 .1465E+01 .2738E+00 .1738E+01 .1465E+01 .2794E+00 .2111E+00
.4440E+03 .2035E+01 .1499E+01 .2840E+00 .1512E+01 .1228E+01 .1499E+01 .2785E+00 .1777E+01 .1499E+01 .2840E+00 .2169E+00
.4450E+03 .1992E+01 .1468E+01 .2761E+00 .1479E+01 .1203E+01 .1468E+01 .2709E+00 .1739E+01 .1468E+01 .2761E+00 .2131E+00
.4460E+03 .1895E+01 .1401E+01 .2617E+00 .1410E+01 .1148E+01 .1401E+01 .2570E+00 .1658E+01 .1401E+01 .2617E+00 .2038E+00
.4470E+03 .2043E+01 .1516E+01 .2813E+00 .1523E+01 .1242E+01 .1516E+01 .2764E+00 .1792E+01 .1516E+01 .2813E+00 .2210E+00
.4480E+03 .2078E+01 .1543E+01 .2839E+00 .1548E+01 .1264E+01 .1543E+01 .2792E+00 .1822E+01 .1543E+01 .2839E+00 .2252E+00
.4490E+03 .2078E+01 .1549E+01 .2832E+00 .1552E+01 .1269E+01 .1549E+01 .2786E+00 .1828E+01 .1549E+01 .2832E+00 .2264E+00
.4500E+03 .2132E+01 .1593E+01 .2892E+00 .1594E+01 .1305E+01 .1593E+01 .2847E+00 .1878E+01 .1593E+01 .2892E+00 .2332E+00
.4510E+03 .2209E+01 .1654E+01 .2980E+00 .1653E+01 .1355E+01 .1654E+01 .2936E+00 .1948E+01 .1654E+01 .2980E+00 .2425E+00
.4520E+03 .2126E+01 .1595E+01 .2853E+00 .1592E+01 .1307E+01 .1595E+01 .2813E+00 .1876E+01 .1595E+01 .2853E+00 .2343E+00
.4530E+03 .1997E+01 .1501E+01 .2667E+00 .1497E+01 .1230E+01 .1501E+01 .2632E+00 .1764E+01 .1501E+01 .2667E+00 .2215E+00
.4540E+03 .2080E+01 .1568E+01 .2767E+00 .1561E+01 .1284E+01 .1568E+01 .2733E+00 .1841E+01 .1568E+01 .2767E+00 .2323E+00
.4550E+03 .2092E+01 .1579E+01 .2767E+00 .1570E+01 .1294E+01 .1579E+01 .2735E+00 .1853E+01 .1579E+01 .2767E+00 .2346E+00
.4560E+03 .2139E+01 .1618E+01 .2815E+00 .1607E+01 .1325E+01 .1618E+01 .2784E+00 .1896E+01 .1618E+01 .2815E+00 .2407E+00
.4570E+03 .2173E+01 .1647E+01 .2841E+00 .1633E+01 .1349E+01 .1647E+01 .2812E+00 .1928E+01 .1647E+01 .2841E+00 .2455E+00
.4580E+03 .2101E+01 .1593E+01 .2729E+00 .1578E+01 .1305E+01 .1593E+01 .2704E+00 .1864E+01 .1593E+01 .2729E+00 .2385E+00
.4590E+03 .2087E+01 .1586E+01 .2698E+00 .1569E+01 .1299E+01 .1586E+01 .2676E+00 .1854E+01 .1586E+01 .2698E+00 .2385E+00
.4600E+03 .2093E+01 .1592E+01 .2690E+00 .1574E+01 .1304E+01 .1592E+01 .2670E+00 .1860E+01 .1592E+01 .2690E+00 .2405E+00
.4610E+03 .2139E+01 .1630E+01 .2736E+00 .1609E+01 .1336E+01 .1630E+01 .2718E+00 .1902E+01 .1630E+01 .2736E+00 .2473E+00
.4620E+03 .2151E+01 .1644E+01 .2741E+00 .1620E+01 .1346E+01 .1644E+01 .2726E+00 .1916E+01 .1644E+01 .2741E+00 .2505E+00
.4630E+03 .2137E+01 .1634E+01 .2707E+00 .1609E+01 .1339E+01 .1634E+01 .2695E+00 .1904E+01 .1634E+01 .2707E+00 .2508E+00
.4640E+03 .2096E+01 .1607E+01 .2647E+00 .1581E+01 .1316E+01 .1607E+01 .2638E+00 .1871E+01 .1607E+01 .2647E+00 .2483E+00
.4650E+03 .2064E+01 .1586E+01 .2597E+00 .1559E+01 .1300E+01 .1586E+01 .2591E+00 .1846E+01 .1586E+01 .2597E+00 .2458E+00
.4660E+03 .2080E+01 .1602E+01 .2606E+00 .1573E+01 .1313E+01 .1602E+01 .2602E+00 .1863E+01 .1602E+01 .2606E+00 .2488E+00
.4670E+03 .2044E+01 .1575E+01 .2543E+00 .1545E+01 .1290E+01 .1575E+01 .2540E+00 .1829E+01 .1575E+01 .2543E+00 .2447E+00
.4680E+03 .2067E+01 .1596E+01 .2557E+00 .1563E+01 .1307E+01 .1596E+01 .2555E+00 .1851E+01 .1596E+01 .2557E+00 .2476E+00
.4690E+03 .2077E+01 .1606E+01 .2554E+00 .1571E+01 .1315E+01 .1606E+01 .2554E+00 .1861E+01 .1606E+01 .2554E+00 .2488E+00
.4700E+03 .2011E+01 .1556E+01 .2458E+00 .1520E+01 .1274E+01 .1556E+01 .2461E+00 .1802E+01 .1556E+01 .2458E+00 .2425E+00
.4710E+03 .2007E+01 .1555E+01 .2443E+00 .1518E+01 .1274E+01 .1555E+01 .2448E+00 .1800E+01 .1555E+01 .2443E+00 .2441E+00
.4720E+03 .2115E+01 .1641E+01 .2560E+00 .1600E+01 .1344E+01 .1641E+01 .2569E+00 .1898E+01 .1641E+01 .2560E+00 .2586E+00
.4730E+03 .2088E+01 .1622E+01 .2513E+00 .1580E+01 .1328E+01 .1622E+01 .2523E+00 .1874E+01 .1622E+01 .2513E+00 .2561E+00
.4740E+03 .2095E+01 .1627E+01 .2503E+00 .1584E+01 .1333E+01 .1627E+01 .2516E+00 .1879E+01 .1627E+01 .2503E+00 .2575E+00
.4750E+03 .2117E+01 .1645E+01 .2513E+00 .1599E+01 .1348E+01 .1645E+01 .2528E+00 .1898E+01 .1645E+01 .2513E+00 .2612E+00
.4760E+03 .2059E+01 .1600E+01 .2427E+00 .1554E+01 .1311E+01 .1600E+01 .2444E+00 .1845E+01 .1600E+01 .2427E+00 .2550E+00
.4770E+03 .2068E+01 .1608E+01 .2421E+00 .1559E+01 .1317E+01 .1608E+01 .2441E+00 .1852E+01 .1608E+01 .2421E+00 .2569E+00
.4780E+03 .2122E+01 .1653E+01 .2473E+00 .1601E+01 .1354E+01 .1653E+01 .2494E+00 .1903E+01 .1653E+01 .2473E+00 .2645E+00
.4790E+03 .2104E+01 .1643E+01 .2441E+00 .1590E+01 .1345E+01 .1643E+01 .2464E+00 .1889E+01 .1643E+01 .2441E+00 .2631E+00
.4800E+03 .2103E+01 .1645E+01 .2430E+00 .1591E+01 .1348E+01 .1645E+01 .2455E+00 .1891E+01 .1645E+01 .2430E+00 .2647E+00
.4810E+03 .2136E+01 .1675E+01 .2460E+00 .1618E+01 .1372E+01 .1675E+01 .2488E+00 .1924E+01 .1675E+01 .2460E+00 .2707E+00
.4820E+03 .2141E+01 .1683E+01 .2457E+00 .1625E+01 .1379E+01 .1683E+01 .2487E+00 .1932E+01 .1683E+01 .2457E+00 .2728E+00
.4830E+03 .2109E+01 .1662E+01 .2411E+00 .1603E+01 .1362E+01 .1662E+01 .2443E+00 .1907E+01 .1662E+01 .2411E+00 .2697E+00
.4840E+03 .2063E+01 .1629E+01 .2347E+00 .1569E+01 .1334E+01 .1629E+01 .2380E+00 .1867E+01 .1629E+01 .2347E+00 .2647E+00
.4850E+03 .1963E+01 .1551E+01 .2221E+00 .1493E+01 .1271E+01 .1551E+01 .2255E+00 .1777E+01 .1551E+01 .2221E+00 .2525E+00
.4860E+03 .1713E+01 .1356E+01 .1930E+00 .1304E+01 .1111E+01 .1356E+01 .1960E+00 .1552E+01 .1356E+01 .1930E+00 .2210E+00
.4870E+03 .1792E+01 .1422E+01 .2011E+00 .1366E+01 .1165E+01 .1422E+01 .2044E+00 .1626E+01 .1422E+01 .2011E+00 .2321E+00
.4880E+03 .1966E+01 .1561E+01 .2192E+00 .1498E+01 .1279E+01 .1561E+01 .2231E+00 .1784E+01 .1561E+01 .2192E+00 .2552E+00
.4890E+03 .1974E+01 .1568E+01 .2187E+00 .1503E+01 .1284E+01 .1568E+01 .2227E+00 .1790E+01 .1568E+01 .2187E+00 .2568E+00
.4900E+03 .2073E+01 .1650E+01 .2288E+00 .1580E+01 .1351E+01 .1650E+01 .2332E+00 .1883E+01 .1650E+01 .2288E+00 .2714E+00
.4910E+03 .2034E+01 .1622E+01 .2236E+00 .1552E+01 .1329E+01 .1622E+01 .2282E+00 .1850E+01 .1622E+01 .2236E+00 .2680E+00
.4920E+03 .1920E+01 .1533E+01 .2100E+00 .1466E+01 .1256E+01 .1533E+01 .2145E+00 .1747E+01 .1533E+01 .2100E+00 .2539E+00
.4930E+03 .1982E+01 .1584E+01 .2156E+00 .1513E+01 .1298E+01 .1584E+01 .2204E+00 .1805E+01 .1584E+01 .2156E+00 .2628E+00
.4940E+03 .2001E+01 .1601E+01 .2165E+00 .1528E+01 .1311E+01 .1601E+01 .2215E+00 .1822E+01 .1601E+01 .2165E+00 .2661E+00
.4950E+03 .2017E+01 .1615E+01 .2171E+00 .1540E+01 .1323E+01 .1615E+01 .2224E+00 .1838E+01 .1615E+01 .2171E+00 .2696E+00
.4960E+03 .2029E+01 .1626E+01 .2172E+00 .1549E+01 .1332E+01 .1626E+01 .2228E+00 .1849E+01 .1626E+01 .2172E+00 .2725E+00
.4970E+03 .2060E+01 .1653E+01 .2194E+00 .1574E+01 .1354E+01 .1653E+01 .2253E+00 .1879E+01 .1653E+01 .2194E+00 .2781E+00
.4980E+03 .1963E+01 .1577E+01 .2080E+00 .1500E+01 .1292E+01 .1577E+01 .2139E+00 .1791E+01 .1577E+01 .2080E+00 .2663E+00
.4990E+03 .1989E+01 .1599E+01 .2096E+00 .1520E+01 .1310E+01 .1599E+01 .2157E+00 .1815E+01 .1599E+01 .2096E+00 .2708E+00
.5000E+03 .1933E+01 .1555E+01 .2037E+00 .1477E+01 .1273E+01 .1555E+01 .2097E+00 .1764E+01 .1555E+01 .2037E+00 .2636E+00
.5010E+03 .1900E+01 .1528E+01 .1988E+00 .1451E+01 .1252E+01 .1528E+01 .2049E+00 .1733E+01 .1528E+01 .1988E+00 .2594E+00
.5020E+03 .1879E+01 .1508E+01 .1947E+00 .1430E+01 .1236E+01 .1508E+01 .2008E+00 .1709E+01 .1508E+01 .1947E+00 .2565E+00
.5030E+03 .1962E+01 .1572E+01 .2012E+00 .1489E+01 .1288E+01 .1572E+01 .2078E+00 .1780E+01 .1572E+01 .2012E+00 .2677E+00
.5040E+03 .1934E+01 .1529E+01 .1933E+00 .1446E+01 .1253E+01 .1529E+01 .1999E+00 .1729E+01 .1529E+01 .1933E+00 .2609E+00
.5050E+03 .1984E+01 .1590E+01 .2009E+00 .1504E+01 .1303E+01 .1590E+01 .2080E+00 .1798E+01 .1590E+01 .2009E+00 .2725E+00
.5060E+03 .2049E+01 .1641E+01 .2059E+00 .1550E+01 .1344E+01 .1641E+01 .2134E+00 .1854E+01 .1641E+01 .2059E+00 .2823E+00
.5070E+03 .1949E+01 .1561E+01 .1946E+00 .1474E+01 .1279E+01 .1561E+01 .2019E+00 .1763E+01 .1561E+01 .1946E+00 .2690E+00
.5080E+03 .1882E+01 .1513E+01 .1876E+00 .1427E+01 .1240E+01 .1513E+01 .1948E+00 .1708E+01 .1513E+01 .1876E+00 .2610E+00
.5090E+03 .1930E+01 .1557E+01 .1920E+00 .1467E+01 .1275E+01 .1557E+01 .1996E+00 .1756E+01 .1557E+01 .1920E+00 .2692E+00
.5100E+03 .1916E+01 .1549E+01 .1900E+00 .1459E+01 .1269E+01 .1549E+01 .1977E+00 .1747E+01 .1549E+01 .1900E+00 .2689E+00
.5110E+03 .1963E+01 .1592E+01 .1943E+00 .1498E+01 .1304E+01 .1592E+01 .2024E+00 .1794E+01 .1592E+01 .1943E+00 .2774E+00
.5120E+03 .1982E+01 .1610E+01 .1954E+00 .1514E+01 .1319E+01 .1610E+01 .2038E+00 .1814E+01 .1610E+01 .1954E+00 .2810E+00
.5130E+03 .1875E+01 .1526E+01 .1841E+00 .1434E+01 .1250E+01 .1526E+01 .1921E+00 .1718E+01 .1526E+01 .1841E+00 .2666E+00
.5140E+03 .1860E+01 .1516E+01 .1818E+00 .1423E+01 .1241E+01 .1516E+01 .1899E+00 .1705E+01 .1516E+01 .1818E+00 .2656E+00
.5150E+03 .1841E+01 .1501E+01 .1790E+00 .1409E+01 .1230E+01 .1501E+01 .1873E+00 .1689E+01 .1501E+01 .1790E+00 .2642E+00
.5160E+03 .1837E+01 .1499E+01 .1777E+00 .1406E+01 .1228E+01 .1499E+01 .1862E+00 .1685E+01 .1499E+01 .1777E+00 .2648E+00
.5170E+03 .1631E+01 .1333E+01 .1571E+00 .1249E+01 .1092E+01 .1333E+01 .1647E+00 .1497E+01 .1333E+01 .1571E+00 .2362E+00
.5180E+03 .1715E+01 .1402E+01 .1643E+00 .1313E+01 .1149E+01 .1402E+01 .1725E+00 .1575E+01 .1402E+01 .1643E+00 .2495E+00
.5190E+03 .1799E+01 .1472E+01 .1714E+00 .1377E+01 .1206E+01 .1472E+01 .1801E+00 .1652E+01 .1472E+01 .1714E+00 .2624E+00
.5200E+03 .1865E+01 .1526E+01 .1766E+00 .1427E+01 .1250E+01 .1526E+01 .1858E+00 .1712E+01 .1526E+01 .1766E+00 .2725E+00
.5210E+03 .1883E+01 .1542E+01 .1773E+00 .1440E+01 .1263E+01 .1542E+01 .1867E+00 .1729E+01 .1542E+01 .1773E+00 .2757E+00
.5220E+03 .1886E+01 .1545E+01 .1765E+00 .1442E+01 .1265E+01 .1545E+01 .1862E+00 .1731E+01 .1545E+01 .1765E+00 .2774E+00
.5230E+03 .1853E+01 .1519E+01 .1726E+00 .1417E+01 .1244E+01 .1519E+01 .1823E+00 .1701E+01 .1519E+01 .1726E+00 .2738E+00
.5240E+03 .1922E+01 .1575E+01 .1778E+00 .1468E+01 .1290E+01 .1575E+01 .1882E+00 .1763E+01 .1575E+01 .1778E+00 .2854E+00
.5250E+03 .1949E+01 .1596E+01 .1791E+00 .1486E+01 .1307E+01 .1596E+01 .1898E+00 .1786E+01 .1596E+01 .1791E+00 .2908E+00
.5260E+03 .1863E+01 .1527E+01 .1704E+00 .1421E+01 .1251E+01 .1527E+01 .1808E+00 .1707E+01 .1527E+01 .1704E+00 .2793E+00
.5270E+03 .1759E+01 .1440E+01 .1597E+00 .1339E+01 .1180E+01 .1440E+01 .1696E+00 .1610E+01 .1440E+01 .1597E+00 .2639E+00
.5280E+03 .1863E+01 .1525E+01 .1680E+00 .1418E+01 .1250E+01 .1525E+01 .1787E+00 .1704E+01 .1525E+01 .1680E+00 .2800E+00
.5290E+03 .1966E+01 .1609E+01 .1762E+00 .1494E+01 .1318E+01 .1609E+01 .1877E+00 .1797E+01 .1609E+01 .1762E+00 .2968E+00
.5300E+03 .1939E+01 .1588E+01 .1729E+00 .1473E+01 .1301E+01 .1588E+01 .1845E+00 .1772E+01 .1588E+01 .1729E+00 .2945E+00
.5310E+03 .1969E+01 .1613E+01 .1747E+00 .1496E+01 .1321E+01 .1613E+01 .1867E+00 .1800E+01 .1613E+01 .1747E+00 .3007E+00
.5320E+03 .1902E+01 .1559E+01 .1679E+00 .1445E+01 .1277E+01 .1559E+01 .1797E+00 .1739E+01 .1559E+01 .1679E+00 .2917E+00
.5330E+03 .1846E+01 .1514E+01 .1622E+00 .1403E+01 .1241E+01 .1514E+01 .1739E+00 .1688E+01 .1514E+01 .1622E+00 .2845E+00
.5340E+03 .1899E+01 .1560E+01 .1662E+00 .1444E+01 .1278E+01 .1560E+01 .1783E+00 .1738E+01 .1560E+01 .1662E+00 .2939E+00
.5350E+03 .1938E+01 .1593E+01 .1688E+00 .1474E+01 .1305E+01 .1593E+01 .1814E+00 .1775E+01 .1593E+01 .1688E+00 .3012E+00
.5360E+03 .1954E+01 .1608E+01 .1694E+00 .1486E+01 .1317E+01 .1608E+01 .1823E+00 .1790E+01 .1608E+01 .1694E+00 .3046E+00
.5370E+03 .1875E+01 .1545E+01 .1619E+00 .1427E+01 .1265E+01 .1545E+01 .1743E+00 .1719E+01 .1545E+01 .1619E+00 .2931E+00
.5380E+03 .1907E+01 .1572E+01 .1638E+00 .1452E+01 .1288E+01 .1572E+01 .1766E+00 .1749E+01 .1572E+01 .1638E+00 .2988E+00
.5390E+03 .1891E+01 .1560E+01 .1618E+00 .1440E+01 .1278E+01 .1560E+01 .1747E+00 .1735E+01 .1560E+01 .1618E+00 .2982E+00
.5400E+03 .1814E+01 .1496E+01 .1542E+00 .1379E+01 .1225E+01 .1496E+01 .1669E+00 .1663E+01 .1496E+01 .1542E+00 .2875E+00
.5410E+03 .1832E+01 .1506E+01 .1541E+00 .1387E+01 .1233E+01 .1506E+01 .1671E+00 .1673E+01 .1506E+01 .1541E+00 .2902E+00
.5420E+03 .1892E+01 .1555E+01 .1581E+00 .1432E+01 .1274E+01 .1555E+01 .1717E+00 .1726E+01 .1555E+01 .1581E+00 .3000E+00
.5430E+03 .1867E+01 .1541E+01 .1562E+00 .1419E+01 .1262E+01 .1541E+01 .1698E+00 .1711E+01 .1541E+01 .1562E+00 .2981E+00
.5440E+03 .1904E+01 .1568E+01 .1579E+00 .1442E+01 .1284E+01 .1568E+01 .1722E+00 .1740E+01 .1568E+01 .1579E+00 .3056E+00
.5450E+03 .1897E+01 .1564E+01 .1569E+00 .1438E+01 .1281E+01 .1564E+01 .1715E+00 .1736E+01 .1564E+01 .1569E+00 .3072E+00
.5460E+03 .1910E+01 .1570E+01 .1563E+00 .1442E+01 .1286E+01 .1570E+01 .1712E+00 .1741E+01 .1570E+01 .1563E+00 .3092E+00
.5470E+03 .1905E+01 .1571E+01 .1557E+00 .1442E+01 .1287E+01 .1571E+01 .1708E+00 .1741E+01 .1571E+01 .1557E+00 .3098E+00
.5480E+03 .1880E+01 .1553E+01 .1532E+00 .1425E+01 .1272E+01 .1553E+01 .1683E+00 .1721E+01 .1553E+01 .1532E+00 .3068E+00
.5490E+03 .1884E+01 .1559E+01 .1530E+00 .1430E+01 .1277E+01 .1559E+01 .1685E+00 .1727E+01 .1559E+01 .1530E+00 .3091E+00
.5500E+03 .1906E+01 .1579E+01 .1542E+00 .1448E+01 .1294E+01 .1579E+01 .1701E+00 .1749E+01 .1579E+01 .1542E+00 .3141E+00
.5510E+03 .1882E+01 .1561E+01 .1517E+00 .1431E+01 .1279E+01 .1561E+01 .1676E+00 .1729E+01 .1561E+01 .1517E+00 .3112E+00
.5520E+03 .1895E+01 .1573E+01 .1521E+00 .1441E+01 .1289E+01 .1573E+01 .1683E+00 .1741E+01 .1573E+01 .1521E+00 .3141E+00
.5530E+03 .1862E+01 .1546E+01 .1486E+00 .1415E+01 .1267E+01 .1546E+01 .1647E+00 .1711E+01 .1546E+01 .1486E+00 .3093E+00
.5540E+03 .1907E+01 .1584E+01 .1514E+00 .1449E+01 .1298E+01 .1584E+01 .1682E+00 .1752E+01 .1584E+01 .1514E+00 .3179E+00
.5550E+03 .1912E+01 .1588E+01 .1510E+00 .1452E+01 .1301E+01 .1588E+01 .1680E+00 .1756E+01 .1588E+01 .1510E+00 .3198E+00
.5560E+03 .1888E+01 .1568E+01 .1483E+00 .1433E+01 .1285E+01 .1568E+01 .1653E+00 .1733E+01 .1568E+01 .1483E+00 .3162E+00
.5570E+03 .1831E+01 .1521E+01 .1429E+00 .1389E+01 .1246E+01 .1521E+01 .1596E+00 .1680E+01 .1521E+01 .1429E+00 .3069E+00
.5580E+03 .1820E+01 .1511E+01 .1412E+00 .1379E+01 .1238E+01 .1511E+01 .1579E+00 .1669E+01 .1511E+01 .1412E+00 .3053E+00
.5590E+03 .1789E+01 .1484E+01 .1378E+00 .1354E+01 .1216E+01 .1484E+01 .1545E+00 .1639E+01 .1484E+01 .1378E+00 .3003E+00
.5600E+03 .1813E+01 .1505E+01 .1390E+00 .1372E+01 .1233E+01 .1505E+01 .1560E+00 .1661E+01 .1505E+01 .1390E+00 .3049E+00
.5610E+03 .1839E+01 .1527E+01 .1402E+00 .1391E+01 .1250E+01 .1527E+01 .1576E+00 .1684E+01 .1527E+01 .1402E+00 .3097E+00
.5620E+03 .1829E+01 .1518E+01 .1386E+00 .1382E+01 .1243E+01 .1518E+01 .1561E+00 .1674E+01 .1518E+01 .1386E+00 .3084E+00
.5630E+03 .1883E+01 .1562E+01 .1418E+00 .1421E+01 .1279E+01 .1562E+01 .1600E+00 .1722E+01 .1562E+01 .1418E+00 .3180E+00
.5640E+03 .1835E+01 .1521E+01 .1374E+00 .1383E+01 .1246E+01 .1521E+01 .1553E+00 .1677E+01 .1521E+01 .1374E+00 .3108E+00
.5650E+03 .1822E+01 .1510E+01 .1356E+00 .1373E+01 .1237E+01 .1510E+01 .1537E+00 .1664E+01 .1510E+01 .1356E+00 .3095E+00
.5660E+03 .1798E+01 .1490E+01 .1330E+00 .1353E+01 .1220E+01 .1490E+01 .1510E+00 .1641E+01 .1490E+01 .1330E+00 .3057E+00
.5670E+03 .1836E+01 .1520E+01 .1349E+00 .1380E+01 .1245E+01 .1520E+01 .1534E+00 .1673E+01 .1520E+01 .1349E+00 .3123E+00
.5680E+03 .1830E+01 .1507E+01 .1328E+00 .1367E+01 .1235E+01 .1507E+01 .1513E+00 .1659E+01 .1507E+01 .1328E+00 .3104E+00
.5690E+03 .1808E+01 .1470E+01 .1281E+00 .1332E+01 .1204E+01 .1470E+01 .1464E+00 .1616E+01 .1470E+01 .1281E+00 .3035E+00
.5700E+03 .1804E+01 .1474E+01 .1281E+00 .1336E+01 .1208E+01 .1474E+01 .1467E+00 .1621E+01 .1474E+01 .1281E+00 .3054E+00
.5710E+03 .1787E+01 .1471E+01 .1275E+00 .1332E+01 .1205E+01 .1471E+01 .1462E+00 .1617E+01 .1471E+01 .1275E+00 .3053E+00
.5720E+03 .1844E+01 .1507E+01 .1296E+00 .1364E+01 .1235E+01 .1507E+01 .1489E+00 .1656E+01 .1507E+01 .1296E+00 .3133E+00
.5730E+03 .1866E+01 .1527E+01 .1306E+00 .1381E+01 .1251E+01 .1527E+01 .1504E+00 .1677E+01 .1527E+01 .1306E+00 .3184E+00
.5740E+03 .1863E+01 .1525E+01 .1299E+00 .1379E+01 .1249E+01 .1525E+01 .1499E+00 .1675E+01 .1525E+01 .1299E+00 .3195E+00
.5750E+03 .1833E+01 .1499E+01 .1269E+00 .1354E+01 .1228E+01 .1499E+01 .1469E+00 .1645E+01 .1499E+01 .1269E+00 .3153E+00
.5760E+03 .1816E+01 .1487E+01 .1253E+00 .1343E+01 .1218E+01 .1487E+01 .1453E+00 .1632E+01 .1487E+01 .1253E+00 .3133E+00
.5770E+03 .1834E+01 .1504E+01 .1262E+00 .1358E+01 .1232E+01 .1504E+01 .1465E+00 .1650E+01 .1504E+01 .1262E+00 .3174E+00
.5780E+03 .1801E+01 .1482E+01 .1239E+00 .1338E+01 .1214E+01 .1482E+01 .1441E+00 .1626E+01 .1482E+01 .1239E+00 .3137E+00
.5790E+03 .1799E+01 .1486E+01 .1238E+00 .1341E+01 .1217E+01 .1486E+01 .1443E+00 .1630E+01 .1486E+01 .1238E+00 .3155E+00
.5800E+03 .1819E+01 .1508E+01 .1253E+00 .1361E+01 .1236E+01 .1508E+01 .1463E+00 .1655E+01 .1508E+01 .1253E+00 .3212E+00
.5810E+03 .1818E+01 .1512E+01 .1252E+00 .1364E+01 .1239E+01 .1512E+01 .1463E+00 .1659E+01 .1512E+01 .1252E+00 .3225E+00
.5820E+03 .1843E+01 .1538E+01 .1268E+00 .1387E+01 .1260E+01 .1538E+01 .1484E+00 .1686E+01 .1538E+01 .1268E+00 .3283E+00
.5830E+03 .1840E+01 .1540E+01 .1265E+00 .1388E+01 .1261E+01 .1540E+01 .1484E+00 .1688E+01 .1540E+01 .1265E+00 .3301E+00
.5840E+03 .1851E+01 .1551E+01 .1270E+00 .1397E+01 .1270E+01 .1551E+01 .1492E+00 .1700E+01 .1551E+01 .1270E+00 .3342E+00
.5850E+03 .1803E+01 .1512E+01 .1232E+00 .1362E+01 .1238E+01 .1512E+01 .1451E+00 .1657E+01 .1512E+01 .1232E+00 .3269E+00
.5860E+03 .1766E+01 .1479E+01 .1198E+00 .1331E+01 .1211E+01 .1479E+01 .1413E+00 .1620E+01 .1479E+01 .1198E+00 .3195E+00
.5870E+03 .1811E+01 .1508E+01 .1212E+00 .1356E+01 .1235E+01 .1508E+01 .1432E+00 .1651E+01 .1508E+01 .1212E+00 .3257E+00
.5880E+03 .1794E+01 .1462E+01 .1158E+00 .1314E+01 .1198E+01 .1462E+01 .1375E+00 .1600E+01 .1462E+01 .1158E+00 .3169E+00
.5890E+03 .1647E+01 .1287E+01 .9972E-01 .1154E+01 .1054E+01 .1287E+01 .1191E+00 .1406E+01 .1287E+01 .9972E-01 .2799E+00
.5900E+03 .1717E+01 .1347E+01 .1040E+00 .1207E+01 .1103E+01 .1347E+01 .1244E+00 .1471E+01 .1347E+01 .1040E+00 .2941E+00
.5910E+03 .1783E+01 .1427E+01 .1106E+00 .1280E+01 .1169E+01 .1427E+01 .1324E+00 .1560E+01 .1427E+01 .1106E+00 .3129E+00
.5920E+03 .1781E+01 .1411E+01 .1084E+00 .1264E+01 .1156E+01 .1411E+01 .1302E+00 .1541E+01 .1411E+01 .1084E+00 .3101E+00
.5930E+03 .1785E+01 .1436E+01 .1106E+00 .1287E+01 .1176E+01 .1436E+01 .1329E+00 .1569E+01 .1436E+01 .1106E+00 .3162E+00
.5940E+03 .1782E+01 .1427E+01 .1091E+00 .1278E+01 .1169E+01 .1427E+01 .1314E+00 .1558E+01 .1427E+01 .1091E+00 .3145E+00
.5950E+03 .1753E+01 .1390E+01 .1052E+00 .1243E+01 .1138E+01 .1390E+01 .1270E+00 .1517E+01 .1390E+01 .1052E+00 .3069E+00
.5960E+03 .1780E+01 .1453E+01 .1109E+00 .1301E+01 .1190E+01 .1453E+01 .1339E+00 .1587E+01 .1453E+01 .1109E+00 .3222E+00
.5970E+03 .1768E+01 .1439E+01 .1091E+00 .1288E+01 .1179E+01 .1439E+01 .1320E+00 .1571E+01 .1439E+01 .1091E+00 .3199E+00
.5980E+03 .1752E+01 .1438E+01 .1089E+00 .1287E+01 .1178E+01 .1438E+01 .1320E+00 .1570E+01 .1438E+01 .1089E+00 .3203E+00
.5990E+03 .1747E+01 .1443E+01 .1091E+00 .1291E+01 .1182E+01 .1443E+01 .1323E+00 .1575E+01 .1443E+01 .1091E+00 .3218E+00
.6000E+03 .1738E+01 .1450E+01 .1095E+00 .1297E+01 .1187E+01 .1450E+01 .1330E+00 .1583E+01 .1450E+01 .1095E+00 .3241E+00
.6010E+03 .1716E+01 .1441E+01 .1087E+00 .1289E+01 .1180E+01 .1441E+01 .1322E+00 .1573E+01 .1441E+01 .1087E+00 .3231E+00
.6020E+03 .1703E+01 .1432E+01 .1075E+00 .1280E+01 .1173E+01 .1432E+01 .1310E+00 .1563E+01 .1432E+01 .1075E+00 .3219E+00
.6030E+03 .1728E+01 .1456E+01 .1089E+00 .1301E+01 .1193E+01 .1456E+01 .1330E+00 .1589E+01 .1456E+01 .1089E+00 .3278E+00
.6040E+03 .1755E+01 .1480E+01 .1102E+00 .1322E+01 .1212E+01 .1480E+01 .1348E+00 .1614E+01 .1480E+01 .1102E+00 .3337E+00
.6050E+03 .1744E+01 .1473E+01 .1093E+00 .1316E+01 .1206E+01 .1473E+01 .1339E+00 .1607E+01 .1473E+01 .1093E+00 .3330E+00
.6060E+03 .1733E+01 .1468E+01 .1085E+00 .1311E+01 .1202E+01 .1468E+01 .1332E+00 .1601E+01 .1468E+01 .1085E+00 .3328E+00
.6070E+03 .1746E+01 .1483E+01 .1093E+00 .1324E+01 .1214E+01 .1483E+01 .1344E+00 .1617E+01 .1483E+01 .1093E+00 .3371E+00
.6080E+03 .1723E+01 .1466E+01 .1077E+00 .1309E+01 .1201E+01 .1466E+01 .1326E+00 .1599E+01 .1466E+01 .1077E+00 .3338E+00
.6090E+03 .1723E+01 .1469E+01 .1074E+00 .1311E+01 .1203E+01 .1469E+01 .1325E+00 .1601E+01 .1469E+01 .1074E+00 .3348E+00
.6100E+03 .1707E+01 .1457E+01 .1061E+00 .1299E+01 .1193E+01 .1457E+01 .1311E+00 .1588E+01 .1457E+01 .1061E+00 .3328E+00
.6110E+03 .1714E+01 .1465E+01 .1062E+00 .1306E+01 .1200E+01 .1465E+01 .1316E+00 .1596E+01 .1465E+01 .1062E+00 .3357E+00
.6120E+03 .1707E+01 .1460E+01 .1054E+00 .1301E+01 .1196E+01 .1460E+01 .1309E+00 .1590E+01 .1460E+01 .1054E+00 .3354E+00
.6130E+03 .1684E+01 .1441E+01 .1036E+00 .1284E+01 .1180E+01 .1441E+01 .1289E+00 .1570E+01 .1441E+01 .1036E+00 .3316E+00
.6140E+03 .1658E+01 .1420E+01 .1017E+00 .1265E+01 .1164E+01 .1420E+01 .1268E+00 .1547E+01 .1420E+01 .1017E+00 .3274E+00
.6150E+03 .1691E+01 .1451E+01 .1035E+00 .1292E+01 .1189E+01 .1451E+01 .1293E+00 .1581E+01 .1451E+01 .1035E+00 .3353E+00
.6160E+03 .1633E+01 .1403E+01 .9973E-01 .1249E+01 .1149E+01 .1403E+01 .1248E+00 .1528E+01 .1403E+01 .9973E-01 .3251E+00
.6170E+03 .1628E+01 .1400E+01 .9911E-01 .1246E+01 .1147E+01 .1400E+01 .1243E+00 .1524E+01 .1400E+01 .9911E-01 .3253E+00
.6180E+03 .1689E+01 .1454E+01 .1025E+00 .1293E+01 .1191E+01 .1454E+01 .1288E+00 .1582E+01 .1454E+01 .1025E+00 .3387E+00
.6190E+03 .1671E+01 .1439E+01 .1010E+00 .1280E+01 .1179E+01 .1439E+01 .1272E+00 .1566E+01 .1439E+01 .1010E+00 .3363E+00
.6200E+03 .1682E+01 .1447E+01 .1011E+00 .1287E+01 .1186E+01 .1447E+01 .1277E+00 .1575E+01 .1447E+01 .1011E+00 .3393E+00
.6210E+03 .1687E+01 .1448E+01 .1007E+00 .1287E+01 .1186E+01 .1448E+01 .1274E+00 .1576E+01 .1448E+01 .1007E+00 .3405E+00
.6220E+03 .1671E+01 .1424E+01 .9815E-01 .1264E+01 .1166E+01 .1424E+01 .1246E+00 .1548E+01 .1424E+01 .9815E-01 .3354E+00
.6230E+03 .1649E+01 .1395E+01 .9538E-01 .1238E+01 .1143E+01 .1395E+01 .1214E+00 .1516E+01 .1395E+01 .9538E-01 .3289E+00
.6240E+03 .1618E+01 .1375E+01 .9379E-01 .1220E+01 .1126E+01 .1375E+01 .1195E+00 .1495E+01 .1375E+01 .9379E-01 .3247E+00
.6250E+03 .1614E+01 .1380E+01 .9400E-01 .1224E+01 .1130E+01 .1380E+01 .1200E+00 .1500E+01 .1380E+01 .9400E-01 .3273E+00
.6260E+03 .1639E+01 .1402E+01 .9515E-01 .1244E+01 .1148E+01 .1402E+01 .1218E+00 .1524E+01 .1402E+01 .9515E-01 .3340E+00
.6270E+03 .1666E+01 .1418E+01 .9561E-01 .1257E+01 .1162E+01 .1418E+01 .1227E+00 .1541E+01 .1418E+01 .9561E-01 .3387E+00
.6280E+03 .1664E+01 .1362E+01 .8971E-01 .1205E+01 .1116E+01 .1362E+01 .1159E+00 .1478E+01 .1362E+01 .8971E-01 .3254E+00
.6290E+03 .1664E+01 .1399E+01 .9290E-01 .1239E+01 .1146E+01 .1399E+01 .1199E+00 .1519E+01 .1399E+01 .9290E-01 .3349E+00
.6300E+03 .1629E+01 .1373E+01 .9091E-01 .1216E+01 .1125E+01 .1373E+01 .1175E+00 .1491E+01 .1373E+01 .9091E-01 .3292E+00
.6310E+03 .1630E+01 .1395E+01 .9260E-01 .1235E+01 .1143E+01 .1395E+01 .1197E+00 .1515E+01 .1395E+01 .9260E-01 .3350E+00
.6320E+03 .1605E+01 .1372E+01 .9068E-01 .1215E+01 .1124E+01 .1372E+01 .1175E+00 .1490E+01 .1372E+01 .9068E-01 .3306E+00
.6330E+03 .1639E+01 .1414E+01 .9345E-01 .1252E+01 .1158E+01 .1414E+01 .1213E+00 .1535E+01 .1414E+01 .9345E-01 .3421E+00
.6340E+03 .1612E+01 .1399E+01 .9234E-01 .1238E+01 .1146E+01 .1399E+01 .1201E+00 .1519E+01 .1399E+01 .9234E-01 .3398E+00
.6350E+03 .1632E+01 .1418E+01 .9327E-01 .1255E+01 .1162E+01 .1418E+01 .1215E+00 .1540E+01 .1418E+01 .9327E-01 .3449E+00
.6360E+03 .1604E+01 .1397E+01 .9158E-01 .1236E+01 .1144E+01 .1397E+01 .1195E+00 .1517E+01 .1397E+01 .9158E-01 .3403E+00
.6370E+03 .1626E+01 .1417E+01 .9257E-01 .1254E+01 .1161E+01 .1417E+01 .1210E+00 .1539E+01 .1417E+01 .9257E-01 .3460E+00
.6380E+03 .1634E+01 .1430E+01 .9319E-01 .1265E+01 .1172E+01 .1430E+01 .1221E+00 .1552E+01 .1430E+01 .9319E-01 .3501E+00
.6390E+03 .1612E+01 .1414E+01 .9179E-01 .1250E+01 .1158E+01 .1414E+01 .1205E+00 .1534E+01 .1414E+01 .9179E-01 .3468E+00
.6400E+03 .1592E+01 .1399E+01 .9059E-01 .1237E+01 .1146E+01 .1399E+01 .1191E+00 .1519E+01 .1399E+01 .9059E-01 .3438E+00
.6410E+03 .1588E+01 .1398E+01 .9015E-01 .1235E+01 .1145E+01 .1398E+01 .1187E+00 .1517E+01 .1398E+01 .9015E-01 .3439E+00
.6420E+03 .1577E+01 .1391E+01 .8945E-01 .1229E+01 .1139E+01 .1391E+01 .1181E+00 .1509E+01 .1391E+01 .8945E-01 .3435E+00
.6430E+03 .1598E+01 .1408E+01 .9017E-01 .1244E+01 .1154E+01 .1408E+01 .1194E+00 .1528E+01 .1408E+01 .9017E-01 .3492E+00
.6440E+03 .1589E+01 .1403E+01 .8957E-01 .1239E+01 .1149E+01 .1403E+01 .1188E+00 .1522E+01 .1403E+01 .8957E-01 .3491E+00
.6450E+03 .1594E+01 .1404E+01 .8911E-01 .1239E+01 .1150E+01 .1404E+01 .1185E+00 .1522E+01 .1404E+01 .8911E-01 .3497E+00
.6460E+03 .1570E+01 .1366E+01 .8587E-01 .1205E+01 .1119E+01 .1366E+01 .1146E+00 .1481E+01 .1366E+01 .8587E-01 .3406E+00
.6470E+03 .1578E+01 .1344E+01 .8332E-01 .1184E+01 .1101E+01 .1344E+01 .1117E+00 .1456E+01 .1344E+01 .8332E-01 .3358E+00
.6480E+03 .1592E+01 .1341E+01 .8259E-01 .1181E+01 .1099E+01 .1341E+01 .1111E+00 .1452E+01 .1341E+01 .8259E-01 .3360E+00
.6490E+03 .1561E+01 .1317E+01 .8082E-01 .1160E+01 .1079E+01 .1317E+01 .1089E+00 .1426E+01 .1317E+01 .8082E-01 .3307E+00
.6500E+03 .1530E+01 .1331E+01 .8237E-01 .1173E+01 .1090E+01 .1331E+01 .1108E+00 .1442E+01 .1331E+01 .8237E-01 .3348E+00
.6510E+03 .1587E+01 .1390E+01 .8587E-01 .1224E+01 .1139E+01 .1390E+01 .1157E+00 .1506E+01 .1390E+01 .8587E-01 .3501E+00
.6520E+03 .1569E+01 .1319E+01 .7982E-01 .1160E+01 .1080E+01 .1319E+01 .1083E+00 .1427E+01 .1319E+01 .7982E-01 .3327E+00
.6530E+03 .1567E+01 .1370E+01 .8397E-01 .1206E+01 .1122E+01 .1370E+01 .1137E+00 .1484E+01 .1370E+01 .8397E-01 .3468E+00
.6540E+03 .1544E+01 .1356E+01 .8282E-01 .1193E+01 .1110E+01 .1356E+01 .1123E+00 .1468E+01 .1356E+01 .8282E-01 .3438E+00
.6550E+03 .1510E+01 .1300E+01 .7853E-01 .1143E+01 .1065E+01 .1300E+01 .1069E+00 .1407E+01 .1300E+01 .7853E-01 .3300E+00
.6560E+03 .1322E+01 .1153E+01 .6968E-01 .1014E+01 .9447E+00 .1153E+01 .9494E-01 .1248E+01 .1153E+01 .6968E-01 .2932E+00
.6570E+03 .1357E+01 .1182E+01 .7118E-01 .1040E+01 .9686E+00 .1182E+01 .9724E-01 .1280E+01 .1182E+01 .7118E-01 .3019E+00
.6580E+03 .1510E+01 .1327E+01 .7991E-01 .1167E+01 .1087E+01 .1327E+01 .1093E+00 .1436E+01 .1327E+01 .7991E-01 .3403E+00
.6590E+03 .1514E+01 .1335E+01 .8016E-01 .1174E+01 .1094E+01 .1335E+01 .1099E+00 .1445E+01 .1335E+01 .8016E-01 .3432E+00
.6600E+03 .1518E+01 .1336E+01 .7976E-01 .1174E+01 .1094E+01 .1336E+01 .1096E+00 .1445E+01 .1336E+01 .7976E-01 .3438E+00
.6610E+03 .1528E+01 .1339E+01 .7944E-01 .1176E+01 .1097E+01 .1339E+01 .1095E+00 .1448E+01 .1339E+01 .7944E-01 .3450E+00
.6620E+03 .1538E+01 .1338E+01 .7882E-01 .1175E+01 .1096E+01 .1338E+01 .1090E+00 .1447E+01 .1338E+01 .7882E-01 .3461E+00
.6630E+03 .1505E+01 .1315E+01 .7740E-01 .1155E+01 .1078E+01 .1315E+01 .1073E+00 .1423E+01 .1315E+01 .7740E-01 .3417E+00
.6640E+03 .1513E+01 .1338E+01 .7886E-01 .1175E+01 .1096E+01 .1338E+01 .1094E+00 .1447E+01 .1338E+01 .7886E-01 .3484E+00
.6650E+03 .1507E+01 .1342E+01 .7908E-01 .1179E+01 .1100E+01 .1342E+01 .1098E+00 .1452E+01 .1342E+01 .7908E-01 .3501E+00
.6660E+03 .1505E+01 .1348E+01 .7931E-01 .1184E+01 .1104E+01 .1348E+01 .1103E+00 .1458E+01 .1348E+01 .7931E-01 .3522E+00
.6670E+03 .1500E+01 .1349E+01 .7924E-01 .1185E+01 .1105E+01 .1349E+01 .1104E+00 .1460E+01 .1349E+01 .7924E-01 .3534E+00
.6680E+03 .1497E+01 .1351E+01 .7916E-01 .1186E+01 .1107E+01 .1351E+01 .1105E+00 .1462E+01 .1351E+01 .7916E-01 .3548E+00
.6690E+03 .1518E+01 .1372E+01 .8013E-01 .1204E+01 .1124E+01 .1372E+01 .1120E+00 .1484E+01 .1372E+01 .8013E-01 .3609E+00
.6700E+03 .1510E+01 .1367E+01 .7954E-01 .1199E+01 .1119E+01 .1367E+01 .1114E+00 .1478E+01 .1367E+01 .7954E-01 .3599E+00
.6710E+03 .1508E+01 .1366E+01 .7925E-01 .1198E+01 .1119E+01 .1366E+01 .1113E+00 .1477E+01 .1366E+01 .7925E-01 .3607E+00
.6720E+03 .1494E+01 .1354E+01 .7835E-01 .1188E+01 .1109E+01 .1354E+01 .1103E+00 .1465E+01 .1354E+01 .7835E-01 .3596E+00
.6730E+03 .1515E+01 .1375E+01 .7932E-01 .1205E+01 .1126E+01 .1375E+01 .1120E+00 .1487E+01 .1375E+01 .7932E-01 .3671E+00
.6740E+03 .1508E+01 .1370E+01 .7873E-01 .1201E+01 .1122E+01 .1370E+01 .1114E+00 .1481E+01 .1370E+01 .7873E-01 .3661E+00
.6750E+03 .1493E+01 .1357E+01 .7773E-01 .1189E+01 .1112E+01 .1357E+01 .1102E+00 .1467E+01 .1357E+01 .7773E-01 .3632E+00
.6760E+03 .1502E+01 .1366E+01 .7798E-01 .1197E+01 .1119E+01 .1366E+01 .1108E+00 .1477E+01 .1366E+01 .7798E-01 .3665E+00
.6770E+03 .1486E+01 .1352E+01 .7694E-01 .1185E+01 .1108E+01 .1352E+01 .1096E+00 .1462E+01 .1352E+01 .7694E-01 .3642E+00
.6780E+03 .1489E+01 .1355E+01 .7687E-01 .1187E+01 .1110E+01 .1355E+01 .1098E+00 .1465E+01 .1355E+01 .7687E-01 .3665E+00
.6790E+03 .1464E+01 .1333E+01 .7537E-01 .1168E+01 .1092E+01 .1333E+01 .1079E+00 .1441E+01 .1333E+01 .7537E-01 .3615E+00
.6800E+03 .1475E+01 .1344E+01 .7572E-01 .1177E+01 .1101E+01 .1344E+01 .1087E+00 .1453E+01 .1344E+01 .7572E-01 .3654E+00
.6810E+03 .1465E+01 .1336E+01 .7498E-01 .1169E+01 .1094E+01 .1336E+01 .1078E+00 .1443E+01 .1336E+01 .7498E-01 .3640E+00
.6820E+03 .1463E+01 .1334E+01 .7464E-01 .1168E+01 .1093E+01 .1334E+01 .1076E+00 .1442E+01 .1334E+01 .7464E-01 .3645E+00
.6830E+03 .1460E+01 .1332E+01 .7424E-01 .1165E+01 .1091E+01 .1332E+01 .1073E+00 .1439E+01 .1332E+01 .7424E-01 .3646E+00
.6840E+03 .1453E+01 .1325E+01 .7357E-01 .1159E+01 .1085E+01 .1325E+01 .1065E+00 .1432E+01 .1325E+01 .7357E-01 .3632E+00
.6850E+03 .1464E+01 .1337E+01 .7398E-01 .1169E+01 .1095E+01 .1337E+01 .1073E+00 .1444E+01 .1337E+01 .7398E-01 .3668E+00
.6860E+03 .1457E+01 .1329E+01 .7327E-01 .1162E+01 .1089E+01 .1329E+01 .1066E+00 .1436E+01 .1329E+01 .7327E-01 .3658E+00
.6870E+03 .1475E+01 .1070E+01 .5258E-01 .9287E+00 .8762E+00 .1070E+01 .7931E-01 .1149E+01 .1070E+01 .5258E-01 .2939E+00
.6880E+03 .1458E+01 .1161E+01 .5954E-01 .1011E+01 .9514E+00 .1161E+01 .8879E-01 .1250E+01 .1161E+01 .5954E-01 .3209E+00
.6890E+03 .1455E+01 .1162E+01 .5944E-01 .1012E+01 .9522E+00 .1162E+01 .8879E-01 .1251E+01 .1162E+01 .5944E-01 .3215E+00
.6900E+03 .1445E+01 .1189E+01 .6143E-01 .1035E+01 .9739E+00 .1189E+01 .9156E-01 .1281E+01 .1189E+01 .6143E-01 .3295E+00
.6910E+03 .1434E+01 .1215E+01 .6349E-01 .1059E+01 .9955E+00 .1215E+01 .9445E-01 .1310E+01 .1215E+01 .6349E-01 .3381E+00
.6920E+03 .1421E+01 .1222E+01 .6412E-01 .1065E+01 .1001E+01 .1222E+01 .9545E-01 .1318E+01 .1222E+01 .6412E-01 .3415E+00
.6930E+03 .1423E+01 .1180E+01 .6081E-01 .1027E+01 .9664E+00 .1180E+01 .9115E-01 .1271E+01 .1180E+01 .6081E-01 .3304E+00
.6940E+03 .1427E+01 .1153E+01 .5891E-01 .1003E+01 .9442E+00 .1153E+01 .8861E-01 .1241E+01 .1153E+01 .5891E-01 .3231E+00
.6950E+03 .1427E+01 .1202E+01 .6229E-01 .1047E+01 .9847E+00 .1202E+01 .9337E-01 .1296E+01 .1202E+01 .6229E-01 .3375E+00
.6960E+03 .1439E+01 .1203E+01 .6215E-01 .1048E+01 .9858E+00 .1203E+01 .9342E-01 .1297E+01 .1203E+01 .6215E-01 .3390E+00
.6970E+03 .1433E+01 .1285E+01 .6762E-01 .1120E+01 .1052E+01 .1285E+01 .1012E+00 .1386E+01 .1285E+01 .6762E-01 .3637E+00
.6980E+03 .1413E+01 .1264E+01 .6624E-01 .1102E+01 .1035E+01 .1264E+01 .9943E-01 .1363E+01 .1264E+01 .6624E-01 .3588E+00
.6990E+03 .1432E+01 .1228E+01 .6314E-01 .1069E+01 .1006E+01 .1228E+01 .9542E-01 .1323E+01 .1228E+01 .6314E-01 .3487E+00
.7000E+03 .1414E+01 .1211E+01 .6195E-01 .1054E+01 .9919E+00 .1211E+01 .9386E-01 .1305E+01 .1211E+01 .6195E-01 .3442E+00
.7010E+03 .1411E+01 .1196E+01 .6057E-01 .1040E+01 .9793E+00 .1196E+01 .9221E-01 .1288E+01 .1196E+01 .6057E-01 .3409E+00
.7020E+03 .1403E+01 .1208E+01 .6142E-01 .1051E+01 .9894E+00 .1208E+01 .9357E-01 .1301E+01 .1208E+01 .6142E-01 .3458E+00
.7030E+03 .1409E+01 .1209E+01 .6132E-01 .1052E+01 .9905E+00 .1209E+01 .9362E-01 .1303E+01 .1209E+01 .6132E-01 .3470E+00
.7040E+03 .1423E+01 .1252E+01 .6384E-01 .1089E+01 .1025E+01 .1252E+01 .9738E-01 .1349E+01 .1252E+01 .6384E-01 .3598E+00
.7050E+03 .1425E+01 .1250E+01 .6335E-01 .1087E+01 .1024E+01 .1250E+01 .9690E-01 .1347E+01 .1250E+01 .6335E-01 .3595E+00
.7060E+03 .1411E+01 .1253E+01 .6359E-01 .1090E+01 .1026E+01 .1253E+01 .9736E-01 .1350E+01 .1253E+01 .6359E-01 .3614E+00
.7070E+03 .1408E+01 .1253E+01 .6346E-01 .1090E+01 .1027E+01 .1253E+01 .9736E-01 .1351E+01 .1253E+01 .6346E-01 .3623E+00
.7080E+03 .1411E+01 .1257E+01 .6339E-01 .1093E+01 .1029E+01 .1257E+01 .9748E-01 .1354E+01 .1257E+01 .6339E-01 .3639E+00
.7090E+03 .1397E+01 .1263E+01 .6392E-01 .1099E+01 .1035E+01 .1263E+01 .9828E-01 .1361E+01 .1263E+01 .6392E-01 .3663E+00
.7100E+03 .1404E+01 .1260E+01 .6334E-01 .1096E+01 .1033E+01 .1260E+01 .9771E-01 .1358E+01 .1260E+01 .6334E-01 .3661E+00
.7110E+03 .1397E+01 .1261E+01 .6334E-01 .1096E+01 .1033E+01 .1261E+01 .9799E-01 .1359E+01 .1261E+01 .6334E-01 .3685E+00
.7120E+03 .1386E+01 .1259E+01 .6327E-01 .1094E+01 .1031E+01 .1259E+01 .9813E-01 .1357E+01 .1259E+01 .6327E-01 .3703E+00
.7130E+03 .1378E+01 .1245E+01 .6217E-01 .1082E+01 .1019E+01 .1245E+01 .9672E-01 .1341E+01 .1245E+01 .6217E-01 .3667E+00
.7140E+03 .1383E+01 .1249E+01 .6221E-01 .1086E+01 .1023E+01 .1249E+01 .9694E-01 .1346E+01 .1249E+01 .6221E-01 .3681E+00
.7150E+03 .1357E+01 .1205E+01 .5929E-01 .1046E+01 .9867E+00 .1205E+01 .9281E-01 .1297E+01 .1205E+01 .5929E-01 .3550E+00
.7160E+03 .1364E+01 .1202E+01 .5883E-01 .1043E+01 .9846E+00 .1202E+01 .9242E-01 .1294E+01 .1202E+01 .5883E-01 .3555E+00
.7170E+03 .1383E+01 .1010E+01 .4588E-01 .8734E+00 .8275E+00 .1010E+01 .7406E-01 .1084E+01 .1010E+01 .4588E-01 .2989E+00
.7180E+03 .1361E+01 .9197E+00 .4080E-01 .7942E+00 .7534E+00 .9197E+00 .6650E-01 .9862E+00 .9197E+00 .4080E-01 .2727E+00
.7190E+03 .1336E+01 .8584E+00 .3787E-01 .7410E+00 .7031E+00 .8584E+00 .6192E-01 .9203E+00 .8584E+00 .3787E-01 .2551E+00
.7200E+03 .1362E+01 .8957E+00 .3917E-01 .7729E+00 .7337E+00 .8957E+00 .6434E-01 .9601E+00 .8957E+00 .3917E-01 .2667E+00
.7210E+03 .1347E+01 .1008E+01 .4608E-01 .8716E+00 .8255E+00 .1008E+01 .7462E-01 .1082E+01 .1008E+01 .4608E-01 .3013E+00
.7220E+03 .1346E+01 .1162E+01 .5528E-01 .1007E+01 .9515E+00 .1162E+01 .8842E-01 .1250E+01 .1162E+01 .5528E-01 .3487E+00
.7230E+03 .1358E+01 .1075E+01 .4967E-01 .9299E+00 .8803E+00 .1075E+01 .8032E-01 .1155E+01 .1075E+01 .4967E-01 .3226E+00
.7240E+03 .1347E+01 .9625E+00 .4301E-01 .8315E+00 .7884E+00 .9625E+00 .7044E-01 .1033E+01 .9625E+00 .4301E-01 .2890E+00
.7250E+03 .1338E+01 .9334E+00 .4094E-01 .8055E+00 .7646E+00 .9334E+00 .6755E-01 .1001E+01 .9334E+00 .4094E-01 .2803E+00
.7260E+03 .1340E+01 .9756E+00 .4310E-01 .8422E+00 .7991E+00 .9756E+00 .7100E-01 .1047E+01 .9756E+00 .4310E-01 .2934E+00
.7270E+03 .1349E+01 .1003E+01 .4481E-01 .8668E+00 .8220E+00 .1003E+01 .7360E-01 .1077E+01 .1003E+01 .4481E-01 .3023E+00
.7280E+03 .1325E+01 .9340E+00 .4076E-01 .8058E+00 .7650E+00 .9340E+00 .6755E-01 .1002E+01 .9340E+00 .4076E-01 .2814E+00
.7290E+03 .1298E+01 .9778E+00 .4363E-01 .8446E+00 .8009E+00 .9778E+00 .7180E-01 .1050E+01 .9778E+00 .4363E-01 .2952E+00
.7300E+03 .1330E+01 .1028E+01 .4552E-01 .8873E+00 .8418E+00 .1028E+01 .7519E-01 .1103E+01 .1028E+01 .4552E-01 .3106E+00
.7310E+03 .1320E+01 .9785E+00 .4287E-01 .8444E+00 .8015E+00 .9785E+00 .7120E-01 .1050E+01 .9785E+00 .4287E-01 .2964E+00
.7320E+03 .1323E+01 .1061E+01 .4765E-01 .9169E+00 .8692E+00 .1061E+01 .7855E-01 .1140E+01 .1061E+01 .4765E-01 .3225E+00
.7330E+03 .1319E+01 .1134E+01 .5193E-01 .9812E+00 .9293E+00 .1134E+01 .8511E-01 .1220E+01 .1134E+01 .5193E-01 .3455E+00
.7340E+03 .1333E+01 .1164E+01 .5348E-01 .1007E+01 .9539E+00 .1164E+01 .8763E-01 .1252E+01 .1164E+01 .5348E-01 .3551E+00
.7350E+03 .1314E+01 .1138E+01 .5186E-01 .9838E+00 .9320E+00 .1138E+01 .8530E-01 .1223E+01 .1138E+01 .5186E-01 .3474E+00
.7360E+03 .1308E+01 .1137E+01 .5166E-01 .9832E+00 .9315E+00 .1137E+01 .8518E-01 .1222E+01 .1137E+01 .5166E-01 .3480E+00
.7370E+03 .1318E+01 .1141E+01 .5165E-01 .9863E+00 .9347E+00 .1141E+01 .8538E-01 .1226E+01 .1141E+01 .5165E-01 .3499E+00
.7380E+03 .1296E+01 .1164E+01 .5330E-01 .1007E+01 .9535E+00 .1164E+01 .8783E-01 .1252E+01 .1164E+01 .5330E-01 .3575E+00
.7390E+03 .1274E+01 .1141E+01 .5205E-01 .9866E+00 .9345E+00 .1141E+01 .8595E-01 .1227E+01 .1141E+01 .5205E-01 .3508E+00
.7400E+03 .1293E+01 .1175E+01 .5374E-01 .1016E+01 .9624E+00 .1175E+01 .8875E-01 .1264E+01 .1175E+01 .5374E-01 .3617E+00
.7410E+03 .1272E+01 .1166E+01 .5332E-01 .1008E+01 .9549E+00 .1166E+01 .8815E-01 .1254E+01 .1166E+01 .5332E-01 .3594E+00
.7420E+03 .1266E+01 .1170E+01 .5350E-01 .1012E+01 .9580E+00 .1170E+01 .8852E-01 .1258E+01 .1170E+01 .5350E-01 .3610E+00
.7430E+03 .1296E+01 .1200E+01 .5478E-01 .1038E+01 .9834E+00 .1200E+01 .9075E-01 .1291E+01 .1200E+01 .5478E-01 .3705E+00
.7440E+03 .1288E+01 .1199E+01 .5463E-01 .1037E+01 .9821E+00 .1199E+01 .9060E-01 .1290E+01 .1199E+01 .5463E-01 .3700E+00
.7450E+03 .1285E+01 .1201E+01 .5464E-01 .1038E+01 .9836E+00 .1201E+01 .9074E-01 .1292E+01 .1201E+01 .5464E-01 .3711E+00
.7460E+03 .1291E+01 .1206E+01 .5472E-01 .1043E+01 .9883E+00 .1206E+01 .9110E-01 .1298E+01 .1206E+01 .5472E-01 .3736E+00
.7470E+03 .1293E+01 .1210E+01 .5472E-01 .1046E+01 .9910E+00 .1210E+01 .9130E-01 .1301E+01 .1210E+01 .5472E-01 .3752E+00
.7480E+03 .1290E+01 .1208E+01 .5444E-01 .1044E+01 .9893E+00 .1208E+01 .9098E-01 .1299E+01 .1208E+01 .5444E-01 .3745E+00
.7490E+03 .1275E+01 .1194E+01 .5365E-01 .1032E+01 .9782E+00 .1194E+01 .8981E-01 .1284E+01 .1194E+01 .5365E-01 .3703E+00
.7500E+03 .1274E+01 .1194E+01 .5347E-01 .1031E+01 .9778E+00 .1194E+01 .8969E-01 .1283E+01 .1194E+01 .5347E-01 .3707E+00
.7510E+03 .1261E+01 .1182E+01 .5277E-01 .1021E+01 .9680E+00 .1182E+01 .8874E-01 .1270E+01 .1182E+01 .5277E-01 .3678E+00
.7520E+03 .1266E+01 .1187E+01 .5285E-01 .1025E+01 .9723E+00 .1187E+01 .8907E-01 .1276E+01 .1187E+01 .5285E-01 .3700E+00
.7530E+03 .1272E+01 .1193E+01 .5295E-01 .1030E+01 .9774E+00 .1193E+01 .8938E-01 .1283E+01 .1193E+01 .5295E-01 .3719E+00
.7540E+03 .1275E+01 .1196E+01 .5289E-01 .1033E+01 .9797E+00 .1196E+01 .8943E-01 .1285E+01 .1196E+01 .5289E-01 .3727E+00
.7550E+03 .1268E+01 .1189E+01 .5243E-01 .1027E+01 .9743E+00 .1189E+01 .8886E-01 .1278E+01 .1189E+01 .5243E-01 .3713E+00
.7560E+03 .1267E+01 .1189E+01 .5229E-01 .1027E+01 .9742E+00 .1189E+01 .8882E-01 .1278E+01 .1189E+01 .5229E-01 .3721E+00
.7570E+03 .1269E+01 .1191E+01 .5222E-01 .1028E+01 .9759E+00 .1191E+01 .8891E-01 .1280E+01 .1191E+01 .5222E-01 .3734E+00
.7580E+03 .1254E+01 .1177E+01 .5142E-01 .1016E+01 .9643E+00 .1177E+01 .8774E-01 .1265E+01 .1177E+01 .5142E-01 .3693E+00
.7590E+03 .1250E+01 .1163E+01 .5042E-01 .1003E+01 .9528E+00 .1163E+01 .8635E-01 .1249E+01 .1163E+01 .5042E-01 .3652E+00
.7600E+03 .1250E+01 .4361E+00 .1177E-01 .3690E+00 .3572E+00 .4361E+00 .2463E-01 .4608E+00 .4361E+00 .1177E-01 .1349E+00
.7610E+03 .1246E+01 .3056E+00 .6966E-02 .2573E+00 .2504E+00 .3056E+00 .1589E-01 .3215E+00 .3056E+00 .6966E-02 .9428E-01
.7620E+03 .1224E+01 .7997E+00 .2891E-01 .6840E+00 .6551E+00 .7997E+00 .5325E-01 .8530E+00 .7997E+00 .2891E-01 .2502E+00
.7630E+03 .1247E+01 .5503E+00 .1643E-01 .4672E+00 .4508E+00 .5503E+00 .3288E-01 .5832E+00 .5503E+00 .1643E-01 .1711E+00
.7640E+03 .1240E+01 .6875E+00 .2281E-01 .5860E+00 .5632E+00 .6875E+00 .4359E-01 .7311E+00 .6875E+00 .2281E-01 .2145E+00
.7650E+03 .1227E+01 .8006E+00 .2863E-01 .6845E+00 .6558E+00 .8006E+00 .5306E-01 .8537E+00 .8006E+00 .2863E-01 .2506E+00
.7660E+03 .1177E+01 .8789E+00 .3343E-01 .7534E+00 .7199E+00 .8789E+00 .6049E-01 .9394E+00 .8789E+00 .3343E-01 .2760E+00
.7670E+03 .1217E+01 .1013E+01 .4051E-01 .8706E+00 .8301E+00 .1013E+01 .7195E-01 .1085E+01 .1013E+01 .4051E-01 .3191E+00
.7680E+03 .1222E+01 .1098E+01 .4542E-01 .9450E+00 .8996E+00 .1098E+01 .7971E-01 .1178E+01 .1098E+01 .4542E-01 .3467E+00
.7690E+03 .1210E+01 .1106E+01 .4597E-01 .9518E+00 .9058E+00 .1106E+01 .8060E-01 .1186E+01 .1106E+01 .4597E-01 .3497E+00
.7700E+03 .1210E+01 .1126E+01 .4710E-01 .9698E+00 .9227E+00 .1126E+01 .8251E-01 .1209E+01 .1126E+01 .4710E-01 .3570E+00
.7710E+03 .1202E+01 .1128E+01 .4722E-01 .9713E+00 .9241E+00 .1128E+01 .8280E-01 .1211E+01 .1128E+01 .4722E-01 .3583E+00
.7720E+03 .1199E+01 .1128E+01 .4714E-01 .9714E+00 .9243E+00 .1128E+01 .8279E-01 .1211E+01 .1128E+01 .4714E-01 .3588E+00
.7730E+03 .1206E+01 .1136E+01 .4730E-01 .9777E+00 .9304E+00 .1136E+01 .8321E-01 .1219E+01 .1136E+01 .4730E-01 .3611E+00
.7740E+03 .1199E+01 .1130E+01 .4691E-01 .9725E+00 .9256E+00 .1130E+01 .8265E-01 .1213E+01 .1130E+01 .4691E-01 .3592E+00
.7750E+03 .1189E+01 .1121E+01 .4641E-01 .9648E+00 .9183E+00 .1121E+01 .8198E-01 .1203E+01 .1121E+01 .4641E-01 .3572E+00
.7760E+03 .1203E+01 .1135E+01 .4685E-01 .9763E+00 .9295E+00 .1135E+01 .8295E-01 .1218E+01 .1135E+01 .4685E-01 .3623E+00
.7770E+03 .1187E+01 .1120E+01 .4609E-01 .9634E+00 .9173E+00 .1120E+01 .8178E-01 .1202E+01 .1120E+01 .4609E-01 .3579E+00
.7780E+03 .1180E+01 .1113E+01 .4566E-01 .9575E+00 .9118E+00 .1113E+01 .8115E-01 .1194E+01 .1113E+01 .4566E-01 .3557E+00
.7790E+03 .1181E+01 .1114E+01 .4554E-01 .9582E+00 .9127E+00 .1114E+01 .8109E-01 .1195E+01 .1114E+01 .4554E-01 .3560E+00
.7800E+03 .1174E+01 .1108E+01 .4516E-01 .9528E+00 .9076E+00 .1108E+01 .8057E-01 .1189E+01 .1108E+01 .4516E-01 .3544E+00
.7810E+03 .1175E+01 .1109E+01 .4507E-01 .9537E+00 .9086E+00 .1109E+01 .8058E-01 .1190E+01 .1109E+01 .4507E-01 .3552E+00
.7820E+03 .1182E+01 .1116E+01 .4522E-01 .9595E+00 .9143E+00 .1116E+01 .8101E-01 .1197E+01 .1116E+01 .4522E-01 .3577E+00
.7830E+03 .1161E+01 .1097E+01 .4430E-01 .9426E+00 .8983E+00 .1097E+01 .7952E-01 .1176E+01 .1097E+01 .4430E-01 .3518E+00
.7840E+03 .1166E+01 .1102E+01 .4438E-01 .9470E+00 .9026E+00 .1102E+01 .7982E-01 .1182E+01 .1102E+01 .4438E-01 .3538E+00
.7850E+03 .1159E+01 .1093E+01 .4383E-01 .9389E+00 .8951E+00 .1093E+01 .7904E-01 .1172E+01 .1093E+01 .4383E-01 .3513E+00
.7860E+03 .1173E+01 .1104E+01 .4412E-01 .9486E+00 .9044E+00 .1104E+01 .7975E-01 .1184E+01 .1104E+01 .4412E-01 .3554E+00
.7870E+03 .1168E+01 .1081E+01 .4270E-01 .9281E+00 .8854E+00 .1081E+01 .7760E-01 .1158E+01 .1081E+01 .4270E-01 .3481E+00
.7880E+03 .1162E+01 .1065E+01 .4178E-01 .9144E+00 .8726E+00 .1065E+01 .7621E-01 .1141E+01 .1065E+01 .4178E-01 .3433E+00
.7890E+03 .1168E+01 .1062E+01 .4141E-01 .9112E+00 .8698E+00 .1062E+01 .7577E-01 .1138E+01 .1062E+01 .4141E-01 .3425E+00
.7900E+03 .1166E+01 .1031E+01 .3968E-01 .8841E+00 .8445E+00 .1031E+01 .7304E-01 .1104E+01 .1031E+01 .3968E-01 .3327E+00
.7910E+03 .1150E+01 .1043E+01 .4042E-01 .8948E+00 .8544E+00 .1043E+01 .7427E-01 .1117E+01 .1043E+01 .4042E-01 .3371E+00
.7920E+03 .1139E+01 .1037E+01 .4012E-01 .8893E+00 .8492E+00 .1037E+01 .7381E-01 .1110E+01 .1037E+01 .4012E-01 .3351E+00
.7930E+03 .1124E+01 .1019E+01 .3926E-01 .8742E+00 .8350E+00 .1019E+01 .7240E-01 .1092E+01 .1019E+01 .3926E-01 .3295E+00
.7940E+03 .1111E+01 .1044E+01 .4068E-01 .8963E+00 .8556E+00 .1044E+01 .7472E-01 .1119E+01 .1044E+01 .4068E-01 .3378E+00
.7950E+03 .1137E+01 .1060E+01 .4101E-01 .9094E+00 .8684E+00 .1060E+01 .7560E-01 .1136E+01 .1060E+01 .4101E-01 .3432E+00
.7960E+03 .1141E+01 .1019E+01 .3864E-01 .8735E+00 .8348E+00 .1019E+01 .7188E-01 .1091E+01 .1019E+01 .3864E-01 .3301E+00
.7970E+03 .1140E+01 .1020E+01 .3852E-01 .8740E+00 .8355E+00 .1020E+01 .7185E-01 .1092E+01 .1020E+01 .3852E-01 .3310E+00
.7980E+03 .1139E+01 .1057E+01 .4046E-01 .9065E+00 .8661E+00 .1057E+01 .7517E-01 .1132E+01 .1057E+01 .4046E-01 .3440E+00
.7990E+03 .1140E+01 .1049E+01 .3990E-01 .8992E+00 .8593E+00 .1049E+01 .7440E-01 .1123E+01 .1049E+01 .3990E-01 .3418E+00
.8000E+03 .1130E+01 .1028E+01 .3880E-01 .8811E+00 .8423E+00 .1028E+01 .7261E-01 .1101E+01 .1028E+01 .3880E-01 .3349E+00
.8010E+03 .1133E+01 .1025E+01 .3843E-01 .8777E+00 .8392E+00 .1025E+01 .7213E-01 .1097E+01 .1025E+01 .3843E-01 .3337E+00
.8020E+03 .1128E+01 .1022E+01 .3820E-01 .8751E+00 .8369E+00 .1022E+01 .7185E-01 .1094E+01 .1022E+01 .3820E-01 .3329E+00
.8030E+03 .1123E+01 .1013E+01 .3768E-01 .8674E+00 .8297E+00 .1013E+01 .7107E-01 .1084E+01 .1013E+01 .3768E-01 .3304E+00
.8040E+03 .1121E+01 .1015E+01 .3773E-01 .8695E+00 .8317E+00 .1015E+01 .7127E-01 .1087E+01 .1015E+01 .3773E-01 .3315E+00
.8050E+03 .1107E+01 .1015E+01 .3779E-01 .8691E+00 .8313E+00 .1015E+01 .7138E-01 .1086E+01 .1015E+01 .3779E-01 .3317E+00
.8060E+03 .1122E+01 .1046E+01 .3914E-01 .8962E+00 .8570E+00 .1046E+01 .7386E-01 .1120E+01 .1046E+01 .3914E-01 .3424E+00
.8070E+03 .1113E+01 .1033E+01 .3847E-01 .8848E+00 .8464E+00 .1033E+01 .7280E-01 .1106E+01 .1033E+01 .3847E-01 .3384E+00
.8080E+03 .1111E+01 .1035E+01 .3847E-01 .8863E+00 .8478E+00 .1035E+01 .7291E-01 .1108E+01 .1035E+01 .3847E-01 .3394E+00
.8090E+03 .1102E+01 .1013E+01 .3733E-01 .8674E+00 .8301E+00 .1013E+01 .7107E-01 .1084E+01 .1013E+01 .3733E-01 .3325E+00
.8100E+03 .1105E+01 .9992E+00 .3645E-01 .8549E+00 .8185E+00 .9992E+00 .6975E-01 .1069E+01 .9992E+00 .3645E-01 .3281E+00
.8110E+03 .1116E+01 .9999E+00 .3617E-01 .8552E+00 .8190E+00 .9999E+00 .6951E-01 .1069E+01 .9999E+00 .3617E-01 .3286E+00
.8120E+03 .1117E+01 .9646E+00 .3430E-01 .8244E+00 .7901E+00 .9646E+00 .6647E-01 .1031E+01 .9646E+00 .3430E-01 .3175E+00
.8130E+03 .1119E+01 .9419E+00 .3321E-01 .8048E+00 .7716E+00 .9419E+00 .6468E-01 .1007E+01 .9419E+00 .3321E-01 .3107E+00
.8140E+03 .1112E+01 .8117E+00 .2731E-01 .6922E+00 .6649E+00 .8117E+00 .5431E-01 .8660E+00 .8117E+00 .2731E-01 .2677E+00
.8150E+03 .1106E+01 .8094E+00 .2725E-01 .6903E+00 .6631E+00 .8094E+00 .5420E-01 .8636E+00 .8094E+00 .2725E-01 .2670E+00
.8160E+03 .1104E+01 .7567E+00 .2502E-01 .6448E+00 .6198E+00 .7567E+00 .5017E-01 .8068E+00 .7567E+00 .2502E-01 .2495E+00
.8170E+03 .1100E+01 .7772E+00 .2585E-01 .6625E+00 .6366E+00 .7772E+00 .5174E-01 .8289E+00 .7772E+00 .2585E-01 .2565E+00
.8180E+03 .1078E+01 .7472E+00 .2451E-01 .6366E+00 .6120E+00 .7472E+00 .4941E-01 .7966E+00 .7472E+00 .2451E-01 .2467E+00
.8190E+03 .1072E+01 .8499E+00 .2902E-01 .7252E+00 .6962E+00 .8499E+00 .5756E-01 .9074E+00 .8499E+00 .2902E-01 .2813E+00
.8200E+03 .1065E+01 .7959E+00 .2662E-01 .6786E+00 .6520E+00 .7959E+00 .5332E-01 .8492E+00 .7959E+00 .2662E-01 .2636E+00
.8210E+03 .1064E+01 .9371E+00 .3286E-01 .8005E+00 .7676E+00 .9371E+00 .6457E-01 .1002E+01 .9371E+00 .3286E-01 .3111E+00
.8220E+03 .1066E+01 .9075E+00 .3140E-01 .7747E+00 .7433E+00 .9075E+00 .6210E-01 .9695E+00 .9075E+00 .3140E-01 .3015E+00
.8230E+03 .1077E+01 .6038E+00 .1863E-01 .5133E+00 .4946E+00 .6038E+00 .3877E-01 .6426E+00 .6038E+00 .1863E-01 .2003E+00
.8240E+03 .1074E+01 .8705E+00 .2933E-01 .7424E+00 .7131E+00 .8705E+00 .5878E-01 .9293E+00 .8705E+00 .2933E-01 .2896E+00
.8250E+03 .1071E+01 .9220E+00 .3185E-01 .7871E+00 .7552E+00 .9220E+00 .6320E-01 .9852E+00 .9220E+00 .3185E-01 .3072E+00
.8260E+03 .1079E+01 .8830E+00 .2998E-01 .7533E+00 .7233E+00 .8830E+00 .5998E-01 .9430E+00 .8830E+00 .2998E-01 .2943E+00
.8270E+03 .1077E+01 .9345E+00 .3209E-01 .7976E+00 .7655E+00 .9345E+00 .6396E-01 .9985E+00 .9345E+00 .3209E-01 .3119E+00
.8280E+03 .1071E+01 .7815E+00 .2536E-01 .6655E+00 .6401E+00 .7815E+00 .5184E-01 .8333E+00 .7815E+00 .2536E-01 .2607E+00
.8290E+03 .1064E+01 .8776E+00 .2957E-01 .7485E+00 .7189E+00 .8776E+00 .5951E-01 .9371E+00 .8776E+00 .2957E-01 .2933E+00
.8300E+03 .1061E+01 .8592E+00 .2864E-01 .7324E+00 .7038E+00 .8592E+00 .5793E-01 .9171E+00 .8592E+00 .2864E-01 .2870E+00
.8310E+03 .1055E+01 .8624E+00 .2872E-01 .7352E+00 .7065E+00 .8624E+00 .5814E-01 .9206E+00 .8624E+00 .2872E-01 .2881E+00
.8320E+03 .1058E+01 .8317E+00 .2734E-01 .7086E+00 .6813E+00 .8317E+00 .5574E-01 .8874E+00 .8317E+00 .2734E-01 .2784E+00
.8330E+03 .1025E+01 .8951E+00 .3019E-01 .7635E+00 .7333E+00 .8951E+00 .6096E-01 .9561E+00 .8951E+00 .3019E-01 .3005E+00
.8340E+03 .1030E+01 .8560E+00 .2835E-01 .7295E+00 .7012E+00 .8560E+00 .5776E-01 .9137E+00 .8560E+00 .2835E-01 .2876E+00
.8350E+03 .1046E+01 .9550E+00 .3259E-01 .8149E+00 .7823E+00 .9550E+00 .6561E-01 .1021E+01 .9550E+00 .3259E-01 .3215E+00
.8360E+03 .1051E+01 .9028E+00 .3000E-01 .7695E+00 .7395E+00 .9028E+00 .6115E-01 .9639E+00 .9028E+00 .3000E-01 .3040E+00
.8370E+03 .1046E+01 .9583E+00 .3253E-01 .8175E+00 .7850E+00 .9583E+00 .6576E-01 .1024E+01 .9583E+00 .3253E-01 .3232E+00
.8380E+03 .1030E+01 .9237E+00 .3094E-01 .7876E+00 .7566E+00 .9237E+00 .6295E-01 .9866E+00 .9237E+00 .3094E-01 .3117E+00
.8390E+03 .1027E+01 .9450E+00 .3195E-01 .8061E+00 .7741E+00 .9450E+00 .6481E-01 .1010E+01 .9450E+00 .3195E-01 .3193E+00
.8400E+03 .1044E+01 .9671E+00 .3269E-01 .8249E+00 .7922E+00 .9671E+00 .6638E-01 .1033E+01 .9671E+00 .3269E-01 .3271E+00
.8410E+03 .1038E+01 .9513E+00 .3192E-01 .8112E+00 .7793E+00 .9513E+00 .6508E-01 .1016E+01 .9513E+00 .3192E-01 .3220E+00
.8420E+03 .1029E+01 .9567E+00 .3223E-01 .8160E+00 .7837E+00 .9567E+00 .6566E-01 .1022E+01 .9567E+00 .3223E-01 .3243E+00
.8430E+03 .1017E+01 .9595E+00 .3246E-01 .8185E+00 .7860E+00 .9595E+00 .6607E-01 .1026E+01 .9595E+00 .3246E-01 .3256E+00
.8440E+03 .1010E+01 .9438E+00 .3171E-01 .8049E+00 .7732E+00 .9438E+00 .6479E-01 .1009E+01 .9438E+00 .3171E-01 .3206E+00
.8450E+03 .1034E+01 .9790E+00 .3298E-01 .8350E+00 .8020E+00 .9790E+00 .6738E-01 .1046E+01 .9790E+00 .3298E-01 .3329E+00
.8460E+03 .1028E+01 .9754E+00 .3281E-01 .8318E+00 .7990E+00 .9754E+00 .6712E-01 .1043E+01 .9754E+00 .3281E-01 .3320E+00
.8470E+03 .1005E+01 .9584E+00 .3222E-01 .8173E+00 .7851E+00 .9584E+00 .6596E-01 .1024E+01 .9584E+00 .3222E-01 .3265E+00
.8480E+03 .1004E+01 .9511E+00 .3179E-01 .8109E+00 .7791E+00 .9511E+00 .6527E-01 .1016E+01 .9511E+00 .3179E-01 .3243E+00
.8490E+03 .9755E+00 .9242E+00 .3080E-01 .7879E+00 .7571E+00 .9242E+00 .6335E-01 .9876E+00 .9242E+00 .3080E-01 .3154E+00
.8500E+03 .9336E+00 .8859E+00 .2946E-01 .7551E+00 .7257E+00 .8859E+00 .6068E-01 .9466E+00 .8859E+00 .2946E-01 .3027E+00
.8510E+03 .9946E+00 .9366E+00 .3096E-01 .7982E+00 .7672E+00 .9366E+00 .6396E-01 .1001E+01 .9366E+00 .3096E-01 .3202E+00
.8520E+03 .9850E+00 .9306E+00 .3071E-01 .7930E+00 .7623E+00 .9306E+00 .6349E-01 .9941E+00 .9306E+00 .3071E-01 .3181E+00
.8530E+03 .9433E+00 .8975E+00 .2962E-01 .7648E+00 .7352E+00 .8975E+00 .6123E-01 .9587E+00 .8975E+00 .2962E-01 .3068E+00
.8540E+03 .8184E+00 .7736E+00 .2538E-01 .6590E+00 .6337E+00 .7736E+00 .5263E-01 .8262E+00 .7736E+00 .2538E-01 .2646E+00
.8550E+03 .8936E+00 .8518E+00 .2798E-01 .7258E+00 .6978E+00 .8518E+00 .5802E-01 .9098E+00 .8518E+00 .2798E-01 .2917E+00
.8560E+03 .9789E+00 .9299E+00 .3042E-01 .7921E+00 .7617E+00 .9299E+00 .6322E-01 .9931E+00 .9299E+00 .3042E-01 .3188E+00
.8570E+03 .9971E+00 .9520E+00 .3114E-01 .8110E+00 .7798E+00 .9520E+00 .6479E-01 .1017E+01 .9520E+00 .3114E-01 .3271E+00
.8580E+03 .9912E+00 .9445E+00 .3079E-01 .8044E+00 .7737E+00 .9445E+00 .6422E-01 .1009E+01 .9445E+00 .3079E-01 .3252E+00
.8590E+03 .9901E+00 .9457E+00 .3078E-01 .8054E+00 .7746E+00 .9457E+00 .6426E-01 .1010E+01 .9457E+00 .3078E-01 .3257E+00
.8600E+03 .9903E+00 .9481E+00 .3080E-01 .8074E+00 .7766E+00 .9481E+00 .6436E-01 .1012E+01 .9481E+00 .3080E-01 .3265E+00
.8610E+03 .9853E+00 .9427E+00 .3053E-01 .8027E+00 .7722E+00 .9427E+00 .6390E-01 .1007E+01 .9427E+00 .3053E-01 .3248E+00
.8620E+03 .1000E+01 .9579E+00 .3097E-01 .8156E+00 .7847E+00 .9579E+00 .6493E-01 .1023E+01 .9579E+00 .3097E-01 .3308E+00
.8630E+03 .1024E+01 .9805E+00 .3162E-01 .8348E+00 .8032E+00 .9805E+00 .6644E-01 .1047E+01 .9805E+00 .3162E-01 .3392E+00
.8640E+03 .9722E+00 .9314E+00 .2996E-01 .7929E+00 .7630E+00 .9314E+00 .6306E-01 .9945E+00 .9314E+00 .2996E-01 .3226E+00
.8650E+03 .9633E+00 .9234E+00 .2963E-01 .7860E+00 .7564E+00 .9234E+00 .6246E-01 .9858E+00 .9234E+00 .2963E-01 .3201E+00
.8660E+03 .8662E+00 .8303E+00 .2658E-01 .7067E+00 .6802E+00 .8303E+00 .5611E-01 .8864E+00 .8303E+00 .2658E-01 .2881E+00
.8670E+03 .9038E+00 .8665E+00 .2767E-01 .7375E+00 .7098E+00 .8665E+00 .5850E-01 .9250E+00 .8665E+00 .2767E-01 .3009E+00
.8680E+03 .9833E+00 .9430E+00 .3003E-01 .8025E+00 .7724E+00 .9430E+00 .6360E-01 .1007E+01 .9430E+00 .3003E-01 .3278E+00
.8690E+03 .9627E+00 .9234E+00 .2933E-01 .7858E+00 .7564E+00 .9234E+00 .6223E-01 .9857E+00 .9234E+00 .2933E-01 .3213E+00
.8700E+03 .9901E+00 .9498E+00 .3009E-01 .8081E+00 .7780E+00 .9498E+00 .6395E-01 .1014E+01 .9498E+00 .3009E-01 .3308E+00
.8710E+03 .9766E+00 .9368E+00 .2960E-01 .7970E+00 .7674E+00 .9368E+00 .6302E-01 .9999E+00 .9368E+00 .2960E-01 .3266E+00
.8720E+03 .9729E+00 .9337E+00 .2943E-01 .7942E+00 .7648E+00 .9337E+00 .6275E-01 .9964E+00 .9337E+00 .2943E-01 .3258E+00
.8730E+03 .9709E+00 .9319E+00 .2930E-01 .7926E+00 .7633E+00 .9319E+00 .6257E-01 .9944E+00 .9319E+00 .2930E-01 .3255E+00
.8740E+03 .9593E+00 .9208E+00 .2887E-01 .7832E+00 .7543E+00 .9208E+00 .6174E-01 .9826E+00 .9208E+00 .2887E-01 .3216E+00
.8750E+03 .9401E+00 .9021E+00 .2820E-01 .7672E+00 .7390E+00 .9021E+00 .6038E-01 .9625E+00 .9021E+00 .2820E-01 .3150E+00
.8760E+03 .9502E+00 .9114E+00 .2841E-01 .7750E+00 .7466E+00 .9114E+00 .6092E-01 .9723E+00 .9114E+00 .2841E-01 .3184E+00
.8770E+03 .9594E+00 .9209E+00 .2864E-01 .7830E+00 .7544E+00 .9209E+00 .6151E-01 .9824E+00 .9209E+00 .2864E-01 .3220E+00
.8780E+03 .9708E+00 .9304E+00 .2884E-01 .7910E+00 .7622E+00 .9304E+00 .6207E-01 .9925E+00 .9304E+00 .2884E-01 .3257E+00
.8790E+03 .9556E+00 .9163E+00 .2833E-01 .7789E+00 .7506E+00 .9163E+00 .6108E-01 .9774E+00 .9163E+00 .2833E-01 .3210E+00
.8800E+03 .9350E+00 .8969E+00 .2767E-01 .7624E+00 .7347E+00 .8969E+00 .5974E-01 .9567E+00 .8969E+00 .2767E-01 .3145E+00
.8810E+03 .9237E+00 .8824E+00 .2710E-01 .7499E+00 .7228E+00 .8824E+00 .5867E-01 .9411E+00 .8824E+00 .2710E-01 .3099E+00
.8820E+03 .9442E+00 .9016E+00 .2762E-01 .7662E+00 .7386E+00 .9016E+00 .5993E-01 .9616E+00 .9016E+00 .2762E-01 .3172E+00
.8830E+03 .9454E+00 .9045E+00 .2767E-01 .7686E+00 .7410E+00 .9045E+00 .6014E-01 .9647E+00 .9045E+00 .2767E-01 .3188E+00
.8840E+03 .9416E+00 .9009E+00 .2748E-01 .7654E+00 .7380E+00 .9009E+00 .5979E-01 .9607E+00 .9009E+00 .2748E-01 .3175E+00
.8850E+03 .9486E+00 .9078E+00 .2761E-01 .7712E+00 .7436E+00 .9078E+00 .6016E-01 .9680E+00 .9078E+00 .2761E-01 .3199E+00
.8860E+03 .9132E+00 .8625E+00 .2601E-01 .7325E+00 .7065E+00 .8625E+00 .5693E-01 .9194E+00 .8625E+00 .2601E-01 .3042E+00
.8870E+03 .9164E+00 .8736E+00 .2640E-01 .7420E+00 .7156E+00 .8736E+00 .5779E-01 .9314E+00 .8736E+00 .2640E-01 .3088E+00
.8880E+03 .9363E+00 .8842E+00 .2656E-01 .7508E+00 .7243E+00 .8842E+00 .5835E-01 .9425E+00 .8842E+00 .2656E-01 .3130E+00
.8890E+03 .9366E+00 .8980E+00 .2707E-01 .7627E+00 .7356E+00 .8980E+00 .5937E-01 .9574E+00 .8980E+00 .2707E-01 .3179E+00
.8900E+03 .9393E+00 .8869E+00 .2648E-01 .7530E+00 .7265E+00 .8869E+00 .5834E-01 .9453E+00 .8869E+00 .2648E-01 .3139E+00
.8910E+03 .9322E+00 .8862E+00 .2646E-01 .7524E+00 .7259E+00 .8862E+00 .5834E-01 .9445E+00 .8862E+00 .2646E-01 .3141E+00
.8920E+03 .9173E+00 .8582E+00 .2538E-01 .7284E+00 .7030E+00 .8582E+00 .5626E-01 .9144E+00 .8582E+00 .2538E-01 .3047E+00
.8930E+03 .9118E+00 .8276E+00 .2420E-01 .7021E+00 .6779E+00 .8276E+00 .5398E-01 .8816E+00 .8276E+00 .2420E-01 .2942E+00
.8940E+03 .9140E+00 .7883E+00 .2251E-01 .6682E+00 .6457E+00 .7883E+00 .5079E-01 .8390E+00 .7883E+00 .2251E-01 .2801E+00
.8950E+03 .9104E+00 .7354E+00 .2040E-01 .6228E+00 .6024E+00 .7354E+00 .4668E-01 .7821E+00 .7354E+00 .2040E-01 .2611E+00
.8960E+03 .9238E+00 .6858E+00 .1863E-01 .5804E+00 .5618E+00 .6858E+00 .4309E-01 .7289E+00 .6858E+00 .1863E-01 .2436E+00
.8970E+03 .9099E+00 .5799E+00 .1504E-01 .4901E+00 .4750E+00 .5799E+00 .3562E-01 .6155E+00 .5799E+00 .1504E-01 .2060E+00
.8980E+03 .9137E+00 .6467E+00 .1720E-01 .5469E+00 .5297E+00 .6467E+00 .4026E-01 .6869E+00 .6467E+00 .1720E-01 .2301E+00
.8990E+03 .9110E+00 .4930E+00 .1237E-01 .4162E+00 .4038E+00 .4930E+00 .2984E-01 .5228E+00 .4930E+00 .1237E-01 .1754E+00
.9000E+03 .8902E+00 .6751E+00 .1836E-01 .5714E+00 .5530E+00 .6751E+00 .4254E-01 .7177E+00 .6751E+00 .1836E-01 .2408E+00
.9010E+03 .8596E+00 .5025E+00 .1246E-01 .4241E+00 .4117E+00 .5025E+00 .3028E-01 .5328E+00 .5025E+00 .1246E-01 .1792E+00
.9020E+03 .8684E+00 .6157E+00 .1635E-01 .5207E+00 .5044E+00 .6157E+00 .3841E-01 .6541E+00 .6157E+00 .1635E-01 .2203E+00
.9030E+03 .9014E+00 .6233E+00 .1628E-01 .5268E+00 .5106E+00 .6233E+00 .3859E-01 .6619E+00 .6233E+00 .1628E-01 .2232E+00
.9040E+03 .9104E+00 .7876E+00 .2193E-01 .6671E+00 .6452E+00 .7876E+00 .5035E-01 .8380E+00 .7876E+00 .2193E-01 .2824E+00
.9050E+03 .9078E+00 .7576E+00 .2080E-01 .6414E+00 .6206E+00 .7576E+00 .4809E-01 .8057E+00 .7576E+00 .2080E-01 .2716E+00
.9060E+03 .8868E+00 .7080E+00 .1921E-01 .5991E+00 .5799E+00 .7080E+00 .4471E-01 .7527E+00 .7080E+00 .1921E-01 .2542E+00
.9070E+03 .8940E+00 .5731E+00 .1457E-01 .4840E+00 .4694E+00 .5731E+00 .3509E-01 .6082E+00 .5731E+00 .1457E-01 .2059E+00
.9080E+03 .8783E+00 .5786E+00 .1475E-01 .4887E+00 .4739E+00 .5786E+00 .3549E-01 .6141E+00 .5786E+00 .1475E-01 .2081E+00
.9090E+03 .8604E+00 .6278E+00 .1642E-01 .5307E+00 .5143E+00 .6278E+00 .3899E-01 .6668E+00 .6278E+00 .1642E-01 .2260E+00
.9100E+03 .8774E+00 .5433E+00 .1349E-01 .4585E+00 .4450E+00 .5433E+00 .3291E-01 .5762E+00 .5433E+00 .1349E-01 .1953E+00
.9110E+03 .8728E+00 .5847E+00 .1498E-01 .4939E+00 .4789E+00 .5847E+00 .3599E-01 .6207E+00 .5847E+00 .1498E-01 .2107E+00
.9120E+03 .8740E+00 .6178E+00 .1584E-01 .5219E+00 .5061E+00 .6178E+00 .3809E-01 .6559E+00 .6178E+00 .1584E-01 .2231E+00
.9130E+03 .8932E+00 .5485E+00 .1347E-01 .4628E+00 .4493E+00 .5485E+00 .3314E-01 .5816E+00 .5485E+00 .1347E-01 .1981E+00
.9140E+03 .8826E+00 .5457E+00 .1335E-01 .4604E+00 .4470E+00 .5457E+00 .3291E-01 .5786E+00 .5457E+00 .1335E-01 .1971E+00
.9150E+03 .8753E+00 .5858E+00 .1445E-01 .4943E+00 .4799E+00 .5858E+00 .3547E-01 .6213E+00 .5858E+00 .1445E-01 .2116E+00
.9160E+03 .8791E+00 .4977E+00 .1193E-01 .4196E+00 .4077E+00 .4977E+00 .2975E-01 .5274E+00 .4977E+00 .1193E-01 .1800E+00
.9170E+03 .8667E+00 .6413E+00 .1632E-01 .5416E+00 .5253E+00 .6413E+00 .3949E-01 .6807E+00 .6413E+00 .1632E-01 .2326E+00
.9180E+03 .8709E+00 .5041E+00 .1197E-01 .4249E+00 .4129E+00 .5041E+00 .3006E-01 .5341E+00 .5041E+00 .1197E-01 .1828E+00
.9190E+03 .8739E+00 .6613E+00 .1700E-01 .5587E+00 .5417E+00 .6613E+00 .4094E-01 .7023E+00 .6613E+00 .1700E-01 .2402E+00
.9200E+03 .8632E+00 .6649E+00 .1731E-01 .5620E+00 .5446E+00 .6649E+00 .4143E-01 .7063E+00 .6649E+00 .1731E-01 .2416E+00
.9210E+03 .8416E+00 .7017E+00 .1848E-01 .5933E+00 .5748E+00 .7017E+00 .4401E-01 .7457E+00 .7017E+00 .1848E-01 .2555E+00
.9220E+03 .8384E+00 .6177E+00 .1568E-01 .5217E+00 .5060E+00 .6177E+00 .3810E-01 .6558E+00 .6177E+00 .1568E-01 .2252E+00
.9230E+03 .8153E+00 .6807E+00 .1791E-01 .5755E+00 .5576E+00 .6807E+00 .4274E-01 .7234E+00 .6807E+00 .1791E-01 .2486E+00
.9240E+03 .8412E+00 .6290E+00 .1578E-01 .5310E+00 .5153E+00 .6290E+00 .3860E-01 .6676E+00 .6290E+00 .1578E-01 .2295E+00
.9250E+03 .8410E+00 .6196E+00 .1554E-01 .5231E+00 .5076E+00 .6196E+00 .3801E-01 .6576E+00 .6196E+00 .1554E-01 .2260E+00
.9260E+03 .8302E+00 .6215E+00 .1548E-01 .5246E+00 .5091E+00 .6215E+00 .3804E-01 .6596E+00 .6215E+00 .1548E-01 .2271E+00
.9270E+03 .8567E+00 .7057E+00 .1805E-01 .5962E+00 .5781E+00 .7057E+00 .4380E-01 .7495E+00 .7057E+00 .1805E-01 .2585E+00
.9280E+03 .8581E+00 .4895E+00 .1110E-01 .4121E+00 .4010E+00 .4895E+00 .2875E-01 .5183E+00 .4895E+00 .1110E-01 .1791E+00
.9290E+03 .8467E+00 .4328E+00 .9411E-02 .3640E+00 .3545E+00 .4328E+00 .2496E-01 .4578E+00 .4328E+00 .9411E-02 .1584E+00
.9300E+03 .8511E+00 .3503E+00 .7153E-02 .2941E+00 .2869E+00 .3503E+00 .1967E-01 .3700E+00 .3503E+00 .7153E-02 .1282E+00
.9310E+03 .8511E+00 .3302E+00 .6653E-02 .2771E+00 .2705E+00 .3302E+00 .1845E-01 .3486E+00 .3302E+00 .6653E-02 .1209E+00
.9320E+03 .8466E+00 .2308E+00 .4140E-02 .1932E+00 .1891E+00 .2308E+00 .1231E-01 .2431E+00 .2308E+00 .4140E-02 .8444E-01
.9330E+03 .8498E+00 .1862E+00 .3135E-02 .1557E+00 .1525E+00 .1862E+00 .9691E-02 .1959E+00 .1862E+00 .3135E-02 .6807E-01
.9340E+03 .8477E+00 .9773E-01 .1280E-02 .8134E-01 .8006E-01 .9773E-01 .4659E-02 .1024E+00 .9773E-01 .1280E-02 .3558E-01
.9350E+03 .8377E+00 .2044E+00 .3609E-02 .1711E+00 .1675E+00 .2044E+00 .1084E-01 .2153E+00 .2044E+00 .3609E-02 .7482E-01
.9360E+03 .8335E+00 .1213E+00 .1849E-02 .1012E+00 .9940E-01 .1213E+00 .6097E-02 .1274E+00 .1213E+00 .1849E-02 .4438E-01
.9370E+03 .8395E+00 .1276E+00 .1962E-02 .1065E+00 .1045E+00 .1276E+00 .6439E-02 .1340E+00 .1276E+00 .1962E-02 .4675E-01
.9380E+03 .8388E+00 .1576E+00 .2529E-02 .1316E+00 .1291E+00 .1576E+00 .8079E-02 .1656E+00 .1576E+00 .2529E-02 .5781E-01
.9390E+03 .8327E+00 .3311E+00 .6601E-02 .2779E+00 .2713E+00 .3311E+00 .1848E-01 .3496E+00 .3311E+00 .6601E-02 .1220E+00
.9400E+03 .8229E+00 .3982E+00 .8340E-02 .3346E+00 .3262E+00 .3982E+00 .2270E-01 .4209E+00 .3982E+00 .8340E-02 .1468E+00
.9410E+03 .7930E+00 .2939E+00 .5649E-02 .2464E+00 .2407E+00 .2939E+00 .1616E-01 .3100E+00 .2939E+00 .5649E-02 .1082E+00
.9420E+03 .8095E+00 .3449E+00 .6865E-02 .2894E+00 .2825E+00 .3449E+00 .1924E-01 .3641E+00 .3449E+00 .6865E-02 .1270E+00
.9430E+03 .8194E+00 .2352E+00 .4288E-02 .1970E+00 .1927E+00 .2352E+00 .1267E-01 .2479E+00 .2352E+00 .4288E-02 .8658E-01
.9440E+03 .8084E+00 .2543E+00 .4940E-02 .2132E+00 .2083E+00 .2543E+00 .1406E-01 .2684E+00 .2543E+00 .4940E-02 .9381E-01
.9450E+03 .8165E+00 .3039E+00 .5864E-02 .2548E+00 .2490E+00 .3039E+00 .1676E-01 .3207E+00 .3039E+00 .5864E-02 .1122E+00
.9460E+03 .8194E+00 .1522E+00 .2447E-02 .1271E+00 .1247E+00 .1522E+00 .7822E-02 .1600E+00 .1522E+00 .2447E-02 .5600E-01
.9470E+03 .8212E+00 .2987E+00 .5617E-02 .2503E+00 .2447E+00 .2987E+00 .1630E-01 .3150E+00 .2987E+00 .5617E-02 .1102E+00
.9480E+03 .8219E+00 .2302E+00 .4230E-02 .1928E+00 .1886E+00 .2302E+00 .1246E-01 .2427E+00 .2302E+00 .4230E-02 .8497E-01
.9490E+03 .8212E+00 .4172E+00 .8485E-02 .3502E+00 .3418E+00 .4172E+00 .2354E-01 .4408E+00 .4172E+00 .8485E-02 .1543E+00
.9500E+03 .8154E+00 .1067E+00 .1533E-02 .8896E-01 .8743E-01 .1067E+00 .5281E-02 .1120E+00 .1067E+00 .1533E-02 .3930E-01
.9510E+03 .8110E+00 .4095E+00 .8288E-02 .3437E+00 .3354E+00 .4095E+00 .2307E-01 .4325E+00 .4095E+00 .8288E-02 .1516E+00
.9520E+03 .8117E+00 .2063E+00 .3527E-02 .1725E+00 .1690E+00 .2063E+00 .1087E-01 .2172E+00 .2063E+00 .3527E-02 .7617E-01
.9530E+03 .8043E+00 .2751E+00 .5084E-02 .2304E+00 .2253E+00 .2751E+00 .1494E-01 .2900E+00 .2751E+00 .5084E-02 .1018E+00
.9540E+03 .7797E+00 .3402E+00 .6689E-02 .2853E+00 .2786E+00 .3402E+00 .1896E-01 .3591E+00 .3402E+00 .6689E-02 .1261E+00
.9550E+03 .7665E+00 .2769E+00 .5138E-02 .2319E+00 .2268E+00 .2769E+00 .1508E-01 .2920E+00 .2769E+00 .5138E-02 .1026E+00
.9560E+03 .7989E+00 .2759E+00 .5455E-02 .2314E+00 .2260E+00 .2759E+00 .1542E-01 .2913E+00 .2759E+00 .5455E-02 .1024E+00
.9570E+03 .7927E+00 .2037E+00 .3376E-02 .1703E+00 .1669E+00 .2037E+00 .1062E-01 .2143E+00 .2037E+00 .3376E-02 .7534E-01
.9580E+03 .8013E+00 .4007E+00 .8418E-02 .3367E+00 .3283E+00 .4007E+00 .2297E-01 .4237E+00 .4007E+00 .8418E-02 .1488E+00
.9590E+03 .8021E+00 .3130E+00 .6057E-02 .2625E+00 .2564E+00 .3130E+00 .1734E-01 .3303E+00 .3130E+00 .6057E-02 .1161E+00
.9600E+03 .7908E+00 .3412E+00 .6618E-02 .2861E+00 .2795E+00 .3412E+00 .1892E-01 .3601E+00 .3412E+00 .6618E-02 .1265E+00
.9610E+03 .7946E+00 .3938E+00 .8041E-02 .3306E+00 .3226E+00 .3938E+00 .2230E-01 .4161E+00 .3938E+00 .8041E-02 .1462E+00
.9620E+03 .7878E+00 .3764E+00 .7652E-02 .3160E+00 .3083E+00 .3764E+00 .2128E-01 .3977E+00 .3764E+00 .7652E-02 .1397E+00
.9630E+03 .7839E+00 .4394E+00 .9319E-02 .3692E+00 .3599E+00 .4394E+00 .2530E-01 .4647E+00 .4394E+00 .9319E-02 .1633E+00
.9640E+03 .7836E+00 .3995E+00 .8299E-02 .3355E+00 .3272E+00 .3995E+00 .2281E-01 .4223E+00 .3995E+00 .8299E-02 .1486E+00
.9650E+03 .7805E+00 .4342E+00 .9116E-02 .3648E+00 .3557E+00 .4342E+00 .2492E-01 .4591E+00 .4342E+00 .9116E-02 .1616E+00
.9660E+03 .7742E+00 .4223E+00 .8684E-02 .3546E+00 .3460E+00 .4223E+00 .2402E-01 .4464E+00 .4223E+00 .8684E-02 .1571E+00
.9670E+03 .7809E+00 .4178E+00 .8524E-02 .3508E+00 .3423E+00 .4178E+00 .2369E-01 .4415E+00 .4178E+00 .8524E-02 .1554E+00
.9680E+03 .7798E+00 .6032E+00 .1402E-01 .5081E+00 .4941E+00 .6032E+00 .3622E-01 .6394E+00 .6032E+00 .1402E-01 .2251E+00
.9690E+03 .7793E+00 .6200E+00 .1423E-01 .5221E+00 .5078E+00 .6200E+00 .3703E-01 .6570E+00 .6200E+00 .1423E-01 .2315E+00
.9700E+03 .7785E+00 .5630E+00 .1261E-01 .4738E+00 .4612E+00 .5630E+00 .3328E-01 .5963E+00 .5630E+00 .1261E-01 .2103E+00
.9710E+03 .7761E+00 .6655E+00 .1571E-01 .5609E+00 .5452E+00 .6655E+00 .4028E-01 .7058E+00 .6655E+00 .1571E-01 .2489E+00
.9720E+03 .7779E+00 .6387E+00 .1493E-01 .5381E+00 .5232E+00 .6387E+00 .3849E-01 .6772E+00 .6387E+00 .1493E-01 .2388E+00
.9730E+03 .7697E+00 .5307E+00 .1154E-01 .4462E+00 .4347E+00 .5307E+00 .3097E-01 .5616E+00 .5307E+00 .1154E-01 .1981E+00
.9740E+03 .7603E+00 .5098E+00 .1112E-01 .4287E+00 .4176E+00 .5098E+00 .2979E-01 .5396E+00 .5098E+00 .1112E-01 .1903E+00
.9750E+03 .7695E+00 .5407E+00 .1199E-01 .4549E+00 .4429E+00 .5407E+00 .3183E-01 .5725E+00 .5407E+00 .1199E-01 .2020E+00
.9760E+03 .7652E+00 .4977E+00 .1059E-01 .4183E+00 .4077E+00 .4977E+00 .2879E-01 .5265E+00 .4977E+00 .1059E-01 .1859E+00
.9770E+03 .7635E+00 .5776E+00 .1298E-01 .4861E+00 .4731E+00 .5776E+00 .3424E-01 .6118E+00 .5776E+00 .1298E-01 .2162E+00
.9780E+03 .7624E+00 .5435E+00 .1188E-01 .4571E+00 .4452E+00 .5435E+00 .3182E-01 .5753E+00 .5435E+00 .1188E-01 .2034E+00
.9790E+03 .7560E+00 .5738E+00 .1275E-01 .4828E+00 .4700E+00 .5738E+00 .3385E-01 .6076E+00 .5738E+00 .1275E-01 .2148E+00
.9800E+03 .7599E+00 .5337E+00 .1166E-01 .4489E+00 .4372E+00 .5337E+00 .3124E-01 .5650E+00 .5337E+00 .1166E-01 .1997E+00
.9810E+03 .7640E+00 .6627E+00 .1534E-01 .5582E+00 .5429E+00 .6627E+00 .3981E-01 .7026E+00 .6627E+00 .1534E-01 .2482E+00
.9820E+03 .7614E+00 .6254E+00 .1417E-01 .5264E+00 .5123E+00 .6254E+00 .3720E-01 .6626E+00 .6254E+00 .1417E-01 .2341E+00
.9830E+03 .7559E+00 .5953E+00 .1330E-01 .5009E+00 .4876E+00 .5953E+00 .3521E-01 .6305E+00 .5953E+00 .1330E-01 .2230E+00
.9840E+03 .7549E+00 .6893E+00 .1616E-01 .5808E+00 .5646E+00 .6893E+00 .4169E-01 .7310E+00 .6893E+00 .1616E-01 .2587E+00
.9850E+03 .7555E+00 .6208E+00 .1394E-01 .5225E+00 .5085E+00 .6208E+00 .3684E-01 .6577E+00 .6208E+00 .1394E-01 .2329E+00
.9860E+03 .7499E+00 .7042E+00 .1661E-01 .5935E+00 .5768E+00 .7042E+00 .4272E-01 .7469E+00 .7042E+00 .1661E-01 .2645E+00
.9870E+03 .7484E+00 .6867E+00 .1599E-01 .5785E+00 .5625E+00 .6867E+00 .4142E-01 .7281E+00 .6867E+00 .1599E-01 .2579E+00
.9880E+03 .7494E+00 .6859E+00 .1595E-01 .5778E+00 .5619E+00 .6859E+00 .4136E-01 .7273E+00 .6859E+00 .1595E-01 .2577E+00
.9890E+03 .7376E+00 .7064E+00 .1670E-01 .5953E+00 .5786E+00 .7064E+00 .4294E-01 .7493E+00 .7064E+00 .1670E-01 .2658E+00
.9900E+03 .7407E+00 .6817E+00 .1578E-01 .5742E+00 .5584E+00 .6817E+00 .4106E-01 .7228E+00 .6817E+00 .1578E-01 .2565E+00
.9910E+03 .7420E+00 .7087E+00 .1666E-01 .5972E+00 .5806E+00 .7087E+00 .4299E-01 .7517E+00 .7087E+00 .1666E-01 .2668E+00
.9920E+03 .7443E+00 .7136E+00 .1677E-01 .6013E+00 .5846E+00 .7136E+00 .4327E-01 .7569E+00 .7136E+00 .1677E-01 .2686E+00
.9930E+03 .7423E+00 .6925E+00 .1603E-01 .5833E+00 .5673E+00 .6925E+00 .4173E-01 .7342E+00 .6925E+00 .1603E-01 .2608E+00
.9940E+03 .7423E+00 .7143E+00 .1674E-01 .6019E+00 .5852E+00 .7143E+00 .4331E-01 .7577E+00 .7143E+00 .1674E-01 .2694E+00
.9950E+03 .7390E+00 .7143E+00 .1674E-01 .6019E+00 .5851E+00 .7143E+00 .4332E-01 .7576E+00 .7143E+00 .1674E-01 .2695E+00
.9960E+03 .7384E+00 .7098E+00 .1655E-01 .5980E+00 .5815E+00 .7098E+00 .4296E-01 .7528E+00 .7098E+00 .1655E-01 .2678E+00
.9970E+03 .7381E+00 .7116E+00 .1657E-01 .5994E+00 .5829E+00 .7116E+00 .4304E-01 .7546E+00 .7116E+00 .1657E-01 .2685E+00
.9980E+03 .7356E+00 .7084E+00 .1646E-01 .5967E+00 .5803E+00 .7084E+00 .4282E-01 .7512E+00 .7084E+00 .1646E-01 .2675E+00
.9990E+03 .7322E+00 .7057E+00 .1637E-01 .5944E+00 .5781E+00 .7057E+00 .4265E-01 .7484E+00 .7057E+00 .1637E-01 .2667E+00
.1000E+04 .7312E+00 .6993E+00 .1612E-01 .5889E+00 .5728E+00 .6993E+00 .4217E-01 .7414E+00 .6993E+00 .1612E-01 .2645E+00
.1001E+04 .7357E+00 .7098E+00 .1640E-01 .5978E+00 .5814E+00 .7098E+00 .4286E-01 .7526E+00 .7098E+00 .1640E-01 .2687E+00
.1002E+04 .7325E+00 .6848E+00 .1557E-01 .5765E+00 .5610E+00 .6848E+00 .4108E-01 .7259E+00 .6848E+00 .1557E-01 .2594E+00
.1003E+04 .7238E+00 .6968E+00 .1601E-01 .5868E+00 .5708E+00 .6968E+00 .4200E-01 .7388E+00 .6968E+00 .1601E-01 .2640E+00
.1004E+04 .7105E+00 .6787E+00 .1550E-01 .5714E+00 .5559E+00 .6787E+00 .4080E-01 .7195E+00 .6787E+00 .1550E-01 .2571E+00
.1005E+04 .6783E+00 .6557E+00 .1502E-01 .5522E+00 .5371E+00 .6557E+00 .3947E-01 .6952E+00 .6557E+00 .1502E-01 .2484E+00
.1006E+04 .7083E+00 .6803E+00 .1551E-01 .5728E+00 .5573E+00 .6803E+00 .4086E-01 .7212E+00 .6803E+00 .1551E-01 .2577E+00
.1007E+04 .7213E+00 .6955E+00 .1585E-01 .5856E+00 .5698E+00 .6955E+00 .4176E-01 .7373E+00 .6955E+00 .1585E-01 .2634E+00
.1008E+04 .7208E+00 .6904E+00 .1565E-01 .5812E+00 .5656E+00 .6904E+00 .4139E-01 .7318E+00 .6904E+00 .1565E-01 .2617E+00
.1009E+04 .7204E+00 .6859E+00 .1547E-01 .5774E+00 .5619E+00 .6859E+00 .4105E-01 .7270E+00 .6859E+00 .1547E-01 .2602E+00
.1010E+04 .7193E+00 .6824E+00 .1534E-01 .5743E+00 .5590E+00 .6824E+00 .4078E-01 .7231E+00 .6824E+00 .1534E-01 .2590E+00
.1011E+04 .7172E+00 .6923E+00 .1564E-01 .5828E+00 .5671E+00 .6923E+00 .4147E-01 .7338E+00 .6923E+00 .1564E-01 .2628E+00
.1012E+04 .7146E+00 .6853E+00 .1540E-01 .5767E+00 .5613E+00 .6853E+00 .4096E-01 .7262E+00 .6853E+00 .1540E-01 .2601E+00
.1013E+04 .7146E+00 .6912E+00 .1556E-01 .5818E+00 .5662E+00 .6912E+00 .4137E-01 .7326E+00 .6912E+00 .1556E-01 .2626E+00
.1014E+04 .7096E+00 .6864E+00 .1543E-01 .5777E+00 .5623E+00 .6864E+00 .4108E-01 .7275E+00 .6864E+00 .1543E-01 .2611E+00
.1015E+04 .7055E+00 .6817E+00 .1528E-01 .5737E+00 .5584E+00 .6817E+00 .4075E-01 .7225E+00 .6817E+00 .1528E-01 .2594E+00
.1016E+04 .7028E+00 .6787E+00 .1517E-01 .5711E+00 .5559E+00 .6787E+00 .4053E-01 .7192E+00 .6787E+00 .1517E-01 .2582E+00
.1017E+04 .7050E+00 .6801E+00 .1516E-01 .5723E+00 .5571E+00 .6801E+00 .4056E-01 .7207E+00 .6801E+00 .1516E-01 .2588E+00
.1018E+04 .7004E+00 .6784E+00 .1512E-01 .5709E+00 .5558E+00 .6784E+00 .4046E-01 .7189E+00 .6784E+00 .1512E-01 .2581E+00
.1019E+04 .6919E+00 .6619E+00 .1463E-01 .5568E+00 .5422E+00 .6619E+00 .3934E-01 .7013E+00 .6619E+00 .1463E-01 .2518E+00
.1020E+04 .6977E+00 .6747E+00 .1495E-01 .5676E+00 .5527E+00 .6747E+00 .4014E-01 .7149E+00 .6747E+00 .1495E-01 .2567E+00
.1021E+04 .6956E+00 .6742E+00 .1492E-01 .5672E+00 .5522E+00 .6742E+00 .4009E-01 .7143E+00 .6742E+00 .1492E-01 .2564E+00
.1022E+04 .6925E+00 .6684E+00 .1473E-01 .5622E+00 .5475E+00 .6684E+00 .3967E-01 .7080E+00 .6684E+00 .1473E-01 .2542E+00
.1023E+04 .7005E+00 .6753E+00 .1485E-01 .5680E+00 .5531E+00 .6753E+00 .4006E-01 .7153E+00 .6753E+00 .1485E-01 .2571E+00
.1024E+04 .6981E+00 .6641E+00 .1448E-01 .5585E+00 .5440E+00 .6641E+00 .3928E-01 .7033E+00 .6641E+00 .1448E-01 .2530E+00
.1025E+04 .6976E+00 .6758E+00 .1483E-01 .5684E+00 .5536E+00 .6758E+00 .4009E-01 .7159E+00 .6758E+00 .1483E-01 .2576E+00
.1026E+04 .6962E+00 .6725E+00 .1470E-01 .5656E+00 .5509E+00 .6725E+00 .3983E-01 .7124E+00 .6725E+00 .1470E-01 .2564E+00
.1027E+04 .6944E+00 .6711E+00 .1464E-01 .5643E+00 .5497E+00 .6711E+00 .3971E-01 .7108E+00 .6711E+00 .1464E-01 .2558E+00
.1028E+04 .6935E+00 .6696E+00 .1458E-01 .5631E+00 .5485E+00 .6696E+00 .3960E-01 .7092E+00 .6696E+00 .1458E-01 .2555E+00
.1029E+04 .6858E+00 .6616E+00 .1436E-01 .5563E+00 .5420E+00 .6616E+00 .3911E-01 .7007E+00 .6616E+00 .1436E-01 .2526E+00
.1030E+04 .6881E+00 .6673E+00 .1449E-01 .5611E+00 .5466E+00 .6673E+00 .3946E-01 .7068E+00 .6673E+00 .1449E-01 .2549E+00
.1031E+04 .6864E+00 .6642E+00 .1438E-01 .5585E+00 .5441E+00 .6642E+00 .3922E-01 .7034E+00 .6642E+00 .1438E-01 .2537E+00
.1032E+04 .6836E+00 .6630E+00 .1433E-01 .5574E+00 .5431E+00 .6630E+00 .3913E-01 .7021E+00 .6630E+00 .1433E-01 .2532E+00
.1033E+04 .6734E+00 .6530E+00 .1409E-01 .5490E+00 .5349E+00 .6530E+00 .3850E-01 .6915E+00 .6530E+00 .1409E-01 .2494E+00
.1034E+04 .6732E+00 .6534E+00 .1407E-01 .5493E+00 .5353E+00 .6534E+00 .3849E-01 .6919E+00 .6534E+00 .1407E-01 .2495E+00
.1035E+04 .6753E+00 .6557E+00 .1409E-01 .5512E+00 .5371E+00 .6557E+00 .3860E-01 .6943E+00 .6557E+00 .1409E-01 .2504E+00
.1036E+04 .6795E+00 .6590E+00 .1412E-01 .5539E+00 .5398E+00 .6590E+00 .3874E-01 .6977E+00 .6590E+00 .1412E-01 .2517E+00
.1037E+04 .6682E+00 .6485E+00 .1387E-01 .5451E+00 .5312E+00 .6485E+00 .3810E-01 .6866E+00 .6485E+00 .1387E-01 .2477E+00
.1038E+04 .6714E+00 .6516E+00 .1391E-01 .5477E+00 .5338E+00 .6516E+00 .3827E-01 .6899E+00 .6516E+00 .1391E-01 .2491E+00
.1039E+04 .6714E+00 .6513E+00 .1387E-01 .5474E+00 .5335E+00 .6513E+00 .3824E-01 .6896E+00 .6513E+00 .1387E-01 .2492E+00
.1040E+04 .6688E+00 .6490E+00 .1379E-01 .5454E+00 .5316E+00 .6490E+00 .3807E-01 .6870E+00 .6490E+00 .1379E-01 .2483E+00
.1041E+04 .6720E+00 .6517E+00 .1382E-01 .5477E+00 .5338E+00 .6517E+00 .3819E-01 .6899E+00 .6517E+00 .1382E-01 .2494E+00
.1042E+04 .6674E+00 .6474E+00 .1370E-01 .5441E+00 .5304E+00 .6474E+00 .3792E-01 .6854E+00 .6474E+00 .1370E-01 .2478E+00
.1043E+04 .6656E+00 .6456E+00 .1363E-01 .5425E+00 .5288E+00 .6456E+00 .3779E-01 .6834E+00 .6456E+00 .1363E-01 .2473E+00
.1044E+04 .6683E+00 .6481E+00 .1365E-01 .5445E+00 .5309E+00 .6481E+00 .3792E-01 .6860E+00 .6481E+00 .1365E-01 .2484E+00
.1045E+04 .6596E+00 .6395E+00 .1344E-01 .5373E+00 .5238E+00 .6395E+00 .3739E-01 .6769E+00 .6395E+00 .1344E-01 .2452E+00
.1046E+04 .6527E+00 .6327E+00 .1327E-01 .5315E+00 .5182E+00 .6327E+00 .3696E-01 .6696E+00 .6327E+00 .1327E-01 .2426E+00
.1047E+04 .6590E+00 .6386E+00 .1336E-01 .5365E+00 .5231E+00 .6386E+00 .3727E-01 .6759E+00 .6386E+00 .1336E-01 .2449E+00
.1048E+04 .6631E+00 .6423E+00 .1341E-01 .5396E+00 .5262E+00 .6423E+00 .3748E-01 .6798E+00 .6423E+00 .1341E-01 .2465E+00
.1049E+04 .6612E+00 .6400E+00 .1333E-01 .5376E+00 .5242E+00 .6400E+00 .3732E-01 .6773E+00 .6400E+00 .1333E-01 .2458E+00
.1050E+04 .6587E+00 .6372E+00 .1324E-01 .5352E+00 .5220E+00 .6372E+00 .3713E-01 .6744E+00 .6372E+00 .1324E-01 .2449E+00
.1051E+04 .6584E+00 .6370E+00 .1321E-01 .5350E+00 .5218E+00 .6370E+00 .3709E-01 .6741E+00 .6370E+00 .1321E-01 .2448E+00
.1052E+04 .6563E+00 .6346E+00 .1313E-01 .5329E+00 .5198E+00 .6346E+00 .3692E-01 .6715E+00 .6346E+00 .1313E-01 .2439E+00
.1053E+04 .6518E+00 .6300E+00 .1300E-01 .5290E+00 .5160E+00 .6300E+00 .3664E-01 .6666E+00 .6300E+00 .1300E-01 .2423E+00
.1054E+04 .6540E+00 .6319E+00 .1301E-01 .5306E+00 .5176E+00 .6319E+00 .3673E-01 .6686E+00 .6319E+00 .1301E-01 .2433E+00
.1055E+04 .6553E+00 .6327E+00 .1300E-01 .5313E+00 .5183E+00 .6327E+00 .3675E-01 .6694E+00 .6327E+00 .1300E-01 .2436E+00
.1056E+04 .6540E+00 .6309E+00 .1293E-01 .5298E+00 .5168E+00 .6309E+00 .3661E-01 .6675E+00 .6309E+00 .1293E-01 .2429E+00
.1057E+04 .6528E+00 .6295E+00 .1287E-01 .5285E+00 .5156E+00 .6295E+00 .3649E-01 .6660E+00 .6295E+00 .1287E-01 .2424E+00
.1058E+04 .6376E+00 .6144E+00 .1253E-01 .5158E+00 .5033E+00 .6144E+00 .3561E-01 .6500E+00 .6144E+00 .1253E-01 .2368E+00
.1059E+04 .6393E+00 .6154E+00 .1252E-01 .5166E+00 .5041E+00 .6154E+00 .3565E-01 .6511E+00 .6154E+00 .1252E-01 .2374E+00
.1060E+04 .6388E+00 .6149E+00 .1249E-01 .5162E+00 .5037E+00 .6149E+00 .3559E-01 .6505E+00 .6149E+00 .1249E-01 .2373E+00
.1061E+04 .6386E+00 .6144E+00 .1244E-01 .5157E+00 .5033E+00 .6144E+00 .3553E-01 .6499E+00 .6144E+00 .1244E-01 .2371E+00
.1062E+04 .6430E+00 .6176E+00 .1247E-01 .5184E+00 .5059E+00 .6176E+00 .3567E-01 .6532E+00 .6176E+00 .1247E-01 .2383E+00
.1063E+04 .6374E+00 .6116E+00 .1232E-01 .5133E+00 .5010E+00 .6116E+00 .3531E-01 .6469E+00 .6116E+00 .1232E-01 .2362E+00
.1064E+04 .6446E+00 .6196E+00 .1247E-01 .5200E+00 .5075E+00 .6196E+00 .3578E-01 .6554E+00 .6196E+00 .1247E-01 .2395E+00
.1065E+04 .6423E+00 .6144E+00 .1231E-01 .5156E+00 .5033E+00 .6144E+00 .3542E-01 .6498E+00 .6144E+00 .1231E-01 .2375E+00
.1066E+04 .6278E+00 .6030E+00 .1208E-01 .5061E+00 .4940E+00 .6030E+00 .3476E-01 .6378E+00 .6030E+00 .1208E-01 .2332E+00
.1067E+04 .6365E+00 .6101E+00 .1218E-01 .5119E+00 .4997E+00 .6101E+00 .3512E-01 .6452E+00 .6101E+00 .1218E-01 .2359E+00
.1068E+04 .6244E+00 .5964E+00 .1186E-01 .5004E+00 .4885E+00 .5964E+00 .3428E-01 .6307E+00 .5964E+00 .1186E-01 .2306E+00
.1069E+04 .6040E+00 .5766E+00 .1145E-01 .4838E+00 .4723E+00 .5766E+00 .3312E-01 .6097E+00 .5766E+00 .1145E-01 .2229E+00
.1070E+04 .6266E+00 .5940E+00 .1173E-01 .4983E+00 .4866E+00 .5940E+00 .3404E-01 .6280E+00 .5940E+00 .1173E-01 .2296E+00
.1071E+04 .6301E+00 .6056E+00 .1201E-01 .5081E+00 .4961E+00 .6056E+00 .3477E-01 .6404E+00 .6056E+00 .1201E-01 .2341E+00
.1072E+04 .6276E+00 .5957E+00 .1172E-01 .4997E+00 .4879E+00 .5957E+00 .3409E-01 .6298E+00 .5957E+00 .1172E-01 .2303E+00
.1073E+04 .6172E+00 .5878E+00 .1156E-01 .4930E+00 .4815E+00 .5878E+00 .3366E-01 .6214E+00 .5878E+00 .1156E-01 .2275E+00
.1074E+04 .6269E+00 .6043E+00 .1193E-01 .5069E+00 .4950E+00 .6043E+00 .3468E-01 .6389E+00 .6043E+00 .1193E-01 .2341E+00
.1075E+04 .6136E+00 .5675E+00 .1099E-01 .4759E+00 .4649E+00 .5675E+00 .3232E-01 .5999E+00 .5675E+00 .1099E-01 .2198E+00
.1076E+04 .6275E+00 .6019E+00 .1180E-01 .5048E+00 .4930E+00 .6019E+00 .3445E-01 .6363E+00 .6019E+00 .1180E-01 .2332E+00
.1077E+04 .6274E+00 .5877E+00 .1140E-01 .4928E+00 .4814E+00 .5877E+00 .3349E-01 .6212E+00 .5877E+00 .1140E-01 .2276E+00
.1078E+04 .6181E+00 .5746E+00 .1107E-01 .4818E+00 .4707E+00 .5746E+00 .3265E-01 .6073E+00 .5746E+00 .1107E-01 .2225E+00
.1079E+04 .6147E+00 .5918E+00 .1155E-01 .4963E+00 .4848E+00 .5918E+00 .3381E-01 .6256E+00 .5918E+00 .1155E-01 .2292E+00
.1080E+04 .6233E+00 .5740E+00 .1102E-01 .4812E+00 .4702E+00 .5740E+00 .3259E-01 .6066E+00 .5740E+00 .1102E-01 .2225E+00
.1081E+04 .6061E+00 .5555E+00 .1058E-01 .4656E+00 .4551E+00 .5555E+00 .3146E-01 .5870E+00 .5555E+00 .1058E-01 .2154E+00
.1082E+04 .6007E+00 .5684E+00 .1094E-01 .4765E+00 .4656E+00 .5684E+00 .3234E-01 .6007E+00 .5684E+00 .1094E-01 .2206E+00
.1083E+04 .5998E+00 .5712E+00 .1102E-01 .4789E+00 .4679E+00 .5712E+00 .3252E-01 .6037E+00 .5712E+00 .1102E-01 .2217E+00
.1084E+04 .6144E+00 .5522E+00 .1040E-01 .4627E+00 .4523E+00 .5522E+00 .3114E-01 .5833E+00 .5522E+00 .1040E-01 .2142E+00
.1085E+04 .6180E+00 .5759E+00 .1095E-01 .4827E+00 .4718E+00 .5759E+00 .3261E-01 .6085E+00 .5759E+00 .1095E-01 .2234E+00
.1086E+04 .6104E+00 .5191E+00 .9572E-02 .4348E+00 .4253E+00 .5191E+00 .2904E-01 .5482E+00 .5191E+00 .9572E-02 .2013E+00
.1087E+04 .5897E+00 .5407E+00 .1017E-01 .4531E+00 .4429E+00 .5407E+00 .3048E-01 .5712E+00 .5407E+00 .1017E-01 .2097E+00
.1088E+04 .6028E+00 .5674E+00 .1078E-01 .4755E+00 .4648E+00 .5674E+00 .3211E-01 .5995E+00 .5674E+00 .1078E-01 .2201E+00
.1089E+04 .6019E+00 .5466E+00 .1020E-01 .4580E+00 .4478E+00 .5466E+00 .3073E-01 .5774E+00 .5466E+00 .1020E-01 .2120E+00
.1090E+04 .6099E+00 .5323E+00 .9821E-02 .4458E+00 .4360E+00 .5323E+00 .2978E-01 .5620E+00 .5323E+00 .9821E-02 .2064E+00
.1091E+04 .6069E+00 .5628E+00 .1056E-01 .4716E+00 .4611E+00 .5628E+00 .3171E-01 .5946E+00 .5628E+00 .1056E-01 .2184E+00
.1092E+04 .6013E+00 .5646E+00 .1063E-01 .4731E+00 .4625E+00 .5646E+00 .3186E-01 .5964E+00 .5646E+00 .1063E-01 .2191E+00
.1093E+04 .5815E+00 .4665E+00 .8318E-02 .3904E+00 .3821E+00 .4665E+00 .2579E-01 .4923E+00 .4665E+00 .8318E-02 .1811E+00
.1094E+04 .5572E+00 .5115E+00 .9504E-02 .4285E+00 .4190E+00 .5115E+00 .2874E-01 .5402E+00 .5115E+00 .9504E-02 .1988E+00
.1095E+04 .5839E+00 .4857E+00 .8658E-02 .4065E+00 .3979E+00 .4857E+00 .2686E-01 .5126E+00 .4857E+00 .8658E-02 .1887E+00
.1096E+04 .5834E+00 .4616E+00 .8088E-02 .3862E+00 .3781E+00 .4616E+00 .2536E-01 .4869E+00 .4616E+00 .8088E-02 .1793E+00
.1097E+04 .5843E+00 .5497E+00 .1024E-01 .4605E+00 .4503E+00 .5497E+00 .3091E-01 .5806E+00 .5497E+00 .1024E-01 .2137E+00
.1098E+04 .5763E+00 .4505E+00 .7787E-02 .3768E+00 .3690E+00 .4505E+00 .2463E-01 .4751E+00 .4505E+00 .7787E-02 .1749E+00
.1099E+04 .5896E+00 .4734E+00 .8241E-02 .3960E+00 .3878E+00 .4734E+00 .2595E-01 .4993E+00 .4734E+00 .8241E-02 .1838E+00
.1100E+04 .5931E+00 .4365E+00 .7413E-02 .3650E+00 .3575E+00 .4365E+00 .2371E-01 .4602E+00 .4365E+00 .7413E-02 .1694E+00
.1101E+04 .5852E+00 .4433E+00 .7578E-02 .3707E+00 .3631E+00 .4433E+00 .2414E-01 .4674E+00 .4433E+00 .7578E-02 .1721E+00
.1102E+04 .5776E+00 .4196E+00 .7040E-02 .3507E+00 .3437E+00 .4196E+00 .2270E-01 .4423E+00 .4196E+00 .7040E-02 .1629E+00
.1103E+04 .5889E+00 .4129E+00 .6832E-02 .3451E+00 .3383E+00 .4129E+00 .2224E-01 .4352E+00 .4129E+00 .6832E-02 .1604E+00
.1104E+04 .5869E+00 .4137E+00 .6845E-02 .3457E+00 .3389E+00 .4137E+00 .2229E-01 .4360E+00 .4137E+00 .6845E-02 .1609E+00
.1105E+04 .5867E+00 .4600E+00 .7834E-02 .3847E+00 .3769E+00 .4600E+00 .2505E-01 .4851E+00 .4600E+00 .7834E-02 .1790E+00
.1106E+04 .5849E+00 .3286E+00 .4976E-02 .2741E+00 .2692E+00 .3286E+00 .1717E-01 .3458E+00 .3286E+00 .4976E-02 .1276E+00
.1107E+04 .5828E+00 .4344E+00 .7281E-02 .3631E+00 .3558E+00 .4344E+00 .2352E-01 .4579E+00 .4344E+00 .7281E-02 .1690E+00
.1108E+04 .5831E+00 .3526E+00 .5502E-02 .2943E+00 .2888E+00 .3526E+00 .1861E-01 .3712E+00 .3526E+00 .5502E-02 .1370E+00
.1109E+04 .5825E+00 .3501E+00 .5426E-02 .2922E+00 .2868E+00 .3501E+00 .1844E-01 .3685E+00 .3501E+00 .5426E-02 .1360E+00
.1110E+04 .5827E+00 .4133E+00 .6675E-02 .3452E+00 .3386E+00 .4133E+00 .2208E-01 .4354E+00 .4133E+00 .6675E-02 .1607E+00
.1111E+04 .5782E+00 .2821E+00 .4128E-02 .2352E+00 .2311E+00 .2821E+00 .1457E-01 .2967E+00 .2821E+00 .4128E-02 .1095E+00
.1112E+04 .5743E+00 .3455E+00 .5340E-02 .2883E+00 .2830E+00 .3455E+00 .1818E-01 .3636E+00 .3455E+00 .5340E-02 .1342E+00
.1113E+04 .5729E+00 .2222E+00 .3040E-02 .1851E+00 .1820E+00 .2222E+00 .1123E-01 .2334E+00 .2222E+00 .3040E-02 .8621E-01
.1114E+04 .5779E+00 .2471E+00 .3406E-02 .2058E+00 .2024E+00 .2471E+00 .1252E-01 .2596E+00 .2471E+00 .3406E-02 .9587E-01
.1115E+04 .5732E+00 .2023E+00 .2694E-02 .1684E+00 .1657E+00 .2023E+00 .1014E-01 .2125E+00 .2023E+00 .2694E-02 .7847E-01
.1116E+04 .5736E+00 .1592E+00 .1928E-02 .1323E+00 .1304E+00 .1592E+00 .7753E-02 .1670E+00 .1592E+00 .1928E-02 .6168E-01
.1117E+04 .5761E+00 .6170E-01 .5683E-03 .5111E-01 .5054E-01 .6170E-01 .2796E-02 .6450E-01 .6170E-01 .5683E-03 .2384E-01
.1118E+04 .5707E+00 .1789E+00 .2221E-02 .1488E+00 .1466E+00 .1789E+00 .8779E-02 .1877E+00 .1789E+00 .2221E-02 .6934E-01
.1119E+04 .5629E+00 .8306E-01 .8435E-03 .6888E-01 .6804E-01 .8306E-01 .3855E-02 .8692E-01 .8306E-01 .8435E-03 .3212E-01
.1120E+04 .5630E+00 .1059E+00 .1076E-02 .8779E-01 .8672E-01 .1059E+00 .4914E-02 .1108E+00 .1059E+00 .1076E-02 .4093E-01
.1121E+04 .5667E+00 .1426E+00 .1548E-02 .1183E+00 .1168E+00 .1426E+00 .6734E-02 .1493E+00 .1426E+00 .1548E-02 .5515E-01
.1122E+04 .5689E+00 .6051E-01 .5160E-03 .5009E-01 .4957E-01 .6051E-01 .2693E-02 .6321E-01 .6051E-01 .5160E-03 .2336E-01
.1123E+04 .5680E+00 .9897E-01 .1005E-02 .8207E-01 .8107E-01 .9897E-01 .4593E-02 .1036E+00 .9897E-01 .1005E-02 .3827E-01
.1124E+04 .5640E+00 .8296E-01 .8245E-03 .6878E-01 .6796E-01 .8296E-01 .3830E-02 .8679E-01 .8296E-01 .8245E-03 .3207E-01
.1125E+04 .5485E+00 .1096E+00 .1154E-02 .9092E-01 .8977E-01 .1096E+00 .5134E-02 .1147E+00 .1096E+00 .1154E-02 .4239E-01
.1126E+04 .5539E+00 .3827E-01 .2797E-03 .3163E-01 .3135E-01 .3827E-01 .1649E-02 .3992E-01 .3827E-01 .2797E-03 .1475E-01
.1127E+04 .5584E+00 .1217E+00 .1289E-02 .1010E+00 .9966E-01 .1217E+00 .5710E-02 .1274E+00 .1217E+00 .1289E-02 .4706E-01
.1128E+04 .5562E+00 .7140E-01 .6223E-03 .5911E-01 .5849E-01 .7140E-01 .3194E-02 .7460E-01 .7140E-01 .6223E-03 .2756E-01
.1129E+04 .5501E+00 .7363E-01 .6451E-03 .6096E-01 .6031E-01 .7363E-01 .3297E-02 .7692E-01 .7363E-01 .6451E-03 .2842E-01
.1130E+04 .5512E+00 .5275E-01 .4489E-03 .4366E-01 .4321E-01 .5275E-01 .2347E-02 .5510E-01 .5275E-01 .4489E-03 .2036E-01
.1131E+04 .5540E+00 .2382E+00 .2992E-02 .1981E+00 .1951E+00 .2382E+00 .1173E-01 .2499E+00 .2382E+00 .2992E-02 .9228E-01
.1132E+04 .5542E+00 .1776E+00 .2076E-02 .1476E+00 .1455E+00 .1776E+00 .8562E-02 .1862E+00 .1776E+00 .2076E-02 .6876E-01
.1133E+04 .5451E+00 .1079E+00 .1061E-02 .8941E-01 .8835E-01 .1079E+00 .4966E-02 .1128E+00 .1079E+00 .1061E-02 .4168E-01
.1134E+04 .5505E+00 .2561E-01 .1716E-03 .2115E-01 .2098E-01 .2561E-01 .1085E-02 .2670E-01 .2561E-01 .1716E-03 .9865E-02
.1135E+04 .5507E+00 .1182E-01 .8421E-04 .9768E-02 .9684E-02 .1182E-01 .5068E-03 .1233E-01 .1182E-01 .8421E-04 .4557E-02
.1136E+04 .5514E+00 .9382E-01 .8662E-03 .7772E-01 .7685E-01 .9382E-01 .4253E-02 .9807E-01 .9382E-01 .8662E-03 .3623E-01
.1137E+04 .5458E+00 .2282E+00 .2756E-02 .1897E+00 .1869E+00 .2282E+00 .1111E-01 .2393E+00 .2282E+00 .2756E-02 .8836E-01
.1138E+04 .5387E+00 .1595E+00 .1819E-02 .1325E+00 .1307E+00 .1595E+00 .7637E-02 .1672E+00 .1595E+00 .1819E-02 .6175E-01
.1139E+04 .5406E+00 .2588E+00 .3496E-02 .2155E+00 .2120E+00 .2588E+00 .1303E-01 .2718E+00 .2588E+00 .3496E-02 .1004E+00
.1140E+04 .5363E+00 .2051E+00 .2556E-02 .1706E+00 .1680E+00 .2051E+00 .1007E-01 .2152E+00 .2051E+00 .2556E-02 .7949E-01
.1141E+04 .5371E+00 .1624E+00 .1881E-02 .1349E+00 .1331E+00 .1624E+00 .7812E-02 .1702E+00 .1624E+00 .1881E-02 .6290E-01
.1142E+04 .5392E+00 .1821E+00 .2170E-02 .1513E+00 .1492E+00 .1821E+00 .8828E-02 .1909E+00 .1821E+00 .2170E-02 .7053E-01
.1143E+04 .5405E+00 .2583E+00 .3344E-02 .2150E+00 .2116E+00 .2583E+00 .1284E-01 .2712E+00 .2583E+00 .3344E-02 .1002E+00
.1144E+04 .5355E+00 .9011E-01 .9220E-03 .7473E-01 .7381E-01 .9011E-01 .4191E-02 .9430E-01 .9011E-01 .9220E-03 .3485E-01
.1145E+04 .5399E+00 .1101E+00 .1073E-02 .9128E-01 .9020E-01 .1101E+00 .5059E-02 .1152E+00 .1101E+00 .1073E-02 .4256E-01
.1146E+04 .5437E+00 .1158E+00 .1124E-02 .9602E-01 .9489E-01 .1158E+00 .5317E-02 .1212E+00 .1158E+00 .1124E-02 .4477E-01
.1147E+04 .5422E+00 .4019E-01 .2783E-03 .3320E-01 .3293E-01 .4019E-01 .1714E-02 .4191E-01 .4019E-01 .2783E-03 .1549E-01
.1148E+04 .5387E+00 .2247E+00 .2808E-02 .1869E+00 .1840E+00 .2247E+00 .1105E-01 .2357E+00 .2247E+00 .2808E-02 .8708E-01
.1149E+04 .5377E+00 .1753E+00 .2042E-02 .1456E+00 .1436E+00 .1753E+00 .8442E-02 .1837E+00 .1753E+00 .2042E-02 .6787E-01
.1150E+04 .5362E+00 .9726E-01 .1032E-02 .8070E-01 .7967E-01 .9726E-01 .4567E-02 .1018E+00 .9726E-01 .1032E-02 .3764E-01
.1151E+04 .5358E+00 .1546E+00 .1707E-02 .1284E+00 .1267E+00 .1546E+00 .7339E-02 .1620E+00 .1546E+00 .1707E-02 .5984E-01
.1152E+04 .5314E+00 .2033E+00 .2447E-02 .1690E+00 .1666E+00 .2033E+00 .9887E-02 .2132E+00 .2033E+00 .2447E-02 .7876E-01
.1153E+04 .5345E+00 .1988E+00 .2460E-02 .1653E+00 .1628E+00 .1988E+00 .9744E-02 .2085E+00 .1988E+00 .2460E-02 .7704E-01
.1154E+04 .5355E+00 .9450E-01 .8781E-03 .7829E-01 .7741E-01 .9450E-01 .4291E-02 .9879E-01 .9450E-01 .8781E-03 .3651E-01
.1155E+04 .5325E+00 .2597E+00 .3378E-02 .2161E+00 .2128E+00 .2597E+00 .1292E-01 .2727E+00 .2597E+00 .3378E-02 .1007E+00
.1156E+04 .5307E+00 .2298E+00 .2872E-02 .1911E+00 .1882E+00 .2298E+00 .1130E-01 .2411E+00 .2298E+00 .2872E-02 .8906E-01
.1157E+04 .5308E+00 .2621E+00 .3477E-02 .2182E+00 .2147E+00 .2621E+00 .1312E-01 .2752E+00 .2621E+00 .3477E-02 .1016E+00
.1158E+04 .5294E+00 .2545E+00 .3340E-02 .2118E+00 .2085E+00 .2545E+00 .1270E-01 .2672E+00 .2545E+00 .3340E-02 .9870E-01
.1159E+04 .5172E+00 .2797E+00 .3774E-02 .2329E+00 .2291E+00 .2797E+00 .1408E-01 .2938E+00 .2797E+00 .3774E-02 .1085E+00
.1160E+04 .5185E+00 .2372E+00 .3067E-02 .1974E+00 .1943E+00 .2372E+00 .1178E-01 .2490E+00 .2372E+00 .3067E-02 .9198E-01
.1161E+04 .5087E+00 .2788E+00 .3797E-02 .2322E+00 .2284E+00 .2788E+00 .1407E-01 .2929E+00 .2788E+00 .3797E-02 .1082E+00
.1162E+04 .5223E+00 .2842E+00 .3864E-02 .2366E+00 .2328E+00 .2842E+00 .1433E-01 .2985E+00 .2842E+00 .3864E-02 .1102E+00
.1163E+04 .5219E+00 .4166E+00 .6351E-02 .3476E+00 .3412E+00 .4166E+00 .2180E-01 .4384E+00 .4166E+00 .6351E-02 .1616E+00
.1164E+04 .5150E+00 .3331E+00 .4751E-02 .2776E+00 .2729E+00 .3331E+00 .1704E-01 .3501E+00 .3331E+00 .4751E-02 .1290E+00
.1165E+04 .5178E+00 .3198E+00 .4468E-02 .2665E+00 .2620E+00 .3198E+00 .1625E-01 .3361E+00 .3198E+00 .4468E-02 .1239E+00
.1166E+04 .5137E+00 .3074E+00 .4304E-02 .2561E+00 .2518E+00 .3074E+00 .1563E-01 .3230E+00 .3074E+00 .4304E-02 .1190E+00
.1167E+04 .5172E+00 .3454E+00 .4965E-02 .2879E+00 .2829E+00 .3454E+00 .1771E-01 .3631E+00 .3454E+00 .4965E-02 .1338E+00
.1168E+04 .5180E+00 .3589E+00 .5216E-02 .2992E+00 .2940E+00 .3589E+00 .1847E-01 .3773E+00 .3589E+00 .5216E-02 .1390E+00
.1169E+04 .5068E+00 .3676E+00 .5377E-02 .3065E+00 .3011E+00 .3676E+00 .1896E-01 .3865E+00 .3676E+00 .5377E-02 .1424E+00
.1170E+04 .5163E+00 .4078E+00 .6139E-02 .3402E+00 .3340E+00 .4078E+00 .2123E-01 .4290E+00 .4078E+00 .6139E-02 .1579E+00
.1171E+04 .5178E+00 .3995E+00 .5999E-02 .3333E+00 .3273E+00 .3995E+00 .2077E-01 .4203E+00 .3995E+00 .5999E-02 .1546E+00
.1172E+04 .5164E+00 .4070E+00 .6162E-02 .3396E+00 .3334E+00 .4070E+00 .2121E-01 .4282E+00 .4070E+00 .6162E-02 .1574E+00
.1173E+04 .5159E+00 .4091E+00 .6137E-02 .3413E+00 .3351E+00 .4091E+00 .2125E-01 .4304E+00 .4091E+00 .6137E-02 .1582E+00
.1174E+04 .5135E+00 .2784E+00 .3772E-02 .2318E+00 .2281E+00 .2784E+00 .1399E-01 .2924E+00 .2784E+00 .3772E-02 .1076E+00
.1175E+04 .4991E+00 .4048E+00 .6154E-02 .3378E+00 .3316E+00 .4048E+00 .2111E-01 .4260E+00 .4048E+00 .6154E-02 .1565E+00
.1176E+04 .5075E+00 .4493E+00 .7029E-02 .3751E+00 .3681E+00 .4493E+00 .2365E-01 .4730E+00 .4493E+00 .7029E-02 .1736E+00
.1177E+04 .5074E+00 .4281E+00 .6547E-02 .3572E+00 .3507E+00 .4281E+00 .2235E-01 .4505E+00 .4281E+00 .6547E-02 .1653E+00
.1178E+04 .5015E+00 .3145E+00 .4478E-02 .2621E+00 .2576E+00 .3145E+00 .1603E-01 .3306E+00 .3145E+00 .4478E-02 .1213E+00
.1179E+04 .5088E+00 .4574E+00 .7152E-02 .3819E+00 .3747E+00 .4574E+00 .2407E-01 .4815E+00 .4574E+00 .7152E-02 .1766E+00
.1180E+04 .5100E+00 .3996E+00 .5945E-02 .3333E+00 .3273E+00 .3996E+00 .2066E-01 .4203E+00 .3996E+00 .5945E-02 .1541E+00
.1181E+04 .5064E+00 .4123E+00 .6169E-02 .3439E+00 .3377E+00 .4123E+00 .2134E-01 .4337E+00 .4123E+00 .6169E-02 .1588E+00
.1182E+04 .5003E+00 .2806E+00 .3830E-02 .2337E+00 .2298E+00 .2806E+00 .1409E-01 .2947E+00 .2806E+00 .3830E-02 .1079E+00
.1183E+04 .4858E+00 .4070E+00 .6116E-02 .3395E+00 .3334E+00 .4070E+00 .2109E-01 .4281E+00 .4070E+00 .6116E-02 .1567E+00
.1184E+04 .5001E+00 .3821E+00 .5602E-02 .3186E+00 .3130E+00 .3821E+00 .1964E-01 .4018E+00 .3821E+00 .5602E-02 .1471E+00
.1185E+04 .5046E+00 .3649E+00 .5222E-02 .3041E+00 .2989E+00 .3649E+00 .1860E-01 .3835E+00 .3649E+00 .5222E-02 .1404E+00
.1186E+04 .5035E+00 .4398E+00 .6673E-02 .3670E+00 .3603E+00 .4398E+00 .2287E-01 .4627E+00 .4398E+00 .6673E-02 .1694E+00
.1187E+04 .5034E+00 .4164E+00 .6195E-02 .3473E+00 .3411E+00 .4164E+00 .2151E-01 .4379E+00 .4164E+00 .6195E-02 .1603E+00
.1188E+04 .4850E+00 .2820E+00 .3758E-02 .2348E+00 .2310E+00 .2820E+00 .1405E-01 .2961E+00 .2820E+00 .3758E-02 .1084E+00
.1189E+04 .4842E+00 .3869E+00 .5689E-02 .3226E+00 .3170E+00 .3869E+00 .1991E-01 .4068E+00 .3869E+00 .5689E-02 .1490E+00
.1190E+04 .4983E+00 .4315E+00 .6501E-02 .3599E+00 .3534E+00 .4315E+00 .2238E-01 .4538E+00 .4315E+00 .6501E-02 .1662E+00
.1191E+04 .5014E+00 .4007E+00 .5820E-02 .3340E+00 .3282E+00 .4007E+00 .2053E-01 .4212E+00 .4007E+00 .5820E-02 .1542E+00
.1192E+04 .4989E+00 .4380E+00 .6616E-02 .3654E+00 .3588E+00 .4380E+00 .2275E-01 .4607E+00 .4380E+00 .6616E-02 .1687E+00
.1193E+04 .4984E+00 .4174E+00 .6201E-02 .3481E+00 .3419E+00 .4174E+00 .2157E-01 .4390E+00 .4174E+00 .6201E-02 .1609E+00
.1194E+04 .4975E+00 .4330E+00 .6499E-02 .3612E+00 .3547E+00 .4330E+00 .2247E-01 .4555E+00 .4330E+00 .6499E-02 .1671E+00
.1195E+04 .4914E+00 .4025E+00 .5873E-02 .3356E+00 .3297E+00 .4025E+00 .2070E-01 .4232E+00 .4025E+00 .5873E-02 .1554E+00
.1196E+04 .4919E+00 .3851E+00 .5528E-02 .3210E+00 .3155E+00 .3851E+00 .1971E-01 .4048E+00 .3851E+00 .5528E-02 .1488E+00
.1197E+04 .4798E+00 .4348E+00 .6563E-02 .3628E+00 .3562E+00 .4348E+00 .2265E-01 .4575E+00 .4348E+00 .6563E-02 .1684E+00
.1198E+04 .4745E+00 .3946E+00 .5823E-02 .3290E+00 .3232E+00 .3946E+00 .2042E-01 .4150E+00 .3946E+00 .5823E-02 .1530E+00
.1199E+04 .4694E+00 .3273E+00 .4547E-02 .2727E+00 .2681E+00 .3273E+00 .1663E-01 .3439E+00 .3273E+00 .4547E-02 .1270E+00
.1200E+04 .4889E+00 .4123E+00 .6073E-02 .3438E+00 .3378E+00 .4123E+00 .2137E-01 .4337E+00 .4123E+00 .6073E-02 .1603E+00
.1201E+04 .4910E+00 .3942E+00 .5683E-02 .3286E+00 .3229E+00 .3942E+00 .2030E-01 .4145E+00 .3942E+00 .5683E-02 .1534E+00
.1202E+04 .4883E+00 .3947E+00 .5762E-02 .3291E+00 .3233E+00 .3947E+00 .2043E-01 .4151E+00 .3947E+00 .5762E-02 .1538E+00
.1203E+04 .4679E+00 .3872E+00 .5595E-02 .3228E+00 .3172E+00 .3872E+00 .2000E-01 .4072E+00 .3872E+00 .5595E-02 .1511E+00
.1204E+04 .4791E+00 .3316E+00 .4577E-02 .2762E+00 .2717E+00 .3316E+00 .1690E-01 .3485E+00 .3316E+00 .4577E-02 .1296E+00
.1205E+04 .4848E+00 .4019E+00 .5872E-02 .3351E+00 .3292E+00 .4019E+00 .2088E-01 .4227E+00 .4019E+00 .5872E-02 .1575E+00
.1206E+04 .4854E+00 .4493E+00 .6756E-02 .3748E+00 .3681E+00 .4493E+00 .2361E-01 .4729E+00 .4493E+00 .6756E-02 .1765E+00
.1207E+04 .4845E+00 .3881E+00 .5565E-02 .3235E+00 .3179E+00 .3881E+00 .2009E-01 .4082E+00 .3881E+00 .5565E-02 .1525E+00
.1208E+04 .4598E+00 .3827E+00 .5558E-02 .3191E+00 .3135E+00 .3827E+00 .1990E-01 .4026E+00 .3827E+00 .5558E-02 .1506E+00
.1209E+04 .4690E+00 .3933E+00 .5713E-02 .3279E+00 .3221E+00 .3933E+00 .2047E-01 .4137E+00 .3933E+00 .5713E-02 .1548E+00
.1210E+04 .4716E+00 .4132E+00 .6078E-02 .3445E+00 .3385E+00 .4132E+00 .2161E-01 .4348E+00 .4132E+00 .6078E-02 .1628E+00
.1211E+04 .4733E+00 .3911E+00 .5653E-02 .3260E+00 .3204E+00 .3911E+00 .2035E-01 .4114E+00 .3911E+00 .5653E-02 .1542E+00
.1212E+04 .4790E+00 .3810E+00 .5346E-02 .3175E+00 .3121E+00 .3810E+00 .1964E-01 .4007E+00 .3810E+00 .5346E-02 .1503E+00
.1213E+04 .4784E+00 .4353E+00 .6419E-02 .3630E+00 .3566E+00 .4353E+00 .2282E-01 .4581E+00 .4353E+00 .6419E-02 .1720E+00
.1214E+04 .4785E+00 .3923E+00 .5549E-02 .3269E+00 .3213E+00 .3923E+00 .2030E-01 .4126E+00 .3923E+00 .5549E-02 .1550E+00
.1215E+04 .4783E+00 .3844E+00 .5409E-02 .3203E+00 .3149E+00 .3844E+00 .1985E-01 .4043E+00 .3844E+00 .5409E-02 .1519E+00
.1216E+04 .4775E+00 .4344E+00 .6388E-02 .3622E+00 .3558E+00 .4344E+00 .2276E-01 .4571E+00 .4344E+00 .6388E-02 .1717E+00
.1217E+04 .4762E+00 .4218E+00 .6136E-02 .3516E+00 .3455E+00 .4218E+00 .2202E-01 .4438E+00 .4218E+00 .6136E-02 .1667E+00
.1218E+04 .4744E+00 .4277E+00 .6240E-02 .3566E+00 .3503E+00 .4277E+00 .2235E-01 .4500E+00 .4277E+00 .6240E-02 .1691E+00
.1219E+04 .4724E+00 .4185E+00 .6041E-02 .3488E+00 .3428E+00 .4185E+00 .2180E-01 .4403E+00 .4185E+00 .6041E-02 .1654E+00
.1220E+04 .4738E+00 .4293E+00 .6255E-02 .3579E+00 .3517E+00 .4293E+00 .2243E-01 .4518E+00 .4293E+00 .6255E-02 .1697E+00
.1221E+04 .4719E+00 .4354E+00 .6376E-02 .3630E+00 .3567E+00 .4354E+00 .2278E-01 .4582E+00 .4354E+00 .6376E-02 .1721E+00
.1222E+04 .4701E+00 .4231E+00 .6151E-02 .3528E+00 .3466E+00 .4231E+00 .2209E-01 .4452E+00 .4231E+00 .6151E-02 .1673E+00
.1223E+04 .4686E+00 .4176E+00 .6031E-02 .3481E+00 .3421E+00 .4176E+00 .2175E-01 .4394E+00 .4176E+00 .6031E-02 .1651E+00
.1224E+04 .4699E+00 .4136E+00 .5909E-02 .3447E+00 .3388E+00 .4136E+00 .2147E-01 .4350E+00 .4136E+00 .5909E-02 .1634E+00
.1225E+04 .4684E+00 .4329E+00 .6288E-02 .3609E+00 .3546E+00 .4329E+00 .2259E-01 .4555E+00 .4329E+00 .6288E-02 .1711E+00
.1226E+04 .4663E+00 .4377E+00 .6395E-02 .3649E+00 .3585E+00 .4377E+00 .2289E-01 .4606E+00 .4377E+00 .6395E-02 .1730E+00
.1227E+04 .4570E+00 .3986E+00 .5653E-02 .3321E+00 .3265E+00 .3986E+00 .2064E-01 .4192E+00 .3986E+00 .5653E-02 .1575E+00
.1228E+04 .4645E+00 .4407E+00 .6445E-02 .3675E+00 .3610E+00 .4407E+00 .2305E-01 .4638E+00 .4407E+00 .6445E-02 .1742E+00
.1229E+04 .4654E+00 .4385E+00 .6380E-02 .3656E+00 .3592E+00 .4385E+00 .2290E-01 .4614E+00 .4385E+00 .6380E-02 .1733E+00
.1230E+04 .4629E+00 .4300E+00 .6213E-02 .3584E+00 .3522E+00 .4300E+00 .2240E-01 .4524E+00 .4300E+00 .6213E-02 .1699E+00
.1231E+04 .4614E+00 .4461E+00 .6542E-02 .3720E+00 .3655E+00 .4461E+00 .2336E-01 .4695E+00 .4461E+00 .6542E-02 .1764E+00
.1232E+04 .4592E+00 .4434E+00 .6488E-02 .3697E+00 .3632E+00 .4434E+00 .2320E-01 .4666E+00 .4434E+00 .6488E-02 .1753E+00
.1233E+04 .4601E+00 .4232E+00 .6045E-02 .3527E+00 .3467E+00 .4232E+00 .2197E-01 .4451E+00 .4232E+00 .6045E-02 .1672E+00
.1234E+04 .4577E+00 .4469E+00 .6549E-02 .3726E+00 .3661E+00 .4469E+00 .2339E-01 .4703E+00 .4469E+00 .6549E-02 .1767E+00
.1235E+04 .4572E+00 .4432E+00 .6461E-02 .3695E+00 .3630E+00 .4432E+00 .2316E-01 .4663E+00 .4432E+00 .6461E-02 .1752E+00
.1236E+04 .4586E+00 .4473E+00 .6530E-02 .3730E+00 .3664E+00 .4473E+00 .2338E-01 .4707E+00 .4473E+00 .6530E-02 .1768E+00
.1237E+04 .4580E+00 .4392E+00 .6350E-02 .3661E+00 .3598E+00 .4392E+00 .2289E-01 .4621E+00 .4392E+00 .6350E-02 .1736E+00
.1238E+04 .4570E+00 .4460E+00 .6490E-02 .3719E+00 .3654E+00 .4460E+00 .2329E-01 .4693E+00 .4460E+00 .6490E-02 .1763E+00
.1239E+04 .4513E+00 .4403E+00 .6395E-02 .3671E+00 .3607E+00 .4403E+00 .2298E-01 .4633E+00 .4403E+00 .6395E-02 .1741E+00
.1240E+04 .4522E+00 .4425E+00 .6423E-02 .3689E+00 .3624E+00 .4425E+00 .2309E-01 .4655E+00 .4425E+00 .6423E-02 .1749E+00
.1241E+04 .4541E+00 .4394E+00 .6333E-02 .3662E+00 .3599E+00 .4394E+00 .2287E-01 .4622E+00 .4394E+00 .6333E-02 .1737E+00
.1242E+04 .4495E+00 .4395E+00 .6355E-02 .3664E+00 .3600E+00 .4395E+00 .2290E-01 .4624E+00 .4395E+00 .6355E-02 .1736E+00
.1243E+04 .4456E+00 .4362E+00 .6299E-02 .3636E+00 .3573E+00 .4362E+00 .2270E-01 .4589E+00 .4362E+00 .6299E-02 .1722E+00
.1244E+04 .4500E+00 .4392E+00 .6320E-02 .3661E+00 .3597E+00 .4392E+00 .2282E-01 .4620E+00 .4392E+00 .6320E-02 .1732E+00
.1245E+04 .4512E+00 .4415E+00 .6350E-02 .3680E+00 .3616E+00 .4415E+00 .2294E-01 .4644E+00 .4415E+00 .6350E-02 .1742E+00
.1246E+04 .4484E+00 .4389E+00 .6303E-02 .3658E+00 .3595E+00 .4389E+00 .2279E-01 .4617E+00 .4389E+00 .6303E-02 .1731E+00
.1247E+04 .4478E+00 .4373E+00 .6263E-02 .3645E+00 .3583E+00 .4373E+00 .2269E-01 .4600E+00 .4373E+00 .6263E-02 .1725E+00
.1248E+04 .4496E+00 .4368E+00 .6229E-02 .3640E+00 .3578E+00 .4368E+00 .2263E-01 .4594E+00 .4368E+00 .6229E-02 .1723E+00
.1249E+04 .4491E+00 .4388E+00 .6264E-02 .3657E+00 .3595E+00 .4388E+00 .2274E-01 .4616E+00 .4388E+00 .6264E-02 .1731E+00
.1250E+04 .4476E+00 .4366E+00 .6216E-02 .3638E+00 .3576E+00 .4366E+00 .2261E-01 .4592E+00 .4366E+00 .6216E-02 .1722E+00
.1251E+04 .4444E+00 .4322E+00 .6133E-02 .3601E+00 .3540E+00 .4322E+00 .2236E-01 .4545E+00 .4322E+00 .6133E-02 .1704E+00
.1252E+04 .4413E+00 .4306E+00 .6111E-02 .3588E+00 .3527E+00 .4306E+00 .2228E-01 .4529E+00 .4306E+00 .6111E-02 .1698E+00
.1253E+04 .4435E+00 .4300E+00 .6072E-02 .3583E+00 .3522E+00 .4300E+00 .2221E-01 .4522E+00 .4300E+00 .6072E-02 .1696E+00
.1254E+04 .4436E+00 .4260E+00 .5978E-02 .3549E+00 .3489E+00 .4260E+00 .2196E-01 .4479E+00 .4260E+00 .5978E-02 .1680E+00
.1255E+04 .4424E+00 .4304E+00 .6069E-02 .3587E+00 .3526E+00 .4304E+00 .2222E-01 .4527E+00 .4304E+00 .6069E-02 .1698E+00
.1256E+04 .4407E+00 .4235E+00 .5925E-02 .3528E+00 .3469E+00 .4235E+00 .2181E-01 .4453E+00 .4235E+00 .5925E-02 .1670E+00
.1257E+04 .4405E+00 .4224E+00 .5893E-02 .3519E+00 .3460E+00 .4224E+00 .2173E-01 .4441E+00 .4224E+00 .5893E-02 .1666E+00
.1258E+04 .4401E+00 .4257E+00 .5954E-02 .3546E+00 .3487E+00 .4257E+00 .2192E-01 .4476E+00 .4257E+00 .5954E-02 .1679E+00
.1259E+04 .4411E+00 .4184E+00 .5787E-02 .3485E+00 .3427E+00 .4184E+00 .2147E-01 .4399E+00 .4184E+00 .5787E-02 .1650E+00
.1260E+04 .4413E+00 .4189E+00 .5787E-02 .3489E+00 .3431E+00 .4189E+00 .2150E-01 .4404E+00 .4189E+00 .5787E-02 .1653E+00
.1261E+04 .4388E+00 .4046E+00 .5503E-02 .3369E+00 .3314E+00 .4046E+00 .2068E-01 .4252E+00 .4046E+00 .5503E-02 .1598E+00
.1262E+04 .4378E+00 .3982E+00 .5373E-02 .3316E+00 .3262E+00 .3982E+00 .2032E-01 .4185E+00 .3982E+00 .5373E-02 .1574E+00
.1263E+04 .4394E+00 .3982E+00 .5355E-02 .3315E+00 .3262E+00 .3982E+00 .2031E-01 .4185E+00 .3982E+00 .5355E-02 .1575E+00
.1264E+04 .4352E+00 .3792E+00 .4996E-02 .3156E+00 .3106E+00 .3792E+00 .1923E-01 .3984E+00 .3792E+00 .4996E-02 .1501E+00
.1265E+04 .4360E+00 .3964E+00 .5324E-02 .3301E+00 .3247E+00 .3964E+00 .2024E-01 .4167E+00 .3964E+00 .5324E-02 .1571E+00
.1266E+04 .4368E+00 .3887E+00 .5158E-02 .3236E+00 .3184E+00 .3887E+00 .1978E-01 .4085E+00 .3887E+00 .5158E-02 .1542E+00
.1267E+04 .4325E+00 .3891E+00 .5183E-02 .3239E+00 .3188E+00 .3891E+00 .1983E-01 .4090E+00 .3891E+00 .5183E-02 .1544E+00
.1268E+04 .4295E+00 .3774E+00 .4962E-02 .3141E+00 .3092E+00 .3774E+00 .1916E-01 .3966E+00 .3774E+00 .4962E-02 .1497E+00
.1269E+04 .4340E+00 .2902E+00 .3340E-02 .2411E+00 .2377E+00 .2902E+00 .1418E-01 .3044E+00 .2902E+00 .3340E-02 .1151E+00
.1270E+04 .4355E+00 .3907E+00 .5175E-02 .3253E+00 .3201E+00 .3907E+00 .1993E-01 .4107E+00 .3907E+00 .5175E-02 .1556E+00
.1271E+04 .4344E+00 .4006E+00 .5373E-02 .3336E+00 .3282E+00 .4006E+00 .2055E-01 .4212E+00 .4006E+00 .5373E-02 .1600E+00
.1272E+04 .4333E+00 .4015E+00 .5386E-02 .3343E+00 .3289E+00 .4015E+00 .2060E-01 .4221E+00 .4015E+00 .5386E-02 .1603E+00
.1273E+04 .4313E+00 .3986E+00 .5332E-02 .3318E+00 .3265E+00 .3986E+00 .2043E-01 .4190E+00 .3986E+00 .5332E-02 .1592E+00
.1274E+04 .4296E+00 .3970E+00 .5304E-02 .3305E+00 .3252E+00 .3970E+00 .2034E-01 .4174E+00 .3970E+00 .5304E-02 .1585E+00
.1275E+04 .4313E+00 .4033E+00 .5407E-02 .3358E+00 .3304E+00 .4033E+00 .2069E-01 .4240E+00 .4033E+00 .5407E-02 .1611E+00
.1276E+04 .4312E+00 .4041E+00 .5415E-02 .3364E+00 .3310E+00 .4041E+00 .2072E-01 .4248E+00 .4041E+00 .5415E-02 .1614E+00
.1277E+04 .4301E+00 .4011E+00 .5360E-02 .3339E+00 .3285E+00 .4011E+00 .2054E-01 .4216E+00 .4011E+00 .5360E-02 .1600E+00
.1278E+04 .4282E+00 .4101E+00 .5533E-02 .3415E+00 .3360E+00 .4101E+00 .2105E-01 .4312E+00 .4101E+00 .5533E-02 .1635E+00
.1279E+04 .4248E+00 .4026E+00 .5395E-02 .3352E+00 .3298E+00 .4026E+00 .2062E-01 .4232E+00 .4026E+00 .5395E-02 .1604E+00
.1280E+04 .4194E+00 .3963E+00 .5294E-02 .3299E+00 .3246E+00 .3963E+00 .2027E-01 .4165E+00 .3963E+00 .5294E-02 .1579E+00
.1281E+04 .3961E+00 .3769E+00 .5045E-02 .3138E+00 .3087E+00 .3769E+00 .1929E-01 .3962E+00 .3769E+00 .5045E-02 .1502E+00
.1282E+04 .3751E+00 .3639E+00 .4905E-02 .3030E+00 .2981E+00 .3639E+00 .1867E-01 .3825E+00 .3639E+00 .4905E-02 .1450E+00
.1283E+04 .4054E+00 .3917E+00 .5263E-02 .3261E+00 .3209E+00 .3917E+00 .2008E-01 .4118E+00 .3917E+00 .5263E-02 .1561E+00
.1284E+04 .4167E+00 .3978E+00 .5307E-02 .3312E+00 .3259E+00 .3978E+00 .2034E-01 .4182E+00 .3978E+00 .5307E-02 .1585E+00
.1285E+04 .4185E+00 .4018E+00 .5367E-02 .3345E+00 .3292E+00 .4018E+00 .2056E-01 .4224E+00 .4018E+00 .5367E-02 .1601E+00
.1286E+04 .4202E+00 .4063E+00 .5434E-02 .3383E+00 .3328E+00 .4063E+00 .2079E-01 .4271E+00 .4063E+00 .5434E-02 .1619E+00
.1287E+04 .4211E+00 .3980E+00 .5261E-02 .3313E+00 .3260E+00 .3980E+00 .2030E-01 .4183E+00 .3980E+00 .5261E-02 .1586E+00
.1288E+04 .4195E+00 .3975E+00 .5255E-02 .3309E+00 .3256E+00 .3975E+00 .2027E-01 .4178E+00 .3975E+00 .5255E-02 .1584E+00
.1289E+04 .4195E+00 .3832E+00 .4973E-02 .3189E+00 .3139E+00 .3832E+00 .1943E-01 .4026E+00 .3832E+00 .4973E-02 .1526E+00
.1290E+04 .4142E+00 .3934E+00 .5183E-02 .3275E+00 .3223E+00 .3934E+00 .2002E-01 .4134E+00 .3934E+00 .5183E-02 .1566E+00
.1291E+04 .4175E+00 .4003E+00 .5286E-02 .3332E+00 .3279E+00 .4003E+00 .2037E-01 .4206E+00 .4003E+00 .5286E-02 .1591E+00
.1292E+04 .4193E+00 .3693E+00 .4697E-02 .3072E+00 .3025E+00 .3693E+00 .1859E-01 .3879E+00 .3693E+00 .4697E-02 .1468E+00
.1293E+04 .4169E+00 .3888E+00 .5061E-02 .3235E+00 .3185E+00 .3888E+00 .1970E-01 .4085E+00 .3888E+00 .5061E-02 .1545E+00
.1294E+04 .4160E+00 .3836E+00 .4966E-02 .3192E+00 .3142E+00 .3836E+00 .1941E-01 .4030E+00 .3836E+00 .4966E-02 .1525E+00
.1295E+04 .4177E+00 .3842E+00 .4940E-02 .3197E+00 .3148E+00 .3842E+00 .1940E-01 .4036E+00 .3842E+00 .4940E-02 .1527E+00
.1296E+04 .4178E+00 .3616E+00 .4531E-02 .3007E+00 .2962E+00 .3616E+00 .1812E-01 .3797E+00 .3616E+00 .4531E-02 .1436E+00
.1297E+04 .4141E+00 .3389E+00 .4164E-02 .2818E+00 .2776E+00 .3389E+00 .1688E-01 .3558E+00 .3389E+00 .4164E-02 .1346E+00
.1298E+04 .4136E+00 .3734E+00 .4757E-02 .3106E+00 .3059E+00 .3734E+00 .1880E-01 .3922E+00 .3734E+00 .4757E-02 .1484E+00
.1299E+04 .4157E+00 .3913E+00 .5072E-02 .3256E+00 .3206E+00 .3913E+00 .1981E-01 .4111E+00 .3913E+00 .5072E-02 .1555E+00
.1300E+04 .4141E+00 .3199E+00 .3872E-02 .2659E+00 .2620E+00 .3199E+00 .1587E-01 .3358E+00 .3199E+00 .3872E-02 .1270E+00
.1301E+04 .4116E+00 .3273E+00 .3960E-02 .2721E+00 .2681E+00 .3273E+00 .1623E-01 .3435E+00 .3273E+00 .3960E-02 .1300E+00
.1302E+04 .4097E+00 .3718E+00 .4710E-02 .3093E+00 .3046E+00 .3718E+00 .1869E-01 .3905E+00 .3718E+00 .4710E-02 .1477E+00
.1303E+04 .4066E+00 .3136E+00 .3768E-02 .2607E+00 .2569E+00 .3136E+00 .1553E-01 .3291E+00 .3136E+00 .3768E-02 .1246E+00
.1304E+04 .4079E+00 .2619E+00 .2950E-02 .2175E+00 .2145E+00 .2619E+00 .1273E-01 .2746E+00 .2619E+00 .2950E-02 .1039E+00
.1305E+04 .4101E+00 .3620E+00 .4529E-02 .3011E+00 .2965E+00 .3620E+00 .1813E-01 .3801E+00 .3620E+00 .4529E-02 .1438E+00
.1306E+04 .4099E+00 .3621E+00 .4506E-02 .3011E+00 .2966E+00 .3621E+00 .1811E-01 .3802E+00 .3621E+00 .4506E-02 .1439E+00
.1307E+04 .4076E+00 .2636E+00 .2973E-02 .2189E+00 .2159E+00 .2636E+00 .1281E-01 .2764E+00 .2636E+00 .2973E-02 .1045E+00
.1308E+04 .4071E+00 .3241E+00 .3943E-02 .2694E+00 .2655E+00 .3241E+00 .1608E-01 .3402E+00 .3241E+00 .3943E-02 .1285E+00
.1309E+04 .4068E+00 .3599E+00 .4436E-02 .2992E+00 .2948E+00 .3599E+00 .1792E-01 .3778E+00 .3599E+00 .4436E-02 .1427E+00
.1310E+04 .4042E+00 .2665E+00 .3013E-02 .2213E+00 .2183E+00 .2665E+00 .1295E-01 .2795E+00 .2665E+00 .3013E-02 .1056E+00
.1311E+04 .4040E+00 .3037E+00 .3598E-02 .2524E+00 .2488E+00 .3037E+00 .1496E-01 .3187E+00 .3037E+00 .3598E-02 .1204E+00
.1312E+04 .3931E+00 .2959E+00 .3492E-02 .2458E+00 .2424E+00 .2959E+00 .1454E-01 .3104E+00 .2959E+00 .3492E-02 .1172E+00
.1313E+04 .3965E+00 .2836E+00 .3253E-02 .2355E+00 .2323E+00 .2836E+00 .1382E-01 .2974E+00 .2836E+00 .3253E-02 .1122E+00
.1314E+04 .3999E+00 .2588E+00 .2907E-02 .2149E+00 .2120E+00 .2588E+00 .1254E-01 .2713E+00 .2588E+00 .2907E-02 .1023E+00
.1315E+04 .3881E+00 .2391E+00 .2577E-02 .1984E+00 .1958E+00 .2391E+00 .1145E-01 .2505E+00 .2391E+00 .2577E-02 .9445E-01
.1316E+04 .3974E+00 .2958E+00 .3423E-02 .2458E+00 .2423E+00 .2958E+00 .1445E-01 .3103E+00 .2958E+00 .3423E-02 .1170E+00
.1317E+04 .3992E+00 .2841E+00 .3277E-02 .2360E+00 .2327E+00 .2841E+00 .1386E-01 .2979E+00 .2841E+00 .3277E-02 .1123E+00
.1318E+04 .3975E+00 .3116E+00 .3689E-02 .2589E+00 .2552E+00 .3116E+00 .1532E-01 .3269E+00 .3116E+00 .3689E-02 .1232E+00
.1319E+04 .4003E+00 .2263E+00 .2381E-02 .1877E+00 .1854E+00 .2263E+00 .1077E-01 .2371E+00 .2263E+00 .2381E-02 .8935E-01
.1320E+04 .3983E+00 .2342E+00 .2553E-02 .1944E+00 .1919E+00 .2342E+00 .1124E-01 .2455E+00 .2342E+00 .2553E-02 .9244E-01
.1321E+04 .3960E+00 .2696E+00 .3021E-02 .2239E+00 .2209E+00 .2696E+00 .1303E-01 .2827E+00 .2696E+00 .3021E-02 .1063E+00
.1322E+04 .3968E+00 .2682E+00 .2946E-02 .2227E+00 .2197E+00 .2682E+00 .1289E-01 .2811E+00 .2682E+00 .2946E-02 .1057E+00
.1323E+04 .3964E+00 .2011E+00 .2032E-02 .1668E+00 .1647E+00 .2011E+00 .9450E-02 .2106E+00 .2011E+00 .2032E-02 .7910E-01
.1324E+04 .3967E+00 .2242E+00 .2350E-02 .1860E+00 .1836E+00 .2242E+00 .1063E-01 .2348E+00 .2242E+00 .2350E-02 .8816E-01
.1325E+04 .3949E+00 .2945E+00 .3359E-02 .2446E+00 .2413E+00 .2945E+00 .1428E-01 .3088E+00 .2945E+00 .3359E-02 .1159E+00
.1326E+04 .3926E+00 .2449E+00 .2635E-02 .2033E+00 .2006E+00 .2449E+00 .1169E-01 .2566E+00 .2449E+00 .2635E-02 .9634E-01
.1327E+04 .3922E+00 .2334E+00 .2477E-02 .1936E+00 .1912E+00 .2334E+00 .1109E-01 .2445E+00 .2334E+00 .2477E-02 .9171E-01
.1328E+04 .3886E+00 .2039E+00 .2102E-02 .1691E+00 .1670E+00 .2039E+00 .9613E-02 .2135E+00 .2039E+00 .2102E-02 .8004E-01
.1329E+04 .3839E+00 .1519E+00 .1413E-02 .1259E+00 .1245E+00 .1519E+00 .6978E-02 .1589E+00 .1519E+00 .1413E-02 .5952E-01
.1330E+04 .3896E+00 .1943E+00 .1872E-02 .1611E+00 .1592E+00 .1943E+00 .8996E-02 .2033E+00 .1943E+00 .1872E-02 .7609E-01
.1331E+04 .3886E+00 .1109E+00 .9144E-03 .9173E-01 .9082E-01 .1109E+00 .4949E-02 .1158E+00 .1109E+00 .9144E-03 .4332E-01
.1332E+04 .3843E+00 .1184E+00 .1016E-02 .9800E-01 .9698E-01 .1184E+00 .5331E-02 .1237E+00 .1184E+00 .1016E-02 .4627E-01
.1333E+04 .3904E+00 .1640E+00 .1465E-02 .1358E+00 .1343E+00 .1640E+00 .7451E-02 .1714E+00 .1640E+00 .1465E-02 .6410E-01
.1334E+04 .3908E+00 .1493E+00 .1424E-02 .1238E+00 .1223E+00 .1493E+00 .6889E-02 .1562E+00 .1493E+00 .1424E-02 .5841E-01
.1335E+04 .3883E+00 .2025E+00 .2000E-02 .1679E+00 .1659E+00 .2025E+00 .9417E-02 .2119E+00 .2025E+00 .2000E-02 .7914E-01
.1336E+04 .3889E+00 .1582E+00 .1454E-02 .1311E+00 .1296E+00 .1582E+00 .7225E-02 .1654E+00 .1582E+00 .1454E-02 .6175E-01
.1337E+04 .3873E+00 .1327E+00 .1177E-02 .1099E+00 .1087E+00 .1327E+00 .6004E-02 .1387E+00 .1327E+00 .1177E-02 .5170E-01
.1338E+04 .3850E+00 .1432E+00 .1265E-02 .1186E+00 .1173E+00 .1432E+00 .6464E-02 .1497E+00 .1432E+00 .1265E-02 .5569E-01
.1339E+04 .3791E+00 .1457E+00 .1308E-02 .1207E+00 .1194E+00 .1457E+00 .6593E-02 .1523E+00 .1457E+00 .1308E-02 .5659E-01
.1340E+04 .3833E+00 .1434E+00 .1317E-02 .1188E+00 .1174E+00 .1434E+00 .6523E-02 .1499E+00 .1434E+00 .1317E-02 .5569E-01
.1341E+04 .3840E+00 .1313E+00 .1102E-02 .1086E+00 .1075E+00 .1313E+00 .5850E-02 .1371E+00 .1313E+00 .1102E-02 .5094E-01
.1342E+04 .3837E+00 .1313E+00 .1095E-02 .1086E+00 .1075E+00 .1313E+00 .5836E-02 .1371E+00 .1313E+00 .1095E-02 .5087E-01
.1343E+04 .3833E+00 .8022E-01 .5361E-03 .6625E-01 .6571E-01 .8022E-01 .3406E-02 .8363E-01 .8022E-01 .5361E-03 .3098E-01
.1344E+04 .3843E+00 .5687E-01 .3990E-03 .4698E-01 .4658E-01 .5687E-01 .2434E-02 .5930E-01 .5687E-01 .3990E-03 .2194E-01
.1345E+04 .3823E+00 .8067E-01 .5627E-03 .6664E-01 .6608E-01 .8067E-01 .3446E-02 .8411E-01 .8067E-01 .5627E-03 .3109E-01
.1346E+04 .3806E+00 .3428E-01 .1698E-03 .2825E-01 .2808E-01 .3428E-01 .1382E-02 .3567E-01 .3428E-01 .1698E-03 .1317E-01
.1347E+04 .3814E+00 .3569E-01 .1692E-03 .2941E-01 .2924E-01 .3569E-01 .1429E-02 .3712E-01 .3569E-01 .1692E-03 .1370E-01
.1348E+04 .3812E+00 .1936E-02 .4725E-05 .1591E-02 .1586E-02 .1936E-02 .7225E-04 .2008E-02 .1936E-02 .4725E-05 .7403E-03
.1349E+04 .3782E+00 .6736E-02 .1880E-04 .5537E-02 .5518E-02 .6736E-02 .2539E-03 .6990E-02 .6736E-02 .1880E-04 .2574E-02
.1350E+04 .3753E+00 .8387E-02 .2614E-04 .6896E-02 .6870E-02 .8387E-02 .3188E-03 .8705E-02 .8387E-02 .2614E-04 .3201E-02
.1351E+04 .3779E+00 .1538E-02 .2648E-05 .1263E-02 .1260E-02 .1538E-02 .5588E-04 .1594E-02 .1538E-02 .2648E-05 .5851E-03
.1352E+04 .3793E+00 .3347E-03 .2523E-06 .2744E-03 .2742E-03 .3347E-03 .1176E-04 .3465E-03 .3347E-03 .2523E-06 .1270E-03
.1353E+04 .3777E+00 .1771E-04 .8238E-08 .1451E-04 .1450E-04 .1771E-04 .6158E-06 .1832E-04 .1771E-04 .8238E-08 .6708E-05
.1354E+04 .3755E+00 .6958E-04 .5192E-07 .5705E-04 .5700E-04 .6958E-04 .2441E-05 .7203E-04 .6958E-04 .5192E-07 .2635E-04
.1355E+04 .3718E+00 .3742E-06 .6666E-10 .3066E-06 .3066E-06 .3742E-06 .1287E-07 .3871E-06 .3742E-06 .6666E-10 .1415E-06
.1356E+04 .3701E+00 .1336E-04 .6937E-08 .1095E-04 .1095E-04 .1336E-04 .4643E-06 .1383E-04 .1336E-04 .6937E-08 .5049E-05
.1357E+04 .3706E+00 .1592E-04 .7654E-08 .1305E-04 .1304E-04 .1592E-04 .5517E-06 .1647E-04 .1592E-04 .7654E-08 .6006E-05
.1358E+04 .3734E+00 .5232E-06 .1029E-09 .4287E-06 .4286E-06 .5232E-06 .1793E-07 .5411E-06 .5232E-06 .1029E-09 .1970E-06
.1359E+04 .3698E+00 .4147E-07 .2377E-11 .3398E-07 .3397E-07 .4147E-07 .1412E-08 .4289E-07 .4147E-07 .2377E-11 .1558E-07
.1360E+04 .3701E+00 .2257E-06 .2965E-10 .1849E-06 .1849E-06 .2257E-06 .7695E-08 .2334E-06 .2257E-06 .2965E-10 .8473E-07
.1361E+04 .3730E+00 .1175E-09 .1446E-14 .9621E-10 .9621E-10 .1175E-09 .3985E-11 .1214E-09 .1175E-09 .1446E-14 .4406E-10
.1362E+04 .3690E+00 .2744E-12 .1563E-17 .2248E-12 .2248E-12 .2744E-12 .9295E-14 .2837E-12 .2744E-12 .1563E-17 .1028E-12
.1363E+04 .3672E+00 .1870E-06 .1099E-10 .1532E-06 .1532E-06 .1870E-06 .6335E-08 .1933E-06 .1870E-06 .1099E-10 .6992E-07
.1364E+04 .3687E+00 .8094E-07 .6172E-11 .6630E-07 .6630E-07 .8094E-07 .2739E-08 .8367E-07 .8094E-07 .6172E-11 .3021E-07
.1365E+04 .3696E+00 .1661E-12 .2933E-18 .1360E-12 .1360E-12 .1661E-12 .5605E-14 .1717E-12 .1661E-12 .2933E-18 .6198E-13
.1366E+04 .3673E+00 .1326E-05 .1255E-09 .1087E-05 .1087E-05 .1326E-05 .4491E-07 .1371E-05 .1326E-05 .1255E-09 .4951E-06
.1367E+04 .3661E+00 .6391E-06 .9757E-10 .5236E-06 .5235E-06 .6391E-06 .2167E-07 .6608E-06 .6391E-06 .9757E-10 .2385E-06
.1368E+04 .3647E+00 .4653E-15 .5081E-22 .3811E-15 .3811E-15 .4653E-15 .1568E-16 .4809E-15 .4653E-15 .5081E-22 .1734E-15
.1369E+04 .3623E+00 .7357E-07 .7291E-11 .6027E-07 .6027E-07 .7357E-07 .2486E-08 .7606E-07 .7357E-07 .7291E-11 .2740E-07
.1370E+04 .3621E+00 .2176E-07 .1161E-11 .1783E-07 .1783E-07 .2176E-07 .7328E-09 .2250E-07 .2176E-07 .1161E-11 .8090E-08
.1371E+04 .3628E+00 .1231E-08 .4192E-13 .1009E-08 .1009E-08 .1231E-08 .4136E-10 .1273E-08 .1231E-08 .4192E-13 .4569E-09
.1372E+04 .3658E+00 .5307E-06 .9479E-10 .4348E-06 .4347E-06 .5307E-06 .1788E-07 .5486E-06 .5307E-06 .9479E-10 .1966E-06
.1373E+04 .3656E+00 .6439E-05 .1852E-08 .5277E-05 .5275E-05 .6439E-05 .2174E-06 .6657E-05 .6439E-05 .1852E-08 .2381E-05
.1374E+04 .3624E+00 .3297E-04 .1552E-07 .2702E-04 .2701E-04 .3297E-04 .1118E-05 .3409E-04 .3297E-04 .1552E-07 .1217E-04
.1375E+04 .3595E+00 .6150E-04 .2428E-07 .5040E-04 .5037E-04 .6150E-04 .2078E-05 .6357E-04 .6150E-04 .2428E-07 .2268E-04
.1376E+04 .3579E+00 .8478E-04 .6940E-07 .6951E-04 .6944E-04 .8478E-04 .2904E-05 .8768E-04 .8478E-04 .6940E-07 .3126E-04
.1377E+04 .3609E+00 .4300E-04 .3324E-07 .3526E-04 .3523E-04 .4300E-04 .1469E-05 .4447E-04 .4300E-04 .3324E-07 .1583E-04
.1378E+04 .3614E+00 .2249E-03 .1495E-06 .1844E-03 .1843E-03 .2249E-03 .7634E-05 .2326E-03 .2249E-03 .1495E-06 .8257E-04
.1379E+04 .3621E+00 .1701E-04 .1309E-07 .1395E-04 .1393E-04 .1701E-04 .5779E-06 .1759E-04 .1701E-04 .1309E-07 .6228E-05
.1380E+04 .3606E+00 .1519E-04 .7195E-08 .1245E-04 .1244E-04 .1519E-04 .5100E-06 .1570E-04 .1519E-04 .7195E-08 .5551E-05
.1381E+04 .3594E+00 .5861E-06 .2620E-09 .4804E-06 .4801E-06 .5861E-06 .1964E-07 .6057E-06 .5861E-06 .2620E-09 .2140E-06
.1382E+04 .3564E+00 .3094E-06 .4166E-10 .2535E-06 .2534E-06 .3094E-06 .1024E-07 .3196E-06 .3094E-06 .4166E-10 .1128E-06
.1383E+04 .3579E+00 .4077E-08 .4209E-12 .3340E-08 .3340E-08 .4077E-08 .1346E-09 .4212E-08 .4077E-08 .4209E-12 .1484E-08
.1384E+04 .3585E+00 .5063E-07 .3420E-11 .4147E-07 .4147E-07 .5063E-07 .1667E-08 .5229E-07 .5063E-07 .3420E-11 .1839E-07
.1385E+04 .3566E+00 .2430E-06 .5492E-10 .1991E-06 .1991E-06 .2430E-06 .8025E-08 .2510E-06 .2430E-06 .5492E-10 .8806E-07
.1386E+04 .3567E+00 .1697E-06 .1364E-10 .1390E-06 .1390E-06 .1697E-06 .5559E-08 .1753E-06 .1697E-06 .1364E-10 .6131E-07
.1387E+04 .3560E+00 .8560E-05 .1484E-08 .7013E-05 .7012E-05 .8560E-05 .2805E-06 .8840E-05 .8560E-05 .1484E-08 .3084E-05
.1388E+04 .3572E+00 .7787E-06 .3263E-09 .6382E-06 .6379E-06 .7787E-06 .2565E-07 .8044E-06 .7787E-06 .3263E-09 .2796E-06
.1389E+04 .3552E+00 .1103E-03 .6038E-07 .9041E-04 .9035E-04 .1103E-03 .3637E-05 .1139E-03 .1103E-03 .6038E-07 .3947E-04
.1390E+04 .3531E+00 .9743E-04 .4814E-07 .7985E-04 .7981E-04 .9743E-04 .3202E-05 .1006E-03 .9743E-04 .4814E-07 .3481E-04
.1391E+04 .3555E+00 .5889E-04 .2871E-07 .4827E-04 .4824E-04 .5889E-04 .1935E-05 .6083E-04 .5889E-04 .2871E-07 .2104E-04
.1392E+04 .3543E+00 .8296E-05 .4925E-08 .6801E-05 .6796E-05 .8296E-05 .2735E-06 .8569E-05 .8296E-05 .4925E-08 .2964E-05
.1393E+04 .3530E+00 .3943E-04 .2837E-07 .3232E-04 .3230E-04 .3943E-04 .1301E-05 .4073E-04 .3943E-04 .2837E-07 .1404E-04
.1394E+04 .3513E+00 .8535E-05 .1934E-08 .6994E-05 .6992E-05 .8535E-05 .2757E-06 .8811E-05 .8535E-05 .1934E-08 .3025E-05
.1395E+04 .3507E+00 .7217E-07 .1240E-10 .5913E-07 .5911E-07 .7217E-07 .2320E-08 .7449E-07 .7217E-07 .1240E-10 .2550E-07
.1396E+04 .3520E+00 .2210E-09 .3885E-14 .1810E-09 .1810E-09 .2210E-09 .7052E-11 .2281E-09 .2210E-09 .3885E-14 .7794E-10
.1397E+04 .3523E+00 .2044E-04 .1319E-07 .1676E-04 .1674E-04 .2044E-04 .6658E-06 .2111E-04 .2044E-04 .1319E-07 .7200E-05
.1398E+04 .3518E+00 .1587E-03 .7856E-07 .1301E-03 .1300E-03 .1587E-03 .5133E-05 .1639E-03 .1587E-03 .7856E-07 .5579E-04
.1399E+04 .3480E+00 .1555E-03 .9428E-07 .1274E-03 .1273E-03 .1555E-03 .5038E-05 .1605E-03 .1555E-03 .9428E-07 .5455E-04
.1400E+04 .3431E+00 .8609E-10 .7767E-15 .7052E-10 .7052E-10 .8609E-10 .2725E-11 .8882E-10 .8609E-10 .7767E-15 .3013E-10
.1401E+04 .3457E+00 .3543E-09 .7367E-14 .2902E-09 .2902E-09 .3543E-09 .1120E-10 .3655E-09 .3543E-09 .7367E-14 .1238E-09
.1402E+04 .3475E+00 .7245E-03 .1164E-05 .5946E-03 .5935E-03 .7245E-03 .2420E-04 .7487E-03 .7245E-03 .1164E-05 .2531E-03
.1403E+04 .3449E+00 .7281E-03 .9284E-06 .5973E-03 .5964E-03 .7281E-03 .2396E-04 .7520E-03 .7281E-03 .9284E-06 .2534E-03
.1404E+04 .3451E+00 .2250E-03 .2450E-06 .1846E-03 .1843E-03 .2250E-03 .7328E-05 .2324E-03 .2250E-03 .2450E-06 .7800E-04
.1405E+04 .3457E+00 .1143E-06 .1805E-10 .9368E-07 .9367E-07 .1143E-06 .3588E-08 .1179E-06 .1143E-06 .1805E-10 .3945E-07
.1406E+04 .3449E+00 .2619E-03 .1667E-06 .2147E-03 .2145E-03 .2619E-03 .8346E-05 .2702E-03 .2619E-03 .1667E-06 .9023E-04
.1407E+04 .3448E+00 .6854E-04 .9341E-07 .5624E-04 .5614E-04 .6854E-04 .2238E-05 .7078E-04 .6854E-04 .9341E-07 .2359E-04
.1408E+04 .3448E+00 .3741E-03 .3098E-06 .3067E-03 .3064E-03 .3741E-03 .1195E-04 .3860E-03 .3741E-03 .3098E-06 .1284E-03
.1409E+04 .3454E+00 .8911E-04 .4304E-07 .7304E-04 .7299E-04 .8911E-04 .2804E-05 .9191E-04 .8911E-04 .4304E-07 .3047E-04
.1410E+04 .3437E+00 .1436E-03 .1372E-06 .1178E-03 .1177E-03 .1436E-03 .4586E-05 .1482E-03 .1436E-03 .1372E-06 .4902E-04
.1411E+04 .3366E+00 .6674E-03 .8845E-06 .5476E-03 .5467E-03 .6674E-03 .2158E-04 .6890E-03 .6674E-03 .8845E-06 .2277E-03
.1412E+04 .3367E+00 .8931E-03 .1430E-05 .7330E-03 .7316E-03 .8931E-03 .2914E-04 .9222E-03 .8931E-03 .1430E-05 .3045E-03
.1413E+04 .3386E+00 .4805E-02 .9155E-05 .3945E-02 .3936E-02 .4805E-02 .1581E-03 .4963E-02 .4805E-02 .9155E-05 .1635E-02
.1414E+04 .3400E+00 .1037E-03 .1026E-06 .8505E-04 .8495E-04 .1037E-03 .3293E-05 .1070E-03 .1037E-03 .1026E-06 .3514E-04
.1415E+04 .3411E+00 .5155E-04 .4366E-07 .4227E-04 .4223E-04 .5155E-04 .1624E-05 .5317E-04 .5155E-04 .4366E-07 .1741E-04
.1416E+04 .3389E+00 .1742E-01 .6575E-04 .1434E-01 .1427E-01 .1742E-01 .6071E-03 .1803E-01 .1742E-01 .6575E-04 .5897E-02
.1417E+04 .3410E+00 .3967E-02 .1077E-04 .3260E-02 .3250E-02 .3967E-02 .1331E-03 .4100E-02 .3967E-02 .1077E-04 .1338E-02
.1418E+04 .3395E+00 .6005E-02 .1432E-04 .4934E-02 .4919E-02 .6005E-02 .1988E-03 .6204E-02 .6005E-02 .1432E-04 .2021E-02
.1419E+04 .3370E+00 .1104E-02 .2421E-05 .9070E-03 .9045E-03 .1104E-02 .3625E-04 .1140E-02 .1104E-02 .2421E-05 .3708E-03
.1420E+04 .3370E+00 .4099E-02 .9779E-05 .3367E-02 .3357E-02 .4099E-02 .1352E-03 .4234E-02 .4099E-02 .9779E-05 .1374E-02
.1421E+04 .3338E+00 .3817E-02 .9466E-05 .3136E-02 .3126E-02 .3817E-02 .1261E-03 .3943E-02 .3817E-02 .9466E-05 .1277E-02
.1422E+04 .3313E+00 .2474E-01 .9600E-04 .2036E-01 .2027E-01 .2474E-01 .8562E-03 .2560E-01 .2474E-01 .9600E-04 .8274E-02
.1423E+04 .3320E+00 .5097E-02 .1827E-04 .4194E-02 .4175E-02 .5097E-02 .1743E-03 .5271E-02 .5097E-02 .1827E-04 .1701E-02
.1424E+04 .3322E+00 .1033E-01 .4208E-04 .8507E-02 .8465E-02 .1033E-01 .3587E-03 .1069E-01 .1033E-01 .4208E-04 .3444E-02
.1425E+04 .3303E+00 .1348E-01 .4860E-04 .1109E-01 .1104E-01 .1348E-01 .4596E-03 .1394E-01 .1348E-01 .4860E-04 .4478E-02
.1426E+04 .3282E+00 .1721E-01 .7485E-04 .1417E-01 .1409E-01 .1721E-01 .6011E-03 .1781E-01 .1721E-01 .7485E-04 .5717E-02
.1427E+04 .3295E+00 .3729E-01 .1911E-03 .3074E-01 .3054E-01 .3729E-01 .1335E-02 .3862E-01 .3729E-01 .1911E-03 .1239E-01
.1428E+04 .3305E+00 .1857E-02 .3805E-05 .1525E-02 .1521E-02 .1857E-02 .5976E-04 .1917E-02 .1857E-02 .3805E-05 .6136E-03
.1429E+04 .3249E+00 .2211E-01 .9374E-04 .1820E-01 .1811E-01 .2211E-01 .7657E-03 .2288E-01 .2211E-01 .9374E-04 .7302E-02
.1430E+04 .3289E+00 .4588E-01 .2500E-03 .3783E-01 .3758E-01 .4588E-01 .1649E-02 .4753E-01 .4588E-01 .2500E-03 .1513E-01
.1431E+04 .3293E+00 .4353E-01 .2275E-03 .3588E-01 .3565E-01 .4353E-01 .1552E-02 .4508E-01 .4353E-01 .2275E-03 .1433E-01
.1432E+04 .3343E+00 .1067E-02 .1889E-05 .8762E-03 .8744E-03 .1067E-02 .3373E-04 .1101E-02 .1067E-02 .1889E-05 .3495E-03
.1433E+04 .3310E+00 .2539E-01 .1198E-03 .2092E-01 .2080E-01 .2539E-01 .8885E-03 .2628E-01 .2539E-01 .1198E-03 .8336E-02
.1434E+04 .3303E+00 .1457E-01 .6561E-04 .1200E-01 .1194E-01 .1457E-01 .5054E-03 .1508E-01 .1457E-01 .6561E-04 .4774E-02
.1435E+04 .3312E+00 .9699E-02 .3041E-04 .7976E-02 .7945E-02 .9699E-02 .3204E-03 .1002E-01 .9699E-02 .3041E-04 .3165E-02
.1436E+04 .3305E+00 .2705E-01 .1187E-03 .2228E-01 .2216E-01 .2705E-01 .9323E-03 .2798E-01 .2705E-01 .1187E-03 .8835E-02
.1437E+04 .3309E+00 .1627E-01 .6614E-04 .1339E-01 .1333E-01 .1627E-01 .5547E-03 .1682E-01 .1627E-01 .6614E-04 .5312E-02
.1438E+04 .3306E+00 .8357E-02 .3055E-04 .6876E-02 .6846E-02 .8357E-02 .2809E-03 .8638E-02 .8357E-02 .3055E-04 .2727E-02
.1439E+04 .3274E+00 .2943E-01 .1247E-03 .2423E-01 .2411E-01 .2943E-01 .1008E-02 .3044E-01 .2943E-01 .1247E-03 .9597E-02
.1440E+04 .3144E+00 .2560E-01 .1174E-03 .2108E-01 .2097E-01 .2560E-01 .8863E-03 .2648E-01 .2560E-01 .1174E-03 .8342E-02
.1441E+04 .3227E+00 .2070E-01 .8336E-04 .1704E-01 .1696E-01 .2070E-01 .7027E-03 .2140E-01 .2070E-01 .8336E-04 .6735E-02
.1442E+04 .3186E+00 .2402E-01 .9358E-04 .1977E-01 .1967E-01 .2402E-01 .8109E-03 .2483E-01 .2402E-01 .9358E-04 .7804E-02
.1443E+04 .3220E+00 .3455E-01 .1640E-03 .2847E-01 .2830E-01 .3455E-01 .1200E-02 .3575E-01 .3455E-01 .1640E-03 .1123E-01
.1444E+04 .3208E+00 .4036E-01 .2033E-03 .3326E-01 .3306E-01 .4036E-01 .1414E-02 .4177E-01 .4036E-01 .2033E-03 .1311E-01
.1445E+04 .3250E+00 .2973E-01 .1270E-03 .2448E-01 .2435E-01 .2973E-01 .1014E-02 .3074E-01 .2973E-01 .1270E-03 .9633E-02
.1446E+04 .3224E+00 .1595E-01 .6137E-04 .1312E-01 .1306E-01 .1595E-01 .5359E-03 .1648E-01 .1595E-01 .6137E-04 .5164E-02
.1447E+04 .3225E+00 .2297E-01 .9752E-04 .1891E-01 .1882E-01 .2297E-01 .7827E-03 .2375E-01 .2297E-01 .9752E-04 .7443E-02
.1448E+04 .3244E+00 .8738E-01 .5470E-03 .7212E-01 .7158E-01 .8738E-01 .3182E-02 .9056E-01 .8738E-01 .5470E-03 .2837E-01
.1449E+04 .3233E+00 .7693E-01 .4684E-03 .6349E-01 .6302E-01 .7693E-01 .2783E-02 .7972E-01 .7693E-01 .4684E-03 .2495E-01
.1450E+04 .3190E+00 .2009E-01 .9120E-04 .1655E-01 .1646E-01 .2009E-01 .6900E-03 .2078E-01 .2009E-01 .9120E-04 .6498E-02
.1451E+04 .3156E+00 .8650E-02 .3513E-04 .7121E-02 .7086E-02 .8650E-02 .2920E-03 .8942E-02 .8650E-02 .3513E-04 .2793E-02
.1452E+04 .3188E+00 .4623E-01 .2439E-03 .3811E-01 .3787E-01 .4623E-01 .1625E-02 .4785E-01 .4623E-01 .2439E-03 .1493E-01
.1453E+04 .3182E+00 .6058E-01 .3348E-03 .4996E-01 .4962E-01 .6058E-01 .2145E-02 .6272E-01 .6058E-01 .3348E-03 .1955E-01
.1454E+04 .3147E+00 .1112E+00 .7664E-03 .9184E-01 .9108E-01 .1112E+00 .4114E-02 .1153E+00 .1112E+00 .7664E-03 .3594E-01
.1455E+04 .3143E+00 .5215E-01 .3008E-03 .4302E-01 .4272E-01 .5215E-01 .1861E-02 .5401E-01 .5215E-01 .3008E-03 .1684E-01
.1456E+04 .3153E+00 .6398E-01 .3612E-03 .5277E-01 .5241E-01 .6398E-01 .2274E-02 .6625E-01 .6398E-01 .3612E-03 .2065E-01
.1457E+04 .3173E+00 .9211E-01 .5895E-03 .7604E-01 .7545E-01 .9211E-01 .3355E-02 .9546E-01 .9211E-01 .5895E-03 .2976E-01
.1458E+04 .3199E+00 .1138E+00 .8090E-03 .9404E-01 .9323E-01 .1138E+00 .4239E-02 .1181E+00 .1138E+00 .8090E-03 .3681E-01
.1459E+04 .3186E+00 .1342E+00 .9672E-03 .1109E+00 .1099E+00 .1342E+00 .5014E-02 .1392E+00 .1342E+00 .9672E-03 .4339E-01
.1460E+04 .3167E+00 .6750E-01 .4275E-03 .5572E-01 .5529E-01 .6750E-01 .2453E-02 .6995E-01 .6750E-01 .4275E-03 .2181E-01
.1461E+04 .3156E+00 .6738E-01 .3883E-03 .5558E-01 .5519E-01 .6738E-01 .2404E-02 .6978E-01 .6738E-01 .3883E-03 .2175E-01
.1462E+04 .3129E+00 .1038E+00 .6933E-03 .8570E-01 .8501E-01 .1038E+00 .3814E-02 .1076E+00 .1038E+00 .6933E-03 .3354E-01
.1463E+04 .3116E+00 .3411E-01 .1854E-03 .2812E-01 .2794E-01 .3411E-01 .1204E-02 .3531E-01 .3411E-01 .1854E-03 .1101E-01
.1464E+04 .3136E+00 .1329E+00 .9708E-03 .1098E+00 .1089E+00 .1329E+00 .4980E-02 .1379E+00 .1329E+00 .9708E-03 .4298E-01
.1465E+04 .3115E+00 .7735E-01 .5215E-03 .6389E-01 .6336E-01 .7735E-01 .2848E-02 .8020E-01 .7735E-01 .5215E-03 .2501E-01
.1466E+04 .3137E+00 .4605E-01 .2354E-03 .3796E-01 .3772E-01 .4605E-01 .1608E-02 .4766E-01 .4605E-01 .2354E-03 .1486E-01
.1467E+04 .3131E+00 .2516E-01 .1133E-03 .2073E-01 .2061E-01 .2516E-01 .8611E-03 .2603E-01 .2516E-01 .1133E-03 .8114E-02
.1468E+04 .3118E+00 .5728E-01 .3160E-03 .4724E-01 .4692E-01 .5728E-01 .2028E-02 .5931E-01 .5728E-01 .3160E-03 .1849E-01
.1469E+04 .3137E+00 .7287E-01 .4415E-03 .6014E-01 .5970E-01 .7287E-01 .2626E-02 .7550E-01 .7287E-01 .4415E-03 .2354E-01
.1470E+04 .3085E+00 .3637E-01 .1622E-03 .2996E-01 .2979E-01 .3637E-01 .1243E-02 .3761E-01 .3637E-01 .1622E-03 .1173E-01
.1471E+04 .3082E+00 .1473E-01 .6545E-04 .1213E-01 .1207E-01 .1473E-01 .5035E-03 .1524E-01 .1473E-01 .6545E-04 .4755E-02
.1472E+04 .3069E+00 .3330E-01 .1441E-03 .2742E-01 .2728E-01 .3330E-01 .1135E-02 .3444E-01 .3330E-01 .1441E-03 .1075E-01
.1473E+04 .3035E+00 .4958E-01 .2583E-03 .4088E-01 .4062E-01 .4958E-01 .1742E-02 .5133E-01 .4958E-01 .2583E-03 .1604E-01
.1474E+04 .3030E+00 .7866E-01 .4984E-03 .6493E-01 .6444E-01 .7866E-01 .2866E-02 .8153E-01 .7866E-01 .4984E-03 .2549E-01
.1475E+04 .3038E+00 .1584E+00 .1188E-02 .1309E+00 .1297E+00 .1584E+00 .5985E-02 .1644E+00 .1584E+00 .1188E-02 .5137E-01
.1476E+04 .3051E+00 .4995E-01 .2777E-03 .4119E-01 .4091E-01 .4995E-01 .1777E-02 .5172E-01 .4995E-01 .2777E-03 .1619E-01
.1477E+04 .3036E+00 .4910E-01 .2590E-03 .4048E-01 .4022E-01 .4910E-01 .1733E-02 .5084E-01 .4910E-01 .2590E-03 .1595E-01
.1478E+04 .3037E+00 .5219E-01 .3157E-03 .4307E-01 .4275E-01 .5219E-01 .1892E-02 .5408E-01 .5219E-01 .3157E-03 .1700E-01
.1479E+04 .3077E+00 .9550E-01 .6324E-03 .7886E-01 .7823E-01 .9550E-01 .3526E-02 .9903E-01 .9550E-01 .6324E-03 .3112E-01
.1480E+04 .3057E+00 .4453E-01 .2351E-03 .3671E-01 .3648E-01 .4453E-01 .1575E-02 .4610E-01 .4453E-01 .2351E-03 .1449E-01
.1481E+04 .3046E+00 .9289E-01 .5975E-03 .7669E-01 .7609E-01 .9289E-01 .3413E-02 .9631E-01 .9289E-01 .5975E-03 .3030E-01
.1482E+04 .3040E+00 .4269E-01 .2432E-03 .3522E-01 .3497E-01 .4269E-01 .1535E-02 .4423E-01 .4269E-01 .2432E-03 .1395E-01
.1483E+04 .3014E+00 .1217E+00 .8460E-03 .1005E+00 .9967E-01 .1217E+00 .4558E-02 .1262E+00 .1217E+00 .8460E-03 .3987E-01
.1484E+04 .3056E+00 .1145E+00 .8182E-03 .9461E-01 .9379E-01 .1145E+00 .4315E-02 .1188E+00 .1145E+00 .8182E-03 .3753E-01
.1485E+04 .3062E+00 .1020E+00 .7066E-03 .8422E-01 .8351E-01 .1020E+00 .3817E-02 .1058E+00 .1020E+00 .7066E-03 .3341E-01
.1486E+04 .3023E+00 .9850E-01 .6455E-03 .8133E-01 .8069E-01 .9850E-01 .3653E-02 .1022E+00 .9850E-01 .6455E-03 .3235E-01
.1487E+04 .2898E+00 .3992E-01 .2079E-03 .3291E-01 .3270E-01 .3992E-01 .1422E-02 .4134E-01 .3992E-01 .2079E-03 .1314E-01
.1488E+04 .2795E+00 .7710E-01 .5010E-03 .6366E-01 .6315E-01 .7710E-01 .2867E-02 .7996E-01 .7710E-01 .5010E-03 .2547E-01
.1489E+04 .3010E+00 .1546E+00 .1149E-02 .1278E+00 .1267E+00 .1546E+00 .5922E-02 .1605E+00 .1546E+00 .1149E-02 .5117E-01
.1490E+04 .3028E+00 .1489E+00 .1148E-02 .1231E+00 .1220E+00 .1489E+00 .5757E-02 .1547E+00 .1489E+00 .1148E-02 .4936E-01
.1491E+04 .3015E+00 .1735E+00 .1392E-02 .1435E+00 .1421E+00 .1735E+00 .6775E-02 .1803E+00 .1735E+00 .1392E-02 .5757E-01
.1492E+04 .3013E+00 .1349E+00 .9649E-03 .1115E+00 .1105E+00 .1349E+00 .5135E-02 .1400E+00 .1349E+00 .9649E-03 .4476E-01
.1493E+04 .3030E+00 .1554E+00 .1183E-02 .1285E+00 .1273E+00 .1554E+00 .6001E-02 .1614E+00 .1554E+00 .1183E-02 .5162E-01
.1494E+04 .3034E+00 .1731E+00 .1386E-02 .1432E+00 .1418E+00 .1731E+00 .6764E-02 .1798E+00 .1731E+00 .1386E-02 .5752E-01
.1495E+04 .2982E+00 .1604E+00 .1267E-02 .1326E+00 .1314E+00 .1604E+00 .6247E-02 .1666E+00 .1604E+00 .1267E-02 .5329E-01
.1496E+04 .2940E+00 .1483E+00 .1144E-02 .1226E+00 .1214E+00 .1483E+00 .5748E-02 .1540E+00 .1483E+00 .1144E-02 .4931E-01
.1497E+04 .2976E+00 .2105E+00 .1821E-02 .1742E+00 .1724E+00 .2105E+00 .8398E-02 .2189E+00 .2105E+00 .1821E-02 .7016E-01
.1498E+04 .2977E+00 .1556E+00 .1222E-02 .1287E+00 .1275E+00 .1556E+00 .6069E-02 .1617E+00 .1556E+00 .1222E-02 .5189E-01
.1499E+04 .2978E+00 .1867E+00 .1513E-02 .1544E+00 .1529E+00 .1867E+00 .7341E-02 .1940E+00 .1867E+00 .1513E-02 .6232E-01
.1500E+04 .2995E+00 .2297E+00 .2010E-02 .1901E+00 .1881E+00 .2297E+00 .9211E-02 .2389E+00 .2297E+00 .2010E-02 .7679E-01
.1501E+04 .2977E+00 .2412E+00 .2106E-02 .1997E+00 .1976E+00 .2412E+00 .9669E-02 .2509E+00 .2412E+00 .2106E-02 .8065E-01
.1502E+04 .2827E+00 .1920E+00 .1624E-02 .1589E+00 .1573E+00 .1920E+00 .7636E-02 .1997E+00 .1920E+00 .1624E-02 .6419E-01
.1503E+04 .2785E+00 .1638E+00 .1303E-02 .1355E+00 .1342E+00 .1638E+00 .6419E-02 .1703E+00 .1638E+00 .1303E-02 .5474E-01
.1504E+04 .2747E+00 .1359E+00 .1044E-02 .1124E+00 .1113E+00 .1359E+00 .5282E-02 .1412E+00 .1359E+00 .1044E-02 .4540E-01
.1505E+04 .2744E+00 .1610E+00 .1299E-02 .1332E+00 .1319E+00 .1610E+00 .6330E-02 .1673E+00 .1610E+00 .1299E-02 .5381E-01
.1506E+04 .2873E+00 .2455E+00 .2192E-02 .2033E+00 .2011E+00 .2455E+00 .9901E-02 .2555E+00 .2455E+00 .2192E-02 .8214E-01
.1507E+04 .2918E+00 .2325E+00 .2036E-02 .1925E+00 .1905E+00 .2325E+00 .9330E-02 .2419E+00 .2325E+00 .2036E-02 .7778E-01
.1508E+04 .2871E+00 .2203E+00 .1914E-02 .1823E+00 .1804E+00 .2203E+00 .8820E-02 .2291E+00 .2203E+00 .1914E-02 .7366E-01
.1509E+04 .2912E+00 .1632E+00 .1299E-02 .1350E+00 .1337E+00 .1632E+00 .6397E-02 .1696E+00 .1632E+00 .1299E-02 .5455E-01
.1510E+04 .2940E+00 .2571E+00 .2311E-02 .2129E+00 .2106E+00 .2571E+00 .1039E-01 .2675E+00 .2571E+00 .2311E-02 .8602E-01
.1511E+04 .2928E+00 .2443E+00 .2140E-02 .2022E+00 .2001E+00 .2443E+00 .9809E-02 .2541E+00 .2443E+00 .2140E-02 .8178E-01
.1512E+04 .2874E+00 .2453E+00 .2193E-02 .2031E+00 .2009E+00 .2453E+00 .9908E-02 .2552E+00 .2453E+00 .2193E-02 .8221E-01
.1513E+04 .2867E+00 .2172E+00 .1836E-02 .1797E+00 .1779E+00 .2172E+00 .8653E-02 .2258E+00 .2172E+00 .1836E-02 .7279E-01
.1514E+04 .2870E+00 .2001E+00 .1651E-02 .1656E+00 .1639E+00 .2001E+00 .7925E-02 .2080E+00 .2001E+00 .1651E-02 .6705E-01
.1515E+04 .2884E+00 .2531E+00 .2272E-02 .2096E+00 .2073E+00 .2531E+00 .1024E-01 .2633E+00 .2531E+00 .2272E-02 .8488E-01
.1516E+04 .2859E+00 .2407E+00 .2133E-02 .1993E+00 .1971E+00 .2407E+00 .9704E-02 .2504E+00 .2407E+00 .2133E-02 .8070E-01
.1517E+04 .2873E+00 .2329E+00 .2017E-02 .1928E+00 .1908E+00 .2329E+00 .9337E-02 .2423E+00 .2329E+00 .2017E-02 .7808E-01
.1518E+04 .2876E+00 .2322E+00 .2022E-02 .1922E+00 .1902E+00 .2322E+00 .9321E-02 .2415E+00 .2322E+00 .2022E-02 .7785E-01
.1519E+04 .2869E+00 .2242E+00 .1912E-02 .1856E+00 .1836E+00 .2242E+00 .8953E-02 .2331E+00 .2242E+00 .1912E-02 .7515E-01
.1520E+04 .2854E+00 .2450E+00 .2145E-02 .2028E+00 .2007E+00 .2450E+00 .9849E-02 .2548E+00 .2450E+00 .2145E-02 .8216E-01
.1521E+04 .2815E+00 .2672E+00 .2445E-02 .2213E+00 .2188E+00 .2672E+00 .1086E-01 .2780E+00 .2672E+00 .2445E-02 .8963E-01
.1522E+04 .2814E+00 .2508E+00 .2226E-02 .2076E+00 .2054E+00 .2508E+00 .1012E-01 .2609E+00 .2508E+00 .2226E-02 .8410E-01
.1523E+04 .2840E+00 .2717E+00 .2488E-02 .2251E+00 .2226E+00 .2717E+00 .1105E-01 .2828E+00 .2717E+00 .2488E-02 .9116E-01
.1524E+04 .2817E+00 .2624E+00 .2367E-02 .2173E+00 .2149E+00 .2624E+00 .1063E-01 .2730E+00 .2624E+00 .2367E-02 .8800E-01
.1525E+04 .2825E+00 .2466E+00 .2158E-02 .2041E+00 .2020E+00 .2466E+00 .9912E-02 .2565E+00 .2466E+00 .2158E-02 .8269E-01
.1526E+04 .2845E+00 .2516E+00 .2213E-02 .2084E+00 .2061E+00 .2516E+00 .1013E-01 .2618E+00 .2516E+00 .2213E-02 .8439E-01
.1527E+04 .2845E+00 .2505E+00 .2212E-02 .2074E+00 .2052E+00 .2505E+00 .1009E-01 .2606E+00 .2505E+00 .2212E-02 .8401E-01
.1528E+04 .2838E+00 .2698E+00 .2445E-02 .2234E+00 .2210E+00 .2698E+00 .1094E-01 .2807E+00 .2698E+00 .2445E-02 .9049E-01
.1529E+04 .2757E+00 .2558E+00 .2294E-02 .2118E+00 .2095E+00 .2558E+00 .1035E-01 .2661E+00 .2558E+00 .2294E-02 .8579E-01
.1530E+04 .2737E+00 .2493E+00 .2207E-02 .2064E+00 .2042E+00 .2493E+00 .1005E-01 .2594E+00 .2493E+00 .2207E-02 .8362E-01
.1531E+04 .2814E+00 .2574E+00 .2287E-02 .2132E+00 .2109E+00 .2574E+00 .1038E-01 .2678E+00 .2574E+00 .2287E-02 .8625E-01
.1532E+04 .2802E+00 .2701E+00 .2450E-02 .2237E+00 .2212E+00 .2701E+00 .1094E-01 .2810E+00 .2701E+00 .2450E-02 .9042E-01
.1533E+04 .2775E+00 .2702E+00 .2456E-02 .2238E+00 .2213E+00 .2702E+00 .1095E-01 .2811E+00 .2702E+00 .2456E-02 .9042E-01
.1534E+04 .2750E+00 .2634E+00 .2375E-02 .2182E+00 .2158E+00 .2634E+00 .1065E-01 .2741E+00 .2634E+00 .2375E-02 .8815E-01
.1535E+04 .2782E+00 .2601E+00 .2319E-02 .2154E+00 .2131E+00 .2601E+00 .1049E-01 .2706E+00 .2601E+00 .2319E-02 .8702E-01
.1536E+04 .2794E+00 .2677E+00 .2409E-02 .2217E+00 .2193E+00 .2677E+00 .1081E-01 .2785E+00 .2677E+00 .2409E-02 .8949E-01
.1537E+04 .2769E+00 .2617E+00 .2338E-02 .2167E+00 .2144E+00 .2617E+00 .1054E-01 .2723E+00 .2617E+00 .2338E-02 .8738E-01
.1538E+04 .2740E+00 .2676E+00 .2421E-02 .2217E+00 .2192E+00 .2676E+00 .1081E-01 .2785E+00 .2676E+00 .2421E-02 .8932E-01
.1539E+04 .2721E+00 .2614E+00 .2345E-02 .2165E+00 .2142E+00 .2614E+00 .1054E-01 .2720E+00 .2614E+00 .2345E-02 .8725E-01
.1540E+04 .2696E+00 .2626E+00 .2366E-02 .2174E+00 .2151E+00 .2626E+00 .1059E-01 .2732E+00 .2626E+00 .2366E-02 .8764E-01
.1541E+04 .2727E+00 .2647E+00 .2378E-02 .2192E+00 .2168E+00 .2647E+00 .1066E-01 .2753E+00 .2647E+00 .2378E-02 .8824E-01
.1542E+04 .2734E+00 .2603E+00 .2316E-02 .2155E+00 .2132E+00 .2603E+00 .1045E-01 .2708E+00 .2603E+00 .2316E-02 .8667E-01
.1543E+04 .2750E+00 .2672E+00 .2395E-02 .2212E+00 .2188E+00 .2672E+00 .1074E-01 .2779E+00 .2672E+00 .2395E-02 .8891E-01
.1544E+04 .2756E+00 .2630E+00 .2338E-02 .2178E+00 .2154E+00 .2630E+00 .1055E-01 .2736E+00 .2630E+00 .2338E-02 .8752E-01
.1545E+04 .2760E+00 .2707E+00 .2432E-02 .2242E+00 .2218E+00 .2707E+00 .1089E-01 .2816E+00 .2707E+00 .2432E-02 .9009E-01
.1546E+04 .2742E+00 .2659E+00 .2374E-02 .2202E+00 .2178E+00 .2659E+00 .1069E-01 .2766E+00 .2659E+00 .2374E-02 .8860E-01
.1547E+04 .2683E+00 .2628E+00 .2355E-02 .2177E+00 .2153E+00 .2628E+00 .1059E-01 .2734E+00 .2628E+00 .2355E-02 .8768E-01
.1548E+04 .2681E+00 .2628E+00 .2353E-02 .2176E+00 .2153E+00 .2628E+00 .1059E-01 .2734E+00 .2628E+00 .2353E-02 .8776E-01
.1549E+04 .2693E+00 .2657E+00 .2384E-02 .2201E+00 .2177E+00 .2657E+00 .1072E-01 .2765E+00 .2657E+00 .2384E-02 .8883E-01
.1550E+04 .2680E+00 .2636E+00 .2358E-02 .2183E+00 .2159E+00 .2636E+00 .1064E-01 .2742E+00 .2636E+00 .2358E-02 .8819E-01
.1551E+04 .2706E+00 .2654E+00 .2369E-02 .2198E+00 .2174E+00 .2654E+00 .1070E-01 .2761E+00 .2654E+00 .2369E-02 .8881E-01
.1552E+04 .2710E+00 .2622E+00 .2324E-02 .2171E+00 .2148E+00 .2622E+00 .1056E-01 .2727E+00 .2622E+00 .2324E-02 .8773E-01
.1553E+04 .2662E+00 .2620E+00 .2337E-02 .2170E+00 .2146E+00 .2620E+00 .1057E-01 .2726E+00 .2620E+00 .2337E-02 .8768E-01
.1554E+04 .2647E+00 .2596E+00 .2308E-02 .2149E+00 .2126E+00 .2596E+00 .1046E-01 .2700E+00 .2596E+00 .2308E-02 .8686E-01
.1555E+04 .2646E+00 .2605E+00 .2318E-02 .2157E+00 .2134E+00 .2605E+00 .1050E-01 .2710E+00 .2605E+00 .2318E-02 .8719E-01
.1556E+04 .2648E+00 .2603E+00 .2312E-02 .2155E+00 .2132E+00 .2603E+00 .1049E-01 .2708E+00 .2603E+00 .2312E-02 .8711E-01
.1557E+04 .2676E+00 .2635E+00 .2340E-02 .2182E+00 .2159E+00 .2635E+00 .1061E-01 .2741E+00 .2635E+00 .2340E-02 .8818E-01
.1558E+04 .2662E+00 .2621E+00 .2324E-02 .2170E+00 .2147E+00 .2621E+00 .1056E-01 .2727E+00 .2621E+00 .2324E-02 .8775E-01
.1559E+04 .2647E+00 .2604E+00 .2306E-02 .2156E+00 .2133E+00 .2604E+00 .1049E-01 .2709E+00 .2604E+00 .2306E-02 .8727E-01
.1560E+04 .2666E+00 .2621E+00 .2317E-02 .2170E+00 .2147E+00 .2621E+00 .1057E-01 .2726E+00 .2621E+00 .2317E-02 .8792E-01
.1561E+04 .2683E+00 .2640E+00 .2333E-02 .2186E+00 .2162E+00 .2640E+00 .1065E-01 .2746E+00 .2640E+00 .2333E-02 .8865E-01
.1562E+04 .2663E+00 .2603E+00 .2291E-02 .2155E+00 .2132E+00 .2603E+00 .1050E-01 .2708E+00 .2603E+00 .2291E-02 .8751E-01
.1563E+04 .2635E+00 .2583E+00 .2274E-02 .2139E+00 .2116E+00 .2583E+00 .1043E-01 .2687E+00 .2583E+00 .2274E-02 .8692E-01
.1564E+04 .2650E+00 .2595E+00 .2281E-02 .2148E+00 .2126E+00 .2595E+00 .1048E-01 .2700E+00 .2595E+00 .2281E-02 .8740E-01
.1565E+04 .2643E+00 .2603E+00 .2292E-02 .2155E+00 .2132E+00 .2603E+00 .1052E-01 .2708E+00 .2603E+00 .2292E-02 .8773E-01
.1566E+04 .2614E+00 .2564E+00 .2251E-02 .2123E+00 .2100E+00 .2564E+00 .1036E-01 .2667E+00 .2564E+00 .2251E-02 .8653E-01
.1567E+04 .2614E+00 .2567E+00 .2253E-02 .2125E+00 .2102E+00 .2567E+00 .1038E-01 .2671E+00 .2567E+00 .2253E-02 .8672E-01
.1568E+04 .2592E+00 .2524E+00 .2204E-02 .2089E+00 .2067E+00 .2524E+00 .1021E-01 .2626E+00 .2524E+00 .2204E-02 .8542E-01
.1569E+04 .2597E+00 .2504E+00 .2175E-02 .2073E+00 .2051E+00 .2504E+00 .1013E-01 .2605E+00 .2504E+00 .2175E-02 .8492E-01
.1570E+04 .2622E+00 .2455E+00 .2102E-02 .2032E+00 .2011E+00 .2455E+00 .9919E-02 .2555E+00 .2455E+00 .2102E-02 .8345E-01
.1571E+04 .2643E+00 .2393E+00 .2015E-02 .1980E+00 .1960E+00 .2393E+00 .9651E-02 .2490E+00 .2393E+00 .2015E-02 .8158E-01
.1572E+04 .2625E+00 .2394E+00 .2022E-02 .1981E+00 .1961E+00 .2394E+00 .9685E-02 .2491E+00 .2394E+00 .2022E-02 .8187E-01
.1573E+04 .2612E+00 .2378E+00 .2005E-02 .1968E+00 .1948E+00 .2378E+00 .9629E-02 .2475E+00 .2378E+00 .2005E-02 .8146E-01
.1574E+04 .2525E+00 .2354E+00 .2005E-02 .1948E+00 .1928E+00 .2354E+00 .9561E-02 .2449E+00 .2354E+00 .2005E-02 .8071E-01
.1575E+04 .2500E+00 .2412E+00 .2085E-02 .1997E+00 .1976E+00 .2412E+00 .9840E-02 .2510E+00 .2412E+00 .2085E-02 .8278E-01
.1576E+04 .2477E+00 .2352E+00 .2017E-02 .1947E+00 .1927E+00 .2352E+00 .9577E-02 .2448E+00 .2352E+00 .2017E-02 .8073E-01
.1577E+04 .2419E+00 .2244E+00 .1900E-02 .1857E+00 .1838E+00 .2244E+00 .9108E-02 .2335E+00 .2244E+00 .1900E-02 .7701E-01
.1578E+04 .2548E+00 .2369E+00 .2007E-02 .1961E+00 .1941E+00 .2369E+00 .9629E-02 .2466E+00 .2369E+00 .2007E-02 .8144E-01
.1579E+04 .2589E+00 .2383E+00 .2007E-02 .1972E+00 .1952E+00 .2383E+00 .9687E-02 .2480E+00 .2383E+00 .2007E-02 .8207E-01
.1580E+04 .2602E+00 .2442E+00 .2075E-02 .2021E+00 .2001E+00 .2442E+00 .9961E-02 .2542E+00 .2442E+00 .2075E-02 .8426E-01
.1581E+04 .2562E+00 .2424E+00 .2064E-02 .2006E+00 .1986E+00 .2424E+00 .9900E-02 .2523E+00 .2424E+00 .2064E-02 .8372E-01
.1582E+04 .2504E+00 .2389E+00 .2041E-02 .1978E+00 .1957E+00 .2389E+00 .9775E-02 .2487E+00 .2389E+00 .2041E-02 .8262E-01
.1583E+04 .2523E+00 .2409E+00 .2056E-02 .1994E+00 .1973E+00 .2409E+00 .9860E-02 .2507E+00 .2409E+00 .2056E-02 .8337E-01
.1584E+04 .2537E+00 .2465E+00 .2120E-02 .2041E+00 .2020E+00 .2465E+00 .1012E-01 .2567E+00 .2465E+00 .2120E-02 .8541E-01
.1585E+04 .2557E+00 .2497E+00 .2150E-02 .2067E+00 .2045E+00 .2497E+00 .1026E-01 .2600E+00 .2497E+00 .2150E-02 .8659E-01
.1586E+04 .2535E+00 .2469E+00 .2122E-02 .2044E+00 .2022E+00 .2469E+00 .1015E-01 .2570E+00 .2469E+00 .2122E-02 .8571E-01
.1587E+04 .2492E+00 .2427E+00 .2083E-02 .2009E+00 .1988E+00 .2427E+00 .9977E-02 .2526E+00 .2427E+00 .2083E-02 .8433E-01
.1588E+04 .2397E+00 .2364E+00 .2039E-02 .1957E+00 .1936E+00 .2364E+00 .9736E-02 .2461E+00 .2364E+00 .2039E-02 .8222E-01
.1589E+04 .2320E+00 .2290E+00 .1974E-02 .1895E+00 .1876E+00 .2290E+00 .9437E-02 .2384E+00 .2290E+00 .1974E-02 .7972E-01
.1590E+04 .2381E+00 .2339E+00 .2010E-02 .1936E+00 .1916E+00 .2339E+00 .9641E-02 .2436E+00 .2339E+00 .2010E-02 .8152E-01
.1591E+04 .2435E+00 .2397E+00 .2060E-02 .1984E+00 .1964E+00 .2397E+00 .9888E-02 .2496E+00 .2397E+00 .2060E-02 .8363E-01
.1592E+04 .2523E+00 .2464E+00 .2108E-02 .2040E+00 .2019E+00 .2464E+00 .1016E-01 .2566E+00 .2464E+00 .2108E-02 .8606E-01
.1593E+04 .2545E+00 .2507E+00 .2151E-02 .2075E+00 .2054E+00 .2507E+00 .1035E-01 .2611E+00 .2507E+00 .2151E-02 .8756E-01
.1594E+04 .2553E+00 .2500E+00 .2136E-02 .2069E+00 .2048E+00 .2500E+00 .1031E-01 .2603E+00 .2500E+00 .2136E-02 .8730E-01
.1595E+04 .2510E+00 .2469E+00 .2113E-02 .2044E+00 .2023E+00 .2469E+00 .1019E-01 .2571E+00 .2469E+00 .2113E-02 .8628E-01
.1596E+04 .2441E+00 .2394E+00 .2044E-02 .1982E+00 .1961E+00 .2394E+00 .9881E-02 .2493E+00 .2394E+00 .2044E-02 .8375E-01
.1597E+04 .2517E+00 .2448E+00 .2080E-02 .2026E+00 .2006E+00 .2448E+00 .1010E-01 .2549E+00 .2448E+00 .2080E-02 .8572E-01
.1598E+04 .2530E+00 .2473E+00 .2103E-02 .2047E+00 .2026E+00 .2473E+00 .1021E-01 .2575E+00 .2473E+00 .2103E-02 .8667E-01
.1599E+04 .2501E+00 .2408E+00 .2031E-02 .1993E+00 .1972E+00 .2408E+00 .9930E-02 .2507E+00 .2408E+00 .2031E-02 .8445E-01
.1600E+04 .2479E+00 .2348E+00 .1963E-02 .1943E+00 .1923E+00 .2348E+00 .9666E-02 .2445E+00 .2348E+00 .1963E-02 .8238E-01
.1601E+04 .2451E+00 .2266E+00 .1872E-02 .1875E+00 .1857E+00 .2266E+00 .9303E-02 .2359E+00 .2266E+00 .1872E-02 .7952E-01
.1602E+04 .2468E+00 .2260E+00 .1857E-02 .1870E+00 .1852E+00 .2260E+00 .9267E-02 .2353E+00 .2260E+00 .1857E-02 .7930E-01
.1603E+04 .2477E+00 .2275E+00 .1868E-02 .1882E+00 .1863E+00 .2275E+00 .9325E-02 .2368E+00 .2275E+00 .1868E-02 .7980E-01
.1604E+04 .2459E+00 .2281E+00 .1880E-02 .1887E+00 .1868E+00 .2281E+00 .9358E-02 .2374E+00 .2281E+00 .1880E-02 .8002E-01
.1605E+04 .2456E+00 .2352E+00 .1966E-02 .1947E+00 .1927E+00 .2352E+00 .9683E-02 .2449E+00 .2352E+00 .1966E-02 .8254E-01
.1606E+04 .2429E+00 .2352E+00 .1974E-02 .1946E+00 .1927E+00 .2352E+00 .9692E-02 .2449E+00 .2352E+00 .1974E-02 .8253E-01
.1607E+04 .2450E+00 .2331E+00 .1938E-02 .1929E+00 .1909E+00 .2331E+00 .9583E-02 .2427E+00 .2331E+00 .1938E-02 .8178E-01
.1608E+04 .2461E+00 .2285E+00 .1877E-02 .1891E+00 .1872E+00 .2285E+00 .9369E-02 .2379E+00 .2285E+00 .1877E-02 .8018E-01
.1609E+04 .2387E+00 .2213E+00 .1814E-02 .1831E+00 .1813E+00 .2213E+00 .9069E-02 .2304E+00 .2213E+00 .1814E-02 .7765E-01
.1610E+04 .2338E+00 .2197E+00 .1811E-02 .1818E+00 .1800E+00 .2197E+00 .9019E-02 .2288E+00 .2197E+00 .1811E-02 .7713E-01
.1611E+04 .2382E+00 .2250E+00 .1857E-02 .1862E+00 .1843E+00 .2250E+00 .9247E-02 .2343E+00 .2250E+00 .1857E-02 .7907E-01
.1612E+04 .2402E+00 .2297E+00 .1905E-02 .1900E+00 .1881E+00 .2297E+00 .9456E-02 .2391E+00 .2297E+00 .1905E-02 .8079E-01
.1613E+04 .2417E+00 .2318E+00 .1922E-02 .1918E+00 .1899E+00 .2318E+00 .9542E-02 .2413E+00 .2318E+00 .1922E-02 .8153E-01
.1614E+04 .2411E+00 .2338E+00 .1947E-02 .1934E+00 .1915E+00 .2338E+00 .9634E-02 .2434E+00 .2338E+00 .1947E-02 .8223E-01
.1615E+04 .2354E+00 .2296E+00 .1915E-02 .1900E+00 .1881E+00 .2296E+00 .9470E-02 .2391E+00 .2296E+00 .1915E-02 .8082E-01
.1616E+04 .2319E+00 .2268E+00 .1892E-02 .1876E+00 .1858E+00 .2268E+00 .9363E-02 .2361E+00 .2268E+00 .1892E-02 .7991E-01
.1617E+04 .2373E+00 .2317E+00 .1930E-02 .1917E+00 .1898E+00 .2317E+00 .9569E-02 .2412E+00 .2317E+00 .1930E-02 .8172E-01
.1618E+04 .2404E+00 .2362E+00 .1972E-02 .1955E+00 .1935E+00 .2362E+00 .9761E-02 .2460E+00 .2362E+00 .1972E-02 .8333E-01
.1619E+04 .2374E+00 .2319E+00 .1929E-02 .1919E+00 .1900E+00 .2319E+00 .9574E-02 .2415E+00 .2319E+00 .1929E-02 .8180E-01
.1620E+04 .2308E+00 .2275E+00 .1898E-02 .1882E+00 .1863E+00 .2275E+00 .9399E-02 .2369E+00 .2275E+00 .1898E-02 .8025E-01
.1621E+04 .2339E+00 .2306E+00 .1921E-02 .1908E+00 .1889E+00 .2306E+00 .9524E-02 .2401E+00 .2306E+00 .1921E-02 .8133E-01
.1622E+04 .2376E+00 .2342E+00 .1949E-02 .1938E+00 .1918E+00 .2342E+00 .9671E-02 .2439E+00 .2342E+00 .1949E-02 .8261E-01
.1623E+04 .2409E+00 .2376E+00 .1976E-02 .1966E+00 .1947E+00 .2376E+00 .9811E-02 .2474E+00 .2376E+00 .1976E-02 .8382E-01
.1624E+04 .2389E+00 .2353E+00 .1954E-02 .1947E+00 .1928E+00 .2353E+00 .9713E-02 .2451E+00 .2353E+00 .1954E-02 .8302E-01
.1625E+04 .2379E+00 .2338E+00 .1937E-02 .1935E+00 .1915E+00 .2338E+00 .9646E-02 .2435E+00 .2338E+00 .1937E-02 .8248E-01
.1626E+04 .2388E+00 .2352E+00 .1948E-02 .1946E+00 .1926E+00 .2352E+00 .9701E-02 .2449E+00 .2352E+00 .1948E-02 .8295E-01
.1627E+04 .2402E+00 .2368E+00 .1960E-02 .1959E+00 .1939E+00 .2368E+00 .9765E-02 .2465E+00 .2368E+00 .1960E-02 .8352E-01
.1628E+04 .2403E+00 .2364E+00 .1954E-02 .1956E+00 .1937E+00 .2364E+00 .9747E-02 .2462E+00 .2364E+00 .1954E-02 .8340E-01
.1629E+04 .2375E+00 .2340E+00 .1933E-02 .1936E+00 .1917E+00 .2340E+00 .9646E-02 .2437E+00 .2340E+00 .1933E-02 .8254E-01
.1630E+04 .2365E+00 .2328E+00 .1920E-02 .1926E+00 .1907E+00 .2328E+00 .9594E-02 .2424E+00 .2328E+00 .1920E-02 .8212E-01
.1631E+04 .2368E+00 .2323E+00 .1910E-02 .1922E+00 .1903E+00 .2323E+00 .9566E-02 .2419E+00 .2323E+00 .1910E-02 .8193E-01
.1632E+04 .2355E+00 .2304E+00 .1891E-02 .1907E+00 .1888E+00 .2304E+00 .9485E-02 .2399E+00 .2304E+00 .1891E-02 .8128E-01
.1633E+04 .2317E+00 .2254E+00 .1842E-02 .1865E+00 .1846E+00 .2254E+00 .9269E-02 .2346E+00 .2254E+00 .1842E-02 .7950E-01
.1634E+04 .2328E+00 .2292E+00 .1882E-02 .1896E+00 .1877E+00 .2292E+00 .9435E-02 .2386E+00 .2292E+00 .1882E-02 .8084E-01
.1635E+04 .2342E+00 .2275E+00 .1854E-02 .1882E+00 .1863E+00 .2275E+00 .9350E-02 .2368E+00 .2275E+00 .1854E-02 .8025E-01
.1636E+04 .2292E+00 .2248E+00 .1839E-02 .1860E+00 .1841E+00 .2248E+00 .9247E-02 .2340E+00 .2248E+00 .1839E-02 .7930E-01
.1637E+04 .2252E+00 .2212E+00 .1808E-02 .1830E+00 .1812E+00 .2212E+00 .9096E-02 .2303E+00 .2212E+00 .1808E-02 .7802E-01
.1638E+04 .2198E+00 .2121E+00 .1718E-02 .1755E+00 .1738E+00 .2121E+00 .8707E-02 .2209E+00 .2121E+00 .1718E-02 .7483E-01
.1639E+04 .2208E+00 .2156E+00 .1754E-02 .1783E+00 .1766E+00 .2156E+00 .8856E-02 .2244E+00 .2156E+00 .1754E-02 .7604E-01
.1640E+04 .2213E+00 .2098E+00 .1683E-02 .1736E+00 .1719E+00 .2098E+00 .8592E-02 .2184E+00 .2098E+00 .1683E-02 .7401E-01
.1641E+04 .2201E+00 .2140E+00 .1734E-02 .1770E+00 .1753E+00 .2140E+00 .8783E-02 .2228E+00 .2140E+00 .1734E-02 .7548E-01
.1642E+04 .2225E+00 .2164E+00 .1752E-02 .1790E+00 .1773E+00 .2164E+00 .8880E-02 .2253E+00 .2164E+00 .1752E-02 .7633E-01
.1643E+04 .2236E+00 .2117E+00 .1690E-02 .1751E+00 .1734E+00 .2117E+00 .8659E-02 .2203E+00 .2117E+00 .1690E-02 .7466E-01
.1644E+04 .2218E+00 .2171E+00 .1758E-02 .1796E+00 .1778E+00 .2171E+00 .8909E-02 .2260E+00 .2171E+00 .1758E-02 .7657E-01
.1645E+04 .2235E+00 .2145E+00 .1721E-02 .1775E+00 .1757E+00 .2145E+00 .8785E-02 .2233E+00 .2145E+00 .1721E-02 .7567E-01
.1646E+04 .2256E+00 .2131E+00 .1695E-02 .1763E+00 .1746E+00 .2131E+00 .8711E-02 .2219E+00 .2131E+00 .1695E-02 .7518E-01
.1647E+04 .2257E+00 .2211E+00 .1786E-02 .1829E+00 .1811E+00 .2211E+00 .9069E-02 .2302E+00 .2211E+00 .1786E-02 .7799E-01
.1648E+04 .2240E+00 .2124E+00 .1688E-02 .1756E+00 .1740E+00 .2124E+00 .8678E-02 .2210E+00 .2124E+00 .1688E-02 .7490E-01
.1649E+04 .2231E+00 .2158E+00 .1730E-02 .1785E+00 .1768E+00 .2158E+00 .8837E-02 .2247E+00 .2158E+00 .1730E-02 .7613E-01
.1650E+04 .2237E+00 .2174E+00 .1745E-02 .1799E+00 .1781E+00 .2174E+00 .8905E-02 .2263E+00 .2174E+00 .1745E-02 .7669E-01
.1651E+04 .2233E+00 .2099E+00 .1656E-02 .1736E+00 .1719E+00 .2099E+00 .8561E-02 .2184E+00 .2099E+00 .1656E-02 .7401E-01
.1652E+04 .2243E+00 .2150E+00 .1711E-02 .1778E+00 .1761E+00 .2150E+00 .8787E-02 .2238E+00 .2150E+00 .1711E-02 .7581E-01
.1653E+04 .2244E+00 .2176E+00 .1739E-02 .1800E+00 .1783E+00 .2176E+00 .8896E-02 .2265E+00 .2176E+00 .1739E-02 .7666E-01
.1654E+04 .2238E+00 .2128E+00 .1683E-02 .1760E+00 .1743E+00 .2128E+00 .8673E-02 .2215E+00 .2128E+00 .1683E-02 .7490E-01
.1655E+04 .2242E+00 .2187E+00 .1748E-02 .1809E+00 .1791E+00 .2187E+00 .8929E-02 .2276E+00 .2187E+00 .1748E-02 .7693E-01
.1656E+04 .2252E+00 .2166E+00 .1718E-02 .1791E+00 .1774E+00 .2166E+00 .8829E-02 .2254E+00 .2166E+00 .1718E-02 .7619E-01
.1657E+04 .2247E+00 .2174E+00 .1727E-02 .1798E+00 .1781E+00 .2174E+00 .8864E-02 .2262E+00 .2174E+00 .1727E-02 .7646E-01
.1658E+04 .2238E+00 .2188E+00 .1745E-02 .1810E+00 .1792E+00 .2188E+00 .8922E-02 .2277E+00 .2188E+00 .1745E-02 .7689E-01
.1659E+04 .2231E+00 .2186E+00 .1743E-02 .1808E+00 .1791E+00 .2186E+00 .8908E-02 .2275E+00 .2186E+00 .1743E-02 .7675E-01
.1660E+04 .2249E+00 .2203E+00 .1754E-02 .1822E+00 .1805E+00 .2203E+00 .8967E-02 .2293E+00 .2203E+00 .1754E-02 .7727E-01
.1661E+04 .2248E+00 .2182E+00 .1728E-02 .1804E+00 .1787E+00 .2182E+00 .8862E-02 .2270E+00 .2182E+00 .1728E-02 .7644E-01
.1662E+04 .2230E+00 .2122E+00 .1664E-02 .1755E+00 .1738E+00 .2122E+00 .8594E-02 .2208E+00 .2122E+00 .1664E-02 .7428E-01
.1663E+04 .2219E+00 .2175E+00 .1726E-02 .1799E+00 .1782E+00 .2175E+00 .8827E-02 .2263E+00 .2175E+00 .1726E-02 .7606E-01
.1664E+04 .2214E+00 .2152E+00 .1700E-02 .1780E+00 .1763E+00 .2152E+00 .8717E-02 .2239E+00 .2152E+00 .1700E-02 .7518E-01
.1665E+04 .2195E+00 .2096E+00 .1640E-02 .1734E+00 .1717E+00 .2096E+00 .8467E-02 .2181E+00 .2096E+00 .1640E-02 .7317E-01
.1666E+04 .2188E+00 .1869E+00 .1386E-02 .1545E+00 .1531E+00 .1869E+00 .7454E-02 .1943E+00 .1869E+00 .1386E-02 .6513E-01
.1667E+04 .2175E+00 .2079E+00 .1623E-02 .1719E+00 .1703E+00 .2079E+00 .8381E-02 .2163E+00 .2079E+00 .1623E-02 .7242E-01
.1668E+04 .2153E+00 .2111E+00 .1665E-02 .1745E+00 .1729E+00 .2111E+00 .8521E-02 .2196E+00 .2111E+00 .1665E-02 .7345E-01
.1669E+04 .2184E+00 .2094E+00 .1635E-02 .1732E+00 .1716E+00 .2094E+00 .8429E-02 .2179E+00 .2094E+00 .1635E-02 .7280E-01
.1670E+04 .2191E+00 .2146E+00 .1689E-02 .1775E+00 .1758E+00 .2146E+00 .8646E-02 .2233E+00 .2146E+00 .1689E-02 .7453E-01
.1671E+04 .2150E+00 .2091E+00 .1638E-02 .1729E+00 .1713E+00 .2091E+00 .8408E-02 .2175E+00 .2091E+00 .1638E-02 .7253E-01
.1672E+04 .2106E+00 .2056E+00 .1613E-02 .1701E+00 .1685E+00 .2056E+00 .8265E-02 .2139E+00 .2056E+00 .1613E-02 .7128E-01
.1673E+04 .2145E+00 .2107E+00 .1654E-02 .1742E+00 .1726E+00 .2107E+00 .8463E-02 .2191E+00 .2107E+00 .1654E-02 .7295E-01
.1674E+04 .2143E+00 .2076E+00 .1618E-02 .1717E+00 .1701E+00 .2076E+00 .8320E-02 .2159E+00 .2076E+00 .1618E-02 .7182E-01
.1675E+04 .2101E+00 .2039E+00 .1589E-02 .1686E+00 .1670E+00 .2039E+00 .8166E-02 .2121E+00 .2039E+00 .1589E-02 .7047E-01
.1676E+04 .2105E+00 .2031E+00 .1578E-02 .1680E+00 .1664E+00 .2031E+00 .8124E-02 .2113E+00 .2031E+00 .1578E-02 .7014E-01
.1677E+04 .2121E+00 .2046E+00 .1587E-02 .1692E+00 .1676E+00 .2046E+00 .8173E-02 .2128E+00 .2046E+00 .1587E-02 .7057E-01
.1678E+04 .2104E+00 .1997E+00 .1536E-02 .1651E+00 .1636E+00 .1997E+00 .7956E-02 .2077E+00 .1997E+00 .1536E-02 .6881E-01
.1679E+04 .2064E+00 .2024E+00 .1578E-02 .1674E+00 .1658E+00 .2024E+00 .8083E-02 .2105E+00 .2024E+00 .1578E-02 .6969E-01
.1680E+04 .1991E+00 .1941E+00 .1507E-02 .1605E+00 .1590E+00 .1941E+00 .7740E-02 .2019E+00 .1941E+00 .1507E-02 .6678E-01
.1681E+04 .1972E+00 .1914E+00 .1481E-02 .1583E+00 .1568E+00 .1914E+00 .7625E-02 .1990E+00 .1914E+00 .1481E-02 .6584E-01
.1682E+04 .2025E+00 .1993E+00 .1551E-02 .1648E+00 .1633E+00 .1993E+00 .7952E-02 .2073E+00 .1993E+00 .1551E-02 .6858E-01
.1683E+04 .2070E+00 .2032E+00 .1577E-02 .1680E+00 .1664E+00 .2032E+00 .8095E-02 .2113E+00 .2032E+00 .1577E-02 .6984E-01
.1684E+04 .2093E+00 .1908E+00 .1434E-02 .1577E+00 .1563E+00 .1908E+00 .7540E-02 .1983E+00 .1908E+00 .1434E-02 .6549E-01
.1685E+04 .2094E+00 .2061E+00 .1598E-02 .1704E+00 .1688E+00 .2061E+00 .8198E-02 .2143E+00 .2061E+00 .1598E-02 .7072E-01
.1686E+04 .2090E+00 .2051E+00 .1586E-02 .1696E+00 .1680E+00 .2051E+00 .8155E-02 .2132E+00 .2051E+00 .1586E-02 .7038E-01
.1687E+04 .2090E+00 .1986E+00 .1515E-02 .1642E+00 .1627E+00 .1986E+00 .7873E-02 .2065E+00 .1986E+00 .1515E-02 .6816E-01
.1688E+04 .2087E+00 .2048E+00 .1580E-02 .1693E+00 .1677E+00 .2048E+00 .8132E-02 .2129E+00 .2048E+00 .1580E-02 .7021E-01
.1689E+04 .2066E+00 .2015E+00 .1551E-02 .1667E+00 .1651E+00 .2015E+00 .7993E-02 .2095E+00 .2015E+00 .1551E-02 .6905E-01
.1690E+04 .2089E+00 .2004E+00 .1531E-02 .1657E+00 .1642E+00 .2004E+00 .7930E-02 .2084E+00 .2004E+00 .1531E-02 .6859E-01
.1691E+04 .2101E+00 .1812E+00 .1326E-02 .1497E+00 .1484E+00 .1812E+00 .7094E-02 .1883E+00 .1812E+00 .1326E-02 .6192E-01
.1692E+04 .2103E+00 .1996E+00 .1514E-02 .1650E+00 .1635E+00 .1996E+00 .7871E-02 .2075E+00 .1996E+00 .1514E-02 .6815E-01
.1693E+04 .2099E+00 .2065E+00 .1587E-02 .1708E+00 .1692E+00 .2065E+00 .8168E-02 .2147E+00 .2065E+00 .1587E-02 .7052E-01
.1694E+04 .2094E+00 .1988E+00 .1504E-02 .1644E+00 .1629E+00 .1988E+00 .7836E-02 .2067E+00 .1988E+00 .1504E-02 .6789E-01
.1695E+04 .2089E+00 .2048E+00 .1568E-02 .1693E+00 .1678E+00 .2048E+00 .8092E-02 .2129E+00 .2048E+00 .1568E-02 .6991E-01
.1696E+04 .2082E+00 .2037E+00 .1558E-02 .1684E+00 .1669E+00 .2037E+00 .8039E-02 .2118E+00 .2037E+00 .1558E-02 .6947E-01
.1697E+04 .2079E+00 .1660E+00 .1170E-02 .1371E+00 .1360E+00 .1660E+00 .6429E-02 .1724E+00 .1660E+00 .1170E-02 .5651E-01
.1698E+04 .2077E+00 .2030E+00 .1547E-02 .1678E+00 .1663E+00 .2030E+00 .7998E-02 .2110E+00 .2030E+00 .1547E-02 .6915E-01
.1699E+04 .2061E+00 .1985E+00 .1505E-02 .1641E+00 .1626E+00 .1985E+00 .7811E-02 .2063E+00 .1985E+00 .1505E-02 .6761E-01
.1700E+04 .2044E+00 .1932E+00 .1451E-02 .1597E+00 .1582E+00 .1932E+00 .7586E-02 .2007E+00 .1932E+00 .1451E-02 .6579E-01
.1702E+04 .2027E+00 .1986E+00 .1509E-02 .1642E+00 .1627E+00 .1986E+00 .7819E-02 .2064E+00 .1986E+00 .1509E-02 .6764E-01
.1705E+04 .2029E+00 .1915E+00 .1430E-02 .1583E+00 .1568E+00 .1915E+00 .7508E-02 .1990E+00 .1915E+00 .1430E-02 .6518E-01
.1710E+04 .1982E+00 .1812E+00 .1336E-02 .1498E+00 .1485E+00 .1812E+00 .7071E-02 .1883E+00 .1812E+00 .1336E-02 .6154E-01
.1715E+04 .1994E+00 .1793E+00 .1309E-02 .1482E+00 .1469E+00 .1793E+00 .6970E-02 .1863E+00 .1793E+00 .1309E-02 .6074E-01
.1720E+04 .1960E+00 .1787E+00 .1308E-02 .1477E+00 .1464E+00 .1787E+00 .6951E-02 .1857E+00 .1787E+00 .1308E-02 .6056E-01
.1725E+04 .1934E+00 .1667E+00 .1189E-02 .1377E+00 .1365E+00 .1667E+00 .6448E-02 .1731E+00 .1667E+00 .1189E-02 .5647E-01
.1730E+04 .1912E+00 .1642E+00 .1166E-02 .1357E+00 .1345E+00 .1642E+00 .6335E-02 .1706E+00 .1642E+00 .1166E-02 .5552E-01
.1735E+04 .1815E+00 .1514E+00 .1063E-02 .1251E+00 .1240E+00 .1514E+00 .5825E-02 .1572E+00 .1514E+00 .1063E-02 .5116E-01
.1740E+04 .1849E+00 .1551E+00 .1084E-02 .1282E+00 .1271E+00 .1551E+00 .5975E-02 .1611E+00 .1551E+00 .1084E-02 .5255E-01
.1745E+04 .1858E+00 .1455E+00 .1001E-02 .1202E+00 .1192E+00 .1455E+00 .5587E-02 .1511E+00 .1455E+00 .1001E-02 .4930E-01
.1750E+04 .1844E+00 .1567E+00 .1087E-02 .1295E+00 .1284E+00 .1567E+00 .6029E-02 .1628E+00 .1567E+00 .1087E-02 .5312E-01
.1755E+04 .1843E+00 .1414E+00 .9539E-03 .1168E+00 .1159E+00 .1414E+00 .5419E-02 .1469E+00 .1414E+00 .9539E-03 .4803E-01
.1760E+04 .1817E+00 .1497E+00 .1020E-02 .1237E+00 .1226E+00 .1497E+00 .5760E-02 .1555E+00 .1497E+00 .1020E-02 .5098E-01
.1765E+04 .1798E+00 .1190E+00 .7670E-03 .9826E-01 .9749E-01 .1190E+00 .4528E-02 .1235E+00 .1190E+00 .7670E-03 .4051E-01
.1770E+04 .1784E+00 .1231E+00 .7783E-03 .1016E+00 .1009E+00 .1231E+00 .4678E-02 .1278E+00 .1231E+00 .7783E-03 .4202E-01
.1775E+04 .1759E+00 .9614E-01 .5695E-03 .7932E-01 .7875E-01 .9614E-01 .3609E-02 .9975E-01 .9614E-01 .5695E-03 .3282E-01
.1780E+04 .1736E+00 .8334E-01 .4760E-03 .6875E-01 .6827E-01 .8334E-01 .3113E-02 .8646E-01 .8334E-01 .4760E-03 .2850E-01
.1785E+04 .1727E+00 .5827E-01 .2999E-03 .4803E-01 .4773E-01 .5827E-01 .2142E-02 .6041E-01 .5827E-01 .2999E-03 .1996E-01
.1790E+04 .1722E+00 .7229E-01 .3849E-03 .5960E-01 .5922E-01 .7229E-01 .2679E-02 .7497E-01 .7229E-01 .3849E-03 .2483E-01
.1795E+04 .1702E+00 .3084E-01 .1167E-03 .2538E-01 .2526E-01 .3084E-01 .1090E-02 .3193E-01 .3084E-01 .1167E-03 .1060E-01
.1800E+04 .1683E+00 .2332E-01 .9616E-04 .1920E-01 .1910E-01 .2332E-01 .8340E-03 .2415E-01 .2332E-01 .9616E-04 .8027E-02
.1805E+04 .1669E+00 .9328E-02 .2313E-04 .7664E-02 .7641E-02 .9328E-02 .3163E-03 .9644E-02 .9328E-02 .2313E-04 .3210E-02
.1810E+04 .1655E+00 .5222E-02 .1397E-04 .4292E-02 .4278E-02 .5222E-02 .1783E-03 .5400E-02 .5222E-02 .1397E-04 .1798E-02
.1815E+04 .1584E+00 .1789E-02 .2384E-05 .1468E-02 .1465E-02 .1789E-02 .5827E-04 .1847E-02 .1789E-02 .2384E-05 .6148E-03
.1820E+04 .1556E+00 .3927E-03 .3200E-06 .3220E-03 .3217E-03 .3927E-03 .1258E-04 .4053E-03 .3927E-03 .3200E-06 .1352E-03
.1825E+04 .1600E+00 .6015E-03 .5416E-06 .4932E-03 .4927E-03 .6015E-03 .1938E-04 .6209E-03 .6015E-03 .5416E-06 .2076E-03
.1830E+04 .1593E+00 .1253E-05 .2519E-09 .1026E-05 .1026E-05 .1253E-05 .3932E-07 .1292E-05 .1253E-05 .2519E-09 .4317E-06
.1835E+04 .1577E+00 .6187E-06 .1938E-09 .5070E-06 .5068E-06 .6187E-06 .1947E-07 .6381E-06 .6187E-06 .1938E-09 .2129E-06
.1840E+04 .1556E+00 .1790E-07 .1818E-11 .1467E-07 .1466E-07 .1790E-07 .5576E-09 .1846E-07 .1790E-07 .1818E-11 .6144E-08
.1845E+04 .1531E+00 .7484E-06 .4723E-10 .6131E-06 .6131E-06 .7484E-06 .2325E-07 .7717E-06 .7484E-06 .4723E-10 .2565E-06
.1850E+04 .1534E+00 .2801E-06 .1375E-10 .2295E-06 .2295E-06 .2801E-06 .8649E-08 .2888E-06 .2801E-06 .1375E-10 .9548E-07
.1855E+04 .1521E+00 .4811E-07 .4530E-11 .3942E-07 .3941E-07 .4811E-07 .1474E-08 .4959E-07 .4811E-07 .4530E-11 .1624E-07
.1860E+04 .1501E+00 .3423E-05 .1119E-08 .2805E-05 .2804E-05 .3423E-05 .1044E-06 .3527E-05 .3423E-05 .1119E-08 .1141E-05
.1865E+04 .1480E+00 .3045E-05 .6271E-09 .2495E-05 .2494E-05 .3045E-05 .8993E-07 .3135E-05 .3045E-05 .6271E-09 .9867E-06
.1870E+04 .1456E+00 .1152E-10 .9702E-16 .9437E-11 .9437E-11 .1152E-10 .3309E-12 .1185E-10 .1152E-10 .9702E-16 .3658E-11
.1875E+04 .1349E+00 .2178E-10 .2115E-15 .1784E-10 .1784E-10 .2178E-10 .6093E-12 .2239E-10 .2178E-10 .2115E-15 .6736E-11
.1880E+04 .1425E+00 .1995E-04 .7796E-08 .1635E-04 .1634E-04 .1995E-04 .5544E-06 .2050E-04 .1995E-04 .7796E-08 .6034E-05
.1885E+04 .1432E+00 .1363E-04 .4926E-08 .1117E-04 .1116E-04 .1363E-04 .3720E-06 .1400E-04 .1363E-04 .4926E-08 .4053E-05
.1890E+04 .1410E+00 .5181E-04 .1657E-07 .4246E-04 .4244E-04 .5181E-04 .1389E-05 .5320E-04 .5181E-04 .1657E-07 .1516E-04
.1895E+04 .1379E+00 .3396E-04 .1455E-07 .2783E-04 .2782E-04 .3396E-04 .8802E-06 .3484E-04 .3396E-04 .1455E-07 .9554E-05
.1900E+04 .1389E+00 .1227E-06 .1449E-10 .1005E-06 .1005E-06 .1227E-06 .3057E-08 .1257E-06 .1227E-06 .1449E-10 .3362E-07
.1905E+04 .1382E+00 .9093E-07 .1307E-10 .7450E-07 .7448E-07 .9093E-07 .2291E-08 .9322E-07 .9093E-07 .1307E-10 .2517E-07
.1910E+04 .1367E+00 .4513E-05 .9651E-09 .3698E-05 .3697E-05 .4513E-05 .1076E-06 .4621E-05 .4513E-05 .9651E-09 .1178E-05
.1915E+04 .1358E+00 .5381E-05 .2017E-08 .4410E-05 .4408E-05 .5381E-05 .1285E-06 .5510E-05 .5381E-05 .2017E-08 .1396E-05
.1920E+04 .1342E+00 .9874E-04 .4140E-07 .8092E-04 .8088E-04 .9874E-04 .2367E-05 .1011E-03 .9874E-04 .4140E-07 .2566E-04
.1925E+04 .1335E+00 .2757E-03 .1933E-06 .2260E-03 .2258E-03 .2757E-03 .6725E-05 .2824E-03 .2757E-03 .1933E-06 .7197E-04
.1930E+04 .1304E+00 .1939E-03 .1678E-06 .1590E-03 .1588E-03 .1939E-03 .4798E-05 .1987E-03 .1939E-03 .1678E-06 .5098E-04
.1935E+04 .1303E+00 .1644E-02 .2501E-05 .1349E-02 .1347E-02 .1644E-02 .4225E-04 .1686E-02 .1644E-02 .2501E-05 .4362E-03
.1940E+04 .1273E+00 .1714E-02 .3465E-05 .1407E-02 .1404E-02 .1714E-02 .4517E-04 .1759E-02 .1714E-02 .3465E-05 .4565E-03
.1945E+04 .1204E+00 .7211E-02 .1810E-04 .5925E-02 .5907E-02 .7211E-02 .1953E-03 .7406E-02 .7211E-02 .1810E-04 .1935E-02
.1950E+04 .1247E+00 .1250E-01 .3823E-04 .1028E-01 .1024E-01 .1250E-01 .3492E-03 .1285E-01 .1250E-01 .3823E-04 .3387E-02
.1955E+04 .1268E+00 .7461E-02 .1647E-04 .6128E-02 .6111E-02 .7461E-02 .2042E-03 .7665E-02 .7461E-02 .1647E-04 .2053E-02
.1960E+04 .1252E+00 .1908E-01 .6337E-04 .1570E-01 .1563E-01 .1908E-01 .5537E-03 .1964E-01 .1908E-01 .6337E-04 .5336E-02
.1965E+04 .1231E+00 .2704E-01 .1006E-03 .2225E-01 .2215E-01 .2704E-01 .8045E-03 .2785E-01 .2704E-01 .1006E-03 .7647E-02
.1970E+04 .1226E+00 .4619E-01 .2044E-03 .3804E-01 .3784E-01 .4619E-01 .1423E-02 .4761E-01 .4619E-01 .2044E-03 .1319E-01
.1975E+04 .1205E+00 .5699E-01 .2716E-03 .4696E-01 .4669E-01 .5699E-01 .1787E-02 .5878E-01 .5699E-01 .2716E-03 .1638E-01
.1980E+04 .1192E+00 .6694E-01 .3449E-03 .5518E-01 .5484E-01 .6694E-01 .2142E-02 .6909E-01 .6694E-01 .3449E-03 .1939E-01
.1985E+04 .1184E+00 .7407E-01 .3953E-03 .6107E-01 .6067E-01 .7407E-01 .2407E-02 .7647E-01 .7407E-01 .3953E-03 .2170E-01
.1990E+04 .1183E+00 .7395E-01 .3895E-03 .6097E-01 .6058E-01 .7395E-01 .2405E-02 .7636E-01 .7395E-01 .3895E-03 .2175E-01
.1995E+04 .1163E+00 .7520E-01 .3963E-03 .6200E-01 .6160E-01 .7520E-01 .2442E-02 .7765E-01 .7520E-01 .3963E-03 .2208E-01
.2000E+04 .1160E+00 .4677E-01 .2128E-03 .3852E-01 .3831E-01 .4677E-01 .1477E-02 .4825E-01 .4677E-01 .2128E-03 .1368E-01
.2005E+04 .1148E+00 .2269E-01 .7715E-04 .1866E-01 .1858E-01 .2269E-01 .6826E-03 .2337E-01 .2269E-01 .7715E-04 .6590E-02
.2010E+04 .1145E+00 .5454E-01 .2531E-03 .4493E-01 .4468E-01 .5454E-01 .1708E-02 .5625E-01 .5454E-01 .2531E-03 .1574E-01
.2015E+04 .1135E+00 .3626E-01 .1459E-03 .2985E-01 .2970E-01 .3626E-01 .1099E-02 .3736E-01 .3626E-01 .1459E-03 .1034E-01
.2020E+04 .1115E+00 .5379E-01 .2537E-03 .4432E-01 .4406E-01 .5379E-01 .1661E-02 .5545E-01 .5379E-01 .2537E-03 .1521E-01
.2025E+04 .1109E+00 .7829E-01 .4302E-03 .6456E-01 .6413E-01 .7829E-01 .2466E-02 .8076E-01 .7829E-01 .4302E-03 .2192E-01
.2030E+04 .1092E+00 .8231E-01 .4666E-03 .6789E-01 .6742E-01 .8231E-01 .2582E-02 .8489E-01 .8231E-01 .4666E-03 .2275E-01
.2035E+04 .1082E+00 .9451E-01 .5641E-03 .7799E-01 .7742E-01 .9451E-01 .2976E-02 .9749E-01 .9451E-01 .5641E-03 .2589E-01
.2040E+04 .1077E+00 .8847E-01 .5116E-03 .7298E-01 .7247E-01 .8847E-01 .2746E-02 .9121E-01 .8847E-01 .5116E-03 .2400E-01
.2045E+04 .1078E+00 .9114E-01 .5270E-03 .7518E-01 .7466E-01 .9114E-01 .2812E-02 .9395E-01 .9114E-01 .5270E-03 .2454E-01
.2050E+04 .1065E+00 .7643E-01 .4089E-03 .6302E-01 .6261E-01 .7643E-01 .2308E-02 .7874E-01 .7643E-01 .4089E-03 .2044E-01
.2055E+04 .1054E+00 .6521E-01 .3251E-03 .5374E-01 .5341E-01 .6521E-01 .1932E-02 .6714E-01 .6521E-01 .3251E-03 .1732E-01
.2060E+04 .1038E+00 .7478E-01 .3980E-03 .6166E-01 .6126E-01 .7478E-01 .2239E-02 .7702E-01 .7478E-01 .3980E-03 .1981E-01
.2065E+04 .1030E+00 .7070E-01 .3653E-03 .5828E-01 .5792E-01 .7070E-01 .2098E-02 .7280E-01 .7070E-01 .3653E-03 .1866E-01
.2070E+04 .1024E+00 .7306E-01 .3818E-03 .6023E-01 .5985E-01 .7306E-01 .2163E-02 .7522E-01 .7306E-01 .3818E-03 .1917E-01
.2075E+04 .1023E+00 .8293E-01 .4572E-03 .6839E-01 .6793E-01 .8293E-01 .2476E-02 .8540E-01 .8293E-01 .4572E-03 .2169E-01
.2080E+04 .1007E+00 .8839E-01 .5043E-03 .7291E-01 .7241E-01 .8839E-01 .2655E-02 .9105E-01 .8839E-01 .5043E-03 .2309E-01
.2085E+04 .9979E-01 .8728E-01 .4944E-03 .7199E-01 .7149E-01 .8728E-01 .2617E-02 .8990E-01 .8728E-01 .4944E-03 .2280E-01
.2090E+04 .9881E-01 .9075E-01 .5214E-03 .7486E-01 .7434E-01 .9075E-01 .2734E-02 .9348E-01 .9075E-01 .5214E-03 .2375E-01
.2095E+04 .9735E-01 .8995E-01 .5173E-03 .7420E-01 .7369E-01 .8995E-01 .2707E-02 .9266E-01 .8995E-01 .5173E-03 .2350E-01
.2100E+04 .9751E-01 .8440E-01 .4747E-03 .6961E-01 .6913E-01 .8440E-01 .2528E-02 .8692E-01 .8440E-01 .4747E-03 .2205E-01
.2105E+04 .9690E-01 .9332E-01 .5396E-03 .7698E-01 .7644E-01 .9332E-01 .2819E-02 .9614E-01 .9332E-01 .5396E-03 .2446E-01
.2110E+04 .9579E-01 .8922E-01 .5080E-03 .7360E-01 .7309E-01 .8922E-01 .2697E-02 .9192E-01 .8922E-01 .5080E-03 .2350E-01
.2115E+04 .9495E-01 .9146E-01 .5246E-03 .7545E-01 .7492E-01 .9146E-01 .2769E-02 .9423E-01 .9146E-01 .5246E-03 .2410E-01
.2120E+04 .9376E-01 .8602E-01 .4842E-03 .7094E-01 .7046E-01 .8602E-01 .2604E-02 .8862E-01 .8602E-01 .4842E-03 .2277E-01
.2125E+04 .9291E-01 .8735E-01 .4938E-03 .7205E-01 .7155E-01 .8735E-01 .2653E-02 .9000E-01 .8735E-01 .4938E-03 .2320E-01
.2130E+04 .9283E-01 .8843E-01 .5011E-03 .7294E-01 .7244E-01 .8843E-01 .2695E-02 .9112E-01 .8843E-01 .5011E-03 .2357E-01
.2135E+04 .9171E-01 .8910E-01 .5049E-03 .7350E-01 .7299E-01 .8910E-01 .2726E-02 .9183E-01 .8910E-01 .5049E-03 .2386E-01
.2140E+04 .9147E-01 .9001E-01 .5101E-03 .7424E-01 .7373E-01 .9001E-01 .2757E-02 .9276E-01 .9001E-01 .5101E-03 .2414E-01
.2145E+04 .9065E-01 .8914E-01 .5027E-03 .7352E-01 .7302E-01 .8914E-01 .2728E-02 .9186E-01 .8914E-01 .5027E-03 .2391E-01
.2150E+04 .9013E-01 .8273E-01 .4526E-03 .6822E-01 .6777E-01 .8273E-01 .2516E-02 .8524E-01 .8273E-01 .4526E-03 .2219E-01
.2155E+04 .8927E-01 .8295E-01 .4531E-03 .6840E-01 .6795E-01 .8295E-01 .2524E-02 .8547E-01 .8295E-01 .4531E-03 .2228E-01
.2160E+04 .8784E-01 .8226E-01 .4490E-03 .6783E-01 .6738E-01 .8226E-01 .2500E-02 .8476E-01 .8226E-01 .4490E-03 .2206E-01
.2165E+04 .8275E-01 .7506E-01 .4050E-03 .6189E-01 .6149E-01 .7506E-01 .2276E-02 .7734E-01 .7506E-01 .4050E-03 .2014E-01
.2170E+04 .8514E-01 .8015E-01 .4362E-03 .6609E-01 .6565E-01 .8015E-01 .2435E-02 .8258E-01 .8015E-01 .4362E-03 .2150E-01
.2175E+04 .8568E-01 .7792E-01 .4154E-03 .6424E-01 .6383E-01 .7792E-01 .2357E-02 .8028E-01 .7792E-01 .4154E-03 .2090E-01
.2180E+04 .8497E-01 .8068E-01 .4350E-03 .6652E-01 .6609E-01 .8068E-01 .2446E-02 .8312E-01 .8068E-01 .4350E-03 .2164E-01
.2185E+04 .8464E-01 .7092E-01 .3664E-03 .5846E-01 .5809E-01 .7092E-01 .2132E-02 .7305E-01 .7092E-01 .3664E-03 .1902E-01
.2190E+04 .8364E-01 .7733E-01 .4093E-03 .6375E-01 .6334E-01 .7733E-01 .2336E-02 .7967E-01 .7733E-01 .4093E-03 .2075E-01
.2195E+04 .8342E-01 .7656E-01 .4019E-03 .6311E-01 .6271E-01 .7656E-01 .2310E-02 .7887E-01 .7656E-01 .4019E-03 .2054E-01
.2200E+04 .8263E-01 .7079E-01 .3606E-03 .5835E-01 .5799E-01 .7079E-01 .2117E-02 .7290E-01 .7079E-01 .3606E-03 .1892E-01
.2205E+04 .8073E-01 .7198E-01 .3706E-03 .5933E-01 .5896E-01 .7198E-01 .2151E-02 .7413E-01 .7198E-01 .3706E-03 .1918E-01
.2210E+04 .8053E-01 .7760E-01 .4080E-03 .6397E-01 .6356E-01 .7760E-01 .2326E-02 .7992E-01 .7760E-01 .4080E-03 .2065E-01
.2215E+04 .8024E-01 .7439E-01 .3841E-03 .6132E-01 .6094E-01 .7439E-01 .2217E-02 .7661E-01 .7439E-01 .3841E-03 .1973E-01
.2220E+04 .7974E-01 .7694E-01 .4001E-03 .6342E-01 .6302E-01 .7694E-01 .2290E-02 .7922E-01 .7694E-01 .4001E-03 .2035E-01
.2225E+04 .7873E-01 .7437E-01 .3821E-03 .6130E-01 .6092E-01 .7437E-01 .2199E-02 .7657E-01 .7437E-01 .3821E-03 .1957E-01
.2230E+04 .7832E-01 .7583E-01 .3906E-03 .6251E-01 .6212E-01 .7583E-01 .2235E-02 .7807E-01 .7583E-01 .3906E-03 .1986E-01
.2235E+04 .7766E-01 .7396E-01 .3765E-03 .6096E-01 .6059E-01 .7396E-01 .2163E-02 .7613E-01 .7396E-01 .3765E-03 .1924E-01
.2240E+04 .7661E-01 .7366E-01 .3739E-03 .6072E-01 .6034E-01 .7366E-01 .2142E-02 .7581E-01 .7366E-01 .3739E-03 .1904E-01
.2245E+04 .7621E-01 .7161E-01 .3578E-03 .5902E-01 .5866E-01 .7161E-01 .2060E-02 .7367E-01 .7161E-01 .3578E-03 .1833E-01
.2250E+04 .7546E-01 .7253E-01 .3632E-03 .5978E-01 .5941E-01 .7253E-01 .2051E-02 .7458E-01 .7253E-01 .3632E-03 .1817E-01
.2255E+04 .7461E-01 .6951E-01 .3411E-03 .5728E-01 .5694E-01 .6951E-01 .1940E-02 .7145E-01 .6951E-01 .3411E-03 .1721E-01
.2260E+04 .7419E-01 .6873E-01 .3342E-03 .5664E-01 .5630E-01 .6873E-01 .1889E-02 .7062E-01 .6873E-01 .3342E-03 .1673E-01
.2265E+04 .7352E-01 .6950E-01 .3387E-03 .5727E-01 .5693E-01 .6950E-01 .1893E-02 .7139E-01 .6950E-01 .3387E-03 .1672E-01
.2270E+04 .7323E-01 .6715E-01 .3209E-03 .5532E-01 .5500E-01 .6715E-01 .1812E-02 .6896E-01 .6715E-01 .3209E-03 .1604E-01
.2275E+04 .7269E-01 .6638E-01 .3149E-03 .5469E-01 .5438E-01 .6638E-01 .1784E-02 .6817E-01 .6638E-01 .3149E-03 .1581E-01
.2280E+04 .7147E-01 .6742E-01 .3228E-03 .5555E-01 .5523E-01 .6742E-01 .1815E-02 .6923E-01 .6742E-01 .3228E-03 .1605E-01
.2285E+04 .7108E-01 .6499E-01 .3052E-03 .5354E-01 .5323E-01 .6499E-01 .1738E-02 .6673E-01 .6499E-01 .3052E-03 .1543E-01
.2290E+04 .7069E-01 .6479E-01 .3028E-03 .5337E-01 .5307E-01 .6479E-01 .1727E-02 .6651E-01 .6479E-01 .3028E-03 .1533E-01
.2295E+04 .6914E-01 .6314E-01 .2931E-03 .5202E-01 .5172E-01 .6314E-01 .1681E-02 .6482E-01 .6314E-01 .2931E-03 .1494E-01
.2300E+04 .6923E-01 .6076E-01 .2757E-03 .5005E-01 .4977E-01 .6076E-01 .1610E-02 .6237E-01 .6076E-01 .2757E-03 .1438E-01
.2305E+04 .6902E-01 .6074E-01 .2745E-03 .5003E-01 .4976E-01 .6074E-01 .1603E-02 .6234E-01 .6074E-01 .2745E-03 .1432E-01
.2310E+04 .6848E-01 .6265E-01 .2872E-03 .5160E-01 .5132E-01 .6265E-01 .1658E-02 .6430E-01 .6265E-01 .2872E-03 .1477E-01
.2315E+04 .6764E-01 .5881E-01 .2623E-03 .4844E-01 .4818E-01 .5881E-01 .1549E-02 .6036E-01 .5881E-01 .2623E-03 .1387E-01
.2320E+04 .6675E-01 .5248E-01 .2252E-03 .4321E-01 .4299E-01 .5248E-01 .1372E-02 .5385E-01 .5248E-01 .2252E-03 .1237E-01
.2325E+04 .6538E-01 .5353E-01 .2330E-03 .4408E-01 .4385E-01 .5353E-01 .1403E-02 .5493E-01 .5353E-01 .2330E-03 .1262E-01
.2330E+04 .6565E-01 .5522E-01 .2388E-03 .4547E-01 .4523E-01 .5522E-01 .1445E-02 .5666E-01 .5522E-01 .2388E-03 .1302E-01
.2335E+04 .6513E-01 .5723E-01 .2507E-03 .4713E-01 .4688E-01 .5723E-01 .1503E-02 .5874E-01 .5723E-01 .2507E-03 .1351E-01
.2340E+04 .6491E-01 .4323E-01 .1722E-03 .3558E-01 .3541E-01 .4323E-01 .1118E-02 .4435E-01 .4323E-01 .1722E-03 .1022E-01
.2345E+04 .6465E-01 .5122E-01 .2135E-03 .4217E-01 .4195E-01 .5122E-01 .1336E-02 .5255E-01 .5122E-01 .2135E-03 .1212E-01
.2350E+04 .6355E-01 .3938E-01 .1546E-03 .3241E-01 .3226E-01 .3938E-01 .1016E-02 .4040E-01 .3938E-01 .1546E-03 .9317E-02
.2355E+04 .6224E-01 .4688E-01 .1900E-03 .3859E-01 .3840E-01 .4688E-01 .1216E-02 .4809E-01 .4688E-01 .1900E-03 .1109E-01
.2360E+04 .6250E-01 .4916E-01 .2012E-03 .4047E-01 .4027E-01 .4916E-01 .1278E-02 .5043E-01 .4916E-01 .2012E-03 .1163E-01
.2365E+04 .6234E-01 .4539E-01 .1829E-03 .3736E-01 .3718E-01 .4539E-01 .1174E-02 .4656E-01 .4539E-01 .1829E-03 .1071E-01
.2370E+04 .6161E-01 .2823E-01 .9660E-04 .2322E-01 .2312E-01 .2823E-01 .7121E-03 .2894E-01 .2823E-01 .9660E-04 .6674E-02
.2375E+04 .6093E-01 .4181E-01 .1616E-03 .3441E-01 .3425E-01 .4181E-01 .1076E-02 .4288E-01 .4181E-01 .1616E-03 .9889E-02
.2380E+04 .6059E-01 .3756E-01 .1411E-03 .3091E-01 .3077E-01 .3756E-01 .9620E-03 .3853E-01 .3756E-01 .1411E-03 .8885E-02
.2385E+04 .5860E-01 .2717E-01 .9300E-04 .2235E-01 .2226E-01 .2717E-01 .6854E-03 .2786E-01 .2717E-01 .9300E-04 .6424E-02
.2390E+04 .5910E-01 .3307E-01 .1196E-03 .2721E-01 .2709E-01 .3307E-01 .8395E-03 .3391E-01 .3307E-01 .1196E-03 .7797E-02
.2395E+04 .5888E-01 .3712E-01 .1370E-03 .3054E-01 .3041E-01 .3712E-01 .9445E-03 .3806E-01 .3712E-01 .1370E-03 .8742E-02
.2400E+04 .5851E-01 .3993E-01 .1483E-03 .3286E-01 .3271E-01 .3993E-01 .1012E-02 .4094E-01 .3993E-01 .1483E-03 .9344E-02
.2405E+04 .5817E-01 .2899E-01 .1002E-03 .2384E-01 .2374E-01 .2899E-01 .7232E-03 .2971E-01 .2899E-01 .1002E-03 .6752E-02
.2410E+04 .5773E-01 .2853E-01 .9615E-04 .2346E-01 .2337E-01 .2853E-01 .7051E-03 .2923E-01 .2853E-01 .9615E-04 .6602E-02
.2415E+04 .5600E-01 .2225E-01 .6851E-04 .1829E-01 .1822E-01 .2225E-01 .5390E-03 .2279E-01 .2225E-01 .6851E-04 .5109E-02
.2420E+04 .5626E-01 .2211E-01 .6922E-04 .1818E-01 .1811E-01 .2211E-01 .5346E-03 .2265E-01 .2211E-01 .6922E-04 .5052E-02
.2425E+04 .5606E-01 .2884E-01 .9439E-04 .2372E-01 .2362E-01 .2884E-01 .6907E-03 .2953E-01 .2884E-01 .9439E-04 .6465E-02
.2430E+04 .5584E-01 .3936E-01 .1368E-03 .3238E-01 .3225E-01 .3936E-01 .9436E-03 .4031E-01 .3936E-01 .1368E-03 .8735E-02
.2435E+04 .5519E-01 .1101E-01 .2840E-04 .9050E-02 .9022E-02 .1101E-01 .2501E-03 .1126E-01 .1101E-01 .2840E-04 .2414E-02
.2440E+04 .5505E-01 .3681E-01 .1246E-03 .3028E-01 .3015E-01 .3681E-01 .8529E-03 .3766E-01 .3681E-01 .1246E-03 .7883E-02
.2445E+04 .5433E-01 .1625E-01 .4475E-04 .1336E-01 .1331E-01 .1625E-01 .3588E-03 .1661E-01 .1625E-01 .4475E-04 .3412E-02
.2450E+04 .5341E-01 .1002E-01 .2419E-04 .8229E-02 .8205E-02 .1002E-01 .2157E-03 .1023E-01 .1002E-01 .2419E-04 .2085E-02
.2455E+04 .5300E-01 .1890E-01 .5415E-04 .1554E-01 .1548E-01 .1890E-01 .4125E-03 .1932E-01 .1890E-01 .5415E-04 .3889E-02
.2460E+04 .5314E-01 .2751E-01 .8178E-04 .2262E-01 .2253E-01 .2751E-01 .5973E-03 .2811E-01 .2751E-01 .8178E-04 .5589E-02
.2465E+04 .5302E-01 .1826E-01 .4750E-04 .1500E-01 .1495E-01 .1826E-01 .3844E-03 .1864E-01 .1826E-01 .4750E-04 .3661E-02
.2470E+04 .5220E-01 .1049E-01 .2212E-04 .8616E-02 .8594E-02 .1049E-01 .2135E-03 .1071E-01 .1049E-01 .2212E-04 .2086E-02
.2475E+04 .5210E-01 .1138E-01 .2450E-04 .9344E-02 .9319E-02 .1138E-01 .2303E-03 .1161E-01 .1138E-01 .2450E-04 .2242E-02
.2480E+04 .5103E-01 .4307E-02 .7671E-05 .3536E-02 .3528E-02 .4307E-02 .8433E-04 .4391E-02 .4307E-02 .7671E-05 .8374E-03
.2485E+04 .5068E-01 .3345E-02 .4748E-05 .2745E-02 .2740E-02 .3345E-02 .6335E-04 .3408E-02 .3345E-02 .4748E-05 .6417E-03
.2490E+04 .5082E-01 .1691E-02 .1783E-05 .1387E-02 .1385E-02 .1691E-02 .3106E-04 .1722E-02 .1691E-02 .1783E-05 .3214E-03
.2495E+04 .5053E-01 .1699E-02 .1873E-05 .1394E-02 .1392E-02 .1699E-02 .3118E-04 .1731E-02 .1699E-02 .1873E-05 .3216E-03
.2500E+04 .5037E-01 .3308E-02 .4418E-05 .2714E-02 .2710E-02 .3308E-02 .6195E-04 .3370E-02 .3308E-02 .4418E-05 .6303E-03
