Wvlgth Extraterrestrial_spectrm Direct_normal_irradiance Difuse_horizn_irradiance Global_horizn_irradiance Direct_horizn_irradiance Direct_tilted_irradiance Difuse_tilted_irradiance Global_tilted_irradiance Beam_normal_+circumsolar Difuse_horiz-circumsolar Upward_reflctd_radiation
.2800E+03 .7851E-01 .2826E-17 .7966E-18 .3244E-17 .2447E-17 .2826E-17 .7495E-18 .3575E-17 .2826E-17 .7966E-18 .9329E-19
.2805E+03 .1024E+00 .3982E-16 .1054E-16 .4503E-16 .3449E-16 .3982E-16 .9922E-17 .4974E-16 .3982E-16 .1054E-16 .1296E-17
.2810E+03 .1717E+00 .1678E-15 .4224E-16 .1876E-15 .1453E-15 .1678E-15 .3977E-16 .2076E-15 .1678E-15 .4224E-16 .5404E-17
.2815E+03 .2412E+00 .2351E-14 .5553E-15 .2591E-14 .2036E-14 .2351E-14 .5232E-15 .2874E-14 .2351E-14 .5553E-15 .7471E-16
.2820E+03 .2918E+00 .1194E-13 .2670E-14 .1301E-13 .1034E-13 .1194E-13 .2516E-14 .1446E-13 .1194E-13 .2670E-14 .3756E-15
.2825E+03 .3144E+00 .3378E-13 .7172E-14 .3642E-13 .2925E-13 .3378E-13 .6762E-14 .4054E-13 .3378E-13 .7172E-14 .1053E-14
.2830E+03 .3431E+00 .1064E-12 .2140E-13 .1135E-12 .9213E-13 .1064E-12 .2019E-13 .1266E-12 .1064E-12 .2140E-13 .3285E-14
.2835E+03 .3225E+00 .1691E-12 .3235E-13 .1788E-12 .1465E-12 .1691E-12 .3054E-13 .1996E-12 .1691E-12 .3235E-13 .5181E-14
.2840E+03 .3213E+00 .1832E-11 .7561E-12 .2342E-11 .1586E-11 .1832E-11 .7101E-12 .2542E-11 .1832E-11 .7561E-12 .7011E-13
.2845E+03 .2516E+00 .4416E-11 .1936E-11 .5760E-11 .3824E-11 .4416E-11 .1818E-11 .6234E-11 .4416E-11 .1936E-11 .1734E-12
.2850E+03 .1186E+00 .6882E-11 .3265E-11 .9226E-11 .5960E-11 .6882E-11 .3065E-11 .9948E-11 .6882E-11 .3265E-11 .2795E-12
.2855E+03 .1378E+00 .3256E-10 .1745E-10 .4564E-10 .2820E-10 .3256E-10 .1637E-10 .4893E-10 .3256E-10 .1745E-10 .1395E-11
.2860E+03 .3008E+00 .1271E-09 .6988E-10 .1799E-09 .1101E-09 .1271E-09 .6557E-10 .1927E-09 .1271E-09 .6988E-10 .5522E-11
.2865E+03 .3583E+00 .4854E-09 .3024E-09 .7228E-09 .4204E-09 .4854E-09 .2836E-09 .7691E-09 .4854E-09 .3024E-09 .2238E-10
.2870E+03 .3780E+00 .1218E-08 .8382E-09 .1893E-08 .1055E-08 .1218E-08 .7860E-09 .2004E-08 .1218E-08 .8382E-09 .5908E-10
.2875E+03 .3784E+00 .3754E-08 .1676E-08 .4927E-08 .3251E-08 .3754E-08 .1574E-08 .5328E-08 .3754E-08 .1676E-08 .1510E-09
.2880E+03 .2506E+00 .1030E-07 .5035E-08 .1395E-07 .8916E-08 .1030E-07 .4727E-08 .1502E-07 .1030E-07 .5035E-08 .4307E-09
.2885E+03 .3590E+00 .3177E-07 .1595E-07 .4347E-07 .2752E-07 .3177E-07 .1497E-07 .4675E-07 .3177E-07 .1595E-07 .1347E-08
.2890E+03 .4204E+00 .8117E-07 .4213E-07 .1124E-06 .7030E-07 .8117E-07 .3954E-07 .1207E-06 .8117E-07 .4213E-07 .3500E-08
.2895E+03 .4914E+00 .2249E-06 .1232E-06 .3179E-06 .1947E-06 .2249E-06 .1156E-06 .3404E-06 .2249E-06 .1232E-06 .9951E-08
.2900E+03 .6181E+00 .5701E-06 .3241E-06 .8178E-06 .4937E-06 .5701E-06 .3041E-06 .8742E-06 .5701E-06 .3241E-06 .2571E-07
.2905E+03 .6463E+00 .1078E-05 .6281E-06 .1562E-05 .9339E-06 .1078E-05 .5894E-06 .1668E-05 .1078E-05 .6281E-06 .4931E-07
.2910E+03 .6101E+00 .2069E-05 .1116E-05 .2907E-05 .1792E-05 .2069E-05 .1047E-05 .3116E-05 .2069E-05 .1116E-05 .9171E-07
.2915E+03 .6024E+00 .4997E-05 .2703E-05 .7031E-05 .4328E-05 .4997E-05 .2537E-05 .7534E-05 .4997E-05 .2703E-05 .2224E-06
.2920E+03 .5732E+00 .9882E-05 .5258E-05 .1382E-04 .8558E-05 .9882E-05 .4936E-05 .1482E-04 .9882E-05 .5258E-05 .4379E-06
.2925E+03 .4968E+00 .1302E-04 .6533E-05 .1780E-04 .1127E-04 .1302E-04 .6134E-05 .1915E-04 .1302E-04 .6533E-05 .5644E-06
.2930E+03 .5676E+00 .2521E-04 .1201E-04 .3384E-04 .2183E-04 .2521E-04 .1128E-04 .3649E-04 .2521E-04 .1201E-04 .1073E-05
.2935E+03 .5764E+00 .5249E-04 .2419E-04 .6965E-04 .4546E-04 .5249E-04 .2272E-04 .7521E-04 .5249E-04 .2419E-04 .2211E-05
.2940E+03 .5042E+00 .7521E-04 .3208E-04 .9721E-04 .6513E-04 .7521E-04 .3014E-04 .1053E-03 .7521E-04 .3208E-04 .3084E-05
.2945E+03 .5438E+00 .1175E-03 .7116E-04 .1729E-03 .1017E-03 .1175E-03 .6678E-04 .1842E-03 .1175E-03 .7116E-04 .5591E-05
.2950E+03 .5163E+00 .1769E-03 .7782E-04 .2310E-03 .1532E-03 .1769E-03 .7310E-04 .2500E-03 .1769E-03 .7782E-04 .7379E-05
.2955E+03 .5825E+00 .3525E-03 .1656E-03 .4709E-03 .3053E-03 .3525E-03 .1555E-03 .5081E-03 .3525E-03 .1656E-03 .1513E-04
.2960E+03 .6214E+00 .5589E-03 .2748E-03 .7588E-03 .4840E-03 .5589E-03 .2581E-03 .8170E-03 .5589E-03 .2748E-03 .2449E-04
.2965E+03 .4929E+00 .6448E-03 .3319E-03 .8903E-03 .5584E-03 .6448E-03 .3116E-03 .9564E-03 .6448E-03 .3319E-03 .2888E-04
.2970E+03 .4244E+00 .7460E-03 .3980E-03 .1044E-02 .6460E-03 .7460E-03 .3736E-03 .1120E-02 .7460E-03 .3980E-03 .3401E-04
.2975E+03 .5980E+00 .1588E-02 .8977E-03 .2273E-02 .1375E-02 .1588E-02 .8426E-03 .2431E-02 .1588E-02 .8977E-03 .7446E-04
.2980E+03 .5581E+00 .2072E-02 .1229E-02 .3023E-02 .1794E-02 .2072E-02 .1153E-02 .3225E-02 .2072E-02 .1229E-02 .9953E-04
.2985E+03 .3790E+00 .1807E-02 .1110E-02 .2675E-02 .1565E-02 .1807E-02 .1042E-02 .2849E-02 .1807E-02 .1110E-02 .8847E-04
.2990E+03 .5771E+00 .3471E-02 .2207E-02 .5213E-02 .3006E-02 .3471E-02 .2071E-02 .5542E-02 .3471E-02 .2207E-02 .1731E-03
.2995E+03 .5217E+00 .4520E-02 .3062E-02 .6977E-02 .3915E-02 .4520E-02 .2873E-02 .7393E-02 .4520E-02 .3062E-02 .2331E-03
.3000E+03 .4169E+00 .4475E-02 .3139E-02 .7015E-02 .3875E-02 .4475E-02 .2945E-02 .7420E-02 .4475E-02 .3139E-02 .2353E-03
.3005E+03 .4394E+00 .5689E-02 .4119E-02 .9046E-02 .4927E-02 .5689E-02 .3864E-02 .9554E-02 .5689E-02 .4119E-02 .3088E-03
.3010E+03 .4942E+00 .8397E-02 .6355E-02 .1363E-01 .7272E-02 .8397E-02 .5961E-02 .1436E-01 .8397E-02 .6355E-02 .4735E-03
.3015E+03 .5298E+00 .1125E-01 .8357E-02 .1810E-01 .9740E-02 .1125E-01 .7841E-02 .1909E-01 .1125E-01 .8357E-02 .6379E-03
.3020E+03 .3745E+00 .8875E-02 .6503E-02 .1419E-01 .7686E-02 .8875E-02 .6102E-02 .1498E-01 .8875E-02 .6503E-02 .5074E-03
.3025E+03 .5441E+00 .1559E-01 .1123E-01 .2473E-01 .1350E-01 .1559E-01 .1054E-01 .2613E-01 .1559E-01 .1123E-01 .8854E-03
.3030E+03 .6771E+00 .2445E-01 .1757E-01 .3875E-01 .2118E-01 .2445E-01 .1649E-01 .4094E-01 .2445E-01 .1757E-01 .1390E-02
.3035E+03 .6891E+00 .2845E-01 .2040E-01 .4503E-01 .2464E-01 .2845E-01 .1914E-01 .4759E-01 .2845E-01 .2040E-01 .1618E-02
.3040E+03 .5775E+00 .2552E-01 .1818E-01 .4028E-01 .2210E-01 .2552E-01 .1706E-01 .4258E-01 .2552E-01 .1818E-01 .1450E-02
.3045E+03 .6485E+00 .3340E-01 .2382E-01 .5274E-01 .2893E-01 .3340E-01 .2235E-01 .5575E-01 .3340E-01 .2382E-01 .1900E-02
.3050E+03 .6733E+00 .4228E-01 .3032E-01 .6693E-01 .3661E-01 .4228E-01 .2845E-01 .7073E-01 .4228E-01 .3032E-01 .2413E-02
.3055E+03 .6128E+00 .4346E-01 .3119E-01 .6882E-01 .3763E-01 .4346E-01 .2927E-01 .7272E-01 .4346E-01 .3119E-01 .2482E-02
.3060E+03 .5426E+00 .4051E-01 .2892E-01 .6400E-01 .3508E-01 .4051E-01 .2714E-01 .6765E-01 .4051E-01 .2892E-01 .2309E-02
.3065E+03 .5861E+00 .4722E-01 .3362E-01 .7451E-01 .4089E-01 .4722E-01 .3155E-01 .7877E-01 .4722E-01 .3362E-01 .2693E-02
.3070E+03 .6446E+00 .6030E-01 .4318E-01 .9540E-01 .5222E-01 .6030E-01 .4052E-01 .1008E+00 .6030E-01 .4318E-01 .3456E-02
.3075E+03 .6519E+00 .6982E-01 .5668E-01 .1171E+00 .6046E-01 .6982E-01 .5318E-01 .1230E+00 .6982E-01 .5668E-01 .4279E-02
.3080E+03 .6567E+00 .7249E-01 .5813E-01 .1209E+00 .6278E-01 .7249E-01 .5454E-01 .1270E+00 .7249E-01 .5813E-01 .4423E-02
.3085E+03 .6806E+00 .8027E-01 .6322E-01 .1327E+00 .6952E-01 .8027E-01 .5931E-01 .1396E+00 .8027E-01 .6322E-01 .4854E-02
.3090E+03 .5623E+00 .6990E-01 .5422E-01 .1148E+00 .6054E-01 .6990E-01 .5088E-01 .1208E+00 .6990E-01 .5422E-01 .4196E-02
.3095E+03 .5136E+00 .7333E-01 .5550E-01 .1190E+00 .6351E-01 .7333E-01 .5208E-01 .1254E+00 .7333E-01 .5550E-01 .4349E-02
.3100E+03 .4651E+00 .7090E-01 .5286E-01 .1143E+00 .6140E-01 .7090E-01 .4960E-01 .1205E+00 .7090E-01 .5286E-01 .4175E-02
.3105E+03 .7149E+00 .1130E+00 .8326E-01 .1811E+00 .9785E-01 .1130E+00 .7814E-01 .1911E+00 .1130E+00 .8326E-01 .6623E-02
.3110E+03 .8241E+00 .1373E+00 .9993E-01 .2188E+00 .1189E+00 .1373E+00 .9378E-01 .2311E+00 .1373E+00 .9993E-01 .8007E-02
.3115E+03 .7648E+00 .1310E+00 .9436E-01 .2078E+00 .1134E+00 .1310E+00 .8855E-01 .2195E+00 .1310E+00 .9436E-01 .7609E-02
.3120E+03 .6421E+00 .1215E+00 .8624E-01 .1914E+00 .1052E+00 .1215E+00 .8094E-01 .2024E+00 .1215E+00 .8624E-01 .7014E-02
.3125E+03 .6970E+00 .1408E+00 .9884E-01 .2208E+00 .1219E+00 .1408E+00 .9277E-01 .2336E+00 .1408E+00 .9884E-01 .8102E-02
.3130E+03 .7115E+00 .1492E+00 .1037E+00 .2330E+00 .1292E+00 .1492E+00 .9737E-01 .2466E+00 .1492E+00 .1037E+00 .8563E-02
.3135E+03 .7257E+00 .1493E+00 .1029E+00 .2322E+00 .1293E+00 .1493E+00 .9663E-01 .2459E+00 .1493E+00 .1029E+00 .8549E-02
.3140E+03 .7936E+00 .1755E+00 .1198E+00 .2718E+00 .1520E+00 .1755E+00 .1124E+00 .2880E+00 .1755E+00 .1198E+00 .1002E-01
.3145E+03 .5931E+00 .1435E+00 .9707E-01 .2214E+00 .1243E+00 .1435E+00 .9112E-01 .2347E+00 .1435E+00 .9707E-01 .8169E-02
.3150E+03 .7541E+00 .1866E+00 .1252E+00 .2868E+00 .1616E+00 .1866E+00 .1175E+00 .3042E+00 .1866E+00 .1252E+00 .1059E-01
.3155E+03 .6804E+00 .1633E+00 .1086E+00 .2499E+00 .1414E+00 .1633E+00 .1019E+00 .2652E+00 .1633E+00 .1086E+00 .9240E-02
.3160E+03 .5183E+00 .1335E+00 .8811E-01 .2037E+00 .1156E+00 .1335E+00 .8272E-01 .2162E+00 .1335E+00 .8811E-01 .7539E-02
.3165E+03 .6632E+00 .1813E+00 .1189E+00 .2759E+00 .1570E+00 .1813E+00 .1116E+00 .2929E+00 .1813E+00 .1189E+00 .1034E-01
.3170E+03 .8229E+00 .2261E+00 .1470E+00 .3428E+00 .1958E+00 .2261E+00 .1380E+00 .3641E+00 .2261E+00 .1470E+00 .1302E-01
.3175E+03 .8804E+00 .2400E+00 .1547E+00 .3626E+00 .2079E+00 .2400E+00 .1453E+00 .3853E+00 .2400E+00 .1547E+00 .1395E-01
.3180E+03 .6346E+00 .1803E+00 .1155E+00 .2717E+00 .1561E+00 .1803E+00 .1085E+00 .2888E+00 .1803E+00 .1155E+00 .1059E-01
.3185E+03 .6824E+00 .2079E+00 .1328E+00 .3128E+00 .1800E+00 .2079E+00 .1247E+00 .3326E+00 .2079E+00 .1328E+00 .1237E-01
.3190E+03 .7535E+00 .2381E+00 .1513E+00 .3575E+00 .2062E+00 .2381E+00 .1422E+00 .3803E+00 .2381E+00 .1513E+00 .1434E-01
.3195E+03 .6833E+00 .2071E+00 .1301E+00 .3095E+00 .1794E+00 .2071E+00 .1222E+00 .3293E+00 .2071E+00 .1301E+00 .1259E-01
.3200E+03 .8369E+00 .2532E+00 .1577E+00 .3770E+00 .2193E+00 .2532E+00 .1482E+00 .4014E+00 .2532E+00 .1577E+00 .1555E-01
.3205E+03 .9082E+00 .2937E+00 .1825E+00 .4369E+00 .2544E+00 .2937E+00 .1715E+00 .4653E+00 .2937E+00 .1825E+00 .1823E-01
.3210E+03 .7156E+00 .2447E+00 .1522E+00 .3641E+00 .2119E+00 .2447E+00 .1430E+00 .3877E+00 .2447E+00 .1522E+00 .1538E-01
.3215E+03 .6753E+00 .2337E+00 .1445E+00 .3469E+00 .2024E+00 .2337E+00 .1359E+00 .3695E+00 .2337E+00 .1445E+00 .1482E-01
.3220E+03 .8151E+00 .2691E+00 .1635E+00 .3965E+00 .2331E+00 .2691E+00 .1537E+00 .4228E+00 .2691E+00 .1635E+00 .1713E-01
.3225E+03 .7018E+00 .2337E+00 .1409E+00 .3433E+00 .2023E+00 .2337E+00 .1325E+00 .3662E+00 .2337E+00 .1409E+00 .1502E-01
.3230E+03 .6403E+00 .2221E+00 .1336E+00 .3259E+00 .1923E+00 .2221E+00 .1256E+00 .3477E+00 .2221E+00 .1336E+00 .1444E-01
.3235E+03 .6833E+00 .2521E+00 .1618E+00 .3801E+00 .2183E+00 .2521E+00 .1521E+00 .4042E+00 .2521E+00 .1618E+00 .1712E-01
.3240E+03 .7817E+00 .2923E+00 .1868E+00 .4400E+00 .2532E+00 .2923E+00 .1757E+00 .4680E+00 .2923E+00 .1868E+00 .2007E-01
.3245E+03 .8269E+00 .3048E+00 .1920E+00 .4560E+00 .2640E+00 .3048E+00 .1806E+00 .4855E+00 .3048E+00 .1920E+00 .2101E-01
.3250E+03 .7845E+00 .2800E+00 .1639E+00 .4064E+00 .2425E+00 .2800E+00 .1542E+00 .4342E+00 .2800E+00 .1639E+00 .1886E-01
.3255E+03 .9417E+00 .3469E+00 .2145E+00 .5149E+00 .3004E+00 .3469E+00 .2018E+00 .5487E+00 .3469E+00 .2145E+00 .2422E-01
.3260E+03 .1053E+01 .4042E+00 .2511E+00 .6012E+00 .3501E+00 .4042E+00 .2362E+00 .6405E+00 .4042E+00 .2511E+00 .2859E-01
.3265E+03 .9975E+00 .3938E+00 .2450E+00 .5861E+00 .3411E+00 .3938E+00 .2305E+00 .6244E+00 .3938E+00 .2450E+00 .2820E-01
.3270E+03 .1010E+01 .3980E+00 .2451E+00 .5897E+00 .3446E+00 .3980E+00 .2306E+00 .6286E+00 .3980E+00 .2451E+00 .2868E-01
.3275E+03 .9966E+00 .3908E+00 .2380E+00 .5764E+00 .3384E+00 .3908E+00 .2240E+00 .6148E+00 .3908E+00 .2380E+00 .2834E-01
.3280E+03 .9535E+00 .3633E+00 .2172E+00 .5318E+00 .3147E+00 .3633E+00 .2044E+00 .5678E+00 .3633E+00 .2172E+00 .2641E-01
.3285E+03 .9138E+00 .3642E+00 .2191E+00 .5345E+00 .3154E+00 .3642E+00 .2063E+00 .5704E+00 .3642E+00 .2191E+00 .2683E-01
.3290E+03 .1025E+01 .4211E+00 .2542E+00 .6189E+00 .3647E+00 .4211E+00 .2393E+00 .6604E+00 .4211E+00 .2542E+00 .3140E-01
.3295E+03 .1140E+01 .4739E+00 .2849E+00 .6954E+00 .4104E+00 .4739E+00 .2683E+00 .7422E+00 .4739E+00 .2849E+00 .3564E-01
.3300E+03 .1163E+01 .4835E+00 .2879E+00 .7066E+00 .4187E+00 .4835E+00 .2711E+00 .7546E+00 .4835E+00 .2879E+00 .3657E-01
.3305E+03 .9731E+00 .3990E+00 .2340E+00 .5795E+00 .3455E+00 .3990E+00 .2204E+00 .6193E+00 .3990E+00 .2340E+00 .3028E-01
.3310E+03 .1006E+01 .4113E+00 .2389E+00 .5951E+00 .3562E+00 .4113E+00 .2250E+00 .6364E+00 .4113E+00 .2389E+00 .3139E-01
.3315E+03 .9821E+00 .4100E+00 .2379E+00 .5930E+00 .3551E+00 .4100E+00 .2241E+00 .6341E+00 .4100E+00 .2379E+00 .3159E-01
.3320E+03 .1007E+01 .4308E+00 .2505E+00 .6235E+00 .3731E+00 .4308E+00 .2360E+00 .6668E+00 .4308E+00 .2505E+00 .3354E-01
.3325E+03 .9727E+00 .4215E+00 .2443E+00 .6094E+00 .3650E+00 .4215E+00 .2302E+00 .6518E+00 .4215E+00 .2443E+00 .3311E-01
.3330E+03 .9796E+00 .4245E+00 .2438E+00 .6115E+00 .3677E+00 .4245E+00 .2298E+00 .6543E+00 .4245E+00 .2438E+00 .3355E-01
.3335E+03 .9170E+00 .3937E+00 .2230E+00 .5640E+00 .3410E+00 .3937E+00 .2102E+00 .6039E+00 .3937E+00 .2230E+00 .3123E-01
.3340E+03 .9423E+00 .4055E+00 .2278E+00 .5790E+00 .3511E+00 .4055E+00 .2148E+00 .6202E+00 .4055E+00 .2278E+00 .3237E-01
.3345E+03 .1041E+01 .4572E+00 .2571E+00 .6530E+00 .3959E+00 .4572E+00 .2424E+00 .6995E+00 .4572E+00 .2571E+00 .3685E-01
.3350E+03 .9543E+00 .4245E+00 .2381E+00 .6057E+00 .3677E+00 .4245E+00 .2245E+00 .6490E+00 .4245E+00 .2381E+00 .3449E-01
.3355E+03 .1073E+01 .4813E+00 .2867E+00 .7035E+00 .4169E+00 .4813E+00 .2703E+00 .7516E+00 .4813E+00 .2867E+00 .4055E-01
.3360E+03 .7401E+00 .3336E+00 .1975E+00 .4864E+00 .2889E+00 .3336E+00 .1862E+00 .5198E+00 .3336E+00 .1975E+00 .2828E-01
.3365E+03 .9055E+00 .4070E+00 .2232E+00 .5757E+00 .3525E+00 .4070E+00 .2106E+00 .6176E+00 .4070E+00 .2232E+00 .3363E-01
.3370E+03 .7531E+00 .3380E+00 .1836E+00 .4763E+00 .2927E+00 .3380E+00 .1732E+00 .5112E+00 .3380E+00 .1836E+00 .2805E-01
.3375E+03 .9398E+00 .4227E+00 .2278E+00 .5939E+00 .3661E+00 .4227E+00 .2149E+00 .6377E+00 .4227E+00 .2278E+00 .3526E-01
.3380E+03 .8870E+00 .4053E+00 .2182E+00 .5692E+00 .3510E+00 .4053E+00 .2059E+00 .6112E+00 .4053E+00 .2182E+00 .3408E-01
.3385E+03 .9911E+00 .4565E+00 .2576E+00 .6530E+00 .3953E+00 .4565E+00 .2431E+00 .6996E+00 .4565E+00 .2576E+00 .3956E-01
.3390E+03 .9814E+00 .4547E+00 .2522E+00 .6460E+00 .3938E+00 .4547E+00 .2380E+00 .6927E+00 .4547E+00 .2522E+00 .3947E-01
.3395E+03 .9386E+00 .4366E+00 .2427E+00 .6208E+00 .3781E+00 .4366E+00 .2290E+00 .6657E+00 .4366E+00 .2427E+00 .3829E-01
.3400E+03 .1134E+01 .5270E+00 .2763E+00 .7327E+00 .4564E+00 .5270E+00 .2609E+00 .7880E+00 .5270E+00 .2763E+00 .4549E-01
.3405E+03 .1017E+01 .4750E+00 .2699E+00 .6813E+00 .4114E+00 .4750E+00 .2547E+00 .7298E+00 .4750E+00 .2699E+00 .4281E-01
.3410E+03 .9646E+00 .4549E+00 .2463E+00 .6402E+00 .3939E+00 .4549E+00 .2326E+00 .6874E+00 .4549E+00 .2463E+00 .4047E-01
.3415E+03 .8886E+00 .4216E+00 .2226E+00 .5878E+00 .3651E+00 .4216E+00 .2103E+00 .6319E+00 .4216E+00 .2226E+00 .3742E-01
.3420E+03 .1061E+01 .5055E+00 .2641E+00 .7018E+00 .4377E+00 .5055E+00 .2495E+00 .7550E+00 .5055E+00 .2641E+00 .4503E-01
.3425E+03 .9910E+00 .4746E+00 .2455E+00 .6565E+00 .4110E+00 .4746E+00 .2320E+00 .7066E+00 .4746E+00 .2455E+00 .4244E-01
.3430E+03 .1085E+01 .5210E+00 .2704E+00 .7216E+00 .4512E+00 .5210E+00 .2555E+00 .7766E+00 .5210E+00 .2704E+00 .4703E-01
.3435E+03 .1018E+01 .4901E+00 .2545E+00 .6789E+00 .4245E+00 .4901E+00 .2405E+00 .7306E+00 .4901E+00 .2545E+00 .4461E-01
.3440E+03 .7669E+00 .3687E+00 .1988E+00 .5181E+00 .3193E+00 .3687E+00 .1879E+00 .5566E+00 .3687E+00 .1988E+00 .3437E-01
.3445E+03 .7520E+00 .3645E+00 .1899E+00 .5055E+00 .3156E+00 .3645E+00 .1795E+00 .5439E+00 .3645E+00 .1899E+00 .3374E-01
.3450E+03 .9988E+00 .4877E+00 .2467E+00 .6691E+00 .4223E+00 .4877E+00 .2333E+00 .7210E+00 .4877E+00 .2467E+00 .4495E-01
.3455E+03 .1019E+01 .5001E+00 .2496E+00 .6827E+00 .4331E+00 .5001E+00 .2361E+00 .7361E+00 .5001E+00 .2496E+00 .4619E-01
.3460E+03 .8646E+00 .4264E+00 .2105E+00 .5797E+00 .3692E+00 .4264E+00 .1991E+00 .6255E+00 .4264E+00 .2105E+00 .3951E-01
.3465E+03 .9772E+00 .4840E+00 .2368E+00 .6559E+00 .4192E+00 .4840E+00 .2240E+00 .7080E+00 .4840E+00 .2368E+00 .4504E-01
.3470E+03 .1045E+01 .5190E+00 .2540E+00 .7035E+00 .4494E+00 .5190E+00 .2404E+00 .7594E+00 .5190E+00 .2540E+00 .4869E-01
.3475E+03 .8420E+00 .4198E+00 .2048E+00 .5683E+00 .3635E+00 .4198E+00 .1938E+00 .6136E+00 .4198E+00 .2048E+00 .3964E-01
.3480E+03 .9603E+00 .4810E+00 .2311E+00 .6477E+00 .4166E+00 .4810E+00 .2187E+00 .6998E+00 .4810E+00 .2311E+00 .4549E-01
.3485E+03 .9597E+00 .4825E+00 .2292E+00 .6471E+00 .4179E+00 .4825E+00 .2170E+00 .6995E+00 .4825E+00 .2292E+00 .4578E-01
.3490E+03 .8882E+00 .4485E+00 .2114E+00 .5998E+00 .3884E+00 .4485E+00 .2002E+00 .6487E+00 .4485E+00 .2114E+00 .4274E-01
.3495E+03 .8766E+00 .4444E+00 .2085E+00 .5934E+00 .3849E+00 .4444E+00 .1975E+00 .6419E+00 .4444E+00 .2085E+00 .4260E-01
.3500E+03 .1082E+01 .5506E+00 .2565E+00 .7333E+00 .4768E+00 .5506E+00 .2430E+00 .7936E+00 .5506E+00 .2565E+00 .5303E-01
.3505E+03 .1139E+01 .5816E+00 .2693E+00 .7729E+00 .5036E+00 .5816E+00 .2551E+00 .8367E+00 .5816E+00 .2693E+00 .5626E-01
.3510E+03 .1015E+01 .5196E+00 .2399E+00 .6899E+00 .4500E+00 .5196E+00 .2273E+00 .7470E+00 .5196E+00 .2399E+00 .5055E-01
.3515E+03 .9814E+00 .5037E+00 .2339E+00 .6701E+00 .4362E+00 .5037E+00 .2216E+00 .7253E+00 .5037E+00 .2339E+00 .4944E-01
.3520E+03 .1054E+01 .5433E+00 .2488E+00 .7194E+00 .4706E+00 .5433E+00 .2359E+00 .7792E+00 .5433E+00 .2488E+00 .5340E-01
.3525E+03 .8215E+00 .4253E+00 .1926E+00 .5610E+00 .3684E+00 .4253E+00 .1826E+00 .6080E+00 .4253E+00 .1926E+00 .4193E-01
.3530E+03 .1033E+01 .5368E+00 .2410E+00 .7059E+00 .4649E+00 .5368E+00 .2285E+00 .7654E+00 .5368E+00 .2410E+00 .5312E-01
.3535E+03 .1103E+01 .5749E+00 .2560E+00 .7539E+00 .4979E+00 .5749E+00 .2428E+00 .8177E+00 .5749E+00 .2560E+00 .5712E-01
.3540E+03 .1144E+01 .5978E+00 .2641E+00 .7818E+00 .5177E+00 .5978E+00 .2505E+00 .8483E+00 .5978E+00 .2641E+00 .5964E-01
.3545E+03 .1159E+01 .6075E+00 .2668E+00 .7929E+00 .5261E+00 .6075E+00 .2531E+00 .8606E+00 .6075E+00 .2668E+00 .6088E-01
.3550E+03 .1153E+01 .6065E+00 .2651E+00 .7903E+00 .5252E+00 .6065E+00 .2515E+00 .8580E+00 .6065E+00 .2651E+00 .6108E-01
.3555E+03 .1039E+01 .5489E+00 .2384E+00 .7138E+00 .4754E+00 .5489E+00 .2263E+00 .7752E+00 .5489E+00 .2384E+00 .5551E-01
.3560E+03 .1085E+01 .5755E+00 .2484E+00 .7467E+00 .4984E+00 .5755E+00 .2358E+00 .8112E+00 .5755E+00 .2484E+00 .5845E-01
.3565E+03 .9252E+00 .4923E+00 .2112E+00 .6375E+00 .4263E+00 .4923E+00 .2005E+00 .6927E+00 .4923E+00 .2112E+00 .5021E-01
.3570E+03 .7640E+00 .4075E+00 .1738E+00 .5267E+00 .3529E+00 .4075E+00 .1650E+00 .5725E+00 .4075E+00 .1738E+00 .4175E-01
.3575E+03 .9344E+00 .4999E+00 .2118E+00 .6447E+00 .4329E+00 .4999E+00 .2011E+00 .7010E+00 .4999E+00 .2118E+00 .5142E-01
.3580E+03 .7396E+00 .3969E+00 .1671E+00 .5108E+00 .3437E+00 .3969E+00 .1587E+00 .5556E+00 .3969E+00 .1671E+00 .4099E-01
.3585E+03 .6313E+00 .3398E+00 .1422E+00 .4365E+00 .2943E+00 .3398E+00 .1351E+00 .4749E+00 .3398E+00 .1422E+00 .3524E-01
.3590E+03 .8821E+00 .4762E+00 .1981E+00 .6105E+00 .4124E+00 .4762E+00 .1883E+00 .6644E+00 .4762E+00 .1981E+00 .4960E-01
.3595E+03 .1123E+01 .6076E+00 .2518E+00 .7780E+00 .5262E+00 .6076E+00 .2393E+00 .8469E+00 .6076E+00 .2518E+00 .6360E-01
.3600E+03 .1189E+01 .6452E+00 .2657E+00 .8244E+00 .5588E+00 .6452E+00 .2525E+00 .8978E+00 .6452E+00 .2657E+00 .6780E-01
.3605E+03 .9490E+00 .5166E+00 .2113E+00 .6587E+00 .4474E+00 .5166E+00 .2009E+00 .7175E+00 .5166E+00 .2113E+00 .5451E-01
.3610E+03 .8633E+00 .4715E+00 .1916E+00 .5999E+00 .4083E+00 .4715E+00 .1822E+00 .6537E+00 .4715E+00 .1916E+00 .4996E-01
.3615E+03 .9904E+00 .5431E+00 .2195E+00 .6898E+00 .4703E+00 .5431E+00 .2087E+00 .7518E+00 .5431E+00 .2195E+00 .5780E-01
.3620E+03 .8532E+00 .4698E+00 .1888E+00 .5956E+00 .4068E+00 .4698E+00 .1796E+00 .6494E+00 .4698E+00 .1888E+00 .5022E-01
.3625E+03 .1177E+01 .6504E+00 .2600E+00 .8232E+00 .5632E+00 .6504E+00 .2474E+00 .8977E+00 .6504E+00 .2600E+00 .6981E-01
.3630E+03 .1054E+01 .5844E+00 .2324E+00 .7385E+00 .5061E+00 .5844E+00 .2211E+00 .8056E+00 .5844E+00 .2324E+00 .6299E-01
.3635E+03 .9678E+00 .5387E+00 .2130E+00 .6795E+00 .4665E+00 .5387E+00 .2028E+00 .7414E+00 .5387E+00 .2130E+00 .5830E-01
.3640E+03 .1181E+01 .6593E+00 .2593E+00 .8303E+00 .5710E+00 .6593E+00 .2469E+00 .9062E+00 .6593E+00 .2593E+00 .7164E-01
.3645E+03 .1008E+01 .5642E+00 .2206E+00 .7092E+00 .4886E+00 .5642E+00 .2101E+00 .7743E+00 .5642E+00 .2206E+00 .6155E-01
.3650E+03 .1025E+01 .5752E+00 .2237E+00 .7219E+00 .4982E+00 .5752E+00 .2131E+00 .7883E+00 .5752E+00 .2237E+00 .6301E-01
.3655E+03 .1284E+01 .7228E+00 .2795E+00 .9055E+00 .6259E+00 .7228E+00 .2663E+00 .9891E+00 .7228E+00 .2795E+00 .7948E-01
.3660E+03 .1357E+01 .7665E+00 .2948E+00 .9586E+00 .6638E+00 .7665E+00 .2809E+00 .1047E+01 .7665E+00 .2948E+00 .8462E-01
.3665E+03 .1272E+01 .7207E+00 .2757E+00 .8999E+00 .6242E+00 .7207E+00 .2628E+00 .9835E+00 .7207E+00 .2757E+00 .7990E-01
.3670E+03 .1237E+01 .7026E+00 .2673E+00 .8758E+00 .6085E+00 .7026E+00 .2548E+00 .9574E+00 .7026E+00 .2673E+00 .7821E-01
.3675E+03 .1282E+01 .7298E+00 .2760E+00 .9081E+00 .6321E+00 .7298E+00 .2632E+00 .9930E+00 .7298E+00 .2760E+00 .8157E-01
.3680E+03 .1120E+01 .6392E+00 .2404E+00 .7939E+00 .5535E+00 .6392E+00 .2292E+00 .8684E+00 .6392E+00 .2404E+00 .7172E-01
.3685E+03 .1128E+01 .6458E+00 .2416E+00 .8009E+00 .5592E+00 .6458E+00 .2305E+00 .8762E+00 .6458E+00 .2416E+00 .7275E-01
.3690E+03 .1216E+01 .6983E+00 .2599E+00 .8647E+00 .6047E+00 .6983E+00 .2480E+00 .9463E+00 .6983E+00 .2599E+00 .7897E-01
.3695E+03 .1294E+01 .7454E+00 .2760E+00 .9215E+00 .6455E+00 .7454E+00 .2633E+00 .1009E+01 .7454E+00 .2760E+00 .8461E-01
.3700E+03 .1377E+01 .7957E+00 .2931E+00 .9822E+00 .6891E+00 .7957E+00 .2797E+00 .1075E+01 .7957E+00 .2931E+00 .9067E-01
.3705E+03 .1067E+01 .6183E+00 .2265E+00 .7620E+00 .5355E+00 .6183E+00 .2162E+00 .8345E+00 .6183E+00 .2265E+00 .7072E-01
.3710E+03 .1138E+01 .6614E+00 .2410E+00 .8139E+00 .5728E+00 .6614E+00 .2301E+00 .8916E+00 .6614E+00 .2410E+00 .7593E-01
.3715E+03 .1422E+01 .8286E+00 .3003E+00 .1018E+01 .7176E+00 .8286E+00 .2868E+00 .1115E+01 .8286E+00 .3003E+00 .9547E-01
.3720E+03 .9428E+00 .5506E+00 .1985E+00 .6753E+00 .4769E+00 .5506E+00 .1896E+00 .7402E+00 .5506E+00 .1985E+00 .6368E-01
.3725E+03 .1129E+01 .6610E+00 .2370E+00 .8094E+00 .5724E+00 .6610E+00 .2264E+00 .8874E+00 .6610E+00 .2370E+00 .7674E-01
.3730E+03 .1146E+01 .6730E+00 .2401E+00 .8229E+00 .5828E+00 .6730E+00 .2294E+00 .9024E+00 .6730E+00 .2401E+00 .7844E-01
.3735E+03 .7441E+00 .4383E+00 .1556E+00 .5351E+00 .3796E+00 .4383E+00 .1487E+00 .5870E+00 .4383E+00 .1556E+00 .5129E-01
.3740E+03 .1080E+01 .6376E+00 .2251E+00 .7773E+00 .5522E+00 .6376E+00 .2152E+00 .8528E+00 .6376E+00 .2251E+00 .7490E-01
.3745E+03 .8925E+00 .5285E+00 .1857E+00 .6434E+00 .4577E+00 .5285E+00 .1775E+00 .7061E+00 .5285E+00 .1857E+00 .6231E-01
.3750E+03 .8666E+00 .5144E+00 .1797E+00 .6252E+00 .4455E+00 .5144E+00 .1719E+00 .6863E+00 .5144E+00 .1797E+00 .6086E-01
.3755E+03 .1293E+01 .7690E+00 .2672E+00 .9332E+00 .6660E+00 .7690E+00 .2556E+00 .1025E+01 .7690E+00 .2672E+00 .9130E-01
.3760E+03 .1071E+01 .6383E+00 .2206E+00 .7734E+00 .5528E+00 .6383E+00 .2111E+00 .8494E+00 .6383E+00 .2206E+00 .7604E-01
.3765E+03 .1109E+01 .6623E+00 .2277E+00 .8013E+00 .5736E+00 .6623E+00 .2179E+00 .8803E+00 .6623E+00 .2277E+00 .7918E-01
.3770E+03 .1172E+01 .7020E+00 .2401E+00 .8480E+00 .6079E+00 .7020E+00 .2298E+00 .9318E+00 .7020E+00 .2401E+00 .8422E-01
.3775E+03 .1369E+01 .8222E+00 .2798E+00 .9919E+00 .7121E+00 .8222E+00 .2679E+00 .1090E+01 .8222E+00 .2798E+00 .9899E-01
.3780E+03 .1483E+01 .8926E+00 .3021E+00 .1075E+01 .7730E+00 .8926E+00 .2894E+00 .1182E+01 .8926E+00 .3021E+00 .1078E+00
.3785E+03 .1401E+01 .8450E+00 .2844E+00 .1016E+01 .7318E+00 .8450E+00 .2724E+00 .1117E+01 .8450E+00 .2844E+00 .1020E+00
.3790E+03 .1156E+01 .6984E+00 .2337E+00 .8386E+00 .6049E+00 .6984E+00 .2239E+00 .9223E+00 .6984E+00 .2337E+00 .8419E-01
.3795E+03 .1056E+01 .6390E+00 .2126E+00 .7660E+00 .5534E+00 .6390E+00 .2036E+00 .8427E+00 .6390E+00 .2126E+00 .7693E-01
.3800E+03 .1097E+01 .6653E+00 .2200E+00 .7962E+00 .5761E+00 .6653E+00 .2108E+00 .8761E+00 .6653E+00 .2200E+00 .8000E-01
.3805E+03 .1326E+01 .8064E+00 .2653E+00 .9637E+00 .6984E+00 .8064E+00 .2542E+00 .1061E+01 .8064E+00 .2653E+00 .9688E-01
.3810E+03 .1326E+01 .8087E+00 .2646E+00 .9650E+00 .7003E+00 .8087E+00 .2536E+00 .1062E+01 .8087E+00 .2646E+00 .9702E-01
.3815E+03 .1049E+01 .6414E+00 .2088E+00 .7642E+00 .5555E+00 .6414E+00 .2001E+00 .8415E+00 .6414E+00 .2088E+00 .7685E-01
.3820E+03 .9294E+00 .5699E+00 .1845E+00 .6781E+00 .4936E+00 .5699E+00 .1769E+00 .7468E+00 .5699E+00 .1845E+00 .6820E-01
.3825E+03 .7904E+00 .4861E+00 .1566E+00 .5776E+00 .4210E+00 .4861E+00 .1501E+00 .6362E+00 .4861E+00 .1566E+00 .5809E-01
.3830E+03 .7305E+00 .4504E+00 .1443E+00 .5343E+00 .3900E+00 .4504E+00 .1383E+00 .5887E+00 .4504E+00 .1443E+00 .5374E-01
.3835E+03 .7025E+00 .4341E+00 .1384E+00 .5143E+00 .3759E+00 .4341E+00 .1327E+00 .5668E+00 .4341E+00 .1384E+00 .5194E-01
.3840E+03 .7739E+00 .4792E+00 .1520E+00 .5670E+00 .4150E+00 .4792E+00 .1458E+00 .6250E+00 .4792E+00 .1520E+00 .5749E-01
.3845E+03 .1137E+01 .7056E+00 .2226E+00 .8337E+00 .6110E+00 .7056E+00 .2136E+00 .9191E+00 .7056E+00 .2226E+00 .8486E-01
.3850E+03 .1126E+01 .7003E+00 .2199E+00 .8264E+00 .6065E+00 .7003E+00 .2110E+00 .9113E+00 .7003E+00 .2199E+00 .8446E-01
.3855E+03 .1047E+01 .6528E+00 .2040E+00 .7693E+00 .5654E+00 .6528E+00 .1958E+00 .8486E+00 .6528E+00 .2040E+00 .7889E-01
.3860E+03 .8952E+00 .5597E+00 .1740E+00 .6587E+00 .4847E+00 .5597E+00 .1670E+00 .7267E+00 .5597E+00 .1740E+00 .6770E-01
.3865E+03 .1174E+01 .7358E+00 .2277E+00 .8649E+00 .6372E+00 .7358E+00 .2186E+00 .9544E+00 .7358E+00 .2277E+00 .8907E-01
.3870E+03 .9746E+00 .6122E+00 .1884E+00 .7186E+00 .5302E+00 .6122E+00 .1809E+00 .7931E+00 .6122E+00 .1884E+00 .7414E-01
.3875E+03 .1094E+01 .6884E+00 .2107E+00 .8069E+00 .5961E+00 .6884E+00 .2024E+00 .8908E+00 .6884E+00 .2107E+00 .8342E-01
.3880E+03 .1009E+01 .6362E+00 .1938E+00 .7448E+00 .5510E+00 .6362E+00 .1861E+00 .8223E+00 .6362E+00 .1938E+00 .7712E-01
.3885E+03 .9956E+00 .6294E+00 .1908E+00 .7359E+00 .5451E+00 .6294E+00 .1833E+00 .8127E+00 .6294E+00 .1908E+00 .7638E-01
.3890E+03 .1074E+01 .6802E+00 .2051E+00 .7941E+00 .5891E+00 .6802E+00 .1971E+00 .8772E+00 .6802E+00 .2051E+00 .8259E-01
.3895E+03 .1299E+01 .8246E+00 .2474E+00 .9615E+00 .7141E+00 .8246E+00 .2377E+00 .1062E+01 .8246E+00 .2474E+00 .1002E+00
.3900E+03 .1302E+01 .8283E+00 .2473E+00 .9646E+00 .7173E+00 .8283E+00 .2377E+00 .1066E+01 .8283E+00 .2473E+00 .1007E+00
.3905E+03 .1197E+01 .7630E+00 .2266E+00 .8874E+00 .6608E+00 .7630E+00 .2178E+00 .9809E+00 .7630E+00 .2266E+00 .9283E-01
.3910E+03 .1407E+01 .8990E+00 .2657E+00 .1044E+01 .7785E+00 .8990E+00 .2554E+00 .1154E+01 .8990E+00 .2657E+00 .1094E+00
.3915E+03 .1434E+01 .9179E+00 .2698E+00 .1065E+01 .7949E+00 .9179E+00 .2595E+00 .1177E+01 .9179E+00 .2698E+00 .1117E+00
.3920E+03 .1207E+01 .7739E+00 .2263E+00 .8966E+00 .6702E+00 .7739E+00 .2177E+00 .9916E+00 .7739E+00 .2263E+00 .9423E-01
.3925E+03 .1079E+01 .6934E+00 .2018E+00 .8023E+00 .6005E+00 .6934E+00 .1941E+00 .8875E+00 .6934E+00 .2018E+00 .8446E-01
.3930E+03 .5993E+00 .3861E+00 .1118E+00 .4462E+00 .3344E+00 .3861E+00 .1076E+00 .4937E+00 .3861E+00 .1118E+00 .4708E-01
.3935E+03 .4350E+00 .2809E+00 .8098E-01 .3242E+00 .2433E+00 .2809E+00 .7793E-01 .3588E+00 .2809E+00 .8098E-01 .3434E-01
.3940E+03 .8843E+00 .5721E+00 .1642E+00 .6596E+00 .4954E+00 .5721E+00 .1580E+00 .7301E+00 .5721E+00 .1642E+00 .7014E-01
.3945E+03 .1123E+01 .7279E+00 .2079E+00 .8383E+00 .6304E+00 .7279E+00 .2002E+00 .9280E+00 .7279E+00 .2079E+00 .8949E-01
.3950E+03 .1369E+01 .8890E+00 .2527E+00 .1023E+01 .7699E+00 .8890E+00 .2433E+00 .1132E+01 .8890E+00 .2527E+00 .1096E+00
.3955E+03 .1390E+01 .9040E+00 .2557E+00 .1039E+01 .7829E+00 .9040E+00 .2462E+00 .1150E+01 .9040E+00 .2557E+00 .1117E+00
.3960E+03 .1204E+01 .7845E+00 .2208E+00 .9001E+00 .6794E+00 .7845E+00 .2127E+00 .9971E+00 .7845E+00 .2208E+00 .9697E-01
.3965E+03 .7024E+00 .4589E+00 .1285E+00 .5259E+00 .3974E+00 .4589E+00 .1238E+00 .5827E+00 .4589E+00 .1285E+00 .5676E-01
.3970E+03 .5264E+00 .3446E+00 .9608E-01 .3945E+00 .2985E+00 .3446E+00 .9259E-01 .4372E+00 .3446E+00 .9608E-01 .4266E-01
.3975E+03 .1070E+01 .7015E+00 .1946E+00 .8022E+00 .6075E+00 .7015E+00 .1876E+00 .8891E+00 .7015E+00 .1946E+00 .8690E-01
.3980E+03 .1498E+01 .9836E+00 .2714E+00 .1123E+01 .8518E+00 .9836E+00 .2617E+00 .1245E+01 .9836E+00 .2714E+00 .1220E+00
.3985E+03 .1547E+01 .1017E+01 .2795E+00 .1161E+01 .8812E+00 .1017E+01 .2695E+00 .1287E+01 .1017E+01 .2795E+00 .1265E+00
.3990E+03 .1671E+01 .1102E+01 .3015E+00 .1256E+01 .9545E+00 .1102E+01 .2908E+00 .1393E+01 .1102E+01 .3015E+00 .1374E+00
.3995E+03 .1664E+01 .1099E+01 .2993E+00 .1251E+01 .9521E+00 .1099E+01 .2888E+00 .1388E+01 .1099E+01 .2993E+00 .1375E+00
.4000E+03 .1728E+01 .1143E+01 .3096E+00 .1299E+01 .9899E+00 .1143E+01 .2988E+00 .1442E+01 .1143E+01 .3096E+00 .1432E+00
.4010E+03 .1770E+01 .1175E+01 .3136E+00 .1331E+01 .1018E+01 .1175E+01 .3027E+00 .1478E+01 .1175E+01 .3136E+00 .1474E+00
.4020E+03 .1862E+01 .1242E+01 .3283E+00 .1403E+01 .1075E+01 .1242E+01 .3170E+00 .1559E+01 .1242E+01 .3283E+00 .1559E+00
.4030E+03 .1764E+01 .1181E+01 .3095E+00 .1332E+01 .1023E+01 .1181E+01 .2990E+00 .1480E+01 .1181E+01 .3095E+00 .1486E+00
.4040E+03 .1734E+01 .1164E+01 .3025E+00 .1311E+01 .1008E+01 .1164E+01 .2924E+00 .1457E+01 .1164E+01 .3025E+00 .1473E+00
.4050E+03 .1731E+01 .1166E+01 .3002E+00 .1310E+01 .1010E+01 .1166E+01 .2903E+00 .1456E+01 .1166E+01 .3002E+00 .1482E+00
.4060E+03 .1698E+01 .1148E+01 .2931E+00 .1287E+01 .9944E+00 .1148E+01 .2835E+00 .1432E+01 .1148E+01 .2931E+00 .1463E+00
.4070E+03 .1666E+01 .1131E+01 .2862E+00 .1266E+01 .9795E+00 .1131E+01 .2770E+00 .1408E+01 .1131E+01 .2862E+00 .1443E+00
.4080E+03 .1730E+01 .1177E+01 .2951E+00 .1315E+01 .1019E+01 .1177E+01 .2858E+00 .1463E+01 .1177E+01 .2951E+00 .1508E+00
.4090E+03 .1848E+01 .1262E+01 .3137E+00 .1406E+01 .1093E+01 .1262E+01 .3040E+00 .1566E+01 .1262E+01 .3137E+00 .1631E+00
.4100E+03 .1611E+01 .1103E+01 .2722E+00 .1228E+01 .9556E+00 .1103E+01 .2639E+00 .1367E+01 .1103E+01 .2722E+00 .1439E+00
.4110E+03 .1741E+01 .1196E+01 .2928E+00 .1329E+01 .1036E+01 .1196E+01 .2840E+00 .1480E+01 .1196E+01 .2928E+00 .1568E+00
.4120E+03 .1864E+01 .1286E+01 .3121E+00 .1426E+01 .1114E+01 .1286E+01 .3029E+00 .1589E+01 .1286E+01 .3121E+00 .1694E+00
.4130E+03 .1817E+01 .1256E+01 .3022E+00 .1390E+01 .1088E+01 .1256E+01 .2934E+00 .1549E+01 .1256E+01 .3022E+00 .1663E+00
.4140E+03 .1835E+01 .1273E+01 .3038E+00 .1406E+01 .1102E+01 .1273E+01 .2951E+00 .1568E+01 .1273E+01 .3038E+00 .1694E+00
.4150E+03 .1835E+01 .1277E+01 .3024E+00 .1408E+01 .1106E+01 .1277E+01 .2939E+00 .1571E+01 .1277E+01 .3024E+00 .1708E+00
.4160E+03 .1862E+01 .1301E+01 .3054E+00 .1432E+01 .1127E+01 .1301E+01 .2970E+00 .1598E+01 .1301E+01 .3054E+00 .1742E+00
.4170E+03 .1814E+01 .1271E+01 .2957E+00 .1396E+01 .1100E+01 .1271E+01 .2877E+00 .1558E+01 .1271E+01 .2957E+00 .1704E+00
.4180E+03 .1778E+01 .1249E+01 .2882E+00 .1370E+01 .1081E+01 .1249E+01 .2805E+00 .1529E+01 .1249E+01 .2882E+00 .1678E+00
.4190E+03 .1798E+01 .1266E+01 .2898E+00 .1387E+01 .1097E+01 .1266E+01 .2822E+00 .1549E+01 .1266E+01 .2898E+00 .1705E+00
.4200E+03 .1788E+01 .1263E+01 .2865E+00 .1380E+01 .1093E+01 .1263E+01 .2790E+00 .1542E+01 .1263E+01 .2865E+00 .1702E+00
.4210E+03 .1867E+01 .1322E+01 .2975E+00 .1443E+01 .1145E+01 .1322E+01 .2899E+00 .1612E+01 .1322E+01 .2975E+00 .1786E+00
.4220E+03 .1772E+01 .1258E+01 .2808E+00 .1371E+01 .1090E+01 .1258E+01 .2737E+00 .1532E+01 .1258E+01 .2808E+00 .1701E+00
.4230E+03 .1728E+01 .1231E+01 .2723E+00 .1338E+01 .1066E+01 .1231E+01 .2655E+00 .1496E+01 .1231E+01 .2723E+00 .1666E+00
.4240E+03 .1826E+01 .1303E+01 .2860E+00 .1415E+01 .1129E+01 .1303E+01 .2790E+00 .1582E+01 .1303E+01 .2860E+00 .1767E+00
.4250E+03 .1819E+01 .1302E+01 .2835E+00 .1411E+01 .1128E+01 .1302E+01 .2767E+00 .1579E+01 .1302E+01 .2835E+00 .1769E+00
.4260E+03 .1766E+01 .1269E+01 .2742E+00 .1373E+01 .1099E+01 .1269E+01 .2677E+00 .1537E+01 .1269E+01 .2742E+00 .1732E+00
.4270E+03 .1731E+01 .1247E+01 .2672E+00 .1347E+01 .1080E+01 .1247E+01 .2611E+00 .1508E+01 .1247E+01 .2672E+00 .1709E+00
.4280E+03 .1685E+01 .1216E+01 .2586E+00 .1311E+01 .1053E+01 .1216E+01 .2528E+00 .1469E+01 .1216E+01 .2586E+00 .1676E+00
.4290E+03 .1591E+01 .1152E+01 .2433E+00 .1241E+01 .9977E+00 .1152E+01 .2380E+00 .1390E+01 .1152E+01 .2433E+00 .1596E+00
.4300E+03 .1390E+01 .1009E+01 .2114E+00 .1085E+01 .8738E+00 .1009E+01 .2069E+00 .1216E+01 .1009E+01 .2114E+00 .1403E+00
.4310E+03 .1378E+01 .1002E+01 .2081E+00 .1076E+01 .8676E+00 .1002E+01 .2038E+00 .1206E+01 .1002E+01 .2081E+00 .1395E+00
.4320E+03 .1774E+01 .1294E+01 .2669E+00 .1388E+01 .1121E+01 .1294E+01 .2614E+00 .1556E+01 .1294E+01 .2669E+00 .1804E+00
.4330E+03 .1781E+01 .1302E+01 .2665E+00 .1394E+01 .1128E+01 .1302E+01 .2611E+00 .1564E+01 .1302E+01 .2665E+00 .1818E+00
.4340E+03 .1653E+01 .1211E+01 .2457E+00 .1295E+01 .1049E+01 .1211E+01 .2409E+00 .1452E+01 .1211E+01 .2457E+00 .1693E+00
.4350E+03 .1726E+01 .1266E+01 .2550E+00 .1352E+01 .1097E+01 .1266E+01 .2501E+00 .1517E+01 .1266E+01 .2550E+00 .1777E+00
.4360E+03 .1939E+01 .1427E+01 .2855E+00 .1522E+01 .1236E+01 .1427E+01 .2803E+00 .1708E+01 .1427E+01 .2855E+00 .2019E+00
.4370E+03 .1907E+01 .1408E+01 .2799E+00 .1500E+01 .1220E+01 .1408E+01 .2750E+00 .1683E+01 .1408E+01 .2799E+00 .2008E+00
.4380E+03 .1733E+01 .1283E+01 .2533E+00 .1365E+01 .1111E+01 .1283E+01 .2490E+00 .1532E+01 .1283E+01 .2533E+00 .1844E+00
.4390E+03 .1796E+01 .1330E+01 .2604E+00 .1412E+01 .1152E+01 .1330E+01 .2563E+00 .1586E+01 .1330E+01 .2604E+00 .1926E+00
.4400E+03 .1849E+01 .1373E+01 .2670E+00 .1456E+01 .1189E+01 .1373E+01 .2629E+00 .1636E+01 .1373E+01 .2670E+00 .1999E+00
.4410E+03 .1911E+01 .1424E+01 .2749E+00 .1508E+01 .1233E+01 .1424E+01 .2708E+00 .1694E+01 .1424E+01 .2749E+00 .2076E+00
.4420E+03 .2047E+01 .1528E+01 .2928E+00 .1616E+01 .1323E+01 .1528E+01 .2885E+00 .1816E+01 .1528E+01 .2928E+00 .2232E+00
.4430E+03 .1996E+01 .1489E+01 .2830E+00 .1573E+01 .1290E+01 .1489E+01 .2791E+00 .1768E+01 .1489E+01 .2830E+00 .2184E+00
.4440E+03 .2035E+01 .1524E+01 .2876E+00 .1607E+01 .1319E+01 .1524E+01 .2838E+00 .1807E+01 .1524E+01 .2876E+00 .2244E+00
.4450E+03 .1992E+01 .1492E+01 .2795E+00 .1572E+01 .1293E+01 .1492E+01 .2760E+00 .1768E+01 .1492E+01 .2795E+00 .2204E+00
.4460E+03 .1895E+01 .1424E+01 .2650E+00 .1498E+01 .1233E+01 .1424E+01 .2618E+00 .1686E+01 .1424E+01 .2650E+00 .2108E+00
.4470E+03 .2043E+01 .1541E+01 .2848E+00 .1619E+01 .1334E+01 .1541E+01 .2814E+00 .1822E+01 .1541E+01 .2848E+00 .2284E+00
.4480E+03 .2078E+01 .1568E+01 .2874E+00 .1645E+01 .1358E+01 .1568E+01 .2842E+00 .1852E+01 .1568E+01 .2874E+00 .2328E+00
.4490E+03 .2078E+01 .1574E+01 .2866E+00 .1650E+01 .1363E+01 .1574E+01 .2836E+00 .1857E+01 .1574E+01 .2866E+00 .2340E+00
.4500E+03 .2132E+01 .1619E+01 .2928E+00 .1695E+01 .1402E+01 .1619E+01 .2897E+00 .1908E+01 .1619E+01 .2928E+00 .2410E+00
.4510E+03 .2209E+01 .1680E+01 .3017E+00 .1757E+01 .1455E+01 .1680E+01 .2987E+00 .1979E+01 .1680E+01 .3017E+00 .2506E+00
.4520E+03 .2126E+01 .1620E+01 .2888E+00 .1692E+01 .1403E+01 .1620E+01 .2861E+00 .1906E+01 .1620E+01 .2888E+00 .2421E+00
.4530E+03 .1997E+01 .1525E+01 .2700E+00 .1590E+01 .1320E+01 .1525E+01 .2676E+00 .1792E+01 .1525E+01 .2700E+00 .2289E+00
.4540E+03 .2080E+01 .1592E+01 .2801E+00 .1659E+01 .1379E+01 .1592E+01 .2778E+00 .1870E+01 .1592E+01 .2801E+00 .2400E+00
.4550E+03 .2092E+01 .1603E+01 .2800E+00 .1669E+01 .1389E+01 .1603E+01 .2780E+00 .1881E+01 .1603E+01 .2800E+00 .2424E+00
.4560E+03 .2139E+01 .1643E+01 .2849E+00 .1707E+01 .1423E+01 .1643E+01 .2829E+00 .1926E+01 .1643E+01 .2849E+00 .2487E+00
.4570E+03 .2173E+01 .1672E+01 .2875E+00 .1735E+01 .1448E+01 .1672E+01 .2857E+00 .1957E+01 .1672E+01 .2875E+00 .2536E+00
.4580E+03 .2101E+01 .1617E+01 .2762E+00 .1677E+01 .1401E+01 .1617E+01 .2746E+00 .1892E+01 .1617E+01 .2762E+00 .2464E+00
.4590E+03 .2087E+01 .1610E+01 .2731E+00 .1667E+01 .1394E+01 .1610E+01 .2717E+00 .1881E+01 .1610E+01 .2731E+00 .2464E+00
.4600E+03 .2093E+01 .1616E+01 .2723E+00 .1672E+01 .1400E+01 .1616E+01 .2711E+00 .1887E+01 .1616E+01 .2723E+00 .2484E+00
.4610E+03 .2139E+01 .1655E+01 .2769E+00 .1710E+01 .1433E+01 .1655E+01 .2759E+00 .1931E+01 .1655E+01 .2769E+00 .2554E+00
.4620E+03 .2151E+01 .1668E+01 .2774E+00 .1722E+01 .1444E+01 .1668E+01 .2766E+00 .1944E+01 .1668E+01 .2774E+00 .2587E+00
.4630E+03 .2137E+01 .1658E+01 .2739E+00 .1710E+01 .1436E+01 .1658E+01 .2734E+00 .1931E+01 .1658E+01 .2739E+00 .2590E+00
.4640E+03 .2096E+01 .1630E+01 .2678E+00 .1679E+01 .1412E+01 .1630E+01 .2675E+00 .1898E+01 .1630E+01 .2678E+00 .2564E+00
.4650E+03 .2064E+01 .1609E+01 .2628E+00 .1656E+01 .1394E+01 .1609E+01 .2626E+00 .1872E+01 .1609E+01 .2628E+00 .2539E+00
.4660E+03 .2080E+01 .1625E+01 .2637E+00 .1671E+01 .1408E+01 .1625E+01 .2637E+00 .1889E+01 .1625E+01 .2637E+00 .2569E+00
.4670E+03 .2044E+01 .1598E+01 .2573E+00 .1641E+01 .1384E+01 .1598E+01 .2574E+00 .1855E+01 .1598E+01 .2573E+00 .2527E+00
.4680E+03 .2067E+01 .1618E+01 .2587E+00 .1660E+01 .1401E+01 .1618E+01 .2589E+00 .1877E+01 .1618E+01 .2587E+00 .2556E+00
.4690E+03 .2077E+01 .1628E+01 .2584E+00 .1669E+01 .1410E+01 .1628E+01 .2587E+00 .1887E+01 .1628E+01 .2584E+00 .2569E+00
.4700E+03 .2011E+01 .1578E+01 .2487E+00 .1615E+01 .1366E+01 .1578E+01 .2492E+00 .1827E+01 .1578E+01 .2487E+00 .2504E+00
.4710E+03 .2007E+01 .1577E+01 .2471E+00 .1613E+01 .1366E+01 .1577E+01 .2479E+00 .1825E+01 .1577E+01 .2471E+00 .2520E+00
.4720E+03 .2115E+01 .1663E+01 .2590E+00 .1700E+01 .1441E+01 .1663E+01 .2600E+00 .1923E+01 .1663E+01 .2590E+00 .2670E+00
.4730E+03 .2088E+01 .1644E+01 .2542E+00 .1678E+01 .1424E+01 .1644E+01 .2553E+00 .1899E+01 .1644E+01 .2542E+00 .2644E+00
.4740E+03 .2095E+01 .1650E+01 .2532E+00 .1682E+01 .1429E+01 .1650E+01 .2545E+00 .1904E+01 .1650E+01 .2532E+00 .2658E+00
.4750E+03 .2117E+01 .1668E+01 .2542E+00 .1699E+01 .1444E+01 .1668E+01 .2557E+00 .1924E+01 .1668E+01 .2542E+00 .2697E+00
.4760E+03 .2059E+01 .1622E+01 .2455E+00 .1650E+01 .1405E+01 .1622E+01 .2471E+00 .1869E+01 .1622E+01 .2455E+00 .2633E+00
.4770E+03 .2068E+01 .1630E+01 .2449E+00 .1657E+01 .1412E+01 .1630E+01 .2468E+00 .1877E+01 .1630E+01 .2449E+00 .2653E+00
.4780E+03 .2122E+01 .1676E+01 .2502E+00 .1701E+01 .1451E+01 .1676E+01 .2522E+00 .1928E+01 .1676E+01 .2502E+00 .2730E+00
.4790E+03 .2104E+01 .1665E+01 .2469E+00 .1689E+01 .1442E+01 .1665E+01 .2490E+00 .1914E+01 .1665E+01 .2469E+00 .2716E+00
.4800E+03 .2103E+01 .1667E+01 .2458E+00 .1690E+01 .1444E+01 .1667E+01 .2481E+00 .1915E+01 .1667E+01 .2458E+00 .2733E+00
.4810E+03 .2136E+01 .1697E+01 .2489E+00 .1719E+01 .1470E+01 .1697E+01 .2514E+00 .1949E+01 .1697E+01 .2489E+00 .2795E+00
.4820E+03 .2141E+01 .1705E+01 .2486E+00 .1725E+01 .1477E+01 .1705E+01 .2513E+00 .1957E+01 .1705E+01 .2486E+00 .2815E+00
.4830E+03 .2109E+01 .1684E+01 .2440E+00 .1702E+01 .1458E+01 .1684E+01 .2467E+00 .1931E+01 .1684E+01 .2440E+00 .2784E+00
.4840E+03 .2063E+01 .1650E+01 .2375E+00 .1666E+01 .1429E+01 .1650E+01 .2403E+00 .1890E+01 .1650E+01 .2375E+00 .2731E+00
.4850E+03 .1963E+01 .1571E+01 .2247E+00 .1585E+01 .1361E+01 .1571E+01 .2276E+00 .1799E+01 .1571E+01 .2247E+00 .2605E+00
.4860E+03 .1713E+01 .1374E+01 .1952E+00 .1385E+01 .1190E+01 .1374E+01 .1978E+00 .1571E+01 .1374E+01 .1952E+00 .2280E+00
.4870E+03 .1792E+01 .1440E+01 .2033E+00 .1450E+01 .1247E+01 .1440E+01 .2062E+00 .1646E+01 .1440E+01 .2033E+00 .2394E+00
.4880E+03 .1966E+01 .1581E+01 .2217E+00 .1591E+01 .1369E+01 .1581E+01 .2250E+00 .1805E+01 .1581E+01 .2217E+00 .2633E+00
.4890E+03 .1974E+01 .1587E+01 .2212E+00 .1596E+01 .1375E+01 .1587E+01 .2245E+00 .1812E+01 .1587E+01 .2212E+00 .2650E+00
.4900E+03 .2073E+01 .1670E+01 .2314E+00 .1678E+01 .1447E+01 .1670E+01 .2351E+00 .1905E+01 .1670E+01 .2314E+00 .2800E+00
.4910E+03 .2034E+01 .1642E+01 .2262E+00 .1648E+01 .1422E+01 .1642E+01 .2300E+00 .1872E+01 .1642E+01 .2262E+00 .2764E+00
.4920E+03 .1920E+01 .1552E+01 .2124E+00 .1556E+01 .1344E+01 .1552E+01 .2161E+00 .1768E+01 .1552E+01 .2124E+00 .2619E+00
.4930E+03 .1982E+01 .1604E+01 .2181E+00 .1607E+01 .1389E+01 .1604E+01 .2220E+00 .1826E+01 .1604E+01 .2181E+00 .2710E+00
.4940E+03 .2001E+01 .1620E+01 .2189E+00 .1622E+01 .1403E+01 .1620E+01 .2231E+00 .1843E+01 .1620E+01 .2189E+00 .2745E+00
.4950E+03 .2017E+01 .1635E+01 .2195E+00 .1635E+01 .1416E+01 .1635E+01 .2239E+00 .1859E+01 .1635E+01 .2195E+00 .2781E+00
.4960E+03 .2029E+01 .1646E+01 .2196E+00 .1645E+01 .1425E+01 .1646E+01 .2242E+00 .1870E+01 .1646E+01 .2196E+00 .2810E+00
.4970E+03 .2060E+01 .1673E+01 .2219E+00 .1671E+01 .1449E+01 .1673E+01 .2267E+00 .1900E+01 .1673E+01 .2219E+00 .2868E+00
.4980E+03 .1963E+01 .1596E+01 .2104E+00 .1592E+01 .1382E+01 .1596E+01 .2151E+00 .1811E+01 .1596E+01 .2104E+00 .2746E+00
.4990E+03 .1989E+01 .1618E+01 .2120E+00 .1613E+01 .1401E+01 .1618E+01 .2169E+00 .1835E+01 .1618E+01 .2120E+00 .2793E+00
.5000E+03 .1933E+01 .1573E+01 .2061E+00 .1568E+01 .1362E+01 .1573E+01 .2109E+00 .1784E+01 .1573E+01 .2061E+00 .2719E+00
.5010E+03 .1900E+01 .1546E+01 .2012E+00 .1540E+01 .1339E+01 .1546E+01 .2060E+00 .1752E+01 .1546E+01 .2012E+00 .2676E+00
.5020E+03 .1879E+01 .1527E+01 .1970E+00 .1519E+01 .1322E+01 .1527E+01 .2020E+00 .1728E+01 .1527E+01 .1970E+00 .2646E+00
.5030E+03 .1962E+01 .1591E+01 .2037E+00 .1581E+01 .1378E+01 .1591E+01 .2090E+00 .1800E+01 .1591E+01 .2037E+00 .2762E+00
.5040E+03 .1934E+01 .1549E+01 .1956E+00 .1537E+01 .1341E+01 .1549E+01 .2010E+00 .1750E+01 .1549E+01 .1956E+00 .2693E+00
.5050E+03 .1984E+01 .1609E+01 .2034E+00 .1597E+01 .1394E+01 .1609E+01 .2090E+00 .1819E+01 .1609E+01 .2034E+00 .2812E+00
.5060E+03 .2049E+01 .1661E+01 .2084E+00 .1647E+01 .1438E+01 .1661E+01 .2144E+00 .1875E+01 .1661E+01 .2084E+00 .2913E+00
.5070E+03 .1949E+01 .1580E+01 .1970E+00 .1566E+01 .1369E+01 .1580E+01 .2028E+00 .1783E+01 .1580E+01 .1970E+00 .2775E+00
.5080E+03 .1882E+01 .1531E+01 .1899E+00 .1516E+01 .1326E+01 .1531E+01 .1956E+00 .1727E+01 .1531E+01 .1899E+00 .2693E+00
.5090E+03 .1930E+01 .1575E+01 .1943E+00 .1558E+01 .1364E+01 .1575E+01 .2003E+00 .1775E+01 .1575E+01 .1943E+00 .2777E+00
.5100E+03 .1916E+01 .1567E+01 .1923E+00 .1549E+01 .1357E+01 .1567E+01 .1984E+00 .1765E+01 .1567E+01 .1923E+00 .2773E+00
.5110E+03 .1963E+01 .1610E+01 .1966E+00 .1591E+01 .1394E+01 .1610E+01 .2031E+00 .1813E+01 .1610E+01 .1966E+00 .2860E+00
.5120E+03 .1982E+01 .1628E+01 .1977E+00 .1608E+01 .1410E+01 .1628E+01 .2044E+00 .1833E+01 .1628E+01 .1977E+00 .2897E+00
.5130E+03 .1875E+01 .1543E+01 .1862E+00 .1522E+01 .1336E+01 .1543E+01 .1926E+00 .1735E+01 .1543E+01 .1862E+00 .2749E+00
.5140E+03 .1860E+01 .1532E+01 .1839E+00 .1511E+01 .1327E+01 .1532E+01 .1904E+00 .1723E+01 .1532E+01 .1839E+00 .2738E+00
.5150E+03 .1841E+01 .1518E+01 .1812E+00 .1496E+01 .1315E+01 .1518E+01 .1877E+00 .1706E+01 .1518E+01 .1812E+00 .2723E+00
.5160E+03 .1837E+01 .1516E+01 .1798E+00 .1493E+01 .1313E+01 .1516E+01 .1865E+00 .1702E+01 .1516E+01 .1798E+00 .2730E+00
.5170E+03 .1631E+01 .1347E+01 .1589E+00 .1326E+01 .1167E+01 .1347E+01 .1650E+00 .1512E+01 .1347E+01 .1589E+00 .2436E+00
.5180E+03 .1715E+01 .1418E+01 .1662E+00 .1394E+01 .1228E+01 .1418E+01 .1727E+00 .1590E+01 .1418E+01 .1662E+00 .2572E+00
.5190E+03 .1799E+01 .1488E+01 .1734E+00 .1462E+01 .1288E+01 .1488E+01 .1803E+00 .1668E+01 .1488E+01 .1734E+00 .2705E+00
.5200E+03 .1865E+01 .1543E+01 .1787E+00 .1515E+01 .1336E+01 .1543E+01 .1860E+00 .1729E+01 .1543E+01 .1787E+00 .2809E+00
.5210E+03 .1883E+01 .1559E+01 .1794E+00 .1529E+01 .1350E+01 .1559E+01 .1868E+00 .1745E+01 .1559E+01 .1794E+00 .2843E+00
.5220E+03 .1886E+01 .1562E+01 .1787E+00 .1531E+01 .1352E+01 .1562E+01 .1863E+00 .1748E+01 .1562E+01 .1787E+00 .2860E+00
.5230E+03 .1853E+01 .1535E+01 .1746E+00 .1504E+01 .1330E+01 .1535E+01 .1823E+00 .1717E+01 .1535E+01 .1746E+00 .2823E+00
.5240E+03 .1922E+01 .1592E+01 .1800E+00 .1559E+01 .1379E+01 .1592E+01 .1881E+00 .1780E+01 .1592E+01 .1800E+00 .2942E+00
.5250E+03 .1949E+01 .1613E+01 .1813E+00 .1578E+01 .1397E+01 .1613E+01 .1897E+00 .1803E+01 .1613E+01 .1813E+00 .2998E+00
.5260E+03 .1863E+01 .1543E+01 .1725E+00 .1509E+01 .1336E+01 .1543E+01 .1807E+00 .1724E+01 .1543E+01 .1725E+00 .2880E+00
.5270E+03 .1759E+01 .1456E+01 .1616E+00 .1422E+01 .1261E+01 .1456E+01 .1695E+00 .1625E+01 .1456E+01 .1616E+00 .2721E+00
.5280E+03 .1863E+01 .1542E+01 .1701E+00 .1506E+01 .1335E+01 .1542E+01 .1785E+00 .1720E+01 .1542E+01 .1701E+00 .2887E+00
.5290E+03 .1966E+01 .1627E+01 .1784E+00 .1587E+01 .1409E+01 .1627E+01 .1874E+00 .1814E+01 .1627E+01 .1784E+00 .3061E+00
.5300E+03 .1939E+01 .1605E+01 .1751E+00 .1565E+01 .1390E+01 .1605E+01 .1842E+00 .1789E+01 .1605E+01 .1751E+00 .3037E+00
.5310E+03 .1969E+01 .1631E+01 .1769E+00 .1589E+01 .1412E+01 .1631E+01 .1863E+00 .1817E+01 .1631E+01 .1769E+00 .3101E+00
.5320E+03 .1902E+01 .1576E+01 .1701E+00 .1535E+01 .1365E+01 .1576E+01 .1793E+00 .1755E+01 .1576E+01 .1701E+00 .3008E+00
.5330E+03 .1846E+01 .1531E+01 .1643E+00 .1490E+01 .1326E+01 .1531E+01 .1734E+00 .1704E+01 .1531E+01 .1643E+00 .2933E+00
.5340E+03 .1899E+01 .1576E+01 .1683E+00 .1533E+01 .1365E+01 .1576E+01 .1778E+00 .1754E+01 .1576E+01 .1683E+00 .3030E+00
.5350E+03 .1938E+01 .1610E+01 .1710E+00 .1566E+01 .1395E+01 .1610E+01 .1808E+00 .1791E+01 .1610E+01 .1710E+00 .3105E+00
.5360E+03 .1954E+01 .1625E+01 .1716E+00 .1579E+01 .1407E+01 .1625E+01 .1816E+00 .1806E+01 .1625E+01 .1716E+00 .3141E+00
.5370E+03 .1875E+01 .1561E+01 .1639E+00 .1516E+01 .1352E+01 .1561E+01 .1736E+00 .1734E+01 .1561E+01 .1639E+00 .3022E+00
.5380E+03 .1907E+01 .1589E+01 .1659E+00 .1542E+01 .1376E+01 .1589E+01 .1759E+00 .1765E+01 .1589E+01 .1659E+00 .3080E+00
.5390E+03 .1891E+01 .1577E+01 .1638E+00 .1529E+01 .1365E+01 .1577E+01 .1739E+00 .1751E+01 .1577E+01 .1638E+00 .3075E+00
.5400E+03 .1814E+01 .1511E+01 .1562E+00 .1465E+01 .1309E+01 .1511E+01 .1660E+00 .1678E+01 .1511E+01 .1562E+00 .2964E+00
.5410E+03 .1832E+01 .1522E+01 .1561E+00 .1474E+01 .1318E+01 .1522E+01 .1662E+00 .1688E+01 .1522E+01 .1561E+00 .2993E+00
.5420E+03 .1892E+01 .1571E+01 .1602E+00 .1521E+01 .1361E+01 .1571E+01 .1707E+00 .1742E+01 .1571E+01 .1602E+00 .3094E+00
.5430E+03 .1867E+01 .1557E+01 .1582E+00 .1507E+01 .1349E+01 .1557E+01 .1688E+00 .1726E+01 .1557E+01 .1582E+00 .3073E+00
.5440E+03 .1904E+01 .1584E+01 .1600E+00 .1532E+01 .1372E+01 .1584E+01 .1710E+00 .1755E+01 .1584E+01 .1600E+00 .3151E+00
.5450E+03 .1897E+01 .1581E+01 .1589E+00 .1528E+01 .1369E+01 .1581E+01 .1702E+00 .1751E+01 .1581E+01 .1589E+00 .3168E+00
.5460E+03 .1910E+01 .1587E+01 .1584E+00 .1532E+01 .1374E+01 .1587E+01 .1699E+00 .1757E+01 .1587E+01 .1584E+00 .3189E+00
.5470E+03 .1905E+01 .1587E+01 .1577E+00 .1532E+01 .1374E+01 .1587E+01 .1694E+00 .1756E+01 .1587E+01 .1577E+00 .3194E+00
.5480E+03 .1880E+01 .1569E+01 .1552E+00 .1514E+01 .1359E+01 .1569E+01 .1669E+00 .1736E+01 .1569E+01 .1552E+00 .3164E+00
.5490E+03 .1884E+01 .1575E+01 .1551E+00 .1519E+01 .1364E+01 .1575E+01 .1670E+00 .1742E+01 .1575E+01 .1551E+00 .3186E+00
.5500E+03 .1906E+01 .1595E+01 .1563E+00 .1538E+01 .1382E+01 .1595E+01 .1685E+00 .1764E+01 .1595E+01 .1563E+00 .3238E+00
.5510E+03 .1882E+01 .1577E+01 .1537E+00 .1519E+01 .1366E+01 .1577E+01 .1660E+00 .1743E+01 .1577E+01 .1537E+00 .3208E+00
.5520E+03 .1895E+01 .1589E+01 .1541E+00 .1530E+01 .1376E+01 .1589E+01 .1666E+00 .1756E+01 .1589E+01 .1541E+00 .3237E+00
.5530E+03 .1862E+01 .1562E+01 .1506E+00 .1503E+01 .1353E+01 .1562E+01 .1630E+00 .1725E+01 .1562E+01 .1506E+00 .3189E+00
.5540E+03 .1907E+01 .1600E+01 .1534E+00 .1539E+01 .1386E+01 .1600E+01 .1664E+00 .1766E+01 .1600E+01 .1534E+00 .3277E+00
.5550E+03 .1912E+01 .1604E+01 .1530E+00 .1542E+01 .1389E+01 .1604E+01 .1661E+00 .1770E+01 .1604E+01 .1530E+00 .3296E+00
.5560E+03 .1888E+01 .1584E+01 .1502E+00 .1522E+01 .1372E+01 .1584E+01 .1633E+00 .1747E+01 .1584E+01 .1502E+00 .3259E+00
.5570E+03 .1831E+01 .1536E+01 .1449E+00 .1475E+01 .1330E+01 .1536E+01 .1577E+00 .1694E+01 .1536E+01 .1449E+00 .3164E+00
.5580E+03 .1820E+01 .1526E+01 .1431E+00 .1465E+01 .1322E+01 .1526E+01 .1559E+00 .1682E+01 .1526E+01 .1431E+00 .3147E+00
.5590E+03 .1789E+01 .1499E+01 .1397E+00 .1438E+01 .1298E+01 .1499E+01 .1525E+00 .1652E+01 .1499E+01 .1397E+00 .3096E+00
.5600E+03 .1813E+01 .1520E+01 .1409E+00 .1457E+01 .1316E+01 .1520E+01 .1540E+00 .1674E+01 .1520E+01 .1409E+00 .3144E+00
.5610E+03 .1839E+01 .1542E+01 .1421E+00 .1478E+01 .1335E+01 .1542E+01 .1556E+00 .1697E+01 .1542E+01 .1421E+00 .3193E+00
.5620E+03 .1829E+01 .1533E+01 .1405E+00 .1468E+01 .1328E+01 .1533E+01 .1540E+00 .1687E+01 .1533E+01 .1405E+00 .3179E+00
.5630E+03 .1883E+01 .1578E+01 .1438E+00 .1510E+01 .1366E+01 .1578E+01 .1578E+00 .1735E+01 .1578E+01 .1438E+00 .3279E+00
.5640E+03 .1835E+01 .1537E+01 .1393E+00 .1470E+01 .1331E+01 .1537E+01 .1531E+00 .1690E+01 .1537E+01 .1393E+00 .3204E+00
.5650E+03 .1822E+01 .1525E+01 .1375E+00 .1459E+01 .1321E+01 .1525E+01 .1514E+00 .1677E+01 .1525E+01 .1375E+00 .3191E+00
.5660E+03 .1798E+01 .1505E+01 .1349E+00 .1438E+01 .1303E+01 .1505E+01 .1487E+00 .1654E+01 .1505E+01 .1349E+00 .3152E+00
.5670E+03 .1836E+01 .1535E+01 .1368E+00 .1466E+01 .1330E+01 .1535E+01 .1510E+00 .1686E+01 .1535E+01 .1368E+00 .3220E+00
.5680E+03 .1830E+01 .1523E+01 .1347E+00 .1454E+01 .1319E+01 .1523E+01 .1489E+00 .1672E+01 .1523E+01 .1347E+00 .3202E+00
.5690E+03 .1808E+01 .1486E+01 .1299E+00 .1417E+01 .1287E+01 .1486E+01 .1440E+00 .1630E+01 .1486E+01 .1299E+00 .3133E+00
.5700E+03 .1804E+01 .1491E+01 .1300E+00 .1421E+01 .1291E+01 .1491E+01 .1442E+00 .1635E+01 .1491E+01 .1300E+00 .3152E+00
.5710E+03 .1787E+01 .1487E+01 .1294E+00 .1417E+01 .1287E+01 .1487E+01 .1437E+00 .1630E+01 .1487E+01 .1294E+00 .3149E+00
.5720E+03 .1844E+01 .1524E+01 .1315E+00 .1451E+01 .1320E+01 .1524E+01 .1463E+00 .1670E+01 .1524E+01 .1315E+00 .3233E+00
.5730E+03 .1866E+01 .1543E+01 .1325E+00 .1469E+01 .1337E+01 .1543E+01 .1477E+00 .1691E+01 .1543E+01 .1325E+00 .3286E+00
.5740E+03 .1863E+01 .1541E+01 .1317E+00 .1467E+01 .1335E+01 .1541E+01 .1471E+00 .1688E+01 .1541E+01 .1317E+00 .3297E+00
.5750E+03 .1833E+01 .1515E+01 .1288E+00 .1441E+01 .1312E+01 .1515E+01 .1441E+00 .1659E+01 .1515E+01 .1288E+00 .3254E+00
.5760E+03 .1816E+01 .1503E+01 .1271E+00 .1429E+01 .1302E+01 .1503E+01 .1424E+00 .1645E+01 .1503E+01 .1271E+00 .3234E+00
.5770E+03 .1834E+01 .1520E+01 .1280E+00 .1444E+01 .1316E+01 .1520E+01 .1435E+00 .1663E+01 .1520E+01 .1280E+00 .3275E+00
.5780E+03 .1801E+01 .1497E+01 .1257E+00 .1422E+01 .1297E+01 .1497E+01 .1411E+00 .1638E+01 .1497E+01 .1257E+00 .3236E+00
.5790E+03 .1799E+01 .1501E+01 .1256E+00 .1426E+01 .1300E+01 .1501E+01 .1412E+00 .1642E+01 .1501E+01 .1256E+00 .3255E+00
.5800E+03 .1819E+01 .1524E+01 .1271E+00 .1447E+01 .1320E+01 .1524E+01 .1431E+00 .1667E+01 .1524E+01 .1271E+00 .3313E+00
.5810E+03 .1818E+01 .1528E+01 .1270E+00 .1450E+01 .1323E+01 .1528E+01 .1431E+00 .1671E+01 .1528E+01 .1270E+00 .3325E+00
.5820E+03 .1843E+01 .1553E+01 .1286E+00 .1473E+01 .1345E+01 .1553E+01 .1451E+00 .1698E+01 .1553E+01 .1286E+00 .3384E+00
.5830E+03 .1840E+01 .1554E+01 .1283E+00 .1474E+01 .1346E+01 .1554E+01 .1450E+00 .1699E+01 .1554E+01 .1283E+00 .3403E+00
.5840E+03 .1851E+01 .1566E+01 .1287E+00 .1485E+01 .1356E+01 .1566E+01 .1457E+00 .1711E+01 .1566E+01 .1287E+00 .3445E+00
.5850E+03 .1803E+01 .1526E+01 .1249E+00 .1447E+01 .1322E+01 .1526E+01 .1417E+00 .1668E+01 .1526E+01 .1249E+00 .3369E+00
.5860E+03 .1766E+01 .1493E+01 .1214E+00 .1414E+01 .1293E+01 .1493E+01 .1379E+00 .1631E+01 .1493E+01 .1214E+00 .3294E+00
.5870E+03 .1811E+01 .1523E+01 .1228E+00 .1442E+01 .1319E+01 .1523E+01 .1397E+00 .1663E+01 .1523E+01 .1228E+00 .3358E+00
.5880E+03 .1794E+01 .1478E+01 .1174E+00 .1398E+01 .1280E+01 .1478E+01 .1340E+00 .1612E+01 .1478E+01 .1174E+00 .3271E+00
.5890E+03 .1647E+01 .1304E+01 .1011E+00 .1230E+01 .1129E+01 .1304E+01 .1160E+00 .1420E+01 .1304E+01 .1011E+00 .2894E+00
.5900E+03 .1717E+01 .1364E+01 .1055E+00 .1287E+01 .1181E+01 .1364E+01 .1211E+00 .1485E+01 .1364E+01 .1055E+00 .3041E+00
.5910E+03 .1783E+01 .1445E+01 .1122E+00 .1363E+01 .1251E+01 .1445E+01 .1289E+00 .1573E+01 .1445E+01 .1122E+00 .3232E+00
.5920E+03 .1781E+01 .1428E+01 .1100E+00 .1347E+01 .1237E+01 .1428E+01 .1266E+00 .1555E+01 .1428E+01 .1100E+00 .3204E+00
.5930E+03 .1785E+01 .1453E+01 .1122E+00 .1370E+01 .1258E+01 .1453E+01 .1292E+00 .1582E+01 .1453E+01 .1122E+00 .3265E+00
.5940E+03 .1782E+01 .1444E+01 .1107E+00 .1361E+01 .1250E+01 .1444E+01 .1277E+00 .1571E+01 .1444E+01 .1107E+00 .3248E+00
.5950E+03 .1753E+01 .1407E+01 .1067E+00 .1325E+01 .1218E+01 .1407E+01 .1234E+00 .1530E+01 .1407E+01 .1067E+00 .3171E+00
.5960E+03 .1780E+01 .1469E+01 .1125E+00 .1385E+01 .1272E+01 .1469E+01 .1300E+00 .1599E+01 .1469E+01 .1125E+00 .3326E+00
.5970E+03 .1768E+01 .1455E+01 .1107E+00 .1371E+01 .1260E+01 .1455E+01 .1282E+00 .1583E+01 .1455E+01 .1107E+00 .3303E+00
.5980E+03 .1752E+01 .1454E+01 .1105E+00 .1369E+01 .1259E+01 .1454E+01 .1281E+00 .1582E+01 .1454E+01 .1105E+00 .3305E+00
.5990E+03 .1747E+01 .1458E+01 .1106E+00 .1373E+01 .1263E+01 .1458E+01 .1284E+00 .1586E+01 .1458E+01 .1106E+00 .3320E+00
.6000E+03 .1738E+01 .1464E+01 .1111E+00 .1379E+01 .1268E+01 .1464E+01 .1290E+00 .1593E+01 .1464E+01 .1111E+00 .3342E+00
.6010E+03 .1716E+01 .1455E+01 .1102E+00 .1370E+01 .1260E+01 .1455E+01 .1281E+00 .1583E+01 .1455E+01 .1102E+00 .3330E+00
.6020E+03 .1703E+01 .1445E+01 .1091E+00 .1361E+01 .1252E+01 .1445E+01 .1270E+00 .1572E+01 .1445E+01 .1091E+00 .3318E+00
.6030E+03 .1728E+01 .1469E+01 .1105E+00 .1383E+01 .1272E+01 .1469E+01 .1288E+00 .1598E+01 .1469E+01 .1105E+00 .3379E+00
.6040E+03 .1755E+01 .1493E+01 .1118E+00 .1405E+01 .1293E+01 .1493E+01 .1305E+00 .1624E+01 .1493E+01 .1118E+00 .3439E+00
.6050E+03 .1744E+01 .1486E+01 .1108E+00 .1398E+01 .1287E+01 .1486E+01 .1296E+00 .1616E+01 .1486E+01 .1108E+00 .3432E+00
.6060E+03 .1733E+01 .1481E+01 .1100E+00 .1392E+01 .1282E+01 .1481E+01 .1289E+00 .1610E+01 .1481E+01 .1100E+00 .3429E+00
.6070E+03 .1746E+01 .1496E+01 .1108E+00 .1406E+01 .1295E+01 .1496E+01 .1299E+00 .1626E+01 .1496E+01 .1108E+00 .3473E+00
.6080E+03 .1723E+01 .1479E+01 .1091E+00 .1390E+01 .1281E+01 .1479E+01 .1281E+00 .1607E+01 .1479E+01 .1091E+00 .3439E+00
.6090E+03 .1723E+01 .1481E+01 .1089E+00 .1392E+01 .1283E+01 .1481E+01 .1280E+00 .1609E+01 .1481E+01 .1089E+00 .3449E+00
.6100E+03 .1707E+01 .1469E+01 .1075E+00 .1380E+01 .1272E+01 .1469E+01 .1266E+00 .1596E+01 .1469E+01 .1075E+00 .3428E+00
.6110E+03 .1714E+01 .1477E+01 .1077E+00 .1387E+01 .1279E+01 .1477E+01 .1270E+00 .1604E+01 .1477E+01 .1077E+00 .3457E+00
.6120E+03 .1707E+01 .1472E+01 .1068E+00 .1382E+01 .1275E+01 .1472E+01 .1262E+00 .1598E+01 .1472E+01 .1068E+00 .3454E+00
.6130E+03 .1684E+01 .1453E+01 .1050E+00 .1363E+01 .1258E+01 .1453E+01 .1242E+00 .1577E+01 .1453E+01 .1050E+00 .3415E+00
.6140E+03 .1658E+01 .1432E+01 .1031E+00 .1344E+01 .1240E+01 .1432E+01 .1221E+00 .1554E+01 .1432E+01 .1031E+00 .3371E+00
.6150E+03 .1691E+01 .1463E+01 .1049E+00 .1372E+01 .1267E+01 .1463E+01 .1245E+00 .1588E+01 .1463E+01 .1049E+00 .3453E+00
.6160E+03 .1633E+01 .1415E+01 .1010E+00 .1326E+01 .1225E+01 .1415E+01 .1201E+00 .1535E+01 .1415E+01 .1010E+00 .3348E+00
.6170E+03 .1628E+01 .1412E+01 .1004E+00 .1323E+01 .1223E+01 .1412E+01 .1195E+00 .1531E+01 .1412E+01 .1004E+00 .3350E+00
.6180E+03 .1689E+01 .1465E+01 .1038E+00 .1373E+01 .1269E+01 .1465E+01 .1237E+00 .1589E+01 .1465E+01 .1038E+00 .3487E+00
.6190E+03 .1671E+01 .1450E+01 .1023E+00 .1358E+01 .1256E+01 .1450E+01 .1222E+00 .1573E+01 .1450E+01 .1023E+00 .3463E+00
.6200E+03 .1682E+01 .1459E+01 .1024E+00 .1366E+01 .1264E+01 .1459E+01 .1226E+00 .1582E+01 .1459E+01 .1024E+00 .3493E+00
.6210E+03 .1687E+01 .1460E+01 .1019E+00 .1367E+01 .1265E+01 .1460E+01 .1222E+00 .1583E+01 .1460E+01 .1019E+00 .3506E+00
.6220E+03 .1671E+01 .1436E+01 .9937E-01 .1343E+01 .1244E+01 .1436E+01 .1194E+00 .1556E+01 .1436E+01 .9937E-01 .3455E+00
.6230E+03 .1649E+01 .1408E+01 .9657E-01 .1316E+01 .1219E+01 .1408E+01 .1163E+00 .1524E+01 .1408E+01 .9657E-01 .3390E+00
.6240E+03 .1618E+01 .1387E+01 .9496E-01 .1296E+01 .1201E+01 .1387E+01 .1145E+00 .1502E+01 .1387E+01 .9496E-01 .3345E+00
.6250E+03 .1614E+01 .1391E+01 .9515E-01 .1300E+01 .1205E+01 .1391E+01 .1149E+00 .1506E+01 .1391E+01 .9515E-01 .3371E+00
.6260E+03 .1639E+01 .1414E+01 .9632E-01 .1321E+01 .1224E+01 .1414E+01 .1166E+00 .1530E+01 .1414E+01 .9632E-01 .3440E+00
.6270E+03 .1666E+01 .1430E+01 .9678E-01 .1336E+01 .1239E+01 .1430E+01 .1174E+00 .1548E+01 .1430E+01 .9678E-01 .3489E+00
.6280E+03 .1664E+01 .1377E+01 .9083E-01 .1283E+01 .1192E+01 .1377E+01 .1108E+00 .1487E+01 .1377E+01 .9083E-01 .3359E+00
.6290E+03 .1664E+01 .1412E+01 .9403E-01 .1317E+01 .1223E+01 .1412E+01 .1145E+00 .1526E+01 .1412E+01 .9403E-01 .3452E+00
.6300E+03 .1629E+01 .1386E+01 .9201E-01 .1292E+01 .1200E+01 .1386E+01 .1122E+00 .1498E+01 .1386E+01 .9201E-01 .3393E+00
.6310E+03 .1630E+01 .1407E+01 .9370E-01 .1312E+01 .1218E+01 .1407E+01 .1143E+00 .1521E+01 .1407E+01 .9370E-01 .3450E+00
.6320E+03 .1605E+01 .1384E+01 .9176E-01 .1290E+01 .1199E+01 .1384E+01 .1121E+00 .1496E+01 .1384E+01 .9176E-01 .3404E+00
.6330E+03 .1639E+01 .1425E+01 .9454E-01 .1329E+01 .1234E+01 .1425E+01 .1157E+00 .1541E+01 .1425E+01 .9454E-01 .3522E+00
.6340E+03 .1612E+01 .1409E+01 .9341E-01 .1314E+01 .1221E+01 .1409E+01 .1145E+00 .1524E+01 .1409E+01 .9341E-01 .3497E+00
.6350E+03 .1632E+01 .1429E+01 .9434E-01 .1332E+01 .1237E+01 .1429E+01 .1158E+00 .1545E+01 .1429E+01 .9434E-01 .3550E+00
.6360E+03 .1604E+01 .1408E+01 .9262E-01 .1312E+01 .1219E+01 .1408E+01 .1138E+00 .1521E+01 .1408E+01 .9262E-01 .3501E+00
.6370E+03 .1626E+01 .1428E+01 .9361E-01 .1330E+01 .1237E+01 .1428E+01 .1152E+00 .1543E+01 .1428E+01 .9361E-01 .3560E+00
.6380E+03 .1634E+01 .1441E+01 .9422E-01 .1342E+01 .1248E+01 .1441E+01 .1161E+00 .1557E+01 .1441E+01 .9422E-01 .3601E+00
.6390E+03 .1612E+01 .1424E+01 .9281E-01 .1326E+01 .1233E+01 .1424E+01 .1146E+00 .1538E+01 .1424E+01 .9281E-01 .3567E+00
.6400E+03 .1592E+01 .1409E+01 .9158E-01 .1312E+01 .1220E+01 .1409E+01 .1132E+00 .1522E+01 .1409E+01 .9158E-01 .3536E+00
.6410E+03 .1588E+01 .1408E+01 .9113E-01 .1310E+01 .1219E+01 .1408E+01 .1128E+00 .1520E+01 .1408E+01 .9113E-01 .3537E+00
.6420E+03 .1577E+01 .1401E+01 .9041E-01 .1303E+01 .1213E+01 .1401E+01 .1121E+00 .1513E+01 .1401E+01 .9041E-01 .3532E+00
.6430E+03 .1598E+01 .1418E+01 .9113E-01 .1319E+01 .1228E+01 .1418E+01 .1132E+00 .1531E+01 .1418E+01 .9113E-01 .3591E+00
.6440E+03 .1589E+01 .1413E+01 .9052E-01 .1314E+01 .1223E+01 .1413E+01 .1127E+00 .1525E+01 .1413E+01 .9052E-01 .3590E+00
.6450E+03 .1594E+01 .1413E+01 .9005E-01 .1314E+01 .1224E+01 .1413E+01 .1123E+00 .1526E+01 .1413E+01 .9005E-01 .3596E+00
.6460E+03 .1570E+01 .1376E+01 .8678E-01 .1279E+01 .1192E+01 .1376E+01 .1085E+00 .1485E+01 .1376E+01 .8678E-01 .3505E+00
.6470E+03 .1578E+01 .1356E+01 .8421E-01 .1258E+01 .1174E+01 .1356E+01 .1057E+00 .1461E+01 .1356E+01 .8421E-01 .3459E+00
.6480E+03 .1592E+01 .1353E+01 .8348E-01 .1255E+01 .1172E+01 .1353E+01 .1051E+00 .1458E+01 .1353E+01 .8348E-01 .3462E+00
.6490E+03 .1561E+01 .1329E+01 .8168E-01 .1232E+01 .1151E+01 .1329E+01 .1030E+00 .1432E+01 .1329E+01 .8168E-01 .3407E+00
.6500E+03 .1530E+01 .1341E+01 .8322E-01 .1244E+01 .1161E+01 .1341E+01 .1048E+00 .1446E+01 .1341E+01 .8322E-01 .3444E+00
.6510E+03 .1587E+01 .1400E+01 .8675E-01 .1299E+01 .1212E+01 .1400E+01 .1093E+00 .1509E+01 .1400E+01 .8675E-01 .3601E+00
.6520E+03 .1569E+01 .1331E+01 .8066E-01 .1233E+01 .1152E+01 .1331E+01 .1022E+00 .1433E+01 .1331E+01 .8066E-01 .3428E+00
.6530E+03 .1567E+01 .1380E+01 .8482E-01 .1280E+01 .1195E+01 .1380E+01 .1073E+00 .1487E+01 .1380E+01 .8482E-01 .3568E+00
.6540E+03 .1544E+01 .1365E+01 .8365E-01 .1266E+01 .1182E+01 .1365E+01 .1060E+00 .1471E+01 .1365E+01 .8365E-01 .3536E+00
.6550E+03 .1510E+01 .1310E+01 .7933E-01 .1214E+01 .1135E+01 .1310E+01 .1008E+00 .1411E+01 .1310E+01 .7933E-01 .3397E+00
.6560E+03 .1322E+01 .1162E+01 .7037E-01 .1076E+01 .1006E+01 .1162E+01 .8951E-01 .1251E+01 .1162E+01 .7037E-01 .3017E+00
.6570E+03 .1357E+01 .1191E+01 .7188E-01 .1103E+01 .1032E+01 .1191E+01 .9163E-01 .1283E+01 .1191E+01 .7188E-01 .3106E+00
.6580E+03 .1510E+01 .1336E+01 .8069E-01 .1238E+01 .1157E+01 .1336E+01 .1030E+00 .1439E+01 .1336E+01 .8069E-01 .3499E+00
.6590E+03 .1514E+01 .1344E+01 .8094E-01 .1245E+01 .1164E+01 .1344E+01 .1035E+00 .1448E+01 .1344E+01 .8094E-01 .3529E+00
.6600E+03 .1518E+01 .1345E+01 .8053E-01 .1245E+01 .1165E+01 .1345E+01 .1031E+00 .1448E+01 .1345E+01 .8053E-01 .3535E+00
.6610E+03 .1528E+01 .1348E+01 .8021E-01 .1248E+01 .1168E+01 .1348E+01 .1030E+00 .1451E+01 .1348E+01 .8021E-01 .3549E+00
.6620E+03 .1538E+01 .1348E+01 .7958E-01 .1247E+01 .1167E+01 .1348E+01 .1025E+00 .1450E+01 .1348E+01 .7958E-01 .3562E+00
.6630E+03 .1505E+01 .1325E+01 .7815E-01 .1226E+01 .1148E+01 .1325E+01 .1008E+00 .1426E+01 .1325E+01 .7815E-01 .3516E+00
.6640E+03 .1513E+01 .1347E+01 .7960E-01 .1246E+01 .1166E+01 .1347E+01 .1027E+00 .1450E+01 .1347E+01 .7960E-01 .3582E+00
.6650E+03 .1507E+01 .1351E+01 .7982E-01 .1250E+01 .1170E+01 .1351E+01 .1030E+00 .1454E+01 .1351E+01 .7982E-01 .3598E+00
.6660E+03 .1505E+01 .1356E+01 .8004E-01 .1255E+01 .1174E+01 .1356E+01 .1034E+00 .1460E+01 .1356E+01 .8004E-01 .3619E+00
.6670E+03 .1500E+01 .1357E+01 .7996E-01 .1255E+01 .1175E+01 .1357E+01 .1035E+00 .1461E+01 .1357E+01 .7996E-01 .3631E+00
.6680E+03 .1497E+01 .1359E+01 .7987E-01 .1256E+01 .1177E+01 .1359E+01 .1035E+00 .1462E+01 .1359E+01 .7987E-01 .3644E+00
.6690E+03 .1518E+01 .1380E+01 .8084E-01 .1276E+01 .1195E+01 .1380E+01 .1049E+00 .1484E+01 .1380E+01 .8084E-01 .3706E+00
.6700E+03 .1510E+01 .1374E+01 .8024E-01 .1270E+01 .1190E+01 .1374E+01 .1043E+00 .1478E+01 .1374E+01 .8024E-01 .3696E+00
.6710E+03 .1508E+01 .1373E+01 .7995E-01 .1269E+01 .1189E+01 .1373E+01 .1041E+00 .1478E+01 .1373E+01 .7995E-01 .3704E+00
.6720E+03 .1494E+01 .1362E+01 .7904E-01 .1258E+01 .1179E+01 .1362E+01 .1032E+00 .1465E+01 .1362E+01 .7904E-01 .3692E+00
.6730E+03 .1515E+01 .1382E+01 .8001E-01 .1277E+01 .1197E+01 .1382E+01 .1047E+00 .1487E+01 .1382E+01 .8001E-01 .3769E+00
.6740E+03 .1508E+01 .1377E+01 .7941E-01 .1272E+01 .1192E+01 .1377E+01 .1041E+00 .1481E+01 .1377E+01 .7941E-01 .3759E+00
.6750E+03 .1493E+01 .1364E+01 .7839E-01 .1260E+01 .1181E+01 .1364E+01 .1029E+00 .1467E+01 .1364E+01 .7839E-01 .3729E+00
.6760E+03 .1502E+01 .1373E+01 .7864E-01 .1268E+01 .1189E+01 .1373E+01 .1034E+00 .1476E+01 .1373E+01 .7864E-01 .3763E+00
.6770E+03 .1486E+01 .1359E+01 .7759E-01 .1255E+01 .1177E+01 .1359E+01 .1023E+00 .1461E+01 .1359E+01 .7759E-01 .3739E+00
.6780E+03 .1489E+01 .1362E+01 .7752E-01 .1257E+01 .1180E+01 .1362E+01 .1024E+00 .1465E+01 .1362E+01 .7752E-01 .3763E+00
.6790E+03 .1464E+01 .1340E+01 .7600E-01 .1237E+01 .1161E+01 .1340E+01 .1006E+00 .1441E+01 .1340E+01 .7600E-01 .3712E+00
.6800E+03 .1475E+01 .1351E+01 .7635E-01 .1246E+01 .1170E+01 .1351E+01 .1012E+00 .1452E+01 .1351E+01 .7635E-01 .3751E+00
.6810E+03 .1465E+01 .1342E+01 .7560E-01 .1238E+01 .1162E+01 .1342E+01 .1004E+00 .1443E+01 .1342E+01 .7560E-01 .3737E+00
.6820E+03 .1463E+01 .1341E+01 .7525E-01 .1236E+01 .1161E+01 .1341E+01 .1001E+00 .1441E+01 .1341E+01 .7525E-01 .3742E+00
.6830E+03 .1460E+01 .1338E+01 .7485E-01 .1234E+01 .1159E+01 .1338E+01 .9977E-01 .1438E+01 .1338E+01 .7485E-01 .3743E+00
.6840E+03 .1453E+01 .1332E+01 .7417E-01 .1227E+01 .1153E+01 .1332E+01 .9903E-01 .1431E+01 .1332E+01 .7417E-01 .3728E+00
.6850E+03 .1464E+01 .1343E+01 .7458E-01 .1238E+01 .1163E+01 .1343E+01 .9973E-01 .1443E+01 .1343E+01 .7458E-01 .3765E+00
.6860E+03 .1457E+01 .1336E+01 .7387E-01 .1231E+01 .1157E+01 .1336E+01 .9899E-01 .1435E+01 .1336E+01 .7387E-01 .3755E+00
.6870E+03 .1475E+01 .1088E+01 .5311E-01 .9956E+00 .9425E+00 .1088E+01 .7355E-01 .1162E+01 .1088E+01 .5311E-01 .3053E+00
.6880E+03 .1458E+01 .1176E+01 .6009E-01 .1078E+01 .1018E+01 .1176E+01 .8234E-01 .1258E+01 .1176E+01 .6009E-01 .3318E+00
.6890E+03 .1455E+01 .1177E+01 .5999E-01 .1079E+01 .1019E+01 .1177E+01 .8231E-01 .1259E+01 .1177E+01 .5999E-01 .3323E+00
.6900E+03 .1445E+01 .1202E+01 .6198E-01 .1103E+01 .1041E+01 .1202E+01 .8485E-01 .1286E+01 .1202E+01 .6198E-01 .3400E+00
.6910E+03 .1434E+01 .1226E+01 .6404E-01 .1126E+01 .1062E+01 .1226E+01 .8750E-01 .1314E+01 .1226E+01 .6404E-01 .3484E+00
.6920E+03 .1421E+01 .1232E+01 .6467E-01 .1132E+01 .1067E+01 .1232E+01 .8838E-01 .1321E+01 .1232E+01 .6467E-01 .3516E+00
.6930E+03 .1423E+01 .1191E+01 .6134E-01 .1093E+01 .1032E+01 .1191E+01 .8434E-01 .1276E+01 .1191E+01 .6134E-01 .3407E+00
.6940E+03 .1427E+01 .1165E+01 .5943E-01 .1068E+01 .1009E+01 .1165E+01 .8196E-01 .1247E+01 .1165E+01 .5943E-01 .3333E+00
.6950E+03 .1427E+01 .1212E+01 .6281E-01 .1113E+01 .1050E+01 .1212E+01 .8634E-01 .1298E+01 .1212E+01 .6281E-01 .3476E+00
.6960E+03 .1439E+01 .1213E+01 .6267E-01 .1113E+01 .1051E+01 .1213E+01 .8634E-01 .1300E+01 .1213E+01 .6267E-01 .3491E+00
.6970E+03 .1433E+01 .1292E+01 .6815E-01 .1187E+01 .1119E+01 .1292E+01 .9353E-01 .1386E+01 .1292E+01 .6815E-01 .3737E+00
.6980E+03 .1413E+01 .1271E+01 .6676E-01 .1168E+01 .1101E+01 .1271E+01 .9183E-01 .1363E+01 .1271E+01 .6676E-01 .3686E+00
.6990E+03 .1432E+01 .1237E+01 .6365E-01 .1135E+01 .1072E+01 .1237E+01 .8807E-01 .1325E+01 .1237E+01 .6365E-01 .3589E+00
.7000E+03 .1414E+01 .1220E+01 .6245E-01 .1119E+01 .1057E+01 .1220E+01 .8659E-01 .1307E+01 .1220E+01 .6245E-01 .3543E+00
.7010E+03 .1411E+01 .1206E+01 .6107E-01 .1105E+01 .1044E+01 .1206E+01 .8502E-01 .1291E+01 .1206E+01 .6107E-01 .3511E+00
.7020E+03 .1403E+01 .1217E+01 .6192E-01 .1116E+01 .1054E+01 .1217E+01 .8624E-01 .1303E+01 .1217E+01 .6192E-01 .3560E+00
.7030E+03 .1409E+01 .1218E+01 .6181E-01 .1117E+01 .1055E+01 .1218E+01 .8624E-01 .1305E+01 .1218E+01 .6181E-01 .3572E+00
.7040E+03 .1423E+01 .1260E+01 .6434E-01 .1156E+01 .1091E+01 .1260E+01 .8968E-01 .1350E+01 .1260E+01 .6434E-01 .3699E+00
.7050E+03 .1425E+01 .1258E+01 .6384E-01 .1154E+01 .1090E+01 .1258E+01 .8920E-01 .1348E+01 .1258E+01 .6384E-01 .3697E+00
.7060E+03 .1411E+01 .1261E+01 .6408E-01 .1156E+01 .1092E+01 .1261E+01 .8959E-01 .1350E+01 .1261E+01 .6408E-01 .3714E+00
.7070E+03 .1408E+01 .1261E+01 .6395E-01 .1156E+01 .1092E+01 .1261E+01 .8955E-01 .1351E+01 .1261E+01 .6395E-01 .3724E+00
.7080E+03 .1411E+01 .1265E+01 .6388E-01 .1159E+01 .1095E+01 .1265E+01 .8963E-01 .1354E+01 .1265E+01 .6388E-01 .3741E+00
.7090E+03 .1397E+01 .1270E+01 .6440E-01 .1164E+01 .1100E+01 .1270E+01 .9033E-01 .1360E+01 .1270E+01 .6440E-01 .3762E+00
.7100E+03 .1404E+01 .1268E+01 .6381E-01 .1162E+01 .1098E+01 .1268E+01 .8977E-01 .1358E+01 .1268E+01 .6381E-01 .3761E+00
.7110E+03 .1397E+01 .1268E+01 .6382E-01 .1162E+01 .1098E+01 .1268E+01 .8997E-01 .1358E+01 .1268E+01 .6382E-01 .3785E+00
.7120E+03 .1386E+01 .1265E+01 .6374E-01 .1159E+01 .1096E+01 .1265E+01 .9004E-01 .1355E+01 .1265E+01 .6374E-01 .3802E+00
.7130E+03 .1378E+01 .1251E+01 .6263E-01 .1146E+01 .1084E+01 .1251E+01 .8871E-01 .1340E+01 .1251E+01 .6263E-01 .3766E+00
.7140E+03 .1383E+01 .1256E+01 .6267E-01 .1151E+01 .1088E+01 .1256E+01 .8888E-01 .1345E+01 .1256E+01 .6267E-01 .3780E+00
.7150E+03 .1357E+01 .1212E+01 .5974E-01 .1109E+01 .1050E+01 .1212E+01 .8505E-01 .1297E+01 .1212E+01 .5974E-01 .3649E+00
.7160E+03 .1364E+01 .1210E+01 .5927E-01 .1107E+01 .1048E+01 .1210E+01 .8465E-01 .1295E+01 .1210E+01 .5927E-01 .3655E+00
.7170E+03 .1383E+01 .1025E+01 .4629E-01 .9340E+00 .8877E+00 .1025E+01 .6775E-01 .1093E+01 .1025E+01 .4629E-01 .3098E+00
.7180E+03 .1361E+01 .9353E+00 .4117E-01 .8511E+00 .8100E+00 .9353E+00 .6079E-01 .9961E+00 .9353E+00 .4117E-01 .2831E+00
.7190E+03 .1336E+01 .8727E+00 .3820E-01 .7940E+00 .7558E+00 .8727E+00 .5656E-01 .9293E+00 .8727E+00 .3820E-01 .2648E+00
.7200E+03 .1362E+01 .9115E+00 .3953E-01 .8290E+00 .7894E+00 .9115E+00 .5876E-01 .9703E+00 .9115E+00 .3953E-01 .2771E+00
.7210E+03 .1347E+01 .1020E+01 .4647E-01 .9299E+00 .8834E+00 .1020E+01 .6814E-01 .1088E+01 .1020E+01 .4647E-01 .3115E+00
.7220E+03 .1346E+01 .1170E+01 .5570E-01 .1069E+01 .1014E+01 .1170E+01 .8076E-01 .1251E+01 .1170E+01 .5570E-01 .3589E+00
.7230E+03 .1358E+01 .1086E+01 .5007E-01 .9903E+00 .9402E+00 .1086E+01 .7330E-01 .1159E+01 .1086E+01 .5007E-01 .3329E+00
.7240E+03 .1347E+01 .9755E+00 .4337E-01 .8882E+00 .8448E+00 .9755E+00 .6423E-01 .1040E+01 .9755E+00 .4337E-01 .2991E+00
.7250E+03 .1338E+01 .9478E+00 .4129E-01 .8621E+00 .8208E+00 .9478E+00 .6157E-01 .1009E+01 .9478E+00 .4129E-01 .2907E+00
.7260E+03 .1340E+01 .9895E+00 .4347E-01 .9004E+00 .8569E+00 .9895E+00 .6470E-01 .1054E+01 .9895E+00 .4347E-01 .3039E+00
.7270E+03 .1349E+01 .1016E+01 .4518E-01 .9251E+00 .8799E+00 .1016E+01 .6705E-01 .1083E+01 .1016E+01 .4518E-01 .3126E+00
.7280E+03 .1325E+01 .9477E+00 .4111E-01 .8619E+00 .8207E+00 .9477E+00 .6151E-01 .1009E+01 .9477E+00 .4111E-01 .2916E+00
.7290E+03 .1298E+01 .9893E+00 .4398E-01 .9007E+00 .8567E+00 .9893E+00 .6537E-01 .1055E+01 .9893E+00 .4398E-01 .3050E+00
.7300E+03 .1330E+01 .1040E+01 .4589E-01 .9469E+00 .9011E+00 .1040E+01 .6843E-01 .1109E+01 .1040E+01 .4589E-01 .3212E+00
.7310E+03 .1320E+01 .9914E+00 .4322E-01 .9018E+00 .8586E+00 .9914E+00 .6476E-01 .1056E+01 .9914E+00 .4322E-01 .3067E+00
.7320E+03 .1323E+01 .1072E+01 .4802E-01 .9763E+00 .9283E+00 .1072E+01 .7144E-01 .1143E+01 .1072E+01 .4802E-01 .3328E+00
.7330E+03 .1319E+01 .1143E+01 .5231E-01 .1042E+01 .9899E+00 .1143E+01 .7739E-01 .1220E+01 .1143E+01 .5231E-01 .3556E+00
.7340E+03 .1333E+01 .1172E+01 .5386E-01 .1069E+01 .1015E+01 .1172E+01 .7966E-01 .1252E+01 .1172E+01 .5386E-01 .3652E+00
.7350E+03 .1314E+01 .1146E+01 .5224E-01 .1045E+01 .9925E+00 .1146E+01 .7751E-01 .1224E+01 .1146E+01 .5224E-01 .3575E+00
.7360E+03 .1308E+01 .1146E+01 .5204E-01 .1044E+01 .9921E+00 .1146E+01 .7737E-01 .1223E+01 .1146E+01 .5204E-01 .3581E+00
.7370E+03 .1318E+01 .1149E+01 .5203E-01 .1047E+01 .9954E+00 .1149E+01 .7752E-01 .1227E+01 .1149E+01 .5203E-01 .3600E+00
.7380E+03 .1296E+01 .1171E+01 .5367E-01 .1068E+01 .1014E+01 .1171E+01 .7973E-01 .1250E+01 .1171E+01 .5367E-01 .3673E+00
.7390E+03 .1274E+01 .1147E+01 .5241E-01 .1046E+01 .9936E+00 .1147E+01 .7799E-01 .1225E+01 .1147E+01 .5241E-01 .3604E+00
.7400E+03 .1293E+01 .1181E+01 .5410E-01 .1077E+01 .1023E+01 .1181E+01 .8050E-01 .1261E+01 .1181E+01 .5410E-01 .3714E+00
.7410E+03 .1272E+01 .1171E+01 .5368E-01 .1068E+01 .1014E+01 .1171E+01 .7993E-01 .1251E+01 .1171E+01 .5368E-01 .3689E+00
.7420E+03 .1266E+01 .1175E+01 .5386E-01 .1071E+01 .1017E+01 .1175E+01 .8024E-01 .1255E+01 .1175E+01 .5386E-01 .3704E+00
.7430E+03 .1296E+01 .1205E+01 .5514E-01 .1099E+01 .1044E+01 .1205E+01 .8224E-01 .1288E+01 .1205E+01 .5514E-01 .3801E+00
.7440E+03 .1288E+01 .1204E+01 .5499E-01 .1097E+01 .1042E+01 .1204E+01 .8208E-01 .1286E+01 .1204E+01 .5499E-01 .3795E+00
.7450E+03 .1285E+01 .1205E+01 .5499E-01 .1099E+01 .1044E+01 .1205E+01 .8218E-01 .1287E+01 .1205E+01 .5499E-01 .3805E+00
.7460E+03 .1291E+01 .1211E+01 .5508E-01 .1104E+01 .1049E+01 .1211E+01 .8247E-01 .1293E+01 .1211E+01 .5508E-01 .3831E+00
.7470E+03 .1293E+01 .1214E+01 .5508E-01 .1107E+01 .1051E+01 .1214E+01 .8261E-01 .1297E+01 .1214E+01 .5508E-01 .3847E+00
.7480E+03 .1290E+01 .1212E+01 .5480E-01 .1104E+01 .1050E+01 .1212E+01 .8230E-01 .1294E+01 .1212E+01 .5480E-01 .3840E+00
.7490E+03 .1275E+01 .1198E+01 .5400E-01 .1092E+01 .1038E+01 .1198E+01 .8122E-01 .1280E+01 .1198E+01 .5400E-01 .3796E+00
.7500E+03 .1274E+01 .1198E+01 .5381E-01 .1091E+01 .1037E+01 .1198E+01 .8108E-01 .1279E+01 .1198E+01 .5381E-01 .3800E+00
.7510E+03 .1261E+01 .1186E+01 .5311E-01 .1080E+01 .1027E+01 .1186E+01 .8018E-01 .1266E+01 .1186E+01 .5311E-01 .3771E+00
.7520E+03 .1266E+01 .1191E+01 .5319E-01 .1085E+01 .1032E+01 .1191E+01 .8045E-01 .1272E+01 .1191E+01 .5319E-01 .3793E+00
.7530E+03 .1272E+01 .1197E+01 .5329E-01 .1090E+01 .1037E+01 .1197E+01 .8071E-01 .1278E+01 .1197E+01 .5329E-01 .3813E+00
.7540E+03 .1275E+01 .1200E+01 .5322E-01 .1093E+01 .1039E+01 .1200E+01 .8072E-01 .1281E+01 .1200E+01 .5322E-01 .3821E+00
.7550E+03 .1268E+01 .1194E+01 .5276E-01 .1086E+01 .1034E+01 .1194E+01 .8018E-01 .1274E+01 .1194E+01 .5276E-01 .3806E+00
.7560E+03 .1267E+01 .1193E+01 .5261E-01 .1086E+01 .1034E+01 .1193E+01 .8011E-01 .1274E+01 .1193E+01 .5261E-01 .3815E+00
.7570E+03 .1269E+01 .1195E+01 .5254E-01 .1088E+01 .1035E+01 .1195E+01 .8016E-01 .1276E+01 .1195E+01 .5254E-01 .3828E+00
.7580E+03 .1254E+01 .1181E+01 .5174E-01 .1075E+01 .1023E+01 .1181E+01 .7907E-01 .1260E+01 .1181E+01 .5174E-01 .3786E+00
.7590E+03 .1250E+01 .1168E+01 .5074E-01 .1062E+01 .1011E+01 .1168E+01 .7779E-01 .1245E+01 .1168E+01 .5074E-01 .3746E+00
.7600E+03 .1250E+01 .4616E+00 .1194E-01 .4117E+00 .3998E+00 .4616E+00 .2215E-01 .4838E+00 .4616E+00 .1194E-01 .1458E+00
.7610E+03 .1246E+01 .3298E+00 .7081E-02 .2927E+00 .2856E+00 .3298E+00 .1430E-01 .3441E+00 .3298E+00 .7081E-02 .1038E+00
.7620E+03 .1224E+01 .8183E+00 .2919E-01 .7379E+00 .7087E+00 .8183E+00 .4787E-01 .8662E+00 .8183E+00 .2919E-01 .2615E+00
.7630E+03 .1247E+01 .5752E+00 .1664E-01 .5147E+00 .4981E+00 .5752E+00 .2953E-01 .6047E+00 .5752E+00 .1664E-01 .1826E+00
.7640E+03 .1240E+01 .7098E+00 .2306E-01 .6378E+00 .6147E+00 .7098E+00 .3915E-01 .7489E+00 .7098E+00 .2306E-01 .2261E+00
.7650E+03 .1227E+01 .8193E+00 .2890E-01 .7384E+00 .7095E+00 .8193E+00 .4765E-01 .8669E+00 .8193E+00 .2890E-01 .2619E+00
.7660E+03 .1177E+01 .8928E+00 .3371E-01 .8069E+00 .7732E+00 .8928E+00 .5432E-01 .9472E+00 .8928E+00 .3371E-01 .2864E+00
.7670E+03 .1217E+01 .1023E+01 .4081E-01 .9271E+00 .8863E+00 .1023E+01 .6462E-01 .1088E+01 .1023E+01 .4081E-01 .3293E+00
.7680E+03 .1222E+01 .1105E+01 .4572E-01 .1002E+01 .9565E+00 .1105E+01 .7158E-01 .1176E+01 .1105E+01 .4572E-01 .3563E+00
.7690E+03 .1210E+01 .1111E+01 .4626E-01 .1009E+01 .9623E+00 .1111E+01 .7236E-01 .1184E+01 .1111E+01 .4626E-01 .3591E+00
.7700E+03 .1210E+01 .1131E+01 .4739E-01 .1027E+01 .9793E+00 .1131E+01 .7405E-01 .1205E+01 .1131E+01 .4739E-01 .3662E+00
.7710E+03 .1202E+01 .1132E+01 .4751E-01 .1028E+01 .9803E+00 .1132E+01 .7428E-01 .1206E+01 .1132E+01 .4751E-01 .3674E+00
.7720E+03 .1199E+01 .1132E+01 .4742E-01 .1028E+01 .9804E+00 .1132E+01 .7424E-01 .1206E+01 .1132E+01 .4742E-01 .3678E+00
.7730E+03 .1206E+01 .1139E+01 .4759E-01 .1034E+01 .9868E+00 .1139E+01 .7460E-01 .1214E+01 .1139E+01 .4759E-01 .3702E+00
.7740E+03 .1199E+01 .1134E+01 .4719E-01 .1029E+01 .9817E+00 .1134E+01 .7408E-01 .1208E+01 .1134E+01 .4719E-01 .3682E+00
.7750E+03 .1189E+01 .1125E+01 .4670E-01 .1021E+01 .9740E+00 .1125E+01 .7345E-01 .1198E+01 .1125E+01 .4670E-01 .3661E+00
.7760E+03 .1203E+01 .1138E+01 .4714E-01 .1033E+01 .9858E+00 .1138E+01 .7429E-01 .1213E+01 .1138E+01 .4714E-01 .3714E+00
.7770E+03 .1187E+01 .1123E+01 .4637E-01 .1019E+01 .9728E+00 .1123E+01 .7322E-01 .1197E+01 .1123E+01 .4637E-01 .3669E+00
.7780E+03 .1180E+01 .1117E+01 .4594E-01 .1013E+01 .9670E+00 .1117E+01 .7263E-01 .1189E+01 .1117E+01 .4594E-01 .3646E+00
.7790E+03 .1181E+01 .1118E+01 .4583E-01 .1014E+01 .9680E+00 .1118E+01 .7256E-01 .1190E+01 .1118E+01 .4583E-01 .3649E+00
.7800E+03 .1174E+01 .1111E+01 .4544E-01 .1008E+01 .9626E+00 .1111E+01 .7207E-01 .1184E+01 .1111E+01 .4544E-01 .3633E+00
.7810E+03 .1175E+01 .1113E+01 .4535E-01 .1009E+01 .9636E+00 .1113E+01 .7205E-01 .1185E+01 .1113E+01 .4535E-01 .3641E+00
.7820E+03 .1182E+01 .1120E+01 .4549E-01 .1015E+01 .9696E+00 .1120E+01 .7241E-01 .1192E+01 .1120E+01 .4549E-01 .3667E+00
.7830E+03 .1161E+01 .1100E+01 .4457E-01 .9972E+00 .9527E+00 .1100E+01 .7105E-01 .1171E+01 .1100E+01 .4457E-01 .3606E+00
.7840E+03 .1166E+01 .1105E+01 .4465E-01 .1002E+01 .9572E+00 .1105E+01 .7130E-01 .1177E+01 .1105E+01 .4465E-01 .3626E+00
.7850E+03 .1159E+01 .1096E+01 .4409E-01 .9934E+00 .9493E+00 .1096E+01 .7057E-01 .1167E+01 .1096E+01 .4409E-01 .3601E+00
.7860E+03 .1173E+01 .1108E+01 .4438E-01 .1004E+01 .9593E+00 .1108E+01 .7118E-01 .1179E+01 .1108E+01 .4438E-01 .3643E+00
.7870E+03 .1168E+01 .1085E+01 .4296E-01 .9829E+00 .9400E+00 .1085E+01 .6923E-01 .1155E+01 .1085E+01 .4296E-01 .3572E+00
.7880E+03 .1162E+01 .1070E+01 .4204E-01 .9689E+00 .9268E+00 .1070E+01 .6797E-01 .1138E+01 .1070E+01 .4204E-01 .3524E+00
.7890E+03 .1168E+01 .1067E+01 .4167E-01 .9658E+00 .9241E+00 .1067E+01 .6755E-01 .1135E+01 .1067E+01 .4167E-01 .3516E+00
.7900E+03 .1166E+01 .1037E+01 .3993E-01 .9381E+00 .8982E+00 .1037E+01 .6509E-01 .1102E+01 .1037E+01 .3993E-01 .3420E+00
.7910E+03 .1150E+01 .1048E+01 .4067E-01 .9484E+00 .9077E+00 .1048E+01 .6617E-01 .1114E+01 .1048E+01 .4067E-01 .3461E+00
.7920E+03 .1139E+01 .1042E+01 .4037E-01 .9424E+00 .9020E+00 .1042E+01 .6574E-01 .1107E+01 .1042E+01 .4037E-01 .3441E+00
.7930E+03 .1124E+01 .1024E+01 .3951E-01 .9266E+00 .8871E+00 .1024E+01 .6446E-01 .1089E+01 .1024E+01 .3951E-01 .3383E+00
.7940E+03 .1111E+01 .1048E+01 .4091E-01 .9484E+00 .9075E+00 .1048E+01 .6651E-01 .1114E+01 .1048E+01 .4091E-01 .3463E+00
.7950E+03 .1137E+01 .1064E+01 .4125E-01 .9628E+00 .9215E+00 .1064E+01 .6728E-01 .1131E+01 .1064E+01 .4125E-01 .3520E+00
.7960E+03 .1141E+01 .1025E+01 .3888E-01 .9264E+00 .8876E+00 .1025E+01 .6393E-01 .1089E+01 .1025E+01 .3888E-01 .3392E+00
.7970E+03 .1140E+01 .1026E+01 .3876E-01 .9272E+00 .8884E+00 .1026E+01 .6389E-01 .1090E+01 .1026E+01 .3876E-01 .3401E+00
.7980E+03 .1139E+01 .1061E+01 .4070E-01 .9600E+00 .9193E+00 .1061E+01 .6682E-01 .1128E+01 .1061E+01 .4070E-01 .3529E+00
.7990E+03 .1140E+01 .1054E+01 .4014E-01 .9526E+00 .9124E+00 .1054E+01 .6611E-01 .1120E+01 .1054E+01 .4014E-01 .3508E+00
.8000E+03 .1130E+01 .1033E+01 .3903E-01 .9338E+00 .8948E+00 .1033E+01 .6450E-01 .1098E+01 .1033E+01 .3903E-01 .3439E+00
.8010E+03 .1133E+01 .1030E+01 .3867E-01 .9305E+00 .8918E+00 .1030E+01 .6405E-01 .1094E+01 .1030E+01 .3867E-01 .3427E+00
.8020E+03 .1128E+01 .1027E+01 .3844E-01 .9278E+00 .8894E+00 .1027E+01 .6378E-01 .1091E+01 .1027E+01 .3844E-01 .3420E+00
.8030E+03 .1123E+01 .1018E+01 .3791E-01 .9198E+00 .8819E+00 .1018E+01 .6307E-01 .1081E+01 .1018E+01 .3791E-01 .3394E+00
.8040E+03 .1121E+01 .1021E+01 .3796E-01 .9218E+00 .8839E+00 .1021E+01 .6322E-01 .1084E+01 .1021E+01 .3796E-01 .3405E+00
.8050E+03 .1107E+01 .1019E+01 .3802E-01 .9209E+00 .8829E+00 .1019E+01 .6331E-01 .1083E+01 .1019E+01 .3802E-01 .3405E+00
.8060E+03 .1122E+01 .1050E+01 .3937E-01 .9489E+00 .9095E+00 .1050E+01 .6549E-01 .1116E+01 .1050E+01 .3937E-01 .3512E+00
.8070E+03 .1113E+01 .1037E+01 .3870E-01 .9370E+00 .8983E+00 .1037E+01 .6453E-01 .1102E+01 .1037E+01 .3870E-01 .3472E+00
.8080E+03 .1111E+01 .1039E+01 .3869E-01 .9385E+00 .8998E+00 .1039E+01 .6461E-01 .1104E+01 .1039E+01 .3869E-01 .3481E+00
.8090E+03 .1102E+01 .1018E+01 .3755E-01 .9190E+00 .8815E+00 .1018E+01 .6295E-01 .1081E+01 .1018E+01 .3755E-01 .3413E+00
.8100E+03 .1105E+01 .1004E+01 .3668E-01 .9065E+00 .8698E+00 .1004E+01 .6176E-01 .1066E+01 .1004E+01 .3668E-01 .3371E+00
.8110E+03 .1116E+01 .1006E+01 .3640E-01 .9075E+00 .8711E+00 .1006E+01 .6154E-01 .1067E+01 .1006E+01 .3640E-01 .3378E+00
.8120E+03 .1117E+01 .9717E+00 .3453E-01 .8761E+00 .8416E+00 .9717E+00 .5882E-01 .1031E+01 .9717E+00 .3453E-01 .3268E+00
.8130E+03 .1119E+01 .9495E+00 .3343E-01 .8557E+00 .8223E+00 .9495E+00 .5721E-01 .1007E+01 .9495E+00 .3343E-01 .3200E+00
.8140E+03 .1112E+01 .8221E+00 .2752E-01 .7395E+00 .7120E+00 .8221E+00 .4801E-01 .8701E+00 .8221E+00 .2752E-01 .2770E+00
.8150E+03 .1106E+01 .8195E+00 .2745E-01 .7372E+00 .7097E+00 .8195E+00 .4789E-01 .8674E+00 .8195E+00 .2745E-01 .2761E+00
.8160E+03 .1104E+01 .7671E+00 .2520E-01 .6895E+00 .6643E+00 .7671E+00 .4431E-01 .8114E+00 .7671E+00 .2520E-01 .2584E+00
.8170E+03 .1100E+01 .7871E+00 .2604E-01 .7076E+00 .6816E+00 .7871E+00 .4569E-01 .8327E+00 .7871E+00 .2604E-01 .2654E+00
.8180E+03 .1078E+01 .7577E+00 .2470E-01 .6809E+00 .6562E+00 .7577E+00 .4362E-01 .8013E+00 .7577E+00 .2470E-01 .2556E+00
.8190E+03 .1072E+01 .8578E+00 .2922E-01 .7721E+00 .7429E+00 .8578E+00 .5080E-01 .9086E+00 .8578E+00 .2922E-01 .2900E+00
.8200E+03 .1065E+01 .8049E+00 .2681E-01 .7239E+00 .6971E+00 .8049E+00 .4704E-01 .8519E+00 .8049E+00 .2681E-01 .2723E+00
.8210E+03 .1064E+01 .9427E+00 .3307E-01 .8495E+00 .8164E+00 .9427E+00 .5697E-01 .9997E+00 .9427E+00 .3307E-01 .3198E+00
.8220E+03 .1066E+01 .9139E+00 .3160E-01 .8231E+00 .7915E+00 .9139E+00 .5477E-01 .9687E+00 .9139E+00 .3160E-01 .3102E+00
.8230E+03 .1077E+01 .6140E+00 .1873E-01 .5505E+00 .5317E+00 .6140E+00 .3407E-01 .6481E+00 .6140E+00 .1873E-01 .2080E+00
.8240E+03 .1074E+01 .8788E+00 .2953E-01 .7906E+00 .7610E+00 .8788E+00 .5180E-01 .9306E+00 .8788E+00 .2953E-01 .2987E+00
.8250E+03 .1071E+01 .9278E+00 .3204E-01 .8355E+00 .8035E+00 .9278E+00 .5568E-01 .9835E+00 .9278E+00 .3204E-01 .3159E+00
.8260E+03 .1079E+01 .8898E+00 .3017E-01 .8007E+00 .7706E+00 .8898E+00 .5282E-01 .9426E+00 .8898E+00 .3017E-01 .3031E+00
.8270E+03 .1077E+01 .9405E+00 .3229E-01 .8468E+00 .8145E+00 .9405E+00 .5632E-01 .9968E+00 .9405E+00 .3229E-01 .3208E+00
.8280E+03 .1071E+01 .7909E+00 .2554E-01 .7105E+00 .6850E+00 .7909E+00 .4561E-01 .8365E+00 .7909E+00 .2554E-01 .2696E+00
.8290E+03 .1064E+01 .8843E+00 .2976E-01 .7956E+00 .7659E+00 .8843E+00 .5236E-01 .9367E+00 .8843E+00 .2976E-01 .3020E+00
.8300E+03 .1061E+01 .8666E+00 .2883E-01 .7793E+00 .7505E+00 .8666E+00 .5096E-01 .9175E+00 .8666E+00 .2883E-01 .2958E+00
.8310E+03 .1055E+01 .8697E+00 .2890E-01 .7821E+00 .7532E+00 .8697E+00 .5113E-01 .9208E+00 .8697E+00 .2890E-01 .2968E+00
.8320E+03 .1058E+01 .8395E+00 .2752E-01 .7546E+00 .7270E+00 .8395E+00 .4900E-01 .8885E+00 .8395E+00 .2752E-01 .2871E+00
.8330E+03 .1025E+01 .9010E+00 .3038E-01 .8107E+00 .7803E+00 .9010E+00 .5358E-01 .9546E+00 .9010E+00 .3038E-01 .3090E+00
.8340E+03 .1030E+01 .8631E+00 .2853E-01 .7760E+00 .7474E+00 .8631E+00 .5075E-01 .9138E+00 .8631E+00 .2853E-01 .2963E+00
.8350E+03 .1046E+01 .9596E+00 .3278E-01 .8638E+00 .8310E+00 .9596E+00 .5764E-01 .1017E+01 .9596E+00 .3278E-01 .3301E+00
.8360E+03 .1051E+01 .9094E+00 .3019E-01 .8177E+00 .7875E+00 .9094E+00 .5369E-01 .9631E+00 .9094E+00 .3019E-01 .3129E+00
.8370E+03 .1046E+01 .9628E+00 .3272E-01 .8665E+00 .8338E+00 .9628E+00 .5774E-01 .1021E+01 .9628E+00 .3272E-01 .3319E+00
.8380E+03 .1030E+01 .9291E+00 .3112E-01 .8358E+00 .8046E+00 .9291E+00 .5525E-01 .9844E+00 .9291E+00 .3112E-01 .3204E+00
.8390E+03 .1027E+01 .9492E+00 .3213E-01 .8542E+00 .8221E+00 .9492E+00 .5686E-01 .1006E+01 .9492E+00 .3213E-01 .3278E+00
.8400E+03 .1044E+01 .9711E+00 .3288E-01 .8739E+00 .8410E+00 .9711E+00 .5822E-01 .1029E+01 .9711E+00 .3288E-01 .3357E+00
.8410E+03 .1038E+01 .9557E+00 .3211E-01 .8598E+00 .8277E+00 .9557E+00 .5707E-01 .1013E+01 .9557E+00 .3211E-01 .3306E+00
.8420E+03 .1029E+01 .9604E+00 .3242E-01 .8642E+00 .8318E+00 .9604E+00 .5756E-01 .1018E+01 .9604E+00 .3242E-01 .3327E+00
.8430E+03 .1017E+01 .9625E+00 .3264E-01 .8662E+00 .8335E+00 .9625E+00 .5790E-01 .1020E+01 .9625E+00 .3264E-01 .3338E+00
.8440E+03 .1010E+01 .9472E+00 .3188E-01 .8522E+00 .8203E+00 .9472E+00 .5676E-01 .1004E+01 .9472E+00 .3188E-01 .3288E+00
.8450E+03 .1034E+01 .9819E+00 .3316E-01 .8835E+00 .8503E+00 .9819E+00 .5901E-01 .1041E+01 .9819E+00 .3316E-01 .3412E+00
.8460E+03 .1028E+01 .9781E+00 .3299E-01 .8801E+00 .8471E+00 .9781E+00 .5877E-01 .1037E+01 .9781E+00 .3299E-01 .3402E+00
.8470E+03 .1005E+01 .9608E+00 .3239E-01 .8645E+00 .8321E+00 .9608E+00 .5774E-01 .1019E+01 .9608E+00 .3239E-01 .3346E+00
.8480E+03 .1004E+01 .9539E+00 .3196E-01 .8581E+00 .8261E+00 .9539E+00 .5712E-01 .1011E+01 .9539E+00 .3196E-01 .3324E+00
.8490E+03 .9755E+00 .9269E+00 .3097E-01 .8337E+00 .8027E+00 .9269E+00 .5543E-01 .9824E+00 .9269E+00 .3097E-01 .3233E+00
.8500E+03 .9336E+00 .8884E+00 .2962E-01 .7990E+00 .7694E+00 .8884E+00 .5308E-01 .9415E+00 .8884E+00 .2962E-01 .3102E+00
.8510E+03 .9946E+00 .9396E+00 .3113E-01 .8449E+00 .8137E+00 .9396E+00 .5594E-01 .9956E+00 .9396E+00 .3113E-01 .3283E+00
.8520E+03 .9850E+00 .9334E+00 .3088E-01 .8392E+00 .8084E+00 .9334E+00 .5552E-01 .9889E+00 .9334E+00 .3088E-01 .3261E+00
.8530E+03 .9433E+00 .8999E+00 .2978E-01 .8091E+00 .7794E+00 .8999E+00 .5354E-01 .9535E+00 .8999E+00 .2978E-01 .3144E+00
.8540E+03 .8184E+00 .7759E+00 .2552E-01 .6975E+00 .6720E+00 .7759E+00 .4600E-01 .8219E+00 .7759E+00 .2552E-01 .2712E+00
.8550E+03 .8936E+00 .8540E+00 .2814E-01 .7678E+00 .7396E+00 .8540E+00 .5071E-01 .9047E+00 .8540E+00 .2814E-01 .2989E+00
.8560E+03 .9789E+00 .9325E+00 .3058E-01 .8381E+00 .8075E+00 .9325E+00 .5524E-01 .9877E+00 .9325E+00 .3058E-01 .3267E+00
.8570E+03 .9971E+00 .9544E+00 .3131E-01 .8578E+00 .8265E+00 .9544E+00 .5660E-01 .1011E+01 .9544E+00 .3131E-01 .3351E+00
.8580E+03 .9912E+00 .9469E+00 .3096E-01 .8510E+00 .8201E+00 .9469E+00 .5608E-01 .1003E+01 .9469E+00 .3096E-01 .3332E+00
.8590E+03 .9901E+00 .9480E+00 .3095E-01 .8519E+00 .8210E+00 .9480E+00 .5611E-01 .1004E+01 .9480E+00 .3095E-01 .3337E+00
.8600E+03 .9903E+00 .9503E+00 .3097E-01 .8540E+00 .8230E+00 .9503E+00 .5618E-01 .1007E+01 .9503E+00 .3097E-01 .3345E+00
.8610E+03 .9853E+00 .9449E+00 .3069E-01 .8490E+00 .8183E+00 .9449E+00 .5577E-01 .1001E+01 .9449E+00 .3069E-01 .3328E+00
.8620E+03 .1000E+01 .9601E+00 .3113E-01 .8626E+00 .8315E+00 .9601E+00 .5665E-01 .1017E+01 .9601E+00 .3113E-01 .3388E+00
.8630E+03 .1024E+01 .9828E+00 .3179E-01 .8829E+00 .8511E+00 .9828E+00 .5795E-01 .1041E+01 .9828E+00 .3179E-01 .3475E+00
.8640E+03 .9722E+00 .9336E+00 .3012E-01 .8386E+00 .8085E+00 .9336E+00 .5499E-01 .9886E+00 .9336E+00 .3012E-01 .3305E+00
.8650E+03 .9633E+00 .9255E+00 .2979E-01 .8313E+00 .8015E+00 .9255E+00 .5446E-01 .9799E+00 .9255E+00 .2979E-01 .3279E+00
.8660E+03 .8662E+00 .8322E+00 .2672E-01 .7474E+00 .7207E+00 .8322E+00 .4891E-01 .8811E+00 .8322E+00 .2672E-01 .2951E+00
.8670E+03 .9038E+00 .8685E+00 .2781E-01 .7800E+00 .7522E+00 .8685E+00 .5098E-01 .9195E+00 .8685E+00 .2781E-01 .3083E+00
.8680E+03 .9833E+00 .9451E+00 .3019E-01 .8487E+00 .8185E+00 .9451E+00 .5542E-01 .1001E+01 .9451E+00 .3019E-01 .3358E+00
.8690E+03 .9627E+00 .9255E+00 .2949E-01 .8310E+00 .8015E+00 .9255E+00 .5421E-01 .9797E+00 .9255E+00 .2949E-01 .3291E+00
.8700E+03 .9901E+00 .9519E+00 .3025E-01 .8546E+00 .8244E+00 .9519E+00 .5569E-01 .1008E+01 .9519E+00 .3025E-01 .3388E+00
.8710E+03 .9766E+00 .9390E+00 .2976E-01 .8429E+00 .8132E+00 .9390E+00 .5487E-01 .9938E+00 .9390E+00 .2976E-01 .3345E+00
.8720E+03 .9729E+00 .9357E+00 .2958E-01 .8400E+00 .8104E+00 .9357E+00 .5463E-01 .9904E+00 .9357E+00 .2958E-01 .3337E+00
.8730E+03 .9709E+00 .9339E+00 .2945E-01 .8383E+00 .8088E+00 .9339E+00 .5446E-01 .9884E+00 .9339E+00 .2945E-01 .3334E+00
.8740E+03 .9593E+00 .9229E+00 .2902E-01 .8283E+00 .7992E+00 .9229E+00 .5372E-01 .9766E+00 .9229E+00 .2902E-01 .3294E+00
.8750E+03 .9401E+00 .9041E+00 .2835E-01 .8113E+00 .7830E+00 .9041E+00 .5254E-01 .9566E+00 .9041E+00 .2835E-01 .3227E+00
.8760E+03 .9502E+00 .9134E+00 .2855E-01 .8196E+00 .7911E+00 .9134E+00 .5300E-01 .9664E+00 .9134E+00 .2855E-01 .3262E+00
.8770E+03 .9594E+00 .9229E+00 .2879E-01 .8281E+00 .7993E+00 .9229E+00 .5350E-01 .9764E+00 .9229E+00 .2879E-01 .3299E+00
.8780E+03 .9708E+00 .9326E+00 .2899E-01 .8366E+00 .8076E+00 .9326E+00 .5397E-01 .9866E+00 .9326E+00 .2899E-01 .3336E+00
.8790E+03 .9556E+00 .9184E+00 .2848E-01 .8238E+00 .7953E+00 .9184E+00 .5310E-01 .9715E+00 .9184E+00 .2848E-01 .3289E+00
.8800E+03 .9350E+00 .8990E+00 .2781E-01 .8063E+00 .7785E+00 .8990E+00 .5192E-01 .9509E+00 .8990E+00 .2781E-01 .3222E+00
.8810E+03 .9237E+00 .8846E+00 .2724E-01 .7933E+00 .7661E+00 .8846E+00 .5098E-01 .9356E+00 .8846E+00 .2724E-01 .3175E+00
.8820E+03 .9442E+00 .9039E+00 .2776E-01 .8106E+00 .7828E+00 .9039E+00 .5206E-01 .9560E+00 .9039E+00 .2776E-01 .3250E+00
.8830E+03 .9454E+00 .9067E+00 .2782E-01 .8130E+00 .7852E+00 .9067E+00 .5223E-01 .9589E+00 .9067E+00 .2782E-01 .3266E+00
.8840E+03 .9416E+00 .9030E+00 .2762E-01 .8097E+00 .7820E+00 .9030E+00 .5192E-01 .9549E+00 .9030E+00 .2762E-01 .3253E+00
.8850E+03 .9486E+00 .9100E+00 .2775E-01 .8158E+00 .7881E+00 .9100E+00 .5223E-01 .9622E+00 .9100E+00 .2775E-01 .3278E+00
.8860E+03 .9132E+00 .8651E+00 .2614E-01 .7754E+00 .7492E+00 .8651E+00 .4942E-01 .9146E+00 .8651E+00 .2614E-01 .3119E+00
.8870E+03 .9164E+00 .8759E+00 .2654E-01 .7851E+00 .7585E+00 .8759E+00 .5015E-01 .9260E+00 .8759E+00 .2654E-01 .3164E+00
.8880E+03 .9363E+00 .8868E+00 .2670E-01 .7947E+00 .7680E+00 .8868E+00 .5063E-01 .9374E+00 .8868E+00 .2670E-01 .3209E+00
.8890E+03 .9366E+00 .9001E+00 .2721E-01 .8067E+00 .7795E+00 .9001E+00 .5150E-01 .9516E+00 .9001E+00 .2721E-01 .3257E+00
.8900E+03 .9393E+00 .8896E+00 .2662E-01 .7971E+00 .7704E+00 .8896E+00 .5060E-01 .9402E+00 .8896E+00 .2662E-01 .3218E+00
.8910E+03 .9322E+00 .8886E+00 .2660E-01 .7961E+00 .7695E+00 .8886E+00 .5058E-01 .9391E+00 .8886E+00 .2660E-01 .3219E+00
.8920E+03 .9173E+00 .8612E+00 .2552E-01 .7714E+00 .7459E+00 .8612E+00 .4877E-01 .9100E+00 .8612E+00 .2552E-01 .3125E+00
.8930E+03 .9118E+00 .8314E+00 .2434E-01 .7443E+00 .7200E+00 .8314E+00 .4678E-01 .8781E+00 .8314E+00 .2434E-01 .3021E+00
.8940E+03 .9140E+00 .7937E+00 .2265E-01 .7100E+00 .6873E+00 .7937E+00 .4401E-01 .8377E+00 .7937E+00 .2265E-01 .2882E+00
.8950E+03 .9104E+00 .7426E+00 .2054E-01 .6637E+00 .6431E+00 .7426E+00 .4045E-01 .7831E+00 .7426E+00 .2054E-01 .2694E+00
.8960E+03 .9238E+00 .6937E+00 .1875E-01 .6195E+00 .6008E+00 .6937E+00 .3732E-01 .7310E+00 .6937E+00 .1875E-01 .2518E+00
.8970E+03 .9099E+00 .5893E+00 .1515E-01 .5255E+00 .5104E+00 .5893E+00 .3084E-01 .6202E+00 .5893E+00 .1515E-01 .2139E+00
.8980E+03 .9137E+00 .6552E+00 .1732E-01 .5848E+00 .5674E+00 .6552E+00 .3485E-01 .6901E+00 .6552E+00 .1732E-01 .2382E+00
.8990E+03 .9110E+00 .5010E+00 .1243E-01 .4463E+00 .4339E+00 .5010E+00 .2575E-01 .5267E+00 .5010E+00 .1243E-01 .1821E+00
.9000E+03 .8902E+00 .6819E+00 .1848E-01 .6090E+00 .5906E+00 .6819E+00 .3681E-01 .7187E+00 .6819E+00 .1848E-01 .2486E+00
.9010E+03 .8596E+00 .5128E+00 .1256E-01 .4567E+00 .4441E+00 .5128E+00 .2621E-01 .5390E+00 .5128E+00 .1256E-01 .1868E+00
.9020E+03 .8684E+00 .6229E+00 .1646E-01 .5559E+00 .5394E+00 .6229E+00 .3321E-01 .6561E+00 .6229E+00 .1646E-01 .2278E+00
.9030E+03 .9014E+00 .6318E+00 .1640E-01 .5636E+00 .5472E+00 .6318E+00 .3337E-01 .6652E+00 .6318E+00 .1640E-01 .2312E+00
.9040E+03 .9104E+00 .7930E+00 .2207E-01 .7088E+00 .6868E+00 .7930E+00 .4354E-01 .8366E+00 .7930E+00 .2207E-01 .2906E+00
.9050E+03 .9078E+00 .7638E+00 .2093E-01 .6824E+00 .6614E+00 .7638E+00 .4158E-01 .8053E+00 .7638E+00 .2093E-01 .2798E+00
.9060E+03 .8868E+00 .7143E+00 .1933E-01 .6379E+00 .6186E+00 .7143E+00 .3864E-01 .7529E+00 .7143E+00 .1933E-01 .2621E+00
.9070E+03 .8940E+00 .5819E+00 .1468E-01 .5186E+00 .5039E+00 .5819E+00 .3031E-01 .6122E+00 .5819E+00 .1468E-01 .2136E+00
.9080E+03 .8783E+00 .5874E+00 .1485E-01 .5235E+00 .5087E+00 .5874E+00 .3066E-01 .6180E+00 .5874E+00 .1485E-01 .2159E+00
.9090E+03 .8604E+00 .6354E+00 .1653E-01 .5668E+00 .5503E+00 .6354E+00 .3368E-01 .6691E+00 .6354E+00 .1653E-01 .2337E+00
.9100E+03 .8774E+00 .5528E+00 .1359E-01 .4923E+00 .4787E+00 .5528E+00 .2842E-01 .5812E+00 .5528E+00 .1359E-01 .2031E+00
.9110E+03 .8728E+00 .5927E+00 .1508E-01 .5284E+00 .5133E+00 .5927E+00 .3107E-01 .6237E+00 .5927E+00 .1508E-01 .2183E+00
.9120E+03 .8740E+00 .6262E+00 .1595E-01 .5583E+00 .5423E+00 .6262E+00 .3288E-01 .6591E+00 .6262E+00 .1595E-01 .2311E+00
.9130E+03 .8932E+00 .5583E+00 .1357E-01 .4971E+00 .4835E+00 .5583E+00 .2860E-01 .5869E+00 .5583E+00 .1357E-01 .2060E+00
.9140E+03 .8826E+00 .5557E+00 .1345E-01 .4947E+00 .4813E+00 .5557E+00 .2840E-01 .5841E+00 .5557E+00 .1345E-01 .2051E+00
.9150E+03 .8753E+00 .5960E+00 .1456E-01 .5307E+00 .5162E+00 .5960E+00 .3061E-01 .6266E+00 .5960E+00 .1456E-01 .2199E+00
.9160E+03 .8791E+00 .5075E+00 .1202E-01 .4515E+00 .4395E+00 .5075E+00 .2566E-01 .5331E+00 .5075E+00 .1202E-01 .1875E+00
.9170E+03 .8667E+00 .6498E+00 .1644E-01 .5792E+00 .5628E+00 .6498E+00 .3407E-01 .6839E+00 .6498E+00 .1644E-01 .2409E+00
.9180E+03 .8709E+00 .5144E+00 .1206E-01 .4576E+00 .4455E+00 .5144E+00 .2592E-01 .5403E+00 .5144E+00 .1206E-01 .1906E+00
.9190E+03 .8739E+00 .6689E+00 .1711E-01 .5964E+00 .5793E+00 .6689E+00 .3529E-01 .7042E+00 .6689E+00 .1711E-01 .2483E+00
.9200E+03 .8632E+00 .6713E+00 .1742E-01 .5988E+00 .5814E+00 .6713E+00 .3570E-01 .7070E+00 .6713E+00 .1742E-01 .2493E+00
.9210E+03 .8416E+00 .7077E+00 .1859E-01 .6314E+00 .6128E+00 .7077E+00 .3792E-01 .7456E+00 .7077E+00 .1859E-01 .2633E+00
.9220E+03 .8384E+00 .6252E+00 .1579E-01 .5572E+00 .5414E+00 .6252E+00 .3282E-01 .6580E+00 .6252E+00 .1579E-01 .2329E+00
.9230E+03 .8153E+00 .6861E+00 .1802E-01 .6122E+00 .5942E+00 .6861E+00 .3681E-01 .7229E+00 .6861E+00 .1802E-01 .2561E+00
.9240E+03 .8412E+00 .6373E+00 .1589E-01 .5678E+00 .5519E+00 .6373E+00 .3325E-01 .6705E+00 .6373E+00 .1589E-01 .2376E+00
.9250E+03 .8410E+00 .6275E+00 .1564E-01 .5590E+00 .5434E+00 .6275E+00 .3273E-01 .6602E+00 .6275E+00 .1564E-01 .2339E+00
.9260E+03 .8302E+00 .6299E+00 .1559E-01 .5611E+00 .5455E+00 .6299E+00 .3276E-01 .6626E+00 .6299E+00 .1559E-01 .2352E+00
.9270E+03 .8567E+00 .7130E+00 .1817E-01 .6356E+00 .6175E+00 .7130E+00 .3770E-01 .7507E+00 .7130E+00 .1817E-01 .2669E+00
.9280E+03 .8581E+00 .5009E+00 .1120E-01 .4450E+00 .4338E+00 .5009E+00 .2475E-01 .5257E+00 .5009E+00 .1120E-01 .1873E+00
.9290E+03 .8467E+00 .4449E+00 .9496E-02 .3948E+00 .3853E+00 .4449E+00 .2150E-01 .4664E+00 .4449E+00 .9496E-02 .1664E+00
.9300E+03 .8511E+00 .3613E+00 .7195E-02 .3201E+00 .3129E+00 .3613E+00 .1689E-01 .3782E+00 .3613E+00 .7195E-02 .1351E+00
.9310E+03 .8511E+00 .3405E+00 .6690E-02 .3016E+00 .2949E+00 .3405E+00 .1582E-01 .3563E+00 .3405E+00 .6690E-02 .1274E+00
.9320E+03 .8466E+00 .2407E+00 .4161E-02 .2127E+00 .2085E+00 .2407E+00 .1056E-01 .2513E+00 .2407E+00 .4161E-02 .8995E-01
.9330E+03 .8498E+00 .1954E+00 .3149E-02 .1724E+00 .1692E+00 .1954E+00 .8315E-02 .2037E+00 .1954E+00 .3149E-02 .7296E-01
.9340E+03 .8477E+00 .1054E+00 .1285E-02 .9253E-01 .9125E-01 .1054E+00 .4022E-02 .1094E+00 .1054E+00 .1285E-02 .3917E-01
.9350E+03 .8377E+00 .2131E+00 .3625E-02 .1882E+00 .1845E+00 .2131E+00 .9282E-02 .2224E+00 .2131E+00 .3625E-02 .7965E-01
.9360E+03 .8335E+00 .1283E+00 .1854E-02 .1130E+00 .1111E+00 .1283E+00 .5229E-02 .1336E+00 .1283E+00 .1854E-02 .4794E-01
.9370E+03 .8395E+00 .1349E+00 .1968E-02 .1188E+00 .1168E+00 .1349E+00 .5522E-02 .1404E+00 .1349E+00 .1968E-02 .5048E-01
.9380E+03 .8388E+00 .1659E+00 .2539E-02 .1462E+00 .1436E+00 .1659E+00 .6927E-02 .1728E+00 .1659E+00 .2539E-02 .6216E-01
.9390E+03 .8327E+00 .3412E+00 .6637E-02 .3021E+00 .2955E+00 .3412E+00 .1583E-01 .3570E+00 .3412E+00 .6637E-02 .1284E+00
.9400E+03 .8229E+00 .4085E+00 .8390E-02 .3622E+00 .3538E+00 .4085E+00 .1945E-01 .4280E+00 .4085E+00 .8390E-02 .1539E+00
.9410E+03 .7930E+00 .3039E+00 .5681E-02 .2689E+00 .2632E+00 .3039E+00 .1385E-01 .3178E+00 .3039E+00 .5681E-02 .1143E+00
.9420E+03 .8095E+00 .3553E+00 .6907E-02 .3146E+00 .3077E+00 .3553E+00 .1648E-01 .3718E+00 .3553E+00 .6907E-02 .1337E+00
.9430E+03 .8194E+00 .2440E+00 .4308E-02 .2156E+00 .2113E+00 .2440E+00 .1084E-01 .2548E+00 .2440E+00 .4308E-02 .9173E-01
.9440E+03 .8084E+00 .2616E+00 .4958E-02 .2315E+00 .2265E+00 .2616E+00 .1200E-01 .2736E+00 .2616E+00 .4958E-02 .9859E-01
.9450E+03 .8165E+00 .3138E+00 .5896E-02 .2776E+00 .2717E+00 .3138E+00 .1435E-01 .3281E+00 .3138E+00 .5896E-02 .1183E+00
.9460E+03 .8194E+00 .1597E+00 .2455E-02 .1407E+00 .1383E+00 .1597E+00 .6692E-02 .1664E+00 .1597E+00 .2455E-02 .6001E-01
.9470E+03 .8212E+00 .3092E+00 .5650E-02 .2734E+00 .2678E+00 .3092E+00 .1396E-01 .3232E+00 .3092E+00 .5650E-02 .1165E+00
.9480E+03 .8219E+00 .2382E+00 .4247E-02 .2105E+00 .2063E+00 .2382E+00 .1064E-01 .2489E+00 .2382E+00 .4247E-02 .8981E-01
.9490E+03 .8212E+00 .4290E+00 .8543E-02 .3800E+00 .3715E+00 .4290E+00 .2017E-01 .4491E+00 .4290E+00 .8543E-02 .1621E+00
.9500E+03 .8154E+00 .1136E+00 .1537E-02 .9988E-01 .9835E-01 .1136E+00 .4532E-02 .1181E+00 .1136E+00 .1537E-02 .4270E-01
.9510E+03 .8110E+00 .4208E+00 .8342E-02 .3727E+00 .3644E+00 .4208E+00 .1975E-01 .4405E+00 .4208E+00 .8342E-02 .1591E+00
.9520E+03 .8117E+00 .2154E+00 .3543E-02 .1901E+00 .1866E+00 .2154E+00 .9300E-02 .2247E+00 .2154E+00 .3543E-02 .8124E-01
.9530E+03 .8043E+00 .2847E+00 .5111E-02 .2517E+00 .2466E+00 .2847E+00 .1277E-01 .2975E+00 .2847E+00 .5111E-02 .1076E+00
.9540E+03 .7797E+00 .3499E+00 .6727E-02 .3097E+00 .3030E+00 .3499E+00 .1621E-01 .3661E+00 .3499E+00 .6727E-02 .1325E+00
.9550E+03 .7665E+00 .2866E+00 .5167E-02 .2534E+00 .2482E+00 .2866E+00 .1290E-01 .2995E+00 .2866E+00 .5167E-02 .1085E+00
.9560E+03 .7989E+00 .2829E+00 .5475E-02 .2505E+00 .2450E+00 .2829E+00 .1315E-01 .2961E+00 .2829E+00 .5475E-02 .1073E+00
.9570E+03 .7927E+00 .2134E+00 .3394E-02 .1882E+00 .1848E+00 .2134E+00 .9095E-02 .2225E+00 .2134E+00 .3394E-02 .8061E-01
.9580E+03 .8013E+00 .4085E+00 .8459E-02 .3623E+00 .3538E+00 .4085E+00 .1961E-01 .4281E+00 .4085E+00 .8459E-02 .1551E+00
.9590E+03 .8021E+00 .3218E+00 .6086E-02 .2847E+00 .2786E+00 .3218E+00 .1480E-01 .3366E+00 .3218E+00 .6086E-02 .1219E+00
.9600E+03 .7908E+00 .3511E+00 .6656E-02 .3107E+00 .3040E+00 .3511E+00 .1616E-01 .3672E+00 .3511E+00 .6656E-02 .1330E+00
.9610E+03 .7946E+00 .4028E+00 .8084E-02 .3569E+00 .3489E+00 .4028E+00 .1905E-01 .4219E+00 .4028E+00 .8084E-02 .1528E+00
.9620E+03 .7878E+00 .3850E+00 .7692E-02 .3411E+00 .3334E+00 .3850E+00 .1816E-01 .4031E+00 .3850E+00 .7692E-02 .1460E+00
.9630E+03 .7839E+00 .4476E+00 .9369E-02 .3970E+00 .3876E+00 .4476E+00 .2160E-01 .4692E+00 .4476E+00 .9369E-02 .1700E+00
.9640E+03 .7836E+00 .4075E+00 .8341E-02 .3612E+00 .3529E+00 .4075E+00 .1947E-01 .4269E+00 .4075E+00 .8341E-02 .1549E+00
.9650E+03 .7805E+00 .4424E+00 .9165E-02 .3923E+00 .3832E+00 .4424E+00 .2127E-01 .4637E+00 .4424E+00 .9165E-02 .1683E+00
.9660E+03 .7742E+00 .4324E+00 .8755E-02 .3832E+00 .3745E+00 .4324E+00 .2056E-01 .4530E+00 .4324E+00 .8755E-02 .1644E+00
.9670E+03 .7809E+00 .4280E+00 .8594E-02 .3792E+00 .3706E+00 .4280E+00 .2027E-01 .4482E+00 .4280E+00 .8594E-02 .1627E+00
.9680E+03 .7798E+00 .6088E+00 .1411E-01 .5413E+00 .5272E+00 .6088E+00 .3095E-01 .6397E+00 .6088E+00 .1411E-01 .2322E+00
.9690E+03 .7793E+00 .6268E+00 .1432E-01 .5571E+00 .5428E+00 .6268E+00 .3165E-01 .6584E+00 .6268E+00 .1432E-01 .2392E+00
.9700E+03 .7785E+00 .5705E+00 .1269E-01 .5067E+00 .4940E+00 .5705E+00 .2843E-01 .5989E+00 .5705E+00 .1269E-01 .2178E+00
.9710E+03 .7761E+00 .6703E+00 .1580E-01 .5963E+00 .5805E+00 .6703E+00 .3440E-01 .7047E+00 .6703E+00 .1580E-01 .2562E+00
.9720E+03 .7779E+00 .6436E+00 .1502E-01 .5724E+00 .5574E+00 .6436E+00 .3286E-01 .6765E+00 .6436E+00 .1502E-01 .2459E+00
.9730E+03 .7697E+00 .5390E+00 .1162E-01 .4784E+00 .4668E+00 .5390E+00 .2646E-01 .5655E+00 .5390E+00 .1162E-01 .2057E+00
.9740E+03 .7603E+00 .5173E+00 .1119E-01 .4592E+00 .4480E+00 .5173E+00 .2543E-01 .5428E+00 .5173E+00 .1119E-01 .1974E+00
.9750E+03 .7695E+00 .5474E+00 .1207E-01 .4862E+00 .4741E+00 .5474E+00 .2717E-01 .5746E+00 .5474E+00 .1207E-01 .2090E+00
.9760E+03 .7652E+00 .5062E+00 .1067E-01 .4490E+00 .4384E+00 .5062E+00 .2458E-01 .5308E+00 .5062E+00 .1067E-01 .1933E+00
.9770E+03 .7635E+00 .5839E+00 .1307E-01 .5187E+00 .5056E+00 .5839E+00 .2922E-01 .6131E+00 .5839E+00 .1307E-01 .2234E+00
.9780E+03 .7624E+00 .5510E+00 .1196E-01 .4892E+00 .4772E+00 .5510E+00 .2716E-01 .5782E+00 .5510E+00 .1196E-01 .2107E+00
.9790E+03 .7560E+00 .5805E+00 .1283E-01 .5156E+00 .5027E+00 .5805E+00 .2888E-01 .6094E+00 .5805E+00 .1283E-01 .2221E+00
.9800E+03 .7599E+00 .5407E+00 .1173E-01 .4800E+00 .4683E+00 .5407E+00 .2665E-01 .5674E+00 .5407E+00 .1173E-01 .2068E+00
.9810E+03 .7640E+00 .6672E+00 .1543E-01 .5932E+00 .5778E+00 .6672E+00 .3395E-01 .7011E+00 .6672E+00 .1543E-01 .2554E+00
.9820E+03 .7614E+00 .6309E+00 .1425E-01 .5607E+00 .5464E+00 .6309E+00 .3173E-01 .6627E+00 .6309E+00 .1425E-01 .2414E+00
.9830E+03 .7559E+00 .6013E+00 .1338E-01 .5342E+00 .5208E+00 .6013E+00 .3002E-01 .6314E+00 .6013E+00 .1338E-01 .2303E+00
.9840E+03 .7549E+00 .6924E+00 .1625E-01 .6159E+00 .5996E+00 .6924E+00 .3553E-01 .7279E+00 .6924E+00 .1625E-01 .2656E+00
.9850E+03 .7555E+00 .6265E+00 .1403E-01 .5566E+00 .5425E+00 .6265E+00 .3140E-01 .6579E+00 .6265E+00 .1403E-01 .2403E+00
.9860E+03 .7499E+00 .7066E+00 .1670E-01 .6286E+00 .6119E+00 .7066E+00 .3640E-01 .7430E+00 .7066E+00 .1670E-01 .2713E+00
.9870E+03 .7484E+00 .6901E+00 .1608E-01 .6137E+00 .5976E+00 .6901E+00 .3529E-01 .7253E+00 .6901E+00 .1608E-01 .2649E+00
.9880E+03 .7494E+00 .6891E+00 .1603E-01 .6128E+00 .5968E+00 .6891E+00 .3523E-01 .7244E+00 .6891E+00 .1603E-01 .2647E+00
.9890E+03 .7376E+00 .7080E+00 .1678E-01 .6299E+00 .6132E+00 .7080E+00 .3656E-01 .7446E+00 .7080E+00 .1678E-01 .2723E+00
.9900E+03 .7407E+00 .6850E+00 .1587E-01 .6091E+00 .5932E+00 .6850E+00 .3497E-01 .7200E+00 .6850E+00 .1587E-01 .2635E+00
.9910E+03 .7420E+00 .7105E+00 .1675E-01 .6320E+00 .6153E+00 .7105E+00 .3659E-01 .7471E+00 .7105E+00 .1675E-01 .2734E+00
.9920E+03 .7443E+00 .7152E+00 .1685E-01 .6363E+00 .6194E+00 .7152E+00 .3682E-01 .7521E+00 .7152E+00 .1685E-01 .2752E+00
.9930E+03 .7423E+00 .6952E+00 .1611E-01 .6181E+00 .6020E+00 .6952E+00 .3552E-01 .7307E+00 .6952E+00 .1611E-01 .2676E+00
.9940E+03 .7423E+00 .7158E+00 .1682E-01 .6367E+00 .6199E+00 .7158E+00 .3685E-01 .7527E+00 .7158E+00 .1682E-01 .2760E+00
.9950E+03 .7390E+00 .7156E+00 .1682E-01 .6366E+00 .6197E+00 .7156E+00 .3685E-01 .7525E+00 .7156E+00 .1682E-01 .2760E+00
.9960E+03 .7384E+00 .7113E+00 .1663E-01 .6327E+00 .6160E+00 .7113E+00 .3653E-01 .7479E+00 .7113E+00 .1663E-01 .2744E+00
.9970E+03 .7381E+00 .7130E+00 .1665E-01 .6341E+00 .6174E+00 .7130E+00 .3660E-01 .7496E+00 .7130E+00 .1665E-01 .2750E+00
.9980E+03 .7356E+00 .7098E+00 .1654E-01 .6312E+00 .6147E+00 .7098E+00 .3641E-01 .7462E+00 .7098E+00 .1654E-01 .2740E+00
.9990E+03 .7322E+00 .7071E+00 .1644E-01 .6288E+00 .6124E+00 .7071E+00 .3625E-01 .7434E+00 .7071E+00 .1644E-01 .2732E+00
.1000E+04 .7312E+00 .7009E+00 .1620E-01 .6232E+00 .6070E+00 .7009E+00 .3584E-01 .7368E+00 .7009E+00 .1620E-01 .2710E+00
.1001E+04 .7357E+00 .7112E+00 .1648E-01 .6324E+00 .6159E+00 .7112E+00 .3642E-01 .7476E+00 .7112E+00 .1648E-01 .2752E+00
.1002E+04 .7325E+00 .6872E+00 .1564E-01 .6108E+00 .5951E+00 .6872E+00 .3490E-01 .7221E+00 .6872E+00 .1564E-01 .2661E+00
.1003E+04 .7238E+00 .6983E+00 .1609E-01 .6208E+00 .6047E+00 .6983E+00 .3568E-01 .7339E+00 .6983E+00 .1609E-01 .2704E+00
.1004E+04 .7105E+00 .6803E+00 .1558E-01 .6047E+00 .5892E+00 .6803E+00 .3465E-01 .7149E+00 .6803E+00 .1558E-01 .2634E+00
.1005E+04 .6783E+00 .6569E+00 .1509E-01 .5840E+00 .5689E+00 .6569E+00 .3352E-01 .6904E+00 .6569E+00 .1509E-01 .2544E+00
.1006E+04 .7083E+00 .6818E+00 .1558E-01 .6060E+00 .5904E+00 .6818E+00 .3469E-01 .7164E+00 .6818E+00 .1558E-01 .2640E+00
.1007E+04 .7213E+00 .6969E+00 .1592E-01 .6195E+00 .6035E+00 .6969E+00 .3545E-01 .7324E+00 .6969E+00 .1592E-01 .2698E+00
.1008E+04 .7208E+00 .6920E+00 .1573E-01 .6150E+00 .5993E+00 .6920E+00 .3513E-01 .7271E+00 .6920E+00 .1573E-01 .2682E+00
.1009E+04 .7204E+00 .6877E+00 .1555E-01 .6111E+00 .5956E+00 .6877E+00 .3484E-01 .7225E+00 .6877E+00 .1555E-01 .2667E+00
.1010E+04 .7193E+00 .6842E+00 .1541E-01 .6080E+00 .5926E+00 .6842E+00 .3461E-01 .7188E+00 .6842E+00 .1541E-01 .2655E+00
.1011E+04 .7172E+00 .6936E+00 .1571E-01 .6164E+00 .6007E+00 .6936E+00 .3519E-01 .7288E+00 .6936E+00 .1571E-01 .2692E+00
.1012E+04 .7146E+00 .6868E+00 .1548E-01 .6103E+00 .5948E+00 .6868E+00 .3475E-01 .7215E+00 .6868E+00 .1548E-01 .2665E+00
.1013E+04 .7146E+00 .6924E+00 .1564E-01 .6153E+00 .5997E+00 .6924E+00 .3509E-01 .7275E+00 .6924E+00 .1564E-01 .2690E+00
.1014E+04 .7096E+00 .6877E+00 .1550E-01 .6110E+00 .5955E+00 .6877E+00 .3483E-01 .7225E+00 .6877E+00 .1550E-01 .2674E+00
.1015E+04 .7055E+00 .6830E+00 .1535E-01 .6068E+00 .5915E+00 .6830E+00 .3455E-01 .7175E+00 .6830E+00 .1535E-01 .2657E+00
.1016E+04 .7028E+00 .6799E+00 .1524E-01 .6041E+00 .5888E+00 .6799E+00 .3436E-01 .7143E+00 .6799E+00 .1524E-01 .2645E+00
.1017E+04 .7050E+00 .6815E+00 .1523E-01 .6054E+00 .5902E+00 .6815E+00 .3438E-01 .7158E+00 .6815E+00 .1523E-01 .2650E+00
.1018E+04 .7004E+00 .6796E+00 .1519E-01 .6037E+00 .5886E+00 .6796E+00 .3429E-01 .7139E+00 .6796E+00 .1519E-01 .2643E+00
.1019E+04 .6919E+00 .6635E+00 .1470E-01 .5893E+00 .5746E+00 .6635E+00 .3333E-01 .6968E+00 .6635E+00 .1470E-01 .2580E+00
.1020E+04 .6977E+00 .6759E+00 .1502E-01 .6004E+00 .5854E+00 .6759E+00 .3401E-01 .7099E+00 .6759E+00 .1502E-01 .2629E+00
.1021E+04 .6956E+00 .6753E+00 .1499E-01 .5998E+00 .5848E+00 .6753E+00 .3396E-01 .7093E+00 .6753E+00 .1499E-01 .2626E+00
.1022E+04 .6925E+00 .6696E+00 .1480E-01 .5947E+00 .5799E+00 .6696E+00 .3360E-01 .7032E+00 .6696E+00 .1480E-01 .2604E+00
.1023E+04 .7005E+00 .6766E+00 .1492E-01 .6009E+00 .5859E+00 .6766E+00 .3393E-01 .7105E+00 .6766E+00 .1492E-01 .2633E+00
.1024E+04 .6981E+00 .6658E+00 .1455E-01 .5912E+00 .5766E+00 .6658E+00 .3326E-01 .6991E+00 .6658E+00 .1455E-01 .2593E+00
.1025E+04 .6976E+00 .6770E+00 .1490E-01 .6012E+00 .5863E+00 .6770E+00 .3394E-01 .7109E+00 .6770E+00 .1490E-01 .2638E+00
.1026E+04 .6962E+00 .6738E+00 .1477E-01 .5983E+00 .5835E+00 .6738E+00 .3372E-01 .7075E+00 .6738E+00 .1477E-01 .2626E+00
.1027E+04 .6944E+00 .6723E+00 .1471E-01 .5969E+00 .5822E+00 .6723E+00 .3361E-01 .7059E+00 .6723E+00 .1471E-01 .2620E+00
.1028E+04 .6935E+00 .6709E+00 .1464E-01 .5956E+00 .5810E+00 .6709E+00 .3351E-01 .7044E+00 .6709E+00 .1464E-01 .2617E+00
.1029E+04 .6858E+00 .6629E+00 .1443E-01 .5885E+00 .5741E+00 .6629E+00 .3309E-01 .6960E+00 .6629E+00 .1443E-01 .2588E+00
.1030E+04 .6881E+00 .6684E+00 .1456E-01 .5934E+00 .5789E+00 .6684E+00 .3338E-01 .7018E+00 .6684E+00 .1456E-01 .2610E+00
.1031E+04 .6864E+00 .6654E+00 .1445E-01 .5907E+00 .5763E+00 .6654E+00 .3317E-01 .6986E+00 .6654E+00 .1445E-01 .2598E+00
.1032E+04 .6836E+00 .6641E+00 .1440E-01 .5895E+00 .5751E+00 .6641E+00 .3309E-01 .6972E+00 .6641E+00 .1440E-01 .2593E+00
.1033E+04 .6734E+00 .6541E+00 .1415E-01 .5806E+00 .5665E+00 .6541E+00 .3256E-01 .6867E+00 .6541E+00 .1415E-01 .2554E+00
.1034E+04 .6732E+00 .6545E+00 .1413E-01 .5809E+00 .5668E+00 .6545E+00 .3255E-01 .6870E+00 .6545E+00 .1413E-01 .2555E+00
.1035E+04 .6753E+00 .6568E+00 .1415E-01 .5829E+00 .5688E+00 .6568E+00 .3263E-01 .6894E+00 .6568E+00 .1415E-01 .2564E+00
.1036E+04 .6795E+00 .6601E+00 .1418E-01 .5858E+00 .5717E+00 .6601E+00 .3275E-01 .6928E+00 .6601E+00 .1418E-01 .2577E+00
.1037E+04 .6682E+00 .6496E+00 .1393E-01 .5765E+00 .5625E+00 .6496E+00 .3220E-01 .6818E+00 .6496E+00 .1393E-01 .2536E+00
.1038E+04 .6714E+00 .6527E+00 .1397E-01 .5792E+00 .5652E+00 .6527E+00 .3234E-01 .6850E+00 .6527E+00 .1397E-01 .2551E+00
.1039E+04 .6714E+00 .6524E+00 .1393E-01 .5789E+00 .5650E+00 .6524E+00 .3231E-01 .6847E+00 .6524E+00 .1393E-01 .2552E+00
.1040E+04 .6688E+00 .6500E+00 .1385E-01 .5768E+00 .5629E+00 .6500E+00 .3216E-01 .6822E+00 .6500E+00 .1385E-01 .2543E+00
.1041E+04 .6720E+00 .6528E+00 .1388E-01 .5792E+00 .5653E+00 .6528E+00 .3226E-01 .6850E+00 .6528E+00 .1388E-01 .2554E+00
.1042E+04 .6674E+00 .6485E+00 .1376E-01 .5754E+00 .5616E+00 .6485E+00 .3202E-01 .6805E+00 .6485E+00 .1376E-01 .2537E+00
.1043E+04 .6656E+00 .6467E+00 .1369E-01 .5737E+00 .5600E+00 .6467E+00 .3191E-01 .6786E+00 .6467E+00 .1369E-01 .2532E+00
.1044E+04 .6683E+00 .6492E+00 .1372E-01 .5759E+00 .5622E+00 .6492E+00 .3201E-01 .6812E+00 .6492E+00 .1372E-01 .2544E+00
.1045E+04 .6596E+00 .6406E+00 .1350E-01 .5683E+00 .5548E+00 .6406E+00 .3156E-01 .6721E+00 .6406E+00 .1350E-01 .2511E+00
.1046E+04 .6527E+00 .6337E+00 .1333E-01 .5622E+00 .5488E+00 .6337E+00 .3119E-01 .6649E+00 .6337E+00 .1333E-01 .2484E+00
.1047E+04 .6590E+00 .6397E+00 .1342E-01 .5674E+00 .5540E+00 .6397E+00 .3145E-01 .6711E+00 .6397E+00 .1342E-01 .2508E+00
.1048E+04 .6631E+00 .6435E+00 .1347E-01 .5707E+00 .5572E+00 .6435E+00 .3162E-01 .6751E+00 .6435E+00 .1347E-01 .2525E+00
.1049E+04 .6612E+00 .6411E+00 .1339E-01 .5686E+00 .5552E+00 .6411E+00 .3148E-01 .6726E+00 .6411E+00 .1339E-01 .2518E+00
.1050E+04 .6587E+00 .6384E+00 .1330E-01 .5661E+00 .5528E+00 .6384E+00 .3132E-01 .6697E+00 .6384E+00 .1330E-01 .2508E+00
.1051E+04 .6584E+00 .6381E+00 .1327E-01 .5659E+00 .5526E+00 .6381E+00 .3128E-01 .6694E+00 .6381E+00 .1327E-01 .2507E+00
.1052E+04 .6563E+00 .6357E+00 .1319E-01 .5637E+00 .5506E+00 .6357E+00 .3113E-01 .6669E+00 .6357E+00 .1319E-01 .2498E+00
.1053E+04 .6518E+00 .6311E+00 .1306E-01 .5596E+00 .5466E+00 .6311E+00 .3089E-01 .6620E+00 .6311E+00 .1306E-01 .2482E+00
.1054E+04 .6540E+00 .6330E+00 .1307E-01 .5613E+00 .5482E+00 .6330E+00 .3096E-01 .6640E+00 .6330E+00 .1307E-01 .2492E+00
.1055E+04 .6553E+00 .6339E+00 .1306E-01 .5620E+00 .5490E+00 .6339E+00 .3097E-01 .6649E+00 .6339E+00 .1306E-01 .2495E+00
.1056E+04 .6540E+00 .6322E+00 .1299E-01 .5605E+00 .5475E+00 .6322E+00 .3085E-01 .6630E+00 .6322E+00 .1299E-01 .2488E+00
.1057E+04 .6528E+00 .6307E+00 .1293E-01 .5591E+00 .5462E+00 .6307E+00 .3075E-01 .6615E+00 .6307E+00 .1293E-01 .2483E+00
.1058E+04 .6376E+00 .6157E+00 .1259E-01 .5458E+00 .5332E+00 .6157E+00 .3000E-01 .6457E+00 .6157E+00 .1259E-01 .2426E+00
.1059E+04 .6393E+00 .6167E+00 .1258E-01 .5466E+00 .5341E+00 .6167E+00 .3003E-01 .6467E+00 .6167E+00 .1258E-01 .2432E+00
.1060E+04 .6388E+00 .6162E+00 .1254E-01 .5462E+00 .5337E+00 .6162E+00 .2998E-01 .6462E+00 .6162E+00 .1254E-01 .2431E+00
.1061E+04 .6386E+00 .6157E+00 .1250E-01 .5457E+00 .5332E+00 .6157E+00 .2992E-01 .6456E+00 .6157E+00 .1250E-01 .2429E+00
.1062E+04 .6430E+00 .6189E+00 .1253E-01 .5485E+00 .5360E+00 .6189E+00 .3004E-01 .6490E+00 .6189E+00 .1253E-01 .2442E+00
.1063E+04 .6374E+00 .6130E+00 .1238E-01 .5432E+00 .5308E+00 .6130E+00 .2973E-01 .6427E+00 .6130E+00 .1238E-01 .2420E+00
.1064E+04 .6446E+00 .6209E+00 .1253E-01 .5503E+00 .5377E+00 .6209E+00 .3011E-01 .6510E+00 .6209E+00 .1253E-01 .2454E+00
.1065E+04 .6423E+00 .6159E+00 .1237E-01 .5457E+00 .5334E+00 .6159E+00 .2981E-01 .6457E+00 .6159E+00 .1237E-01 .2434E+00
.1066E+04 .6278E+00 .6044E+00 .1214E-01 .5355E+00 .5234E+00 .6044E+00 .2925E-01 .6336E+00 .6044E+00 .1214E-01 .2389E+00
.1067E+04 .6365E+00 .6115E+00 .1224E-01 .5418E+00 .5295E+00 .6115E+00 .2955E-01 .6410E+00 .6115E+00 .1224E-01 .2417E+00
.1068E+04 .6244E+00 .5979E+00 .1192E-01 .5297E+00 .5178E+00 .5979E+00 .2884E-01 .6267E+00 .5979E+00 .1192E-01 .2363E+00
.1069E+04 .6040E+00 .5781E+00 .1150E-01 .5121E+00 .5006E+00 .5781E+00 .2786E-01 .6059E+00 .5781E+00 .1150E-01 .2285E+00
.1070E+04 .6266E+00 .5957E+00 .1178E-01 .5276E+00 .5159E+00 .5957E+00 .2863E-01 .6243E+00 .5957E+00 .1178E-01 .2354E+00
.1071E+04 .6301E+00 .6069E+00 .1206E-01 .5377E+00 .5256E+00 .6069E+00 .2924E-01 .6362E+00 .6069E+00 .1206E-01 .2399E+00
.1072E+04 .6276E+00 .5973E+00 .1177E-01 .5291E+00 .5173E+00 .5973E+00 .2867E-01 .6260E+00 .5973E+00 .1177E-01 .2361E+00
.1073E+04 .6172E+00 .5893E+00 .1161E-01 .5220E+00 .5104E+00 .5893E+00 .2830E-01 .6176E+00 .5893E+00 .1161E-01 .2332E+00
.1074E+04 .6269E+00 .6055E+00 .1198E-01 .5363E+00 .5243E+00 .6055E+00 .2914E-01 .6346E+00 .6055E+00 .1198E-01 .2398E+00
.1075E+04 .6136E+00 .5698E+00 .1104E-01 .5045E+00 .4935E+00 .5698E+00 .2717E-01 .5970E+00 .5698E+00 .1104E-01 .2256E+00
.1076E+04 .6275E+00 .6032E+00 .1185E-01 .5343E+00 .5224E+00 .6032E+00 .2895E-01 .6322E+00 .6032E+00 .1185E-01 .2389E+00
.1077E+04 .6274E+00 .5897E+00 .1145E-01 .5221E+00 .5107E+00 .5897E+00 .2814E-01 .6178E+00 .5897E+00 .1145E-01 .2335E+00
.1078E+04 .6181E+00 .5769E+00 .1112E-01 .5107E+00 .4996E+00 .5769E+00 .2744E-01 .6043E+00 .5769E+00 .1112E-01 .2284E+00
.1079E+04 .6147E+00 .5930E+00 .1160E-01 .5252E+00 .5136E+00 .5930E+00 .2840E-01 .6214E+00 .5930E+00 .1160E-01 .2348E+00
.1080E+04 .6233E+00 .5761E+00 .1107E-01 .5100E+00 .4989E+00 .5761E+00 .2737E-01 .6034E+00 .5761E+00 .1107E-01 .2282E+00
.1081E+04 .6061E+00 .5580E+00 .1063E-01 .4939E+00 .4833E+00 .5580E+00 .2642E-01 .5844E+00 .5580E+00 .1063E-01 .2212E+00
.1082E+04 .6007E+00 .5700E+00 .1100E-01 .5046E+00 .4936E+00 .5700E+00 .2715E-01 .5972E+00 .5700E+00 .1100E-01 .2262E+00
.1083E+04 .5998E+00 .5725E+00 .1107E-01 .5069E+00 .4958E+00 .5725E+00 .2730E-01 .5999E+00 .5725E+00 .1107E-01 .2272E+00
.1084E+04 .6144E+00 .5549E+00 .1045E-01 .4910E+00 .4805E+00 .5549E+00 .2615E-01 .5810E+00 .5549E+00 .1045E-01 .2201E+00
.1085E+04 .6180E+00 .5780E+00 .1100E-01 .5115E+00 .5005E+00 .5780E+00 .2737E-01 .6053E+00 .5780E+00 .1100E-01 .2293E+00
.1086E+04 .6104E+00 .5226E+00 .9622E-02 .4622E+00 .4526E+00 .5226E+00 .2438E-01 .5470E+00 .5226E+00 .9622E-02 .2072E+00
.1087E+04 .5897E+00 .5431E+00 .1022E-01 .4805E+00 .4703E+00 .5431E+00 .2558E-01 .5687E+00 .5431E+00 .1022E-01 .2154E+00
.1088E+04 .6028E+00 .5691E+00 .1083E-01 .5037E+00 .4928E+00 .5691E+00 .2694E-01 .5960E+00 .5691E+00 .1083E-01 .2257E+00
.1089E+04 .6019E+00 .5492E+00 .1025E-01 .4859E+00 .4756E+00 .5492E+00 .2578E-01 .5750E+00 .5492E+00 .1025E-01 .2178E+00
.1090E+04 .6099E+00 .5353E+00 .9871E-02 .4734E+00 .4636E+00 .5353E+00 .2499E-01 .5603E+00 .5353E+00 .9871E-02 .2122E+00
.1091E+04 .6069E+00 .5649E+00 .1061E-01 .4998E+00 .4892E+00 .5649E+00 .2660E-01 .5915E+00 .5649E+00 .1061E-01 .2241E+00
.1092E+04 .6013E+00 .5663E+00 .1068E-01 .5011E+00 .4904E+00 .5663E+00 .2672E-01 .5930E+00 .5663E+00 .1068E-01 .2247E+00
.1093E+04 .5815E+00 .4706E+00 .8364E-02 .4159E+00 .4075E+00 .4706E+00 .2164E-01 .4922E+00 .4706E+00 .8364E-02 .1867E+00
.1094E+04 .5572E+00 .5136E+00 .9550E-02 .4543E+00 .4448E+00 .5136E+00 .2410E-01 .5377E+00 .5136E+00 .9550E-02 .2041E+00
.1095E+04 .5839E+00 .4899E+00 .8707E-02 .4329E+00 .4242E+00 .4899E+00 .2254E-01 .5124E+00 .4899E+00 .8707E-02 .1945E+00
.1096E+04 .5834E+00 .4663E+00 .8135E-02 .4119E+00 .4038E+00 .4663E+00 .2128E-01 .4876E+00 .4663E+00 .8135E-02 .1851E+00
.1097E+04 .5843E+00 .5514E+00 .1028E-01 .4878E+00 .4776E+00 .5514E+00 .2591E-01 .5773E+00 .5514E+00 .1028E-01 .2192E+00
.1098E+04 .5763E+00 .4556E+00 .7835E-02 .4024E+00 .3946E+00 .4556E+00 .2066E-01 .4763E+00 .4556E+00 .7835E-02 .1808E+00
.1099E+04 .5896E+00 .4783E+00 .8290E-02 .4225E+00 .4142E+00 .4783E+00 .2177E-01 .5000E+00 .4783E+00 .8290E-02 .1899E+00
.1100E+04 .5931E+00 .4420E+00 .7459E-02 .3902E+00 .3828E+00 .4420E+00 .1989E-01 .4619E+00 .4420E+00 .7459E-02 .1754E+00
.1101E+04 .5852E+00 .4485E+00 .7625E-02 .3960E+00 .3884E+00 .4485E+00 .2024E-01 .4687E+00 .4485E+00 .7625E-02 .1780E+00
.1102E+04 .5776E+00 .4253E+00 .7086E-02 .3754E+00 .3683E+00 .4253E+00 .1904E-01 .4444E+00 .4253E+00 .7086E-02 .1688E+00
.1103E+04 .5889E+00 .4192E+00 .6877E-02 .3699E+00 .3630E+00 .4192E+00 .1866E-01 .4378E+00 .4192E+00 .6877E-02 .1665E+00
.1104E+04 .5869E+00 .4198E+00 .6890E-02 .3705E+00 .3636E+00 .4198E+00 .1870E-01 .4386E+00 .4198E+00 .6890E-02 .1669E+00
.1105E+04 .5867E+00 .4653E+00 .7882E-02 .4108E+00 .4030E+00 .4653E+00 .2100E-01 .4863E+00 .4653E+00 .7882E-02 .1851E+00
.1106E+04 .5849E+00 .3367E+00 .5016E-02 .2966E+00 .2916E+00 .3367E+00 .1443E-01 .3511E+00 .3367E+00 .5016E-02 .1337E+00
.1107E+04 .5828E+00 .4399E+00 .7327E-02 .3883E+00 .3810E+00 .4399E+00 .1971E-01 .4596E+00 .4399E+00 .7327E-02 .1749E+00
.1108E+04 .5831E+00 .3598E+00 .5543E-02 .3172E+00 .3116E+00 .3598E+00 .1562E-01 .3755E+00 .3598E+00 .5543E-02 .1429E+00
.1109E+04 .5825E+00 .3574E+00 .5467E-02 .3150E+00 .3096E+00 .3574E+00 .1547E-01 .3729E+00 .3574E+00 .5467E-02 .1420E+00
.1110E+04 .5827E+00 .4201E+00 .6721E-02 .3705E+00 .3638E+00 .4201E+00 .1852E-01 .4386E+00 .4201E+00 .6721E-02 .1669E+00
.1111E+04 .5782E+00 .2888E+00 .4149E-02 .2543E+00 .2501E+00 .2888E+00 .1220E-01 .3010E+00 .2888E+00 .4149E-02 .1146E+00
.1112E+04 .5743E+00 .3525E+00 .5378E-02 .3107E+00 .3053E+00 .3525E+00 .1525E-01 .3678E+00 .3525E+00 .5378E-02 .1400E+00
.1113E+04 .5729E+00 .2289E+00 .3054E-02 .2013E+00 .1983E+00 .2289E+00 .9410E-02 .2384E+00 .2289E+00 .3054E-02 .9078E-01
.1114E+04 .5779E+00 .2545E+00 .3424E-02 .2238E+00 .2204E+00 .2545E+00 .1049E-01 .2650E+00 .2545E+00 .3424E-02 .1009E+00
.1115E+04 .5732E+00 .2086E+00 .2705E-02 .1834E+00 .1807E+00 .2086E+00 .8488E-02 .2171E+00 .2086E+00 .2705E-02 .8271E-01
.1116E+04 .5736E+00 .1660E+00 .1936E-02 .1457E+00 .1437E+00 .1660E+00 .6510E-02 .1725E+00 .1660E+00 .1936E-02 .6570E-01
.1117E+04 .5761E+00 .6626E-01 .5698E-03 .5795E-01 .5738E-01 .6626E-01 .2372E-02 .6863E-01 .6626E-01 .5698E-03 .2615E-01
.1118E+04 .5707E+00 .1859E+00 .2232E-02 .1632E+00 .1610E+00 .1859E+00 .7363E-02 .1933E+00 .1859E+00 .2232E-02 .7362E-01
.1119E+04 .5629E+00 .8797E-01 .8453E-03 .7703E-01 .7618E-01 .8797E-01 .3248E-02 .9122E-01 .8797E-01 .8453E-03 .3476E-01
.1120E+04 .5630E+00 .1123E+00 .1080E-02 .9835E-01 .9727E-01 .1123E+00 .4149E-02 .1165E+00 .1123E+00 .1080E-02 .4437E-01
.1121E+04 .5667E+00 .1503E+00 .1556E-02 .1317E+00 .1301E+00 .1503E+00 .5675E-02 .1560E+00 .1503E+00 .1556E-02 .5941E-01
.1122E+04 .5689E+00 .6531E-01 .5177E-03 .5708E-01 .5656E-01 .6531E-01 .2288E-02 .6760E-01 .6531E-01 .5177E-03 .2576E-01
.1123E+04 .5680E+00 .1048E+00 .1008E-02 .9178E-01 .9077E-01 .1048E+00 .3872E-02 .1087E+00 .1048E+00 .1008E-02 .4141E-01
.1124E+04 .5640E+00 .8792E-01 .8264E-03 .7696E-01 .7614E-01 .8792E-01 .3226E-02 .9114E-01 .8792E-01 .8264E-03 .3473E-01
.1125E+04 .5485E+00 .1156E+00 .1158E-02 .1013E+00 .1001E+00 .1156E+00 .4323E-02 .1200E+00 .1156E+00 .1158E-02 .4570E-01
.1126E+04 .5539E+00 .4196E-01 .2803E-03 .3662E-01 .3634E-01 .4196E-01 .1412E-02 .4337E-01 .4196E-01 .2803E-03 .1652E-01
.1127E+04 .5584E+00 .1283E+00 .1295E-02 .1124E+00 .1111E+00 .1283E+00 .4808E-02 .1331E+00 .1283E+00 .1295E-02 .5072E-01
.1128E+04 .5562E+00 .7689E-01 .6245E-03 .6721E-01 .6659E-01 .7689E-01 .2711E-02 .7960E-01 .7689E-01 .6245E-03 .3033E-01
.1129E+04 .5501E+00 .7920E-01 .6475E-03 .6924E-01 .6859E-01 .7920E-01 .2797E-02 .8200E-01 .7920E-01 .6475E-03 .3124E-01
.1130E+04 .5512E+00 .5701E-01 .4500E-03 .4982E-01 .4937E-01 .5701E-01 .1996E-02 .5901E-01 .5701E-01 .4500E-03 .2248E-01
.1131E+04 .5540E+00 .2472E+00 .3012E-02 .2171E+00 .2141E+00 .2472E+00 .9842E-02 .2571E+00 .2472E+00 .3012E-02 .9790E-01
.1132E+04 .5542E+00 .1854E+00 .2087E-02 .1626E+00 .1606E+00 .1854E+00 .7189E-02 .1926E+00 .1854E+00 .2087E-02 .7335E-01
.1133E+04 .5451E+00 .1146E+00 .1066E-02 .1003E+00 .9925E-01 .1146E+00 .4193E-02 .1188E+00 .1146E+00 .1066E-02 .4526E-01
.1134E+04 .5505E+00 .2831E-01 .1716E-03 .2469E-01 .2451E-01 .2831E-01 .9327E-03 .2924E-01 .2831E-01 .1716E-03 .1114E-01
.1135E+04 .5507E+00 .1289E-01 .8364E-04 .1125E-01 .1117E-01 .1289E-01 .4310E-03 .1332E-01 .1289E-01 .8364E-04 .5079E-02
.1136E+04 .5514E+00 .1003E+00 .8702E-03 .8772E-01 .8685E-01 .1003E+00 .3598E-02 .1039E+00 .1003E+00 .8702E-03 .3958E-01
.1137E+04 .5458E+00 .2378E+00 .2776E-02 .2087E+00 .2059E+00 .2378E+00 .9330E-02 .2471E+00 .2378E+00 .2776E-02 .9410E-01
.1138E+04 .5387E+00 .1666E+00 .1828E-02 .1461E+00 .1443E+00 .1666E+00 .6407E-02 .1730E+00 .1666E+00 .1828E-02 .6592E-01
.1139E+04 .5406E+00 .2655E+00 .3514E-02 .2335E+00 .2300E+00 .2655E+00 .1088E-01 .2764E+00 .2655E+00 .3514E-02 .1053E+00
.1140E+04 .5363E+00 .2123E+00 .2569E-02 .1864E+00 .1838E+00 .2123E+00 .8431E-02 .2207E+00 .2123E+00 .2569E-02 .8407E-01
.1141E+04 .5371E+00 .1692E+00 .1890E-02 .1484E+00 .1466E+00 .1692E+00 .6545E-02 .1758E+00 .1692E+00 .1890E-02 .6697E-01
.1142E+04 .5392E+00 .1891E+00 .2181E-02 .1660E+00 .1638E+00 .1891E+00 .7392E-02 .1965E+00 .1891E+00 .2181E-02 .7488E-01
.1143E+04 .5405E+00 .2666E+00 .3365E-02 .2343E+00 .2309E+00 .2666E+00 .1075E-01 .2774E+00 .2666E+00 .3365E-02 .1056E+00
.1144E+04 .5355E+00 .9483E-01 .9239E-03 .8305E-01 .8212E-01 .9483E-01 .3516E-02 .9834E-01 .9483E-01 .9239E-03 .3748E-01
.1145E+04 .5399E+00 .1168E+00 .1079E-02 .1022E+00 .1011E+00 .1168E+00 .4264E-02 .1210E+00 .1168E+00 .1079E-02 .4612E-01
.1146E+04 .5437E+00 .1230E+00 .1130E-02 .1076E+00 .1065E+00 .1230E+00 .4484E-02 .1275E+00 .1230E+00 .1130E-02 .4856E-01
.1147E+04 .5422E+00 .4419E-01 .2791E-03 .3855E-01 .3827E-01 .4419E-01 .1469E-02 .4566E-01 .4419E-01 .2791E-03 .1740E-01
.1148E+04 .5387E+00 .2321E+00 .2824E-02 .2038E+00 .2010E+00 .2321E+00 .9236E-02 .2413E+00 .2321E+00 .2824E-02 .9193E-01
.1149E+04 .5377E+00 .1822E+00 .2051E-02 .1599E+00 .1578E+00 .1822E+00 .7066E-02 .1893E+00 .1822E+00 .2051E-02 .7212E-01
.1150E+04 .5362E+00 .1019E+00 .1034E-02 .8929E-01 .8825E-01 .1019E+00 .3825E-02 .1057E+00 .1019E+00 .1034E-02 .4030E-01
.1151E+04 .5358E+00 .1617E+00 .1716E-02 .1417E+00 .1400E+00 .1617E+00 .6152E-02 .1678E+00 .1617E+00 .1716E-02 .6393E-01
.1152E+04 .5314E+00 .2107E+00 .2460E-02 .1850E+00 .1825E+00 .2107E+00 .8270E-02 .2190E+00 .2107E+00 .2460E-02 .8343E-01
.1153E+04 .5345E+00 .2050E+00 .2470E-02 .1800E+00 .1775E+00 .2050E+00 .8131E-02 .2131E+00 .2050E+00 .2470E-02 .8120E-01
.1154E+04 .5355E+00 .1008E+00 .8820E-03 .8817E-01 .8728E-01 .1008E+00 .3625E-02 .1044E+00 .1008E+00 .8820E-03 .3979E-01
.1155E+04 .5325E+00 .2669E+00 .3397E-02 .2346E+00 .2312E+00 .2669E+00 .1079E-01 .2777E+00 .2669E+00 .3397E-02 .1058E+00
.1156E+04 .5307E+00 .2371E+00 .2888E-02 .2082E+00 .2053E+00 .2371E+00 .9438E-02 .2465E+00 .2371E+00 .2888E-02 .9390E-01
.1157E+04 .5308E+00 .2687E+00 .3495E-02 .2362E+00 .2327E+00 .2687E+00 .1095E-01 .2797E+00 .2687E+00 .3495E-02 .1065E+00
.1158E+04 .5294E+00 .2612E+00 .3356E-02 .2296E+00 .2262E+00 .2612E+00 .1059E-01 .2718E+00 .2612E+00 .3356E-02 .1035E+00
.1159E+04 .5172E+00 .2861E+00 .3793E-02 .2516E+00 .2478E+00 .2861E+00 .1174E-01 .2979E+00 .2861E+00 .3793E-02 .1135E+00
.1160E+04 .5185E+00 .2439E+00 .3082E-02 .2143E+00 .2112E+00 .2439E+00 .9835E-02 .2537E+00 .2439E+00 .3082E-02 .9665E-01
.1161E+04 .5087E+00 .2855E+00 .3825E-02 .2511E+00 .2473E+00 .2855E+00 .1176E-01 .2973E+00 .2855E+00 .3825E-02 .1132E+00
.1162E+04 .5223E+00 .2909E+00 .3893E-02 .2558E+00 .2519E+00 .2909E+00 .1197E-01 .3029E+00 .2909E+00 .3893E-02 .1153E+00
.1163E+04 .5219E+00 .4211E+00 .6387E-02 .3711E+00 .3647E+00 .4211E+00 .1816E-01 .4393E+00 .4211E+00 .6387E-02 .1671E+00
.1164E+04 .5150E+00 .3391E+00 .4783E-02 .2985E+00 .2937E+00 .3391E+00 .1421E-01 .3533E+00 .3391E+00 .4783E-02 .1343E+00
.1165E+04 .5178E+00 .3264E+00 .4499E-02 .2872E+00 .2827E+00 .3264E+00 .1356E-01 .3400E+00 .3264E+00 .4499E-02 .1292E+00
.1166E+04 .5137E+00 .3134E+00 .4333E-02 .2757E+00 .2714E+00 .3134E+00 .1304E-01 .3264E+00 .3134E+00 .4333E-02 .1241E+00
.1167E+04 .5172E+00 .3511E+00 .4997E-02 .3091E+00 .3041E+00 .3511E+00 .1477E-01 .3659E+00 .3511E+00 .4997E-02 .1391E+00
.1168E+04 .5180E+00 .3644E+00 .5248E-02 .3208E+00 .3156E+00 .3644E+00 .1539E-01 .3798E+00 .3644E+00 .5248E-02 .1443E+00
.1169E+04 .5068E+00 .3729E+00 .5411E-02 .3283E+00 .3229E+00 .3729E+00 .1580E-01 .3887E+00 .3729E+00 .5411E-02 .1477E+00
.1170E+04 .5163E+00 .4123E+00 .6174E-02 .3632E+00 .3570E+00 .4123E+00 .1767E-01 .4299E+00 .4123E+00 .6174E-02 .1632E+00
.1171E+04 .5178E+00 .4038E+00 .6032E-02 .3558E+00 .3497E+00 .4038E+00 .1728E-01 .4211E+00 .4038E+00 .6032E-02 .1598E+00
.1172E+04 .5164E+00 .4109E+00 .6196E-02 .3621E+00 .3559E+00 .4109E+00 .1765E-01 .4286E+00 .4109E+00 .6196E-02 .1625E+00
.1173E+04 .5159E+00 .4135E+00 .6172E-02 .3643E+00 .3581E+00 .4135E+00 .1769E-01 .4312E+00 .4135E+00 .6172E-02 .1635E+00
.1174E+04 .5135E+00 .2844E+00 .3798E-02 .2501E+00 .2463E+00 .2844E+00 .1166E-01 .2960E+00 .2844E+00 .3798E-02 .1123E+00
.1175E+04 .4991E+00 .4083E+00 .6186E-02 .3598E+00 .3536E+00 .4083E+00 .1756E-01 .4259E+00 .4083E+00 .6186E-02 .1613E+00
.1176E+04 .5075E+00 .4516E+00 .7062E-02 .3982E+00 .3911E+00 .4516E+00 .1966E-01 .4713E+00 .4516E+00 .7062E-02 .1784E+00
.1177E+04 .5074E+00 .4314E+00 .6580E-02 .3801E+00 .3736E+00 .4314E+00 .1858E-01 .4499E+00 .4314E+00 .6580E-02 .1702E+00
.1178E+04 .5015E+00 .3191E+00 .4504E-02 .2808E+00 .2763E+00 .3191E+00 .1334E-01 .3324E+00 .3191E+00 .4504E-02 .1258E+00
.1179E+04 .5088E+00 .4595E+00 .7184E-02 .4051E+00 .3979E+00 .4595E+00 .1999E-01 .4795E+00 .4595E+00 .7184E-02 .1814E+00
.1180E+04 .5100E+00 .4035E+00 .5977E-02 .3554E+00 .3494E+00 .4035E+00 .1718E-01 .4207E+00 .4035E+00 .5977E-02 .1590E+00
.1181E+04 .5064E+00 .4161E+00 .6201E-02 .3665E+00 .3603E+00 .4161E+00 .1774E-01 .4338E+00 .4161E+00 .6201E-02 .1639E+00
.1182E+04 .5003E+00 .2851E+00 .3845E-02 .2507E+00 .2469E+00 .2851E+00 .1170E-01 .2968E+00 .2851E+00 .3845E-02 .1121E+00
.1183E+04 .4858E+00 .4103E+00 .6148E-02 .3615E+00 .3554E+00 .4103E+00 .1753E-01 .4279E+00 .4103E+00 .6148E-02 .1615E+00
.1184E+04 .5001E+00 .3861E+00 .5633E-02 .3400E+00 .3344E+00 .3861E+00 .1633E-01 .4025E+00 .3861E+00 .5633E-02 .1520E+00
.1185E+04 .5046E+00 .3697E+00 .5252E-02 .3254E+00 .3201E+00 .3697E+00 .1547E-01 .3851E+00 .3697E+00 .5252E-02 .1454E+00
.1186E+04 .5035E+00 .4427E+00 .6706E-02 .3901E+00 .3834E+00 .4427E+00 .1900E-01 .4617E+00 .4427E+00 .6706E-02 .1743E+00
.1187E+04 .5034E+00 .4199E+00 .6226E-02 .3699E+00 .3637E+00 .4199E+00 .1787E-01 .4378E+00 .4199E+00 .6226E-02 .1653E+00
.1188E+04 .4850E+00 .2877E+00 .3783E-02 .2529E+00 .2492E+00 .2877E+00 .1170E-01 .2994E+00 .2877E+00 .3783E-02 .1131E+00
.1189E+04 .4842E+00 .3905E+00 .5718E-02 .3439E+00 .3382E+00 .3905E+00 .1654E-01 .4070E+00 .3905E+00 .5718E-02 .1537E+00
.1190E+04 .4983E+00 .4342E+00 .6532E-02 .3826E+00 .3760E+00 .4342E+00 .1858E-01 .4528E+00 .4342E+00 .6532E-02 .1710E+00
.1191E+04 .5014E+00 .4049E+00 .5851E-02 .3565E+00 .3506E+00 .4049E+00 .1706E-01 .4219E+00 .4049E+00 .5851E-02 .1593E+00
.1192E+04 .4989E+00 .4405E+00 .6647E-02 .3881E+00 .3814E+00 .4405E+00 .1888E-01 .4593E+00 .4405E+00 .6647E-02 .1735E+00
.1193E+04 .4984E+00 .4204E+00 .6231E-02 .3703E+00 .3641E+00 .4204E+00 .1790E-01 .4383E+00 .4204E+00 .6231E-02 .1657E+00
.1194E+04 .4975E+00 .4356E+00 .6530E-02 .3838E+00 .3773E+00 .4356E+00 .1864E-01 .4543E+00 .4356E+00 .6530E-02 .1719E+00
.1195E+04 .4914E+00 .4061E+00 .5904E-02 .3576E+00 .3517E+00 .4061E+00 .1718E-01 .4233E+00 .4061E+00 .5904E-02 .1603E+00
.1196E+04 .4919E+00 .3893E+00 .5558E-02 .3427E+00 .3371E+00 .3893E+00 .1637E-01 .4056E+00 .3893E+00 .5558E-02 .1538E+00
.1197E+04 .4798E+00 .4370E+00 .6593E-02 .3850E+00 .3784E+00 .4370E+00 .1878E-01 .4557E+00 .4370E+00 .6593E-02 .1730E+00
.1198E+04 .4745E+00 .3974E+00 .5851E-02 .3500E+00 .3441E+00 .3974E+00 .1694E-01 .4143E+00 .3974E+00 .5851E-02 .1575E+00
.1199E+04 .4694E+00 .3318E+00 .4573E-02 .2919E+00 .2873E+00 .3318E+00 .1381E-01 .3456E+00 .3318E+00 .4573E-02 .1316E+00
.1200E+04 .4889E+00 .4153E+00 .6103E-02 .3657E+00 .3596E+00 .4153E+00 .1772E-01 .4330E+00 .4153E+00 .6103E-02 .1651E+00
.1201E+04 .4910E+00 .3978E+00 .5713E-02 .3503E+00 .3445E+00 .3978E+00 .1683E-01 .4147E+00 .3978E+00 .5713E-02 .1583E+00
.1202E+04 .4883E+00 .3976E+00 .5790E-02 .3502E+00 .3444E+00 .3976E+00 .1693E-01 .4146E+00 .3976E+00 .5790E-02 .1584E+00
.1203E+04 .4679E+00 .3906E+00 .5625E-02 .3439E+00 .3383E+00 .3906E+00 .1658E-01 .4072E+00 .3906E+00 .5625E-02 .1559E+00
.1204E+04 .4791E+00 .3361E+00 .4603E-02 .2956E+00 .2910E+00 .3361E+00 .1402E-01 .3501E+00 .3361E+00 .4603E-02 .1343E+00
.1205E+04 .4848E+00 .4047E+00 .5900E-02 .3563E+00 .3504E+00 .4047E+00 .1730E-01 .4220E+00 .4047E+00 .5900E-02 .1621E+00
.1206E+04 .4854E+00 .4511E+00 .6785E-02 .3974E+00 .3906E+00 .4511E+00 .1954E-01 .4706E+00 .4511E+00 .6785E-02 .1811E+00
.1207E+04 .4845E+00 .3916E+00 .5594E-02 .3447E+00 .3391E+00 .3916E+00 .1664E-01 .4082E+00 .3916E+00 .5594E-02 .1573E+00
.1208E+04 .4598E+00 .3855E+00 .5586E-02 .3395E+00 .3339E+00 .3855E+00 .1648E-01 .4020E+00 .3855E+00 .5586E-02 .1550E+00
.1209E+04 .4690E+00 .3960E+00 .5741E-02 .3487E+00 .3430E+00 .3960E+00 .1694E-01 .4130E+00 .3960E+00 .5741E-02 .1594E+00
.1210E+04 .4716E+00 .4155E+00 .6106E-02 .3659E+00 .3598E+00 .4155E+00 .1788E-01 .4333E+00 .4155E+00 .6106E-02 .1674E+00
.1211E+04 .4733E+00 .3939E+00 .5680E-02 .3468E+00 .3411E+00 .3939E+00 .1684E-01 .4108E+00 .3939E+00 .5680E-02 .1588E+00
.1212E+04 .4790E+00 .3851E+00 .5375E-02 .3389E+00 .3335E+00 .3851E+00 .1627E-01 .4014E+00 .3851E+00 .5375E-02 .1553E+00
.1213E+04 .4784E+00 .4374E+00 .6448E-02 .3853E+00 .3788E+00 .4374E+00 .1888E-01 .4563E+00 .4374E+00 .6448E-02 .1767E+00
.1214E+04 .4785E+00 .3959E+00 .5578E-02 .3485E+00 .3429E+00 .3959E+00 .1680E-01 .4127E+00 .3959E+00 .5578E-02 .1599E+00
.1215E+04 .4783E+00 .3881E+00 .5438E-02 .3416E+00 .3361E+00 .3881E+00 .1644E-01 .4045E+00 .3881E+00 .5438E-02 .1568E+00
.1216E+04 .4775E+00 .4363E+00 .6416E-02 .3843E+00 .3779E+00 .4363E+00 .1882E-01 .4551E+00 .4363E+00 .6416E-02 .1764E+00
.1217E+04 .4762E+00 .4241E+00 .6165E-02 .3734E+00 .3673E+00 .4241E+00 .1821E-01 .4423E+00 .4241E+00 .6165E-02 .1714E+00
.1218E+04 .4744E+00 .4298E+00 .6268E-02 .3785E+00 .3722E+00 .4298E+00 .1848E-01 .4483E+00 .4298E+00 .6268E-02 .1737E+00
.1219E+04 .4724E+00 .4210E+00 .6069E-02 .3706E+00 .3646E+00 .4210E+00 .1802E-01 .4390E+00 .4210E+00 .6069E-02 .1701E+00
.1220E+04 .4738E+00 .4314E+00 .6283E-02 .3799E+00 .3736E+00 .4314E+00 .1854E-01 .4499E+00 .4314E+00 .6283E-02 .1744E+00
.1221E+04 .4719E+00 .4371E+00 .6404E-02 .3850E+00 .3786E+00 .4371E+00 .1883E-01 .4560E+00 .4371E+00 .6404E-02 .1767E+00
.1222E+04 .4701E+00 .4250E+00 .6178E-02 .3743E+00 .3681E+00 .4250E+00 .1825E-01 .4433E+00 .4250E+00 .6178E-02 .1718E+00
.1223E+04 .4686E+00 .4197E+00 .6058E-02 .3696E+00 .3635E+00 .4197E+00 .1798E-01 .4377E+00 .4197E+00 .6058E-02 .1696E+00
.1224E+04 .4699E+00 .4161E+00 .5937E-02 .3663E+00 .3603E+00 .4161E+00 .1774E-01 .4338E+00 .4161E+00 .5937E-02 .1681E+00
.1225E+04 .4684E+00 .4347E+00 .6315E-02 .3828E+00 .3764E+00 .4347E+00 .1866E-01 .4533E+00 .4347E+00 .6315E-02 .1757E+00
.1226E+04 .4663E+00 .4391E+00 .6422E-02 .3867E+00 .3803E+00 .4391E+00 .1890E-01 .4580E+00 .4391E+00 .6422E-02 .1775E+00
.1227E+04 .4570E+00 .4011E+00 .5680E-02 .3530E+00 .3474E+00 .4011E+00 .1706E-01 .4181E+00 .4011E+00 .5680E-02 .1621E+00
.1228E+04 .4645E+00 .4419E+00 .6471E-02 .3892E+00 .3827E+00 .4419E+00 .1903E-01 .4610E+00 .4419E+00 .6471E-02 .1786E+00
.1229E+04 .4654E+00 .4399E+00 .6407E-02 .3874E+00 .3810E+00 .4399E+00 .1890E-01 .4588E+00 .4399E+00 .6407E-02 .1778E+00
.1230E+04 .4629E+00 .4315E+00 .6240E-02 .3800E+00 .3737E+00 .4315E+00 .1850E-01 .4500E+00 .4315E+00 .6240E-02 .1744E+00
.1231E+04 .4614E+00 .4470E+00 .6568E-02 .3936E+00 .3871E+00 .4470E+00 .1927E-01 .4662E+00 .4470E+00 .6568E-02 .1807E+00
.1232E+04 .4592E+00 .4443E+00 .6513E-02 .3913E+00 .3848E+00 .4443E+00 .1914E-01 .4634E+00 .4443E+00 .6513E-02 .1796E+00
.1233E+04 .4601E+00 .4251E+00 .6072E-02 .3742E+00 .3681E+00 .4251E+00 .1813E-01 .4432E+00 .4251E+00 .6072E-02 .1718E+00
.1234E+04 .4577E+00 .4474E+00 .6573E-02 .3941E+00 .3875E+00 .4474E+00 .1929E-01 .4667E+00 .4474E+00 .6573E-02 .1809E+00
.1235E+04 .4572E+00 .4439E+00 .6486E-02 .3909E+00 .3845E+00 .4439E+00 .1910E-01 .4630E+00 .4439E+00 .6486E-02 .1794E+00
.1236E+04 .4586E+00 .4479E+00 .6554E-02 .3945E+00 .3879E+00 .4479E+00 .1928E-01 .4672E+00 .4479E+00 .6554E-02 .1811E+00
.1237E+04 .4580E+00 .4403E+00 .6375E-02 .3877E+00 .3813E+00 .4403E+00 .1888E-01 .4592E+00 .4403E+00 .6375E-02 .1779E+00
.1238E+04 .4570E+00 .4466E+00 .6514E-02 .3933E+00 .3868E+00 .4466E+00 .1920E-01 .4658E+00 .4466E+00 .6514E-02 .1805E+00
.1239E+04 .4513E+00 .4409E+00 .6419E-02 .3883E+00 .3819E+00 .4409E+00 .1895E-01 .4599E+00 .4409E+00 .6419E-02 .1782E+00
.1240E+04 .4522E+00 .4430E+00 .6447E-02 .3901E+00 .3836E+00 .4430E+00 .1903E-01 .4620E+00 .4430E+00 .6447E-02 .1790E+00
.1241E+04 .4541E+00 .4401E+00 .6358E-02 .3875E+00 .3812E+00 .4401E+00 .1886E-01 .4590E+00 .4401E+00 .6358E-02 .1779E+00
.1242E+04 .4495E+00 .4401E+00 .6379E-02 .3875E+00 .3811E+00 .4401E+00 .1887E-01 .4589E+00 .4401E+00 .6379E-02 .1777E+00
.1243E+04 .4456E+00 .4367E+00 .6322E-02 .3845E+00 .3782E+00 .4367E+00 .1871E-01 .4554E+00 .4367E+00 .6322E-02 .1763E+00
.1244E+04 .4500E+00 .4397E+00 .6343E-02 .3872E+00 .3808E+00 .4397E+00 .1881E-01 .4585E+00 .4397E+00 .6343E-02 .1774E+00
.1245E+04 .4512E+00 .4420E+00 .6373E-02 .3891E+00 .3828E+00 .4420E+00 .1890E-01 .4609E+00 .4420E+00 .6373E-02 .1783E+00
.1246E+04 .4484E+00 .4394E+00 .6326E-02 .3869E+00 .3805E+00 .4394E+00 .1878E-01 .4582E+00 .4394E+00 .6326E-02 .1772E+00
.1247E+04 .4478E+00 .4379E+00 .6287E-02 .3855E+00 .3792E+00 .4379E+00 .1869E-01 .4566E+00 .4379E+00 .6287E-02 .1766E+00
.1248E+04 .4496E+00 .4375E+00 .6252E-02 .3851E+00 .3789E+00 .4375E+00 .1864E-01 .4561E+00 .4375E+00 .6252E-02 .1764E+00
.1249E+04 .4491E+00 .4394E+00 .6287E-02 .3868E+00 .3805E+00 .4394E+00 .1873E-01 .4581E+00 .4394E+00 .6287E-02 .1772E+00
.1250E+04 .4476E+00 .4372E+00 .6239E-02 .3848E+00 .3786E+00 .4372E+00 .1862E-01 .4558E+00 .4372E+00 .6239E-02 .1763E+00
.1251E+04 .4444E+00 .4328E+00 .6156E-02 .3810E+00 .3748E+00 .4328E+00 .1841E-01 .4512E+00 .4328E+00 .6156E-02 .1745E+00
.1252E+04 .4413E+00 .4312E+00 .6133E-02 .3795E+00 .3734E+00 .4312E+00 .1834E-01 .4495E+00 .4312E+00 .6133E-02 .1739E+00
.1253E+04 .4435E+00 .4307E+00 .6095E-02 .3791E+00 .3730E+00 .4307E+00 .1829E-01 .4490E+00 .4307E+00 .6095E-02 .1737E+00
.1254E+04 .4436E+00 .4269E+00 .6002E-02 .3757E+00 .3697E+00 .4269E+00 .1808E-01 .4450E+00 .4269E+00 .6002E-02 .1722E+00
.1255E+04 .4424E+00 .4311E+00 .6092E-02 .3794E+00 .3733E+00 .4311E+00 .1830E-01 .4494E+00 .4311E+00 .6092E-02 .1739E+00
.1256E+04 .4407E+00 .4244E+00 .5947E-02 .3735E+00 .3675E+00 .4244E+00 .1796E-01 .4423E+00 .4244E+00 .5947E-02 .1711E+00
.1257E+04 .4405E+00 .4233E+00 .5916E-02 .3725E+00 .3666E+00 .4233E+00 .1789E-01 .4412E+00 .4233E+00 .5916E-02 .1707E+00
.1258E+04 .4401E+00 .4264E+00 .5976E-02 .3753E+00 .3693E+00 .4264E+00 .1804E-01 .4445E+00 .4264E+00 .5976E-02 .1720E+00
.1259E+04 .4411E+00 .4196E+00 .5810E-02 .3692E+00 .3634E+00 .4196E+00 .1768E-01 .4373E+00 .4196E+00 .5810E-02 .1692E+00
.1260E+04 .4413E+00 .4201E+00 .5810E-02 .3696E+00 .3638E+00 .4201E+00 .1770E-01 .4378E+00 .4201E+00 .5810E-02 .1695E+00
.1261E+04 .4388E+00 .4064E+00 .5526E-02 .3574E+00 .3519E+00 .4064E+00 .1702E-01 .4234E+00 .4064E+00 .5526E-02 .1641E+00
.1262E+04 .4378E+00 .4003E+00 .5397E-02 .3520E+00 .3466E+00 .4003E+00 .1673E-01 .4170E+00 .4003E+00 .5397E-02 .1618E+00
.1263E+04 .4394E+00 .4003E+00 .5379E-02 .3520E+00 .3467E+00 .4003E+00 .1672E-01 .4170E+00 .4003E+00 .5379E-02 .1619E+00
.1264E+04 .4352E+00 .3820E+00 .5020E-02 .3359E+00 .3309E+00 .3820E+00 .1584E-01 .3979E+00 .3820E+00 .5020E-02 .1547E+00
.1265E+04 .4360E+00 .3985E+00 .5348E-02 .3504E+00 .3451E+00 .3985E+00 .1666E-01 .4151E+00 .3985E+00 .5348E-02 .1615E+00
.1266E+04 .4368E+00 .3912E+00 .5182E-02 .3439E+00 .3387E+00 .3912E+00 .1628E-01 .4074E+00 .3912E+00 .5182E-02 .1586E+00
.1267E+04 .4325E+00 .3914E+00 .5206E-02 .3441E+00 .3389E+00 .3914E+00 .1632E-01 .4077E+00 .3914E+00 .5206E-02 .1587E+00
.1268E+04 .4295E+00 .3801E+00 .4985E-02 .3341E+00 .3292E+00 .3801E+00 .1577E-01 .3958E+00 .3801E+00 .4985E-02 .1542E+00
.1269E+04 .4340E+00 .2966E+00 .3365E-02 .2602E+00 .2569E+00 .2966E+00 .1172E-01 .3083E+00 .2966E+00 .3365E-02 .1202E+00
.1270E+04 .4355E+00 .3930E+00 .5199E-02 .3456E+00 .3404E+00 .3930E+00 .1639E-01 .4094E+00 .3930E+00 .5199E-02 .1600E+00
.1271E+04 .4344E+00 .4024E+00 .5396E-02 .3539E+00 .3485E+00 .4024E+00 .1689E-01 .4193E+00 .4024E+00 .5396E-02 .1643E+00
.1272E+04 .4333E+00 .4031E+00 .5409E-02 .3545E+00 .3491E+00 .4031E+00 .1693E-01 .4201E+00 .4031E+00 .5409E-02 .1646E+00
.1273E+04 .4313E+00 .4003E+00 .5354E-02 .3520E+00 .3467E+00 .4003E+00 .1679E-01 .4171E+00 .4003E+00 .5354E-02 .1634E+00
.1274E+04 .4296E+00 .3987E+00 .5327E-02 .3506E+00 .3453E+00 .3987E+00 .1672E-01 .4154E+00 .3987E+00 .5327E-02 .1628E+00
.1275E+04 .4313E+00 .4048E+00 .5429E-02 .3560E+00 .3505E+00 .4048E+00 .1700E-01 .4218E+00 .4048E+00 .5429E-02 .1653E+00
.1276E+04 .4312E+00 .4055E+00 .5437E-02 .3566E+00 .3512E+00 .4055E+00 .1703E-01 .4226E+00 .4055E+00 .5437E-02 .1656E+00
.1277E+04 .4301E+00 .4025E+00 .5382E-02 .3540E+00 .3486E+00 .4025E+00 .1688E-01 .4194E+00 .4025E+00 .5382E-02 .1642E+00
.1278E+04 .4282E+00 .4111E+00 .5554E-02 .3616E+00 .3560E+00 .4111E+00 .1729E-01 .4284E+00 .4111E+00 .5554E-02 .1676E+00
.1279E+04 .4248E+00 .4038E+00 .5417E-02 .3551E+00 .3497E+00 .4038E+00 .1694E-01 .4207E+00 .4038E+00 .5417E-02 .1645E+00
.1280E+04 .4194E+00 .3975E+00 .5315E-02 .3495E+00 .3442E+00 .3975E+00 .1665E-01 .4141E+00 .3975E+00 .5315E-02 .1620E+00
.1281E+04 .3961E+00 .3779E+00 .5064E-02 .3323E+00 .3273E+00 .3779E+00 .1584E-01 .3937E+00 .3779E+00 .5064E-02 .1540E+00
.1282E+04 .3751E+00 .3645E+00 .4923E-02 .3206E+00 .3156E+00 .3645E+00 .1532E-01 .3798E+00 .3645E+00 .4923E-02 .1485E+00
.1283E+04 .4054E+00 .3924E+00 .5282E-02 .3451E+00 .3399E+00 .3924E+00 .1648E-01 .4089E+00 .3924E+00 .5282E-02 .1599E+00
.1284E+04 .4167E+00 .3988E+00 .5327E-02 .3507E+00 .3454E+00 .3988E+00 .1670E-01 .4155E+00 .3988E+00 .5327E-02 .1625E+00
.1285E+04 .4185E+00 .4027E+00 .5388E-02 .3541E+00 .3487E+00 .4027E+00 .1687E-01 .4196E+00 .4027E+00 .5388E-02 .1641E+00
.1286E+04 .4202E+00 .4071E+00 .5454E-02 .3580E+00 .3525E+00 .4071E+00 .1707E-01 .4241E+00 .4071E+00 .5454E-02 .1659E+00
.1287E+04 .4211E+00 .3991E+00 .5282E-02 .3509E+00 .3457E+00 .3991E+00 .1666E-01 .4158E+00 .3991E+00 .5282E-02 .1626E+00
.1288E+04 .4195E+00 .3986E+00 .5275E-02 .3505E+00 .3452E+00 .3986E+00 .1664E-01 .4152E+00 .3986E+00 .5275E-02 .1624E+00
.1289E+04 .4195E+00 .3850E+00 .4994E-02 .3384E+00 .3334E+00 .3850E+00 .1595E-01 .4010E+00 .3850E+00 .4994E-02 .1568E+00
.1290E+04 .4142E+00 .3945E+00 .5203E-02 .3468E+00 .3416E+00 .3945E+00 .1643E-01 .4109E+00 .3945E+00 .5203E-02 .1605E+00
.1291E+04 .4175E+00 .4012E+00 .5306E-02 .3527E+00 .3474E+00 .4012E+00 .1672E-01 .4179E+00 .4012E+00 .5306E-02 .1631E+00
.1292E+04 .4193E+00 .3717E+00 .4718E-02 .3266E+00 .3219E+00 .3717E+00 .1526E-01 .3869E+00 .3717E+00 .4718E-02 .1510E+00
.1293E+04 .4169E+00 .3901E+00 .5081E-02 .3429E+00 .3378E+00 .3901E+00 .1617E-01 .4063E+00 .3901E+00 .5081E-02 .1585E+00
.1294E+04 .4160E+00 .3851E+00 .4986E-02 .3385E+00 .3335E+00 .3851E+00 .1593E-01 .4010E+00 .3851E+00 .4986E-02 .1565E+00
.1295E+04 .4177E+00 .3860E+00 .4961E-02 .3392E+00 .3343E+00 .3860E+00 .1592E-01 .4019E+00 .3860E+00 .4961E-02 .1568E+00
.1296E+04 .4178E+00 .3642E+00 .4552E-02 .3200E+00 .3154E+00 .3642E+00 .1488E-01 .3791E+00 .3642E+00 .4552E-02 .1479E+00
.1297E+04 .4141E+00 .3420E+00 .4185E-02 .3004E+00 .2962E+00 .3420E+00 .1387E-01 .3559E+00 .3420E+00 .4185E-02 .1389E+00
.1298E+04 .4136E+00 .3752E+00 .4777E-02 .3298E+00 .3250E+00 .3752E+00 .1543E-01 .3907E+00 .3752E+00 .4777E-02 .1525E+00
.1299E+04 .4157E+00 .3924E+00 .5092E-02 .3449E+00 .3398E+00 .3924E+00 .1624E-01 .4087E+00 .3924E+00 .5092E-02 .1595E+00
.1300E+04 .4141E+00 .3232E+00 .3891E-02 .2838E+00 .2799E+00 .3232E+00 .1304E-01 .3362E+00 .3232E+00 .3891E-02 .1312E+00
.1301E+04 .4116E+00 .3306E+00 .3980E-02 .2903E+00 .2863E+00 .3306E+00 .1334E-01 .3440E+00 .3306E+00 .3980E-02 .1342E+00
.1302E+04 .4097E+00 .3736E+00 .4730E-02 .3283E+00 .3236E+00 .3736E+00 .1533E-01 .3890E+00 .3736E+00 .4730E-02 .1518E+00
.1303E+04 .4066E+00 .3169E+00 .3787E-02 .2783E+00 .2745E+00 .3169E+00 .1275E-01 .3297E+00 .3169E+00 .3787E-02 .1287E+00
.1304E+04 .4079E+00 .2665E+00 .2968E-02 .2338E+00 .2308E+00 .2665E+00 .1048E-01 .2770E+00 .2665E+00 .2968E-02 .1082E+00
.1305E+04 .4101E+00 .3641E+00 .4548E-02 .3198E+00 .3153E+00 .3641E+00 .1487E-01 .3789E+00 .3641E+00 .4548E-02 .1479E+00
.1306E+04 .4099E+00 .3643E+00 .4526E-02 .3200E+00 .3155E+00 .3643E+00 .1485E-01 .3792E+00 .3643E+00 .4526E-02 .1480E+00
.1307E+04 .4076E+00 .2680E+00 .2990E-02 .2351E+00 .2321E+00 .2680E+00 .1054E-01 .2786E+00 .2680E+00 .2990E-02 .1087E+00
.1308E+04 .4071E+00 .3266E+00 .3960E-02 .2868E+00 .2829E+00 .3266E+00 .1319E-01 .3398E+00 .3266E+00 .3960E-02 .1325E+00
.1309E+04 .4068E+00 .3623E+00 .4456E-02 .3182E+00 .3137E+00 .3623E+00 .1470E-01 .3770E+00 .3623E+00 .4456E-02 .1468E+00
.1310E+04 .4042E+00 .2708E+00 .3031E-02 .2375E+00 .2345E+00 .2708E+00 .1065E-01 .2814E+00 .2708E+00 .3031E-02 .1097E+00
.1311E+04 .4040E+00 .3069E+00 .3616E-02 .2694E+00 .2658E+00 .3069E+00 .1228E-01 .3192E+00 .3069E+00 .3616E-02 .1244E+00
.1312E+04 .3931E+00 .2991E+00 .3509E-02 .2625E+00 .2590E+00 .2991E+00 .1194E-01 .3110E+00 .2991E+00 .3509E-02 .1211E+00
.1313E+04 .3965E+00 .2875E+00 .3271E-02 .2523E+00 .2490E+00 .2875E+00 .1136E-01 .2989E+00 .2875E+00 .3271E-02 .1163E+00
.1314E+04 .3999E+00 .2627E+00 .2923E-02 .2305E+00 .2275E+00 .2627E+00 .1030E-01 .2730E+00 .2627E+00 .2923E-02 .1062E+00
.1315E+04 .3881E+00 .2440E+00 .2594E-02 .2139E+00 .2113E+00 .2440E+00 .9432E-02 .2535E+00 .2440E+00 .2594E-02 .9856E-01
.1316E+04 .3974E+00 .2995E+00 .3441E-02 .2628E+00 .2594E+00 .2995E+00 .1186E-01 .3114E+00 .2995E+00 .3441E-02 .1211E+00
.1317E+04 .3992E+00 .2875E+00 .3293E-02 .2523E+00 .2490E+00 .2875E+00 .1138E-01 .2989E+00 .2875E+00 .3293E-02 .1162E+00
.1318E+04 .3975E+00 .3145E+00 .3706E-02 .2760E+00 .2723E+00 .3145E+00 .1256E-01 .3270E+00 .3145E+00 .3706E-02 .1272E+00
.1319E+04 .4003E+00 .2314E+00 .2396E-02 .2028E+00 .2004E+00 .2314E+00 .8870E-02 .2403E+00 .2314E+00 .2396E-02 .9341E-01
.1320E+04 .3983E+00 .2378E+00 .2562E-02 .2085E+00 .2060E+00 .2378E+00 .9222E-02 .2471E+00 .2378E+00 .2562E-02 .9597E-01
.1321E+04 .3960E+00 .2736E+00 .3037E-02 .2400E+00 .2370E+00 .2736E+00 .1070E-01 .2843E+00 .2736E+00 .3037E-02 .1103E+00
.1322E+04 .3968E+00 .2729E+00 .2963E-02 .2393E+00 .2363E+00 .2729E+00 .1059E-01 .2834E+00 .2729E+00 .2963E-02 .1099E+00
.1323E+04 .3964E+00 .2059E+00 .2041E-02 .1804E+00 .1783E+00 .2059E+00 .7771E-02 .2137E+00 .2059E+00 .2041E-02 .8280E-01
.1324E+04 .3967E+00 .2291E+00 .2365E-02 .2008E+00 .1984E+00 .2291E+00 .8749E-02 .2379E+00 .2291E+00 .2365E-02 .9212E-01
.1325E+04 .3949E+00 .2981E+00 .3376E-02 .2615E+00 .2582E+00 .2981E+00 .1172E-01 .3098E+00 .2981E+00 .3376E-02 .1200E+00
.1326E+04 .3926E+00 .2495E+00 .2651E-02 .2187E+00 .2161E+00 .2495E+00 .9612E-02 .2591E+00 .2495E+00 .2651E-02 .1003E+00
.1327E+04 .3922E+00 .2380E+00 .2492E-02 .2086E+00 .2061E+00 .2380E+00 .9123E-02 .2471E+00 .2380E+00 .2492E-02 .9562E-01
.1328E+04 .3886E+00 .2080E+00 .2110E-02 .1822E+00 .1801E+00 .2080E+00 .7891E-02 .2159E+00 .2080E+00 .2110E-02 .8346E-01
.1329E+04 .3839E+00 .1566E+00 .1418E-02 .1370E+00 .1356E+00 .1566E+00 .5746E-02 .1623E+00 .1566E+00 .1418E-02 .6272E-01
.1330E+04 .3896E+00 .2000E+00 .1882E-02 .1751E+00 .1732E+00 .2000E+00 .7414E-02 .2074E+00 .2000E+00 .1882E-02 .8005E-01
.1331E+04 .3886E+00 .1158E+00 .9176E-03 .1012E+00 .1003E+00 .1158E+00 .4097E-02 .1199E+00 .1158E+00 .9176E-03 .4624E-01
.1332E+04 .3843E+00 .1229E+00 .1019E-02 .1075E+00 .1065E+00 .1229E+00 .4400E-02 .1273E+00 .1229E+00 .1019E-02 .4912E-01
.1333E+04 .3904E+00 .1700E+00 .1472E-02 .1487E+00 .1472E+00 .1700E+00 .6155E-02 .1762E+00 .1700E+00 .1472E-02 .6793E-01
.1334E+04 .3908E+00 .1532E+00 .1427E-02 .1341E+00 .1327E+00 .1532E+00 .5660E-02 .1589E+00 .1532E+00 .1427E-02 .6128E-01
.1335E+04 .3883E+00 .2074E+00 .2009E-02 .1816E+00 .1796E+00 .2074E+00 .7741E-02 .2151E+00 .2074E+00 .2009E-02 .8287E-01
.1336E+04 .3889E+00 .1631E+00 .1459E-02 .1427E+00 .1412E+00 .1631E+00 .5949E-02 .1690E+00 .1631E+00 .1459E-02 .6507E-01
.1337E+04 .3873E+00 .1373E+00 .1181E-02 .1201E+00 .1189E+00 .1373E+00 .4949E-02 .1423E+00 .1373E+00 .1181E-02 .5468E-01
.1338E+04 .3850E+00 .1483E+00 .1270E-02 .1297E+00 .1285E+00 .1483E+00 .5334E-02 .1537E+00 .1483E+00 .1270E-02 .5896E-01
.1339E+04 .3791E+00 .1506E+00 .1313E-02 .1317E+00 .1304E+00 .1506E+00 .5434E-02 .1560E+00 .1506E+00 .1313E-02 .5977E-01
.1340E+04 .3833E+00 .1475E+00 .1321E-02 .1291E+00 .1278E+00 .1475E+00 .5363E-02 .1529E+00 .1475E+00 .1321E-02 .5859E-01
.1341E+04 .3840E+00 .1366E+00 .1106E-02 .1194E+00 .1183E+00 .1366E+00 .4835E-02 .1414E+00 .1366E+00 .1106E-02 .5419E-01
.1342E+04 .3837E+00 .1368E+00 .1100E-02 .1196E+00 .1185E+00 .1368E+00 .4829E-02 .1417E+00 .1368E+00 .1100E-02 .5420E-01
.1343E+04 .3833E+00 .8577E-01 .5387E-03 .7482E-01 .7428E-01 .8577E-01 .2855E-02 .8863E-01 .8577E-01 .5387E-03 .3386E-01
.1344E+04 .3843E+00 .6014E-01 .3992E-03 .5248E-01 .5208E-01 .6014E-01 .2023E-02 .6216E-01 .6014E-01 .3992E-03 .2372E-01
.1345E+04 .3823E+00 .8552E-01 .5647E-03 .7463E-01 .7406E-01 .8552E-01 .2872E-02 .8839E-01 .8552E-01 .5647E-03 .3369E-01
.1346E+04 .3806E+00 .3778E-01 .1702E-03 .3289E-01 .3272E-01 .3778E-01 .1179E-02 .3896E-01 .3778E-01 .1702E-03 .1484E-01
.1347E+04 .3814E+00 .3956E-01 .1697E-03 .3443E-01 .3426E-01 .3956E-01 .1224E-02 .4078E-01 .3956E-01 .1697E-03 .1552E-01
.1348E+04 .3812E+00 .2322E-02 .4671E-05 .2015E-02 .2011E-02 .2322E-02 .6586E-04 .2388E-02 .2322E-02 .4671E-05 .9075E-03
.1349E+04 .3782E+00 .7948E-02 .1874E-04 .6902E-02 .6883E-02 .7948E-02 .2283E-03 .8176E-02 .7948E-02 .1874E-04 .3105E-02
.1350E+04 .3753E+00 .9716E-02 .2606E-04 .8440E-02 .8414E-02 .9716E-02 .2822E-03 .9998E-02 .9716E-02 .2606E-04 .3790E-02
.1351E+04 .3779E+00 .1923E-02 .2620E-05 .1668E-02 .1666E-02 .1923E-02 .5294E-04 .1976E-02 .1923E-02 .2620E-05 .7478E-03
.1352E+04 .3793E+00 .4602E-03 .2481E-06 .3988E-03 .3985E-03 .4602E-03 .1223E-04 .4724E-03 .4602E-03 .2481E-06 .1785E-03
.1353E+04 .3777E+00 .2606E-04 .7969E-08 .2258E-04 .2257E-04 .2606E-04 .6850E-06 .2675E-04 .2606E-04 .7969E-08 .1010E-04
.1354E+04 .3755E+00 .9652E-04 .5054E-07 .8364E-04 .8359E-04 .9652E-04 .2558E-05 .9908E-04 .9652E-04 .5054E-07 .3737E-04
.1355E+04 .3718E+00 .6230E-06 .6348E-10 .5396E-06 .5396E-06 .6230E-06 .1620E-07 .6392E-06 .6230E-06 .6348E-10 .2409E-06
.1356E+04 .3701E+00 .1942E-04 .6703E-08 .1682E-04 .1681E-04 .1942E-04 .5098E-06 .1993E-04 .1942E-04 .6703E-08 .7502E-05
.1357E+04 .3706E+00 .2333E-04 .7402E-08 .2021E-04 .2020E-04 .2333E-04 .6110E-06 .2394E-04 .2333E-04 .7402E-08 .9001E-05
.1358E+04 .3734E+00 .8597E-06 .9807E-10 .7446E-06 .7445E-06 .8597E-06 .2228E-07 .8820E-06 .8597E-06 .9807E-10 .3310E-06
.1359E+04 .3698E+00 .7934E-07 .2243E-11 .6871E-07 .6871E-07 .7934E-07 .2045E-08 .8138E-07 .7934E-07 .2243E-11 .3049E-07
.1360E+04 .3701E+00 .3897E-06 .2818E-10 .3375E-06 .3375E-06 .3897E-06 .1006E-07 .3997E-06 .3897E-06 .2818E-10 .1496E-06
.1361E+04 .3730E+00 .2739E-09 .1336E-14 .2372E-09 .2372E-09 .2739E-09 .7042E-11 .2810E-09 .2739E-09 .1336E-14 .1051E-09
.1362E+04 .3690E+00 .7120E-12 .1417E-17 .6166E-12 .6166E-12 .7120E-12 .1828E-13 .7303E-12 .7120E-12 .1417E-17 .2728E-12
.1363E+04 .3672E+00 .3504E-06 .1042E-10 .3035E-06 .3035E-06 .3504E-06 .8990E-08 .3594E-06 .3504E-06 .1042E-10 .1340E-06
.1364E+04 .3687E+00 .1493E-06 .5839E-11 .1293E-06 .1293E-06 .1493E-06 .3825E-08 .1531E-06 .1493E-06 .5839E-11 .5701E-07
.1365E+04 .3696E+00 .4959E-12 .2647E-18 .4295E-12 .4295E-12 .4959E-12 .1268E-13 .5086E-12 .4959E-12 .2647E-18 .1893E-12
.1366E+04 .3673E+00 .2346E-05 .1200E-09 .2032E-05 .2032E-05 .2346E-05 .6013E-07 .2406E-05 .2346E-05 .1200E-09 .8957E-06
.1367E+04 .3661E+00 .1080E-05 .9307E-10 .9351E-06 .9350E-06 .1080E-05 .2770E-07 .1107E-05 .1080E-05 .9307E-10 .4120E-06
.1368E+04 .3647E+00 .1957E-14 .4480E-22 .1695E-14 .1695E-14 .1957E-14 .4998E-16 .2007E-14 .1957E-14 .4480E-22 .7461E-15
.1369E+04 .3623E+00 .1315E-06 .6899E-11 .1139E-06 .1139E-06 .1315E-06 .3364E-08 .1349E-06 .1315E-06 .6899E-11 .5010E-07
.1370E+04 .3621E+00 .4199E-07 .1093E-11 .3637E-07 .3637E-07 .4199E-07 .1071E-08 .4306E-07 .4199E-07 .1093E-11 .1597E-07
.1371E+04 .3628E+00 .2526E-08 .3909E-13 .2187E-08 .2187E-08 .2526E-08 .6425E-10 .2590E-08 .2526E-08 .3909E-13 .9585E-09
.1372E+04 .3658E+00 .8799E-06 .9037E-10 .7621E-06 .7620E-06 .8799E-06 .2243E-07 .9023E-06 .8799E-06 .9037E-10 .3334E-06
.1373E+04 .3656E+00 .1002E-04 .1783E-08 .8680E-05 .8678E-05 .1002E-04 .2558E-06 .1028E-04 .1002E-04 .1783E-08 .3790E-05
.1374E+04 .3624E+00 .4820E-04 .1506E-07 .4176E-04 .4174E-04 .4820E-04 .1235E-05 .4943E-04 .4820E-04 .1506E-07 .1820E-04
.1375E+04 .3595E+00 .9108E-04 .2366E-07 .7890E-04 .7888E-04 .9108E-04 .2327E-05 .9340E-04 .9108E-04 .2366E-07 .3436E-04
.1376E+04 .3579E+00 .1158E-03 .6762E-07 .1004E-03 .1003E-03 .1158E-03 .2998E-05 .1188E-03 .1158E-03 .6762E-07 .4367E-04
.1377E+04 .3609E+00 .5921E-04 .3228E-07 .5131E-04 .5128E-04 .5921E-04 .1528E-05 .6074E-04 .5921E-04 .3228E-07 .2229E-04
.1378E+04 .3614E+00 .3130E-03 .1466E-06 .2712E-03 .2710E-03 .3130E-03 .8029E-05 .3210E-03 .3130E-03 .1466E-06 .1175E-03
.1379E+04 .3621E+00 .2345E-04 .1266E-07 .2032E-04 .2031E-04 .2345E-04 .6020E-06 .2406E-04 .2345E-04 .1266E-07 .8782E-05
.1380E+04 .3606E+00 .2221E-04 .6955E-08 .1924E-04 .1923E-04 .2221E-04 .5637E-06 .2277E-04 .2221E-04 .6955E-08 .8302E-05
.1381E+04 .3594E+00 .8673E-06 .2503E-09 .7513E-06 .7511E-06 .8673E-06 .2197E-07 .8893E-06 .8673E-06 .2503E-09 .3239E-06
.1382E+04 .3564E+00 .5302E-06 .3963E-10 .4592E-06 .4592E-06 .5302E-06 .1329E-07 .5435E-06 .5302E-06 .3963E-10 .1977E-06
.1383E+04 .3579E+00 .7279E-08 .3949E-12 .6304E-08 .6304E-08 .7279E-08 .1819E-09 .7461E-08 .7279E-08 .3949E-12 .2709E-08
.1384E+04 .3585E+00 .9455E-07 .3230E-11 .8189E-07 .8188E-07 .9455E-07 .2357E-08 .9691E-07 .9455E-07 .3230E-11 .3513E-07
.1385E+04 .3566E+00 .3914E-06 .5225E-10 .3390E-06 .3390E-06 .3914E-06 .9775E-08 .4012E-06 .3914E-06 .5225E-10 .1451E-06
.1386E+04 .3567E+00 .3092E-06 .1294E-10 .2678E-06 .2678E-06 .3092E-06 .7669E-08 .3169E-06 .3092E-06 .1294E-10 .1143E-06
.1387E+04 .3560E+00 .1399E-04 .1432E-08 .1212E-04 .1212E-04 .1399E-04 .3470E-06 .1434E-04 .1399E-04 .1432E-08 .5156E-05
.1388E+04 .3572E+00 .1160E-05 .3120E-09 .1005E-05 .1005E-05 .1160E-05 .2887E-07 .1189E-05 .1160E-05 .3120E-09 .4260E-06
.1389E+04 .3552E+00 .1574E-03 .5898E-07 .1364E-03 .1363E-03 .1574E-03 .3924E-05 .1614E-03 .1574E-03 .5898E-07 .5762E-04
.1390E+04 .3531E+00 .1400E-03 .4699E-07 .1213E-03 .1213E-03 .1400E-03 .3478E-05 .1435E-03 .1400E-03 .4699E-07 .5116E-04
.1391E+04 .3555E+00 .8534E-04 .2795E-07 .7393E-04 .7391E-04 .8534E-04 .2119E-05 .8746E-04 .8534E-04 .2795E-07 .3119E-04
.1392E+04 .3543E+00 .1180E-04 .4749E-08 .1022E-04 .1021E-04 .1180E-04 .2938E-06 .1209E-04 .1180E-04 .4749E-08 .4309E-05
.1393E+04 .3530E+00 .5462E-04 .2754E-07 .4733E-04 .4730E-04 .5462E-04 .1362E-05 .5598E-04 .5462E-04 .2754E-07 .1988E-04
.1394E+04 .3513E+00 .1359E-04 .1865E-08 .1177E-04 .1177E-04 .1359E-04 .3320E-06 .1392E-04 .1359E-04 .1865E-08 .4926E-05
.1395E+04 .3507E+00 .1202E-06 .1175E-10 .1041E-06 .1041E-06 .1202E-06 .2924E-08 .1232E-06 .1202E-06 .1175E-10 .4346E-07
.1396E+04 .3520E+00 .4905E-09 .3599E-14 .4248E-09 .4247E-09 .4905E-09 .1186E-10 .5023E-09 .4905E-09 .3599E-14 .1769E-09
.1397E+04 .3523E+00 .2871E-04 .1276E-07 .2487E-04 .2486E-04 .2871E-04 .7064E-06 .2941E-04 .2871E-04 .1276E-07 .1034E-04
.1398E+04 .3518E+00 .2279E-03 .7695E-07 .1974E-03 .1973E-03 .2279E-03 .5571E-05 .2334E-03 .2279E-03 .7695E-07 .8191E-04
.1399E+04 .3480E+00 .2178E-03 .9223E-07 .1887E-03 .1886E-03 .2178E-03 .5334E-05 .2231E-03 .2178E-03 .9223E-07 .7814E-04
.1400E+04 .3431E+00 .2070E-09 .7165E-15 .1793E-09 .1793E-09 .2070E-09 .4965E-11 .2120E-09 .2070E-09 .7165E-15 .7411E-10
.1401E+04 .3457E+00 .7692E-09 .6837E-14 .6661E-09 .6661E-09 .7692E-09 .1842E-10 .7876E-09 .7692E-09 .6837E-14 .2748E-09
.1402E+04 .3475E+00 .9057E-03 .1145E-05 .7855E-03 .7844E-03 .9057E-03 .2292E-04 .9287E-03 .9057E-03 .1145E-05 .3236E-03
.1403E+04 .3449E+00 .9355E-03 .9144E-06 .8110E-03 .8101E-03 .9355E-03 .2329E-04 .9588E-03 .9355E-03 .9144E-06 .3329E-03
.1404E+04 .3451E+00 .2925E-03 .2396E-06 .2535E-03 .2533E-03 .2925E-03 .7204E-05 .2997E-03 .2925E-03 .2396E-06 .1037E-03
.1405E+04 .3457E+00 .1920E-06 .1712E-10 .1663E-06 .1663E-06 .1920E-06 .4558E-08 .1966E-06 .1920E-06 .1712E-10 .6776E-07
.1406E+04 .3449E+00 .3638E-03 .1636E-06 .3152E-03 .3151E-03 .3638E-03 .8765E-05 .3726E-03 .3638E-03 .1636E-06 .1282E-03
.1407E+04 .3448E+00 .8748E-04 .9085E-07 .7585E-04 .7576E-04 .8748E-04 .2161E-05 .8964E-04 .8748E-04 .9085E-07 .3079E-04
.1408E+04 .3448E+00 .5034E-03 .3043E-06 .4362E-03 .4359E-03 .5034E-03 .1216E-04 .5155E-03 .5034E-03 .3043E-06 .1766E-03
.1409E+04 .3454E+00 .1279E-03 .4198E-07 .1108E-03 .1107E-03 .1279E-03 .3041E-05 .1309E-03 .1279E-03 .4198E-07 .4472E-04
.1410E+04 .3437E+00 .1913E-03 .1340E-06 .1658E-03 .1657E-03 .1913E-03 .4618E-05 .1959E-03 .1913E-03 .1340E-06 .6676E-04
.1411E+04 .3366E+00 .8526E-03 .8704E-06 .7393E-03 .7384E-03 .8526E-03 .2087E-04 .8735E-03 .8526E-03 .8704E-06 .2974E-03
.1412E+04 .3367E+00 .1115E-02 .1409E-05 .9668E-03 .9654E-03 .1115E-02 .2756E-04 .1142E-02 .1115E-02 .1409E-05 .3886E-03
.1413E+04 .3386E+00 .5848E-02 .9121E-05 .5073E-02 .5064E-02 .5848E-02 .1462E-03 .5994E-02 .5848E-02 .9121E-05 .2035E-02
.1414E+04 .3400E+00 .1375E-03 .9999E-07 .1192E-03 .1191E-03 .1375E-03 .3301E-05 .1408E-03 .1375E-03 .9999E-07 .4765E-04
.1415E+04 .3411E+00 .6973E-04 .4241E-07 .6043E-04 .6038E-04 .6973E-04 .1659E-05 .7138E-04 .6973E-04 .4241E-07 .2408E-04
.1416E+04 .3389E+00 .1956E-01 .6567E-04 .1701E-01 .1694E-01 .1956E-01 .5246E-03 .2009E-01 .1956E-01 .6567E-04 .6767E-02
.1417E+04 .3410E+00 .4651E-02 .1067E-04 .4039E-02 .4028E-02 .4651E-02 .1190E-03 .4770E-02 .4651E-02 .1067E-04 .1604E-02
.1418E+04 .3395E+00 .7102E-02 .1425E-04 .6165E-02 .6151E-02 .7102E-02 .1791E-03 .7282E-02 .7102E-02 .1425E-04 .2443E-02
.1419E+04 .3370E+00 .1311E-02 .2383E-05 .1138E-02 .1135E-02 .1311E-02 .3273E-04 .1344E-02 .1311E-02 .2383E-05 .4500E-03
.1420E+04 .3370E+00 .4837E-02 .9701E-05 .4198E-02 .4189E-02 .4837E-02 .1216E-03 .4958E-02 .4837E-02 .9701E-05 .1657E-02
.1421E+04 .3338E+00 .4531E-02 .9388E-05 .3933E-02 .3924E-02 .4531E-02 .1140E-03 .4645E-02 .4531E-02 .9388E-05 .1550E-02
.1422E+04 .3313E+00 .2766E-01 .9601E-04 .2405E-01 .2396E-01 .2766E-01 .7379E-03 .2840E-01 .2766E-01 .9601E-04 .9458E-02
.1423E+04 .3320E+00 .5725E-02 .1810E-04 .4976E-02 .4958E-02 .5725E-02 .1504E-03 .5875E-02 .5725E-02 .1810E-04 .1953E-02
.1424E+04 .3322E+00 .1148E-01 .4182E-04 .9986E-02 .9944E-02 .1148E-01 .3074E-03 .1179E-01 .1148E-01 .4182E-04 .3911E-02
.1425E+04 .3303E+00 .1521E-01 .4847E-04 .1322E-01 .1317E-01 .1521E-01 .3987E-03 .1561E-01 .1521E-01 .4847E-04 .5167E-02
.1426E+04 .3282E+00 .1898E-01 .7461E-04 .1651E-01 .1644E-01 .1898E-01 .5128E-03 .1949E-01 .1898E-01 .7461E-04 .6446E-02
.1427E+04 .3295E+00 .4025E-01 .1911E-03 .3505E-01 .3486E-01 .4025E-01 .1123E-02 .4137E-01 .4025E-01 .1911E-03 .1367E-01
.1428E+04 .3305E+00 .2243E-02 .3759E-05 .1946E-02 .1943E-02 .2243E-02 .5483E-04 .2298E-02 .2243E-02 .3759E-05 .7576E-03
.1429E+04 .3249E+00 .2439E-01 .9361E-04 .2121E-01 .2112E-01 .2439E-01 .6532E-03 .2504E-01 .2439E-01 .9361E-04 .8233E-02
.1430E+04 .3289E+00 .4918E-01 .2500E-03 .4284E-01 .4259E-01 .4918E-01 .1382E-02 .5056E-01 .4918E-01 .2500E-03 .1658E-01
.1431E+04 .3293E+00 .4688E-01 .2277E-03 .4083E-01 .4060E-01 .4688E-01 .1304E-02 .4818E-01 .4688E-01 .2277E-03 .1578E-01
.1432E+04 .3343E+00 .1312E-02 .1862E-05 .1138E-02 .1136E-02 .1312E-02 .3145E-04 .1344E-02 .1312E-02 .1862E-05 .4393E-03
.1433E+04 .3310E+00 .2764E-01 .1196E-03 .2406E-01 .2394E-01 .2764E-01 .7513E-03 .2839E-01 .2764E-01 .1196E-03 .9276E-02
.1434E+04 .3303E+00 .1591E-01 .6527E-04 .1384E-01 .1378E-01 .1591E-01 .4276E-03 .1633E-01 .1591E-01 .6527E-04 .5326E-02
.1435E+04 .3312E+00 .1111E-01 .3029E-04 .9654E-02 .9624E-02 .1111E-01 .2812E-03 .1139E-01 .1111E-01 .3029E-04 .3707E-02
.1436E+04 .3305E+00 .2978E-01 .1187E-03 .2591E-01 .2579E-01 .2978E-01 .7950E-03 .3058E-01 .2978E-01 .1187E-03 .9944E-02
.1437E+04 .3309E+00 .1803E-01 .6594E-04 .1568E-01 .1562E-01 .1803E-01 .4747E-03 .1851E-01 .1803E-01 .6594E-04 .6018E-02
.1438E+04 .3306E+00 .9387E-02 .3035E-04 .8160E-02 .8130E-02 .9387E-02 .2427E-03 .9630E-02 .9387E-02 .3035E-04 .3131E-02
.1439E+04 .3274E+00 .3248E-01 .1247E-03 .2825E-01 .2813E-01 .3248E-01 .8608E-03 .3334E-01 .3248E-01 .1247E-03 .1083E-01
.1440E+04 .3144E+00 .2801E-01 .1173E-03 .2437E-01 .2426E-01 .2801E-01 .7524E-03 .2876E-01 .2801E-01 .1173E-03 .9331E-02
.1441E+04 .3227E+00 .2300E-01 .8327E-04 .2000E-01 .1992E-01 .2300E-01 .6029E-03 .2361E-01 .2300E-01 .8327E-04 .7650E-02
.1442E+04 .3186E+00 .2672E-01 .9361E-04 .2323E-01 .2314E-01 .2672E-01 .6962E-03 .2742E-01 .2672E-01 .9361E-04 .8876E-02
.1443E+04 .3220E+00 .3752E-01 .1640E-03 .3266E-01 .3250E-01 .3752E-01 .1013E-02 .3854E-01 .3752E-01 .1640E-03 .1246E-01
.1444E+04 .3208E+00 .4360E-01 .2033E-03 .3796E-01 .3776E-01 .4360E-01 .1190E-02 .4479E-01 .4360E-01 .2033E-03 .1447E-01
.1445E+04 .3250E+00 .3273E-01 .1270E-03 .2847E-01 .2835E-01 .3273E-01 .8642E-03 .3359E-01 .3273E-01 .1270E-03 .1084E-01
.1446E+04 .3224E+00 .1770E-01 .6118E-04 .1539E-01 .1533E-01 .1770E-01 .4588E-03 .1816E-01 .1770E-01 .6118E-04 .5858E-02
.1447E+04 .3225E+00 .2534E-01 .9739E-04 .2204E-01 .2194E-01 .2534E-01 .6679E-03 .2601E-01 .2534E-01 .9739E-04 .8392E-02
.1448E+04 .3244E+00 .9208E-01 .5482E-03 .8029E-01 .7974E-01 .9208E-01 .2643E-02 .9472E-01 .9208E-01 .5482E-03 .3056E-01
.1449E+04 .3233E+00 .8140E-01 .4693E-03 .7096E-01 .7049E-01 .8140E-01 .2318E-02 .8371E-01 .8140E-01 .4693E-03 .2698E-01
.1450E+04 .3190E+00 .2196E-01 .9091E-04 .1911E-01 .1902E-01 .2196E-01 .5849E-03 .2254E-01 .2196E-01 .9091E-04 .7259E-02
.1451E+04 .3156E+00 .9566E-02 .3487E-04 .8319E-02 .8284E-02 .9566E-02 .2493E-03 .9815E-02 .9566E-02 .3487E-04 .3157E-02
.1452E+04 .3188E+00 .4957E-01 .2439E-03 .4317E-01 .4293E-01 .4957E-01 .1361E-02 .5093E-01 .4957E-01 .2439E-03 .1637E-01
.1453E+04 .3182E+00 .6467E-01 .3352E-03 .5634E-01 .5601E-01 .6467E-01 .1794E-02 .6647E-01 .6467E-01 .3352E-03 .2134E-01
.1454E+04 .3147E+00 .1159E+00 .7682E-03 .1011E+00 .1004E+00 .1159E+00 .3401E-02 .1193E+00 .1159E+00 .7682E-03 .3830E-01
.1455E+04 .3143E+00 .5527E-01 .3006E-03 .4816E-01 .4786E-01 .5527E-01 .1549E-02 .5682E-01 .5527E-01 .3006E-03 .1824E-01
.1456E+04 .3153E+00 .6822E-01 .3617E-03 .5944E-01 .5908E-01 .6822E-01 .1901E-02 .7012E-01 .6822E-01 .3617E-03 .2251E-01
.1457E+04 .3173E+00 .9674E-01 .5908E-03 .8437E-01 .8378E-01 .9674E-01 .2783E-02 .9952E-01 .9674E-01 .5908E-03 .3195E-01
.1458E+04 .3199E+00 .1180E+00 .8103E-03 .1030E+00 .1022E+00 .1180E+00 .3494E-02 .1215E+00 .1180E+00 .8103E-03 .3901E-01
.1459E+04 .3186E+00 .1392E+00 .9699E-03 .1215E+00 .1206E+00 .1392E+00 .4138E-02 .1433E+00 .1392E+00 .9699E-03 .4602E-01
.1460E+04 .3167E+00 .7077E-01 .4274E-03 .6171E-01 .6129E-01 .7077E-01 .2030E-02 .7280E-01 .7077E-01 .4274E-03 .2338E-01
.1461E+04 .3156E+00 .7149E-01 .3888E-03 .6230E-01 .6191E-01 .7149E-01 .2003E-02 .7349E-01 .7149E-01 .3888E-03 .2360E-01
.1462E+04 .3129E+00 .1085E+00 .6949E-03 .9467E-01 .9397E-01 .1085E+00 .3157E-02 .1117E+00 .1085E+00 .6949E-03 .3585E-01
.1463E+04 .3116E+00 .3634E-01 .1849E-03 .3165E-01 .3147E-01 .3634E-01 .1004E-02 .3734E-01 .3634E-01 .1849E-03 .1199E-01
.1464E+04 .3136E+00 .1374E+00 .9731E-03 .1200E+00 .1190E+00 .1374E+00 .4103E-02 .1415E+00 .1374E+00 .9731E-03 .4544E-01
.1465E+04 .3115E+00 .8038E-01 .5213E-03 .7013E-01 .6961E-01 .8038E-01 .2346E-02 .8272E-01 .8038E-01 .5213E-03 .2656E-01
.1466E+04 .3137E+00 .4948E-01 .2354E-03 .4308E-01 .4285E-01 .4948E-01 .1349E-02 .5082E-01 .4948E-01 .2354E-03 .1632E-01
.1467E+04 .3131E+00 .2747E-01 .1131E-03 .2390E-01 .2379E-01 .2747E-01 .7294E-03 .2820E-01 .2747E-01 .1131E-03 .9054E-02
.1468E+04 .3118E+00 .6101E-01 .3162E-03 .5315E-01 .5284E-01 .6101E-01 .1692E-02 .6270E-01 .6101E-01 .3162E-03 .2013E-01
.1469E+04 .3137E+00 .7686E-01 .4419E-03 .6701E-01 .6657E-01 .7686E-01 .2181E-02 .7904E-01 .7686E-01 .4419E-03 .2538E-01
.1470E+04 .3085E+00 .3967E-01 .1624E-03 .3452E-01 .3436E-01 .3967E-01 .1052E-02 .4072E-01 .3967E-01 .1624E-03 .1308E-01
.1471E+04 .3082E+00 .1608E-01 .6511E-04 .1399E-01 .1392E-01 .1608E-01 .4260E-03 .1650E-01 .1608E-01 .6511E-04 .5304E-02
.1472E+04 .3069E+00 .3643E-01 .1442E-03 .3169E-01 .3155E-01 .3643E-01 .9624E-03 .3739E-01 .3643E-01 .1442E-03 .1203E-01
.1473E+04 .3035E+00 .5309E-01 .2584E-03 .4624E-01 .4598E-01 .5309E-01 .1457E-02 .5455E-01 .5309E-01 .2584E-03 .1756E-01
.1474E+04 .3030E+00 .8238E-01 .4988E-03 .7184E-01 .7134E-01 .8238E-01 .2370E-02 .8475E-01 .8238E-01 .4988E-03 .2729E-01
.1475E+04 .3038E+00 .1632E+00 .1192E-02 .1425E+00 .1413E+00 .1632E+00 .4923E-02 .1681E+00 .1632E+00 .1192E-02 .5412E-01
.1476E+04 .3051E+00 .5303E-01 .2775E-03 .4620E-01 .4593E-01 .5303E-01 .1479E-02 .5451E-01 .5303E-01 .2775E-03 .1758E-01
.1477E+04 .3036E+00 .5248E-01 .2590E-03 .4571E-01 .4545E-01 .5248E-01 .1449E-02 .5393E-01 .5248E-01 .2590E-03 .1742E-01
.1478E+04 .3037E+00 .5480E-01 .3152E-03 .4777E-01 .4746E-01 .5480E-01 .1565E-02 .5637E-01 .5480E-01 .3152E-03 .1824E-01
.1479E+04 .3077E+00 .9954E-01 .6333E-03 .8684E-01 .8620E-01 .9954E-01 .2910E-02 .1024E+00 .9954E-01 .6333E-03 .3315E-01
.1480E+04 .3057E+00 .4752E-01 .2350E-03 .4138E-01 .4115E-01 .4752E-01 .1314E-02 .4883E-01 .4752E-01 .2350E-03 .1580E-01
.1481E+04 .3046E+00 .9710E-01 .5986E-03 .8469E-01 .8409E-01 .9710E-01 .2820E-02 .9992E-01 .9710E-01 .5986E-03 .3238E-01
.1482E+04 .3040E+00 .4510E-01 .2427E-03 .3930E-01 .3906E-01 .4510E-01 .1273E-02 .4637E-01 .4510E-01 .2427E-03 .1506E-01
.1483E+04 .3014E+00 .1263E+00 .8482E-03 .1102E+00 .1094E+00 .1263E+00 .3757E-02 .1301E+00 .1263E+00 .8482E-03 .4231E-01
.1484E+04 .3056E+00 .1182E+00 .8193E-03 .1032E+00 .1024E+00 .1182E+00 .3545E-02 .1218E+00 .1182E+00 .8193E-03 .3962E-01
.1485E+04 .3062E+00 .1057E+00 .7075E-03 .9225E-01 .9154E-01 .1057E+00 .3142E-02 .1088E+00 .1057E+00 .7075E-03 .3541E-01
.1486E+04 .3023E+00 .1027E+00 .6467E-03 .8962E-01 .8898E-01 .1027E+00 .3014E-02 .1058E+00 .1027E+00 .6467E-03 .3450E-01
.1487E+04 .2898E+00 .4268E-01 .2077E-03 .3717E-01 .3696E-01 .4268E-01 .1187E-02 .4387E-01 .4268E-01 .2077E-03 .1436E-01
.1488E+04 .2795E+00 .8041E-01 .5014E-03 .7014E-01 .6964E-01 .8041E-01 .2364E-02 .8278E-01 .8041E-01 .5014E-03 .2716E-01
.1489E+04 .3010E+00 .1596E+00 .1155E-02 .1393E+00 .1382E+00 .1596E+00 .4874E-02 .1644E+00 .1596E+00 .1155E-02 .5399E-01
.1490E+04 .3028E+00 .1526E+00 .1150E-02 .1333E+00 .1321E+00 .1526E+00 .4714E-02 .1573E+00 .1526E+00 .1150E-02 .5170E-01
.1491E+04 .3015E+00 .1769E+00 .1395E-02 .1546E+00 .1532E+00 .1769E+00 .5537E-02 .1824E+00 .1769E+00 .1395E-02 .6001E-01
.1492E+04 .3013E+00 .1394E+00 .9674E-03 .1217E+00 .1207E+00 .1394E+00 .4220E-02 .1436E+00 .1394E+00 .9674E-03 .4729E-01
.1493E+04 .3030E+00 .1595E+00 .1186E-02 .1393E+00 .1381E+00 .1595E+00 .4920E-02 .1644E+00 .1595E+00 .1186E-02 .5418E-01
.1494E+04 .3034E+00 .1769E+00 .1392E-02 .1546E+00 .1532E+00 .1769E+00 .5542E-02 .1825E+00 .1769E+00 .1392E-02 .6011E-01
.1495E+04 .2982E+00 .1637E+00 .1269E-02 .1431E+00 .1418E+00 .1637E+00 .5108E-02 .1688E+00 .1637E+00 .1269E-02 .5563E-01
.1496E+04 .2940E+00 .1517E+00 .1146E-02 .1325E+00 .1314E+00 .1517E+00 .4703E-02 .1564E+00 .1517E+00 .1146E-02 .5160E-01
.1497E+04 .2976E+00 .2129E+00 .1826E-02 .1862E+00 .1844E+00 .2129E+00 .6850E-02 .2198E+00 .2129E+00 .1826E-02 .7257E-01
.1498E+04 .2977E+00 .1593E+00 .1227E-02 .1392E+00 .1380E+00 .1593E+00 .4973E-02 .1643E+00 .1593E+00 .1227E-02 .5431E-01
.1499E+04 .2978E+00 .1904E+00 .1519E-02 .1664E+00 .1649E+00 .1904E+00 .6008E-02 .1965E+00 .1904E+00 .1519E-02 .6500E-01
.1500E+04 .2995E+00 .2321E+00 .2016E-02 .2030E+00 .2010E+00 .2321E+00 .7512E-02 .2396E+00 .2321E+00 .2016E-02 .7937E-01
.1501E+04 .2977E+00 .2439E+00 .2114E-02 .2133E+00 .2112E+00 .2439E+00 .7886E-02 .2517E+00 .2439E+00 .2114E-02 .8337E-01
.1502E+04 .2827E+00 .1947E+00 .1630E-02 .1703E+00 .1687E+00 .1947E+00 .6233E-02 .2010E+00 .1947E+00 .1630E-02 .6657E-01
.1503E+04 .2785E+00 .1674E+00 .1308E-02 .1463E+00 .1450E+00 .1674E+00 .5255E-02 .1727E+00 .1674E+00 .1308E-02 .5719E-01
.1504E+04 .2747E+00 .1390E+00 .1045E-02 .1214E+00 .1204E+00 .1390E+00 .4318E-02 .1433E+00 .1390E+00 .1045E-02 .4749E-01
.1505E+04 .2744E+00 .1641E+00 .1304E-02 .1434E+00 .1421E+00 .1641E+00 .5177E-02 .1693E+00 .1641E+00 .1304E-02 .5609E-01
.1506E+04 .2873E+00 .2474E+00 .2199E-02 .2164E+00 .2142E+00 .2474E+00 .8062E-02 .2555E+00 .2474E+00 .2199E-02 .8462E-01
.1507E+04 .2918E+00 .2348E+00 .2042E-02 .2054E+00 .2033E+00 .2348E+00 .7602E-02 .2424E+00 .2348E+00 .2042E-02 .8030E-01
.1508E+04 .2871E+00 .2225E+00 .1920E-02 .1946E+00 .1927E+00 .2225E+00 .7187E-02 .2297E+00 .2225E+00 .1920E-02 .7610E-01
.1509E+04 .2912E+00 .1665E+00 .1304E-02 .1455E+00 .1442E+00 .1665E+00 .5231E-02 .1718E+00 .1665E+00 .1304E-02 .5691E-01
.1510E+04 .2940E+00 .2587E+00 .2317E-02 .2264E+00 .2241E+00 .2587E+00 .8452E-02 .2672E+00 .2587E+00 .2317E-02 .8850E-01
.1511E+04 .2928E+00 .2465E+00 .2147E-02 .2156E+00 .2135E+00 .2465E+00 .7989E-02 .2545E+00 .2465E+00 .2147E-02 .8438E-01
.1512E+04 .2874E+00 .2469E+00 .2199E-02 .2160E+00 .2138E+00 .2469E+00 .8062E-02 .2549E+00 .2469E+00 .2199E-02 .8461E-01
.1513E+04 .2867E+00 .2200E+00 .1843E-02 .1924E+00 .1906E+00 .2200E+00 .7057E-02 .2271E+00 .2200E+00 .1843E-02 .7541E-01
.1514E+04 .2870E+00 .2033E+00 .1657E-02 .1777E+00 .1760E+00 .2033E+00 .6469E-02 .2097E+00 .2033E+00 .1657E-02 .6965E-01
.1515E+04 .2884E+00 .2545E+00 .2277E-02 .2227E+00 .2204E+00 .2545E+00 .8326E-02 .2629E+00 .2545E+00 .2277E-02 .8728E-01
.1516E+04 .2859E+00 .2423E+00 .2139E-02 .2120E+00 .2099E+00 .2423E+00 .7895E-02 .2502E+00 .2423E+00 .2139E-02 .8309E-01
.1517E+04 .2873E+00 .2351E+00 .2023E-02 .2057E+00 .2036E+00 .2351E+00 .7603E-02 .2427E+00 .2351E+00 .2023E-02 .8061E-01
.1518E+04 .2876E+00 .2343E+00 .2028E-02 .2049E+00 .2029E+00 .2343E+00 .7587E-02 .2418E+00 .2343E+00 .2028E-02 .8031E-01
.1519E+04 .2869E+00 .2267E+00 .1918E-02 .1982E+00 .1963E+00 .2267E+00 .7293E-02 .2340E+00 .2267E+00 .1918E-02 .7770E-01
.1520E+04 .2854E+00 .2469E+00 .2151E-02 .2160E+00 .2138E+00 .2469E+00 .8014E-02 .2549E+00 .2469E+00 .2151E-02 .8467E-01
.1521E+04 .2815E+00 .2678E+00 .2450E-02 .2344E+00 .2319E+00 .2678E+00 .8823E-02 .2766E+00 .2678E+00 .2450E-02 .9188E-01
.1522E+04 .2814E+00 .2522E+00 .2232E-02 .2207E+00 .2184E+00 .2522E+00 .8225E-02 .2605E+00 .2522E+00 .2232E-02 .8651E-01
.1523E+04 .2840E+00 .2723E+00 .2493E-02 .2383E+00 .2358E+00 .2723E+00 .8973E-02 .2813E+00 .2723E+00 .2493E-02 .9342E-01
.1524E+04 .2817E+00 .2634E+00 .2373E-02 .2305E+00 .2281E+00 .2634E+00 .8637E-02 .2721E+00 .2634E+00 .2373E-02 .9036E-01
.1525E+04 .2825E+00 .2484E+00 .2164E-02 .2172E+00 .2151E+00 .2484E+00 .8061E-02 .2564E+00 .2484E+00 .2164E-02 .8516E-01
.1526E+04 .2845E+00 .2533E+00 .2219E-02 .2215E+00 .2193E+00 .2533E+00 .8234E-02 .2615E+00 .2533E+00 .2219E-02 .8685E-01
.1527E+04 .2845E+00 .2520E+00 .2218E-02 .2204E+00 .2182E+00 .2520E+00 .8203E-02 .2602E+00 .2520E+00 .2218E-02 .8641E-01
.1528E+04 .2838E+00 .2705E+00 .2450E-02 .2367E+00 .2342E+00 .2705E+00 .8883E-02 .2793E+00 .2705E+00 .2450E-02 .9277E-01
.1529E+04 .2757E+00 .2568E+00 .2299E-02 .2247E+00 .2224E+00 .2568E+00 .8404E-02 .2652E+00 .2568E+00 .2299E-02 .8808E-01
.1530E+04 .2737E+00 .2506E+00 .2213E-02 .2192E+00 .2170E+00 .2506E+00 .8166E-02 .2588E+00 .2506E+00 .2213E-02 .8594E-01
.1531E+04 .2814E+00 .2586E+00 .2292E-02 .2262E+00 .2239E+00 .2586E+00 .8431E-02 .2670E+00 .2586E+00 .2292E-02 .8859E-01
.1532E+04 .2802E+00 .2706E+00 .2454E-02 .2368E+00 .2343E+00 .2706E+00 .8878E-02 .2794E+00 .2706E+00 .2454E-02 .9263E-01
.1533E+04 .2775E+00 .2706E+00 .2461E-02 .2368E+00 .2343E+00 .2706E+00 .8882E-02 .2795E+00 .2706E+00 .2461E-02 .9259E-01
.1534E+04 .2750E+00 .2640E+00 .2380E-02 .2310E+00 .2286E+00 .2640E+00 .8644E-02 .2727E+00 .2640E+00 .2380E-02 .9034E-01
.1535E+04 .2782E+00 .2610E+00 .2324E-02 .2283E+00 .2260E+00 .2610E+00 .8512E-02 .2695E+00 .2610E+00 .2324E-02 .8929E-01
.1536E+04 .2794E+00 .2683E+00 .2413E-02 .2348E+00 .2324E+00 .2683E+00 .8771E-02 .2771E+00 .2683E+00 .2413E-02 .9171E-01
.1537E+04 .2769E+00 .2625E+00 .2342E-02 .2297E+00 .2273E+00 .2625E+00 .8554E-02 .2710E+00 .2625E+00 .2342E-02 .8961E-01
.1538E+04 .2740E+00 .2680E+00 .2425E-02 .2345E+00 .2321E+00 .2680E+00 .8768E-02 .2768E+00 .2680E+00 .2425E-02 .9146E-01
.1539E+04 .2721E+00 .2620E+00 .2349E-02 .2292E+00 .2269E+00 .2620E+00 .8548E-02 .2705E+00 .2620E+00 .2349E-02 .8941E-01
.1540E+04 .2696E+00 .2629E+00 .2370E-02 .2301E+00 .2277E+00 .2629E+00 .8593E-02 .2715E+00 .2629E+00 .2370E-02 .8975E-01
.1541E+04 .2727E+00 .2651E+00 .2382E-02 .2320E+00 .2296E+00 .2651E+00 .8648E-02 .2737E+00 .2651E+00 .2382E-02 .9038E-01
.1542E+04 .2734E+00 .2610E+00 .2321E-02 .2283E+00 .2260E+00 .2610E+00 .8480E-02 .2694E+00 .2610E+00 .2321E-02 .8886E-01
.1543E+04 .2750E+00 .2676E+00 .2399E-02 .2341E+00 .2317E+00 .2676E+00 .8712E-02 .2763E+00 .2676E+00 .2399E-02 .9106E-01
.1544E+04 .2756E+00 .2636E+00 .2342E-02 .2307E+00 .2283E+00 .2636E+00 .8560E-02 .2722E+00 .2636E+00 .2342E-02 .8971E-01
.1545E+04 .2760E+00 .2710E+00 .2436E-02 .2371E+00 .2347E+00 .2710E+00 .8830E-02 .2798E+00 .2710E+00 .2436E-02 .9223E-01
.1546E+04 .2742E+00 .2664E+00 .2378E-02 .2331E+00 .2307E+00 .2664E+00 .8669E-02 .2750E+00 .2664E+00 .2378E-02 .9076E-01
.1547E+04 .2683E+00 .2631E+00 .2359E-02 .2302E+00 .2279E+00 .2631E+00 .8581E-02 .2717E+00 .2631E+00 .2359E-02 .8976E-01
.1548E+04 .2681E+00 .2631E+00 .2357E-02 .2302E+00 .2278E+00 .2631E+00 .8584E-02 .2717E+00 .2631E+00 .2357E-02 .8984E-01
.1549E+04 .2693E+00 .2659E+00 .2388E-02 .2327E+00 .2303E+00 .2659E+00 .8689E-02 .2746E+00 .2659E+00 .2388E-02 .9090E-01
.1550E+04 .2680E+00 .2638E+00 .2362E-02 .2308E+00 .2285E+00 .2638E+00 .8619E-02 .2724E+00 .2638E+00 .2362E-02 .9027E-01
.1551E+04 .2706E+00 .2657E+00 .2373E-02 .2325E+00 .2301E+00 .2657E+00 .8674E-02 .2744E+00 .2657E+00 .2373E-02 .9092E-01
.1552E+04 .2710E+00 .2626E+00 .2328E-02 .2298E+00 .2275E+00 .2626E+00 .8555E-02 .2712E+00 .2626E+00 .2328E-02 .8987E-01
.1553E+04 .2662E+00 .2622E+00 .2340E-02 .2294E+00 .2271E+00 .2622E+00 .8560E-02 .2708E+00 .2622E+00 .2340E-02 .8974E-01
.1554E+04 .2647E+00 .2598E+00 .2312E-02 .2273E+00 .2250E+00 .2598E+00 .8474E-02 .2683E+00 .2598E+00 .2312E-02 .8892E-01
.1555E+04 .2646E+00 .2608E+00 .2322E-02 .2281E+00 .2258E+00 .2608E+00 .8506E-02 .2693E+00 .2608E+00 .2322E-02 .8923E-01
.1556E+04 .2648E+00 .2605E+00 .2316E-02 .2279E+00 .2256E+00 .2605E+00 .8494E-02 .2690E+00 .2605E+00 .2316E-02 .8916E-01
.1557E+04 .2676E+00 .2637E+00 .2343E-02 .2307E+00 .2284E+00 .2637E+00 .8598E-02 .2723E+00 .2637E+00 .2343E-02 .9025E-01
.1558E+04 .2662E+00 .2623E+00 .2328E-02 .2295E+00 .2272E+00 .2623E+00 .8552E-02 .2709E+00 .2623E+00 .2328E-02 .8982E-01
.1559E+04 .2647E+00 .2606E+00 .2310E-02 .2280E+00 .2257E+00 .2606E+00 .8498E-02 .2691E+00 .2606E+00 .2310E-02 .8932E-01
.1560E+04 .2666E+00 .2623E+00 .2321E-02 .2295E+00 .2272E+00 .2623E+00 .8556E-02 .2709E+00 .2623E+00 .2321E-02 .8999E-01
.1561E+04 .2683E+00 .2642E+00 .2336E-02 .2311E+00 .2288E+00 .2642E+00 .8622E-02 .2728E+00 .2642E+00 .2336E-02 .9073E-01
.1562E+04 .2663E+00 .2606E+00 .2295E-02 .2280E+00 .2257E+00 .2606E+00 .8501E-02 .2691E+00 .2606E+00 .2295E-02 .8960E-01
.1563E+04 .2635E+00 .2586E+00 .2278E-02 .2262E+00 .2239E+00 .2586E+00 .8441E-02 .2670E+00 .2586E+00 .2278E-02 .8898E-01
.1564E+04 .2650E+00 .2598E+00 .2285E-02 .2273E+00 .2250E+00 .2598E+00 .8482E-02 .2683E+00 .2598E+00 .2285E-02 .8948E-01
.1565E+04 .2643E+00 .2605E+00 .2295E-02 .2279E+00 .2256E+00 .2605E+00 .8515E-02 .2690E+00 .2605E+00 .2295E-02 .8979E-01
.1566E+04 .2614E+00 .2567E+00 .2255E-02 .2245E+00 .2223E+00 .2567E+00 .8389E-02 .2650E+00 .2567E+00 .2255E-02 .8858E-01
.1567E+04 .2614E+00 .2569E+00 .2256E-02 .2248E+00 .2225E+00 .2569E+00 .8404E-02 .2653E+00 .2569E+00 .2256E-02 .8877E-01
.1568E+04 .2592E+00 .2527E+00 .2208E-02 .2211E+00 .2189E+00 .2527E+00 .8264E-02 .2610E+00 .2527E+00 .2208E-02 .8748E-01
.1569E+04 .2597E+00 .2509E+00 .2179E-02 .2195E+00 .2173E+00 .2509E+00 .8202E-02 .2591E+00 .2509E+00 .2179E-02 .8701E-01
.1570E+04 .2622E+00 .2464E+00 .2107E-02 .2155E+00 .2134E+00 .2464E+00 .8031E-02 .2544E+00 .2464E+00 .2107E-02 .8565E-01
.1571E+04 .2643E+00 .2406E+00 .2020E-02 .2104E+00 .2084E+00 .2406E+00 .7818E-02 .2484E+00 .2406E+00 .2020E-02 .8387E-01
.1572E+04 .2625E+00 .2406E+00 .2027E-02 .2104E+00 .2084E+00 .2406E+00 .7843E-02 .2484E+00 .2406E+00 .2027E-02 .8414E-01
.1573E+04 .2612E+00 .2391E+00 .2010E-02 .2090E+00 .2070E+00 .2391E+00 .7797E-02 .2468E+00 .2391E+00 .2010E-02 .8372E-01
.1574E+04 .2525E+00 .2363E+00 .2009E-02 .2066E+00 .2046E+00 .2363E+00 .7738E-02 .2440E+00 .2363E+00 .2009E-02 .8285E-01
.1575E+04 .2500E+00 .2417E+00 .2089E-02 .2114E+00 .2093E+00 .2417E+00 .7957E-02 .2496E+00 .2417E+00 .2089E-02 .8482E-01
.1576E+04 .2477E+00 .2359E+00 .2021E-02 .2063E+00 .2043E+00 .2359E+00 .7747E-02 .2436E+00 .2359E+00 .2021E-02 .8279E-01
.1577E+04 .2419E+00 .2253E+00 .1904E-02 .1970E+00 .1951E+00 .2253E+00 .7371E-02 .2327E+00 .2253E+00 .1904E-02 .7907E-01
.1578E+04 .2548E+00 .2379E+00 .2011E-02 .2080E+00 .2060E+00 .2379E+00 .7791E-02 .2457E+00 .2379E+00 .2011E-02 .8361E-01
.1579E+04 .2589E+00 .2394E+00 .2012E-02 .2093E+00 .2073E+00 .2394E+00 .7838E-02 .2472E+00 .2394E+00 .2012E-02 .8430E-01
.1580E+04 .2602E+00 .2451E+00 .2079E-02 .2143E+00 .2122E+00 .2451E+00 .8056E-02 .2531E+00 .2451E+00 .2079E-02 .8647E-01
.1581E+04 .2562E+00 .2431E+00 .2069E-02 .2126E+00 .2105E+00 .2431E+00 .8005E-02 .2511E+00 .2431E+00 .2069E-02 .8587E-01
.1582E+04 .2504E+00 .2395E+00 .2045E-02 .2095E+00 .2074E+00 .2395E+00 .7902E-02 .2474E+00 .2395E+00 .2045E-02 .8470E-01
.1583E+04 .2523E+00 .2415E+00 .2060E-02 .2112E+00 .2091E+00 .2415E+00 .7969E-02 .2495E+00 .2415E+00 .2060E-02 .8547E-01
.1584E+04 .2537E+00 .2469E+00 .2124E-02 .2160E+00 .2138E+00 .2469E+00 .8174E-02 .2551E+00 .2469E+00 .2124E-02 .8748E-01
.1585E+04 .2557E+00 .2500E+00 .2154E-02 .2187E+00 .2165E+00 .2500E+00 .8286E-02 .2583E+00 .2500E+00 .2154E-02 .8867E-01
.1586E+04 .2535E+00 .2473E+00 .2125E-02 .2163E+00 .2141E+00 .2473E+00 .8195E-02 .2554E+00 .2473E+00 .2125E-02 .8777E-01
.1587E+04 .2492E+00 .2430E+00 .2087E-02 .2125E+00 .2104E+00 .2430E+00 .8058E-02 .2511E+00 .2430E+00 .2087E-02 .8636E-01
.1588E+04 .2397E+00 .2365E+00 .2042E-02 .2069E+00 .2048E+00 .2365E+00 .7861E-02 .2444E+00 .2365E+00 .2042E-02 .8414E-01
.1589E+04 .2320E+00 .2291E+00 .1977E-02 .2004E+00 .1984E+00 .2291E+00 .7618E-02 .2367E+00 .2291E+00 .1977E-02 .8158E-01
.1590E+04 .2381E+00 .2341E+00 .2014E-02 .2048E+00 .2028E+00 .2341E+00 .7783E-02 .2419E+00 .2341E+00 .2014E-02 .8344E-01
.1591E+04 .2435E+00 .2399E+00 .2064E-02 .2098E+00 .2078E+00 .2399E+00 .7981E-02 .2479E+00 .2399E+00 .2064E-02 .8559E-01
.1592E+04 .2523E+00 .2467E+00 .2112E-02 .2158E+00 .2137E+00 .2467E+00 .8203E-02 .2549E+00 .2467E+00 .2112E-02 .8812E-01
.1593E+04 .2545E+00 .2509E+00 .2155E-02 .2195E+00 .2173E+00 .2509E+00 .8350E-02 .2593E+00 .2509E+00 .2155E-02 .8962E-01
.1594E+04 .2553E+00 .2502E+00 .2140E-02 .2189E+00 .2167E+00 .2502E+00 .8318E-02 .2586E+00 .2502E+00 .2140E-02 .8937E-01
.1595E+04 .2510E+00 .2471E+00 .2116E-02 .2161E+00 .2140E+00 .2471E+00 .8221E-02 .2554E+00 .2471E+00 .2116E-02 .8831E-01
.1596E+04 .2441E+00 .2397E+00 .2047E-02 .2096E+00 .2076E+00 .2397E+00 .7973E-02 .2477E+00 .2397E+00 .2047E-02 .8574E-01
.1597E+04 .2517E+00 .2452E+00 .2084E-02 .2144E+00 .2124E+00 .2452E+00 .8151E-02 .2534E+00 .2452E+00 .2084E-02 .8779E-01
.1598E+04 .2530E+00 .2476E+00 .2107E-02 .2166E+00 .2145E+00 .2476E+00 .8240E-02 .2559E+00 .2476E+00 .2107E-02 .8875E-01
.1599E+04 .2501E+00 .2413E+00 .2035E-02 .2110E+00 .2089E+00 .2413E+00 .8014E-02 .2493E+00 .2413E+00 .2035E-02 .8654E-01
.1600E+04 .2479E+00 .2355E+00 .1967E-02 .2059E+00 .2039E+00 .2355E+00 .7803E-02 .2433E+00 .2355E+00 .1967E-02 .8450E-01
.1601E+04 .2451E+00 .2276E+00 .1876E-02 .1990E+00 .1971E+00 .2276E+00 .7513E-02 .2351E+00 .2276E+00 .1876E-02 .8166E-01
.1602E+04 .2468E+00 .2271E+00 .1861E-02 .1986E+00 .1967E+00 .2271E+00 .7485E-02 .2346E+00 .2271E+00 .1861E-02 .8148E-01
.1603E+04 .2477E+00 .2285E+00 .1872E-02 .1998E+00 .1979E+00 .2285E+00 .7531E-02 .2360E+00 .2285E+00 .1872E-02 .8198E-01
.1604E+04 .2459E+00 .2290E+00 .1884E-02 .2002E+00 .1983E+00 .2290E+00 .7556E-02 .2366E+00 .2290E+00 .1884E-02 .8216E-01
.1605E+04 .2456E+00 .2358E+00 .1970E-02 .2062E+00 .2042E+00 .2358E+00 .7813E-02 .2436E+00 .2358E+00 .1970E-02 .8460E-01
.1606E+04 .2429E+00 .2356E+00 .1978E-02 .2060E+00 .2041E+00 .2356E+00 .7818E-02 .2434E+00 .2356E+00 .1978E-02 .8455E-01
.1607E+04 .2450E+00 .2337E+00 .1942E-02 .2043E+00 .2024E+00 .2337E+00 .7733E-02 .2415E+00 .2337E+00 .1942E-02 .8386E-01
.1608E+04 .2461E+00 .2295E+00 .1881E-02 .2006E+00 .1987E+00 .2295E+00 .7563E-02 .2370E+00 .2295E+00 .1881E-02 .8232E-01
.1609E+04 .2387E+00 .2222E+00 .1818E-02 .1943E+00 .1925E+00 .2222E+00 .7321E-02 .2296E+00 .2222E+00 .1818E-02 .7973E-01
.1610E+04 .2338E+00 .2205E+00 .1814E-02 .1927E+00 .1909E+00 .2205E+00 .7278E-02 .2277E+00 .2205E+00 .1814E-02 .7914E-01
.1611E+04 .2382E+00 .2257E+00 .1861E-02 .1973E+00 .1955E+00 .2257E+00 .7460E-02 .2332E+00 .2257E+00 .1861E-02 .8111E-01
.1612E+04 .2402E+00 .2302E+00 .1908E-02 .2013E+00 .1994E+00 .2302E+00 .7626E-02 .2379E+00 .2302E+00 .1908E-02 .8282E-01
.1613E+04 .2417E+00 .2323E+00 .1926E-02 .2031E+00 .2012E+00 .2323E+00 .7695E-02 .2400E+00 .2323E+00 .1926E-02 .8356E-01
.1614E+04 .2411E+00 .2342E+00 .1950E-02 .2047E+00 .2028E+00 .2342E+00 .7767E-02 .2419E+00 .2342E+00 .1950E-02 .8424E-01
.1615E+04 .2354E+00 .2299E+00 .1919E-02 .2010E+00 .1991E+00 .2299E+00 .7634E-02 .2375E+00 .2299E+00 .1919E-02 .8276E-01
.1616E+04 .2319E+00 .2270E+00 .1896E-02 .1985E+00 .1966E+00 .2270E+00 .7546E-02 .2346E+00 .2270E+00 .1896E-02 .8182E-01
.1617E+04 .2373E+00 .2320E+00 .1933E-02 .2028E+00 .2009E+00 .2320E+00 .7712E-02 .2397E+00 .2320E+00 .1933E-02 .8368E-01
.1618E+04 .2404E+00 .2364E+00 .1975E-02 .2067E+00 .2048E+00 .2364E+00 .7865E-02 .2443E+00 .2364E+00 .1975E-02 .8530E-01
.1619E+04 .2374E+00 .2322E+00 .1932E-02 .2030E+00 .2011E+00 .2322E+00 .7715E-02 .2399E+00 .2322E+00 .1932E-02 .8376E-01
.1620E+04 .2308E+00 .2277E+00 .1901E-02 .1991E+00 .1972E+00 .2277E+00 .7572E-02 .2352E+00 .2277E+00 .1901E-02 .8213E-01
.1621E+04 .2339E+00 .2307E+00 .1924E-02 .2018E+00 .1998E+00 .2307E+00 .7672E-02 .2384E+00 .2307E+00 .1924E-02 .8324E-01
.1622E+04 .2376E+00 .2344E+00 .1952E-02 .2049E+00 .2030E+00 .2344E+00 .7790E-02 .2422E+00 .2344E+00 .1952E-02 .8455E-01
.1623E+04 .2409E+00 .2378E+00 .1979E-02 .2079E+00 .2059E+00 .2378E+00 .7903E-02 .2457E+00 .2378E+00 .1979E-02 .8578E-01
.1624E+04 .2389E+00 .2355E+00 .1957E-02 .2059E+00 .2040E+00 .2355E+00 .7824E-02 .2434E+00 .2355E+00 .1957E-02 .8497E-01
.1625E+04 .2379E+00 .2340E+00 .1940E-02 .2046E+00 .2027E+00 .2340E+00 .7769E-02 .2418E+00 .2340E+00 .1940E-02 .8443E-01
.1626E+04 .2388E+00 .2354E+00 .1951E-02 .2058E+00 .2038E+00 .2354E+00 .7813E-02 .2432E+00 .2354E+00 .1951E-02 .8490E-01
.1627E+04 .2402E+00 .2369E+00 .1963E-02 .2072E+00 .2052E+00 .2369E+00 .7864E-02 .2448E+00 .2369E+00 .1963E-02 .8547E-01
.1628E+04 .2403E+00 .2366E+00 .1957E-02 .2069E+00 .2049E+00 .2366E+00 .7849E-02 .2445E+00 .2366E+00 .1957E-02 .8536E-01
.1629E+04 .2375E+00 .2342E+00 .1936E-02 .2048E+00 .2028E+00 .2342E+00 .7768E-02 .2420E+00 .2342E+00 .1936E-02 .8448E-01
.1630E+04 .2365E+00 .2330E+00 .1923E-02 .2037E+00 .2018E+00 .2330E+00 .7725E-02 .2407E+00 .2330E+00 .1923E-02 .8405E-01
.1631E+04 .2368E+00 .2325E+00 .1913E-02 .2033E+00 .2014E+00 .2325E+00 .7703E-02 .2402E+00 .2325E+00 .1913E-02 .8387E-01
.1632E+04 .2355E+00 .2307E+00 .1894E-02 .2017E+00 .1998E+00 .2307E+00 .7637E-02 .2383E+00 .2307E+00 .1894E-02 .8321E-01
.1633E+04 .2317E+00 .2257E+00 .1845E-02 .1973E+00 .1955E+00 .2257E+00 .7464E-02 .2332E+00 .2257E+00 .1845E-02 .8142E-01
.1634E+04 .2328E+00 .2294E+00 .1885E-02 .2005E+00 .1986E+00 .2294E+00 .7596E-02 .2370E+00 .2294E+00 .1885E-02 .8274E-01
.1635E+04 .2342E+00 .2278E+00 .1857E-02 .1992E+00 .1973E+00 .2278E+00 .7529E-02 .2354E+00 .2278E+00 .1857E-02 .8220E-01
.1636E+04 .2292E+00 .2250E+00 .1842E-02 .1967E+00 .1949E+00 .2250E+00 .7444E-02 .2325E+00 .2250E+00 .1842E-02 .8118E-01
.1637E+04 .2252E+00 .2214E+00 .1811E-02 .1935E+00 .1917E+00 .2214E+00 .7323E-02 .2287E+00 .2214E+00 .1811E-02 .7987E-01
.1638E+04 .2198E+00 .2126E+00 .1721E-02 .1858E+00 .1841E+00 .2126E+00 .7011E-02 .2196E+00 .2126E+00 .1721E-02 .7668E-01
.1639E+04 .2208E+00 .2158E+00 .1756E-02 .1887E+00 .1869E+00 .2158E+00 .7129E-02 .2230E+00 .2158E+00 .1756E-02 .7786E-01
.1640E+04 .2213E+00 .2104E+00 .1686E-02 .1839E+00 .1822E+00 .2104E+00 .6921E-02 .2174E+00 .2104E+00 .1686E-02 .7591E-01
.1641E+04 .2201E+00 .2143E+00 .1736E-02 .1873E+00 .1856E+00 .2143E+00 .7070E-02 .2214E+00 .2143E+00 .1736E-02 .7731E-01
.1642E+04 .2225E+00 .2167E+00 .1754E-02 .1894E+00 .1877E+00 .2167E+00 .7148E-02 .2239E+00 .2167E+00 .1754E-02 .7818E-01
.1643E+04 .2236E+00 .2123E+00 .1693E-02 .1856E+00 .1839E+00 .2123E+00 .6974E-02 .2193E+00 .2123E+00 .1693E-02 .7658E-01
.1644E+04 .2218E+00 .2173E+00 .1761E-02 .1900E+00 .1882E+00 .2173E+00 .7170E-02 .2245E+00 .2173E+00 .1761E-02 .7839E-01
.1645E+04 .2235E+00 .2150E+00 .1724E-02 .1879E+00 .1862E+00 .2150E+00 .7073E-02 .2221E+00 .2150E+00 .1724E-02 .7756E-01
.1646E+04 .2256E+00 .2138E+00 .1698E-02 .1869E+00 .1852E+00 .2138E+00 .7015E-02 .2208E+00 .2138E+00 .1698E-02 .7711E-01
.1647E+04 .2257E+00 .2214E+00 .1789E-02 .1935E+00 .1917E+00 .2214E+00 .7298E-02 .2287E+00 .2214E+00 .1789E-02 .7985E-01
.1648E+04 .2240E+00 .2130E+00 .1691E-02 .1861E+00 .1844E+00 .2130E+00 .6987E-02 .2200E+00 .2130E+00 .1691E-02 .7682E-01
.1649E+04 .2231E+00 .2162E+00 .1733E-02 .1890E+00 .1873E+00 .2162E+00 .7112E-02 .2233E+00 .2162E+00 .1733E-02 .7799E-01
.1650E+04 .2237E+00 .2178E+00 .1747E-02 .1903E+00 .1886E+00 .2178E+00 .7165E-02 .2249E+00 .2178E+00 .1747E-02 .7855E-01
.1651E+04 .2233E+00 .2106E+00 .1659E-02 .1840E+00 .1824E+00 .2106E+00 .6894E-02 .2175E+00 .2106E+00 .1659E-02 .7594E-01
.1652E+04 .2243E+00 .2155E+00 .1714E-02 .1883E+00 .1866E+00 .2155E+00 .7072E-02 .2225E+00 .2155E+00 .1714E-02 .7771E-01
.1653E+04 .2244E+00 .2180E+00 .1742E-02 .1905E+00 .1888E+00 .2180E+00 .7158E-02 .2251E+00 .2180E+00 .1742E-02 .7853E-01
.1654E+04 .2238E+00 .2134E+00 .1686E-02 .1865E+00 .1848E+00 .2134E+00 .6981E-02 .2204E+00 .2134E+00 .1686E-02 .7680E-01
.1655E+04 .2242E+00 .2190E+00 .1750E-02 .1914E+00 .1896E+00 .2190E+00 .7183E-02 .2261E+00 .2190E+00 .1750E-02 .7878E-01
.1656E+04 .2252E+00 .2170E+00 .1721E-02 .1897E+00 .1880E+00 .2170E+00 .7105E-02 .2242E+00 .2170E+00 .1721E-02 .7808E-01
.1657E+04 .2247E+00 .2178E+00 .1730E-02 .1903E+00 .1886E+00 .2178E+00 .7131E-02 .2249E+00 .2178E+00 .1730E-02 .7833E-01
.1658E+04 .2238E+00 .2191E+00 .1748E-02 .1915E+00 .1897E+00 .2191E+00 .7177E-02 .2262E+00 .2191E+00 .1748E-02 .7873E-01
.1659E+04 .2231E+00 .2189E+00 .1746E-02 .1913E+00 .1896E+00 .2189E+00 .7165E-02 .2260E+00 .2189E+00 .1746E-02 .7858E-01
.1660E+04 .2249E+00 .2206E+00 .1757E-02 .1928E+00 .1910E+00 .2206E+00 .7213E-02 .2278E+00 .2206E+00 .1757E-02 .7911E-01
.1661E+04 .2248E+00 .2185E+00 .1731E-02 .1910E+00 .1892E+00 .2185E+00 .7130E-02 .2256E+00 .2185E+00 .1731E-02 .7829E-01
.1662E+04 .2230E+00 .2128E+00 .1667E-02 .1859E+00 .1843E+00 .2128E+00 .6917E-02 .2197E+00 .2128E+00 .1667E-02 .7616E-01
.1663E+04 .2219E+00 .2177E+00 .1729E-02 .1903E+00 .1886E+00 .2177E+00 .7099E-02 .2248E+00 .2177E+00 .1729E-02 .7787E-01
.1664E+04 .2214E+00 .2155E+00 .1702E-02 .1883E+00 .1866E+00 .2155E+00 .7012E-02 .2225E+00 .2155E+00 .1702E-02 .7700E-01
.1665E+04 .2195E+00 .2101E+00 .1642E-02 .1836E+00 .1820E+00 .2101E+00 .6813E-02 .2170E+00 .2101E+00 .1642E-02 .7501E-01
.1666E+04 .2188E+00 .1884E+00 .1390E-02 .1646E+00 .1632E+00 .1884E+00 .6013E-02 .1945E+00 .1884E+00 .1390E-02 .6717E-01
.1667E+04 .2175E+00 .2084E+00 .1626E-02 .1821E+00 .1805E+00 .2084E+00 .6744E-02 .2151E+00 .2084E+00 .1626E-02 .7425E-01
.1668E+04 .2153E+00 .2113E+00 .1667E-02 .1846E+00 .1830E+00 .2113E+00 .6853E-02 .2181E+00 .2113E+00 .1667E-02 .7520E-01
.1669E+04 .2184E+00 .2099E+00 .1638E-02 .1834E+00 .1818E+00 .2099E+00 .6782E-02 .2167E+00 .2099E+00 .1638E-02 .7461E-01
.1670E+04 .2191E+00 .2149E+00 .1691E-02 .1878E+00 .1861E+00 .2149E+00 .6953E-02 .2218E+00 .2149E+00 .1691E-02 .7630E-01
.1671E+04 .2150E+00 .2094E+00 .1640E-02 .1830E+00 .1813E+00 .2094E+00 .6763E-02 .2162E+00 .2094E+00 .1640E-02 .7429E-01
.1672E+04 .2106E+00 .2059E+00 .1615E-02 .1799E+00 .1783E+00 .2059E+00 .6647E-02 .2126E+00 .2059E+00 .1615E-02 .7298E-01
.1673E+04 .2145E+00 .2109E+00 .1656E-02 .1843E+00 .1826E+00 .2109E+00 .6806E-02 .2177E+00 .2109E+00 .1656E-02 .7467E-01
.1674E+04 .2143E+00 .2080E+00 .1620E-02 .1817E+00 .1801E+00 .2080E+00 .6692E-02 .2147E+00 .2080E+00 .1620E-02 .7357E-01
.1675E+04 .2101E+00 .2042E+00 .1591E-02 .1785E+00 .1769E+00 .2042E+00 .6568E-02 .2108E+00 .2042E+00 .1591E-02 .7218E-01
.1676E+04 .2105E+00 .2035E+00 .1580E-02 .1778E+00 .1762E+00 .2035E+00 .6535E-02 .2100E+00 .2035E+00 .1580E-02 .7186E-01
.1677E+04 .2121E+00 .2050E+00 .1590E-02 .1791E+00 .1775E+00 .2050E+00 .6574E-02 .2115E+00 .2050E+00 .1590E-02 .7230E-01
.1678E+04 .2104E+00 .2002E+00 .1539E-02 .1749E+00 .1734E+00 .2002E+00 .6402E-02 .2066E+00 .2002E+00 .1539E-02 .7056E-01
.1679E+04 .2064E+00 .2026E+00 .1580E-02 .1771E+00 .1755E+00 .2026E+00 .6499E-02 .2091E+00 .2026E+00 .1580E-02 .7134E-01
.1680E+04 .1991E+00 .1944E+00 .1509E-02 .1698E+00 .1683E+00 .1944E+00 .6224E-02 .2006E+00 .1944E+00 .1509E-02 .6839E-01
.1681E+04 .1972E+00 .1917E+00 .1483E-02 .1675E+00 .1660E+00 .1917E+00 .6132E-02 .1978E+00 .1917E+00 .1483E-02 .6744E-01
.1682E+04 .2025E+00 .1995E+00 .1553E-02 .1743E+00 .1728E+00 .1995E+00 .6393E-02 .2059E+00 .1995E+00 .1553E-02 .7019E-01
.1683E+04 .2070E+00 .2034E+00 .1579E-02 .1777E+00 .1761E+00 .2034E+00 .6509E-02 .2099E+00 .2034E+00 .1579E-02 .7150E-01
.1684E+04 .2093E+00 .1917E+00 .1436E-02 .1675E+00 .1660E+00 .1917E+00 .6073E-02 .1978E+00 .1917E+00 .1436E-02 .6732E-01
.1685E+04 .2094E+00 .2062E+00 .1600E-02 .1802E+00 .1786E+00 .2062E+00 .6591E-02 .2128E+00 .2062E+00 .1600E-02 .7239E-01
.1686E+04 .2090E+00 .2053E+00 .1588E-02 .1794E+00 .1778E+00 .2053E+00 .6556E-02 .2118E+00 .2053E+00 .1588E-02 .7205E-01
.1687E+04 .2090E+00 .1991E+00 .1517E-02 .1740E+00 .1725E+00 .1991E+00 .6333E-02 .2055E+00 .1991E+00 .1517E-02 .6989E-01
.1688E+04 .2087E+00 .2050E+00 .1582E-02 .1791E+00 .1775E+00 .2050E+00 .6538E-02 .2115E+00 .2050E+00 .1582E-02 .7188E-01
.1689E+04 .2066E+00 .2018E+00 .1553E-02 .1763E+00 .1748E+00 .2018E+00 .6427E-02 .2082E+00 .2018E+00 .1553E-02 .7070E-01
.1690E+04 .2089E+00 .2008E+00 .1533E-02 .1755E+00 .1739E+00 .2008E+00 .6378E-02 .2072E+00 .2008E+00 .1533E-02 .7029E-01
.1691E+04 .2101E+00 .1825E+00 .1328E-02 .1593E+00 .1580E+00 .1825E+00 .5717E-02 .1882E+00 .1825E+00 .1328E-02 .6376E-01
.1692E+04 .2103E+00 .2001E+00 .1516E-02 .1748E+00 .1733E+00 .2001E+00 .6331E-02 .2064E+00 .2001E+00 .1516E-02 .6987E-01
.1693E+04 .2099E+00 .2067E+00 .1589E-02 .1806E+00 .1790E+00 .2067E+00 .6566E-02 .2133E+00 .2067E+00 .1589E-02 .7218E-01
.1694E+04 .2094E+00 .1994E+00 .1506E-02 .1742E+00 .1727E+00 .1994E+00 .6303E-02 .2057E+00 .1994E+00 .1506E-02 .6961E-01
.1695E+04 .2089E+00 .2050E+00 .1570E-02 .1791E+00 .1776E+00 .2050E+00 .6504E-02 .2115E+00 .2050E+00 .1570E-02 .7157E-01
.1696E+04 .2082E+00 .2039E+00 .1559E-02 .1782E+00 .1766E+00 .2039E+00 .6462E-02 .2104E+00 .2039E+00 .1559E-02 .7112E-01
.1697E+04 .2079E+00 .1678E+00 .1173E-02 .1465E+00 .1453E+00 .1678E+00 .5189E-02 .1730E+00 .1678E+00 .1173E-02 .5840E-01
.1698E+04 .2077E+00 .2032E+00 .1549E-02 .1776E+00 .1760E+00 .2032E+00 .6429E-02 .2097E+00 .2032E+00 .1549E-02 .7080E-01
.1699E+04 .2061E+00 .1988E+00 .1506E-02 .1737E+00 .1722E+00 .1988E+00 .6280E-02 .2051E+00 .1988E+00 .1506E-02 .6927E-01
.1700E+04 .2044E+00 .1937E+00 .1453E-02 .1692E+00 .1677E+00 .1937E+00 .6101E-02 .1998E+00 .1937E+00 .1453E-02 .6746E-01
.1702E+04 .2027E+00 .1988E+00 .1511E-02 .1737E+00 .1722E+00 .1988E+00 .6284E-02 .2051E+00 .1988E+00 .1511E-02 .6925E-01
.1705E+04 .2029E+00 .1920E+00 .1432E-02 .1677E+00 .1663E+00 .1920E+00 .6037E-02 .1980E+00 .1920E+00 .1432E-02 .6685E-01
.1710E+04 .1982E+00 .1819E+00 .1337E-02 .1589E+00 .1576E+00 .1819E+00 .5688E-02 .1876E+00 .1819E+00 .1337E-02 .6317E-01
.1715E+04 .1994E+00 .1801E+00 .1311E-02 .1572E+00 .1559E+00 .1801E+00 .5606E-02 .1857E+00 .1801E+00 .1311E-02 .6238E-01
.1720E+04 .1960E+00 .1793E+00 .1309E-02 .1566E+00 .1553E+00 .1793E+00 .5588E-02 .1849E+00 .1793E+00 .1309E-02 .6214E-01
.1725E+04 .1934E+00 .1677E+00 .1191E-02 .1464E+00 .1452E+00 .1677E+00 .5188E-02 .1729E+00 .1677E+00 .1191E-02 .5809E-01
.1730E+04 .1912E+00 .1652E+00 .1168E-02 .1442E+00 .1431E+00 .1652E+00 .5096E-02 .1703E+00 .1652E+00 .1168E-02 .5711E-01
.1735E+04 .1815E+00 .1524E+00 .1064E-02 .1330E+00 .1320E+00 .1524E+00 .4686E-02 .1571E+00 .1524E+00 .1064E-02 .5266E-01
.1740E+04 .1849E+00 .1562E+00 .1086E-02 .1363E+00 .1352E+00 .1562E+00 .4806E-02 .1610E+00 .1562E+00 .1086E-02 .5410E-01
.1745E+04 .1858E+00 .1467E+00 .1003E-02 .1280E+00 .1270E+00 .1467E+00 .4495E-02 .1512E+00 .1467E+00 .1003E-02 .5081E-01
.1750E+04 .1844E+00 .1578E+00 .1088E-02 .1377E+00 .1366E+00 .1578E+00 .4847E-02 .1626E+00 .1578E+00 .1088E-02 .5467E-01
.1755E+04 .1843E+00 .1427E+00 .9556E-03 .1246E+00 .1236E+00 .1427E+00 .4360E-02 .1471E+00 .1427E+00 .9556E-03 .4957E-01
.1760E+04 .1817E+00 .1509E+00 .1021E-02 .1317E+00 .1306E+00 .1509E+00 .4630E-02 .1555E+00 .1509E+00 .1021E-02 .5253E-01
.1765E+04 .1798E+00 .1206E+00 .7685E-03 .1052E+00 .1044E+00 .1206E+00 .3648E-02 .1242E+00 .1206E+00 .7685E-03 .4198E-01
.1770E+04 .1784E+00 .1251E+00 .7802E-03 .1091E+00 .1083E+00 .1251E+00 .3773E-02 .1288E+00 .1251E+00 .7802E-03 .4365E-01
.1775E+04 .1759E+00 .9835E-01 .5712E-03 .8574E-01 .8517E-01 .9835E-01 .2921E-02 .1013E+00 .9835E-01 .5712E-03 .3433E-01
.1780E+04 .1736E+00 .8539E-01 .4762E-03 .7443E-01 .7395E-01 .8539E-01 .2518E-02 .8791E-01 .8539E-01 .4762E-03 .2986E-01
.1785E+04 .1727E+00 .6036E-01 .2998E-03 .5257E-01 .5227E-01 .6036E-01 .1742E-02 .6210E-01 .6036E-01 .2998E-03 .2114E-01
.1790E+04 .1722E+00 .7464E-01 .3850E-03 .6502E-01 .6464E-01 .7464E-01 .2175E-02 .7681E-01 .7464E-01 .3850E-03 .2621E-01
.1795E+04 .1702E+00 .3302E-01 .1166E-03 .2872E-01 .2860E-01 .3302E-01 .9043E-03 .3393E-01 .3302E-01 .1166E-03 .1161E-01
.1800E+04 .1683E+00 .2463E-01 .9579E-04 .2142E-01 .2133E-01 .2463E-01 .6846E-03 .2531E-01 .2463E-01 .9579E-04 .8667E-02
.1805E+04 .1669E+00 .1047E-01 .2305E-04 .9087E-02 .9064E-02 .1047E-01 .2717E-03 .1074E-01 .1047E-01 .2305E-04 .3682E-02
.1810E+04 .1655E+00 .5830E-02 .1386E-04 .5063E-02 .5049E-02 .5830E-02 .1525E-03 .5982E-02 .5830E-02 .1386E-04 .2052E-02
.1815E+04 .1584E+00 .2158E-02 .2360E-05 .1871E-02 .1869E-02 .2158E-02 .5337E-04 .2212E-02 .2158E-02 .2360E-05 .7584E-03
.1820E+04 .1556E+00 .5019E-03 .3145E-06 .4350E-03 .4347E-03 .5019E-03 .1218E-04 .5141E-03 .5019E-03 .3145E-06 .1767E-03
.1825E+04 .1600E+00 .7598E-03 .5335E-06 .6586E-03 .6580E-03 .7598E-03 .1855E-04 .7784E-03 .7598E-03 .5335E-06 .2682E-03
.1830E+04 .1593E+00 .1927E-05 .2413E-09 .1669E-05 .1669E-05 .1927E-05 .4576E-07 .1973E-05 .1927E-05 .2413E-09 .6792E-06
.1835E+04 .1577E+00 .9065E-06 .1854E-09 .7853E-06 .7851E-06 .9065E-06 .2157E-07 .9281E-06 .9065E-06 .1854E-09 .3190E-06
.1840E+04 .1556E+00 .3013E-07 .1716E-11 .2610E-07 .2610E-07 .3013E-07 .7104E-09 .3084E-07 .3013E-07 .1716E-11 .1058E-07
.1845E+04 .1531E+00 .1309E-05 .4511E-10 .1133E-05 .1133E-05 .1309E-05 .3078E-07 .1339E-05 .1309E-05 .4511E-10 .4587E-06
.1850E+04 .1534E+00 .5046E-06 .1307E-10 .4370E-06 .4370E-06 .5046E-06 .1180E-07 .5164E-06 .5046E-06 .1307E-10 .1759E-06
.1855E+04 .1521E+00 .8149E-07 .4288E-11 .7058E-07 .7057E-07 .8149E-07 .1889E-08 .8338E-07 .8149E-07 .4288E-11 .2814E-07
.1860E+04 .1501E+00 .4943E-05 .1077E-08 .4282E-05 .4281E-05 .4943E-05 .1141E-06 .5058E-05 .4943E-05 .1077E-08 .1686E-05
.1865E+04 .1480E+00 .4646E-05 .6027E-09 .4024E-05 .4024E-05 .4646E-05 .1038E-06 .4750E-05 .4646E-05 .6027E-09 .1540E-05
.1870E+04 .1456E+00 .2653E-10 .8916E-16 .2298E-10 .2298E-10 .2653E-10 .5774E-12 .2711E-10 .2653E-10 .8916E-16 .8618E-11
.1875E+04 .1349E+00 .4922E-10 .1949E-15 .4263E-10 .4263E-10 .4922E-10 .1043E-11 .5027E-10 .4922E-10 .1949E-15 .1557E-10
.1880E+04 .1425E+00 .2805E-04 .7552E-08 .2430E-04 .2429E-04 .2805E-04 .5894E-06 .2864E-04 .2805E-04 .7552E-08 .8677E-05
.1885E+04 .1432E+00 .1935E-04 .4764E-08 .1676E-04 .1676E-04 .1935E-04 .3994E-06 .1975E-04 .1935E-04 .4764E-08 .5886E-05
.1890E+04 .1410E+00 .7390E-04 .1613E-07 .6402E-04 .6400E-04 .7390E-04 .1499E-05 .7540E-04 .7390E-04 .1613E-07 .2212E-04
.1895E+04 .1379E+00 .4711E-04 .1413E-07 .4081E-04 .4080E-04 .4711E-04 .9233E-06 .4803E-04 .4711E-04 .1413E-07 .1356E-04
.1900E+04 .1389E+00 .2011E-06 .1377E-10 .1742E-06 .1741E-06 .2011E-06 .3791E-08 .2049E-06 .2011E-06 .1377E-10 .5637E-07
.1905E+04 .1382E+00 .1456E-06 .1241E-10 .1261E-06 .1261E-06 .1456E-06 .2774E-08 .1483E-06 .1456E-06 .1241E-10 .4121E-07
.1910E+04 .1367E+00 .6825E-05 .9287E-09 .5911E-05 .5911E-05 .6825E-05 .1230E-06 .6948E-05 .6825E-05 .9287E-09 .1822E-05
.1915E+04 .1358E+00 .7606E-05 .1943E-08 .6589E-05 .6587E-05 .7606E-05 .1373E-06 .7743E-05 .7606E-05 .1943E-08 .2018E-05
.1920E+04 .1342E+00 .1359E-03 .4038E-07 .1177E-03 .1177E-03 .1359E-03 .2463E-05 .1384E-03 .1359E-03 .4038E-07 .3612E-04
.1925E+04 .1335E+00 .3560E-03 .1893E-06 .3085E-03 .3083E-03 .3560E-03 .6571E-05 .3626E-03 .3560E-03 .1893E-06 .9503E-04
.1930E+04 .1304E+00 .2459E-03 .1641E-06 .2131E-03 .2129E-03 .2459E-03 .4606E-05 .2505E-03 .2459E-03 .1641E-06 .6611E-04
.1935E+04 .1303E+00 .1942E-02 .2469E-05 .1684E-02 .1682E-02 .1942E-02 .3797E-04 .1980E-02 .1942E-02 .2469E-05 .5269E-03
.1940E+04 .1273E+00 .1960E-02 .3418E-05 .1701E-02 .1698E-02 .1960E-02 .3947E-04 .2000E-02 .1960E-02 .3418E-05 .5339E-03
.1945E+04 .1204E+00 .7981E-02 .1798E-04 .6930E-02 .6912E-02 .7981E-02 .1662E-03 .8147E-02 .7981E-02 .1798E-04 .2190E-02
.1950E+04 .1247E+00 .1354E-01 .3802E-04 .1176E-01 .1172E-01 .1354E-01 .2925E-03 .1383E-01 .1354E-01 .3802E-04 .3751E-02
.1955E+04 .1268E+00 .8399E-02 .1638E-04 .7290E-02 .7274E-02 .8399E-02 .1761E-03 .8575E-02 .8399E-02 .1638E-04 .2364E-02
.1960E+04 .1252E+00 .2046E-01 .6318E-04 .1778E-01 .1771E-01 .2046E-01 .4603E-03 .2092E-01 .2046E-01 .6318E-04 .5848E-02
.1965E+04 .1231E+00 .2867E-01 .1004E-03 .2493E-01 .2483E-01 .2867E-01 .6644E-03 .2934E-01 .2867E-01 .1004E-03 .8290E-02
.1970E+04 .1226E+00 .4796E-01 .2043E-03 .4174E-01 .4154E-01 .4796E-01 .1160E-02 .4912E-01 .4796E-01 .2043E-03 .1401E-01
.1975E+04 .1205E+00 .5876E-01 .2720E-03 .5116E-01 .5089E-01 .5876E-01 .1453E-02 .6022E-01 .5876E-01 .2720E-03 .1727E-01
.1980E+04 .1192E+00 .6831E-01 .3452E-03 .5951E-01 .5916E-01 .6831E-01 .1731E-02 .7005E-01 .6831E-01 .3452E-03 .2024E-01
.1985E+04 .1184E+00 .7525E-01 .3955E-03 .6557E-01 .6517E-01 .7525E-01 .1940E-02 .7719E-01 .7525E-01 .3955E-03 .2255E-01
.1990E+04 .1183E+00 .7527E-01 .3898E-03 .6558E-01 .6519E-01 .7527E-01 .1940E-02 .7721E-01 .7527E-01 .3898E-03 .2263E-01
.1995E+04 .1163E+00 .7650E-01 .3966E-03 .6665E-01 .6625E-01 .7650E-01 .1969E-02 .7847E-01 .7650E-01 .3966E-03 .2297E-01
.2000E+04 .1160E+00 .4888E-01 .2133E-03 .4254E-01 .4233E-01 .4888E-01 .1211E-02 .5009E-01 .4888E-01 .2133E-03 .1462E-01
.2005E+04 .1148E+00 .2455E-01 .7745E-04 .2134E-01 .2126E-01 .2455E-01 .5726E-03 .2513E-01 .2455E-01 .7745E-04 .7293E-02
.2010E+04 .1145E+00 .5677E-01 .2537E-03 .4941E-01 .4916E-01 .5677E-01 .1398E-02 .5816E-01 .5677E-01 .2537E-03 .1676E-01
.2015E+04 .1135E+00 .3839E-01 .1463E-03 .3340E-01 .3325E-01 .3839E-01 .9091E-03 .3930E-01 .3839E-01 .1463E-03 .1120E-01
.2020E+04 .1115E+00 .5582E-01 .2542E-03 .4860E-01 .4834E-01 .5582E-01 .1357E-02 .5718E-01 .5582E-01 .2542E-03 .1614E-01
.2025E+04 .1109E+00 .7969E-01 .4303E-03 .6945E-01 .6902E-01 .7969E-01 .1996E-02 .8169E-01 .7969E-01 .4303E-03 .2281E-01
.2030E+04 .1092E+00 .8343E-01 .4665E-03 .7272E-01 .7225E-01 .8343E-01 .2086E-02 .8551E-01 .8343E-01 .4665E-03 .2358E-01
.2035E+04 .1082E+00 .9512E-01 .5637E-03 .8294E-01 .8238E-01 .9512E-01 .2397E-02 .9752E-01 .9512E-01 .5637E-03 .2665E-01
.2040E+04 .1077E+00 .8933E-01 .5113E-03 .7788E-01 .7736E-01 .8933E-01 .2216E-02 .9155E-01 .8933E-01 .5113E-03 .2479E-01
.2045E+04 .1078E+00 .9196E-01 .5266E-03 .8017E-01 .7964E-01 .9196E-01 .2268E-02 .9423E-01 .9196E-01 .5266E-03 .2533E-01
.2050E+04 .1065E+00 .7779E-01 .4090E-03 .6778E-01 .6737E-01 .7779E-01 .1869E-02 .7966E-01 .7779E-01 .4090E-03 .2127E-01
.2055E+04 .1054E+00 .6689E-01 .3253E-03 .5826E-01 .5793E-01 .6689E-01 .1570E-02 .6846E-01 .6689E-01 .3253E-03 .1817E-01
.2060E+04 .1038E+00 .7608E-01 .3979E-03 .6628E-01 .6588E-01 .7608E-01 .1812E-02 .7789E-01 .7608E-01 .3979E-03 .2061E-01
.2065E+04 .1030E+00 .7213E-01 .3654E-03 .6284E-01 .6247E-01 .7213E-01 .1701E-02 .7384E-01 .7213E-01 .3654E-03 .1947E-01
.2070E+04 .1024E+00 .7439E-01 .3818E-03 .6481E-01 .6443E-01 .7439E-01 .1752E-02 .7615E-01 .7439E-01 .3818E-03 .1996E-01
.2075E+04 .1023E+00 .8384E-01 .4569E-03 .7307E-01 .7261E-01 .8384E-01 .1999E-02 .8584E-01 .8384E-01 .4569E-03 .2243E-01
.2080E+04 .1007E+00 .8896E-01 .5037E-03 .7754E-01 .7704E-01 .8896E-01 .2139E-02 .9110E-01 .8896E-01 .5037E-03 .2376E-01
.2085E+04 .9979E-01 .8786E-01 .4939E-03 .7658E-01 .7609E-01 .8786E-01 .2109E-02 .8997E-01 .8786E-01 .4939E-03 .2347E-01
.2090E+04 .9881E-01 .9115E-01 .5208E-03 .7946E-01 .7894E-01 .9115E-01 .2200E-02 .9335E-01 .9115E-01 .5208E-03 .2440E-01
.2095E+04 .9735E-01 .9029E-01 .5166E-03 .7871E-01 .7820E-01 .9029E-01 .2177E-02 .9247E-01 .9029E-01 .5166E-03 .2413E-01
.2100E+04 .9751E-01 .8491E-01 .4741E-03 .7401E-01 .7353E-01 .8491E-01 .2035E-02 .8694E-01 .8491E-01 .4741E-03 .2269E-01
.2105E+04 .9690E-01 .9351E-01 .5388E-03 .8152E-01 .8098E-01 .9351E-01 .2264E-02 .9577E-01 .9351E-01 .5388E-03 .2507E-01
.2110E+04 .9579E-01 .8953E-01 .5073E-03 .7805E-01 .7754E-01 .8953E-01 .2167E-02 .9170E-01 .8953E-01 .5073E-03 .2412E-01
.2115E+04 .9495E-01 .9164E-01 .5238E-03 .7989E-01 .7937E-01 .9164E-01 .2223E-02 .9387E-01 .9164E-01 .5238E-03 .2469E-01
.2120E+04 .9376E-01 .8634E-01 .4836E-03 .7526E-01 .7477E-01 .8634E-01 .2091E-02 .8843E-01 .8634E-01 .4836E-03 .2338E-01
.2125E+04 .9291E-01 .8759E-01 .4931E-03 .7635E-01 .7586E-01 .8759E-01 .2129E-02 .8972E-01 .8759E-01 .4931E-03 .2379E-01
.2130E+04 .9283E-01 .8860E-01 .5003E-03 .7723E-01 .7673E-01 .8860E-01 .2161E-02 .9076E-01 .8860E-01 .5003E-03 .2415E-01
.2135E+04 .9171E-01 .8923E-01 .5041E-03 .7778E-01 .7728E-01 .8923E-01 .2185E-02 .9142E-01 .8923E-01 .5041E-03 .2444E-01
.2140E+04 .9147E-01 .9008E-01 .5092E-03 .7852E-01 .7801E-01 .9008E-01 .2208E-02 .9229E-01 .9008E-01 .5092E-03 .2471E-01
.2145E+04 .9065E-01 .8922E-01 .5019E-03 .7777E-01 .7726E-01 .8922E-01 .2185E-02 .9140E-01 .8922E-01 .5019E-03 .2448E-01
.2150E+04 .9013E-01 .8307E-01 .4519E-03 .7239E-01 .7194E-01 .8307E-01 .2017E-02 .8508E-01 .8307E-01 .4519E-03 .2279E-01
.2155E+04 .8927E-01 .8326E-01 .4525E-03 .7256E-01 .7210E-01 .8326E-01 .2023E-02 .8528E-01 .8326E-01 .4525E-03 .2287E-01
.2160E+04 .8784E-01 .8252E-01 .4484E-03 .7191E-01 .7146E-01 .8252E-01 .2003E-02 .8452E-01 .8252E-01 .4484E-03 .2263E-01
.2165E+04 .8275E-01 .7537E-01 .4044E-03 .6568E-01 .6528E-01 .7537E-01 .1824E-02 .7720E-01 .7537E-01 .4044E-03 .2068E-01
.2170E+04 .8514E-01 .8034E-01 .4355E-03 .7001E-01 .6958E-01 .8034E-01 .1950E-02 .8229E-01 .8034E-01 .4355E-03 .2204E-01
.2175E+04 .8568E-01 .7826E-01 .4149E-03 .6819E-01 .6778E-01 .7826E-01 .1889E-02 .8015E-01 .7826E-01 .4149E-03 .2147E-01
.2180E+04 .8497E-01 .8087E-01 .4343E-03 .7047E-01 .7004E-01 .8087E-01 .1958E-02 .8283E-01 .8087E-01 .4343E-03 .2219E-01
.2185E+04 .8464E-01 .7143E-01 .3660E-03 .6223E-01 .6186E-01 .7143E-01 .1710E-02 .7314E-01 .7143E-01 .3660E-03 .1959E-01
.2190E+04 .8364E-01 .7760E-01 .4087E-03 .6762E-01 .6721E-01 .7760E-01 .1870E-02 .7947E-01 .7760E-01 .4087E-03 .2129E-01
.2195E+04 .8342E-01 .7686E-01 .4014E-03 .6696E-01 .6656E-01 .7686E-01 .1849E-02 .7871E-01 .7686E-01 .4014E-03 .2109E-01
.2200E+04 .8263E-01 .7128E-01 .3602E-03 .6209E-01 .6173E-01 .7128E-01 .1697E-02 .7298E-01 .7128E-01 .3602E-03 .1949E-01
.2205E+04 .8073E-01 .7234E-01 .3701E-03 .6302E-01 .6265E-01 .7234E-01 .1723E-02 .7407E-01 .7234E-01 .3701E-03 .1972E-01
.2210E+04 .8053E-01 .7774E-01 .4074E-03 .6773E-01 .6732E-01 .7774E-01 .1860E-02 .7960E-01 .7774E-01 .4074E-03 .2116E-01
.2215E+04 .8024E-01 .7465E-01 .3835E-03 .6503E-01 .6465E-01 .7465E-01 .1773E-02 .7642E-01 .7465E-01 .3835E-03 .2025E-01
.2220E+04 .7974E-01 .7708E-01 .3994E-03 .6716E-01 .6676E-01 .7708E-01 .1830E-02 .7891E-01 .7708E-01 .3994E-03 .2085E-01
.2225E+04 .7873E-01 .7457E-01 .3814E-03 .6496E-01 .6458E-01 .7457E-01 .1759E-02 .7633E-01 .7457E-01 .3814E-03 .2007E-01
.2230E+04 .7832E-01 .7596E-01 .3899E-03 .6618E-01 .6579E-01 .7596E-01 .1786E-02 .7775E-01 .7596E-01 .3899E-03 .2035E-01
.2235E+04 .7766E-01 .7415E-01 .3759E-03 .6459E-01 .6421E-01 .7415E-01 .1730E-02 .7588E-01 .7415E-01 .3759E-03 .1973E-01
.2240E+04 .7661E-01 .7382E-01 .3733E-03 .6430E-01 .6393E-01 .7382E-01 .1713E-02 .7553E-01 .7382E-01 .3733E-03 .1951E-01
.2245E+04 .7621E-01 .7184E-01 .3572E-03 .6258E-01 .6222E-01 .7184E-01 .1648E-02 .7349E-01 .7184E-01 .3572E-03 .1881E-01
.2250E+04 .7546E-01 .7269E-01 .3625E-03 .6331E-01 .6295E-01 .7269E-01 .1641E-02 .7433E-01 .7269E-01 .3625E-03 .1862E-01
.2255E+04 .7461E-01 .6978E-01 .3405E-03 .6077E-01 .6043E-01 .6978E-01 .1554E-02 .7133E-01 .6978E-01 .3405E-03 .1767E-01
.2260E+04 .7419E-01 .6902E-01 .3336E-03 .6010E-01 .5977E-01 .6902E-01 .1513E-02 .7053E-01 .6902E-01 .3336E-03 .1718E-01
.2265E+04 .7352E-01 .6971E-01 .3381E-03 .6071E-01 .6037E-01 .6971E-01 .1516E-02 .7122E-01 .6971E-01 .3381E-03 .1715E-01
.2270E+04 .7323E-01 .6746E-01 .3204E-03 .5874E-01 .5842E-01 .6746E-01 .1452E-02 .6891E-01 .6746E-01 .3204E-03 .1648E-01
.2275E+04 .7269E-01 .6671E-01 .3144E-03 .5809E-01 .5777E-01 .6671E-01 .1430E-02 .6814E-01 .6671E-01 .3144E-03 .1625E-01
.2280E+04 .7147E-01 .6763E-01 .3222E-03 .5889E-01 .5857E-01 .6763E-01 .1453E-02 .6908E-01 .6763E-01 .3222E-03 .1647E-01
.2285E+04 .7108E-01 .6530E-01 .3046E-03 .5686E-01 .5655E-01 .6530E-01 .1393E-02 .6670E-01 .6530E-01 .3046E-03 .1585E-01
.2290E+04 .7069E-01 .6509E-01 .3023E-03 .5667E-01 .5637E-01 .6509E-01 .1383E-02 .6647E-01 .6509E-01 .3023E-03 .1575E-01
.2295E+04 .6914E-01 .6345E-01 .2926E-03 .5525E-01 .5495E-01 .6345E-01 .1346E-02 .6480E-01 .6345E-01 .2926E-03 .1536E-01
.2300E+04 .6923E-01 .6119E-01 .2753E-03 .5326E-01 .5299E-01 .6119E-01 .1291E-02 .6248E-01 .6119E-01 .2753E-03 .1481E-01
.2305E+04 .6902E-01 .6116E-01 .2740E-03 .5324E-01 .5296E-01 .6116E-01 .1285E-02 .6244E-01 .6116E-01 .2740E-03 .1474E-01
.2310E+04 .6848E-01 .6293E-01 .2866E-03 .5478E-01 .5449E-01 .6293E-01 .1327E-02 .6425E-01 .6293E-01 .2866E-03 .1517E-01
.2315E+04 .6764E-01 .5923E-01 .2618E-03 .5156E-01 .5130E-01 .5923E-01 .1241E-02 .6047E-01 .5923E-01 .2618E-03 .1428E-01
.2320E+04 .6675E-01 .5307E-01 .2249E-03 .4618E-01 .4596E-01 .5307E-01 .1101E-02 .5417E-01 .5307E-01 .2249E-03 .1279E-01
.2325E+04 .6538E-01 .5401E-01 .2327E-03 .4700E-01 .4677E-01 .5401E-01 .1125E-02 .5513E-01 .5401E-01 .2327E-03 .1302E-01
.2330E+04 .6565E-01 .5571E-01 .2384E-03 .4848E-01 .4824E-01 .5571E-01 .1158E-02 .5687E-01 .5571E-01 .2384E-03 .1343E-01
.2335E+04 .6513E-01 .5761E-01 .2503E-03 .5014E-01 .4989E-01 .5761E-01 .1203E-02 .5882E-01 .5761E-01 .2503E-03 .1390E-01
.2340E+04 .6491E-01 .4401E-01 .1720E-03 .3828E-01 .3811E-01 .4401E-01 .8998E-03 .4491E-01 .4401E-01 .1720E-03 .1064E-01
.2345E+04 .6465E-01 .5180E-01 .2132E-03 .4507E-01 .4486E-01 .5180E-01 .1071E-02 .5287E-01 .5180E-01 .2132E-03 .1253E-01
.2350E+04 .6355E-01 .4009E-01 .1545E-03 .3488E-01 .3472E-01 .4009E-01 .8175E-03 .4091E-01 .4009E-01 .1545E-03 .9701E-02
.2355E+04 .6224E-01 .4750E-01 .1898E-03 .4133E-01 .4114E-01 .4750E-01 .9760E-03 .4848E-01 .4750E-01 .1898E-03 .1149E-01
.2360E+04 .6250E-01 .4972E-01 .2009E-03 .4326E-01 .4306E-01 .4972E-01 .1024E-02 .5075E-01 .4972E-01 .2009E-03 .1203E-01
.2365E+04 .6234E-01 .4597E-01 .1827E-03 .3999E-01 .3981E-01 .4597E-01 .9416E-03 .4691E-01 .4597E-01 .1827E-03 .1110E-01
.2370E+04 .6161E-01 .2915E-01 .9660E-04 .2534E-01 .2524E-01 .2915E-01 .5769E-03 .2972E-01 .2915E-01 .9660E-04 .7047E-02
.2375E+04 .6093E-01 .4249E-01 .1614E-03 .3695E-01 .3679E-01 .4249E-01 .8638E-03 .4335E-01 .4249E-01 .1614E-03 .1028E-01
.2380E+04 .6059E-01 .3828E-01 .1410E-03 .3329E-01 .3315E-01 .3828E-01 .7733E-03 .3905E-01 .3828E-01 .1410E-03 .9259E-02
.2385E+04 .5860E-01 .2794E-01 .9273E-04 .2429E-01 .2420E-01 .2794E-01 .5533E-03 .2850E-01 .2794E-01 .9273E-04 .6757E-02
.2390E+04 .5910E-01 .3380E-01 .1195E-03 .2939E-01 .2927E-01 .3380E-01 .6756E-03 .3447E-01 .3380E-01 .1195E-03 .8149E-02
.2395E+04 .5888E-01 .3782E-01 .1368E-03 .3289E-01 .3275E-01 .3782E-01 .7587E-03 .3857E-01 .3782E-01 .1368E-03 .9108E-02
.2400E+04 .5851E-01 .4062E-01 .1482E-03 .3532E-01 .3517E-01 .4062E-01 .8120E-03 .4143E-01 .4062E-01 .1482E-03 .9719E-02
.2405E+04 .5817E-01 .2967E-01 .9991E-04 .2580E-01 .2570E-01 .2967E-01 .5819E-03 .3025E-01 .2967E-01 .9991E-04 .7068E-02
.2410E+04 .5773E-01 .2927E-01 .9586E-04 .2545E-01 .2535E-01 .2927E-01 .5682E-03 .2984E-01 .2927E-01 .9586E-04 .6928E-02
.2415E+04 .5600E-01 .2302E-01 .6827E-04 .2000E-01 .1993E-01 .2302E-01 .4362E-03 .2345E-01 .2302E-01 .6827E-04 .5405E-02
.2420E+04 .5626E-01 .2280E-01 .6895E-04 .1981E-01 .1974E-01 .2280E-01 .4316E-03 .2323E-01 .2280E-01 .6895E-04 .5327E-02
.2425E+04 .5606E-01 .2958E-01 .9411E-04 .2571E-01 .2562E-01 .2958E-01 .5565E-03 .3014E-01 .2958E-01 .9411E-04 .6782E-02
.2430E+04 .5584E-01 .4014E-01 .1367E-03 .3490E-01 .3476E-01 .4014E-01 .7587E-03 .4090E-01 .4014E-01 .1367E-03 .9110E-02
.2435E+04 .5519E-01 .1157E-01 .2822E-04 .1004E-01 .1002E-01 .1157E-01 .2042E-03 .1177E-01 .1157E-01 .2822E-04 .2592E-02
.2440E+04 .5505E-01 .3757E-01 .1245E-03 .3266E-01 .3254E-01 .3757E-01 .6864E-03 .3826E-01 .3757E-01 .1245E-03 .8229E-02
.2445E+04 .5433E-01 .1693E-01 .4453E-04 .1470E-01 .1466E-01 .1693E-01 .2917E-03 .1722E-01 .1693E-01 .4453E-04 .3634E-02
.2450E+04 .5341E-01 .1058E-01 .2403E-04 .9183E-02 .9159E-02 .1058E-01 .1769E-03 .1075E-01 .1058E-01 .2403E-04 .2251E-02
.2455E+04 .5300E-01 .1958E-01 .5391E-04 .1701E-01 .1696E-01 .1958E-01 .3345E-03 .1992E-01 .1958E-01 .5391E-04 .4121E-02
.2460E+04 .5314E-01 .2835E-01 .8154E-04 .2464E-01 .2455E-01 .2835E-01 .4831E-03 .2884E-01 .2835E-01 .8154E-04 .5891E-02
.2465E+04 .5302E-01 .1908E-01 .4730E-04 .1657E-01 .1652E-01 .1908E-01 .3134E-03 .1939E-01 .1908E-01 .4730E-04 .3913E-02
.2470E+04 .5220E-01 .1122E-01 .2200E-04 .9738E-02 .9716E-02 .1122E-01 .1767E-03 .1140E-01 .1122E-01 .2200E-04 .2281E-02
.2475E+04 .5210E-01 .1213E-01 .2437E-04 .1053E-01 .1051E-01 .1213E-01 .1903E-03 .1232E-01 .1213E-01 .2437E-04 .2446E-02
.2480E+04 .5103E-01 .4704E-02 .7599E-05 .4081E-02 .4073E-02 .4704E-02 .7089E-04 .4775E-02 .4704E-02 .7599E-05 .9352E-03
.2485E+04 .5068E-01 .3739E-02 .4708E-05 .3242E-02 .3238E-02 .3739E-02 .5423E-04 .3793E-02 .3739E-02 .4708E-05 .7334E-03
.2490E+04 .5082E-01 .1957E-02 .1763E-05 .1696E-02 .1694E-02 .1957E-02 .2739E-04 .1984E-02 .1957E-02 .1763E-05 .3803E-03
.2495E+04 .5053E-01 .1953E-02 .1852E-05 .1693E-02 .1691E-02 .1953E-02 .2732E-04 .1980E-02 .1953E-02 .1852E-05 .3779E-03
.2500E+04 .5037E-01 .3724E-02 .4377E-05 .3229E-02 .3225E-02 .3724E-02 .5335E-04 .3777E-02 .3724E-02 .4377E-05 .7256E-03
