Wvlgth Extraterrestrial_spectrm Direct_normal_irradiance Difuse_horizn_irradiance Global_horizn_irradiance Direct_horizn_irradiance Direct_tilted_irradiance Difuse_tilted_irradiance Global_tilted_irradiance Beam_normal_+circumsolar Difuse_horiz-circumsolar Upward_reflctd_radiation
.2800E+03 .7851E-01 .5990E-21 .4987E-19 .5030E-19 .4236E-21 .5990E-21 .4281E-19 .4341E-19 .5990E-21 .4987E-19 .1672E-20
.2805E+03 .1024E+00 .1437E-19 .4804E-18 .4906E-18 .1016E-19 .1437E-19 .4125E-18 .4269E-18 .1437E-19 .4804E-18 .1634E-19
.2810E+03 .1717E+00 .7438E-19 .1865E-17 .1918E-17 .5259E-19 .7438E-19 .1602E-17 .1676E-17 .7438E-19 .1865E-17 .6405E-19
.2815E+03 .2412E+00 .1742E-17 .2370E-16 .2493E-16 .1231E-17 .1742E-17 .2035E-16 .2209E-16 .1742E-17 .2370E-16 .8334E-18
.2820E+03 .2918E+00 .1219E-16 .1176E-15 .1262E-15 .8619E-17 .1219E-16 .1010E-15 .1131E-15 .1219E-16 .1176E-15 .4225E-17
.2825E+03 .3144E+00 .4278E-16 .3300E-15 .3602E-15 .3025E-16 .4278E-16 .2834E-15 .3262E-15 .4278E-16 .3300E-15 .1208E-16
.2830E+03 .3431E+00 .1707E-15 .1040E-14 .1161E-14 .1207E-15 .1707E-15 .8938E-15 .1064E-14 .1707E-15 .1040E-14 .3901E-16
.2835E+03 .3225E+00 .3052E-15 .1649E-14 .1865E-14 .2158E-15 .3052E-15 .1417E-14 .1722E-14 .3052E-15 .1649E-14 .6277E-16
.2840E+03 .3213E+00 .5633E-14 .2685E-13 .3083E-13 .3983E-14 .5633E-14 .2307E-13 .2870E-13 .5633E-14 .2685E-13 .1040E-14
.2845E+03 .2516E+00 .1746E-13 .6974E-13 .8209E-13 .1234E-13 .1746E-13 .5994E-13 .7739E-13 .1746E-13 .6974E-13 .2772E-14
.2850E+03 .1186E+00 .3554E-13 .1179E-12 .1430E-12 .2513E-13 .3554E-13 .1014E-12 .1369E-12 .3554E-13 .1179E-12 .4835E-14
.2855E+03 .1378E+00 .2300E-12 .6158E-12 .7785E-12 .1627E-12 .2300E-12 .5295E-12 .7595E-12 .2300E-12 .6158E-12 .2632E-13
.2860E+03 .3008E+00 .1022E-11 .2486E-11 .3209E-11 .7230E-12 .1022E-11 .2138E-11 .3160E-11 .1022E-11 .2486E-11 .1087E-12
.2865E+03 .3583E+00 .5066E-11 .1028E-10 .1387E-10 .3582E-11 .5066E-11 .8847E-11 .1391E-10 .5066E-11 .1028E-10 .4697E-12
.2870E+03 .3780E+00 .1543E-10 .2732E-10 .3823E-10 .1091E-10 .1543E-10 .2351E-10 .3894E-10 .1543E-10 .2732E-10 .1296E-11
.2875E+03 .3784E+00 .6113E-10 .7152E-10 .1147E-09 .4322E-10 .6113E-10 .6162E-10 .1227E-09 .6113E-10 .7152E-10 .3873E-11
.2880E+03 .2506E+00 .2303E-09 .2527E-09 .4155E-09 .1628E-09 .2303E-09 .2178E-09 .4481E-09 .2303E-09 .2527E-09 .1405E-10
.2885E+03 .3590E+00 .8435E-09 .8941E-09 .1491E-08 .5964E-09 .8435E-09 .7706E-09 .1614E-08 .8435E-09 .8941E-09 .5050E-10
.2890E+03 .4204E+00 .2565E-08 .2641E-08 .4455E-08 .1814E-08 .2565E-08 .2276E-08 .4842E-08 .2565E-08 .2641E-08 .1513E-09
.2895E+03 .4914E+00 .8617E-08 .8676E-08 .1477E-07 .6093E-08 .8617E-08 .7480E-08 .1610E-07 .8617E-08 .8676E-08 .5027E-09
.2900E+03 .6181E+00 .2555E-07 .2537E-07 .4344E-07 .1806E-07 .2555E-07 .2188E-07 .4742E-07 .2555E-07 .2537E-07 .1482E-08
.2905E+03 .6463E+00 .5517E-07 .5434E-07 .9335E-07 .3901E-07 .5517E-07 .4686E-07 .1020E-06 .5517E-07 .5434E-07 .3194E-08
.2910E+03 .6101E+00 .1240E-06 .1092E-06 .1969E-06 .8769E-07 .1240E-06 .9420E-07 .2182E-06 .1240E-06 .1092E-06 .6740E-08
.2915E+03 .6024E+00 .3658E-06 .3273E-06 .5859E-06 .2587E-06 .3658E-06 .2823E-06 .6481E-06 .3658E-06 .3273E-06 .2012E-07
.2920E+03 .5732E+00 .8518E-06 .7820E-06 .1384E-05 .6023E-06 .8518E-06 .6745E-06 .1526E-05 .8518E-06 .7820E-06 .4770E-07
.2925E+03 .4968E+00 .1232E-05 .1150E-05 .2021E-05 .8710E-06 .1232E-05 .9916E-06 .2223E-05 .1232E-05 .1150E-05 .6984E-07
.2930E+03 .5676E+00 .2684E-05 .2594E-05 .4492E-05 .1898E-05 .2684E-05 .2237E-05 .4921E-05 .2684E-05 .2594E-05 .1558E-06
.2935E+03 .5764E+00 .6563E-05 .6846E-05 .1149E-04 .4640E-05 .6563E-05 .5903E-05 .1247E-04 .6563E-05 .6846E-05 .4001E-06
.2940E+03 .5042E+00 .1050E-04 .1173E-04 .1915E-04 .7423E-05 .1050E-04 .1011E-04 .2060E-04 .1050E-04 .1173E-04 .6696E-06
.2945E+03 .5438E+00 .1781E-04 .1452E-04 .2711E-04 .1259E-04 .1781E-04 .1253E-04 .3034E-04 .1781E-04 .1452E-04 .9448E-06
.2950E+03 .5163E+00 .2974E-04 .1850E-04 .3953E-04 .2103E-04 .2974E-04 .1600E-04 .4573E-04 .2974E-04 .1850E-04 .1374E-05
.2955E+03 .5825E+00 .6728E-04 .4249E-04 .9007E-04 .4757E-04 .6728E-04 .3674E-04 .1040E-03 .6728E-04 .4249E-04 .3140E-05
.2960E+03 .6214E+00 .1165E-03 .7452E-04 .1569E-03 .8241E-04 .1165E-03 .6442E-04 .1810E-03 .1165E-03 .7452E-04 .5487E-05
.2965E+03 .4929E+00 .1462E-03 .9502E-04 .1984E-03 .1034E-03 .1462E-03 .8213E-04 .2283E-03 .1462E-03 .9502E-04 .6958E-05
.2970E+03 .4244E+00 .1807E-03 .1191E-03 .2469E-03 .1277E-03 .1807E-03 .1030E-03 .2836E-03 .1807E-03 .1191E-03 .8684E-05
.2975E+03 .5980E+00 .4218E-03 .2870E-03 .5852E-03 .2982E-03 .4218E-03 .2480E-03 .6697E-03 .4218E-03 .2870E-03 .2065E-04
.2980E+03 .5581E+00 .5931E-03 .4157E-03 .8351E-03 .4194E-03 .5931E-03 .3592E-03 .9523E-03 .5931E-03 .4157E-03 .2957E-04
.2985E+03 .3790E+00 .5470E-03 .3927E-03 .7795E-03 .3868E-03 .5470E-03 .3393E-03 .8863E-03 .5470E-03 .3927E-03 .2769E-04
.2990E+03 .5771E+00 .1107E-02 .8151E-03 .1598E-02 .7825E-03 .1107E-02 .7042E-03 .1811E-02 .1107E-02 .8151E-03 .5693E-04
.2995E+03 .5217E+00 .1563E-02 .1218E-02 .2324E-02 .1106E-02 .1563E-02 .1052E-02 .2615E-02 .1563E-02 .1218E-02 .8311E-04
.3000E+03 .4169E+00 .1624E-02 .1309E-02 .2457E-02 .1148E-02 .1624E-02 .1130E-02 .2754E-02 .1624E-02 .1309E-02 .8818E-04
.3005E+03 .4394E+00 .2153E-02 .1793E-02 .3315E-02 .1522E-02 .2153E-02 .1548E-02 .3701E-02 .2153E-02 .1793E-02 .1210E-03
.3010E+03 .4942E+00 .3376E-02 .2953E-02 .5340E-02 .2387E-02 .3376E-02 .2550E-02 .5926E-02 .3376E-02 .2953E-02 .1981E-03
.3015E+03 .5298E+00 .4752E-02 .4025E-02 .7385E-02 .3360E-02 .4752E-02 .3477E-02 .8229E-02 .4752E-02 .4025E-02 .2780E-03
.3020E+03 .3745E+00 .3843E-02 .3187E-02 .5905E-02 .2718E-02 .3843E-02 .2754E-02 .6597E-02 .3843E-02 .3187E-02 .2255E-03
.3025E+03 .5441E+00 .7044E-02 .5674E-02 .1065E-01 .4981E-02 .7044E-02 .4904E-02 .1195E-01 .7044E-02 .5674E-02 .4075E-03
.3030E+03 .6771E+00 .1163E-01 .9294E-02 .1752E-01 .8226E-02 .1163E-01 .8032E-02 .1967E-01 .1163E-01 .9294E-02 .6713E-03
.3035E+03 .6891E+00 .1395E-01 .1110E-01 .2096E-01 .9862E-02 .1395E-01 .9596E-02 .2354E-01 .1395E-01 .1110E-01 .8048E-03
.3040E+03 .5775E+00 .1270E-01 .1004E-01 .1902E-01 .8980E-02 .1270E-01 .8680E-02 .2138E-01 .1270E-01 .1004E-01 .7316E-03
.3045E+03 .6485E+00 .1720E-01 .1361E-01 .2578E-01 .1217E-01 .1720E-01 .1176E-01 .2897E-01 .1720E-01 .1361E-01 .9919E-03
.3050E+03 .6733E+00 .2276E-01 .1814E-01 .3423E-01 .1609E-01 .2276E-01 .1568E-01 .3844E-01 .2276E-01 .1814E-01 .1318E-02
.3055E+03 .6128E+00 .2404E-01 .1920E-01 .3620E-01 .1700E-01 .2404E-01 .1660E-01 .4064E-01 .2404E-01 .1920E-01 .1395E-02
.3060E+03 .5426E+00 .2267E-01 .1802E-01 .3405E-01 .1603E-01 .2267E-01 .1557E-01 .3824E-01 .2267E-01 .1802E-01 .1313E-02
.3065E+03 .5861E+00 .2688E-01 .2133E-01 .4033E-01 .1900E-01 .2688E-01 .1844E-01 .4531E-01 .2688E-01 .2133E-01 .1558E-02
.3070E+03 .6446E+00 .3548E-01 .2845E-01 .5354E-01 .2509E-01 .3548E-01 .2459E-01 .6007E-01 .3548E-01 .2845E-01 .2073E-02
.3075E+03 .6519E+00 .4235E-01 .3883E-01 .6877E-01 .2994E-01 .4235E-01 .3354E-01 .7589E-01 .4235E-01 .3883E-01 .2675E-02
.3080E+03 .6567E+00 .4427E-01 .3999E-01 .7130E-01 .3130E-01 .4427E-01 .3455E-01 .7882E-01 .4427E-01 .3999E-01 .2778E-02
.3085E+03 .6806E+00 .4975E-01 .4397E-01 .7915E-01 .3518E-01 .4975E-01 .3799E-01 .8774E-01 .4975E-01 .4397E-01 .3084E-02
.3090E+03 .5623E+00 .4384E-01 .3804E-01 .6904E-01 .3100E-01 .4384E-01 .3287E-01 .7671E-01 .4384E-01 .3804E-01 .2691E-02
.3095E+03 .5136E+00 .4743E-01 .3993E-01 .7347E-01 .3354E-01 .4743E-01 .3451E-01 .8195E-01 .4743E-01 .3993E-01 .2864E-02
.3100E+03 .4651E+00 .4653E-01 .3851E-01 .7141E-01 .3290E-01 .4653E-01 .3329E-01 .7982E-01 .4653E-01 .3851E-01 .2784E-02
.3105E+03 .7149E+00 .7477E-01 .6107E-01 .1139E+00 .5287E-01 .7477E-01 .5279E-01 .1276E+00 .7477E-01 .6107E-01 .4447E-02
.3110E+03 .8241E+00 .9193E-01 .7405E-01 .1391E+00 .6500E-01 .9193E-01 .6402E-01 .1559E+00 .9193E-01 .7405E-01 .5433E-02
.3115E+03 .7648E+00 .8822E-01 .7028E-01 .1327E+00 .6238E-01 .8822E-01 .6076E-01 .1490E+00 .8822E-01 .7028E-01 .5189E-02
.3120E+03 .6421E+00 .8366E-01 .6564E-01 .1248E+00 .5916E-01 .8366E-01 .5675E-01 .1404E+00 .8366E-01 .6564E-01 .4886E-02
.3125E+03 .6970E+00 .9842E-01 .7635E-01 .1459E+00 .6960E-01 .9842E-01 .6602E-01 .1644E+00 .9842E-01 .7635E-01 .5725E-02
.3130E+03 .7115E+00 .1052E+00 .8080E-01 .1552E+00 .7438E-01 .1052E+00 .6988E-01 .1751E+00 .1052E+00 .8080E-01 .6098E-02
.3135E+03 .7257E+00 .1048E+00 .7972E-01 .1538E+00 .7407E-01 .1048E+00 .6895E-01 .1737E+00 .1048E+00 .7972E-01 .6055E-02
.3140E+03 .7936E+00 .1252E+00 .9439E-01 .1829E+00 .8853E-01 .1252E+00 .8164E-01 .2068E+00 .1252E+00 .9439E-01 .7214E-02
.3145E+03 .5931E+00 .1045E+00 .7828E-01 .1522E+00 .7387E-01 .1045E+00 .6771E-01 .1722E+00 .1045E+00 .7828E-01 .6008E-02
.3150E+03 .7541E+00 .1365E+00 .1015E+00 .1980E+00 .9654E-01 .1365E+00 .8777E-01 .2243E+00 .1365E+00 .1015E+00 .7828E-02
.3155E+03 .6804E+00 .1186E+00 .8712E-01 .1710E+00 .8385E-01 .1186E+00 .7537E-01 .1940E+00 .1186E+00 .8712E-01 .6767E-02
.3160E+03 .5183E+00 .9853E-01 .7204E-01 .1417E+00 .6967E-01 .9853E-01 .6233E-01 .1609E+00 .9853E-01 .7204E-01 .5616E-02
.3165E+03 .6632E+00 .1356E+00 .9881E-01 .1947E+00 .9586E-01 .1356E+00 .8551E-01 .2211E+00 .1356E+00 .9881E-01 .7819E-02
.3170E+03 .8229E+00 .1693E+00 .1223E+00 .2420E+00 .1197E+00 .1693E+00 .1058E+00 .2751E+00 .1693E+00 .1223E+00 .9848E-02
.3175E+03 .8804E+00 .1794E+00 .1282E+00 .2551E+00 .1268E+00 .1794E+00 .1110E+00 .2904E+00 .1794E+00 .1282E+00 .1052E-01
.3180E+03 .6346E+00 .1360E+00 .9683E-01 .1930E+00 .9618E-01 .1360E+00 .8385E-01 .2199E+00 .1360E+00 .9683E-01 .8062E-02
.3185E+03 .6824E+00 .1593E+00 .1137E+00 .2263E+00 .1126E+00 .1593E+00 .9844E-01 .2577E+00 .1593E+00 .1137E+00 .9593E-02
.3190E+03 .7535E+00 .1839E+00 .1310E+00 .2611E+00 .1301E+00 .1839E+00 .1135E+00 .2974E+00 .1839E+00 .1310E+00 .1123E-01
.3195E+03 .6833E+00 .1585E+00 .1108E+00 .2229E+00 .1121E+00 .1585E+00 .9605E-01 .2546E+00 .1585E+00 .1108E+00 .9723E-02
.3200E+03 .8369E+00 .1937E+00 .1341E+00 .2711E+00 .1370E+00 .1937E+00 .1163E+00 .3100E+00 .1937E+00 .1341E+00 .1199E-01
.3205E+03 .9082E+00 .2281E+00 .1586E+00 .3198E+00 .1613E+00 .2281E+00 .1375E+00 .3656E+00 .2281E+00 .1586E+00 .1432E-01
.3210E+03 .7156E+00 .1924E+00 .1344E+00 .2705E+00 .1360E+00 .1924E+00 .1166E+00 .3090E+00 .1924E+00 .1344E+00 .1226E-01
.3215E+03 .6753E+00 .1842E+00 .1279E+00 .2581E+00 .1303E+00 .1842E+00 .1109E+00 .2951E+00 .1842E+00 .1279E+00 .1184E-01
.3220E+03 .8151E+00 .2099E+00 .1424E+00 .2909E+00 .1485E+00 .2099E+00 .1236E+00 .3335E+00 .2099E+00 .1424E+00 .1349E-01
.3225E+03 .7018E+00 .1826E+00 .1229E+00 .2521E+00 .1291E+00 .1826E+00 .1067E+00 .2893E+00 .1826E+00 .1229E+00 .1184E-01
.3230E+03 .6403E+00 .1752E+00 .1181E+00 .2419E+00 .1239E+00 .1752E+00 .1025E+00 .2777E+00 .1752E+00 .1181E+00 .1152E-01
.3235E+03 .6833E+00 .2016E+00 .1425E+00 .2851E+00 .1425E+00 .2016E+00 .1237E+00 .3253E+00 .2016E+00 .1425E+00 .1376E-01
.3240E+03 .7817E+00 .2345E+00 .1649E+00 .3307E+00 .1658E+00 .2345E+00 .1432E+00 .3777E+00 .2345E+00 .1649E+00 .1617E-01
.3245E+03 .8269E+00 .2438E+00 .1689E+00 .3413E+00 .1724E+00 .2438E+00 .1467E+00 .3905E+00 .2438E+00 .1689E+00 .1686E-01
.3250E+03 .7845E+00 .2223E+00 .1453E+00 .3025E+00 .1572E+00 .2223E+00 .1263E+00 .3486E+00 .2223E+00 .1453E+00 .1509E-01
.3255E+03 .9417E+00 .2774E+00 .1884E+00 .3846E+00 .1961E+00 .2774E+00 .1637E+00 .4411E+00 .2774E+00 .1884E+00 .1940E-01
.3260E+03 .1053E+01 .3262E+00 .2224E+00 .4531E+00 .2306E+00 .3262E+00 .1933E+00 .5195E+00 .3262E+00 .2224E+00 .2311E-01
.3265E+03 .9975E+00 .3198E+00 .2184E+00 .4445E+00 .2261E+00 .3198E+00 .1898E+00 .5096E+00 .3198E+00 .2184E+00 .2293E-01
.3270E+03 .1010E+01 .3230E+00 .2181E+00 .4465E+00 .2284E+00 .3230E+00 .1897E+00 .5127E+00 .3230E+00 .2181E+00 .2330E-01
.3275E+03 .9966E+00 .3168E+00 .2113E+00 .4354E+00 .2240E+00 .3168E+00 .1838E+00 .5006E+00 .3168E+00 .2113E+00 .2297E-01
.3280E+03 .9535E+00 .2927E+00 .1915E+00 .3985E+00 .2070E+00 .2927E+00 .1666E+00 .4593E+00 .2927E+00 .1915E+00 .2125E-01
.3285E+03 .9138E+00 .2963E+00 .1950E+00 .4045E+00 .2095E+00 .2963E+00 .1697E+00 .4660E+00 .2963E+00 .1950E+00 .2180E-01
.3290E+03 .1025E+01 .3450E+00 .2281E+00 .4720E+00 .2440E+00 .3450E+00 .1985E+00 .5435E+00 .3450E+00 .2281E+00 .2571E-01
.3295E+03 .1140E+01 .3893E+00 .2564E+00 .5317E+00 .2753E+00 .3893E+00 .2232E+00 .6125E+00 .3893E+00 .2564E+00 .2925E-01
.3300E+03 .1163E+01 .3971E+00 .2587E+00 .5395E+00 .2808E+00 .3971E+00 .2253E+00 .6224E+00 .3971E+00 .2587E+00 .2998E-01
.3305E+03 .9731E+00 .3267E+00 .2091E+00 .4401E+00 .2310E+00 .3267E+00 .1822E+00 .5089E+00 .3267E+00 .2091E+00 .2470E-01
.3310E+03 .1006E+01 .3366E+00 .2132E+00 .4512E+00 .2380E+00 .3366E+00 .1858E+00 .5224E+00 .3366E+00 .2132E+00 .2557E-01
.3315E+03 .9821E+00 .3371E+00 .2133E+00 .4516E+00 .2383E+00 .3371E+00 .1859E+00 .5230E+00 .3371E+00 .2133E+00 .2585E-01
.3320E+03 .1007E+01 .3561E+00 .2261E+00 .4779E+00 .2518E+00 .3561E+00 .1971E+00 .5533E+00 .3561E+00 .2261E+00 .2762E-01
.3325E+03 .9727E+00 .3495E+00 .2213E+00 .4684E+00 .2471E+00 .3495E+00 .1930E+00 .5425E+00 .3495E+00 .2213E+00 .2735E-01
.3330E+03 .9796E+00 .3520E+00 .2205E+00 .4694E+00 .2489E+00 .3520E+00 .1924E+00 .5444E+00 .3520E+00 .2205E+00 .2768E-01
.3335E+03 .9170E+00 .3257E+00 .2009E+00 .4312E+00 .2303E+00 .3257E+00 .1753E+00 .5011E+00 .3257E+00 .2009E+00 .2567E-01
.3340E+03 .9423E+00 .3356E+00 .2051E+00 .4424E+00 .2373E+00 .3356E+00 .1791E+00 .5147E+00 .3356E+00 .2051E+00 .2660E-01
.3345E+03 .1041E+01 .3802E+00 .2328E+00 .5016E+00 .2688E+00 .3802E+00 .2033E+00 .5834E+00 .3802E+00 .2328E+00 .3044E-01
.3350E+03 .9543E+00 .3540E+00 .2164E+00 .4667E+00 .2503E+00 .3540E+00 .1890E+00 .5430E+00 .3540E+00 .2164E+00 .2858E-01
.3355E+03 .1073E+01 .4022E+00 .2580E+00 .5424E+00 .2844E+00 .4022E+00 .2253E+00 .6275E+00 .4022E+00 .2580E+00 .3355E-01
.3360E+03 .7401E+00 .2790E+00 .1778E+00 .3751E+00 .1973E+00 .2790E+00 .1553E+00 .4343E+00 .2790E+00 .1778E+00 .2341E-01
.3365E+03 .9055E+00 .3402E+00 .2028E+00 .4434E+00 .2406E+00 .3402E+00 .1773E+00 .5175E+00 .3402E+00 .2028E+00 .2788E-01
.3370E+03 .7531E+00 .2825E+00 .1665E+00 .3662E+00 .1997E+00 .2825E+00 .1456E+00 .4281E+00 .2825E+00 .1665E+00 .2322E-01
.3375E+03 .9398E+00 .3534E+00 .2065E+00 .4564E+00 .2499E+00 .3534E+00 .1806E+00 .5340E+00 .3534E+00 .2065E+00 .2917E-01
.3380E+03 .8870E+00 .3400E+00 .1988E+00 .4392E+00 .2404E+00 .3400E+00 .1739E+00 .5139E+00 .3400E+00 .1988E+00 .2831E-01
.3385E+03 .9911E+00 .3837E+00 .2327E+00 .5040E+00 .2713E+00 .3837E+00 .2036E+00 .5872E+00 .3837E+00 .2327E+00 .3282E-01
.3390E+03 .9814E+00 .3827E+00 .2281E+00 .4987E+00 .2706E+00 .3827E+00 .1996E+00 .5823E+00 .3827E+00 .2281E+00 .3277E-01
.3395E+03 .9386E+00 .3678E+00 .2194E+00 .4795E+00 .2601E+00 .3678E+00 .1920E+00 .5598E+00 .3678E+00 .2194E+00 .3180E-01
.3400E+03 .1134E+01 .4439E+00 .2522E+00 .5660E+00 .3139E+00 .4439E+00 .2209E+00 .6648E+00 .4439E+00 .2522E+00 .3785E-01
.3405E+03 .1017E+01 .4005E+00 .2435E+00 .5267E+00 .2832E+00 .4005E+00 .2132E+00 .6137E+00 .4005E+00 .2435E+00 .3557E-01
.3410E+03 .9646E+00 .3843E+00 .2231E+00 .4948E+00 .2718E+00 .3843E+00 .1955E+00 .5798E+00 .3843E+00 .2231E+00 .3366E-01
.3415E+03 .8886E+00 .3567E+00 .2021E+00 .4543E+00 .2522E+00 .3567E+00 .1772E+00 .5339E+00 .3567E+00 .2021E+00 .3115E-01
.3420E+03 .1061E+01 .4281E+00 .2399E+00 .5426E+00 .3027E+00 .4281E+00 .2104E+00 .6385E+00 .4281E+00 .2399E+00 .3750E-01
.3425E+03 .9910E+00 .4024E+00 .2232E+00 .5077E+00 .2845E+00 .4024E+00 .1958E+00 .5982E+00 .4024E+00 .2232E+00 .3537E-01
.3430E+03 .1085E+01 .4420E+00 .2457E+00 .5583E+00 .3126E+00 .4420E+00 .2156E+00 .6576E+00 .4420E+00 .2457E+00 .3920E-01
.3435E+03 .1018E+01 .4161E+00 .2311E+00 .5253E+00 .2942E+00 .4161E+00 .2029E+00 .6189E+00 .4161E+00 .2311E+00 .3718E-01
.3440E+03 .7669E+00 .3129E+00 .1799E+00 .4012E+00 .2212E+00 .3129E+00 .1579E+00 .4707E+00 .3129E+00 .1799E+00 .2864E-01
.3445E+03 .7520E+00 .3098E+00 .1723E+00 .3914E+00 .2191E+00 .3098E+00 .1513E+00 .4611E+00 .3098E+00 .1723E+00 .2814E-01
.3450E+03 .9988E+00 .4153E+00 .2245E+00 .5181E+00 .2936E+00 .4153E+00 .1973E+00 .6126E+00 .4153E+00 .2245E+00 .3753E-01
.3455E+03 .1019E+01 .4263E+00 .2274E+00 .5288E+00 .3015E+00 .4263E+00 .1999E+00 .6262E+00 .4263E+00 .2274E+00 .3859E-01
.3460E+03 .8646E+00 .3639E+00 .1919E+00 .4492E+00 .2573E+00 .3639E+00 .1688E+00 .5327E+00 .3639E+00 .1919E+00 .3302E-01
.3465E+03 .9772E+00 .4135E+00 .2160E+00 .5084E+00 .2924E+00 .4135E+00 .1901E+00 .6035E+00 .4135E+00 .2160E+00 .3767E-01
.3470E+03 .1045E+01 .4436E+00 .2317E+00 .5454E+00 .3137E+00 .4436E+00 .2039E+00 .6475E+00 .4436E+00 .2317E+00 .4073E-01
.3475E+03 .8420E+00 .3591E+00 .1868E+00 .4407E+00 .2539E+00 .3591E+00 .1644E+00 .5236E+00 .3591E+00 .1868E+00 .3317E-01
.3480E+03 .9603E+00 .4120E+00 .2111E+00 .5024E+00 .2913E+00 .4120E+00 .1859E+00 .5979E+00 .4120E+00 .2111E+00 .3809E-01
.3485E+03 .9597E+00 .4136E+00 .2096E+00 .5020E+00 .2924E+00 .4136E+00 .1846E+00 .5982E+00 .4136E+00 .2096E+00 .3835E-01
.3490E+03 .8882E+00 .3848E+00 .1934E+00 .4655E+00 .2721E+00 .3848E+00 .1705E+00 .5553E+00 .3848E+00 .1934E+00 .3583E-01
.3495E+03 .8766E+00 .3817E+00 .1908E+00 .4607E+00 .2699E+00 .3817E+00 .1682E+00 .5499E+00 .3817E+00 .1908E+00 .3572E-01
.3500E+03 .1082E+01 .4732E+00 .2348E+00 .5694E+00 .3346E+00 .4732E+00 .2071E+00 .6804E+00 .4732E+00 .2348E+00 .4449E-01
.3505E+03 .1139E+01 .5002E+00 .2466E+00 .6003E+00 .3537E+00 .5002E+00 .2176E+00 .7178E+00 .5002E+00 .2466E+00 .4721E-01
.3510E+03 .1015E+01 .4472E+00 .2197E+00 .5359E+00 .3163E+00 .4472E+00 .1939E+00 .6411E+00 .4472E+00 .2197E+00 .4243E-01
.3515E+03 .9814E+00 .4337E+00 .2139E+00 .5206E+00 .3067E+00 .4337E+00 .1888E+00 .6226E+00 .4337E+00 .2139E+00 .4150E-01
.3520E+03 .1054E+01 .4684E+00 .2279E+00 .5591E+00 .3312E+00 .4684E+00 .2013E+00 .6697E+00 .4684E+00 .2279E+00 .4486E-01
.3525E+03 .8215E+00 .3670E+00 .1766E+00 .4361E+00 .2595E+00 .3670E+00 .1560E+00 .5230E+00 .3670E+00 .1766E+00 .3524E-01
.3530E+03 .1033E+01 .4636E+00 .2211E+00 .5489E+00 .3278E+00 .4636E+00 .1955E+00 .6591E+00 .4636E+00 .2211E+00 .4467E-01
.3535E+03 .1103E+01 .4968E+00 .2350E+00 .5863E+00 .3513E+00 .4968E+00 .2078E+00 .7046E+00 .4968E+00 .2350E+00 .4804E-01
.3540E+03 .1144E+01 .5168E+00 .2425E+00 .6080E+00 .3654E+00 .5168E+00 .2146E+00 .7314E+00 .5168E+00 .2425E+00 .5017E-01
.3545E+03 .1159E+01 .5256E+00 .2451E+00 .6168E+00 .3717E+00 .5256E+00 .2169E+00 .7426E+00 .5256E+00 .2451E+00 .5124E-01
.3550E+03 .1153E+01 .5251E+00 .2435E+00 .6149E+00 .3713E+00 .5251E+00 .2156E+00 .7408E+00 .5251E+00 .2435E+00 .5142E-01
.3555E+03 .1039E+01 .4758E+00 .2192E+00 .5556E+00 .3364E+00 .4758E+00 .1941E+00 .6699E+00 .4758E+00 .2192E+00 .4676E-01
.3560E+03 .1085E+01 .4992E+00 .2284E+00 .5814E+00 .3530E+00 .4992E+00 .2024E+00 .7016E+00 .4992E+00 .2284E+00 .4926E-01
.3565E+03 .9252E+00 .4273E+00 .1942E+00 .4964E+00 .3022E+00 .4273E+00 .1722E+00 .5995E+00 .4273E+00 .1942E+00 .4233E-01
.3570E+03 .7640E+00 .3540E+00 .1599E+00 .4102E+00 .2503E+00 .3540E+00 .1418E+00 .4958E+00 .3540E+00 .1599E+00 .3520E-01
.3575E+03 .9344E+00 .4345E+00 .1949E+00 .5022E+00 .3072E+00 .4345E+00 .1729E+00 .6074E+00 .4345E+00 .1949E+00 .4337E-01
.3580E+03 .7396E+00 .3452E+00 .1539E+00 .3980E+00 .2441E+00 .3452E+00 .1365E+00 .4818E+00 .3452E+00 .1539E+00 .3459E-01
.3585E+03 .6313E+00 .2958E+00 .1310E+00 .3401E+00 .2091E+00 .2958E+00 .1163E+00 .4120E+00 .2958E+00 .1310E+00 .2975E-01
.3590E+03 .8821E+00 .4147E+00 .1825E+00 .4758E+00 .2932E+00 .4147E+00 .1621E+00 .5768E+00 .4147E+00 .1825E+00 .4188E-01
.3595E+03 .1123E+01 .5294E+00 .2320E+00 .6064E+00 .3744E+00 .5294E+00 .2061E+00 .7356E+00 .5294E+00 .2320E+00 .5371E-01
.3600E+03 .1189E+01 .5626E+00 .2449E+00 .6427E+00 .3978E+00 .5626E+00 .2177E+00 .7803E+00 .5626E+00 .2449E+00 .5728E-01
.3605E+03 .9490E+00 .4508E+00 .1948E+00 .5136E+00 .3187E+00 .4508E+00 .1733E+00 .6240E+00 .4508E+00 .1948E+00 .4607E-01
.3610E+03 .8633E+00 .4117E+00 .1768E+00 .4679E+00 .2911E+00 .4117E+00 .1573E+00 .5690E+00 .4117E+00 .1768E+00 .4224E-01
.3615E+03 .9904E+00 .4747E+00 .2025E+00 .5382E+00 .3356E+00 .4747E+00 .1803E+00 .6549E+00 .4747E+00 .2025E+00 .4889E-01
.3620E+03 .8532E+00 .4109E+00 .1743E+00 .4649E+00 .2906E+00 .4109E+00 .1552E+00 .5661E+00 .4109E+00 .1743E+00 .4250E-01
.3625E+03 .1177E+01 .5694E+00 .2401E+00 .6427E+00 .4026E+00 .5694E+00 .2139E+00 .7833E+00 .5694E+00 .2401E+00 .5911E-01
.3630E+03 .1054E+01 .5121E+00 .2147E+00 .5768E+00 .3621E+00 .5121E+00 .1913E+00 .7034E+00 .5121E+00 .2147E+00 .5336E-01
.3635E+03 .9678E+00 .4723E+00 .1969E+00 .5309E+00 .3340E+00 .4723E+00 .1755E+00 .6478E+00 .4723E+00 .1969E+00 .4940E-01
.3640E+03 .1181E+01 .5785E+00 .2397E+00 .6488E+00 .4091E+00 .5785E+00 .2138E+00 .7923E+00 .5785E+00 .2397E+00 .6073E-01
.3645E+03 .1008E+01 .4954E+00 .2040E+00 .5543E+00 .3503E+00 .4954E+00 .1820E+00 .6774E+00 .4954E+00 .2040E+00 .5219E-01
.3650E+03 .1025E+01 .5054E+00 .2069E+00 .5643E+00 .3574E+00 .5054E+00 .1847E+00 .6901E+00 .5054E+00 .2069E+00 .5344E-01
.3655E+03 .1284E+01 .6354E+00 .2586E+00 .7079E+00 .4493E+00 .6354E+00 .2309E+00 .8664E+00 .6354E+00 .2586E+00 .6744E-01
.3660E+03 .1357E+01 .6744E+00 .2729E+00 .7497E+00 .4768E+00 .6744E+00 .2438E+00 .9181E+00 .6744E+00 .2729E+00 .7183E-01
.3665E+03 .1272E+01 .6346E+00 .2553E+00 .7040E+00 .4487E+00 .6346E+00 .2281E+00 .8627E+00 .6346E+00 .2553E+00 .6785E-01
.3670E+03 .1237E+01 .6190E+00 .2475E+00 .6852E+00 .4377E+00 .6190E+00 .2213E+00 .8403E+00 .6190E+00 .2475E+00 .6643E-01
.3675E+03 .1282E+01 .6433E+00 .2557E+00 .7105E+00 .4549E+00 .6433E+00 .2287E+00 .8720E+00 .6433E+00 .2557E+00 .6930E-01
.3680E+03 .1120E+01 .5637E+00 .2227E+00 .6213E+00 .3986E+00 .5637E+00 .1993E+00 .7630E+00 .5637E+00 .2227E+00 .6096E-01
.3685E+03 .1128E+01 .5699E+00 .2239E+00 .6269E+00 .4030E+00 .5699E+00 .2005E+00 .7704E+00 .5699E+00 .2239E+00 .6185E-01
.3690E+03 .1216E+01 .6167E+00 .2409E+00 .6770E+00 .4360E+00 .6167E+00 .2158E+00 .8325E+00 .6167E+00 .2409E+00 .6716E-01
.3695E+03 .1294E+01 .6587E+00 .2559E+00 .7217E+00 .4658E+00 .6587E+00 .2293E+00 .8880E+00 .6587E+00 .2559E+00 .7199E-01
.3700E+03 .1377E+01 .7037E+00 .2718E+00 .7694E+00 .4976E+00 .7037E+00 .2437E+00 .9474E+00 .7037E+00 .2718E+00 .7717E-01
.3705E+03 .1067E+01 .5471E+00 .2102E+00 .5971E+00 .3869E+00 .5471E+00 .1885E+00 .7356E+00 .5471E+00 .2102E+00 .6021E-01
.3710E+03 .1138E+01 .5857E+00 .2237E+00 .6379E+00 .4141E+00 .5857E+00 .2007E+00 .7864E+00 .5857E+00 .2237E+00 .6468E-01
.3715E+03 .1422E+01 .7341E+00 .2788E+00 .7978E+00 .5191E+00 .7341E+00 .2502E+00 .9843E+00 .7341E+00 .2788E+00 .8134E-01
.3720E+03 .9428E+00 .4881E+00 .1843E+00 .5294E+00 .3451E+00 .4881E+00 .1655E+00 .6536E+00 .4881E+00 .1843E+00 .5426E-01
.3725E+03 .1129E+01 .5863E+00 .2201E+00 .6347E+00 .4145E+00 .5863E+00 .1978E+00 .7840E+00 .5863E+00 .2201E+00 .6541E-01
.3730E+03 .1146E+01 .5973E+00 .2230E+00 .6454E+00 .4224E+00 .5973E+00 .2005E+00 .7978E+00 .5973E+00 .2230E+00 .6689E-01
.3735E+03 .7441E+00 .3893E+00 .1446E+00 .4198E+00 .2752E+00 .3893E+00 .1300E+00 .5193E+00 .3893E+00 .1446E+00 .4375E-01
.3740E+03 .1080E+01 .5666E+00 .2093E+00 .6099E+00 .4006E+00 .5666E+00 .1883E+00 .7548E+00 .5666E+00 .2093E+00 .6391E-01
.3745E+03 .8925E+00 .4700E+00 .1726E+00 .5049E+00 .3323E+00 .4700E+00 .1554E+00 .6254E+00 .4700E+00 .1726E+00 .5319E-01
.3750E+03 .8666E+00 .4576E+00 .1672E+00 .4908E+00 .3236E+00 .4576E+00 .1505E+00 .6082E+00 .4576E+00 .1672E+00 .5197E-01
.3755E+03 .1293E+01 .6845E+00 .2486E+00 .7326E+00 .4840E+00 .6845E+00 .2240E+00 .9084E+00 .6845E+00 .2486E+00 .7797E-01
.3760E+03 .1071E+01 .5684E+00 .2053E+00 .6072E+00 .4019E+00 .5684E+00 .1850E+00 .7534E+00 .5684E+00 .2053E+00 .6496E-01
.3765E+03 .1109E+01 .5901E+00 .2119E+00 .6292E+00 .4173E+00 .5901E+00 .1911E+00 .7812E+00 .5901E+00 .2119E+00 .6766E-01
.3770E+03 .1172E+01 .6258E+00 .2235E+00 .6661E+00 .4425E+00 .6258E+00 .2017E+00 .8275E+00 .6258E+00 .2235E+00 .7199E-01
.3775E+03 .1369E+01 .7334E+00 .2606E+00 .7792E+00 .5186E+00 .7334E+00 .2352E+00 .9687E+00 .7334E+00 .2606E+00 .8465E-01
.3780E+03 .1483E+01 .7966E+00 .2814E+00 .8447E+00 .5633E+00 .7966E+00 .2542E+00 .1051E+01 .7966E+00 .2814E+00 .9223E-01
.3785E+03 .1401E+01 .7544E+00 .2650E+00 .7984E+00 .5335E+00 .7544E+00 .2394E+00 .9938E+00 .7544E+00 .2650E+00 .8723E-01
.3790E+03 .1156E+01 .6239E+00 .2178E+00 .6589E+00 .4411E+00 .6239E+00 .1968E+00 .8207E+00 .6239E+00 .2178E+00 .7203E-01
.3795E+03 .1056E+01 .5710E+00 .1982E+00 .6019E+00 .4038E+00 .5710E+00 .1791E+00 .7501E+00 .5710E+00 .1982E+00 .6584E-01
.3800E+03 .1097E+01 .5947E+00 .2052E+00 .6257E+00 .4205E+00 .5947E+00 .1855E+00 .7802E+00 .5947E+00 .2052E+00 .6848E-01
.3805E+03 .1326E+01 .7214E+00 .2475E+00 .7575E+00 .5101E+00 .7214E+00 .2238E+00 .9451E+00 .7214E+00 .2475E+00 .8296E-01
.3810E+03 .1326E+01 .7238E+00 .2469E+00 .7587E+00 .5118E+00 .7238E+00 .2233E+00 .9471E+00 .7238E+00 .2469E+00 .8311E-01
.3815E+03 .1049E+01 .5744E+00 .1949E+00 .6011E+00 .4062E+00 .5744E+00 .1763E+00 .7507E+00 .5744E+00 .1949E+00 .6585E-01
.3820E+03 .9294E+00 .5108E+00 .1723E+00 .5334E+00 .3612E+00 .5108E+00 .1559E+00 .6666E+00 .5108E+00 .1723E+00 .5846E-01
.3825E+03 .7904E+00 .4359E+00 .1462E+00 .4544E+00 .3082E+00 .4359E+00 .1323E+00 .5682E+00 .4359E+00 .1462E+00 .4981E-01
.3830E+03 .7305E+00 .4041E+00 .1348E+00 .4205E+00 .2857E+00 .4041E+00 .1220E+00 .5261E+00 .4041E+00 .1348E+00 .4610E-01
.3835E+03 .7025E+00 .3897E+00 .1293E+00 .4048E+00 .2755E+00 .3897E+00 .1171E+00 .5067E+00 .3897E+00 .1293E+00 .4457E-01
.3840E+03 .7739E+00 .4304E+00 .1420E+00 .4464E+00 .3043E+00 .4304E+00 .1287E+00 .5591E+00 .4304E+00 .1420E+00 .4934E-01
.3845E+03 .1137E+01 .6340E+00 .2081E+00 .6564E+00 .4483E+00 .6340E+00 .1886E+00 .8226E+00 .6340E+00 .2081E+00 .7285E-01
.3850E+03 .1126E+01 .6296E+00 .2056E+00 .6508E+00 .4452E+00 .6296E+00 .1865E+00 .8161E+00 .6296E+00 .2056E+00 .7252E-01
.3855E+03 .1047E+01 .5873E+00 .1908E+00 .6060E+00 .4153E+00 .5873E+00 .1731E+00 .7603E+00 .5873E+00 .1908E+00 .6777E-01
.3860E+03 .8952E+00 .5038E+00 .1628E+00 .5190E+00 .3562E+00 .5038E+00 .1477E+00 .6515E+00 .5038E+00 .1628E+00 .5817E-01
.3865E+03 .1174E+01 .6627E+00 .2130E+00 .6816E+00 .4686E+00 .6627E+00 .1934E+00 .8561E+00 .6627E+00 .2130E+00 .7656E-01
.3870E+03 .9746E+00 .5516E+00 .1763E+00 .5663E+00 .3900E+00 .5516E+00 .1601E+00 .7117E+00 .5516E+00 .1763E+00 .6375E-01
.3875E+03 .1094E+01 .6205E+00 .1973E+00 .6360E+00 .4387E+00 .6205E+00 .1792E+00 .7997E+00 .6205E+00 .1973E+00 .7174E-01
.3880E+03 .1009E+01 .5738E+00 .1814E+00 .5872E+00 .4057E+00 .5738E+00 .1649E+00 .7387E+00 .5738E+00 .1814E+00 .6634E-01
.3885E+03 .9956E+00 .5680E+00 .1787E+00 .5803E+00 .4016E+00 .5680E+00 .1624E+00 .7304E+00 .5680E+00 .1787E+00 .6573E-01
.3890E+03 .1074E+01 .6140E+00 .1921E+00 .6263E+00 .4342E+00 .6140E+00 .1747E+00 .7887E+00 .6140E+00 .1921E+00 .7109E-01
.3895E+03 .1299E+01 .7447E+00 .2318E+00 .7584E+00 .5266E+00 .7447E+00 .2109E+00 .9556E+00 .7447E+00 .2318E+00 .8626E-01
.3900E+03 .1302E+01 .7485E+00 .2317E+00 .7610E+00 .5292E+00 .7485E+00 .2109E+00 .9594E+00 .7485E+00 .2317E+00 .8673E-01
.3905E+03 .1197E+01 .6898E+00 .2124E+00 .7002E+00 .4877E+00 .6898E+00 .1934E+00 .8832E+00 .6898E+00 .2124E+00 .7996E-01
.3910E+03 .1407E+01 .8131E+00 .2491E+00 .8240E+00 .5749E+00 .8131E+00 .2269E+00 .1040E+01 .8131E+00 .2491E+00 .9426E-01
.3915E+03 .1434E+01 .8305E+00 .2531E+00 .8404E+00 .5873E+00 .8305E+00 .2306E+00 .1061E+01 .8305E+00 .2531E+00 .9629E-01
.3920E+03 .1207E+01 .7005E+00 .2123E+00 .7077E+00 .4954E+00 .7005E+00 .1935E+00 .8940E+00 .7005E+00 .2123E+00 .8123E-01
.3925E+03 .1079E+01 .6280E+00 .1894E+00 .6334E+00 .4441E+00 .6280E+00 .1726E+00 .8006E+00 .6280E+00 .1894E+00 .7282E-01
.3930E+03 .5993E+00 .3499E+00 .1050E+00 .3524E+00 .2474E+00 .3499E+00 .9573E-01 .4456E+00 .3499E+00 .1050E+00 .4061E-01
.3935E+03 .4350E+00 .2546E+00 .7603E-01 .2561E+00 .1801E+00 .2546E+00 .6936E-01 .3240E+00 .2546E+00 .7603E-01 .2963E-01
.3940E+03 .8843E+00 .5189E+00 .1541E+00 .5210E+00 .3669E+00 .5189E+00 .1407E+00 .6596E+00 .5189E+00 .1541E+00 .6053E-01
.3945E+03 .1123E+01 .6605E+00 .1953E+00 .6623E+00 .4670E+00 .6605E+00 .1783E+00 .8388E+00 .6605E+00 .1953E+00 .7725E-01
.3950E+03 .1369E+01 .8070E+00 .2374E+00 .8080E+00 .5706E+00 .8070E+00 .2169E+00 .1024E+01 .8070E+00 .2374E+00 .9463E-01
.3955E+03 .1390E+01 .8209E+00 .2402E+00 .8207E+00 .5804E+00 .8209E+00 .2196E+00 .1040E+01 .8209E+00 .2402E+00 .9643E-01
.3960E+03 .1204E+01 .7126E+00 .2075E+00 .7114E+00 .5039E+00 .7126E+00 .1897E+00 .9024E+00 .7126E+00 .2075E+00 .8376E-01
.3965E+03 .7024E+00 .4171E+00 .1208E+00 .4157E+00 .2949E+00 .4171E+00 .1105E+00 .5276E+00 .4171E+00 .1208E+00 .4905E-01
.3970E+03 .5264E+00 .3134E+00 .9033E-01 .3119E+00 .2216E+00 .3134E+00 .8267E-01 .3961E+00 .3134E+00 .9033E-01 .3687E-01
.3975E+03 .1070E+01 .6382E+00 .1830E+00 .6343E+00 .4513E+00 .6382E+00 .1675E+00 .8058E+00 .6382E+00 .1830E+00 .7513E-01
.3980E+03 .1498E+01 .8950E+00 .2553E+00 .8882E+00 .6329E+00 .8950E+00 .2338E+00 .1129E+01 .8950E+00 .2553E+00 .1055E+00
.3985E+03 .1547E+01 .9262E+00 .2629E+00 .9179E+00 .6550E+00 .9262E+00 .2409E+00 .1167E+01 .9262E+00 .2629E+00 .1094E+00
.3990E+03 .1671E+01 .1004E+01 .2837E+00 .9936E+00 .7099E+00 .1004E+01 .2601E+00 .1264E+01 .1004E+01 .2837E+00 .1189E+00
.3995E+03 .1664E+01 .1002E+01 .2817E+00 .9901E+00 .7084E+00 .1002E+01 .2584E+00 .1260E+01 .1002E+01 .2817E+00 .1189E+00
.4000E+03 .1728E+01 .1042E+01 .2915E+00 .1028E+01 .7367E+00 .1042E+01 .2675E+00 .1309E+01 .1042E+01 .2915E+00 .1240E+00
.4010E+03 .1770E+01 .1072E+01 .2950E+00 .1053E+01 .7582E+00 .1072E+01 .2710E+00 .1343E+01 .1072E+01 .2950E+00 .1275E+00
.4020E+03 .1862E+01 .1134E+01 .3090E+00 .1111E+01 .8016E+00 .1134E+01 .2841E+00 .1418E+01 .1134E+01 .3090E+00 .1350E+00
.4030E+03 .1764E+01 .1079E+01 .2914E+00 .1054E+01 .7631E+00 .1079E+01 .2681E+00 .1347E+01 .1079E+01 .2914E+00 .1287E+00
.4040E+03 .1734E+01 .1065E+01 .2849E+00 .1038E+01 .7530E+00 .1065E+01 .2624E+00 .1327E+01 .1065E+01 .2849E+00 .1276E+00
.4050E+03 .1731E+01 .1067E+01 .2828E+00 .1037E+01 .7545E+00 .1067E+01 .2608E+00 .1328E+01 .1067E+01 .2828E+00 .1285E+00
.4060E+03 .1698E+01 .1052E+01 .2763E+00 .1020E+01 .7437E+00 .1052E+01 .2549E+00 .1307E+01 .1052E+01 .2763E+00 .1269E+00
.4070E+03 .1666E+01 .1037E+01 .2699E+00 .1003E+01 .7332E+00 .1037E+01 .2492E+00 .1286E+01 .1037E+01 .2699E+00 .1253E+00
.4080E+03 .1730E+01 .1080E+01 .2784E+00 .1042E+01 .7636E+00 .1080E+01 .2574E+00 .1337E+01 .1080E+01 .2784E+00 .1310E+00
.4090E+03 .1848E+01 .1158E+01 .2960E+00 .1115E+01 .8189E+00 .1158E+01 .2740E+00 .1432E+01 .1158E+01 .2960E+00 .1416E+00
.4100E+03 .1611E+01 .1014E+01 .2569E+00 .9737E+00 .7167E+00 .1014E+01 .2382E+00 .1252E+01 .1014E+01 .2569E+00 .1251E+00
.4110E+03 .1741E+01 .1100E+01 .2764E+00 .1054E+01 .7778E+00 .1100E+01 .2565E+00 .1356E+01 .1100E+01 .2764E+00 .1363E+00
.4120E+03 .1864E+01 .1183E+01 .2948E+00 .1131E+01 .8366E+00 .1183E+01 .2739E+00 .1457E+01 .1183E+01 .2948E+00 .1474E+00
.4130E+03 .1817E+01 .1156E+01 .2855E+00 .1103E+01 .8176E+00 .1156E+01 .2655E+00 .1422E+01 .1156E+01 .2855E+00 .1447E+00
.4140E+03 .1835E+01 .1173E+01 .2871E+00 .1116E+01 .8292E+00 .1173E+01 .2673E+00 .1440E+01 .1173E+01 .2871E+00 .1475E+00
.4150E+03 .1835E+01 .1178E+01 .2859E+00 .1119E+01 .8326E+00 .1178E+01 .2664E+00 .1444E+01 .1178E+01 .2859E+00 .1487E+00
.4160E+03 .1862E+01 .1200E+01 .2889E+00 .1138E+01 .8487E+00 .1200E+01 .2694E+00 .1470E+01 .1200E+01 .2889E+00 .1518E+00
.4170E+03 .1814E+01 .1173E+01 .2798E+00 .1109E+01 .8295E+00 .1173E+01 .2612E+00 .1434E+01 .1173E+01 .2798E+00 .1486E+00
.4180E+03 .1778E+01 .1154E+01 .2727E+00 .1088E+01 .8158E+00 .1154E+01 .2548E+00 .1409E+01 .1154E+01 .2727E+00 .1463E+00
.4190E+03 .1798E+01 .1171E+01 .2744E+00 .1102E+01 .8278E+00 .1171E+01 .2566E+00 .1427E+01 .1171E+01 .2744E+00 .1487E+00
.4200E+03 .1788E+01 .1168E+01 .2713E+00 .1097E+01 .8258E+00 .1168E+01 .2540E+00 .1422E+01 .1168E+01 .2713E+00 .1485E+00
.4210E+03 .1867E+01 .1224E+01 .2819E+00 .1147E+01 .8654E+00 .1224E+01 .2641E+00 .1488E+01 .1224E+01 .2819E+00 .1559E+00
.4220E+03 .1772E+01 .1165E+01 .2660E+00 .1090E+01 .8240E+00 .1165E+01 .2495E+00 .1415E+01 .1165E+01 .2660E+00 .1486E+00
.4230E+03 .1728E+01 .1140E+01 .2581E+00 .1064E+01 .8063E+00 .1140E+01 .2422E+00 .1383E+01 .1140E+01 .2581E+00 .1455E+00
.4240E+03 .1826E+01 .1208E+01 .2711E+00 .1126E+01 .8545E+00 .1208E+01 .2547E+00 .1463E+01 .1208E+01 .2711E+00 .1544E+00
.4250E+03 .1819E+01 .1208E+01 .2688E+00 .1123E+01 .8545E+00 .1208E+01 .2527E+00 .1461E+01 .1208E+01 .2688E+00 .1546E+00
.4260E+03 .1766E+01 .1178E+01 .2601E+00 .1093E+01 .8331E+00 .1178E+01 .2448E+00 .1423E+01 .1178E+01 .2601E+00 .1515E+00
.4270E+03 .1731E+01 .1158E+01 .2535E+00 .1072E+01 .8188E+00 .1158E+01 .2389E+00 .1397E+01 .1158E+01 .2535E+00 .1496E+00
.4280E+03 .1685E+01 .1130E+01 .2454E+00 .1044E+01 .7990E+00 .1130E+01 .2316E+00 .1362E+01 .1130E+01 .2454E+00 .1466E+00
.4290E+03 .1591E+01 .1072E+01 .2310E+00 .9887E+00 .7577E+00 .1072E+01 .2182E+00 .1290E+01 .1072E+01 .2310E+00 .1397E+00
.4300E+03 .1390E+01 .9390E+00 .2008E+00 .8648E+00 .6640E+00 .9390E+00 .1899E+00 .1129E+01 .9390E+00 .2008E+00 .1229E+00
.4310E+03 .1378E+01 .9327E+00 .1977E+00 .8572E+00 .6595E+00 .9327E+00 .1872E+00 .1120E+01 .9327E+00 .1977E+00 .1222E+00
.4320E+03 .1774E+01 .1206E+01 .2536E+00 .1106E+01 .8526E+00 .1206E+01 .2402E+00 .1446E+01 .1206E+01 .2536E+00 .1581E+00
.4330E+03 .1781E+01 .1214E+01 .2532E+00 .1112E+01 .8586E+00 .1214E+01 .2402E+00 .1454E+01 .1214E+01 .2532E+00 .1594E+00
.4340E+03 .1653E+01 .1129E+01 .2336E+00 .1032E+01 .7986E+00 .1129E+01 .2218E+00 .1351E+01 .1129E+01 .2336E+00 .1485E+00
.4350E+03 .1726E+01 .1182E+01 .2424E+00 .1078E+01 .8355E+00 .1182E+01 .2304E+00 .1412E+01 .1182E+01 .2424E+00 .1558E+00
.4360E+03 .1939E+01 .1333E+01 .2716E+00 .1214E+01 .9423E+00 .1333E+01 .2585E+00 .1591E+01 .1333E+01 .2716E+00 .1772E+00
.4370E+03 .1907E+01 .1316E+01 .2663E+00 .1197E+01 .9304E+00 .1316E+01 .2538E+00 .1570E+01 .1316E+01 .2663E+00 .1763E+00
.4380E+03 .1733E+01 .1200E+01 .2410E+00 .1089E+01 .8482E+00 .1200E+01 .2301E+00 .1430E+01 .1200E+01 .2410E+00 .1620E+00
.4390E+03 .1796E+01 .1243E+01 .2478E+00 .1127E+01 .8792E+00 .1243E+01 .2370E+00 .1480E+01 .1243E+01 .2478E+00 .1691E+00
.4400E+03 .1849E+01 .1284E+01 .2541E+00 .1162E+01 .9082E+00 .1284E+01 .2433E+00 .1528E+01 .1284E+01 .2541E+00 .1756E+00
.4410E+03 .1911E+01 .1333E+01 .2616E+00 .1204E+01 .9423E+00 .1333E+01 .2508E+00 .1583E+01 .1333E+01 .2616E+00 .1824E+00
.4420E+03 .2047E+01 .1431E+01 .2786E+00 .1290E+01 .1012E+01 .1431E+01 .2674E+00 .1698E+01 .1431E+01 .2786E+00 .1962E+00
.4430E+03 .1996E+01 .1395E+01 .2694E+00 .1256E+01 .9862E+00 .1395E+01 .2588E+00 .1653E+01 .1395E+01 .2694E+00 .1919E+00
.4440E+03 .2035E+01 .1428E+01 .2739E+00 .1283E+01 .1010E+01 .1428E+01 .2635E+00 .1691E+01 .1428E+01 .2739E+00 .1973E+00
.4450E+03 .1992E+01 .1399E+01 .2662E+00 .1255E+01 .9891E+00 .1399E+01 .2564E+00 .1655E+01 .1399E+01 .2662E+00 .1938E+00
.4460E+03 .1895E+01 .1336E+01 .2525E+00 .1197E+01 .9446E+00 .1336E+01 .2434E+00 .1579E+01 .1336E+01 .2525E+00 .1855E+00
.4470E+03 .2043E+01 .1446E+01 .2714E+00 .1294E+01 .1023E+01 .1446E+01 .2619E+00 .1708E+01 .1446E+01 .2714E+00 .2011E+00
.4480E+03 .2078E+01 .1472E+01 .2740E+00 .1315E+01 .1041E+01 .1472E+01 .2647E+00 .1737E+01 .1472E+01 .2740E+00 .2049E+00
.4490E+03 .2078E+01 .1479E+01 .2733E+00 .1319E+01 .1046E+01 .1479E+01 .2643E+00 .1743E+01 .1479E+01 .2733E+00 .2061E+00
.4500E+03 .2132E+01 .1522E+01 .2791E+00 .1355E+01 .1076E+01 .1522E+01 .2702E+00 .1792E+01 .1522E+01 .2791E+00 .2124E+00
.4510E+03 .2209E+01 .1580E+01 .2877E+00 .1405E+01 .1117E+01 .1580E+01 .2788E+00 .1859E+01 .1580E+01 .2877E+00 .2209E+00
.4520E+03 .2126E+01 .1524E+01 .2754E+00 .1353E+01 .1078E+01 .1524E+01 .2672E+00 .1791E+01 .1524E+01 .2754E+00 .2134E+00
.4530E+03 .1997E+01 .1435E+01 .2575E+00 .1272E+01 .1015E+01 .1435E+01 .2502E+00 .1685E+01 .1435E+01 .2575E+00 .2018E+00
.4540E+03 .2080E+01 .1499E+01 .2672E+00 .1327E+01 .1060E+01 .1499E+01 .2600E+00 .1759E+01 .1499E+01 .2672E+00 .2117E+00
.4550E+03 .2092E+01 .1511E+01 .2672E+00 .1335E+01 .1068E+01 .1511E+01 .2603E+00 .1771E+01 .1511E+01 .2672E+00 .2138E+00
.4560E+03 .2139E+01 .1548E+01 .2719E+00 .1367E+01 .1095E+01 .1548E+01 .2651E+00 .1813E+01 .1548E+01 .2719E+00 .2195E+00
.4570E+03 .2173E+01 .1576E+01 .2744E+00 .1389E+01 .1114E+01 .1576E+01 .2679E+00 .1844E+01 .1576E+01 .2744E+00 .2239E+00
.4580E+03 .2101E+01 .1525E+01 .2635E+00 .1342E+01 .1078E+01 .1525E+01 .2577E+00 .1783E+01 .1525E+01 .2635E+00 .2175E+00
.4590E+03 .2087E+01 .1519E+01 .2606E+00 .1334E+01 .1074E+01 .1519E+01 .2551E+00 .1774E+01 .1519E+01 .2606E+00 .2175E+00
.4600E+03 .2093E+01 .1525E+01 .2598E+00 .1338E+01 .1078E+01 .1525E+01 .2547E+00 .1780E+01 .1525E+01 .2598E+00 .2193E+00
.4610E+03 .2139E+01 .1562E+01 .2642E+00 .1369E+01 .1104E+01 .1562E+01 .2594E+00 .1821E+01 .1562E+01 .2642E+00 .2255E+00
.4620E+03 .2151E+01 .1575E+01 .2647E+00 .1378E+01 .1114E+01 .1575E+01 .2603E+00 .1835E+01 .1575E+01 .2647E+00 .2286E+00
.4630E+03 .2137E+01 .1566E+01 .2615E+00 .1369E+01 .1107E+01 .1566E+01 .2576E+00 .1824E+01 .1566E+01 .2615E+00 .2288E+00
.4640E+03 .2096E+01 .1541E+01 .2557E+00 .1345E+01 .1089E+01 .1541E+01 .2523E+00 .1793E+01 .1541E+01 .2557E+00 .2266E+00
.4650E+03 .2064E+01 .1522E+01 .2510E+00 .1327E+01 .1076E+01 .1522E+01 .2480E+00 .1770E+01 .1522E+01 .2510E+00 .2245E+00
.4660E+03 .2080E+01 .1538E+01 .2519E+00 .1339E+01 .1087E+01 .1538E+01 .2492E+00 .1787E+01 .1538E+01 .2519E+00 .2272E+00
.4670E+03 .2044E+01 .1512E+01 .2458E+00 .1315E+01 .1069E+01 .1512E+01 .2434E+00 .1755E+01 .1512E+01 .2458E+00 .2235E+00
.4680E+03 .2067E+01 .1532E+01 .2471E+00 .1330E+01 .1083E+01 .1532E+01 .2449E+00 .1777E+01 .1532E+01 .2471E+00 .2261E+00
.4690E+03 .2077E+01 .1542E+01 .2469E+00 .1337E+01 .1090E+01 .1542E+01 .2449E+00 .1787E+01 .1542E+01 .2469E+00 .2273E+00
.4700E+03 .2011E+01 .1494E+01 .2376E+00 .1294E+01 .1056E+01 .1494E+01 .2361E+00 .1730E+01 .1494E+01 .2376E+00 .2215E+00
.4710E+03 .2007E+01 .1494E+01 .2362E+00 .1293E+01 .1056E+01 .1494E+01 .2351E+00 .1729E+01 .1494E+01 .2362E+00 .2230E+00
.4720E+03 .2115E+01 .1576E+01 .2475E+00 .1362E+01 .1115E+01 .1576E+01 .2468E+00 .1823E+01 .1576E+01 .2475E+00 .2363E+00
.4730E+03 .2088E+01 .1558E+01 .2430E+00 .1345E+01 .1102E+01 .1558E+01 .2426E+00 .1801E+01 .1558E+01 .2430E+00 .2340E+00
.4740E+03 .2095E+01 .1564E+01 .2421E+00 .1348E+01 .1106E+01 .1564E+01 .2420E+00 .1806E+01 .1564E+01 .2421E+00 .2353E+00
.4750E+03 .2117E+01 .1581E+01 .2430E+00 .1361E+01 .1118E+01 .1581E+01 .2433E+00 .1824E+01 .1581E+01 .2430E+00 .2387E+00
.4760E+03 .2059E+01 .1538E+01 .2346E+00 .1322E+01 .1087E+01 .1538E+01 .2353E+00 .1773E+01 .1538E+01 .2346E+00 .2330E+00
.4770E+03 .2068E+01 .1545E+01 .2340E+00 .1327E+01 .1093E+01 .1545E+01 .2350E+00 .1780E+01 .1545E+01 .2340E+00 .2347E+00
.4780E+03 .2122E+01 .1589E+01 .2390E+00 .1363E+01 .1124E+01 .1589E+01 .2403E+00 .1829E+01 .1589E+01 .2390E+00 .2417E+00
.4790E+03 .2104E+01 .1579E+01 .2358E+00 .1353E+01 .1117E+01 .1579E+01 .2374E+00 .1817E+01 .1579E+01 .2358E+00 .2405E+00
.4800E+03 .2103E+01 .1582E+01 .2347E+00 .1354E+01 .1119E+01 .1582E+01 .2367E+00 .1819E+01 .1582E+01 .2347E+00 .2420E+00
.4810E+03 .2136E+01 .1612E+01 .2376E+00 .1377E+01 .1140E+01 .1612E+01 .2400E+00 .1852E+01 .1612E+01 .2376E+00 .2475E+00
.4820E+03 .2141E+01 .1620E+01 .2373E+00 .1383E+01 .1146E+01 .1620E+01 .2400E+00 .1860E+01 .1620E+01 .2373E+00 .2494E+00
.4830E+03 .2109E+01 .1601E+01 .2330E+00 .1365E+01 .1132E+01 .1601E+01 .2359E+00 .1837E+01 .1601E+01 .2330E+00 .2468E+00
.4840E+03 .2063E+01 .1569E+01 .2268E+00 .1336E+01 .1109E+01 .1569E+01 .2300E+00 .1799E+01 .1569E+01 .2268E+00 .2421E+00
.4850E+03 .1963E+01 .1495E+01 .2147E+00 .1272E+01 .1057E+01 .1495E+01 .2180E+00 .1713E+01 .1495E+01 .2147E+00 .2310E+00
.4860E+03 .1713E+01 .1307E+01 .1866E+00 .1111E+01 .9243E+00 .1307E+01 .1896E+00 .1497E+01 .1307E+01 .1866E+00 .2023E+00
.4870E+03 .1792E+01 .1371E+01 .1944E+00 .1164E+01 .9692E+00 .1371E+01 .1979E+00 .1568E+01 .1371E+01 .1944E+00 .2125E+00
.4880E+03 .1966E+01 .1505E+01 .2121E+00 .1276E+01 .1064E+01 .1505E+01 .2161E+00 .1721E+01 .1505E+01 .2121E+00 .2336E+00
.4890E+03 .1974E+01 .1512E+01 .2115E+00 .1280E+01 .1069E+01 .1512E+01 .2158E+00 .1728E+01 .1512E+01 .2115E+00 .2351E+00
.4900E+03 .2073E+01 .1591E+01 .2213E+00 .1347E+01 .1125E+01 .1591E+01 .2262E+00 .1818E+01 .1591E+01 .2213E+00 .2486E+00
.4910E+03 .2034E+01 .1565E+01 .2163E+00 .1323E+01 .1107E+01 .1565E+01 .2214E+00 .1786E+01 .1565E+01 .2163E+00 .2455E+00
.4920E+03 .1920E+01 .1479E+01 .2031E+00 .1249E+01 .1046E+01 .1479E+01 .2082E+00 .1688E+01 .1479E+01 .2031E+00 .2325E+00
.4930E+03 .1982E+01 .1529E+01 .2086E+00 .1290E+01 .1081E+01 .1529E+01 .2141E+00 .1743E+01 .1529E+01 .2086E+00 .2407E+00
.4940E+03 .2001E+01 .1545E+01 .2094E+00 .1302E+01 .1093E+01 .1545E+01 .2153E+00 .1761E+01 .1545E+01 .2094E+00 .2438E+00
.4950E+03 .2017E+01 .1560E+01 .2100E+00 .1313E+01 .1103E+01 .1560E+01 .2163E+00 .1776E+01 .1560E+01 .2100E+00 .2470E+00
.4960E+03 .2029E+01 .1570E+01 .2101E+00 .1321E+01 .1110E+01 .1570E+01 .2168E+00 .1787E+01 .1570E+01 .2101E+00 .2497E+00
.4970E+03 .2060E+01 .1597E+01 .2122E+00 .1341E+01 .1129E+01 .1597E+01 .2194E+00 .1816E+01 .1597E+01 .2122E+00 .2548E+00
.4980E+03 .1963E+01 .1523E+01 .2012E+00 .1278E+01 .1077E+01 .1523E+01 .2083E+00 .1732E+01 .1523E+01 .2012E+00 .2441E+00
.4990E+03 .1989E+01 .1545E+01 .2026E+00 .1295E+01 .1092E+01 .1545E+01 .2101E+00 .1755E+01 .1545E+01 .2026E+00 .2482E+00
.5000E+03 .1933E+01 .1502E+01 .1968E+00 .1259E+01 .1062E+01 .1502E+01 .2043E+00 .1706E+01 .1502E+01 .1968E+00 .2416E+00
.5010E+03 .1900E+01 .1476E+01 .1920E+00 .1236E+01 .1044E+01 .1476E+01 .1996E+00 .1676E+01 .1476E+01 .1920E+00 .2377E+00
.5020E+03 .1879E+01 .1457E+01 .1880E+00 .1218E+01 .1030E+01 .1457E+01 .1957E+00 .1653E+01 .1457E+01 .1880E+00 .2349E+00
.5030E+03 .1962E+01 .1518E+01 .1943E+00 .1267E+01 .1073E+01 .1518E+01 .2026E+00 .1720E+01 .1518E+01 .1943E+00 .2451E+00
.5040E+03 .1934E+01 .1473E+01 .1865E+00 .1228E+01 .1042E+01 .1473E+01 .1949E+00 .1668E+01 .1473E+01 .1865E+00 .2384E+00
.5050E+03 .1984E+01 .1536E+01 .1939E+00 .1280E+01 .1086E+01 .1536E+01 .2029E+00 .1739E+01 .1536E+01 .1939E+00 .2495E+00
.5060E+03 .2049E+01 .1584E+01 .1987E+00 .1319E+01 .1120E+01 .1584E+01 .2083E+00 .1793E+01 .1584E+01 .1987E+00 .2584E+00
.5070E+03 .1949E+01 .1508E+01 .1878E+00 .1254E+01 .1066E+01 .1508E+01 .1972E+00 .1705E+01 .1508E+01 .1878E+00 .2462E+00
.5080E+03 .1882E+01 .1462E+01 .1811E+00 .1215E+01 .1034E+01 .1462E+01 .1905E+00 .1652E+01 .1462E+01 .1811E+00 .2391E+00
.5090E+03 .1930E+01 .1504E+01 .1854E+00 .1249E+01 .1064E+01 .1504E+01 .1952E+00 .1700E+01 .1504E+01 .1854E+00 .2466E+00
.5100E+03 .1916E+01 .1498E+01 .1836E+00 .1242E+01 .1059E+01 .1498E+01 .1936E+00 .1691E+01 .1498E+01 .1836E+00 .2464E+00
.5110E+03 .1963E+01 .1540E+01 .1877E+00 .1276E+01 .1089E+01 .1540E+01 .1983E+00 .1738E+01 .1540E+01 .1877E+00 .2543E+00
.5120E+03 .1982E+01 .1558E+01 .1888E+00 .1291E+01 .1102E+01 .1558E+01 .1998E+00 .1758E+01 .1558E+01 .1888E+00 .2577E+00
.5130E+03 .1875E+01 .1477E+01 .1778E+00 .1222E+01 .1044E+01 .1477E+01 .1884E+00 .1665E+01 .1477E+01 .1778E+00 .2445E+00
.5140E+03 .1860E+01 .1467E+01 .1756E+00 .1213E+01 .1038E+01 .1467E+01 .1864E+00 .1654E+01 .1467E+01 .1756E+00 .2436E+00
.5150E+03 .1841E+01 .1454E+01 .1729E+00 .1201E+01 .1028E+01 .1454E+01 .1839E+00 .1638E+01 .1454E+01 .1729E+00 .2423E+00
.5160E+03 .1837E+01 .1452E+01 .1717E+00 .1198E+01 .1027E+01 .1452E+01 .1829E+00 .1635E+01 .1452E+01 .1717E+00 .2429E+00
.5170E+03 .1631E+01 .1291E+01 .1517E+00 .1064E+01 .9127E+00 .1291E+01 .1620E+00 .1453E+01 .1291E+01 .1517E+00 .2167E+00
.5180E+03 .1715E+01 .1358E+01 .1587E+00 .1119E+01 .9605E+00 .1358E+01 .1697E+00 .1528E+01 .1358E+01 .1587E+00 .2289E+00
.5190E+03 .1799E+01 .1426E+01 .1655E+00 .1174E+01 .1008E+01 .1426E+01 .1773E+00 .1603E+01 .1426E+01 .1655E+00 .2408E+00
.5200E+03 .1865E+01 .1479E+01 .1705E+00 .1216E+01 .1046E+01 .1479E+01 .1830E+00 .1662E+01 .1479E+01 .1705E+00 .2500E+00
.5210E+03 .1883E+01 .1494E+01 .1712E+00 .1227E+01 .1056E+01 .1494E+01 .1840E+00 .1678E+01 .1494E+01 .1712E+00 .2530E+00
.5220E+03 .1886E+01 .1497E+01 .1704E+00 .1229E+01 .1058E+01 .1497E+01 .1836E+00 .1680E+01 .1497E+01 .1704E+00 .2545E+00
.5230E+03 .1853E+01 .1472E+01 .1666E+00 .1207E+01 .1041E+01 .1472E+01 .1798E+00 .1652E+01 .1472E+01 .1666E+00 .2512E+00
.5240E+03 .1922E+01 .1526E+01 .1716E+00 .1251E+01 .1079E+01 .1526E+01 .1857E+00 .1712E+01 .1526E+01 .1716E+00 .2618E+00
.5250E+03 .1949E+01 .1546E+01 .1728E+00 .1266E+01 .1093E+01 .1546E+01 .1874E+00 .1734E+01 .1546E+01 .1728E+00 .2667E+00
.5260E+03 .1863E+01 .1479E+01 .1643E+00 .1210E+01 .1046E+01 .1479E+01 .1786E+00 .1658E+01 .1479E+01 .1643E+00 .2562E+00
.5270E+03 .1759E+01 .1395E+01 .1539E+00 .1141E+01 .9866E+00 .1395E+01 .1676E+00 .1563E+01 .1395E+01 .1539E+00 .2420E+00
.5280E+03 .1863E+01 .1478E+01 .1619E+00 .1207E+01 .1045E+01 .1478E+01 .1767E+00 .1655E+01 .1478E+01 .1619E+00 .2568E+00
.5290E+03 .1966E+01 .1559E+01 .1698E+00 .1272E+01 .1102E+01 .1559E+01 .1856E+00 .1744E+01 .1559E+01 .1698E+00 .2721E+00
.5300E+03 .1939E+01 .1538E+01 .1666E+00 .1254E+01 .1088E+01 .1538E+01 .1826E+00 .1721E+01 .1538E+01 .1666E+00 .2700E+00
.5310E+03 .1969E+01 .1563E+01 .1683E+00 .1273E+01 .1105E+01 .1563E+01 .1849E+00 .1748E+01 .1563E+01 .1683E+00 .2757E+00
.5320E+03 .1902E+01 .1511E+01 .1617E+00 .1230E+01 .1068E+01 .1511E+01 .1781E+00 .1689E+01 .1511E+01 .1617E+00 .2675E+00
.5330E+03 .1846E+01 .1468E+01 .1562E+00 .1194E+01 .1038E+01 .1468E+01 .1724E+00 .1640E+01 .1468E+01 .1562E+00 .2608E+00
.5340E+03 .1899E+01 .1512E+01 .1600E+00 .1229E+01 .1069E+01 .1512E+01 .1769E+00 .1689E+01 .1512E+01 .1600E+00 .2695E+00
.5350E+03 .1938E+01 .1545E+01 .1626E+00 .1255E+01 .1092E+01 .1545E+01 .1801E+00 .1725E+01 .1545E+01 .1626E+00 .2762E+00
.5360E+03 .1954E+01 .1559E+01 .1632E+00 .1266E+01 .1102E+01 .1559E+01 .1811E+00 .1740E+01 .1559E+01 .1632E+00 .2794E+00
.5370E+03 .1875E+01 .1498E+01 .1559E+00 .1215E+01 .1059E+01 .1498E+01 .1733E+00 .1671E+01 .1498E+01 .1559E+00 .2689E+00
.5380E+03 .1907E+01 .1525E+01 .1578E+00 .1236E+01 .1078E+01 .1525E+01 .1757E+00 .1701E+01 .1525E+01 .1578E+00 .2741E+00
.5390E+03 .1891E+01 .1514E+01 .1558E+00 .1226E+01 .1070E+01 .1514E+01 .1740E+00 .1688E+01 .1514E+01 .1558E+00 .2736E+00
.5400E+03 .1814E+01 .1451E+01 .1485E+00 .1174E+01 .1026E+01 .1451E+01 .1663E+00 .1617E+01 .1451E+01 .1485E+00 .2638E+00
.5410E+03 .1832E+01 .1460E+01 .1484E+00 .1181E+01 .1032E+01 .1460E+01 .1666E+00 .1626E+01 .1460E+01 .1484E+00 .2661E+00
.5420E+03 .1892E+01 .1507E+01 .1522E+00 .1218E+01 .1066E+01 .1507E+01 .1714E+00 .1679E+01 .1507E+01 .1522E+00 .2751E+00
.5430E+03 .1867E+01 .1495E+01 .1503E+00 .1208E+01 .1057E+01 .1495E+01 .1697E+00 .1665E+01 .1495E+01 .1503E+00 .2735E+00
.5440E+03 .1904E+01 .1520E+01 .1520E+00 .1227E+01 .1075E+01 .1520E+01 .1722E+00 .1693E+01 .1520E+01 .1520E+00 .2802E+00
.5450E+03 .1897E+01 .1517E+01 .1510E+00 .1224E+01 .1073E+01 .1517E+01 .1717E+00 .1689E+01 .1517E+01 .1510E+00 .2818E+00
.5460E+03 .1910E+01 .1522E+01 .1504E+00 .1227E+01 .1076E+01 .1522E+01 .1716E+00 .1694E+01 .1522E+01 .1504E+00 .2834E+00
.5470E+03 .1905E+01 .1523E+01 .1498E+00 .1227E+01 .1077E+01 .1523E+01 .1713E+00 .1695E+01 .1523E+01 .1498E+00 .2841E+00
.5480E+03 .1880E+01 .1507E+01 .1474E+00 .1213E+01 .1065E+01 .1507E+01 .1690E+00 .1676E+01 .1507E+01 .1474E+00 .2814E+00
.5490E+03 .1884E+01 .1513E+01 .1473E+00 .1217E+01 .1070E+01 .1513E+01 .1693E+00 .1682E+01 .1513E+01 .1473E+00 .2836E+00
.5500E+03 .1906E+01 .1533E+01 .1484E+00 .1232E+01 .1084E+01 .1533E+01 .1711E+00 .1704E+01 .1533E+01 .1484E+00 .2882E+00
.5510E+03 .1882E+01 .1516E+01 .1460E+00 .1218E+01 .1072E+01 .1516E+01 .1687E+00 .1684E+01 .1516E+01 .1460E+00 .2855E+00
.5520E+03 .1895E+01 .1528E+01 .1463E+00 .1226E+01 .1080E+01 .1528E+01 .1695E+00 .1697E+01 .1528E+01 .1463E+00 .2882E+00
.5530E+03 .1862E+01 .1501E+01 .1430E+00 .1205E+01 .1062E+01 .1501E+01 .1661E+00 .1668E+01 .1501E+01 .1430E+00 .2839E+00
.5540E+03 .1907E+01 .1538E+01 .1457E+00 .1233E+01 .1088E+01 .1538E+01 .1698E+00 .1708E+01 .1538E+01 .1457E+00 .2918E+00
.5550E+03 .1912E+01 .1542E+01 .1452E+00 .1236E+01 .1090E+01 .1542E+01 .1698E+00 .1712E+01 .1542E+01 .1452E+00 .2935E+00
.5560E+03 .1888E+01 .1523E+01 .1426E+00 .1219E+01 .1077E+01 .1523E+01 .1671E+00 .1690E+01 .1523E+01 .1426E+00 .2901E+00
.5570E+03 .1831E+01 .1477E+01 .1375E+00 .1182E+01 .1044E+01 .1477E+01 .1615E+00 .1638E+01 .1477E+01 .1375E+00 .2816E+00
.5580E+03 .1820E+01 .1467E+01 .1357E+00 .1173E+01 .1037E+01 .1467E+01 .1599E+00 .1627E+01 .1467E+01 .1357E+00 .2801E+00
.5590E+03 .1789E+01 .1441E+01 .1325E+00 .1151E+01 .1019E+01 .1441E+01 .1565E+00 .1598E+01 .1441E+01 .1325E+00 .2755E+00
.5600E+03 .1813E+01 .1461E+01 .1335E+00 .1167E+01 .1033E+01 .1461E+01 .1582E+00 .1619E+01 .1461E+01 .1335E+00 .2797E+00
.5610E+03 .1839E+01 .1482E+01 .1347E+00 .1183E+01 .1048E+01 .1482E+01 .1599E+00 .1642E+01 .1482E+01 .1347E+00 .2841E+00
.5620E+03 .1829E+01 .1474E+01 .1331E+00 .1175E+01 .1042E+01 .1474E+01 .1585E+00 .1632E+01 .1474E+01 .1331E+00 .2828E+00
.5630E+03 .1883E+01 .1516E+01 .1362E+00 .1208E+01 .1072E+01 .1516E+01 .1626E+00 .1679E+01 .1516E+01 .1362E+00 .2916E+00
.5640E+03 .1835E+01 .1477E+01 .1319E+00 .1176E+01 .1044E+01 .1477E+01 .1580E+00 .1635E+01 .1477E+01 .1319E+00 .2850E+00
.5650E+03 .1822E+01 .1466E+01 .1302E+00 .1167E+01 .1037E+01 .1466E+01 .1564E+00 .1622E+01 .1466E+01 .1302E+00 .2837E+00
.5660E+03 .1798E+01 .1446E+01 .1277E+00 .1150E+01 .1022E+01 .1446E+01 .1538E+00 .1600E+01 .1446E+01 .1277E+00 .2803E+00
.5670E+03 .1836E+01 .1475E+01 .1294E+00 .1172E+01 .1043E+01 .1475E+01 .1564E+00 .1631E+01 .1475E+01 .1294E+00 .2862E+00
.5680E+03 .1830E+01 .1462E+01 .1274E+00 .1161E+01 .1034E+01 .1462E+01 .1544E+00 .1616E+01 .1462E+01 .1274E+00 .2843E+00
.5690E+03 .1808E+01 .1423E+01 .1228E+00 .1129E+01 .1006E+01 .1423E+01 .1494E+00 .1572E+01 .1423E+01 .1228E+00 .2775E+00
.5700E+03 .1804E+01 .1428E+01 .1228E+00 .1133E+01 .1010E+01 .1428E+01 .1499E+00 .1578E+01 .1428E+01 .1228E+00 .2794E+00
.5710E+03 .1787E+01 .1426E+01 .1223E+00 .1131E+01 .1009E+01 .1426E+01 .1495E+00 .1576E+01 .1426E+01 .1223E+00 .2796E+00
.5720E+03 .1844E+01 .1460E+01 .1242E+00 .1157E+01 .1033E+01 .1460E+01 .1524E+00 .1613E+01 .1460E+01 .1242E+00 .2866E+00
.5730E+03 .1866E+01 .1479E+01 .1252E+00 .1171E+01 .1046E+01 .1479E+01 .1541E+00 .1633E+01 .1479E+01 .1252E+00 .2913E+00
.5740E+03 .1863E+01 .1477E+01 .1245E+00 .1169E+01 .1045E+01 .1477E+01 .1537E+00 .1631E+01 .1477E+01 .1245E+00 .2923E+00
.5750E+03 .1833E+01 .1452E+01 .1217E+00 .1148E+01 .1026E+01 .1452E+01 .1507E+00 .1602E+01 .1452E+01 .1217E+00 .2885E+00
.5760E+03 .1816E+01 .1440E+01 .1202E+00 .1139E+01 .1019E+01 .1440E+01 .1492E+00 .1590E+01 .1440E+01 .1202E+00 .2867E+00
.5770E+03 .1834E+01 .1457E+01 .1210E+00 .1151E+01 .1030E+01 .1457E+01 .1506E+00 .1608E+01 .1457E+01 .1210E+00 .2904E+00
.5780E+03 .1801E+01 .1437E+01 .1188E+00 .1135E+01 .1016E+01 .1437E+01 .1484E+00 .1585E+01 .1437E+01 .1188E+00 .2872E+00
.5790E+03 .1799E+01 .1441E+01 .1188E+00 .1138E+01 .1019E+01 .1441E+01 .1487E+00 .1590E+01 .1441E+01 .1188E+00 .2890E+00
.5800E+03 .1819E+01 .1464E+01 .1203E+00 .1156E+01 .1035E+01 .1464E+01 .1510E+00 .1615E+01 .1464E+01 .1203E+00 .2944E+00
.5810E+03 .1818E+01 .1469E+01 .1202E+00 .1159E+01 .1039E+01 .1469E+01 .1512E+00 .1620E+01 .1469E+01 .1202E+00 .2957E+00
.5820E+03 .1843E+01 .1494E+01 .1218E+00 .1179E+01 .1057E+01 .1494E+01 .1535E+00 .1648E+01 .1494E+01 .1218E+00 .3012E+00
.5830E+03 .1840E+01 .1497E+01 .1215E+00 .1180E+01 .1058E+01 .1497E+01 .1537E+00 .1650E+01 .1497E+01 .1215E+00 .3029E+00
.5840E+03 .1851E+01 .1508E+01 .1219E+00 .1188E+01 .1066E+01 .1508E+01 .1547E+00 .1663E+01 .1508E+01 .1219E+00 .3068E+00
.5850E+03 .1803E+01 .1470E+01 .1184E+00 .1158E+01 .1040E+01 .1470E+01 .1506E+00 .1621E+01 .1470E+01 .1184E+00 .3001E+00
.5860E+03 .1766E+01 .1438E+01 .1151E+00 .1132E+01 .1017E+01 .1438E+01 .1468E+00 .1585E+01 .1438E+01 .1151E+00 .2933E+00
.5870E+03 .1811E+01 .1465E+01 .1164E+00 .1152E+01 .1036E+01 .1465E+01 .1489E+00 .1614E+01 .1465E+01 .1164E+00 .2987E+00
.5880E+03 .1794E+01 .1416E+01 .1112E+00 .1112E+01 .1001E+01 .1416E+01 .1430E+00 .1559E+01 .1416E+01 .1112E+00 .2897E+00
.5890E+03 .1647E+01 .1239E+01 .9568E-01 .9719E+00 .8762E+00 .1239E+01 .1239E+00 .1363E+01 .1239E+01 .9568E-01 .2546E+00
.5900E+03 .1717E+01 .1297E+01 .9979E-01 .1017E+01 .9173E+00 .1297E+01 .1296E+00 .1427E+01 .1297E+01 .9979E-01 .2676E+00
.5910E+03 .1783E+01 .1379E+01 .1062E+00 .1081E+01 .9750E+00 .1379E+01 .1381E+00 .1517E+01 .1379E+01 .1062E+00 .2854E+00
.5920E+03 .1781E+01 .1361E+01 .1040E+00 .1067E+01 .9627E+00 .1361E+01 .1359E+00 .1497E+01 .1361E+01 .1040E+00 .2825E+00
.5930E+03 .1785E+01 .1389E+01 .1062E+00 .1088E+01 .9823E+00 .1389E+01 .1388E+00 .1528E+01 .1389E+01 .1062E+00 .2887E+00
.5940E+03 .1782E+01 .1379E+01 .1047E+00 .1080E+01 .9752E+00 .1379E+01 .1373E+00 .1516E+01 .1379E+01 .1047E+00 .2870E+00
.5950E+03 .1753E+01 .1341E+01 .1008E+00 .1049E+01 .9479E+00 .1341E+01 .1328E+00 .1473E+01 .1341E+01 .1008E+00 .2795E+00
.5960E+03 .1780E+01 .1408E+01 .1064E+00 .1102E+01 .9957E+00 .1408E+01 .1402E+00 .1548E+01 .1408E+01 .1064E+00 .2947E+00
.5970E+03 .1768E+01 .1393E+01 .1046E+00 .1090E+01 .9852E+00 .1393E+01 .1384E+00 .1532E+01 .1393E+01 .1046E+00 .2924E+00
.5980E+03 .1752E+01 .1394E+01 .1045E+00 .1090E+01 .9860E+00 .1394E+01 .1384E+00 .1533E+01 .1394E+01 .1045E+00 .2931E+00
.5990E+03 .1747E+01 .1400E+01 .1046E+00 .1095E+01 .9902E+00 .1400E+01 .1389E+00 .1539E+01 .1400E+01 .1046E+00 .2947E+00
.6000E+03 .1738E+01 .1409E+01 .1050E+00 .1101E+01 .9961E+00 .1409E+01 .1397E+00 .1548E+01 .1409E+01 .1050E+00 .2971E+00
.6010E+03 .1716E+01 .1402E+01 .1042E+00 .1095E+01 .9911E+00 .1402E+01 .1390E+00 .1541E+01 .1402E+01 .1042E+00 .2965E+00
.6020E+03 .1703E+01 .1393E+01 .1031E+00 .1088E+01 .9849E+00 .1393E+01 .1379E+00 .1531E+01 .1393E+01 .1031E+00 .2954E+00
.6030E+03 .1728E+01 .1417E+01 .1044E+00 .1106E+01 .1002E+01 .1417E+01 .1401E+00 .1557E+01 .1417E+01 .1044E+00 .3010E+00
.6040E+03 .1755E+01 .1440E+01 .1057E+00 .1124E+01 .1018E+01 .1440E+01 .1422E+00 .1582E+01 .1440E+01 .1057E+00 .3064E+00
.6050E+03 .1744E+01 .1434E+01 .1048E+00 .1119E+01 .1014E+01 .1434E+01 .1414E+00 .1575E+01 .1434E+01 .1048E+00 .3058E+00
.6060E+03 .1733E+01 .1429E+01 .1041E+00 .1115E+01 .1011E+01 .1429E+01 .1408E+00 .1570E+01 .1429E+01 .1041E+00 .3058E+00
.6070E+03 .1746E+01 .1445E+01 .1049E+00 .1127E+01 .1022E+01 .1445E+01 .1422E+00 .1587E+01 .1445E+01 .1049E+00 .3099E+00
.6080E+03 .1723E+01 .1429E+01 .1034E+00 .1114E+01 .1011E+01 .1429E+01 .1405E+00 .1570E+01 .1429E+01 .1034E+00 .3070E+00
.6090E+03 .1723E+01 .1432E+01 .1032E+00 .1116E+01 .1013E+01 .1432E+01 .1406E+00 .1573E+01 .1432E+01 .1032E+00 .3079E+00
.6100E+03 .1707E+01 .1421E+01 .1019E+00 .1106E+01 .1004E+01 .1421E+01 .1393E+00 .1560E+01 .1421E+01 .1019E+00 .3062E+00
.6110E+03 .1714E+01 .1429E+01 .1021E+00 .1112E+01 .1010E+01 .1429E+01 .1399E+00 .1569E+01 .1429E+01 .1021E+00 .3088E+00
.6120E+03 .1707E+01 .1424E+01 .1014E+00 .1108E+01 .1007E+01 .1424E+01 .1393E+00 .1563E+01 .1424E+01 .1014E+00 .3086E+00
.6130E+03 .1684E+01 .1406E+01 .9965E-01 .1094E+01 .9940E+00 .1406E+01 .1373E+00 .1543E+01 .1406E+01 .9965E-01 .3051E+00
.6140E+03 .1658E+01 .1386E+01 .9788E-01 .1078E+01 .9802E+00 .1386E+01 .1352E+00 .1521E+01 .1386E+01 .9788E-01 .3013E+00
.6150E+03 .1691E+01 .1417E+01 .9965E-01 .1101E+01 .1002E+01 .1417E+01 .1381E+00 .1555E+01 .1417E+01 .9965E-01 .3087E+00
.6160E+03 .1633E+01 .1370E+01 .9602E-01 .1065E+01 .9688E+00 .1370E+01 .1334E+00 .1503E+01 .1370E+01 .9602E-01 .2994E+00
.6170E+03 .1628E+01 .1367E+01 .9545E-01 .1062E+01 .9668E+00 .1367E+01 .1330E+00 .1500E+01 .1367E+01 .9545E-01 .2996E+00
.6180E+03 .1689E+01 .1419E+01 .9870E-01 .1102E+01 .1004E+01 .1419E+01 .1380E+00 .1557E+01 .1419E+01 .9870E-01 .3120E+00
.6190E+03 .1671E+01 .1405E+01 .9732E-01 .1091E+01 .9936E+00 .1405E+01 .1365E+00 .1542E+01 .1405E+01 .9732E-01 .3098E+00
.6200E+03 .1682E+01 .1414E+01 .9747E-01 .1097E+01 .9995E+00 .1414E+01 .1371E+00 .1551E+01 .1414E+01 .9747E-01 .3125E+00
.6210E+03 .1687E+01 .1414E+01 .9701E-01 .1097E+01 .9998E+00 .1414E+01 .1369E+00 .1551E+01 .1414E+01 .9701E-01 .3135E+00
.6220E+03 .1671E+01 .1388E+01 .9459E-01 .1076E+01 .9816E+00 .1388E+01 .1340E+00 .1522E+01 .1388E+01 .9459E-01 .3085E+00
.6230E+03 .1649E+01 .1359E+01 .9192E-01 .1053E+01 .9607E+00 .1359E+01 .1307E+00 .1489E+01 .1359E+01 .9192E-01 .3022E+00
.6240E+03 .1618E+01 .1340E+01 .9042E-01 .1038E+01 .9476E+00 .1340E+01 .1288E+00 .1469E+01 .1340E+01 .9042E-01 .2985E+00
.6250E+03 .1614E+01 .1346E+01 .9064E-01 .1042E+01 .9517E+00 .1346E+01 .1295E+00 .1475E+01 .1346E+01 .9064E-01 .3012E+00
.6260E+03 .1639E+01 .1368E+01 .9177E-01 .1059E+01 .9671E+00 .1368E+01 .1316E+00 .1499E+01 .1368E+01 .9177E-01 .3074E+00
.6270E+03 .1666E+01 .1382E+01 .9222E-01 .1070E+01 .9775E+00 .1382E+01 .1327E+00 .1515E+01 .1382E+01 .9222E-01 .3115E+00
.6280E+03 .1664E+01 .1320E+01 .8647E-01 .1020E+01 .9330E+00 .1320E+01 .1253E+00 .1445E+01 .1320E+01 .8647E-01 .2975E+00
.6290E+03 .1664E+01 .1361E+01 .8962E-01 .1052E+01 .9623E+00 .1361E+01 .1298E+00 .1491E+01 .1361E+01 .8962E-01 .3074E+00
.6300E+03 .1629E+01 .1337E+01 .8772E-01 .1033E+01 .9451E+00 .1337E+01 .1274E+00 .1464E+01 .1337E+01 .8772E-01 .3023E+00
.6310E+03 .1630E+01 .1361E+01 .8940E-01 .1052E+01 .9624E+00 .1361E+01 .1300E+00 .1491E+01 .1361E+01 .8940E-01 .3083E+00
.6320E+03 .1605E+01 .1339E+01 .8757E-01 .1034E+01 .9467E+00 .1339E+01 .1277E+00 .1466E+01 .1339E+01 .8757E-01 .3042E+00
.6330E+03 .1639E+01 .1381E+01 .9028E-01 .1067E+01 .9767E+00 .1381E+01 .1320E+00 .1513E+01 .1381E+01 .9028E-01 .3152E+00
.6340E+03 .1612E+01 .1368E+01 .8924E-01 .1056E+01 .9671E+00 .1368E+01 .1308E+00 .1499E+01 .1368E+01 .8924E-01 .3133E+00
.6350E+03 .1632E+01 .1387E+01 .9015E-01 .1071E+01 .9807E+00 .1387E+01 .1325E+00 .1519E+01 .1387E+01 .9015E-01 .3182E+00
.6360E+03 .1604E+01 .1367E+01 .8855E-01 .1055E+01 .9665E+00 .1367E+01 .1305E+00 .1497E+01 .1367E+01 .8855E-01 .3140E+00
.6370E+03 .1626E+01 .1387E+01 .8952E-01 .1070E+01 .9808E+00 .1387E+01 .1323E+00 .1519E+01 .1387E+01 .8952E-01 .3193E+00
.6380E+03 .1634E+01 .1400E+01 .9015E-01 .1080E+01 .9903E+00 .1400E+01 .1336E+00 .1534E+01 .1400E+01 .9015E-01 .3233E+00
.6390E+03 .1612E+01 .1385E+01 .8883E-01 .1068E+01 .9790E+00 .1385E+01 .1320E+00 .1516E+01 .1385E+01 .8883E-01 .3203E+00
.6400E+03 .1592E+01 .1371E+01 .8769E-01 .1057E+01 .9696E+00 .1371E+01 .1306E+00 .1502E+01 .1371E+01 .8769E-01 .3177E+00
.6410E+03 .1588E+01 .1370E+01 .8729E-01 .1056E+01 .9688E+00 .1370E+01 .1303E+00 .1500E+01 .1370E+01 .8729E-01 .3178E+00
.6420E+03 .1577E+01 .1364E+01 .8663E-01 .1051E+01 .9643E+00 .1364E+01 .1297E+00 .1493E+01 .1364E+01 .8663E-01 .3175E+00
.6430E+03 .1598E+01 .1380E+01 .8734E-01 .1063E+01 .9761E+00 .1380E+01 .1313E+00 .1512E+01 .1380E+01 .8734E-01 .3228E+00
.6440E+03 .1589E+01 .1376E+01 .8678E-01 .1060E+01 .9728E+00 .1376E+01 .1308E+00 .1507E+01 .1376E+01 .8678E-01 .3228E+00
.6450E+03 .1594E+01 .1376E+01 .8635E-01 .1059E+01 .9729E+00 .1376E+01 .1306E+00 .1506E+01 .1376E+01 .8635E-01 .3232E+00
.6460E+03 .1570E+01 .1336E+01 .8320E-01 .1028E+01 .9450E+00 .1336E+01 .1263E+00 .1463E+01 .1336E+01 .8320E-01 .3143E+00
.6470E+03 .1578E+01 .1311E+01 .8070E-01 .1008E+01 .9268E+00 .1311E+01 .1232E+00 .1434E+01 .1311E+01 .8070E-01 .3089E+00
.6480E+03 .1592E+01 .1307E+01 .8000E-01 .1004E+01 .9242E+00 .1307E+01 .1226E+00 .1430E+01 .1307E+01 .8000E-01 .3089E+00
.6490E+03 .1561E+01 .1284E+01 .7830E-01 .9861E+00 .9078E+00 .1284E+01 .1204E+00 .1404E+01 .1284E+01 .7830E-01 .3040E+00
.6500E+03 .1530E+01 .1303E+01 .7987E-01 .1001E+01 .9211E+00 .1303E+01 .1227E+00 .1425E+01 .1303E+01 .7987E-01 .3090E+00
.6510E+03 .1587E+01 .1361E+01 .8328E-01 .1046E+01 .9627E+00 .1361E+01 .1282E+00 .1490E+01 .1361E+01 .8328E-01 .3233E+00
.6520E+03 .1569E+01 .1285E+01 .7737E-01 .9860E+00 .9086E+00 .1285E+01 .1200E+00 .1405E+01 .1285E+01 .7737E-01 .3058E+00
.6530E+03 .1567E+01 .1342E+01 .8146E-01 .1031E+01 .9491E+00 .1342E+01 .1262E+00 .1468E+01 .1342E+01 .8146E-01 .3203E+00
.6540E+03 .1544E+01 .1328E+01 .8037E-01 .1020E+01 .9392E+00 .1328E+01 .1248E+00 .1453E+01 .1328E+01 .8037E-01 .3176E+00
.6550E+03 .1510E+01 .1271E+01 .7619E-01 .9749E+00 .8987E+00 .1271E+01 .1189E+00 .1390E+01 .1271E+01 .7619E-01 .3043E+00
.6560E+03 .1322E+01 .1129E+01 .6763E-01 .8659E+00 .7983E+00 .1129E+01 .1057E+00 .1235E+01 .1129E+01 .6763E-01 .2707E+00
.6570E+03 .1357E+01 .1158E+01 .6909E-01 .8876E+00 .8185E+00 .1158E+01 .1084E+00 .1266E+01 .1158E+01 .6909E-01 .2787E+00
.6580E+03 .1510E+01 .1301E+01 .7759E-01 .9973E+00 .9197E+00 .1301E+01 .1220E+00 .1423E+01 .1301E+01 .7759E-01 .3145E+00
.6590E+03 .1514E+01 .1309E+01 .7785E-01 .1004E+01 .9258E+00 .1309E+01 .1228E+00 .1432E+01 .1309E+01 .7785E-01 .3173E+00
.6600E+03 .1518E+01 .1309E+01 .7747E-01 .1003E+01 .9257E+00 .1309E+01 .1225E+00 .1432E+01 .1309E+01 .7747E-01 .3177E+00
.6610E+03 .1528E+01 .1311E+01 .7716E-01 .1004E+01 .9272E+00 .1311E+01 .1224E+00 .1434E+01 .1311E+01 .7716E-01 .3186E+00
.6620E+03 .1538E+01 .1309E+01 .7655E-01 .1002E+01 .9254E+00 .1309E+01 .1220E+00 .1431E+01 .1309E+01 .7655E-01 .3193E+00
.6630E+03 .1505E+01 .1288E+01 .7520E-01 .9858E+00 .9106E+00 .1288E+01 .1202E+00 .1408E+01 .1288E+01 .7520E-01 .3155E+00
.6640E+03 .1513E+01 .1312E+01 .7664E-01 .1005E+01 .9279E+00 .1312E+01 .1227E+00 .1435E+01 .1312E+01 .7664E-01 .3222E+00
.6650E+03 .1507E+01 .1318E+01 .7689E-01 .1009E+01 .9321E+00 .1318E+01 .1233E+00 .1441E+01 .1318E+01 .7689E-01 .3241E+00
.6660E+03 .1505E+01 .1325E+01 .7713E-01 .1014E+01 .9368E+00 .1325E+01 .1240E+00 .1449E+01 .1325E+01 .7713E-01 .3263E+00
.6670E+03 .1500E+01 .1327E+01 .7709E-01 .1015E+01 .9383E+00 .1327E+01 .1242E+00 .1451E+01 .1327E+01 .7709E-01 .3277E+00
.6680E+03 .1497E+01 .1329E+01 .7703E-01 .1017E+01 .9400E+00 .1329E+01 .1245E+00 .1454E+01 .1329E+01 .7703E-01 .3291E+00
.6690E+03 .1518E+01 .1350E+01 .7799E-01 .1033E+01 .9548E+00 .1350E+01 .1263E+00 .1477E+01 .1350E+01 .7799E-01 .3348E+00
.6700E+03 .1510E+01 .1345E+01 .7743E-01 .1029E+01 .9512E+00 .1345E+01 .1258E+00 .1471E+01 .1345E+01 .7743E-01 .3340E+00
.6710E+03 .1508E+01 .1345E+01 .7716E-01 .1028E+01 .9510E+00 .1345E+01 .1257E+00 .1471E+01 .1345E+01 .7716E-01 .3348E+00
.6720E+03 .1494E+01 .1334E+01 .7630E-01 .1019E+01 .9430E+00 .1334E+01 .1248E+00 .1458E+01 .1334E+01 .7630E-01 .3338E+00
.6730E+03 .1515E+01 .1354E+01 .7725E-01 .1035E+01 .9573E+00 .1354E+01 .1269E+00 .1481E+01 .1354E+01 .7725E-01 .3408E+00
.6740E+03 .1508E+01 .1349E+01 .7669E-01 .1030E+01 .9538E+00 .1349E+01 .1263E+00 .1475E+01 .1349E+01 .7669E-01 .3399E+00
.6750E+03 .1493E+01 .1337E+01 .7573E-01 .1021E+01 .9451E+00 .1337E+01 .1250E+00 .1462E+01 .1337E+01 .7573E-01 .3372E+00
.6760E+03 .1502E+01 .1346E+01 .7598E-01 .1028E+01 .9515E+00 .1346E+01 .1258E+00 .1471E+01 .1346E+01 .7598E-01 .3403E+00
.6770E+03 .1486E+01 .1332E+01 .7498E-01 .1017E+01 .9419E+00 .1332E+01 .1246E+00 .1457E+01 .1332E+01 .7498E-01 .3382E+00
.6780E+03 .1489E+01 .1335E+01 .7493E-01 .1019E+01 .9442E+00 .1335E+01 .1249E+00 .1460E+01 .1335E+01 .7493E-01 .3404E+00
.6790E+03 .1464E+01 .1314E+01 .7347E-01 .1002E+01 .9290E+00 .1314E+01 .1229E+00 .1437E+01 .1314E+01 .7347E-01 .3358E+00
.6800E+03 .1475E+01 .1325E+01 .7382E-01 .1010E+01 .9366E+00 .1325E+01 .1239E+00 .1448E+01 .1325E+01 .7382E-01 .3394E+00
.6810E+03 .1465E+01 .1316E+01 .7310E-01 .1004E+01 .9306E+00 .1316E+01 .1230E+00 .1439E+01 .1316E+01 .7310E-01 .3381E+00
.6820E+03 .1463E+01 .1315E+01 .7278E-01 .1003E+01 .9298E+00 .1315E+01 .1229E+00 .1438E+01 .1315E+01 .7278E-01 .3386E+00
.6830E+03 .1460E+01 .1313E+01 .7239E-01 .1001E+01 .9281E+00 .1313E+01 .1226E+00 .1435E+01 .1313E+01 .7239E-01 .3387E+00
.6840E+03 .1453E+01 .1306E+01 .7174E-01 .9952E+00 .9234E+00 .1306E+01 .1218E+00 .1428E+01 .1306E+01 .7174E-01 .3374E+00
.6850E+03 .1464E+01 .1318E+01 .7215E-01 .1004E+01 .9319E+00 .1318E+01 .1228E+00 .1441E+01 .1318E+01 .7215E-01 .3408E+00
.6860E+03 .1457E+01 .1310E+01 .7147E-01 .9980E+00 .9265E+00 .1310E+01 .1221E+00 .1432E+01 .1310E+01 .7147E-01 .3398E+00
.6870E+03 .1475E+01 .1017E+01 .5100E-01 .7699E+00 .7189E+00 .1017E+01 .9024E-01 .1107E+01 .1017E+01 .5100E-01 .2638E+00
.6880E+03 .1458E+01 .1120E+01 .5789E-01 .8502E+00 .7923E+00 .1120E+01 .1015E+00 .1222E+01 .1120E+01 .5789E-01 .2921E+00
.6890E+03 .1455E+01 .1122E+01 .5780E-01 .8511E+00 .7933E+00 .1122E+01 .1015E+00 .1223E+01 .1122E+01 .5780E-01 .2928E+00
.6900E+03 .1445E+01 .1153E+01 .5979E-01 .8750E+00 .8152E+00 .1153E+01 .1049E+00 .1258E+01 .1153E+01 .5979E-01 .3013E+00
.6910E+03 .1434E+01 .1184E+01 .6184E-01 .8990E+00 .8372E+00 .1184E+01 .1084E+00 .1292E+01 .1184E+01 .6184E-01 .3106E+00
.6920E+03 .1421E+01 .1194E+01 .6249E-01 .9065E+00 .8440E+00 .1194E+01 .1097E+00 .1303E+01 .1194E+01 .6249E-01 .3145E+00
.6930E+03 .1423E+01 .1147E+01 .5923E-01 .8702E+00 .8110E+00 .1147E+01 .1048E+00 .1252E+01 .1147E+01 .5923E-01 .3029E+00
.6940E+03 .1427E+01 .1119E+01 .5739E-01 .8489E+00 .7915E+00 .1119E+01 .1019E+00 .1221E+01 .1119E+01 .5739E-01 .2959E+00
.6950E+03 .1427E+01 .1174E+01 .6074E-01 .8909E+00 .8301E+00 .1174E+01 .1076E+00 .1282E+01 .1174E+01 .6074E-01 .3108E+00
.6960E+03 .1439E+01 .1176E+01 .6061E-01 .8919E+00 .8312E+00 .1176E+01 .1078E+00 .1283E+01 .1176E+01 .6061E-01 .3123E+00
.6970E+03 .1433E+01 .1263E+01 .6601E-01 .9593E+00 .8933E+00 .1263E+01 .1170E+00 .1380E+01 .1263E+01 .6601E-01 .3371E+00
.6980E+03 .1413E+01 .1242E+01 .6467E-01 .9432E+00 .8786E+00 .1242E+01 .1151E+00 .1358E+01 .1242E+01 .6467E-01 .3325E+00
.6990E+03 .1432E+01 .1201E+01 .6160E-01 .9111E+00 .8495E+00 .1201E+01 .1104E+00 .1312E+01 .1201E+01 .6160E-01 .3216E+00
.7000E+03 .1414E+01 .1184E+01 .6044E-01 .8978E+00 .8373E+00 .1184E+01 .1086E+00 .1293E+01 .1184E+01 .6044E-01 .3174E+00
.7010E+03 .1411E+01 .1167E+01 .5908E-01 .8840E+00 .8249E+00 .1167E+01 .1068E+00 .1273E+01 .1167E+01 .5908E-01 .3137E+00
.7020E+03 .1403E+01 .1181E+01 .5994E-01 .8952E+00 .8353E+00 .1181E+01 .1085E+00 .1290E+01 .1181E+01 .5994E-01 .3189E+00
.7030E+03 .1409E+01 .1183E+01 .5985E-01 .8963E+00 .8364E+00 .1183E+01 .1087E+00 .1292E+01 .1183E+01 .5985E-01 .3201E+00
.7040E+03 .1423E+01 .1228E+01 .6234E-01 .9309E+00 .8685E+00 .1228E+01 .1132E+00 .1341E+01 .1228E+01 .6234E-01 .3328E+00
.7050E+03 .1425E+01 .1225E+01 .6185E-01 .9283E+00 .8664E+00 .1225E+01 .1127E+00 .1338E+01 .1225E+01 .6185E-01 .3323E+00
.7060E+03 .1411E+01 .1230E+01 .6211E-01 .9320E+00 .8699E+00 .1230E+01 .1133E+00 .1344E+01 .1230E+01 .6211E-01 .3345E+00
.7070E+03 .1408E+01 .1231E+01 .6199E-01 .9324E+00 .8704E+00 .1231E+01 .1134E+00 .1344E+01 .1231E+01 .6199E-01 .3355E+00
.7080E+03 .1411E+01 .1234E+01 .6192E-01 .9347E+00 .8728E+00 .1234E+01 .1137E+00 .1348E+01 .1234E+01 .6192E-01 .3369E+00
.7090E+03 .1397E+01 .1243E+01 .6247E-01 .9416E+00 .8791E+00 .1243E+01 .1147E+00 .1358E+01 .1243E+01 .6247E-01 .3398E+00
.7100E+03 .1404E+01 .1239E+01 .6189E-01 .9382E+00 .8763E+00 .1239E+01 .1141E+00 .1353E+01 .1239E+01 .6189E-01 .3392E+00
.7110E+03 .1397E+01 .1240E+01 .6190E-01 .9391E+00 .8772E+00 .1240E+01 .1146E+00 .1355E+01 .1240E+01 .6190E-01 .3417E+00
.7120E+03 .1386E+01 .1240E+01 .6184E-01 .9384E+00 .8766E+00 .1240E+01 .1149E+00 .1355E+01 .1240E+01 .6184E-01 .3437E+00
.7130E+03 .1378E+01 .1225E+01 .6076E-01 .9268E+00 .8660E+00 .1225E+01 .1133E+00 .1338E+01 .1225E+01 .6076E-01 .3401E+00
.7140E+03 .1383E+01 .1230E+01 .6081E-01 .9304E+00 .8696E+00 .1230E+01 .1136E+00 .1343E+01 .1230E+01 .6081E-01 .3414E+00
.7150E+03 .1357E+01 .1183E+01 .5793E-01 .8943E+00 .8363E+00 .1183E+01 .1088E+00 .1292E+01 .1183E+01 .5793E-01 .3285E+00
.7160E+03 .1364E+01 .1179E+01 .5747E-01 .8913E+00 .8339E+00 .1179E+01 .1084E+00 .1288E+01 .1179E+01 .5747E-01 .3287E+00
.7170E+03 .1383E+01 .9689E+00 .4467E-01 .7298E+00 .6851E+00 .9689E+00 .8649E-01 .1055E+01 .9689E+00 .4467E-01 .2705E+00
.7180E+03 .1361E+01 .8771E+00 .3971E-01 .6599E+00 .6202E+00 .8771E+00 .7765E-01 .9548E+00 .8771E+00 .3971E-01 .2454E+00
.7190E+03 .1336E+01 .8193E+00 .3688E-01 .6162E+00 .5793E+00 .8193E+00 .7242E-01 .8917E+00 .8193E+00 .3688E-01 .2298E+00
.7200E+03 .1362E+01 .8524E+00 .3812E-01 .6409E+00 .6028E+00 .8524E+00 .7521E-01 .9276E+00 .8524E+00 .3812E-01 .2395E+00
.7210E+03 .1347E+01 .9738E+00 .4494E-01 .7335E+00 .6886E+00 .9738E+00 .8761E-01 .1061E+01 .9738E+00 .4494E-01 .2746E+00
.7220E+03 .1346E+01 .1137E+01 .5400E-01 .8577E+00 .8037E+00 .1137E+01 .1042E+00 .1241E+01 .1137E+01 .5400E-01 .3216E+00
.7230E+03 .1358E+01 .1044E+01 .4848E-01 .7865E+00 .7380E+00 .1044E+01 .9454E-01 .1138E+01 .1044E+01 .4848E-01 .2955E+00
.7240E+03 .1347E+01 .9267E+00 .4194E-01 .6972E+00 .6553E+00 .9267E+00 .8282E-01 .1010E+01 .9267E+00 .4194E-01 .2624E+00
.7250E+03 .1338E+01 .8938E+00 .3989E-01 .6719E+00 .6320E+00 .8938E+00 .7934E-01 .9731E+00 .8938E+00 .3989E-01 .2533E+00
.7260E+03 .1340E+01 .9369E+00 .4201E-01 .7045E+00 .6625E+00 .9369E+00 .8349E-01 .1020E+01 .9369E+00 .4201E-01 .2658E+00
.7270E+03 .1349E+01 .9687E+00 .4372E-01 .7287E+00 .6850E+00 .9687E+00 .8674E-01 .1055E+01 .9687E+00 .4372E-01 .2752E+00
.7280E+03 .1325E+01 .8961E+00 .3973E-01 .6733E+00 .6336E+00 .8961E+00 .7954E-01 .9756E+00 .8961E+00 .3973E-01 .2547E+00
.7290E+03 .1298E+01 .9459E+00 .4258E-01 .7114E+00 .6688E+00 .9459E+00 .8478E-01 .1031E+01 .9459E+00 .4258E-01 .2693E+00
.7300E+03 .1330E+01 .9917E+00 .4440E-01 .7456E+00 .7012E+00 .9917E+00 .8874E-01 .1080E+01 .9917E+00 .4440E-01 .2827E+00
.7310E+03 .1320E+01 .9426E+00 .4182E-01 .7084E+00 .6666E+00 .9426E+00 .8407E-01 .1027E+01 .9426E+00 .4182E-01 .2693E+00
.7320E+03 .1323E+01 .1031E+01 .4654E-01 .7756E+00 .7290E+00 .1031E+01 .9301E-01 .1124E+01 .1031E+01 .4654E-01 .2954E+00
.7330E+03 .1319E+01 .1110E+01 .5077E-01 .8355E+00 .7847E+00 .1110E+01 .1010E+00 .1211E+01 .1110E+01 .5077E-01 .3185E+00
.7340E+03 .1333E+01 .1142E+01 .5230E-01 .8596E+00 .8073E+00 .1142E+01 .1041E+00 .1246E+01 .1142E+01 .5230E-01 .3281E+00
.7350E+03 .1314E+01 .1114E+01 .5071E-01 .8384E+00 .7877E+00 .1114E+01 .1014E+00 .1215E+01 .1114E+01 .5071E-01 .3206E+00
.7360E+03 .1308E+01 .1113E+01 .5051E-01 .8377E+00 .7872E+00 .1113E+01 .1013E+00 .1215E+01 .1113E+01 .5051E-01 .3211E+00
.7370E+03 .1318E+01 .1117E+01 .5051E-01 .8404E+00 .7898E+00 .1117E+01 .1016E+00 .1219E+01 .1117E+01 .5051E-01 .3228E+00
.7380E+03 .1296E+01 .1145E+01 .5216E-01 .8617E+00 .8096E+00 .1145E+01 .1047E+00 .1250E+01 .1145E+01 .5216E-01 .3314E+00
.7390E+03 .1274E+01 .1122E+01 .5093E-01 .8444E+00 .7934E+00 .1122E+01 .1025E+00 .1225E+01 .1122E+01 .5093E-01 .3251E+00
.7400E+03 .1293E+01 .1158E+01 .5261E-01 .8713E+00 .8187E+00 .1158E+01 .1060E+00 .1264E+01 .1158E+01 .5261E-01 .3359E+00
.7410E+03 .1272E+01 .1150E+01 .5221E-01 .8654E+00 .8132E+00 .1150E+01 .1054E+00 .1255E+01 .1150E+01 .5221E-01 .3340E+00
.7420E+03 .1266E+01 .1155E+01 .5240E-01 .8692E+00 .8168E+00 .1155E+01 .1059E+00 .1261E+01 .1155E+01 .5240E-01 .3358E+00
.7430E+03 .1296E+01 .1186E+01 .5365E-01 .8924E+00 .8387E+00 .1186E+01 .1087E+00 .1295E+01 .1186E+01 .5365E-01 .3448E+00
.7440E+03 .1288E+01 .1185E+01 .5352E-01 .8918E+00 .8383E+00 .1185E+01 .1085E+00 .1294E+01 .1185E+01 .5352E-01 .3446E+00
.7450E+03 .1285E+01 .1188E+01 .5352E-01 .8936E+00 .8401E+00 .1188E+01 .1088E+00 .1297E+01 .1188E+01 .5352E-01 .3458E+00
.7460E+03 .1291E+01 .1194E+01 .5361E-01 .8977E+00 .8441E+00 .1194E+01 .1093E+00 .1303E+01 .1194E+01 .5361E-01 .3482E+00
.7470E+03 .1293E+01 .1197E+01 .5361E-01 .9001E+00 .8465E+00 .1197E+01 .1096E+00 .1307E+01 .1197E+01 .5361E-01 .3497E+00
.7480E+03 .1290E+01 .1195E+01 .5334E-01 .8985E+00 .8451E+00 .1195E+01 .1093E+00 .1304E+01 .1195E+01 .5334E-01 .3491E+00
.7490E+03 .1275E+01 .1182E+01 .5257E-01 .8883E+00 .8358E+00 .1182E+01 .1080E+00 .1290E+01 .1182E+01 .5257E-01 .3452E+00
.7500E+03 .1274E+01 .1181E+01 .5239E-01 .8878E+00 .8354E+00 .1181E+01 .1079E+00 .1289E+01 .1181E+01 .5239E-01 .3456E+00
.7510E+03 .1261E+01 .1170E+01 .5172E-01 .8788E+00 .8271E+00 .1170E+01 .1068E+00 .1276E+01 .1170E+01 .5172E-01 .3429E+00
.7520E+03 .1266E+01 .1175E+01 .5180E-01 .8826E+00 .8308E+00 .1175E+01 .1073E+00 .1282E+01 .1175E+01 .5180E-01 .3450E+00
.7530E+03 .1272E+01 .1181E+01 .5191E-01 .8872E+00 .8353E+00 .1181E+01 .1077E+00 .1289E+01 .1181E+01 .5191E-01 .3467E+00
.7540E+03 .1275E+01 .1184E+01 .5185E-01 .8891E+00 .8372E+00 .1184E+01 .1079E+00 .1292E+01 .1184E+01 .5185E-01 .3475E+00
.7550E+03 .1268E+01 .1177E+01 .5140E-01 .8840E+00 .8326E+00 .1177E+01 .1072E+00 .1285E+01 .1177E+01 .5140E-01 .3462E+00
.7560E+03 .1267E+01 .1178E+01 .5127E-01 .8839E+00 .8326E+00 .1178E+01 .1073E+00 .1285E+01 .1178E+01 .5127E-01 .3470E+00
.7570E+03 .1269E+01 .1180E+01 .5120E-01 .8853E+00 .8341E+00 .1180E+01 .1074E+00 .1287E+01 .1180E+01 .5120E-01 .3482E+00
.7580E+03 .1254E+01 .1165E+01 .5042E-01 .8745E+00 .8241E+00 .1165E+01 .1061E+00 .1272E+01 .1165E+01 .5042E-01 .3444E+00
.7590E+03 .1250E+01 .1150E+01 .4943E-01 .8626E+00 .8132E+00 .1150E+01 .1044E+00 .1254E+01 .1150E+01 .4943E-01 .3401E+00
.7600E+03 .1250E+01 .3693E+00 .1131E-01 .2724E+00 .2611E+00 .3693E+00 .2830E-01 .3976E+00 .3693E+00 .1131E-01 .1081E+00
.7610E+03 .1246E+01 .2448E+00 .6668E-02 .1798E+00 .1731E+00 .2448E+00 .1782E-01 .2626E+00 .2448E+00 .6668E-02 .7150E-01
.7620E+03 .1224E+01 .7477E+00 .2809E-01 .5568E+00 .5287E+00 .7477E+00 .6345E-01 .8111E+00 .7477E+00 .2809E-01 .2208E+00
.7630E+03 .1247E+01 .4836E+00 .1585E-01 .3578E+00 .3419E+00 .4836E+00 .3837E-01 .5219E+00 .4836E+00 .1585E-01 .1422E+00
.7640E+03 .1240E+01 .6264E+00 .2209E-01 .4650E+00 .4429E+00 .6264E+00 .5154E-01 .6779E+00 .6264E+00 .2209E-01 .1846E+00
.7650E+03 .1227E+01 .7484E+00 .2782E-01 .5570E+00 .5292E+00 .7484E+00 .6331E-01 .8117E+00 .7484E+00 .2782E-01 .2211E+00
.7660E+03 .1177E+01 .8392E+00 .3260E-01 .6260E+00 .5934E+00 .8392E+00 .7270E-01 .9119E+00 .8392E+00 .3260E-01 .2485E+00
.7670E+03 .1217E+01 .9845E+00 .3960E-01 .7357E+00 .6961E+00 .9845E+00 .8697E-01 .1071E+01 .9845E+00 .3960E-01 .2922E+00
.7680E+03 .1222E+01 .1080E+01 .4449E-01 .8080E+00 .7635E+00 .1080E+01 .9674E-01 .1177E+01 .1080E+01 .4449E-01 .3212E+00
.7690E+03 .1210E+01 .1090E+01 .4505E-01 .8160E+00 .7709E+00 .1090E+01 .9796E-01 .1188E+01 .1090E+01 .4505E-01 .3248E+00
.7700E+03 .1210E+01 .1114E+01 .4619E-01 .8337E+00 .7875E+00 .1114E+01 .1004E+00 .1214E+01 .1114E+01 .4619E-01 .3325E+00
.7710E+03 .1202E+01 .1117E+01 .4631E-01 .8361E+00 .7898E+00 .1117E+01 .1009E+00 .1218E+01 .1117E+01 .4631E-01 .3341E+00
.7720E+03 .1199E+01 .1118E+01 .4623E-01 .8365E+00 .7902E+00 .1118E+01 .1009E+00 .1218E+01 .1118E+01 .4623E-01 .3346E+00
.7730E+03 .1206E+01 .1125E+01 .4639E-01 .8419E+00 .7955E+00 .1125E+01 .1015E+00 .1227E+01 .1125E+01 .4639E-01 .3368E+00
.7740E+03 .1199E+01 .1119E+01 .4601E-01 .8375E+00 .7915E+00 .1119E+01 .1009E+00 .1220E+01 .1119E+01 .4601E-01 .3351E+00
.7750E+03 .1189E+01 .1111E+01 .4552E-01 .8309E+00 .7854E+00 .1111E+01 .1001E+00 .1211E+01 .1111E+01 .4552E-01 .3332E+00
.7760E+03 .1203E+01 .1124E+01 .4595E-01 .8409E+00 .7950E+00 .1124E+01 .1014E+00 .1226E+01 .1124E+01 .4595E-01 .3380E+00
.7770E+03 .1187E+01 .1110E+01 .4520E-01 .8298E+00 .7846E+00 .1110E+01 .9998E-01 .1210E+01 .1110E+01 .4520E-01 .3340E+00
.7780E+03 .1180E+01 .1103E+01 .4477E-01 .8247E+00 .7799E+00 .1103E+01 .9926E-01 .1202E+01 .1103E+01 .4477E-01 .3319E+00
.7790E+03 .1181E+01 .1104E+01 .4467E-01 .8253E+00 .7807E+00 .1104E+01 .9924E-01 .1203E+01 .1104E+01 .4467E-01 .3322E+00
.7800E+03 .1174E+01 .1098E+01 .4429E-01 .8207E+00 .7764E+00 .1098E+01 .9866E-01 .1197E+01 .1098E+01 .4429E-01 .3307E+00
.7810E+03 .1175E+01 .1099E+01 .4420E-01 .8215E+00 .7772E+00 .1099E+01 .9873E-01 .1198E+01 .1099E+01 .4420E-01 .3314E+00
.7820E+03 .1182E+01 .1106E+01 .4435E-01 .8265E+00 .7821E+00 .1106E+01 .9930E-01 .1205E+01 .1106E+01 .4435E-01 .3338E+00
.7830E+03 .1161E+01 .1087E+01 .4345E-01 .8120E+00 .7685E+00 .1087E+01 .9754E-01 .1184E+01 .1087E+01 .4345E-01 .3283E+00
.7840E+03 .1166E+01 .1092E+01 .4354E-01 .8158E+00 .7722E+00 .1092E+01 .9797E-01 .1190E+01 .1092E+01 .4354E-01 .3302E+00
.7850E+03 .1159E+01 .1083E+01 .4300E-01 .8086E+00 .7656E+00 .1083E+01 .9706E-01 .1180E+01 .1083E+01 .4300E-01 .3277E+00
.7860E+03 .1173E+01 .1094E+01 .4328E-01 .8166E+00 .7733E+00 .1094E+01 .9798E-01 .1192E+01 .1094E+01 .4328E-01 .3314E+00
.7870E+03 .1168E+01 .1068E+01 .4187E-01 .7968E+00 .7550E+00 .1068E+01 .9531E-01 .1163E+01 .1068E+01 .4187E-01 .3238E+00
.7880E+03 .1162E+01 .1051E+01 .4097E-01 .7841E+00 .7431E+00 .1051E+01 .9362E-01 .1145E+01 .1051E+01 .4097E-01 .3189E+00
.7890E+03 .1168E+01 .1047E+01 .4060E-01 .7808E+00 .7402E+00 .1047E+01 .9311E-01 .1140E+01 .1047E+01 .4060E-01 .3180E+00
.7900E+03 .1166E+01 .1013E+01 .3889E-01 .7553E+00 .7164E+00 .1013E+01 .8973E-01 .1103E+01 .1013E+01 .3889E-01 .3080E+00
.7910E+03 .1150E+01 .1028E+01 .3963E-01 .7667E+00 .7270E+00 .1028E+01 .9138E-01 .1120E+01 .1028E+01 .3963E-01 .3129E+00
.7920E+03 .1139E+01 .1023E+01 .3935E-01 .7624E+00 .7230E+00 .1023E+01 .9087E-01 .1113E+01 .1023E+01 .3935E-01 .3113E+00
.7930E+03 .1124E+01 .1005E+01 .3851E-01 .7492E+00 .7107E+00 .1005E+01 .8917E-01 .1094E+01 .1005E+01 .3851E-01 .3059E+00
.7940E+03 .1111E+01 .1034E+01 .3992E-01 .7714E+00 .7314E+00 .1034E+01 .9219E-01 .1127E+01 .1034E+01 .3992E-01 .3150E+00
.7950E+03 .1137E+01 .1049E+01 .4025E-01 .7818E+00 .7415E+00 .1049E+01 .9330E-01 .1142E+01 .1049E+01 .4025E-01 .3197E+00
.7960E+03 .1141E+01 .1003E+01 .3789E-01 .7470E+00 .7091E+00 .1003E+01 .8861E-01 .1091E+01 .1003E+01 .3789E-01 .3059E+00
.7970E+03 .1140E+01 .1003E+01 .3777E-01 .7471E+00 .7093E+00 .1003E+01 .8861E-01 .1092E+01 .1003E+01 .3777E-01 .3066E+00
.7980E+03 .1139E+01 .1045E+01 .3970E-01 .7787E+00 .7390E+00 .1045E+01 .9291E-01 .1138E+01 .1045E+01 .3970E-01 .3202E+00
.7990E+03 .1140E+01 .1036E+01 .3914E-01 .7717E+00 .7325E+00 .1036E+01 .9198E-01 .1128E+01 .1036E+01 .3914E-01 .3178E+00
.8000E+03 .1130E+01 .1014E+01 .3806E-01 .7550E+00 .7169E+00 .1014E+01 .8977E-01 .1104E+01 .1014E+01 .3806E-01 .3110E+00
.8010E+03 .1133E+01 .1009E+01 .3769E-01 .7514E+00 .7137E+00 .1009E+01 .8919E-01 .1099E+01 .1009E+01 .3769E-01 .3096E+00
.8020E+03 .1128E+01 .1007E+01 .3747E-01 .7492E+00 .7117E+00 .1007E+01 .8888E-01 .1095E+01 .1007E+01 .3747E-01 .3089E+00
.8030E+03 .1123E+01 .9972E+00 .3695E-01 .7420E+00 .7051E+00 .9972E+00 .8795E-01 .1085E+01 .9972E+00 .3695E-01 .3063E+00
.8040E+03 .1121E+01 .1000E+01 .3701E-01 .7443E+00 .7073E+00 .1000E+01 .8825E-01 .1089E+01 .1000E+01 .3701E-01 .3075E+00
.8050E+03 .1107E+01 .1001E+01 .3708E-01 .7451E+00 .7081E+00 .1001E+01 .8849E-01 .1090E+01 .1001E+01 .3708E-01 .3082E+00
.8060E+03 .1122E+01 .1035E+01 .3842E-01 .7702E+00 .7318E+00 .1035E+01 .9168E-01 .1127E+01 .1035E+01 .3842E-01 .3189E+00
.8070E+03 .1113E+01 .1021E+01 .3776E-01 .7601E+00 .7223E+00 .1021E+01 .9039E-01 .1112E+01 .1021E+01 .3776E-01 .3150E+00
.8080E+03 .1111E+01 .1024E+01 .3775E-01 .7615E+00 .7238E+00 .1024E+01 .9058E-01 .1114E+01 .1024E+01 .3775E-01 .3160E+00
.8090E+03 .1102E+01 .1000E+01 .3662E-01 .7439E+00 .7072E+00 .1000E+01 .8829E-01 .1088E+01 .1000E+01 .3662E-01 .3090E+00
.8100E+03 .1105E+01 .9842E+00 .3575E-01 .7317E+00 .6959E+00 .9842E+00 .8663E-01 .1071E+01 .9842E+00 .3575E-01 .3044E+00
.8110E+03 .1116E+01 .9827E+00 .3545E-01 .7303E+00 .6949E+00 .9827E+00 .8630E-01 .1069E+01 .9827E+00 .3545E-01 .3042E+00
.8120E+03 .1117E+01 .9441E+00 .3360E-01 .7012E+00 .6676E+00 .9441E+00 .8248E-01 .1027E+01 .9441E+00 .3360E-01 .2927E+00
.8130E+03 .1119E+01 .9205E+00 .3252E-01 .6834E+00 .6509E+00 .9205E+00 .8027E-01 .1001E+01 .9205E+00 .3252E-01 .2859E+00
.8140E+03 .1112E+01 .7830E+00 .2670E-01 .5804E+00 .5537E+00 .7830E+00 .6718E-01 .8502E+00 .7830E+00 .2670E-01 .2433E+00
.8150E+03 .1106E+01 .7819E+00 .2664E-01 .5795E+00 .5529E+00 .7819E+00 .6709E-01 .8490E+00 .7819E+00 .2664E-01 .2430E+00
.8160E+03 .1104E+01 .7283E+00 .2445E-01 .5394E+00 .5150E+00 .7283E+00 .6208E-01 .7903E+00 .7283E+00 .2445E-01 .2262E+00
.8170E+03 .1100E+01 .7501E+00 .2528E-01 .5557E+00 .5304E+00 .7501E+00 .6412E-01 .8142E+00 .7501E+00 .2528E-01 .2332E+00
.8180E+03 .1078E+01 .7184E+00 .2396E-01 .5320E+00 .5080E+00 .7184E+00 .6117E-01 .7796E+00 .7184E+00 .2396E-01 .2235E+00
.8190E+03 .1072E+01 .8278E+00 .2842E-01 .6138E+00 .5854E+00 .8278E+00 .7158E-01 .8994E+00 .8278E+00 .2842E-01 .2580E+00
.8200E+03 .1065E+01 .7711E+00 .2605E-01 .5713E+00 .5453E+00 .7711E+00 .6623E-01 .8374E+00 .7711E+00 .2605E-01 .2406E+00
.8210E+03 .1064E+01 .9212E+00 .3222E-01 .6836E+00 .6514E+00 .9212E+00 .8060E-01 .1002E+01 .9212E+00 .3222E-01 .2880E+00
.8220E+03 .1066E+01 .8893E+00 .3077E-01 .6596E+00 .6288E+00 .8893E+00 .7748E-01 .9668E+00 .8893E+00 .3077E-01 .2782E+00
.8230E+03 .1077E+01 .5768E+00 .1831E-01 .4262E+00 .4079E+00 .5768E+00 .4825E-01 .6250E+00 .5768E+00 .1831E-01 .1803E+00
.8240E+03 .1074E+01 .8474E+00 .2872E-01 .6279E+00 .5992E+00 .8474E+00 .7324E-01 .9206E+00 .8474E+00 .2872E-01 .2655E+00
.8250E+03 .1071E+01 .9056E+00 .3123E-01 .6716E+00 .6404E+00 .9056E+00 .7904E-01 .9847E+00 .9056E+00 .3123E-01 .2842E+00
.8260E+03 .1079E+01 .8640E+00 .2939E-01 .6404E+00 .6110E+00 .8640E+00 .7497E-01 .9390E+00 .8640E+00 .2939E-01 .2713E+00
.8270E+03 .1077E+01 .9177E+00 .3147E-01 .6804E+00 .6489E+00 .9177E+00 .8005E-01 .9977E+00 .9177E+00 .3147E-01 .2884E+00
.8280E+03 .1071E+01 .7555E+00 .2482E-01 .5590E+00 .5342E+00 .7555E+00 .6460E-01 .8201E+00 .7555E+00 .2482E-01 .2375E+00
.8290E+03 .1064E+01 .8588E+00 .2899E-01 .6362E+00 .6072E+00 .8588E+00 .7449E-01 .9333E+00 .8588E+00 .2899E-01 .2703E+00
.8300E+03 .1061E+01 .8386E+00 .2807E-01 .6210E+00 .5930E+00 .8386E+00 .7247E-01 .9111E+00 .8386E+00 .2807E-01 .2638E+00
.8310E+03 .1055E+01 .8422E+00 .2815E-01 .6237E+00 .5955E+00 .8422E+00 .7277E-01 .9150E+00 .8422E+00 .2815E-01 .2649E+00
.8320E+03 .1058E+01 .8099E+00 .2679E-01 .5995E+00 .5727E+00 .8099E+00 .6976E-01 .8797E+00 .8099E+00 .2679E-01 .2553E+00
.8330E+03 .1025E+01 .8785E+00 .2961E-01 .6508E+00 .6212E+00 .8785E+00 .7650E-01 .9550E+00 .8785E+00 .2961E-01 .2777E+00
.8340E+03 .1030E+01 .8362E+00 .2779E-01 .6190E+00 .5913E+00 .8362E+00 .7242E-01 .9086E+00 .8362E+00 .2779E-01 .2646E+00
.8350E+03 .1046E+01 .9420E+00 .3199E-01 .6981E+00 .6661E+00 .9420E+00 .8254E-01 .1025E+01 .9420E+00 .3199E-01 .2986E+00
.8360E+03 .1051E+01 .8841E+00 .2942E-01 .6546E+00 .6252E+00 .8841E+00 .7679E-01 .9609E+00 .8841E+00 .2942E-01 .2804E+00
.8370E+03 .1046E+01 .9455E+00 .3194E-01 .7005E+00 .6685E+00 .9455E+00 .8282E-01 .1028E+01 .9455E+00 .3194E-01 .3002E+00
.8380E+03 .1030E+01 .9081E+00 .3035E-01 .6724E+00 .6421E+00 .9081E+00 .7922E-01 .9873E+00 .9081E+00 .3035E-01 .2885E+00
.8390E+03 .1027E+01 .9329E+00 .3137E-01 .6910E+00 .6597E+00 .9329E+00 .8172E-01 .1015E+01 .9329E+00 .3137E-01 .2968E+00
.8400E+03 .1044E+01 .9555E+00 .3210E-01 .7077E+00 .6756E+00 .9555E+00 .8376E-01 .1039E+01 .9555E+00 .3210E-01 .3042E+00
.8410E+03 .1038E+01 .9386E+00 .3134E-01 .6950E+00 .6637E+00 .9386E+00 .8212E-01 .1021E+01 .9386E+00 .3134E-01 .2991E+00
.8420E+03 .1029E+01 .9460E+00 .3166E-01 .7006E+00 .6690E+00 .9460E+00 .8296E-01 .1029E+01 .9460E+00 .3166E-01 .3018E+00
.8430E+03 .1017E+01 .9509E+00 .3189E-01 .7043E+00 .6724E+00 .9509E+00 .8357E-01 .1034E+01 .9509E+00 .3189E-01 .3037E+00
.8440E+03 .1010E+01 .9341E+00 .3114E-01 .6917E+00 .6605E+00 .9341E+00 .8196E-01 .1016E+01 .9341E+00 .3114E-01 .2986E+00
.8450E+03 .1034E+01 .9707E+00 .3241E-01 .7188E+00 .6864E+00 .9707E+00 .8532E-01 .1056E+01 .9707E+00 .3241E-01 .3106E+00
.8460E+03 .1028E+01 .9675E+00 .3224E-01 .7163E+00 .6841E+00 .9675E+00 .8504E-01 .1052E+01 .9675E+00 .3224E-01 .3099E+00
.8470E+03 .1005E+01 .9513E+00 .3166E-01 .7043E+00 .6726E+00 .9513E+00 .8361E-01 .1035E+01 .9513E+00 .3166E-01 .3050E+00
.8480E+03 .1004E+01 .9431E+00 .3123E-01 .6981E+00 .6669E+00 .9431E+00 .8273E-01 .1026E+01 .9431E+00 .3123E-01 .3027E+00
.8490E+03 .9755E+00 .9165E+00 .3026E-01 .6783E+00 .6480E+00 .9165E+00 .8033E-01 .9968E+00 .9165E+00 .3026E-01 .2944E+00
.8500E+03 .9336E+00 .8786E+00 .2894E-01 .6502E+00 .6212E+00 .8786E+00 .7697E-01 .9555E+00 .8786E+00 .2894E-01 .2825E+00
.8510E+03 .9946E+00 .9279E+00 .3040E-01 .6866E+00 .6562E+00 .9279E+00 .8112E-01 .1009E+01 .9279E+00 .3040E-01 .2986E+00
.8520E+03 .9850E+00 .9224E+00 .3016E-01 .6824E+00 .6522E+00 .9224E+00 .8056E-01 .1003E+01 .9224E+00 .3016E-01 .2967E+00
.8530E+03 .9433E+00 .8905E+00 .2909E-01 .6587E+00 .6297E+00 .8905E+00 .7774E-01 .9682E+00 .8905E+00 .2909E-01 .2865E+00
.8540E+03 .8184E+00 .7668E+00 .2493E-01 .5671E+00 .5422E+00 .7668E+00 .6681E-01 .8336E+00 .7668E+00 .2493E-01 .2468E+00
.8550E+03 .8936E+00 .8454E+00 .2749E-01 .6253E+00 .5978E+00 .8454E+00 .7372E-01 .9191E+00 .8454E+00 .2749E-01 .2724E+00
.8560E+03 .9789E+00 .9224E+00 .2988E-01 .6821E+00 .6522E+00 .9224E+00 .8034E-01 .1003E+01 .9224E+00 .2988E-01 .2976E+00
.8570E+03 .9971E+00 .9450E+00 .3060E-01 .6988E+00 .6682E+00 .9450E+00 .8239E-01 .1027E+01 .9450E+00 .3060E-01 .3056E+00
.8580E+03 .9912E+00 .9373E+00 .3025E-01 .6930E+00 .6627E+00 .9373E+00 .8169E-01 .1019E+01 .9373E+00 .3025E-01 .3037E+00
.8590E+03 .9901E+00 .9388E+00 .3024E-01 .6941E+00 .6639E+00 .9388E+00 .8177E-01 .1021E+01 .9388E+00 .3024E-01 .3043E+00
.8600E+03 .9903E+00 .9416E+00 .3027E-01 .6961E+00 .6658E+00 .9416E+00 .8193E-01 .1024E+01 .9416E+00 .3027E-01 .3052E+00
.8610E+03 .9853E+00 .9361E+00 .3001E-01 .6919E+00 .6619E+00 .9361E+00 .8137E-01 .1017E+01 .9361E+00 .3001E-01 .3036E+00
.8620E+03 .1000E+01 .9514E+00 .3044E-01 .7032E+00 .6727E+00 .9514E+00 .8272E-01 .1034E+01 .9514E+00 .3044E-01 .3092E+00
.8630E+03 .1024E+01 .9739E+00 .3108E-01 .7197E+00 .6886E+00 .9739E+00 .8468E-01 .1059E+01 .9739E+00 .3108E-01 .3171E+00
.8640E+03 .9722E+00 .9251E+00 .2945E-01 .6836E+00 .6541E+00 .9251E+00 .8039E-01 .1005E+01 .9251E+00 .2945E-01 .3015E+00
.8650E+03 .9633E+00 .9172E+00 .2913E-01 .6777E+00 .6486E+00 .9172E+00 .7966E-01 .9969E+00 .9172E+00 .2913E-01 .2992E+00
.8660E+03 .8662E+00 .8248E+00 .2613E-01 .6093E+00 .5832E+00 .8248E+00 .7159E-01 .8964E+00 .8248E+00 .2613E-01 .2693E+00
.8670E+03 .9038E+00 .8608E+00 .2720E-01 .6359E+00 .6087E+00 .8608E+00 .7466E-01 .9355E+00 .8608E+00 .2720E-01 .2813E+00
.8680E+03 .9833E+00 .9367E+00 .2952E-01 .6919E+00 .6624E+00 .9367E+00 .8120E-01 .1018E+01 .9367E+00 .2952E-01 .3064E+00
.8690E+03 .9627E+00 .9174E+00 .2884E-01 .6775E+00 .6487E+00 .9174E+00 .7947E-01 .9968E+00 .9174E+00 .2884E-01 .3003E+00
.8700E+03 .9901E+00 .9436E+00 .2959E-01 .6968E+00 .6672E+00 .9436E+00 .8169E-01 .1025E+01 .9436E+00 .2959E-01 .3092E+00
.8710E+03 .9766E+00 .9307E+00 .2911E-01 .6872E+00 .6581E+00 .9307E+00 .8053E-01 .1011E+01 .9307E+00 .2911E-01 .3053E+00
.8720E+03 .9729E+00 .9276E+00 .2894E-01 .6848E+00 .6559E+00 .9276E+00 .8022E-01 .1008E+01 .9276E+00 .2894E-01 .3046E+00
.8730E+03 .9709E+00 .9258E+00 .2881E-01 .6835E+00 .6547E+00 .9258E+00 .8002E-01 .1006E+01 .9258E+00 .2881E-01 .3043E+00
.8740E+03 .9593E+00 .9149E+00 .2839E-01 .6753E+00 .6469E+00 .9149E+00 .7897E-01 .9939E+00 .9149E+00 .2839E-01 .3007E+00
.8750E+03 .9401E+00 .8962E+00 .2773E-01 .6615E+00 .6337E+00 .8962E+00 .7725E-01 .9735E+00 .8962E+00 .2773E-01 .2945E+00
.8760E+03 .9502E+00 .9054E+00 .2793E-01 .6681E+00 .6402E+00 .9054E+00 .7796E-01 .9833E+00 .9054E+00 .2793E-01 .2976E+00
.8770E+03 .9594E+00 .9149E+00 .2816E-01 .6751E+00 .6470E+00 .9149E+00 .7875E-01 .9937E+00 .9149E+00 .2816E-01 .3011E+00
.8780E+03 .9708E+00 .9242E+00 .2836E-01 .6819E+00 .6535E+00 .9242E+00 .7948E-01 .1004E+01 .9242E+00 .2836E-01 .3044E+00
.8790E+03 .9556E+00 .9102E+00 .2786E-01 .6715E+00 .6436E+00 .9102E+00 .7823E-01 .9885E+00 .9102E+00 .2786E-01 .3001E+00
.8800E+03 .9350E+00 .8911E+00 .2721E-01 .6573E+00 .6301E+00 .8911E+00 .7654E-01 .9676E+00 .8911E+00 .2721E-01 .2940E+00
.8810E+03 .9237E+00 .8761E+00 .2664E-01 .6461E+00 .6195E+00 .8761E+00 .7518E-01 .9513E+00 .8761E+00 .2664E-01 .2895E+00
.8820E+03 .9442E+00 .8951E+00 .2715E-01 .6601E+00 .6329E+00 .8951E+00 .7681E-01 .9719E+00 .8951E+00 .2715E-01 .2963E+00
.8830E+03 .9454E+00 .8984E+00 .2721E-01 .6624E+00 .6352E+00 .8984E+00 .7712E-01 .9755E+00 .8984E+00 .2721E-01 .2980E+00
.8840E+03 .9416E+00 .8946E+00 .2701E-01 .6596E+00 .6326E+00 .8946E+00 .7669E-01 .9713E+00 .8946E+00 .2701E-01 .2967E+00
.8850E+03 .9486E+00 .9015E+00 .2715E-01 .6646E+00 .6374E+00 .9015E+00 .7719E-01 .9787E+00 .9015E+00 .2715E-01 .2989E+00
.8860E+03 .9132E+00 .8548E+00 .2556E-01 .6300E+00 .6044E+00 .8548E+00 .7301E-01 .9278E+00 .8548E+00 .2556E-01 .2837E+00
.8870E+03 .9164E+00 .8671E+00 .2595E-01 .6391E+00 .6132E+00 .8671E+00 .7418E-01 .9413E+00 .8671E+00 .2595E-01 .2884E+00
.8880E+03 .9363E+00 .8767E+00 .2611E-01 .6460E+00 .6199E+00 .8767E+00 .7490E-01 .9516E+00 .8767E+00 .2611E-01 .2920E+00
.8890E+03 .9366E+00 .8921E+00 .2661E-01 .6574E+00 .6308E+00 .8921E+00 .7628E-01 .9683E+00 .8921E+00 .2661E-01 .2972E+00
.8900E+03 .9393E+00 .8791E+00 .2602E-01 .6477E+00 .6216E+00 .8791E+00 .7491E-01 .9540E+00 .8791E+00 .2602E-01 .2928E+00
.8910E+03 .9322E+00 .8791E+00 .2601E-01 .6477E+00 .6217E+00 .8791E+00 .7496E-01 .9541E+00 .8791E+00 .2601E-01 .2932E+00
.8920E+03 .9173E+00 .8493E+00 .2494E-01 .6255E+00 .6006E+00 .8493E+00 .7225E-01 .9216E+00 .8493E+00 .2494E-01 .2838E+00
.8930E+03 .9118E+00 .8170E+00 .2377E-01 .6015E+00 .5777E+00 .8170E+00 .6928E-01 .8863E+00 .8170E+00 .2377E-01 .2733E+00
.8940E+03 .9140E+00 .7730E+00 .2209E-01 .5687E+00 .5466E+00 .7730E+00 .6503E-01 .8381E+00 .7730E+00 .2209E-01 .2585E+00
.8950E+03 .9104E+00 .7153E+00 .1999E-01 .5258E+00 .5058E+00 .7153E+00 .5960E-01 .7749E+00 .7153E+00 .1999E-01 .2391E+00
.8960E+03 .9238E+00 .6640E+00 .1825E-01 .4878E+00 .4695E+00 .6640E+00 .5495E-01 .7190E+00 .6640E+00 .1825E-01 .2221E+00
.8970E+03 .9099E+00 .5544E+00 .1471E-01 .4067E+00 .3920E+00 .5544E+00 .4523E-01 .5996E+00 .5544E+00 .1471E-01 .1855E+00
.8980E+03 .9137E+00 .6233E+00 .1684E-01 .4575E+00 .4407E+00 .6233E+00 .5128E-01 .6745E+00 .6233E+00 .1684E-01 .2088E+00
.8990E+03 .9110E+00 .4716E+00 .1218E-01 .3457E+00 .3335E+00 .4716E+00 .3811E-01 .5097E+00 .4716E+00 .1218E-01 .1581E+00
.9000E+03 .8902E+00 .6563E+00 .1800E-01 .4821E+00 .4641E+00 .6563E+00 .5441E-01 .7108E+00 .6563E+00 .1800E-01 .2204E+00
.9010E+03 .8596E+00 .4750E+00 .1217E-01 .3480E+00 .3359E+00 .4750E+00 .3831E-01 .5133E+00 .4750E+00 .1217E-01 .1596E+00
.9020E+03 .8684E+00 .5957E+00 .1602E-01 .4373E+00 .4212E+00 .5957E+00 .4908E-01 .6448E+00 .5957E+00 .1602E-01 .2007E+00
.9030E+03 .9014E+00 .5998E+00 .1594E-01 .4400E+00 .4241E+00 .5998E+00 .4921E-01 .6490E+00 .5998E+00 .1594E-01 .2023E+00
.9040E+03 .9104E+00 .7724E+00 .2152E-01 .5677E+00 .5462E+00 .7724E+00 .6466E-01 .8370E+00 .7724E+00 .2152E-01 .2607E+00
.9050E+03 .9078E+00 .7404E+00 .2040E-01 .5439E+00 .5235E+00 .7404E+00 .6169E-01 .8021E+00 .7404E+00 .2040E-01 .2498E+00
.9060E+03 .8868E+00 .6904E+00 .1884E-01 .5070E+00 .4882E+00 .6904E+00 .5734E-01 .7477E+00 .6904E+00 .1884E-01 .2333E+00
.9070E+03 .8940E+00 .5492E+00 .1426E-01 .4026E+00 .3883E+00 .5492E+00 .4474E-01 .5939E+00 .5492E+00 .1426E-01 .1858E+00
.9080E+03 .8783E+00 .5548E+00 .1443E-01 .4067E+00 .3923E+00 .5548E+00 .4526E-01 .6000E+00 .5548E+00 .1443E-01 .1879E+00
.9090E+03 .8604E+00 .6068E+00 .1608E-01 .4452E+00 .4291E+00 .6068E+00 .4988E-01 .6567E+00 .6068E+00 .1608E-01 .2056E+00
.9100E+03 .8774E+00 .5176E+00 .1319E-01 .3792E+00 .3660E+00 .5176E+00 .4187E-01 .5595E+00 .5176E+00 .1319E-01 .1753E+00
.9110E+03 .8728E+00 .5631E+00 .1467E-01 .4129E+00 .3982E+00 .5631E+00 .4602E-01 .6092E+00 .5631E+00 .1467E-01 .1911E+00
.9120E+03 .8740E+00 .5948E+00 .1551E-01 .4361E+00 .4206E+00 .5948E+00 .4869E-01 .6435E+00 .5948E+00 .1551E-01 .2022E+00
.9130E+03 .8932E+00 .5219E+00 .1317E-01 .3822E+00 .3691E+00 .5219E+00 .4219E-01 .5641E+00 .5219E+00 .1317E-01 .1775E+00
.9140E+03 .8826E+00 .5187E+00 .1305E-01 .3799E+00 .3668E+00 .5187E+00 .4188E-01 .5606E+00 .5187E+00 .1305E-01 .1764E+00
.9150E+03 .8753E+00 .5578E+00 .1412E-01 .4086E+00 .3944E+00 .5578E+00 .4514E-01 .6030E+00 .5578E+00 .1412E-01 .1897E+00
.9160E+03 .8791E+00 .4715E+00 .1166E-01 .3450E+00 .3334E+00 .4715E+00 .3784E-01 .5093E+00 .4715E+00 .1166E-01 .1606E+00
.9170E+03 .8667E+00 .6175E+00 .1597E-01 .4526E+00 .4366E+00 .6175E+00 .5053E-01 .6680E+00 .6175E+00 .1597E-01 .2109E+00
.9180E+03 .8709E+00 .4763E+00 .1169E-01 .3485E+00 .3368E+00 .4763E+00 .3819E-01 .5145E+00 .4763E+00 .1169E-01 .1627E+00
.9190E+03 .8739E+00 .6403E+00 .1665E-01 .4694E+00 .4527E+00 .6403E+00 .5254E-01 .6928E+00 .6403E+00 .1665E-01 .2189E+00
.9200E+03 .8632E+00 .6473E+00 .1698E-01 .4747E+00 .4577E+00 .6473E+00 .5331E-01 .7007E+00 .6473E+00 .1698E-01 .2214E+00
.9210E+03 .8416E+00 .6850E+00 .1812E-01 .5025E+00 .4844E+00 .6850E+00 .5668E-01 .7417E+00 .6850E+00 .1812E-01 .2347E+00
.9220E+03 .8384E+00 .5972E+00 .1536E-01 .4377E+00 .4223E+00 .5972E+00 .4891E-01 .6461E+00 .5972E+00 .1536E-01 .2050E+00
.9230E+03 .8153E+00 .6655E+00 .1757E-01 .4881E+00 .4705E+00 .6655E+00 .5511E-01 .7206E+00 .6655E+00 .1757E-01 .2287E+00
.9240E+03 .8412E+00 .6061E+00 .1544E-01 .4440E+00 .4286E+00 .6061E+00 .4948E-01 .6556E+00 .6061E+00 .1544E-01 .2082E+00
.9250E+03 .8410E+00 .5980E+00 .1521E-01 .4381E+00 .4229E+00 .5980E+00 .4879E-01 .6468E+00 .5980E+00 .1521E-01 .2054E+00
.9260E+03 .8302E+00 .5983E+00 .1514E-01 .4382E+00 .4231E+00 .5983E+00 .4878E-01 .6471E+00 .5983E+00 .1514E-01 .2059E+00
.9270E+03 .8567E+00 .6852E+00 .1768E-01 .5022E+00 .4845E+00 .6852E+00 .5636E-01 .7415E+00 .6852E+00 .1768E-01 .2363E+00
.9280E+03 .8581E+00 .4587E+00 .1083E-01 .3352E+00 .3244E+00 .4587E+00 .3646E-01 .4952E+00 .4587E+00 .1083E-01 .1581E+00
.9290E+03 .8467E+00 .4004E+00 .9166E-02 .2923E+00 .2832E+00 .4004E+00 .3148E-01 .4319E+00 .4004E+00 .9166E-02 .1381E+00
.9300E+03 .8511E+00 .3214E+00 .7031E-02 .2343E+00 .2273E+00 .3214E+00 .2486E-01 .3463E+00 .3214E+00 .7031E-02 .1109E+00
.9310E+03 .8511E+00 .3028E+00 .6547E-02 .2206E+00 .2141E+00 .3028E+00 .2334E-01 .3261E+00 .3028E+00 .6547E-02 .1045E+00
.9320E+03 .8466E+00 .2050E+00 .4082E-02 .1490E+00 .1450E+00 .2050E+00 .1536E-01 .2204E+00 .2050E+00 .4082E-02 .7072E-01
.9330E+03 .8498E+00 .1626E+00 .3097E-02 .1181E+00 .1150E+00 .1626E+00 .1200E-01 .1746E+00 .1626E+00 .3097E-02 .5608E-01
.9340E+03 .8477E+00 .7899E-01 .1270E-02 .5712E-01 .5585E-01 .7899E-01 .5529E-02 .8451E-01 .7899E-01 .1270E-02 .2715E-01
.9350E+03 .8377E+00 .1818E+00 .3567E-02 .1321E+00 .1286E+00 .1818E+00 .1356E-01 .1954E+00 .1818E+00 .3567E-02 .6275E-01
.9360E+03 .8335E+00 .1036E+00 .1837E-02 .7511E-01 .7327E-01 .1036E+00 .7484E-02 .1111E+00 .1036E+00 .1837E-02 .3576E-01
.9370E+03 .8395E+00 .1092E+00 .1948E-02 .7915E-01 .7720E-01 .1092E+00 .7911E-02 .1171E+00 .1092E+00 .1948E-02 .3775E-01
.9380E+03 .8388E+00 .1364E+00 .2503E-02 .9893E-01 .9642E-01 .1364E+00 .9977E-02 .1463E+00 .1364E+00 .2503E-02 .4721E-01
.9390E+03 .8327E+00 .3044E+00 .6494E-02 .2217E+00 .2152E+00 .3044E+00 .2344E-01 .3278E+00 .3044E+00 .6494E-02 .1057E+00
.9400E+03 .8229E+00 .3706E+00 .8193E-02 .2703E+00 .2621E+00 .3706E+00 .2891E-01 .3996E+00 .3706E+00 .8193E-02 .1287E+00
.9410E+03 .7930E+00 .2674E+00 .5556E-02 .1946E+00 .1891E+00 .2674E+00 .2040E-01 .2878E+00 .2674E+00 .5556E-02 .9277E-01
.9420E+03 .8095E+00 .3170E+00 .6745E-02 .2309E+00 .2241E+00 .3170E+00 .2439E-01 .3414E+00 .3170E+00 .6745E-02 .1100E+00
.9430E+03 .8194E+00 .2123E+00 .4233E-02 .1543E+00 .1501E+00 .2123E+00 .1597E-01 .2282E+00 .2123E+00 .4233E-02 .7365E-01
.9440E+03 .8084E+00 .2349E+00 .4884E-02 .1710E+00 .1661E+00 .2349E+00 .1794E-01 .2528E+00 .2349E+00 .4884E-02 .8165E-01
.9450E+03 .8165E+00 .2780E+00 .5771E-02 .2024E+00 .1966E+00 .2780E+00 .2124E-01 .2992E+00 .2780E+00 .5771E-02 .9669E-01
.9460E+03 .8194E+00 .1330E+00 .2425E-02 .9644E-01 .9402E-01 .1330E+00 .9726E-02 .1427E+00 .1330E+00 .2425E-02 .4615E-01
.9470E+03 .8212E+00 .2711E+00 .5525E-02 .1972E+00 .1917E+00 .2711E+00 .2058E-01 .2917E+00 .2711E+00 .5525E-02 .9425E-01
.9480E+03 .8219E+00 .2094E+00 .4182E-02 .1523E+00 .1481E+00 .2094E+00 .1580E-01 .2252E+00 .2094E+00 .4182E-02 .7286E-01
.9490E+03 .8212E+00 .3859E+00 .8320E-02 .2812E+00 .2729E+00 .3859E+00 .2992E-01 .4159E+00 .3859E+00 .8320E-02 .1345E+00
.9500E+03 .8154E+00 .9007E-01 .1524E-02 .6522E-01 .6369E-01 .9007E-01 .6447E-02 .9652E-01 .9007E-01 .1524E-02 .3130E-01
.9510E+03 .8110E+00 .3792E+00 .8130E-02 .2762E+00 .2681E+00 .3792E+00 .2935E-01 .4085E+00 .3792E+00 .8130E-02 .1322E+00
.9520E+03 .8117E+00 .1832E+00 .3483E-02 .1331E+00 .1296E+00 .1832E+00 .1361E-01 .1969E+00 .1832E+00 .3483E-02 .6379E-01
.9530E+03 .8043E+00 .2500E+00 .5009E-02 .1818E+00 .1768E+00 .2500E+00 .1891E-01 .2689E+00 .2500E+00 .5009E-02 .8715E-01
.9540E+03 .7797E+00 .3143E+00 .6576E-02 .2288E+00 .2222E+00 .3143E+00 .2415E-01 .3384E+00 .3143E+00 .6576E-02 .1098E+00
.9550E+03 .7665E+00 .2517E+00 .5057E-02 .1830E+00 .1780E+00 .2517E+00 .1908E-01 .2708E+00 .2517E+00 .5057E-02 .8790E-01
.9560E+03 .7989E+00 .2579E+00 .5395E-02 .1877E+00 .1823E+00 .2579E+00 .1982E-01 .2777E+00 .2579E+00 .5395E-02 .9017E-01
.9570E+03 .7927E+00 .1794E+00 .3329E-02 .1301E+00 .1268E+00 .1794E+00 .1324E-01 .1926E+00 .1794E+00 .3329E-02 .6255E-01
.9580E+03 .8013E+00 .3797E+00 .8292E-02 .2768E+00 .2685E+00 .3797E+00 .2963E-01 .4093E+00 .3797E+00 .8292E-02 .1328E+00
.9590E+03 .8021E+00 .2900E+00 .5971E-02 .2110E+00 .2050E+00 .2900E+00 .2216E-01 .3121E+00 .2900E+00 .5971E-02 .1013E+00
.9600E+03 .7908E+00 .3152E+00 .6509E-02 .2294E+00 .2229E+00 .3152E+00 .2412E-01 .3393E+00 .3152E+00 .6509E-02 .1101E+00
.9610E+03 .7946E+00 .3698E+00 .7910E-02 .2694E+00 .2615E+00 .3698E+00 .2865E-01 .3984E+00 .3698E+00 .7910E-02 .1293E+00
.9620E+03 .7878E+00 .3536E+00 .7534E-02 .2576E+00 .2501E+00 .3536E+00 .2736E-01 .3810E+00 .3536E+00 .7534E-02 .1236E+00
.9630E+03 .7839E+00 .4175E+00 .9168E-02 .3044E+00 .2952E+00 .4175E+00 .3267E-01 .4502E+00 .4175E+00 .9168E-02 .1461E+00
.9640E+03 .7836E+00 .3783E+00 .8172E-02 .2757E+00 .2675E+00 .3783E+00 .2944E-01 .4078E+00 .3783E+00 .8172E-02 .1325E+00
.9650E+03 .7805E+00 .4120E+00 .8967E-02 .3003E+00 .2913E+00 .4120E+00 .3217E-01 .4442E+00 .4120E+00 .8967E-02 .1444E+00
.9660E+03 .7742E+00 .3954E+00 .8475E-02 .2880E+00 .2796E+00 .3954E+00 .3070E-01 .4261E+00 .3954E+00 .8475E-02 .1385E+00
.9670E+03 .7809E+00 .3906E+00 .8318E-02 .2845E+00 .2762E+00 .3906E+00 .3026E-01 .4209E+00 .3906E+00 .8318E-02 .1369E+00
.9680E+03 .7798E+00 .5878E+00 .1376E-01 .4294E+00 .4156E+00 .5878E+00 .4716E-01 .6349E+00 .5878E+00 .1376E-01 .2064E+00
.9690E+03 .7793E+00 .6009E+00 .1394E-01 .4388E+00 .4249E+00 .6009E+00 .4808E-01 .6490E+00 .6009E+00 .1394E-01 .2112E+00
.9700E+03 .7785E+00 .5425E+00 .1234E-01 .3960E+00 .3836E+00 .5425E+00 .4312E-01 .5857E+00 .5425E+00 .1234E-01 .1908E+00
.9710E+03 .7761E+00 .6520E+00 .1542E-01 .4764E+00 .4610E+00 .6520E+00 .5258E-01 .7045E+00 .6520E+00 .1542E-01 .2294E+00
.9720E+03 .7779E+00 .6250E+00 .1466E-01 .4566E+00 .4419E+00 .6250E+00 .5024E-01 .6752E+00 .6250E+00 .1466E-01 .2199E+00
.9730E+03 .7697E+00 .5077E+00 .1129E-01 .3703E+00 .3590E+00 .5077E+00 .4001E-01 .5477E+00 .5077E+00 .1129E-01 .1784E+00
.9740E+03 .7603E+00 .4893E+00 .1089E-01 .3569E+00 .3460E+00 .4893E+00 .3857E-01 .5279E+00 .4893E+00 .1089E-01 .1720E+00
.9750E+03 .7695E+00 .5223E+00 .1175E-01 .3811E+00 .3693E+00 .5223E+00 .4135E-01 .5637E+00 .5223E+00 .1175E-01 .1837E+00
.9760E+03 .7652E+00 .4744E+00 .1036E-01 .3458E+00 .3354E+00 .4744E+00 .3717E-01 .5115E+00 .4744E+00 .1036E-01 .1668E+00
.9770E+03 .7635E+00 .5603E+00 .1273E-01 .4089E+00 .3962E+00 .5603E+00 .4457E-01 .6049E+00 .5603E+00 .1273E-01 .1974E+00
.9780E+03 .7624E+00 .5229E+00 .1163E-01 .3813E+00 .3697E+00 .5229E+00 .4127E-01 .5641E+00 .5229E+00 .1163E-01 .1841E+00
.9790E+03 .7560E+00 .5552E+00 .1249E-01 .4051E+00 .3926E+00 .5552E+00 .4401E-01 .5992E+00 .5552E+00 .1249E-01 .1956E+00
.9800E+03 .7599E+00 .5146E+00 .1142E-01 .3753E+00 .3639E+00 .5146E+00 .4059E-01 .5552E+00 .5146E+00 .1142E-01 .1812E+00
.9810E+03 .7640E+00 .6501E+00 .1507E-01 .4748E+00 .4597E+00 .6501E+00 .5210E-01 .7022E+00 .6501E+00 .1507E-01 .2291E+00
.9820E+03 .7614E+00 .6098E+00 .1390E-01 .4451E+00 .4312E+00 .6098E+00 .4857E-01 .6584E+00 .6098E+00 .1390E-01 .2148E+00
.9830E+03 .7559E+00 .5786E+00 .1304E-01 .4221E+00 .4091E+00 .5786E+00 .4592E-01 .6245E+00 .5786E+00 .1304E-01 .2040E+00
.9840E+03 .7549E+00 .6803E+00 .1589E-01 .4969E+00 .4811E+00 .6803E+00 .5475E-01 .7351E+00 .6803E+00 .1589E-01 .2402E+00
.9850E+03 .7555E+00 .6049E+00 .1367E-01 .4414E+00 .4277E+00 .6049E+00 .4811E-01 .6530E+00 .6049E+00 .1367E-01 .2136E+00
.9860E+03 .7499E+00 .6973E+00 .1634E-01 .5094E+00 .4931E+00 .6973E+00 .5621E-01 .7536E+00 .6973E+00 .1634E-01 .2464E+00
.9870E+03 .7484E+00 .6773E+00 .1571E-01 .4946E+00 .4789E+00 .6773E+00 .5439E-01 .7317E+00 .6773E+00 .1571E-01 .2392E+00
.9880E+03 .7494E+00 .6768E+00 .1567E-01 .4943E+00 .4786E+00 .6768E+00 .5434E-01 .7312E+00 .6768E+00 .1567E-01 .2392E+00
.9890E+03 .7376E+00 .7016E+00 .1644E-01 .5125E+00 .4961E+00 .7016E+00 .5661E-01 .7582E+00 .7016E+00 .1644E-01 .2483E+00
.9900E+03 .7407E+00 .6725E+00 .1551E-01 .4910E+00 .4755E+00 .6725E+00 .5396E-01 .7265E+00 .6725E+00 .1551E-01 .2380E+00
.9910E+03 .7420E+00 .7037E+00 .1639E-01 .5140E+00 .4976E+00 .7037E+00 .5668E-01 .7604E+00 .7037E+00 .1639E-01 .2491E+00
.9920E+03 .7443E+00 .7089E+00 .1650E-01 .5178E+00 .5013E+00 .7089E+00 .5707E-01 .7660E+00 .7089E+00 .1650E-01 .2509E+00
.9930E+03 .7423E+00 .6849E+00 .1576E-01 .5001E+00 .4843E+00 .6849E+00 .5495E-01 .7398E+00 .6849E+00 .1576E-01 .2426E+00
.9940E+03 .7423E+00 .7100E+00 .1647E-01 .5185E+00 .5021E+00 .7100E+00 .5718E-01 .7672E+00 .7100E+00 .1647E-01 .2518E+00
.9950E+03 .7390E+00 .7105E+00 .1647E-01 .5189E+00 .5024E+00 .7105E+00 .5722E-01 .7677E+00 .7105E+00 .1647E-01 .2521E+00
.9960E+03 .7384E+00 .7055E+00 .1629E-01 .5151E+00 .4988E+00 .7055E+00 .5673E-01 .7622E+00 .7055E+00 .1629E-01 .2503E+00
.9970E+03 .7381E+00 .7075E+00 .1631E-01 .5166E+00 .5003E+00 .7075E+00 .5686E-01 .7643E+00 .7075E+00 .1631E-01 .2510E+00
.9980E+03 .7356E+00 .7042E+00 .1620E-01 .5141E+00 .4979E+00 .7042E+00 .5658E-01 .7608E+00 .7042E+00 .1620E-01 .2501E+00
.9990E+03 .7322E+00 .7016E+00 .1611E-01 .5122E+00 .4961E+00 .7016E+00 .5637E-01 .7580E+00 .7016E+00 .1611E-01 .2494E+00
.1000E+04 .7312E+00 .6944E+00 .1587E-01 .5069E+00 .4910E+00 .6944E+00 .5573E-01 .7501E+00 .6944E+00 .1587E-01 .2470E+00
.1001E+04 .7357E+00 .7058E+00 .1614E-01 .5152E+00 .4991E+00 .7058E+00 .5669E-01 .7625E+00 .7058E+00 .1614E-01 .2513E+00
.1002E+04 .7325E+00 .6779E+00 .1531E-01 .4946E+00 .4793E+00 .6779E+00 .5422E-01 .7321E+00 .6779E+00 .1531E-01 .2415E+00
.1003E+04 .7238E+00 .6927E+00 .1576E-01 .5056E+00 .4898E+00 .6927E+00 .5556E-01 .7483E+00 .6927E+00 .1576E-01 .2468E+00
.1004E+04 .7105E+00 .6739E+00 .1526E-01 .4918E+00 .4765E+00 .6739E+00 .5396E-01 .7278E+00 .6739E+00 .1526E-01 .2401E+00
.1005E+04 .6783E+00 .6522E+00 .1479E-01 .4760E+00 .4612E+00 .6522E+00 .5225E-01 .7045E+00 .6522E+00 .1479E-01 .2323E+00
.1006E+04 .7083E+00 .6761E+00 .1527E-01 .4933E+00 .4781E+00 .6761E+00 .5408E-01 .7302E+00 .6761E+00 .1527E-01 .2408E+00
.1007E+04 .7213E+00 .6916E+00 .1560E-01 .5046E+00 .4890E+00 .6916E+00 .5529E-01 .7469E+00 .6916E+00 .1560E-01 .2463E+00
.1008E+04 .7208E+00 .6859E+00 .1541E-01 .5004E+00 .4850E+00 .6859E+00 .5479E-01 .7407E+00 .6859E+00 .1541E-01 .2445E+00
.1009E+04 .7204E+00 .6808E+00 .1523E-01 .4966E+00 .4814E+00 .6808E+00 .5434E-01 .7351E+00 .6808E+00 .1523E-01 .2429E+00
.1010E+04 .7193E+00 .6769E+00 .1509E-01 .4937E+00 .4786E+00 .6769E+00 .5398E-01 .7309E+00 .6769E+00 .1509E-01 .2416E+00
.1011E+04 .7172E+00 .6885E+00 .1540E-01 .5022E+00 .4868E+00 .6885E+00 .5496E-01 .7434E+00 .6885E+00 .1540E-01 .2458E+00
.1012E+04 .7146E+00 .6809E+00 .1516E-01 .4966E+00 .4814E+00 .6809E+00 .5427E-01 .7351E+00 .6809E+00 .1516E-01 .2430E+00
.1013E+04 .7146E+00 .6876E+00 .1532E-01 .5015E+00 .4862E+00 .6876E+00 .5486E-01 .7424E+00 .6876E+00 .1532E-01 .2457E+00
.1014E+04 .7096E+00 .6829E+00 .1519E-01 .4980E+00 .4829E+00 .6829E+00 .5449E-01 .7373E+00 .6829E+00 .1519E-01 .2442E+00
.1015E+04 .7055E+00 .6780E+00 .1504E-01 .4945E+00 .4794E+00 .6780E+00 .5407E-01 .7321E+00 .6780E+00 .1504E-01 .2426E+00
.1016E+04 .7028E+00 .6750E+00 .1494E-01 .4922E+00 .4773E+00 .6750E+00 .5378E-01 .7288E+00 .6750E+00 .1494E-01 .2415E+00
.1017E+04 .7050E+00 .6763E+00 .1493E-01 .4931E+00 .4782E+00 .6763E+00 .5383E-01 .7301E+00 .6763E+00 .1493E-01 .2420E+00
.1018E+04 .7004E+00 .6751E+00 .1489E-01 .4922E+00 .4773E+00 .6751E+00 .5371E-01 .7288E+00 .6751E+00 .1489E-01 .2415E+00
.1019E+04 .6919E+00 .6574E+00 .1440E-01 .4793E+00 .4649E+00 .6574E+00 .5219E-01 .7096E+00 .6574E+00 .1440E-01 .2352E+00
.1020E+04 .6977E+00 .6712E+00 .1472E-01 .4893E+00 .4746E+00 .6712E+00 .5331E-01 .7245E+00 .6712E+00 .1472E-01 .2401E+00
.1021E+04 .6956E+00 .6708E+00 .1470E-01 .4891E+00 .4744E+00 .6708E+00 .5325E-01 .7241E+00 .6708E+00 .1470E-01 .2400E+00
.1022E+04 .6925E+00 .6646E+00 .1450E-01 .4845E+00 .4700E+00 .6646E+00 .5269E-01 .7173E+00 .6646E+00 .1450E-01 .2377E+00
.1023E+04 .7005E+00 .6714E+00 .1462E-01 .4894E+00 .4748E+00 .6714E+00 .5322E-01 .7247E+00 .6714E+00 .1462E-01 .2404E+00
.1024E+04 .6981E+00 .6590E+00 .1425E-01 .4802E+00 .4660E+00 .6590E+00 .5215E-01 .7111E+00 .6590E+00 .1425E-01 .2361E+00
.1025E+04 .6976E+00 .6724E+00 .1460E-01 .4901E+00 .4755E+00 .6724E+00 .5330E-01 .7257E+00 .6724E+00 .1460E-01 .2411E+00
.1026E+04 .6962E+00 .6689E+00 .1448E-01 .4874E+00 .4730E+00 .6689E+00 .5295E-01 .7218E+00 .6689E+00 .1448E-01 .2398E+00
.1027E+04 .6944E+00 .6675E+00 .1442E-01 .4864E+00 .4720E+00 .6675E+00 .5281E-01 .7203E+00 .6675E+00 .1442E-01 .2393E+00
.1028E+04 .6935E+00 .6659E+00 .1435E-01 .4852E+00 .4709E+00 .6659E+00 .5267E-01 .7186E+00 .6659E+00 .1435E-01 .2389E+00
.1029E+04 .6858E+00 .6579E+00 .1414E-01 .4793E+00 .4652E+00 .6579E+00 .5202E-01 .7099E+00 .6579E+00 .1414E-01 .2362E+00
.1030E+04 .6881E+00 .6641E+00 .1427E-01 .4838E+00 .4696E+00 .6641E+00 .5252E-01 .7166E+00 .6641E+00 .1427E-01 .2385E+00
.1031E+04 .6864E+00 .6608E+00 .1416E-01 .4814E+00 .4673E+00 .6608E+00 .5221E-01 .7130E+00 .6608E+00 .1416E-01 .2373E+00
.1032E+04 .6836E+00 .6598E+00 .1412E-01 .4807E+00 .4665E+00 .6598E+00 .5210E-01 .7119E+00 .6598E+00 .1412E-01 .2370E+00
.1033E+04 .6734E+00 .6499E+00 .1387E-01 .4734E+00 .4595E+00 .6499E+00 .5127E-01 .7012E+00 .6499E+00 .1387E-01 .2334E+00
.1034E+04 .6732E+00 .6504E+00 .1386E-01 .4737E+00 .4599E+00 .6504E+00 .5128E-01 .7016E+00 .6504E+00 .1386E-01 .2335E+00
.1035E+04 .6753E+00 .6527E+00 .1388E-01 .4754E+00 .4615E+00 .6527E+00 .5142E-01 .7041E+00 .6527E+00 .1388E-01 .2344E+00
.1036E+04 .6795E+00 .6558E+00 .1391E-01 .4776E+00 .4637E+00 .6558E+00 .5162E-01 .7074E+00 .6558E+00 .1391E-01 .2355E+00
.1037E+04 .6682E+00 .6454E+00 .1366E-01 .4701E+00 .4564E+00 .6454E+00 .5078E-01 .6962E+00 .6454E+00 .1366E-01 .2318E+00
.1038E+04 .6714E+00 .6485E+00 .1370E-01 .4723E+00 .4586E+00 .6485E+00 .5102E-01 .6996E+00 .6485E+00 .1370E-01 .2331E+00
.1039E+04 .6714E+00 .6482E+00 .1366E-01 .4720E+00 .4583E+00 .6482E+00 .5099E-01 .6992E+00 .6482E+00 .1366E-01 .2332E+00
.1040E+04 .6688E+00 .6459E+00 .1358E-01 .4703E+00 .4567E+00 .6459E+00 .5078E-01 .6967E+00 .6459E+00 .1358E-01 .2324E+00
.1041E+04 .6720E+00 .6485E+00 .1361E-01 .4722E+00 .4586E+00 .6485E+00 .5094E-01 .6995E+00 .6485E+00 .1361E-01 .2334E+00
.1042E+04 .6674E+00 .6443E+00 .1349E-01 .4691E+00 .4556E+00 .6443E+00 .5058E-01 .6949E+00 .6443E+00 .1349E-01 .2319E+00
.1043E+04 .6656E+00 .6425E+00 .1342E-01 .4677E+00 .4543E+00 .6425E+00 .5043E-01 .6929E+00 .6425E+00 .1342E-01 .2314E+00
.1044E+04 .6683E+00 .6449E+00 .1345E-01 .4695E+00 .4560E+00 .6449E+00 .5062E-01 .6955E+00 .6449E+00 .1345E-01 .2325E+00
.1045E+04 .6596E+00 .6364E+00 .1324E-01 .4632E+00 .4500E+00 .6364E+00 .4991E-01 .6863E+00 .6364E+00 .1324E-01 .2294E+00
.1046E+04 .6527E+00 .6295E+00 .1307E-01 .4582E+00 .4452E+00 .6295E+00 .4934E-01 .6789E+00 .6295E+00 .1307E-01 .2270E+00
.1047E+04 .6590E+00 .6354E+00 .1316E-01 .4625E+00 .4493E+00 .6354E+00 .4977E-01 .6852E+00 .6354E+00 .1316E-01 .2291E+00
.1048E+04 .6631E+00 .6391E+00 .1321E-01 .4651E+00 .4519E+00 .6391E+00 .5005E-01 .6892E+00 .6391E+00 .1321E-01 .2306E+00
.1049E+04 .6612E+00 .6367E+00 .1313E-01 .4633E+00 .4502E+00 .6367E+00 .4986E-01 .6865E+00 .6367E+00 .1313E-01 .2300E+00
.1050E+04 .6587E+00 .6339E+00 .1304E-01 .4613E+00 .4482E+00 .6339E+00 .4961E-01 .6835E+00 .6339E+00 .1304E-01 .2290E+00
.1051E+04 .6584E+00 .6337E+00 .1301E-01 .4611E+00 .4481E+00 .6337E+00 .4956E-01 .6832E+00 .6337E+00 .1301E-01 .2290E+00
.1052E+04 .6563E+00 .6312E+00 .1293E-01 .4592E+00 .4463E+00 .6312E+00 .4934E-01 .6805E+00 .6312E+00 .1293E-01 .2281E+00
.1053E+04 .6518E+00 .6266E+00 .1280E-01 .4559E+00 .4431E+00 .6266E+00 .4897E-01 .6756E+00 .6266E+00 .1280E-01 .2266E+00
.1054E+04 .6540E+00 .6284E+00 .1281E-01 .4572E+00 .4444E+00 .6284E+00 .4911E-01 .6775E+00 .6284E+00 .1281E-01 .2275E+00
.1055E+04 .6553E+00 .6292E+00 .1280E-01 .4577E+00 .4449E+00 .6292E+00 .4913E-01 .6783E+00 .6292E+00 .1280E-01 .2278E+00
.1056E+04 .6540E+00 .6274E+00 .1273E-01 .4563E+00 .4436E+00 .6274E+00 .4895E-01 .6763E+00 .6274E+00 .1273E-01 .2271E+00
.1057E+04 .6528E+00 .6259E+00 .1267E-01 .4552E+00 .4425E+00 .6259E+00 .4881E-01 .6747E+00 .6259E+00 .1267E-01 .2266E+00
.1058E+04 .6376E+00 .6108E+00 .1234E-01 .4443E+00 .4319E+00 .6108E+00 .4763E-01 .6585E+00 .6108E+00 .1234E-01 .2214E+00
.1059E+04 .6393E+00 .6117E+00 .1233E-01 .4449E+00 .4325E+00 .6117E+00 .4769E-01 .6594E+00 .6117E+00 .1233E-01 .2219E+00
.1060E+04 .6388E+00 .6112E+00 .1229E-01 .4445E+00 .4322E+00 .6112E+00 .4763E-01 .6589E+00 .6112E+00 .1229E-01 .2218E+00
.1061E+04 .6386E+00 .6107E+00 .1225E-01 .4441E+00 .4318E+00 .6107E+00 .4755E-01 .6582E+00 .6107E+00 .1225E-01 .2215E+00
.1062E+04 .6430E+00 .6136E+00 .1228E-01 .4462E+00 .4339E+00 .6136E+00 .4774E-01 .6614E+00 .6136E+00 .1228E-01 .2227E+00
.1063E+04 .6374E+00 .6076E+00 .1213E-01 .4418E+00 .4296E+00 .6076E+00 .4727E-01 .6549E+00 .6076E+00 .1213E-01 .2207E+00
.1064E+04 .6446E+00 .6157E+00 .1228E-01 .4477E+00 .4354E+00 .6157E+00 .4791E-01 .6636E+00 .6157E+00 .1228E-01 .2238E+00
.1065E+04 .6423E+00 .6101E+00 .1212E-01 .4435E+00 .4314E+00 .6101E+00 .4741E-01 .6575E+00 .6101E+00 .1212E-01 .2218E+00
.1066E+04 .6278E+00 .5992E+00 .1189E-01 .4356E+00 .4237E+00 .5992E+00 .4656E-01 .6458E+00 .5992E+00 .1189E-01 .2178E+00
.1067E+04 .6365E+00 .6060E+00 .1199E-01 .4405E+00 .4285E+00 .6060E+00 .4705E-01 .6530E+00 .6060E+00 .1199E-01 .2203E+00
.1068E+04 .6244E+00 .5921E+00 .1168E-01 .4304E+00 .4187E+00 .5921E+00 .4592E-01 .6380E+00 .5921E+00 .1168E-01 .2152E+00
.1069E+04 .6040E+00 .5725E+00 .1127E-01 .4161E+00 .4048E+00 .5725E+00 .4436E-01 .6168E+00 .5725E+00 .1127E-01 .2081E+00
.1070E+04 .6266E+00 .5891E+00 .1155E-01 .4281E+00 .4166E+00 .5891E+00 .4559E-01 .6347E+00 .5891E+00 .1155E-01 .2141E+00
.1071E+04 .6301E+00 .6019E+00 .1182E-01 .4374E+00 .4256E+00 .6019E+00 .4661E-01 .6485E+00 .6019E+00 .1182E-01 .2188E+00
.1072E+04 .6276E+00 .5909E+00 .1154E-01 .4293E+00 .4178E+00 .5909E+00 .4567E-01 .6365E+00 .5909E+00 .1154E-01 .2148E+00
.1073E+04 .6172E+00 .5833E+00 .1138E-01 .4238E+00 .4125E+00 .5833E+00 .4511E-01 .6284E+00 .5833E+00 .1138E-01 .2123E+00
.1074E+04 .6269E+00 .6008E+00 .1174E-01 .4365E+00 .4248E+00 .6008E+00 .4653E-01 .6473E+00 .6008E+00 .1174E-01 .2189E+00
.1075E+04 .6136E+00 .5611E+00 .1081E-01 .4076E+00 .3967E+00 .5611E+00 .4325E-01 .6043E+00 .5611E+00 .1081E-01 .2044E+00
.1076E+04 .6275E+00 .5979E+00 .1162E-01 .4344E+00 .4228E+00 .5979E+00 .4622E-01 .6441E+00 .5979E+00 .1162E-01 .2178E+00
.1077E+04 .6274E+00 .5822E+00 .1122E-01 .4229E+00 .4117E+00 .5822E+00 .4488E-01 .6271E+00 .5822E+00 .1122E-01 .2120E+00
.1078E+04 .6181E+00 .5683E+00 .1089E-01 .4127E+00 .4018E+00 .5683E+00 .4372E-01 .6120E+00 .5683E+00 .1089E-01 .2069E+00
.1079E+04 .6147E+00 .5883E+00 .1138E-01 .4274E+00 .4160E+00 .5883E+00 .4540E-01 .6337E+00 .5883E+00 .1138E-01 .2143E+00
.1080E+04 .6233E+00 .5681E+00 .1084E-01 .4126E+00 .4017E+00 .5681E+00 .4368E-01 .6118E+00 .5681E+00 .1084E-01 .2070E+00
.1081E+04 .6061E+00 .5485E+00 .1040E-01 .3982E+00 .3878E+00 .5485E+00 .4211E-01 .5906E+00 .5485E+00 .1040E-01 .2000E+00
.1082E+04 .6007E+00 .5636E+00 .1077E-01 .4093E+00 .3985E+00 .5636E+00 .4340E-01 .6070E+00 .5636E+00 .1077E-01 .2057E+00
.1083E+04 .5998E+00 .5672E+00 .1085E-01 .4119E+00 .4010E+00 .5672E+00 .4368E-01 .6108E+00 .5672E+00 .1085E-01 .2070E+00
.1084E+04 .6144E+00 .5445E+00 .1023E-01 .3953E+00 .3850E+00 .5445E+00 .4169E-01 .5862E+00 .5445E+00 .1023E-01 .1986E+00
.1085E+04 .6180E+00 .5699E+00 .1078E-01 .4138E+00 .4030E+00 .5699E+00 .4373E-01 .6137E+00 .5699E+00 .1078E-01 .2079E+00
.1086E+04 .6104E+00 .5094E+00 .9408E-02 .3696E+00 .3602E+00 .5094E+00 .3880E-01 .5482E+00 .5094E+00 .9408E-02 .1858E+00
.1087E+04 .5897E+00 .5338E+00 .1000E-01 .3875E+00 .3775E+00 .5338E+00 .4084E-01 .5747E+00 .5338E+00 .1000E-01 .1947E+00
.1088E+04 .6028E+00 .5624E+00 .1061E-01 .4083E+00 .3977E+00 .5624E+00 .4312E-01 .6055E+00 .5624E+00 .1061E-01 .2052E+00
.1089E+04 .6019E+00 .5393E+00 .1004E-01 .3914E+00 .3813E+00 .5393E+00 .4117E-01 .5804E+00 .5393E+00 .1004E-01 .1967E+00
.1090E+04 .6099E+00 .5238E+00 .9657E-02 .3800E+00 .3704E+00 .5238E+00 .3987E-01 .5636E+00 .5238E+00 .9657E-02 .1910E+00
.1091E+04 .6069E+00 .5570E+00 .1040E-01 .4042E+00 .3938E+00 .5570E+00 .4257E-01 .5995E+00 .5570E+00 .1040E-01 .2032E+00
.1092E+04 .6013E+00 .5597E+00 .1047E-01 .4062E+00 .3958E+00 .5597E+00 .4282E-01 .6025E+00 .5597E+00 .1047E-01 .2043E+00
.1093E+04 .5815E+00 .4551E+00 .8169E-02 .3300E+00 .3218E+00 .4551E+00 .3439E-01 .4895E+00 .4551E+00 .8169E-02 .1661E+00
.1094E+04 .5572E+00 .5055E+00 .9352E-02 .3668E+00 .3574E+00 .5055E+00 .3858E-01 .5440E+00 .5055E+00 .9352E-02 .1848E+00
.1095E+04 .5839E+00 .4740E+00 .8501E-02 .3437E+00 .3352E+00 .4740E+00 .3583E-01 .5099E+00 .4740E+00 .8501E-02 .1732E+00
.1096E+04 .5834E+00 .4485E+00 .7937E-02 .3250E+00 .3171E+00 .4485E+00 .3376E-01 .4822E+00 .4485E+00 .7937E-02 .1638E+00
.1097E+04 .5843E+00 .5446E+00 .1008E-01 .3952E+00 .3851E+00 .5446E+00 .4157E-01 .5862E+00 .5446E+00 .1008E-01 .1991E+00
.1098E+04 .5763E+00 .4362E+00 .7637E-02 .3161E+00 .3084E+00 .4362E+00 .3273E-01 .4689E+00 .4362E+00 .7637E-02 .1593E+00
.1099E+04 .5896E+00 .4597E+00 .8085E-02 .3331E+00 .3251E+00 .4597E+00 .3454E-01 .4942E+00 .4597E+00 .8085E-02 .1679E+00
.1100E+04 .5931E+00 .4213E+00 .7269E-02 .3051E+00 .2979E+00 .4213E+00 .3147E-01 .4527E+00 .4213E+00 .7269E-02 .1538E+00
.1101E+04 .5852E+00 .4288E+00 .7433E-02 .3106E+00 .3032E+00 .4288E+00 .3208E-01 .4609E+00 .4288E+00 .7433E-02 .1566E+00
.1102E+04 .5776E+00 .4037E+00 .6900E-02 .2924E+00 .2855E+00 .4037E+00 .3009E-01 .4338E+00 .4037E+00 .6900E-02 .1475E+00
.1103E+04 .5889E+00 .3959E+00 .6692E-02 .2866E+00 .2799E+00 .3959E+00 .2943E-01 .4253E+00 .3959E+00 .6692E-02 .1447E+00
.1104E+04 .5869E+00 .3968E+00 .6706E-02 .2873E+00 .2806E+00 .3968E+00 .2951E-01 .4263E+00 .3968E+00 .6706E-02 .1452E+00
.1105E+04 .5867E+00 .4453E+00 .7682E-02 .3226E+00 .3149E+00 .4453E+00 .3332E-01 .4786E+00 .4453E+00 .7682E-02 .1630E+00
.1106E+04 .5849E+00 .3068E+00 .4858E-02 .2218E+00 .2169E+00 .3068E+00 .2239E-01 .3292E+00 .3068E+00 .4858E-02 .1121E+00
.1107E+04 .5828E+00 .4191E+00 .7138E-02 .3035E+00 .2964E+00 .4191E+00 .3125E-01 .4504E+00 .4191E+00 .7138E-02 .1534E+00
.1108E+04 .5831E+00 .3330E+00 .5380E-02 .2408E+00 .2355E+00 .3330E+00 .2445E-01 .3574E+00 .3330E+00 .5380E-02 .1218E+00
.1109E+04 .5825E+00 .3302E+00 .5305E-02 .2388E+00 .2335E+00 .3302E+00 .2420E-01 .3544E+00 .3302E+00 .5305E-02 .1207E+00
.1110E+04 .5827E+00 .3946E+00 .6532E-02 .2855E+00 .2790E+00 .3946E+00 .2917E-01 .4237E+00 .3946E+00 .6532E-02 .1443E+00
.1111E+04 .5782E+00 .2642E+00 .4066E-02 .1909E+00 .1868E+00 .2642E+00 .1913E-01 .2833E+00 .2642E+00 .4066E-02 .9654E-01
.1112E+04 .5743E+00 .3263E+00 .5222E-02 .2359E+00 .2307E+00 .3263E+00 .2389E-01 .3502E+00 .3263E+00 .5222E-02 .1193E+00
.1113E+04 .5729E+00 .2046E+00 .2999E-02 .1477E+00 .1447E+00 .2046E+00 .1462E-01 .2192E+00 .2046E+00 .2999E-02 .7473E-01
.1114E+04 .5779E+00 .2276E+00 .3354E-02 .1643E+00 .1609E+00 .2276E+00 .1629E-01 .2439E+00 .2276E+00 .3354E-02 .8311E-01
.1115E+04 .5732E+00 .1855E+00 .2660E-02 .1338E+00 .1312E+00 .1855E+00 .1318E-01 .1987E+00 .1855E+00 .2660E-02 .6774E-01
.1116E+04 .5736E+00 .1418E+00 .1904E-02 .1022E+00 .1002E+00 .1418E+00 .9909E-02 .1517E+00 .1418E+00 .1904E-02 .5172E-01
.1117E+04 .5761E+00 .5062E-01 .5655E-03 .3636E-01 .3579E-01 .5062E-01 .3390E-02 .5401E-01 .5062E-01 .5655E-03 .1843E-01
.1118E+04 .5707E+00 .1606E+00 .2192E-02 .1158E+00 .1136E+00 .1606E+00 .1127E-01 .1719E+00 .1606E+00 .2192E-02 .5862E-01
.1119E+04 .5629E+00 .7068E-01 .8391E-03 .5082E-01 .4998E-01 .7068E-01 .4797E-02 .7547E-01 .7068E-01 .8391E-03 .2575E-01
.1120E+04 .5630E+00 .8950E-01 .1064E-02 .6435E-01 .6329E-01 .8950E-01 .6077E-02 .9558E-01 .8950E-01 .1064E-02 .3260E-01
.1121E+04 .5667E+00 .1226E+00 .1525E-02 .8824E-01 .8672E-01 .1226E+00 .8413E-02 .1311E+00 .1226E+00 .1525E-02 .4469E-01
.1122E+04 .5689E+00 .4864E-01 .5125E-03 .3491E-01 .3440E-01 .4864E-01 .3217E-02 .5186E-01 .4864E-01 .5125E-03 .1769E-01
.1123E+04 .5680E+00 .8409E-01 .9960E-03 .6046E-01 .5946E-01 .8409E-01 .5705E-02 .8980E-01 .8409E-01 .9960E-03 .3063E-01
.1124E+04 .5640E+00 .7036E-01 .8201E-03 .5057E-01 .4975E-01 .7036E-01 .4756E-02 .7511E-01 .7036E-01 .8201E-03 .2562E-01
.1125E+04 .5485E+00 .9414E-01 .1142E-02 .6771E-01 .6657E-01 .9414E-01 .6421E-02 .1006E+00 .9414E-01 .1142E-02 .3430E-01
.1126E+04 .5539E+00 .2939E-01 .2791E-03 .2106E-01 .2078E-01 .2939E-01 .1904E-02 .3129E-01 .2939E-01 .2791E-03 .1068E-01
.1127E+04 .5584E+00 .1046E+00 .1274E-02 .7526E-01 .7399E-01 .1046E+00 .7144E-02 .1118E+00 .1046E+00 .1274E-02 .3812E-01
.1128E+04 .5562E+00 .5787E-01 .6177E-03 .4154E-01 .4092E-01 .5787E-01 .3838E-02 .6170E-01 .5787E-01 .6177E-03 .2105E-01
.1129E+04 .5501E+00 .5980E-01 .6399E-03 .4292E-01 .4228E-01 .5980E-01 .3968E-02 .6376E-01 .5980E-01 .6399E-03 .2175E-01
.1130E+04 .5512E+00 .4249E-01 .4470E-03 .3049E-01 .3005E-01 .4249E-01 .2810E-02 .4530E-01 .4249E-01 .4470E-03 .1546E-01
.1131E+04 .5540E+00 .2142E+00 .2935E-02 .1544E+00 .1515E+00 .2142E+00 .1505E-01 .2293E+00 .2142E+00 .2935E-02 .7814E-01
.1132E+04 .5542E+00 .1572E+00 .2044E-02 .1132E+00 .1112E+00 .1572E+00 .1090E-01 .1681E+00 .1572E+00 .2044E-02 .5732E-01
.1133E+04 .5451E+00 .9076E-01 .1048E-02 .6522E-01 .6417E-01 .9076E-01 .6122E-02 .9688E-01 .9076E-01 .1048E-02 .3304E-01
.1134E+04 .5505E+00 .1928E-01 .1724E-03 .1380E-01 .1363E-01 .1928E-01 .1235E-02 .2051E-01 .1928E-01 .1724E-03 .6998E-02
.1135E+04 .5507E+00 .9262E-02 .8591E-04 .6635E-02 .6549E-02 .9262E-02 .5975E-03 .9860E-02 .9262E-02 .8591E-04 .3365E-02
.1136E+04 .5514E+00 .7759E-01 .8566E-03 .5572E-01 .5486E-01 .7759E-01 .5183E-02 .8277E-01 .7759E-01 .8566E-03 .2823E-01
.1137E+04 .5458E+00 .2030E+00 .2701E-02 .1463E+00 .1436E+00 .2030E+00 .1416E-01 .2172E+00 .2030E+00 .2701E-02 .7403E-01
.1138E+04 .5387E+00 .1409E+00 .1793E-02 .1014E+00 .9965E-01 .1409E+00 .9722E-02 .1507E+00 .1409E+00 .1793E-02 .5137E-01
.1139E+04 .5406E+00 .2404E+00 .3442E-02 .1734E+00 .1700E+00 .2404E+00 .1708E-01 .2574E+00 .2404E+00 .3442E-02 .8774E-01
.1140E+04 .5363E+00 .1862E+00 .2517E-02 .1342E+00 .1317E+00 .1862E+00 .1304E-01 .1992E+00 .1862E+00 .2517E-02 .6792E-01
.1141E+04 .5371E+00 .1446E+00 .1856E-02 .1041E+00 .1023E+00 .1446E+00 .9998E-02 .1546E+00 .1446E+00 .1856E-02 .5273E-01
.1142E+04 .5392E+00 .1634E+00 .2139E-02 .1177E+00 .1156E+00 .1634E+00 .1135E-01 .1748E+00 .1634E+00 .2139E-02 .5961E-01
.1143E+04 .5405E+00 .2363E+00 .3284E-02 .1704E+00 .1671E+00 .2363E+00 .1666E-01 .2530E+00 .2363E+00 .3284E-02 .8624E-01
.1144E+04 .5355E+00 .7807E-01 .9170E-03 .5612E-01 .5520E-01 .7807E-01 .5287E-02 .8336E-01 .7807E-01 .9170E-03 .2844E-01
.1145E+04 .5399E+00 .9315E-01 .1060E-02 .6693E-01 .6587E-01 .9315E-01 .6265E-02 .9942E-01 .9315E-01 .1060E-02 .3391E-01
.1146E+04 .5437E+00 .9772E-01 .1109E-02 .7021E-01 .6910E-01 .9772E-01 .6568E-02 .1043E+00 .9772E-01 .1109E-02 .3557E-01
.1147E+04 .5422E+00 .3063E-01 .2772E-03 .2194E-01 .2166E-01 .3063E-01 .1968E-02 .3260E-01 .3063E-01 .2772E-03 .1112E-01
.1148E+04 .5387E+00 .2048E+00 .2764E-02 .1476E+00 .1448E+00 .2048E+00 .1434E-01 .2192E+00 .2048E+00 .2764E-02 .7473E-01
.1149E+04 .5377E+00 .1569E+00 .2013E-02 .1130E+00 .1110E+00 .1569E+00 .1085E-01 .1678E+00 .1569E+00 .2013E-02 .5721E-01
.1150E+04 .5362E+00 .8551E-01 .1027E-02 .6149E-01 .6046E-01 .8551E-01 .5820E-02 .9133E-01 .8551E-01 .1027E-02 .3116E-01
.1151E+04 .5358E+00 .1363E+00 .1684E-02 .9807E-01 .9639E-01 .1363E+00 .9339E-02 .1457E+00 .1363E+00 .1684E-02 .4967E-01
.1152E+04 .5314E+00 .1837E+00 .2409E-02 .1323E+00 .1299E+00 .1837E+00 .1277E-01 .1965E+00 .1837E+00 .2409E-02 .6699E-01
.1153E+04 .5345E+00 .1821E+00 .2428E-02 .1312E+00 .1288E+00 .1821E+00 .1271E-01 .1948E+00 .1821E+00 .2428E-02 .6642E-01
.1154E+04 .5355E+00 .7900E-01 .8691E-03 .5673E-01 .5586E-01 .7900E-01 .5274E-02 .8427E-01 .7900E-01 .8691E-03 .2875E-01
.1155E+04 .5325E+00 .2403E+00 .3323E-02 .1732E+00 .1699E+00 .2403E+00 .1692E-01 .2572E+00 .2403E+00 .3323E-02 .8767E-01
.1156E+04 .5307E+00 .2104E+00 .2827E-02 .1516E+00 .1488E+00 .2104E+00 .1471E-01 .2251E+00 .2104E+00 .2827E-02 .7674E-01
.1157E+04 .5308E+00 .2444E+00 .3424E-02 .1763E+00 .1728E+00 .2444E+00 .1727E-01 .2617E+00 .2444E+00 .3424E-02 .8921E-01
.1158E+04 .5294E+00 .2368E+00 .3289E-02 .1707E+00 .1674E+00 .2368E+00 .1669E-01 .2534E+00 .2368E+00 .3289E-02 .8640E-01
.1159E+04 .5172E+00 .2623E+00 .3714E-02 .1892E+00 .1855E+00 .2623E+00 .1858E-01 .2809E+00 .2623E+00 .3714E-02 .9573E-01
.1160E+04 .5185E+00 .2198E+00 .3021E-02 .1585E+00 .1555E+00 .2198E+00 .1546E-01 .2353E+00 .2198E+00 .3021E-02 .8022E-01
.1161E+04 .5087E+00 .2608E+00 .3712E-02 .1881E+00 .1844E+00 .2608E+00 .1850E-01 .2793E+00 .2608E+00 .3712E-02 .9519E-01
.1162E+04 .5223E+00 .2659E+00 .3778E-02 .1918E+00 .1881E+00 .2659E+00 .1885E-01 .2848E+00 .2659E+00 .3778E-02 .9703E-01
.1163E+04 .5219E+00 .4036E+00 .6233E-02 .2916E+00 .2854E+00 .4036E+00 .2924E-01 .4329E+00 .4036E+00 .6233E-02 .1473E+00
.1164E+04 .5150E+00 .3166E+00 .4653E-02 .2285E+00 .2239E+00 .3166E+00 .2262E-01 .3392E+00 .3166E+00 .4653E-02 .1154E+00
.1165E+04 .5178E+00 .3020E+00 .4371E-02 .2179E+00 .2136E+00 .3020E+00 .2149E-01 .3235E+00 .3020E+00 .4371E-02 .1100E+00
.1166E+04 .5137E+00 .2911E+00 .4214E-02 .2100E+00 .2058E+00 .2911E+00 .2071E-01 .3118E+00 .2911E+00 .4214E-02 .1060E+00
.1167E+04 .5172E+00 .3297E+00 .4865E-02 .2380E+00 .2331E+00 .3297E+00 .2358E-01 .3533E+00 .3297E+00 .4865E-02 .1201E+00
.1168E+04 .5180E+00 .3438E+00 .5113E-02 .2483E+00 .2431E+00 .3438E+00 .2464E-01 .3685E+00 .3438E+00 .5113E-02 .1253E+00
.1169E+04 .5068E+00 .3529E+00 .5272E-02 .2548E+00 .2495E+00 .3529E+00 .2532E-01 .3782E+00 .3529E+00 .5272E-02 .1286E+00
.1170E+04 .5163E+00 .3953E+00 .6026E-02 .2856E+00 .2795E+00 .3953E+00 .2850E-01 .4238E+00 .3953E+00 .6026E-02 .1440E+00
.1171E+04 .5178E+00 .3876E+00 .5891E-02 .2799E+00 .2741E+00 .3876E+00 .2790E-01 .4155E+00 .3876E+00 .5891E-02 .1410E+00
.1172E+04 .5164E+00 .3962E+00 .6055E-02 .2862E+00 .2802E+00 .3962E+00 .2856E-01 .4248E+00 .3962E+00 .6055E-02 .1441E+00
.1173E+04 .5159E+00 .3970E+00 .6027E-02 .2867E+00 .2807E+00 .3970E+00 .2856E-01 .4255E+00 .3970E+00 .6027E-02 .1444E+00
.1174E+04 .5135E+00 .2626E+00 .3695E-02 .1894E+00 .1857E+00 .2626E+00 .1851E-01 .2811E+00 .2626E+00 .3695E-02 .9542E-01
.1175E+04 .4991E+00 .3952E+00 .6050E-02 .2855E+00 .2795E+00 .3952E+00 .2848E-01 .4237E+00 .3952E+00 .6050E-02 .1436E+00
.1176E+04 .5075E+00 .4429E+00 .6921E-02 .3201E+00 .3132E+00 .4429E+00 .3208E-01 .4750E+00 .4429E+00 .6921E-02 .1609E+00
.1177E+04 .5074E+00 .4191E+00 .6438E-02 .3028E+00 .2963E+00 .4191E+00 .3020E-01 .4493E+00 .4191E+00 .6438E-02 .1521E+00
.1178E+04 .5015E+00 .3023E+00 .4397E-02 .2182E+00 .2138E+00 .3023E+00 .2147E-01 .3238E+00 .3023E+00 .4397E-02 .1097E+00
.1179E+04 .5088E+00 .4516E+00 .7043E-02 .3264E+00 .3193E+00 .4516E+00 .3268E-01 .4843E+00 .4516E+00 .7043E-02 .1639E+00
.1180E+04 .5100E+00 .3888E+00 .5842E-02 .2807E+00 .2749E+00 .3888E+00 .2783E-01 .4166E+00 .3888E+00 .5842E-02 .1409E+00
.1181E+04 .5064E+00 .4018E+00 .6063E-02 .2902E+00 .2841E+00 .4018E+00 .2878E-01 .4306E+00 .4018E+00 .6063E-02 .1456E+00
.1182E+04 .5003E+00 .2686E+00 .3782E-02 .1937E+00 .1899E+00 .2686E+00 .1888E-01 .2875E+00 .2686E+00 .3782E-02 .9717E-01
.1183E+04 .4858E+00 .3976E+00 .6013E-02 .2872E+00 .2812E+00 .3976E+00 .2848E-01 .4261E+00 .3976E+00 .6013E-02 .1440E+00
.1184E+04 .5001E+00 .3711E+00 .5505E-02 .2679E+00 .2624E+00 .3711E+00 .2645E-01 .3975E+00 .3711E+00 .5505E-02 .1343E+00
.1185E+04 .5046E+00 .3517E+00 .5125E-02 .2538E+00 .2487E+00 .3517E+00 .2495E-01 .3767E+00 .3517E+00 .5125E-02 .1273E+00
.1186E+04 .5035E+00 .4318E+00 .6566E-02 .3119E+00 .3053E+00 .4318E+00 .3098E-01 .4627E+00 .4318E+00 .6566E-02 .1563E+00
.1187E+04 .5034E+00 .4066E+00 .6090E-02 .2936E+00 .2875E+00 .4066E+00 .2905E-01 .4356E+00 .4066E+00 .6090E-02 .1472E+00
.1188E+04 .4850E+00 .2666E+00 .3681E-02 .1922E+00 .1885E+00 .2666E+00 .1864E-01 .2852E+00 .2666E+00 .3681E-02 .9643E-01
.1189E+04 .4842E+00 .3770E+00 .5592E-02 .2722E+00 .2666E+00 .3770E+00 .2687E-01 .4039E+00 .3770E+00 .5592E-02 .1365E+00
.1190E+04 .4983E+00 .4237E+00 .6398E-02 .3060E+00 .2996E+00 .4237E+00 .3034E-01 .4541E+00 .4237E+00 .6398E-02 .1534E+00
.1191E+04 .5014E+00 .3890E+00 .5716E-02 .2808E+00 .2751E+00 .3890E+00 .2765E-01 .4167E+00 .3890E+00 .5716E-02 .1408E+00
.1192E+04 .4989E+00 .4310E+00 .6513E-02 .3113E+00 .3047E+00 .4310E+00 .3088E-01 .4619E+00 .4310E+00 .6513E-02 .1561E+00
.1193E+04 .4984E+00 .4089E+00 .6101E-02 .2953E+00 .2892E+00 .4089E+00 .2922E-01 .4382E+00 .4089E+00 .6101E-02 .1482E+00
.1194E+04 .4975E+00 .4257E+00 .6397E-02 .3074E+00 .3010E+00 .4257E+00 .3049E-01 .4562E+00 .4257E+00 .6397E-02 .1544E+00
.1195E+04 .4914E+00 .3922E+00 .5772E-02 .2831E+00 .2773E+00 .3922E+00 .2796E-01 .4202E+00 .3922E+00 .5772E-02 .1424E+00
.1196E+04 .4919E+00 .3736E+00 .5430E-02 .2696E+00 .2642E+00 .3736E+00 .2656E-01 .4002E+00 .3736E+00 .5430E-02 .1358E+00
.1197E+04 .4798E+00 .4287E+00 .6462E-02 .3096E+00 .3031E+00 .4287E+00 .3081E-01 .4595E+00 .4287E+00 .6462E-02 .1560E+00
.1198E+04 .4745E+00 .3868E+00 .5730E-02 .2792E+00 .2735E+00 .3868E+00 .2770E-01 .4145E+00 .3868E+00 .5730E-02 .1410E+00
.1199E+04 .4694E+00 .3152E+00 .4463E-02 .2273E+00 .2229E+00 .3152E+00 .2234E-01 .3375E+00 .3152E+00 .4463E-02 .1150E+00
.1200E+04 .4889E+00 .4042E+00 .5975E-02 .2918E+00 .2858E+00 .4042E+00 .2899E-01 .4332E+00 .4042E+00 .5975E-02 .1477E+00
.1201E+04 .4910E+00 .3840E+00 .5586E-02 .2771E+00 .2715E+00 .3840E+00 .2745E-01 .4115E+00 .3840E+00 .5586E-02 .1405E+00
.1202E+04 .4883E+00 .3866E+00 .5670E-02 .2790E+00 .2734E+00 .3866E+00 .2772E-01 .4143E+00 .3866E+00 .5670E-02 .1417E+00
.1203E+04 .4679E+00 .3776E+00 .5500E-02 .2725E+00 .2670E+00 .3776E+00 .2707E-01 .4047E+00 .3776E+00 .5500E-02 .1386E+00
.1204E+04 .4791E+00 .3196E+00 .4494E-02 .2305E+00 .2260E+00 .3196E+00 .2273E-01 .3423E+00 .3196E+00 .4494E-02 .1175E+00
.1205E+04 .4848E+00 .3941E+00 .5778E-02 .2845E+00 .2787E+00 .3941E+00 .2838E-01 .4225E+00 .3941E+00 .5778E-02 .1452E+00
.1206E+04 .4854E+00 .4444E+00 .6655E-02 .3209E+00 .3142E+00 .4444E+00 .3222E-01 .4766E+00 .4444E+00 .6655E-02 .1641E+00
.1207E+04 .4845E+00 .3786E+00 .5471E-02 .2732E+00 .2677E+00 .3786E+00 .2722E-01 .4058E+00 .3786E+00 .5471E-02 .1399E+00
.1208E+04 .4598E+00 .3751E+00 .5468E-02 .2707E+00 .2652E+00 .3751E+00 .2705E-01 .4021E+00 .3751E+00 .5468E-02 .1387E+00
.1209E+04 .4690E+00 .3856E+00 .5621E-02 .2783E+00 .2727E+00 .3856E+00 .2782E-01 .4134E+00 .3856E+00 .5621E-02 .1427E+00
.1210E+04 .4716E+00 .4068E+00 .5984E-02 .2937E+00 .2877E+00 .4068E+00 .2945E-01 .4363E+00 .4068E+00 .5984E-02 .1507E+00
.1211E+04 .4733E+00 .3833E+00 .5561E-02 .2766E+00 .2711E+00 .3833E+00 .2766E-01 .4110E+00 .3833E+00 .5561E-02 .1421E+00
.1212E+04 .4790E+00 .3697E+00 .5250E-02 .2667E+00 .2615E+00 .3697E+00 .2655E-01 .3963E+00 .3697E+00 .5250E-02 .1372E+00
.1213E+04 .4784E+00 .4294E+00 .6320E-02 .3099E+00 .3036E+00 .4294E+00 .3114E-01 .4605E+00 .4294E+00 .6320E-02 .1595E+00
.1214E+04 .4785E+00 .3820E+00 .5452E-02 .2756E+00 .2701E+00 .3820E+00 .2750E-01 .4095E+00 .3820E+00 .5452E-02 .1419E+00
.1215E+04 .4783E+00 .3741E+00 .5315E-02 .2698E+00 .2645E+00 .3741E+00 .2689E-01 .4010E+00 .3741E+00 .5315E-02 .1389E+00
.1216E+04 .4775E+00 .4288E+00 .6291E-02 .3095E+00 .3032E+00 .4288E+00 .3109E-01 .4599E+00 .4288E+00 .6291E-02 .1594E+00
.1217E+04 .4762E+00 .4153E+00 .6041E-02 .2997E+00 .2936E+00 .4153E+00 .3004E-01 .4453E+00 .4153E+00 .6041E-02 .1543E+00
.1218E+04 .4744E+00 .4216E+00 .6144E-02 .3043E+00 .2981E+00 .4216E+00 .3051E-01 .4521E+00 .4216E+00 .6144E-02 .1567E+00
.1219E+04 .4724E+00 .4113E+00 .5944E-02 .2968E+00 .2909E+00 .4113E+00 .2971E-01 .4410E+00 .4113E+00 .5944E-02 .1528E+00
.1220E+04 .4738E+00 .4236E+00 .6160E-02 .3057E+00 .2995E+00 .4236E+00 .3064E-01 .4542E+00 .4236E+00 .6160E-02 .1574E+00
.1221E+04 .4719E+00 .4304E+00 .6281E-02 .3106E+00 .3043E+00 .4304E+00 .3116E-01 .4616E+00 .4304E+00 .6281E-02 .1600E+00
.1222E+04 .4701E+00 .4177E+00 .6058E-02 .3014E+00 .2954E+00 .4177E+00 .3020E-01 .4479E+00 .4177E+00 .6058E-02 .1552E+00
.1223E+04 .4686E+00 .4116E+00 .5939E-02 .2970E+00 .2911E+00 .4116E+00 .2972E-01 .4413E+00 .4116E+00 .5939E-02 .1530E+00
.1224E+04 .4699E+00 .4064E+00 .5815E-02 .2932E+00 .2873E+00 .4064E+00 .2927E-01 .4356E+00 .4064E+00 .5815E-02 .1510E+00
.1225E+04 .4684E+00 .4278E+00 .6194E-02 .3087E+00 .3025E+00 .4278E+00 .3091E-01 .4587E+00 .4278E+00 .6194E-02 .1590E+00
.1226E+04 .4663E+00 .4336E+00 .6302E-02 .3129E+00 .3066E+00 .4336E+00 .3136E-01 .4650E+00 .4336E+00 .6302E-02 .1611E+00
.1227E+04 .4570E+00 .3914E+00 .5563E-02 .2823E+00 .2768E+00 .3914E+00 .2815E-01 .4196E+00 .3914E+00 .5563E-02 .1454E+00
.1228E+04 .4645E+00 .4373E+00 .6353E-02 .3156E+00 .3092E+00 .4373E+00 .3162E-01 .4689E+00 .4373E+00 .6353E-02 .1625E+00
.1229E+04 .4654E+00 .4345E+00 .6288E-02 .3135E+00 .3072E+00 .4345E+00 .3139E-01 .4659E+00 .4345E+00 .6288E-02 .1614E+00
.1230E+04 .4629E+00 .4254E+00 .6122E-02 .3069E+00 .3008E+00 .4254E+00 .3069E-01 .4561E+00 .4254E+00 .6122E-02 .1581E+00
.1231E+04 .4614E+00 .4438E+00 .6452E-02 .3203E+00 .3138E+00 .4438E+00 .3210E-01 .4759E+00 .4438E+00 .6452E-02 .1649E+00
.1232E+04 .4592E+00 .4410E+00 .6399E-02 .3183E+00 .3119E+00 .4410E+00 .3188E-01 .4729E+00 .4410E+00 .6399E-02 .1639E+00
.1233E+04 .4601E+00 .4178E+00 .5954E-02 .3014E+00 .2954E+00 .4178E+00 .3006E-01 .4478E+00 .4178E+00 .5954E-02 .1552E+00
.1234E+04 .4577E+00 .4452E+00 .6460E-02 .3213E+00 .3148E+00 .4452E+00 .3219E-01 .4774E+00 .4452E+00 .6460E-02 .1654E+00
.1235E+04 .4572E+00 .4410E+00 .6372E-02 .3182E+00 .3118E+00 .4410E+00 .3185E-01 .4729E+00 .4410E+00 .6372E-02 .1639E+00
.1236E+04 .4586E+00 .4456E+00 .6442E-02 .3215E+00 .3151E+00 .4456E+00 .3218E-01 .4778E+00 .4456E+00 .6442E-02 .1656E+00
.1237E+04 .4580E+00 .4363E+00 .6261E-02 .3148E+00 .3085E+00 .4363E+00 .3145E-01 .4677E+00 .4363E+00 .6261E-02 .1621E+00
.1238E+04 .4570E+00 .4443E+00 .6403E-02 .3206E+00 .3142E+00 .4443E+00 .3207E-01 .4764E+00 .4443E+00 .6403E-02 .1651E+00
.1239E+04 .4513E+00 .4386E+00 .6309E-02 .3165E+00 .3102E+00 .4386E+00 .3164E-01 .4703E+00 .4386E+00 .6309E-02 .1630E+00
.1240E+04 .4522E+00 .4409E+00 .6337E-02 .3181E+00 .3118E+00 .4409E+00 .3180E-01 .4727E+00 .4409E+00 .6337E-02 .1638E+00
.1241E+04 .4541E+00 .4371E+00 .6247E-02 .3153E+00 .3091E+00 .4371E+00 .3148E-01 .4686E+00 .4371E+00 .6247E-02 .1624E+00
.1242E+04 .4495E+00 .4380E+00 .6270E-02 .3160E+00 .3097E+00 .4380E+00 .3154E-01 .4695E+00 .4380E+00 .6270E-02 .1626E+00
.1243E+04 .4456E+00 .4348E+00 .6215E-02 .3136E+00 .3074E+00 .4348E+00 .3128E-01 .4661E+00 .4348E+00 .6215E-02 .1613E+00
.1244E+04 .4500E+00 .4375E+00 .6235E-02 .3156E+00 .3093E+00 .4375E+00 .3144E-01 .4689E+00 .4375E+00 .6235E-02 .1622E+00
.1245E+04 .4512E+00 .4400E+00 .6266E-02 .3174E+00 .3111E+00 .4400E+00 .3161E-01 .4716E+00 .4400E+00 .6266E-02 .1631E+00
.1246E+04 .4484E+00 .4374E+00 .6219E-02 .3155E+00 .3093E+00 .4374E+00 .3141E-01 .4688E+00 .4374E+00 .6219E-02 .1622E+00
.1247E+04 .4478E+00 .4357E+00 .6180E-02 .3143E+00 .3081E+00 .4357E+00 .3127E-01 .4670E+00 .4357E+00 .6180E-02 .1615E+00
.1248E+04 .4496E+00 .4348E+00 .6145E-02 .3136E+00 .3075E+00 .4348E+00 .3118E-01 .4660E+00 .4348E+00 .6145E-02 .1612E+00
.1249E+04 .4491E+00 .4372E+00 .6181E-02 .3153E+00 .3092E+00 .4372E+00 .3135E-01 .4686E+00 .4372E+00 .6181E-02 .1621E+00
.1250E+04 .4476E+00 .4349E+00 .6133E-02 .3136E+00 .3075E+00 .4349E+00 .3117E-01 .4660E+00 .4349E+00 .6133E-02 .1612E+00
.1251E+04 .4444E+00 .4303E+00 .6051E-02 .3103E+00 .3042E+00 .4303E+00 .3081E-01 .4611E+00 .4303E+00 .6051E-02 .1595E+00
.1252E+04 .4413E+00 .4289E+00 .6030E-02 .3093E+00 .3033E+00 .4289E+00 .3072E-01 .4596E+00 .4289E+00 .6030E-02 .1590E+00
.1253E+04 .4435E+00 .4279E+00 .5990E-02 .3085E+00 .3025E+00 .4279E+00 .3061E-01 .4585E+00 .4279E+00 .5990E-02 .1586E+00
.1254E+04 .4436E+00 .4232E+00 .5896E-02 .3052E+00 .2993E+00 .4232E+00 .3024E-01 .4535E+00 .4232E+00 .5896E-02 .1569E+00
.1255E+04 .4424E+00 .4286E+00 .5988E-02 .3090E+00 .3031E+00 .4286E+00 .3065E-01 .4592E+00 .4286E+00 .5988E-02 .1589E+00
.1256E+04 .4407E+00 .4208E+00 .5844E-02 .3034E+00 .2976E+00 .4208E+00 .3005E-01 .4509E+00 .4208E+00 .5844E-02 .1560E+00
.1257E+04 .4405E+00 .4196E+00 .5812E-02 .3025E+00 .2967E+00 .4196E+00 .2994E-01 .4495E+00 .4196E+00 .5812E-02 .1555E+00
.1258E+04 .4401E+00 .4234E+00 .5874E-02 .3053E+00 .2994E+00 .4234E+00 .3022E-01 .4537E+00 .4234E+00 .5874E-02 .1570E+00
.1259E+04 .4411E+00 .4149E+00 .5706E-02 .2991E+00 .2934E+00 .4149E+00 .2956E-01 .4445E+00 .4149E+00 .5706E-02 .1538E+00
.1260E+04 .4413E+00 .4154E+00 .5706E-02 .2995E+00 .2938E+00 .4154E+00 .2960E-01 .4450E+00 .4154E+00 .5706E-02 .1541E+00
.1261E+04 .4388E+00 .3994E+00 .5421E-02 .2878E+00 .2824E+00 .3994E+00 .2839E-01 .4278E+00 .3994E+00 .5421E-02 .1483E+00
.1262E+04 .4378E+00 .3923E+00 .5291E-02 .2827E+00 .2774E+00 .3923E+00 .2786E-01 .4202E+00 .3923E+00 .5291E-02 .1458E+00
.1263E+04 .4394E+00 .3920E+00 .5273E-02 .2825E+00 .2772E+00 .3920E+00 .2785E-01 .4199E+00 .3920E+00 .5273E-02 .1458E+00
.1264E+04 .4352E+00 .3710E+00 .4915E-02 .2673E+00 .2624E+00 .3710E+00 .2628E-01 .3973E+00 .3710E+00 .4915E-02 .1381E+00
.1265E+04 .4360E+00 .3905E+00 .5243E-02 .2814E+00 .2761E+00 .3905E+00 .2777E-01 .4183E+00 .3905E+00 .5243E-02 .1455E+00
.1266E+04 .4368E+00 .3816E+00 .5076E-02 .2749E+00 .2698E+00 .3816E+00 .2709E-01 .4087E+00 .3816E+00 .5076E-02 .1423E+00
.1267E+04 .4325E+00 .3827E+00 .5103E-02 .2757E+00 .2706E+00 .3827E+00 .2719E-01 .4099E+00 .3827E+00 .5103E-02 .1427E+00
.1268E+04 .4295E+00 .3698E+00 .4882E-02 .2664E+00 .2615E+00 .3698E+00 .2621E-01 .3960E+00 .3698E+00 .4882E-02 .1379E+00
.1269E+04 .4340E+00 .2723E+00 .3264E-02 .1958E+00 .1926E+00 .2723E+00 .1889E-01 .2912E+00 .2723E+00 .3264E-02 .1016E+00
.1270E+04 .4355E+00 .3841E+00 .5095E-02 .2767E+00 .2716E+00 .3841E+00 .2733E-01 .4114E+00 .3841E+00 .5095E-02 .1438E+00
.1271E+04 .4344E+00 .3956E+00 .5293E-02 .2850E+00 .2797E+00 .3956E+00 .2826E-01 .4238E+00 .3956E+00 .5293E-02 .1484E+00
.1272E+04 .4333E+00 .3967E+00 .5307E-02 .2858E+00 .2805E+00 .3967E+00 .2834E-01 .4250E+00 .3967E+00 .5307E-02 .1489E+00
.1273E+04 .4313E+00 .3937E+00 .5253E-02 .2836E+00 .2784E+00 .3937E+00 .2811E-01 .4218E+00 .3937E+00 .5253E-02 .1478E+00
.1274E+04 .4296E+00 .3922E+00 .5226E-02 .2825E+00 .2773E+00 .3922E+00 .2800E-01 .4202E+00 .3922E+00 .5226E-02 .1472E+00
.1275E+04 .4313E+00 .3991E+00 .5329E-02 .2875E+00 .2822E+00 .3991E+00 .2850E-01 .4276E+00 .3991E+00 .5329E-02 .1498E+00
.1276E+04 .4312E+00 .4000E+00 .5338E-02 .2882E+00 .2828E+00 .4000E+00 .2856E-01 .4286E+00 .4000E+00 .5338E-02 .1501E+00
.1277E+04 .4301E+00 .3969E+00 .5284E-02 .2860E+00 .2807E+00 .3969E+00 .2831E-01 .4252E+00 .3969E+00 .5284E-02 .1489E+00
.1278E+04 .4282E+00 .4073E+00 .5457E-02 .2935E+00 .2880E+00 .4073E+00 .2908E-01 .4364E+00 .4073E+00 .5457E-02 .1527E+00
.1279E+04 .4248E+00 .3992E+00 .5320E-02 .2876E+00 .2823E+00 .3992E+00 .2845E-01 .4276E+00 .3992E+00 .5320E-02 .1495E+00
.1280E+04 .4194E+00 .3928E+00 .5220E-02 .2829E+00 .2777E+00 .3928E+00 .2798E-01 .4207E+00 .3928E+00 .5220E-02 .1471E+00
.1281E+04 .3961E+00 .3740E+00 .4975E-02 .2694E+00 .2644E+00 .3740E+00 .2664E-01 .4006E+00 .3740E+00 .4975E-02 .1401E+00
.1282E+04 .3751E+00 .3621E+00 .4840E-02 .2609E+00 .2560E+00 .3621E+00 .2583E-01 .3879E+00 .3621E+00 .4840E-02 .1356E+00
.1283E+04 .4054E+00 .3896E+00 .5192E-02 .2807E+00 .2755E+00 .3896E+00 .2777E-01 .4174E+00 .3896E+00 .5192E-02 .1459E+00
.1284E+04 .4167E+00 .3950E+00 .5234E-02 .2845E+00 .2793E+00 .3950E+00 .2811E-01 .4231E+00 .3950E+00 .5234E-02 .1479E+00
.1285E+04 .4185E+00 .3994E+00 .5295E-02 .2877E+00 .2824E+00 .3994E+00 .2843E-01 .4278E+00 .3994E+00 .5295E-02 .1496E+00
.1286E+04 .4202E+00 .4042E+00 .5362E-02 .2912E+00 .2858E+00 .4042E+00 .2878E-01 .4330E+00 .4042E+00 .5362E-02 .1514E+00
.1287E+04 .4211E+00 .3946E+00 .5188E-02 .2842E+00 .2790E+00 .3946E+00 .2804E-01 .4227E+00 .3946E+00 .5188E-02 .1478E+00
.1288E+04 .4195E+00 .3944E+00 .5182E-02 .2840E+00 .2789E+00 .3944E+00 .2801E-01 .4224E+00 .3944E+00 .5182E-02 .1477E+00
.1289E+04 .4195E+00 .3781E+00 .4900E-02 .2723E+00 .2674E+00 .3781E+00 .2676E-01 .4049E+00 .3781E+00 .4900E-02 .1415E+00
.1290E+04 .4142E+00 .3903E+00 .5112E-02 .2811E+00 .2760E+00 .3903E+00 .2768E-01 .4180E+00 .3903E+00 .5112E-02 .1460E+00
.1291E+04 .4175E+00 .3977E+00 .5215E-02 .2864E+00 .2812E+00 .3977E+00 .2818E-01 .4258E+00 .3977E+00 .5215E-02 .1486E+00
.1292E+04 .4193E+00 .3626E+00 .4624E-02 .2611E+00 .2564E+00 .3626E+00 .2553E-01 .3882E+00 .3626E+00 .4624E-02 .1354E+00
.1293E+04 .4169E+00 .3849E+00 .4990E-02 .2771E+00 .2722E+00 .3849E+00 .2720E-01 .4121E+00 .3849E+00 .4990E-02 .1438E+00
.1294E+04 .4160E+00 .3793E+00 .4895E-02 .2731E+00 .2682E+00 .3793E+00 .2678E-01 .4061E+00 .3793E+00 .4895E-02 .1417E+00
.1295E+04 .4177E+00 .3792E+00 .4868E-02 .2730E+00 .2681E+00 .3792E+00 .2674E-01 .4059E+00 .3792E+00 .4868E-02 .1416E+00
.1296E+04 .4178E+00 .3541E+00 .4459E-02 .2548E+00 .2504E+00 .3541E+00 .2485E-01 .3789E+00 .3541E+00 .4459E-02 .1322E+00
.1297E+04 .4141E+00 .3301E+00 .4095E-02 .2375E+00 .2334E+00 .3301E+00 .2309E-01 .3532E+00 .3301E+00 .4095E-02 .1232E+00
.1298E+04 .4136E+00 .3681E+00 .4687E-02 .2650E+00 .2603E+00 .3681E+00 .2591E-01 .3940E+00 .3681E+00 .4687E-02 .1375E+00
.1299E+04 .4157E+00 .3882E+00 .5003E-02 .2795E+00 .2745E+00 .3882E+00 .2740E-01 .4156E+00 .3882E+00 .5003E-02 .1450E+00
.1300E+04 .4141E+00 .3108E+00 .3808E-02 .2236E+00 .2198E+00 .3108E+00 .2168E-01 .3325E+00 .3108E+00 .3808E-02 .1160E+00
.1301E+04 .4116E+00 .3179E+00 .3894E-02 .2287E+00 .2248E+00 .3179E+00 .2217E-01 .3401E+00 .3179E+00 .3894E-02 .1187E+00
.1302E+04 .4097E+00 .3665E+00 .4641E-02 .2638E+00 .2592E+00 .3665E+00 .2576E-01 .3923E+00 .3665E+00 .4641E-02 .1369E+00
.1303E+04 .4066E+00 .3045E+00 .3705E-02 .2190E+00 .2153E+00 .3045E+00 .2121E-01 .3257E+00 .3045E+00 .3705E-02 .1137E+00
.1304E+04 .4079E+00 .2492E+00 .2893E-02 .1791E+00 .1762E+00 .2492E+00 .1718E-01 .2664E+00 .2492E+00 .2893E-02 .9302E-01
.1305E+04 .4101E+00 .3561E+00 .4461E-02 .2563E+00 .2518E+00 .3561E+00 .2497E-01 .3811E+00 .3561E+00 .4461E-02 .1330E+00
.1306E+04 .4099E+00 .3557E+00 .4438E-02 .2560E+00 .2515E+00 .3557E+00 .2492E-01 .3807E+00 .3557E+00 .4438E-02 .1328E+00
.1307E+04 .4076E+00 .2515E+00 .2917E-02 .1807E+00 .1778E+00 .2515E+00 .1732E-01 .2688E+00 .2515E+00 .2917E-02 .9378E-01
.1308E+04 .4071E+00 .3171E+00 .3882E-02 .2281E+00 .2242E+00 .3171E+00 .2209E-01 .3392E+00 .3171E+00 .3882E-02 .1182E+00
.1309E+04 .4068E+00 .3529E+00 .4368E-02 .2539E+00 .2496E+00 .3529E+00 .2464E-01 .3776E+00 .3529E+00 .4368E-02 .1315E+00
.1310E+04 .4042E+00 .2550E+00 .2958E-02 .1833E+00 .1803E+00 .2550E+00 .1754E-01 .2725E+00 .2550E+00 .2958E-02 .9496E-01
.1311E+04 .4040E+00 .2951E+00 .3540E-02 .2122E+00 .2086E+00 .2951E+00 .2045E-01 .3155E+00 .2951E+00 .3540E-02 .1099E+00
.1312E+04 .3931E+00 .2871E+00 .3435E-02 .2065E+00 .2030E+00 .2871E+00 .1988E-01 .3070E+00 .2871E+00 .3435E-02 .1069E+00
.1313E+04 .3965E+00 .2727E+00 .3195E-02 .1960E+00 .1928E+00 .2727E+00 .1878E-01 .2915E+00 .2727E+00 .3195E-02 .1014E+00
.1314E+04 .3999E+00 .2480E+00 .2856E-02 .1782E+00 .1753E+00 .2480E+00 .1701E-01 .2650E+00 .2480E+00 .2856E-02 .9215E-01
.1315E+04 .3881E+00 .2255E+00 .2525E-02 .1620E+00 .1595E+00 .2255E+00 .1537E-01 .2409E+00 .2255E+00 .2525E-02 .8379E-01
.1316E+04 .3974E+00 .2857E+00 .3364E-02 .2054E+00 .2020E+00 .2857E+00 .1969E-01 .3054E+00 .2857E+00 .3364E-02 .1062E+00
.1317E+04 .3992E+00 .2747E+00 .3222E-02 .1975E+00 .1942E+00 .2747E+00 .1891E-01 .2936E+00 .2747E+00 .3222E-02 .1021E+00
.1318E+04 .3975E+00 .3037E+00 .3631E-02 .2184E+00 .2147E+00 .3037E+00 .2100E-01 .3247E+00 .3037E+00 .3631E-02 .1129E+00
.1319E+04 .4003E+00 .2125E+00 .2333E-02 .1526E+00 .1503E+00 .2125E+00 .1442E-01 .2269E+00 .2125E+00 .2333E-02 .7890E-01
.1320E+04 .3983E+00 .2244E+00 .2522E-02 .1612E+00 .1587E+00 .2244E+00 .1529E-01 .2397E+00 .2244E+00 .2522E-02 .8327E-01
.1321E+04 .3960E+00 .2586E+00 .2967E-02 .1859E+00 .1829E+00 .2586E+00 .1769E-01 .2763E+00 .2586E+00 .2967E-02 .9589E-01
.1322E+04 .3968E+00 .2555E+00 .2889E-02 .1835E+00 .1806E+00 .2555E+00 .1741E-01 .2729E+00 .2555E+00 .2889E-02 .9462E-01
.1323E+04 .3964E+00 .1883E+00 .2006E-02 .1352E+00 .1332E+00 .1883E+00 .1266E-01 .2010E+00 .1883E+00 .2006E-02 .6966E-01
.1324E+04 .3967E+00 .2109E+00 .2304E-02 .1515E+00 .1491E+00 .2109E+00 .1425E-01 .2252E+00 .2109E+00 .2304E-02 .7800E-01
.1325E+04 .3949E+00 .2846E+00 .3302E-02 .2045E+00 .2012E+00 .2846E+00 .1948E-01 .3041E+00 .2846E+00 .3302E-02 .1053E+00
.1326E+04 .3926E+00 .2325E+00 .2585E-02 .1670E+00 .1644E+00 .2325E+00 .1577E-01 .2483E+00 .2325E+00 .2585E-02 .8599E-01
.1327E+04 .3922E+00 .2208E+00 .2429E-02 .1586E+00 .1561E+00 .2208E+00 .1493E-01 .2358E+00 .2208E+00 .2429E-02 .8160E-01
.1328E+04 .3886E+00 .1930E+00 .2077E-02 .1385E+00 .1364E+00 .1930E+00 .1298E-01 .2060E+00 .1930E+00 .2077E-02 .7123E-01
.1329E+04 .3839E+00 .1396E+00 .1397E-02 .1001E+00 .9868E-01 .1396E+00 .9245E-02 .1488E+00 .1396E+00 .1397E-02 .5143E-01
.1330E+04 .3896E+00 .1793E+00 .1844E-02 .1286E+00 .1268E+00 .1793E+00 .1194E-01 .1913E+00 .1793E+00 .1844E-02 .6604E-01
.1331E+04 .3886E+00 .9824E-01 .9050E-03 .7037E-01 .6946E-01 .9824E-01 .6398E-02 .1046E+00 .9824E-01 .9050E-03 .3612E-01
.1332E+04 .3843E+00 .1065E+00 .1006E-02 .7631E-01 .7530E-01 .1065E+00 .6967E-02 .1135E+00 .1065E+00 .1006E-02 .3915E-01
.1333E+04 .3904E+00 .1481E+00 .1443E-02 .1062E+00 .1047E+00 .1481E+00 .9748E-02 .1579E+00 .1481E+00 .1443E-02 .5447E-01
.1334E+04 .3908E+00 .1391E+00 .1411E-02 .9977E-01 .9835E-01 .1391E+00 .9224E-02 .1483E+00 .1391E+00 .1411E-02 .5117E-01
.1335E+04 .3883E+00 .1893E+00 .1973E-02 .1358E+00 .1338E+00 .1893E+00 .1261E-01 .2019E+00 .1893E+00 .1973E-02 .6958E-01
.1336E+04 .3889E+00 .1452E+00 .1436E-02 .1041E+00 .1027E+00 .1452E+00 .9567E-02 .1548E+00 .1452E+00 .1436E-02 .5330E-01
.1337E+04 .3873E+00 .1208E+00 .1166E-02 .8656E-01 .8540E-01 .1208E+00 .7910E-02 .1287E+00 .1208E+00 .1166E-02 .4425E-01
.1338E+04 .3850E+00 .1298E+00 .1250E-02 .9307E-01 .9181E-01 .1298E+00 .8488E-02 .1383E+00 .1298E+00 .1250E-02 .4749E-01
.1339E+04 .3791E+00 .1330E+00 .1292E-02 .9530E-01 .9401E-01 .1330E+00 .8697E-02 .1416E+00 .1330E+00 .1292E-02 .4857E-01
.1340E+04 .3833E+00 .1323E+00 .1304E-02 .9487E-01 .9357E-01 .1323E+00 .8680E-02 .1410E+00 .1323E+00 .1304E-02 .4835E-01
.1341E+04 .3840E+00 .1173E+00 .1088E-02 .8403E-01 .8294E-01 .1173E+00 .7606E-02 .1249E+00 .1173E+00 .1088E-02 .4282E-01
.1342E+04 .3837E+00 .1169E+00 .1081E-02 .8374E-01 .8266E-01 .1169E+00 .7567E-02 .1245E+00 .1169E+00 .1081E-02 .4262E-01
.1343E+04 .3833E+00 .6648E-01 .5298E-03 .4754E-01 .4701E-01 .6648E-01 .4187E-02 .7066E-01 .6648E-01 .5298E-03 .2417E-01
.1344E+04 .3843E+00 .4867E-01 .3986E-03 .3481E-01 .3441E-01 .4867E-01 .3076E-02 .5174E-01 .4867E-01 .3986E-03 .1767E-01
.1345E+04 .3823E+00 .6832E-01 .5575E-03 .4886E-01 .4831E-01 .6832E-01 .4311E-02 .7263E-01 .6832E-01 .5575E-03 .2478E-01
.1346E+04 .3806E+00 .2600E-01 .1695E-03 .1856E-01 .1839E-01 .2600E-01 .1584E-02 .2759E-01 .2600E-01 .1695E-03 .9405E-02
.1347E+04 .3814E+00 .2661E-01 .1684E-03 .1899E-01 .1882E-01 .2661E-01 .1614E-02 .2823E-01 .2661E-01 .1684E-03 .9615E-02
.1348E+04 .3812E+00 .1166E-02 .4907E-05 .8294E-03 .8244E-03 .1166E-02 .6745E-04 .1233E-02 .1166E-02 .4907E-05 .4198E-03
.1349E+04 .3782E+00 .4216E-02 .1911E-04 .3000E-02 .2981E-02 .4216E-02 .2454E-03 .4462E-02 .4216E-02 .1911E-04 .1517E-02
.1350E+04 .3753E+00 .5497E-02 .2652E-04 .3914E-02 .3887E-02 .5497E-02 .3216E-03 .5819E-02 .5497E-02 .2652E-04 .1975E-02
.1351E+04 .3779E+00 .8180E-03 .2753E-05 .5812E-03 .5784E-03 .8180E-03 .4623E-04 .8642E-03 .8180E-03 .2753E-05 .2928E-03
.1352E+04 .3793E+00 .1340E-03 .2679E-06 .9501E-04 .9474E-04 .1340E-03 .7327E-05 .1413E-03 .1340E-03 .2679E-06 .4781E-04
.1353E+04 .3777E+00 .5957E-05 .9093E-08 .4221E-05 .4212E-05 .5957E-05 .3218E-06 .6278E-05 .5957E-05 .9093E-08 .2122E-05
.1354E+04 .3755E+00 .2770E-04 .5634E-07 .1964E-04 .1959E-04 .2770E-04 .1513E-05 .2922E-04 .2770E-04 .5634E-07 .9867E-05
.1355E+04 .3718E+00 .8947E-07 .7675E-10 .6334E-07 .6326E-07 .8947E-07 .4748E-08 .9422E-07 .8947E-07 .7675E-10 .3178E-07
.1356E+04 .3701E+00 .4685E-05 .7674E-08 .3321E-05 .3313E-05 .4685E-05 .2531E-06 .4938E-05 .4685E-05 .7674E-08 .1665E-05
.1357E+04 .3706E+00 .5431E-05 .8456E-08 .3849E-05 .3840E-05 .5431E-05 .2925E-06 .5723E-05 .5431E-05 .8456E-08 .1927E-05
.1358E+04 .3734E+00 .1298E-06 .1180E-09 .9189E-07 .9177E-07 .1298E-06 .6869E-08 .1366E-06 .1298E-06 .1180E-09 .4592E-07
.1359E+04 .3698E+00 .6620E-08 .2812E-11 .4684E-08 .4681E-08 .6620E-08 .3456E-09 .6966E-08 .6620E-08 .2812E-11 .2337E-08
.1360E+04 .3701E+00 .4850E-07 .3436E-10 .3433E-07 .3429E-07 .4850E-07 .2548E-08 .5104E-07 .4850E-07 .3436E-10 .1711E-07
.1361E+04 .3730E+00 .1080E-10 .1816E-14 .7639E-11 .7637E-11 .1080E-10 .5593E-12 .1136E-10 .1080E-10 .1816E-14 .3804E-11
.1362E+04 .3690E+00 .1917E-13 .2071E-17 .1356E-13 .1356E-13 .1917E-13 .9900E-15 .2016E-13 .1917E-13 .2071E-17 .6743E-14
.1363E+04 .3672E+00 .3075E-07 .1283E-10 .2176E-07 .2174E-07 .3075E-07 .1597E-08 .3235E-07 .3075E-07 .1283E-10 .1080E-07
.1364E+04 .3687E+00 .1434E-07 .7243E-11 .1015E-07 .1014E-07 .1434E-07 .7454E-09 .1509E-07 .1434E-07 .7243E-11 .5030E-08
.1365E+04 .3696E+00 .7619E-14 .3938E-18 .5388E-14 .5388E-14 .7619E-14 .3915E-15 .8011E-14 .7619E-14 .3938E-18 .2670E-14
.1366E+04 .3673E+00 .2574E-06 .1434E-09 .1822E-06 .1820E-06 .2574E-06 .1339E-07 .2708E-06 .2574E-06 .1434E-09 .9027E-07
.1367E+04 .3661E+00 .1455E-06 .1119E-09 .1030E-06 .1029E-06 .1455E-06 .7605E-08 .1531E-06 .1455E-06 .1119E-09 .5100E-07
.1368E+04 .3647E+00 .7898E-17 .7306E-22 .5585E-17 .5585E-17 .7898E-17 .4048E-18 .8303E-17 .7898E-17 .7306E-22 .2764E-17
.1369E+04 .3623E+00 .1436E-07 .8545E-11 .1016E-07 .1015E-07 .1436E-07 .7459E-09 .1510E-07 .1436E-07 .8545E-11 .5023E-08
.1370E+04 .3621E+00 .3404E-08 .1381E-11 .2408E-08 .2407E-08 .3404E-08 .1757E-09 .3580E-08 .3404E-08 .1381E-11 .1188E-08
.1371E+04 .3628E+00 .1639E-09 .5122E-13 .1160E-09 .1159E-09 .1639E-09 .8429E-11 .1724E-09 .1639E-09 .5122E-13 .5713E-10
.1372E+04 .3658E+00 .1281E-06 .1088E-09 .9069E-07 .9058E-07 .1281E-06 .6663E-08 .1348E-06 .1281E-06 .1088E-09 .4460E-07
.1373E+04 .3656E+00 .1843E-05 .2070E-08 .1306E-05 .1304E-05 .1843E-05 .9637E-07 .1940E-05 .1843E-05 .2070E-08 .6409E-06
.1374E+04 .3624E+00 .1125E-04 .1701E-07 .7974E-05 .7957E-05 .1125E-04 .5928E-06 .1185E-04 .1125E-04 .1701E-07 .3906E-05
.1375E+04 .3595E+00 .1987E-04 .2641E-07 .1408E-04 .1405E-04 .1987E-04 .1041E-05 .2091E-04 .1987E-04 .2641E-07 .6891E-05
.1376E+04 .3579E+00 .3528E-04 .7511E-07 .2502E-04 .2495E-04 .3528E-04 .1884E-05 .3717E-04 .3528E-04 .7511E-07 .1224E-04
.1377E+04 .3609E+00 .1757E-04 .3626E-07 .1246E-04 .1242E-04 .1757E-04 .9351E-06 .1850E-04 .1757E-04 .3626E-07 .6084E-05
.1378E+04 .3614E+00 .8724E-04 .1597E-06 .6185E-04 .6169E-04 .8724E-04 .4606E-05 .9185E-04 .8724E-04 .1597E-06 .3012E-04
.1379E+04 .3621E+00 .6963E-05 .1442E-07 .4938E-05 .4923E-05 .6963E-05 .3688E-06 .7332E-05 .6963E-05 .1442E-07 .2399E-05
.1380E+04 .3606E+00 .5215E-05 .7952E-08 .3695E-05 .3688E-05 .5215E-05 .2722E-06 .5487E-05 .5215E-05 .7952E-08 .1793E-05
.1381E+04 .3594E+00 .1986E-06 .2984E-09 .1407E-06 .1404E-06 .1986E-06 .1035E-07 .2089E-06 .1986E-06 .2984E-09 .6819E-07
.1382E+04 .3564E+00 .6783E-07 .4812E-10 .4801E-07 .4796E-07 .6783E-07 .3461E-08 .7129E-07 .6783E-07 .4812E-10 .2323E-07
.1383E+04 .3579E+00 .8162E-09 .5048E-12 .5776E-09 .5771E-09 .8162E-09 .4148E-10 .8577E-09 .8162E-09 .5048E-12 .2790E-09
.1384E+04 .3585E+00 .8678E-08 .4032E-11 .6140E-08 .6136E-08 .8678E-08 .4385E-09 .9116E-08 .8678E-08 .4032E-11 .2961E-08
.1385E+04 .3566E+00 .6435E-07 .6333E-10 .4556E-07 .4550E-07 .6435E-07 .3287E-08 .6763E-07 .6435E-07 .6333E-10 .2192E-07
.1386E+04 .3567E+00 .3101E-07 .1590E-10 .2194E-07 .2193E-07 .3101E-07 .1561E-08 .3257E-07 .3101E-07 .1590E-10 .1052E-07
.1387E+04 .3560E+00 .2080E-05 .1658E-08 .1472E-05 .1471E-05 .2080E-05 .1051E-06 .2185E-05 .2080E-05 .1658E-08 .7040E-06
.1388E+04 .3572E+00 .2583E-06 .3710E-09 .1830E-06 .1827E-06 .2583E-06 .1322E-07 .2715E-06 .2583E-06 .3710E-09 .8722E-07
.1389E+04 .3552E+00 .4000E-04 .6518E-07 .2835E-04 .2829E-04 .4000E-04 .2051E-05 .4206E-04 .4000E-04 .6518E-07 .1346E-04
.1390E+04 .3531E+00 .3436E-04 .5205E-07 .2435E-04 .2430E-04 .3436E-04 .1754E-05 .3612E-04 .3436E-04 .5205E-07 .1155E-04
.1391E+04 .3555E+00 .2052E-04 .3125E-07 .1454E-04 .1451E-04 .2052E-04 .1048E-05 .2157E-04 .2052E-04 .3125E-07 .6897E-05
.1392E+04 .3543E+00 .3114E-05 .5469E-08 .2208E-05 .2202E-05 .3114E-05 .1599E-06 .3274E-05 .3114E-05 .5469E-08 .1046E-05
.1393E+04 .3530E+00 .1582E-04 .3099E-07 .1122E-04 .1119E-04 .1582E-04 .8137E-06 .1664E-04 .1582E-04 .3099E-07 .5299E-05
.1394E+04 .3513E+00 .2270E-05 .2158E-08 .1607E-05 .1605E-05 .2270E-05 .1134E-06 .2383E-05 .2270E-05 .2158E-08 .7562E-06
.1395E+04 .3507E+00 .1742E-07 .1448E-10 .1233E-07 .1232E-07 .1742E-07 .8647E-09 .1828E-07 .1742E-07 .1448E-10 .5785E-08
.1396E+04 .3520E+00 .2350E-10 .4836E-14 .1662E-10 .1662E-10 .2350E-10 .1146E-11 .2464E-10 .2350E-10 .4836E-14 .7782E-11
.1397E+04 .3523E+00 .7914E-05 .1451E-07 .5610E-05 .5596E-05 .7914E-05 .4016E-06 .8315E-05 .7914E-05 .1451E-07 .2622E-05
.1398E+04 .3518E+00 .5603E-04 .8438E-07 .3970E-04 .3962E-04 .5603E-04 .2815E-05 .5885E-04 .5603E-04 .8438E-07 .1852E-04
.1399E+04 .3480E+00 .5914E-04 .1013E-06 .4192E-04 .4182E-04 .5914E-04 .2981E-05 .6212E-04 .5914E-04 .1013E-06 .1952E-04
.1400E+04 .3431E+00 .7223E-11 .9790E-15 .5108E-11 .5107E-11 .7223E-11 .3487E-12 .7571E-11 .7223E-11 .9790E-15 .2373E-11
.1401E+04 .3457E+00 .4011E-10 .9122E-14 .2837E-10 .2836E-10 .4011E-10 .1938E-11 .4205E-10 .4011E-10 .9122E-14 .1316E-10
.1402E+04 .3475E+00 .3875E-03 .1226E-05 .2752E-03 .2740E-03 .3875E-03 .2015E-04 .4076E-03 .3875E-03 .1226E-05 .1274E-03
.1403E+04 .3449E+00 .3582E-03 .9766E-06 .2543E-03 .2533E-03 .3582E-03 .1837E-04 .3766E-03 .3582E-03 .9766E-06 .1173E-03
.1404E+04 .3451E+00 .1065E-03 .2619E-06 .7560E-04 .7533E-04 .1065E-03 .5407E-05 .1119E-03 .1065E-03 .2619E-06 .3475E-04
.1405E+04 .3457E+00 .2687E-07 .2100E-10 .1902E-07 .1900E-07 .2687E-07 .1301E-08 .2817E-07 .2687E-07 .2100E-10 .8712E-08
.1406E+04 .3449E+00 .1016E-03 .1778E-06 .7200E-04 .7182E-04 .1016E-03 .5037E-05 .1066E-03 .1016E-03 .1778E-06 .3292E-04
.1407E+04 .3448E+00 .3497E-04 .1012E-06 .2483E-04 .2473E-04 .3497E-04 .1782E-05 .3676E-04 .3497E-04 .1012E-06 .1133E-04
.1408E+04 .3448E+00 .1595E-03 .3288E-06 .1131E-03 .1128E-03 .1595E-03 .7940E-05 .1675E-03 .1595E-03 .3288E-06 .5149E-04
.1409E+04 .3454E+00 .3153E-04 .4662E-07 .2234E-04 .2230E-04 .3153E-04 .1541E-05 .3307E-04 .3153E-04 .4662E-07 .1014E-04
.1410E+04 .3437E+00 .6423E-04 .1476E-06 .4557E-04 .4542E-04 .6423E-04 .3200E-05 .6743E-04 .6423E-04 .1476E-06 .2062E-04
.1411E+04 .3366E+00 .3344E-03 .9319E-06 .2374E-03 .2365E-03 .3344E-03 .1686E-04 .3513E-03 .3344E-03 .9319E-06 .1074E-03
.1412E+04 .3367E+00 .4789E-03 .1502E-05 .3402E-03 .3387E-03 .4789E-03 .2433E-04 .5033E-03 .4789E-03 .1502E-05 .1537E-03
.1413E+04 .3386E+00 .2728E-02 .9347E-05 .1938E-02 .1929E-02 .2728E-02 .1393E-03 .2867E-02 .2728E-02 .9347E-05 .8738E-03
.1414E+04 .3400E+00 .4711E-04 .1108E-06 .3342E-04 .3331E-04 .4711E-04 .2334E-05 .4944E-04 .4711E-04 .1108E-06 .1502E-04
.1415E+04 .3411E+00 .2218E-04 .4752E-07 .1573E-04 .1568E-04 .2218E-04 .1090E-05 .2327E-04 .2218E-04 .4752E-07 .7049E-05
.1416E+04 .3389E+00 .1254E-01 .6624E-04 .8936E-02 .8869E-02 .1254E-01 .6659E-03 .1321E-01 .1254E-01 .6624E-04 .3996E-02
.1417E+04 .3410E+00 .2553E-02 .1109E-04 .1816E-02 .1805E-02 .2553E-02 .1322E-03 .2685E-02 .2553E-02 .1109E-04 .8106E-03
.1418E+04 .3395E+00 .3710E-02 .1461E-04 .2638E-02 .2623E-02 .3710E-02 .1899E-03 .3900E-02 .3710E-02 .1461E-04 .1175E-02
.1419E+04 .3370E+00 .6767E-03 .2538E-05 .4810E-03 .4785E-03 .6767E-03 .3441E-04 .7111E-03 .6767E-03 .2538E-05 .2139E-03
.1420E+04 .3370E+00 .2551E-02 .1005E-04 .1814E-02 .1804E-02 .2551E-02 .1301E-03 .2681E-02 .2551E-02 .1005E-04 .8048E-03
.1421E+04 .3338E+00 .2373E-02 .9742E-05 .1687E-02 .1678E-02 .2373E-02 .1213E-03 .2494E-02 .2373E-02 .9742E-05 .7473E-03
.1422E+04 .3313E+00 .1798E-01 .9639E-04 .1281E-01 .1272E-01 .1798E-01 .9467E-03 .1893E-01 .1798E-01 .9639E-04 .5662E-02
.1423E+04 .3320E+00 .3682E-02 .1880E-04 .2622E-02 .2603E-02 .3682E-02 .1923E-03 .3874E-02 .3682E-02 .1880E-04 .1157E-02
.1424E+04 .3322E+00 .7718E-02 .4286E-04 .5500E-02 .5457E-02 .7718E-02 .4067E-03 .8125E-02 .7718E-02 .4286E-04 .2421E-02
.1425E+04 .3303E+00 .9590E-02 .4918E-04 .6831E-02 .6781E-02 .9590E-02 .4992E-03 .1009E-01 .9590E-02 .4918E-04 .2999E-02
.1426E+04 .3282E+00 .1310E-01 .7567E-04 .9336E-02 .9260E-02 .1310E-01 .6920E-03 .1379E-01 .1310E-01 .7567E-04 .4096E-02
.1427E+04 .3295E+00 .2998E-01 .1912E-03 .2139E-01 .2120E-01 .2998E-01 .1606E-02 .3158E-01 .2998E-01 .1912E-03 .9373E-02
.1428E+04 .3305E+00 .1094E-02 .3958E-05 .7776E-03 .7736E-03 .1094E-02 .5464E-04 .1149E-02 .1094E-02 .3958E-05 .3402E-03
.1429E+04 .3249E+00 .1671E-01 .9429E-04 .1191E-01 .1182E-01 .1671E-01 .8758E-03 .1759E-01 .1671E-01 .9429E-04 .5196E-02
.1430E+04 .3289E+00 .3768E-01 .2503E-03 .2690E-01 .2664E-01 .3768E-01 .2018E-02 .3970E-01 .3768E-01 .2503E-03 .1169E-01
.1431E+04 .3293E+00 .3521E-01 .2272E-03 .2512E-01 .2490E-01 .3521E-01 .1875E-02 .3708E-01 .3521E-01 .2272E-03 .1091E-01
.1432E+04 .3343E+00 .5981E-03 .1975E-05 .4249E-03 .4230E-03 .5981E-03 .2940E-04 .6275E-03 .5981E-03 .1975E-05 .1843E-03
.1433E+04 .3310E+00 .1996E-01 .1204E-03 .1424E-01 .1412E-01 .1996E-01 .1050E-02 .2101E-01 .1996E-01 .1204E-03 .6167E-02
.1434E+04 .3303E+00 .1138E-01 .6658E-04 .8116E-02 .8050E-02 .1138E-01 .5951E-03 .1198E-01 .1138E-01 .6658E-04 .3509E-02
.1435E+04 .3312E+00 .6610E-02 .3089E-04 .4705E-02 .4674E-02 .6610E-02 .3349E-03 .6945E-02 .6610E-02 .3089E-04 .2030E-02
.1436E+04 .3305E+00 .2062E-01 .1189E-03 .1470E-01 .1458E-01 .2062E-01 .1073E-02 .2169E-01 .2062E-01 .1189E-03 .6337E-02
.1437E+04 .3309E+00 .1218E-01 .6685E-04 .8680E-02 .8614E-02 .1218E-01 .6297E-03 .1281E-01 .1218E-01 .6685E-04 .3743E-02
.1438E+04 .3306E+00 .6050E-02 .3118E-04 .4309E-02 .4278E-02 .6050E-02 .3101E-03 .6360E-02 .6050E-02 .3118E-04 .1858E-02
.1439E+04 .3274E+00 .2223E-01 .1251E-03 .1584E-01 .1572E-01 .2223E-01 .1152E-02 .2338E-01 .2223E-01 .1251E-03 .6822E-02
.1440E+04 .3144E+00 .1988E-01 .1178E-03 .1417E-01 .1406E-01 .1988E-01 .1037E-02 .2092E-01 .1988E-01 .1178E-03 .6097E-02
.1441E+04 .3227E+00 .1538E-01 .8385E-04 .1096E-01 .1087E-01 .1538E-01 .7919E-03 .1617E-01 .1538E-01 .8385E-04 .4709E-02
.1442E+04 .3186E+00 .1767E-01 .9379E-04 .1259E-01 .1250E-01 .1767E-01 .9058E-03 .1858E-01 .1767E-01 .9379E-04 .5405E-02
.1443E+04 .3220E+00 .2726E-01 .1641E-03 .1944E-01 .1928E-01 .2726E-01 .1421E-02 .2868E-01 .2726E-01 .1641E-03 .8337E-02
.1444E+04 .3208E+00 .3244E-01 .2036E-03 .2315E-01 .2294E-01 .3244E-01 .1700E-02 .3415E-01 .3244E-01 .2036E-03 .9914E-02
.1445E+04 .3250E+00 .2261E-01 .1276E-03 .1611E-01 .1599E-01 .2261E-01 .1165E-02 .2377E-01 .2261E-01 .1276E-03 .6895E-02
.1446E+04 .3224E+00 .1182E-01 .6205E-04 .8420E-02 .8358E-02 .1182E-01 .6032E-03 .1242E-01 .1182E-01 .6205E-04 .3602E-02
.1447E+04 .3225E+00 .1744E-01 .9810E-04 .1243E-01 .1233E-01 .1744E-01 .8984E-03 .1834E-01 .1744E-01 .9810E-04 .5318E-02
.1448E+04 .3244E+00 .7524E-01 .5433E-03 .5374E-01 .5320E-01 .7524E-01 .4029E-02 .7927E-01 .7524E-01 .5433E-03 .2298E-01
.1449E+04 .3233E+00 .6565E-01 .4660E-03 .4689E-01 .4642E-01 .6565E-01 .3502E-02 .6915E-01 .6565E-01 .4660E-03 .2003E-01
.1450E+04 .3190E+00 .1570E-01 .9211E-04 .1119E-01 .1110E-01 .1570E-01 .8119E-03 .1651E-01 .1570E-01 .9211E-04 .4777E-02
.1451E+04 .3156E+00 .6557E-02 .3591E-04 .4673E-02 .4637E-02 .6557E-02 .3356E-03 .6893E-02 .6557E-02 .3591E-04 .1993E-02
.1452E+04 .3188E+00 .3793E-01 .2442E-03 .2706E-01 .2682E-01 .3793E-01 .1986E-02 .3991E-01 .3793E-01 .2442E-03 .1153E-01
.1453E+04 .3182E+00 .5028E-01 .3337E-03 .3589E-01 .3556E-01 .5028E-01 .2644E-02 .5293E-01 .5028E-01 .3337E-03 .1527E-01
.1454E+04 .3147E+00 .9887E-01 .7603E-03 .7067E-01 .6991E-01 .9887E-01 .5332E-02 .1042E+00 .9887E-01 .7603E-03 .3006E-01
.1455E+04 .3143E+00 .4423E-01 .3012E-03 .3158E-01 .3128E-01 .4423E-01 .2336E-02 .4657E-01 .4423E-01 .3012E-03 .1344E-01
.1456E+04 .3153E+00 .5341E-01 .3598E-03 .3812E-01 .3776E-01 .5341E-01 .2815E-02 .5622E-01 .5341E-01 .3598E-03 .1622E-01
.1457E+04 .3173E+00 .8015E-01 .5856E-03 .5726E-01 .5667E-01 .8015E-01 .4283E-02 .8443E-01 .8015E-01 .5856E-03 .2436E-01
.1458E+04 .3199E+00 .1027E+00 .8038E-03 .7344E-01 .7263E-01 .1027E+00 .5558E-02 .1083E+00 .1027E+00 .8038E-03 .3124E-01
.1459E+04 .3186E+00 .1210E+00 .9581E-03 .8650E-01 .8555E-01 .1210E+00 .6560E-02 .1275E+00 .1210E+00 .9581E-03 .3679E-01
.1460E+04 .3167E+00 .5910E-01 .4273E-03 .4221E-01 .4179E-01 .5910E-01 .3152E-02 .6225E-01 .5910E-01 .4273E-03 .1796E-01
.1461E+04 .3156E+00 .5691E-01 .3869E-03 .4063E-01 .4024E-01 .5691E-01 .3004E-02 .5992E-01 .5691E-01 .3869E-03 .1729E-01
.1462E+04 .3129E+00 .9157E-01 .6881E-03 .6544E-01 .6475E-01 .9157E-01 .4918E-02 .9649E-01 .9157E-01 .6881E-03 .2784E-01
.1463E+04 .3116E+00 .2860E-01 .1869E-03 .2041E-01 .2022E-01 .2860E-01 .1500E-02 .3010E-01 .2860E-01 .1869E-03 .8686E-02
.1464E+04 .3136E+00 .1208E+00 .9626E-03 .8641E-01 .8545E-01 .1208E+00 .6560E-02 .1274E+00 .1208E+00 .9626E-03 .3675E-01
.1465E+04 .3115E+00 .6939E-01 .5211E-03 .4959E-01 .4907E-01 .6939E-01 .3726E-02 .7312E-01 .6939E-01 .5211E-03 .2110E-01
.1466E+04 .3137E+00 .3757E-01 .2356E-03 .2680E-01 .2656E-01 .3757E-01 .1958E-02 .3952E-01 .3757E-01 .2356E-03 .1140E-01
.1467E+04 .3131E+00 .1970E-01 .1141E-03 .1404E-01 .1393E-01 .1970E-01 .1014E-02 .2071E-01 .1970E-01 .1141E-03 .5976E-02
.1468E+04 .3118E+00 .4791E-01 .3155E-03 .3419E-01 .3387E-01 .4791E-01 .2516E-02 .5042E-01 .4791E-01 .3155E-03 .1455E-01
.1469E+04 .3137E+00 .6276E-01 .4400E-03 .4482E-01 .4438E-01 .6276E-01 .3330E-02 .6609E-01 .6276E-01 .4400E-03 .1907E-01
.1470E+04 .3085E+00 .2834E-01 .1620E-03 .2020E-01 .2004E-01 .2834E-01 .1457E-02 .2979E-01 .2834E-01 .1620E-03 .8598E-02
.1471E+04 .3082E+00 .1158E-01 .6645E-04 .8258E-02 .8191E-02 .1158E-01 .5962E-03 .1218E-01 .1158E-01 .6645E-04 .3518E-02
.1472E+04 .3069E+00 .2572E-01 .1441E-03 .1833E-01 .1819E-01 .2572E-01 .1320E-02 .2704E-01 .2572E-01 .1441E-03 .7816E-02
.1473E+04 .3035E+00 .4081E-01 .2581E-03 .2911E-01 .2885E-01 .4081E-01 .2134E-02 .4294E-01 .4081E-01 .2581E-03 .1242E-01
.1474E+04 .3030E+00 .6902E-01 .4966E-03 .4930E-01 .4880E-01 .6902E-01 .3687E-02 .7270E-01 .6902E-01 .4966E-03 .2103E-01
.1475E+04 .3038E+00 .1454E+00 .1176E-02 .1040E+00 .1028E+00 .1454E+00 .7933E-02 .1533E+00 .1454E+00 .1176E-02 .4435E-01
.1476E+04 .3051E+00 .4217E-01 .2781E-03 .3010E-01 .2982E-01 .4217E-01 .2223E-02 .4440E-01 .4217E-01 .2781E-03 .1286E-01
.1477E+04 .3036E+00 .4066E-01 .2590E-03 .2901E-01 .2875E-01 .4066E-01 .2135E-02 .4279E-01 .4066E-01 .2590E-03 .1242E-01
.1478E+04 .3037E+00 .4552E-01 .3166E-03 .3251E-01 .3219E-01 .4552E-01 .2429E-02 .4795E-01 .4552E-01 .3166E-03 .1395E-01
.1479E+04 .3077E+00 .8497E-01 .6290E-03 .6072E-01 .6009E-01 .8497E-01 .4582E-02 .8956E-01 .8497E-01 .6290E-03 .2604E-01
.1480E+04 .3057E+00 .3705E-01 .2357E-03 .2643E-01 .2620E-01 .3705E-01 .1948E-02 .3900E-01 .3705E-01 .2357E-03 .1134E-01
.1481E+04 .3046E+00 .8189E-01 .5940E-03 .5850E-01 .5791E-01 .8189E-01 .4406E-02 .8630E-01 .8189E-01 .5940E-03 .2513E-01
.1482E+04 .3040E+00 .3662E-01 .2445E-03 .2614E-01 .2590E-01 .3662E-01 .1947E-02 .3857E-01 .3662E-01 .2445E-03 .1126E-01
.1483E+04 .3014E+00 .1096E+00 .8386E-03 .7831E-01 .7747E-01 .1096E+00 .5969E-02 .1155E+00 .1096E+00 .8386E-03 .3376E-01
.1484E+04 .3056E+00 .1046E+00 .8135E-03 .7480E-01 .7398E-01 .1046E+00 .5717E-02 .1103E+00 .1046E+00 .8135E-03 .3225E-01
.1485E+04 .3062E+00 .9228E-01 .7033E-03 .6595E-01 .6525E-01 .9228E-01 .5024E-02 .9730E-01 .9228E-01 .7033E-03 .2844E-01
.1486E+04 .3023E+00 .8744E-01 .6413E-03 .6247E-01 .6183E-01 .8744E-01 .4739E-02 .9218E-01 .8744E-01 .6413E-03 .2701E-01
.1487E+04 .2898E+00 .3311E-01 .2086E-03 .2362E-01 .2341E-01 .3311E-01 .1755E-02 .3486E-01 .3311E-01 .2086E-03 .1025E-01
.1488E+04 .2795E+00 .6854E-01 .4993E-03 .4896E-01 .4847E-01 .6854E-01 .3728E-02 .7227E-01 .6854E-01 .4993E-03 .2129E-01
.1489E+04 .3010E+00 .1413E+00 .1128E-02 .1010E+00 .9990E-01 .1413E+00 .7818E-02 .1491E+00 .1413E+00 .1128E-02 .4396E-01
.1490E+04 .3028E+00 .1392E+00 .1139E-02 .9960E-01 .9846E-01 .1392E+00 .7748E-02 .1470E+00 .1392E+00 .1139E-02 .4339E-01
.1491E+04 .3015E+00 .1642E+00 .1380E-02 .1175E+00 .1161E+00 .1642E+00 .9192E-02 .1734E+00 .1642E+00 .1380E-02 .5123E-01
.1492E+04 .3013E+00 .1230E+00 .9561E-03 .8790E-01 .8694E-01 .1230E+00 .6788E-02 .1297E+00 .1230E+00 .9561E-03 .3836E-01
.1493E+04 .3030E+00 .1445E+00 .1173E-02 .1033E+00 .1022E+00 .1445E+00 .8043E-02 .1525E+00 .1445E+00 .1173E-02 .4512E-01
.1494E+04 .3034E+00 .1628E+00 .1365E-02 .1165E+00 .1151E+00 .1628E+00 .9119E-02 .1719E+00 .1628E+00 .1365E-02 .5085E-01
.1495E+04 .2982E+00 .1513E+00 .1257E-02 .1083E+00 .1070E+00 .1513E+00 .8463E-02 .1598E+00 .1513E+00 .1257E-02 .4728E-01
.1496E+04 .2940E+00 .1390E+00 .1135E-02 .9941E-01 .9827E-01 .1390E+00 .7753E-02 .1467E+00 .1390E+00 .1135E-02 .4346E-01
.1497E+04 .2976E+00 .2037E+00 .1799E-02 .1458E+00 .1440E+00 .2037E+00 .1155E-01 .2152E+00 .2037E+00 .1799E-02 .6380E-01
.1498E+04 .2977E+00 .1458E+00 .1204E-02 .1043E+00 .1031E+00 .1458E+00 .8166E-02 .1540E+00 .1458E+00 .1204E-02 .4570E-01
.1499E+04 .2978E+00 .1765E+00 .1490E-02 .1263E+00 .1248E+00 .1765E+00 .9935E-02 .1864E+00 .1765E+00 .1490E-02 .5537E-01
.1500E+04 .2995E+00 .2229E+00 .1985E-02 .1596E+00 .1576E+00 .2229E+00 .1269E-01 .2356E+00 .2229E+00 .1985E-02 .7004E-01
.1501E+04 .2977E+00 .2337E+00 .2080E-02 .1673E+00 .1653E+00 .2337E+00 .1331E-01 .2470E+00 .2337E+00 .2080E-02 .7344E-01
.1502E+04 .2827E+00 .1846E+00 .1604E-02 .1321E+00 .1305E+00 .1846E+00 .1046E-01 .1951E+00 .1846E+00 .1604E-02 .5800E-01
.1503E+04 .2785E+00 .1542E+00 .1283E-02 .1103E+00 .1091E+00 .1542E+00 .8666E-02 .1629E+00 .1542E+00 .1283E-02 .4844E-01
.1504E+04 .2747E+00 .1277E+00 .1036E-02 .9130E-01 .9027E-01 .1277E+00 .7140E-02 .1348E+00 .1277E+00 .1036E-02 .4009E-01
.1505E+04 .2744E+00 .1526E+00 .1281E-02 .1092E+00 .1079E+00 .1526E+00 .8589E-02 .1612E+00 .1526E+00 .1281E-02 .4794E-01
.1506E+04 .2873E+00 .2403E+00 .2168E-02 .1721E+00 .1699E+00 .2403E+00 .1372E-01 .2541E+00 .2403E+00 .2168E-02 .7555E-01
.1507E+04 .2918E+00 .2263E+00 .2012E-02 .1620E+00 .1600E+00 .2263E+00 .1288E-01 .2392E+00 .2263E+00 .2012E-02 .7113E-01
.1508E+04 .2871E+00 .2141E+00 .1891E-02 .1532E+00 .1514E+00 .2141E+00 .1217E-01 .2262E+00 .2141E+00 .1891E-02 .6728E-01
.1509E+04 .2912E+00 .1543E+00 .1281E-02 .1104E+00 .1091E+00 .1543E+00 .8669E-02 .1630E+00 .1543E+00 .1281E-02 .4849E-01
.1510E+04 .2940E+00 .2527E+00 .2286E-02 .1810E+00 .1787E+00 .2527E+00 .1444E-01 .2671E+00 .2527E+00 .2286E-02 .7943E-01
.1511E+04 .2928E+00 .2380E+00 .2115E-02 .1704E+00 .1683E+00 .2380E+00 .1356E-01 .2516E+00 .2380E+00 .2115E-02 .7488E-01
.1512E+04 .2874E+00 .2409E+00 .2170E-02 .1725E+00 .1703E+00 .2409E+00 .1377E-01 .2546E+00 .2409E+00 .2170E-02 .7586E-01
.1513E+04 .2867E+00 .2092E+00 .1812E-02 .1498E+00 .1480E+00 .2092E+00 .1187E-01 .2211E+00 .2092E+00 .1812E-02 .6591E-01
.1514E+04 .2870E+00 .1914E+00 .1628E-02 .1370E+00 .1353E+00 .1914E+00 .1082E-01 .2022E+00 .1914E+00 .1628E-02 .6028E-01
.1515E+04 .2884E+00 .2491E+00 .2248E-02 .1784E+00 .1762E+00 .2491E+00 .1425E-01 .2634E+00 .2491E+00 .2248E-02 .7850E-01
.1516E+04 .2859E+00 .2361E+00 .2110E-02 .1690E+00 .1669E+00 .2361E+00 .1348E-01 .2496E+00 .2361E+00 .2110E-02 .7439E-01
.1517E+04 .2873E+00 .2267E+00 .1993E-02 .1623E+00 .1603E+00 .2267E+00 .1290E-01 .2396E+00 .2267E+00 .1993E-02 .7143E-01
.1518E+04 .2876E+00 .2266E+00 .1999E-02 .1622E+00 .1602E+00 .2266E+00 .1291E-01 .2395E+00 .2266E+00 .1999E-02 .7139E-01
.1519E+04 .2869E+00 .2173E+00 .1888E-02 .1555E+00 .1536E+00 .2173E+00 .1234E-01 .2296E+00 .2173E+00 .1888E-02 .6845E-01
.1520E+04 .2854E+00 .2395E+00 .2120E-02 .1715E+00 .1694E+00 .2395E+00 .1365E-01 .2532E+00 .2395E+00 .2120E-02 .7548E-01
.1521E+04 .2815E+00 .2653E+00 .2422E-02 .1900E+00 .1876E+00 .2653E+00 .1522E-01 .2805E+00 .2653E+00 .2422E-02 .8362E-01
.1522E+04 .2814E+00 .2465E+00 .2203E-02 .1765E+00 .1743E+00 .2465E+00 .1408E-01 .2606E+00 .2465E+00 .2203E-02 .7769E-01
.1523E+04 .2840E+00 .2701E+00 .2465E-02 .1935E+00 .1910E+00 .2701E+00 .1549E-01 .2856E+00 .2701E+00 .2465E-02 .8514E-01
.1524E+04 .2817E+00 .2594E+00 .2344E-02 .1858E+00 .1834E+00 .2594E+00 .1485E-01 .2742E+00 .2594E+00 .2344E-02 .8175E-01
.1525E+04 .2825E+00 .2415E+00 .2134E-02 .1729E+00 .1708E+00 .2415E+00 .1376E-01 .2553E+00 .2415E+00 .2134E-02 .7611E-01
.1526E+04 .2845E+00 .2470E+00 .2189E-02 .1769E+00 .1747E+00 .2470E+00 .1409E-01 .2611E+00 .2470E+00 .2189E-02 .7785E-01
.1527E+04 .2845E+00 .2464E+00 .2189E-02 .1764E+00 .1743E+00 .2464E+00 .1406E-01 .2605E+00 .2464E+00 .2189E-02 .7766E-01
.1528E+04 .2838E+00 .2678E+00 .2422E-02 .1918E+00 .1893E+00 .2678E+00 .1533E-01 .2831E+00 .2678E+00 .2422E-02 .8440E-01
.1529E+04 .2757E+00 .2530E+00 .2272E-02 .1812E+00 .1789E+00 .2530E+00 .1446E-01 .2675E+00 .2530E+00 .2272E-02 .7973E-01
.1530E+04 .2737E+00 .2457E+00 .2185E-02 .1759E+00 .1737E+00 .2457E+00 .1402E-01 .2597E+00 .2457E+00 .2185E-02 .7743E-01
.1531E+04 .2814E+00 .2541E+00 .2264E-02 .1820E+00 .1797E+00 .2541E+00 .1449E-01 .2686E+00 .2541E+00 .2264E-02 .8001E-01
.1532E+04 .2802E+00 .2686E+00 .2428E-02 .1924E+00 .1899E+00 .2686E+00 .1535E-01 .2840E+00 .2686E+00 .2428E-02 .8450E-01
.1533E+04 .2775E+00 .2691E+00 .2435E-02 .1927E+00 .1903E+00 .2691E+00 .1538E-01 .2844E+00 .2691E+00 .2435E-02 .8459E-01
.1534E+04 .2750E+00 .2617E+00 .2354E-02 .1874E+00 .1851E+00 .2617E+00 .1494E-01 .2767E+00 .2617E+00 .2354E-02 .8228E-01
.1535E+04 .2782E+00 .2575E+00 .2297E-02 .1844E+00 .1821E+00 .2575E+00 .1467E-01 .2722E+00 .2575E+00 .2297E-02 .8096E-01
.1536E+04 .2794E+00 .2660E+00 .2387E-02 .1905E+00 .1881E+00 .2660E+00 .1516E-01 .2812E+00 .2660E+00 .2387E-02 .8354E-01
.1537E+04 .2769E+00 .2596E+00 .2316E-02 .1859E+00 .1835E+00 .2596E+00 .1476E-01 .2743E+00 .2596E+00 .2316E-02 .8142E-01
.1538E+04 .2740E+00 .2667E+00 .2400E-02 .1910E+00 .1886E+00 .2667E+00 .1519E-01 .2819E+00 .2667E+00 .2400E-02 .8361E-01
.1539E+04 .2721E+00 .2598E+00 .2324E-02 .1861E+00 .1837E+00 .2598E+00 .1478E-01 .2746E+00 .2598E+00 .2324E-02 .8148E-01
.1540E+04 .2696E+00 .2615E+00 .2345E-02 .1872E+00 .1849E+00 .2615E+00 .1489E-01 .2764E+00 .2615E+00 .2345E-02 .8200E-01
.1541E+04 .2727E+00 .2634E+00 .2357E-02 .1886E+00 .1863E+00 .2634E+00 .1497E-01 .2784E+00 .2634E+00 .2357E-02 .8251E-01
.1542E+04 .2734E+00 .2584E+00 .2296E-02 .1850E+00 .1827E+00 .2584E+00 .1465E-01 .2730E+00 .2584E+00 .2296E-02 .8083E-01
.1543E+04 .2750E+00 .2660E+00 .2374E-02 .1904E+00 .1881E+00 .2660E+00 .1509E-01 .2811E+00 .2660E+00 .2374E-02 .8316E-01
.1544E+04 .2756E+00 .2612E+00 .2317E-02 .1870E+00 .1847E+00 .2612E+00 .1480E-01 .2760E+00 .2612E+00 .2317E-02 .8167E-01
.1545E+04 .2760E+00 .2699E+00 .2411E-02 .1933E+00 .1908E+00 .2699E+00 .1532E-01 .2852E+00 .2699E+00 .2411E-02 .8439E-01
.1546E+04 .2742E+00 .2647E+00 .2353E-02 .1895E+00 .1872E+00 .2647E+00 .1502E-01 .2797E+00 .2647E+00 .2353E-02 .8285E-01
.1547E+04 .2683E+00 .2620E+00 .2335E-02 .1876E+00 .1853E+00 .2620E+00 .1489E-01 .2769E+00 .2620E+00 .2335E-02 .8211E-01
.1548E+04 .2681E+00 .2620E+00 .2333E-02 .1876E+00 .1852E+00 .2620E+00 .1490E-01 .2769E+00 .2620E+00 .2333E-02 .8219E-01
.1549E+04 .2693E+00 .2652E+00 .2364E-02 .1899E+00 .1875E+00 .2652E+00 .1510E-01 .2803E+00 .2652E+00 .2364E-02 .8328E-01
.1550E+04 .2680E+00 .2629E+00 .2339E-02 .1882E+00 .1859E+00 .2629E+00 .1497E-01 .2779E+00 .2629E+00 .2339E-02 .8264E-01
.1551E+04 .2706E+00 .2646E+00 .2349E-02 .1895E+00 .1871E+00 .2646E+00 .1506E-01 .2797E+00 .2646E+00 .2349E-02 .8319E-01
.1552E+04 .2710E+00 .2609E+00 .2303E-02 .1868E+00 .1845E+00 .2609E+00 .1484E-01 .2757E+00 .2609E+00 .2303E-02 .8202E-01
.1553E+04 .2662E+00 .2613E+00 .2317E-02 .1871E+00 .1848E+00 .2613E+00 .1488E-01 .2762E+00 .2613E+00 .2317E-02 .8217E-01
.1554E+04 .2647E+00 .2588E+00 .2289E-02 .1853E+00 .1830E+00 .2588E+00 .1472E-01 .2735E+00 .2588E+00 .2289E-02 .8136E-01
.1555E+04 .2646E+00 .2599E+00 .2299E-02 .1861E+00 .1838E+00 .2599E+00 .1479E-01 .2747E+00 .2599E+00 .2299E-02 .8171E-01
.1556E+04 .2648E+00 .2596E+00 .2293E-02 .1859E+00 .1836E+00 .2596E+00 .1476E-01 .2744E+00 .2596E+00 .2293E-02 .8162E-01
.1557E+04 .2676E+00 .2629E+00 .2320E-02 .1882E+00 .1859E+00 .2629E+00 .1495E-01 .2778E+00 .2629E+00 .2320E-02 .8265E-01
.1558E+04 .2662E+00 .2615E+00 .2305E-02 .1872E+00 .1849E+00 .2615E+00 .1487E-01 .2763E+00 .2615E+00 .2305E-02 .8225E-01
.1559E+04 .2647E+00 .2597E+00 .2287E-02 .1859E+00 .1836E+00 .2597E+00 .1478E-01 .2745E+00 .2597E+00 .2287E-02 .8178E-01
.1560E+04 .2666E+00 .2614E+00 .2298E-02 .1871E+00 .1848E+00 .2614E+00 .1488E-01 .2762E+00 .2614E+00 .2298E-02 .8238E-01
.1561E+04 .2683E+00 .2633E+00 .2313E-02 .1885E+00 .1862E+00 .2633E+00 .1500E-01 .2783E+00 .2633E+00 .2313E-02 .8307E-01
.1562E+04 .2663E+00 .2594E+00 .2272E-02 .1857E+00 .1834E+00 .2594E+00 .1478E-01 .2742E+00 .2594E+00 .2272E-02 .8192E-01
.1563E+04 .2635E+00 .2575E+00 .2255E-02 .1843E+00 .1821E+00 .2575E+00 .1469E-01 .2722E+00 .2575E+00 .2255E-02 .8140E-01
.1564E+04 .2650E+00 .2586E+00 .2262E-02 .1852E+00 .1829E+00 .2586E+00 .1476E-01 .2734E+00 .2586E+00 .2262E-02 .8184E-01
.1565E+04 .2643E+00 .2596E+00 .2273E-02 .1859E+00 .1836E+00 .2596E+00 .1483E-01 .2745E+00 .2596E+00 .2273E-02 .8223E-01
.1566E+04 .2614E+00 .2556E+00 .2232E-02 .1830E+00 .1807E+00 .2556E+00 .1461E-01 .2702E+00 .2556E+00 .2232E-02 .8105E-01
.1567E+04 .2614E+00 .2559E+00 .2234E-02 .1832E+00 .1810E+00 .2559E+00 .1464E-01 .2706E+00 .2559E+00 .2234E-02 .8124E-01
.1568E+04 .2592E+00 .2513E+00 .2186E-02 .1799E+00 .1777E+00 .2513E+00 .1438E-01 .2657E+00 .2513E+00 .2186E-02 .7992E-01
.1569E+04 .2597E+00 .2490E+00 .2156E-02 .1782E+00 .1760E+00 .2490E+00 .1426E-01 .2632E+00 .2490E+00 .2156E-02 .7933E-01
.1570E+04 .2622E+00 .2430E+00 .2083E-02 .1739E+00 .1718E+00 .2430E+00 .1392E-01 .2569E+00 .2430E+00 .2083E-02 .7760E-01
.1571E+04 .2643E+00 .2356E+00 .1995E-02 .1686E+00 .1666E+00 .2356E+00 .1350E-01 .2491E+00 .2356E+00 .1995E-02 .7546E-01
.1572E+04 .2625E+00 .2360E+00 .2002E-02 .1689E+00 .1668E+00 .2360E+00 .1356E-01 .2495E+00 .2360E+00 .2002E-02 .7582E-01
.1573E+04 .2612E+00 .2344E+00 .1985E-02 .1677E+00 .1657E+00 .2344E+00 .1348E-01 .2478E+00 .2344E+00 .1985E-02 .7541E-01
.1574E+04 .2525E+00 .2328E+00 .1986E-02 .1666E+00 .1646E+00 .2328E+00 .1342E-01 .2462E+00 .2328E+00 .1986E-02 .7500E-01
.1575E+04 .2500E+00 .2398E+00 .2067E-02 .1717E+00 .1696E+00 .2398E+00 .1386E-01 .2537E+00 .2398E+00 .2067E-02 .7734E-01
.1576E+04 .2477E+00 .2333E+00 .1998E-02 .1670E+00 .1650E+00 .2333E+00 .1347E-01 .2468E+00 .2333E+00 .1998E-02 .7524E-01
.1577E+04 .2419E+00 .2218E+00 .1882E-02 .1587E+00 .1568E+00 .2218E+00 .1278E-01 .2345E+00 .2218E+00 .1882E-02 .7150E-01
.1578E+04 .2548E+00 .2342E+00 .1988E-02 .1676E+00 .1656E+00 .2342E+00 .1352E-01 .2477E+00 .2342E+00 .1988E-02 .7564E-01
.1579E+04 .2589E+00 .2352E+00 .1988E-02 .1683E+00 .1663E+00 .2352E+00 .1358E-01 .2488E+00 .2352E+00 .1988E-02 .7611E-01
.1580E+04 .2602E+00 .2418E+00 .2055E-02 .1730E+00 .1710E+00 .2418E+00 .1400E-01 .2558E+00 .2418E+00 .2055E-02 .7838E-01
.1581E+04 .2562E+00 .2403E+00 .2046E-02 .1719E+00 .1699E+00 .2403E+00 .1393E-01 .2542E+00 .2403E+00 .2046E-02 .7797E-01
.1582E+04 .2504E+00 .2372E+00 .2023E-02 .1697E+00 .1677E+00 .2372E+00 .1377E-01 .2509E+00 .2372E+00 .2023E-02 .7705E-01
.1583E+04 .2523E+00 .2391E+00 .2038E-02 .1711E+00 .1691E+00 .2391E+00 .1389E-01 .2530E+00 .2391E+00 .2038E-02 .7776E-01
.1584E+04 .2537E+00 .2454E+00 .2102E-02 .1756E+00 .1735E+00 .2454E+00 .1428E-01 .2597E+00 .2454E+00 .2102E-02 .7989E-01
.1585E+04 .2557E+00 .2488E+00 .2132E-02 .1780E+00 .1759E+00 .2488E+00 .1449E-01 .2633E+00 .2488E+00 .2132E-02 .8105E-01
.1586E+04 .2535E+00 .2459E+00 .2104E-02 .1760E+00 .1739E+00 .2459E+00 .1433E-01 .2602E+00 .2459E+00 .2104E-02 .8019E-01
.1587E+04 .2492E+00 .2416E+00 .2065E-02 .1729E+00 .1709E+00 .2416E+00 .1409E-01 .2557E+00 .2416E+00 .2065E-02 .7890E-01
.1588E+04 .2397E+00 .2358E+00 .2022E-02 .1688E+00 .1668E+00 .2358E+00 .1377E-01 .2496E+00 .2358E+00 .2022E-02 .7707E-01
.1589E+04 .2320E+00 .2285E+00 .1958E-02 .1635E+00 .1616E+00 .2285E+00 .1335E-01 .2418E+00 .2285E+00 .1958E-02 .7474E-01
.1590E+04 .2381E+00 .2333E+00 .1994E-02 .1669E+00 .1649E+00 .2333E+00 .1363E-01 .2469E+00 .2333E+00 .1994E-02 .7638E-01
.1591E+04 .2435E+00 .2391E+00 .2043E-02 .1711E+00 .1691E+00 .2391E+00 .1399E-01 .2531E+00 .2391E+00 .2043E-02 .7837E-01
.1592E+04 .2523E+00 .2455E+00 .2091E-02 .1757E+00 .1736E+00 .2455E+00 .1436E-01 .2599E+00 .2455E+00 .2091E-02 .8056E-01
.1593E+04 .2545E+00 .2501E+00 .2133E-02 .1790E+00 .1769E+00 .2501E+00 .1464E-01 .2648E+00 .2501E+00 .2133E-02 .8207E-01
.1594E+04 .2553E+00 .2491E+00 .2118E-02 .1783E+00 .1762E+00 .2491E+00 .1457E-01 .2637E+00 .2491E+00 .2118E-02 .8175E-01
.1595E+04 .2510E+00 .2463E+00 .2095E-02 .1763E+00 .1742E+00 .2463E+00 .1441E-01 .2607E+00 .2463E+00 .2095E-02 .8085E-01
.1596E+04 .2441E+00 .2387E+00 .2027E-02 .1708E+00 .1688E+00 .2387E+00 .1398E-01 .2527E+00 .2387E+00 .2027E-02 .7845E-01
.1597E+04 .2517E+00 .2438E+00 .2062E-02 .1745E+00 .1724E+00 .2438E+00 .1428E-01 .2581E+00 .2438E+00 .2062E-02 .8019E-01
.1598E+04 .2530E+00 .2464E+00 .2086E-02 .1763E+00 .1743E+00 .2464E+00 .1444E-01 .2609E+00 .2464E+00 .2086E-02 .8114E-01
.1599E+04 .2501E+00 .2393E+00 .2013E-02 .1713E+00 .1692E+00 .2393E+00 .1402E-01 .2534E+00 .2393E+00 .2013E-02 .7887E-01
.1600E+04 .2479E+00 .2328E+00 .1946E-02 .1666E+00 .1646E+00 .2328E+00 .1363E-01 .2464E+00 .2328E+00 .1946E-02 .7674E-01
.1601E+04 .2451E+00 .2239E+00 .1854E-02 .1601E+00 .1583E+00 .2239E+00 .1308E-01 .2369E+00 .2239E+00 .1854E-02 .7379E-01
.1602E+04 .2468E+00 .2229E+00 .1838E-02 .1595E+00 .1576E+00 .2229E+00 .1302E-01 .2360E+00 .2229E+00 .1838E-02 .7349E-01
.1603E+04 .2477E+00 .2244E+00 .1850E-02 .1605E+00 .1587E+00 .2244E+00 .1310E-01 .2375E+00 .2244E+00 .1850E-02 .7397E-01
.1604E+04 .2459E+00 .2254E+00 .1862E-02 .1612E+00 .1594E+00 .2254E+00 .1316E-01 .2385E+00 .2254E+00 .1862E-02 .7429E-01
.1605E+04 .2456E+00 .2336E+00 .1949E-02 .1672E+00 .1652E+00 .2336E+00 .1367E-01 .2473E+00 .2336E+00 .1949E-02 .7702E-01
.1606E+04 .2429E+00 .2340E+00 .1957E-02 .1674E+00 .1655E+00 .2340E+00 .1370E-01 .2477E+00 .2340E+00 .1957E-02 .7715E-01
.1607E+04 .2450E+00 .2313E+00 .1921E-02 .1655E+00 .1635E+00 .2313E+00 .1352E-01 .2448E+00 .2313E+00 .1921E-02 .7624E-01
.1608E+04 .2461E+00 .2259E+00 .1859E-02 .1616E+00 .1597E+00 .2259E+00 .1319E-01 .2391E+00 .2259E+00 .1859E-02 .7446E-01
.1609E+04 .2387E+00 .2187E+00 .1797E-02 .1564E+00 .1547E+00 .2187E+00 .1276E-01 .2315E+00 .2187E+00 .1797E-02 .7209E-01
.1610E+04 .2338E+00 .2176E+00 .1794E-02 .1557E+00 .1539E+00 .2176E+00 .1271E-01 .2303E+00 .2176E+00 .1794E-02 .7177E-01
.1611E+04 .2382E+00 .2230E+00 .1840E-02 .1595E+00 .1577E+00 .2230E+00 .1304E-01 .2360E+00 .2230E+00 .1840E-02 .7363E-01
.1612E+04 .2402E+00 .2281E+00 .1888E-02 .1632E+00 .1613E+00 .2281E+00 .1335E-01 .2414E+00 .2281E+00 .1888E-02 .7537E-01
.1613E+04 .2417E+00 .2302E+00 .1906E-02 .1647E+00 .1628E+00 .2302E+00 .1348E-01 .2437E+00 .2302E+00 .1906E-02 .7609E-01
.1614E+04 .2411E+00 .2326E+00 .1931E-02 .1664E+00 .1645E+00 .2326E+00 .1363E-01 .2463E+00 .2326E+00 .1931E-02 .7688E-01
.1615E+04 .2354E+00 .2287E+00 .1900E-02 .1636E+00 .1617E+00 .2287E+00 .1341E-01 .2421E+00 .2287E+00 .1900E-02 .7563E-01
.1616E+04 .2319E+00 .2260E+00 .1877E-02 .1617E+00 .1598E+00 .2260E+00 .1326E-01 .2392E+00 .2260E+00 .1877E-02 .7481E-01
.1617E+04 .2373E+00 .2308E+00 .1914E-02 .1651E+00 .1632E+00 .2308E+00 .1355E-01 .2444E+00 .2308E+00 .1914E-02 .7649E-01
.1618E+04 .2404E+00 .2356E+00 .1956E-02 .1685E+00 .1666E+00 .2356E+00 .1383E-01 .2494E+00 .2356E+00 .1956E-02 .7807E-01
.1619E+04 .2374E+00 .2310E+00 .1913E-02 .1653E+00 .1634E+00 .2310E+00 .1356E-01 .2446E+00 .2310E+00 .1913E-02 .7657E-01
.1620E+04 .2308E+00 .2270E+00 .1882E-02 .1624E+00 .1605E+00 .2270E+00 .1333E-01 .2403E+00 .2270E+00 .1882E-02 .7522E-01
.1621E+04 .2339E+00 .2300E+00 .1906E-02 .1646E+00 .1627E+00 .2300E+00 .1350E-01 .2435E+00 .2300E+00 .1906E-02 .7624E-01
.1622E+04 .2376E+00 .2337E+00 .1934E-02 .1672E+00 .1652E+00 .2337E+00 .1371E-01 .2474E+00 .2337E+00 .1934E-02 .7744E-01
.1623E+04 .2409E+00 .2371E+00 .1961E-02 .1696E+00 .1677E+00 .2371E+00 .1391E-01 .2510E+00 .2371E+00 .1961E-02 .7858E-01
.1624E+04 .2389E+00 .2348E+00 .1939E-02 .1680E+00 .1660E+00 .2348E+00 .1377E-01 .2486E+00 .2348E+00 .1939E-02 .7781E-01
.1625E+04 .2379E+00 .2332E+00 .1922E-02 .1668E+00 .1649E+00 .2332E+00 .1368E-01 .2469E+00 .2332E+00 .1922E-02 .7728E-01
.1626E+04 .2388E+00 .2346E+00 .1933E-02 .1678E+00 .1659E+00 .2346E+00 .1376E-01 .2484E+00 .2346E+00 .1933E-02 .7775E-01
.1627E+04 .2402E+00 .2362E+00 .1945E-02 .1690E+00 .1670E+00 .2362E+00 .1385E-01 .2501E+00 .2362E+00 .1945E-02 .7828E-01
.1628E+04 .2403E+00 .2358E+00 .1938E-02 .1687E+00 .1668E+00 .2358E+00 .1382E-01 .2497E+00 .2358E+00 .1938E-02 .7815E-01
.1629E+04 .2375E+00 .2335E+00 .1917E-02 .1670E+00 .1651E+00 .2335E+00 .1368E-01 .2472E+00 .2335E+00 .1917E-02 .7737E-01
.1630E+04 .2365E+00 .2323E+00 .1905E-02 .1661E+00 .1642E+00 .2323E+00 .1361E-01 .2459E+00 .2323E+00 .1905E-02 .7696E-01
.1631E+04 .2368E+00 .2316E+00 .1895E-02 .1657E+00 .1638E+00 .2316E+00 .1356E-01 .2452E+00 .2316E+00 .1895E-02 .7674E-01
.1632E+04 .2355E+00 .2297E+00 .1876E-02 .1643E+00 .1624E+00 .2297E+00 .1345E-01 .2431E+00 .2297E+00 .1876E-02 .7610E-01
.1633E+04 .2317E+00 .2244E+00 .1827E-02 .1605E+00 .1587E+00 .2244E+00 .1313E-01 .2375E+00 .2244E+00 .1827E-02 .7436E-01
.1634E+04 .2328E+00 .2286E+00 .1867E-02 .1635E+00 .1616E+00 .2286E+00 .1339E-01 .2420E+00 .2286E+00 .1867E-02 .7576E-01
.1635E+04 .2342E+00 .2264E+00 .1839E-02 .1620E+00 .1601E+00 .2264E+00 .1325E-01 .2397E+00 .2264E+00 .1839E-02 .7505E-01
.1636E+04 .2292E+00 .2241E+00 .1824E-02 .1603E+00 .1585E+00 .2241E+00 .1312E-01 .2372E+00 .2241E+00 .1824E-02 .7427E-01
.1637E+04 .2252E+00 .2205E+00 .1794E-02 .1577E+00 .1559E+00 .2205E+00 .1290E-01 .2334E+00 .2205E+00 .1794E-02 .7309E-01
.1638E+04 .2198E+00 .2110E+00 .1704E-02 .1509E+00 .1492E+00 .2110E+00 .1233E-01 .2233E+00 .2110E+00 .1704E-02 .6991E-01
.1639E+04 .2208E+00 .2147E+00 .1740E-02 .1536E+00 .1518E+00 .2147E+00 .1256E-01 .2273E+00 .2147E+00 .1740E-02 .7117E-01
.1640E+04 .2213E+00 .2081E+00 .1668E-02 .1488E+00 .1472E+00 .2081E+00 .1215E-01 .2202E+00 .2081E+00 .1668E-02 .6896E-01
.1641E+04 .2201E+00 .2130E+00 .1720E-02 .1524E+00 .1506E+00 .2130E+00 .1245E-01 .2255E+00 .2130E+00 .1720E-02 .7060E-01
.1642E+04 .2225E+00 .2154E+00 .1737E-02 .1541E+00 .1523E+00 .2154E+00 .1259E-01 .2280E+00 .2154E+00 .1737E-02 .7139E-01
.1643E+04 .2236E+00 .2098E+00 .1675E-02 .1501E+00 .1484E+00 .2098E+00 .1224E-01 .2221E+00 .2098E+00 .1675E-02 .6954E-01
.1644E+04 .2218E+00 .2163E+00 .1744E-02 .1547E+00 .1530E+00 .2163E+00 .1264E-01 .2290E+00 .2163E+00 .1744E-02 .7169E-01
.1645E+04 .2235E+00 .2132E+00 .1706E-02 .1524E+00 .1507E+00 .2132E+00 .1244E-01 .2256E+00 .2132E+00 .1706E-02 .7064E-01
.1646E+04 .2256E+00 .2112E+00 .1680E-02 .1511E+00 .1494E+00 .2112E+00 .1231E-01 .2236E+00 .2112E+00 .1680E-02 .7000E-01
.1647E+04 .2257E+00 .2204E+00 .1772E-02 .1576E+00 .1558E+00 .2204E+00 .1287E-01 .2333E+00 .2204E+00 .1772E-02 .7303E-01
.1648E+04 .2240E+00 .2106E+00 .1673E-02 .1506E+00 .1489E+00 .2106E+00 .1227E-01 .2228E+00 .2106E+00 .1673E-02 .6977E-01
.1649E+04 .2231E+00 .2147E+00 .1716E-02 .1535E+00 .1518E+00 .2147E+00 .1253E-01 .2272E+00 .2147E+00 .1716E-02 .7115E-01
.1650E+04 .2237E+00 .2165E+00 .1731E-02 .1548E+00 .1531E+00 .2165E+00 .1263E-01 .2291E+00 .2165E+00 .1731E-02 .7173E-01
.1651E+04 .2233E+00 .2078E+00 .1641E-02 .1486E+00 .1469E+00 .2078E+00 .1210E-01 .2199E+00 .2078E+00 .1641E-02 .6885E-01
.1652E+04 .2243E+00 .2136E+00 .1697E-02 .1527E+00 .1510E+00 .2136E+00 .1244E-01 .2260E+00 .2136E+00 .1697E-02 .7076E-01
.1653E+04 .2244E+00 .2166E+00 .1725E-02 .1549E+00 .1531E+00 .2166E+00 .1262E-01 .2292E+00 .2166E+00 .1725E-02 .7168E-01
.1654E+04 .2238E+00 .2112E+00 .1669E-02 .1510E+00 .1493E+00 .2112E+00 .1227E-01 .2234E+00 .2112E+00 .1669E-02 .6982E-01
.1655E+04 .2242E+00 .2178E+00 .1734E-02 .1557E+00 .1540E+00 .2178E+00 .1267E-01 .2305E+00 .2178E+00 .1734E-02 .7198E-01
.1656E+04 .2252E+00 .2153E+00 .1704E-02 .1539E+00 .1522E+00 .2153E+00 .1251E-01 .2278E+00 .2153E+00 .1704E-02 .7114E-01
.1657E+04 .2247E+00 .2162E+00 .1713E-02 .1546E+00 .1529E+00 .2162E+00 .1257E-01 .2288E+00 .2162E+00 .1713E-02 .7146E-01
.1658E+04 .2238E+00 .2180E+00 .1732E-02 .1559E+00 .1542E+00 .2180E+00 .1267E-01 .2307E+00 .2180E+00 .1732E-02 .7198E-01
.1659E+04 .2231E+00 .2179E+00 .1730E-02 .1558E+00 .1541E+00 .2179E+00 .1265E-01 .2306E+00 .2179E+00 .1730E-02 .7187E-01
.1660E+04 .2249E+00 .2196E+00 .1741E-02 .1570E+00 .1553E+00 .2196E+00 .1273E-01 .2323E+00 .2196E+00 .1741E-02 .7235E-01
.1661E+04 .2248E+00 .2171E+00 .1714E-02 .1553E+00 .1535E+00 .2171E+00 .1257E-01 .2297E+00 .2171E+00 .1714E-02 .7147E-01
.1662E+04 .2230E+00 .2106E+00 .1650E-02 .1506E+00 .1489E+00 .2106E+00 .1217E-01 .2227E+00 .2106E+00 .1650E-02 .6924E-01
.1663E+04 .2219E+00 .2168E+00 .1713E-02 .1550E+00 .1533E+00 .2168E+00 .1253E-01 .2293E+00 .2168E+00 .1713E-02 .7123E-01
.1664E+04 .2214E+00 .2142E+00 .1687E-02 .1532E+00 .1515E+00 .2142E+00 .1237E-01 .2266E+00 .2142E+00 .1687E-02 .7032E-01
.1665E+04 .2195E+00 .2081E+00 .1626E-02 .1488E+00 .1471E+00 .2081E+00 .1199E-01 .2201E+00 .2081E+00 .1626E-02 .6824E-01
.1666E+04 .2188E+00 .1823E+00 .1372E-02 .1303E+00 .1289E+00 .1823E+00 .1043E-01 .1927E+00 .1823E+00 .1372E-02 .5970E-01
.1667E+04 .2175E+00 .2064E+00 .1610E-02 .1476E+00 .1460E+00 .2064E+00 .1187E-01 .2183E+00 .2064E+00 .1610E-02 .6756E-01
.1668E+04 .2153E+00 .2104E+00 .1653E-02 .1504E+00 .1488E+00 .2104E+00 .1210E-01 .2225E+00 .2104E+00 .1653E-02 .6878E-01
.1669E+04 .2184E+00 .2081E+00 .1623E-02 .1488E+00 .1472E+00 .2081E+00 .1194E-01 .2201E+00 .2081E+00 .1623E-02 .6797E-01
.1670E+04 .2191E+00 .2139E+00 .1677E-02 .1529E+00 .1513E+00 .2139E+00 .1228E-01 .2262E+00 .2139E+00 .1677E-02 .6979E-01
.1671E+04 .2150E+00 .2082E+00 .1626E-02 .1488E+00 .1472E+00 .2082E+00 .1193E-01 .2201E+00 .2082E+00 .1626E-02 .6785E-01
.1672E+04 .2106E+00 .2049E+00 .1600E-02 .1465E+00 .1449E+00 .2049E+00 .1173E-01 .2166E+00 .2049E+00 .1600E-02 .6671E-01
.1673E+04 .2145E+00 .2101E+00 .1642E-02 .1502E+00 .1485E+00 .2101E+00 .1202E-01 .2221E+00 .2101E+00 .1642E-02 .6833E-01
.1674E+04 .2143E+00 .2066E+00 .1605E-02 .1477E+00 .1461E+00 .2066E+00 .1180E-01 .2184E+00 .2066E+00 .1605E-02 .6713E-01
.1675E+04 .2101E+00 .2030E+00 .1577E-02 .1451E+00 .1435E+00 .2030E+00 .1159E-01 .2146E+00 .2030E+00 .1577E-02 .6590E-01
.1676E+04 .2105E+00 .2021E+00 .1566E-02 .1445E+00 .1429E+00 .2021E+00 .1152E-01 .2136E+00 .2021E+00 .1566E-02 .6555E-01
.1677E+04 .2121E+00 .2035E+00 .1575E-02 .1455E+00 .1439E+00 .2035E+00 .1159E-01 .2151E+00 .2035E+00 .1575E-02 .6595E-01
.1678E+04 .2104E+00 .1982E+00 .1524E-02 .1417E+00 .1401E+00 .1982E+00 .1126E-01 .2094E+00 .1982E+00 .1524E-02 .6415E-01
.1679E+04 .2064E+00 .2018E+00 .1567E-02 .1443E+00 .1427E+00 .2018E+00 .1148E-01 .2133E+00 .2018E+00 .1567E-02 .6528E-01
.1680E+04 .1991E+00 .1934E+00 .1496E-02 .1382E+00 .1367E+00 .1934E+00 .1099E-01 .2043E+00 .1934E+00 .1496E-02 .6250E-01
.1681E+04 .1972E+00 .1905E+00 .1470E-02 .1362E+00 .1347E+00 .1905E+00 .1082E-01 .2013E+00 .1905E+00 .1470E-02 .6156E-01
.1682E+04 .2025E+00 .1988E+00 .1540E-02 .1421E+00 .1406E+00 .1988E+00 .1130E-01 .2101E+00 .1988E+00 .1540E-02 .6427E-01
.1683E+04 .2070E+00 .2026E+00 .1566E-02 .1448E+00 .1433E+00 .2026E+00 .1150E-01 .2141E+00 .2026E+00 .1566E-02 .6542E-01
.1684E+04 .2093E+00 .1881E+00 .1421E-02 .1344E+00 .1330E+00 .1881E+00 .1063E-01 .1987E+00 .1881E+00 .1421E-02 .6066E-01
.1685E+04 .2094E+00 .2055E+00 .1587E-02 .1469E+00 .1453E+00 .2055E+00 .1165E-01 .2172E+00 .2055E+00 .1587E-02 .6627E-01
.1686E+04 .2090E+00 .2045E+00 .1575E-02 .1462E+00 .1446E+00 .2045E+00 .1159E-01 .2161E+00 .2045E+00 .1575E-02 .6592E-01
.1687E+04 .2090E+00 .1972E+00 .1503E-02 .1409E+00 .1394E+00 .1972E+00 .1115E-01 .2083E+00 .1972E+00 .1503E-02 .6356E-01
.1688E+04 .2087E+00 .2041E+00 .1569E-02 .1459E+00 .1443E+00 .2041E+00 .1155E-01 .2157E+00 .2041E+00 .1569E-02 .6576E-01
.1689E+04 .2066E+00 .2008E+00 .1540E-02 .1435E+00 .1420E+00 .2008E+00 .1135E-01 .2122E+00 .2008E+00 .1540E-02 .6462E-01
.1690E+04 .2089E+00 .1993E+00 .1520E-02 .1425E+00 .1409E+00 .1993E+00 .1125E-01 .2106E+00 .1993E+00 .1520E-02 .6408E-01
.1691E+04 .2101E+00 .1776E+00 .1313E-02 .1269E+00 .1256E+00 .1776E+00 .9961E-02 .1876E+00 .1776E+00 .1313E-02 .5702E-01
.1692E+04 .2103E+00 .1982E+00 .1503E-02 .1416E+00 .1401E+00 .1982E+00 .1115E-01 .2093E+00 .1982E+00 .1503E-02 .6356E-01
.1693E+04 .2099E+00 .2060E+00 .1576E-02 .1472E+00 .1457E+00 .2060E+00 .1161E-01 .2176E+00 .2060E+00 .1576E-02 .6608E-01
.1694E+04 .2094E+00 .1973E+00 .1492E-02 .1410E+00 .1395E+00 .1973E+00 .1110E-01 .2084E+00 .1973E+00 .1492E-02 .6329E-01
.1695E+04 .2089E+00 .2042E+00 .1557E-02 .1459E+00 .1444E+00 .2042E+00 .1150E-01 .2157E+00 .2042E+00 .1557E-02 .6547E-01
.1696E+04 .2082E+00 .2031E+00 .1547E-02 .1451E+00 .1436E+00 .2031E+00 .1142E-01 .2145E+00 .2031E+00 .1547E-02 .6505E-01
.1697E+04 .2079E+00 .1610E+00 .1158E-02 .1150E+00 .1138E+00 .1610E+00 .8961E-02 .1700E+00 .1610E+00 .1158E-02 .5150E-01
.1698E+04 .2077E+00 .2023E+00 .1536E-02 .1446E+00 .1430E+00 .2023E+00 .1136E-01 .2136E+00 .2023E+00 .1536E-02 .6472E-01
.1699E+04 .2061E+00 .1975E+00 .1494E-02 .1411E+00 .1396E+00 .1975E+00 .1109E-01 .2086E+00 .1975E+00 .1494E-02 .6319E-01
.1700E+04 .2044E+00 .1917E+00 .1440E-02 .1370E+00 .1355E+00 .1917E+00 .1075E-01 .2024E+00 .1917E+00 .1440E-02 .6133E-01
.1702E+04 .2027E+00 .1979E+00 .1499E-02 .1414E+00 .1399E+00 .1979E+00 .1111E-01 .2090E+00 .1979E+00 .1499E-02 .6333E-01
.1705E+04 .2029E+00 .1899E+00 .1419E-02 .1357E+00 .1343E+00 .1899E+00 .1064E-01 .2006E+00 .1899E+00 .1419E-02 .6074E-01
.1710E+04 .1982E+00 .1793E+00 .1325E-02 .1281E+00 .1268E+00 .1793E+00 .1000E-01 .1893E+00 .1793E+00 .1325E-02 .5720E-01
.1715E+04 .1994E+00 .1772E+00 .1299E-02 .1266E+00 .1253E+00 .1772E+00 .9851E-02 .1870E+00 .1772E+00 .1299E-02 .5639E-01
.1720E+04 .1960E+00 .1770E+00 .1298E-02 .1265E+00 .1252E+00 .1770E+00 .9843E-02 .1869E+00 .1770E+00 .1298E-02 .5635E-01
.1725E+04 .1934E+00 .1640E+00 .1180E-02 .1171E+00 .1159E+00 .1640E+00 .9088E-02 .1731E+00 .1640E+00 .1180E-02 .5218E-01
.1730E+04 .1912E+00 .1616E+00 .1157E-02 .1154E+00 .1142E+00 .1616E+00 .8931E-02 .1705E+00 .1616E+00 .1157E-02 .5131E-01
.1735E+04 .1815E+00 .1486E+00 .1054E-02 .1061E+00 .1051E+00 .1486E+00 .8203E-02 .1568E+00 .1486E+00 .1054E-02 .4719E-01
.1740E+04 .1849E+00 .1523E+00 .1075E-02 .1087E+00 .1077E+00 .1523E+00 .8416E-02 .1607E+00 .1523E+00 .1075E-02 .4847E-01
.1745E+04 .1858E+00 .1424E+00 .9929E-03 .1017E+00 .1007E+00 .1424E+00 .7855E-02 .1503E+00 .1424E+00 .9929E-03 .4533E-01
.1750E+04 .1844E+00 .1539E+00 .1078E-02 .1099E+00 .1088E+00 .1539E+00 .8497E-02 .1624E+00 .1539E+00 .1078E-02 .4900E-01
.1755E+04 .1843E+00 .1379E+00 .9459E-03 .9845E-01 .9750E-01 .1379E+00 .7602E-02 .1455E+00 .1379E+00 .9459E-03 .4400E-01
.1760E+04 .1817E+00 .1465E+00 .1011E-02 .1046E+00 .1036E+00 .1465E+00 .8103E-02 .1546E+00 .1465E+00 .1011E-02 .4687E-01
.1765E+04 .1798E+00 .1147E+00 .7600E-03 .8187E-01 .8111E-01 .1147E+00 .6304E-02 .1210E+00 .1147E+00 .7600E-03 .3669E-01
.1770E+04 .1784E+00 .1178E+00 .7701E-03 .8406E-01 .8329E-01 .1178E+00 .6476E-02 .1243E+00 .1178E+00 .7701E-03 .3778E-01
.1775E+04 .1759E+00 .9021E-01 .5630E-03 .6435E-01 .6379E-01 .9021E-01 .4927E-02 .9514E-01 .9021E-01 .5630E-03 .2894E-01
.1780E+04 .1736E+00 .7796E-01 .4743E-03 .5560E-01 .5512E-01 .7796E-01 .4249E-02 .8221E-01 .7796E-01 .4743E-03 .2505E-01
.1785E+04 .1727E+00 .5289E-01 .2996E-03 .3770E-01 .3740E-01 .5289E-01 .2860E-02 .5575E-01 .5289E-01 .2996E-03 .1703E-01
.1790E+04 .1722E+00 .6618E-01 .3834E-03 .4718E-01 .4679E-01 .6618E-01 .3598E-02 .6978E-01 .6618E-01 .3834E-03 .2137E-01
.1795E+04 .1702E+00 .2537E-01 .1169E-03 .1806E-01 .1794E-01 .2537E-01 .1344E-02 .2671E-01 .2537E-01 .1169E-03 .8201E-02
.1800E+04 .1683E+00 .2000E-01 .9708E-04 .1424E-01 .1414E-01 .2000E-01 .1066E-02 .2106E-01 .2000E-01 .9708E-04 .6472E-02
.1805E+04 .1669E+00 .6700E-02 .2342E-04 .4761E-02 .4738E-02 .6700E-02 .3461E-03 .7046E-02 .6700E-02 .2342E-04 .2168E-02
.1810E+04 .1655E+00 .3859E-02 .1430E-04 .2743E-02 .2729E-02 .3859E-02 .2004E-03 .4060E-02 .3859E-02 .1430E-04 .1250E-02
.1815E+04 .1584E+00 .1043E-02 .2464E-05 .7400E-03 .7375E-03 .1043E-02 .5236E-04 .1095E-02 .1043E-02 .2464E-05 .3371E-03
.1820E+04 .1556E+00 .1939E-03 .3378E-06 .1375E-03 .1371E-03 .1939E-03 .9602E-05 .2035E-03 .1939E-03 .3378E-06 .6276E-04
.1825E+04 .1600E+00 .3073E-03 .5686E-06 .2178E-03 .2173E-03 .3073E-03 .1530E-04 .3226E-03 .3073E-03 .5686E-06 .9973E-04
.1830E+04 .1593E+00 .3742E-06 .2848E-09 .2649E-06 .2646E-06 .3742E-06 .1809E-07 .3923E-06 .3742E-06 .2848E-09 .1212E-06
.1835E+04 .1577E+00 .2166E-06 .2198E-09 .1534E-06 .1532E-06 .2166E-06 .1053E-07 .2271E-06 .2166E-06 .2198E-09 .7005E-07
.1840E+04 .1556E+00 .4207E-08 .2141E-11 .2977E-08 .2975E-08 .4207E-08 .2012E-09 .4408E-08 .4207E-08 .2141E-11 .1356E-08
.1845E+04 .1531E+00 .1500E-06 .5405E-10 .1061E-06 .1061E-06 .1500E-06 .7137E-08 .1571E-06 .1500E-06 .5405E-10 .4829E-07
.1850E+04 .1534E+00 .5155E-07 .1590E-10 .3647E-07 .3645E-07 .5155E-07 .2436E-08 .5399E-07 .5155E-07 .1590E-10 .1650E-07
.1855E+04 .1521E+00 .1102E-07 .5294E-11 .7799E-08 .7793E-08 .1102E-07 .5182E-09 .1154E-07 .1102E-07 .5294E-11 .3495E-08
.1860E+04 .1501E+00 .1226E-05 .1250E-08 .8684E-06 .8672E-06 .1226E-05 .5780E-07 .1284E-05 .1226E-05 .1250E-08 .3843E-06
.1865E+04 .1480E+00 .9246E-06 .7030E-09 .6545E-06 .6538E-06 .9246E-06 .4208E-07 .9667E-06 .9246E-06 .7030E-09 .2815E-06
.1870E+04 .1456E+00 .1113E-11 .1235E-15 .7872E-12 .7870E-12 .1113E-11 .4875E-13 .1162E-11 .1113E-11 .1235E-15 .3318E-12
.1875E+04 .1349E+00 .2217E-11 .2675E-15 .1568E-11 .1568E-11 .2217E-11 .9460E-13 .2312E-11 .2217E-11 .2675E-15 .6438E-12
.1880E+04 .1425E+00 .7638E-05 .8548E-08 .5410E-05 .5401E-05 .7638E-05 .3284E-06 .7967E-05 .7638E-05 .8548E-08 .2172E-05
.1885E+04 .1432E+00 .5081E-05 .5426E-08 .3598E-05 .3593E-05 .5081E-05 .2146E-06 .5296E-05 .5081E-05 .5426E-08 .1420E-05
.1890E+04 .1410E+00 .1865E-04 .1800E-07 .1321E-04 .1319E-04 .1865E-04 .7729E-06 .1942E-04 .1865E-04 .1800E-07 .5128E-05
.1895E+04 .1379E+00 .1348E-04 .1587E-07 .9548E-05 .9532E-05 .1348E-04 .5414E-06 .1402E-04 .1348E-04 .1587E-07 .3565E-05
.1900E+04 .1389E+00 .3078E-07 .1677E-10 .2178E-07 .2177E-07 .3078E-07 .1181E-08 .3196E-07 .3078E-07 .1677E-10 .7926E-08
.1905E+04 .1382E+00 .2454E-07 .1514E-10 .1736E-07 .1735E-07 .2454E-07 .9528E-09 .2549E-07 .2454E-07 .1514E-10 .6381E-08
.1910E+04 .1367E+00 .1403E-05 .1078E-08 .9929E-06 .9919E-06 .1403E-05 .5169E-07 .1454E-05 .1403E-05 .1078E-08 .3440E-06
.1915E+04 .1358E+00 .2049E-05 .2241E-08 .1451E-05 .1449E-05 .2049E-05 .7589E-07 .2125E-05 .2049E-05 .2241E-08 .4996E-06
.1920E+04 .1342E+00 .3939E-04 .4463E-07 .2790E-04 .2785E-04 .3939E-04 .1463E-05 .4085E-04 .3939E-04 .4463E-07 .9621E-05
.1925E+04 .1335E+00 .1323E-03 .2056E-06 .9375E-04 .9354E-04 .1323E-03 .5004E-05 .1373E-03 .1323E-03 .2056E-06 .3247E-04
.1930E+04 .1304E+00 .9958E-04 .1792E-06 .7059E-04 .7041E-04 .9958E-04 .3823E-05 .1034E-03 .9958E-04 .1792E-06 .2461E-04
.1935E+04 .1303E+00 .1029E-02 .2600E-05 .7302E-03 .7276E-03 .1029E-02 .4075E-04 .1070E-02 .1029E-02 .2600E-05 .2567E-03
.1940E+04 .1273E+00 .1187E-02 .3602E-05 .8429E-03 .8392E-03 .1187E-02 .4792E-04 .1235E-02 .1187E-02 .3602E-05 .2973E-03
.1945E+04 .1204E+00 .5397E-02 .1845E-04 .3834E-02 .3816E-02 .5397E-02 .2219E-03 .5619E-02 .5397E-02 .1845E-04 .1362E-02
.1950E+04 .1247E+00 .9989E-02 .3879E-04 .7102E-02 .7063E-02 .9989E-02 .4200E-03 .1041E-01 .9989E-02 .3879E-04 .2545E-02
.1955E+04 .1268E+00 .5314E-02 .1672E-04 .3775E-02 .3758E-02 .5314E-02 .2218E-03 .5536E-02 .5314E-02 .1672E-04 .1375E-02
.1960E+04 .1252E+00 .1566E-01 .6384E-04 .1114E-01 .1108E-01 .1566E-01 .6808E-03 .1634E-01 .1566E-01 .6384E-04 .4118E-02
.1965E+04 .1231E+00 .2295E-01 .1008E-03 .1633E-01 .1623E-01 .2295E-01 .1017E-02 .2397E-01 .2295E-01 .1008E-03 .6102E-02
.1970E+04 .1226E+00 .4156E-01 .2043E-03 .2959E-01 .2939E-01 .4156E-01 .1883E-02 .4344E-01 .4156E-01 .2043E-03 .1115E-01
.1975E+04 .1205E+00 .5227E-01 .2694E-03 .3723E-01 .3696E-01 .5227E-01 .2397E-02 .5467E-01 .5227E-01 .2694E-03 .1412E-01
.1980E+04 .1192E+00 .6322E-01 .3428E-03 .4505E-01 .4471E-01 .6322E-01 .2939E-02 .6616E-01 .6322E-01 .3428E-03 .1721E-01
.1985E+04 .1184E+00 .7083E-01 .3932E-03 .5048E-01 .5008E-01 .7083E-01 .3336E-02 .7416E-01 .7083E-01 .3932E-03 .1950E-01
.1990E+04 .1183E+00 .7037E-01 .3872E-03 .5015E-01 .4976E-01 .7037E-01 .3320E-02 .7369E-01 .7037E-01 .3872E-03 .1944E-01
.1995E+04 .1163E+00 .7164E-01 .3940E-03 .5105E-01 .5066E-01 .7164E-01 .3375E-02 .7502E-01 .7164E-01 .3940E-03 .1976E-01
.2000E+04 .1160E+00 .4118E-01 .2107E-03 .2933E-01 .2912E-01 .4118E-01 .1916E-02 .4309E-01 .4118E-01 .2107E-03 .1133E-01
.2005E+04 .1148E+00 .1804E-01 .7619E-04 .1283E-01 .1276E-01 .1804E-01 .8146E-03 .1886E-01 .1804E-01 .7619E-04 .4929E-02
.2010E+04 .1145E+00 .4853E-01 .2507E-03 .3456E-01 .3431E-01 .4853E-01 .2234E-02 .5076E-01 .4853E-01 .2507E-03 .1317E-01
.2015E+04 .1135E+00 .3073E-01 .1443E-03 .2187E-01 .2173E-01 .3073E-01 .1383E-02 .3211E-01 .3073E-01 .1443E-03 .8241E-02
.2020E+04 .1115E+00 .4831E-01 .2516E-03 .3441E-01 .3416E-01 .4831E-01 .2187E-02 .5050E-01 .4831E-01 .2516E-03 .1284E-01
.2025E+04 .1109E+00 .7435E-01 .4280E-03 .5300E-01 .5258E-01 .7435E-01 .3387E-02 .7774E-01 .7435E-01 .4280E-03 .1956E-01
.2030E+04 .1092E+00 .7919E-01 .4648E-03 .5646E-01 .5599E-01 .7919E-01 .3578E-02 .8276E-01 .7919E-01 .4648E-03 .2056E-01
.2035E+04 .1082E+00 .9278E-01 .5629E-03 .6617E-01 .6560E-01 .9278E-01 .4184E-02 .9696E-01 .9278E-01 .5629E-03 .2388E-01
.2040E+04 .1077E+00 .8602E-01 .5101E-03 .6134E-01 .6083E-01 .8602E-01 .3834E-02 .8986E-01 .8602E-01 .5101E-03 .2193E-01
.2045E+04 .1078E+00 .8879E-01 .5256E-03 .6331E-01 .6278E-01 .8879E-01 .3931E-02 .9272E-01 .8879E-01 .5256E-03 .2246E-01
.2050E+04 .1065E+00 .7261E-01 .4071E-03 .5175E-01 .5134E-01 .7261E-01 .3168E-02 .7577E-01 .7261E-01 .4071E-03 .1824E-01
.2055E+04 .1054E+00 .6052E-01 .3232E-03 .4312E-01 .4279E-01 .6052E-01 .2607E-02 .6313E-01 .6052E-01 .3232E-03 .1511E-01
.2060E+04 .1038E+00 .7115E-01 .3963E-03 .5070E-01 .5031E-01 .7115E-01 .3077E-02 .7422E-01 .7115E-01 .3963E-03 .1771E-01
.2065E+04 .1030E+00 .6669E-01 .3636E-03 .4752E-01 .4716E-01 .6669E-01 .2866E-02 .6955E-01 .6669E-01 .3636E-03 .1654E-01
.2070E+04 .1024E+00 .6931E-01 .3802E-03 .4939E-01 .4901E-01 .6931E-01 .2966E-02 .7227E-01 .6931E-01 .3802E-03 .1709E-01
.2075E+04 .1023E+00 .8031E-01 .4560E-03 .5724E-01 .5679E-01 .8031E-01 .3447E-02 .8375E-01 .8031E-01 .4560E-03 .1974E-01
.2080E+04 .1007E+00 .8678E-01 .5035E-03 .6186E-01 .6136E-01 .8678E-01 .3733E-02 .9051E-01 .8678E-01 .5035E-03 .2129E-01
.2085E+04 .9979E-01 .8561E-01 .4937E-03 .6103E-01 .6054E-01 .8561E-01 .3679E-02 .8929E-01 .8561E-01 .4937E-03 .2101E-01
.2090E+04 .9881E-01 .8959E-01 .5209E-03 .6387E-01 .6335E-01 .8959E-01 .3862E-02 .9346E-01 .8959E-01 .5209E-03 .2203E-01
.2095E+04 .9735E-01 .8898E-01 .5169E-03 .6344E-01 .6292E-01 .8898E-01 .3830E-02 .9281E-01 .8898E-01 .5169E-03 .2184E-01
.2100E+04 .9751E-01 .8297E-01 .4741E-03 .5914E-01 .5867E-01 .8297E-01 .3561E-02 .8653E-01 .8297E-01 .4741E-03 .2036E-01
.2105E+04 .9690E-01 .9278E-01 .5394E-03 .6614E-01 .6560E-01 .9278E-01 .4004E-02 .9678E-01 .9278E-01 .5394E-03 .2284E-01
.2110E+04 .9579E-01 .8834E-01 .5076E-03 .6297E-01 .6247E-01 .8834E-01 .3821E-02 .9216E-01 .8834E-01 .5076E-03 .2186E-01
.2115E+04 .9495E-01 .9094E-01 .5244E-03 .6483E-01 .6431E-01 .9094E-01 .3936E-02 .9488E-01 .9094E-01 .5244E-03 .2251E-01
.2120E+04 .9376E-01 .8509E-01 .4838E-03 .6065E-01 .6017E-01 .8509E-01 .3690E-02 .8878E-01 .8509E-01 .4838E-03 .2116E-01
.2125E+04 .9291E-01 .8667E-01 .4935E-03 .6178E-01 .6128E-01 .8667E-01 .3769E-02 .9044E-01 .8667E-01 .4935E-03 .2162E-01
.2130E+04 .9283E-01 .8794E-01 .5009E-03 .6268E-01 .6218E-01 .8794E-01 .3836E-02 .9178E-01 .8794E-01 .5009E-03 .2202E-01
.2135E+04 .9171E-01 .8874E-01 .5048E-03 .6325E-01 .6275E-01 .8874E-01 .3886E-02 .9262E-01 .8874E-01 .5048E-03 .2232E-01
.2140E+04 .9147E-01 .8978E-01 .5100E-03 .6399E-01 .6348E-01 .8978E-01 .3935E-02 .9371E-01 .8978E-01 .5100E-03 .2262E-01
.2145E+04 .9065E-01 .8890E-01 .5026E-03 .6336E-01 .6286E-01 .8890E-01 .3895E-02 .9279E-01 .8890E-01 .5026E-03 .2240E-01
.2150E+04 .9013E-01 .8176E-01 .4522E-03 .5827E-01 .5782E-01 .8176E-01 .3569E-02 .8533E-01 .8176E-01 .4522E-03 .2060E-01
.2155E+04 .8927E-01 .8207E-01 .4528E-03 .5848E-01 .5803E-01 .8207E-01 .3585E-02 .8565E-01 .8207E-01 .4528E-03 .2070E-01
.2160E+04 .8784E-01 .8150E-01 .4488E-03 .5808E-01 .5763E-01 .8150E-01 .3555E-02 .8506E-01 .8150E-01 .4488E-03 .2054E-01
.2165E+04 .8275E-01 .7420E-01 .4047E-03 .5287E-01 .5247E-01 .7420E-01 .3232E-02 .7743E-01 .7420E-01 .4047E-03 .1870E-01
.2170E+04 .8514E-01 .7960E-01 .4360E-03 .5672E-01 .5629E-01 .7960E-01 .3470E-02 .8307E-01 .7960E-01 .4360E-03 .2006E-01
.2175E+04 .8568E-01 .7695E-01 .4151E-03 .5483E-01 .5441E-01 .7695E-01 .3347E-02 .8030E-01 .7695E-01 .4151E-03 .1939E-01
.2180E+04 .8497E-01 .8012E-01 .4348E-03 .5709E-01 .5665E-01 .8012E-01 .3488E-02 .8361E-01 .8012E-01 .4348E-03 .2019E-01
.2185E+04 .8464E-01 .6951E-01 .3660E-03 .4952E-01 .4915E-01 .6951E-01 .3012E-02 .7252E-01 .6951E-01 .3660E-03 .1751E-01
.2190E+04 .8364E-01 .7655E-01 .4091E-03 .5454E-01 .5413E-01 .7655E-01 .3325E-02 .7988E-01 .7655E-01 .4091E-03 .1929E-01
.2195E+04 .8342E-01 .7570E-01 .4017E-03 .5393E-01 .5353E-01 .7570E-01 .3284E-02 .7898E-01 .7570E-01 .4017E-03 .1908E-01
.2200E+04 .8263E-01 .6940E-01 .3602E-03 .4943E-01 .4907E-01 .6940E-01 .2992E-02 .7239E-01 .6940E-01 .3602E-03 .1743E-01
.2205E+04 .8073E-01 .7094E-01 .3703E-03 .5054E-01 .5017E-01 .7094E-01 .3053E-02 .7400E-01 .7094E-01 .3703E-03 .1776E-01
.2210E+04 .8053E-01 .7718E-01 .4080E-03 .5499E-01 .5458E-01 .7718E-01 .3323E-02 .8051E-01 .7718E-01 .4080E-03 .1929E-01
.2215E+04 .8024E-01 .7366E-01 .3840E-03 .5247E-01 .5208E-01 .7366E-01 .3157E-02 .7681E-01 .7366E-01 .3840E-03 .1835E-01
.2220E+04 .7974E-01 .7651E-01 .4001E-03 .5450E-01 .5410E-01 .7651E-01 .3272E-02 .7978E-01 .7651E-01 .4001E-03 .1900E-01
.2225E+04 .7873E-01 .7378E-01 .3820E-03 .5256E-01 .5217E-01 .7378E-01 .3137E-02 .7692E-01 .7378E-01 .3820E-03 .1824E-01
.2230E+04 .7832E-01 .7545E-01 .3906E-03 .5374E-01 .5335E-01 .7545E-01 .3195E-02 .7864E-01 .7545E-01 .3906E-03 .1856E-01
.2235E+04 .7766E-01 .7343E-01 .3766E-03 .5230E-01 .5192E-01 .7343E-01 .3087E-02 .7652E-01 .7343E-01 .3766E-03 .1794E-01
.2240E+04 .7661E-01 .7321E-01 .3740E-03 .5214E-01 .5177E-01 .7321E-01 .3059E-02 .7627E-01 .7321E-01 .3740E-03 .1777E-01
.2245E+04 .7621E-01 .7092E-01 .3578E-03 .5051E-01 .5015E-01 .7092E-01 .2934E-02 .7385E-01 .7092E-01 .3578E-03 .1705E-01
.2250E+04 .7546E-01 .7208E-01 .3634E-03 .5133E-01 .5097E-01 .7208E-01 .2927E-02 .7500E-01 .7208E-01 .3634E-03 .1696E-01
.2255E+04 .7461E-01 .6874E-01 .3411E-03 .4895E-01 .4861E-01 .6874E-01 .2758E-02 .7150E-01 .6874E-01 .3411E-03 .1599E-01
.2260E+04 .7419E-01 .6791E-01 .3342E-03 .4835E-01 .4802E-01 .6791E-01 .2682E-02 .7059E-01 .6791E-01 .3342E-03 .1553E-01
.2265E+04 .7352E-01 .6888E-01 .3389E-03 .4905E-01 .4871E-01 .6888E-01 .2693E-02 .7157E-01 .6888E-01 .3389E-03 .1557E-01
.2270E+04 .7323E-01 .6623E-01 .3210E-03 .4715E-01 .4683E-01 .6623E-01 .2568E-02 .6880E-01 .6623E-01 .3210E-03 .1486E-01
.2275E+04 .7269E-01 .6543E-01 .3150E-03 .4658E-01 .4627E-01 .6543E-01 .2528E-02 .6796E-01 .6543E-01 .3150E-03 .1464E-01
.2280E+04 .7147E-01 .6680E-01 .3230E-03 .4756E-01 .4723E-01 .6680E-01 .2582E-02 .6938E-01 .6680E-01 .3230E-03 .1494E-01
.2285E+04 .7108E-01 .6407E-01 .3052E-03 .4561E-01 .4531E-01 .6407E-01 .2465E-02 .6654E-01 .6407E-01 .3052E-03 .1429E-01
.2290E+04 .7069E-01 .6390E-01 .3029E-03 .4549E-01 .4518E-01 .6390E-01 .2450E-02 .6635E-01 .6390E-01 .3029E-03 .1420E-01
.2295E+04 .6914E-01 .6224E-01 .2932E-03 .4431E-01 .4401E-01 .6224E-01 .2384E-02 .6463E-01 .6224E-01 .2932E-03 .1383E-01
.2300E+04 .6923E-01 .5953E-01 .2756E-03 .4237E-01 .4209E-01 .5953E-01 .2274E-02 .6180E-01 .5953E-01 .2756E-03 .1323E-01
.2305E+04 .6902E-01 .5954E-01 .2744E-03 .4238E-01 .4210E-01 .5954E-01 .2265E-02 .6181E-01 .5954E-01 .2744E-03 .1318E-01
.2310E+04 .6848E-01 .6184E-01 .2873E-03 .4402E-01 .4373E-01 .6184E-01 .2356E-02 .6420E-01 .6184E-01 .2873E-03 .1369E-01
.2315E+04 .6764E-01 .5761E-01 .2622E-03 .4100E-01 .4073E-01 .5761E-01 .2188E-02 .5980E-01 .5761E-01 .2622E-03 .1276E-01
.2320E+04 .6675E-01 .5083E-01 .2250E-03 .3616E-01 .3594E-01 .5083E-01 .1923E-02 .5275E-01 .5083E-01 .2250E-03 .1125E-01
.2325E+04 .6538E-01 .5219E-01 .2329E-03 .3714E-01 .3691E-01 .5219E-01 .1977E-02 .5417E-01 .5219E-01 .2329E-03 .1156E-01
.2330E+04 .6565E-01 .5382E-01 .2387E-03 .3830E-01 .3806E-01 .5382E-01 .2036E-02 .5586E-01 .5382E-01 .2387E-03 .1192E-01
.2335E+04 .6513E-01 .5615E-01 .2507E-03 .3996E-01 .3971E-01 .5615E-01 .2129E-02 .5828E-01 .5615E-01 .2507E-03 .1245E-01
.2340E+04 .6491E-01 .4110E-01 .1718E-03 .2923E-01 .2906E-01 .4110E-01 .1547E-02 .4264E-01 .4110E-01 .1718E-03 .9132E-02
.2345E+04 .6465E-01 .4958E-01 .2132E-03 .3527E-01 .3506E-01 .4958E-01 .1874E-02 .5145E-01 .4958E-01 .2132E-03 .1102E-01
.2350E+04 .6355E-01 .3744E-01 .1544E-03 .2663E-01 .2647E-01 .3744E-01 .1407E-02 .3885E-01 .3744E-01 .1544E-03 .8321E-02
.2355E+04 .6224E-01 .4512E-01 .1897E-03 .3209E-01 .3190E-01 .4512E-01 .1700E-02 .4682E-01 .4512E-01 .1897E-03 .1003E-01
.2360E+04 .6250E-01 .4757E-01 .2009E-03 .3384E-01 .3364E-01 .4757E-01 .1793E-02 .4936E-01 .4757E-01 .2009E-03 .1057E-01
.2365E+04 .6234E-01 .4381E-01 .1828E-03 .3116E-01 .3098E-01 .4381E-01 .1645E-02 .4545E-01 .4381E-01 .1828E-03 .9713E-02
.2370E+04 .6161E-01 .2577E-01 .9623E-04 .1832E-01 .1823E-01 .2577E-01 .9558E-03 .2673E-01 .2577E-01 .9623E-04 .5726E-02
.2375E+04 .6093E-01 .3992E-01 .1613E-03 .2839E-01 .2823E-01 .3992E-01 .1496E-02 .4142E-01 .3992E-01 .1613E-03 .8872E-02
.2380E+04 .6059E-01 .3561E-01 .1408E-03 .2532E-01 .2518E-01 .3561E-01 .1330E-02 .3694E-01 .3561E-01 .1408E-03 .7912E-02
.2385E+04 .5860E-01 .2514E-01 .9342E-04 .1787E-01 .1778E-01 .2514E-01 .9317E-03 .2607E-01 .2514E-01 .9342E-04 .5584E-02
.2390E+04 .5910E-01 .3109E-01 .1193E-03 .2211E-01 .2199E-01 .3109E-01 .1154E-02 .3225E-01 .3109E-01 .1193E-03 .6887E-02
.2395E+04 .5888E-01 .3520E-01 .1367E-03 .2503E-01 .2489E-01 .3520E-01 .1307E-02 .3651E-01 .3520E-01 .1367E-03 .7789E-02
.2400E+04 .5851E-01 .3804E-01 .1480E-03 .2704E-01 .2689E-01 .3804E-01 .1405E-02 .3944E-01 .3804E-01 .1480E-03 .8360E-02
.2405E+04 .5817E-01 .2718E-01 .1007E-03 .1932E-01 .1922E-01 .2718E-01 .9939E-03 .2818E-01 .2718E-01 .1007E-03 .5948E-02
.2410E+04 .5773E-01 .2656E-01 .9661E-04 .1888E-01 .1878E-01 .2656E-01 .9636E-03 .2753E-01 .2656E-01 .9661E-04 .5776E-02
.2415E+04 .5600E-01 .2020E-01 .6896E-04 .1435E-01 .1429E-01 .2020E-01 .7225E-03 .2093E-01 .2020E-01 .6896E-04 .4359E-02
.2420E+04 .5626E-01 .2027E-01 .6972E-04 .1441E-01 .1434E-01 .2027E-01 .7222E-03 .2100E-01 .2027E-01 .6972E-04 .4352E-02
.2425E+04 .5606E-01 .2682E-01 .9481E-04 .1906E-01 .1896E-01 .2682E-01 .9429E-03 .2776E-01 .2682E-01 .9481E-04 .5649E-02
.2430E+04 .5584E-01 .3718E-01 .1364E-03 .2643E-01 .2629E-01 .3718E-01 .1301E-02 .3848E-01 .3718E-01 .1364E-03 .7751E-02
.2435E+04 .5519E-01 .9588E-02 .2882E-04 .6809E-02 .6780E-02 .9588E-02 .3242E-03 .9912E-02 .9588E-02 .2882E-04 .1974E-02
.2440E+04 .5505E-01 .3468E-01 .1243E-03 .2465E-01 .2452E-01 .3468E-01 .1173E-02 .3586E-01 .3468E-01 .1243E-03 .6977E-02
.2445E+04 .5433E-01 .1449E-01 .4522E-04 .1029E-01 .1025E-01 .1449E-01 .4736E-03 .1496E-01 .1449E-01 .4522E-04 .2858E-02
.2450E+04 .5341E-01 .8591E-02 .2457E-04 .6099E-02 .6075E-02 .8591E-02 .2760E-03 .8867E-02 .8591E-02 .2457E-04 .1680E-02
.2455E+04 .5300E-01 .1713E-01 .5463E-04 .1217E-01 .1211E-01 .1713E-01 .5516E-03 .1768E-01 .1713E-01 .5463E-04 .3312E-02
.2460E+04 .5314E-01 .2523E-01 .8214E-04 .1792E-01 .1784E-01 .2523E-01 .8052E-03 .2603E-01 .2523E-01 .8214E-04 .4815E-02
.2465E+04 .5302E-01 .1610E-01 .4788E-04 .1143E-01 .1138E-01 .1610E-01 .5025E-03 .1660E-01 .1610E-01 .4788E-04 .3033E-02
.2470E+04 .5220E-01 .8656E-02 .2241E-04 .6143E-02 .6121E-02 .8656E-02 .2642E-03 .8920E-02 .8656E-02 .2241E-04 .1617E-02
.2475E+04 .5210E-01 .9466E-02 .2480E-04 .6718E-02 .6694E-02 .9466E-02 .2869E-03 .9753E-02 .9466E-02 .2480E-04 .1753E-02
.2480E+04 .5103E-01 .3372E-02 .7864E-05 .2392E-02 .2384E-02 .3372E-02 .9979E-04 .3472E-02 .3372E-02 .7864E-05 .6161E-03
.2485E+04 .5068E-01 .2431E-02 .4861E-05 .1724E-02 .1719E-02 .2431E-02 .7008E-04 .2501E-02 .2431E-02 .4861E-05 .4382E-03
.2490E+04 .5082E-01 .1112E-02 .1840E-05 .7884E-03 .7866E-03 .1112E-02 .3133E-04 .1144E-02 .1112E-02 .1840E-05 .1987E-03
.2495E+04 .5053E-01 .1140E-02 .1933E-05 .8083E-03 .8063E-03 .1140E-02 .3205E-04 .1172E-02 .1140E-02 .1933E-05 .2028E-03
.2500E+04 .5037E-01 .2367E-02 .4536E-05 .1678E-02 .1674E-02 .2367E-02 .6759E-04 .2435E-02 .2367E-02 .4536E-05 .4239E-03
