Wvlgth Extraterrestrial_spectrm Direct_normal_irradiance Difuse_horizn_irradiance Global_horizn_irradiance Direct_horizn_irradiance Direct_tilted_irradiance Difuse_tilted_irradiance Global_tilted_irradiance Beam_normal_+circumsolar Difuse_horiz-circumsolar Upward_reflctd_radiation
.2800E+03 .7851E-01 .2069E-19 .5796E-19 .7381E-19 .1585E-19 .2069E-19 .5146E-19 .7215E-19 .2069E-19 .5796E-19 .2393E-20
.2805E+03 .1024E+00 .3972E-18 .7797E-18 .1084E-17 .3043E-18 .3972E-18 .6926E-18 .1090E-17 .3972E-18 .7797E-18 .3496E-19
.2810E+03 .1717E+00 .1887E-17 .3190E-17 .4636E-17 .1445E-17 .1887E-17 .2835E-17 .4721E-17 .1887E-17 .3190E-17 .1494E-18
.2815E+03 .2412E+00 .3563E-16 .4424E-16 .7153E-16 .2729E-16 .3563E-16 .3933E-16 .7496E-16 .3563E-16 .4424E-16 .2292E-17
.2820E+03 .2918E+00 .2180E-15 .2228E-15 .3898E-15 .1670E-15 .2180E-15 .1982E-15 .4162E-15 .2180E-15 .2228E-15 .1246E-16
.2825E+03 .3144E+00 .6991E-15 .6220E-15 .1157E-14 .5355E-15 .6991E-15 .5536E-15 .1253E-14 .6991E-15 .6220E-15 .3695E-16
.2830E+03 .3431E+00 .2526E-14 .1941E-14 .3876E-14 .1935E-14 .2526E-14 .1728E-14 .4254E-14 .2526E-14 .1941E-14 .1235E-15
.2835E+03 .3225E+00 .4300E-14 .3021E-14 .6315E-14 .3294E-14 .4300E-14 .2691E-14 .6991E-14 .4300E-14 .3021E-14 .2013E-15
.2840E+03 .3213E+00 .6349E-13 .7122E-13 .1199E-12 .4864E-13 .6349E-13 .6335E-13 .1268E-12 .6349E-13 .7122E-13 .3887E-14
.2845E+03 .2516E+00 .1771E-12 .1854E-12 .3210E-12 .1357E-12 .1771E-12 .1649E-12 .3420E-12 .1771E-12 .1854E-12 .1042E-13
.2850E+03 .1186E+00 .3224E-12 .3144E-12 .5614E-12 .2470E-12 .3224E-12 .2798E-12 .6022E-12 .3224E-12 .3144E-12 .1824E-13
.2855E+03 .1378E+00 .1830E-11 .1654E-11 .3056E-11 .1402E-11 .1830E-11 .1472E-11 .3302E-11 .1830E-11 .1654E-11 .9933E-13
.2860E+03 .3008E+00 .7704E-11 .6605E-11 .1251E-10 .5902E-11 .7704E-11 .5880E-11 .1358E-10 .7704E-11 .6605E-11 .4070E-12
.2865E+03 .3583E+00 .3423E-10 .2738E-10 .5360E-10 .2622E-10 .3423E-10 .2438E-10 .5861E-10 .3423E-10 .2738E-10 .1746E-11
.2870E+03 .3780E+00 .9617E-10 .7236E-10 .1460E-09 .7367E-10 .9617E-10 .6446E-10 .1606E-09 .9617E-10 .7236E-10 .4760E-11
.2875E+03 .3784E+00 .3429E-09 .1864E-09 .4490E-09 .2626E-09 .3429E-09 .1663E-09 .5091E-09 .3429E-09 .1864E-09 .1453E-10
.2880E+03 .2506E+00 .1131E-08 .6281E-09 .1494E-08 .8663E-09 .1131E-08 .5603E-09 .1691E-08 .1131E-08 .6281E-09 .4853E-10
.2885E+03 .3590E+00 .3855E-08 .2144E-08 .5098E-08 .2953E-08 .3855E-08 .1913E-08 .5768E-08 .3855E-08 .2144E-08 .1660E-09
.2890E+03 .4204E+00 .1090E-07 .6120E-08 .1447E-07 .8350E-08 .1090E-07 .5460E-08 .1636E-07 .1090E-07 .6120E-08 .4728E-09
.2895E+03 .4914E+00 .3377E-07 .1947E-07 .4535E-07 .2587E-07 .3377E-07 .1737E-07 .5114E-07 .3377E-07 .1947E-07 .1487E-08
.2900E+03 .6181E+00 .9378E-07 .5536E-07 .1272E-06 .7184E-07 .9378E-07 .4938E-07 .1432E-06 .9378E-07 .5536E-07 .4186E-08
.2905E+03 .6463E+00 .1916E-06 .1155E-06 .2623E-06 .1468E-06 .1916E-06 .1030E-06 .2946E-06 .1916E-06 .1155E-06 .8661E-08
.2910E+03 .6101E+00 .4030E-06 .2088E-06 .5176E-06 .3087E-06 .4030E-06 .1864E-06 .5894E-06 .4030E-06 .2088E-06 .1706E-07
.2915E+03 .6024E+00 .1093E-05 .5819E-06 .1420E-05 .8376E-06 .1093E-05 .5194E-06 .1613E-05 .1093E-05 .5819E-06 .4696E-07
.2920E+03 .5732E+00 .2378E-05 .1297E-05 .3118E-05 .1821E-05 .2378E-05 .1157E-05 .3535E-05 .2378E-05 .1297E-05 .1035E-06
.2925E+03 .4968E+00 .3306E-05 .1800E-05 .4333E-05 .2533E-05 .3306E-05 .1607E-05 .4913E-05 .3306E-05 .1800E-05 .1442E-06
.2930E+03 .5676E+00 .6857E-05 .3799E-05 .9051E-05 .5253E-05 .6857E-05 .3390E-05 .1025E-04 .6857E-05 .3799E-05 .3023E-06
.2935E+03 .5764E+00 .1568E-04 .9194E-05 .2120E-04 .1201E-04 .1568E-04 .8202E-05 .2388E-04 .1568E-04 .9194E-05 .7113E-06
.2940E+03 .5042E+00 .2395E-04 .1455E-04 .3289E-04 .1834E-04 .2395E-04 .1298E-04 .3693E-04 .2395E-04 .1455E-04 .1108E-05
.2945E+03 .5438E+00 .3924E-04 .2816E-04 .5822E-04 .3006E-04 .3924E-04 .2510E-04 .6434E-04 .3924E-04 .2816E-04 .1976E-05
.2950E+03 .5163E+00 .6275E-04 .3374E-04 .8182E-04 .4807E-04 .6275E-04 .3012E-04 .9288E-04 .6275E-04 .3374E-04 .2760E-05
.2955E+03 .5825E+00 .1346E-03 .7529E-04 .1784E-03 .1031E-03 .1346E-03 .6720E-04 .2018E-03 .1346E-03 .7529E-04 .6042E-05
.2960E+03 .6214E+00 .2247E-03 .1292E-03 .3014E-03 .1721E-03 .2247E-03 .1153E-03 .3400E-03 .2247E-03 .1292E-03 .1024E-04
.2965E+03 .4929E+00 .2722E-03 .1613E-03 .3698E-03 .2085E-03 .2722E-03 .1439E-03 .4161E-03 .2722E-03 .1613E-03 .1261E-04
.2970E+03 .4244E+00 .3272E-03 .1986E-03 .4492E-03 .2506E-03 .3272E-03 .1772E-03 .5044E-03 .3272E-03 .1986E-03 .1538E-04
.2975E+03 .5980E+00 .7349E-03 .4655E-03 .1028E-02 .5630E-03 .7349E-03 .4152E-03 .1150E-02 .7349E-03 .4655E-03 .3534E-04
.2980E+03 .5581E+00 .1001E-02 .6583E-03 .1425E-02 .7672E-03 .1001E-02 .5871E-03 .1589E-02 .1001E-02 .6583E-03 .4918E-04
.2985E+03 .3790E+00 .9023E-03 .6099E-03 .1301E-02 .6912E-03 .9023E-03 .5439E-03 .1446E-02 .9023E-03 .6099E-03 .4505E-04
.2990E+03 .5771E+00 .1786E-02 .1242E-02 .2610E-02 .1368E-02 .1786E-02 .1107E-02 .2893E-02 .1786E-02 .1242E-02 .9069E-04
.2995E+03 .5217E+00 .2439E-02 .1794E-02 .3662E-02 .1868E-02 .2439E-02 .1599E-02 .4038E-02 .2439E-02 .1794E-02 .1278E-03
.3000E+03 .4169E+00 .2483E-02 .1885E-02 .3786E-02 .1902E-02 .2483E-02 .1680E-02 .4163E-02 .2483E-02 .1885E-02 .1326E-03
.3005E+03 .4394E+00 .3234E-02 .2529E-02 .5006E-02 .2477E-02 .3234E-02 .2254E-02 .5488E-02 .3234E-02 .2529E-02 .1783E-03
.3010E+03 .4942E+00 .4945E-02 .4034E-02 .7822E-02 .3788E-02 .4945E-02 .3596E-02 .8541E-02 .4945E-02 .4034E-02 .2833E-03
.3015E+03 .5298E+00 .6817E-02 .5427E-02 .1065E-01 .5222E-02 .6817E-02 .4839E-02 .1166E-01 .6817E-02 .5427E-02 .3914E-03
.3020E+03 .3745E+00 .5457E-02 .4270E-02 .8450E-02 .4180E-02 .5457E-02 .3808E-02 .9264E-02 .5457E-02 .4270E-02 .3151E-03
.3025E+03 .5441E+00 .9825E-02 .7517E-02 .1504E-01 .7526E-02 .9825E-02 .6704E-02 .1653E-01 .9825E-02 .7517E-02 .5616E-03
.3030E+03 .6771E+00 .1588E-01 .1208E-01 .2425E-01 .1216E-01 .1588E-01 .1078E-01 .2666E-01 .1588E-01 .1208E-01 .9069E-03
.3035E+03 .6891E+00 .1880E-01 .1426E-01 .2866E-01 .1440E-01 .1880E-01 .1272E-01 .3152E-01 .1880E-01 .1426E-01 .1074E-02
.3040E+03 .5775E+00 .1701E-01 .1282E-01 .2585E-01 .1303E-01 .1701E-01 .1144E-01 .2845E-01 .1701E-01 .1282E-01 .9706E-03
.3045E+03 .6485E+00 .2272E-01 .1713E-01 .3453E-01 .1740E-01 .2272E-01 .1528E-01 .3800E-01 .2272E-01 .1713E-01 .1297E-02
.3050E+03 .6733E+00 .2950E-01 .2239E-01 .4499E-01 .2260E-01 .2950E-01 .1998E-01 .4948E-01 .2950E-01 .2239E-01 .1692E-02
.3055E+03 .6128E+00 .3081E-01 .2342E-01 .4702E-01 .2360E-01 .3081E-01 .2089E-01 .5170E-01 .3081E-01 .2342E-01 .1769E-02
.3060E+03 .5426E+00 .2891E-01 .2187E-01 .4402E-01 .2215E-01 .2891E-01 .1951E-01 .4842E-01 .2891E-01 .2187E-01 .1657E-02
.3065E+03 .5861E+00 .3403E-01 .2569E-01 .5176E-01 .2607E-01 .3403E-01 .2292E-01 .5695E-01 .3403E-01 .2569E-01 .1952E-02
.3070E+03 .6446E+00 .4431E-01 .3373E-01 .6767E-01 .3394E-01 .4431E-01 .3009E-01 .7440E-01 .4431E-01 .3373E-01 .2558E-02
.3075E+03 .6519E+00 .5221E-01 .4541E-01 .8540E-01 .4000E-01 .5221E-01 .4048E-01 .9269E-01 .5221E-01 .4541E-01 .3248E-02
.3080E+03 .6567E+00 .5443E-01 .4669E-01 .8838E-01 .4169E-01 .5443E-01 .4162E-01 .9605E-01 .5443E-01 .4669E-01 .3366E-02
.3085E+03 .6806E+00 .6079E-01 .5109E-01 .9766E-01 .4657E-01 .6079E-01 .4556E-01 .1063E+00 .6079E-01 .5109E-01 .3719E-02
.3090E+03 .5623E+00 .5330E-01 .4405E-01 .8488E-01 .4083E-01 .5330E-01 .3928E-01 .9258E-01 .5330E-01 .4405E-01 .3233E-02
.3095E+03 .5136E+00 .5693E-01 .4576E-01 .8937E-01 .4361E-01 .5693E-01 .4081E-01 .9774E-01 .5693E-01 .4576E-01 .3403E-02
.3100E+03 .4651E+00 .5551E-01 .4391E-01 .8643E-01 .4252E-01 .5551E-01 .3916E-01 .9467E-01 .5551E-01 .4391E-01 .3291E-02
.3105E+03 .7149E+00 .8889E-01 .6943E-01 .1375E+00 .6809E-01 .8889E-01 .6194E-01 .1508E+00 .8889E-01 .6943E-01 .5242E-02
.3110E+03 .8241E+00 .1088E+00 .8384E-01 .1671E+00 .8331E-01 .1088E+00 .7479E-01 .1835E+00 .1088E+00 .8384E-01 .6377E-02
.3115E+03 .7648E+00 .1041E+00 .7940E-01 .1591E+00 .7975E-01 .1041E+00 .7083E-01 .1749E+00 .1041E+00 .7940E-01 .6078E-02
.3120E+03 .6421E+00 .9780E-01 .7350E-01 .1484E+00 .7492E-01 .9780E-01 .6558E-01 .1634E+00 .9780E-01 .7350E-01 .5673E-02
.3125E+03 .6970E+00 .1144E+00 .8498E-01 .1726E+00 .8760E-01 .1144E+00 .7582E-01 .1902E+00 .1144E+00 .8498E-01 .6607E-02
.3130E+03 .7115E+00 .1218E+00 .8963E-01 .1829E+00 .9330E-01 .1218E+00 .7998E-01 .2018E+00 .1218E+00 .8963E-01 .7016E-02
.3135E+03 .7257E+00 .1215E+00 .8864E-01 .1817E+00 .9308E-01 .1215E+00 .7910E-01 .2006E+00 .1215E+00 .8864E-01 .6982E-02
.3140E+03 .7936E+00 .1442E+00 .1042E+00 .2147E+00 .1105E+00 .1442E+00 .9300E-01 .2372E+00 .1442E+00 .1042E+00 .8263E-02
.3145E+03 .5931E+00 .1193E+00 .8560E-01 .1770E+00 .9142E-01 .1193E+00 .7640E-01 .1957E+00 .1193E+00 .8560E-01 .6821E-02
.3150E+03 .7541E+00 .1556E+00 .1107E+00 .2299E+00 .1192E+00 .1556E+00 .9882E-01 .2545E+00 .1556E+00 .1107E+00 .8869E-02
.3155E+03 .6804E+00 .1356E+00 .9546E-01 .1993E+00 .1039E+00 .1356E+00 .8521E-01 .2208E+00 .1356E+00 .9546E-01 .7696E-02
.3160E+03 .5183E+00 .1119E+00 .7834E-01 .1641E+00 .8572E-01 .1119E+00 .6993E-01 .1818E+00 .1119E+00 .7834E-01 .6341E-02
.3165E+03 .6632E+00 .1531E+00 .1067E+00 .2240E+00 .1173E+00 .1531E+00 .9528E-01 .2484E+00 .1531E+00 .1067E+00 .8776E-02
.3170E+03 .8229E+00 .1911E+00 .1320E+00 .2784E+00 .1464E+00 .1911E+00 .1179E+00 .3090E+00 .1911E+00 .1320E+00 .1105E-01
.3175E+03 .8804E+00 .2027E+00 .1387E+00 .2939E+00 .1552E+00 .2027E+00 .1239E+00 .3265E+00 .2027E+00 .1387E+00 .1182E-01
.3180E+03 .6346E+00 .1531E+00 .1042E+00 .2215E+00 .1173E+00 .1531E+00 .9311E-01 .2462E+00 .1531E+00 .1042E+00 .9021E-02
.3185E+03 .6824E+00 .1781E+00 .1213E+00 .2577E+00 .1364E+00 .1781E+00 .1084E+00 .2865E+00 .1781E+00 .1213E+00 .1065E-01
.3190E+03 .7535E+00 .2049E+00 .1391E+00 .2961E+00 .1570E+00 .2049E+00 .1244E+00 .3293E+00 .2049E+00 .1391E+00 .1242E-01
.3195E+03 .6833E+00 .1773E+00 .1185E+00 .2543E+00 .1358E+00 .1773E+00 .1059E+00 .2832E+00 .1773E+00 .1185E+00 .1081E-01
.3200E+03 .8369E+00 .2167E+00 .1435E+00 .3095E+00 .1660E+00 .2167E+00 .1283E+00 .3451E+00 .2167E+00 .1435E+00 .1335E-01
.3205E+03 .9082E+00 .2536E+00 .1682E+00 .3624E+00 .1943E+00 .2536E+00 .1504E+00 .4040E+00 .2536E+00 .1682E+00 .1582E-01
.3210E+03 .7156E+00 .2128E+00 .1415E+00 .3045E+00 .1630E+00 .2128E+00 .1265E+00 .3393E+00 .2128E+00 .1415E+00 .1345E-01
.3215E+03 .6753E+00 .2035E+00 .1344E+00 .2903E+00 .1559E+00 .2035E+00 .1202E+00 .3237E+00 .2035E+00 .1344E+00 .1297E-01
.3220E+03 .8151E+00 .2330E+00 .1509E+00 .3294E+00 .1785E+00 .2330E+00 .1350E+00 .3680E+00 .2330E+00 .1509E+00 .1488E-01
.3225E+03 .7018E+00 .2025E+00 .1302E+00 .2853E+00 .1551E+00 .2025E+00 .1165E+00 .3190E+00 .2025E+00 .1302E+00 .1306E-01
.3230E+03 .6403E+00 .1935E+00 .1243E+00 .2725E+00 .1482E+00 .1935E+00 .1113E+00 .3048E+00 .1935E+00 .1243E+00 .1264E-01
.3235E+03 .6833E+00 .2214E+00 .1502E+00 .3198E+00 .1696E+00 .2214E+00 .1344E+00 .3558E+00 .2214E+00 .1502E+00 .1505E-01
.3240E+03 .7817E+00 .2572E+00 .1737E+00 .3707E+00 .1970E+00 .2572E+00 .1555E+00 .4126E+00 .2572E+00 .1737E+00 .1767E-01
.3245E+03 .8269E+00 .2677E+00 .1781E+00 .3832E+00 .2051E+00 .2677E+00 .1595E+00 .4272E+00 .2677E+00 .1781E+00 .1846E-01
.3250E+03 .7845E+00 .2449E+00 .1527E+00 .3403E+00 .1876E+00 .2449E+00 .1368E+00 .3817E+00 .2449E+00 .1527E+00 .1653E-01
.3255E+03 .9417E+00 .3046E+00 .1988E+00 .4322E+00 .2334E+00 .3046E+00 .1781E+00 .4827E+00 .3046E+00 .1988E+00 .2126E-01
.3260E+03 .1053E+01 .3568E+00 .2339E+00 .5073E+00 .2734E+00 .3568E+00 .2096E+00 .5664E+00 .3568E+00 .2339E+00 .2522E-01
.3265E+03 .9975E+00 .3490E+00 .2291E+00 .4964E+00 .2673E+00 .3490E+00 .2053E+00 .5542E+00 .3490E+00 .2291E+00 .2497E-01
.3270E+03 .1010E+01 .3525E+00 .2289E+00 .4990E+00 .2700E+00 .3525E+00 .2052E+00 .5577E+00 .3525E+00 .2289E+00 .2537E-01
.3275E+03 .9966E+00 .3459E+00 .2220E+00 .4870E+00 .2650E+00 .3459E+00 .1990E+00 .5450E+00 .3459E+00 .2220E+00 .2504E-01
.3280E+03 .9535E+00 .3205E+00 .2017E+00 .4472E+00 .2455E+00 .3205E+00 .1809E+00 .5014E+00 .3205E+00 .2017E+00 .2324E-01
.3285E+03 .9138E+00 .3231E+00 .2047E+00 .4521E+00 .2475E+00 .3231E+00 .1836E+00 .5066E+00 .3231E+00 .2047E+00 .2374E-01
.3290E+03 .1025E+01 .3751E+00 .2386E+00 .5259E+00 .2873E+00 .3751E+00 .2140E+00 .5891E+00 .3751E+00 .2386E+00 .2791E-01
.3295E+03 .1140E+01 .4228E+00 .2679E+00 .5917E+00 .3239E+00 .4228E+00 .2403E+00 .6631E+00 .4228E+00 .2679E+00 .3172E-01
.3300E+03 .1163E+01 .4313E+00 .2704E+00 .6008E+00 .3304E+00 .4313E+00 .2427E+00 .6740E+00 .4313E+00 .2704E+00 .3253E-01
.3305E+03 .9731E+00 .3552E+00 .2191E+00 .4912E+00 .2721E+00 .3552E+00 .1967E+00 .5519E+00 .3552E+00 .2191E+00 .2685E-01
.3310E+03 .1006E+01 .3661E+00 .2235E+00 .5040E+00 .2805E+00 .3661E+00 .2007E+00 .5668E+00 .3661E+00 .2235E+00 .2782E-01
.3315E+03 .9821E+00 .3659E+00 .2232E+00 .5035E+00 .2803E+00 .3659E+00 .2004E+00 .5663E+00 .3659E+00 .2232E+00 .2807E-01
.3320E+03 .1007E+01 .3857E+00 .2359E+00 .5314E+00 .2955E+00 .3857E+00 .2119E+00 .5976E+00 .3857E+00 .2359E+00 .2992E-01
.3325E+03 .9727E+00 .3780E+00 .2306E+00 .5202E+00 .2896E+00 .3780E+00 .2072E+00 .5852E+00 .3780E+00 .2306E+00 .2958E-01
.3330E+03 .9796E+00 .3807E+00 .2299E+00 .5216E+00 .2917E+00 .3807E+00 .2066E+00 .5874E+00 .3807E+00 .2299E+00 .2995E-01
.3335E+03 .9170E+00 .3527E+00 .2098E+00 .4799E+00 .2702E+00 .3527E+00 .1886E+00 .5413E+00 .3527E+00 .2098E+00 .2783E-01
.3340E+03 .9423E+00 .3633E+00 .2143E+00 .4926E+00 .2783E+00 .3633E+00 .1927E+00 .5559E+00 .3633E+00 .2143E+00 .2883E-01
.3345E+03 .1041E+01 .4107E+00 .2426E+00 .5572E+00 .3146E+00 .4107E+00 .2182E+00 .6289E+00 .4107E+00 .2426E+00 .3292E-01
.3350E+03 .9543E+00 .3820E+00 .2252E+00 .5178E+00 .2927E+00 .3820E+00 .2025E+00 .5846E+00 .3820E+00 .2252E+00 .3088E-01
.3355E+03 .1073E+01 .4336E+00 .2695E+00 .6017E+00 .3322E+00 .4336E+00 .2423E+00 .6760E+00 .4336E+00 .2695E+00 .3627E-01
.3360E+03 .7401E+00 .3007E+00 .1857E+00 .4160E+00 .2304E+00 .3007E+00 .1670E+00 .4677E+00 .3007E+00 .1857E+00 .2530E-01
.3365E+03 .9055E+00 .3667E+00 .2111E+00 .4920E+00 .2809E+00 .3667E+00 .1900E+00 .5567E+00 .3667E+00 .2111E+00 .3011E-01
.3370E+03 .7531E+00 .3045E+00 .1734E+00 .4067E+00 .2333E+00 .3045E+00 .1561E+00 .4607E+00 .3045E+00 .1734E+00 .2509E-01
.3375E+03 .9398E+00 .3810E+00 .2151E+00 .5069E+00 .2918E+00 .3810E+00 .1937E+00 .5747E+00 .3810E+00 .2151E+00 .3153E-01
.3380E+03 .8870E+00 .3660E+00 .2066E+00 .4870E+00 .2804E+00 .3660E+00 .1861E+00 .5521E+00 .3660E+00 .2066E+00 .3055E-01
.3385E+03 .9911E+00 .4127E+00 .2427E+00 .5588E+00 .3161E+00 .4127E+00 .2186E+00 .6312E+00 .4127E+00 .2427E+00 .3543E-01
.3390E+03 .9814E+00 .4114E+00 .2377E+00 .5529E+00 .3151E+00 .4114E+00 .2142E+00 .6255E+00 .4114E+00 .2377E+00 .3537E-01
.3395E+03 .9386E+00 .3952E+00 .2287E+00 .5315E+00 .3028E+00 .3952E+00 .2061E+00 .6013E+00 .3952E+00 .2287E+00 .3432E-01
.3400E+03 .1134E+01 .4770E+00 .2620E+00 .6273E+00 .3654E+00 .4770E+00 .2362E+00 .7132E+00 .4770E+00 .2620E+00 .4082E-01
.3405E+03 .1017E+01 .4302E+00 .2540E+00 .5836E+00 .3296E+00 .4302E+00 .2289E+00 .6592E+00 .4302E+00 .2540E+00 .3838E-01
.3410E+03 .9646E+00 .4125E+00 .2324E+00 .5483E+00 .3160E+00 .4125E+00 .2096E+00 .6220E+00 .4125E+00 .2324E+00 .3631E-01
.3415E+03 .8886E+00 .3826E+00 .2104E+00 .5034E+00 .2931E+00 .3826E+00 .1898E+00 .5724E+00 .3826E+00 .2104E+00 .3359E-01
.3420E+03 .1061E+01 .4590E+00 .2496E+00 .6012E+00 .3516E+00 .4590E+00 .2253E+00 .6843E+00 .4590E+00 .2496E+00 .4043E-01
.3425E+03 .9910E+00 .4312E+00 .2321E+00 .5625E+00 .3303E+00 .4312E+00 .2096E+00 .6408E+00 .4312E+00 .2321E+00 .3812E-01
.3430E+03 .1085E+01 .4736E+00 .2556E+00 .6184E+00 .3628E+00 .4736E+00 .2308E+00 .7044E+00 .4736E+00 .2556E+00 .4225E-01
.3435E+03 .1018E+01 .4456E+00 .2405E+00 .5819E+00 .3414E+00 .4456E+00 .2172E+00 .6628E+00 .4456E+00 .2405E+00 .4007E-01
.3440E+03 .7669E+00 .3351E+00 .1875E+00 .4442E+00 .2567E+00 .3351E+00 .1693E+00 .5044E+00 .3351E+00 .1875E+00 .3087E-01
.3445E+03 .7520E+00 .3316E+00 .1794E+00 .4334E+00 .2541E+00 .3316E+00 .1620E+00 .4937E+00 .3316E+00 .1794E+00 .3032E-01
.3450E+03 .9988E+00 .4442E+00 .2334E+00 .5737E+00 .3403E+00 .4442E+00 .2110E+00 .6552E+00 .4442E+00 .2334E+00 .4042E-01
.3455E+03 .1019E+01 .4558E+00 .2363E+00 .5855E+00 .3492E+00 .4558E+00 .2137E+00 .6695E+00 .4558E+00 .2363E+00 .4155E-01
.3460E+03 .8646E+00 .3888E+00 .1994E+00 .4973E+00 .2979E+00 .3888E+00 .1804E+00 .5692E+00 .3888E+00 .1994E+00 .3555E-01
.3465E+03 .9772E+00 .4417E+00 .2244E+00 .5627E+00 .3383E+00 .4417E+00 .2030E+00 .6447E+00 .4417E+00 .2244E+00 .4054E-01
.3470E+03 .1045E+01 .4738E+00 .2407E+00 .6036E+00 .3629E+00 .4738E+00 .2178E+00 .6916E+00 .4738E+00 .2407E+00 .4383E-01
.3475E+03 .8420E+00 .3834E+00 .1940E+00 .4877E+00 .2937E+00 .3834E+00 .1756E+00 .5590E+00 .3834E+00 .1940E+00 .3569E-01
.3480E+03 .9603E+00 .4396E+00 .2191E+00 .5559E+00 .3368E+00 .4396E+00 .1984E+00 .6380E+00 .4396E+00 .2191E+00 .4097E-01
.3485E+03 .9597E+00 .4412E+00 .2175E+00 .5554E+00 .3380E+00 .4412E+00 .1970E+00 .6382E+00 .4412E+00 .2175E+00 .4124E-01
.3490E+03 .8882E+00 .4103E+00 .2007E+00 .5150E+00 .3143E+00 .4103E+00 .1818E+00 .5921E+00 .4103E+00 .2007E+00 .3852E-01
.3495E+03 .8766E+00 .4068E+00 .1979E+00 .5096E+00 .3116E+00 .4068E+00 .1794E+00 .5862E+00 .4068E+00 .1979E+00 .3840E-01
.3500E+03 .1082E+01 .5042E+00 .2436E+00 .6298E+00 .3863E+00 .5042E+00 .2208E+00 .7251E+00 .5042E+00 .2436E+00 .4782E-01
.3505E+03 .1139E+01 .5328E+00 .2557E+00 .6639E+00 .4082E+00 .5328E+00 .2319E+00 .7647E+00 .5328E+00 .2557E+00 .5074E-01
.3510E+03 .1015E+01 .4763E+00 .2278E+00 .5927E+00 .3648E+00 .4763E+00 .2067E+00 .6829E+00 .4763E+00 .2278E+00 .4560E-01
.3515E+03 .9814E+00 .4618E+00 .2220E+00 .5757E+00 .3537E+00 .4618E+00 .2014E+00 .6631E+00 .4618E+00 .2220E+00 .4460E-01
.3520E+03 .1054E+01 .4984E+00 .2363E+00 .6182E+00 .3818E+00 .4984E+00 .2145E+00 .7129E+00 .4984E+00 .2363E+00 .4819E-01
.3525E+03 .8215E+00 .3904E+00 .1831E+00 .4821E+00 .2991E+00 .3904E+00 .1662E+00 .5566E+00 .3904E+00 .1831E+00 .3785E-01
.3530E+03 .1033E+01 .4930E+00 .2291E+00 .6068E+00 .3777E+00 .4930E+00 .2081E+00 .7011E+00 .4930E+00 .2291E+00 .4797E-01
.3535E+03 .1103E+01 .5282E+00 .2435E+00 .6481E+00 .4046E+00 .5282E+00 .2212E+00 .7494E+00 .5282E+00 .2435E+00 .5159E-01
.3540E+03 .1144E+01 .5493E+00 .2513E+00 .6721E+00 .4208E+00 .5493E+00 .2284E+00 .7777E+00 .5493E+00 .2513E+00 .5387E-01
.3545E+03 .1159E+01 .5585E+00 .2538E+00 .6817E+00 .4279E+00 .5585E+00 .2308E+00 .7893E+00 .5585E+00 .2538E+00 .5500E-01
.3550E+03 .1153E+01 .5578E+00 .2522E+00 .6795E+00 .4273E+00 .5578E+00 .2294E+00 .7872E+00 .5578E+00 .2522E+00 .5519E-01
.3555E+03 .1039E+01 .5051E+00 .2269E+00 .6139E+00 .3870E+00 .5051E+00 .2064E+00 .7116E+00 .5051E+00 .2269E+00 .5018E-01
.3560E+03 .1085E+01 .5299E+00 .2365E+00 .6424E+00 .4059E+00 .5299E+00 .2152E+00 .7450E+00 .5299E+00 .2365E+00 .5285E-01
.3565E+03 .9252E+00 .4534E+00 .2011E+00 .5484E+00 .3473E+00 .4534E+00 .1830E+00 .6365E+00 .4534E+00 .2011E+00 .4541E-01
.3570E+03 .7640E+00 .3755E+00 .1655E+00 .4532E+00 .2877E+00 .3755E+00 .1507E+00 .5262E+00 .3755E+00 .1655E+00 .3776E-01
.3575E+03 .9344E+00 .4608E+00 .2018E+00 .5547E+00 .3530E+00 .4608E+00 .1838E+00 .6445E+00 .4608E+00 .2018E+00 .4652E-01
.3580E+03 .7396E+00 .3660E+00 .1592E+00 .4396E+00 .2804E+00 .3660E+00 .1451E+00 .5111E+00 .3660E+00 .1592E+00 .3709E-01
.3585E+03 .6313E+00 .3135E+00 .1355E+00 .3756E+00 .2401E+00 .3135E+00 .1235E+00 .4370E+00 .3135E+00 .1355E+00 .3190E-01
.3590E+03 .8821E+00 .4394E+00 .1888E+00 .5254E+00 .3366E+00 .4394E+00 .1722E+00 .6116E+00 .4394E+00 .1888E+00 .4489E-01
.3595E+03 .1123E+01 .5609E+00 .2400E+00 .6697E+00 .4296E+00 .5609E+00 .2189E+00 .7797E+00 .5609E+00 .2400E+00 .5757E-01
.3600E+03 .1189E+01 .5959E+00 .2533E+00 .7097E+00 .4565E+00 .5959E+00 .2311E+00 .8269E+00 .5959E+00 .2533E+00 .6139E-01
.3605E+03 .9490E+00 .4773E+00 .2015E+00 .5671E+00 .3656E+00 .4773E+00 .1839E+00 .6611E+00 .4773E+00 .2015E+00 .4937E-01
.3610E+03 .8633E+00 .4358E+00 .1828E+00 .5166E+00 .3338E+00 .4358E+00 .1669E+00 .6026E+00 .4358E+00 .1828E+00 .4526E-01
.3615E+03 .9904E+00 .5022E+00 .2094E+00 .5941E+00 .3847E+00 .5022E+00 .1912E+00 .6934E+00 .5022E+00 .2094E+00 .5237E-01
.3620E+03 .8532E+00 .4346E+00 .1802E+00 .5131E+00 .3329E+00 .4346E+00 .1646E+00 .5992E+00 .4346E+00 .1802E+00 .4552E-01
.3625E+03 .1177E+01 .6020E+00 .2481E+00 .7093E+00 .4612E+00 .6020E+00 .2268E+00 .8288E+00 .6020E+00 .2481E+00 .6330E-01
.3630E+03 .1054E+01 .5412E+00 .2218E+00 .6365E+00 .4146E+00 .5412E+00 .2028E+00 .7440E+00 .5412E+00 .2218E+00 .5713E-01
.3635E+03 .9678E+00 .4991E+00 .2034E+00 .5857E+00 .3823E+00 .4991E+00 .1860E+00 .6851E+00 .4991E+00 .2034E+00 .5288E-01
.3640E+03 .1181E+01 .6111E+00 .2476E+00 .7158E+00 .4681E+00 .6111E+00 .2265E+00 .8376E+00 .6111E+00 .2476E+00 .6500E-01
.3645E+03 .1008E+01 .5231E+00 .2108E+00 .6115E+00 .4007E+00 .5231E+00 .1928E+00 .7160E+00 .5231E+00 .2108E+00 .5586E-01
.3650E+03 .1025E+01 .5336E+00 .2137E+00 .6225E+00 .4087E+00 .5336E+00 .1956E+00 .7292E+00 .5336E+00 .2137E+00 .5719E-01
.3655E+03 .1284E+01 .6707E+00 .2671E+00 .7809E+00 .5138E+00 .6707E+00 .2446E+00 .9152E+00 .6707E+00 .2671E+00 .7215E-01
.3660E+03 .1357E+01 .7115E+00 .2818E+00 .8268E+00 .5451E+00 .7115E+00 .2581E+00 .9696E+00 .7115E+00 .2818E+00 .7684E-01
.3665E+03 .1272E+01 .6693E+00 .2636E+00 .7763E+00 .5127E+00 .6693E+00 .2415E+00 .9108E+00 .6693E+00 .2636E+00 .7257E-01
.3670E+03 .1237E+01 .6527E+00 .2555E+00 .7555E+00 .5000E+00 .6527E+00 .2342E+00 .8869E+00 .6527E+00 .2555E+00 .7104E-01
.3675E+03 .1282E+01 .6782E+00 .2639E+00 .7835E+00 .5195E+00 .6782E+00 .2420E+00 .9202E+00 .6782E+00 .2639E+00 .7410E-01
.3680E+03 .1120E+01 .5942E+00 .2299E+00 .6850E+00 .4552E+00 .5942E+00 .2109E+00 .8050E+00 .5942E+00 .2299E+00 .6517E-01
.3685E+03 .1128E+01 .6005E+00 .2311E+00 .6912E+00 .4600E+00 .6005E+00 .2121E+00 .8126E+00 .6005E+00 .2311E+00 .6612E-01
.3690E+03 .1216E+01 .6496E+00 .2486E+00 .7463E+00 .4977E+00 .6496E+00 .2282E+00 .8779E+00 .6496E+00 .2486E+00 .7179E-01
.3695E+03 .1294E+01 .6937E+00 .2640E+00 .7955E+00 .5314E+00 .6937E+00 .2424E+00 .9362E+00 .6937E+00 .2640E+00 .7694E-01
.3700E+03 .1377E+01 .7409E+00 .2804E+00 .8480E+00 .5676E+00 .7409E+00 .2576E+00 .9985E+00 .7409E+00 .2804E+00 .8246E-01
.3705E+03 .1067E+01 .5759E+00 .2168E+00 .6580E+00 .4412E+00 .5759E+00 .1992E+00 .7751E+00 .5759E+00 .2168E+00 .6433E-01
.3710E+03 .1138E+01 .6163E+00 .2307E+00 .7029E+00 .4721E+00 .6163E+00 .2121E+00 .8284E+00 .6163E+00 .2307E+00 .6909E-01
.3715E+03 .1422E+01 .7723E+00 .2875E+00 .8791E+00 .5916E+00 .7723E+00 .2644E+00 .1037E+01 .7723E+00 .2875E+00 .8688E-01
.3720E+03 .9428E+00 .5134E+00 .1900E+00 .5833E+00 .3933E+00 .5134E+00 .1748E+00 .6882E+00 .5134E+00 .1900E+00 .5795E-01
.3725E+03 .1129E+01 .6165E+00 .2270E+00 .6992E+00 .4723E+00 .6165E+00 .2088E+00 .8253E+00 .6165E+00 .2270E+00 .6985E-01
.3730E+03 .1146E+01 .6279E+00 .2300E+00 .7110E+00 .4810E+00 .6279E+00 .2117E+00 .8396E+00 .6279E+00 .2300E+00 .7142E-01
.3735E+03 .7441E+00 .4091E+00 .1490E+00 .4624E+00 .3134E+00 .4091E+00 .1372E+00 .5463E+00 .4091E+00 .1490E+00 .4671E-01
.3740E+03 .1080E+01 .5953E+00 .2157E+00 .6717E+00 .4560E+00 .5953E+00 .1987E+00 .7940E+00 .5953E+00 .2157E+00 .6822E-01
.3745E+03 .8925E+00 .4937E+00 .1779E+00 .5561E+00 .3782E+00 .4937E+00 .1640E+00 .6576E+00 .4937E+00 .1779E+00 .5677E-01
.3750E+03 .8666E+00 .4806E+00 .1723E+00 .5404E+00 .3682E+00 .4806E+00 .1588E+00 .6394E+00 .4806E+00 .1723E+00 .5545E-01
.3755E+03 .1293E+01 .7187E+00 .2562E+00 .8067E+00 .5506E+00 .7187E+00 .2362E+00 .9549E+00 .7187E+00 .2562E+00 .8320E-01
.3760E+03 .1071E+01 .5967E+00 .2115E+00 .6686E+00 .4571E+00 .5967E+00 .1951E+00 .7918E+00 .5967E+00 .2115E+00 .6931E-01
.3765E+03 .1109E+01 .6194E+00 .2183E+00 .6928E+00 .4745E+00 .6194E+00 .2015E+00 .8209E+00 .6194E+00 .2183E+00 .7218E-01
.3770E+03 .1172E+01 .6567E+00 .2303E+00 .7333E+00 .5030E+00 .6567E+00 .2126E+00 .8693E+00 .6567E+00 .2303E+00 .7679E-01
.3775E+03 .1369E+01 .7694E+00 .2684E+00 .8578E+00 .5894E+00 .7694E+00 .2479E+00 .1017E+01 .7694E+00 .2684E+00 .9028E-01
.3780E+03 .1483E+01 .8355E+00 .2899E+00 .9299E+00 .6400E+00 .8355E+00 .2678E+00 .1103E+01 .8355E+00 .2899E+00 .9835E-01
.3785E+03 .1401E+01 .7911E+00 .2729E+00 .8789E+00 .6060E+00 .7911E+00 .2522E+00 .1043E+01 .7911E+00 .2729E+00 .9301E-01
.3790E+03 .1156E+01 .6541E+00 .2243E+00 .7253E+00 .5011E+00 .6541E+00 .2073E+00 .8614E+00 .6541E+00 .2243E+00 .7680E-01
.3795E+03 .1056E+01 .5986E+00 .2040E+00 .6626E+00 .4585E+00 .5986E+00 .1886E+00 .7872E+00 .5986E+00 .2040E+00 .7019E-01
.3800E+03 .1097E+01 .6233E+00 .2112E+00 .6887E+00 .4775E+00 .6233E+00 .1953E+00 .8186E+00 .6233E+00 .2112E+00 .7301E-01
.3805E+03 .1326E+01 .7559E+00 .2547E+00 .8337E+00 .5790E+00 .7559E+00 .2356E+00 .9915E+00 .7559E+00 .2547E+00 .8843E-01
.3810E+03 .1326E+01 .7582E+00 .2541E+00 .8350E+00 .5809E+00 .7582E+00 .2351E+00 .9933E+00 .7582E+00 .2541E+00 .8857E-01
.3815E+03 .1049E+01 .6016E+00 .2005E+00 .6614E+00 .4609E+00 .6016E+00 .1855E+00 .7871E+00 .6016E+00 .2005E+00 .7017E-01
.3820E+03 .9294E+00 .5348E+00 .1773E+00 .5869E+00 .4097E+00 .5348E+00 .1641E+00 .6988E+00 .5348E+00 .1773E+00 .6228E-01
.3825E+03 .7904E+00 .4563E+00 .1504E+00 .5000E+00 .3495E+00 .4563E+00 .1392E+00 .5955E+00 .4563E+00 .1504E+00 .5306E-01
.3830E+03 .7305E+00 .4229E+00 .1386E+00 .4626E+00 .3239E+00 .4229E+00 .1284E+00 .5512E+00 .4229E+00 .1386E+00 .4910E-01
.3835E+03 .7025E+00 .4077E+00 .1330E+00 .4453E+00 .3123E+00 .4077E+00 .1232E+00 .5309E+00 .4077E+00 .1330E+00 .4746E-01
.3840E+03 .7739E+00 .4502E+00 .1461E+00 .4910E+00 .3449E+00 .4502E+00 .1353E+00 .5856E+00 .4502E+00 .1461E+00 .5254E-01
.3845E+03 .1137E+01 .6631E+00 .2140E+00 .7220E+00 .5079E+00 .6631E+00 .1984E+00 .8614E+00 .6631E+00 .2140E+00 .7757E-01
.3850E+03 .1126E+01 .6584E+00 .2114E+00 .7158E+00 .5043E+00 .6584E+00 .1960E+00 .8544E+00 .6584E+00 .2114E+00 .7721E-01
.3855E+03 .1047E+01 .6139E+00 .1962E+00 .6664E+00 .4703E+00 .6139E+00 .1819E+00 .7958E+00 .6139E+00 .1962E+00 .7214E-01
.3860E+03 .8952E+00 .5265E+00 .1674E+00 .5707E+00 .4033E+00 .5265E+00 .1552E+00 .6817E+00 .5265E+00 .1674E+00 .6192E-01
.3865E+03 .1174E+01 .6924E+00 .2190E+00 .7494E+00 .5304E+00 .6924E+00 .2032E+00 .8956E+00 .6924E+00 .2190E+00 .8148E-01
.3870E+03 .9746E+00 .5762E+00 .1812E+00 .6226E+00 .4414E+00 .5762E+00 .1682E+00 .7444E+00 .5762E+00 .1812E+00 .6783E-01
.3875E+03 .1094E+01 .6481E+00 .2028E+00 .6992E+00 .4965E+00 .6481E+00 .1883E+00 .8363E+00 .6481E+00 .2028E+00 .7633E-01
.3880E+03 .1009E+01 .5991E+00 .1865E+00 .6455E+00 .4590E+00 .5991E+00 .1732E+00 .7723E+00 .5991E+00 .1865E+00 .7058E-01
.3885E+03 .9956E+00 .5930E+00 .1836E+00 .6378E+00 .4542E+00 .5930E+00 .1706E+00 .7635E+00 .5930E+00 .1836E+00 .6992E-01
.3890E+03 .1074E+01 .6409E+00 .1974E+00 .6884E+00 .4910E+00 .6409E+00 .1834E+00 .8244E+00 .6409E+00 .1974E+00 .7561E-01
.3895E+03 .1299E+01 .7772E+00 .2382E+00 .8335E+00 .5954E+00 .7772E+00 .2214E+00 .9986E+00 .7772E+00 .2382E+00 .9174E-01
.3900E+03 .1302E+01 .7809E+00 .2381E+00 .8363E+00 .5982E+00 .7809E+00 .2213E+00 .1002E+01 .7809E+00 .2381E+00 .9223E-01
.3905E+03 .1197E+01 .7196E+00 .2182E+00 .7695E+00 .5512E+00 .7196E+00 .2030E+00 .9225E+00 .7196E+00 .2182E+00 .8502E-01
.3910E+03 .1407E+01 .8480E+00 .2559E+00 .9055E+00 .6496E+00 .8480E+00 .2380E+00 .1086E+01 .8480E+00 .2559E+00 .1002E+00
.3915E+03 .1434E+01 .8661E+00 .2599E+00 .9234E+00 .6635E+00 .8661E+00 .2419E+00 .1108E+01 .8661E+00 .2599E+00 .1024E+00
.3920E+03 .1207E+01 .7304E+00 .2181E+00 .7776E+00 .5595E+00 .7304E+00 .2030E+00 .9334E+00 .7304E+00 .2181E+00 .8634E-01
.3925E+03 .1079E+01 .6546E+00 .1945E+00 .6959E+00 .5015E+00 .6546E+00 .1810E+00 .8357E+00 .6546E+00 .1945E+00 .7740E-01
.3930E+03 .5993E+00 .3646E+00 .1078E+00 .3871E+00 .2793E+00 .3646E+00 .1004E+00 .4650E+00 .3646E+00 .1078E+00 .4315E-01
.3935E+03 .4350E+00 .2653E+00 .7805E-01 .2813E+00 .2033E+00 .2653E+00 .7271E-01 .3380E+00 .2653E+00 .7805E-01 .3149E-01
.3940E+03 .8843E+00 .5405E+00 .1582E+00 .5723E+00 .4141E+00 .5405E+00 .1475E+00 .6880E+00 .5405E+00 .1582E+00 .6431E-01
.3945E+03 .1123E+01 .6879E+00 .2004E+00 .7274E+00 .5270E+00 .6879E+00 .1869E+00 .8748E+00 .6879E+00 .2004E+00 .8207E-01
.3950E+03 .1369E+01 .8404E+00 .2436E+00 .8874E+00 .6438E+00 .8404E+00 .2272E+00 .1068E+01 .8404E+00 .2436E+00 .1005E+00
.3955E+03 .1390E+01 .8547E+00 .2465E+00 .9013E+00 .6548E+00 .8547E+00 .2300E+00 .1085E+01 .8547E+00 .2465E+00 .1024E+00
.3960E+03 .1204E+01 .7419E+00 .2129E+00 .7812E+00 .5683E+00 .7419E+00 .1987E+00 .9406E+00 .7419E+00 .2129E+00 .8896E-01
.3965E+03 .7024E+00 .4341E+00 .1240E+00 .4565E+00 .3325E+00 .4341E+00 .1158E+00 .5499E+00 .4341E+00 .1240E+00 .5208E-01
.3970E+03 .5264E+00 .3261E+00 .9268E-01 .3425E+00 .2498E+00 .3261E+00 .8656E-01 .4127E+00 .3261E+00 .9268E-01 .3915E-01
.3975E+03 .1070E+01 .6640E+00 .1877E+00 .6964E+00 .5087E+00 .6640E+00 .1754E+00 .8394E+00 .6640E+00 .1877E+00 .7976E-01
.3980E+03 .1498E+01 .9311E+00 .2619E+00 .9752E+00 .7133E+00 .9311E+00 .2448E+00 .1176E+01 .9311E+00 .2619E+00 .1120E+00
.3985E+03 .1547E+01 .9634E+00 .2697E+00 .1008E+01 .7380E+00 .9634E+00 .2521E+00 .1216E+01 .9634E+00 .2697E+00 .1162E+00
.3990E+03 .1671E+01 .1044E+01 .2909E+00 .1091E+01 .7997E+00 .1044E+01 .2721E+00 .1316E+01 .1044E+01 .2909E+00 .1262E+00
.3995E+03 .1664E+01 .1042E+01 .2889E+00 .1087E+01 .7979E+00 .1042E+01 .2703E+00 .1312E+01 .1042E+01 .2889E+00 .1262E+00
.4000E+03 .1728E+01 .1083E+01 .2989E+00 .1129E+01 .8297E+00 .1083E+01 .2798E+00 .1363E+01 .1083E+01 .2989E+00 .1316E+00
.4010E+03 .1770E+01 .1114E+01 .3026E+00 .1156E+01 .8536E+00 .1114E+01 .2835E+00 .1398E+01 .1114E+01 .3026E+00 .1353E+00
.4020E+03 .1862E+01 .1178E+01 .3169E+00 .1219E+01 .9022E+00 .1178E+01 .2970E+00 .1475E+01 .1178E+01 .3169E+00 .1432E+00
.4030E+03 .1764E+01 .1121E+01 .2988E+00 .1157E+01 .8585E+00 .1121E+01 .2803E+00 .1401E+01 .1121E+01 .2988E+00 .1366E+00
.4040E+03 .1734E+01 .1106E+01 .2921E+00 .1139E+01 .8469E+00 .1106E+01 .2742E+00 .1380E+01 .1106E+01 .2921E+00 .1354E+00
.4050E+03 .1731E+01 .1107E+01 .2899E+00 .1138E+01 .8483E+00 .1107E+01 .2724E+00 .1380E+01 .1107E+01 .2899E+00 .1363E+00
.4060E+03 .1698E+01 .1091E+01 .2831E+00 .1119E+01 .8359E+00 .1091E+01 .2662E+00 .1357E+01 .1091E+01 .2831E+00 .1346E+00
.4070E+03 .1666E+01 .1075E+01 .2765E+00 .1100E+01 .8238E+00 .1075E+01 .2602E+00 .1336E+01 .1075E+01 .2765E+00 .1328E+00
.4080E+03 .1730E+01 .1120E+01 .2853E+00 .1143E+01 .8577E+00 .1120E+01 .2686E+00 .1388E+01 .1120E+01 .2853E+00 .1388E+00
.4090E+03 .1848E+01 .1200E+01 .3033E+00 .1223E+01 .9196E+00 .1200E+01 .2859E+00 .1486E+01 .1200E+01 .3033E+00 .1501E+00
.4100E+03 .1611E+01 .1050E+01 .2632E+00 .1068E+01 .8046E+00 .1050E+01 .2484E+00 .1299E+01 .1050E+01 .2632E+00 .1325E+00
.4110E+03 .1741E+01 .1139E+01 .2831E+00 .1156E+01 .8728E+00 .1139E+01 .2674E+00 .1407E+01 .1139E+01 .2831E+00 .1444E+00
.4120E+03 .1864E+01 .1225E+01 .3019E+00 .1240E+01 .9385E+00 .1225E+01 .2854E+00 .1511E+01 .1225E+01 .3019E+00 .1561E+00
.4130E+03 .1817E+01 .1197E+01 .2924E+00 .1209E+01 .9170E+00 .1197E+01 .2766E+00 .1474E+01 .1197E+01 .2924E+00 .1533E+00
.4140E+03 .1835E+01 .1214E+01 .2940E+00 .1224E+01 .9298E+00 .1214E+01 .2784E+00 .1492E+01 .1214E+01 .2940E+00 .1561E+00
.4150E+03 .1835E+01 .1218E+01 .2926E+00 .1226E+01 .9333E+00 .1218E+01 .2774E+00 .1496E+01 .1218E+01 .2926E+00 .1574E+00
.4160E+03 .1862E+01 .1241E+01 .2956E+00 .1247E+01 .9510E+00 .1241E+01 .2804E+00 .1522E+01 .1241E+01 .2956E+00 .1607E+00
.4170E+03 .1814E+01 .1213E+01 .2863E+00 .1216E+01 .9292E+00 .1213E+01 .2718E+00 .1485E+01 .1213E+01 .2863E+00 .1572E+00
.4180E+03 .1778E+01 .1193E+01 .2791E+00 .1193E+01 .9136E+00 .1193E+01 .2651E+00 .1458E+01 .1193E+01 .2791E+00 .1548E+00
.4190E+03 .1798E+01 .1210E+01 .2807E+00 .1208E+01 .9269E+00 .1210E+01 .2668E+00 .1477E+01 .1210E+01 .2807E+00 .1573E+00
.4200E+03 .1788E+01 .1207E+01 .2775E+00 .1202E+01 .9244E+00 .1207E+01 .2640E+00 .1471E+01 .1207E+01 .2775E+00 .1571E+00
.4210E+03 .1867E+01 .1264E+01 .2883E+00 .1257E+01 .9685E+00 .1264E+01 .2744E+00 .1539E+01 .1264E+01 .2883E+00 .1648E+00
.4220E+03 .1772E+01 .1203E+01 .2721E+00 .1194E+01 .9219E+00 .1203E+01 .2592E+00 .1463E+01 .1203E+01 .2721E+00 .1571E+00
.4230E+03 .1728E+01 .1177E+01 .2639E+00 .1166E+01 .9019E+00 .1177E+01 .2515E+00 .1429E+01 .1177E+01 .2639E+00 .1539E+00
.4240E+03 .1826E+01 .1247E+01 .2772E+00 .1233E+01 .9556E+00 .1247E+01 .2644E+00 .1512E+01 .1247E+01 .2772E+00 .1632E+00
.4250E+03 .1819E+01 .1247E+01 .2748E+00 .1230E+01 .9552E+00 .1247E+01 .2623E+00 .1509E+01 .1247E+01 .2748E+00 .1634E+00
.4260E+03 .1766E+01 .1215E+01 .2659E+00 .1197E+01 .9311E+00 .1215E+01 .2540E+00 .1469E+01 .1215E+01 .2659E+00 .1601E+00
.4270E+03 .1731E+01 .1194E+01 .2591E+00 .1174E+01 .9149E+00 .1194E+01 .2478E+00 .1442E+01 .1194E+01 .2591E+00 .1580E+00
.4280E+03 .1685E+01 .1165E+01 .2508E+00 .1143E+01 .8926E+00 .1165E+01 .2401E+00 .1405E+01 .1165E+01 .2508E+00 .1549E+00
.4290E+03 .1591E+01 .1105E+01 .2360E+00 .1082E+01 .8462E+00 .1105E+01 .2262E+00 .1331E+01 .1105E+01 .2360E+00 .1476E+00
.4300E+03 .1390E+01 .9677E+00 .2052E+00 .9465E+00 .7413E+00 .9677E+00 .1968E+00 .1164E+01 .9677E+00 .2052E+00 .1298E+00
.4310E+03 .1378E+01 .9610E+00 .2020E+00 .9382E+00 .7362E+00 .9610E+00 .1939E+00 .1155E+01 .9610E+00 .2020E+00 .1290E+00
.4320E+03 .1774E+01 .1242E+01 .2590E+00 .1210E+01 .9515E+00 .1242E+01 .2488E+00 .1491E+01 .1242E+01 .2590E+00 .1669E+00
.4330E+03 .1781E+01 .1250E+01 .2587E+00 .1217E+01 .9579E+00 .1250E+01 .2487E+00 .1499E+01 .1250E+01 .2587E+00 .1683E+00
.4340E+03 .1653E+01 .1163E+01 .2386E+00 .1129E+01 .8908E+00 .1163E+01 .2295E+00 .1392E+01 .1163E+01 .2386E+00 .1567E+00
.4350E+03 .1726E+01 .1216E+01 .2476E+00 .1179E+01 .9318E+00 .1216E+01 .2384E+00 .1455E+01 .1216E+01 .2476E+00 .1645E+00
.4360E+03 .1939E+01 .1372E+01 .2773E+00 .1328E+01 .1051E+01 .1372E+01 .2673E+00 .1639E+01 .1372E+01 .2773E+00 .1870E+00
.4370E+03 .1907E+01 .1354E+01 .2719E+00 .1309E+01 .1037E+01 .1354E+01 .2624E+00 .1616E+01 .1354E+01 .2719E+00 .1860E+00
.4380E+03 .1733E+01 .1234E+01 .2461E+00 .1191E+01 .9452E+00 .1234E+01 .2378E+00 .1472E+01 .1234E+01 .2461E+00 .1709E+00
.4390E+03 .1796E+01 .1279E+01 .2530E+00 .1233E+01 .9797E+00 .1279E+01 .2449E+00 .1524E+01 .1279E+01 .2530E+00 .1784E+00
.4400E+03 .1849E+01 .1321E+01 .2594E+00 .1271E+01 .1012E+01 .1321E+01 .2513E+00 .1572E+01 .1321E+01 .2594E+00 .1852E+00
.4410E+03 .1911E+01 .1370E+01 .2671E+00 .1317E+01 .1050E+01 .1370E+01 .2590E+00 .1629E+01 .1370E+01 .2671E+00 .1924E+00
.4420E+03 .2047E+01 .1471E+01 .2845E+00 .1411E+01 .1127E+01 .1471E+01 .2761E+00 .1747E+01 .1471E+01 .2845E+00 .2068E+00
.4430E+03 .1996E+01 .1434E+01 .2750E+00 .1373E+01 .1098E+01 .1434E+01 .2671E+00 .1701E+01 .1434E+01 .2750E+00 .2024E+00
.4440E+03 .2035E+01 .1467E+01 .2795E+00 .1403E+01 .1124E+01 .1467E+01 .2718E+00 .1739E+01 .1467E+01 .2795E+00 .2080E+00
.4450E+03 .1992E+01 .1437E+01 .2717E+00 .1373E+01 .1101E+01 .1437E+01 .2645E+00 .1702E+01 .1437E+01 .2717E+00 .2043E+00
.4460E+03 .1895E+01 .1372E+01 .2576E+00 .1309E+01 .1051E+01 .1372E+01 .2510E+00 .1623E+01 .1372E+01 .2576E+00 .1955E+00
.4470E+03 .2043E+01 .1485E+01 .2769E+00 .1415E+01 .1138E+01 .1485E+01 .2700E+00 .1755E+01 .1485E+01 .2769E+00 .2119E+00
.4480E+03 .2078E+01 .1511E+01 .2795E+00 .1437E+01 .1158E+01 .1511E+01 .2728E+00 .1784E+01 .1511E+01 .2795E+00 .2159E+00
.4490E+03 .2078E+01 .1518E+01 .2788E+00 .1441E+01 .1163E+01 .1518E+01 .2723E+00 .1790E+01 .1518E+01 .2788E+00 .2171E+00
.4500E+03 .2132E+01 .1562E+01 .2847E+00 .1481E+01 .1196E+01 .1562E+01 .2783E+00 .1840E+01 .1562E+01 .2847E+00 .2237E+00
.4510E+03 .2209E+01 .1621E+01 .2934E+00 .1535E+01 .1242E+01 .1621E+01 .2871E+00 .1908E+01 .1621E+01 .2934E+00 .2326E+00
.4520E+03 .2126E+01 .1564E+01 .2809E+00 .1479E+01 .1198E+01 .1564E+01 .2751E+00 .1839E+01 .1564E+01 .2809E+00 .2248E+00
.4530E+03 .1997E+01 .1472E+01 .2627E+00 .1390E+01 .1128E+01 .1472E+01 .2575E+00 .1729E+01 .1472E+01 .2627E+00 .2125E+00
.4540E+03 .2080E+01 .1537E+01 .2725E+00 .1450E+01 .1178E+01 .1537E+01 .2674E+00 .1805E+01 .1537E+01 .2725E+00 .2229E+00
.4550E+03 .2092E+01 .1549E+01 .2725E+00 .1459E+01 .1186E+01 .1549E+01 .2677E+00 .1816E+01 .1549E+01 .2725E+00 .2251E+00
.4560E+03 .2139E+01 .1587E+01 .2772E+00 .1493E+01 .1216E+01 .1587E+01 .2726E+00 .1860E+01 .1587E+01 .2772E+00 .2311E+00
.4570E+03 .2173E+01 .1615E+01 .2798E+00 .1517E+01 .1237E+01 .1615E+01 .2754E+00 .1891E+01 .1615E+01 .2798E+00 .2356E+00
.4580E+03 .2101E+01 .1563E+01 .2687E+00 .1466E+01 .1197E+01 .1563E+01 .2648E+00 .1828E+01 .1563E+01 .2687E+00 .2290E+00
.4590E+03 .2087E+01 .1556E+01 .2657E+00 .1458E+01 .1192E+01 .1556E+01 .2621E+00 .1818E+01 .1556E+01 .2657E+00 .2289E+00
.4600E+03 .2093E+01 .1563E+01 .2649E+00 .1462E+01 .1197E+01 .1563E+01 .2617E+00 .1824E+01 .1563E+01 .2649E+00 .2308E+00
.4610E+03 .2139E+01 .1600E+01 .2694E+00 .1495E+01 .1226E+01 .1600E+01 .2664E+00 .1867E+01 .1600E+01 .2694E+00 .2374E+00
.4620E+03 .2151E+01 .1613E+01 .2699E+00 .1506E+01 .1236E+01 .1613E+01 .2672E+00 .1880E+01 .1613E+01 .2699E+00 .2405E+00
.4630E+03 .2137E+01 .1604E+01 .2666E+00 .1495E+01 .1229E+01 .1604E+01 .2643E+00 .1868E+01 .1604E+01 .2666E+00 .2408E+00
.4640E+03 .2096E+01 .1577E+01 .2607E+00 .1469E+01 .1208E+01 .1577E+01 .2588E+00 .1836E+01 .1577E+01 .2607E+00 .2384E+00
.4650E+03 .2064E+01 .1558E+01 .2558E+00 .1449E+01 .1193E+01 .1558E+01 .2543E+00 .1812E+01 .1558E+01 .2558E+00 .2361E+00
.4660E+03 .2080E+01 .1574E+01 .2568E+00 .1462E+01 .1206E+01 .1574E+01 .2554E+00 .1829E+01 .1574E+01 .2568E+00 .2390E+00
.4670E+03 .2044E+01 .1547E+01 .2505E+00 .1436E+01 .1185E+01 .1547E+01 .2494E+00 .1797E+01 .1547E+01 .2505E+00 .2351E+00
.4680E+03 .2067E+01 .1567E+01 .2519E+00 .1453E+01 .1201E+01 .1567E+01 .2510E+00 .1818E+01 .1567E+01 .2519E+00 .2378E+00
.4690E+03 .2077E+01 .1577E+01 .2516E+00 .1460E+01 .1208E+01 .1577E+01 .2509E+00 .1828E+01 .1577E+01 .2516E+00 .2391E+00
.4700E+03 .2011E+01 .1528E+01 .2422E+00 .1413E+01 .1171E+01 .1528E+01 .2418E+00 .1770E+01 .1528E+01 .2422E+00 .2329E+00
.4710E+03 .2007E+01 .1528E+01 .2407E+00 .1411E+01 .1171E+01 .1528E+01 .2407E+00 .1769E+01 .1528E+01 .2407E+00 .2345E+00
.4720E+03 .2115E+01 .1612E+01 .2522E+00 .1487E+01 .1235E+01 .1612E+01 .2526E+00 .1865E+01 .1612E+01 .2522E+00 .2485E+00
.4730E+03 .2088E+01 .1594E+01 .2476E+00 .1468E+01 .1221E+01 .1594E+01 .2482E+00 .1842E+01 .1594E+01 .2476E+00 .2461E+00
.4740E+03 .2095E+01 .1599E+01 .2467E+00 .1472E+01 .1225E+01 .1599E+01 .2475E+00 .1847E+01 .1599E+01 .2467E+00 .2474E+00
.4750E+03 .2117E+01 .1617E+01 .2476E+00 .1486E+01 .1239E+01 .1617E+01 .2488E+00 .1866E+01 .1617E+01 .2476E+00 .2510E+00
.4760E+03 .2059E+01 .1573E+01 .2391E+00 .1444E+01 .1205E+01 .1573E+01 .2405E+00 .1813E+01 .1573E+01 .2391E+00 .2450E+00
.4770E+03 .2068E+01 .1580E+01 .2385E+00 .1449E+01 .1211E+01 .1580E+01 .2403E+00 .1821E+01 .1580E+01 .2385E+00 .2468E+00
.4780E+03 .2122E+01 .1625E+01 .2436E+00 .1488E+01 .1245E+01 .1625E+01 .2456E+00 .1870E+01 .1625E+01 .2436E+00 .2541E+00
.4790E+03 .2104E+01 .1615E+01 .2404E+00 .1477E+01 .1237E+01 .1615E+01 .2426E+00 .1857E+01 .1615E+01 .2404E+00 .2528E+00
.4800E+03 .2103E+01 .1617E+01 .2393E+00 .1478E+01 .1239E+01 .1617E+01 .2418E+00 .1859E+01 .1617E+01 .2393E+00 .2544E+00
.4810E+03 .2136E+01 .1647E+01 .2422E+00 .1504E+01 .1262E+01 .1647E+01 .2451E+00 .1892E+01 .1647E+01 .2422E+00 .2602E+00
.4820E+03 .2141E+01 .1655E+01 .2420E+00 .1510E+01 .1268E+01 .1655E+01 .2451E+00 .1901E+01 .1655E+01 .2420E+00 .2622E+00
.4830E+03 .2109E+01 .1635E+01 .2375E+00 .1490E+01 .1253E+01 .1635E+01 .2408E+00 .1876E+01 .1635E+01 .2375E+00 .2593E+00
.4840E+03 .2063E+01 .1602E+01 .2312E+00 .1459E+01 .1227E+01 .1602E+01 .2347E+00 .1837E+01 .1602E+01 .2312E+00 .2544E+00
.4850E+03 .1963E+01 .1526E+01 .2189E+00 .1388E+01 .1169E+01 .1526E+01 .2224E+00 .1749E+01 .1526E+01 .2189E+00 .2427E+00
.4860E+03 .1713E+01 .1335E+01 .1902E+00 .1212E+01 .1022E+01 .1335E+01 .1934E+00 .1528E+01 .1335E+01 .1902E+00 .2125E+00
.4870E+03 .1792E+01 .1399E+01 .1981E+00 .1270E+01 .1072E+01 .1399E+01 .2017E+00 .1601E+01 .1399E+01 .1981E+00 .2231E+00
.4880E+03 .1966E+01 .1536E+01 .2161E+00 .1393E+01 .1177E+01 .1536E+01 .2202E+00 .1756E+01 .1536E+01 .2161E+00 .2454E+00
.4890E+03 .1974E+01 .1543E+01 .2155E+00 .1398E+01 .1182E+01 .1543E+01 .2199E+00 .1763E+01 .1543E+01 .2155E+00 .2470E+00
.4900E+03 .2073E+01 .1624E+01 .2255E+00 .1470E+01 .1244E+01 .1624E+01 .2304E+00 .1854E+01 .1624E+01 .2255E+00 .2610E+00
.4910E+03 .2034E+01 .1597E+01 .2204E+00 .1444E+01 .1223E+01 .1597E+01 .2255E+00 .1822E+01 .1597E+01 .2204E+00 .2578E+00
.4920E+03 .1920E+01 .1509E+01 .2069E+00 .1363E+01 .1156E+01 .1509E+01 .2120E+00 .1721E+01 .1509E+01 .2069E+00 .2442E+00
.4930E+03 .1982E+01 .1560E+01 .2125E+00 .1407E+01 .1195E+01 .1560E+01 .2179E+00 .1778E+01 .1560E+01 .2125E+00 .2528E+00
.4940E+03 .2001E+01 .1576E+01 .2133E+00 .1421E+01 .1208E+01 .1576E+01 .2190E+00 .1795E+01 .1576E+01 .2133E+00 .2560E+00
.4950E+03 .2017E+01 .1591E+01 .2140E+00 .1433E+01 .1219E+01 .1591E+01 .2200E+00 .1811E+01 .1591E+01 .2140E+00 .2593E+00
.4960E+03 .2029E+01 .1602E+01 .2141E+00 .1441E+01 .1227E+01 .1602E+01 .2204E+00 .1822E+01 .1602E+01 .2141E+00 .2621E+00
.4970E+03 .2060E+01 .1628E+01 .2162E+00 .1464E+01 .1247E+01 .1628E+01 .2230E+00 .1851E+01 .1628E+01 .2162E+00 .2675E+00
.4980E+03 .1963E+01 .1553E+01 .2050E+00 .1395E+01 .1190E+01 .1553E+01 .2117E+00 .1765E+01 .1553E+01 .2050E+00 .2562E+00
.4990E+03 .1989E+01 .1575E+01 .2065E+00 .1413E+01 .1207E+01 .1575E+01 .2135E+00 .1789E+01 .1575E+01 .2065E+00 .2605E+00
.5000E+03 .1933E+01 .1531E+01 .2007E+00 .1374E+01 .1173E+01 .1531E+01 .2076E+00 .1739E+01 .1531E+01 .2007E+00 .2536E+00
.5010E+03 .1900E+01 .1505E+01 .1958E+00 .1349E+01 .1153E+01 .1505E+01 .2028E+00 .1708E+01 .1505E+01 .1958E+00 .2496E+00
.5020E+03 .1879E+01 .1486E+01 .1917E+00 .1330E+01 .1138E+01 .1486E+01 .1989E+00 .1685E+01 .1486E+01 .1917E+00 .2467E+00
.5030E+03 .1962E+01 .1548E+01 .1982E+00 .1384E+01 .1186E+01 .1548E+01 .2058E+00 .1754E+01 .1548E+01 .1982E+00 .2574E+00
.5040E+03 .1934E+01 .1504E+01 .1902E+00 .1343E+01 .1153E+01 .1504E+01 .1980E+00 .1702E+01 .1504E+01 .1902E+00 .2507E+00
.5050E+03 .1984E+01 .1566E+01 .1978E+00 .1398E+01 .1200E+01 .1566E+01 .2061E+00 .1772E+01 .1566E+01 .1978E+00 .2621E+00
.5060E+03 .2049E+01 .1616E+01 .2027E+00 .1441E+01 .1238E+01 .1616E+01 .2115E+00 .1828E+01 .1616E+01 .2027E+00 .2715E+00
.5070E+03 .1949E+01 .1538E+01 .1916E+00 .1370E+01 .1178E+01 .1538E+01 .2002E+00 .1738E+01 .1538E+01 .1916E+00 .2586E+00
.5080E+03 .1882E+01 .1491E+01 .1848E+00 .1327E+01 .1142E+01 .1491E+01 .1932E+00 .1684E+01 .1491E+01 .1848E+00 .2510E+00
.5090E+03 .1930E+01 .1534E+01 .1891E+00 .1364E+01 .1175E+01 .1534E+01 .1980E+00 .1731E+01 .1534E+01 .1891E+00 .2589E+00
.5100E+03 .1916E+01 .1526E+01 .1872E+00 .1356E+01 .1169E+01 .1526E+01 .1962E+00 .1722E+01 .1526E+01 .1872E+00 .2587E+00
.5110E+03 .1963E+01 .1569E+01 .1914E+00 .1393E+01 .1202E+01 .1569E+01 .2010E+00 .1770E+01 .1569E+01 .1914E+00 .2669E+00
.5120E+03 .1982E+01 .1587E+01 .1925E+00 .1408E+01 .1216E+01 .1587E+01 .2024E+00 .1789E+01 .1587E+01 .1925E+00 .2704E+00
.5130E+03 .1875E+01 .1504E+01 .1813E+00 .1333E+01 .1152E+01 .1504E+01 .1908E+00 .1695E+01 .1504E+01 .1813E+00 .2566E+00
.5140E+03 .1860E+01 .1494E+01 .1791E+00 .1324E+01 .1145E+01 .1494E+01 .1887E+00 .1683E+01 .1494E+01 .1791E+00 .2556E+00
.5150E+03 .1841E+01 .1480E+01 .1763E+00 .1310E+01 .1134E+01 .1480E+01 .1861E+00 .1667E+01 .1480E+01 .1763E+00 .2542E+00
.5160E+03 .1837E+01 .1478E+01 .1750E+00 .1308E+01 .1133E+01 .1478E+01 .1851E+00 .1663E+01 .1478E+01 .1750E+00 .2549E+00
.5170E+03 .1631E+01 .1314E+01 .1547E+00 .1161E+01 .1007E+01 .1314E+01 .1638E+00 .1478E+01 .1314E+01 .1547E+00 .2274E+00
.5180E+03 .1715E+01 .1383E+01 .1618E+00 .1221E+01 .1059E+01 .1383E+01 .1716E+00 .1554E+01 .1383E+01 .1618E+00 .2401E+00
.5190E+03 .1799E+01 .1451E+01 .1688E+00 .1281E+01 .1112E+01 .1451E+01 .1792E+00 .1631E+01 .1451E+01 .1688E+00 .2526E+00
.5200E+03 .1865E+01 .1505E+01 .1739E+00 .1327E+01 .1153E+01 .1505E+01 .1849E+00 .1690E+01 .1505E+01 .1739E+00 .2623E+00
.5210E+03 .1883E+01 .1521E+01 .1746E+00 .1339E+01 .1165E+01 .1521E+01 .1859E+00 .1707E+01 .1521E+01 .1746E+00 .2654E+00
.5220E+03 .1886E+01 .1524E+01 .1738E+00 .1341E+01 .1167E+01 .1524E+01 .1854E+00 .1709E+01 .1524E+01 .1738E+00 .2670E+00
.5230E+03 .1853E+01 .1498E+01 .1699E+00 .1317E+01 .1148E+01 .1498E+01 .1816E+00 .1680E+01 .1498E+01 .1699E+00 .2636E+00
.5240E+03 .1922E+01 .1553E+01 .1751E+00 .1365E+01 .1190E+01 .1553E+01 .1875E+00 .1741E+01 .1553E+01 .1751E+00 .2746E+00
.5250E+03 .1949E+01 .1574E+01 .1763E+00 .1382E+01 .1206E+01 .1574E+01 .1892E+00 .1763E+01 .1574E+01 .1763E+00 .2798E+00
.5260E+03 .1863E+01 .1506E+01 .1677E+00 .1321E+01 .1153E+01 .1506E+01 .1803E+00 .1686E+01 .1506E+01 .1677E+00 .2688E+00
.5270E+03 .1759E+01 .1420E+01 .1571E+00 .1245E+01 .1088E+01 .1420E+01 .1691E+00 .1589E+01 .1420E+01 .1571E+00 .2540E+00
.5280E+03 .1863E+01 .1504E+01 .1653E+00 .1318E+01 .1152E+01 .1504E+01 .1782E+00 .1683E+01 .1504E+01 .1653E+00 .2695E+00
.5290E+03 .1966E+01 .1587E+01 .1733E+00 .1389E+01 .1216E+01 .1587E+01 .1872E+00 .1774E+01 .1587E+01 .1733E+00 .2856E+00
.5300E+03 .1939E+01 .1566E+01 .1701E+00 .1370E+01 .1199E+01 .1566E+01 .1841E+00 .1750E+01 .1566E+01 .1701E+00 .2834E+00
.5310E+03 .1969E+01 .1591E+01 .1718E+00 .1391E+01 .1219E+01 .1591E+01 .1863E+00 .1777E+01 .1591E+01 .1718E+00 .2893E+00
.5320E+03 .1902E+01 .1538E+01 .1652E+00 .1343E+01 .1178E+01 .1538E+01 .1794E+00 .1717E+01 .1538E+01 .1652E+00 .2807E+00
.5330E+03 .1846E+01 .1494E+01 .1596E+00 .1304E+01 .1144E+01 .1494E+01 .1736E+00 .1668E+01 .1494E+01 .1596E+00 .2737E+00
.5340E+03 .1899E+01 .1539E+01 .1634E+00 .1342E+01 .1179E+01 .1539E+01 .1781E+00 .1717E+01 .1539E+01 .1634E+00 .2828E+00
.5350E+03 .1938E+01 .1572E+01 .1661E+00 .1370E+01 .1204E+01 .1572E+01 .1813E+00 .1753E+01 .1572E+01 .1661E+00 .2898E+00
.5360E+03 .1954E+01 .1586E+01 .1667E+00 .1382E+01 .1215E+01 .1586E+01 .1822E+00 .1768E+01 .1586E+01 .1667E+00 .2932E+00
.5370E+03 .1875E+01 .1524E+01 .1592E+00 .1327E+01 .1167E+01 .1524E+01 .1743E+00 .1698E+01 .1524E+01 .1592E+00 .2821E+00
.5380E+03 .1907E+01 .1551E+01 .1612E+00 .1350E+01 .1188E+01 .1551E+01 .1767E+00 .1728E+01 .1551E+01 .1612E+00 .2876E+00
.5390E+03 .1891E+01 .1540E+01 .1591E+00 .1339E+01 .1179E+01 .1540E+01 .1748E+00 .1715E+01 .1540E+01 .1591E+00 .2871E+00
.5400E+03 .1814E+01 .1476E+01 .1517E+00 .1282E+01 .1131E+01 .1476E+01 .1670E+00 .1643E+01 .1476E+01 .1517E+00 .2767E+00
.5410E+03 .1832E+01 .1485E+01 .1515E+00 .1289E+01 .1138E+01 .1485E+01 .1673E+00 .1653E+01 .1485E+01 .1515E+00 .2793E+00
.5420E+03 .1892E+01 .1534E+01 .1555E+00 .1330E+01 .1175E+01 .1534E+01 .1721E+00 .1706E+01 .1534E+01 .1555E+00 .2887E+00
.5430E+03 .1867E+01 .1521E+01 .1536E+00 .1319E+01 .1165E+01 .1521E+01 .1702E+00 .1691E+01 .1521E+01 .1536E+00 .2869E+00
.5440E+03 .1904E+01 .1547E+01 .1553E+00 .1340E+01 .1185E+01 .1547E+01 .1727E+00 .1720E+01 .1547E+01 .1553E+00 .2940E+00
.5450E+03 .1897E+01 .1543E+01 .1542E+00 .1337E+01 .1182E+01 .1543E+01 .1721E+00 .1715E+01 .1543E+01 .1542E+00 .2956E+00
.5460E+03 .1910E+01 .1549E+01 .1537E+00 .1340E+01 .1186E+01 .1549E+01 .1719E+00 .1721E+01 .1549E+01 .1537E+00 .2975E+00
.5470E+03 .1905E+01 .1550E+01 .1531E+00 .1340E+01 .1187E+01 .1550E+01 .1715E+00 .1721E+01 .1550E+01 .1531E+00 .2981E+00
.5480E+03 .1880E+01 .1533E+01 .1506E+00 .1325E+01 .1174E+01 .1533E+01 .1691E+00 .1702E+01 .1533E+01 .1506E+00 .2953E+00
.5490E+03 .1884E+01 .1539E+01 .1505E+00 .1329E+01 .1179E+01 .1539E+01 .1694E+00 .1708E+01 .1539E+01 .1505E+00 .2975E+00
.5500E+03 .1906E+01 .1559E+01 .1517E+00 .1346E+01 .1194E+01 .1559E+01 .1711E+00 .1730E+01 .1559E+01 .1517E+00 .3023E+00
.5510E+03 .1882E+01 .1541E+01 .1492E+00 .1330E+01 .1181E+01 .1541E+01 .1686E+00 .1710E+01 .1541E+01 .1492E+00 .2995E+00
.5520E+03 .1895E+01 .1553E+01 .1495E+00 .1339E+01 .1190E+01 .1553E+01 .1694E+00 .1722E+01 .1553E+01 .1495E+00 .3023E+00
.5530E+03 .1862E+01 .1526E+01 .1461E+00 .1315E+01 .1169E+01 .1526E+01 .1659E+00 .1692E+01 .1526E+01 .1461E+00 .2978E+00
.5540E+03 .1907E+01 .1564E+01 .1489E+00 .1347E+01 .1198E+01 .1564E+01 .1695E+00 .1733E+01 .1564E+01 .1489E+00 .3061E+00
.5550E+03 .1912E+01 .1568E+01 .1484E+00 .1349E+01 .1201E+01 .1568E+01 .1694E+00 .1737E+01 .1568E+01 .1484E+00 .3078E+00
.5560E+03 .1888E+01 .1548E+01 .1457E+00 .1332E+01 .1186E+01 .1548E+01 .1667E+00 .1715E+01 .1548E+01 .1457E+00 .3043E+00
.5570E+03 .1831E+01 .1501E+01 .1405E+00 .1291E+01 .1150E+01 .1501E+01 .1610E+00 .1662E+01 .1501E+01 .1405E+00 .2954E+00
.5580E+03 .1820E+01 .1491E+01 .1387E+00 .1281E+01 .1143E+01 .1491E+01 .1593E+00 .1651E+01 .1491E+01 .1387E+00 .2938E+00
.5590E+03 .1789E+01 .1465E+01 .1355E+00 .1258E+01 .1122E+01 .1465E+01 .1559E+00 .1621E+01 .1465E+01 .1355E+00 .2890E+00
.5600E+03 .1813E+01 .1485E+01 .1366E+00 .1274E+01 .1138E+01 .1485E+01 .1575E+00 .1643E+01 .1485E+01 .1366E+00 .2935E+00
.5610E+03 .1839E+01 .1507E+01 .1378E+00 .1292E+01 .1154E+01 .1507E+01 .1592E+00 .1666E+01 .1507E+01 .1378E+00 .2981E+00
.5620E+03 .1829E+01 .1498E+01 .1362E+00 .1284E+01 .1148E+01 .1498E+01 .1577E+00 .1656E+01 .1498E+01 .1362E+00 .2968E+00
.5630E+03 .1883E+01 .1542E+01 .1393E+00 .1320E+01 .1181E+01 .1542E+01 .1618E+00 .1703E+01 .1542E+01 .1393E+00 .3060E+00
.5640E+03 .1835E+01 .1502E+01 .1349E+00 .1285E+01 .1150E+01 .1502E+01 .1571E+00 .1659E+01 .1502E+01 .1349E+00 .2990E+00
.5650E+03 .1822E+01 .1491E+01 .1332E+00 .1275E+01 .1142E+01 .1491E+01 .1555E+00 .1646E+01 .1491E+01 .1332E+00 .2978E+00
.5660E+03 .1798E+01 .1470E+01 .1307E+00 .1257E+01 .1126E+01 .1470E+01 .1528E+00 .1623E+01 .1470E+01 .1307E+00 .2941E+00
.5670E+03 .1836E+01 .1500E+01 .1325E+00 .1281E+01 .1149E+01 .1500E+01 .1553E+00 .1655E+01 .1500E+01 .1325E+00 .3004E+00
.5680E+03 .1830E+01 .1487E+01 .1304E+00 .1270E+01 .1139E+01 .1487E+01 .1533E+00 .1640E+01 .1487E+01 .1304E+00 .2985E+00
.5690E+03 .1808E+01 .1449E+01 .1257E+00 .1236E+01 .1110E+01 .1449E+01 .1484E+00 .1597E+01 .1449E+01 .1257E+00 .2917E+00
.5700E+03 .1804E+01 .1454E+01 .1258E+00 .1240E+01 .1114E+01 .1454E+01 .1487E+00 .1603E+01 .1454E+01 .1258E+00 .2936E+00
.5710E+03 .1787E+01 .1451E+01 .1252E+00 .1237E+01 .1112E+01 .1451E+01 .1483E+00 .1600E+01 .1451E+01 .1252E+00 .2936E+00
.5720E+03 .1844E+01 .1487E+01 .1272E+00 .1266E+01 .1139E+01 .1487E+01 .1511E+00 .1638E+01 .1487E+01 .1272E+00 .3011E+00
.5730E+03 .1866E+01 .1506E+01 .1282E+00 .1282E+01 .1153E+01 .1506E+01 .1527E+00 .1658E+01 .1506E+01 .1282E+00 .3061E+00
.5740E+03 .1863E+01 .1504E+01 .1275E+00 .1279E+01 .1152E+01 .1504E+01 .1522E+00 .1656E+01 .1504E+01 .1275E+00 .3072E+00
.5750E+03 .1833E+01 .1478E+01 .1246E+00 .1257E+01 .1132E+01 .1478E+01 .1492E+00 .1627E+01 .1478E+01 .1246E+00 .3031E+00
.5760E+03 .1816E+01 .1466E+01 .1230E+00 .1246E+01 .1123E+01 .1466E+01 .1477E+00 .1614E+01 .1466E+01 .1230E+00 .3012E+00
.5770E+03 .1834E+01 .1483E+01 .1239E+00 .1260E+01 .1136E+01 .1483E+01 .1490E+00 .1632E+01 .1483E+01 .1239E+00 .3051E+00
.5780E+03 .1801E+01 .1462E+01 .1217E+00 .1241E+01 .1120E+01 .1462E+01 .1466E+00 .1608E+01 .1462E+01 .1217E+00 .3016E+00
.5790E+03 .1799E+01 .1466E+01 .1216E+00 .1245E+01 .1123E+01 .1466E+01 .1469E+00 .1613E+01 .1466E+01 .1216E+00 .3035E+00
.5800E+03 .1819E+01 .1489E+01 .1231E+00 .1264E+01 .1141E+01 .1489E+01 .1490E+00 .1638E+01 .1489E+01 .1231E+00 .3090E+00
.5810E+03 .1818E+01 .1493E+01 .1230E+00 .1267E+01 .1144E+01 .1493E+01 .1492E+00 .1642E+01 .1493E+01 .1230E+00 .3103E+00
.5820E+03 .1843E+01 .1519E+01 .1246E+00 .1288E+01 .1163E+01 .1519E+01 .1514E+00 .1670E+01 .1519E+01 .1246E+00 .3160E+00
.5830E+03 .1840E+01 .1521E+01 .1243E+00 .1289E+01 .1165E+01 .1521E+01 .1514E+00 .1672E+01 .1521E+01 .1243E+00 .3177E+00
.5840E+03 .1851E+01 .1532E+01 .1247E+00 .1298E+01 .1174E+01 .1532E+01 .1524E+00 .1684E+01 .1532E+01 .1247E+00 .3218E+00
.5850E+03 .1803E+01 .1493E+01 .1211E+00 .1265E+01 .1144E+01 .1493E+01 .1483E+00 .1642E+01 .1493E+01 .1211E+00 .3147E+00
.5860E+03 .1766E+01 .1461E+01 .1177E+00 .1237E+01 .1119E+01 .1461E+01 .1444E+00 .1605E+01 .1461E+01 .1177E+00 .3076E+00
.5870E+03 .1811E+01 .1489E+01 .1190E+00 .1260E+01 .1141E+01 .1489E+01 .1464E+00 .1635E+01 .1489E+01 .1190E+00 .3134E+00
.5880E+03 .1794E+01 .1442E+01 .1137E+00 .1218E+01 .1104E+01 .1442E+01 .1406E+00 .1582E+01 .1442E+01 .1137E+00 .3045E+00
.5890E+03 .1647E+01 .1266E+01 .9793E-01 .1068E+01 .9696E+00 .1266E+01 .1218E+00 .1388E+01 .1266E+01 .9793E-01 .2684E+00
.5900E+03 .1717E+01 .1325E+01 .1021E+00 .1117E+01 .1015E+01 .1325E+01 .1274E+00 .1452E+01 .1325E+01 .1021E+00 .2820E+00
.5910E+03 .1783E+01 .1406E+01 .1086E+00 .1186E+01 .1077E+01 .1406E+01 .1357E+00 .1542E+01 .1406E+01 .1086E+00 .3003E+00
.5920E+03 .1781E+01 .1389E+01 .1065E+00 .1171E+01 .1064E+01 .1389E+01 .1334E+00 .1522E+01 .1389E+01 .1065E+00 .2975E+00
.5930E+03 .1785E+01 .1415E+01 .1086E+00 .1193E+01 .1084E+01 .1415E+01 .1362E+00 .1552E+01 .1415E+01 .1086E+00 .3037E+00
.5940E+03 .1782E+01 .1406E+01 .1072E+00 .1184E+01 .1077E+01 .1406E+01 .1347E+00 .1540E+01 .1406E+01 .1072E+00 .3020E+00
.5950E+03 .1753E+01 .1368E+01 .1032E+00 .1151E+01 .1048E+01 .1368E+01 .1303E+00 .1498E+01 .1368E+01 .1032E+00 .2944E+00
.5960E+03 .1780E+01 .1433E+01 .1089E+00 .1207E+01 .1098E+01 .1433E+01 .1374E+00 .1571E+01 .1433E+01 .1089E+00 .3097E+00
.5970E+03 .1768E+01 .1419E+01 .1071E+00 .1194E+01 .1087E+01 .1419E+01 .1356E+00 .1554E+01 .1419E+01 .1071E+00 .3074E+00
.5980E+03 .1752E+01 .1419E+01 .1070E+00 .1194E+01 .1087E+01 .1419E+01 .1356E+00 .1554E+01 .1419E+01 .1070E+00 .3079E+00
.5990E+03 .1747E+01 .1424E+01 .1071E+00 .1198E+01 .1091E+01 .1424E+01 .1359E+00 .1560E+01 .1424E+01 .1071E+00 .3095E+00
.6000E+03 .1738E+01 .1432E+01 .1075E+00 .1204E+01 .1097E+01 .1432E+01 .1367E+00 .1568E+01 .1432E+01 .1075E+00 .3118E+00
.6010E+03 .1716E+01 .1424E+01 .1067E+00 .1197E+01 .1090E+01 .1424E+01 .1359E+00 .1559E+01 .1424E+01 .1067E+00 .3110E+00
.6020E+03 .1703E+01 .1415E+01 .1056E+00 .1189E+01 .1084E+01 .1415E+01 .1348E+00 .1549E+01 .1415E+01 .1056E+00 .3098E+00
.6030E+03 .1728E+01 .1439E+01 .1069E+00 .1209E+01 .1102E+01 .1439E+01 .1369E+00 .1576E+01 .1439E+01 .1069E+00 .3156E+00
.6040E+03 .1755E+01 .1462E+01 .1082E+00 .1228E+01 .1120E+01 .1462E+01 .1388E+00 .1601E+01 .1462E+01 .1082E+00 .3213E+00
.6050E+03 .1744E+01 .1456E+01 .1073E+00 .1222E+01 .1115E+01 .1456E+01 .1380E+00 .1594E+01 .1456E+01 .1073E+00 .3206E+00
.6060E+03 .1733E+01 .1451E+01 .1066E+00 .1218E+01 .1111E+01 .1451E+01 .1374E+00 .1588E+01 .1451E+01 .1066E+00 .3205E+00
.6070E+03 .1746E+01 .1466E+01 .1073E+00 .1230E+01 .1123E+01 .1466E+01 .1387E+00 .1605E+01 .1466E+01 .1073E+00 .3247E+00
.6080E+03 .1723E+01 .1450E+01 .1058E+00 .1217E+01 .1111E+01 .1450E+01 .1369E+00 .1587E+01 .1450E+01 .1058E+00 .3216E+00
.6090E+03 .1723E+01 .1453E+01 .1055E+00 .1218E+01 .1113E+01 .1453E+01 .1369E+00 .1589E+01 .1453E+01 .1055E+00 .3226E+00
.6100E+03 .1707E+01 .1441E+01 .1042E+00 .1208E+01 .1104E+01 .1441E+01 .1355E+00 .1576E+01 .1441E+01 .1042E+00 .3207E+00
.6110E+03 .1714E+01 .1449E+01 .1044E+00 .1214E+01 .1110E+01 .1449E+01 .1361E+00 .1585E+01 .1449E+01 .1044E+00 .3235E+00
.6120E+03 .1707E+01 .1444E+01 .1036E+00 .1210E+01 .1106E+01 .1444E+01 .1354E+00 .1579E+01 .1444E+01 .1036E+00 .3232E+00
.6130E+03 .1684E+01 .1425E+01 .1019E+00 .1194E+01 .1092E+01 .1425E+01 .1334E+00 .1559E+01 .1425E+01 .1019E+00 .3195E+00
.6140E+03 .1658E+01 .1405E+01 .1000E+00 .1177E+01 .1077E+01 .1405E+01 .1313E+00 .1537E+01 .1405E+01 .1000E+00 .3155E+00
.6150E+03 .1691E+01 .1436E+01 .1018E+00 .1202E+01 .1100E+01 .1436E+01 .1340E+00 .1570E+01 .1436E+01 .1018E+00 .3232E+00
.6160E+03 .1633E+01 .1389E+01 .9809E-01 .1162E+01 .1064E+01 .1389E+01 .1294E+00 .1518E+01 .1389E+01 .9809E-01 .3134E+00
.6170E+03 .1628E+01 .1386E+01 .9749E-01 .1159E+01 .1061E+01 .1386E+01 .1289E+00 .1515E+01 .1386E+01 .9749E-01 .3137E+00
.6180E+03 .1689E+01 .1439E+01 .1008E+00 .1203E+01 .1102E+01 .1439E+01 .1336E+00 .1572E+01 .1439E+01 .1008E+00 .3266E+00
.6190E+03 .1671E+01 .1424E+01 .9938E-01 .1190E+01 .1091E+01 .1424E+01 .1321E+00 .1556E+01 .1424E+01 .9938E-01 .3243E+00
.6200E+03 .1682E+01 .1433E+01 .9952E-01 .1197E+01 .1097E+01 .1433E+01 .1327E+00 .1565E+01 .1433E+01 .9952E-01 .3271E+00
.6210E+03 .1687E+01 .1433E+01 .9904E-01 .1197E+01 .1098E+01 .1433E+01 .1324E+00 .1566E+01 .1433E+01 .9904E-01 .3282E+00
.6220E+03 .1671E+01 .1408E+01 .9657E-01 .1175E+01 .1079E+01 .1408E+01 .1296E+00 .1538E+01 .1408E+01 .9657E-01 .3231E+00
.6230E+03 .1649E+01 .1379E+01 .9385E-01 .1150E+01 .1056E+01 .1379E+01 .1263E+00 .1505E+01 .1379E+01 .9385E-01 .3168E+00
.6240E+03 .1618E+01 .1360E+01 .9230E-01 .1134E+01 .1042E+01 .1360E+01 .1244E+00 .1484E+01 .1360E+01 .9230E-01 .3128E+00
.6250E+03 .1614E+01 .1365E+01 .9251E-01 .1138E+01 .1046E+01 .1365E+01 .1250E+00 .1490E+01 .1365E+01 .9251E-01 .3154E+00
.6260E+03 .1639E+01 .1387E+01 .9366E-01 .1156E+01 .1062E+01 .1387E+01 .1270E+00 .1514E+01 .1387E+01 .9366E-01 .3219E+00
.6270E+03 .1666E+01 .1402E+01 .9411E-01 .1168E+01 .1074E+01 .1402E+01 .1280E+00 .1530E+01 .1402E+01 .9411E-01 .3264E+00
.6280E+03 .1664E+01 .1343E+01 .8828E-01 .1117E+01 .1029E+01 .1343E+01 .1209E+00 .1464E+01 .1343E+01 .8828E-01 .3127E+00
.6290E+03 .1664E+01 .1382E+01 .9145E-01 .1150E+01 .1059E+01 .1382E+01 .1251E+00 .1507E+01 .1382E+01 .9145E-01 .3224E+00
.6300E+03 .1629E+01 .1357E+01 .8950E-01 .1129E+01 .1040E+01 .1357E+01 .1227E+00 .1480E+01 .1357E+01 .8950E-01 .3170E+00
.6310E+03 .1630E+01 .1380E+01 .9119E-01 .1148E+01 .1057E+01 .1380E+01 .1251E+00 .1505E+01 .1380E+01 .9119E-01 .3229E+00
.6320E+03 .1605E+01 .1358E+01 .8931E-01 .1129E+01 .1040E+01 .1358E+01 .1229E+00 .1480E+01 .1358E+01 .8931E-01 .3186E+00
.6330E+03 .1639E+01 .1399E+01 .9205E-01 .1164E+01 .1072E+01 .1399E+01 .1269E+00 .1526E+01 .1399E+01 .9205E-01 .3299E+00
.6340E+03 .1612E+01 .1385E+01 .9097E-01 .1152E+01 .1061E+01 .1385E+01 .1257E+00 .1511E+01 .1385E+01 .9097E-01 .3278E+00
.6350E+03 .1632E+01 .1404E+01 .9190E-01 .1168E+01 .1076E+01 .1404E+01 .1273E+00 .1532E+01 .1404E+01 .9190E-01 .3328E+00
.6360E+03 .1604E+01 .1384E+01 .9024E-01 .1150E+01 .1060E+01 .1384E+01 .1252E+00 .1509E+01 .1384E+01 .9024E-01 .3283E+00
.6370E+03 .1626E+01 .1404E+01 .9122E-01 .1167E+01 .1076E+01 .1404E+01 .1269E+00 .1531E+01 .1404E+01 .9122E-01 .3339E+00
.6380E+03 .1634E+01 .1417E+01 .9185E-01 .1177E+01 .1086E+01 .1417E+01 .1280E+00 .1545E+01 .1417E+01 .9185E-01 .3379E+00
.6390E+03 .1612E+01 .1401E+01 .9049E-01 .1164E+01 .1073E+01 .1401E+01 .1264E+00 .1527E+01 .1401E+01 .9049E-01 .3348E+00
.6400E+03 .1592E+01 .1387E+01 .8931E-01 .1152E+01 .1063E+01 .1387E+01 .1251E+00 .1512E+01 .1387E+01 .8931E-01 .3320E+00
.6410E+03 .1588E+01 .1386E+01 .8889E-01 .1150E+01 .1061E+01 .1386E+01 .1247E+00 .1510E+01 .1386E+01 .8889E-01 .3321E+00
.6420E+03 .1577E+01 .1379E+01 .8821E-01 .1145E+01 .1056E+01 .1379E+01 .1241E+00 .1503E+01 .1379E+01 .8821E-01 .3317E+00
.6430E+03 .1598E+01 .1396E+01 .8893E-01 .1158E+01 .1069E+01 .1396E+01 .1255E+00 .1521E+01 .1396E+01 .8893E-01 .3372E+00
.6440E+03 .1589E+01 .1391E+01 .8834E-01 .1154E+01 .1066E+01 .1391E+01 .1250E+00 .1516E+01 .1391E+01 .8834E-01 .3372E+00
.6450E+03 .1594E+01 .1392E+01 .8790E-01 .1154E+01 .1066E+01 .1392E+01 .1247E+00 .1516E+01 .1392E+01 .8790E-01 .3377E+00
.6460E+03 .1570E+01 .1353E+01 .8469E-01 .1121E+01 .1036E+01 .1353E+01 .1206E+00 .1474E+01 .1353E+01 .8469E-01 .3286E+00
.6470E+03 .1578E+01 .1329E+01 .8217E-01 .1101E+01 .1018E+01 .1329E+01 .1177E+00 .1447E+01 .1329E+01 .8217E-01 .3236E+00
.6480E+03 .1592E+01 .1326E+01 .8145E-01 .1097E+01 .1016E+01 .1326E+01 .1171E+00 .1443E+01 .1326E+01 .8145E-01 .3237E+00
.6490E+03 .1561E+01 .1302E+01 .7971E-01 .1077E+01 .9977E+00 .1302E+01 .1148E+00 .1417E+01 .1302E+01 .7971E-01 .3186E+00
.6500E+03 .1530E+01 .1318E+01 .8127E-01 .1091E+01 .1010E+01 .1318E+01 .1169E+00 .1435E+01 .1318E+01 .8127E-01 .3231E+00
.6510E+03 .1587E+01 .1377E+01 .8473E-01 .1140E+01 .1055E+01 .1377E+01 .1221E+00 .1500E+01 .1377E+01 .8473E-01 .3379E+00
.6520E+03 .1569E+01 .1304E+01 .7874E-01 .1078E+01 .9989E+00 .1304E+01 .1143E+00 .1418E+01 .1304E+01 .7874E-01 .3204E+00
.6530E+03 .1567E+01 .1358E+01 .8287E-01 .1123E+01 .1040E+01 .1358E+01 .1201E+00 .1478E+01 .1358E+01 .8287E-01 .3348E+00
.6540E+03 .1544E+01 .1344E+01 .8174E-01 .1111E+01 .1029E+01 .1344E+01 .1187E+00 .1462E+01 .1344E+01 .8174E-01 .3319E+00
.6550E+03 .1510E+01 .1287E+01 .7750E-01 .1064E+01 .9861E+00 .1287E+01 .1131E+00 .1400E+01 .1287E+01 .7750E-01 .3183E+00
.6560E+03 .1322E+01 .1143E+01 .6878E-01 .9440E+00 .8753E+00 .1143E+01 .1005E+00 .1243E+01 .1143E+01 .6878E-01 .2830E+00
.6570E+03 .1357E+01 .1171E+01 .7026E-01 .9677E+00 .8974E+00 .1171E+01 .1030E+00 .1274E+01 .1171E+01 .7026E-01 .2914E+00
.6580E+03 .1510E+01 .1315E+01 .7889E-01 .1087E+01 .1008E+01 .1315E+01 .1158E+00 .1431E+01 .1315E+01 .7889E-01 .3286E+00
.6590E+03 .1514E+01 .1324E+01 .7915E-01 .1093E+01 .1014E+01 .1324E+01 .1165E+00 .1440E+01 .1324E+01 .7915E-01 .3315E+00
.6600E+03 .1518E+01 .1324E+01 .7875E-01 .1093E+01 .1014E+01 .1324E+01 .1162E+00 .1440E+01 .1324E+01 .7875E-01 .3319E+00
.6610E+03 .1528E+01 .1327E+01 .7844E-01 .1095E+01 .1016E+01 .1327E+01 .1161E+00 .1443E+01 .1327E+01 .7844E-01 .3331E+00
.6620E+03 .1538E+01 .1325E+01 .7782E-01 .1093E+01 .1015E+01 .1325E+01 .1157E+00 .1441E+01 .1325E+01 .7782E-01 .3339E+00
.6630E+03 .1505E+01 .1303E+01 .7643E-01 .1075E+01 .9984E+00 .1303E+01 .1139E+00 .1417E+01 .1303E+01 .7643E-01 .3298E+00
.6640E+03 .1513E+01 .1327E+01 .7789E-01 .1094E+01 .1016E+01 .1327E+01 .1162E+00 .1443E+01 .1327E+01 .7789E-01 .3365E+00
.6650E+03 .1507E+01 .1332E+01 .7812E-01 .1098E+01 .1020E+01 .1332E+01 .1167E+00 .1448E+01 .1332E+01 .7812E-01 .3383E+00
.6660E+03 .1505E+01 .1338E+01 .7836E-01 .1103E+01 .1025E+01 .1338E+01 .1173E+00 .1455E+01 .1338E+01 .7836E-01 .3405E+00
.6670E+03 .1500E+01 .1339E+01 .7829E-01 .1104E+01 .1026E+01 .1339E+01 .1174E+00 .1457E+01 .1339E+01 .7829E-01 .3417E+00
.6680E+03 .1497E+01 .1341E+01 .7823E-01 .1106E+01 .1028E+01 .1341E+01 .1176E+00 .1459E+01 .1341E+01 .7823E-01 .3431E+00
.6690E+03 .1518E+01 .1362E+01 .7919E-01 .1123E+01 .1044E+01 .1362E+01 .1193E+00 .1482E+01 .1362E+01 .7919E-01 .3490E+00
.6700E+03 .1510E+01 .1357E+01 .7862E-01 .1118E+01 .1040E+01 .1357E+01 .1187E+00 .1476E+01 .1357E+01 .7862E-01 .3482E+00
.6710E+03 .1508E+01 .1357E+01 .7834E-01 .1118E+01 .1039E+01 .1357E+01 .1186E+00 .1475E+01 .1357E+01 .7834E-01 .3490E+00
.6720E+03 .1494E+01 .1345E+01 .7745E-01 .1108E+01 .1031E+01 .1345E+01 .1177E+00 .1463E+01 .1345E+01 .7745E-01 .3479E+00
.6730E+03 .1515E+01 .1366E+01 .7841E-01 .1124E+01 .1046E+01 .1366E+01 .1196E+00 .1485E+01 .1366E+01 .7841E-01 .3552E+00
.6740E+03 .1508E+01 .1360E+01 .7784E-01 .1120E+01 .1042E+01 .1360E+01 .1190E+00 .1479E+01 .1360E+01 .7784E-01 .3542E+00
.6750E+03 .1493E+01 .1348E+01 .7685E-01 .1109E+01 .1033E+01 .1348E+01 .1177E+00 .1466E+01 .1348E+01 .7685E-01 .3514E+00
.6760E+03 .1502E+01 .1357E+01 .7710E-01 .1117E+01 .1040E+01 .1357E+01 .1184E+00 .1475E+01 .1357E+01 .7710E-01 .3546E+00
.6770E+03 .1486E+01 .1343E+01 .7608E-01 .1105E+01 .1029E+01 .1343E+01 .1172E+00 .1460E+01 .1343E+01 .7608E-01 .3524E+00
.6780E+03 .1489E+01 .1347E+01 .7602E-01 .1108E+01 .1032E+01 .1347E+01 .1175E+00 .1464E+01 .1347E+01 .7602E-01 .3547E+00
.6790E+03 .1464E+01 .1325E+01 .7454E-01 .1089E+01 .1015E+01 .1325E+01 .1155E+00 .1440E+01 .1325E+01 .7454E-01 .3499E+00
.6800E+03 .1475E+01 .1336E+01 .7489E-01 .1098E+01 .1023E+01 .1336E+01 .1164E+00 .1452E+01 .1336E+01 .7489E-01 .3536E+00
.6810E+03 .1465E+01 .1327E+01 .7416E-01 .1091E+01 .1017E+01 .1327E+01 .1155E+00 .1443E+01 .1327E+01 .7416E-01 .3522E+00
.6820E+03 .1463E+01 .1326E+01 .7382E-01 .1089E+01 .1016E+01 .1326E+01 .1153E+00 .1441E+01 .1326E+01 .7382E-01 .3527E+00
.6830E+03 .1460E+01 .1323E+01 .7343E-01 .1087E+01 .1014E+01 .1323E+01 .1150E+00 .1438E+01 .1323E+01 .7343E-01 .3529E+00
.6840E+03 .1453E+01 .1317E+01 .7277E-01 .1081E+01 .1009E+01 .1317E+01 .1143E+00 .1431E+01 .1317E+01 .7277E-01 .3515E+00
.6850E+03 .1464E+01 .1329E+01 .7318E-01 .1091E+01 .1018E+01 .1329E+01 .1152E+00 .1444E+01 .1329E+01 .7318E-01 .3550E+00
.6860E+03 .1457E+01 .1321E+01 .7249E-01 .1084E+01 .1012E+01 .1321E+01 .1144E+00 .1435E+01 .1321E+01 .7249E-01 .3540E+00
.6870E+03 .1475E+01 .1046E+01 .5188E-01 .8532E+00 .8013E+00 .1046E+01 .8503E-01 .1131E+01 .1046E+01 .5188E-01 .2801E+00
.6880E+03 .1458E+01 .1143E+01 .5881E-01 .9347E+00 .8759E+00 .1143E+01 .9533E-01 .1239E+01 .1143E+01 .5881E-01 .3078E+00
.6890E+03 .1455E+01 .1144E+01 .5872E-01 .9355E+00 .8767E+00 .1144E+01 .9536E-01 .1240E+01 .1144E+01 .5872E-01 .3085E+00
.6900E+03 .1445E+01 .1173E+01 .6071E-01 .9593E+00 .8986E+00 .1173E+01 .9840E-01 .1271E+01 .1173E+01 .6071E-01 .3167E+00
.6910E+03 .1434E+01 .1201E+01 .6277E-01 .9832E+00 .9204E+00 .1201E+01 .1016E+00 .1303E+01 .1201E+01 .6277E-01 .3256E+00
.6920E+03 .1421E+01 .1210E+01 .6341E-01 .9901E+00 .9267E+00 .1210E+01 .1027E+00 .1312E+01 .1210E+01 .6341E-01 .3292E+00
.6930E+03 .1423E+01 .1165E+01 .6012E-01 .9527E+00 .8926E+00 .1165E+01 .9811E-01 .1263E+01 .1165E+01 .6012E-01 .3179E+00
.6940E+03 .1427E+01 .1138E+01 .5824E-01 .9299E+00 .8717E+00 .1138E+01 .9542E-01 .1233E+01 .1138E+01 .5824E-01 .3107E+00
.6950E+03 .1427E+01 .1190E+01 .6161E-01 .9729E+00 .9113E+00 .1190E+01 .1006E+00 .1290E+01 .1190E+01 .6161E-01 .3253E+00
.6960E+03 .1439E+01 .1191E+01 .6148E-01 .9739E+00 .9124E+00 .1191E+01 .1007E+00 .1292E+01 .1191E+01 .6148E-01 .3269E+00
.6970E+03 .1433E+01 .1275E+01 .6692E-01 .1044E+01 .9769E+00 .1275E+01 .1092E+00 .1385E+01 .1275E+01 .6692E-01 .3516E+00
.6980E+03 .1413E+01 .1254E+01 .6555E-01 .1027E+01 .9610E+00 .1254E+01 .1073E+00 .1362E+01 .1254E+01 .6555E-01 .3468E+00
.6990E+03 .1432E+01 .1216E+01 .6247E-01 .9941E+00 .9317E+00 .1216E+01 .1030E+00 .1319E+01 .1216E+01 .6247E-01 .3364E+00
.7000E+03 .1414E+01 .1199E+01 .6129E-01 .9798E+00 .9185E+00 .1199E+01 .1014E+00 .1300E+01 .1199E+01 .6129E-01 .3320E+00
.7010E+03 .1411E+01 .1183E+01 .5992E-01 .9659E+00 .9060E+00 .1183E+01 .9962E-01 .1282E+01 .1183E+01 .5992E-01 .3285E+00
.7020E+03 .1403E+01 .1196E+01 .6077E-01 .9771E+00 .9163E+00 .1196E+01 .1011E+00 .1297E+01 .1196E+01 .6077E-01 .3336E+00
.7030E+03 .1409E+01 .1198E+01 .6068E-01 .9781E+00 .9174E+00 .1198E+01 .1012E+00 .1299E+01 .1198E+01 .6068E-01 .3348E+00
.7040E+03 .1423E+01 .1241E+01 .6319E-01 .1014E+01 .9510E+00 .1241E+01 .1054E+00 .1347E+01 .1241E+01 .6319E-01 .3475E+00
.7050E+03 .1425E+01 .1239E+01 .6270E-01 .1012E+01 .9491E+00 .1239E+01 .1049E+00 .1344E+01 .1239E+01 .6270E-01 .3471E+00
.7060E+03 .1411E+01 .1243E+01 .6295E-01 .1015E+01 .9521E+00 .1243E+01 .1054E+00 .1348E+01 .1243E+01 .6295E-01 .3491E+00
.7070E+03 .1408E+01 .1243E+01 .6282E-01 .1015E+01 .9526E+00 .1243E+01 .1055E+00 .1349E+01 .1243E+01 .6282E-01 .3501E+00
.7080E+03 .1411E+01 .1247E+01 .6275E-01 .1018E+01 .9551E+00 .1247E+01 .1057E+00 .1353E+01 .1247E+01 .6275E-01 .3516E+00
.7090E+03 .1397E+01 .1254E+01 .6329E-01 .1024E+01 .9609E+00 .1254E+01 .1066E+00 .1361E+01 .1254E+01 .6329E-01 .3542E+00
.7100E+03 .1404E+01 .1251E+01 .6271E-01 .1021E+01 .9584E+00 .1251E+01 .1060E+00 .1357E+01 .1251E+01 .6271E-01 .3539E+00
.7110E+03 .1397E+01 .1252E+01 .6272E-01 .1022E+01 .9589E+00 .1252E+01 .1064E+00 .1358E+01 .1252E+01 .6272E-01 .3563E+00
.7120E+03 .1386E+01 .1250E+01 .6265E-01 .1020E+01 .9577E+00 .1250E+01 .1066E+00 .1357E+01 .1250E+01 .6265E-01 .3582E+00
.7130E+03 .1378E+01 .1236E+01 .6156E-01 .1008E+01 .9467E+00 .1236E+01 .1051E+00 .1341E+01 .1236E+01 .6156E-01 .3546E+00
.7140E+03 .1383E+01 .1241E+01 .6160E-01 .1012E+01 .9505E+00 .1241E+01 .1053E+00 .1346E+01 .1241E+01 .6160E-01 .3560E+00
.7150E+03 .1357E+01 .1195E+01 .5870E-01 .9741E+00 .9154E+00 .1195E+01 .1009E+00 .1296E+01 .1195E+01 .5870E-01 .3429E+00
.7160E+03 .1364E+01 .1192E+01 .5824E-01 .9714E+00 .9131E+00 .1192E+01 .1005E+00 .1292E+01 .1192E+01 .5824E-01 .3433E+00
.7170E+03 .1383E+01 .9918E+00 .4535E-01 .8051E+00 .7597E+00 .9918E+00 .8046E-01 .1072E+01 .9918E+00 .4535E-01 .2859E+00
.7180E+03 .1361E+01 .9006E+00 .4032E-01 .7302E+00 .6899E+00 .9006E+00 .7226E-01 .9728E+00 .9006E+00 .4032E-01 .2602E+00
.7190E+03 .1336E+01 .8407E+00 .3743E-01 .6815E+00 .6440E+00 .8407E+00 .6734E-01 .9081E+00 .8407E+00 .3743E-01 .2435E+00
.7200E+03 .1362E+01 .8763E+00 .3871E-01 .7100E+00 .6713E+00 .8763E+00 .6997E-01 .9462E+00 .8763E+00 .3871E-01 .2542E+00
.7210E+03 .1347E+01 .9926E+00 .4558E-01 .8060E+00 .7604E+00 .9926E+00 .8126E-01 .1074E+01 .9926E+00 .4558E-01 .2891E+00
.7220E+03 .1346E+01 .1151E+01 .5472E-01 .9361E+00 .8814E+00 .1151E+01 .9638E-01 .1247E+01 .1151E+01 .5472E-01 .3364E+00
.7230E+03 .1358E+01 .1061E+01 .4915E-01 .8618E+00 .8126E+00 .1061E+01 .8755E-01 .1148E+01 .1061E+01 .4915E-01 .3102E+00
.7240E+03 .1347E+01 .9465E+00 .4254E-01 .7676E+00 .7250E+00 .9465E+00 .7677E-01 .1023E+01 .9465E+00 .4254E-01 .2768E+00
.7250E+03 .1338E+01 .9156E+00 .4047E-01 .7419E+00 .7014E+00 .9156E+00 .7361E-01 .9892E+00 .9156E+00 .4047E-01 .2679E+00
.7260E+03 .1340E+01 .9583E+00 .4262E-01 .7767E+00 .7341E+00 .9583E+00 .7741E-01 .1036E+01 .9583E+00 .4262E-01 .2808E+00
.7270E+03 .1349E+01 .9879E+00 .4433E-01 .8011E+00 .7568E+00 .9879E+00 .8031E-01 .1068E+01 .9879E+00 .4433E-01 .2899E+00
.7280E+03 .1325E+01 .9170E+00 .4031E-01 .7427E+00 .7024E+00 .9170E+00 .7370E-01 .9907E+00 .9170E+00 .4031E-01 .2692E+00
.7290E+03 .1298E+01 .9635E+00 .4317E-01 .7813E+00 .7381E+00 .9635E+00 .7841E-01 .1042E+01 .9635E+00 .4317E-01 .2833E+00
.7300E+03 .1330E+01 .1012E+01 .4503E-01 .8200E+00 .7749E+00 .1012E+01 .8211E-01 .1094E+01 .1012E+01 .4503E-01 .2979E+00
.7310E+03 .1320E+01 .9625E+00 .4241E-01 .7797E+00 .7373E+00 .9625E+00 .7778E-01 .1040E+01 .9625E+00 .4241E-01 .2840E+00
.7320E+03 .1323E+01 .1048E+01 .4716E-01 .8497E+00 .8026E+00 .1048E+01 .8589E-01 .1134E+01 .1048E+01 .4716E-01 .3102E+00
.7330E+03 .1319E+01 .1124E+01 .5142E-01 .9121E+00 .8607E+00 .1124E+01 .9313E-01 .1217E+01 .1124E+01 .5142E-01 .3332E+00
.7340E+03 .1333E+01 .1154E+01 .5297E-01 .9373E+00 .8843E+00 .1154E+01 .9594E-01 .1250E+01 .1154E+01 .5297E-01 .3428E+00
.7350E+03 .1314E+01 .1127E+01 .5136E-01 .9149E+00 .8635E+00 .1127E+01 .9341E-01 .1221E+01 .1127E+01 .5136E-01 .3353E+00
.7360E+03 .1308E+01 .1127E+01 .5116E-01 .9142E+00 .8631E+00 .1127E+01 .9332E-01 .1220E+01 .1127E+01 .5116E-01 .3358E+00
.7370E+03 .1318E+01 .1130E+01 .5115E-01 .9171E+00 .8659E+00 .1130E+01 .9357E-01 .1224E+01 .1130E+01 .5115E-01 .3376E+00
.7380E+03 .1296E+01 .1156E+01 .5280E-01 .9381E+00 .8853E+00 .1156E+01 .9632E-01 .1252E+01 .1156E+01 .5280E-01 .3456E+00
.7390E+03 .1274E+01 .1133E+01 .5156E-01 .9192E+00 .8676E+00 .1133E+01 .9429E-01 .1227E+01 .1133E+01 .5156E-01 .3391E+00
.7400E+03 .1293E+01 .1167E+01 .5325E-01 .9475E+00 .8942E+00 .1167E+01 .9741E-01 .1265E+01 .1167E+01 .5325E-01 .3500E+00
.7410E+03 .1272E+01 .1159E+01 .5284E-01 .9406E+00 .8877E+00 .1159E+01 .9678E-01 .1256E+01 .1159E+01 .5284E-01 .3479E+00
.7420E+03 .1266E+01 .1163E+01 .5302E-01 .9441E+00 .8911E+00 .1163E+01 .9723E-01 .1260E+01 .1163E+01 .5302E-01 .3496E+00
.7430E+03 .1296E+01 .1194E+01 .5429E-01 .9691E+00 .9148E+00 .1194E+01 .9972E-01 .1294E+01 .1194E+01 .5429E-01 .3588E+00
.7440E+03 .1288E+01 .1193E+01 .5415E-01 .9681E+00 .9139E+00 .1193E+01 .9958E-01 .1293E+01 .1193E+01 .5415E-01 .3585E+00
.7450E+03 .1285E+01 .1195E+01 .5415E-01 .9697E+00 .9156E+00 .1195E+01 .9977E-01 .1295E+01 .1195E+01 .5415E-01 .3596E+00
.7460E+03 .1291E+01 .1201E+01 .5424E-01 .9742E+00 .9199E+00 .1201E+01 .1002E+00 .1301E+01 .1201E+01 .5424E-01 .3620E+00
.7470E+03 .1293E+01 .1204E+01 .5424E-01 .9767E+00 .9225E+00 .1204E+01 .1005E+00 .1305E+01 .1204E+01 .5424E-01 .3637E+00
.7480E+03 .1290E+01 .1202E+01 .5397E-01 .9749E+00 .9209E+00 .1202E+01 .1001E+00 .1302E+01 .1202E+01 .5397E-01 .3630E+00
.7490E+03 .1275E+01 .1189E+01 .5319E-01 .9639E+00 .9107E+00 .1189E+01 .9888E-01 .1288E+01 .1189E+01 .5319E-01 .3589E+00
.7500E+03 .1274E+01 .1188E+01 .5300E-01 .9633E+00 .9103E+00 .1188E+01 .9878E-01 .1287E+01 .1188E+01 .5300E-01 .3593E+00
.7510E+03 .1261E+01 .1176E+01 .5232E-01 .9535E+00 .9012E+00 .1176E+01 .9777E-01 .1274E+01 .1176E+01 .5232E-01 .3565E+00
.7520E+03 .1266E+01 .1182E+01 .5240E-01 .9576E+00 .9052E+00 .1182E+01 .9817E-01 .1280E+01 .1182E+01 .5240E-01 .3586E+00
.7530E+03 .1272E+01 .1188E+01 .5250E-01 .9625E+00 .9100E+00 .1188E+01 .9855E-01 .1287E+01 .1188E+01 .5250E-01 .3605E+00
.7540E+03 .1275E+01 .1191E+01 .5244E-01 .9646E+00 .9122E+00 .1191E+01 .9863E-01 .1289E+01 .1191E+01 .5244E-01 .3613E+00
.7550E+03 .1268E+01 .1184E+01 .5199E-01 .9591E+00 .9071E+00 .1184E+01 .9804E-01 .1282E+01 .1184E+01 .5199E-01 .3599E+00
.7560E+03 .1267E+01 .1184E+01 .5185E-01 .9590E+00 .9071E+00 .1184E+01 .9803E-01 .1282E+01 .1184E+01 .5185E-01 .3607E+00
.7570E+03 .1269E+01 .1186E+01 .5178E-01 .9604E+00 .9087E+00 .1186E+01 .9817E-01 .1284E+01 .1186E+01 .5178E-01 .3620E+00
.7580E+03 .1254E+01 .1172E+01 .5099E-01 .9488E+00 .8978E+00 .1172E+01 .9690E-01 .1269E+01 .1172E+01 .5099E-01 .3580E+00
.7590E+03 .1250E+01 .1157E+01 .4999E-01 .9366E+00 .8866E+00 .1157E+01 .9539E-01 .1253E+01 .1157E+01 .4999E-01 .3538E+00
.7600E+03 .1250E+01 .4055E+00 .1156E-01 .3222E+00 .3106E+00 .4055E+00 .2678E-01 .4323E+00 .4055E+00 .1156E-01 .1224E+00
.7610E+03 .1246E+01 .2773E+00 .6829E-02 .2193E+00 .2125E+00 .2773E+00 .1713E-01 .2945E+00 .2773E+00 .6829E-02 .8346E-01
.7620E+03 .1224E+01 .7765E+00 .2855E-01 .6234E+00 .5948E+00 .7765E+00 .5859E-01 .8351E+00 .7765E+00 .2855E-01 .2368E+00
.7630E+03 .1247E+01 .5200E+00 .1617E-01 .4145E+00 .3984E+00 .5200E+00 .3594E-01 .5560E+00 .5200E+00 .1617E-01 .1577E+00
.7640E+03 .1240E+01 .6601E+00 .2249E-01 .5281E+00 .5056E+00 .6601E+00 .4786E-01 .7079E+00 .6601E+00 .2249E-01 .2007E+00
.7650E+03 .1227E+01 .7773E+00 .2827E-01 .6237E+00 .5955E+00 .7773E+00 .5842E-01 .8358E+00 .7773E+00 .2827E-01 .2371E+00
.7660E+03 .1177E+01 .8613E+00 .3307E-01 .6929E+00 .6598E+00 .8613E+00 .6676E-01 .9281E+00 .8613E+00 .3307E-01 .2635E+00
.7670E+03 .1217E+01 .1001E+01 .4012E-01 .8066E+00 .7665E+00 .1001E+01 .7956E-01 .1080E+01 .1001E+01 .4012E-01 .3069E+00
.7680E+03 .1222E+01 .1090E+01 .4502E-01 .8801E+00 .8351E+00 .1090E+01 .8825E-01 .1178E+01 .1090E+01 .4502E-01 .3351E+00
.7690E+03 .1210E+01 .1099E+01 .4557E-01 .8874E+00 .8419E+00 .1099E+01 .8929E-01 .1188E+01 .1099E+01 .4557E-01 .3384E+00
.7700E+03 .1210E+01 .1121E+01 .4671E-01 .9053E+00 .8586E+00 .1121E+01 .9146E-01 .1212E+01 .1121E+01 .4671E-01 .3459E+00
.7710E+03 .1202E+01 .1123E+01 .4683E-01 .9073E+00 .8604E+00 .1123E+01 .9181E-01 .1215E+01 .1123E+01 .4683E-01 .3473E+00
.7720E+03 .1199E+01 .1124E+01 .4675E-01 .9075E+00 .8607E+00 .1124E+01 .9183E-01 .1215E+01 .1124E+01 .4675E-01 .3478E+00
.7730E+03 .1206E+01 .1131E+01 .4691E-01 .9134E+00 .8664E+00 .1131E+01 .9232E-01 .1223E+01 .1131E+01 .4691E-01 .3501E+00
.7740E+03 .1199E+01 .1125E+01 .4652E-01 .9085E+00 .8620E+00 .1125E+01 .9173E-01 .1217E+01 .1125E+01 .4652E-01 .3483E+00
.7750E+03 .1189E+01 .1117E+01 .4603E-01 .9014E+00 .8553E+00 .1117E+01 .9102E-01 .1208E+01 .1117E+01 .4603E-01 .3463E+00
.7760E+03 .1203E+01 .1130E+01 .4646E-01 .9122E+00 .8657E+00 .1130E+01 .9212E-01 .1222E+01 .1130E+01 .4646E-01 .3513E+00
.7770E+03 .1187E+01 .1115E+01 .4571E-01 .9001E+00 .8544E+00 .1115E+01 .9085E-01 .1206E+01 .1115E+01 .4571E-01 .3470E+00
.7780E+03 .1180E+01 .1109E+01 .4528E-01 .8946E+00 .8493E+00 .1109E+01 .9018E-01 .1199E+01 .1109E+01 .4528E-01 .3449E+00
.7790E+03 .1181E+01 .1110E+01 .4517E-01 .8953E+00 .8501E+00 .1110E+01 .9014E-01 .1200E+01 .1110E+01 .4517E-01 .3452E+00
.7800E+03 .1174E+01 .1104E+01 .4478E-01 .8902E+00 .8454E+00 .1104E+01 .8958E-01 .1193E+01 .1104E+01 .4478E-01 .3437E+00
.7810E+03 .1175E+01 .1105E+01 .4470E-01 .8910E+00 .8463E+00 .1105E+01 .8962E-01 .1194E+01 .1105E+01 .4470E-01 .3444E+00
.7820E+03 .1182E+01 .1112E+01 .4484E-01 .8965E+00 .8516E+00 .1112E+01 .9012E-01 .1202E+01 .1112E+01 .4484E-01 .3469E+00
.7830E+03 .1161E+01 .1092E+01 .4393E-01 .8807E+00 .8368E+00 .1092E+01 .8850E-01 .1181E+01 .1092E+01 .4393E-01 .3412E+00
.7840E+03 .1166E+01 .1098E+01 .4402E-01 .8848E+00 .8408E+00 .1098E+01 .8886E-01 .1186E+01 .1098E+01 .4402E-01 .3431E+00
.7850E+03 .1159E+01 .1088E+01 .4347E-01 .8772E+00 .8337E+00 .1088E+01 .8802E-01 .1176E+01 .1088E+01 .4347E-01 .3406E+00
.7860E+03 .1173E+01 .1100E+01 .4376E-01 .8860E+00 .8423E+00 .1100E+01 .8883E-01 .1188E+01 .1100E+01 .4376E-01 .3445E+00
.7870E+03 .1168E+01 .1075E+01 .4234E-01 .8659E+00 .8235E+00 .1075E+01 .8644E-01 .1161E+01 .1075E+01 .4234E-01 .3371E+00
.7880E+03 .1162E+01 .1059E+01 .4143E-01 .8526E+00 .8112E+00 .1059E+01 .8491E-01 .1144E+01 .1059E+01 .4143E-01 .3322E+00
.7890E+03 .1168E+01 .1055E+01 .4106E-01 .8494E+00 .8083E+00 .1055E+01 .8444E-01 .1140E+01 .1055E+01 .4106E-01 .3313E+00
.7900E+03 .1166E+01 .1023E+01 .3934E-01 .8230E+00 .7837E+00 .1023E+01 .8140E-01 .1104E+01 .1023E+01 .3934E-01 .3215E+00
.7910E+03 .1150E+01 .1036E+01 .4008E-01 .8340E+00 .7940E+00 .1036E+01 .8282E-01 .1119E+01 .1036E+01 .4008E-01 .3261E+00
.7920E+03 .1139E+01 .1030E+01 .3979E-01 .8291E+00 .7893E+00 .1030E+01 .8233E-01 .1113E+01 .1030E+01 .3979E-01 .3243E+00
.7930E+03 .1124E+01 .1013E+01 .3894E-01 .8149E+00 .7760E+00 .1013E+01 .8078E-01 .1094E+01 .1013E+01 .3894E-01 .3188E+00
.7940E+03 .1111E+01 .1040E+01 .4035E-01 .8371E+00 .7967E+00 .1040E+01 .8342E-01 .1123E+01 .1040E+01 .4035E-01 .3275E+00
.7950E+03 .1137E+01 .1055E+01 .4068E-01 .8489E+00 .8082E+00 .1055E+01 .8443E-01 .1140E+01 .1055E+01 .4068E-01 .3325E+00
.7960E+03 .1141E+01 .1012E+01 .3832E-01 .8135E+00 .7752E+00 .1012E+01 .8025E-01 .1092E+01 .1012E+01 .3832E-01 .3191E+00
.7970E+03 .1140E+01 .1013E+01 .3819E-01 .8138E+00 .7756E+00 .1013E+01 .8024E-01 .1093E+01 .1013E+01 .3819E-01 .3199E+00
.7980E+03 .1139E+01 .1052E+01 .4013E-01 .8459E+00 .8058E+00 .1052E+01 .8402E-01 .1136E+01 .1052E+01 .4013E-01 .3332E+00
.7990E+03 .1140E+01 .1043E+01 .3957E-01 .8388E+00 .7992E+00 .1043E+01 .8317E-01 .1126E+01 .1043E+01 .3957E-01 .3309E+00
.8000E+03 .1130E+01 .1022E+01 .3848E-01 .8213E+00 .7828E+00 .1022E+01 .8118E-01 .1103E+01 .1022E+01 .3848E-01 .3241E+00
.8010E+03 .1133E+01 .1018E+01 .3811E-01 .8178E+00 .7797E+00 .1018E+01 .8065E-01 .1099E+01 .1018E+01 .3811E-01 .3227E+00
.8020E+03 .1128E+01 .1015E+01 .3789E-01 .8154E+00 .7775E+00 .1015E+01 .8036E-01 .1095E+01 .1015E+01 .3789E-01 .3220E+00
.8030E+03 .1123E+01 .1006E+01 .3736E-01 .8080E+00 .7706E+00 .1006E+01 .7951E-01 .1085E+01 .1006E+01 .3736E-01 .3194E+00
.8040E+03 .1121E+01 .1009E+01 .3742E-01 .8101E+00 .7727E+00 .1009E+01 .7975E-01 .1088E+01 .1009E+01 .3742E-01 .3206E+00
.8050E+03 .1107E+01 .1009E+01 .3749E-01 .8103E+00 .7728E+00 .1009E+01 .7992E-01 .1089E+01 .1009E+01 .3749E-01 .3210E+00
.8060E+03 .1122E+01 .1041E+01 .3883E-01 .8365E+00 .7977E+00 .1041E+01 .8274E-01 .1124E+01 .1041E+01 .3883E-01 .3317E+00
.8070E+03 .1113E+01 .1028E+01 .3817E-01 .8257E+00 .7875E+00 .1028E+01 .8157E-01 .1110E+01 .1028E+01 .3817E-01 .3278E+00
.8080E+03 .1111E+01 .1030E+01 .3816E-01 .8272E+00 .7890E+00 .1030E+01 .8172E-01 .1112E+01 .1030E+01 .3816E-01 .3288E+00
.8090E+03 .1102E+01 .1008E+01 .3702E-01 .8088E+00 .7718E+00 .1008E+01 .7966E-01 .1087E+01 .1008E+01 .3702E-01 .3219E+00
.8100E+03 .1105E+01 .9926E+00 .3615E-01 .7965E+00 .7604E+00 .9926E+00 .7818E-01 .1071E+01 .9926E+00 .3615E-01 .3173E+00
.8110E+03 .1116E+01 .9922E+00 .3586E-01 .7960E+00 .7601E+00 .9922E+00 .7791E-01 .1070E+01 .9922E+00 .3586E-01 .3175E+00
.8120E+03 .1117E+01 .9555E+00 .3399E-01 .7660E+00 .7320E+00 .9555E+00 .7451E-01 .1030E+01 .9555E+00 .3399E-01 .3062E+00
.8130E+03 .1119E+01 .9324E+00 .3291E-01 .7472E+00 .7143E+00 .9324E+00 .7251E-01 .1005E+01 .9324E+00 .3291E-01 .2994E+00
.8140E+03 .1112E+01 .7988E+00 .2704E-01 .6390E+00 .6119E+00 .7988E+00 .6083E-01 .8596E+00 .7988E+00 .2704E-01 .2565E+00
.8150E+03 .1106E+01 .7970E+00 .2698E-01 .6376E+00 .6106E+00 .7970E+00 .6073E-01 .8578E+00 .7970E+00 .2698E-01 .2560E+00
.8160E+03 .1104E+01 .7439E+00 .2477E-01 .5946E+00 .5698E+00 .7439E+00 .5622E-01 .8001E+00 .7439E+00 .2477E-01 .2388E+00
.8170E+03 .1100E+01 .7650E+00 .2560E-01 .6116E+00 .5860E+00 .7650E+00 .5801E-01 .8230E+00 .7650E+00 .2560E-01 .2458E+00
.8180E+03 .1078E+01 .7342E+00 .2427E-01 .5867E+00 .5625E+00 .7342E+00 .5539E-01 .7896E+00 .7342E+00 .2427E-01 .2361E+00
.8190E+03 .1072E+01 .8401E+00 .2876E-01 .6723E+00 .6435E+00 .8401E+00 .6461E-01 .9047E+00 .8401E+00 .2876E-01 .2707E+00
.8200E+03 .1065E+01 .7848E+00 .2637E-01 .6276E+00 .6012E+00 .7848E+00 .5984E-01 .8446E+00 .7848E+00 .2637E-01 .2530E+00
.8210E+03 .1064E+01 .9301E+00 .3259E-01 .7451E+00 .7125E+00 .9301E+00 .7259E-01 .1003E+01 .9301E+00 .3259E-01 .3006E+00
.8220E+03 .1066E+01 .8994E+00 .3113E-01 .7201E+00 .6890E+00 .8994E+00 .6980E-01 .9692E+00 .8994E+00 .3113E-01 .2909E+00
.8230E+03 .1077E+01 .5916E+00 .1849E-01 .4717E+00 .4532E+00 .5916E+00 .4359E-01 .6352E+00 .5916E+00 .1849E-01 .1911E+00
.8240E+03 .1074E+01 .8602E+00 .2906E-01 .6880E+00 .6590E+00 .8602E+00 .6606E-01 .9263E+00 .8602E+00 .2906E-01 .2786E+00
.8250E+03 .1071E+01 .9147E+00 .3158E-01 .7323E+00 .7007E+00 .9147E+00 .7112E-01 .9858E+00 .9147E+00 .3158E-01 .2967E+00
.8260E+03 .1079E+01 .8746E+00 .2972E-01 .6997E+00 .6700E+00 .8746E+00 .6750E-01 .9421E+00 .8746E+00 .2972E-01 .2838E+00
.8270E+03 .1077E+01 .9270E+00 .3182E-01 .7420E+00 .7102E+00 .9270E+00 .7201E-01 .9990E+00 .9270E+00 .3182E-01 .3012E+00
.8280E+03 .1071E+01 .7698E+00 .2512E-01 .6148E+00 .5897E+00 .7698E+00 .5829E-01 .8281E+00 .7698E+00 .2512E-01 .2501E+00
.8290E+03 .1064E+01 .8692E+00 .2932E-01 .6952E+00 .6658E+00 .8692E+00 .6702E-01 .9362E+00 .8692E+00 .2932E-01 .2828E+00
.8300E+03 .1061E+01 .8500E+00 .2839E-01 .6795E+00 .6511E+00 .8500E+00 .6523E-01 .9152E+00 .8500E+00 .2839E-01 .2764E+00
.8310E+03 .1055E+01 .8534E+00 .2847E-01 .6822E+00 .6537E+00 .8534E+00 .6548E-01 .9189E+00 .8534E+00 .2847E-01 .2775E+00
.8320E+03 .1058E+01 .8220E+00 .2710E-01 .6568E+00 .6297E+00 .8220E+00 .6279E-01 .8847E+00 .8220E+00 .2710E-01 .2678E+00
.8330E+03 .1025E+01 .8878E+00 .2994E-01 .7100E+00 .6801E+00 .8878E+00 .6874E-01 .9565E+00 .8878E+00 .2994E-01 .2901E+00
.8340E+03 .1030E+01 .8471E+00 .2811E-01 .6771E+00 .6489E+00 .8471E+00 .6512E-01 .9123E+00 .8471E+00 .2811E-01 .2771E+00
.8350E+03 .1046E+01 .9492E+00 .3233E-01 .7595E+00 .7272E+00 .9492E+00 .7405E-01 .1023E+01 .9492E+00 .3233E-01 .3111E+00
.8360E+03 .1051E+01 .8945E+00 .2975E-01 .7150E+00 .6852E+00 .8945E+00 .6899E-01 .9635E+00 .8945E+00 .2975E-01 .2933E+00
.8370E+03 .1046E+01 .9526E+00 .3228E-01 .7620E+00 .7298E+00 .9526E+00 .7427E-01 .1027E+01 .9526E+00 .3228E-01 .3128E+00
.8380E+03 .1030E+01 .9168E+00 .3068E-01 .7330E+00 .7023E+00 .9168E+00 .7108E-01 .9879E+00 .9168E+00 .3068E-01 .3012E+00
.8390E+03 .1027E+01 .9397E+00 .3170E-01 .7515E+00 .7198E+00 .9397E+00 .7323E-01 .1013E+01 .9397E+00 .3170E-01 .3091E+00
.8400E+03 .1044E+01 .9620E+00 .3244E-01 .7694E+00 .7369E+00 .9620E+00 .7503E-01 .1037E+01 .9620E+00 .3244E-01 .3167E+00
.8410E+03 .1038E+01 .9457E+00 .3167E-01 .7561E+00 .7245E+00 .9457E+00 .7357E-01 .1019E+01 .9457E+00 .3167E-01 .3116E+00
.8420E+03 .1029E+01 .9520E+00 .3199E-01 .7613E+00 .7293E+00 .9520E+00 .7427E-01 .1026E+01 .9520E+00 .3199E-01 .3141E+00
.8430E+03 .1017E+01 .9557E+00 .3222E-01 .7644E+00 .7321E+00 .9557E+00 .7477E-01 .1031E+01 .9557E+00 .3222E-01 .3157E+00
.8440E+03 .1010E+01 .9396E+00 .3146E-01 .7512E+00 .7197E+00 .9396E+00 .7333E-01 .1013E+01 .9396E+00 .3146E-01 .3106E+00
.8450E+03 .1034E+01 .9754E+00 .3274E-01 .7799E+00 .7472E+00 .9754E+00 .7629E-01 .1052E+01 .9754E+00 .3274E-01 .3228E+00
.8460E+03 .1028E+01 .9719E+00 .3256E-01 .7771E+00 .7445E+00 .9719E+00 .7601E-01 .1048E+01 .9719E+00 .3256E-01 .3220E+00
.8470E+03 .1005E+01 .9553E+00 .3198E-01 .7638E+00 .7318E+00 .9553E+00 .7472E-01 .1030E+01 .9553E+00 .3198E-01 .3168E+00
.8480E+03 .1004E+01 .9476E+00 .3155E-01 .7575E+00 .7259E+00 .9476E+00 .7394E-01 .1022E+01 .9476E+00 .3155E-01 .3145E+00
.8490E+03 .9755E+00 .9208E+00 .3057E-01 .7360E+00 .7054E+00 .9208E+00 .7178E-01 .9926E+00 .9208E+00 .3057E-01 .3059E+00
.8500E+03 .9336E+00 .8827E+00 .2923E-01 .7054E+00 .6762E+00 .8827E+00 .6877E-01 .9514E+00 .8827E+00 .2923E-01 .2935E+00
.8510E+03 .9946E+00 .9328E+00 .3072E-01 .7453E+00 .7146E+00 .9328E+00 .7249E-01 .1005E+01 .9328E+00 .3072E-01 .3104E+00
.8520E+03 .9850E+00 .9270E+00 .3047E-01 .7406E+00 .7101E+00 .9270E+00 .7197E-01 .9990E+00 .9270E+00 .3047E-01 .3084E+00
.8530E+03 .9433E+00 .8944E+00 .2939E-01 .7146E+00 .6852E+00 .8944E+00 .6943E-01 .9638E+00 .8944E+00 .2939E-01 .2976E+00
.8540E+03 .8184E+00 .7706E+00 .2519E-01 .6155E+00 .5903E+00 .7706E+00 .5967E-01 .8302E+00 .7706E+00 .2519E-01 .2565E+00
.8550E+03 .8936E+00 .8490E+00 .2777E-01 .6782E+00 .6504E+00 .8490E+00 .6581E-01 .9148E+00 .8490E+00 .2777E-01 .2829E+00
.8560E+03 .9789E+00 .9266E+00 .3019E-01 .7400E+00 .7098E+00 .9266E+00 .7172E-01 .9983E+00 .9266E+00 .3019E-01 .3092E+00
.8570E+03 .9971E+00 .9489E+00 .3091E-01 .7578E+00 .7269E+00 .9489E+00 .7353E-01 .1022E+01 .9489E+00 .3091E-01 .3173E+00
.8580E+03 .9912E+00 .9413E+00 .3056E-01 .7516E+00 .7211E+00 .9413E+00 .7289E-01 .1014E+01 .9413E+00 .3056E-01 .3154E+00
.8590E+03 .9901E+00 .9427E+00 .3055E-01 .7527E+00 .7221E+00 .9427E+00 .7295E-01 .1016E+01 .9427E+00 .3055E-01 .3160E+00
.8600E+03 .9903E+00 .9453E+00 .3058E-01 .7547E+00 .7241E+00 .9453E+00 .7308E-01 .1018E+01 .9453E+00 .3058E-01 .3168E+00
.8610E+03 .9853E+00 .9398E+00 .3031E-01 .7502E+00 .7199E+00 .9398E+00 .7257E-01 .1012E+01 .9398E+00 .3031E-01 .3152E+00
.8620E+03 .1000E+01 .9551E+00 .3074E-01 .7624E+00 .7316E+00 .9551E+00 .7376E-01 .1029E+01 .9551E+00 .3074E-01 .3210E+00
.8630E+03 .1024E+01 .9776E+00 .3139E-01 .7803E+00 .7489E+00 .9776E+00 .7549E-01 .1053E+01 .9776E+00 .3139E-01 .3292E+00
.8640E+03 .9722E+00 .9286E+00 .2974E-01 .7411E+00 .7114E+00 .9286E+00 .7166E-01 .1000E+01 .9286E+00 .2974E-01 .3130E+00
.8650E+03 .9633E+00 .9207E+00 .2942E-01 .7347E+00 .7053E+00 .9207E+00 .7099E-01 .9917E+00 .9207E+00 .2942E-01 .3106E+00
.8660E+03 .8662E+00 .8279E+00 .2639E-01 .6606E+00 .6342E+00 .8279E+00 .6379E-01 .8917E+00 .8279E+00 .2639E-01 .2796E+00
.8670E+03 .9038E+00 .8640E+00 .2747E-01 .6893E+00 .6619E+00 .8640E+00 .6652E-01 .9305E+00 .8640E+00 .2747E-01 .2920E+00
.8680E+03 .9833E+00 .9402E+00 .2981E-01 .7501E+00 .7203E+00 .9402E+00 .7233E-01 .1013E+01 .9402E+00 .2981E-01 .3181E+00
.8690E+03 .9627E+00 .9208E+00 .2912E-01 .7345E+00 .7054E+00 .9208E+00 .7078E-01 .9916E+00 .9208E+00 .2912E-01 .3118E+00
.8700E+03 .9901E+00 .9471E+00 .2988E-01 .7554E+00 .7255E+00 .9471E+00 .7275E-01 .1020E+01 .9471E+00 .2988E-01 .3210E+00
.8710E+03 .9766E+00 .9341E+00 .2939E-01 .7450E+00 .7156E+00 .9341E+00 .7170E-01 .1006E+01 .9341E+00 .2939E-01 .3169E+00
.8720E+03 .9729E+00 .9310E+00 .2922E-01 .7424E+00 .7132E+00 .9310E+00 .7141E-01 .1002E+01 .9310E+00 .2922E-01 .3162E+00
.8730E+03 .9709E+00 .9292E+00 .2909E-01 .7409E+00 .7118E+00 .9292E+00 .7122E-01 .1000E+01 .9292E+00 .2909E-01 .3159E+00
.8740E+03 .9593E+00 .9182E+00 .2867E-01 .7321E+00 .7034E+00 .9182E+00 .7028E-01 .9885E+00 .9182E+00 .2867E-01 .3121E+00
.8750E+03 .9401E+00 .8995E+00 .2800E-01 .7171E+00 .6891E+00 .8995E+00 .6875E-01 .9683E+00 .8995E+00 .2800E-01 .3057E+00
.8760E+03 .9502E+00 .9087E+00 .2820E-01 .7243E+00 .6961E+00 .9087E+00 .6937E-01 .9781E+00 .9087E+00 .2820E-01 .3090E+00
.8770E+03 .9594E+00 .9183E+00 .2844E-01 .7319E+00 .7034E+00 .9183E+00 .7006E-01 .9884E+00 .9183E+00 .2844E-01 .3125E+00
.8780E+03 .9708E+00 .9277E+00 .2864E-01 .7393E+00 .7107E+00 .9277E+00 .7071E-01 .9984E+00 .9277E+00 .2864E-01 .3160E+00
.8790E+03 .9556E+00 .9136E+00 .2813E-01 .7280E+00 .6999E+00 .9136E+00 .6959E-01 .9832E+00 .9136E+00 .2813E-01 .3115E+00
.8800E+03 .9350E+00 .8944E+00 .2747E-01 .7126E+00 .6851E+00 .8944E+00 .6807E-01 .9624E+00 .8944E+00 .2747E-01 .3052E+00
.8810E+03 .9237E+00 .8796E+00 .2691E-01 .7007E+00 .6738E+00 .8796E+00 .6687E-01 .9465E+00 .8796E+00 .2691E-01 .3006E+00
.8820E+03 .9442E+00 .8988E+00 .2742E-01 .7159E+00 .6885E+00 .8988E+00 .6831E-01 .9671E+00 .8988E+00 .2742E-01 .3077E+00
.8830E+03 .9454E+00 .9018E+00 .2748E-01 .7183E+00 .6908E+00 .9018E+00 .6856E-01 .9704E+00 .9018E+00 .2748E-01 .3094E+00
.8840E+03 .9416E+00 .8981E+00 .2728E-01 .7153E+00 .6880E+00 .8981E+00 .6818E-01 .9663E+00 .8981E+00 .2728E-01 .3080E+00
.8850E+03 .9486E+00 .9050E+00 .2741E-01 .7207E+00 .6933E+00 .9050E+00 .6861E-01 .9736E+00 .9050E+00 .2741E-01 .3104E+00
.8860E+03 .9132E+00 .8591E+00 .2582E-01 .6839E+00 .6581E+00 .8591E+00 .6492E-01 .9240E+00 .8591E+00 .2582E-01 .2949E+00
.8870E+03 .9164E+00 .8708E+00 .2621E-01 .6933E+00 .6671E+00 .8708E+00 .6593E-01 .9367E+00 .8708E+00 .2621E-01 .2996E+00
.8880E+03 .9363E+00 .8809E+00 .2637E-01 .7011E+00 .6748E+00 .8809E+00 .6657E-01 .9474E+00 .8809E+00 .2637E-01 .3035E+00
.8890E+03 .9366E+00 .8954E+00 .2687E-01 .7128E+00 .6859E+00 .8954E+00 .6776E-01 .9632E+00 .8954E+00 .2687E-01 .3085E+00
.8900E+03 .9393E+00 .8835E+00 .2628E-01 .7031E+00 .6768E+00 .8835E+00 .6657E-01 .9501E+00 .8835E+00 .2628E-01 .3043E+00
.8910E+03 .9322E+00 .8831E+00 .2627E-01 .7027E+00 .6765E+00 .8831E+00 .6659E-01 .9497E+00 .8831E+00 .2627E-01 .3046E+00
.8920E+03 .9173E+00 .8543E+00 .2519E-01 .6796E+00 .6544E+00 .8543E+00 .6421E-01 .9185E+00 .8543E+00 .2519E-01 .2952E+00
.8930E+03 .9118E+00 .8229E+00 .2402E-01 .6544E+00 .6304E+00 .8229E+00 .6160E-01 .8845E+00 .8229E+00 .2402E-01 .2847E+00
.8940E+03 .9140E+00 .7815E+00 .2233E-01 .6210E+00 .5987E+00 .7815E+00 .5792E-01 .8394E+00 .7815E+00 .2233E-01 .2703E+00
.8950E+03 .9104E+00 .7264E+00 .2022E-01 .5767E+00 .5565E+00 .7264E+00 .5319E-01 .7796E+00 .7264E+00 .2022E-01 .2510E+00
.8960E+03 .9238E+00 .6760E+00 .1846E-01 .5363E+00 .5178E+00 .6760E+00 .4908E-01 .7251E+00 .6760E+00 .1846E-01 .2337E+00
.8970E+03 .9099E+00 .5684E+00 .1489E-01 .4503E+00 .4354E+00 .5684E+00 .4052E-01 .6089E+00 .5684E+00 .1489E-01 .1966E+00
.8980E+03 .9137E+00 .6362E+00 .1705E-01 .5044E+00 .4873E+00 .6362E+00 .4584E-01 .6820E+00 .6362E+00 .1705E-01 .2203E+00
.8990E+03 .9110E+00 .4833E+00 .1229E-01 .3825E+00 .3702E+00 .4833E+00 .3404E-01 .5173E+00 .4833E+00 .1229E-01 .1674E+00
.9000E+03 .8902E+00 .6667E+00 .1820E-01 .5289E+00 .5107E+00 .6667E+00 .4852E-01 .7152E+00 .6667E+00 .1820E-01 .2315E+00
.9010E+03 .8596E+00 .4901E+00 .1233E-01 .3877E+00 .3754E+00 .4901E+00 .3441E-01 .5245E+00 .4901E+00 .1233E-01 .1701E+00
.9020E+03 .8684E+00 .6068E+00 .1621E-01 .4811E+00 .4648E+00 .6068E+00 .4381E-01 .6506E+00 .6068E+00 .1621E-01 .2114E+00
.9030E+03 .9014E+00 .6127E+00 .1613E-01 .4855E+00 .4694E+00 .6127E+00 .4398E-01 .6567E+00 .6127E+00 .1613E-01 .2136E+00
.9040E+03 .9104E+00 .7809E+00 .2176E-01 .6199E+00 .5982E+00 .7809E+00 .5752E-01 .8384E+00 .7809E+00 .2176E-01 .2725E+00
.9050E+03 .9078E+00 .7499E+00 .2063E-01 .5951E+00 .5745E+00 .7499E+00 .5491E-01 .8049E+00 .7499E+00 .2063E-01 .2617E+00
.9060E+03 .8868E+00 .7001E+00 .1905E-01 .5553E+00 .5363E+00 .7001E+00 .5106E-01 .7511E+00 .7001E+00 .1905E-01 .2446E+00
.9070E+03 .8940E+00 .5623E+00 .1444E-01 .4452E+00 .4307E+00 .5623E+00 .4000E-01 .6023E+00 .5623E+00 .1444E-01 .1967E+00
.9080E+03 .8783E+00 .5678E+00 .1461E-01 .4496E+00 .4350E+00 .5678E+00 .4046E-01 .6083E+00 .5678E+00 .1461E-01 .1989E+00
.9090E+03 .8604E+00 .6184E+00 .1627E-01 .4900E+00 .4737E+00 .6184E+00 .4450E-01 .6629E+00 .6184E+00 .1627E-01 .2167E+00
.9100E+03 .8774E+00 .5317E+00 .1336E-01 .4206E+00 .4073E+00 .5317E+00 .3749E-01 .5692E+00 .5317E+00 .1336E-01 .1861E+00
.9110E+03 .8728E+00 .5749E+00 .1484E-01 .4553E+00 .4404E+00 .5749E+00 .4107E-01 .6160E+00 .5749E+00 .1484E-01 .2017E+00
.9120E+03 .8740E+00 .6075E+00 .1570E-01 .4811E+00 .4654E+00 .6075E+00 .4346E-01 .6510E+00 .6075E+00 .1570E-01 .2135E+00
.9130E+03 .8932E+00 .5365E+00 .1334E-01 .4243E+00 .4110E+00 .5365E+00 .3777E-01 .5743E+00 .5365E+00 .1334E-01 .1886E+00
.9140E+03 .8826E+00 .5335E+00 .1322E-01 .4219E+00 .4087E+00 .5335E+00 .3750E-01 .5710E+00 .5335E+00 .1322E-01 .1876E+00
.9150E+03 .8753E+00 .5732E+00 .1430E-01 .4534E+00 .4391E+00 .5732E+00 .4042E-01 .6136E+00 .5732E+00 .1430E-01 .2015E+00
.9160E+03 .8791E+00 .4858E+00 .1181E-01 .3839E+00 .3721E+00 .4858E+00 .3390E-01 .5197E+00 .4858E+00 .1181E-01 .1711E+00
.9170E+03 .8667E+00 .6306E+00 .1617E-01 .4993E+00 .4831E+00 .6306E+00 .4510E-01 .6757E+00 .6306E+00 .1617E-01 .2227E+00
.9180E+03 .8709E+00 .4915E+00 .1185E-01 .3883E+00 .3765E+00 .4915E+00 .3424E-01 .5257E+00 .4915E+00 .1185E-01 .1735E+00
.9190E+03 .8739E+00 .6519E+00 .1684E-01 .5162E+00 .4994E+00 .6519E+00 .4680E-01 .6987E+00 .6519E+00 .1684E-01 .2305E+00
.9200E+03 .8632E+00 .6570E+00 .1717E-01 .5205E+00 .5033E+00 .6570E+00 .4740E-01 .7044E+00 .6570E+00 .1717E-01 .2324E+00
.9210E+03 .8416E+00 .6943E+00 .1832E-01 .5502E+00 .5319E+00 .6943E+00 .5037E-01 .7447E+00 .6943E+00 .1832E-01 .2460E+00
.9220E+03 .8384E+00 .6085E+00 .1554E-01 .4817E+00 .4661E+00 .6085E+00 .4357E-01 .6521E+00 .6085E+00 .1554E-01 .2159E+00
.9230E+03 .8153E+00 .6739E+00 .1776E-01 .5340E+00 .5162E+00 .6739E+00 .4895E-01 .7229E+00 .6739E+00 .1776E-01 .2395E+00
.9240E+03 .8412E+00 .6188E+00 .1563E-01 .4896E+00 .4740E+00 .6188E+00 .4412E-01 .6629E+00 .6188E+00 .1563E-01 .2197E+00
.9250E+03 .8410E+00 .6099E+00 .1540E-01 .4826E+00 .4672E+00 .6099E+00 .4347E-01 .6534E+00 .6099E+00 .1540E-01 .2166E+00
.9260E+03 .8302E+00 .6111E+00 .1533E-01 .4835E+00 .4682E+00 .6111E+00 .4349E-01 .6546E+00 .6111E+00 .1533E-01 .2174E+00
.9270E+03 .8567E+00 .6966E+00 .1789E-01 .5515E+00 .5337E+00 .6966E+00 .5014E-01 .7468E+00 .6966E+00 .1789E-01 .2484E+00
.9280E+03 .8581E+00 .4756E+00 .1098E-01 .3753E+00 .3643E+00 .4756E+00 .3275E-01 .5083E+00 .4756E+00 .1098E-01 .1695E+00
.9290E+03 .8467E+00 .4181E+00 .9302E-02 .3296E+00 .3203E+00 .4181E+00 .2837E-01 .4465E+00 .4181E+00 .9302E-02 .1490E+00
.9300E+03 .8511E+00 .3371E+00 .7098E-02 .2653E+00 .2582E+00 .3371E+00 .2240E-01 .3595E+00 .3371E+00 .7098E-02 .1201E+00
.9310E+03 .8511E+00 .3177E+00 .6606E-02 .2500E+00 .2434E+00 .3177E+00 .2102E-01 .3387E+00 .3177E+00 .6606E-02 .1133E+00
.9320E+03 .8466E+00 .2190E+00 .4113E-02 .1719E+00 .1678E+00 .2190E+00 .1396E-01 .2329E+00 .2190E+00 .4113E-02 .7803E-01
.9330E+03 .8498E+00 .1753E+00 .3117E-02 .1374E+00 .1343E+00 .1753E+00 .1096E-01 .1863E+00 .1753E+00 .3117E-02 .6244E-01
.9340E+03 .8477E+00 .8892E-01 .1275E-02 .6939E-01 .6812E-01 .8892E-01 .5185E-02 .9411E-01 .8892E-01 .1275E-02 .3155E-01
.9350E+03 .8377E+00 .1941E+00 .3590E-02 .1523E+00 .1487E+00 .1941E+00 .1231E-01 .2064E+00 .1941E+00 .3590E-02 .6918E-01
.9360E+03 .8335E+00 .1131E+00 .1843E-02 .8850E-01 .8666E-01 .1131E+00 .6877E-02 .1200E+00 .1131E+00 .1843E-02 .4031E-01
.9370E+03 .8395E+00 .1190E+00 .1955E-02 .9313E-01 .9118E-01 .1190E+00 .7264E-02 .1263E+00 .1190E+00 .1955E-02 .4250E-01
.9380E+03 .8388E+00 .1477E+00 .2517E-02 .1157E+00 .1132E+00 .1477E+00 .9131E-02 .1569E+00 .1477E+00 .2517E-02 .5282E-01
.9390E+03 .8327E+00 .3190E+00 .6553E-02 .2509E+00 .2444E+00 .3190E+00 .2109E-01 .3401E+00 .3190E+00 .6553E-02 .1144E+00
.9400E+03 .8229E+00 .3857E+00 .8275E-02 .3038E+00 .2955E+00 .3857E+00 .2593E-01 .4117E+00 .3857E+00 .8275E-02 .1385E+00
.9410E+03 .7930E+00 .2818E+00 .5607E-02 .2215E+00 .2159E+00 .2818E+00 .1841E-01 .3002E+00 .2818E+00 .5607E-02 .1010E+00
.9420E+03 .8095E+00 .3322E+00 .6812E-02 .2613E+00 .2545E+00 .3322E+00 .2195E-01 .3542E+00 .3322E+00 .6812E-02 .1191E+00
.9430E+03 .8194E+00 .2247E+00 .4263E-02 .1764E+00 .1722E+00 .2247E+00 .1443E-01 .2392E+00 .2247E+00 .4263E-02 .8056E-01
.9440E+03 .8084E+00 .2455E+00 .4915E-02 .1929E+00 .1880E+00 .2455E+00 .1609E-01 .2615E+00 .2455E+00 .4915E-02 .8818E-01
.9450E+03 .8165E+00 .2921E+00 .5822E-02 .2296E+00 .2238E+00 .2921E+00 .1912E-01 .3112E+00 .2921E+00 .5822E-02 .1050E+00
.9460E+03 .8194E+00 .1433E+00 .2437E-02 .1122E+00 .1098E+00 .1433E+00 .8868E-02 .1522E+00 .1433E+00 .2437E-02 .5137E-01
.9470E+03 .8212E+00 .2861E+00 .5575E-02 .2247E+00 .2191E+00 .2861E+00 .1857E-01 .3046E+00 .2861E+00 .5575E-02 .1027E+00
.9480E+03 .8219E+00 .2207E+00 .4209E-02 .1733E+00 .1691E+00 .2207E+00 .1422E-01 .2349E+00 .2207E+00 .4209E-02 .7933E-01
.9490E+03 .8212E+00 .4030E+00 .8412E-02 .3171E+00 .3087E+00 .4030E+00 .2688E-01 .4299E+00 .4030E+00 .8412E-02 .1451E+00
.9500E+03 .8154E+00 .9890E-01 .1528E-02 .7729E-01 .7576E-01 .9890E-01 .5941E-02 .1048E+00 .9890E-01 .1528E-02 .3548E-01
.9510E+03 .8110E+00 .3957E+00 .8217E-02 .3114E+00 .3031E+00 .3957E+00 .2635E-01 .4221E+00 .3957E+00 .8217E-02 .1426E+00
.9520E+03 .8117E+00 .1956E+00 .3506E-02 .1534E+00 .1499E+00 .1956E+00 .1235E-01 .2080E+00 .1956E+00 .3506E-02 .7034E-01
.9530E+03 .8043E+00 .2636E+00 .5050E-02 .2070E+00 .2019E+00 .2636E+00 .1704E-01 .2806E+00 .2636E+00 .5050E-02 .9495E-01
.9540E+03 .7797E+00 .3284E+00 .6639E-02 .2582E+00 .2516E+00 .3284E+00 .2167E-01 .3501E+00 .3284E+00 .6639E-02 .1185E+00
.9550E+03 .7665E+00 .2653E+00 .5102E-02 .2083E+00 .2032E+00 .2653E+00 .1720E-01 .2825E+00 .2653E+00 .5102E-02 .9574E-01
.9560E+03 .7989E+00 .2676E+00 .5428E-02 .2104E+00 .2050E+00 .2676E+00 .1769E-01 .2853E+00 .2676E+00 .5428E-02 .9669E-01
.9570E+03 .7927E+00 .1924E+00 .3354E-02 .1507E+00 .1474E+00 .1924E+00 .1205E-01 .2044E+00 .1924E+00 .3354E-02 .6931E-01
.9580E+03 .8013E+00 .3912E+00 .8363E-02 .3081E+00 .2997E+00 .3912E+00 .2639E-01 .4176E+00 .3912E+00 .8363E-02 .1415E+00
.9590E+03 .8021E+00 .3025E+00 .6019E-02 .2377E+00 .2317E+00 .3025E+00 .1985E-01 .3223E+00 .3025E+00 .6019E-02 .1092E+00
.9600E+03 .7908E+00 .3293E+00 .6569E-02 .2588E+00 .2523E+00 .3293E+00 .2164E-01 .3509E+00 .3293E+00 .6569E-02 .1189E+00
.9610E+03 .7946E+00 .3829E+00 .7983E-02 .3013E+00 .2933E+00 .3829E+00 .2558E-01 .4084E+00 .3829E+00 .7983E-02 .1384E+00
.9620E+03 .7878E+00 .3660E+00 .7600E-02 .2880E+00 .2804E+00 .3660E+00 .2441E-01 .3904E+00 .3660E+00 .7600E-02 .1323E+00
.9630E+03 .7839E+00 .4295E+00 .9253E-02 .3382E+00 .3290E+00 .4295E+00 .2907E-01 .4585E+00 .4295E+00 .9253E-02 .1554E+00
.9640E+03 .7836E+00 .3899E+00 .8243E-02 .3069E+00 .2987E+00 .3899E+00 .2621E-01 .4161E+00 .3899E+00 .8243E-02 .1412E+00
.9650E+03 .7805E+00 .4242E+00 .9051E-02 .3340E+00 .3249E+00 .4242E+00 .2863E-01 .4528E+00 .4242E+00 .9051E-02 .1537E+00
.9660E+03 .7742E+00 .4101E+00 .8591E-02 .3228E+00 .3142E+00 .4101E+00 .2749E-01 .4376E+00 .4101E+00 .8591E-02 .1485E+00
.9670E+03 .7809E+00 .4055E+00 .8433E-02 .3191E+00 .3106E+00 .4055E+00 .2710E-01 .4326E+00 .4055E+00 .8433E-02 .1469E+00
.9680E+03 .7798E+00 .5963E+00 .1391E-01 .4707E+00 .4568E+00 .5963E+00 .4172E-01 .6380E+00 .5963E+00 .1391E-01 .2166E+00
.9690E+03 .7793E+00 .6115E+00 .1410E-01 .4825E+00 .4684E+00 .6115E+00 .4262E-01 .6541E+00 .6115E+00 .1410E-01 .2222E+00
.9700E+03 .7785E+00 .5538E+00 .1249E-01 .4367E+00 .4243E+00 .5538E+00 .3827E-01 .5921E+00 .5538E+00 .1249E-01 .2014E+00
.9710E+03 .7761E+00 .6595E+00 .1558E-01 .5208E+00 .5052E+00 .6595E+00 .4645E-01 .7060E+00 .6595E+00 .1558E-01 .2400E+00
.9720E+03 .7779E+00 .6326E+00 .1481E-01 .4994E+00 .4846E+00 .6326E+00 .4439E-01 .6770E+00 .6326E+00 .1481E-01 .2302E+00
.9730E+03 .7697E+00 .5204E+00 .1143E-01 .4100E+00 .3986E+00 .5204E+00 .3558E-01 .5559E+00 .5204E+00 .1143E-01 .1891E+00
.9740E+03 .7603E+00 .5006E+00 .1102E-01 .3945E+00 .3834E+00 .5006E+00 .3425E-01 .5348E+00 .5006E+00 .1102E-01 .1819E+00
.9750E+03 .7695E+00 .5325E+00 .1189E-01 .4198E+00 .4079E+00 .5325E+00 .3665E-01 .5691E+00 .5325E+00 .1189E-01 .1936E+00
.9760E+03 .7652E+00 .4872E+00 .1049E-01 .3837E+00 .3732E+00 .4872E+00 .3308E-01 .5203E+00 .4872E+00 .1049E-01 .1772E+00
.9770E+03 .7635E+00 .5698E+00 .1287E-01 .4494E+00 .4365E+00 .5698E+00 .3945E-01 .6093E+00 .5698E+00 .1287E-01 .2076E+00
.9780E+03 .7624E+00 .5342E+00 .1177E-01 .4210E+00 .4092E+00 .5342E+00 .3662E-01 .5708E+00 .5342E+00 .1177E-01 .1946E+00
.9790E+03 .7560E+00 .5655E+00 .1264E-01 .4458E+00 .4332E+00 .5655E+00 .3899E-01 .6045E+00 .5655E+00 .1264E-01 .2060E+00
.9800E+03 .7599E+00 .5251E+00 .1155E-01 .4138E+00 .4023E+00 .5251E+00 .3598E-01 .5611E+00 .5251E+00 .1155E-01 .1913E+00
.9810E+03 .7640E+00 .6572E+00 .1522E-01 .5186E+00 .5034E+00 .6572E+00 .4597E-01 .7031E+00 .6572E+00 .1522E-01 .2395E+00
.9820E+03 .7614E+00 .6184E+00 .1405E-01 .4878E+00 .4737E+00 .6184E+00 .4292E-01 .6614E+00 .6184E+00 .1405E-01 .2253E+00
.9830E+03 .7559E+00 .5878E+00 .1319E-01 .4635E+00 .4503E+00 .5878E+00 .4061E-01 .6284E+00 .5878E+00 .1319E-01 .2143E+00
.9840E+03 .7549E+00 .6853E+00 .1605E-01 .5410E+00 .5250E+00 .6853E+00 .4820E-01 .7335E+00 .6853E+00 .1605E-01 .2503E+00
.9850E+03 .7555E+00 .6137E+00 .1383E-01 .4840E+00 .4701E+00 .6137E+00 .4251E-01 .6562E+00 .6137E+00 .1383E-01 .2241E+00
.9860E+03 .7499E+00 .7012E+00 .1650E-01 .5536E+00 .5371E+00 .7012E+00 .4943E-01 .7506E+00 .7012E+00 .1650E-01 .2563E+00
.9870E+03 .7484E+00 .6825E+00 .1587E-01 .5387E+00 .5228E+00 .6825E+00 .4789E-01 .7304E+00 .6825E+00 .1587E-01 .2494E+00
.9880E+03 .7494E+00 .6819E+00 .1583E-01 .5382E+00 .5223E+00 .6819E+00 .4783E-01 .7297E+00 .6819E+00 .1583E-01 .2493E+00
.9890E+03 .7376E+00 .7043E+00 .1659E-01 .5561E+00 .5395E+00 .7043E+00 .4973E-01 .7540E+00 .7043E+00 .1659E-01 .2578E+00
.9900E+03 .7407E+00 .6776E+00 .1566E-01 .5348E+00 .5191E+00 .6776E+00 .4749E-01 .7251E+00 .6776E+00 .1566E-01 .2481E+00
.9910E+03 .7420E+00 .7065E+00 .1655E-01 .5578E+00 .5412E+00 .7065E+00 .4979E-01 .7563E+00 .7065E+00 .1655E-01 .2587E+00
.9920E+03 .7443E+00 .7116E+00 .1665E-01 .5617E+00 .5451E+00 .7116E+00 .5012E-01 .7617E+00 .7116E+00 .1665E-01 .2606E+00
.9930E+03 .7423E+00 .6891E+00 .1592E-01 .5438E+00 .5279E+00 .6891E+00 .4831E-01 .7374E+00 .6891E+00 .1592E-01 .2525E+00
.9940E+03 .7423E+00 .7125E+00 .1663E-01 .5624E+00 .5458E+00 .7125E+00 .5019E-01 .7626E+00 .7125E+00 .1663E-01 .2614E+00
.9950E+03 .7390E+00 .7126E+00 .1663E-01 .5625E+00 .5459E+00 .7126E+00 .5022E-01 .7628E+00 .7126E+00 .1663E-01 .2616E+00
.9960E+03 .7384E+00 .7079E+00 .1644E-01 .5587E+00 .5423E+00 .7079E+00 .4979E-01 .7577E+00 .7079E+00 .1644E-01 .2599E+00
.9970E+03 .7381E+00 .7098E+00 .1646E-01 .5602E+00 .5437E+00 .7098E+00 .4990E-01 .7597E+00 .7098E+00 .1646E-01 .2605E+00
.9980E+03 .7356E+00 .7065E+00 .1635E-01 .5576E+00 .5412E+00 .7065E+00 .4965E-01 .7562E+00 .7065E+00 .1635E-01 .2596E+00
.9990E+03 .7322E+00 .7039E+00 .1626E-01 .5555E+00 .5392E+00 .7039E+00 .4946E-01 .7534E+00 .7039E+00 .1626E-01 .2589E+00
.1000E+04 .7312E+00 .6971E+00 .1602E-01 .5500E+00 .5340E+00 .6971E+00 .4890E-01 .7460E+00 .6971E+00 .1602E-01 .2566E+00
.1001E+04 .7357E+00 .7080E+00 .1629E-01 .5587E+00 .5424E+00 .7080E+00 .4972E-01 .7578E+00 .7080E+00 .1629E-01 .2608E+00
.1002E+04 .7325E+00 .6818E+00 .1546E-01 .5377E+00 .5223E+00 .6818E+00 .4762E-01 .7294E+00 .6818E+00 .1546E-01 .2512E+00
.1003E+04 .7238E+00 .6950E+00 .1591E-01 .5483E+00 .5324E+00 .6950E+00 .4873E-01 .7438E+00 .6950E+00 .1591E-01 .2562E+00
.1004E+04 .7105E+00 .6766E+00 .1540E-01 .5337E+00 .5183E+00 .6766E+00 .4733E-01 .7239E+00 .6766E+00 .1540E-01 .2493E+00
.1005E+04 .6783E+00 .6542E+00 .1493E-01 .5160E+00 .5011E+00 .6542E+00 .4581E-01 .7000E+00 .6542E+00 .1493E-01 .2411E+00
.1006E+04 .7083E+00 .6784E+00 .1541E-01 .5351E+00 .5197E+00 .6784E+00 .4742E-01 .7259E+00 .6784E+00 .1541E-01 .2500E+00
.1007E+04 .7213E+00 .6938E+00 .1574E-01 .5472E+00 .5315E+00 .6938E+00 .4847E-01 .7423E+00 .6938E+00 .1574E-01 .2557E+00
.1008E+04 .7208E+00 .6884E+00 .1555E-01 .5429E+00 .5274E+00 .6884E+00 .4804E-01 .7365E+00 .6884E+00 .1555E-01 .2539E+00
.1009E+04 .7204E+00 .6837E+00 .1537E-01 .5391E+00 .5237E+00 .6837E+00 .4765E-01 .7313E+00 .6837E+00 .1537E-01 .2524E+00
.1010E+04 .7193E+00 .6800E+00 .1523E-01 .5361E+00 .5209E+00 .6800E+00 .4734E-01 .7273E+00 .6800E+00 .1523E-01 .2511E+00
.1011E+04 .7172E+00 .6906E+00 .1554E-01 .5446E+00 .5290E+00 .6906E+00 .4817E-01 .7388E+00 .6906E+00 .1554E-01 .2551E+00
.1012E+04 .7146E+00 .6833E+00 .1530E-01 .5388E+00 .5235E+00 .6833E+00 .4757E-01 .7309E+00 .6833E+00 .1530E-01 .2523E+00
.1013E+04 .7146E+00 .6896E+00 .1546E-01 .5437E+00 .5283E+00 .6896E+00 .4806E-01 .7377E+00 .6896E+00 .1546E-01 .2549E+00
.1014E+04 .7096E+00 .6849E+00 .1532E-01 .5400E+00 .5246E+00 .6849E+00 .4773E-01 .7326E+00 .6849E+00 .1532E-01 .2534E+00
.1015E+04 .7055E+00 .6801E+00 .1518E-01 .5362E+00 .5210E+00 .6801E+00 .4736E-01 .7274E+00 .6801E+00 .1518E-01 .2518E+00
.1016E+04 .7028E+00 .6770E+00 .1507E-01 .5337E+00 .5186E+00 .6770E+00 .4710E-01 .7241E+00 .6770E+00 .1507E-01 .2506E+00
.1017E+04 .7050E+00 .6785E+00 .1506E-01 .5348E+00 .5197E+00 .6785E+00 .4714E-01 .7256E+00 .6785E+00 .1506E-01 .2511E+00
.1018E+04 .7004E+00 .6770E+00 .1502E-01 .5336E+00 .5186E+00 .6770E+00 .4703E-01 .7240E+00 .6770E+00 .1502E-01 .2506E+00
.1019E+04 .6919E+00 .6599E+00 .1454E-01 .5201E+00 .5055E+00 .6599E+00 .4572E-01 .7057E+00 .6599E+00 .1454E-01 .2442E+00
.1020E+04 .6977E+00 .6732E+00 .1486E-01 .5305E+00 .5157E+00 .6732E+00 .4667E-01 .7198E+00 .6732E+00 .1486E-01 .2491E+00
.1021E+04 .6956E+00 .6727E+00 .1483E-01 .5302E+00 .5153E+00 .6727E+00 .4661E-01 .7193E+00 .6727E+00 .1483E-01 .2490E+00
.1022E+04 .6925E+00 .6667E+00 .1464E-01 .5254E+00 .5107E+00 .6667E+00 .4613E-01 .7129E+00 .6667E+00 .1464E-01 .2467E+00
.1023E+04 .7005E+00 .6736E+00 .1475E-01 .5307E+00 .5160E+00 .6736E+00 .4659E-01 .7202E+00 .6736E+00 .1475E-01 .2495E+00
.1024E+04 .6981E+00 .6618E+00 .1439E-01 .5214E+00 .5070E+00 .6618E+00 .4567E-01 .7075E+00 .6618E+00 .1439E-01 .2454E+00
.1025E+04 .6976E+00 .6743E+00 .1473E-01 .5313E+00 .5166E+00 .6743E+00 .4664E-01 .7210E+00 .6743E+00 .1473E-01 .2501E+00
.1026E+04 .6962E+00 .6709E+00 .1461E-01 .5286E+00 .5140E+00 .6709E+00 .4634E-01 .7173E+00 .6709E+00 .1461E-01 .2488E+00
.1027E+04 .6944E+00 .6695E+00 .1455E-01 .5274E+00 .5129E+00 .6695E+00 .4621E-01 .7157E+00 .6695E+00 .1455E-01 .2483E+00
.1028E+04 .6935E+00 .6680E+00 .1448E-01 .5262E+00 .5117E+00 .6680E+00 .4609E-01 .7141E+00 .6680E+00 .1448E-01 .2480E+00
.1029E+04 .6858E+00 .6600E+00 .1427E-01 .5198E+00 .5056E+00 .6600E+00 .4551E-01 .7055E+00 .6600E+00 .1427E-01 .2452E+00
.1030E+04 .6881E+00 .6659E+00 .1440E-01 .5245E+00 .5101E+00 .6659E+00 .4593E-01 .7118E+00 .6659E+00 .1440E-01 .2475E+00
.1031E+04 .6864E+00 .6627E+00 .1429E-01 .5220E+00 .5077E+00 .6627E+00 .4566E-01 .7084E+00 .6627E+00 .1429E-01 .2463E+00
.1032E+04 .6836E+00 .6616E+00 .1424E-01 .5211E+00 .5068E+00 .6616E+00 .4556E-01 .7072E+00 .6616E+00 .1424E-01 .2458E+00
.1033E+04 .6734E+00 .6517E+00 .1400E-01 .5132E+00 .4992E+00 .6517E+00 .4483E-01 .6965E+00 .6517E+00 .1400E-01 .2421E+00
.1034E+04 .6732E+00 .6521E+00 .1398E-01 .5135E+00 .4995E+00 .6521E+00 .4483E-01 .6969E+00 .6521E+00 .1398E-01 .2423E+00
.1035E+04 .6753E+00 .6544E+00 .1400E-01 .5153E+00 .5013E+00 .6544E+00 .4496E-01 .6994E+00 .6544E+00 .1400E-01 .2431E+00
.1036E+04 .6795E+00 .6576E+00 .1403E-01 .5178E+00 .5038E+00 .6576E+00 .4513E-01 .7027E+00 .6576E+00 .1403E-01 .2443E+00
.1037E+04 .6682E+00 .6472E+00 .1378E-01 .5095E+00 .4958E+00 .6472E+00 .4439E-01 .6916E+00 .6472E+00 .1378E-01 .2405E+00
.1038E+04 .6714E+00 .6503E+00 .1382E-01 .5120E+00 .4981E+00 .6503E+00 .4459E-01 .6949E+00 .6503E+00 .1382E-01 .2418E+00
.1039E+04 .6714E+00 .6500E+00 .1378E-01 .5117E+00 .4979E+00 .6500E+00 .4456E-01 .6945E+00 .6500E+00 .1378E-01 .2419E+00
.1040E+04 .6688E+00 .6476E+00 .1370E-01 .5098E+00 .4961E+00 .6476E+00 .4437E-01 .6920E+00 .6476E+00 .1370E-01 .2411E+00
.1041E+04 .6720E+00 .6503E+00 .1373E-01 .5119E+00 .4982E+00 .6503E+00 .4451E-01 .6948E+00 .6503E+00 .1373E-01 .2421E+00
.1042E+04 .6674E+00 .6461E+00 .1361E-01 .5085E+00 .4949E+00 .6461E+00 .4420E-01 .6903E+00 .6461E+00 .1361E-01 .2406E+00
.1043E+04 .6656E+00 .6442E+00 .1354E-01 .5071E+00 .4935E+00 .6442E+00 .4406E-01 .6883E+00 .6442E+00 .1354E-01 .2401E+00
.1044E+04 .6683E+00 .6467E+00 .1357E-01 .5090E+00 .4954E+00 .6467E+00 .4422E-01 .6909E+00 .6467E+00 .1357E-01 .2412E+00
.1045E+04 .6596E+00 .6381E+00 .1336E-01 .5022E+00 .4888E+00 .6381E+00 .4360E-01 .6817E+00 .6381E+00 .1336E-01 .2380E+00
.1046E+04 .6527E+00 .6313E+00 .1318E-01 .4968E+00 .4836E+00 .6313E+00 .4310E-01 .6744E+00 .6313E+00 .1318E-01 .2355E+00
.1047E+04 .6590E+00 .6372E+00 .1328E-01 .5014E+00 .4881E+00 .6372E+00 .4347E-01 .6807E+00 .6372E+00 .1328E-01 .2377E+00
.1048E+04 .6631E+00 .6409E+00 .1332E-01 .5043E+00 .4910E+00 .6409E+00 .4371E-01 .6846E+00 .6409E+00 .1332E-01 .2393E+00
.1049E+04 .6612E+00 .6385E+00 .1324E-01 .5024E+00 .4891E+00 .6385E+00 .4354E-01 .6821E+00 .6385E+00 .1324E-01 .2386E+00
.1050E+04 .6587E+00 .6358E+00 .1316E-01 .5002E+00 .4870E+00 .6358E+00 .4332E-01 .6791E+00 .6358E+00 .1316E-01 .2377E+00
.1051E+04 .6584E+00 .6355E+00 .1312E-01 .5000E+00 .4868E+00 .6355E+00 .4327E-01 .6788E+00 .6355E+00 .1312E-01 .2376E+00
.1052E+04 .6563E+00 .6331E+00 .1304E-01 .4980E+00 .4850E+00 .6331E+00 .4308E-01 .6762E+00 .6331E+00 .1304E-01 .2367E+00
.1053E+04 .6518E+00 .6285E+00 .1292E-01 .4944E+00 .4815E+00 .6285E+00 .4275E-01 .6712E+00 .6285E+00 .1292E-01 .2352E+00
.1054E+04 .6540E+00 .6304E+00 .1293E-01 .4958E+00 .4829E+00 .6304E+00 .4287E-01 .6732E+00 .6304E+00 .1293E-01 .2361E+00
.1055E+04 .6553E+00 .6311E+00 .1291E-01 .4964E+00 .4835E+00 .6311E+00 .4289E-01 .6740E+00 .6311E+00 .1291E-01 .2364E+00
.1056E+04 .6540E+00 .6294E+00 .1284E-01 .4950E+00 .4821E+00 .6294E+00 .4273E-01 .6721E+00 .6294E+00 .1284E-01 .2358E+00
.1057E+04 .6528E+00 .6279E+00 .1279E-01 .4938E+00 .4810E+00 .6279E+00 .4260E-01 .6705E+00 .6279E+00 .1279E-01 .2353E+00
.1058E+04 .6376E+00 .6129E+00 .1245E-01 .4819E+00 .4695E+00 .6129E+00 .4157E-01 .6544E+00 .6129E+00 .1245E-01 .2298E+00
.1059E+04 .6393E+00 .6138E+00 .1244E-01 .4826E+00 .4702E+00 .6138E+00 .4163E-01 .6554E+00 .6138E+00 .1244E-01 .2304E+00
.1060E+04 .6388E+00 .6133E+00 .1240E-01 .4822E+00 .4698E+00 .6133E+00 .4157E-01 .6549E+00 .6133E+00 .1240E-01 .2302E+00
.1061E+04 .6386E+00 .6128E+00 .1236E-01 .4818E+00 .4694E+00 .6128E+00 .4149E-01 .6543E+00 .6128E+00 .1236E-01 .2300E+00
.1062E+04 .6430E+00 .6159E+00 .1239E-01 .4842E+00 .4718E+00 .6159E+00 .4167E-01 .6575E+00 .6159E+00 .1239E-01 .2312E+00
.1063E+04 .6374E+00 .6098E+00 .1224E-01 .4794E+00 .4672E+00 .6098E+00 .4125E-01 .6511E+00 .6098E+00 .1224E-01 .2291E+00
.1064E+04 .6446E+00 .6179E+00 .1239E-01 .4857E+00 .4733E+00 .6179E+00 .4180E-01 .6597E+00 .6179E+00 .1239E-01 .2324E+00
.1065E+04 .6423E+00 .6125E+00 .1223E-01 .4814E+00 .4692E+00 .6125E+00 .4138E-01 .6539E+00 .6125E+00 .1223E-01 .2304E+00
.1066E+04 .6278E+00 .6014E+00 .1200E-01 .4727E+00 .4607E+00 .6014E+00 .4062E-01 .6420E+00 .6014E+00 .1200E-01 .2262E+00
.1067E+04 .6365E+00 .6083E+00 .1210E-01 .4781E+00 .4660E+00 .6083E+00 .4104E-01 .6493E+00 .6083E+00 .1210E-01 .2288E+00
.1068E+04 .6244E+00 .5945E+00 .1179E-01 .4672E+00 .4554E+00 .5945E+00 .4006E-01 .6346E+00 .5945E+00 .1179E-01 .2236E+00
.1069E+04 .6040E+00 .5748E+00 .1137E-01 .4517E+00 .4403E+00 .5748E+00 .3870E-01 .6135E+00 .5748E+00 .1137E-01 .2162E+00
.1070E+04 .6266E+00 .5919E+00 .1165E-01 .4650E+00 .4534E+00 .5919E+00 .3978E-01 .6316E+00 .5919E+00 .1165E-01 .2226E+00
.1071E+04 .6301E+00 .6040E+00 .1193E-01 .4746E+00 .4627E+00 .6040E+00 .4065E-01 .6446E+00 .6040E+00 .1193E-01 .2271E+00
.1072E+04 .6276E+00 .5936E+00 .1164E-01 .4663E+00 .4547E+00 .5936E+00 .3985E-01 .6334E+00 .5936E+00 .1164E-01 .2233E+00
.1073E+04 .6172E+00 .5858E+00 .1148E-01 .4602E+00 .4488E+00 .5858E+00 .3935E-01 .6252E+00 .5858E+00 .1148E-01 .2206E+00
.1074E+04 .6269E+00 .6027E+00 .1185E-01 .4736E+00 .4617E+00 .6027E+00 .4056E-01 .6433E+00 .6027E+00 .1185E-01 .2272E+00
.1075E+04 .6136E+00 .5647E+00 .1091E-01 .4435E+00 .4326E+00 .5647E+00 .3776E-01 .6024E+00 .5647E+00 .1091E-01 .2128E+00
.1076E+04 .6275E+00 .6001E+00 .1172E-01 .4715E+00 .4597E+00 .6001E+00 .4029E-01 .6404E+00 .6001E+00 .1172E-01 .2262E+00
.1077E+04 .6274E+00 .5853E+00 .1132E-01 .4597E+00 .4484E+00 .5853E+00 .3915E-01 .6244E+00 .5853E+00 .1132E-01 .2205E+00
.1078E+04 .6181E+00 .5718E+00 .1099E-01 .4490E+00 .4380E+00 .5718E+00 .3817E-01 .6100E+00 .5718E+00 .1099E-01 .2154E+00
.1079E+04 .6147E+00 .5903E+00 .1148E-01 .4636E+00 .4522E+00 .5903E+00 .3956E-01 .6298E+00 .5903E+00 .1148E-01 .2224E+00
.1080E+04 .6233E+00 .5714E+00 .1094E-01 .4487E+00 .4377E+00 .5714E+00 .3811E-01 .6095E+00 .5714E+00 .1094E-01 .2154E+00
.1081E+04 .6061E+00 .5524E+00 .1050E-01 .4337E+00 .4232E+00 .5524E+00 .3677E-01 .5892E+00 .5524E+00 .1050E-01 .2084E+00
.1082E+04 .6007E+00 .5663E+00 .1087E-01 .4446E+00 .4338E+00 .5663E+00 .3784E-01 .6041E+00 .5663E+00 .1087E-01 .2138E+00
.1083E+04 .5998E+00 .5694E+00 .1095E-01 .4471E+00 .4362E+00 .5694E+00 .3807E-01 .6075E+00 .5694E+00 .1095E-01 .2150E+00
.1084E+04 .6144E+00 .5488E+00 .1033E-01 .4307E+00 .4204E+00 .5488E+00 .3641E-01 .5852E+00 .5488E+00 .1033E-01 .2071E+00
.1085E+04 .6180E+00 .5733E+00 .1088E-01 .4500E+00 .4392E+00 .5733E+00 .3815E-01 .6114E+00 .5733E+00 .1088E-01 .2164E+00
.1086E+04 .6104E+00 .5148E+00 .9502E-02 .4039E+00 .3944E+00 .5148E+00 .3393E-01 .5487E+00 .5148E+00 .9502E-02 .1942E+00
.1087E+04 .5897E+00 .5376E+00 .1010E-01 .4220E+00 .4119E+00 .5376E+00 .3565E-01 .5733E+00 .5376E+00 .1010E-01 .2029E+00
.1088E+04 .6028E+00 .5652E+00 .1070E-01 .4437E+00 .4330E+00 .5652E+00 .3758E-01 .6028E+00 .5652E+00 .1070E-01 .2133E+00
.1089E+04 .6019E+00 .5434E+00 .1013E-01 .4264E+00 .4163E+00 .5434E+00 .3594E-01 .5793E+00 .5434E+00 .1013E-01 .2050E+00
.1090E+04 .6099E+00 .5285E+00 .9751E-02 .4146E+00 .4048E+00 .5285E+00 .3483E-01 .5633E+00 .5285E+00 .9751E-02 .1994E+00
.1091E+04 .6069E+00 .5603E+00 .1049E-01 .4397E+00 .4292E+00 .5603E+00 .3711E-01 .5974E+00 .5603E+00 .1049E-01 .2115E+00
.1092E+04 .6013E+00 .5624E+00 .1056E-01 .4414E+00 .4309E+00 .5624E+00 .3731E-01 .5997E+00 .5624E+00 .1056E-01 .2124E+00
.1093E+04 .5815E+00 .4614E+00 .8254E-02 .3617E+00 .3534E+00 .4614E+00 .3011E-01 .4915E+00 .4614E+00 .8254E-02 .1742E+00
.1094E+04 .5572E+00 .5088E+00 .9439E-02 .3992E+00 .3898E+00 .5088E+00 .3365E-01 .5425E+00 .5088E+00 .9439E-02 .1924E+00
.1095E+04 .5839E+00 .4805E+00 .8591E-02 .3767E+00 .3681E+00 .4805E+00 .3138E-01 .5119E+00 .4805E+00 .8591E-02 .1816E+00
.1096E+04 .5834E+00 .4557E+00 .8023E-02 .3571E+00 .3491E+00 .4557E+00 .2960E-01 .4853E+00 .4557E+00 .8023E-02 .1722E+00
.1097E+04 .5843E+00 .5475E+00 .1017E-01 .4295E+00 .4194E+00 .5475E+00 .3622E-01 .5837E+00 .5475E+00 .1017E-01 .2070E+00
.1098E+04 .5763E+00 .4441E+00 .7723E-02 .3479E+00 .3402E+00 .4441E+00 .2873E-01 .4728E+00 .4441E+00 .7723E-02 .1678E+00
.1099E+04 .5896E+00 .4673E+00 .8174E-02 .3661E+00 .3580E+00 .4673E+00 .3029E-01 .4976E+00 .4673E+00 .8174E-02 .1766E+00
.1100E+04 .5931E+00 .4297E+00 .7351E-02 .3365E+00 .3291E+00 .4297E+00 .2765E-01 .4573E+00 .4297E+00 .7351E-02 .1623E+00
.1101E+04 .5852E+00 .4368E+00 .7515E-02 .3421E+00 .3346E+00 .4368E+00 .2816E-01 .4649E+00 .4368E+00 .7515E-02 .1650E+00
.1102E+04 .5776E+00 .4125E+00 .6979E-02 .3229E+00 .3160E+00 .4125E+00 .2645E-01 .4389E+00 .4125E+00 .6979E-02 .1558E+00
.1103E+04 .5889E+00 .4053E+00 .6771E-02 .3172E+00 .3105E+00 .4053E+00 .2590E-01 .4312E+00 .4053E+00 .6771E-02 .1532E+00
.1104E+04 .5869E+00 .4061E+00 .6785E-02 .3179E+00 .3111E+00 .4061E+00 .2597E-01 .4321E+00 .4061E+00 .6785E-02 .1537E+00
.1105E+04 .5867E+00 .4535E+00 .7768E-02 .3552E+00 .3474E+00 .4535E+00 .2924E-01 .4827E+00 .4535E+00 .7768E-02 .1717E+00
.1106E+04 .5849E+00 .3187E+00 .4924E-02 .2491E+00 .2441E+00 .3187E+00 .1989E-01 .3386E+00 .3187E+00 .4924E-02 .1205E+00
.1107E+04 .5828E+00 .4275E+00 .7219E-02 .3347E+00 .3275E+00 .4275E+00 .2744E-01 .4550E+00 .4275E+00 .7219E-02 .1618E+00
.1108E+04 .5831E+00 .3437E+00 .5449E-02 .2688E+00 .2633E+00 .3437E+00 .2162E-01 .3653E+00 .3437E+00 .5449E-02 .1300E+00
.1109E+04 .5825E+00 .3411E+00 .5373E-02 .2667E+00 .2613E+00 .3411E+00 .2142E-01 .3625E+00 .3411E+00 .5373E-02 .1290E+00
.1110E+04 .5827E+00 .4049E+00 .6613E-02 .3168E+00 .3102E+00 .4049E+00 .2571E-01 .4306E+00 .4049E+00 .6613E-02 .1532E+00
.1111E+04 .5782E+00 .2740E+00 .4101E-02 .2140E+00 .2099E+00 .2740E+00 .1694E-01 .2909E+00 .2740E+00 .4101E-02 .1035E+00
.1112E+04 .5743E+00 .3368E+00 .5288E-02 .2633E+00 .2580E+00 .3368E+00 .2113E-01 .3579E+00 .3368E+00 .5288E-02 .1274E+00
.1113E+04 .5729E+00 .2142E+00 .3022E-02 .1671E+00 .1641E+00 .2142E+00 .1301E-01 .2272E+00 .2142E+00 .3022E-02 .8087E-01
.1114E+04 .5779E+00 .2382E+00 .3383E-02 .1859E+00 .1825E+00 .2382E+00 .1450E-01 .2527E+00 .2382E+00 .3383E-02 .8995E-01
.1115E+04 .5732E+00 .1947E+00 .2679E-02 .1518E+00 .1491E+00 .1947E+00 .1175E-01 .2064E+00 .1947E+00 .2679E-02 .7349E-01
.1116E+04 .5736E+00 .1512E+00 .1917E-02 .1177E+00 .1158E+00 .1512E+00 .8922E-02 .1601E+00 .1512E+00 .1917E-02 .5702E-01
.1117E+04 .5761E+00 .5648E-01 .5668E-03 .4383E-01 .4326E-01 .5648E-01 .3149E-02 .5963E-01 .5648E-01 .5668E-03 .2124E-01
.1118E+04 .5707E+00 .1706E+00 .2208E-02 .1329E+00 .1307E+00 .1706E+00 .1012E-01 .1807E+00 .1706E+00 .2208E-02 .6435E-01
.1119E+04 .5629E+00 .7731E-01 .8413E-03 .6006E-01 .5922E-01 .7731E-01 .4392E-02 .8170E-01 .7731E-01 .8413E-03 .2911E-01
.1120E+04 .5630E+00 .9827E-01 .1070E-02 .7635E-01 .7528E-01 .9827E-01 .5583E-02 .1039E+00 .9827E-01 .1070E-02 .3699E-01
.1121E+04 .5667E+00 .1334E+00 .1537E-02 .1037E+00 .1022E+00 .1334E+00 .7682E-02 .1411E+00 .1334E+00 .1537E-02 .5024E-01
.1122E+04 .5689E+00 .5495E-01 .5142E-03 .4261E-01 .4210E-01 .5495E-01 .3019E-02 .5797E-01 .5495E-01 .5142E-03 .2065E-01
.1123E+04 .5680E+00 .9208E-01 .1001E-02 .7154E-01 .7053E-01 .9208E-01 .5229E-02 .9730E-01 .9208E-01 .1001E-02 .3466E-01
.1124E+04 .5640E+00 .7712E-01 .8223E-03 .5990E-01 .5908E-01 .7712E-01 .4360E-02 .8148E-01 .7712E-01 .8223E-03 .2903E-01
.1125E+04 .5485E+00 .1024E+00 .1148E-02 .7963E-01 .7848E-01 .1024E+00 .5861E-02 .1083E+00 .1024E+00 .1148E-02 .3858E-01
.1126E+04 .5539E+00 .3406E-01 .2793E-03 .2637E-01 .2609E-01 .3406E-01 .1822E-02 .3588E-01 .3406E-01 .2793E-03 .1278E-01
.1127E+04 .5584E+00 .1138E+00 .1282E-02 .8846E-01 .8717E-01 .1138E+00 .6518E-02 .1203E+00 .1138E+00 .1282E-02 .4285E-01
.1128E+04 .5562E+00 .6505E-01 .6199E-03 .5045E-01 .4983E-01 .6505E-01 .3587E-02 .6864E-01 .6505E-01 .6199E-03 .2445E-01
.1129E+04 .5501E+00 .6715E-01 .6424E-03 .5208E-01 .5144E-01 .6715E-01 .3706E-02 .7086E-01 .6715E-01 .6424E-03 .2524E-01
.1130E+04 .5512E+00 .4790E-01 .4478E-03 .3714E-01 .3669E-01 .4790E-01 .2631E-02 .5053E-01 .4790E-01 .4478E-03 .1800E-01
.1131E+04 .5540E+00 .2272E+00 .2967E-02 .1770E+00 .1741E+00 .2272E+00 .1352E-01 .2408E+00 .2272E+00 .2967E-02 .8570E-01
.1132E+04 .5542E+00 .1683E+00 .2061E-02 .1310E+00 .1289E+00 .1683E+00 .9842E-02 .1781E+00 .1683E+00 .2061E-02 .6342E-01
.1133E+04 .5451E+00 .9991E-01 .1055E-02 .7759E-01 .7654E-01 .9991E-01 .5636E-02 .1056E+00 .9991E-01 .1055E-02 .3759E-01
.1134E+04 .5505E+00 .2258E-01 .1718E-03 .1747E-01 .1730E-01 .2258E-01 .1192E-02 .2377E-01 .2258E-01 .1718E-03 .8470E-02
.1135E+04 .5507E+00 .1061E-01 .8494E-04 .8211E-02 .8126E-02 .1061E-01 .5651E-03 .1117E-01 .1061E-01 .8494E-04 .3982E-02
.1136E+04 .5514E+00 .8626E-01 .8615E-03 .6694E-01 .6608E-01 .8626E-01 .4805E-02 .9106E-01 .8626E-01 .8615E-03 .3243E-01
.1137E+04 .5458E+00 .2167E+00 .2731E-02 .1687E+00 .1660E+00 .2167E+00 .1277E-01 .2294E+00 .2167E+00 .2731E-02 .8168E-01
.1138E+04 .5387E+00 .1510E+00 .1807E-02 .1175E+00 .1157E+00 .1510E+00 .8780E-02 .1598E+00 .1510E+00 .1807E-02 .5690E-01
.1139E+04 .5406E+00 .2504E+00 .3472E-02 .1953E+00 .1919E+00 .2504E+00 .1515E-01 .2656E+00 .2504E+00 .3472E-02 .9454E-01
.1140E+04 .5363E+00 .1965E+00 .2538E-02 .1531E+00 .1505E+00 .1965E+00 .1166E-01 .2082E+00 .1965E+00 .2538E-02 .7412E-01
.1141E+04 .5371E+00 .1543E+00 .1870E-02 .1201E+00 .1182E+00 .1543E+00 .9000E-02 .1633E+00 .1543E+00 .1870E-02 .5815E-01
.1142E+04 .5392E+00 .1736E+00 .2156E-02 .1351E+00 .1330E+00 .1736E+00 .1019E-01 .1838E+00 .1736E+00 .2156E-02 .6545E-01
.1143E+04 .5405E+00 .2483E+00 .3318E-02 .1935E+00 .1902E+00 .2483E+00 .1487E-01 .2632E+00 .2483E+00 .3318E-02 .9370E-01
.1144E+04 .5355E+00 .8454E-01 .9196E-03 .6568E-01 .6476E-01 .8454E-01 .4803E-02 .8934E-01 .8454E-01 .9196E-03 .3183E-01
.1145E+04 .5399E+00 .1023E+00 .1067E-02 .7940E-01 .7834E-01 .1023E+00 .5754E-02 .1080E+00 .1023E+00 .1067E-02 .3848E-01
.1146E+04 .5437E+00 .1074E+00 .1117E-02 .8343E-01 .8231E-01 .1074E+00 .6041E-02 .1135E+00 .1074E+00 .1117E-02 .4043E-01
.1147E+04 .5422E+00 .3565E-01 .2776E-03 .2759E-01 .2731E-01 .3565E-01 .1890E-02 .3754E-01 .3565E-01 .2776E-03 .1338E-01
.1148E+04 .5387E+00 .2157E+00 .2789E-02 .1680E+00 .1652E+00 .2157E+00 .1280E-01 .2285E+00 .2157E+00 .2789E-02 .8136E-01
.1149E+04 .5377E+00 .1669E+00 .2029E-02 .1299E+00 .1278E+00 .1669E+00 .9743E-02 .1766E+00 .1669E+00 .2029E-02 .6291E-01
.1150E+04 .5362E+00 .9180E-01 .1029E-02 .7135E-01 .7032E-01 .9180E-01 .5253E-02 .9705E-01 .9180E-01 .1029E-02 .3458E-01
.1151E+04 .5358E+00 .1462E+00 .1697E-02 .1137E+00 .1120E+00 .1462E+00 .8437E-02 .1547E+00 .1462E+00 .1697E-02 .5508E-01
.1152E+04 .5314E+00 .1944E+00 .2430E-02 .1513E+00 .1489E+00 .1944E+00 .1143E-01 .2058E+00 .1944E+00 .2430E-02 .7329E-01
.1153E+04 .5345E+00 .1912E+00 .2446E-02 .1489E+00 .1465E+00 .1912E+00 .1131E-01 .2025E+00 .1912E+00 .2446E-02 .7213E-01
.1154E+04 .5355E+00 .8723E-01 .8737E-03 .6769E-01 .6682E-01 .8723E-01 .4863E-02 .9209E-01 .8723E-01 .8737E-03 .3281E-01
.1155E+04 .5325E+00 .2509E+00 .3354E-02 .1956E+00 .1922E+00 .2509E+00 .1502E-01 .2660E+00 .2509E+00 .3354E-02 .9469E-01
.1156E+04 .5307E+00 .2210E+00 .2852E-02 .1721E+00 .1693E+00 .2210E+00 .1311E-01 .2341E+00 .2210E+00 .2852E-02 .8335E-01
.1157E+04 .5308E+00 .2541E+00 .3454E-02 .1981E+00 .1946E+00 .2541E+00 .1528E-01 .2693E+00 .2541E+00 .3454E-02 .9589E-01
.1158E+04 .5294E+00 .2464E+00 .3317E-02 .1921E+00 .1888E+00 .2464E+00 .1478E-01 .2612E+00 .2464E+00 .3317E-02 .9301E-01
.1159E+04 .5172E+00 .2719E+00 .3748E-02 .2120E+00 .2083E+00 .2719E+00 .1642E-01 .2883E+00 .2719E+00 .3748E-02 .1026E+00
.1160E+04 .5185E+00 .2293E+00 .3047E-02 .1787E+00 .1756E+00 .2293E+00 .1370E-01 .2430E+00 .2293E+00 .3047E-02 .8651E-01
.1161E+04 .5087E+00 .2706E+00 .3759E-02 .2111E+00 .2073E+00 .2706E+00 .1638E-01 .2870E+00 .2706E+00 .3759E-02 .1022E+00
.1162E+04 .5223E+00 .2759E+00 .3826E-02 .2152E+00 .2114E+00 .2759E+00 .1668E-01 .2926E+00 .2759E+00 .3826E-02 .1041E+00
.1163E+04 .5219E+00 .4108E+00 .6300E-02 .3210E+00 .3147E+00 .4108E+00 .2557E-01 .4364E+00 .4108E+00 .6300E-02 .1551E+00
.1164E+04 .5150E+00 .3257E+00 .4708E-02 .2542E+00 .2495E+00 .3257E+00 .1991E-01 .3456E+00 .3257E+00 .4708E-02 .1228E+00
.1165E+04 .5178E+00 .3118E+00 .4425E-02 .2433E+00 .2388E+00 .3118E+00 .1895E-01 .3307E+00 .3118E+00 .4425E-02 .1175E+00
.1166E+04 .5137E+00 .3000E+00 .4265E-02 .2341E+00 .2298E+00 .3000E+00 .1825E-01 .3182E+00 .3000E+00 .4265E-02 .1130E+00
.1167E+04 .5172E+00 .3383E+00 .4922E-02 .2641E+00 .2592E+00 .3383E+00 .2072E-01 .3590E+00 .3383E+00 .4922E-02 .1275E+00
.1168E+04 .5180E+00 .3521E+00 .5171E-02 .2749E+00 .2697E+00 .3521E+00 .2162E-01 .3737E+00 .3521E+00 .5171E-02 .1327E+00
.1169E+04 .5068E+00 .3610E+00 .5332E-02 .2819E+00 .2765E+00 .3610E+00 .2220E-01 .3832E+00 .3610E+00 .5332E-02 .1361E+00
.1170E+04 .5163E+00 .4022E+00 .6090E-02 .3142E+00 .3081E+00 .4022E+00 .2491E-01 .4271E+00 .4022E+00 .6090E-02 .1516E+00
.1171E+04 .5178E+00 .3942E+00 .5952E-02 .3079E+00 .3020E+00 .3942E+00 .2437E-01 .4185E+00 .3942E+00 .5952E-02 .1484E+00
.1172E+04 .5164E+00 .4022E+00 .6117E-02 .3142E+00 .3081E+00 .4022E+00 .2491E-01 .4271E+00 .4022E+00 .6117E-02 .1514E+00
.1173E+04 .5159E+00 .4037E+00 .6090E-02 .3154E+00 .3093E+00 .4037E+00 .2495E-01 .4287E+00 .4037E+00 .6090E-02 .1519E+00
.1174E+04 .5135E+00 .2712E+00 .3739E-02 .2115E+00 .2078E+00 .2712E+00 .1633E-01 .2875E+00 .2712E+00 .3739E-02 .1020E+00
.1175E+04 .4991E+00 .4005E+00 .6109E-02 .3129E+00 .3068E+00 .4005E+00 .2482E-01 .4254E+00 .4005E+00 .6109E-02 .1506E+00
.1176E+04 .5075E+00 .4465E+00 .6983E-02 .3490E+00 .3420E+00 .4465E+00 .2786E-01 .4743E+00 .4465E+00 .6983E-02 .1678E+00
.1177E+04 .5074E+00 .4241E+00 .6501E-02 .3314E+00 .3249E+00 .4241E+00 .2629E-01 .4504E+00 .4241E+00 .6501E-02 .1593E+00
.1178E+04 .5015E+00 .3090E+00 .4443E-02 .2412E+00 .2367E+00 .3090E+00 .1880E-01 .3278E+00 .3090E+00 .4443E-02 .1160E+00
.1179E+04 .5088E+00 .4549E+00 .7106E-02 .3555E+00 .3484E+00 .4549E+00 .2837E-01 .4832E+00 .4549E+00 .7106E-02 .1709E+00
.1180E+04 .5100E+00 .3948E+00 .5901E-02 .3083E+00 .3024E+00 .3948E+00 .2428E-01 .4190E+00 .3948E+00 .5901E-02 .1481E+00
.1181E+04 .5064E+00 .4076E+00 .6123E-02 .3184E+00 .3123E+00 .4076E+00 .2509E-01 .4327E+00 .4076E+00 .6123E-02 .1528E+00
.1182E+04 .5003E+00 .2751E+00 .3809E-02 .2146E+00 .2108E+00 .2751E+00 .1653E-01 .2917E+00 .2751E+00 .3809E-02 .1030E+00
.1183E+04 .4858E+00 .4028E+00 .6072E-02 .3147E+00 .3086E+00 .4028E+00 .2481E-01 .4276E+00 .4028E+00 .6072E-02 .1509E+00
.1184E+04 .5001E+00 .3772E+00 .5560E-02 .2945E+00 .2889E+00 .3772E+00 .2308E-01 .4003E+00 .3772E+00 .5560E-02 .1413E+00
.1185E+04 .5046E+00 .3590E+00 .5180E-02 .2802E+00 .2750E+00 .3590E+00 .2183E-01 .3808E+00 .3590E+00 .5180E-02 .1344E+00
.1186E+04 .5035E+00 .4363E+00 .6628E-02 .3408E+00 .3342E+00 .4363E+00 .2693E-01 .4632E+00 .4363E+00 .6628E-02 .1635E+00
.1187E+04 .5034E+00 .4120E+00 .6150E-02 .3218E+00 .3156E+00 .4120E+00 .2530E-01 .4373E+00 .4120E+00 .6150E-02 .1543E+00
.1188E+04 .4850E+00 .2750E+00 .3724E-02 .2144E+00 .2107E+00 .2750E+00 .1642E-01 .2914E+00 .2750E+00 .3724E-02 .1029E+00
.1189E+04 .4842E+00 .3825E+00 .5647E-02 .2986E+00 .2930E+00 .3825E+00 .2341E-01 .4059E+00 .3825E+00 .5647E-02 .1433E+00
.1190E+04 .4983E+00 .4280E+00 .6457E-02 .3343E+00 .3279E+00 .4280E+00 .2637E-01 .4544E+00 .4280E+00 .6457E-02 .1604E+00
.1191E+04 .5014E+00 .3955E+00 .5775E-02 .3087E+00 .3030E+00 .3955E+00 .2413E-01 .4196E+00 .3955E+00 .5775E-02 .1481E+00
.1192E+04 .4989E+00 .4349E+00 .6573E-02 .3397E+00 .3331E+00 .4349E+00 .2681E-01 .4617E+00 .4349E+00 .6573E-02 .1630E+00
.1193E+04 .4984E+00 .4136E+00 .6158E-02 .3230E+00 .3169E+00 .4136E+00 .2541E-01 .4390E+00 .4136E+00 .6158E-02 .1551E+00
.1194E+04 .4975E+00 .4298E+00 .6456E-02 .3357E+00 .3292E+00 .4298E+00 .2648E-01 .4562E+00 .4298E+00 .6456E-02 .1613E+00
.1195E+04 .4914E+00 .3979E+00 .5830E-02 .3106E+00 .3048E+00 .3979E+00 .2436E-01 .4223E+00 .3979E+00 .5830E-02 .1495E+00
.1196E+04 .4919E+00 .3800E+00 .5486E-02 .2966E+00 .2911E+00 .3800E+00 .2317E-01 .4032E+00 .3800E+00 .5486E-02 .1428E+00
.1197E+04 .4798E+00 .4321E+00 .6520E-02 .3376E+00 .3310E+00 .4321E+00 .2673E-01 .4589E+00 .4321E+00 .6520E-02 .1628E+00
.1198E+04 .4745E+00 .3911E+00 .5783E-02 .3054E+00 .2996E+00 .3911E+00 .2407E-01 .4152E+00 .3911E+00 .5783E-02 .1475E+00
.1199E+04 .4694E+00 .3219E+00 .4511E-02 .2511E+00 .2466E+00 .3219E+00 .1953E-01 .3414E+00 .3219E+00 .4511E-02 .1215E+00
.1200E+04 .4889E+00 .4087E+00 .6031E-02 .3191E+00 .3131E+00 .4087E+00 .2519E-01 .4339E+00 .4087E+00 .6031E-02 .1546E+00
.1201E+04 .4910E+00 .3896E+00 .5642E-02 .3041E+00 .2985E+00 .3896E+00 .2390E-01 .4135E+00 .3896E+00 .5642E-02 .1475E+00
.1202E+04 .4883E+00 .3910E+00 .5723E-02 .3053E+00 .2996E+00 .3910E+00 .2409E-01 .4151E+00 .3910E+00 .5723E-02 .1483E+00
.1203E+04 .4679E+00 .3829E+00 .5554E-02 .2989E+00 .2934E+00 .3829E+00 .2356E-01 .4065E+00 .3829E+00 .5554E-02 .1454E+00
.1204E+04 .4791E+00 .3262E+00 .4541E-02 .2544E+00 .2499E+00 .3262E+00 .1986E-01 .3461E+00 .3262E+00 .4541E-02 .1240E+00
.1205E+04 .4848E+00 .3984E+00 .5832E-02 .3110E+00 .3052E+00 .3984E+00 .2464E-01 .4230E+00 .3984E+00 .5832E-02 .1519E+00
.1206E+04 .4854E+00 .4471E+00 .6713E-02 .3492E+00 .3425E+00 .4471E+00 .2790E-01 .4750E+00 .4471E+00 .6713E-02 .1708E+00
.1207E+04 .4845E+00 .3839E+00 .5525E-02 .2996E+00 .2940E+00 .3839E+00 .2368E-01 .4075E+00 .3839E+00 .5525E-02 .1467E+00
.1208E+04 .4598E+00 .3793E+00 .5520E-02 .2961E+00 .2906E+00 .3793E+00 .2349E-01 .4028E+00 .3793E+00 .5520E-02 .1451E+00
.1209E+04 .4690E+00 .3898E+00 .5674E-02 .3043E+00 .2986E+00 .3898E+00 .2416E-01 .4140E+00 .3898E+00 .5674E-02 .1493E+00
.1210E+04 .4716E+00 .4104E+00 .6038E-02 .3204E+00 .3144E+00 .4104E+00 .2552E-01 .4359E+00 .4104E+00 .6038E-02 .1573E+00
.1211E+04 .4733E+00 .3876E+00 .5614E-02 .3026E+00 .2969E+00 .3876E+00 .2402E-01 .4116E+00 .3876E+00 .5614E-02 .1487E+00
.1212E+04 .4790E+00 .3760E+00 .5305E-02 .2933E+00 .2880E+00 .3760E+00 .2314E-01 .3991E+00 .3760E+00 .5305E-02 .1443E+00
.1213E+04 .4784E+00 .4327E+00 .6377E-02 .3378E+00 .3315E+00 .4327E+00 .2698E-01 .4597E+00 .4327E+00 .6377E-02 .1663E+00
.1214E+04 .4785E+00 .3877E+00 .5508E-02 .3025E+00 .2970E+00 .3877E+00 .2393E-01 .4117E+00 .3877E+00 .5508E-02 .1490E+00
.1215E+04 .4783E+00 .3798E+00 .5368E-02 .2963E+00 .2909E+00 .3798E+00 .2340E-01 .4032E+00 .3798E+00 .5368E-02 .1460E+00
.1216E+04 .4775E+00 .4319E+00 .6347E-02 .3372E+00 .3309E+00 .4319E+00 .2691E-01 .4588E+00 .4319E+00 .6347E-02 .1661E+00
.1217E+04 .4762E+00 .4189E+00 .6096E-02 .3270E+00 .3209E+00 .4189E+00 .2603E-01 .4449E+00 .4189E+00 .6096E-02 .1611E+00
.1218E+04 .4744E+00 .4250E+00 .6199E-02 .3317E+00 .3255E+00 .4250E+00 .2643E-01 .4514E+00 .4250E+00 .6199E-02 .1634E+00
.1219E+04 .4724E+00 .4153E+00 .6000E-02 .3241E+00 .3181E+00 .4153E+00 .2576E-01 .4411E+00 .4153E+00 .6000E-02 .1597E+00
.1220E+04 .4738E+00 .4268E+00 .6215E-02 .3331E+00 .3269E+00 .4268E+00 .2653E-01 .4533E+00 .4268E+00 .6215E-02 .1641E+00
.1221E+04 .4719E+00 .4332E+00 .6336E-02 .3382E+00 .3318E+00 .4332E+00 .2696E-01 .4601E+00 .4332E+00 .6336E-02 .1666E+00
.1222E+04 .4701E+00 .4207E+00 .6112E-02 .3284E+00 .3223E+00 .4207E+00 .2613E-01 .4469E+00 .4207E+00 .6112E-02 .1618E+00
.1223E+04 .4686E+00 .4150E+00 .5992E-02 .3239E+00 .3179E+00 .4150E+00 .2573E-01 .4407E+00 .4150E+00 .5992E-02 .1596E+00
.1224E+04 .4699E+00 .4104E+00 .5869E-02 .3202E+00 .3144E+00 .4104E+00 .2538E-01 .4357E+00 .4104E+00 .5869E-02 .1578E+00
.1225E+04 .4684E+00 .4306E+00 .6248E-02 .3361E+00 .3299E+00 .4306E+00 .2674E-01 .4574E+00 .4306E+00 .6248E-02 .1656E+00
.1226E+04 .4663E+00 .4359E+00 .6356E-02 .3403E+00 .3339E+00 .4359E+00 .2711E-01 .4630E+00 .4359E+00 .6356E-02 .1676E+00
.1227E+04 .4570E+00 .3954E+00 .5615E-02 .3085E+00 .3029E+00 .3954E+00 .2440E-01 .4198E+00 .3954E+00 .5615E-02 .1520E+00
.1228E+04 .4645E+00 .4392E+00 .6407E-02 .3429E+00 .3365E+00 .4392E+00 .2732E-01 .4665E+00 .4392E+00 .6407E-02 .1689E+00
.1229E+04 .4654E+00 .4367E+00 .6341E-02 .3409E+00 .3346E+00 .4367E+00 .2713E-01 .4639E+00 .4367E+00 .6341E-02 .1679E+00
.1230E+04 .4629E+00 .4279E+00 .6175E-02 .3340E+00 .3278E+00 .4279E+00 .2653E-01 .4545E+00 .4279E+00 .6175E-02 .1645E+00
.1231E+04 .4614E+00 .4451E+00 .6505E-02 .3475E+00 .3410E+00 .4451E+00 .2770E-01 .4728E+00 .4451E+00 .6505E-02 .1712E+00
.1232E+04 .4592E+00 .4424E+00 .6451E-02 .3453E+00 .3389E+00 .4424E+00 .2751E-01 .4699E+00 .4424E+00 .6451E-02 .1701E+00
.1233E+04 .4601E+00 .4208E+00 .6007E-02 .3283E+00 .3223E+00 .4208E+00 .2601E-01 .4468E+00 .4208E+00 .6007E-02 .1618E+00
.1234E+04 .4577E+00 .4461E+00 .6512E-02 .3483E+00 .3418E+00 .4461E+00 .2775E-01 .4739E+00 .4461E+00 .6512E-02 .1716E+00
.1235E+04 .4572E+00 .4422E+00 .6424E-02 .3452E+00 .3388E+00 .4422E+00 .2747E-01 .4697E+00 .4422E+00 .6424E-02 .1700E+00
.1236E+04 .4586E+00 .4466E+00 .6493E-02 .3486E+00 .3421E+00 .4466E+00 .2775E-01 .4743E+00 .4466E+00 .6493E-02 .1717E+00
.1237E+04 .4580E+00 .4379E+00 .6313E-02 .3418E+00 .3355E+00 .4379E+00 .2714E-01 .4651E+00 .4379E+00 .6313E-02 .1684E+00
.1238E+04 .4570E+00 .4453E+00 .6453E-02 .3476E+00 .3411E+00 .4453E+00 .2764E-01 .4729E+00 .4453E+00 .6453E-02 .1712E+00
.1239E+04 .4513E+00 .4396E+00 .6359E-02 .3431E+00 .3368E+00 .4396E+00 .2727E-01 .4669E+00 .4396E+00 .6359E-02 .1690E+00
.1240E+04 .4522E+00 .4418E+00 .6387E-02 .3448E+00 .3384E+00 .4418E+00 .2741E-01 .4692E+00 .4418E+00 .6387E-02 .1699E+00
.1241E+04 .4541E+00 .4384E+00 .6297E-02 .3421E+00 .3358E+00 .4384E+00 .2714E-01 .4655E+00 .4384E+00 .6297E-02 .1685E+00
.1242E+04 .4495E+00 .4388E+00 .6320E-02 .3425E+00 .3362E+00 .4388E+00 .2718E-01 .4660E+00 .4388E+00 .6320E-02 .1686E+00
.1243E+04 .4456E+00 .4356E+00 .6264E-02 .3399E+00 .3337E+00 .4356E+00 .2695E-01 .4625E+00 .4356E+00 .6264E-02 .1672E+00
.1244E+04 .4500E+00 .4384E+00 .6284E-02 .3421E+00 .3358E+00 .4384E+00 .2709E-01 .4655E+00 .4384E+00 .6284E-02 .1682E+00
.1245E+04 .4512E+00 .4408E+00 .6315E-02 .3440E+00 .3377E+00 .4408E+00 .2724E-01 .4680E+00 .4408E+00 .6315E-02 .1691E+00
.1246E+04 .4484E+00 .4382E+00 .6268E-02 .3420E+00 .3357E+00 .4382E+00 .2706E-01 .4653E+00 .4382E+00 .6268E-02 .1682E+00
.1247E+04 .4478E+00 .4366E+00 .6229E-02 .3407E+00 .3345E+00 .4366E+00 .2694E-01 .4636E+00 .4366E+00 .6229E-02 .1675E+00
.1248E+04 .4496E+00 .4359E+00 .6194E-02 .3401E+00 .3339E+00 .4359E+00 .2687E-01 .4628E+00 .4359E+00 .6194E-02 .1672E+00
.1249E+04 .4491E+00 .4381E+00 .6230E-02 .3419E+00 .3356E+00 .4381E+00 .2701E-01 .4651E+00 .4381E+00 .6230E-02 .1681E+00
.1250E+04 .4476E+00 .4358E+00 .6182E-02 .3400E+00 .3339E+00 .4358E+00 .2685E-01 .4627E+00 .4358E+00 .6182E-02 .1672E+00
.1251E+04 .4444E+00 .4313E+00 .6099E-02 .3365E+00 .3304E+00 .4313E+00 .2655E-01 .4579E+00 .4313E+00 .6099E-02 .1655E+00
.1252E+04 .4413E+00 .4299E+00 .6077E-02 .3354E+00 .3293E+00 .4299E+00 .2646E-01 .4563E+00 .4299E+00 .6077E-02 .1649E+00
.1253E+04 .4435E+00 .4290E+00 .6038E-02 .3347E+00 .3287E+00 .4290E+00 .2638E-01 .4554E+00 .4290E+00 .6038E-02 .1646E+00
.1254E+04 .4436E+00 .4248E+00 .5944E-02 .3313E+00 .3254E+00 .4248E+00 .2607E-01 .4508E+00 .4248E+00 .5944E-02 .1630E+00
.1255E+04 .4424E+00 .4296E+00 .6036E-02 .3351E+00 .3291E+00 .4296E+00 .2640E-01 .4560E+00 .4296E+00 .6036E-02 .1648E+00
.1256E+04 .4407E+00 .4223E+00 .5891E-02 .3294E+00 .3235E+00 .4223E+00 .2590E-01 .4482E+00 .4223E+00 .5891E-02 .1620E+00
.1257E+04 .4405E+00 .4211E+00 .5859E-02 .3285E+00 .3226E+00 .4211E+00 .2581E-01 .4470E+00 .4211E+00 .5859E-02 .1616E+00
.1258E+04 .4401E+00 .4247E+00 .5920E-02 .3312E+00 .3253E+00 .4247E+00 .2604E-01 .4507E+00 .4247E+00 .5920E-02 .1629E+00
.1259E+04 .4411E+00 .4169E+00 .5753E-02 .3251E+00 .3193E+00 .4169E+00 .2549E-01 .4423E+00 .4169E+00 .5753E-02 .1599E+00
.1260E+04 .4413E+00 .4174E+00 .5753E-02 .3255E+00 .3197E+00 .4174E+00 .2553E-01 .4429E+00 .4174E+00 .5753E-02 .1602E+00
.1261E+04 .4388E+00 .4023E+00 .5469E-02 .3137E+00 .3082E+00 .4023E+00 .2453E-01 .4268E+00 .4023E+00 .5469E-02 .1546E+00
.1262E+04 .4378E+00 .3956E+00 .5339E-02 .3084E+00 .3031E+00 .3956E+00 .2409E-01 .4197E+00 .3956E+00 .5339E-02 .1521E+00
.1263E+04 .4394E+00 .3955E+00 .5320E-02 .3083E+00 .3029E+00 .3955E+00 .2408E-01 .4196E+00 .3955E+00 .5320E-02 .1522E+00
.1264E+04 .4352E+00 .3756E+00 .4962E-02 .2927E+00 .2877E+00 .3756E+00 .2277E-01 .3984E+00 .3756E+00 .4962E-02 .1447E+00
.1265E+04 .4360E+00 .3938E+00 .5290E-02 .3070E+00 .3017E+00 .3938E+00 .2400E-01 .4178E+00 .3938E+00 .5290E-02 .1518E+00
.1266E+04 .4368E+00 .3856E+00 .5123E-02 .3005E+00 .2954E+00 .3856E+00 .2344E-01 .4090E+00 .3856E+00 .5123E-02 .1488E+00
.1267E+04 .4325E+00 .3863E+00 .5149E-02 .3011E+00 .2959E+00 .3863E+00 .2351E-01 .4098E+00 .3863E+00 .5149E-02 .1491E+00
.1268E+04 .4295E+00 .3741E+00 .4928E-02 .2915E+00 .2866E+00 .3741E+00 .2270E-01 .3968E+00 .3741E+00 .4928E-02 .1443E+00
.1269E+04 .4340E+00 .2823E+00 .3307E-02 .2195E+00 .2162E+00 .2823E+00 .1663E-01 .2989E+00 .2823E+00 .3307E-02 .1089E+00
.1270E+04 .4355E+00 .3878E+00 .5141E-02 .3022E+00 .2971E+00 .3878E+00 .2364E-01 .4115E+00 .3878E+00 .5141E-02 .1502E+00
.1271E+04 .4344E+00 .3984E+00 .5340E-02 .3105E+00 .3052E+00 .3984E+00 .2440E-01 .4228E+00 .3984E+00 .5340E-02 .1547E+00
.1272E+04 .4333E+00 .3994E+00 .5353E-02 .3113E+00 .3059E+00 .3994E+00 .2446E-01 .4238E+00 .3994E+00 .5353E-02 .1551E+00
.1273E+04 .4313E+00 .3964E+00 .5299E-02 .3090E+00 .3037E+00 .3964E+00 .2426E-01 .4207E+00 .3964E+00 .5299E-02 .1540E+00
.1274E+04 .4296E+00 .3949E+00 .5271E-02 .3078E+00 .3025E+00 .3949E+00 .2416E-01 .4191E+00 .3949E+00 .5271E-02 .1534E+00
.1275E+04 .4313E+00 .4014E+00 .5374E-02 .3129E+00 .3075E+00 .4014E+00 .2458E-01 .4260E+00 .4014E+00 .5374E-02 .1559E+00
.1276E+04 .4312E+00 .4023E+00 .5383E-02 .3136E+00 .3082E+00 .4023E+00 .2463E-01 .4269E+00 .4023E+00 .5383E-02 .1563E+00
.1277E+04 .4301E+00 .3993E+00 .5328E-02 .3112E+00 .3058E+00 .3993E+00 .2441E-01 .4237E+00 .3993E+00 .5328E-02 .1550E+00
.1278E+04 .4282E+00 .4089E+00 .5501E-02 .3187E+00 .3132E+00 .4089E+00 .2504E-01 .4340E+00 .4089E+00 .5501E-02 .1586E+00
.1279E+04 .4248E+00 .4011E+00 .5364E-02 .3126E+00 .3073E+00 .4011E+00 .2452E-01 .4256E+00 .4011E+00 .5364E-02 .1555E+00
.1280E+04 .4194E+00 .3947E+00 .5263E-02 .3076E+00 .3024E+00 .3947E+00 .2411E-01 .4188E+00 .3947E+00 .5263E-02 .1530E+00
.1281E+04 .3961E+00 .3756E+00 .5015E-02 .2927E+00 .2877E+00 .3756E+00 .2295E-01 .3986E+00 .3756E+00 .5015E-02 .1456E+00
.1282E+04 .3751E+00 .3631E+00 .4878E-02 .2830E+00 .2781E+00 .3631E+00 .2222E-01 .3853E+00 .3631E+00 .4878E-02 .1408E+00
.1283E+04 .4054E+00 .3908E+00 .5234E-02 .3046E+00 .2994E+00 .3908E+00 .2389E-01 .4147E+00 .3908E+00 .5234E-02 .1515E+00
.1284E+04 .4167E+00 .3966E+00 .5277E-02 .3091E+00 .3038E+00 .3966E+00 .2421E-01 .4208E+00 .3966E+00 .5277E-02 .1537E+00
.1285E+04 .4185E+00 .4007E+00 .5337E-02 .3123E+00 .3070E+00 .4007E+00 .2447E-01 .4252E+00 .4007E+00 .5337E-02 .1553E+00
.1286E+04 .4202E+00 .4054E+00 .5404E-02 .3160E+00 .3106E+00 .4054E+00 .2476E-01 .4302E+00 .4054E+00 .5404E-02 .1571E+00
.1287E+04 .4211E+00 .3965E+00 .5231E-02 .3090E+00 .3037E+00 .3965E+00 .2415E-01 .4207E+00 .3965E+00 .5231E-02 .1537E+00
.1288E+04 .4195E+00 .3961E+00 .5224E-02 .3087E+00 .3034E+00 .3961E+00 .2412E-01 .4202E+00 .3961E+00 .5224E-02 .1535E+00
.1289E+04 .4195E+00 .3810E+00 .4942E-02 .2968E+00 .2918E+00 .3810E+00 .2309E-01 .4041E+00 .3810E+00 .4942E-02 .1476E+00
.1290E+04 .4142E+00 .3921E+00 .5153E-02 .3055E+00 .3003E+00 .3921E+00 .2383E-01 .4159E+00 .3921E+00 .5153E-02 .1517E+00
.1291E+04 .4175E+00 .3991E+00 .5256E-02 .3110E+00 .3057E+00 .3991E+00 .2425E-01 .4234E+00 .3991E+00 .5256E-02 .1543E+00
.1292E+04 .4193E+00 .3664E+00 .4666E-02 .2853E+00 .2807E+00 .3664E+00 .2207E-01 .3884E+00 .3664E+00 .4666E-02 .1416E+00
.1293E+04 .4169E+00 .3871E+00 .5032E-02 .3015E+00 .2965E+00 .3871E+00 .2344E-01 .4105E+00 .3871E+00 .5032E-02 .1496E+00
.1294E+04 .4160E+00 .3817E+00 .4936E-02 .2973E+00 .2924E+00 .3817E+00 .2308E-01 .4048E+00 .3817E+00 .4936E-02 .1476E+00
.1295E+04 .4177E+00 .3820E+00 .4910E-02 .2976E+00 .2926E+00 .3820E+00 .2306E-01 .4051E+00 .3820E+00 .4910E-02 .1477E+00
.1296E+04 .4178E+00 .3582E+00 .4500E-02 .2789E+00 .2744E+00 .3582E+00 .2150E-01 .3797E+00 .3582E+00 .4500E-02 .1384E+00
.1297E+04 .4141E+00 .3350E+00 .4135E-02 .2607E+00 .2566E+00 .3350E+00 .2001E-01 .3550E+00 .3350E+00 .4135E-02 .1294E+00
.1298E+04 .4136E+00 .3710E+00 .4728E-02 .2890E+00 .2842E+00 .3710E+00 .2235E-01 .3934E+00 .3710E+00 .4728E-02 .1434E+00
.1299E+04 .4157E+00 .3899E+00 .5043E-02 .3037E+00 .2987E+00 .3899E+00 .2358E-01 .4135E+00 .3899E+00 .5043E-02 .1507E+00
.1300E+04 .4141E+00 .3158E+00 .3844E-02 .2458E+00 .2419E+00 .3158E+00 .1880E-01 .3346E+00 .3158E+00 .3844E-02 .1220E+00
.1301E+04 .4116E+00 .3231E+00 .3932E-02 .2514E+00 .2475E+00 .3231E+00 .1924E-01 .3423E+00 .3231E+00 .3932E-02 .1248E+00
.1302E+04 .4097E+00 .3695E+00 .4681E-02 .2877E+00 .2830E+00 .3695E+00 .2223E-01 .3917E+00 .3695E+00 .4681E-02 .1428E+00
.1303E+04 .4066E+00 .3095E+00 .3741E-02 .2408E+00 .2371E+00 .3095E+00 .1840E-01 .3279E+00 .3095E+00 .3741E-02 .1196E+00
.1304E+04 .4079E+00 .2562E+00 .2925E-02 .1992E+00 .1962E+00 .2562E+00 .1502E-01 .2712E+00 .2562E+00 .2925E-02 .9892E-01
.1305E+04 .4101E+00 .3594E+00 .4500E-02 .2798E+00 .2753E+00 .3594E+00 .2156E-01 .3809E+00 .3594E+00 .4500E-02 .1389E+00
.1306E+04 .4099E+00 .3593E+00 .4477E-02 .2797E+00 .2752E+00 .3593E+00 .2152E-01 .3808E+00 .3593E+00 .4477E-02 .1389E+00
.1307E+04 .4076E+00 .2581E+00 .2949E-02 .2007E+00 .1977E+00 .2581E+00 .1512E-01 .2732E+00 .2581E+00 .2949E-02 .9959E-01
.1308E+04 .4071E+00 .3210E+00 .3917E-02 .2498E+00 .2459E+00 .3210E+00 .1910E-01 .3401E+00 .3210E+00 .3917E-02 .1238E+00
.1309E+04 .4068E+00 .3568E+00 .4407E-02 .2777E+00 .2733E+00 .3568E+00 .2129E-01 .3781E+00 .3568E+00 .4407E-02 .1376E+00
.1310E+04 .4042E+00 .2613E+00 .2990E-02 .2032E+00 .2002E+00 .2613E+00 .1530E-01 .2766E+00 .2613E+00 .2990E-02 .1007E+00
.1311E+04 .4040E+00 .2998E+00 .3573E-02 .2333E+00 .2297E+00 .2998E+00 .1773E-01 .3176E+00 .2998E+00 .3573E-02 .1156E+00
.1312E+04 .3931E+00 .2919E+00 .3468E-02 .2271E+00 .2236E+00 .2919E+00 .1724E-01 .3092E+00 .2919E+00 .3468E-02 .1125E+00
.1313E+04 .3965E+00 .2787E+00 .3228E-02 .2167E+00 .2135E+00 .2787E+00 .1635E-01 .2951E+00 .2787E+00 .3228E-02 .1072E+00
.1314E+04 .3999E+00 .2539E+00 .2885E-02 .1974E+00 .1945E+00 .2539E+00 .1482E-01 .2688E+00 .2539E+00 .2885E-02 .9765E-01
.1315E+04 .3881E+00 .2330E+00 .2555E-02 .1810E+00 .1785E+00 .2330E+00 .1348E-01 .2464E+00 .2330E+00 .2555E-02 .8954E-01
.1316E+04 .3974E+00 .2913E+00 .3398E-02 .2265E+00 .2231E+00 .2913E+00 .1711E-01 .3084E+00 .2913E+00 .3398E-02 .1120E+00
.1317E+04 .3992E+00 .2799E+00 .3253E-02 .2176E+00 .2144E+00 .2799E+00 .1642E-01 .2963E+00 .2799E+00 .3253E-02 .1076E+00
.1318E+04 .3975E+00 .3081E+00 .3664E-02 .2397E+00 .2360E+00 .3081E+00 .1818E-01 .3262E+00 .3081E+00 .3664E-02 .1185E+00
.1319E+04 .4003E+00 .2200E+00 .2360E-02 .1709E+00 .1686E+00 .2200E+00 .1267E-01 .2327E+00 .2200E+00 .2360E-02 .8453E-01
.1320E+04 .3983E+00 .2298E+00 .2540E-02 .1786E+00 .1760E+00 .2298E+00 .1331E-01 .2431E+00 .2298E+00 .2540E-02 .8822E-01
.1321E+04 .3960E+00 .2647E+00 .2998E-02 .2058E+00 .2028E+00 .2647E+00 .1541E-01 .2801E+00 .2647E+00 .2998E-02 .1015E+00
.1322E+04 .3968E+00 .2625E+00 .2921E-02 .2040E+00 .2011E+00 .2625E+00 .1521E-01 .2777E+00 .2625E+00 .2921E-02 .1006E+00
.1323E+04 .3964E+00 .1953E+00 .2021E-02 .1516E+00 .1496E+00 .1953E+00 .1112E-01 .2064E+00 .1953E+00 .2021E-02 .7474E-01
.1324E+04 .3967E+00 .2182E+00 .2330E-02 .1695E+00 .1671E+00 .2182E+00 .1251E-01 .2307E+00 .2182E+00 .2330E-02 .8347E-01
.1325E+04 .3949E+00 .2901E+00 .3335E-02 .2255E+00 .2222E+00 .2901E+00 .1692E-01 .3070E+00 .2901E+00 .3335E-02 .1111E+00
.1326E+04 .3926E+00 .2393E+00 .2613E-02 .1859E+00 .1833E+00 .2393E+00 .1379E-01 .2531E+00 .2393E+00 .2613E-02 .9158E-01
.1327E+04 .3922E+00 .2277E+00 .2456E-02 .1769E+00 .1744E+00 .2277E+00 .1307E-01 .2408E+00 .2277E+00 .2456E-02 .8705E-01
.1328E+04 .3886E+00 .1990E+00 .2092E-02 .1545E+00 .1524E+00 .1990E+00 .1135E-01 .2103E+00 .1990E+00 .2092E-02 .7598E-01
.1329E+04 .3839E+00 .1463E+00 .1406E-02 .1135E+00 .1121E+00 .1463E+00 .8177E-02 .1545E+00 .1463E+00 .1406E-02 .5577E-01
.1330E+04 .3896E+00 .1875E+00 .1860E-02 .1455E+00 .1436E+00 .1875E+00 .1054E-01 .1980E+00 .1875E+00 .1860E-02 .7143E-01
.1331E+04 .3886E+00 .1050E+00 .9101E-03 .8138E-01 .8047E-01 .1050E+00 .5741E-02 .1108E+00 .1050E+00 .9101E-03 .3994E-01
.1332E+04 .3843E+00 .1129E+00 .1012E-02 .8753E-01 .8652E-01 .1129E+00 .6213E-02 .1192E+00 .1129E+00 .1012E-02 .4295E-01
.1333E+04 .3904E+00 .1567E+00 .1455E-02 .1215E+00 .1201E+00 .1567E+00 .8685E-02 .1654E+00 .1567E+00 .1455E-02 .5962E-01
.1334E+04 .3908E+00 .1447E+00 .1418E-02 .1122E+00 .1108E+00 .1447E+00 .8107E-02 .1528E+00 .1447E+00 .1418E-02 .5505E-01
.1335E+04 .3883E+00 .1965E+00 .1989E-02 .1525E+00 .1505E+00 .1965E+00 .1108E-01 .2076E+00 .1965E+00 .1989E-02 .7473E-01
.1336E+04 .3889E+00 .1523E+00 .1446E-02 .1181E+00 .1167E+00 .1523E+00 .8465E-02 .1608E+00 .1523E+00 .1446E-02 .5783E-01
.1337E+04 .3873E+00 .1272E+00 .1172E-02 .9864E-01 .9747E-01 .1272E+00 .7019E-02 .1343E+00 .1272E+00 .1172E-02 .4823E-01
.1338E+04 .3850E+00 .1371E+00 .1259E-02 .1063E+00 .1050E+00 .1371E+00 .7546E-02 .1447E+00 .1371E+00 .1259E-02 .5187E-01
.1339E+04 .3791E+00 .1399E+00 .1301E-02 .1085E+00 .1072E+00 .1399E+00 .7712E-02 .1476E+00 .1399E+00 .1301E-02 .5286E-01
.1340E+04 .3833E+00 .1383E+00 .1311E-02 .1073E+00 .1060E+00 .1383E+00 .7658E-02 .1460E+00 .1383E+00 .1311E-02 .5229E-01
.1341E+04 .3840E+00 .1249E+00 .1096E-02 .9675E-01 .9566E-01 .1249E+00 .6804E-02 .1317E+00 .1249E+00 .1096E-02 .4716E-01
.1342E+04 .3837E+00 .1247E+00 .1088E-02 .9658E-01 .9549E-01 .1247E+00 .6778E-02 .1314E+00 .1247E+00 .1088E-02 .4701E-01
.1343E+04 .3833E+00 .7378E-01 .5330E-03 .5705E-01 .5652E-01 .7378E-01 .3870E-02 .7765E-01 .7378E-01 .5330E-03 .2773E-01
.1344E+04 .3843E+00 .5305E-01 .3988E-03 .4104E-01 .4064E-01 .5305E-01 .2798E-02 .5584E-01 .5305E-01 .3988E-03 .1992E-01
.1345E+04 .3823E+00 .7495E-01 .5602E-03 .5797E-01 .5741E-01 .7495E-01 .3946E-02 .7889E-01 .7495E-01 .5602E-03 .2811E-01
.1346E+04 .3806E+00 .3033E-01 .1695E-03 .2341E-01 .2324E-01 .3033E-01 .1525E-02 .3186E-01 .3033E-01 .1695E-03 .1134E-01
.1347E+04 .3814E+00 .3135E-01 .1687E-03 .2418E-01 .2401E-01 .3135E-01 .1567E-02 .3292E-01 .3135E-01 .1687E-03 .1171E-01
.1348E+04 .3812E+00 .1544E-02 .4801E-05 .1188E-02 .1183E-02 .1544E-02 .7283E-04 .1617E-02 .1544E-02 .4801E-05 .5747E-03
.1349E+04 .3782E+00 .5472E-02 .1891E-04 .4211E-02 .4192E-02 .5472E-02 .2602E-03 .5732E-02 .5472E-02 .1891E-04 .2035E-02
.1350E+04 .3753E+00 .6961E-02 .2628E-04 .5359E-02 .5332E-02 .6961E-02 .3332E-03 .7294E-02 .6961E-02 .2628E-04 .2586E-02
.1351E+04 .3779E+00 .1162E-02 .2691E-05 .8932E-03 .8905E-03 .1162E-02 .5347E-04 .1216E-02 .1162E-02 .2691E-05 .4302E-03
.1352E+04 .3793E+00 .2236E-03 .2586E-06 .1715E-03 .1713E-03 .2236E-03 .9952E-05 .2335E-03 .2236E-03 .2586E-06 .8250E-04
.1353E+04 .3777E+00 .1091E-04 .8600E-08 .8368E-05 .8359E-05 .1091E-04 .4804E-06 .1139E-04 .1091E-04 .8600E-08 .4021E-05
.1354E+04 .3755E+00 .4620E-04 .5379E-07 .3545E-04 .3539E-04 .4620E-04 .2053E-05 .4826E-04 .4620E-04 .5379E-07 .1702E-04
.1355E+04 .3718E+00 .1980E-06 .7093E-10 .1517E-06 .1516E-06 .1980E-06 .8594E-08 .2065E-06 .1980E-06 .7093E-10 .7276E-07
.1356E+04 .3701E+00 .8380E-05 .7250E-08 .6427E-05 .6419E-05 .8380E-05 .3687E-06 .8749E-05 .8380E-05 .7250E-08 .3080E-05
.1357E+04 .3706E+00 .9868E-05 .7995E-08 .7567E-05 .7559E-05 .9868E-05 .4330E-06 .1030E-04 .9868E-05 .7995E-08 .3621E-05
.1358E+04 .3734E+00 .2813E-06 .1093E-09 .2156E-06 .2155E-06 .2813E-06 .1218E-07 .2935E-06 .2813E-06 .1093E-09 .1030E-06
.1359E+04 .3698E+00 .1837E-07 .2560E-11 .1408E-07 .1408E-07 .1837E-07 .7883E-09 .1916E-07 .1837E-07 .2560E-11 .6713E-08
.1360E+04 .3701E+00 .1139E-06 .3164E-10 .8730E-07 .8727E-07 .1139E-06 .4903E-08 .1188E-06 .1139E-06 .3164E-10 .4159E-07
.1361E+04 .3730E+00 .4067E-10 .1599E-14 .3116E-10 .3116E-10 .4067E-10 .1737E-11 .4241E-10 .4067E-10 .1599E-14 .1483E-10
.1362E+04 .3690E+00 .8371E-13 .1769E-17 .6413E-13 .6413E-13 .8371E-13 .3568E-14 .8728E-13 .8371E-13 .1769E-17 .3049E-13
.1363E+04 .3672E+00 .8437E-07 .1176E-10 .6464E-07 .6463E-07 .8437E-07 .3602E-08 .8797E-07 .8437E-07 .1176E-10 .3067E-07
.1364E+04 .3687E+00 .3755E-07 .6623E-11 .2877E-07 .2876E-07 .3755E-07 .1602E-08 .3915E-07 .3755E-07 .6623E-11 .1363E-07
.1365E+04 .3696E+00 .4221E-13 .3339E-18 .3234E-13 .3234E-13 .4221E-13 .1792E-14 .4400E-13 .4221E-13 .3339E-18 .1532E-13
.1366E+04 .3673E+00 .6439E-06 .1330E-09 .4934E-06 .4933E-06 .6439E-06 .2749E-07 .6714E-06 .6439E-06 .1330E-09 .2337E-06
.1367E+04 .3661E+00 .3312E-06 .1036E-09 .2538E-06 .2537E-06 .3312E-06 .1418E-07 .3454E-06 .3312E-06 .1036E-09 .1202E-06
.1368E+04 .3647E+00 .7642E-16 .5960E-22 .5854E-16 .5854E-16 .7642E-16 .3239E-17 .7966E-16 .7642E-16 .5960E-22 .2769E-16
.1369E+04 .3623E+00 .3557E-07 .7819E-11 .2726E-07 .2725E-07 .3557E-07 .1516E-08 .3709E-07 .3557E-07 .7819E-11 .1288E-07
.1370E+04 .3621E+00 .9548E-08 .1254E-11 .7316E-08 .7315E-08 .9548E-08 .4051E-09 .9954E-08 .9548E-08 .1254E-11 .3451E-08
.1371E+04 .3628E+00 .5019E-09 .4579E-13 .3845E-09 .3845E-09 .5019E-09 .2123E-10 .5231E-09 .5019E-09 .4579E-13 .1811E-09
.1372E+04 .3658E+00 .2820E-06 .1007E-09 .2161E-06 .2160E-06 .2820E-06 .1200E-07 .2940E-06 .2820E-06 .1007E-09 .1016E-06
.1373E+04 .3656E+00 .3697E-05 .1944E-08 .2834E-05 .2832E-05 .3697E-05 .1578E-06 .3854E-05 .3697E-05 .1944E-08 .1330E-05
.1374E+04 .3624E+00 .2047E-04 .1615E-07 .1569E-04 .1568E-04 .2047E-04 .8785E-06 .2134E-04 .2047E-04 .1615E-07 .7349E-05
.1375E+04 .3595E+00 .3738E-04 .2516E-07 .2866E-04 .2863E-04 .3738E-04 .1598E-05 .3898E-04 .3738E-04 .2516E-07 .1341E-04
.1376E+04 .3579E+00 .5740E-04 .7182E-07 .4404E-04 .4397E-04 .5740E-04 .2492E-05 .5989E-04 .5740E-04 .7182E-07 .2059E-04
.1377E+04 .3609E+00 .2886E-04 .3453E-07 .2214E-04 .2211E-04 .2886E-04 .1249E-05 .3011E-04 .2886E-04 .3453E-07 .1033E-04
.1378E+04 .3614E+00 .1481E-03 .1537E-06 .1136E-03 .1135E-03 .1481E-03 .6366E-05 .1545E-03 .1481E-03 .1537E-06 .5289E-04
.1379E+04 .3621E+00 .1141E-04 .1366E-07 .8755E-05 .8742E-05 .1141E-04 .4915E-06 .1190E-04 .1141E-04 .1366E-07 .4065E-05
.1380E+04 .3606E+00 .9441E-05 .7516E-08 .7240E-05 .7232E-05 .9441E-05 .4014E-06 .9842E-05 .9441E-05 .7516E-08 .3357E-05
.1381E+04 .3594E+00 .3609E-06 .2775E-09 .2768E-06 .2765E-06 .3609E-06 .1532E-07 .3762E-06 .3609E-06 .2775E-09 .1282E-06
.1382E+04 .3564E+00 .1576E-06 .4439E-10 .1208E-06 .1207E-06 .1576E-06 .6587E-08 .1642E-06 .1576E-06 .4439E-10 .5587E-07
.1383E+04 .3579E+00 .1986E-08 .4560E-12 .1522E-08 .1522E-08 .1986E-08 .8274E-10 .2069E-08 .1986E-08 .4560E-12 .7028E-09
.1384E+04 .3585E+00 .2313E-07 .3677E-11 .1773E-07 .1772E-07 .2313E-07 .9601E-09 .2409E-07 .2313E-07 .3677E-11 .8171E-08
.1385E+04 .3566E+00 .1343E-06 .5848E-10 .1029E-06 .1029E-06 .1343E-06 .5604E-08 .1399E-06 .1343E-06 .5848E-10 .4733E-07
.1386E+04 .3567E+00 .7987E-07 .1459E-10 .6120E-07 .6118E-07 .7987E-07 .3299E-08 .8317E-07 .7987E-07 .1459E-10 .2806E-07
.1387E+04 .3560E+00 .4589E-05 .1557E-08 .3517E-05 .3515E-05 .4589E-05 .1899E-06 .4779E-05 .4589E-05 .1557E-08 .1608E-05
.1388E+04 .3572E+00 .4753E-06 .3453E-09 .3644E-06 .3641E-06 .4753E-06 .1982E-07 .4951E-06 .4753E-06 .3453E-09 .1660E-06
.1389E+04 .3552E+00 .7042E-04 .6237E-07 .5401E-04 .5395E-04 .7042E-04 .2940E-05 .7336E-04 .7042E-04 .6237E-07 .2451E-04
.1390E+04 .3531E+00 .6154E-04 .4976E-07 .4719E-04 .4714E-04 .6154E-04 .2560E-05 .6410E-04 .6154E-04 .4976E-07 .2139E-04
.1391E+04 .3555E+00 .3692E-04 .2978E-07 .2831E-04 .2828E-04 .3692E-04 .1536E-05 .3846E-04 .3692E-04 .2978E-07 .1283E-04
.1392E+04 .3543E+00 .5356E-05 .5158E-08 .4108E-05 .4103E-05 .5356E-05 .2238E-06 .5580E-05 .5356E-05 .5158E-08 .1861E-05
.1393E+04 .3530E+00 .2625E-04 .2949E-07 .2014E-04 .2011E-04 .2625E-04 .1098E-05 .2735E-04 .2625E-04 .2949E-07 .9092E-05
.1394E+04 .3513E+00 .4750E-05 .2028E-08 .3641E-05 .3639E-05 .4750E-05 .1939E-06 .4944E-05 .4750E-05 .2028E-08 .1637E-05
.1395E+04 .3507E+00 .3825E-07 .1328E-10 .2932E-07 .2930E-07 .3825E-07 .1553E-08 .3981E-07 .3825E-07 .1328E-10 .1315E-07
.1396E+04 .3520E+00 .8156E-10 .4279E-14 .6248E-10 .6248E-10 .8156E-10 .3276E-11 .8484E-10 .8156E-10 .4279E-14 .2796E-10
.1397E+04 .3523E+00 .1339E-04 .1375E-07 .1027E-04 .1026E-04 .1339E-04 .5527E-06 .1394E-04 .1339E-04 .1375E-07 .4587E-05
.1398E+04 .3518E+00 .1003E-03 .8094E-07 .7693E-04 .7685E-04 .1003E-03 .4107E-05 .1044E-03 .1003E-03 .8094E-07 .3430E-04
.1399E+04 .3480E+00 .1015E-03 .9719E-07 .7784E-04 .7775E-04 .1015E-03 .4166E-05 .1057E-03 .1015E-03 .9719E-07 .3464E-04
.1400E+04 .3431E+00 .2865E-10 .8600E-15 .2195E-10 .2195E-10 .2865E-10 .1141E-11 .2979E-10 .2865E-10 .8600E-15 .9746E-11
.1401E+04 .3457E+00 .1344E-09 .8094E-14 .1030E-09 .1030E-09 .1344E-09 .5350E-11 .1398E-09 .1344E-09 .8094E-14 .4565E-10
.1402E+04 .3475E+00 .5483E-03 .1190E-05 .4212E-03 .4200E-03 .5483E-03 .2320E-04 .5715E-03 .5483E-03 .1190E-05 .1864E-03
.1403E+04 .3449E+00 .5315E-03 .9483E-06 .4081E-03 .4072E-03 .5315E-03 .2216E-04 .5537E-03 .5315E-03 .9483E-06 .1800E-03
.1404E+04 .3451E+00 .1617E-03 .2522E-06 .1241E-03 .1239E-03 .1617E-03 .6673E-05 .1684E-03 .1617E-03 .2522E-06 .5453E-04
.1405E+04 .3457E+00 .5995E-07 .1930E-10 .4594E-07 .4592E-07 .5995E-07 .2375E-08 .6232E-07 .5995E-07 .1930E-10 .2011E-07
.1406E+04 .3449E+00 .1725E-03 .1713E-06 .1323E-03 .1322E-03 .1725E-03 .6965E-05 .1795E-03 .1725E-03 .1713E-06 .5783E-04
.1407E+04 .3448E+00 .5069E-04 .9675E-07 .3893E-04 .3883E-04 .5069E-04 .2099E-05 .5279E-04 .5069E-04 .9675E-07 .1698E-04
.1408E+04 .3448E+00 .2569E-03 .3176E-06 .1971E-03 .1968E-03 .2569E-03 .1040E-04 .2673E-03 .2569E-03 .3176E-06 .8574E-04
.1409E+04 .3454E+00 .5637E-04 .4454E-07 .4323E-04 .4319E-04 .5637E-04 .2245E-05 .5862E-04 .5637E-04 .4454E-07 .1875E-04
.1410E+04 .3437E+00 .1004E-03 .1416E-06 .7704E-04 .7690E-04 .1004E-03 .4064E-05 .1045E-03 .1004E-03 .1416E-06 .3333E-04
.1411E+04 .3366E+00 .4910E-03 .9042E-06 .3771E-03 .3762E-03 .4910E-03 .2012E-04 .5112E-03 .4910E-03 .9042E-06 .1630E-03
.1412E+04 .3367E+00 .6769E-03 .1460E-05 .5200E-03 .5185E-03 .6769E-03 .2797E-04 .7048E-03 .6769E-03 .1460E-05 .2246E-03
.1413E+04 .3386E+00 .3745E-02 .9225E-05 .2878E-02 .2869E-02 .3745E-02 .1558E-03 .3900E-02 .3745E-02 .9225E-05 .1240E-02
.1414E+04 .3400E+00 .7295E-04 .1061E-06 .5599E-04 .5588E-04 .7295E-04 .2937E-05 .7588E-04 .7295E-04 .1061E-06 .2405E-04
.1415E+04 .3411E+00 .3539E-04 .4531E-07 .2715E-04 .2711E-04 .3539E-04 .1413E-05 .3680E-04 .3539E-04 .4531E-07 .1163E-04
.1416E+04 .3389E+00 .1506E-01 .6592E-04 .1161E-01 .1154E-01 .1506E-01 .6575E-03 .1572E-01 .1506E-01 .6592E-04 .4961E-02
.1417E+04 .3410E+00 .3257E-02 .1090E-04 .2506E-02 .2495E-02 .3257E-02 .1378E-03 .3395E-02 .3257E-02 .1090E-04 .1069E-02
.1418E+04 .3395E+00 .4856E-02 .1443E-04 .3734E-02 .3720E-02 .4856E-02 .2029E-03 .5059E-02 .4856E-02 .1443E-04 .1590E-02
.1419E+04 .3370E+00 .8893E-03 .2472E-05 .6837E-03 .6813E-03 .8893E-03 .3688E-04 .9262E-03 .8893E-03 .2472E-05 .2906E-03
.1420E+04 .3370E+00 .3324E-02 .9890E-05 .2557E-02 .2547E-02 .3324E-02 .1384E-03 .3463E-02 .3324E-02 .9890E-05 .1085E-02
.1421E+04 .3338E+00 .3085E-02 .9579E-05 .2373E-02 .2364E-02 .3085E-02 .1287E-03 .3214E-02 .3085E-02 .9579E-05 .1005E-02
.1422E+04 .3313E+00 .2149E-01 .9609E-04 .1656E-01 .1646E-01 .2149E-01 .9305E-03 .2242E-01 .2149E-01 .9609E-04 .6993E-02
.1423E+04 .3320E+00 .4410E-02 .1850E-04 .3397E-02 .3378E-02 .4410E-02 .1891E-03 .4599E-02 .4410E-02 .1850E-04 .1432E-02
.1424E+04 .3322E+00 .9068E-02 .4241E-04 .6989E-02 .6947E-02 .9068E-02 .3936E-03 .9462E-02 .9068E-02 .4241E-04 .2941E-02
.1425E+04 .3303E+00 .1159E-01 .4882E-04 .8924E-02 .8875E-02 .1159E-01 .4953E-03 .1208E-01 .1159E-01 .4882E-04 .3746E-02
.1426E+04 .3282E+00 .1523E-01 .7518E-04 .1174E-01 .1167E-01 .1523E-01 .6641E-03 .1590E-01 .1523E-01 .7518E-04 .4926E-02
.1427E+04 .3295E+00 .3386E-01 .1911E-03 .2613E-01 .2594E-01 .3386E-01 .1504E-02 .3537E-01 .3386E-01 .1911E-03 .1095E-01
.1428E+04 .3305E+00 .1467E-02 .3869E-05 .1128E-02 .1124E-02 .1467E-02 .5970E-04 .1527E-02 .1467E-02 .3869E-05 .4718E-03
.1429E+04 .3249E+00 .1954E-01 .9393E-04 .1506E-01 .1497E-01 .1954E-01 .8445E-03 .2038E-01 .1954E-01 .9393E-04 .6280E-02
.1430E+04 .3289E+00 .4205E-01 .2501E-03 .3246E-01 .3221E-01 .4205E-01 .1871E-02 .4392E-01 .4205E-01 .2501E-03 .1349E-01
.1431E+04 .3293E+00 .3963E-01 .2273E-03 .3059E-01 .3036E-01 .3963E-01 .1751E-02 .4138E-01 .3963E-01 .2273E-03 .1270E-01
.1432E+04 .3343E+00 .8248E-03 .1925E-05 .6338E-03 .6318E-03 .8248E-03 .3299E-04 .8578E-03 .8248E-03 .1925E-05 .2628E-03
.1433E+04 .3310E+00 .2283E-01 .1200E-03 .1761E-01 .1749E-01 .2283E-01 .9934E-03 .2382E-01 .2283E-01 .1200E-03 .7292E-02
.1434E+04 .3303E+00 .1306E-01 .6603E-04 .1007E-01 .1000E-01 .1306E-01 .5641E-03 .1362E-01 .1306E-01 .6603E-04 .4163E-02
.1435E+04 .3312E+00 .8180E-02 .3060E-04 .6297E-02 .6266E-02 .8180E-02 .3396E-03 .8519E-02 .8180E-02 .3060E-04 .2598E-02
.1436E+04 .3305E+00 .2397E-01 .1187E-03 .1848E-01 .1837E-01 .2397E-01 .1030E-02 .2500E-01 .2397E-01 .1187E-03 .7620E-02
.1437E+04 .3309E+00 .1431E-01 .6643E-04 .1103E-01 .1096E-01 .1431E-01 .6094E-03 .1492E-01 .1431E-01 .6643E-04 .4546E-02
.1438E+04 .3306E+00 .7234E-02 .3082E-04 .5572E-02 .5541E-02 .7234E-02 .3047E-03 .7538E-02 .7234E-02 .3082E-04 .2297E-02
.1439E+04 .3274E+00 .2599E-01 .1248E-03 .2003E-01 .1991E-01 .2599E-01 .1111E-02 .2710E-01 .2599E-01 .1248E-03 .8248E-02
.1440E+04 .3144E+00 .2287E-01 .1175E-03 .1764E-01 .1752E-01 .2287E-01 .9860E-03 .2386E-01 .2287E-01 .1175E-03 .7254E-02
.1441E+04 .3227E+00 .1814E-01 .8353E-04 .1398E-01 .1390E-01 .1814E-01 .7695E-03 .1891E-01 .1814E-01 .8353E-04 .5743E-02
.1442E+04 .3186E+00 .2098E-01 .9361E-04 .1616E-01 .1607E-01 .2098E-01 .8855E-03 .2186E-01 .2098E-01 .9361E-04 .6634E-02
.1443E+04 .3220E+00 .3113E-01 .1640E-03 .2401E-01 .2384E-01 .3113E-01 .1343E-02 .3247E-01 .3113E-01 .1640E-03 .9843E-02
.1444E+04 .3208E+00 .3663E-01 .2034E-03 .2827E-01 .2806E-01 .3663E-01 .1592E-02 .3823E-01 .3663E-01 .2034E-03 .1158E-01
.1445E+04 .3250E+00 .2633E-01 .1272E-03 .2030E-01 .2017E-01 .2633E-01 .1120E-02 .2745E-01 .2633E-01 .1272E-03 .8305E-02
.1446E+04 .3224E+00 .1398E-01 .6165E-04 .1077E-01 .1071E-01 .1398E-01 .5872E-03 .1456E-01 .1398E-01 .6165E-04 .4404E-02
.1447E+04 .3225E+00 .2032E-01 .9773E-04 .1566E-01 .1557E-01 .2032E-01 .8638E-03 .2118E-01 .2032E-01 .9773E-04 .6408E-02
.1448E+04 .3244E+00 .8179E-01 .5453E-03 .6320E-01 .6265E-01 .8179E-01 .3662E-02 .8545E-01 .8179E-01 .5453E-03 .2584E-01
.1449E+04 .3233E+00 .7170E-01 .4673E-03 .5539E-01 .5492E-01 .7170E-01 .3194E-02 .7489E-01 .7170E-01 .4673E-03 .2262E-01
.1450E+04 .3190E+00 .1799E-01 .9158E-04 .1388E-01 .1378E-01 .1799E-01 .7695E-03 .1876E-01 .1799E-01 .9158E-04 .5663E-02
.1451E+04 .3156E+00 .7640E-02 .3547E-04 .5888E-02 .5852E-02 .7640E-02 .3222E-03 .7962E-02 .7640E-02 .3547E-04 .2401E-02
.1452E+04 .3188E+00 .4235E-01 .2440E-03 .3268E-01 .3244E-01 .4235E-01 .1843E-02 .4419E-01 .4235E-01 .2440E-03 .1331E-01
.1453E+04 .3182E+00 .5579E-01 .3342E-03 .4307E-01 .4274E-01 .5579E-01 .2441E-02 .5823E-01 .5579E-01 .3342E-03 .1752E-01
.1454E+04 .3147E+00 .1055E+00 .7637E-03 .8162E-01 .8085E-01 .1055E+00 .4779E-02 .1103E+00 .1055E+00 .7637E-03 .3320E-01
.1455E+04 .3143E+00 .4848E-01 .3009E-03 .3744E-01 .3714E-01 .4848E-01 .2134E-02 .5061E-01 .4848E-01 .3009E-03 .1523E-01
.1456E+04 .3153E+00 .5904E-01 .3605E-03 .4559E-01 .4523E-01 .5904E-01 .2592E-02 .6163E-01 .5904E-01 .3605E-03 .1855E-01
.1457E+04 .3173E+00 .8660E-01 .5878E-03 .6693E-01 .6634E-01 .8660E-01 .3873E-02 .9047E-01 .8660E-01 .5878E-03 .2723E-01
.1458E+04 .3199E+00 .1088E+00 .8068E-03 .8413E-01 .8332E-01 .1088E+00 .4949E-02 .1137E+00 .1088E+00 .8068E-03 .3422E-01
.1459E+04 .3186E+00 .1281E+00 .9632E-03 .9913E-01 .9817E-01 .1281E+00 .5846E-02 .1340E+00 .1281E+00 .9632E-03 .4032E-01
.1460E+04 .3167E+00 .6362E-01 .4274E-03 .4917E-01 .4874E-01 .6362E-01 .2840E-02 .6646E-01 .6362E-01 .4274E-03 .2000E-01
.1461E+04 .3156E+00 .6253E-01 .3876E-03 .4829E-01 .4790E-01 .6253E-01 .2752E-02 .6528E-01 .6253E-01 .3876E-03 .1965E-01
.1462E+04 .3129E+00 .9815E-01 .6910E-03 .7588E-01 .7519E-01 .9815E-01 .4420E-02 .1026E+00 .9815E-01 .6910E-03 .3087E-01
.1463E+04 .3116E+00 .3153E-01 .1861E-03 .2434E-01 .2415E-01 .3153E-01 .1376E-02 .3290E-01 .3153E-01 .1861E-03 .9903E-02
.1464E+04 .3136E+00 .1274E+00 .9673E-03 .9856E-01 .9760E-01 .1274E+00 .5824E-02 .1332E+00 .1274E+00 .9673E-03 .4009E-01
.1465E+04 .3115E+00 .7372E-01 .5214E-03 .5699E-01 .5647E-01 .7372E-01 .3323E-02 .7704E-01 .7372E-01 .5214E-03 .2319E-01
.1466E+04 .3137E+00 .4208E-01 .2354E-03 .3247E-01 .3223E-01 .4208E-01 .1821E-02 .4390E-01 .4208E-01 .2354E-03 .1321E-01
.1467E+04 .3131E+00 .2256E-01 .1136E-03 .1740E-01 .1728E-01 .2256E-01 .9609E-03 .2352E-01 .2256E-01 .1136E-03 .7079E-02
.1468E+04 .3118E+00 .5292E-01 .3158E-03 .4085E-01 .4054E-01 .5292E-01 .2314E-02 .5523E-01 .5292E-01 .3158E-03 .1662E-01
.1469E+04 .3137E+00 .6819E-01 .4408E-03 .5267E-01 .5223E-01 .6819E-01 .3023E-02 .7121E-01 .6819E-01 .4408E-03 .2143E-01
.1470E+04 .3085E+00 .3258E-01 .1621E-03 .2512E-01 .2496E-01 .3258E-01 .1386E-02 .3397E-01 .3258E-01 .1621E-03 .1022E-01
.1471E+04 .3082E+00 .1323E-01 .6588E-04 .1020E-01 .1013E-01 .1323E-01 .5630E-03 .1379E-01 .1323E-01 .6588E-04 .4155E-02
.1472E+04 .3069E+00 .2972E-01 .1441E-03 .2291E-01 .2276E-01 .2972E-01 .1261E-02 .3098E-01 .2972E-01 .1441E-03 .9339E-02
.1473E+04 .3035E+00 .4549E-01 .2582E-03 .3511E-01 .3485E-01 .4549E-01 .1978E-02 .4747E-01 .4549E-01 .2582E-03 .1432E-01
.1474E+04 .3030E+00 .7423E-01 .4976E-03 .5736E-01 .5686E-01 .7423E-01 .3320E-02 .7755E-01 .7423E-01 .4976E-03 .2340E-01
.1475E+04 .3038E+00 .1525E+00 .1183E-02 .1180E+00 .1168E+00 .1525E+00 .7017E-02 .1595E+00 .1525E+00 .1183E-02 .4812E-01
.1476E+04 .3051E+00 .4633E-01 .2779E-03 .3577E-01 .3549E-01 .4633E-01 .2035E-02 .4837E-01 .4633E-01 .2779E-03 .1462E-01
.1477E+04 .3036E+00 .4516E-01 .2589E-03 .3486E-01 .3460E-01 .4516E-01 .1973E-02 .4713E-01 .4516E-01 .2589E-03 .1427E-01
.1478E+04 .3037E+00 .4911E-01 .3161E-03 .3793E-01 .3762E-01 .4911E-01 .2190E-02 .5130E-01 .4911E-01 .3161E-03 .1556E-01
.1479E+04 .3077E+00 .9067E-01 .6309E-03 .7009E-01 .6946E-01 .9067E-01 .4102E-02 .9478E-01 .9067E-01 .6309E-03 .2874E-01
.1480E+04 .3057E+00 .4104E-01 .2354E-03 .3168E-01 .3144E-01 .4104E-01 .1795E-02 .4284E-01 .4104E-01 .2354E-03 .1299E-01
.1481E+04 .3046E+00 .8785E-01 .5960E-03 .6790E-01 .6730E-01 .8785E-01 .3960E-02 .9181E-01 .8785E-01 .5960E-03 .2789E-01
.1482E+04 .3040E+00 .3987E-01 .2438E-03 .3079E-01 .3054E-01 .3987E-01 .1768E-02 .4164E-01 .3987E-01 .2438E-03 .1268E-01
.1483E+04 .3014E+00 .1161E+00 .8428E-03 .8980E-01 .8896E-01 .1161E+00 .5318E-02 .1214E+00 .1161E+00 .8428E-03 .3702E-01
.1484E+04 .3056E+00 .1100E+00 .8162E-03 .8508E-01 .8426E-01 .1100E+00 .5060E-02 .1151E+00 .1100E+00 .8162E-03 .3508E-01
.1485E+04 .3062E+00 .9750E-01 .7052E-03 .7539E-01 .7469E-01 .9750E-01 .4463E-02 .1020E+00 .9750E-01 .7052E-03 .3109E-01
.1486E+04 .3023E+00 .9343E-01 .6437E-03 .7222E-01 .7157E-01 .9343E-01 .4247E-02 .9768E-01 .9343E-01 .6437E-03 .2986E-01
.1487E+04 .2898E+00 .3672E-01 .2082E-03 .2834E-01 .2813E-01 .3672E-01 .1619E-02 .3834E-01 .3672E-01 .2082E-03 .1176E-01
.1488E+04 .2795E+00 .7316E-01 .5003E-03 .5654E-01 .5604E-01 .7316E-01 .3337E-02 .7649E-01 .7316E-01 .5003E-03 .2351E-01
.1489E+04 .3010E+00 .1486E+00 .1140E-02 .1150E+00 .1138E+00 .1486E+00 .6933E-02 .1555E+00 .1486E+00 .1140E-02 .4784E-01
.1490E+04 .3028E+00 .1445E+00 .1144E-02 .1119E+00 .1107E+00 .1445E+00 .6793E-02 .1513E+00 .1445E+00 .1144E-02 .4660E-01
.1491E+04 .3015E+00 .1693E+00 .1387E-02 .1311E+00 .1297E+00 .1693E+00 .8021E-02 .1774E+00 .1693E+00 .1387E-02 .5466E-01
.1492E+04 .3013E+00 .1294E+00 .9611E-03 .1001E+00 .9916E-01 .1294E+00 .6016E-02 .1355E+00 .1294E+00 .9611E-03 .4179E-01
.1493E+04 .3030E+00 .1504E+00 .1179E-02 .1164E+00 .1152E+00 .1504E+00 .7069E-02 .1575E+00 .1504E+00 .1179E-02 .4860E-01
.1494E+04 .3034E+00 .1684E+00 .1377E-02 .1304E+00 .1290E+00 .1684E+00 .7985E-02 .1764E+00 .1684E+00 .1377E-02 .5444E-01
.1495E+04 .2982E+00 .1563E+00 .1263E-02 .1210E+00 .1197E+00 .1563E+00 .7391E-02 .1637E+00 .1563E+00 .1263E-02 .5051E-01
.1496E+04 .2940E+00 .1440E+00 .1140E-02 .1115E+00 .1103E+00 .1440E+00 .6789E-02 .1508E+00 .1440E+00 .1140E-02 .4660E-01
.1497E+04 .2976E+00 .2075E+00 .1812E-02 .1607E+00 .1589E+00 .2075E+00 .9994E-02 .2174E+00 .2075E+00 .1812E-02 .6725E-01
.1498E+04 .2977E+00 .1512E+00 .1214E-02 .1170E+00 .1158E+00 .1512E+00 .7159E-02 .1583E+00 .1512E+00 .1214E-02 .4903E-01
.1499E+04 .2978E+00 .1821E+00 .1503E-02 .1410E+00 .1395E+00 .1821E+00 .8681E-02 .1908E+00 .1821E+00 .1503E-02 .5912E-01
.1500E+04 .2995E+00 .2266E+00 .2000E-02 .1756E+00 .1736E+00 .2266E+00 .1097E-01 .2376E+00 .2266E+00 .2000E-02 .7370E-01
.1501E+04 .2977E+00 .2379E+00 .2095E-02 .1843E+00 .1822E+00 .2379E+00 .1151E-01 .2494E+00 .2379E+00 .2095E-02 .7736E-01
.1502E+04 .2827E+00 .1887E+00 .1616E-02 .1461E+00 .1445E+00 .1887E+00 .9073E-02 .1977E+00 .1887E+00 .1616E-02 .6135E-01
.1503E+04 .2785E+00 .1595E+00 .1294E-02 .1235E+00 .1222E+00 .1595E+00 .7583E-02 .1671E+00 .1595E+00 .1294E-02 .5184E-01
.1504E+04 .2747E+00 .1321E+00 .1041E-02 .1023E+00 .1012E+00 .1321E+00 .6244E-02 .1384E+00 .1321E+00 .1041E-02 .4294E-01
.1505E+04 .2744E+00 .1572E+00 .1292E-02 .1217E+00 .1204E+00 .1572E+00 .7493E-02 .1647E+00 .1572E+00 .1292E-02 .5110E-01
.1506E+04 .2873E+00 .2432E+00 .2182E-02 .1885E+00 .1863E+00 .2432E+00 .1182E-01 .2551E+00 .2432E+00 .2182E-02 .7914E-01
.1507E+04 .2918E+00 .2297E+00 .2026E-02 .1780E+00 .1760E+00 .2297E+00 .1112E-01 .2409E+00 .2297E+00 .2026E-02 .7474E-01
.1508E+04 .2871E+00 .2175E+00 .1905E-02 .1685E+00 .1666E+00 .2175E+00 .1051E-01 .2280E+00 .2175E+00 .1905E-02 .7074E-01
.1509E+04 .2912E+00 .1592E+00 .1292E-02 .1232E+00 .1219E+00 .1592E+00 .7569E-02 .1667E+00 .1592E+00 .1292E-02 .5175E-01
.1510E+04 .2940E+00 .2552E+00 .2301E-02 .1978E+00 .1955E+00 .2552E+00 .1241E-01 .2676E+00 .2552E+00 .2301E-02 .8302E-01
.1511E+04 .2928E+00 .2415E+00 .2130E-02 .1871E+00 .1850E+00 .2415E+00 .1170E-01 .2532E+00 .2415E+00 .2130E-02 .7863E-01
.1512E+04 .2874E+00 .2433E+00 .2184E-02 .1886E+00 .1864E+00 .2433E+00 .1184E-01 .2551E+00 .2433E+00 .2184E-02 .7931E-01
.1513E+04 .2867E+00 .2136E+00 .1826E-02 .1655E+00 .1636E+00 .2136E+00 .1029E-01 .2239E+00 .2136E+00 .1826E-02 .6964E-01
.1514E+04 .2870E+00 .1962E+00 .1641E-02 .1519E+00 .1503E+00 .1962E+00 .9408E-02 .2056E+00 .1962E+00 .1641E-02 .6395E-01
.1515E+04 .2884E+00 .2513E+00 .2262E-02 .1948E+00 .1925E+00 .2513E+00 .1225E-01 .2636E+00 .2513E+00 .2262E-02 .8197E-01
.1516E+04 .2859E+00 .2386E+00 .2124E-02 .1849E+00 .1828E+00 .2386E+00 .1160E-01 .2502E+00 .2386E+00 .2124E-02 .7782E-01
.1517E+04 .2873E+00 .2302E+00 .2008E-02 .1783E+00 .1763E+00 .2302E+00 .1114E-01 .2413E+00 .2302E+00 .2008E-02 .7505E-01
.1518E+04 .2876E+00 .2297E+00 .2012E-02 .1780E+00 .1760E+00 .2297E+00 .1113E-01 .2408E+00 .2297E+00 .2012E-02 .7490E-01
.1519E+04 .2869E+00 .2211E+00 .1902E-02 .1713E+00 .1694E+00 .2211E+00 .1067E-01 .2318E+00 .2211E+00 .1902E-02 .7209E-01
.1520E+04 .2854E+00 .2426E+00 .2135E-02 .1880E+00 .1858E+00 .2426E+00 .1176E-01 .2543E+00 .2426E+00 .2135E-02 .7912E-01
.1521E+04 .2815E+00 .2663E+00 .2436E-02 .2065E+00 .2040E+00 .2663E+00 .1303E-01 .2794E+00 .2663E+00 .2436E-02 .8690E-01
.1522E+04 .2814E+00 .2489E+00 .2217E-02 .1929E+00 .1907E+00 .2489E+00 .1210E-01 .2610E+00 .2489E+00 .2217E-02 .8118E-01
.1523E+04 .2840E+00 .2710E+00 .2479E-02 .2101E+00 .2076E+00 .2710E+00 .1326E-01 .2843E+00 .2710E+00 .2479E-02 .8842E-01
.1524E+04 .2817E+00 .2610E+00 .2358E-02 .2023E+00 .2000E+00 .2610E+00 .1273E-01 .2738E+00 .2610E+00 .2358E-02 .8515E-01
.1525E+04 .2825E+00 .2444E+00 .2148E-02 .1893E+00 .1872E+00 .2444E+00 .1185E-01 .2562E+00 .2444E+00 .2148E-02 .7970E-01
.1526E+04 .2845E+00 .2496E+00 .2203E-02 .1934E+00 .1912E+00 .2496E+00 .1211E-01 .2617E+00 .2496E+00 .2203E-02 .8142E-01
.1527E+04 .2845E+00 .2487E+00 .2203E-02 .1927E+00 .1905E+00 .2487E+00 .1208E-01 .2608E+00 .2487E+00 .2203E-02 .8112E-01
.1528E+04 .2838E+00 .2689E+00 .2436E-02 .2084E+00 .2060E+00 .2689E+00 .1312E-01 .2820E+00 .2689E+00 .2436E-02 .8772E-01
.1529E+04 .2757E+00 .2545E+00 .2285E-02 .1973E+00 .1950E+00 .2545E+00 .1240E-01 .2669E+00 .2545E+00 .2285E-02 .8303E-01
.1530E+04 .2737E+00 .2477E+00 .2198E-02 .1920E+00 .1898E+00 .2477E+00 .1204E-01 .2598E+00 .2477E+00 .2198E-02 .8080E-01
.1531E+04 .2814E+00 .2560E+00 .2278E-02 .1984E+00 .1961E+00 .2560E+00 .1243E-01 .2684E+00 .2560E+00 .2278E-02 .8341E-01
.1532E+04 .2802E+00 .2694E+00 .2441E-02 .2088E+00 .2064E+00 .2694E+00 .1313E-01 .2826E+00 .2694E+00 .2441E-02 .8773E-01
.1533E+04 .2775E+00 .2697E+00 .2448E-02 .2090E+00 .2066E+00 .2697E+00 .1314E-01 .2828E+00 .2697E+00 .2448E-02 .8777E-01
.1534E+04 .2750E+00 .2627E+00 .2367E-02 .2036E+00 .2012E+00 .2627E+00 .1278E-01 .2755E+00 .2627E+00 .2367E-02 .8548E-01
.1535E+04 .2782E+00 .2590E+00 .2310E-02 .2007E+00 .1984E+00 .2590E+00 .1257E-01 .2715E+00 .2590E+00 .2310E-02 .8426E-01
.1536E+04 .2794E+00 .2670E+00 .2400E-02 .2069E+00 .2045E+00 .2670E+00 .1297E-01 .2800E+00 .2670E+00 .2400E-02 .8679E-01
.1537E+04 .2769E+00 .2608E+00 .2329E-02 .2021E+00 .1998E+00 .2608E+00 .1264E-01 .2734E+00 .2608E+00 .2329E-02 .8467E-01
.1538E+04 .2740E+00 .2672E+00 .2413E-02 .2071E+00 .2047E+00 .2672E+00 .1298E-01 .2802E+00 .2672E+00 .2413E-02 .8673E-01
.1539E+04 .2721E+00 .2607E+00 .2336E-02 .2021E+00 .1997E+00 .2607E+00 .1264E-01 .2734E+00 .2607E+00 .2336E-02 .8463E-01
.1540E+04 .2696E+00 .2621E+00 .2358E-02 .2031E+00 .2008E+00 .2621E+00 .1272E-01 .2748E+00 .2621E+00 .2358E-02 .8508E-01
.1541E+04 .2727E+00 .2641E+00 .2370E-02 .2047E+00 .2023E+00 .2641E+00 .1280E-01 .2769E+00 .2641E+00 .2370E-02 .8564E-01
.1542E+04 .2734E+00 .2595E+00 .2308E-02 .2011E+00 .1988E+00 .2595E+00 .1254E-01 .2720E+00 .2595E+00 .2308E-02 .8402E-01
.1543E+04 .2750E+00 .2666E+00 .2387E-02 .2066E+00 .2043E+00 .2666E+00 .1290E-01 .2795E+00 .2666E+00 .2387E-02 .8630E-01
.1544E+04 .2756E+00 .2622E+00 .2330E-02 .2032E+00 .2009E+00 .2622E+00 .1266E-01 .2749E+00 .2622E+00 .2330E-02 .8486E-01
.1545E+04 .2760E+00 .2704E+00 .2424E-02 .2095E+00 .2071E+00 .2704E+00 .1308E-01 .2834E+00 .2704E+00 .2424E-02 .8750E-01
.1546E+04 .2742E+00 .2654E+00 .2366E-02 .2057E+00 .2033E+00 .2654E+00 .1284E-01 .2782E+00 .2654E+00 .2366E-02 .8599E-01
.1547E+04 .2683E+00 .2625E+00 .2347E-02 .2034E+00 .2011E+00 .2625E+00 .1272E-01 .2752E+00 .2625E+00 .2347E-02 .8515E-01
.1548E+04 .2681E+00 .2624E+00 .2345E-02 .2034E+00 .2010E+00 .2624E+00 .1273E-01 .2752E+00 .2624E+00 .2345E-02 .8523E-01
.1549E+04 .2693E+00 .2655E+00 .2376E-02 .2058E+00 .2034E+00 .2655E+00 .1289E-01 .2784E+00 .2655E+00 .2376E-02 .8631E-01
.1550E+04 .2680E+00 .2633E+00 .2351E-02 .2040E+00 .2017E+00 .2633E+00 .1278E-01 .2761E+00 .2633E+00 .2351E-02 .8567E-01
.1551E+04 .2706E+00 .2651E+00 .2361E-02 .2054E+00 .2031E+00 .2651E+00 .1286E-01 .2779E+00 .2651E+00 .2361E-02 .8626E-01
.1552E+04 .2710E+00 .2616E+00 .2316E-02 .2027E+00 .2004E+00 .2616E+00 .1268E-01 .2743E+00 .2616E+00 .2316E-02 .8514E-01
.1553E+04 .2662E+00 .2617E+00 .2329E-02 .2028E+00 .2005E+00 .2617E+00 .1270E-01 .2744E+00 .2617E+00 .2329E-02 .8518E-01
.1554E+04 .2647E+00 .2592E+00 .2301E-02 .2009E+00 .1986E+00 .2592E+00 .1257E-01 .2718E+00 .2592E+00 .2301E-02 .8436E-01
.1555E+04 .2646E+00 .2603E+00 .2311E-02 .2017E+00 .1994E+00 .2603E+00 .1262E-01 .2729E+00 .2603E+00 .2311E-02 .8470E-01
.1556E+04 .2648E+00 .2600E+00 .2304E-02 .2015E+00 .1992E+00 .2600E+00 .1261E-01 .2726E+00 .2600E+00 .2304E-02 .8461E-01
.1557E+04 .2676E+00 .2632E+00 .2332E-02 .2040E+00 .2017E+00 .2632E+00 .1276E-01 .2760E+00 .2632E+00 .2332E-02 .8567E-01
.1558E+04 .2662E+00 .2618E+00 .2317E-02 .2029E+00 .2006E+00 .2618E+00 .1270E-01 .2745E+00 .2618E+00 .2317E-02 .8525E-01
.1559E+04 .2647E+00 .2601E+00 .2298E-02 .2015E+00 .1992E+00 .2601E+00 .1262E-01 .2727E+00 .2601E+00 .2298E-02 .8477E-01
.1560E+04 .2666E+00 .2618E+00 .2310E-02 .2028E+00 .2005E+00 .2618E+00 .1270E-01 .2745E+00 .2618E+00 .2310E-02 .8540E-01
.1561E+04 .2683E+00 .2637E+00 .2325E-02 .2043E+00 .2020E+00 .2637E+00 .1281E-01 .2765E+00 .2637E+00 .2325E-02 .8611E-01
.1562E+04 .2663E+00 .2599E+00 .2284E-02 .2014E+00 .1991E+00 .2599E+00 .1262E-01 .2725E+00 .2599E+00 .2284E-02 .8497E-01
.1563E+04 .2635E+00 .2579E+00 .2267E-02 .1999E+00 .1976E+00 .2579E+00 .1254E-01 .2705E+00 .2579E+00 .2267E-02 .8441E-01
.1564E+04 .2650E+00 .2591E+00 .2274E-02 .2008E+00 .1985E+00 .2591E+00 .1260E-01 .2717E+00 .2591E+00 .2274E-02 .8487E-01
.1565E+04 .2643E+00 .2600E+00 .2284E-02 .2014E+00 .1992E+00 .2600E+00 .1265E-01 .2726E+00 .2600E+00 .2284E-02 .8523E-01
.1566E+04 .2614E+00 .2560E+00 .2244E-02 .1984E+00 .1961E+00 .2560E+00 .1247E-01 .2685E+00 .2560E+00 .2244E-02 .8404E-01
.1567E+04 .2614E+00 .2563E+00 .2245E-02 .1986E+00 .1964E+00 .2563E+00 .1249E-01 .2688E+00 .2563E+00 .2245E-02 .8423E-01
.1568E+04 .2592E+00 .2519E+00 .2197E-02 .1952E+00 .1930E+00 .2519E+00 .1228E-01 .2642E+00 .2519E+00 .2197E-02 .8292E-01
.1569E+04 .2597E+00 .2498E+00 .2168E-02 .1935E+00 .1913E+00 .2498E+00 .1218E-01 .2620E+00 .2498E+00 .2168E-02 .8238E-01
.1570E+04 .2622E+00 .2444E+00 .2094E-02 .1893E+00 .1872E+00 .2444E+00 .1191E-01 .2563E+00 .2444E+00 .2094E-02 .8080E-01
.1571E+04 .2643E+00 .2377E+00 .2007E-02 .1841E+00 .1821E+00 .2377E+00 .1158E-01 .2492E+00 .2377E+00 .2007E-02 .7880E-01
.1572E+04 .2625E+00 .2379E+00 .2014E-02 .1843E+00 .1822E+00 .2379E+00 .1162E-01 .2495E+00 .2379E+00 .2014E-02 .7912E-01
.1573E+04 .2612E+00 .2363E+00 .1997E-02 .1830E+00 .1810E+00 .2363E+00 .1155E-01 .2479E+00 .2363E+00 .1997E-02 .7871E-01
.1574E+04 .2525E+00 .2342E+00 .1997E-02 .1814E+00 .1794E+00 .2342E+00 .1148E-01 .2457E+00 .2342E+00 .1997E-02 .7812E-01
.1575E+04 .2500E+00 .2406E+00 .2078E-02 .1864E+00 .1843E+00 .2406E+00 .1184E-01 .2524E+00 .2406E+00 .2078E-02 .8031E-01
.1576E+04 .2477E+00 .2344E+00 .2009E-02 .1816E+00 .1796E+00 .2344E+00 .1151E-01 .2459E+00 .2344E+00 .2009E-02 .7824E-01
.1577E+04 .2419E+00 .2232E+00 .1893E-02 .1729E+00 .1710E+00 .2232E+00 .1094E-01 .2342E+00 .2232E+00 .1893E-02 .7451E-01
.1578E+04 .2548E+00 .2357E+00 .1999E-02 .1826E+00 .1806E+00 .2357E+00 .1157E-01 .2473E+00 .2357E+00 .1999E-02 .7880E-01
.1579E+04 .2589E+00 .2369E+00 .2000E-02 .1835E+00 .1815E+00 .2369E+00 .1163E-01 .2486E+00 .2369E+00 .2000E-02 .7936E-01
.1580E+04 .2602E+00 .2432E+00 .2067E-02 .1884E+00 .1863E+00 .2432E+00 .1197E-01 .2552E+00 .2432E+00 .2067E-02 .8159E-01
.1581E+04 .2562E+00 .2415E+00 .2057E-02 .1870E+00 .1850E+00 .2415E+00 .1191E-01 .2534E+00 .2415E+00 .2057E-02 .8111E-01
.1582E+04 .2504E+00 .2381E+00 .2034E-02 .1845E+00 .1824E+00 .2381E+00 .1176E-01 .2499E+00 .2381E+00 .2034E-02 .8009E-01
.1583E+04 .2523E+00 .2401E+00 .2049E-02 .1860E+00 .1839E+00 .2401E+00 .1186E-01 .2520E+00 .2401E+00 .2049E-02 .8082E-01
.1584E+04 .2537E+00 .2461E+00 .2113E-02 .1906E+00 .1885E+00 .2461E+00 .1218E-01 .2582E+00 .2461E+00 .2113E-02 .8290E-01
.1585E+04 .2557E+00 .2493E+00 .2143E-02 .1931E+00 .1910E+00 .2493E+00 .1235E-01 .2617E+00 .2493E+00 .2143E-02 .8408E-01
.1586E+04 .2535E+00 .2465E+00 .2115E-02 .1909E+00 .1888E+00 .2465E+00 .1222E-01 .2587E+00 .2465E+00 .2115E-02 .8320E-01
.1587E+04 .2492E+00 .2422E+00 .2076E-02 .1876E+00 .1855E+00 .2422E+00 .1202E-01 .2542E+00 .2422E+00 .2076E-02 .8186E-01
.1588E+04 .2397E+00 .2361E+00 .2032E-02 .1829E+00 .1809E+00 .2361E+00 .1173E-01 .2479E+00 .2361E+00 .2032E-02 .7988E-01
.1589E+04 .2320E+00 .2288E+00 .1968E-02 .1772E+00 .1752E+00 .2288E+00 .1137E-01 .2401E+00 .2288E+00 .1968E-02 .7746E-01
.1590E+04 .2381E+00 .2336E+00 .2004E-02 .1810E+00 .1790E+00 .2336E+00 .1162E-01 .2453E+00 .2336E+00 .2004E-02 .7918E-01
.1591E+04 .2435E+00 .2394E+00 .2054E-02 .1855E+00 .1834E+00 .2394E+00 .1192E-01 .2514E+00 .2394E+00 .2054E-02 .8124E-01
.1592E+04 .2523E+00 .2460E+00 .2101E-02 .1906E+00 .1885E+00 .2460E+00 .1225E-01 .2583E+00 .2460E+00 .2101E-02 .8356E-01
.1593E+04 .2545E+00 .2505E+00 .2144E-02 .1940E+00 .1919E+00 .2505E+00 .1247E-01 .2629E+00 .2505E+00 .2144E-02 .8507E-01
.1594E+04 .2553E+00 .2496E+00 .2129E-02 .1933E+00 .1912E+00 .2496E+00 .1242E-01 .2620E+00 .2496E+00 .2129E-02 .8478E-01
.1595E+04 .2510E+00 .2467E+00 .2106E-02 .1911E+00 .1889E+00 .2467E+00 .1228E-01 .2589E+00 .2467E+00 .2106E-02 .8382E-01
.1596E+04 .2441E+00 .2391E+00 .2037E-02 .1852E+00 .1832E+00 .2391E+00 .1191E-01 .2510E+00 .2391E+00 .2037E-02 .8134E-01
.1597E+04 .2517E+00 .2444E+00 .2073E-02 .1893E+00 .1872E+00 .2444E+00 .1217E-01 .2566E+00 .2444E+00 .2073E-02 .8321E-01
.1598E+04 .2530E+00 .2469E+00 .2097E-02 .1913E+00 .1892E+00 .2469E+00 .1231E-01 .2592E+00 .2469E+00 .2097E-02 .8416E-01
.1599E+04 .2501E+00 .2401E+00 .2024E-02 .1860E+00 .1840E+00 .2401E+00 .1196E-01 .2521E+00 .2401E+00 .2024E-02 .8192E-01
.1600E+04 .2479E+00 .2339E+00 .1956E-02 .1811E+00 .1792E+00 .2339E+00 .1164E-01 .2456E+00 .2339E+00 .1956E-02 .7982E-01
.1601E+04 .2451E+00 .2254E+00 .1865E-02 .1745E+00 .1727E+00 .2254E+00 .1119E-01 .2366E+00 .2254E+00 .1865E-02 .7692E-01
.1602E+04 .2468E+00 .2247E+00 .1849E-02 .1740E+00 .1721E+00 .2247E+00 .1114E-01 .2358E+00 .2247E+00 .1849E-02 .7666E-01
.1603E+04 .2477E+00 .2261E+00 .1861E-02 .1751E+00 .1732E+00 .2261E+00 .1121E-01 .2373E+00 .2261E+00 .1861E-02 .7715E-01
.1604E+04 .2459E+00 .2269E+00 .1873E-02 .1757E+00 .1738E+00 .2269E+00 .1126E-01 .2381E+00 .2269E+00 .1873E-02 .7742E-01
.1605E+04 .2456E+00 .2345E+00 .1960E-02 .1816E+00 .1797E+00 .2345E+00 .1167E-01 .2462E+00 .2345E+00 .1960E-02 .8003E-01
.1606E+04 .2429E+00 .2347E+00 .1968E-02 .1818E+00 .1798E+00 .2347E+00 .1168E-01 .2464E+00 .2347E+00 .1968E-02 .8009E-01
.1607E+04 .2450E+00 .2323E+00 .1931E-02 .1799E+00 .1779E+00 .2323E+00 .1154E-01 .2438E+00 .2323E+00 .1931E-02 .7927E-01
.1608E+04 .2461E+00 .2274E+00 .1870E-02 .1760E+00 .1742E+00 .2274E+00 .1127E-01 .2386E+00 .2274E+00 .1870E-02 .7758E-01
.1609E+04 .2387E+00 .2202E+00 .1807E-02 .1705E+00 .1687E+00 .2202E+00 .1091E-01 .2311E+00 .2202E+00 .1807E-02 .7512E-01
.1610E+04 .2338E+00 .2188E+00 .1804E-02 .1694E+00 .1676E+00 .2188E+00 .1086E-01 .2297E+00 .2188E+00 .1804E-02 .7470E-01
.1611E+04 .2382E+00 .2241E+00 .1851E-02 .1735E+00 .1717E+00 .2241E+00 .1114E-01 .2353E+00 .2241E+00 .1851E-02 .7660E-01
.1612E+04 .2402E+00 .2290E+00 .1898E-02 .1773E+00 .1754E+00 .2290E+00 .1139E-01 .2404E+00 .2290E+00 .1898E-02 .7833E-01
.1613E+04 .2417E+00 .2311E+00 .1916E-02 .1789E+00 .1770E+00 .2311E+00 .1150E-01 .2426E+00 .2311E+00 .1916E-02 .7906E-01
.1614E+04 .2411E+00 .2333E+00 .1941E-02 .1806E+00 .1787E+00 .2333E+00 .1162E-01 .2449E+00 .2333E+00 .1941E-02 .7980E-01
.1615E+04 .2354E+00 .2292E+00 .1909E-02 .1775E+00 .1756E+00 .2292E+00 .1142E-01 .2406E+00 .2292E+00 .1909E-02 .7846E-01
.1616E+04 .2319E+00 .2264E+00 .1887E-02 .1753E+00 .1734E+00 .2264E+00 .1129E-01 .2377E+00 .2264E+00 .1887E-02 .7760E-01
.1617E+04 .2373E+00 .2313E+00 .1924E-02 .1791E+00 .1772E+00 .2313E+00 .1154E-01 .2428E+00 .2313E+00 .1924E-02 .7935E-01
.1618E+04 .2404E+00 .2359E+00 .1966E-02 .1827E+00 .1807E+00 .2359E+00 .1178E-01 .2477E+00 .2359E+00 .1966E-02 .8094E-01
.1619E+04 .2374E+00 .2315E+00 .1922E-02 .1793E+00 .1774E+00 .2315E+00 .1155E-01 .2431E+00 .2315E+00 .1922E-02 .7943E-01
.1620E+04 .2308E+00 .2273E+00 .1892E-02 .1760E+00 .1741E+00 .2273E+00 .1134E-01 .2386E+00 .2273E+00 .1892E-02 .7796E-01
.1621E+04 .2339E+00 .2303E+00 .1915E-02 .1784E+00 .1764E+00 .2303E+00 .1150E-01 .2418E+00 .2303E+00 .1915E-02 .7902E-01
.1622E+04 .2376E+00 .2340E+00 .1943E-02 .1812E+00 .1792E+00 .2340E+00 .1167E-01 .2456E+00 .2340E+00 .1943E-02 .8026E-01
.1623E+04 .2409E+00 .2374E+00 .1970E-02 .1838E+00 .1819E+00 .2374E+00 .1184E-01 .2492E+00 .2374E+00 .1970E-02 .8144E-01
.1624E+04 .2389E+00 .2351E+00 .1948E-02 .1821E+00 .1801E+00 .2351E+00 .1173E-01 .2468E+00 .2351E+00 .1948E-02 .8065E-01
.1625E+04 .2379E+00 .2336E+00 .1932E-02 .1808E+00 .1789E+00 .2336E+00 .1164E-01 .2452E+00 .2336E+00 .1932E-02 .8012E-01
.1626E+04 .2388E+00 .2349E+00 .1942E-02 .1819E+00 .1800E+00 .2349E+00 .1171E-01 .2466E+00 .2349E+00 .1942E-02 .8059E-01
.1627E+04 .2402E+00 .2365E+00 .1954E-02 .1831E+00 .1812E+00 .2365E+00 .1179E-01 .2483E+00 .2365E+00 .1954E-02 .8114E-01
.1628E+04 .2403E+00 .2362E+00 .1948E-02 .1829E+00 .1809E+00 .2362E+00 .1177E-01 .2479E+00 .2362E+00 .1948E-02 .8101E-01
.1629E+04 .2375E+00 .2338E+00 .1927E-02 .1810E+00 .1791E+00 .2338E+00 .1165E-01 .2454E+00 .2338E+00 .1927E-02 .8019E-01
.1630E+04 .2365E+00 .2326E+00 .1914E-02 .1801E+00 .1782E+00 .2326E+00 .1158E-01 .2442E+00 .2326E+00 .1914E-02 .7978E-01
.1631E+04 .2368E+00 .2320E+00 .1905E-02 .1796E+00 .1777E+00 .2320E+00 .1155E-01 .2435E+00 .2320E+00 .1905E-02 .7957E-01
.1632E+04 .2355E+00 .2301E+00 .1885E-02 .1781E+00 .1763E+00 .2301E+00 .1145E-01 .2415E+00 .2301E+00 .1885E-02 .7893E-01
.1633E+04 .2317E+00 .2249E+00 .1837E-02 .1742E+00 .1723E+00 .2249E+00 .1119E-01 .2361E+00 .2249E+00 .1837E-02 .7716E-01
.1634E+04 .2328E+00 .2289E+00 .1876E-02 .1772E+00 .1754E+00 .2289E+00 .1139E-01 .2403E+00 .2289E+00 .1876E-02 .7854E-01
.1635E+04 .2342E+00 .2270E+00 .1849E-02 .1758E+00 .1739E+00 .2270E+00 .1128E-01 .2383E+00 .2270E+00 .1849E-02 .7789E-01
.1636E+04 .2292E+00 .2245E+00 .1833E-02 .1738E+00 .1720E+00 .2245E+00 .1116E-01 .2357E+00 .2245E+00 .1833E-02 .7702E-01
.1637E+04 .2252E+00 .2209E+00 .1803E-02 .1710E+00 .1692E+00 .2209E+00 .1098E-01 .2319E+00 .2209E+00 .1803E-02 .7578E-01
.1638E+04 .2198E+00 .2116E+00 .1713E-02 .1638E+00 .1621E+00 .2116E+00 .1051E-01 .2221E+00 .2116E+00 .1713E-02 .7260E-01
.1639E+04 .2208E+00 .2152E+00 .1748E-02 .1666E+00 .1649E+00 .2152E+00 .1069E-01 .2259E+00 .2152E+00 .1748E-02 .7383E-01
.1640E+04 .2213E+00 .2091E+00 .1677E-02 .1618E+00 .1602E+00 .2091E+00 .1036E-01 .2194E+00 .2091E+00 .1677E-02 .7172E-01
.1641E+04 .2201E+00 .2136E+00 .1728E-02 .1653E+00 .1636E+00 .2136E+00 .1060E-01 .2242E+00 .2136E+00 .1728E-02 .7326E-01
.1642E+04 .2225E+00 .2160E+00 .1746E-02 .1672E+00 .1654E+00 .2160E+00 .1072E-01 .2267E+00 .2160E+00 .1746E-02 .7409E-01
.1643E+04 .2236E+00 .2109E+00 .1684E-02 .1632E+00 .1615E+00 .2109E+00 .1044E-01 .2213E+00 .2109E+00 .1684E-02 .7233E-01
.1644E+04 .2218E+00 .2167E+00 .1753E-02 .1678E+00 .1660E+00 .2167E+00 .1076E-01 .2275E+00 .2167E+00 .1753E-02 .7435E-01
.1645E+04 .2235E+00 .2139E+00 .1715E-02 .1656E+00 .1639E+00 .2139E+00 .1060E-01 .2245E+00 .2139E+00 .1715E-02 .7339E-01
.1646E+04 .2256E+00 .2123E+00 .1689E-02 .1643E+00 .1626E+00 .2123E+00 .1050E-01 .2228E+00 .2123E+00 .1689E-02 .7282E-01
.1647E+04 .2257E+00 .2208E+00 .1781E-02 .1709E+00 .1691E+00 .2208E+00 .1095E-01 .2317E+00 .2208E+00 .1781E-02 .7574E-01
.1648E+04 .2240E+00 .2116E+00 .1682E-02 .1638E+00 .1621E+00 .2116E+00 .1047E-01 .2220E+00 .2116E+00 .1682E-02 .7257E-01
.1649E+04 .2231E+00 .2153E+00 .1725E-02 .1667E+00 .1650E+00 .2153E+00 .1067E-01 .2260E+00 .2153E+00 .1725E-02 .7387E-01
.1650E+04 .2237E+00 .2170E+00 .1739E-02 .1680E+00 .1662E+00 .2170E+00 .1075E-01 .2278E+00 .2170E+00 .1739E-02 .7444E-01
.1651E+04 .2233E+00 .2090E+00 .1650E-02 .1617E+00 .1601E+00 .2090E+00 .1032E-01 .2193E+00 .2090E+00 .1650E-02 .7167E-01
.1652E+04 .2243E+00 .2144E+00 .1706E-02 .1659E+00 .1642E+00 .2144E+00 .1060E-01 .2250E+00 .2144E+00 .1706E-02 .7352E-01
.1653E+04 .2244E+00 .2172E+00 .1734E-02 .1681E+00 .1663E+00 .2172E+00 .1074E-01 .2279E+00 .2172E+00 .1734E-02 .7440E-01
.1654E+04 .2238E+00 .2121E+00 .1678E-02 .1642E+00 .1625E+00 .2121E+00 .1046E-01 .2226E+00 .2121E+00 .1678E-02 .7259E-01
.1655E+04 .2242E+00 .2183E+00 .1742E-02 .1690E+00 .1672E+00 .2183E+00 .1078E-01 .2291E+00 .2183E+00 .1742E-02 .7468E-01
.1656E+04 .2252E+00 .2160E+00 .1713E-02 .1672E+00 .1655E+00 .2160E+00 .1066E-01 .2267E+00 .2160E+00 .1713E-02 .7390E-01
.1657E+04 .2247E+00 .2169E+00 .1722E-02 .1679E+00 .1661E+00 .2169E+00 .1070E-01 .2276E+00 .2169E+00 .1722E-02 .7419E-01
.1658E+04 .2238E+00 .2185E+00 .1740E-02 .1691E+00 .1673E+00 .2185E+00 .1078E-01 .2292E+00 .2185E+00 .1740E-02 .7466E-01
.1659E+04 .2231E+00 .2183E+00 .1738E-02 .1690E+00 .1673E+00 .2183E+00 .1076E-01 .2291E+00 .2183E+00 .1738E-02 .7454E-01
.1660E+04 .2249E+00 .2200E+00 .1749E-02 .1703E+00 .1685E+00 .2200E+00 .1083E-01 .2308E+00 .2200E+00 .1749E-02 .7503E-01
.1661E+04 .2248E+00 .2177E+00 .1723E-02 .1685E+00 .1668E+00 .2177E+00 .1070E-01 .2284E+00 .2177E+00 .1723E-02 .7418E-01
.1662E+04 .2230E+00 .2115E+00 .1659E-02 .1637E+00 .1620E+00 .2115E+00 .1037E-01 .2219E+00 .2115E+00 .1659E-02 .7199E-01
.1663E+04 .2219E+00 .2172E+00 .1722E-02 .1681E+00 .1664E+00 .2172E+00 .1066E-01 .2279E+00 .2172E+00 .1722E-02 .7387E-01
.1664E+04 .2214E+00 .2148E+00 .1695E-02 .1662E+00 .1645E+00 .2148E+00 .1053E-01 .2253E+00 .2148E+00 .1695E-02 .7297E-01
.1665E+04 .2195E+00 .2090E+00 .1635E-02 .1617E+00 .1601E+00 .2090E+00 .1022E-01 .2192E+00 .2090E+00 .1635E-02 .7093E-01
.1666E+04 .2188E+00 .1848E+00 .1381E-02 .1430E+00 .1416E+00 .1848E+00 .8952E-02 .1938E+00 .1848E+00 .1381E-02 .6266E-01
.1667E+04 .2175E+00 .2072E+00 .1618E-02 .1604E+00 .1588E+00 .2072E+00 .1012E-01 .2174E+00 .2072E+00 .1618E-02 .7021E-01
.1668E+04 .2153E+00 .2108E+00 .1661E-02 .1631E+00 .1614E+00 .2108E+00 .1030E-01 .2211E+00 .2108E+00 .1661E-02 .7133E-01
.1669E+04 .2184E+00 .2089E+00 .1631E-02 .1616E+00 .1600E+00 .2089E+00 .1018E-01 .2190E+00 .2089E+00 .1631E-02 .7060E-01
.1670E+04 .2191E+00 .2143E+00 .1684E-02 .1659E+00 .1642E+00 .2143E+00 .1045E-01 .2248E+00 .2143E+00 .1684E-02 .7238E-01
.1671E+04 .2150E+00 .2087E+00 .1634E-02 .1615E+00 .1599E+00 .2087E+00 .1016E-01 .2188E+00 .2087E+00 .1634E-02 .7041E-01
.1672E+04 .2106E+00 .2053E+00 .1608E-02 .1589E+00 .1573E+00 .2053E+00 .9985E-02 .2153E+00 .2053E+00 .1608E-02 .6920E-01
.1673E+04 .2145E+00 .2104E+00 .1649E-02 .1628E+00 .1612E+00 .2104E+00 .1023E-01 .2206E+00 .2104E+00 .1649E-02 .7085E-01
.1674E+04 .2143E+00 .2071E+00 .1613E-02 .1603E+00 .1587E+00 .2071E+00 .1005E-01 .2172E+00 .2071E+00 .1613E-02 .6969E-01
.1675E+04 .2101E+00 .2035E+00 .1585E-02 .1575E+00 .1559E+00 .2035E+00 .9863E-02 .2134E+00 .2035E+00 .1585E-02 .6840E-01
.1676E+04 .2105E+00 .2027E+00 .1574E-02 .1568E+00 .1553E+00 .2027E+00 .9810E-02 .2125E+00 .2027E+00 .1574E-02 .6806E-01
.1677E+04 .2121E+00 .2041E+00 .1583E-02 .1580E+00 .1564E+00 .2041E+00 .9870E-02 .2140E+00 .2041E+00 .1583E-02 .6847E-01
.1678E+04 .2104E+00 .1990E+00 .1532E-02 .1540E+00 .1525E+00 .1990E+00 .9601E-02 .2086E+00 .1990E+00 .1532E-02 .6669E-01
.1679E+04 .2064E+00 .2022E+00 .1574E-02 .1565E+00 .1549E+00 .2022E+00 .9767E-02 .2119E+00 .2022E+00 .1574E-02 .6769E-01
.1680E+04 .1991E+00 .1938E+00 .1503E-02 .1499E+00 .1484E+00 .1938E+00 .9350E-02 .2031E+00 .1938E+00 .1503E-02 .6484E-01
.1681E+04 .1972E+00 .1910E+00 .1477E-02 .1478E+00 .1463E+00 .1910E+00 .9210E-02 .2002E+00 .1910E+00 .1477E-02 .6390E-01
.1682E+04 .2025E+00 .1991E+00 .1547E-02 .1541E+00 .1525E+00 .1991E+00 .9611E-02 .2087E+00 .1991E+00 .1547E-02 .6662E-01
.1683E+04 .2070E+00 .2029E+00 .1573E-02 .1570E+00 .1554E+00 .2029E+00 .9783E-02 .2127E+00 .2029E+00 .1573E-02 .6783E-01
.1684E+04 .2093E+00 .1895E+00 .1429E-02 .1466E+00 .1452E+00 .1895E+00 .9082E-02 .1986E+00 .1895E+00 .1429E-02 .6329E-01
.1685E+04 .2094E+00 .2058E+00 .1594E-02 .1593E+00 .1577E+00 .2058E+00 .9909E-02 .2157E+00 .2058E+00 .1594E-02 .6870E-01
.1686E+04 .2090E+00 .2048E+00 .1582E-02 .1585E+00 .1569E+00 .2048E+00 .9855E-02 .2147E+00 .2048E+00 .1582E-02 .6836E-01
.1687E+04 .2090E+00 .1980E+00 .1510E-02 .1532E+00 .1517E+00 .1980E+00 .9504E-02 .2075E+00 .1980E+00 .1510E-02 .6607E-01
.1688E+04 .2087E+00 .2045E+00 .1576E-02 .1582E+00 .1566E+00 .2045E+00 .9828E-02 .2143E+00 .2045E+00 .1576E-02 .6819E-01
.1689E+04 .2066E+00 .2012E+00 .1547E-02 .1557E+00 .1541E+00 .2012E+00 .9659E-02 .2109E+00 .2012E+00 .1547E-02 .6704E-01
.1690E+04 .2089E+00 .1999E+00 .1527E-02 .1547E+00 .1532E+00 .1999E+00 .9578E-02 .2095E+00 .1999E+00 .1527E-02 .6654E-01
.1691E+04 .2101E+00 .1796E+00 .1321E-02 .1389E+00 .1376E+00 .1796E+00 .8533E-02 .1881E+00 .1796E+00 .1321E-02 .5968E-01
.1692E+04 .2103E+00 .1990E+00 .1510E-02 .1539E+00 .1524E+00 .1990E+00 .9502E-02 .2085E+00 .1990E+00 .1510E-02 .6607E-01
.1693E+04 .2099E+00 .2063E+00 .1583E-02 .1596E+00 .1580E+00 .2063E+00 .9874E-02 .2162E+00 .2063E+00 .1583E-02 .6850E-01
.1694E+04 .2094E+00 .1982E+00 .1499E-02 .1533E+00 .1518E+00 .1982E+00 .9459E-02 .2076E+00 .1982E+00 .1499E-02 .6580E-01
.1695E+04 .2089E+00 .2045E+00 .1564E-02 .1582E+00 .1567E+00 .2045E+00 .9780E-02 .2143E+00 .2045E+00 .1564E-02 .6790E-01
.1696E+04 .2082E+00 .2034E+00 .1554E-02 .1574E+00 .1558E+00 .2034E+00 .9717E-02 .2131E+00 .2034E+00 .1554E-02 .6746E-01
.1697E+04 .2079E+00 .1638E+00 .1165E-02 .1266E+00 .1254E+00 .1638E+00 .7711E-02 .1715E+00 .1638E+00 .1165E-02 .5422E-01
.1698E+04 .2077E+00 .2027E+00 .1543E-02 .1568E+00 .1553E+00 .2027E+00 .9666E-02 .2123E+00 .2027E+00 .1543E-02 .6714E-01
.1699E+04 .2061E+00 .1980E+00 .1501E-02 .1532E+00 .1517E+00 .1980E+00 .9437E-02 .2075E+00 .1980E+00 .1501E-02 .6560E-01
.1700E+04 .2044E+00 .1925E+00 .1447E-02 .1489E+00 .1475E+00 .1925E+00 .9158E-02 .2017E+00 .1925E+00 .1447E-02 .6376E-01
.1702E+04 .2027E+00 .1983E+00 .1505E-02 .1534E+00 .1519E+00 .1983E+00 .9452E-02 .2077E+00 .1983E+00 .1505E-02 .6568E-01
.1705E+04 .2029E+00 .1908E+00 .1426E-02 .1476E+00 .1461E+00 .1908E+00 .9064E-02 .1998E+00 .1908E+00 .1426E-02 .6316E-01
.1710E+04 .1982E+00 .1804E+00 .1332E-02 .1395E+00 .1382E+00 .1804E+00 .8531E-02 .1889E+00 .1804E+00 .1332E-02 .5956E-01
.1715E+04 .1994E+00 .1783E+00 .1305E-02 .1379E+00 .1366E+00 .1783E+00 .8407E-02 .1867E+00 .1783E+00 .1305E-02 .5876E-01
.1720E+04 .1960E+00 .1780E+00 .1304E-02 .1376E+00 .1363E+00 .1780E+00 .8391E-02 .1864E+00 .1780E+00 .1304E-02 .5864E-01
.1725E+04 .1934E+00 .1655E+00 .1186E-02 .1279E+00 .1268E+00 .1655E+00 .7769E-02 .1732E+00 .1655E+00 .1186E-02 .5451E-01
.1730E+04 .1912E+00 .1630E+00 .1162E-02 .1261E+00 .1249E+00 .1630E+00 .7634E-02 .1707E+00 .1630E+00 .1162E-02 .5360E-01
.1735E+04 .1815E+00 .1501E+00 .1060E-02 .1161E+00 .1150E+00 .1501E+00 .7016E-02 .1571E+00 .1501E+00 .1060E-02 .4935E-01
.1740E+04 .1849E+00 .1539E+00 .1081E-02 .1189E+00 .1179E+00 .1539E+00 .7199E-02 .1611E+00 .1539E+00 .1081E-02 .5069E-01
.1745E+04 .1858E+00 .1441E+00 .9979E-03 .1114E+00 .1104E+00 .1441E+00 .6726E-02 .1509E+00 .1441E+00 .9979E-03 .4749E-01
.1750E+04 .1844E+00 .1555E+00 .1084E-02 .1202E+00 .1191E+00 .1555E+00 .7266E-02 .1627E+00 .1555E+00 .1084E-02 .5124E-01
.1755E+04 .1843E+00 .1398E+00 .9508E-03 .1081E+00 .1071E+00 .1398E+00 .6519E-02 .1464E+00 .1398E+00 .9508E-03 .4619E-01
.1760E+04 .1817E+00 .1483E+00 .1016E-02 .1146E+00 .1136E+00 .1483E+00 .6937E-02 .1552E+00 .1483E+00 .1016E-02 .4910E-01
.1765E+04 .1798E+00 .1171E+00 .7642E-03 .9045E-01 .8969E-01 .1171E+00 .5431E-02 .1225E+00 .1171E+00 .7642E-03 .3876E-01
.1770E+04 .1784E+00 .1207E+00 .7750E-03 .9326E-01 .9248E-01 .1207E+00 .5598E-02 .1263E+00 .1207E+00 .7750E-03 .4008E-01
.1775E+04 .1759E+00 .9346E-01 .5669E-03 .7216E-01 .7159E-01 .9346E-01 .4294E-02 .9775E-01 .9346E-01 .5669E-03 .3103E-01
.1780E+04 .1736E+00 .8088E-01 .4754E-03 .6244E-01 .6196E-01 .8088E-01 .3704E-02 .8459E-01 .8088E-01 .4754E-03 .2690E-01
.1785E+04 .1727E+00 .5579E-01 .2998E-03 .4304E-01 .4274E-01 .5579E-01 .2526E-02 .5831E-01 .5579E-01 .2998E-03 .1859E-01
.1790E+04 .1722E+00 .6948E-01 .3843E-03 .5361E-01 .5323E-01 .6948E-01 .3166E-02 .7265E-01 .6948E-01 .3843E-03 .2322E-01
.1795E+04 .1702E+00 .2829E-01 .1168E-03 .2179E-01 .2167E-01 .2829E-01 .1243E-02 .2953E-01 .2829E-01 .1168E-03 .9460E-02
.1800E+04 .1683E+00 .2178E-01 .9658E-04 .1678E-01 .1668E-01 .2178E-01 .9661E-03 .2275E-01 .2178E-01 .9658E-04 .7293E-02
.1805E+04 .1669E+00 .8062E-02 .2324E-04 .6199E-02 .6176E-02 .8062E-02 .3429E-03 .8405E-02 .8062E-02 .2324E-04 .2699E-02
.1810E+04 .1655E+00 .4559E-02 .1412E-04 .3507E-02 .3493E-02 .4559E-02 .1951E-03 .4754E-02 .4559E-02 .1412E-04 .1527E-02
.1815E+04 .1584E+00 .1410E-02 .2417E-05 .1083E-02 .1080E-02 .1410E-02 .5798E-04 .1468E-02 .1410E-02 .2417E-05 .4715E-03
.1820E+04 .1556E+00 .2877E-03 .3275E-06 .2208E-03 .2204E-03 .2877E-03 .1165E-04 .2994E-03 .2877E-03 .3275E-06 .9635E-04
.1825E+04 .1600E+00 .4473E-03 .5529E-06 .3432E-03 .3427E-03 .4473E-03 .1822E-04 .4655E-03 .4473E-03 .5529E-06 .1502E-03
.1830E+04 .1593E+00 .7315E-06 .2659E-09 .5607E-06 .5604E-06 .7315E-06 .2899E-07 .7605E-06 .7315E-06 .2659E-09 .2452E-06
.1835E+04 .1577E+00 .3863E-06 .2049E-09 .2961E-06 .2959E-06 .3863E-06 .1536E-07 .4016E-06 .3863E-06 .2049E-09 .1293E-06
.1840E+04 .1556E+00 .9375E-08 .1954E-11 .7183E-08 .7181E-08 .9375E-08 .3682E-09 .9743E-08 .9375E-08 .1954E-11 .3128E-08
.1845E+04 .1531E+00 .3686E-06 .5011E-10 .2824E-06 .2823E-06 .3686E-06 .1442E-07 .3830E-06 .3686E-06 .5011E-10 .1228E-06
.1850E+04 .1534E+00 .1329E-06 .1465E-10 .1018E-06 .1018E-06 .1329E-06 .5167E-08 .1380E-06 .1329E-06 .1465E-10 .4403E-07
.1855E+04 .1521E+00 .2495E-07 .4853E-11 .1911E-07 .1911E-07 .2495E-07 .9635E-09 .2591E-07 .2495E-07 .4853E-11 .8188E-08
.1860E+04 .1501E+00 .2166E-05 .1175E-08 .1660E-05 .1659E-05 .2166E-05 .8351E-07 .2249E-05 .2166E-05 .1175E-08 .7022E-06
.1865E+04 .1480E+00 .1793E-05 .6595E-09 .1374E-05 .1374E-05 .1793E-05 .6687E-07 .1860E-05 .1793E-05 .6595E-09 .5651E-06
.1870E+04 .1456E+00 .4068E-11 .1079E-15 .3116E-11 .3116E-11 .4068E-11 .1470E-12 .4215E-11 .4068E-11 .1079E-15 .1256E-11
.1875E+04 .1349E+00 .7874E-11 .2346E-15 .6032E-11 .6032E-11 .7874E-11 .2772E-12 .8151E-11 .7874E-11 .2346E-15 .2367E-11
.1880E+04 .1425E+00 .1302E-04 .8118E-08 .9981E-05 .9973E-05 .1302E-04 .4575E-06 .1348E-04 .1302E-04 .8118E-08 .3830E-05
.1885E+04 .1432E+00 .8787E-05 .5140E-08 .6737E-05 .6732E-05 .8787E-05 .3033E-06 .9091E-05 .8787E-05 .5140E-08 .2542E-05
.1890E+04 .1410E+00 .3303E-04 .1718E-07 .2532E-04 .2530E-04 .3303E-04 .1119E-05 .3415E-04 .3303E-04 .1718E-07 .9398E-05
.1895E+04 .1379E+00 .2253E-04 .1512E-07 .1727E-04 .1726E-04 .2253E-04 .7388E-06 .2327E-04 .2253E-04 .1512E-07 .6165E-05
.1900E+04 .1389E+00 .6625E-07 .1546E-10 .5077E-07 .5075E-07 .6625E-07 .2083E-08 .6834E-07 .6625E-07 .1546E-10 .1766E-07
.1905E+04 .1382E+00 .5066E-07 .1395E-10 .3882E-07 .3881E-07 .5066E-07 .1611E-08 .5227E-07 .5066E-07 .1395E-10 .1364E-07
.1910E+04 .1367E+00 .2687E-05 .1013E-08 .2059E-05 .2058E-05 .2687E-05 .8095E-07 .2768E-05 .2687E-05 .1013E-08 .6819E-06
.1915E+04 .1358E+00 .3498E-05 .2113E-08 .2681E-05 .2679E-05 .3498E-05 .1057E-06 .3603E-05 .3498E-05 .2113E-08 .8826E-06
.1920E+04 .1342E+00 .6586E-04 .4277E-07 .5049E-04 .5045E-04 .6586E-04 .1997E-05 .6786E-04 .6586E-04 .4277E-07 .1664E-04
.1925E+04 .1335E+00 .1994E-03 .1985E-06 .1530E-03 .1528E-03 .1994E-03 .6155E-05 .2056E-03 .1994E-03 .1985E-06 .5064E-04
.1930E+04 .1304E+00 .1441E-03 .1727E-06 .1106E-03 .1104E-03 .1441E-03 .4513E-05 .1486E-03 .1441E-03 .1727E-06 .3686E-04
.1935E+04 .1303E+00 .1335E-02 .2544E-05 .1025E-02 .1023E-02 .1335E-02 .4327E-04 .1378E-02 .1335E-02 .2544E-05 .3445E-03
.1940E+04 .1273E+00 .1453E-02 .3525E-05 .1116E-02 .1113E-02 .1453E-02 .4816E-04 .1501E-02 .1453E-02 .3525E-05 .3765E-03
.1945E+04 .1204E+00 .6344E-02 .1826E-04 .4878E-02 .4860E-02 .6344E-02 .2150E-03 .6559E-02 .6344E-02 .1826E-04 .1656E-02
.1950E+04 .1247E+00 .1131E-01 .3848E-04 .8704E-02 .8665E-02 .1131E-01 .3938E-03 .1171E-01 .1131E-01 .3848E-04 .2982E-02
.1955E+04 .1268E+00 .6423E-02 .1658E-04 .4937E-02 .4920E-02 .6423E-02 .2205E-03 .6643E-02 .6423E-02 .1658E-04 .1720E-02
.1960E+04 .1252E+00 .1749E-01 .6359E-04 .1346E-01 .1340E-01 .1749E-01 .6307E-03 .1812E-01 .1749E-01 .6359E-04 .4756E-02
.1965E+04 .1231E+00 .2514E-01 .1007E-03 .1936E-01 .1926E-01 .2514E-01 .9267E-03 .2607E-01 .2514E-01 .1007E-03 .6915E-02
.1970E+04 .1226E+00 .4407E-01 .2044E-03 .3396E-01 .3376E-01 .4407E-01 .1671E-02 .4574E-01 .4407E-01 .2044E-03 .1224E-01
.1975E+04 .1205E+00 .5485E-01 .2707E-03 .4229E-01 .4202E-01 .5485E-01 .2111E-02 .5696E-01 .5485E-01 .2707E-03 .1534E-01
.1980E+04 .1192E+00 .6527E-01 .3442E-03 .5034E-01 .5000E-01 .6527E-01 .2554E-02 .6782E-01 .6527E-01 .3442E-03 .1839E-01
.1985E+04 .1184E+00 .7261E-01 .3946E-03 .5602E-01 .5562E-01 .7261E-01 .2882E-02 .7549E-01 .7261E-01 .3946E-03 .2069E-01
.1990E+04 .1183E+00 .7234E-01 .3887E-03 .5580E-01 .5541E-01 .7234E-01 .2875E-02 .7521E-01 .7234E-01 .3887E-03 .2069E-01
.1995E+04 .1163E+00 .7360E-01 .3955E-03 .5678E-01 .5638E-01 .7360E-01 .2921E-02 .7653E-01 .7360E-01 .3955E-03 .2102E-01
.2000E+04 .1160E+00 .4422E-01 .2119E-03 .3409E-01 .3388E-01 .4422E-01 .1720E-02 .4594E-01 .4422E-01 .2119E-03 .1259E-01
.2005E+04 .1148E+00 .2051E-01 .7674E-04 .1579E-01 .1571E-01 .2051E-01 .7679E-03 .2128E-01 .2051E-01 .7674E-04 .5797E-02
.2010E+04 .1145E+00 .5182E-01 .2521E-03 .3995E-01 .3970E-01 .5182E-01 .1997E-02 .5382E-01 .5182E-01 .2521E-03 .1455E-01
.2015E+04 .1135E+00 .3372E-01 .1452E-03 .2597E-01 .2583E-01 .3372E-01 .1264E-02 .3498E-01 .3372E-01 .1452E-03 .9357E-02
.2020E+04 .1115E+00 .5131E-01 .2529E-03 .3956E-01 .3931E-01 .5131E-01 .1947E-02 .5326E-01 .5131E-01 .2529E-03 .1411E-01
.2025E+04 .1109E+00 .7654E-01 .4295E-03 .5906E-01 .5863E-01 .7654E-01 .2940E-02 .7948E-01 .7654E-01 .4295E-03 .2084E-01
.2030E+04 .1092E+00 .8092E-01 .4661E-03 .6245E-01 .6199E-01 .8092E-01 .3089E-02 .8401E-01 .8092E-01 .4661E-03 .2175E-01
.2035E+04 .1082E+00 .9374E-01 .5640E-03 .7238E-01 .7181E-01 .9374E-01 .3581E-02 .9733E-01 .9374E-01 .5640E-03 .2497E-01
.2040E+04 .1077E+00 .8738E-01 .5112E-03 .6745E-01 .6694E-01 .8738E-01 .3296E-02 .9068E-01 .8738E-01 .5112E-03 .2306E-01
.2045E+04 .1078E+00 .9010E-01 .5267E-03 .6955E-01 .6902E-01 .9010E-01 .3377E-02 .9348E-01 .9010E-01 .5267E-03 .2360E-01
.2050E+04 .1065E+00 .7473E-01 .4084E-03 .5766E-01 .5725E-01 .7473E-01 .2751E-02 .7748E-01 .7473E-01 .4084E-03 .1943E-01
.2055E+04 .1054E+00 .6311E-01 .3244E-03 .4867E-01 .4834E-01 .6311E-01 .2287E-02 .6540E-01 .6311E-01 .3244E-03 .1631E-01
.2060E+04 .1038E+00 .7317E-01 .3975E-03 .5645E-01 .5605E-01 .7317E-01 .2670E-02 .7584E-01 .7317E-01 .3975E-03 .1885E-01
.2065E+04 .1030E+00 .6892E-01 .3648E-03 .5316E-01 .5279E-01 .6892E-01 .2496E-02 .7141E-01 .6892E-01 .3648E-03 .1769E-01
.2070E+04 .1024E+00 .7139E-01 .3813E-03 .5507E-01 .5469E-01 .7139E-01 .2577E-02 .7397E-01 .7139E-01 .3813E-03 .1822E-01
.2075E+04 .1023E+00 .8177E-01 .4570E-03 .6309E-01 .6264E-01 .8177E-01 .2968E-02 .8474E-01 .8177E-01 .4570E-03 .2080E-01
.2080E+04 .1007E+00 .8768E-01 .5042E-03 .6767E-01 .6716E-01 .8768E-01 .3195E-02 .9087E-01 .8768E-01 .5042E-03 .2227E-01
.2085E+04 .9979E-01 .8654E-01 .4944E-03 .6679E-01 .6630E-01 .8654E-01 .3150E-02 .8969E-01 .8654E-01 .4944E-03 .2198E-01
.2090E+04 .9881E-01 .9024E-01 .5215E-03 .6965E-01 .6913E-01 .9024E-01 .3297E-02 .9354E-01 .9024E-01 .5215E-03 .2297E-01
.2095E+04 .9735E-01 .8952E-01 .5175E-03 .6910E-01 .6858E-01 .8952E-01 .3267E-02 .9279E-01 .8952E-01 .5175E-03 .2275E-01
.2100E+04 .9751E-01 .8376E-01 .4747E-03 .6464E-01 .6416E-01 .8376E-01 .3045E-02 .8680E-01 .8376E-01 .4747E-03 .2128E-01
.2105E+04 .9690E-01 .9308E-01 .5399E-03 .7184E-01 .7130E-01 .9308E-01 .3407E-02 .9649E-01 .9308E-01 .5399E-03 .2373E-01
.2110E+04 .9579E-01 .8883E-01 .5081E-03 .6856E-01 .6805E-01 .8883E-01 .3257E-02 .9209E-01 .8883E-01 .5081E-03 .2276E-01
.2115E+04 .9495E-01 .9123E-01 .5248E-03 .7041E-01 .6989E-01 .9123E-01 .3349E-02 .9458E-01 .9123E-01 .5248E-03 .2338E-01
.2120E+04 .9376E-01 .8561E-01 .4844E-03 .6606E-01 .6558E-01 .8561E-01 .3145E-02 .8875E-01 .8561E-01 .4844E-03 .2204E-01
.2125E+04 .9291E-01 .8705E-01 .4940E-03 .6718E-01 .6668E-01 .8705E-01 .3208E-02 .9026E-01 .8705E-01 .4940E-03 .2248E-01
.2130E+04 .9283E-01 .8821E-01 .5013E-03 .6807E-01 .6757E-01 .8821E-01 .3262E-02 .9147E-01 .8821E-01 .5013E-03 .2287E-01
.2135E+04 .9171E-01 .8894E-01 .5052E-03 .6864E-01 .6813E-01 .8894E-01 .3301E-02 .9224E-01 .8894E-01 .5052E-03 .2316E-01
.2140E+04 .9147E-01 .8990E-01 .5104E-03 .6938E-01 .6887E-01 .8990E-01 .3340E-02 .9325E-01 .8990E-01 .5104E-03 .2345E-01
.2145E+04 .9065E-01 .8903E-01 .5030E-03 .6871E-01 .6820E-01 .8903E-01 .3306E-02 .9234E-01 .8903E-01 .5030E-03 .2323E-01
.2150E+04 .9013E-01 .8230E-01 .4527E-03 .6350E-01 .6305E-01 .8230E-01 .3041E-02 .8534E-01 .8230E-01 .4527E-03 .2147E-01
.2155E+04 .8927E-01 .8256E-01 .4533E-03 .6370E-01 .6324E-01 .8256E-01 .3053E-02 .8561E-01 .8256E-01 .4533E-03 .2156E-01
.2160E+04 .8784E-01 .8192E-01 .4492E-03 .6321E-01 .6276E-01 .8192E-01 .3025E-02 .8495E-01 .8192E-01 .4492E-03 .2137E-01
.2165E+04 .8275E-01 .7468E-01 .4051E-03 .5761E-01 .5721E-01 .7468E-01 .2753E-02 .7743E-01 .7468E-01 .4051E-03 .1948E-01
.2170E+04 .8514E-01 .7991E-01 .4364E-03 .6165E-01 .6121E-01 .7991E-01 .2949E-02 .8286E-01 .7991E-01 .4364E-03 .2085E-01
.2175E+04 .8568E-01 .7749E-01 .4156E-03 .5978E-01 .5936E-01 .7749E-01 .2851E-02 .8034E-01 .7749E-01 .4156E-03 .2021E-01
.2180E+04 .8497E-01 .8043E-01 .4352E-03 .6205E-01 .6161E-01 .8043E-01 .2964E-02 .8339E-01 .8043E-01 .4352E-03 .2098E-01
.2185E+04 .8464E-01 .7029E-01 .3665E-03 .5421E-01 .5385E-01 .7029E-01 .2573E-02 .7286E-01 .7029E-01 .3665E-03 .1833E-01
.2190E+04 .8364E-01 .7698E-01 .4095E-03 .5938E-01 .5897E-01 .7698E-01 .2829E-02 .7981E-01 .7698E-01 .4095E-03 .2008E-01
.2195E+04 .8342E-01 .7618E-01 .4021E-03 .5876E-01 .5835E-01 .7618E-01 .2796E-02 .7897E-01 .7618E-01 .4021E-03 .1988E-01
.2200E+04 .8263E-01 .7017E-01 .3607E-03 .5411E-01 .5375E-01 .7017E-01 .2556E-02 .7272E-01 .7017E-01 .3607E-03 .1824E-01
.2205E+04 .8073E-01 .7152E-01 .3707E-03 .5516E-01 .5479E-01 .7152E-01 .2602E-02 .7412E-01 .7152E-01 .3707E-03 .1853E-01
.2210E+04 .8053E-01 .7741E-01 .4083E-03 .5971E-01 .5930E-01 .7741E-01 .2821E-02 .8024E-01 .7741E-01 .4083E-03 .2003E-01
.2215E+04 .8024E-01 .7406E-01 .3843E-03 .5712E-01 .5674E-01 .7406E-01 .2685E-02 .7675E-01 .7406E-01 .3843E-03 .1911E-01
.2220E+04 .7974E-01 .7675E-01 .4004E-03 .5919E-01 .5879E-01 .7675E-01 .2777E-02 .7952E-01 .7675E-01 .4004E-03 .1974E-01
.2225E+04 .7873E-01 .7411E-01 .3823E-03 .5715E-01 .5677E-01 .7411E-01 .2666E-02 .7678E-01 .7411E-01 .3823E-03 .1896E-01
.2230E+04 .7832E-01 .7566E-01 .3909E-03 .5835E-01 .5796E-01 .7566E-01 .2711E-02 .7837E-01 .7566E-01 .3909E-03 .1927E-01
.2235E+04 .7766E-01 .7373E-01 .3768E-03 .5686E-01 .5648E-01 .7373E-01 .2623E-02 .7635E-01 .7373E-01 .3768E-03 .1865E-01
.2240E+04 .7661E-01 .7346E-01 .3742E-03 .5665E-01 .5628E-01 .7346E-01 .2598E-02 .7606E-01 .7346E-01 .3742E-03 .1846E-01
.2245E+04 .7621E-01 .7131E-01 .3580E-03 .5498E-01 .5462E-01 .7131E-01 .2495E-02 .7380E-01 .7131E-01 .3580E-03 .1775E-01
.2250E+04 .7546E-01 .7233E-01 .3635E-03 .5577E-01 .5541E-01 .7233E-01 .2486E-02 .7482E-01 .7233E-01 .3635E-03 .1762E-01
.2255E+04 .7461E-01 .6917E-01 .3414E-03 .5333E-01 .5299E-01 .6917E-01 .2348E-02 .7152E-01 .6917E-01 .3414E-03 .1666E-01
.2260E+04 .7419E-01 .6837E-01 .3344E-03 .5271E-01 .5238E-01 .6837E-01 .2285E-02 .7066E-01 .6837E-01 .3344E-03 .1619E-01
.2265E+04 .7352E-01 .6923E-01 .3390E-03 .5337E-01 .5303E-01 .6923E-01 .2291E-02 .7152E-01 .6923E-01 .3390E-03 .1620E-01
.2270E+04 .7323E-01 .6675E-01 .3212E-03 .5145E-01 .5113E-01 .6675E-01 .2190E-02 .6893E-01 .6675E-01 .3212E-03 .1551E-01
.2275E+04 .7269E-01 .6597E-01 .3152E-03 .5085E-01 .5053E-01 .6597E-01 .2156E-02 .6812E-01 .6597E-01 .3152E-03 .1528E-01
.2280E+04 .7147E-01 .6715E-01 .3232E-03 .5176E-01 .5144E-01 .6715E-01 .2197E-02 .6934E-01 .6715E-01 .3232E-03 .1555E-01
.2285E+04 .7108E-01 .6459E-01 .3054E-03 .4978E-01 .4948E-01 .6459E-01 .2101E-02 .6669E-01 .6459E-01 .3054E-03 .1491E-01
.2290E+04 .7069E-01 .6440E-01 .3031E-03 .4963E-01 .4933E-01 .6440E-01 .2088E-02 .6648E-01 .6440E-01 .3031E-03 .1482E-01
.2295E+04 .6914E-01 .6275E-01 .2934E-03 .4836E-01 .4807E-01 .6275E-01 .2032E-02 .6478E-01 .6275E-01 .2934E-03 .1444E-01
.2300E+04 .6923E-01 .6022E-01 .2759E-03 .4640E-01 .4613E-01 .6022E-01 .1943E-02 .6216E-01 .6022E-01 .2759E-03 .1386E-01
.2305E+04 .6902E-01 .6021E-01 .2746E-03 .4640E-01 .4613E-01 .6021E-01 .1936E-02 .6215E-01 .6021E-01 .2746E-03 .1380E-01
.2310E+04 .6848E-01 .6229E-01 .2874E-03 .4801E-01 .4772E-01 .6229E-01 .2007E-02 .6430E-01 .6229E-01 .2874E-03 .1428E-01
.2315E+04 .6764E-01 .5828E-01 .2624E-03 .4491E-01 .4465E-01 .5828E-01 .1870E-02 .6015E-01 .5828E-01 .2624E-03 .1336E-01
.2320E+04 .6675E-01 .5175E-01 .2253E-03 .3986E-01 .3964E-01 .5175E-01 .1651E-02 .5340E-01 .5175E-01 .2253E-03 .1186E-01
.2325E+04 .6538E-01 .5293E-01 .2331E-03 .4078E-01 .4055E-01 .5293E-01 .1692E-02 .5463E-01 .5293E-01 .2331E-03 .1213E-01
.2330E+04 .6565E-01 .5460E-01 .2389E-03 .4207E-01 .4183E-01 .5460E-01 .1743E-02 .5634E-01 .5460E-01 .2389E-03 .1252E-01
.2335E+04 .6513E-01 .5676E-01 .2509E-03 .4373E-01 .4348E-01 .5676E-01 .1817E-02 .5857E-01 .5676E-01 .2509E-03 .1302E-01
.2340E+04 .6491E-01 .4227E-01 .1721E-03 .3256E-01 .3238E-01 .4227E-01 .1339E-02 .4361E-01 .4227E-01 .1721E-03 .9723E-02
.2345E+04 .6465E-01 .5049E-01 .2135E-03 .3889E-01 .3868E-01 .5049E-01 .1608E-02 .5210E-01 .5049E-01 .2135E-03 .1161E-01
.2350E+04 .6355E-01 .3851E-01 .1546E-03 .2965E-01 .2950E-01 .3851E-01 .1217E-02 .3973E-01 .3851E-01 .1546E-03 .8860E-02
.2355E+04 .6224E-01 .4609E-01 .1900E-03 .3550E-01 .3531E-01 .4609E-01 .1463E-02 .4756E-01 .4609E-01 .1900E-03 .1061E-01
.2360E+04 .6250E-01 .4845E-01 .2012E-03 .3732E-01 .3711E-01 .4845E-01 .1539E-02 .4999E-01 .4845E-01 .2012E-03 .1115E-01
.2365E+04 .6234E-01 .4468E-01 .1830E-03 .3441E-01 .3423E-01 .4468E-01 .1414E-02 .4609E-01 .4468E-01 .1830E-03 .1026E-01
.2370E+04 .6161E-01 .2711E-01 .9649E-04 .2087E-01 .2077E-01 .2711E-01 .8421E-03 .2796E-01 .2711E-01 .9649E-04 .6235E-02
.2375E+04 .6093E-01 .4096E-01 .1616E-03 .3154E-01 .3138E-01 .4096E-01 .1291E-02 .4226E-01 .4096E-01 .1616E-03 .9424E-02
.2380E+04 .6059E-01 .3668E-01 .1411E-03 .2824E-01 .2810E-01 .3668E-01 .1152E-02 .3784E-01 .3668E-01 .1411E-03 .8438E-02
.2385E+04 .5860E-01 .2624E-01 .9323E-04 .2020E-01 .2010E-01 .2624E-01 .8148E-03 .2706E-01 .2624E-01 .9323E-04 .6034E-02
.2390E+04 .5910E-01 .3218E-01 .1195E-03 .2477E-01 .2465E-01 .3218E-01 .1003E-02 .3318E-01 .3218E-01 .1195E-03 .7378E-02
.2395E+04 .5888E-01 .3626E-01 .1369E-03 .2791E-01 .2778E-01 .3626E-01 .1132E-02 .3739E-01 .3626E-01 .1369E-03 .8304E-02
.2400E+04 .5851E-01 .3908E-01 .1483E-03 .3009E-01 .2994E-01 .3908E-01 .1214E-02 .4030E-01 .3908E-01 .1483E-03 .8893E-02
.2405E+04 .5817E-01 .2816E-01 .1005E-03 .2167E-01 .2157E-01 .2816E-01 .8638E-03 .2903E-01 .2816E-01 .1005E-03 .6380E-02
.2410E+04 .5773E-01 .2763E-01 .9640E-04 .2126E-01 .2116E-01 .2763E-01 .8402E-03 .2847E-01 .2763E-01 .9640E-04 .6219E-02
.2415E+04 .5600E-01 .2132E-01 .6874E-04 .1640E-01 .1633E-01 .2132E-01 .6373E-03 .2196E-01 .2132E-01 .6874E-04 .4761E-02
.2420E+04 .5626E-01 .2128E-01 .6947E-04 .1637E-01 .1630E-01 .2128E-01 .6342E-03 .2191E-01 .2128E-01 .6947E-04 .4727E-02
.2425E+04 .5606E-01 .2793E-01 .9463E-04 .2149E-01 .2139E-01 .2793E-01 .8229E-03 .2875E-01 .2793E-01 .9463E-04 .6089E-02
.2430E+04 .5584E-01 .3839E-01 .1367E-03 .2955E-01 .2941E-01 .3839E-01 .1129E-02 .3952E-01 .3839E-01 .1367E-03 .8285E-02
.2435E+04 .5519E-01 .1036E-01 .2859E-04 .7962E-02 .7934E-02 .1036E-01 .2916E-03 .1065E-01 .1036E-01 .2859E-04 .2207E-02
.2440E+04 .5505E-01 .3586E-01 .1246E-03 .2760E-01 .2747E-01 .3586E-01 .1019E-02 .3688E-01 .3586E-01 .1246E-03 .7468E-02
.2445E+04 .5433E-01 .1545E-01 .4497E-04 .1188E-01 .1183E-01 .1545E-01 .4214E-03 .1587E-01 .1545E-01 .4497E-04 .3153E-02
.2450E+04 .5341E-01 .9356E-02 .2437E-04 .7192E-02 .7167E-02 .9356E-02 .2500E-03 .9606E-02 .9356E-02 .2437E-04 .1894E-02
.2455E+04 .5300E-01 .1809E-01 .5439E-04 .1391E-01 .1386E-01 .1809E-01 .4870E-03 .1858E-01 .1809E-01 .5439E-04 .3620E-02
.2460E+04 .5314E-01 .2648E-01 .8198E-04 .2036E-01 .2028E-01 .2648E-01 .7077E-03 .2719E-01 .2648E-01 .8198E-04 .5231E-02
.2465E+04 .5302E-01 .1727E-01 .4769E-04 .1328E-01 .1323E-01 .1727E-01 .4497E-03 .1772E-01 .1727E-01 .4769E-04 .3368E-02
.2470E+04 .5220E-01 .9638E-02 .2226E-04 .7405E-02 .7383E-02 .9638E-02 .2440E-03 .9882E-02 .9638E-02 .2226E-04 .1864E-02
.2475E+04 .5210E-01 .1049E-01 .2464E-04 .8059E-02 .8035E-02 .1049E-01 .2640E-03 .1075E-01 .1049E-01 .2464E-04 .2011E-02
.2480E+04 .5103E-01 .3861E-02 .7757E-05 .2965E-02 .2957E-02 .3861E-02 .9446E-04 .3955E-02 .3861E-02 .7757E-05 .7301E-03
.2485E+04 .5068E-01 .2905E-02 .4798E-05 .2231E-02 .2226E-02 .2905E-02 .6901E-04 .2974E-02 .2905E-02 .4798E-05 .5421E-03
.2490E+04 .5082E-01 .1406E-02 .1807E-05 .1079E-02 .1077E-02 .1406E-02 .3251E-04 .1439E-02 .1406E-02 .1807E-05 .2599E-03
.2495E+04 .5053E-01 .1425E-02 .1899E-05 .1094E-02 .1092E-02 .1425E-02 .3290E-04 .1458E-02 .1425E-02 .1899E-05 .2623E-03
.2500E+04 .5037E-01 .2851E-02 .4469E-05 .2189E-02 .2184E-02 .2851E-02 .6702E-04 .2918E-02 .2851E-02 .4469E-05 .5284E-03
