Wvlgth Extraterrestrial_spectrm Direct_normal_irradiance Difuse_horizn_irradiance Global_horizn_irradiance Direct_horizn_irradiance Direct_tilted_irradiance Difuse_tilted_irradiance Global_tilted_irradiance Beam_normal_+circumsolar Difuse_horiz-circumsolar Upward_reflctd_radiation
.2800E+03 .7851E-01 .1394E-25 .3124E-17 .3124E-17 .7997E-26 .1394E-25 .2480E-17 .2480E-17 .1394E-25 .3124E-17 .1039E-18
.2805E+03 .1024E+00 .6538E-24 .3202E-18 .3202E-18 .3750E-24 .6538E-24 .2542E-18 .2542E-18 .6538E-24 .3202E-18 .1068E-19
.2810E+03 .1717E+00 .4388E-23 .1090E-17 .1090E-17 .2517E-23 .4388E-23 .8653E-18 .8653E-18 .4388E-23 .1090E-17 .3647E-19
.2815E+03 .2412E+00 .1964E-21 .1233E-16 .1233E-16 .1126E-21 .1964E-21 .9794E-17 .9794E-17 .1964E-21 .1233E-16 .4140E-18
.2820E+03 .2918E+00 .2059E-20 .6044E-16 .6044E-16 .1181E-20 .2059E-20 .4799E-16 .4799E-16 .2059E-20 .6044E-16 .2035E-17
.2825E+03 .3144E+00 .9482E-20 .1700E-15 .1700E-15 .5439E-20 .9482E-20 .1350E-15 .1350E-15 .9482E-20 .1700E-15 .5741E-17
.2830E+03 .3431E+00 .5100E-19 .5419E-15 .5419E-15 .2925E-19 .5100E-19 .4303E-15 .4303E-15 .5100E-19 .5419E-15 .1835E-16
.2835E+03 .3225E+00 .1057E-18 .8625E-15 .8626E-15 .6064E-19 .1057E-18 .6849E-15 .6850E-15 .1057E-18 .8625E-15 .2930E-16
.2840E+03 .3213E+00 .3822E-17 .9449E-14 .9452E-14 .2192E-17 .3822E-17 .7504E-14 .7508E-14 .3822E-17 .9449E-14 .3220E-15
.2845E+03 .2516E+00 .1626E-16 .2179E-13 .2180E-13 .9325E-17 .1626E-16 .1730E-13 .1732E-13 .1626E-16 .2179E-13 .7448E-15
.2850E+03 .1186E+00 .4636E-16 .3354E-13 .3357E-13 .2659E-16 .4636E-16 .2664E-13 .2668E-13 .4636E-16 .3354E-13 .1150E-14
.2855E+03 .1378E+00 .4456E-15 .1618E-12 .1621E-12 .2556E-15 .4456E-15 .1285E-12 .1289E-12 .4456E-15 .1618E-12 .5570E-14
.2860E+03 .3008E+00 .2333E-14 .6343E-12 .6356E-12 .1338E-14 .2333E-14 .5037E-12 .5061E-12 .2333E-14 .6343E-12 .2191E-13
.2865E+03 .3583E+00 .1605E-13 .2514E-11 .2523E-11 .9206E-14 .1605E-13 .1997E-11 .2013E-11 .1605E-13 .2514E-11 .8724E-13
.2870E+03 .3780E+00 .6242E-13 .6506E-11 .6542E-11 .3580E-13 .6242E-13 .5168E-11 .5230E-11 .6242E-13 .6506E-11 .2268E-12
.2875E+03 .3784E+00 .3393E-12 .1561E-10 .1581E-10 .1946E-12 .3393E-12 .1240E-10 .1274E-10 .3393E-12 .1561E-10 .5497E-12
.2880E+03 .2506E+00 .1908E-11 .4788E-10 .4898E-10 .1094E-11 .1908E-11 .3804E-10 .3995E-10 .1908E-11 .4788E-10 .1709E-11
.2885E+03 .3590E+00 .8672E-11 .1559E-09 .1608E-09 .4974E-11 .8672E-11 .1238E-09 .1325E-09 .8672E-11 .1559E-09 .5629E-11
.2890E+03 .4204E+00 .3286E-10 .4211E-09 .4400E-09 .1885E-10 .3286E-10 .3347E-09 .3675E-09 .3286E-10 .4211E-09 .1545E-10
.2895E+03 .4914E+00 .1407E-09 .1248E-08 .1328E-08 .8072E-10 .1407E-09 .9917E-09 .1132E-08 .1407E-09 .1248E-08 .4680E-10
.2900E+03 .6181E+00 .5083E-09 .3331E-08 .3622E-08 .2916E-09 .5083E-09 .2648E-08 .3157E-08 .5083E-09 .3331E-08 .1281E-09
.2905E+03 .6463E+00 .1297E-08 .6617E-08 .7361E-08 .7441E-09 .1297E-08 .5262E-08 .6559E-08 .1297E-08 .6617E-08 .2611E-09
.2910E+03 .6101E+00 .3561E-08 .1276E-07 .1481E-07 .2042E-08 .3561E-08 .1016E-07 .1372E-07 .3561E-08 .1276E-07 .5273E-09
.2915E+03 .6024E+00 .1351E-07 .3931E-07 .4706E-07 .7752E-08 .1351E-07 .3129E-07 .4480E-07 .1351E-07 .3931E-07 .1682E-08
.2920E+03 .5732E+00 .3867E-07 .9577E-07 .1179E-06 .2218E-07 .3867E-07 .7626E-07 .1149E-06 .3867E-07 .9577E-07 .4230E-08
.2925E+03 .4968E+00 .6291E-07 .1417E-06 .1778E-06 .3609E-07 .6291E-07 .1129E-06 .1758E-06 .6291E-07 .1417E-06 .6399E-08
.2930E+03 .5676E+00 .1591E-06 .3229E-06 .4141E-06 .9124E-07 .1591E-06 .2573E-06 .4163E-06 .1591E-06 .3229E-06 .1495E-07
.2935E+03 .5764E+00 .4761E-06 .8631E-06 .1136E-05 .2731E-06 .4761E-06 .6879E-06 .1164E-05 .4761E-06 .8631E-06 .4116E-07
.2940E+03 .5042E+00 .8752E-06 .1483E-05 .1985E-05 .5020E-06 .8752E-06 .1182E-05 .2057E-05 .8752E-06 .1483E-05 .7212E-07
.2945E+03 .5438E+00 .1648E-05 .2143E-05 .3089E-05 .9453E-06 .1648E-05 .1711E-05 .3359E-05 .1648E-05 .2143E-05 .1127E-06
.2950E+03 .5163E+00 .3134E-05 .3508E-05 .5305E-05 .1797E-05 .3134E-05 .2802E-05 .5935E-05 .3134E-05 .3508E-05 .1943E-06
.2955E+03 .5825E+00 .8322E-05 .8517E-05 .1329E-04 .4773E-05 .8322E-05 .6806E-05 .1513E-04 .8322E-05 .8517E-05 .4885E-06
.2960E+03 .6214E+00 .1612E-04 .1559E-04 .2484E-04 .9244E-05 .1612E-04 .1247E-04 .2858E-04 .1612E-04 .1559E-04 .9158E-06
.2965E+03 .4929E+00 .2247E-04 .2079E-04 .3368E-04 .1289E-04 .2247E-04 .1663E-04 .3910E-04 .2247E-04 .2079E-04 .1246E-05
.2970E+03 .4244E+00 .3018E-04 .2710E-04 .4441E-04 .1731E-04 .3018E-04 .2168E-04 .5185E-04 .3018E-04 .2710E-04 .1647E-05
.2975E+03 .5980E+00 .7913E-04 .6943E-04 .1148E-03 .4539E-04 .7913E-04 .5555E-04 .1347E-03 .7913E-04 .6943E-04 .4271E-05
.2980E+03 .5581E+00 .1223E-03 .1066E-03 .1768E-03 .7014E-04 .1223E-03 .8530E-04 .2076E-03 .1223E-03 .1066E-03 .6593E-05
.2985E+03 .3790E+00 .1210E-03 .1058E-03 .1752E-03 .6941E-04 .1210E-03 .8466E-04 .2057E-03 .1210E-03 .1058E-03 .6553E-05
.2990E+03 .5771E+00 .2614E-03 .2313E-03 .3813E-03 .1499E-03 .2614E-03 .1851E-03 .4465E-03 .2614E-03 .2313E-03 .1430E-04
.2995E+03 .5217E+00 .4093E-03 .3820E-03 .6168E-03 .2348E-03 .4093E-03 .3056E-03 .7149E-03 .4093E-03 .3820E-03 .2318E-04
.3000E+03 .4169E+00 .4515E-03 .4413E-03 .7002E-03 .2590E-03 .4515E-03 .3529E-03 .8044E-03 .4515E-03 .4413E-03 .2638E-04
.3005E+03 .4394E+00 .6311E-03 .6511E-03 .1013E-02 .3620E-03 .6311E-03 .5207E-03 .1152E-02 .6311E-03 .6511E-03 .3875E-04
.3010E+03 .4942E+00 .1068E-02 .1213E-02 .1826E-02 .6128E-03 .1068E-02 .9699E-03 .2038E-02 .1068E-02 .1213E-02 .7089E-04
.3015E+03 .5298E+00 .1601E-02 .1707E-02 .2625E-02 .9185E-03 .1601E-02 .1365E-02 .2967E-02 .1601E-02 .1707E-02 .1035E-03
.3020E+03 .3745E+00 .1336E-02 .1373E-02 .2140E-02 .7662E-03 .1336E-02 .1099E-02 .2435E-02 .1336E-02 .1373E-02 .8568E-04
.3025E+03 .5441E+00 .2583E-02 .2514E-02 .3995E-02 .1482E-02 .2583E-02 .2013E-02 .4596E-02 .2583E-02 .2514E-02 .1604E-03
.3030E+03 .6771E+00 .4553E-02 .4346E-02 .6958E-02 .2612E-02 .4553E-02 .3480E-02 .8033E-02 .4553E-02 .4346E-02 .2799E-03
.3035E+03 .6891E+00 .5669E-02 .5379E-02 .8631E-02 .3251E-02 .5669E-02 .4308E-02 .9976E-02 .5669E-02 .5379E-02 .3479E-03
.3040E+03 .5775E+00 .5261E-02 .4953E-02 .7971E-02 .3018E-02 .5261E-02 .3967E-02 .9228E-02 .5261E-02 .4953E-02 .3220E-03
.3045E+03 .6485E+00 .7443E-02 .7007E-02 .1128E-01 .4269E-02 .7443E-02 .5612E-02 .1305E-01 .7443E-02 .7007E-02 .4557E-03
.3050E+03 .6733E+00 .1041E-01 .9895E-02 .1587E-01 .5972E-02 .1041E-01 .7924E-02 .1834E-01 .1041E-01 .9895E-02 .6415E-03
.3055E+03 .6128E+00 .1138E-01 .1086E-01 .1739E-01 .6527E-02 .1138E-01 .8699E-02 .2008E-01 .1138E-01 .1086E-01 .7036E-03
.3060E+03 .5426E+00 .1089E-01 .1035E-01 .1659E-01 .6245E-02 .1089E-01 .8286E-02 .1917E-01 .1089E-01 .1035E-01 .6717E-03
.3065E+03 .5861E+00 .1319E-01 .1254E-01 .2010E-01 .7564E-02 .1319E-01 .1004E-01 .2323E-01 .1319E-01 .1254E-01 .8153E-03
.3070E+03 .6446E+00 .1816E-01 .1755E-01 .2796E-01 .1042E-01 .1816E-01 .1405E-01 .3221E-01 .1816E-01 .1755E-01 .1136E-02
.3075E+03 .6519E+00 .2252E-01 .2465E-01 .3756E-01 .1291E-01 .2252E-01 .1972E-01 .4224E-01 .2252E-01 .2465E-01 .1528E-02
.3080E+03 .6567E+00 .2374E-01 .2552E-01 .3914E-01 .1362E-01 .2374E-01 .2043E-01 .4417E-01 .2374E-01 .2552E-01 .1596E-02
.3085E+03 .6806E+00 .2718E-01 .2843E-01 .4402E-01 .1559E-01 .2718E-01 .2276E-01 .4994E-01 .2718E-01 .2843E-01 .1796E-02
.3090E+03 .5623E+00 .2431E-01 .2485E-01 .3880E-01 .1394E-01 .2431E-01 .1990E-01 .4421E-01 .2431E-01 .2485E-01 .1584E-02
.3095E+03 .5136E+00 .2735E-01 .2689E-01 .4258E-01 .1569E-01 .2735E-01 .2154E-01 .4889E-01 .2735E-01 .2689E-01 .1740E-02
.3100E+03 .4651E+00 .2733E-01 .2632E-01 .4200E-01 .1568E-01 .2733E-01 .2108E-01 .4841E-01 .2733E-01 .2632E-01 .1718E-02
.3105E+03 .7149E+00 .4436E-01 .4207E-01 .6752E-01 .2545E-01 .4436E-01 .3370E-01 .7807E-01 .4436E-01 .4207E-01 .2766E-02
.3110E+03 .8241E+00 .5536E-01 .5164E-01 .8339E-01 .3175E-01 .5536E-01 .4137E-01 .9673E-01 .5536E-01 .5164E-01 .3421E-02
.3115E+03 .7648E+00 .5354E-01 .4930E-01 .8001E-01 .3071E-01 .5354E-01 .3950E-01 .9304E-01 .5354E-01 .4930E-01 .3287E-02
.3120E+03 .6421E+00 .5222E-01 .4723E-01 .7718E-01 .2995E-01 .5222E-01 .3784E-01 .9006E-01 .5222E-01 .4723E-01 .3175E-02
.3125E+03 .6970E+00 .6258E-01 .5590E-01 .9179E-01 .3590E-01 .6258E-01 .4480E-01 .1074E+00 .6258E-01 .5590E-01 .3784E-02
.3130E+03 .7115E+00 .6760E-01 .5973E-01 .9851E-01 .3877E-01 .6760E-01 .4788E-01 .1155E+00 .6760E-01 .5973E-01 .4070E-02
.3135E+03 .7257E+00 .6695E-01 .5853E-01 .9693E-01 .3840E-01 .6695E-01 .4692E-01 .1139E+00 .6695E-01 .5853E-01 .4013E-02
.3140E+03 .7936E+00 .8167E-01 .7071E-01 .1176E+00 .4684E-01 .8167E-01 .5669E-01 .1384E+00 .8167E-01 .7071E-01 .4877E-02
.3145E+03 .5931E+00 .6990E-01 .6026E-01 .1003E+00 .4009E-01 .6990E-01 .4831E-01 .1182E+00 .6990E-01 .6026E-01 .4169E-02
.3150E+03 .7541E+00 .9193E-01 .7856E-01 .1313E+00 .5273E-01 .9193E-01 .6299E-01 .1549E+00 .9193E-01 .7856E-01 .5461E-02
.3155E+03 .6804E+00 .7915E-01 .6667E-01 .1121E+00 .4540E-01 .7915E-01 .5346E-01 .1326E+00 .7915E-01 .6667E-01 .4669E-02
.3160E+03 .5183E+00 .6709E-01 .5635E-01 .9483E-01 .3848E-01 .6709E-01 .4519E-01 .1123E+00 .6709E-01 .5635E-01 .3956E-02
.3165E+03 .6632E+00 .9387E-01 .7878E-01 .1326E+00 .5384E-01 .9387E-01 .6320E-01 .1571E+00 .9387E-01 .7878E-01 .5608E-02
.3170E+03 .8229E+00 .1174E+00 .9753E-01 .1649E+00 .6733E-01 .1174E+00 .7827E-01 .1957E+00 .1174E+00 .9753E-01 .7066E-02
.3175E+03 .8804E+00 .1241E+00 .1018E+00 .1730E+00 .7120E-01 .1241E+00 .8176E-01 .2059E+00 .1241E+00 .1018E+00 .7516E-02
.3180E+03 .6346E+00 .9522E-01 .7792E-01 .1325E+00 .5462E-01 .9522E-01 .6257E-01 .1578E+00 .9522E-01 .7792E-01 .5832E-02
.3185E+03 .6824E+00 .1137E+00 .9374E-01 .1590E+00 .6523E-01 .1137E+00 .7530E-01 .1890E+00 .1137E+00 .9374E-01 .7099E-02
.3190E+03 .7535E+00 .1327E+00 .1094E+00 .1856E+00 .7611E-01 .1327E+00 .8794E-01 .2206E+00 .1327E+00 .1094E+00 .8407E-02
.3195E+03 .6833E+00 .1130E+00 .9089E-01 .1557E+00 .6482E-01 .1130E+00 .7307E-01 .1861E+00 .1130E+00 .9089E-01 .7158E-02
.3200E+03 .8369E+00 .1380E+00 .1097E+00 .1889E+00 .7918E-01 .1380E+00 .8825E-01 .2263E+00 .1380E+00 .1097E+00 .8809E-02
.3205E+03 .9082E+00 .1656E+00 .1330E+00 .2280E+00 .9500E-01 .1656E+00 .1070E+00 .2726E+00 .1656E+00 .1330E+00 .1076E-01
.3210E+03 .7156E+00 .1419E+00 .1154E+00 .1968E+00 .8140E-01 .1419E+00 .9282E-01 .2347E+00 .1419E+00 .1154E+00 .9398E-02
.3215E+03 .6753E+00 .1363E+00 .1101E+00 .1883E+00 .7820E-01 .1363E+00 .8859E-01 .2249E+00 .1363E+00 .1101E+00 .9100E-02
.3220E+03 .8151E+00 .1533E+00 .1198E+00 .2078E+00 .8795E-01 .1533E+00 .9649E-01 .2498E+00 .1533E+00 .1198E+00 .1016E-01
.3225E+03 .7018E+00 .1337E+00 .1036E+00 .1803E+00 .7669E-01 .1337E+00 .8347E-01 .2172E+00 .1337E+00 .1036E+00 .8937E-02
.3230E+03 .6403E+00 .1297E+00 .1011E+00 .1755E+00 .7441E-01 .1297E+00 .8146E-01 .2112E+00 .1297E+00 .1011E+00 .8813E-02
.3235E+03 .6833E+00 .1519E+00 .1221E+00 .2093E+00 .8712E-01 .1519E+00 .9841E-01 .2503E+00 .1519E+00 .1221E+00 .1064E-01
.3240E+03 .7817E+00 .1774E+00 .1417E+00 .2435E+00 .1017E+00 .1774E+00 .1142E+00 .2916E+00 .1774E+00 .1417E+00 .1254E-01
.3245E+03 .8269E+00 .1837E+00 .1445E+00 .2498E+00 .1053E+00 .1837E+00 .1165E+00 .3002E+00 .1837E+00 .1445E+00 .1301E-01
.3250E+03 .7845E+00 .1660E+00 .1251E+00 .2203E+00 .9520E-01 .1660E+00 .1010E+00 .2669E+00 .1660E+00 .1251E+00 .1160E-01
.3255E+03 .9417E+00 .2089E+00 .1610E+00 .2808E+00 .1198E+00 .2089E+00 .1299E+00 .3388E+00 .2089E+00 .1610E+00 .1495E-01
.3260E+03 .1053E+01 .2486E+00 .1919E+00 .3344E+00 .1426E+00 .2486E+00 .1549E+00 .4035E+00 .2486E+00 .1919E+00 .1799E-01
.3265E+03 .9975E+00 .2457E+00 .1898E+00 .3307E+00 .1409E+00 .2457E+00 .1533E+00 .3989E+00 .2457E+00 .1898E+00 .1800E-01
.3270E+03 .1010E+01 .2480E+00 .1892E+00 .3315E+00 .1423E+00 .2480E+00 .1528E+00 .4009E+00 .2480E+00 .1892E+00 .1825E-01
.3275E+03 .9966E+00 .2429E+00 .1828E+00 .3221E+00 .1393E+00 .2429E+00 .1478E+00 .3907E+00 .2429E+00 .1828E+00 .1794E-01
.3280E+03 .9535E+00 .2226E+00 .1642E+00 .2919E+00 .1277E+00 .2226E+00 .1328E+00 .3554E+00 .2226E+00 .1642E+00 .1644E-01
.3285E+03 .9138E+00 .2282E+00 .1692E+00 .3001E+00 .1309E+00 .2282E+00 .1368E+00 .3651E+00 .2282E+00 .1692E+00 .1708E-01
.3290E+03 .1025E+01 .2681E+00 .1997E+00 .3535E+00 .1538E+00 .2681E+00 .1616E+00 .4296E+00 .2681E+00 .1997E+00 .2033E-01
.3295E+03 .1140E+01 .3035E+00 .2253E+00 .3994E+00 .1741E+00 .3035E+00 .1823E+00 .4858E+00 .3035E+00 .2253E+00 .2320E-01
.3300E+03 .1163E+01 .3096E+00 .2270E+00 .4045E+00 .1776E+00 .3096E+00 .1838E+00 .4933E+00 .3096E+00 .2270E+00 .2375E-01
.3305E+03 .9731E+00 .2537E+00 .1823E+00 .3278E+00 .1455E+00 .2537E+00 .1477E+00 .4013E+00 .2537E+00 .1823E+00 .1944E-01
.3310E+03 .1006E+01 .2612E+00 .1855E+00 .3353E+00 .1498E+00 .2612E+00 .1503E+00 .4115E+00 .2612E+00 .1855E+00 .2009E-01
.3315E+03 .9821E+00 .2631E+00 .1866E+00 .3375E+00 .1509E+00 .2631E+00 .1513E+00 .4143E+00 .2631E+00 .1866E+00 .2042E-01
.3320E+03 .1007E+01 .2799E+00 .1994E+00 .3600E+00 .1605E+00 .2799E+00 .1617E+00 .4416E+00 .2799E+00 .1994E+00 .2199E-01
.3325E+03 .9727E+00 .2756E+00 .1960E+00 .3541E+00 .1581E+00 .2756E+00 .1590E+00 .4346E+00 .2756E+00 .1960E+00 .2185E-01
.3330E+03 .9796E+00 .2776E+00 .1950E+00 .3543E+00 .1592E+00 .2776E+00 .1583E+00 .4359E+00 .2776E+00 .1950E+00 .2209E-01
.3335E+03 .9170E+00 .2562E+00 .1767E+00 .3237E+00 .1470E+00 .2562E+00 .1435E+00 .3997E+00 .2562E+00 .1767E+00 .2039E-01
.3340E+03 .9423E+00 .2642E+00 .1804E+00 .3319E+00 .1515E+00 .2642E+00 .1465E+00 .4107E+00 .2642E+00 .1804E+00 .2111E-01
.3345E+03 .1041E+01 .3010E+00 .2061E+00 .3787E+00 .1727E+00 .3010E+00 .1675E+00 .4685E+00 .3010E+00 .2061E+00 .2432E-01
.3350E+03 .9543E+00 .2813E+00 .1924E+00 .3538E+00 .1614E+00 .2813E+00 .1564E+00 .4377E+00 .2813E+00 .1924E+00 .2293E-01
.3355E+03 .1073E+01 .3204E+00 .2274E+00 .4111E+00 .1838E+00 .3204E+00 .1848E+00 .5051E+00 .3204E+00 .2274E+00 .2688E-01
.3360E+03 .7401E+00 .2226E+00 .1567E+00 .2844E+00 .1276E+00 .2226E+00 .1274E+00 .3500E+00 .2226E+00 .1567E+00 .1876E-01
.3365E+03 .9055E+00 .2711E+00 .1803E+00 .3358E+00 .1555E+00 .2711E+00 .1467E+00 .4178E+00 .2711E+00 .1803E+00 .2235E-01
.3370E+03 .7531E+00 .2250E+00 .1476E+00 .2767E+00 .1291E+00 .2250E+00 .1202E+00 .3452E+00 .2250E+00 .1476E+00 .1858E-01
.3375E+03 .9398E+00 .2817E+00 .1830E+00 .3446E+00 .1616E+00 .2817E+00 .1491E+00 .4308E+00 .2817E+00 .1830E+00 .2333E-01
.3380E+03 .8870E+00 .2723E+00 .1772E+00 .3334E+00 .1562E+00 .2723E+00 .1444E+00 .4166E+00 .2723E+00 .1772E+00 .2276E-01
.3385E+03 .9911E+00 .3079E+00 .2059E+00 .3825E+00 .1766E+00 .3079E+00 .1678E+00 .4756E+00 .3079E+00 .2059E+00 .2636E-01
.3390E+03 .9814E+00 .3076E+00 .2021E+00 .3785E+00 .1764E+00 .3076E+00 .1648E+00 .4724E+00 .3076E+00 .2021E+00 .2634E-01
.3395E+03 .9386E+00 .2960E+00 .1943E+00 .3641E+00 .1698E+00 .2960E+00 .1585E+00 .4545E+00 .2960E+00 .1943E+00 .2557E-01
.3400E+03 .1134E+01 .3571E+00 .2253E+00 .4301E+00 .2048E+00 .3571E+00 .1839E+00 .5411E+00 .3571E+00 .2253E+00 .3050E-01
.3405E+03 .1017E+01 .3227E+00 .2151E+00 .4002E+00 .1851E+00 .3227E+00 .1755E+00 .4983E+00 .3227E+00 .2151E+00 .2861E-01
.3410E+03 .9646E+00 .3105E+00 .1980E+00 .3761E+00 .1781E+00 .3105E+00 .1617E+00 .4722E+00 .3105E+00 .1980E+00 .2711E-01
.3415E+03 .8886E+00 .2887E+00 .1798E+00 .3454E+00 .1656E+00 .2887E+00 .1470E+00 .4357E+00 .2887E+00 .1798E+00 .2511E-01
.3420E+03 .1061E+01 .3469E+00 .2137E+00 .4126E+00 .1989E+00 .3469E+00 .1748E+00 .5216E+00 .3469E+00 .2137E+00 .3025E-01
.3425E+03 .9910E+00 .3265E+00 .1990E+00 .3863E+00 .1873E+00 .3265E+00 .1628E+00 .4893E+00 .3265E+00 .1990E+00 .2855E-01
.3430E+03 .1085E+01 .3590E+00 .2189E+00 .4248E+00 .2059E+00 .3590E+00 .1791E+00 .5381E+00 .3590E+00 .2189E+00 .3165E-01
.3435E+03 .1018E+01 .3382E+00 .2058E+00 .3998E+00 .1940E+00 .3382E+00 .1685E+00 .5067E+00 .3382E+00 .2058E+00 .3002E-01
.3440E+03 .7669E+00 .2541E+00 .1596E+00 .3053E+00 .1458E+00 .2541E+00 .1306E+00 .3847E+00 .2541E+00 .1596E+00 .2311E-01
.3445E+03 .7520E+00 .2522E+00 .1533E+00 .2980E+00 .1447E+00 .2522E+00 .1256E+00 .3778E+00 .2522E+00 .1533E+00 .2274E-01
.3450E+03 .9988E+00 .3388E+00 .2003E+00 .3947E+00 .1943E+00 .3388E+00 .1643E+00 .5031E+00 .3388E+00 .2003E+00 .3035E-01
.3455E+03 .1019E+01 .3483E+00 .2032E+00 .4030E+00 .1998E+00 .3483E+00 .1667E+00 .5151E+00 .3483E+00 .2032E+00 .3124E-01
.3460E+03 .8646E+00 .2977E+00 .1717E+00 .3424E+00 .1708E+00 .2977E+00 .1409E+00 .4386E+00 .2977E+00 .1717E+00 .2675E-01
.3465E+03 .9772E+00 .3387E+00 .1934E+00 .3877E+00 .1943E+00 .3387E+00 .1589E+00 .4976E+00 .3387E+00 .1934E+00 .3053E-01
.3470E+03 .1045E+01 .3637E+00 .2073E+00 .4160E+00 .2086E+00 .3637E+00 .1704E+00 .5341E+00 .3637E+00 .2073E+00 .3302E-01
.3475E+03 .8420E+00 .2947E+00 .1672E+00 .3362E+00 .1691E+00 .2947E+00 .1374E+00 .4322E+00 .2947E+00 .1672E+00 .2690E-01
.3480E+03 .9603E+00 .3386E+00 .1892E+00 .3834E+00 .1942E+00 .3386E+00 .1556E+00 .4942E+00 .3386E+00 .1892E+00 .3091E-01
.3485E+03 .9597E+00 .3402E+00 .1880E+00 .3832E+00 .1951E+00 .3402E+00 .1548E+00 .4950E+00 .3402E+00 .1880E+00 .3114E-01
.3490E+03 .8882E+00 .3169E+00 .1736E+00 .3554E+00 .1818E+00 .3169E+00 .1430E+00 .4599E+00 .3169E+00 .1736E+00 .2911E-01
.3495E+03 .8766E+00 .3147E+00 .1713E+00 .3519E+00 .1805E+00 .3147E+00 .1412E+00 .4559E+00 .3147E+00 .1713E+00 .2904E-01
.3500E+03 .1082E+01 .3907E+00 .2110E+00 .4351E+00 .2241E+00 .3907E+00 .1739E+00 .5646E+00 .3907E+00 .2110E+00 .3618E-01
.3505E+03 .1139E+01 .4133E+00 .2216E+00 .4587E+00 .2371E+00 .4133E+00 .1828E+00 .5962E+00 .4133E+00 .2216E+00 .3841E-01
.3510E+03 .1015E+01 .3699E+00 .1974E+00 .4096E+00 .2121E+00 .3699E+00 .1629E+00 .5328E+00 .3699E+00 .1974E+00 .3453E-01
.3515E+03 .9814E+00 .3589E+00 .1920E+00 .3979E+00 .2059E+00 .3589E+00 .1585E+00 .5174E+00 .3589E+00 .1920E+00 .3377E-01
.3520E+03 .1054E+01 .3881E+00 .2049E+00 .4275E+00 .2226E+00 .3881E+00 .1692E+00 .5573E+00 .3881E+00 .2049E+00 .3653E-01
.3525E+03 .8215E+00 .3044E+00 .1589E+00 .3335E+00 .1746E+00 .3044E+00 .1313E+00 .4358E+00 .3044E+00 .1589E+00 .2871E-01
.3530E+03 .1033E+01 .3850E+00 .1991E+00 .4200E+00 .2208E+00 .3850E+00 .1647E+00 .5497E+00 .3850E+00 .1991E+00 .3642E-01
.3535E+03 .1103E+01 .4129E+00 .2118E+00 .4486E+00 .2368E+00 .4129E+00 .1752E+00 .5882E+00 .4129E+00 .2118E+00 .3919E-01
.3540E+03 .1144E+01 .4299E+00 .2187E+00 .4653E+00 .2466E+00 .4299E+00 .1811E+00 .6110E+00 .4299E+00 .2187E+00 .4094E-01
.3545E+03 .1159E+01 .4376E+00 .2211E+00 .4721E+00 .2510E+00 .4376E+00 .1831E+00 .6207E+00 .4376E+00 .2211E+00 .4182E-01
.3550E+03 .1153E+01 .4376E+00 .2198E+00 .4708E+00 .2510E+00 .4376E+00 .1821E+00 .6198E+00 .4376E+00 .2198E+00 .4198E-01
.3555E+03 .1039E+01 .3970E+00 .1979E+00 .4255E+00 .2277E+00 .3970E+00 .1641E+00 .5610E+00 .3970E+00 .1979E+00 .3821E-01
.3560E+03 .1085E+01 .4170E+00 .2063E+00 .4455E+00 .2392E+00 .4170E+00 .1712E+00 .5882E+00 .4170E+00 .2063E+00 .4027E-01
.3565E+03 .9252E+00 .3572E+00 .1755E+00 .3804E+00 .2049E+00 .3572E+00 .1457E+00 .5030E+00 .3572E+00 .1755E+00 .3462E-01
.3570E+03 .7640E+00 .2961E+00 .1445E+00 .3144E+00 .1699E+00 .2961E+00 .1201E+00 .4162E+00 .2961E+00 .1445E+00 .2880E-01
.3575E+03 .9344E+00 .3638E+00 .1763E+00 .3849E+00 .2087E+00 .3638E+00 .1465E+00 .5103E+00 .3638E+00 .1763E+00 .3549E-01
.3580E+03 .7396E+00 .2893E+00 .1392E+00 .3051E+00 .1659E+00 .2893E+00 .1157E+00 .4050E+00 .2893E+00 .1392E+00 .2832E-01
.3585E+03 .6313E+00 .2481E+00 .1185E+00 .2608E+00 .1423E+00 .2481E+00 .9862E-01 .3467E+00 .2481E+00 .1185E+00 .2436E-01
.3590E+03 .8821E+00 .3481E+00 .1653E+00 .3649E+00 .1997E+00 .3481E+00 .1376E+00 .4857E+00 .3481E+00 .1653E+00 .3431E-01
.3595E+03 .1123E+01 .4447E+00 .2101E+00 .4651E+00 .2551E+00 .4447E+00 .1749E+00 .6197E+00 .4447E+00 .2101E+00 .4401E-01
.3600E+03 .1189E+01 .4730E+00 .2218E+00 .4931E+00 .2713E+00 .4730E+00 .1848E+00 .6579E+00 .4730E+00 .2218E+00 .4695E-01
.3605E+03 .9490E+00 .3793E+00 .1766E+00 .3941E+00 .2175E+00 .3793E+00 .1472E+00 .5265E+00 .3793E+00 .1766E+00 .3777E-01
.3610E+03 .8633E+00 .3467E+00 .1603E+00 .3592E+00 .1989E+00 .3467E+00 .1337E+00 .4805E+00 .3467E+00 .1603E+00 .3465E-01
.3615E+03 .9904E+00 .4002E+00 .1837E+00 .4133E+00 .2296E+00 .4002E+00 .1534E+00 .5536E+00 .4002E+00 .1837E+00 .4013E-01
.3620E+03 .8532E+00 .3469E+00 .1582E+00 .3572E+00 .1990E+00 .3469E+00 .1321E+00 .4790E+00 .3469E+00 .1582E+00 .3491E-01
.3625E+03 .1177E+01 .4812E+00 .2180E+00 .4940E+00 .2760E+00 .4812E+00 .1822E+00 .6634E+00 .4812E+00 .2180E+00 .4857E-01
.3630E+03 .1054E+01 .4332E+00 .1950E+00 .4434E+00 .2485E+00 .4332E+00 .1630E+00 .5962E+00 .4332E+00 .1950E+00 .4387E-01
.3635E+03 .9678E+00 .3999E+00 .1788E+00 .4083E+00 .2294E+00 .3999E+00 .1497E+00 .5496E+00 .3999E+00 .1788E+00 .4064E-01
.3640E+03 .1181E+01 .4903E+00 .2178E+00 .4991E+00 .2812E+00 .4903E+00 .1824E+00 .6727E+00 .4903E+00 .2178E+00 .4998E-01
.3645E+03 .1008E+01 .4201E+00 .1855E+00 .4265E+00 .2410E+00 .4201E+00 .1554E+00 .5755E+00 .4201E+00 .1855E+00 .4296E-01
.3650E+03 .1025E+01 .4290E+00 .1882E+00 .4342E+00 .2461E+00 .4290E+00 .1577E+00 .5867E+00 .4290E+00 .1882E+00 .4401E-01
.3655E+03 .1284E+01 .5398E+00 .2353E+00 .5449E+00 .3096E+00 .5398E+00 .1973E+00 .7371E+00 .5398E+00 .2353E+00 .5555E-01
.3660E+03 .1357E+01 .5734E+00 .2483E+00 .5772E+00 .3289E+00 .5734E+00 .2084E+00 .7818E+00 .5734E+00 .2483E+00 .5920E-01
.3665E+03 .1272E+01 .5401E+00 .2324E+00 .5422E+00 .3098E+00 .5401E+00 .1951E+00 .7352E+00 .5401E+00 .2324E+00 .5594E-01
.3670E+03 .1237E+01 .5272E+00 .2254E+00 .5278E+00 .3024E+00 .5272E+00 .1894E+00 .7166E+00 .5272E+00 .2254E+00 .5479E-01
.3675E+03 .1282E+01 .5482E+00 .2329E+00 .5474E+00 .3144E+00 .5482E+00 .1958E+00 .7440E+00 .5482E+00 .2329E+00 .5717E-01
.3680E+03 .1120E+01 .4807E+00 .2030E+00 .4787E+00 .2757E+00 .4807E+00 .1708E+00 .6515E+00 .4807E+00 .2030E+00 .5031E-01
.3685E+03 .1128E+01 .4864E+00 .2041E+00 .4832E+00 .2790E+00 .4864E+00 .1719E+00 .6583E+00 .4864E+00 .2041E+00 .5106E-01
.3690E+03 .1216E+01 .5268E+00 .2197E+00 .5219E+00 .3022E+00 .5268E+00 .1851E+00 .7119E+00 .5268E+00 .2197E+00 .5547E-01
.3695E+03 .1294E+01 .5632E+00 .2334E+00 .5565E+00 .3231E+00 .5632E+00 .1968E+00 .7600E+00 .5632E+00 .2334E+00 .5949E-01
.3700E+03 .1377E+01 .6022E+00 .2481E+00 .5935E+00 .3454E+00 .6022E+00 .2092E+00 .8115E+00 .6022E+00 .2481E+00 .6380E-01
.3705E+03 .1067E+01 .4687E+00 .1919E+00 .4607E+00 .2688E+00 .4687E+00 .1619E+00 .6306E+00 .4687E+00 .1919E+00 .4980E-01
.3710E+03 .1138E+01 .5021E+00 .2043E+00 .4923E+00 .2880E+00 .5021E+00 .1725E+00 .6746E+00 .5021E+00 .2043E+00 .5351E-01
.3715E+03 .1422E+01 .6297E+00 .2546E+00 .6158E+00 .3612E+00 .6297E+00 .2152E+00 .8449E+00 .6297E+00 .2546E+00 .6732E-01
.3720E+03 .9428E+00 .4190E+00 .1684E+00 .4087E+00 .2403E+00 .4190E+00 .1424E+00 .5614E+00 .4190E+00 .1684E+00 .4492E-01
.3725E+03 .1129E+01 .5036E+00 .2012E+00 .4901E+00 .2889E+00 .5036E+00 .1702E+00 .6738E+00 .5036E+00 .2012E+00 .5418E-01
.3730E+03 .1146E+01 .5136E+00 .2039E+00 .4985E+00 .2946E+00 .5136E+00 .1727E+00 .6862E+00 .5136E+00 .2039E+00 .5542E-01
.3735E+03 .7441E+00 .3350E+00 .1322E+00 .3243E+00 .1921E+00 .3350E+00 .1120E+00 .4470E+00 .3350E+00 .1322E+00 .3627E-01
.3740E+03 .1080E+01 .4879E+00 .1914E+00 .4713E+00 .2798E+00 .4879E+00 .1623E+00 .6502E+00 .4879E+00 .1914E+00 .5299E-01
.3745E+03 .8925E+00 .4050E+00 .1580E+00 .3903E+00 .2323E+00 .4050E+00 .1340E+00 .5390E+00 .4050E+00 .1580E+00 .4412E-01
.3750E+03 .8666E+00 .3947E+00 .1530E+00 .3794E+00 .2264E+00 .3947E+00 .1299E+00 .5245E+00 .3947E+00 .1530E+00 .4312E-01
.3755E+03 .1293E+01 .5906E+00 .2276E+00 .5664E+00 .3388E+00 .5906E+00 .1934E+00 .7840E+00 .5906E+00 .2276E+00 .6472E-01
.3760E+03 .1071E+01 .4908E+00 .1880E+00 .4695E+00 .2815E+00 .4908E+00 .1598E+00 .6506E+00 .4908E+00 .1880E+00 .5393E-01
.3765E+03 .1109E+01 .5098E+00 .1942E+00 .4866E+00 .2924E+00 .5098E+00 .1652E+00 .6750E+00 .5098E+00 .1942E+00 .5619E-01
.3770E+03 .1172E+01 .5411E+00 .2049E+00 .5152E+00 .3104E+00 .5411E+00 .1744E+00 .7155E+00 .5411E+00 .2049E+00 .5981E-01
.3775E+03 .1369E+01 .6346E+00 .2389E+00 .6029E+00 .3640E+00 .6346E+00 .2035E+00 .8381E+00 .6346E+00 .2389E+00 .7035E-01
.3780E+03 .1483E+01 .6897E+00 .2581E+00 .6537E+00 .3956E+00 .6897E+00 .2200E+00 .9096E+00 .6897E+00 .2581E+00 .7667E-01
.3785E+03 .1401E+01 .6536E+00 .2431E+00 .6180E+00 .3749E+00 .6536E+00 .2072E+00 .8608E+00 .6536E+00 .2431E+00 .7254E-01
.3790E+03 .1156E+01 .5407E+00 .1999E+00 .5100E+00 .3102E+00 .5407E+00 .1705E+00 .7112E+00 .5407E+00 .1999E+00 .5991E-01
.3795E+03 .1056E+01 .4952E+00 .1819E+00 .4659E+00 .2840E+00 .4952E+00 .1552E+00 .6503E+00 .4952E+00 .1819E+00 .5477E-01
.3800E+03 .1097E+01 .5160E+00 .1884E+00 .4844E+00 .2960E+00 .5160E+00 .1608E+00 .6768E+00 .5160E+00 .1884E+00 .5699E-01
.3805E+03 .1326E+01 .6264E+00 .2273E+00 .5866E+00 .3593E+00 .6264E+00 .1941E+00 .8204E+00 .6264E+00 .2273E+00 .6906E-01
.3810E+03 .1326E+01 .6290E+00 .2269E+00 .5877E+00 .3608E+00 .6290E+00 .1937E+00 .8228E+00 .6290E+00 .2269E+00 .6922E-01
.3815E+03 .1049E+01 .4996E+00 .1791E+00 .4657E+00 .2866E+00 .4996E+00 .1530E+00 .6526E+00 .4996E+00 .1791E+00 .5487E-01
.3820E+03 .9294E+00 .4446E+00 .1584E+00 .4134E+00 .2550E+00 .4446E+00 .1354E+00 .5799E+00 .4446E+00 .1584E+00 .4872E-01
.3825E+03 .7904E+00 .3797E+00 .1345E+00 .3523E+00 .2178E+00 .3797E+00 .1150E+00 .4947E+00 .3797E+00 .1345E+00 .4154E-01
.3830E+03 .7305E+00 .3522E+00 .1240E+00 .3260E+00 .2020E+00 .3522E+00 .1060E+00 .4582E+00 .3522E+00 .1240E+00 .3845E-01
.3835E+03 .7025E+00 .3399E+00 .1190E+00 .3139E+00 .1950E+00 .3399E+00 .1018E+00 .4417E+00 .3399E+00 .1190E+00 .3719E-01
.3840E+03 .7739E+00 .3757E+00 .1308E+00 .3462E+00 .2155E+00 .3757E+00 .1119E+00 .4876E+00 .3757E+00 .1308E+00 .4119E-01
.3845E+03 .1137E+01 .5537E+00 .1917E+00 .5093E+00 .3176E+00 .5537E+00 .1642E+00 .7179E+00 .5537E+00 .1917E+00 .6083E-01
.3850E+03 .1126E+01 .5503E+00 .1894E+00 .5050E+00 .3156E+00 .5503E+00 .1623E+00 .7126E+00 .5503E+00 .1894E+00 .6058E-01
.3855E+03 .1047E+01 .5136E+00 .1758E+00 .4704E+00 .2946E+00 .5136E+00 .1508E+00 .6644E+00 .5136E+00 .1758E+00 .5663E-01
.3860E+03 .8952E+00 .4409E+00 .1500E+00 .4029E+00 .2529E+00 .4409E+00 .1287E+00 .5696E+00 .4409E+00 .1500E+00 .4863E-01
.3865E+03 .1174E+01 .5804E+00 .1964E+00 .5293E+00 .3329E+00 .5804E+00 .1686E+00 .7490E+00 .5804E+00 .1964E+00 .6402E-01
.3870E+03 .9746E+00 .4833E+00 .1626E+00 .4398E+00 .2772E+00 .4833E+00 .1397E+00 .6230E+00 .4833E+00 .1626E+00 .5332E-01
.3875E+03 .1094E+01 .5440E+00 .1820E+00 .4940E+00 .3121E+00 .5440E+00 .1564E+00 .7004E+00 .5440E+00 .1820E+00 .6003E-01
.3880E+03 .1009E+01 .5034E+00 .1674E+00 .4562E+00 .2887E+00 .5034E+00 .1439E+00 .6473E+00 .5034E+00 .1674E+00 .5553E-01
.3885E+03 .9956E+00 .4986E+00 .1649E+00 .4509E+00 .2860E+00 .4986E+00 .1419E+00 .6405E+00 .4986E+00 .1649E+00 .5503E-01
.3890E+03 .1074E+01 .5394E+00 .1774E+00 .4868E+00 .3094E+00 .5394E+00 .1527E+00 .6920E+00 .5394E+00 .1774E+00 .5954E-01
.3895E+03 .1299E+01 .6546E+00 .2141E+00 .5895E+00 .3755E+00 .6546E+00 .1843E+00 .8389E+00 .6546E+00 .2141E+00 .7227E-01
.3900E+03 .1302E+01 .6583E+00 .2141E+00 .5917E+00 .3776E+00 .6583E+00 .1844E+00 .8427E+00 .6583E+00 .2141E+00 .7269E-01
.3905E+03 .1197E+01 .6070E+00 .1963E+00 .5445E+00 .3482E+00 .6070E+00 .1692E+00 .7762E+00 .6070E+00 .1963E+00 .6703E-01
.3910E+03 .1407E+01 .7160E+00 .2303E+00 .6409E+00 .4107E+00 .7160E+00 .1985E+00 .9145E+00 .7160E+00 .2303E+00 .7905E-01
.3915E+03 .1434E+01 .7317E+00 .2340E+00 .6537E+00 .4197E+00 .7317E+00 .2019E+00 .9336E+00 .7317E+00 .2340E+00 .8077E-01
.3920E+03 .1207E+01 .6175E+00 .1964E+00 .5506E+00 .3542E+00 .6175E+00 .1695E+00 .7870E+00 .6175E+00 .1964E+00 .6815E-01
.3925E+03 .1079E+01 .5539E+00 .1752E+00 .4929E+00 .3177E+00 .5539E+00 .1513E+00 .7052E+00 .5539E+00 .1752E+00 .6112E-01
.3930E+03 .5993E+00 .3088E+00 .9714E-01 .2743E+00 .1771E+00 .3088E+00 .8392E-01 .3928E+00 .3088E+00 .9714E-01 .3410E-01
.3935E+03 .4350E+00 .2249E+00 .7037E-01 .1994E+00 .1290E+00 .2249E+00 .6084E-01 .2857E+00 .2249E+00 .7037E-01 .2489E-01
.3940E+03 .8843E+00 .4585E+00 .1427E+00 .4057E+00 .2630E+00 .4585E+00 .1235E+00 .5820E+00 .4585E+00 .1427E+00 .5086E-01
.3945E+03 .1123E+01 .5840E+00 .1808E+00 .5158E+00 .3350E+00 .5840E+00 .1565E+00 .7405E+00 .5840E+00 .1808E+00 .6493E-01
.3950E+03 .1369E+01 .7139E+00 .2199E+00 .6293E+00 .4095E+00 .7139E+00 .1905E+00 .9044E+00 .7139E+00 .2199E+00 .7955E-01
.3955E+03 .1390E+01 .7265E+00 .2226E+00 .6393E+00 .4167E+00 .7265E+00 .1929E+00 .9194E+00 .7265E+00 .2226E+00 .8108E-01
.3960E+03 .1204E+01 .6311E+00 .1923E+00 .5542E+00 .3620E+00 .6311E+00 .1668E+00 .7978E+00 .6311E+00 .1923E+00 .7044E-01
.3965E+03 .7024E+00 .3696E+00 .1120E+00 .3240E+00 .2120E+00 .3696E+00 .9720E-01 .4668E+00 .3696E+00 .1120E+00 .4127E-01
.3970E+03 .5264E+00 .2779E+00 .8376E-01 .2432E+00 .1594E+00 .2779E+00 .7272E-01 .3506E+00 .2779E+00 .8376E-01 .3104E-01
.3975E+03 .1070E+01 .5662E+00 .1698E+00 .4945E+00 .3247E+00 .5662E+00 .1475E+00 .7136E+00 .5662E+00 .1698E+00 .6325E-01
.3980E+03 .1498E+01 .7943E+00 .2369E+00 .6924E+00 .4556E+00 .7943E+00 .2059E+00 .1000E+01 .7943E+00 .2369E+00 .8883E-01
.3985E+03 .1547E+01 .8224E+00 .2440E+00 .7157E+00 .4717E+00 .8224E+00 .2122E+00 .1035E+01 .8224E+00 .2440E+00 .9217E-01
.3990E+03 .1671E+01 .8920E+00 .2633E+00 .7750E+00 .5116E+00 .8920E+00 .2292E+00 .1121E+01 .8920E+00 .2633E+00 .1002E+00
.3995E+03 .1664E+01 .8906E+00 .2616E+00 .7724E+00 .5108E+00 .8906E+00 .2278E+00 .1118E+01 .8906E+00 .2616E+00 .1002E+00
.4000E+03 .1728E+01 .9264E+00 .2707E+00 .8021E+00 .5314E+00 .9264E+00 .2359E+00 .1162E+01 .9264E+00 .2707E+00 .1045E+00
.4010E+03 .1770E+01 .9545E+00 .2738E+00 .8212E+00 .5475E+00 .9545E+00 .2390E+00 .1194E+01 .9545E+00 .2738E+00 .1075E+00
.4020E+03 .1862E+01 .1010E+01 .2869E+00 .8664E+00 .5795E+00 .1010E+01 .2507E+00 .1261E+01 .1010E+01 .2869E+00 .1138E+00
.4030E+03 .1764E+01 .9629E+00 .2707E+00 .8230E+00 .5523E+00 .9629E+00 .2368E+00 .1200E+01 .9629E+00 .2707E+00 .1087E+00
.4040E+03 .1734E+01 .9510E+00 .2648E+00 .8102E+00 .5455E+00 .9510E+00 .2320E+00 .1183E+01 .9510E+00 .2648E+00 .1078E+00
.4050E+03 .1731E+01 .9537E+00 .2630E+00 .8100E+00 .5470E+00 .9537E+00 .2307E+00 .1184E+01 .9537E+00 .2630E+00 .1086E+00
.4060E+03 .1698E+01 .9412E+00 .2570E+00 .7968E+00 .5398E+00 .9412E+00 .2257E+00 .1167E+01 .9412E+00 .2570E+00 .1073E+00
.4070E+03 .1666E+01 .9289E+00 .2511E+00 .7840E+00 .5328E+00 .9289E+00 .2209E+00 .1150E+01 .9289E+00 .2511E+00 .1060E+00
.4080E+03 .1730E+01 .9680E+00 .2592E+00 .8144E+00 .5552E+00 .9680E+00 .2282E+00 .1196E+01 .9680E+00 .2592E+00 .1108E+00
.4090E+03 .1848E+01 .1039E+01 .2757E+00 .8717E+00 .5960E+00 .1039E+01 .2432E+00 .1282E+01 .1039E+01 .2757E+00 .1199E+00
.4100E+03 .1611E+01 .9103E+00 .2394E+00 .7615E+00 .5221E+00 .9103E+00 .2116E+00 .1122E+01 .9103E+00 .2394E+00 .1059E+00
.4110E+03 .1741E+01 .9888E+00 .2576E+00 .8248E+00 .5672E+00 .9888E+00 .2281E+00 .1217E+01 .9888E+00 .2576E+00 .1156E+00
.4120E+03 .1864E+01 .1065E+01 .2749E+00 .8856E+00 .6107E+00 .1065E+01 .2437E+00 .1308E+01 .1065E+01 .2749E+00 .1250E+00
.4130E+03 .1817E+01 .1041E+01 .2664E+00 .8635E+00 .5972E+00 .1041E+01 .2365E+00 .1278E+01 .1041E+01 .2664E+00 .1228E+00
.4140E+03 .1835E+01 .1057E+01 .2680E+00 .8742E+00 .6063E+00 .1057E+01 .2383E+00 .1295E+01 .1057E+01 .2680E+00 .1252E+00
.4150E+03 .1835E+01 .1062E+01 .2669E+00 .8762E+00 .6094E+00 .1062E+01 .2377E+00 .1300E+01 .1062E+01 .2669E+00 .1263E+00
.4160E+03 .1862E+01 .1084E+01 .2698E+00 .8915E+00 .6217E+00 .1084E+01 .2406E+00 .1325E+01 .1084E+01 .2698E+00 .1290E+00
.4170E+03 .1814E+01 .1060E+01 .2614E+00 .8695E+00 .6081E+00 .1060E+01 .2334E+00 .1294E+01 .1060E+01 .2614E+00 .1263E+00
.4180E+03 .1778E+01 .1044E+01 .2549E+00 .8535E+00 .5985E+00 .1044E+01 .2279E+00 .1271E+01 .1044E+01 .2549E+00 .1244E+00
.4190E+03 .1798E+01 .1060E+01 .2566E+00 .8645E+00 .6079E+00 .1060E+01 .2296E+00 .1289E+01 .1060E+01 .2566E+00 .1266E+00
.4200E+03 .1788E+01 .1058E+01 .2538E+00 .8606E+00 .6068E+00 .1058E+01 .2274E+00 .1285E+01 .1058E+01 .2538E+00 .1265E+00
.4210E+03 .1867E+01 .1110E+01 .2638E+00 .9002E+00 .6365E+00 .1110E+01 .2367E+00 .1346E+01 .1110E+01 .2638E+00 .1328E+00
.4220E+03 .1772E+01 .1057E+01 .2490E+00 .8555E+00 .6065E+00 .1057E+01 .2237E+00 .1281E+01 .1057E+01 .2490E+00 .1266E+00
.4230E+03 .1728E+01 .1035E+01 .2416E+00 .8356E+00 .5939E+00 .1035E+01 .2173E+00 .1253E+01 .1035E+01 .2416E+00 .1241E+00
.4240E+03 .1826E+01 .1098E+01 .2539E+00 .8838E+00 .6299E+00 .1098E+01 .2287E+00 .1327E+01 .1098E+01 .2539E+00 .1316E+00
.4250E+03 .1819E+01 .1099E+01 .2519E+00 .8823E+00 .6304E+00 .1099E+01 .2271E+00 .1326E+01 .1099E+01 .2519E+00 .1319E+00
.4260E+03 .1766E+01 .1073E+01 .2438E+00 .8590E+00 .6152E+00 .1073E+01 .2201E+00 .1293E+01 .1073E+01 .2438E+00 .1293E+00
.4270E+03 .1731E+01 .1055E+01 .2377E+00 .8428E+00 .6051E+00 .1055E+01 .2150E+00 .1270E+01 .1055E+01 .2377E+00 .1277E+00
.4280E+03 .1685E+01 .1030E+01 .2302E+00 .8210E+00 .5908E+00 .1030E+01 .2086E+00 .1239E+01 .1030E+01 .2302E+00 .1253E+00
.4290E+03 .1591E+01 .9777E+00 .2167E+00 .7775E+00 .5608E+00 .9777E+00 .1967E+00 .1174E+01 .9777E+00 .2167E+00 .1194E+00
.4300E+03 .1390E+01 .8574E+00 .1885E+00 .6802E+00 .4918E+00 .8574E+00 .1713E+00 .1029E+01 .8574E+00 .1885E+00 .1051E+00
.4310E+03 .1378E+01 .8520E+00 .1856E+00 .6743E+00 .4887E+00 .8520E+00 .1690E+00 .1021E+01 .8520E+00 .1856E+00 .1045E+00
.4320E+03 .1774E+01 .1102E+01 .2381E+00 .8705E+00 .6323E+00 .1102E+01 .2170E+00 .1319E+01 .1102E+01 .2381E+00 .1353E+00
.4330E+03 .1781E+01 .1111E+01 .2379E+00 .8751E+00 .6372E+00 .1111E+01 .2171E+00 .1328E+01 .1111E+01 .2379E+00 .1365E+00
.4340E+03 .1653E+01 .1034E+01 .2195E+00 .8125E+00 .5930E+00 .1034E+01 .2006E+00 .1234E+01 .1034E+01 .2195E+00 .1271E+00
.4350E+03 .1726E+01 .1082E+01 .2279E+00 .8486E+00 .6207E+00 .1082E+01 .2086E+00 .1291E+01 .1082E+01 .2279E+00 .1335E+00
.4360E+03 .1939E+01 .1222E+01 .2554E+00 .9560E+00 .7007E+00 .1222E+01 .2342E+00 .1456E+01 .1222E+01 .2554E+00 .1518E+00
.4370E+03 .1907E+01 .1207E+01 .2504E+00 .9428E+00 .6924E+00 .1207E+01 .2302E+00 .1437E+01 .1207E+01 .2504E+00 .1512E+00
.4380E+03 .1733E+01 .1101E+01 .2267E+00 .8584E+00 .6317E+00 .1101E+01 .2088E+00 .1310E+01 .1101E+01 .2267E+00 .1390E+00
.4390E+03 .1796E+01 .1142E+01 .2331E+00 .8879E+00 .6548E+00 .1142E+01 .2152E+00 .1357E+01 .1142E+01 .2331E+00 .1451E+00
.4400E+03 .1849E+01 .1180E+01 .2391E+00 .9161E+00 .6770E+00 .1180E+01 .2211E+00 .1401E+01 .1180E+01 .2391E+00 .1507E+00
.4410E+03 .1911E+01 .1226E+01 .2462E+00 .9492E+00 .7030E+00 .1226E+01 .2280E+00 .1454E+01 .1226E+01 .2462E+00 .1567E+00
.4420E+03 .2047E+01 .1317E+01 .2623E+00 .1017E+01 .7552E+00 .1317E+01 .2433E+00 .1560E+01 .1317E+01 .2623E+00 .1685E+00
.4430E+03 .1996E+01 .1283E+01 .2536E+00 .9897E+00 .7361E+00 .1283E+01 .2356E+00 .1519E+01 .1283E+01 .2536E+00 .1648E+00
.4440E+03 .2035E+01 .1315E+01 .2579E+00 .1012E+01 .7542E+00 .1315E+01 .2401E+00 .1555E+01 .1315E+01 .2579E+00 .1695E+00
.4450E+03 .1992E+01 .1289E+01 .2508E+00 .9900E+00 .7392E+00 .1289E+01 .2338E+00 .1523E+01 .1289E+01 .2508E+00 .1666E+00
.4460E+03 .1895E+01 .1232E+01 .2380E+00 .9445E+00 .7066E+00 .1232E+01 .2222E+00 .1454E+01 .1232E+01 .2380E+00 .1595E+00
.4470E+03 .2043E+01 .1335E+01 .2559E+00 .1021E+01 .7656E+00 .1335E+01 .2392E+00 .1574E+01 .1335E+01 .2559E+00 .1730E+00
.4480E+03 .2078E+01 .1359E+01 .2584E+00 .1038E+01 .7793E+00 .1359E+01 .2419E+00 .1601E+01 .1359E+01 .2584E+00 .1763E+00
.4490E+03 .2078E+01 .1366E+01 .2577E+00 .1041E+01 .7837E+00 .1366E+01 .2417E+00 .1608E+01 .1366E+01 .2577E+00 .1775E+00
.4500E+03 .2132E+01 .1407E+01 .2633E+00 .1070E+01 .8071E+00 .1407E+01 .2472E+00 .1654E+01 .1407E+01 .2633E+00 .1829E+00
.4510E+03 .2209E+01 .1462E+01 .2714E+00 .1110E+01 .8385E+00 .1462E+01 .2552E+00 .1717E+01 .1462E+01 .2714E+00 .1903E+00
.4520E+03 .2126E+01 .1411E+01 .2599E+00 .1069E+01 .8092E+00 .1411E+01 .2448E+00 .1656E+01 .1411E+01 .2599E+00 .1839E+00
.4530E+03 .1997E+01 .1329E+01 .2431E+00 .1005E+01 .7623E+00 .1329E+01 .2294E+00 .1558E+01 .1329E+01 .2431E+00 .1740E+00
.4540E+03 .2080E+01 .1389E+01 .2523E+00 .1049E+01 .7970E+00 .1389E+01 .2385E+00 .1628E+01 .1389E+01 .2523E+00 .1826E+00
.4550E+03 .2092E+01 .1401E+01 .2524E+00 .1056E+01 .8033E+00 .1401E+01 .2390E+00 .1640E+01 .1401E+01 .2524E+00 .1845E+00
.4560E+03 .2139E+01 .1436E+01 .2568E+00 .1081E+01 .8238E+00 .1436E+01 .2435E+00 .1680E+01 .1436E+01 .2568E+00 .1894E+00
.4570E+03 .2173E+01 .1463E+01 .2592E+00 .1098E+01 .8390E+00 .1463E+01 .2462E+00 .1709E+01 .1463E+01 .2592E+00 .1932E+00
.4580E+03 .2101E+01 .1416E+01 .2489E+00 .1061E+01 .8120E+00 .1416E+01 .2369E+00 .1653E+01 .1416E+01 .2489E+00 .1877E+00
.4590E+03 .2087E+01 .1411E+01 .2460E+00 .1055E+01 .8091E+00 .1411E+01 .2347E+00 .1645E+01 .1411E+01 .2460E+00 .1878E+00
.4600E+03 .2093E+01 .1417E+01 .2452E+00 .1058E+01 .8128E+00 .1417E+01 .2344E+00 .1651E+01 .1417E+01 .2452E+00 .1894E+00
.4610E+03 .2139E+01 .1452E+01 .2494E+00 .1082E+01 .8328E+00 .1452E+01 .2389E+00 .1691E+01 .1452E+01 .2494E+00 .1948E+00
.4620E+03 .2151E+01 .1465E+01 .2499E+00 .1090E+01 .8404E+00 .1465E+01 .2399E+00 .1705E+01 .1465E+01 .2499E+00 .1975E+00
.4630E+03 .2137E+01 .1457E+01 .2469E+00 .1083E+01 .8358E+00 .1457E+01 .2376E+00 .1695E+01 .1457E+01 .2469E+00 .1977E+00
.4640E+03 .2096E+01 .1434E+01 .2416E+00 .1064E+01 .8227E+00 .1434E+01 .2330E+00 .1667E+01 .1434E+01 .2416E+00 .1959E+00
.4650E+03 .2064E+01 .1418E+01 .2372E+00 .1051E+01 .8133E+00 .1418E+01 .2292E+00 .1647E+01 .1418E+01 .2372E+00 .1942E+00
.4660E+03 .2080E+01 .1434E+01 .2382E+00 .1060E+01 .8223E+00 .1434E+01 .2304E+00 .1664E+01 .1434E+01 .2382E+00 .1966E+00
.4670E+03 .2044E+01 .1410E+01 .2324E+00 .1041E+01 .8085E+00 .1410E+01 .2252E+00 .1635E+01 .1410E+01 .2324E+00 .1934E+00
.4680E+03 .2067E+01 .1429E+01 .2337E+00 .1053E+01 .8195E+00 .1429E+01 .2267E+00 .1655E+01 .1429E+01 .2337E+00 .1957E+00
.4690E+03 .2077E+01 .1439E+01 .2335E+00 .1059E+01 .8252E+00 .1439E+01 .2267E+00 .1665E+01 .1439E+01 .2335E+00 .1968E+00
.4700E+03 .2011E+01 .1394E+01 .2247E+00 .1024E+01 .7997E+00 .1394E+01 .2187E+00 .1613E+01 .1394E+01 .2247E+00 .1917E+00
.4710E+03 .2007E+01 .1395E+01 .2233E+00 .1023E+01 .8001E+00 .1395E+01 .2180E+00 .1613E+01 .1395E+01 .2233E+00 .1931E+00
.4720E+03 .2115E+01 .1472E+01 .2341E+00 .1079E+01 .8444E+00 .1472E+01 .2290E+00 .1701E+01 .1472E+01 .2341E+00 .2047E+00
.4730E+03 .2088E+01 .1456E+01 .2299E+00 .1065E+01 .8350E+00 .1456E+01 .2252E+00 .1681E+01 .1456E+01 .2299E+00 .2027E+00
.4740E+03 .2095E+01 .1461E+01 .2290E+00 .1067E+01 .8381E+00 .1461E+01 .2248E+00 .1686E+01 .1461E+01 .2290E+00 .2038E+00
.4750E+03 .2117E+01 .1477E+01 .2299E+00 .1077E+01 .8473E+00 .1477E+01 .2261E+00 .1703E+01 .1477E+01 .2299E+00 .2067E+00
.4760E+03 .2059E+01 .1437E+01 .2219E+00 .1046E+01 .8242E+00 .1437E+01 .2187E+00 .1656E+01 .1437E+01 .2219E+00 .2018E+00
.4770E+03 .2068E+01 .1444E+01 .2213E+00 .1050E+01 .8284E+00 .1444E+01 .2186E+00 .1663E+01 .1444E+01 .2213E+00 .2032E+00
.4780E+03 .2122E+01 .1486E+01 .2259E+00 .1078E+01 .8523E+00 .1486E+01 .2235E+00 .1709E+01 .1486E+01 .2259E+00 .2093E+00
.4790E+03 .2104E+01 .1478E+01 .2229E+00 .1070E+01 .8476E+00 .1478E+01 .2209E+00 .1699E+01 .1478E+01 .2229E+00 .2083E+00
.4800E+03 .2103E+01 .1481E+01 .2218E+00 .1071E+01 .8497E+00 .1481E+01 .2203E+00 .1702E+01 .1481E+01 .2218E+00 .2097E+00
.4810E+03 .2136E+01 .1510E+01 .2244E+00 .1091E+01 .8661E+00 .1510E+01 .2235E+00 .1734E+01 .1510E+01 .2244E+00 .2146E+00
.4820E+03 .2141E+01 .1519E+01 .2242E+00 .1095E+01 .8712E+00 .1519E+01 .2237E+00 .1743E+01 .1519E+01 .2242E+00 .2163E+00
.4830E+03 .2109E+01 .1502E+01 .2201E+00 .1081E+01 .8613E+00 .1502E+01 .2200E+00 .1722E+01 .1502E+01 .2201E+00 .2141E+00
.4840E+03 .2063E+01 .1472E+01 .2144E+00 .1059E+01 .8444E+00 .1472E+01 .2146E+00 .1687E+01 .1472E+01 .2144E+00 .2102E+00
.4850E+03 .1963E+01 .1403E+01 .2031E+00 .1008E+01 .8048E+00 .1403E+01 .2036E+00 .1607E+01 .1403E+01 .2031E+00 .2006E+00
.4860E+03 .1713E+01 .1228E+01 .1766E+00 .8807E+00 .7041E+00 .1228E+01 .1773E+00 .1405E+01 .1228E+01 .1766E+00 .1757E+00
.4870E+03 .1792E+01 .1288E+01 .1840E+00 .9228E+00 .7387E+00 .1288E+01 .1851E+00 .1473E+01 .1288E+01 .1840E+00 .1846E+00
.4880E+03 .1966E+01 .1414E+01 .2007E+00 .1012E+01 .8113E+00 .1414E+01 .2023E+00 .1617E+01 .1414E+01 .2007E+00 .2030E+00
.4890E+03 .1974E+01 .1421E+01 .2002E+00 .1015E+01 .8150E+00 .1421E+01 .2021E+00 .1623E+01 .1421E+01 .2002E+00 .2043E+00
.4900E+03 .2073E+01 .1497E+01 .2094E+00 .1068E+01 .8584E+00 .1497E+01 .2120E+00 .1709E+01 .1497E+01 .2094E+00 .2160E+00
.4910E+03 .2034E+01 .1473E+01 .2047E+00 .1049E+01 .8447E+00 .1473E+01 .2077E+00 .1680E+01 .1473E+01 .2047E+00 .2134E+00
.4920E+03 .1920E+01 .1392E+01 .1922E+00 .9909E+00 .7987E+00 .1392E+01 .1954E+00 .1588E+01 .1392E+01 .1922E+00 .2022E+00
.4930E+03 .1982E+01 .1440E+01 .1974E+00 .1023E+01 .8258E+00 .1440E+01 .2010E+00 .1641E+01 .1440E+01 .1974E+00 .2094E+00
.4940E+03 .2001E+01 .1455E+01 .1983E+00 .1033E+01 .8348E+00 .1455E+01 .2023E+00 .1658E+01 .1455E+01 .1983E+00 .2121E+00
.4950E+03 .2017E+01 .1469E+01 .1989E+00 .1042E+01 .8428E+00 .1469E+01 .2034E+00 .1673E+01 .1469E+01 .1989E+00 .2149E+00
.4960E+03 .2029E+01 .1480E+01 .1989E+00 .1048E+01 .8488E+00 .1480E+01 .2039E+00 .1684E+01 .1480E+01 .1989E+00 .2172E+00
.4970E+03 .2060E+01 .1505E+01 .2009E+00 .1064E+01 .8632E+00 .1505E+01 .2065E+00 .1711E+01 .1505E+01 .2009E+00 .2217E+00
.4980E+03 .1963E+01 .1436E+01 .1904E+00 .1014E+01 .8239E+00 .1436E+01 .1961E+00 .1633E+01 .1436E+01 .1904E+00 .2124E+00
.4990E+03 .1989E+01 .1457E+01 .1916E+00 .1027E+01 .8357E+00 .1457E+01 .1979E+00 .1655E+01 .1457E+01 .1916E+00 .2160E+00
.5000E+03 .1933E+01 .1417E+01 .1860E+00 .9985E+00 .8125E+00 .1417E+01 .1923E+00 .1609E+01 .1417E+01 .1860E+00 .2102E+00
.5010E+03 .1900E+01 .1392E+01 .1814E+00 .9801E+00 .7987E+00 .1392E+01 .1879E+00 .1580E+01 .1392E+01 .1814E+00 .2068E+00
.5020E+03 .1879E+01 .1374E+01 .1775E+00 .9653E+00 .7878E+00 .1374E+01 .1842E+00 .1558E+01 .1374E+01 .1775E+00 .2043E+00
.5030E+03 .1962E+01 .1430E+01 .1833E+00 .1003E+01 .8202E+00 .1430E+01 .1907E+00 .1621E+01 .1430E+01 .1833E+00 .2130E+00
.5040E+03 .1934E+01 .1384E+01 .1758E+00 .9694E+00 .7936E+00 .1384E+01 .1834E+00 .1567E+01 .1384E+01 .1758E+00 .2065E+00
.5050E+03 .1984E+01 .1447E+01 .1829E+00 .1013E+01 .8300E+00 .1447E+01 .1912E+00 .1638E+01 .1447E+01 .1829E+00 .2168E+00
.5060E+03 .2049E+01 .1493E+01 .1874E+00 .1044E+01 .8562E+00 .1493E+01 .1964E+00 .1689E+01 .1493E+01 .1874E+00 .2244E+00
.5070E+03 .1949E+01 .1421E+01 .1772E+00 .9920E+00 .8149E+00 .1421E+01 .1861E+00 .1607E+01 .1421E+01 .1772E+00 .2138E+00
.5080E+03 .1882E+01 .1379E+01 .1710E+00 .9618E+00 .7909E+00 .1379E+01 .1799E+00 .1559E+01 .1379E+01 .1710E+00 .2078E+00
.5090E+03 .1930E+01 .1420E+01 .1750E+00 .9895E+00 .8145E+00 .1420E+01 .1845E+00 .1605E+01 .1420E+01 .1750E+00 .2145E+00
.5100E+03 .1916E+01 .1414E+01 .1734E+00 .9846E+00 .8113E+00 .1414E+01 .1832E+00 .1598E+01 .1414E+01 .1734E+00 .2144E+00
.5110E+03 .1963E+01 .1455E+01 .1773E+00 .1012E+01 .8347E+00 .1455E+01 .1878E+00 .1643E+01 .1455E+01 .1773E+00 .2214E+00
.5120E+03 .1982E+01 .1473E+01 .1784E+00 .1023E+01 .8451E+00 .1473E+01 .1893E+00 .1663E+01 .1473E+01 .1784E+00 .2244E+00
.5130E+03 .1875E+01 .1397E+01 .1680E+00 .9692E+00 .8012E+00 .1397E+01 .1786E+00 .1576E+01 .1397E+01 .1680E+00 .2130E+00
.5140E+03 .1860E+01 .1389E+01 .1659E+00 .9624E+00 .7965E+00 .1389E+01 .1768E+00 .1566E+01 .1389E+01 .1659E+00 .2123E+00
.5150E+03 .1841E+01 .1376E+01 .1633E+00 .9528E+00 .7894E+00 .1376E+01 .1746E+00 .1551E+01 .1376E+01 .1633E+00 .2112E+00
.5160E+03 .1837E+01 .1375E+01 .1621E+00 .9507E+00 .7886E+00 .1375E+01 .1737E+00 .1549E+01 .1375E+01 .1621E+00 .2117E+00
.5170E+03 .1631E+01 .1223E+01 .1433E+00 .8445E+00 .7012E+00 .1223E+01 .1539E+00 .1377E+01 .1223E+01 .1433E+00 .1890E+00
.5180E+03 .1715E+01 .1287E+01 .1498E+00 .8879E+00 .7381E+00 .1287E+01 .1614E+00 .1448E+01 .1287E+01 .1498E+00 .1996E+00
.5190E+03 .1799E+01 .1351E+01 .1563E+00 .9311E+00 .7748E+00 .1351E+01 .1687E+00 .1520E+01 .1351E+01 .1563E+00 .2099E+00
.5200E+03 .1865E+01 .1401E+01 .1610E+00 .9647E+00 .8037E+00 .1401E+01 .1742E+00 .1575E+01 .1401E+01 .1610E+00 .2180E+00
.5210E+03 .1883E+01 .1416E+01 .1616E+00 .9736E+00 .8120E+00 .1416E+01 .1752E+00 .1591E+01 .1416E+01 .1616E+00 .2206E+00
.5220E+03 .1886E+01 .1419E+01 .1608E+00 .9745E+00 .8137E+00 .1419E+01 .1749E+00 .1594E+01 .1419E+01 .1608E+00 .2219E+00
.5230E+03 .1853E+01 .1395E+01 .1572E+00 .9574E+00 .8002E+00 .1395E+01 .1714E+00 .1567E+01 .1395E+01 .1572E+00 .2190E+00
.5240E+03 .1922E+01 .1446E+01 .1619E+00 .9915E+00 .8296E+00 .1446E+01 .1771E+00 .1624E+01 .1446E+01 .1619E+00 .2282E+00
.5250E+03 .1949E+01 .1465E+01 .1629E+00 .1003E+01 .8405E+00 .1465E+01 .1788E+00 .1644E+01 .1465E+01 .1629E+00 .2324E+00
.5260E+03 .1863E+01 .1402E+01 .1548E+00 .9591E+00 .8043E+00 .1402E+01 .1705E+00 .1573E+01 .1402E+01 .1548E+00 .2233E+00
.5270E+03 .1759E+01 .1322E+01 .1450E+00 .9034E+00 .7585E+00 .1322E+01 .1600E+00 .1482E+01 .1322E+01 .1450E+00 .2109E+00
.5280E+03 .1863E+01 .1401E+01 .1524E+00 .9558E+00 .8034E+00 .1401E+01 .1687E+00 .1569E+01 .1401E+01 .1524E+00 .2237E+00
.5290E+03 .1966E+01 .1477E+01 .1597E+00 .1007E+01 .8472E+00 .1477E+01 .1773E+00 .1654E+01 .1477E+01 .1597E+00 .2370E+00
.5300E+03 .1939E+01 .1458E+01 .1567E+00 .9928E+00 .8362E+00 .1458E+01 .1745E+00 .1632E+01 .1458E+01 .1567E+00 .2351E+00
.5310E+03 .1969E+01 .1481E+01 .1582E+00 .1008E+01 .8497E+00 .1481E+01 .1768E+00 .1658E+01 .1481E+01 .1582E+00 .2401E+00
.5320E+03 .1902E+01 .1432E+01 .1520E+00 .9736E+00 .8216E+00 .1432E+01 .1704E+00 .1603E+01 .1432E+01 .1520E+00 .2329E+00
.5330E+03 .1846E+01 .1392E+01 .1468E+00 .9452E+00 .7983E+00 .1392E+01 .1651E+00 .1557E+01 .1392E+01 .1468E+00 .2272E+00
.5340E+03 .1899E+01 .1434E+01 .1504E+00 .9729E+00 .8225E+00 .1434E+01 .1695E+00 .1603E+01 .1434E+01 .1504E+00 .2347E+00
.5350E+03 .1938E+01 .1466E+01 .1529E+00 .9935E+00 .8406E+00 .1466E+01 .1727E+00 .1638E+01 .1466E+01 .1529E+00 .2407E+00
.5360E+03 .1954E+01 .1479E+01 .1534E+00 .1002E+01 .8486E+00 .1479E+01 .1738E+00 .1653E+01 .1479E+01 .1534E+00 .2435E+00
.5370E+03 .1875E+01 .1422E+01 .1466E+00 .9622E+00 .8156E+00 .1422E+01 .1664E+00 .1588E+01 .1422E+01 .1466E+00 .2344E+00
.5380E+03 .1907E+01 .1448E+01 .1484E+00 .9790E+00 .8306E+00 .1448E+01 .1688E+00 .1617E+01 .1448E+01 .1484E+00 .2390E+00
.5390E+03 .1891E+01 .1437E+01 .1465E+00 .9710E+00 .8245E+00 .1437E+01 .1673E+00 .1605E+01 .1437E+01 .1465E+00 .2386E+00
.5400E+03 .1814E+01 .1378E+01 .1396E+00 .9298E+00 .7902E+00 .1378E+01 .1600E+00 .1538E+01 .1378E+01 .1396E+00 .2299E+00
.5410E+03 .1832E+01 .1385E+01 .1395E+00 .9338E+00 .7943E+00 .1385E+01 .1605E+00 .1545E+01 .1385E+01 .1395E+00 .2317E+00
.5420E+03 .1892E+01 .1430E+01 .1430E+00 .9631E+00 .8201E+00 .1430E+01 .1652E+00 .1595E+01 .1430E+01 .1430E+00 .2395E+00
.5430E+03 .1867E+01 .1420E+01 .1413E+00 .9558E+00 .8146E+00 .1420E+01 .1637E+00 .1584E+01 .1420E+01 .1413E+00 .2384E+00
.5440E+03 .1904E+01 .1443E+01 .1427E+00 .9705E+00 .8277E+00 .1443E+01 .1663E+00 .1609E+01 .1443E+01 .1427E+00 .2441E+00
.5450E+03 .1897E+01 .1441E+01 .1418E+00 .9681E+00 .8263E+00 .1441E+01 .1660E+00 .1607E+01 .1441E+01 .1418E+00 .2455E+00
.5460E+03 .1910E+01 .1444E+01 .1412E+00 .9694E+00 .8282E+00 .1444E+01 .1660E+00 .1610E+01 .1444E+01 .1412E+00 .2467E+00
.5470E+03 .1905E+01 .1446E+01 .1406E+00 .9703E+00 .8296E+00 .1446E+01 .1659E+00 .1612E+01 .1446E+01 .1406E+00 .2474E+00
.5480E+03 .1880E+01 .1431E+01 .1384E+00 .9593E+00 .8210E+00 .1431E+01 .1638E+00 .1595E+01 .1431E+01 .1384E+00 .2452E+00
.5490E+03 .1884E+01 .1438E+01 .1383E+00 .9631E+00 .8248E+00 .1438E+01 .1643E+00 .1602E+01 .1438E+01 .1383E+00 .2472E+00
.5500E+03 .1906E+01 .1457E+01 .1393E+00 .9752E+00 .8359E+00 .1457E+01 .1662E+00 .1623E+01 .1457E+01 .1393E+00 .2513E+00
.5510E+03 .1882E+01 .1442E+01 .1370E+00 .9639E+00 .8268E+00 .1442E+01 .1641E+00 .1606E+01 .1442E+01 .1370E+00 .2490E+00
.5520E+03 .1895E+01 .1453E+01 .1373E+00 .9708E+00 .8335E+00 .1453E+01 .1650E+00 .1618E+01 .1453E+01 .1373E+00 .2514E+00
.5530E+03 .1862E+01 .1428E+01 .1342E+00 .9534E+00 .8192E+00 .1428E+01 .1618E+00 .1590E+01 .1428E+01 .1342E+00 .2476E+00
.5540E+03 .1907E+01 .1463E+01 .1367E+00 .9761E+00 .8394E+00 .1463E+01 .1655E+00 .1629E+01 .1463E+01 .1367E+00 .2545E+00
.5550E+03 .1912E+01 .1467E+01 .1363E+00 .9778E+00 .8415E+00 .1467E+01 .1657E+00 .1633E+01 .1467E+01 .1363E+00 .2559E+00
.5560E+03 .1888E+01 .1449E+01 .1338E+00 .9648E+00 .8310E+00 .1449E+01 .1632E+00 .1612E+01 .1449E+01 .1338E+00 .2530E+00
.5570E+03 .1831E+01 .1405E+01 .1289E+00 .9348E+00 .8059E+00 .1405E+01 .1578E+00 .1563E+01 .1405E+01 .1289E+00 .2456E+00
.5580E+03 .1820E+01 .1395E+01 .1272E+00 .9276E+00 .8004E+00 .1395E+01 .1563E+00 .1552E+01 .1395E+01 .1272E+00 .2442E+00
.5590E+03 .1789E+01 .1371E+01 .1242E+00 .9103E+00 .7861E+00 .1371E+01 .1531E+00 .1524E+01 .1371E+01 .1242E+00 .2401E+00
.5600E+03 .1813E+01 .1390E+01 .1251E+00 .9222E+00 .7971E+00 .1390E+01 .1548E+00 .1544E+01 .1390E+01 .1251E+00 .2438E+00
.5610E+03 .1839E+01 .1410E+01 .1261E+00 .9348E+00 .8087E+00 .1410E+01 .1566E+00 .1567E+01 .1410E+01 .1261E+00 .2476E+00
.5620E+03 .1829E+01 .1402E+01 .1246E+00 .9285E+00 .8039E+00 .1402E+01 .1553E+00 .1557E+01 .1402E+01 .1246E+00 .2464E+00
.5630E+03 .1883E+01 .1442E+01 .1274E+00 .9544E+00 .8271E+00 .1442E+01 .1594E+00 .1601E+01 .1442E+01 .1274E+00 .2540E+00
.5640E+03 .1835E+01 .1404E+01 .1233E+00 .9288E+00 .8055E+00 .1404E+01 .1550E+00 .1559E+01 .1404E+01 .1233E+00 .2482E+00
.5650E+03 .1822E+01 .1394E+01 .1217E+00 .9212E+00 .7994E+00 .1394E+01 .1536E+00 .1547E+01 .1394E+01 .1217E+00 .2471E+00
.5660E+03 .1798E+01 .1375E+01 .1193E+00 .9079E+00 .7885E+00 .1375E+01 .1511E+00 .1526E+01 .1375E+01 .1193E+00 .2440E+00
.5670E+03 .1836E+01 .1402E+01 .1210E+00 .9251E+00 .8041E+00 .1402E+01 .1537E+00 .1556E+01 .1402E+01 .1210E+00 .2491E+00
.5680E+03 .1830E+01 .1388E+01 .1190E+00 .9149E+00 .7959E+00 .1388E+01 .1518E+00 .1539E+01 .1388E+01 .1190E+00 .2471E+00
.5690E+03 .1808E+01 .1346E+01 .1147E+00 .8868E+00 .7721E+00 .1346E+01 .1470E+00 .1493E+01 .1346E+01 .1147E+00 .2405E+00
.5700E+03 .1804E+01 .1353E+01 .1147E+00 .8908E+00 .7761E+00 .1353E+01 .1476E+00 .1501E+01 .1353E+01 .1147E+00 .2424E+00
.5710E+03 .1787E+01 .1354E+01 .1142E+00 .8907E+00 .7766E+00 .1354E+01 .1474E+00 .1501E+01 .1354E+01 .1142E+00 .2430E+00
.5720E+03 .1844E+01 .1383E+01 .1159E+00 .9095E+00 .7935E+00 .1383E+01 .1503E+00 .1534E+01 .1383E+01 .1159E+00 .2486E+00
.5730E+03 .1866E+01 .1402E+01 .1168E+00 .9207E+00 .8039E+00 .1402E+01 .1521E+00 .1554E+01 .1402E+01 .1168E+00 .2527E+00
.5740E+03 .1863E+01 .1400E+01 .1162E+00 .9191E+00 .8030E+00 .1400E+01 .1518E+00 .1552E+01 .1400E+01 .1162E+00 .2536E+00
.5750E+03 .1833E+01 .1375E+01 .1136E+00 .9024E+00 .7888E+00 .1375E+01 .1491E+00 .1524E+01 .1375E+01 .1136E+00 .2502E+00
.5760E+03 .1816E+01 .1365E+01 .1122E+00 .8952E+00 .7830E+00 .1365E+01 .1478E+00 .1513E+01 .1365E+01 .1122E+00 .2487E+00
.5770E+03 .1834E+01 .1381E+01 .1130E+00 .9053E+00 .7923E+00 .1381E+01 .1493E+00 .1531E+01 .1381E+01 .1130E+00 .2521E+00
.5780E+03 .1801E+01 .1363E+01 .1110E+00 .8930E+00 .7820E+00 .1363E+01 .1473E+00 .1511E+01 .1363E+01 .1110E+00 .2495E+00
.5790E+03 .1799E+01 .1369E+01 .1110E+00 .8964E+00 .7853E+00 .1369E+01 .1478E+00 .1517E+01 .1369E+01 .1110E+00 .2513E+00
.5800E+03 .1819E+01 .1393E+01 .1124E+00 .9112E+00 .7987E+00 .1393E+01 .1503E+00 .1543E+01 .1393E+01 .1124E+00 .2562E+00
.5810E+03 .1818E+01 .1398E+01 .1124E+00 .9145E+00 .8021E+00 .1398E+01 .1507E+00 .1549E+01 .1398E+01 .1124E+00 .2576E+00
.5820E+03 .1843E+01 .1424E+01 .1139E+00 .9305E+00 .8165E+00 .1424E+01 .1532E+00 .1577E+01 .1424E+01 .1139E+00 .2625E+00
.5830E+03 .1840E+01 .1427E+01 .1137E+00 .9321E+00 .8184E+00 .1427E+01 .1535E+00 .1580E+01 .1427E+01 .1137E+00 .2642E+00
.5840E+03 .1851E+01 .1438E+01 .1141E+00 .9390E+00 .8248E+00 .1438E+01 .1548E+00 .1593E+01 .1438E+01 .1141E+00 .2677E+00
.5850E+03 .1803E+01 .1402E+01 .1108E+00 .9152E+00 .8044E+00 .1402E+01 .1509E+00 .1553E+01 .1402E+01 .1108E+00 .2618E+00
.5860E+03 .1766E+01 .1371E+01 .1077E+00 .8940E+00 .7863E+00 .1371E+01 .1471E+00 .1518E+01 .1371E+01 .1077E+00 .2558E+00
.5870E+03 .1811E+01 .1395E+01 .1090E+00 .9090E+00 .8000E+00 .1395E+01 .1492E+00 .1544E+01 .1395E+01 .1090E+00 .2602E+00
.5880E+03 .1794E+01 .1341E+01 .1040E+00 .8730E+00 .7690E+00 .1341E+01 .1432E+00 .1484E+01 .1341E+01 .1040E+00 .2511E+00
.5890E+03 .1647E+01 .1163E+01 .8943E-01 .7564E+00 .6670E+00 .1163E+01 .1239E+00 .1287E+01 .1163E+01 .8943E-01 .2189E+00
.5900E+03 .1717E+01 .1218E+01 .9327E-01 .7920E+00 .6987E+00 .1218E+01 .1297E+00 .1348E+01 .1218E+01 .9327E-01 .2302E+00
.5910E+03 .1783E+01 .1300E+01 .9927E-01 .8451E+00 .7458E+00 .1300E+01 .1385E+00 .1439E+01 .1300E+01 .9927E-01 .2464E+00
.5920E+03 .1781E+01 .1282E+01 .9725E-01 .8324E+00 .7352E+00 .1282E+01 .1363E+00 .1418E+01 .1282E+01 .9725E-01 .2436E+00
.5930E+03 .1785E+01 .1313E+01 .9925E-01 .8525E+00 .7532E+00 .1313E+01 .1396E+00 .1453E+01 .1313E+01 .9925E-01 .2498E+00
.5940E+03 .1782E+01 .1302E+01 .9783E-01 .8448E+00 .7470E+00 .1302E+01 .1381E+00 .1440E+01 .1302E+01 .9783E-01 .2481E+00
.5950E+03 .1753E+01 .1262E+01 .9416E-01 .8179E+00 .7237E+00 .1262E+01 .1335E+00 .1395E+01 .1262E+01 .9416E-01 .2409E+00
.5960E+03 .1780E+01 .1335E+01 .9939E-01 .8650E+00 .7656E+00 .1335E+01 .1414E+00 .1476E+01 .1335E+01 .9939E-01 .2556E+00
.5970E+03 .1768E+01 .1319E+01 .9769E-01 .8545E+00 .7568E+00 .1319E+01 .1395E+00 .1459E+01 .1319E+01 .9769E-01 .2533E+00
.5980E+03 .1752E+01 .1323E+01 .9752E-01 .8566E+00 .7590E+00 .1323E+01 .1398E+00 .1463E+01 .1323E+01 .9752E-01 .2544E+00
.5990E+03 .1747E+01 .1331E+01 .9761E-01 .8610E+00 .7634E+00 .1331E+01 .1404E+00 .1471E+01 .1331E+01 .9761E-01 .2561E+00
.6000E+03 .1738E+01 .1342E+01 .9801E-01 .8677E+00 .7697E+00 .1342E+01 .1414E+00 .1483E+01 .1342E+01 .9801E-01 .2587E+00
.6010E+03 .1716E+01 .1337E+01 .9727E-01 .8644E+00 .7671E+00 .1337E+01 .1409E+00 .1478E+01 .1337E+01 .9727E-01 .2586E+00
.6020E+03 .1703E+01 .1330E+01 .9625E-01 .8588E+00 .7626E+00 .1330E+01 .1400E+00 .1470E+01 .1330E+01 .9625E-01 .2577E+00
.6030E+03 .1728E+01 .1353E+01 .9753E-01 .8737E+00 .7762E+00 .1353E+01 .1423E+00 .1496E+01 .1353E+01 .9753E-01 .2627E+00
.6040E+03 .1755E+01 .1376E+01 .9872E-01 .8879E+00 .7892E+00 .1376E+01 .1445E+00 .1520E+01 .1376E+01 .9872E-01 .2675E+00
.6050E+03 .1744E+01 .1370E+01 .9793E-01 .8840E+00 .7861E+00 .1370E+01 .1439E+00 .1514E+01 .1370E+01 .9793E-01 .2671E+00
.6060E+03 .1733E+01 .1367E+01 .9732E-01 .8815E+00 .7841E+00 .1367E+01 .1435E+00 .1511E+01 .1367E+01 .9732E-01 .2672E+00
.6070E+03 .1746E+01 .1383E+01 .9808E-01 .8912E+00 .7932E+00 .1383E+01 .1452E+00 .1528E+01 .1383E+01 .9808E-01 .2710E+00
.6080E+03 .1723E+01 .1369E+01 .9673E-01 .8819E+00 .7852E+00 .1369E+01 .1436E+00 .1513E+01 .1369E+01 .9673E-01 .2686E+00
.6090E+03 .1723E+01 .1372E+01 .9657E-01 .8836E+00 .7870E+00 .1372E+01 .1438E+00 .1516E+01 .1372E+01 .9657E-01 .2695E+00
.6100E+03 .1707E+01 .1361E+01 .9546E-01 .8763E+00 .7809E+00 .1361E+01 .1426E+00 .1504E+01 .1361E+01 .9546E-01 .2681E+00
.6110E+03 .1714E+01 .1370E+01 .9570E-01 .8813E+00 .7856E+00 .1370E+01 .1435E+00 .1513E+01 .1370E+01 .9570E-01 .2705E+00
.6120E+03 .1707E+01 .1365E+01 .9505E-01 .8782E+00 .7831E+00 .1365E+01 .1431E+00 .1508E+01 .1365E+01 .9505E-01 .2704E+00
.6130E+03 .1684E+01 .1348E+01 .9349E-01 .8668E+00 .7733E+00 .1348E+01 .1412E+00 .1489E+01 .1348E+01 .9349E-01 .2674E+00
.6140E+03 .1658E+01 .1330E+01 .9187E-01 .8547E+00 .7628E+00 .1330E+01 .1392E+00 .1469E+01 .1330E+01 .9187E-01 .2641E+00
.6150E+03 .1691E+01 .1360E+01 .9358E-01 .8735E+00 .7799E+00 .1360E+01 .1423E+00 .1502E+01 .1360E+01 .9358E-01 .2707E+00
.6160E+03 .1633E+01 .1315E+01 .9021E-01 .8447E+00 .7545E+00 .1315E+01 .1376E+00 .1453E+01 .1315E+01 .9021E-01 .2626E+00
.6170E+03 .1628E+01 .1313E+01 .8971E-01 .8429E+00 .7531E+00 .1313E+01 .1374E+00 .1450E+01 .1313E+01 .8971E-01 .2629E+00
.6180E+03 .1689E+01 .1363E+01 .9280E-01 .8748E+00 .7820E+00 .1363E+01 .1426E+00 .1506E+01 .1363E+01 .9280E-01 .2738E+00
.6190E+03 .1671E+01 .1350E+01 .9154E-01 .8658E+00 .7743E+00 .1350E+01 .1412E+00 .1491E+01 .1350E+01 .9154E-01 .2719E+00
.6200E+03 .1682E+01 .1358E+01 .9170E-01 .8705E+00 .7787E+00 .1358E+01 .1420E+00 .1500E+01 .1358E+01 .9170E-01 .2742E+00
.6210E+03 .1687E+01 .1357E+01 .9128E-01 .8697E+00 .7785E+00 .1357E+01 .1419E+00 .1499E+01 .1357E+01 .9128E-01 .2750E+00
.6220E+03 .1671E+01 .1330E+01 .8901E-01 .8518E+00 .7628E+00 .1330E+01 .1389E+00 .1469E+01 .1330E+01 .8901E-01 .2700E+00
.6230E+03 .1649E+01 .1299E+01 .8650E-01 .8316E+00 .7451E+00 .1299E+01 .1355E+00 .1435E+01 .1299E+01 .8650E-01 .2641E+00
.6240E+03 .1618E+01 .1283E+01 .8512E-01 .8210E+00 .7359E+00 .1283E+01 .1338E+00 .1417E+01 .1283E+01 .8512E-01 .2612E+00
.6250E+03 .1614E+01 .1290E+01 .8537E-01 .8256E+00 .7402E+00 .1290E+01 .1347E+00 .1425E+01 .1290E+01 .8537E-01 .2638E+00
.6260E+03 .1639E+01 .1312E+01 .8646E-01 .8388E+00 .7523E+00 .1312E+01 .1370E+00 .1449E+01 .1312E+01 .8646E-01 .2693E+00
.6270E+03 .1666E+01 .1324E+01 .8689E-01 .8463E+00 .7594E+00 .1324E+01 .1383E+00 .1462E+01 .1324E+01 .8689E-01 .2726E+00
.6280E+03 .1664E+01 .1251E+01 .8139E-01 .7988E+00 .7174E+00 .1251E+01 .1302E+00 .1381E+01 .1251E+01 .8139E-01 .2579E+00
.6290E+03 .1664E+01 .1299E+01 .8446E-01 .8296E+00 .7451E+00 .1299E+01 .1353E+00 .1434E+01 .1299E+01 .8446E-01 .2682E+00
.6300E+03 .1629E+01 .1277E+01 .8270E-01 .8151E+00 .7324E+00 .1277E+01 .1329E+00 .1410E+01 .1277E+01 .8270E-01 .2640E+00
.6310E+03 .1630E+01 .1305E+01 .8436E-01 .8331E+00 .7488E+00 .1305E+01 .1359E+00 .1441E+01 .1305E+01 .8436E-01 .2702E+00
.6320E+03 .1605E+01 .1284E+01 .8265E-01 .8190E+00 .7364E+00 .1284E+01 .1337E+00 .1418E+01 .1284E+01 .8265E-01 .2665E+00
.6330E+03 .1639E+01 .1328E+01 .8526E-01 .8467E+00 .7615E+00 .1328E+01 .1385E+00 .1466E+01 .1328E+01 .8526E-01 .2768E+00
.6340E+03 .1612E+01 .1317E+01 .8432E-01 .8395E+00 .7552E+00 .1317E+01 .1375E+00 .1454E+01 .1317E+01 .8432E-01 .2755E+00
.6350E+03 .1632E+01 .1336E+01 .8522E-01 .8513E+00 .7661E+00 .1336E+01 .1394E+00 .1475E+01 .1336E+01 .8522E-01 .2799E+00
.6360E+03 .1604E+01 .1317E+01 .8374E-01 .8392E+00 .7555E+00 .1317E+01 .1374E+00 .1455E+01 .1317E+01 .8374E-01 .2764E+00
.6370E+03 .1626E+01 .1337E+01 .8469E-01 .8516E+00 .7669E+00 .1337E+01 .1394E+00 .1476E+01 .1337E+01 .8469E-01 .2811E+00
.6380E+03 .1634E+01 .1351E+01 .8533E-01 .8604E+00 .7751E+00 .1351E+01 .1410E+00 .1492E+01 .1351E+01 .8533E-01 .2849E+00
.6390E+03 .1612E+01 .1337E+01 .8411E-01 .8507E+00 .7666E+00 .1337E+01 .1394E+00 .1476E+01 .1337E+01 .8411E-01 .2824E+00
.6400E+03 .1592E+01 .1325E+01 .8307E-01 .8429E+00 .7598E+00 .1325E+01 .1381E+00 .1463E+01 .1325E+01 .8307E-01 .2803E+00
.6410E+03 .1588E+01 .1324E+01 .8273E-01 .8421E+00 .7594E+00 .1324E+01 .1380E+00 .1462E+01 .1324E+01 .8273E-01 .2805E+00
.6420E+03 .1577E+01 .1319E+01 .8213E-01 .8385E+00 .7563E+00 .1319E+01 .1375E+00 .1456E+01 .1319E+01 .8213E-01 .2804E+00
.6430E+03 .1598E+01 .1334E+01 .8284E-01 .8482E+00 .7654E+00 .1334E+01 .1393E+00 .1474E+01 .1334E+01 .8284E-01 .2850E+00
.6440E+03 .1589E+01 .1331E+01 .8233E-01 .8455E+00 .7632E+00 .1331E+01 .1390E+00 .1470E+01 .1331E+01 .8233E-01 .2851E+00
.6450E+03 .1594E+01 .1330E+01 .8194E-01 .8447E+00 .7627E+00 .1330E+01 .1388E+00 .1469E+01 .1330E+01 .8194E-01 .2853E+00
.6460E+03 .1570E+01 .1288E+01 .7894E-01 .8176E+00 .7387E+00 .1288E+01 .1342E+00 .1422E+01 .1288E+01 .7894E-01 .2766E+00
.6470E+03 .1578E+01 .1256E+01 .7654E-01 .7971E+00 .7206E+00 .1256E+01 .1308E+00 .1387E+01 .1256E+01 .7654E-01 .2706E+00
.6480E+03 .1592E+01 .1251E+01 .7589E-01 .7937E+00 .7178E+00 .1251E+01 .1302E+00 .1382E+01 .1251E+01 .7589E-01 .2703E+00
.6490E+03 .1561E+01 .1229E+01 .7430E-01 .7795E+00 .7052E+00 .1229E+01 .1279E+00 .1357E+01 .1229E+01 .7430E-01 .2661E+00
.6500E+03 .1530E+01 .1256E+01 .7587E-01 .7963E+00 .7205E+00 .1256E+01 .1309E+00 .1387E+01 .1256E+01 .7587E-01 .2721E+00
.6510E+03 .1587E+01 .1314E+01 .7914E-01 .8331E+00 .7539E+00 .1314E+01 .1369E+00 .1451E+01 .1314E+01 .7914E-01 .2851E+00
.6520E+03 .1569E+01 .1230E+01 .7346E-01 .7790E+00 .7056E+00 .1230E+01 .1278E+00 .1358E+01 .1230E+01 .7346E-01 .2675E+00
.6530E+03 .1567E+01 .1296E+01 .7745E-01 .8208E+00 .7433E+00 .1296E+01 .1350E+00 .1431E+01 .1296E+01 .7745E-01 .2825E+00
.6540E+03 .1544E+01 .1283E+01 .7643E-01 .8124E+00 .7359E+00 .1283E+01 .1336E+00 .1417E+01 .1283E+01 .7643E-01 .2802E+00
.6550E+03 .1510E+01 .1223E+01 .7245E-01 .7742E+00 .7017E+00 .1223E+01 .1272E+00 .1351E+01 .1223E+01 .7245E-01 .2676E+00
.6560E+03 .1322E+01 .1089E+01 .6434E-01 .6890E+00 .6246E+00 .1089E+01 .1133E+00 .1202E+01 .1089E+01 .6434E-01 .2385E+00
.6570E+03 .1357E+01 .1117E+01 .6574E-01 .7062E+00 .6404E+00 .1117E+01 .1162E+00 .1233E+01 .1117E+01 .6574E-01 .2456E+00
.6580E+03 .1510E+01 .1257E+01 .7387E-01 .7951E+00 .7212E+00 .1257E+01 .1311E+00 .1389E+01 .1257E+01 .7387E-01 .2777E+00
.6590E+03 .1514E+01 .1266E+01 .7414E-01 .8004E+00 .7262E+00 .1266E+01 .1321E+00 .1398E+01 .1266E+01 .7414E-01 .2802E+00
.6600E+03 .1518E+01 .1265E+01 .7379E-01 .7995E+00 .7257E+00 .1265E+01 .1319E+00 .1397E+01 .1265E+01 .7379E-01 .2803E+00
.6610E+03 .1528E+01 .1266E+01 .7350E-01 .7994E+00 .7259E+00 .1266E+01 .1318E+00 .1397E+01 .1266E+01 .7350E-01 .2809E+00
.6620E+03 .1538E+01 .1261E+01 .7291E-01 .7960E+00 .7231E+00 .1261E+01 .1314E+00 .1392E+01 .1261E+01 .7291E-01 .2809E+00
.6630E+03 .1505E+01 .1242E+01 .7165E-01 .7841E+00 .7125E+00 .1242E+01 .1296E+00 .1372E+01 .1242E+01 .7165E-01 .2779E+00
.6640E+03 .1513E+01 .1270E+01 .7307E-01 .8013E+00 .7282E+00 .1270E+01 .1326E+00 .1402E+01 .1270E+01 .7307E-01 .2847E+00
.6650E+03 .1507E+01 .1278E+01 .7335E-01 .8063E+00 .7330E+00 .1278E+01 .1335E+00 .1411E+01 .1278E+01 .7335E-01 .2869E+00
.6660E+03 .1505E+01 .1286E+01 .7362E-01 .8114E+00 .7378E+00 .1286E+01 .1344E+00 .1421E+01 .1286E+01 .7362E-01 .2892E+00
.6670E+03 .1500E+01 .1290E+01 .7360E-01 .8134E+00 .7398E+00 .1290E+01 .1348E+00 .1425E+01 .1290E+01 .7360E-01 .2907E+00
.6680E+03 .1497E+01 .1293E+01 .7358E-01 .8153E+00 .7418E+00 .1293E+01 .1352E+00 .1428E+01 .1293E+01 .7358E-01 .2922E+00
.6690E+03 .1518E+01 .1314E+01 .7452E-01 .8283E+00 .7537E+00 .1314E+01 .1374E+00 .1451E+01 .1314E+01 .7452E-01 .2974E+00
.6700E+03 .1510E+01 .1310E+01 .7400E-01 .8252E+00 .7512E+00 .1310E+01 .1369E+00 .1447E+01 .1310E+01 .7400E-01 .2968E+00
.6710E+03 .1508E+01 .1310E+01 .7377E-01 .8250E+00 .7512E+00 .1310E+01 .1369E+00 .1447E+01 .1310E+01 .7377E-01 .2976E+00
.6720E+03 .1494E+01 .1299E+01 .7296E-01 .8180E+00 .7450E+00 .1299E+01 .1361E+00 .1435E+01 .1299E+01 .7296E-01 .2967E+00
.6730E+03 .1515E+01 .1319E+01 .7389E-01 .8304E+00 .7565E+00 .1319E+01 .1385E+00 .1457E+01 .1319E+01 .7389E-01 .3030E+00
.6740E+03 .1508E+01 .1314E+01 .7338E-01 .8273E+00 .7539E+00 .1314E+01 .1380E+00 .1452E+01 .1314E+01 .7338E-01 .3023E+00
.6750E+03 .1493E+01 .1303E+01 .7247E-01 .8197E+00 .7472E+00 .1303E+01 .1367E+00 .1439E+01 .1303E+01 .7247E-01 .3000E+00
.6760E+03 .1502E+01 .1312E+01 .7273E-01 .8252E+00 .7524E+00 .1312E+01 .1377E+00 .1449E+01 .1312E+01 .7273E-01 .3028E+00
.6770E+03 .1486E+01 .1299E+01 .7178E-01 .8167E+00 .7449E+00 .1299E+01 .1365E+00 .1435E+01 .1299E+01 .7178E-01 .3010E+00
.6780E+03 .1489E+01 .1302E+01 .7175E-01 .8186E+00 .7468E+00 .1302E+01 .1370E+00 .1439E+01 .1302E+01 .7175E-01 .3029E+00
.6790E+03 .1464E+01 .1281E+01 .7037E-01 .8052E+00 .7349E+00 .1281E+01 .1348E+00 .1416E+01 .1281E+01 .7037E-01 .2988E+00
.6800E+03 .1475E+01 .1292E+01 .7072E-01 .8117E+00 .7410E+00 .1292E+01 .1360E+00 .1428E+01 .1292E+01 .7072E-01 .3021E+00
.6810E+03 .1465E+01 .1284E+01 .7004E-01 .8064E+00 .7364E+00 .1284E+01 .1352E+00 .1419E+01 .1284E+01 .7004E-01 .3010E+00
.6820E+03 .1463E+01 .1283E+01 .6973E-01 .8055E+00 .7357E+00 .1283E+01 .1351E+00 .1418E+01 .1283E+01 .6973E-01 .3014E+00
.6830E+03 .1460E+01 .1281E+01 .6938E-01 .8039E+00 .7345E+00 .1281E+01 .1349E+00 .1415E+01 .1281E+01 .6938E-01 .3016E+00
.6840E+03 .1453E+01 .1274E+01 .6877E-01 .7995E+00 .7308E+00 .1274E+01 .1341E+00 .1408E+01 .1274E+01 .6877E-01 .3003E+00
.6850E+03 .1464E+01 .1286E+01 .6917E-01 .8069E+00 .7377E+00 .1286E+01 .1354E+00 .1421E+01 .1286E+01 .6917E-01 .3035E+00
.6860E+03 .1457E+01 .1278E+01 .6853E-01 .8018E+00 .7333E+00 .1278E+01 .1346E+00 .1413E+01 .1278E+01 .6853E-01 .3026E+00
.6870E+03 .1475E+01 .9326E+00 .4851E-01 .5834E+00 .5349E+00 .9326E+00 .9689E-01 .1030E+01 .9326E+00 .4851E-01 .2216E+00
.6880E+03 .1458E+01 .1054E+01 .5524E-01 .6599E+00 .6046E+00 .1054E+01 .1103E+00 .1164E+01 .1054E+01 .5524E-01 .2513E+00
.6890E+03 .1455E+01 .1056E+01 .5518E-01 .6610E+00 .6059E+00 .1056E+01 .1104E+00 .1167E+01 .1056E+01 .5518E-01 .2521E+00
.6900E+03 .1445E+01 .1094E+01 .5715E-01 .6847E+00 .6275E+00 .1094E+01 .1146E+00 .1209E+01 .1094E+01 .5715E-01 .2614E+00
.6910E+03 .1434E+01 .1133E+01 .5918E-01 .7088E+00 .6496E+00 .1133E+01 .1189E+00 .1252E+01 .1133E+01 .5918E-01 .2715E+00
.6920E+03 .1421E+01 .1147E+01 .5985E-01 .7176E+00 .6577E+00 .1147E+01 .1207E+00 .1267E+01 .1147E+01 .5985E-01 .2759E+00
.6930E+03 .1423E+01 .1094E+01 .5668E-01 .6841E+00 .6274E+00 .1094E+01 .1150E+00 .1209E+01 .1094E+01 .5668E-01 .2640E+00
.6940E+03 .1427E+01 .1066E+01 .5493E-01 .6666E+00 .6117E+00 .1066E+01 .1119E+00 .1178E+01 .1066E+01 .5493E-01 .2576E+00
.6950E+03 .1427E+01 .1129E+01 .5821E-01 .7057E+00 .6475E+00 .1129E+01 .1187E+00 .1248E+01 .1129E+01 .5821E-01 .2729E+00
.6960E+03 .1439E+01 .1131E+01 .5812E-01 .7069E+00 .6488E+00 .1131E+01 .1190E+00 .1250E+01 .1131E+01 .5812E-01 .2744E+00
.6970E+03 .1433E+01 .1228E+01 .6337E-01 .7676E+00 .7042E+00 .1228E+01 .1299E+00 .1358E+01 .1228E+01 .6337E-01 .2990E+00
.6980E+03 .1413E+01 .1207E+01 .6209E-01 .7544E+00 .6924E+00 .1207E+01 .1277E+00 .1335E+01 .1207E+01 .6209E-01 .2948E+00
.6990E+03 .1432E+01 .1159E+01 .5910E-01 .7236E+00 .6645E+00 .1159E+01 .1222E+00 .1281E+01 .1159E+01 .5910E-01 .2832E+00
.7000E+03 .1414E+01 .1141E+01 .5799E-01 .7124E+00 .6544E+00 .1141E+01 .1203E+00 .1261E+01 .1141E+01 .5799E-01 .2792E+00
.7010E+03 .1411E+01 .1120E+01 .5666E-01 .6990E+00 .6423E+00 .1120E+01 .1181E+00 .1238E+01 .1120E+01 .5666E-01 .2750E+00
.7020E+03 .1403E+01 .1138E+01 .5751E-01 .7103E+00 .6527E+00 .1138E+01 .1203E+00 .1258E+01 .1138E+01 .5751E-01 .2805E+00
.7030E+03 .1409E+01 .1141E+01 .5744E-01 .7117E+00 .6542E+00 .1141E+01 .1206E+00 .1261E+01 .1141E+01 .5744E-01 .2818E+00
.7040E+03 .1423E+01 .1190E+01 .5988E-01 .7424E+00 .6825E+00 .1190E+01 .1260E+00 .1316E+01 .1190E+01 .5988E-01 .2943E+00
.7050E+03 .1425E+01 .1185E+01 .5940E-01 .7392E+00 .6798E+00 .1185E+01 .1254E+00 .1311E+01 .1185E+01 .5940E-01 .2934E+00
.7060E+03 .1411E+01 .1193E+01 .5967E-01 .7438E+00 .6842E+00 .1193E+01 .1264E+00 .1319E+01 .1193E+01 .5967E-01 .2960E+00
.7070E+03 .1408E+01 .1194E+01 .5956E-01 .7446E+00 .6850E+00 .1194E+01 .1266E+00 .1321E+01 .1194E+01 .5956E-01 .2970E+00
.7080E+03 .1411E+01 .1197E+01 .5951E-01 .7462E+00 .6867E+00 .1197E+01 .1269E+00 .1324E+01 .1197E+01 .5951E-01 .2982E+00
.7090E+03 .1397E+01 .1211E+01 .6007E-01 .7544E+00 .6943E+00 .1211E+01 .1284E+00 .1339E+01 .1211E+01 .6007E-01 .3019E+00
.7100E+03 .1404E+01 .1204E+01 .5950E-01 .7502E+00 .6907E+00 .1204E+01 .1276E+00 .1332E+01 .1204E+01 .5950E-01 .3008E+00
.7110E+03 .1397E+01 .1207E+01 .5952E-01 .7518E+00 .6923E+00 .1207E+01 .1283E+00 .1335E+01 .1207E+01 .5952E-01 .3034E+00
.7120E+03 .1386E+01 .1208E+01 .5948E-01 .7525E+00 .6931E+00 .1208E+01 .1289E+00 .1337E+01 .1208E+01 .5948E-01 .3056E+00
.7130E+03 .1378E+01 .1192E+01 .5843E-01 .7421E+00 .6836E+00 .1192E+01 .1271E+00 .1319E+01 .1192E+01 .5843E-01 .3020E+00
.7140E+03 .1383E+01 .1197E+01 .5848E-01 .7453E+00 .6868E+00 .1197E+01 .1275E+00 .1325E+01 .1197E+01 .5848E-01 .3033E+00
.7150E+03 .1357E+01 .1147E+01 .5569E-01 .7135E+00 .6578E+00 .1147E+01 .1219E+00 .1269E+01 .1147E+01 .5569E-01 .2907E+00
.7160E+03 .1364E+01 .1142E+01 .5524E-01 .7102E+00 .6550E+00 .1142E+01 .1215E+00 .1263E+01 .1142E+01 .5524E-01 .2905E+00
.7170E+03 .1383E+01 .9052E+00 .4276E-01 .5619E+00 .5192E+00 .9052E+00 .9542E-01 .1001E+01 .9052E+00 .4276E-01 .2311E+00
.7180E+03 .1361E+01 .8128E+00 .3799E-01 .5042E+00 .4662E+00 .8128E+00 .8541E-01 .8982E+00 .8128E+00 .3799E-01 .2080E+00
.7190E+03 .1336E+01 .7609E+00 .3532E-01 .4717E+00 .4364E+00 .7609E+00 .7983E-01 .8407E+00 .7609E+00 .3532E-01 .1952E+00
.7200E+03 .1362E+01 .7872E+00 .3647E-01 .4880E+00 .4515E+00 .7872E+00 .8269E-01 .8699E+00 .7872E+00 .3647E-01 .2024E+00
.7210E+03 .1347E+01 .9211E+00 .4311E-01 .5715E+00 .5283E+00 .9211E+00 .9748E-01 .1019E+01 .9211E+00 .4311E-01 .2374E+00
.7220E+03 .1346E+01 .1096E+01 .5191E-01 .6805E+00 .6286E+00 .1096E+01 .1170E+00 .1213E+01 .1096E+01 .5191E-01 .2831E+00
.7230E+03 .1358E+01 .9954E+00 .4656E-01 .6175E+00 .5709E+00 .9954E+00 .1057E+00 .1101E+01 .9954E+00 .4656E-01 .2574E+00
.7240E+03 .1347E+01 .8720E+00 .4023E-01 .5404E+00 .5001E+00 .8720E+00 .9208E-01 .9641E+00 .8720E+00 .4023E-01 .2257E+00
.7250E+03 .1338E+01 .8336E+00 .3822E-01 .5163E+00 .4781E+00 .8336E+00 .8787E-01 .9215E+00 .8336E+00 .3822E-01 .2160E+00
.7260E+03 .1340E+01 .8777E+00 .4027E-01 .5437E+00 .5035E+00 .8777E+00 .9269E-01 .9704E+00 .8777E+00 .4027E-01 .2276E+00
.7270E+03 .1349E+01 .9152E+00 .4196E-01 .5669E+00 .5249E+00 .9152E+00 .9675E-01 .1012E+01 .9152E+00 .4196E-01 .2376E+00
.7280E+03 .1325E+01 .8385E+00 .3810E-01 .5190E+00 .4809E+00 .8385E+00 .8836E-01 .9268E+00 .8385E+00 .3810E-01 .2179E+00
.7290E+03 .1298E+01 .8967E+00 .4090E-01 .5552E+00 .5143E+00 .8967E+00 .9481E-01 .9915E+00 .8967E+00 .4090E-01 .2332E+00
.7300E+03 .1330E+01 .9354E+00 .4260E-01 .5791E+00 .5365E+00 .9354E+00 .9900E-01 .1034E+01 .9354E+00 .4260E-01 .2437E+00
.7310E+03 .1320E+01 .8873E+00 .4013E-01 .5491E+00 .5090E+00 .8873E+00 .9379E-01 .9811E+00 .8873E+00 .4013E-01 .2317E+00
.7320E+03 .1323E+01 .9838E+00 .4473E-01 .6090E+00 .5643E+00 .9838E+00 .1045E+00 .1088E+01 .9838E+00 .4473E-01 .2574E+00
.7330E+03 .1319E+01 .1070E+01 .4886E-01 .6626E+00 .6137E+00 .1070E+01 .1141E+00 .1184E+01 .1070E+01 .4886E-01 .2803E+00
.7340E+03 .1333E+01 .1105E+01 .5036E-01 .6839E+00 .6336E+00 .1105E+01 .1178E+00 .1222E+01 .1105E+01 .5036E-01 .2897E+00
.7350E+03 .1314E+01 .1075E+01 .4882E-01 .6657E+00 .6169E+00 .1075E+01 .1147E+00 .1190E+01 .1075E+01 .4882E-01 .2825E+00
.7360E+03 .1308E+01 .1074E+01 .4862E-01 .6647E+00 .6161E+00 .1074E+01 .1146E+00 .1189E+01 .1074E+01 .4862E-01 .2827E+00
.7370E+03 .1318E+01 .1078E+01 .4862E-01 .6669E+00 .6183E+00 .1078E+01 .1150E+00 .1193E+01 .1078E+01 .4862E-01 .2843E+00
.7380E+03 .1296E+01 .1113E+01 .5026E-01 .6889E+00 .6386E+00 .1113E+01 .1190E+00 .1232E+01 .1113E+01 .5026E-01 .2939E+00
.7390E+03 .1274E+01 .1091E+01 .4909E-01 .6750E+00 .6260E+00 .1091E+01 .1166E+00 .1208E+01 .1091E+01 .4909E-01 .2884E+00
.7400E+03 .1293E+01 .1129E+01 .5072E-01 .6986E+00 .6478E+00 .1129E+01 .1208E+00 .1250E+01 .1129E+01 .5072E-01 .2988E+00
.7410E+03 .1272E+01 .1124E+01 .5036E-01 .6950E+00 .6446E+00 .1124E+01 .1202E+00 .1244E+01 .1124E+01 .5036E-01 .2977E+00
.7420E+03 .1266E+01 .1131E+01 .5055E-01 .6993E+00 .6487E+00 .1131E+01 .1210E+00 .1252E+01 .1131E+01 .5055E-01 .2998E+00
.7430E+03 .1296E+01 .1162E+01 .5177E-01 .7183E+00 .6665E+00 .1162E+01 .1243E+00 .1286E+01 .1162E+01 .5177E-01 .3080E+00
.7440E+03 .1288E+01 .1163E+01 .5165E-01 .7187E+00 .6670E+00 .1163E+01 .1243E+00 .1287E+01 .1163E+01 .5165E-01 .3082E+00
.7450E+03 .1285E+01 .1167E+01 .5166E-01 .7208E+00 .6691E+00 .1167E+01 .1247E+00 .1291E+01 .1167E+01 .5166E-01 .3095E+00
.7460E+03 .1291E+01 .1172E+01 .5175E-01 .7241E+00 .6723E+00 .1172E+01 .1253E+00 .1298E+01 .1172E+01 .5175E-01 .3117E+00
.7470E+03 .1293E+01 .1176E+01 .5175E-01 .7263E+00 .6745E+00 .1176E+01 .1257E+00 .1302E+01 .1176E+01 .5175E-01 .3132E+00
.7480E+03 .1290E+01 .1174E+01 .5150E-01 .7250E+00 .6735E+00 .1174E+01 .1254E+00 .1300E+01 .1174E+01 .5150E-01 .3126E+00
.7490E+03 .1275E+01 .1161E+01 .5076E-01 .7169E+00 .6661E+00 .1161E+01 .1240E+00 .1285E+01 .1161E+01 .5076E-01 .3092E+00
.7500E+03 .1274E+01 .1161E+01 .5059E-01 .7165E+00 .6659E+00 .1161E+01 .1239E+00 .1285E+01 .1161E+01 .5059E-01 .3095E+00
.7510E+03 .1261E+01 .1149E+01 .4995E-01 .7093E+00 .6593E+00 .1149E+01 .1228E+00 .1272E+01 .1149E+01 .4995E-01 .3071E+00
.7520E+03 .1266E+01 .1155E+01 .5004E-01 .7124E+00 .6624E+00 .1155E+01 .1234E+00 .1278E+01 .1155E+01 .5004E-01 .3090E+00
.7530E+03 .1272E+01 .1161E+01 .5015E-01 .7162E+00 .6660E+00 .1161E+01 .1240E+00 .1285E+01 .1161E+01 .5015E-01 .3107E+00
.7540E+03 .1275E+01 .1164E+01 .5010E-01 .7177E+00 .6676E+00 .1164E+01 .1242E+00 .1288E+01 .1164E+01 .5010E-01 .3114E+00
.7550E+03 .1268E+01 .1157E+01 .4967E-01 .7136E+00 .6639E+00 .1157E+01 .1235E+00 .1281E+01 .1157E+01 .4967E-01 .3102E+00
.7560E+03 .1267E+01 .1158E+01 .4954E-01 .7136E+00 .6640E+00 .1158E+01 .1236E+00 .1281E+01 .1158E+01 .4954E-01 .3109E+00
.7570E+03 .1269E+01 .1160E+01 .4948E-01 .7147E+00 .6652E+00 .1160E+01 .1239E+00 .1284E+01 .1160E+01 .4948E-01 .3120E+00
.7580E+03 .1254E+01 .1146E+01 .4873E-01 .7060E+00 .6572E+00 .1146E+01 .1224E+00 .1268E+01 .1146E+01 .4873E-01 .3086E+00
.7590E+03 .1250E+01 .1128E+01 .4776E-01 .6947E+00 .6470E+00 .1128E+01 .1204E+00 .1248E+01 .1128E+01 .4776E-01 .3041E+00
.7600E+03 .1250E+01 .2783E+00 .1067E-01 .1703E+00 .1596E+00 .2783E+00 .2837E-01 .3067E+00 .2783E+00 .1067E-01 .7514E-01
.7610E+03 .1246E+01 .1679E+00 .6279E-02 .1026E+00 .9628E-01 .1679E+00 .1694E-01 .1848E+00 .1679E+00 .6279E-02 .4537E-01
.7620E+03 .1224E+01 .6670E+00 .2682E-01 .4094E+00 .3826E+00 .6670E+00 .6973E-01 .7367E+00 .6670E+00 .2682E-01 .1803E+00
.7630E+03 .1247E+01 .3882E+00 .1500E-01 .2377E+00 .2227E+00 .3882E+00 .3986E-01 .4281E+00 .3882E+00 .1500E-01 .1050E+00
.7640E+03 .1240E+01 .5347E+00 .2101E-01 .3277E+00 .3067E+00 .5347E+00 .5537E-01 .5900E+00 .5347E+00 .2101E-01 .1445E+00
.7650E+03 .1227E+01 .6674E+00 .2656E-01 .4093E+00 .3828E+00 .6674E+00 .6962E-01 .7370E+00 .6674E+00 .2656E-01 .1805E+00
.7660E+03 .1177E+01 .7760E+00 .3125E-01 .4763E+00 .4451E+00 .7760E+00 .8151E-01 .8575E+00 .7760E+00 .3125E-01 .2100E+00
.7670E+03 .1217E+01 .9373E+00 .3811E-01 .5757E+00 .5376E+00 .9373E+00 .9906E-01 .1036E+01 .9373E+00 .3811E-01 .2539E+00
.7680E+03 .1222E+01 .1049E+01 .4295E-01 .6448E+00 .6018E+00 .1049E+01 .1114E+00 .1161E+01 .1049E+01 .4295E-01 .2846E+00
.7690E+03 .1210E+01 .1064E+01 .4351E-01 .6539E+00 .6104E+00 .1064E+01 .1131E+00 .1177E+01 .1064E+01 .4351E-01 .2890E+00
.7700E+03 .1210E+01 .1093E+01 .4464E-01 .6713E+00 .6267E+00 .1093E+01 .1163E+00 .1209E+01 .1093E+01 .4464E-01 .2972E+00
.7710E+03 .1202E+01 .1098E+01 .4478E-01 .6746E+00 .6298E+00 .1098E+01 .1170E+00 .1215E+01 .1098E+01 .4478E-01 .2993E+00
.7720E+03 .1199E+01 .1099E+01 .4471E-01 .6754E+00 .6306E+00 .1099E+01 .1172E+00 .1217E+01 .1099E+01 .4471E-01 .3000E+00
.7730E+03 .1206E+01 .1107E+01 .4486E-01 .6799E+00 .6350E+00 .1107E+01 .1179E+00 .1225E+01 .1107E+01 .4486E-01 .3020E+00
.7740E+03 .1199E+01 .1102E+01 .4449E-01 .6764E+00 .6319E+00 .1102E+01 .1172E+00 .1219E+01 .1102E+01 .4449E-01 .3005E+00
.7750E+03 .1189E+01 .1093E+01 .4402E-01 .6711E+00 .6271E+00 .1093E+01 .1164E+00 .1210E+01 .1093E+01 .4402E-01 .2989E+00
.7760E+03 .1203E+01 .1107E+01 .4442E-01 .6793E+00 .6348E+00 .1107E+01 .1179E+00 .1225E+01 .1107E+01 .4442E-01 .3032E+00
.7770E+03 .1187E+01 .1092E+01 .4370E-01 .6703E+00 .6266E+00 .1092E+01 .1163E+00 .1209E+01 .1092E+01 .4370E-01 .2995E+00
.7780E+03 .1180E+01 .1086E+01 .4328E-01 .6661E+00 .6228E+00 .1086E+01 .1155E+00 .1201E+01 .1086E+01 .4328E-01 .2977E+00
.7790E+03 .1181E+01 .1087E+01 .4318E-01 .6666E+00 .6234E+00 .1087E+01 .1155E+00 .1202E+01 .1087E+01 .4318E-01 .2979E+00
.7800E+03 .1174E+01 .1081E+01 .4282E-01 .6629E+00 .6201E+00 .1081E+01 .1149E+00 .1196E+01 .1081E+01 .4282E-01 .2967E+00
.7810E+03 .1175E+01 .1082E+01 .4274E-01 .6636E+00 .6208E+00 .1082E+01 .1151E+00 .1197E+01 .1082E+01 .4274E-01 .2973E+00
.7820E+03 .1182E+01 .1089E+01 .4289E-01 .6676E+00 .6247E+00 .1089E+01 .1158E+00 .1205E+01 .1089E+01 .4289E-01 .2995E+00
.7830E+03 .1161E+01 .1070E+01 .4203E-01 .6560E+00 .6139E+00 .1070E+01 .1138E+00 .1184E+01 .1070E+01 .4203E-01 .2946E+00
.7840E+03 .1166E+01 .1076E+01 .4211E-01 .6591E+00 .6170E+00 .1076E+01 .1143E+00 .1190E+01 .1076E+01 .4211E-01 .2963E+00
.7850E+03 .1159E+01 .1066E+01 .4160E-01 .6529E+00 .6113E+00 .1066E+01 .1133E+00 .1179E+01 .1066E+01 .4160E-01 .2939E+00
.7860E+03 .1173E+01 .1076E+01 .4187E-01 .6591E+00 .6172E+00 .1076E+01 .1144E+00 .1190E+01 .1076E+01 .4187E-01 .2971E+00
.7870E+03 .1168E+01 .1046E+01 .4048E-01 .6403E+00 .5999E+00 .1046E+01 .1111E+00 .1157E+01 .1046E+01 .4048E-01 .2890E+00
.7880E+03 .1162E+01 .1027E+01 .3960E-01 .6288E+00 .5892E+00 .1027E+01 .1090E+00 .1136E+01 .1027E+01 .3960E-01 .2841E+00
.7890E+03 .1168E+01 .1022E+01 .3924E-01 .6254E+00 .5862E+00 .1022E+01 .1084E+00 .1130E+01 .1022E+01 .3924E-01 .2829E+00
.7900E+03 .1166E+01 .9844E+00 .3756E-01 .6022E+00 .5646E+00 .9844E+00 .1043E+00 .1089E+01 .9844E+00 .3756E-01 .2728E+00
.7910E+03 .1150E+01 .1004E+01 .3831E-01 .6141E+00 .5758E+00 .1004E+01 .1065E+00 .1110E+01 .1004E+01 .3831E-01 .2785E+00
.7920E+03 .1139E+01 .9995E+00 .3805E-01 .6113E+00 .5733E+00 .9995E+00 .1060E+00 .1105E+01 .9995E+00 .3805E-01 .2773E+00
.7930E+03 .1124E+01 .9817E+00 .3723E-01 .6003E+00 .5631E+00 .9817E+00 .1040E+00 .1086E+01 .9817E+00 .3723E-01 .2723E+00
.7940E+03 .1111E+01 .1018E+01 .3865E-01 .6223E+00 .5837E+00 .1018E+01 .1080E+00 .1126E+01 .1018E+01 .3865E-01 .2823E+00
.7950E+03 .1137E+01 .1030E+01 .3895E-01 .6295E+00 .5906E+00 .1030E+01 .1092E+00 .1139E+01 .1030E+01 .3895E-01 .2860E+00
.7960E+03 .1141E+01 .9762E+00 .3662E-01 .5965E+00 .5599E+00 .9762E+00 .1033E+00 .1079E+01 .9762E+00 .3662E-01 .2714E+00
.7970E+03 .1140E+01 .9755E+00 .3650E-01 .5960E+00 .5595E+00 .9755E+00 .1033E+00 .1079E+01 .9755E+00 .3650E-01 .2717E+00
.7980E+03 .1139E+01 .1025E+01 .3841E-01 .6262E+00 .5878E+00 .1025E+01 .1088E+00 .1134E+01 .1025E+01 .3841E-01 .2860E+00
.7990E+03 .1140E+01 .1014E+01 .3787E-01 .6196E+00 .5817E+00 .1014E+01 .1077E+00 .1122E+01 .1014E+01 .3787E-01 .2835E+00
.8000E+03 .1130E+01 .9903E+00 .3681E-01 .6048E+00 .5680E+00 .9903E+00 .1050E+00 .1095E+01 .9903E+00 .3681E-01 .2768E+00
.8010E+03 .1133E+01 .9846E+00 .3645E-01 .6012E+00 .5647E+00 .9846E+00 .1043E+00 .1089E+01 .9846E+00 .3645E-01 .2752E+00
.8020E+03 .1128E+01 .9815E+00 .3623E-01 .5992E+00 .5630E+00 .9815E+00 .1039E+00 .1085E+01 .9815E+00 .3623E-01 .2745E+00
.8030E+03 .1123E+01 .9712E+00 .3572E-01 .5928E+00 .5571E+00 .9712E+00 .1028E+00 .1074E+01 .9712E+00 .3572E-01 .2718E+00
.8040E+03 .1121E+01 .9754E+00 .3579E-01 .5952E+00 .5594E+00 .9754E+00 .1033E+00 .1079E+01 .9754E+00 .3579E-01 .2732E+00
.8050E+03 .1107E+01 .9791E+00 .3587E-01 .5975E+00 .5616E+00 .9791E+00 .1037E+00 .1083E+01 .9791E+00 .3587E-01 .2745E+00
.8060E+03 .1122E+01 .1016E+01 .3719E-01 .6200E+00 .5828E+00 .1016E+01 .1077E+00 .1124E+01 .1016E+01 .3719E-01 .2851E+00
.8070E+03 .1113E+01 .1002E+01 .3654E-01 .6113E+00 .5747E+00 .1002E+01 .1062E+00 .1108E+01 .1002E+01 .3654E-01 .2815E+00
.8080E+03 .1111E+01 .1004E+01 .3654E-01 .6127E+00 .5761E+00 .1004E+01 .1065E+00 .1111E+01 .1004E+01 .3654E-01 .2825E+00
.8090E+03 .1102E+01 .9784E+00 .3542E-01 .5966E+00 .5612E+00 .9784E+00 .1037E+00 .1082E+01 .9784E+00 .3542E-01 .2754E+00
.8100E+03 .1105E+01 .9596E+00 .3456E-01 .5849E+00 .5504E+00 .9596E+00 .1016E+00 .1061E+01 .9596E+00 .3456E-01 .2704E+00
.8110E+03 .1116E+01 .9554E+00 .3426E-01 .5823E+00 .5480E+00 .9554E+00 .1010E+00 .1056E+01 .9554E+00 .3426E-01 .2695E+00
.8120E+03 .1117E+01 .9110E+00 .3243E-01 .5549E+00 .5225E+00 .9110E+00 .9621E-01 .1007E+01 .9110E+00 .3243E-01 .2574E+00
.8130E+03 .1119E+01 .8866E+00 .3138E-01 .5399E+00 .5086E+00 .8866E+00 .9359E-01 .9802E+00 .8866E+00 .3138E-01 .2511E+00
.8140E+03 .1112E+01 .7397E+00 .2571E-01 .4500E+00 .4243E+00 .7397E+00 .7756E-01 .8173E+00 .7397E+00 .2571E-01 .2097E+00
.8150E+03 .1106E+01 .7404E+00 .2566E-01 .4503E+00 .4247E+00 .7404E+00 .7759E-01 .8179E+00 .7404E+00 .2566E-01 .2099E+00
.8160E+03 .1104E+01 .6858E+00 .2355E-01 .4169E+00 .3934E+00 .6858E+00 .7162E-01 .7574E+00 .6858E+00 .2355E-01 .1944E+00
.8170E+03 .1100E+01 .7090E+00 .2435E-01 .4310E+00 .4067E+00 .7090E+00 .7414E-01 .7832E+00 .7090E+00 .2435E-01 .2011E+00
.8180E+03 .1078E+01 .6750E+00 .2307E-01 .4103E+00 .3872E+00 .6750E+00 .7052E-01 .7456E+00 .6750E+00 .2307E-01 .1916E+00
.8190E+03 .1072E+01 .7933E+00 .2741E-01 .4824E+00 .4550E+00 .7933E+00 .8340E-01 .8767E+00 .7933E+00 .2741E-01 .2254E+00
.8200E+03 .1065E+01 .7332E+00 .2511E-01 .4457E+00 .4206E+00 .7332E+00 .7689E-01 .8101E+00 .7332E+00 .2511E-01 .2086E+00
.8210E+03 .1064E+01 .8956E+00 .3114E-01 .5449E+00 .5137E+00 .8956E+00 .9470E-01 .9903E+00 .8956E+00 .3114E-01 .2551E+00
.8220E+03 .1066E+01 .8605E+00 .2973E-01 .5233E+00 .4936E+00 .8605E+00 .9084E-01 .9513E+00 .8605E+00 .2973E-01 .2453E+00
.8230E+03 .1077E+01 .5377E+00 .1781E-01 .3262E+00 .3084E+00 .5377E+00 .5579E-01 .5935E+00 .5377E+00 .1781E-01 .1535E+00
.8240E+03 .1074E+01 .8110E+00 .2771E-01 .4929E+00 .4652E+00 .8110E+00 .8543E-01 .8965E+00 .8110E+00 .2771E-01 .2317E+00
.8250E+03 .1071E+01 .8799E+00 .3020E-01 .5349E+00 .5047E+00 .8799E+00 .9299E-01 .9729E+00 .8799E+00 .3020E-01 .2515E+00
.8260E+03 .1079E+01 .8342E+00 .2840E-01 .5069E+00 .4785E+00 .8342E+00 .8795E-01 .9221E+00 .8342E+00 .2840E-01 .2387E+00
.8270E+03 .1077E+01 .8909E+00 .3044E-01 .5414E+00 .5110E+00 .8909E+00 .9420E-01 .9851E+00 .8909E+00 .3044E-01 .2551E+00
.8280E+03 .1071E+01 .7158E+00 .2394E-01 .4345E+00 .4105E+00 .7158E+00 .7507E-01 .7908E+00 .7158E+00 .2394E-01 .2052E+00
.8290E+03 .1064E+01 .8294E+00 .2803E-01 .5038E+00 .4757E+00 .8294E+00 .8748E-01 .9169E+00 .8294E+00 .2803E-01 .2379E+00
.8300E+03 .1061E+01 .8068E+00 .2713E-01 .4899E+00 .4628E+00 .8068E+00 .8497E-01 .8917E+00 .8068E+00 .2713E-01 .2313E+00
.8310E+03 .1055E+01 .8107E+00 .2720E-01 .4922E+00 .4650E+00 .8107E+00 .8536E-01 .8961E+00 .8107E+00 .2720E-01 .2324E+00
.8320E+03 .1058E+01 .7764E+00 .2588E-01 .4712E+00 .4453E+00 .7764E+00 .8168E-01 .8581E+00 .7764E+00 .2588E-01 .2231E+00
.8330E+03 .1025E+01 .8518E+00 .2864E-01 .5172E+00 .4886E+00 .8518E+00 .9014E-01 .9419E+00 .8518E+00 .2864E-01 .2453E+00
.8340E+03 .1030E+01 .8052E+00 .2685E-01 .4887E+00 .4619E+00 .8052E+00 .8504E-01 .8903E+00 .8052E+00 .2685E-01 .2322E+00
.8350E+03 .1046E+01 .9214E+00 .3098E-01 .5595E+00 .5285E+00 .9214E+00 .9779E-01 .1019E+01 .9214E+00 .3098E-01 .2660E+00
.8360E+03 .1051E+01 .8544E+00 .2844E-01 .5185E+00 .4901E+00 .8544E+00 .9040E-01 .9448E+00 .8544E+00 .2844E-01 .2469E+00
.8370E+03 .1046E+01 .9248E+00 .3093E-01 .5613E+00 .5304E+00 .9248E+00 .9818E-01 .1023E+01 .9248E+00 .3093E-01 .2674E+00
.8380E+03 .1030E+01 .8829E+00 .2936E-01 .5358E+00 .5064E+00 .8829E+00 .9363E-01 .9765E+00 .8829E+00 .2936E-01 .2556E+00
.8390E+03 .1027E+01 .9129E+00 .3037E-01 .5540E+00 .5236E+00 .9129E+00 .9695E-01 .1010E+01 .9129E+00 .3037E-01 .2645E+00
.8400E+03 .1044E+01 .9362E+00 .3109E-01 .5681E+00 .5370E+00 .9362E+00 .9948E-01 .1036E+01 .9362E+00 .3109E-01 .2715E+00
.8410E+03 .1038E+01 .9176E+00 .3034E-01 .5566E+00 .5263E+00 .9176E+00 .9744E-01 .1015E+01 .9176E+00 .3034E-01 .2663E+00
.8420E+03 .1029E+01 .9283E+00 .3067E-01 .5631E+00 .5324E+00 .9283E+00 .9867E-01 .1027E+01 .9283E+00 .3067E-01 .2697E+00
.8430E+03 .1017E+01 .9365E+00 .3091E-01 .5681E+00 .5372E+00 .9365E+00 .9964E-01 .1036E+01 .9365E+00 .3091E-01 .2723E+00
.8440E+03 .1010E+01 .9179E+00 .3018E-01 .5567E+00 .5265E+00 .9179E+00 .9762E-01 .1016E+01 .9179E+00 .3018E-01 .2672E+00
.8450E+03 .1034E+01 .9566E+00 .3142E-01 .5801E+00 .5487E+00 .9566E+00 .1018E+00 .1058E+01 .9566E+00 .3142E-01 .2787E+00
.8460E+03 .1028E+01 .9541E+00 .3125E-01 .5785E+00 .5473E+00 .9541E+00 .1016E+00 .1056E+01 .9541E+00 .3125E-01 .2783E+00
.8470E+03 .1005E+01 .9393E+00 .3070E-01 .5694E+00 .5387E+00 .9393E+00 .9993E-01 .1039E+01 .9393E+00 .3070E-01 .2742E+00
.8480E+03 .1004E+01 .9297E+00 .3027E-01 .5635E+00 .5332E+00 .9297E+00 .9881E-01 .1028E+01 .9297E+00 .3027E-01 .2716E+00
.8490E+03 .9755E+00 .9034E+00 .2933E-01 .5475E+00 .5182E+00 .9034E+00 .9595E-01 .9994E+00 .9034E+00 .2933E-01 .2642E+00
.8500E+03 .9336E+00 .8663E+00 .2805E-01 .5249E+00 .4969E+00 .8663E+00 .9196E-01 .9583E+00 .8663E+00 .2805E-01 .2536E+00
.8510E+03 .9946E+00 .9134E+00 .2946E-01 .5534E+00 .5239E+00 .9134E+00 .9684E-01 .1010E+01 .9134E+00 .2946E-01 .2676E+00
.8520E+03 .9850E+00 .9087E+00 .2922E-01 .5504E+00 .5212E+00 .9087E+00 .9622E-01 .1005E+01 .9087E+00 .2922E-01 .2661E+00
.8530E+03 .9433E+00 .8786E+00 .2820E-01 .5322E+00 .5040E+00 .8786E+00 .9296E-01 .9716E+00 .8786E+00 .2820E-01 .2573E+00
.8540E+03 .8184E+00 .7553E+00 .2415E-01 .4574E+00 .4332E+00 .7553E+00 .7983E-01 .8352E+00 .7553E+00 .2415E-01 .2213E+00
.8550E+03 .8936E+00 .8346E+00 .2665E-01 .5054E+00 .4787E+00 .8346E+00 .8820E-01 .9228E+00 .8346E+00 .2665E-01 .2448E+00
.8560E+03 .9789E+00 .9097E+00 .2896E-01 .5508E+00 .5218E+00 .9097E+00 .9610E-01 .1006E+01 .9097E+00 .2896E-01 .2672E+00
.8570E+03 .9971E+00 .9333E+00 .2966E-01 .5650E+00 .5353E+00 .9333E+00 .9865E-01 .1032E+01 .9333E+00 .2966E-01 .2747E+00
.8580E+03 .9912E+00 .9251E+00 .2932E-01 .5600E+00 .5306E+00 .9251E+00 .9781E-01 .1023E+01 .9251E+00 .2932E-01 .2729E+00
.8590E+03 .9901E+00 .9274E+00 .2932E-01 .5612E+00 .5319E+00 .9274E+00 .9796E-01 .1025E+01 .9274E+00 .2932E-01 .2736E+00
.8600E+03 .9903E+00 .9306E+00 .2936E-01 .5632E+00 .5338E+00 .9306E+00 .9821E-01 .1029E+01 .9306E+00 .2936E-01 .2745E+00
.8610E+03 .9853E+00 .9250E+00 .2910E-01 .5596E+00 .5305E+00 .9250E+00 .9754E-01 .1023E+01 .9250E+00 .2910E-01 .2730E+00
.8620E+03 .1000E+01 .9404E+00 .2952E-01 .5689E+00 .5394E+00 .9404E+00 .9920E-01 .1040E+01 .9404E+00 .2952E-01 .2781E+00
.8630E+03 .1024E+01 .9626E+00 .3015E-01 .5823E+00 .5521E+00 .9626E+00 .1016E+00 .1064E+01 .9626E+00 .3015E-01 .2853E+00
.8640E+03 .9722E+00 .9145E+00 .2857E-01 .5531E+00 .5245E+00 .9145E+00 .9646E-01 .1011E+01 .9145E+00 .2857E-01 .2713E+00
.8650E+03 .9633E+00 .9068E+00 .2826E-01 .5484E+00 .5201E+00 .9068E+00 .9560E-01 .1002E+01 .9068E+00 .2826E-01 .2692E+00
.8660E+03 .8662E+00 .8155E+00 .2535E-01 .4931E+00 .4677E+00 .8155E+00 .8593E-01 .9014E+00 .8155E+00 .2535E-01 .2423E+00
.8670E+03 .9038E+00 .8511E+00 .2639E-01 .5146E+00 .4882E+00 .8511E+00 .8964E-01 .9407E+00 .8511E+00 .2639E-01 .2531E+00
.8680E+03 .9833E+00 .9262E+00 .2865E-01 .5599E+00 .5313E+00 .9262E+00 .9751E-01 .1024E+01 .9262E+00 .2865E-01 .2757E+00
.8690E+03 .9627E+00 .9071E+00 .2799E-01 .5483E+00 .5203E+00 .9071E+00 .9546E-01 .1003E+01 .9071E+00 .2799E-01 .2703E+00
.8700E+03 .9901E+00 .9331E+00 .2872E-01 .5639E+00 .5352E+00 .9331E+00 .9815E-01 .1031E+01 .9331E+00 .2872E-01 .2783E+00
.8710E+03 .9766E+00 .9203E+00 .2825E-01 .5561E+00 .5279E+00 .9203E+00 .9677E-01 .1017E+01 .9203E+00 .2825E-01 .2748E+00
.8720E+03 .9729E+00 .9174E+00 .2809E-01 .5543E+00 .5262E+00 .9174E+00 .9642E-01 .1014E+01 .9174E+00 .2809E-01 .2741E+00
.8730E+03 .9709E+00 .9156E+00 .2796E-01 .5532E+00 .5252E+00 .9156E+00 .9620E-01 .1012E+01 .9156E+00 .2796E-01 .2739E+00
.8740E+03 .9593E+00 .9049E+00 .2756E-01 .5466E+00 .5190E+00 .9049E+00 .9495E-01 .9998E+00 .9049E+00 .2756E-01 .2706E+00
.8750E+03 .9401E+00 .8863E+00 .2692E-01 .5353E+00 .5084E+00 .8863E+00 .9290E-01 .9792E+00 .8863E+00 .2692E-01 .2651E+00
.8760E+03 .9502E+00 .8953E+00 .2711E-01 .5406E+00 .5135E+00 .8953E+00 .9376E-01 .9890E+00 .8953E+00 .2711E-01 .2678E+00
.8770E+03 .9594E+00 .9049E+00 .2734E-01 .5464E+00 .5190E+00 .9049E+00 .9473E-01 .9996E+00 .9049E+00 .2734E-01 .2710E+00
.8780E+03 .9708E+00 .9137E+00 .2753E-01 .5516E+00 .5241E+00 .9137E+00 .9561E-01 .1009E+01 .9137E+00 .2753E-01 .2739E+00
.8790E+03 .9556E+00 .9000E+00 .2704E-01 .5433E+00 .5162E+00 .9000E+00 .9413E-01 .9941E+00 .9000E+00 .2704E-01 .2700E+00
.8800E+03 .9350E+00 .8811E+00 .2641E-01 .5318E+00 .5054E+00 .8811E+00 .9211E-01 .9733E+00 .8811E+00 .2641E-01 .2646E+00
.8810E+03 .9237E+00 .8654E+00 .2586E-01 .5222E+00 .4964E+00 .8654E+00 .9044E-01 .9559E+00 .8654E+00 .2586E-01 .2602E+00
.8820E+03 .9442E+00 .8840E+00 .2635E-01 .5334E+00 .5070E+00 .8840E+00 .9241E-01 .9764E+00 .8840E+00 .2635E-01 .2663E+00
.8830E+03 .9454E+00 .8880E+00 .2641E-01 .5357E+00 .5093E+00 .8880E+00 .9285E-01 .9808E+00 .8880E+00 .2641E-01 .2680E+00
.8840E+03 .9416E+00 .8840E+00 .2621E-01 .5333E+00 .5070E+00 .8840E+00 .9232E-01 .9763E+00 .8840E+00 .2621E-01 .2668E+00
.8850E+03 .9486E+00 .8909E+00 .2634E-01 .5373E+00 .5110E+00 .8909E+00 .9294E-01 .9838E+00 .8909E+00 .2634E-01 .2688E+00
.8860E+03 .9132E+00 .8419E+00 .2479E-01 .5077E+00 .4829E+00 .8419E+00 .8775E-01 .9297E+00 .8419E+00 .2479E-01 .2543E+00
.8870E+03 .9164E+00 .8562E+00 .2518E-01 .5163E+00 .4911E+00 .8562E+00 .8931E-01 .9455E+00 .8562E+00 .2518E-01 .2592E+00
.8880E+03 .9363E+00 .8642E+00 .2533E-01 .5210E+00 .4957E+00 .8642E+00 .9010E-01 .9543E+00 .8642E+00 .2533E-01 .2620E+00
.8890E+03 .9366E+00 .8821E+00 .2583E-01 .5318E+00 .5059E+00 .8821E+00 .9193E-01 .9740E+00 .8821E+00 .2583E-01 .2674E+00
.8900E+03 .9393E+00 .8661E+00 .2524E-01 .5220E+00 .4968E+00 .8661E+00 .9010E-01 .9562E+00 .8661E+00 .2524E-01 .2625E+00
.8910E+03 .9322E+00 .8674E+00 .2524E-01 .5228E+00 .4975E+00 .8674E+00 .9025E-01 .9577E+00 .8674E+00 .2524E-01 .2632E+00
.8920E+03 .9173E+00 .8347E+00 .2418E-01 .5029E+00 .4788E+00 .8347E+00 .8680E-01 .9215E+00 .8347E+00 .2418E-01 .2538E+00
.8930E+03 .9118E+00 .8000E+00 .2304E-01 .4819E+00 .4588E+00 .8000E+00 .8308E-01 .8831E+00 .8000E+00 .2304E-01 .2436E+00
.8940E+03 .9140E+00 .7489E+00 .2137E-01 .4509E+00 .4296E+00 .7489E+00 .7750E-01 .8264E+00 .7489E+00 .2137E-01 .2280E+00
.8950E+03 .9104E+00 .6839E+00 .1931E-01 .4116E+00 .3923E+00 .6839E+00 .7047E-01 .7544E+00 .6839E+00 .1931E-01 .2082E+00
.8960E+03 .9238E+00 .6310E+00 .1762E-01 .3795E+00 .3619E+00 .6310E+00 .6477E-01 .6957E+00 .6310E+00 .1762E-01 .1923E+00
.8970E+03 .9099E+00 .5168E+00 .1418E-01 .3106E+00 .2964E+00 .5168E+00 .5272E-01 .5695E+00 .5168E+00 .1418E-01 .1576E+00
.8980E+03 .9137E+00 .5878E+00 .1625E-01 .3534E+00 .3371E+00 .5878E+00 .6018E-01 .6479E+00 .5878E+00 .1625E-01 .1795E+00
.8990E+03 .9110E+00 .4409E+00 .1188E-01 .2648E+00 .2529E+00 .4409E+00 .4474E-01 .4856E+00 .4409E+00 .1188E-01 .1347E+00
.9000E+03 .8902E+00 .6275E+00 .1739E-01 .3773E+00 .3599E+00 .6275E+00 .6441E-01 .6919E+00 .6275E+00 .1739E-01 .1920E+00
.9010E+03 .8596E+00 .4348E+00 .1171E-01 .2611E+00 .2494E+00 .4348E+00 .4419E-01 .4790E+00 .4348E+00 .1171E-01 .1332E+00
.9020E+03 .8684E+00 .5645E+00 .1547E-01 .3392E+00 .3238E+00 .5645E+00 .5781E-01 .6223E+00 .5645E+00 .1547E-01 .1733E+00
.9030E+03 .9014E+00 .5641E+00 .1537E-01 .3389E+00 .3236E+00 .5641E+00 .5771E-01 .6218E+00 .5641E+00 .1537E-01 .1734E+00
.9040E+03 .9104E+00 .7480E+00 .2082E-01 .4498E+00 .4290E+00 .7480E+00 .7714E-01 .8251E+00 .7480E+00 .2082E-01 .2298E+00
.9050E+03 .9078E+00 .7134E+00 .1973E-01 .4289E+00 .4092E+00 .7134E+00 .7339E-01 .7868E+00 .7134E+00 .1973E-01 .2192E+00
.9060E+03 .8868E+00 .6632E+00 .1821E-01 .3986E+00 .3804E+00 .6632E+00 .6812E-01 .7313E+00 .6632E+00 .1821E-01 .2041E+00
.9070E+03 .8940E+00 .5134E+00 .1376E-01 .3082E+00 .2945E+00 .5134E+00 .5231E-01 .5657E+00 .5134E+00 .1376E-01 .1583E+00
.9080E+03 .8783E+00 .5195E+00 .1392E-01 .3119E+00 .2980E+00 .5195E+00 .5298E-01 .5724E+00 .5195E+00 .1392E-01 .1604E+00
.9090E+03 .8604E+00 .5748E+00 .1552E-01 .3452E+00 .3297E+00 .5748E+00 .5879E-01 .6336E+00 .5748E+00 .1552E-01 .1775E+00
.9100E+03 .8774E+00 .4796E+00 .1271E-01 .2878E+00 .2751E+00 .4796E+00 .4871E-01 .5283E+00 .4796E+00 .1271E-01 .1481E+00
.9110E+03 .8728E+00 .5314E+00 .1417E-01 .3190E+00 .3048E+00 .5314E+00 .5416E-01 .5856E+00 .5314E+00 .1417E-01 .1643E+00
.9120E+03 .8740E+00 .5600E+00 .1496E-01 .3362E+00 .3212E+00 .5600E+00 .5719E-01 .6172E+00 .5600E+00 .1496E-01 .1735E+00
.9130E+03 .8932E+00 .4827E+00 .1269E-01 .2896E+00 .2769E+00 .4827E+00 .4904E-01 .5318E+00 .4827E+00 .1269E-01 .1497E+00
.9140E+03 .8826E+00 .4792E+00 .1257E-01 .2874E+00 .2748E+00 .4792E+00 .4864E-01 .5278E+00 .4792E+00 .1257E-01 .1486E+00
.9150E+03 .8753E+00 .5160E+00 .1359E-01 .3095E+00 .2960E+00 .5160E+00 .5245E-01 .5684E+00 .5160E+00 .1359E-01 .1600E+00
.9160E+03 .8791E+00 .4336E+00 .1124E-01 .2599E+00 .2487E+00 .4336E+00 .4386E-01 .4774E+00 .4336E+00 .1124E-01 .1347E+00
.9170E+03 .8667E+00 .5813E+00 .1541E-01 .3488E+00 .3334E+00 .5813E+00 .5937E-01 .6406E+00 .5813E+00 .1541E-01 .1809E+00
.9180E+03 .8709E+00 .4358E+00 .1125E-01 .2612E+00 .2500E+00 .4358E+00 .4412E-01 .4799E+00 .4358E+00 .1125E-01 .1358E+00
.9190E+03 .8739E+00 .6078E+00 .1608E-01 .3647E+00 .3486E+00 .6078E+00 .6207E-01 .6699E+00 .6078E+00 .1608E-01 .1893E+00
.9200E+03 .8632E+00 .6208E+00 .1642E-01 .3725E+00 .3561E+00 .6208E+00 .6341E-01 .6843E+00 .6208E+00 .1642E-01 .1934E+00
.9210E+03 .8416E+00 .6587E+00 .1752E-01 .3953E+00 .3778E+00 .6587E+00 .6750E-01 .7262E+00 .6587E+00 .1752E-01 .2055E+00
.9220E+03 .8384E+00 .5663E+00 .1484E-01 .3397E+00 .3248E+00 .5663E+00 .5778E-01 .6241E+00 .5663E+00 .1484E-01 .1771E+00
.9230E+03 .8153E+00 .6415E+00 .1699E-01 .3849E+00 .3679E+00 .6415E+00 .6577E-01 .7072E+00 .6415E+00 .1699E-01 .2007E+00
.9240E+03 .8412E+00 .5711E+00 .1490E-01 .3424E+00 .3275E+00 .5711E+00 .5821E-01 .6293E+00 .5711E+00 .1490E-01 .1787E+00
.9250E+03 .8410E+00 .5650E+00 .1469E-01 .3388E+00 .3241E+00 .5650E+00 .5752E-01 .6226E+00 .5650E+00 .1469E-01 .1768E+00
.9260E+03 .8302E+00 .5626E+00 .1460E-01 .3373E+00 .3227E+00 .5626E+00 .5732E-01 .6199E+00 .5626E+00 .1460E-01 .1764E+00
.9270E+03 .8567E+00 .6521E+00 .1706E-01 .3911E+00 .3741E+00 .6521E+00 .6673E-01 .7189E+00 .6521E+00 .1706E-01 .2048E+00
.9280E+03 .8581E+00 .4137E+00 .1040E-01 .2477E+00 .2373E+00 .4137E+00 .4176E-01 .4555E+00 .4137E+00 .1040E-01 .1301E+00
.9290E+03 .8467E+00 .3541E+00 .8793E-02 .2119E+00 .2031E+00 .3541E+00 .3560E-01 .3897E+00 .3541E+00 .8793E-02 .1114E+00
.9300E+03 .8511E+00 .2811E+00 .6858E-02 .1681E+00 .1613E+00 .2811E+00 .2811E-01 .3092E+00 .2811E+00 .6858E-02 .8856E-01
.9310E+03 .8511E+00 .2637E+00 .6393E-02 .1577E+00 .1513E+00 .2637E+00 .2633E-01 .2901E+00 .2637E+00 .6393E-02 .8316E-01
.9320E+03 .8466E+00 .1696E+00 .4007E-02 .1013E+00 .9730E-01 .1696E+00 .1680E-01 .1864E+00 .1696E+00 .4007E-02 .5354E-01
.9330E+03 .8498E+00 .1312E+00 .3054E-02 .7829E-01 .7524E-01 .1312E+00 .1293E-01 .1441E+00 .1312E+00 .3054E-02 .4142E-01
.9340E+03 .8477E+00 .5616E-01 .1268E-02 .3348E-01 .3221E-01 .5616E-01 .5477E-02 .6163E-01 .5616E-01 .1268E-02 .1773E-01
.9350E+03 .8377E+00 .1507E+00 .3514E-02 .8995E-01 .8644E-01 .1507E+00 .1486E-01 .1656E+00 .1507E+00 .3514E-02 .4758E-01
.9360E+03 .8335E+00 .8059E-01 .1829E-02 .4806E-01 .4623E-01 .8059E-01 .7885E-02 .8848E-01 .8059E-01 .1829E-02 .2549E-01
.9370E+03 .8395E+00 .8543E-01 .1937E-02 .5094E-01 .4900E-01 .8543E-01 .8367E-02 .9379E-01 .8543E-01 .1937E-02 .2707E-01
.9380E+03 .8388E+00 .1085E+00 .2477E-02 .6471E-01 .6223E-01 .1085E+00 .1066E-01 .1192E+00 .1085E+00 .2477E-02 .3440E-01
.9390E+03 .8327E+00 .2662E+00 .6339E-02 .1590E+00 .1527E+00 .2662E+00 .2652E-01 .2927E+00 .2662E+00 .6339E-02 .8439E-01
.9400E+03 .8229E+00 .3307E+00 .7971E-02 .1976E+00 .1897E+00 .3307E+00 .3309E-01 .3638E+00 .3307E+00 .7971E-02 .1048E+00
.9410E+03 .7930E+00 .2303E+00 .5425E-02 .1375E+00 .1321E+00 .2303E+00 .2286E-01 .2532E+00 .2303E+00 .5425E-02 .7300E-01
.9420E+03 .8095E+00 .2768E+00 .6570E-02 .1654E+00 .1588E+00 .2768E+00 .2755E-01 .3044E+00 .2768E+00 .6570E-02 .8774E-01
.9430E+03 .8194E+00 .1802E+00 .4157E-02 .1075E+00 .1033E+00 .1802E+00 .1777E-01 .1979E+00 .1802E+00 .4157E-02 .5714E-01
.9440E+03 .8084E+00 .2070E+00 .4801E-02 .1235E+00 .1187E+00 .2070E+00 .2046E-01 .2275E+00 .2070E+00 .4801E-02 .6571E-01
.9450E+03 .8165E+00 .2416E+00 .5639E-02 .1442E+00 .1386E+00 .2416E+00 .2395E-01 .2655E+00 .2416E+00 .5639E-02 .7673E-01
.9460E+03 .8194E+00 .1074E+00 .2403E-02 .6399E-01 .6158E-01 .1074E+00 .1049E-01 .1179E+00 .1074E+00 .2403E-02 .3411E-01
.9470E+03 .8212E+00 .2328E+00 .5396E-02 .1389E+00 .1335E+00 .2328E+00 .2302E-01 .2558E+00 .2328E+00 .5396E-02 .7394E-01
.9480E+03 .8219E+00 .1806E+00 .4117E-02 .1077E+00 .1036E+00 .1806E+00 .1777E-01 .1984E+00 .1806E+00 .4117E-02 .5741E-01
.9490E+03 .8212E+00 .3415E+00 .8078E-02 .2040E+00 .1959E+00 .3415E+00 .3405E-01 .3756E+00 .3415E+00 .8078E-02 .1086E+00
.9500E+03 .8154E+00 .6969E-01 .1522E-02 .4150E-01 .3998E-01 .6969E-01 .6769E-02 .7646E-01 .6969E-01 .1522E-02 .2219E-01
.9510E+03 .8110E+00 .3354E+00 .7895E-02 .2003E+00 .1924E+00 .3354E+00 .3340E-01 .3688E+00 .3354E+00 .7895E-02 .1068E+00
.9520E+03 .8117E+00 .1530E+00 .3430E-02 .9116E-01 .8773E-01 .1530E+00 .1498E-01 .1679E+00 .1530E+00 .3430E-02 .4868E-01
.9530E+03 .8043E+00 .2152E+00 .4904E-02 .1284E+00 .1234E+00 .2152E+00 .2121E-01 .2364E+00 .2152E+00 .4904E-02 .6855E-01
.9540E+03 .7797E+00 .2772E+00 .6411E-02 .1654E+00 .1590E+00 .2772E+00 .2747E-01 .3047E+00 .2772E+00 .6411E-02 .8836E-01
.9550E+03 .7665E+00 .2173E+00 .4945E-02 .1296E+00 .1247E+00 .2173E+00 .2143E-01 .2388E+00 .2173E+00 .4945E-02 .6933E-01
.9560E+03 .7989E+00 .2337E+00 .5308E-02 .1394E+00 .1341E+00 .2337E+00 .2303E-01 .2568E+00 .2337E+00 .5308E-02 .7455E-01
.9570E+03 .7927E+00 .1478E+00 .3274E-02 .8804E-01 .8477E-01 .1478E+00 .1445E-01 .1622E+00 .1478E+00 .3274E-02 .4714E-01
.9580E+03 .8013E+00 .3488E+00 .8094E-02 .2081E+00 .2000E+00 .3488E+00 .3462E-01 .3834E+00 .3488E+00 .8094E-02 .1112E+00
.9590E+03 .8021E+00 .2575E+00 .5844E-02 .1535E+00 .1477E+00 .2575E+00 .2537E-01 .2829E+00 .2575E+00 .5844E-02 .8211E-01
.9600E+03 .7908E+00 .2788E+00 .6351E-02 .1662E+00 .1599E+00 .2788E+00 .2750E-01 .3063E+00 .2788E+00 .6351E-02 .8889E-01
.9610E+03 .7946E+00 .3353E+00 .7711E-02 .2000E+00 .1923E+00 .3353E+00 .3318E-01 .3685E+00 .3353E+00 .7711E-02 .1069E+00
.9620E+03 .7878E+00 .3213E+00 .7353E-02 .1917E+00 .1843E+00 .3213E+00 .3175E-01 .3531E+00 .3213E+00 .7353E-02 .1024E+00
.9630E+03 .7839E+00 .3859E+00 .8930E-02 .2303E+00 .2214E+00 .3859E+00 .3829E-01 .4242E+00 .3859E+00 .8930E-02 .1231E+00
.9640E+03 .7836E+00 .3481E+00 .7976E-02 .2076E+00 .1997E+00 .3481E+00 .3444E-01 .3825E+00 .3481E+00 .7976E-02 .1111E+00
.9650E+03 .7805E+00 .3794E+00 .8732E-02 .2264E+00 .2176E+00 .3794E+00 .3762E-01 .4170E+00 .3794E+00 .8732E-02 .1212E+00
.9660E+03 .7742E+00 .3563E+00 .8150E-02 .2125E+00 .2044E+00 .3563E+00 .3525E-01 .3916E+00 .3563E+00 .8150E-02 .1138E+00
.9670E+03 .7809E+00 .3511E+00 .7998E-02 .2094E+00 .2014E+00 .3511E+00 .3470E-01 .3858E+00 .3511E+00 .7998E-02 .1122E+00
.9680E+03 .7798E+00 .5643E+00 .1331E-01 .3370E+00 .3237E+00 .5643E+00 .5645E-01 .6207E+00 .5643E+00 .1331E-01 .1804E+00
.9690E+03 .7793E+00 .5709E+00 .1346E-01 .3409E+00 .3275E+00 .5709E+00 .5715E-01 .6281E+00 .5709E+00 .1346E-01 .1827E+00
.9700E+03 .7785E+00 .5115E+00 .1192E-01 .3053E+00 .2934E+00 .5115E+00 .5102E-01 .5625E+00 .5115E+00 .1192E-01 .1638E+00
.9710E+03 .7761E+00 .6304E+00 .1493E-01 .3765E+00 .3616E+00 .6304E+00 .6322E-01 .6936E+00 .6304E+00 .1493E-01 .2018E+00
.9720E+03 .7779E+00 .6034E+00 .1419E-01 .3603E+00 .3461E+00 .6034E+00 .6037E-01 .6637E+00 .6034E+00 .1419E-01 .1931E+00
.9730E+03 .7697E+00 .4730E+00 .1088E-01 .2822E+00 .2713E+00 .4730E+00 .4698E-01 .5200E+00 .4730E+00 .1088E-01 .1514E+00
.9740E+03 .7603E+00 .4587E+00 .1051E-01 .2736E+00 .2631E+00 .4587E+00 .4549E-01 .5042E+00 .4587E+00 .1051E-01 .1468E+00
.9750E+03 .7695E+00 .4944E+00 .1136E-01 .2949E+00 .2836E+00 .4944E+00 .4909E-01 .5435E+00 .4944E+00 .1136E-01 .1583E+00
.9760E+03 .7652E+00 .4392E+00 .9981E-02 .2619E+00 .2519E+00 .4392E+00 .4348E-01 .4827E+00 .4392E+00 .9981E-02 .1407E+00
.9770E+03 .7635E+00 .5342E+00 .1231E-01 .3187E+00 .3064E+00 .5342E+00 .5316E-01 .5874E+00 .5342E+00 .1231E-01 .1713E+00
.9780E+03 .7624E+00 .4917E+00 .1123E-01 .2932E+00 .2820E+00 .4917E+00 .4878E-01 .5404E+00 .4917E+00 .1123E-01 .1577E+00
.9790E+03 .7560E+00 .5265E+00 .1207E-01 .3141E+00 .3020E+00 .5265E+00 .5231E-01 .5788E+00 .5265E+00 .1207E-01 .1688E+00
.9800E+03 .7599E+00 .4860E+00 .1103E-01 .2898E+00 .2788E+00 .4860E+00 .4813E-01 .5341E+00 .4860E+00 .1103E-01 .1558E+00
.9810E+03 .7640E+00 .6300E+00 .1459E-01 .3759E+00 .3613E+00 .6300E+00 .6280E-01 .6928E+00 .6300E+00 .1459E-01 .2020E+00
.9820E+03 .7614E+00 .5856E+00 .1345E-01 .3493E+00 .3359E+00 .5856E+00 .5821E-01 .6438E+00 .5856E+00 .1345E-01 .1877E+00
.9830E+03 .7559E+00 .5528E+00 .1261E-01 .3297E+00 .3171E+00 .5528E+00 .5486E-01 .6077E+00 .5528E+00 .1261E-01 .1774E+00
.9840E+03 .7549E+00 .6657E+00 .1541E-01 .3972E+00 .3818E+00 .6657E+00 .6644E-01 .7321E+00 .6657E+00 .1541E-01 .2138E+00
.9850E+03 .7555E+00 .5799E+00 .1323E-01 .3459E+00 .3326E+00 .5799E+00 .5761E-01 .6375E+00 .5799E+00 .1323E-01 .1863E+00
.9860E+03 .7499E+00 .6860E+00 .1586E-01 .4093E+00 .3935E+00 .6860E+00 .6846E-01 .7544E+00 .6860E+00 .1586E-01 .2204E+00
.9870E+03 .7484E+00 .6628E+00 .1524E-01 .3954E+00 .3802E+00 .6628E+00 .6603E-01 .7288E+00 .6628E+00 .1524E-01 .2129E+00
.9880E+03 .7494E+00 .6627E+00 .1520E-01 .3953E+00 .3801E+00 .6627E+00 .6600E-01 .7287E+00 .6627E+00 .1520E-01 .2131E+00
.9890E+03 .7376E+00 .6935E+00 .1597E-01 .4137E+00 .3978E+00 .6935E+00 .6919E-01 .7627E+00 .6935E+00 .1597E-01 .2231E+00
.9900E+03 .7407E+00 .6584E+00 .1504E-01 .3927E+00 .3776E+00 .6584E+00 .6554E-01 .7239E+00 .6584E+00 .1504E-01 .2119E+00
.9910E+03 .7420E+00 .6953E+00 .1592E-01 .4147E+00 .3988E+00 .6953E+00 .6927E-01 .7646E+00 .6953E+00 .1592E-01 .2238E+00
.9920E+03 .7443E+00 .7010E+00 .1602E-01 .4181E+00 .4021E+00 .7010E+00 .6980E-01 .7708E+00 .7010E+00 .1602E-01 .2256E+00
.9930E+03 .7423E+00 .6729E+00 .1529E-01 .4013E+00 .3860E+00 .6729E+00 .6693E-01 .7399E+00 .6729E+00 .1529E-01 .2168E+00
.9940E+03 .7423E+00 .7028E+00 .1601E-01 .4191E+00 .4031E+00 .7028E+00 .6999E-01 .7728E+00 .7028E+00 .1601E-01 .2266E+00
.9950E+03 .7390E+00 .7041E+00 .1601E-01 .4198E+00 .4038E+00 .7041E+00 .7011E-01 .7742E+00 .7041E+00 .1601E-01 .2272E+00
.9960E+03 .7384E+00 .6981E+00 .1583E-01 .4162E+00 .4004E+00 .6981E+00 .6945E-01 .7676E+00 .6981E+00 .1583E-01 .2252E+00
.9970E+03 .7381E+00 .7006E+00 .1585E-01 .4177E+00 .4018E+00 .7006E+00 .6966E-01 .7702E+00 .7006E+00 .1585E-01 .2260E+00
.9980E+03 .7356E+00 .6972E+00 .1574E-01 .4156E+00 .3999E+00 .6972E+00 .6931E-01 .7665E+00 .6972E+00 .1574E-01 .2251E+00
.9990E+03 .7322E+00 .6947E+00 .1566E-01 .4141E+00 .3985E+00 .6947E+00 .6907E-01 .7638E+00 .6947E+00 .1566E-01 .2245E+00
.1000E+04 .7312E+00 .6863E+00 .1542E-01 .4090E+00 .3936E+00 .6863E+00 .6820E-01 .7545E+00 .6863E+00 .1542E-01 .2220E+00
.1001E+04 .7357E+00 .6991E+00 .1569E-01 .4167E+00 .4010E+00 .6991E+00 .6949E-01 .7686E+00 .6991E+00 .1569E-01 .2263E+00
.1002E+04 .7325E+00 .6664E+00 .1486E-01 .3971E+00 .3822E+00 .6664E+00 .6614E-01 .7325E+00 .6664E+00 .1486E-01 .2159E+00
.1003E+04 .7238E+00 .6858E+00 .1532E-01 .4087E+00 .3933E+00 .6858E+00 .6810E-01 .7539E+00 .6858E+00 .1532E-01 .2221E+00
.1004E+04 .7105E+00 .6659E+00 .1482E-01 .3968E+00 .3819E+00 .6659E+00 .6606E-01 .7320E+00 .6659E+00 .1482E-01 .2157E+00
.1005E+04 .6783E+00 .6463E+00 .1438E-01 .3851E+00 .3707E+00 .6463E+00 .6410E-01 .7104E+00 .6463E+00 .1438E-01 .2093E+00
.1006E+04 .7083E+00 .6690E+00 .1484E-01 .3986E+00 .3837E+00 .6690E+00 .6628E-01 .7353E+00 .6690E+00 .1484E-01 .2167E+00
.1007E+04 .7213E+00 .6849E+00 .1516E-01 .4080E+00 .3928E+00 .6849E+00 .6782E-01 .7527E+00 .6849E+00 .1516E-01 .2218E+00
.1008E+04 .7208E+00 .6783E+00 .1497E-01 .4040E+00 .3890E+00 .6783E+00 .6714E-01 .7454E+00 .6783E+00 .1497E-01 .2198E+00
.1009E+04 .7204E+00 .6722E+00 .1480E-01 .4004E+00 .3856E+00 .6722E+00 .6653E-01 .7388E+00 .6722E+00 .1480E-01 .2181E+00
.1010E+04 .7193E+00 .6678E+00 .1466E-01 .3977E+00 .3831E+00 .6678E+00 .6606E-01 .7339E+00 .6678E+00 .1466E-01 .2167E+00
.1011E+04 .7172E+00 .6820E+00 .1497E-01 .4061E+00 .3912E+00 .6820E+00 .6746E-01 .7494E+00 .6820E+00 .1497E-01 .2213E+00
.1012E+04 .7146E+00 .6735E+00 .1474E-01 .4010E+00 .3863E+00 .6735E+00 .6655E-01 .7400E+00 .6735E+00 .1474E-01 .2185E+00
.1013E+04 .7146E+00 .6815E+00 .1490E-01 .4058E+00 .3909E+00 .6815E+00 .6737E-01 .7488E+00 .6815E+00 .1490E-01 .2214E+00
.1014E+04 .7096E+00 .6768E+00 .1477E-01 .4030E+00 .3882E+00 .6768E+00 .6692E-01 .7437E+00 .6768E+00 .1477E-01 .2201E+00
.1015E+04 .7055E+00 .6719E+00 .1462E-01 .4000E+00 .3854E+00 .6719E+00 .6640E-01 .7383E+00 .6719E+00 .1462E-01 .2186E+00
.1016E+04 .7028E+00 .6688E+00 .1452E-01 .3981E+00 .3836E+00 .6688E+00 .6605E-01 .7349E+00 .6688E+00 .1452E-01 .2175E+00
.1017E+04 .7050E+00 .6698E+00 .1451E-01 .3987E+00 .3842E+00 .6698E+00 .6610E-01 .7359E+00 .6698E+00 .1451E-01 .2179E+00
.1018E+04 .7004E+00 .6693E+00 .1447E-01 .3984E+00 .3839E+00 .6693E+00 .6602E-01 .7353E+00 .6693E+00 .1447E-01 .2177E+00
.1019E+04 .6919E+00 .6499E+00 .1400E-01 .3868E+00 .3728E+00 .6499E+00 .6402E-01 .7139E+00 .6499E+00 .1400E-01 .2114E+00
.1020E+04 .6977E+00 .6652E+00 .1432E-01 .3959E+00 .3815E+00 .6652E+00 .6551E-01 .7307E+00 .6652E+00 .1432E-01 .2163E+00
.1021E+04 .6956E+00 .6652E+00 .1429E-01 .3959E+00 .3816E+00 .6652E+00 .6547E-01 .7307E+00 .6652E+00 .1429E-01 .2163E+00
.1022E+04 .6925E+00 .6584E+00 .1410E-01 .3917E+00 .3776E+00 .6584E+00 .6474E-01 .7231E+00 .6584E+00 .1410E-01 .2141E+00
.1023E+04 .7005E+00 .6650E+00 .1421E-01 .3956E+00 .3814E+00 .6650E+00 .6540E-01 .7304E+00 .6650E+00 .1421E-01 .2164E+00
.1024E+04 .6981E+00 .6505E+00 .1385E-01 .3870E+00 .3731E+00 .6505E+00 .6394E-01 .7145E+00 .6505E+00 .1385E-01 .2119E+00
.1025E+04 .6976E+00 .6668E+00 .1420E-01 .3966E+00 .3824E+00 .6668E+00 .6556E-01 .7323E+00 .6668E+00 .1420E-01 .2173E+00
.1026E+04 .6962E+00 .6627E+00 .1408E-01 .3942E+00 .3801E+00 .6627E+00 .6511E-01 .7278E+00 .6627E+00 .1408E-01 .2160E+00
.1027E+04 .6944E+00 .6614E+00 .1402E-01 .3934E+00 .3794E+00 .6614E+00 .6494E-01 .7264E+00 .6614E+00 .1402E-01 .2155E+00
.1028E+04 .6935E+00 .6598E+00 .1395E-01 .3924E+00 .3784E+00 .6598E+00 .6478E-01 .7246E+00 .6598E+00 .1395E-01 .2152E+00
.1029E+04 .6858E+00 .6516E+00 .1375E-01 .3875E+00 .3737E+00 .6516E+00 .6397E-01 .7156E+00 .6516E+00 .1375E-01 .2127E+00
.1030E+04 .6881E+00 .6586E+00 .1388E-01 .3916E+00 .3778E+00 .6586E+00 .6464E-01 .7232E+00 .6586E+00 .1388E-01 .2150E+00
.1031E+04 .6864E+00 .6550E+00 .1377E-01 .3895E+00 .3757E+00 .6550E+00 .6424E-01 .7193E+00 .6550E+00 .1377E-01 .2139E+00
.1032E+04 .6836E+00 .6544E+00 .1373E-01 .3891E+00 .3753E+00 .6544E+00 .6414E-01 .7185E+00 .6544E+00 .1373E-01 .2136E+00
.1033E+04 .6734E+00 .6445E+00 .1349E-01 .3832E+00 .3697E+00 .6445E+00 .6313E-01 .7077E+00 .6445E+00 .1349E-01 .2104E+00
.1034E+04 .6732E+00 .6452E+00 .1348E-01 .3835E+00 .3700E+00 .6452E+00 .6315E-01 .7083E+00 .6452E+00 .1348E-01 .2106E+00
.1035E+04 .6753E+00 .6475E+00 .1350E-01 .3849E+00 .3714E+00 .6475E+00 .6334E-01 .7109E+00 .6475E+00 .1350E-01 .2114E+00
.1036E+04 .6795E+00 .6504E+00 .1352E-01 .3866E+00 .3731E+00 .6504E+00 .6358E-01 .7140E+00 .6504E+00 .1352E-01 .2123E+00
.1037E+04 .6682E+00 .6403E+00 .1329E-01 .3805E+00 .3672E+00 .6403E+00 .6256E-01 .7028E+00 .6403E+00 .1329E-01 .2090E+00
.1038E+04 .6714E+00 .6433E+00 .1332E-01 .3823E+00 .3690E+00 .6433E+00 .6286E-01 .7062E+00 .6433E+00 .1332E-01 .2102E+00
.1039E+04 .6714E+00 .6429E+00 .1329E-01 .3820E+00 .3688E+00 .6429E+00 .6282E-01 .7057E+00 .6429E+00 .1329E-01 .2102E+00
.1040E+04 .6688E+00 .6407E+00 .1321E-01 .3807E+00 .3675E+00 .6407E+00 .6257E-01 .7032E+00 .6407E+00 .1321E-01 .2095E+00
.1041E+04 .6720E+00 .6432E+00 .1323E-01 .3821E+00 .3689E+00 .6432E+00 .6277E-01 .7060E+00 .6432E+00 .1323E-01 .2104E+00
.1042E+04 .6674E+00 .6391E+00 .1312E-01 .3797E+00 .3666E+00 .6391E+00 .6234E-01 .7014E+00 .6391E+00 .1312E-01 .2090E+00
.1043E+04 .6656E+00 .6372E+00 .1306E-01 .3785E+00 .3655E+00 .6372E+00 .6216E-01 .6994E+00 .6372E+00 .1306E-01 .2086E+00
.1044E+04 .6683E+00 .6396E+00 .1308E-01 .3799E+00 .3669E+00 .6396E+00 .6239E-01 .7020E+00 .6396E+00 .1308E-01 .2096E+00
.1045E+04 .6596E+00 .6311E+00 .1287E-01 .3749E+00 .3620E+00 .6311E+00 .6153E-01 .6926E+00 .6311E+00 .1287E-01 .2068E+00
.1046E+04 .6527E+00 .6243E+00 .1271E-01 .3708E+00 .3581E+00 .6243E+00 .6083E-01 .6851E+00 .6243E+00 .1271E-01 .2046E+00
.1047E+04 .6590E+00 .6301E+00 .1280E-01 .3742E+00 .3614E+00 .6301E+00 .6136E-01 .6914E+00 .6301E+00 .1280E-01 .2065E+00
.1048E+04 .6631E+00 .6337E+00 .1284E-01 .3763E+00 .3635E+00 .6337E+00 .6171E-01 .6954E+00 .6337E+00 .1284E-01 .2079E+00
.1049E+04 .6612E+00 .6311E+00 .1277E-01 .3748E+00 .3620E+00 .6311E+00 .6147E-01 .6926E+00 .6311E+00 .1277E-01 .2072E+00
.1050E+04 .6587E+00 .6283E+00 .1268E-01 .3730E+00 .3604E+00 .6283E+00 .6117E-01 .6894E+00 .6283E+00 .1268E-01 .2063E+00
.1051E+04 .6584E+00 .6280E+00 .1265E-01 .3729E+00 .3602E+00 .6280E+00 .6111E-01 .6892E+00 .6280E+00 .1265E-01 .2063E+00
.1052E+04 .6563E+00 .6255E+00 .1257E-01 .3713E+00 .3588E+00 .6255E+00 .6083E-01 .6863E+00 .6255E+00 .1257E-01 .2055E+00
.1053E+04 .6518E+00 .6209E+00 .1245E-01 .3686E+00 .3561E+00 .6209E+00 .6039E-01 .6813E+00 .6209E+00 .1245E-01 .2041E+00
.1054E+04 .6540E+00 .6226E+00 .1246E-01 .3696E+00 .3571E+00 .6226E+00 .6056E-01 .6832E+00 .6226E+00 .1246E-01 .2049E+00
.1055E+04 .6553E+00 .6232E+00 .1245E-01 .3699E+00 .3575E+00 .6232E+00 .6059E-01 .6838E+00 .6232E+00 .1245E-01 .2051E+00
.1056E+04 .6540E+00 .6213E+00 .1238E-01 .3687E+00 .3564E+00 .6213E+00 .6036E-01 .6817E+00 .6213E+00 .1238E-01 .2044E+00
.1057E+04 .6528E+00 .6198E+00 .1232E-01 .3678E+00 .3555E+00 .6198E+00 .6018E-01 .6799E+00 .6198E+00 .1232E-01 .2040E+00
.1058E+04 .6376E+00 .6048E+00 .1200E-01 .3589E+00 .3469E+00 .6048E+00 .5873E-01 .6635E+00 .6048E+00 .1200E-01 .1992E+00
.1059E+04 .6393E+00 .6055E+00 .1199E-01 .3593E+00 .3473E+00 .6055E+00 .5881E-01 .6643E+00 .6055E+00 .1199E-01 .1996E+00
.1060E+04 .6388E+00 .6050E+00 .1195E-01 .3590E+00 .3470E+00 .6050E+00 .5873E-01 .6637E+00 .6050E+00 .1195E-01 .1995E+00
.1061E+04 .6386E+00 .6043E+00 .1192E-01 .3586E+00 .3466E+00 .6043E+00 .5863E-01 .6630E+00 .6043E+00 .1192E-01 .1993E+00
.1062E+04 .6430E+00 .6070E+00 .1194E-01 .3601E+00 .3482E+00 .6070E+00 .5886E-01 .6659E+00 .6070E+00 .1194E-01 .2002E+00
.1063E+04 .6374E+00 .6009E+00 .1179E-01 .3564E+00 .3446E+00 .6009E+00 .5826E-01 .6591E+00 .6009E+00 .1179E-01 .1983E+00
.1064E+04 .6446E+00 .6092E+00 .1194E-01 .3614E+00 .3494E+00 .6092E+00 .5908E-01 .6683E+00 .6092E+00 .1194E-01 .2013E+00
.1065E+04 .6423E+00 .6029E+00 .1178E-01 .3576E+00 .3458E+00 .6029E+00 .5843E-01 .6613E+00 .6029E+00 .1178E-01 .1992E+00
.1066E+04 .6278E+00 .5928E+00 .1157E-01 .3516E+00 .3400E+00 .5928E+00 .5743E-01 .6502E+00 .5928E+00 .1157E-01 .1959E+00
.1067E+04 .6365E+00 .5991E+00 .1166E-01 .3553E+00 .3436E+00 .5991E+00 .5801E-01 .6571E+00 .5991E+00 .1166E-01 .1980E+00
.1068E+04 .6244E+00 .5849E+00 .1135E-01 .3468E+00 .3355E+00 .5849E+00 .5658E-01 .6415E+00 .5849E+00 .1135E-01 .1933E+00
.1069E+04 .6040E+00 .5655E+00 .1095E-01 .3353E+00 .3244E+00 .5655E+00 .5467E-01 .6202E+00 .5655E+00 .1095E-01 .1868E+00
.1070E+04 .6266E+00 .5810E+00 .1122E-01 .3445E+00 .3333E+00 .5810E+00 .5613E-01 .6372E+00 .5810E+00 .1122E-01 .1920E+00
.1071E+04 .6301E+00 .5955E+00 .1150E-01 .3531E+00 .3416E+00 .5955E+00 .5752E-01 .6530E+00 .5955E+00 .1150E-01 .1967E+00
.1072E+04 .6276E+00 .5829E+00 .1121E-01 .3455E+00 .3343E+00 .5829E+00 .5625E-01 .6391E+00 .5829E+00 .1121E-01 .1926E+00
.1073E+04 .6172E+00 .5758E+00 .1106E-01 .3413E+00 .3303E+00 .5758E+00 .5559E-01 .6314E+00 .5758E+00 .1106E-01 .1905E+00
.1074E+04 .6269E+00 .5949E+00 .1142E-01 .3526E+00 .3412E+00 .5949E+00 .5747E-01 .6523E+00 .5949E+00 .1142E-01 .1970E+00
.1075E+04 .6136E+00 .5508E+00 .1050E-01 .3265E+00 .3160E+00 .5508E+00 .5310E-01 .6039E+00 .5508E+00 .1050E-01 .1824E+00
.1076E+04 .6275E+00 .5913E+00 .1130E-01 .3505E+00 .3392E+00 .5913E+00 .5704E-01 .6484E+00 .5913E+00 .1130E-01 .1958E+00
.1077E+04 .6274E+00 .5733E+00 .1090E-01 .3397E+00 .3288E+00 .5733E+00 .5522E-01 .6285E+00 .5733E+00 .1090E-01 .1898E+00
.1078E+04 .6181E+00 .5580E+00 .1058E-01 .3306E+00 .3201E+00 .5580E+00 .5370E-01 .6117E+00 .5580E+00 .1058E-01 .1847E+00
.1079E+04 .6147E+00 .5824E+00 .1106E-01 .3451E+00 .3340E+00 .5824E+00 .5609E-01 .6385E+00 .5824E+00 .1106E-01 .1928E+00
.1080E+04 .6233E+00 .5586E+00 .1054E-01 .3309E+00 .3204E+00 .5586E+00 .5371E-01 .6123E+00 .5586E+00 .1054E-01 .1850E+00
.1081E+04 .6061E+00 .5371E+00 .1010E-01 .3181E+00 .3080E+00 .5371E+00 .5164E-01 .5887E+00 .5371E+00 .1010E-01 .1780E+00
.1082E+04 .6007E+00 .5556E+00 .1047E-01 .3292E+00 .3187E+00 .5556E+00 .5347E-01 .6091E+00 .5556E+00 .1047E-01 .1843E+00
.1083E+04 .5998E+00 .5605E+00 .1055E-01 .3320E+00 .3215E+00 .5605E+00 .5392E-01 .6144E+00 .5605E+00 .1055E-01 .1859E+00
.1084E+04 .6144E+00 .5323E+00 .9929E-02 .3153E+00 .3053E+00 .5323E+00 .5108E-01 .5834E+00 .5323E+00 .9929E-02 .1765E+00
.1085E+04 .6180E+00 .5601E+00 .1047E-01 .3317E+00 .3213E+00 .5601E+00 .5378E-01 .6139E+00 .5601E+00 .1047E-01 .1857E+00
.1086E+04 .6104E+00 .4944E+00 .9125E-02 .2927E+00 .2836E+00 .4944E+00 .4730E-01 .5417E+00 .4944E+00 .9125E-02 .1639E+00
.1087E+04 .5897E+00 .5227E+00 .9710E-02 .3095E+00 .2998E+00 .5227E+00 .5010E-01 .5728E+00 .5227E+00 .9710E-02 .1733E+00
.1088E+04 .6028E+00 .5543E+00 .1031E-01 .3283E+00 .3179E+00 .5543E+00 .5315E-01 .6075E+00 .5543E+00 .1031E-01 .1838E+00
.1089E+04 .6019E+00 .5273E+00 .9744E-02 .3122E+00 .3024E+00 .5273E+00 .5047E-01 .5778E+00 .5273E+00 .9744E-02 .1748E+00
.1090E+04 .6099E+00 .5104E+00 .9373E-02 .3021E+00 .2928E+00 .5104E+00 .4877E-01 .5592E+00 .5104E+00 .9373E-02 .1692E+00
.1091E+04 .6069E+00 .5474E+00 .1010E-01 .3241E+00 .3140E+00 .5474E+00 .5238E-01 .5998E+00 .5474E+00 .1010E-01 .1815E+00
.1092E+04 .6013E+00 .5517E+00 .1018E-01 .3266E+00 .3164E+00 .5517E+00 .5280E-01 .6045E+00 .5517E+00 .1018E-01 .1830E+00
.1093E+04 .5815E+00 .4378E+00 .7916E-02 .2590E+00 .2511E+00 .4378E+00 .4169E-01 .4795E+00 .4378E+00 .7916E-02 .1453E+00
.1094E+04 .5572E+00 .4957E+00 .9084E-02 .2934E+00 .2843E+00 .4957E+00 .4741E-01 .5431E+00 .4957E+00 .9084E-02 .1647E+00
.1095E+04 .5839E+00 .4556E+00 .8234E-02 .2696E+00 .2613E+00 .4556E+00 .4342E-01 .4991E+00 .4556E+00 .8234E-02 .1514E+00
.1096E+04 .5834E+00 .4283E+00 .7682E-02 .2533E+00 .2457E+00 .4283E+00 .4073E-01 .4690E+00 .4283E+00 .7682E-02 .1423E+00
.1097E+04 .5843E+00 .5362E+00 .9794E-02 .3173E+00 .3075E+00 .5362E+00 .5124E-01 .5874E+00 .5362E+00 .9794E-02 .1781E+00
.1098E+04 .5763E+00 .4142E+00 .7386E-02 .2449E+00 .2376E+00 .4142E+00 .3932E-01 .4535E+00 .4142E+00 .7386E-02 .1376E+00
.1099E+04 .5896E+00 .4383E+00 .7823E-02 .2592E+00 .2514E+00 .4383E+00 .4162E-01 .4799E+00 .4383E+00 .7823E-02 .1456E+00
.1100E+04 .5931E+00 .3981E+00 .7029E-02 .2353E+00 .2283E+00 .3981E+00 .3769E-01 .4357E+00 .3981E+00 .7029E-02 .1322E+00
.1101E+04 .5852E+00 .4068E+00 .7190E-02 .2405E+00 .2333E+00 .4068E+00 .3853E-01 .4453E+00 .4068E+00 .7190E-02 .1351E+00
.1102E+04 .5776E+00 .3797E+00 .6668E-02 .2245E+00 .2178E+00 .3797E+00 .3591E-01 .4157E+00 .3797E+00 .6668E-02 .1262E+00
.1103E+04 .5889E+00 .3701E+00 .6463E-02 .2188E+00 .2123E+00 .3701E+00 .3498E-01 .4051E+00 .3701E+00 .6463E-02 .1231E+00
.1104E+04 .5869E+00 .3714E+00 .6477E-02 .2195E+00 .2130E+00 .3714E+00 .3511E-01 .4065E+00 .3714E+00 .6477E-02 .1236E+00
.1105E+04 .5867E+00 .4222E+00 .7428E-02 .2496E+00 .2422E+00 .4222E+00 .4001E-01 .4622E+00 .4222E+00 .7428E-02 .1405E+00
.1106E+04 .5849E+00 .2752E+00 .4674E-02 .1625E+00 .1578E+00 .2752E+00 .2583E-01 .3010E+00 .2752E+00 .4674E-02 .9160E-01
.1107E+04 .5828E+00 .3958E+00 .6901E-02 .2339E+00 .2270E+00 .3958E+00 .3742E-01 .4332E+00 .3958E+00 .6901E-02 .1317E+00
.1108E+04 .5831E+00 .3043E+00 .5186E-02 .1797E+00 .1746E+00 .3043E+00 .2859E-01 .3329E+00 .3043E+00 .5186E-02 .1013E+00
.1109E+04 .5825E+00 .3007E+00 .5111E-02 .1776E+00 .1725E+00 .3007E+00 .2824E-01 .3290E+00 .3007E+00 .5111E-02 .1001E+00
.1110E+04 .5827E+00 .3657E+00 .6299E-02 .2161E+00 .2098E+00 .3657E+00 .3446E-01 .4001E+00 .3657E+00 .6299E-02 .1217E+00
.1111E+04 .5782E+00 .2383E+00 .3971E-02 .1407E+00 .1367E+00 .2383E+00 .2226E-01 .2606E+00 .2383E+00 .3971E-02 .7932E-01
.1112E+04 .5743E+00 .2978E+00 .5033E-02 .1759E+00 .1708E+00 .2978E+00 .2792E-01 .3257E+00 .2978E+00 .5033E-02 .9911E-01
.1113E+04 .5729E+00 .1802E+00 .2939E-02 .1063E+00 .1033E+00 .1802E+00 .1674E-01 .1969E+00 .1802E+00 .2939E-02 .5996E-01
.1114E+04 .5779E+00 .2001E+00 .3277E-02 .1180E+00 .1148E+00 .2001E+00 .1861E-01 .2187E+00 .2001E+00 .3277E-02 .6658E-01
.1115E+04 .5732E+00 .1617E+00 .2611E-02 .9536E-01 .9274E-01 .1617E+00 .1498E-01 .1767E+00 .1617E+00 .2611E-02 .5381E-01
.1116E+04 .5736E+00 .1182E+00 .1874E-02 .6965E-01 .6778E-01 .1182E+00 .1090E-01 .1291E+00 .1182E+00 .1874E-02 .3933E-01
.1117E+04 .5761E+00 .3727E-01 .5657E-03 .2194E-01 .2138E-01 .3727E-01 .3402E-02 .4067E-01 .3727E-01 .5657E-03 .1240E-01
.1118E+04 .5707E+00 .1352E+00 .2152E-02 .7971E-01 .7756E-01 .1352E+00 .1249E-01 .1477E+00 .1352E+00 .2152E-02 .4500E-01
.1119E+04 .5629E+00 .5471E-01 .8371E-03 .3221E-01 .3138E-01 .5471E-01 .5003E-02 .5971E-01 .5471E-01 .8371E-03 .1821E-01
.1120E+04 .5630E+00 .6834E-01 .1053E-02 .4025E-01 .3920E-01 .6834E-01 .6261E-02 .7460E-01 .6834E-01 .1053E-02 .2274E-01
.1121E+04 .5667E+00 .9608E-01 .1498E-02 .5661E-01 .5511E-01 .9608E-01 .8827E-02 .1049E+00 .9608E-01 .1498E-02 .3197E-01
.1122E+04 .5689E+00 .3404E-01 .5115E-03 .2003E-01 .1952E-01 .3404E-01 .3099E-02 .3714E-01 .3404E-01 .5115E-03 .1133E-01
.1123E+04 .5680E+00 .6470E-01 .9885E-03 .3810E-01 .3711E-01 .6470E-01 .5915E-02 .7061E-01 .6470E-01 .9885E-03 .2153E-01
.1124E+04 .5640E+00 .5397E-01 .8179E-03 .3178E-01 .3096E-01 .5397E-01 .4925E-02 .5890E-01 .5397E-01 .8179E-03 .1796E-01
.1125E+04 .5485E+00 .7381E-01 .1130E-02 .4346E-01 .4233E-01 .7381E-01 .6751E-02 .8056E-01 .7381E-01 .1130E-02 .2456E-01
.1126E+04 .5539E+00 .1908E-01 .2813E-03 .1123E-01 .1094E-01 .1908E-01 .1730E-02 .2081E-01 .1908E-01 .2813E-03 .6349E-02
.1127E+04 .5584E+00 .8214E-01 .1258E-02 .4837E-01 .4712E-01 .8214E-01 .7514E-02 .8966E-01 .8214E-01 .1258E-02 .2733E-01
.1128E+04 .5562E+00 .4125E-01 .6164E-03 .2428E-01 .2366E-01 .4125E-01 .3751E-02 .4500E-01 .4125E-01 .6164E-03 .1372E-01
.1129E+04 .5501E+00 .4270E-01 .6378E-03 .2513E-01 .2449E-01 .4270E-01 .3883E-02 .4658E-01 .4270E-01 .6378E-03 .1420E-01
.1130E+04 .5512E+00 .3037E-01 .4480E-03 .1787E-01 .1742E-01 .3037E-01 .2753E-02 .3313E-01 .3037E-01 .4480E-03 .1010E-01
.1131E+04 .5540E+00 .1807E+00 .2856E-02 .1065E+00 .1036E+00 .1807E+00 .1666E-01 .1973E+00 .1807E+00 .2856E-02 .6009E-01
.1132E+04 .5542E+00 .1292E+00 .2001E-02 .7612E-01 .7412E-01 .1292E+00 .1185E-01 .1411E+00 .1292E+00 .2001E-02 .4298E-01
.1133E+04 .5451E+00 .6875E-01 .1035E-02 .4047E-01 .3943E-01 .6875E-01 .6263E-02 .7501E-01 .6875E-01 .1035E-02 .2287E-01
.1134E+04 .5505E+00 .1218E-01 .1755E-03 .7163E-02 .6987E-02 .1218E-01 .1098E-02 .1328E-01 .1218E-01 .1755E-03 .4052E-02
.1135E+04 .5507E+00 .6277E-02 .8918E-04 .3689E-02 .3600E-02 .6277E-02 .5641E-03 .6841E-02 .6277E-02 .8918E-04 .2088E-02
.1136E+04 .5514E+00 .5707E-01 .8488E-03 .3358E-01 .3274E-01 .5707E-01 .5184E-02 .6226E-01 .5707E-01 .8488E-03 .1898E-01
.1137E+04 .5458E+00 .1685E+00 .2626E-02 .9930E-01 .9668E-01 .1685E+00 .1548E-01 .1840E+00 .1685E+00 .2626E-02 .5604E-01
.1138E+04 .5387E+00 .1155E+00 .1760E-02 .6798E-01 .6622E-01 .1155E+00 .1055E-01 .1260E+00 .1155E+00 .1760E-02 .3839E-01
.1139E+04 .5406E+00 .2133E+00 .3358E-02 .1257E+00 .1224E+00 .2133E+00 .1965E-01 .2330E+00 .2133E+00 .3358E-02 .7093E-01
.1140E+04 .5363E+00 .1594E+00 .2462E-02 .9389E-01 .9142E-01 .1594E+00 .1461E-01 .1740E+00 .1594E+00 .2462E-02 .5300E-01
.1141E+04 .5371E+00 .1200E+00 .1823E-02 .7066E-01 .6884E-01 .1200E+00 .1096E-01 .1310E+00 .1200E+00 .1823E-02 .3991E-01
.1142E+04 .5392E+00 .1373E+00 .2096E-02 .8087E-01 .7877E-01 .1373E+00 .1255E-01 .1499E+00 .1373E+00 .2096E-02 .4567E-01
.1143E+04 .5405E+00 .2050E+00 .3196E-02 .1208E+00 .1176E+00 .2050E+00 .1884E-01 .2239E+00 .2050E+00 .3196E-02 .6817E-01
.1144E+04 .5355E+00 .6223E-01 .9134E-03 .3661E-01 .3570E-01 .6223E-01 .5636E-02 .6787E-01 .6223E-01 .9134E-03 .2069E-01
.1145E+04 .5399E+00 .7103E-01 .1047E-02 .4179E-01 .4074E-01 .7103E-01 .6440E-02 .7747E-01 .7103E-01 .1047E-02 .2362E-01
.1146E+04 .5437E+00 .7420E-01 .1094E-02 .4365E-01 .4256E-01 .7420E-01 .6726E-02 .8092E-01 .7420E-01 .1094E-02 .2467E-01
.1147E+04 .5422E+00 .1965E-01 .2789E-03 .1155E-01 .1127E-01 .1965E-01 .1765E-02 .2141E-01 .1965E-01 .2789E-03 .6532E-02
.1148E+04 .5387E+00 .1764E+00 .2698E-02 .1039E+00 .1012E+00 .1764E+00 .1613E-01 .1925E+00 .1764E+00 .2698E-02 .5863E-01
.1149E+04 .5377E+00 .1314E+00 .1974E-02 .7734E-01 .7537E-01 .1314E+00 .1197E-01 .1434E+00 .1314E+00 .1974E-02 .4368E-01
.1150E+04 .5362E+00 .7019E-01 .1023E-02 .4128E-01 .4026E-01 .7019E-01 .6346E-02 .7654E-01 .7019E-01 .1023E-02 .2333E-01
.1151E+04 .5358E+00 .1114E+00 .1654E-02 .6553E-01 .6387E-01 .1114E+00 .1011E-01 .1215E+00 .1114E+00 .1654E-02 .3702E-01
.1152E+04 .5314E+00 .1560E+00 .2355E-02 .9185E-01 .8950E-01 .1560E+00 .1422E-01 .1703E+00 .1560E+00 .2355E-02 .5186E-01
.1153E+04 .5345E+00 .1581E+00 .2380E-02 .9303E-01 .9065E-01 .1581E+00 .1440E-01 .1725E+00 .1581E+00 .2380E-02 .5253E-01
.1154E+04 .5355E+00 .5986E-01 .8622E-03 .3519E-01 .3433E-01 .5986E-01 .5397E-02 .6525E-01 .5986E-01 .8622E-03 .1989E-01
.1155E+04 .5325E+00 .2119E+00 .3239E-02 .1248E+00 .1216E+00 .2119E+00 .1938E-01 .2313E+00 .2119E+00 .3239E-02 .7043E-01
.1156E+04 .5307E+00 .1826E+00 .2760E-02 .1075E+00 .1047E+00 .1826E+00 .1665E-01 .1992E+00 .1826E+00 .2760E-02 .6068E-01
.1157E+04 .5308E+00 .2192E+00 .3343E-02 .1291E+00 .1257E+00 .2192E+00 .2003E-01 .2392E+00 .2192E+00 .3343E-02 .7283E-01
.1158E+04 .5294E+00 .2114E+00 .3212E-02 .1245E+00 .1213E+00 .2114E+00 .1930E-01 .2307E+00 .2114E+00 .3212E-02 .7025E-01
.1159E+04 .5172E+00 .2365E+00 .3619E-02 .1393E+00 .1356E+00 .2365E+00 .2163E-01 .2581E+00 .2365E+00 .3619E-02 .7858E-01
.1160E+04 .5185E+00 .1959E+00 .2954E-02 .1153E+00 .1124E+00 .1959E+00 .1786E-01 .2138E+00 .1959E+00 .2954E-02 .6509E-01
.1161E+04 .5087E+00 .2345E+00 .3577E-02 .1381E+00 .1345E+00 .2345E+00 .2144E-01 .2560E+00 .2345E+00 .3577E-02 .7792E-01
.1162E+04 .5223E+00 .2394E+00 .3642E-02 .1409E+00 .1373E+00 .2394E+00 .2186E-01 .2612E+00 .2394E+00 .3642E-02 .7949E-01
.1163E+04 .5219E+00 .3832E+00 .6032E-02 .2258E+00 .2198E+00 .3832E+00 .3526E-01 .4184E+00 .3832E+00 .6032E-02 .1271E+00
.1164E+04 .5150E+00 .2919E+00 .4492E-02 .1719E+00 .1674E+00 .2919E+00 .2669E-01 .3186E+00 .2919E+00 .4492E-02 .9677E-01
.1165E+04 .5178E+00 .2758E+00 .4216E-02 .1624E+00 .1582E+00 .2758E+00 .2518E-01 .3009E+00 .2758E+00 .4216E-02 .9141E-01
.1166E+04 .5137E+00 .2672E+00 .4070E-02 .1573E+00 .1533E+00 .2672E+00 .2437E-01 .2916E+00 .2672E+00 .4070E-02 .8857E-01
.1167E+04 .5172E+00 .3062E+00 .4701E-02 .1803E+00 .1756E+00 .3062E+00 .2799E-01 .3342E+00 .3062E+00 .4701E-02 .1015E+00
.1168E+04 .5180E+00 .3215E+00 .4944E-02 .1893E+00 .1844E+00 .3215E+00 .2939E-01 .3509E+00 .3215E+00 .4944E-02 .1065E+00
.1169E+04 .5068E+00 .3307E+00 .5097E-02 .1948E+00 .1897E+00 .3307E+00 .3025E-01 .3609E+00 .3307E+00 .5097E-02 .1096E+00
.1170E+04 .5163E+00 .3760E+00 .5836E-02 .2215E+00 .2157E+00 .3760E+00 .3443E-01 .4104E+00 .3760E+00 .5836E-02 .1245E+00
.1171E+04 .5178E+00 .3692E+00 .5708E-02 .2175E+00 .2118E+00 .3692E+00 .3375E-01 .4029E+00 .3692E+00 .5708E-02 .1221E+00
.1172E+04 .5164E+00 .3796E+00 .5872E-02 .2236E+00 .2177E+00 .3796E+00 .3470E-01 .4143E+00 .3796E+00 .5872E-02 .1255E+00
.1173E+04 .5159E+00 .3781E+00 .5838E-02 .2227E+00 .2169E+00 .3781E+00 .3455E-01 .4127E+00 .3781E+00 .5838E-02 .1250E+00
.1174E+04 .5135E+00 .2399E+00 .3570E-02 .1412E+00 .1376E+00 .2399E+00 .2172E-01 .2616E+00 .2399E+00 .3570E-02 .7931E-01
.1175E+04 .4991E+00 .3805E+00 .5870E-02 .2241E+00 .2182E+00 .3805E+00 .3473E-01 .4152E+00 .3805E+00 .5870E-02 .1257E+00
.1176E+04 .5075E+00 .4327E+00 .6728E-02 .2549E+00 .2482E+00 .4327E+00 .3955E-01 .4723E+00 .4327E+00 .6728E-02 .1428E+00
.1177E+04 .5074E+00 .4050E+00 .6249E-02 .2386E+00 .2323E+00 .4050E+00 .3694E-01 .4420E+00 .4050E+00 .6249E-02 .1336E+00
.1178E+04 .5015E+00 .2846E+00 .4262E-02 .1675E+00 .1632E+00 .2846E+00 .2577E-01 .3104E+00 .2846E+00 .4262E-02 .9388E-01
.1179E+04 .5088E+00 .4423E+00 .6849E-02 .2605E+00 .2537E+00 .4423E+00 .4037E-01 .4826E+00 .4423E+00 .6849E-02 .1459E+00
.1180E+04 .5100E+00 .3721E+00 .5666E-02 .2191E+00 .2135E+00 .3721E+00 .3381E-01 .4060E+00 .3721E+00 .5666E-02 .1227E+00
.1181E+04 .5064E+00 .3856E+00 .5880E-02 .2270E+00 .2212E+00 .3856E+00 .3501E-01 .4206E+00 .3856E+00 .5880E-02 .1270E+00
.1182E+04 .5003E+00 .2512E+00 .3701E-02 .1478E+00 .1441E+00 .2512E+00 .2262E-01 .2739E+00 .2512E+00 .3701E-02 .8268E-01
.1183E+04 .4858E+00 .3829E+00 .5834E-02 .2254E+00 .2196E+00 .3829E+00 .3475E-01 .4176E+00 .3829E+00 .5834E-02 .1260E+00
.1184E+04 .5001E+00 .3541E+00 .5337E-02 .2084E+00 .2031E+00 .3541E+00 .3206E-01 .3862E+00 .3541E+00 .5337E-02 .1165E+00
.1185E+04 .5046E+00 .3318E+00 .4962E-02 .1953E+00 .1903E+00 .3318E+00 .2998E-01 .3618E+00 .3318E+00 .4962E-02 .1092E+00
.1186E+04 .5035E+00 .4188E+00 .6376E-02 .2466E+00 .2402E+00 .4188E+00 .3801E-01 .4568E+00 .4188E+00 .6376E-02 .1378E+00
.1187E+04 .5034E+00 .3911E+00 .5909E-02 .2302E+00 .2243E+00 .3911E+00 .3543E-01 .4265E+00 .3911E+00 .5909E-02 .1287E+00
.1188E+04 .4850E+00 .2439E+00 .3556E-02 .1434E+00 .1399E+00 .2439E+00 .2191E-01 .2658E+00 .2439E+00 .3556E-02 .8026E-01
.1189E+04 .4842E+00 .3616E+00 .5424E-02 .2128E+00 .2074E+00 .3616E+00 .3270E-01 .3943E+00 .3616E+00 .5424E-02 .1190E+00
.1190E+04 .4983E+00 .4115E+00 .6215E-02 .2422E+00 .2360E+00 .4115E+00 .3727E-01 .4488E+00 .4115E+00 .6215E-02 .1354E+00
.1191E+04 .5014E+00 .3708E+00 .5540E-02 .2182E+00 .2127E+00 .3708E+00 .3350E-01 .4043E+00 .3708E+00 .5540E-02 .1220E+00
.1192E+04 .4989E+00 .4199E+00 .6331E-02 .2472E+00 .2409E+00 .4199E+00 .3803E-01 .4580E+00 .4199E+00 .6331E-02 .1382E+00
.1193E+04 .4984E+00 .3957E+00 .5925E-02 .2329E+00 .2270E+00 .3957E+00 .3580E-01 .4315E+00 .3957E+00 .5925E-02 .1304E+00
.1194E+04 .4975E+00 .4141E+00 .6217E-02 .2438E+00 .2375E+00 .4141E+00 .3752E-01 .4517E+00 .4141E+00 .6217E-02 .1365E+00
.1195E+04 .4914E+00 .3762E+00 .5599E-02 .2214E+00 .2158E+00 .3762E+00 .3404E-01 .4103E+00 .3762E+00 .5599E-02 .1242E+00
.1196E+04 .4919E+00 .3559E+00 .5262E-02 .2094E+00 .2041E+00 .3559E+00 .3218E-01 .3881E+00 .3559E+00 .5262E-02 .1176E+00
.1197E+04 .4798E+00 .4187E+00 .6282E-02 .2465E+00 .2402E+00 .4187E+00 .3803E-01 .4568E+00 .4187E+00 .6282E-02 .1385E+00
.1198E+04 .4745E+00 .3749E+00 .5566E-02 .2206E+00 .2150E+00 .3749E+00 .3401E-01 .4089E+00 .3749E+00 .5566E-02 .1242E+00
.1199E+04 .4694E+00 .2969E+00 .4323E-02 .1746E+00 .1703E+00 .2969E+00 .2685E-01 .3238E+00 .2969E+00 .4323E-02 .9854E-01
.1200E+04 .4889E+00 .3916E+00 .5803E-02 .2304E+00 .2246E+00 .3916E+00 .3558E-01 .4272E+00 .3916E+00 .5803E-02 .1301E+00
.1201E+04 .4910E+00 .3682E+00 .5418E-02 .2166E+00 .2112E+00 .3682E+00 .3343E-01 .4017E+00 .3682E+00 .5418E-02 .1224E+00
.1202E+04 .4883E+00 .3743E+00 .5508E-02 .2202E+00 .2147E+00 .3743E+00 .3402E-01 .4084E+00 .3743E+00 .5508E-02 .1247E+00
.1203E+04 .4679E+00 .3626E+00 .5334E-02 .2133E+00 .2080E+00 .3626E+00 .3300E-01 .3956E+00 .3626E+00 .5334E-02 .1209E+00
.1204E+04 .4791E+00 .3015E+00 .4353E-02 .1773E+00 .1729E+00 .3015E+00 .2736E-01 .3289E+00 .3015E+00 .4353E-02 .1008E+00
.1205E+04 .4848E+00 .3822E+00 .5613E-02 .2248E+00 .2192E+00 .3822E+00 .3487E-01 .4171E+00 .3822E+00 .5613E-02 .1280E+00
.1206E+04 .4854E+00 .4362E+00 .6473E-02 .2567E+00 .2502E+00 .4362E+00 .3996E-01 .4762E+00 .4362E+00 .6473E-02 .1463E+00
.1207E+04 .4845E+00 .3640E+00 .5309E-02 .2141E+00 .2088E+00 .3640E+00 .3324E-01 .3973E+00 .3640E+00 .5309E-02 .1222E+00
.1208E+04 .4598E+00 .3632E+00 .5311E-02 .2137E+00 .2083E+00 .3632E+00 .3321E-01 .3964E+00 .3632E+00 .5311E-02 .1221E+00
.1209E+04 .4690E+00 .3737E+00 .5459E-02 .2198E+00 .2143E+00 .3737E+00 .3418E-01 .4079E+00 .3737E+00 .5459E-02 .1257E+00
.1210E+04 .4716E+00 .3969E+00 .5817E-02 .2335E+00 .2276E+00 .3969E+00 .3636E-01 .4332E+00 .3969E+00 .5817E-02 .1336E+00
.1211E+04 .4733E+00 .3715E+00 .5402E-02 .2185E+00 .2131E+00 .3715E+00 .3400E-01 .4055E+00 .3715E+00 .5402E-02 .1252E+00
.1212E+04 .4790E+00 .3522E+00 .5086E-02 .2071E+00 .2020E+00 .3522E+00 .3220E-01 .3844E+00 .3522E+00 .5086E-02 .1188E+00
.1213E+04 .4784E+00 .4196E+00 .6143E-02 .2468E+00 .2407E+00 .4196E+00 .3851E-01 .4581E+00 .4196E+00 .6143E-02 .1416E+00
.1214E+04 .4785E+00 .3660E+00 .5286E-02 .2152E+00 .2099E+00 .3660E+00 .3350E-01 .3995E+00 .3660E+00 .5286E-02 .1236E+00
.1215E+04 .4783E+00 .3581E+00 .5153E-02 .2105E+00 .2054E+00 .3581E+00 .3275E-01 .3908E+00 .3581E+00 .5153E-02 .1209E+00
.1216E+04 .4775E+00 .4199E+00 .6117E-02 .2470E+00 .2409E+00 .4199E+00 .3851E-01 .4584E+00 .4199E+00 .6117E-02 .1418E+00
.1217E+04 .4762E+00 .4050E+00 .5871E-02 .2382E+00 .2323E+00 .4050E+00 .3710E-01 .4421E+00 .4050E+00 .5871E-02 .1367E+00
.1218E+04 .4744E+00 .4119E+00 .5973E-02 .2422E+00 .2363E+00 .4119E+00 .3774E-01 .4496E+00 .4119E+00 .5973E-02 .1391E+00
.1219E+04 .4724E+00 .3998E+00 .5774E-02 .2351E+00 .2293E+00 .3998E+00 .3660E-01 .4364E+00 .3998E+00 .5774E-02 .1350E+00
.1220E+04 .4738E+00 .4143E+00 .5989E-02 .2436E+00 .2376E+00 .4143E+00 .3793E-01 .4522E+00 .4143E+00 .5989E-02 .1399E+00
.1221E+04 .4719E+00 .4225E+00 .6110E-02 .2484E+00 .2423E+00 .4225E+00 .3868E-01 .4612E+00 .4225E+00 .6110E-02 .1426E+00
.1222E+04 .4701E+00 .4092E+00 .5893E-02 .2406E+00 .2347E+00 .4092E+00 .3743E-01 .4467E+00 .4092E+00 .5893E-02 .1382E+00
.1223E+04 .4686E+00 .4022E+00 .5774E-02 .2365E+00 .2307E+00 .4022E+00 .3677E-01 .4390E+00 .4022E+00 .5774E-02 .1358E+00
.1224E+04 .4699E+00 .3948E+00 .5649E-02 .2321E+00 .2265E+00 .3948E+00 .3606E-01 .4309E+00 .3948E+00 .5649E-02 .1333E+00
.1225E+04 .4684E+00 .4194E+00 .6024E-02 .2466E+00 .2406E+00 .4194E+00 .3835E-01 .4578E+00 .4194E+00 .6024E-02 .1416E+00
.1226E+04 .4663E+00 .4270E+00 .6135E-02 .2511E+00 .2449E+00 .4270E+00 .3904E-01 .4660E+00 .4270E+00 .6135E-02 .1441E+00
.1227E+04 .4570E+00 .3801E+00 .5404E-02 .2234E+00 .2180E+00 .3801E+00 .3467E-01 .4148E+00 .3801E+00 .5404E-02 .1283E+00
.1228E+04 .4645E+00 .4315E+00 .6186E-02 .2537E+00 .2475E+00 .4315E+00 .3943E-01 .4710E+00 .4315E+00 .6186E-02 .1457E+00
.1229E+04 .4654E+00 .4281E+00 .6121E-02 .2517E+00 .2456E+00 .4281E+00 .3910E-01 .4672E+00 .4281E+00 .6121E-02 .1445E+00
.1230E+04 .4629E+00 .4181E+00 .5958E-02 .2458E+00 .2398E+00 .4181E+00 .3816E-01 .4563E+00 .4181E+00 .5958E-02 .1411E+00
.1231E+04 .4614E+00 .4398E+00 .6287E-02 .2586E+00 .2523E+00 .4398E+00 .4017E-01 .4800E+00 .4398E+00 .6287E-02 .1485E+00
.1232E+04 .4592E+00 .4370E+00 .6234E-02 .2569E+00 .2506E+00 .4370E+00 .3989E-01 .4769E+00 .4370E+00 .6234E-02 .1475E+00
.1233E+04 .4601E+00 .4091E+00 .5791E-02 .2405E+00 .2347E+00 .4091E+00 .3728E-01 .4464E+00 .4091E+00 .5791E-02 .1381E+00
.1234E+04 .4577E+00 .4423E+00 .6298E-02 .2600E+00 .2537E+00 .4423E+00 .4036E-01 .4827E+00 .4423E+00 .6298E-02 .1493E+00
.1235E+04 .4572E+00 .4373E+00 .6210E-02 .2571E+00 .2509E+00 .4373E+00 .3988E-01 .4772E+00 .4373E+00 .6210E-02 .1476E+00
.1236E+04 .4586E+00 .4426E+00 .6279E-02 .2602E+00 .2539E+00 .4426E+00 .4035E-01 .4830E+00 .4426E+00 .6279E-02 .1494E+00
.1237E+04 .4580E+00 .4317E+00 .6100E-02 .2537E+00 .2476E+00 .4317E+00 .3932E-01 .4710E+00 .4317E+00 .6100E-02 .1457E+00
.1238E+04 .4570E+00 .4415E+00 .6242E-02 .2595E+00 .2532E+00 .4415E+00 .4022E-01 .4817E+00 .4415E+00 .6242E-02 .1490E+00
.1239E+04 .4513E+00 .4358E+00 .6150E-02 .2561E+00 .2499E+00 .4358E+00 .3968E-01 .4754E+00 .4358E+00 .6150E-02 .1470E+00
.1240E+04 .4522E+00 .4384E+00 .6179E-02 .2576E+00 .2514E+00 .4384E+00 .3991E-01 .4783E+00 .4384E+00 .6179E-02 .1479E+00
.1241E+04 .4541E+00 .4333E+00 .6088E-02 .2546E+00 .2485E+00 .4333E+00 .3942E-01 .4727E+00 .4333E+00 .6088E-02 .1462E+00
.1242E+04 .4495E+00 .4353E+00 .6113E-02 .2558E+00 .2497E+00 .4353E+00 .3958E-01 .4749E+00 .4353E+00 .6113E-02 .1468E+00
.1243E+04 .4456E+00 .4323E+00 .6060E-02 .2540E+00 .2480E+00 .4323E+00 .3926E-01 .4716E+00 .4323E+00 .6060E-02 .1457E+00
.1244E+04 .4500E+00 .4346E+00 .6079E-02 .2554E+00 .2493E+00 .4346E+00 .3944E-01 .4740E+00 .4346E+00 .6079E-02 .1464E+00
.1245E+04 .4512E+00 .4374E+00 .6109E-02 .2570E+00 .2509E+00 .4374E+00 .3968E-01 .4771E+00 .4374E+00 .6109E-02 .1473E+00
.1246E+04 .4484E+00 .4349E+00 .6065E-02 .2555E+00 .2494E+00 .4349E+00 .3944E-01 .4743E+00 .4349E+00 .6065E-02 .1464E+00
.1247E+04 .4478E+00 .4330E+00 .6026E-02 .2544E+00 .2483E+00 .4330E+00 .3924E-01 .4722E+00 .4330E+00 .6026E-02 .1458E+00
.1248E+04 .4496E+00 .4315E+00 .5990E-02 .2535E+00 .2475E+00 .4315E+00 .3909E-01 .4705E+00 .4315E+00 .5990E-02 .1453E+00
.1249E+04 .4491E+00 .4345E+00 .6027E-02 .2553E+00 .2492E+00 .4345E+00 .3935E-01 .4739E+00 .4345E+00 .6027E-02 .1463E+00
.1250E+04 .4476E+00 .4320E+00 .5980E-02 .2537E+00 .2478E+00 .4320E+00 .3911E-01 .4711E+00 .4320E+00 .5980E-02 .1454E+00
.1251E+04 .4444E+00 .4270E+00 .5899E-02 .2508E+00 .2449E+00 .4270E+00 .3864E-01 .4657E+00 .4270E+00 .5899E-02 .1438E+00
.1252E+04 .4413E+00 .4261E+00 .5879E-02 .2503E+00 .2444E+00 .4261E+00 .3855E-01 .4647E+00 .4261E+00 .5879E-02 .1435E+00
.1253E+04 .4435E+00 .4243E+00 .5839E-02 .2492E+00 .2434E+00 .4243E+00 .3837E-01 .4627E+00 .4243E+00 .5839E-02 .1429E+00
.1254E+04 .4436E+00 .4187E+00 .5746E-02 .2459E+00 .2402E+00 .4187E+00 .3784E-01 .4565E+00 .4187E+00 .5746E-02 .1410E+00
.1255E+04 .4424E+00 .4255E+00 .5838E-02 .2499E+00 .2440E+00 .4255E+00 .3845E-01 .4639E+00 .4255E+00 .5838E-02 .1433E+00
.1256E+04 .4407E+00 .4163E+00 .5694E-02 .2445E+00 .2388E+00 .4163E+00 .3760E-01 .4539E+00 .4163E+00 .5694E-02 .1402E+00
.1257E+04 .4405E+00 .4149E+00 .5663E-02 .2436E+00 .2380E+00 .4149E+00 .3745E-01 .4523E+00 .4149E+00 .5663E-02 .1397E+00
.1258E+04 .4401E+00 .4197E+00 .5725E-02 .2464E+00 .2407E+00 .4197E+00 .3788E-01 .4575E+00 .4197E+00 .5725E-02 .1413E+00
.1259E+04 .4411E+00 .4090E+00 .5557E-02 .2402E+00 .2346E+00 .4090E+00 .3689E-01 .4459E+00 .4090E+00 .5557E-02 .1377E+00
.1260E+04 .4413E+00 .4097E+00 .5557E-02 .2405E+00 .2350E+00 .4097E+00 .3696E-01 .4466E+00 .4097E+00 .5557E-02 .1381E+00
.1261E+04 .4388E+00 .3908E+00 .5274E-02 .2294E+00 .2242E+00 .3908E+00 .3524E-01 .4260E+00 .3908E+00 .5274E-02 .1318E+00
.1262E+04 .4378E+00 .3825E+00 .5145E-02 .2245E+00 .2194E+00 .3825E+00 .3449E-01 .4169E+00 .3825E+00 .5145E-02 .1291E+00
.1263E+04 .4394E+00 .3818E+00 .5126E-02 .2241E+00 .2190E+00 .3818E+00 .3444E-01 .4163E+00 .3818E+00 .5126E-02 .1290E+00
.1264E+04 .4352E+00 .3576E+00 .4770E-02 .2099E+00 .2051E+00 .3576E+00 .3224E-01 .3898E+00 .3576E+00 .4770E-02 .1209E+00
.1265E+04 .4360E+00 .3807E+00 .5097E-02 .2235E+00 .2184E+00 .3807E+00 .3437E-01 .4151E+00 .3807E+00 .5097E-02 .1289E+00
.1266E+04 .4368E+00 .3698E+00 .4931E-02 .2171E+00 .2121E+00 .3698E+00 .3338E-01 .4032E+00 .3698E+00 .4931E-02 .1253E+00
.1267E+04 .4325E+00 .3720E+00 .4959E-02 .2183E+00 .2134E+00 .3720E+00 .3358E-01 .4056E+00 .3720E+00 .4959E-02 .1260E+00
.1268E+04 .4295E+00 .3572E+00 .4740E-02 .2096E+00 .2049E+00 .3572E+00 .3222E-01 .3894E+00 .3572E+00 .4740E-02 .1210E+00
.1269E+04 .4340E+00 .2445E+00 .3140E-02 .1434E+00 .1402E+00 .2445E+00 .2192E-01 .2664E+00 .2445E+00 .3140E-02 .8292E-01
.1270E+04 .4355E+00 .3731E+00 .4950E-02 .2189E+00 .2140E+00 .3731E+00 .3375E-01 .4068E+00 .3731E+00 .4950E-02 .1269E+00
.1271E+04 .4344E+00 .3872E+00 .5149E-02 .2272E+00 .2221E+00 .3872E+00 .3511E-01 .4223E+00 .3872E+00 .5149E-02 .1320E+00
.1272E+04 .4333E+00 .3886E+00 .5163E-02 .2281E+00 .2229E+00 .3886E+00 .3524E-01 .4239E+00 .3886E+00 .5163E-02 .1325E+00
.1273E+04 .4313E+00 .3854E+00 .5110E-02 .2262E+00 .2211E+00 .3854E+00 .3494E-01 .4204E+00 .3854E+00 .5110E-02 .1314E+00
.1274E+04 .4296E+00 .3841E+00 .5085E-02 .2254E+00 .2203E+00 .3841E+00 .3481E-01 .4189E+00 .3841E+00 .5085E-02 .1310E+00
.1275E+04 .4313E+00 .3919E+00 .5187E-02 .2300E+00 .2248E+00 .3919E+00 .3551E-01 .4275E+00 .3919E+00 .5187E-02 .1336E+00
.1276E+04 .4312E+00 .3931E+00 .5196E-02 .2307E+00 .2255E+00 .3931E+00 .3561E-01 .4288E+00 .3931E+00 .5196E-02 .1340E+00
.1277E+04 .4301E+00 .3901E+00 .5144E-02 .2289E+00 .2237E+00 .3901E+00 .3529E-01 .4254E+00 .3901E+00 .5144E-02 .1329E+00
.1278E+04 .4282E+00 .4027E+00 .5318E-02 .2363E+00 .2310E+00 .4027E+00 .3642E-01 .4391E+00 .4027E+00 .5318E-02 .1371E+00
.1279E+04 .4248E+00 .3936E+00 .5182E-02 .2309E+00 .2258E+00 .3936E+00 .3557E-01 .4292E+00 .3936E+00 .5182E-02 .1339E+00
.1280E+04 .4194E+00 .3869E+00 .5084E-02 .2270E+00 .2219E+00 .3869E+00 .3495E-01 .4219E+00 .3869E+00 .5084E-02 .1316E+00
.1281E+04 .3961E+00 .3692E+00 .4847E-02 .2166E+00 .2117E+00 .3692E+00 .3334E-01 .4025E+00 .3692E+00 .4847E-02 .1256E+00
.1282E+04 .3751E+00 .3591E+00 .4719E-02 .2107E+00 .2060E+00 .3591E+00 .3244E-01 .3916E+00 .3591E+00 .4719E-02 .1222E+00
.1283E+04 .4054E+00 .3861E+00 .5062E-02 .2265E+00 .2214E+00 .3861E+00 .3485E-01 .4209E+00 .3861E+00 .5062E-02 .1313E+00
.1284E+04 .4167E+00 .3902E+00 .5101E-02 .2289E+00 .2238E+00 .3902E+00 .3521E-01 .4254E+00 .3902E+00 .5101E-02 .1327E+00
.1285E+04 .4185E+00 .3952E+00 .5161E-02 .2319E+00 .2267E+00 .3952E+00 .3565E-01 .4309E+00 .3952E+00 .5161E-02 .1344E+00
.1286E+04 .4202E+00 .4006E+00 .5227E-02 .2350E+00 .2298E+00 .4006E+00 .3613E-01 .4367E+00 .4006E+00 .5227E-02 .1363E+00
.1287E+04 .4211E+00 .3891E+00 .5054E-02 .2282E+00 .2232E+00 .3891E+00 .3506E-01 .4241E+00 .3891E+00 .5054E-02 .1323E+00
.1288E+04 .4195E+00 .3892E+00 .5049E-02 .2283E+00 .2232E+00 .3892E+00 .3506E-01 .4242E+00 .3892E+00 .5049E-02 .1324E+00
.1289E+04 .4195E+00 .3698E+00 .4767E-02 .2169E+00 .2121E+00 .3698E+00 .3326E-01 .4030E+00 .3698E+00 .4767E-02 .1257E+00
.1290E+04 .4142E+00 .3851E+00 .4980E-02 .2259E+00 .2209E+00 .3851E+00 .3464E-01 .4198E+00 .3851E+00 .4980E-02 .1308E+00
.1291E+04 .4175E+00 .3933E+00 .5083E-02 .2307E+00 .2256E+00 .3933E+00 .3534E-01 .4287E+00 .3933E+00 .5083E-02 .1335E+00
.1292E+04 .4193E+00 .3519E+00 .4495E-02 .2064E+00 .2019E+00 .3519E+00 .3154E-01 .3835E+00 .3519E+00 .4495E-02 .1194E+00
.1293E+04 .4169E+00 .3786E+00 .4860E-02 .2220E+00 .2171E+00 .3786E+00 .3397E-01 .4125E+00 .3786E+00 .4860E-02 .1284E+00
.1294E+04 .4160E+00 .3723E+00 .4767E-02 .2183E+00 .2136E+00 .3723E+00 .3339E-01 .4057E+00 .3723E+00 .4767E-02 .1263E+00
.1295E+04 .4177E+00 .3709E+00 .4737E-02 .2175E+00 .2127E+00 .3709E+00 .3324E-01 .4041E+00 .3709E+00 .4737E-02 .1258E+00
.1296E+04 .4178E+00 .3421E+00 .4332E-02 .2005E+00 .1962E+00 .3421E+00 .3061E-01 .3727E+00 .3421E+00 .4332E-02 .1161E+00
.1297E+04 .4141E+00 .3163E+00 .3975E-02 .1854E+00 .1814E+00 .3163E+00 .2825E-01 .3445E+00 .3163E+00 .3975E-02 .1073E+00
.1298E+04 .4136E+00 .3595E+00 .4561E-02 .2108E+00 .2062E+00 .3595E+00 .3218E-01 .3917E+00 .3595E+00 .4561E-02 .1220E+00
.1299E+04 .4157E+00 .3830E+00 .4876E-02 .2245E+00 .2197E+00 .3830E+00 .3430E-01 .4173E+00 .3830E+00 .4876E-02 .1299E+00
.1300E+04 .4141E+00 .2971E+00 .3696E-02 .1741E+00 .1704E+00 .2971E+00 .2648E-01 .3236E+00 .2971E+00 .3696E-02 .1008E+00
.1301E+04 .4116E+00 .3034E+00 .3778E-02 .1778E+00 .1740E+00 .3034E+00 .2705E-01 .3305E+00 .3034E+00 .3778E-02 .1029E+00
.1302E+04 .4097E+00 .3581E+00 .4516E-02 .2099E+00 .2054E+00 .3581E+00 .3201E-01 .3901E+00 .3581E+00 .4516E-02 .1215E+00
.1303E+04 .4066E+00 .2905E+00 .3596E-02 .1702E+00 .1666E+00 .2905E+00 .2587E-01 .3164E+00 .2905E+00 .3596E-02 .9856E-01
.1304E+04 .4079E+00 .2306E+00 .2800E-02 .1351E+00 .1323E+00 .2306E+00 .2046E-01 .2511E+00 .2306E+00 .2800E-02 .7825E-01
.1305E+04 .4101E+00 .3468E+00 .4340E-02 .2032E+00 .1989E+00 .3468E+00 .3095E-01 .3777E+00 .3468E+00 .4340E-02 .1176E+00
.1306E+04 .4099E+00 .3454E+00 .4315E-02 .2024E+00 .1981E+00 .3454E+00 .3082E-01 .3762E+00 .3454E+00 .4315E-02 .1172E+00
.1307E+04 .4076E+00 .2336E+00 .2825E-02 .1368E+00 .1340E+00 .2336E+00 .2070E-01 .2543E+00 .2336E+00 .2825E-02 .7919E-01
.1308E+04 .4071E+00 .3062E+00 .3775E-02 .1794E+00 .1756E+00 .3062E+00 .2722E-01 .3335E+00 .3062E+00 .3775E-02 .1037E+00
.1309E+04 .4068E+00 .3416E+00 .4244E-02 .2002E+00 .1959E+00 .3416E+00 .3040E-01 .3720E+00 .3416E+00 .4244E-02 .1156E+00
.1310E+04 .4042E+00 .2377E+00 .2866E-02 .1392E+00 .1363E+00 .2377E+00 .2102E-01 .2587E+00 .2377E+00 .2866E-02 .8047E-01
.1311E+04 .4040E+00 .2819E+00 .3437E-02 .1651E+00 .1617E+00 .2819E+00 .2499E-01 .3069E+00 .2819E+00 .3437E-02 .9543E-01
.1312E+04 .3931E+00 .2740E+00 .3335E-02 .1605E+00 .1571E+00 .2740E+00 .2427E-01 .2982E+00 .2740E+00 .3335E-02 .9268E-01
.1313E+04 .3965E+00 .2562E+00 .3096E-02 .1501E+00 .1470E+00 .2562E+00 .2265E-01 .2789E+00 .2562E+00 .3096E-02 .8660E-01
.1314E+04 .3999E+00 .2314E+00 .2768E-02 .1355E+00 .1327E+00 .2314E+00 .2040E-01 .2518E+00 .2314E+00 .2768E-02 .7816E-01
.1315E+04 .3881E+00 .2055E+00 .2440E-02 .1203E+00 .1179E+00 .2055E+00 .1809E-01 .2236E+00 .2055E+00 .2440E-02 .6942E-01
.1316E+04 .3974E+00 .2702E+00 .3262E-02 .1583E+00 .1550E+00 .2702E+00 .2387E-01 .2941E+00 .2702E+00 .3262E-02 .9128E-01
.1317E+04 .3992E+00 .2603E+00 .3127E-02 .1525E+00 .1493E+00 .2603E+00 .2297E-01 .2833E+00 .2603E+00 .3127E-02 .8794E-01
.1318E+04 .3975E+00 .2914E+00 .3528E-02 .1707E+00 .1672E+00 .2914E+00 .2575E-01 .3172E+00 .2914E+00 .3528E-02 .9843E-01
.1319E+04 .4003E+00 .1924E+00 .2254E-02 .1126E+00 .1103E+00 .1924E+00 .1689E-01 .2093E+00 .1924E+00 .2254E-02 .6495E-01
.1320E+04 .3983E+00 .2098E+00 .2469E-02 .1228E+00 .1204E+00 .2098E+00 .1842E-01 .2283E+00 .2098E+00 .2469E-02 .7078E-01
.1321E+04 .3960E+00 .2421E+00 .2876E-02 .1418E+00 .1389E+00 .2421E+00 .2128E-01 .2634E+00 .2421E+00 .2876E-02 .8159E-01
.1322E+04 .3968E+00 .2362E+00 .2795E-02 .1383E+00 .1355E+00 .2362E+00 .2073E-01 .2569E+00 .2362E+00 .2795E-02 .7952E-01
.1323E+04 .3964E+00 .1699E+00 .1963E-02 .9942E-01 .9746E-01 .1699E+00 .1483E-01 .1847E+00 .1699E+00 .1963E-02 .5716E-01
.1324E+04 .3967E+00 .1917E+00 .2228E-02 .1122E+00 .1099E+00 .1917E+00 .1674E-01 .2084E+00 .1917E+00 .2228E-02 .6444E-01
.1325E+04 .3949E+00 .2692E+00 .3203E-02 .1576E+00 .1544E+00 .2692E+00 .2362E-01 .2928E+00 .2692E+00 .3203E-02 .9051E-01
.1326E+04 .3926E+00 .2141E+00 .2502E-02 .1253E+00 .1228E+00 .2141E+00 .1872E-01 .2329E+00 .2141E+00 .2502E-02 .7200E-01
.1327E+04 .3922E+00 .2023E+00 .2351E-02 .1184E+00 .1160E+00 .2023E+00 .1766E-01 .2200E+00 .2023E+00 .2351E-02 .6797E-01
.1328E+04 .3886E+00 .1770E+00 .2036E-02 .1035E+00 .1015E+00 .1770E+00 .1541E-01 .1924E+00 .1770E+00 .2036E-02 .5939E-01
.1329E+04 .3839E+00 .1220E+00 .1372E-02 .7135E-01 .6998E-01 .1220E+00 .1057E-01 .1326E+00 .1220E+00 .1372E-02 .4091E-01
.1330E+04 .3896E+00 .1582E+00 .1802E-02 .9254E-01 .9073E-01 .1582E+00 .1373E-01 .1719E+00 .1582E+00 .1802E-02 .5300E-01
.1331E+04 .3886E+00 .8132E-01 .8932E-03 .4754E-01 .4664E-01 .8132E-01 .7004E-02 .8832E-01 .8132E-01 .8932E-03 .2722E-01
.1332E+04 .3843E+00 .9004E-01 .9924E-03 .5264E-01 .5165E-01 .9004E-01 .7759E-02 .9780E-01 .9004E-01 .9924E-03 .3014E-01
.1333E+04 .3904E+00 .1261E+00 .1411E-02 .7373E-01 .7232E-01 .1261E+00 .1090E-01 .1370E+00 .1261E+00 .1411E-02 .4220E-01
.1334E+04 .3908E+00 .1248E+00 .1391E-02 .7295E-01 .7156E-01 .1248E+00 .1077E-01 .1355E+00 .1248E+00 .1391E-02 .4175E-01
.1335E+04 .3883E+00 .1700E+00 .1930E-02 .9943E-01 .9750E-01 .1700E+00 .1472E-01 .1847E+00 .1700E+00 .1930E-02 .5683E-01
.1336E+04 .3889E+00 .1266E+00 .1410E-02 .7400E-01 .7259E-01 .1266E+00 .1091E-01 .1375E+00 .1266E+00 .1410E-02 .4228E-01
.1337E+04 .3873E+00 .1044E+00 .1149E-02 .6101E-01 .5986E-01 .1044E+00 .8965E-02 .1133E+00 .1044E+00 .1149E-02 .3481E-01
.1338E+04 .3850E+00 .1114E+00 .1229E-02 .6511E-01 .6388E-01 .1114E+00 .9555E-02 .1209E+00 .1114E+00 .1229E-02 .3707E-01
.1339E+04 .3791E+00 .1150E+00 .1270E-02 .6725E-01 .6598E-01 .1150E+00 .9861E-02 .1249E+00 .1150E+00 .1270E-02 .3824E-01
.1340E+04 .3833E+00 .1166E+00 .1285E-02 .6816E-01 .6688E-01 .1166E+00 .9991E-02 .1266E+00 .1166E+00 .1285E-02 .3876E-01
.1341E+04 .3840E+00 .9797E-01 .1070E-02 .5726E-01 .5620E-01 .9797E-01 .8381E-02 .1064E+00 .9797E-01 .1070E-02 .3257E-01
.1342E+04 .3837E+00 .9748E-01 .1062E-02 .5698E-01 .5591E-01 .9748E-01 .8327E-02 .1058E+00 .9748E-01 .1062E-02 .3236E-01
.1343E+04 .3833E+00 .4948E-01 .5243E-03 .2891E-01 .2838E-01 .4948E-01 .4200E-02 .5368E-01 .4948E-01 .5243E-03 .1640E-01
.1344E+04 .3843E+00 .3819E-01 .3996E-03 .2230E-01 .2190E-01 .3819E-01 .3230E-02 .4142E-01 .3819E-01 .3996E-03 .1264E-01
.1345E+04 .3823E+00 .5222E-01 .5524E-03 .3051E-01 .2995E-01 .5222E-01 .4422E-02 .5664E-01 .5222E-01 .5524E-03 .1727E-01
.1346E+04 .3806E+00 .1667E-01 .1712E-03 .9731E-02 .9560E-02 .1667E-01 .1403E-02 .1807E-01 .1667E-01 .1712E-03 .5506E-02
.1347E+04 .3814E+00 .1654E-01 .1698E-03 .9657E-02 .9487E-02 .1654E-01 .1391E-02 .1793E-01 .1654E-01 .1698E-03 .5459E-02
.1348E+04 .3812E+00 .5286E-03 .5276E-05 .3085E-03 .3032E-03 .5286E-03 .4420E-04 .5728E-03 .5286E-03 .5276E-05 .1743E-03
.1349E+04 .3782E+00 .1992E-02 .1998E-04 .1163E-02 .1143E-02 .1992E-02 .1666E-03 .2159E-02 .1992E-02 .1998E-04 .6564E-03
.1350E+04 .3753E+00 .2749E-02 .2756E-04 .1604E-02 .1577E-02 .2749E-02 .2295E-03 .2979E-02 .2749E-02 .2756E-04 .9042E-03
.1351E+04 .3779E+00 .2983E-03 .2981E-05 .1741E-03 .1711E-03 .2983E-03 .2486E-04 .3232E-03 .2983E-03 .2981E-05 .9796E-04
.1352E+04 .3793E+00 .2974E-04 .3008E-06 .1736E-04 .1706E-04 .2974E-04 .2480E-05 .3222E-04 .2974E-04 .3008E-06 .9755E-05
.1353E+04 .3777E+00 .1058E-05 .1075E-07 .6177E-06 .6070E-06 .1058E-05 .8827E-07 .1146E-05 .1058E-05 .1075E-07 .3468E-06
.1354E+04 .3755E+00 .6453E-05 .6490E-07 .3766E-05 .3701E-05 .6453E-05 .5368E-06 .6990E-05 .6453E-05 .6490E-07 .2113E-05
.1355E+04 .3718E+00 .9397E-08 .9699E-10 .5487E-08 .5390E-08 .9397E-08 .7848E-09 .1018E-07 .9397E-08 .9699E-10 .3075E-08
.1356E+04 .3701E+00 .9015E-06 .9097E-08 .5262E-06 .5171E-06 .9015E-06 .7494E-07 .9765E-06 .9015E-06 .9097E-08 .2947E-06
.1357E+04 .3706E+00 .9915E-06 .1001E-07 .5787E-06 .5687E-06 .9915E-06 .8232E-07 .1074E-05 .9915E-06 .1001E-07 .3236E-06
.1358E+04 .3734E+00 .1445E-07 .1483E-09 .8439E-08 .8291E-08 .1445E-07 .1202E-08 .1566E-07 .1445E-07 .1483E-09 .4711E-08
.1359E+04 .3698E+00 .3537E-09 .3717E-11 .2066E-09 .2029E-09 .3537E-09 .2949E-10 .3832E-09 .3537E-09 .3717E-11 .1151E-09
.1360E+04 .3701E+00 .4257E-08 .4390E-10 .2486E-08 .2442E-08 .4257E-08 .3535E-09 .4610E-08 .4257E-08 .4390E-10 .1384E-08
.1361E+04 .3730E+00 .2455E-12 .2653E-14 .1435E-12 .1408E-12 .2455E-12 .2055E-13 .2661E-12 .2455E-12 .2653E-14 .7983E-13
.1362E+04 .3690E+00 .3034E-15 .3318E-17 .1774E-15 .1740E-15 .3034E-15 .2543E-16 .3289E-15 .3034E-15 .3318E-17 .9854E-16
.1363E+04 .3672E+00 .1586E-08 .1661E-10 .9263E-09 .9097E-09 .1586E-08 .1316E-09 .1718E-08 .1586E-08 .1661E-10 .5137E-09
.1364E+04 .3687E+00 .9112E-09 .9452E-11 .5321E-09 .5227E-09 .9112E-09 .7539E-10 .9866E-09 .9112E-09 .9452E-11 .2946E-09
.1365E+04 .3696E+00 .5777E-16 .6453E-18 .3378E-16 .3313E-16 .5777E-16 .4846E-17 .6261E-16 .5777E-16 .6453E-18 .1870E-16
.1366E+04 .3673E+00 .1739E-07 .1795E-09 .1015E-07 .9973E-08 .1739E-07 .1437E-08 .1883E-07 .1739E-07 .1795E-09 .5620E-08
.1367E+04 .3661E+00 .1381E-07 .1406E-09 .8062E-08 .7922E-08 .1381E-07 .1138E-08 .1495E-07 .1381E-07 .1406E-09 .4461E-08
.1368E+04 .3647E+00 .1140E-19 .1345E-21 .6676E-20 .6542E-20 .1140E-19 .9658E-21 .1237E-19 .1140E-19 .1345E-21 .3690E-20
.1369E+04 .3623E+00 .1086E-08 .1112E-10 .6343E-09 .6232E-09 .1086E-08 .8949E-10 .1176E-08 .1086E-08 .1112E-10 .3503E-09
.1370E+04 .3621E+00 .1780E-09 .1843E-11 .1039E-09 .1021E-09 .1780E-09 .1467E-10 .1926E-09 .1780E-09 .1843E-11 .5729E-10
.1371E+04 .3628E+00 .6856E-11 .7149E-13 .4004E-11 .3933E-11 .6856E-11 .5649E-12 .7421E-11 .6856E-11 .7149E-13 .2203E-11
.1372E+04 .3658E+00 .1358E-07 .1368E-09 .7924E-08 .7787E-08 .1358E-07 .1110E-08 .1469E-07 .1358E-07 .1368E-09 .4353E-08
.1373E+04 .3656E+00 .2505E-06 .2498E-08 .1462E-06 .1437E-06 .2505E-06 .2041E-07 .2709E-06 .2505E-06 .2498E-08 .8015E-07
.1374E+04 .3624E+00 .2019E-05 .1992E-07 .1178E-05 .1158E-05 .2019E-05 .1640E-06 .2183E-05 .2019E-05 .1992E-07 .6446E-06
.1375E+04 .3595E+00 .3100E-05 .3070E-07 .1809E-05 .1778E-05 .3100E-05 .2517E-06 .3352E-05 .3100E-05 .3070E-07 .9890E-06
.1376E+04 .3579E+00 .8850E-05 .8608E-07 .5163E-05 .5076E-05 .8850E-05 .7159E-06 .9566E-05 .8850E-05 .8608E-07 .2820E-05
.1377E+04 .3609E+00 .4325E-05 .4203E-07 .2523E-05 .2481E-05 .4325E-05 .3493E-06 .4674E-05 .4325E-05 .4203E-07 .1376E-05
.1378E+04 .3614E+00 .1851E-04 .1807E-06 .1080E-04 .1062E-04 .1851E-04 .1493E-05 .2000E-04 .1851E-04 .1807E-06 .5873E-05
.1379E+04 .3621E+00 .1749E-05 .1694E-07 .1020E-05 .1003E-05 .1749E-05 .1406E-06 .1890E-05 .1749E-05 .1694E-07 .5536E-06
.1380E+04 .3606E+00 .9636E-06 .9415E-08 .5621E-06 .5527E-06 .9636E-06 .7747E-07 .1041E-05 .9636E-06 .9415E-08 .3046E-06
.1381E+04 .3594E+00 .3795E-07 .3700E-09 .2214E-07 .2177E-07 .3795E-07 .3047E-08 .4100E-07 .3795E-07 .3700E-09 .1198E-07
.1382E+04 .3564E+00 .6120E-08 .6115E-10 .3571E-08 .3510E-08 .6120E-08 .4930E-09 .6613E-08 .6120E-08 .6115E-10 .1931E-08
.1383E+04 .3579E+00 .6820E-10 .6828E-12 .3980E-10 .3912E-10 .6820E-10 .5488E-11 .7369E-10 .6820E-10 .6828E-12 .2148E-10
.1384E+04 .3585E+00 .5245E-09 .5301E-11 .3062E-09 .3009E-09 .5245E-09 .4222E-10 .5668E-09 .5245E-09 .5301E-11 .1649E-09
.1385E+04 .3566E+00 .8154E-08 .8019E-10 .4757E-08 .4677E-08 .8154E-08 .6517E-09 .8805E-08 .8154E-08 .8019E-10 .2556E-08
.1386E+04 .3567E+00 .2041E-08 .2051E-10 .1191E-08 .1171E-08 .2041E-08 .1634E-09 .2205E-08 .2041E-08 .2051E-10 .6384E-09
.1387E+04 .3560E+00 .2025E-06 .2005E-08 .1182E-06 .1162E-06 .2025E-06 .1613E-07 .2187E-06 .2025E-06 .2005E-08 .6313E-07
.1388E+04 .3572E+00 .4742E-07 .4585E-09 .2765E-07 .2720E-07 .4742E-07 .3749E-08 .5116E-07 .4742E-07 .4585E-09 .1472E-07
.1389E+04 .3552E+00 .7756E-05 .7476E-07 .4523E-05 .4448E-05 .7756E-05 .6110E-06 .8367E-05 .7756E-05 .7476E-07 .2399E-05
.1390E+04 .3531E+00 .6204E-05 .5989E-07 .3618E-05 .3558E-05 .6204E-05 .4883E-06 .6692E-05 .6204E-05 .5989E-07 .1916E-05
.1391E+04 .3555E+00 .3765E-05 .3625E-07 .2196E-05 .2159E-05 .3765E-05 .2962E-06 .4061E-05 .3765E-05 .3625E-07 .1163E-05
.1392E+04 .3543E+00 .6813E-06 .6510E-08 .3973E-06 .3908E-06 .6813E-06 .5351E-07 .7348E-06 .6813E-06 .6510E-08 .2103E-06
.1393E+04 .3530E+00 .3781E-05 .3598E-07 .2205E-05 .2169E-05 .3781E-05 .2959E-06 .4077E-05 .3781E-05 .3598E-07 .1163E-05
.1394E+04 .3513E+00 .2670E-06 .2600E-08 .1557E-06 .1531E-06 .2670E-06 .2091E-07 .2879E-06 .2670E-06 .2600E-08 .8185E-07
.1395E+04 .3507E+00 .1918E-08 .1870E-10 .1119E-08 .1100E-08 .1918E-08 .1499E-09 .2067E-08 .1918E-08 .1870E-10 .5862E-09
.1396E+04 .3520E+00 .6825E-12 .6965E-14 .3984E-12 .3915E-12 .6825E-12 .5370E-13 .7362E-12 .6825E-12 .6965E-14 .2084E-12
.1397E+04 .3523E+00 .1797E-05 .1703E-07 .1048E-05 .1031E-05 .1797E-05 .1393E-06 .1936E-05 .1797E-05 .1703E-07 .5469E-06
.1398E+04 .3518E+00 .1009E-04 .9632E-07 .5881E-05 .5785E-05 .1009E-04 .7816E-06 .1087E-04 .1009E-04 .9632E-07 .3064E-05
.1399E+04 .3480E+00 .1215E-04 .1154E-06 .7085E-05 .6970E-05 .1215E-04 .9391E-06 .1309E-04 .1215E-04 .1154E-06 .3684E-05
.1400E+04 .3431E+00 .1399E-12 .1440E-14 .8168E-13 .8024E-13 .1399E-12 .1096E-13 .1509E-12 .1399E-12 .1440E-14 .4239E-13
.1401E+04 .3457E+00 .1289E-11 .1302E-13 .7524E-12 .7394E-12 .1289E-11 .1004E-12 .1390E-11 .1289E-11 .1302E-13 .3898E-12
.1402E+04 .3475E+00 .1450E-03 .1346E-05 .8453E-04 .8318E-04 .1450E-03 .1111E-04 .1561E-03 .1450E-03 .1346E-05 .4371E-04
.1403E+04 .3449E+00 .1154E-03 .1075E-05 .6724E-04 .6616E-04 .1154E-03 .8818E-05 .1242E-03 .1154E-03 .1075E-05 .3465E-04
.1404E+04 .3451E+00 .3159E-04 .2945E-06 .1842E-04 .1812E-04 .3159E-04 .2408E-05 .3400E-04 .3159E-04 .2945E-06 .9454E-05
.1405E+04 .3457E+00 .2799E-08 .2697E-10 .1632E-08 .1605E-08 .2799E-08 .2140E-09 .3013E-08 .2799E-08 .2697E-10 .8352E-09
.1406E+04 .3449E+00 .2134E-04 .2007E-06 .1244E-04 .1224E-04 .2134E-04 .1622E-05 .2296E-04 .2134E-04 .2007E-06 .6354E-05
.1407E+04 .3448E+00 .1254E-04 .1155E-06 .7309E-05 .7193E-05 .1254E-04 .9479E-06 .1349E-04 .1254E-04 .1155E-06 .3725E-05
.1408E+04 .3448E+00 .3942E-04 .3678E-06 .2298E-04 .2261E-04 .3942E-04 .2980E-05 .4240E-04 .3942E-04 .3678E-06 .1168E-04
.1409E+04 .3454E+00 .5709E-05 .5371E-07 .3328E-05 .3275E-05 .5709E-05 .4312E-06 .6140E-05 .5709E-05 .5371E-07 .1687E-05
.1410E+04 .3437E+00 .1809E-04 .1674E-06 .1054E-04 .1038E-04 .1809E-04 .1359E-05 .1945E-04 .1809E-04 .1674E-06 .5331E-05
.1411E+04 .3366E+00 .1115E-03 .1026E-05 .6498E-04 .6395E-04 .1115E-03 .8363E-05 .1199E-03 .1115E-03 .1026E-05 .3282E-04
.1412E+04 .3367E+00 .1792E-03 .1642E-05 .1044E-03 .1028E-03 .1792E-03 .1342E-04 .1926E-03 .1792E-03 .1642E-05 .5269E-04
.1413E+04 .3386E+00 .1073E-02 .9866E-05 .6254E-03 .6155E-03 .1073E-02 .8027E-04 .1153E-02 .1073E-02 .9866E-05 .3148E-03
.1414E+04 .3400E+00 .1373E-04 .1262E-06 .8000E-05 .7874E-05 .1373E-04 .1024E-05 .1475E-04 .1373E-04 .1262E-06 .4015E-05
.1415E+04 .3411E+00 .5956E-05 .5481E-07 .3471E-05 .3416E-05 .5956E-05 .4433E-06 .6399E-05 .5956E-05 .5481E-07 .1737E-05
.1416E+04 .3389E+00 .7380E-02 .6778E-04 .4301E-02 .4233E-02 .7380E-02 .5482E-03 .7928E-02 .7380E-02 .6778E-04 .2147E-02
.1417E+04 .3410E+00 .1294E-02 .1174E-04 .7541E-03 .7424E-03 .1294E-02 .9578E-04 .1390E-02 .1294E-02 .1174E-04 .3759E-03
.1418E+04 .3395E+00 .1684E-02 .1534E-04 .9810E-03 .9656E-03 .1684E-02 .1245E-03 .1808E-02 .1684E-02 .1534E-04 .4880E-03
.1419E+04 .3370E+00 .3050E-03 .2757E-05 .1777E-03 .1750E-03 .3050E-03 .2249E-04 .3275E-03 .3050E-03 .2757E-05 .8825E-04
.1420E+04 .3370E+00 .1174E-02 .1064E-04 .6839E-03 .6732E-03 .1174E-02 .8643E-04 .1260E-02 .1174E-02 .1064E-04 .3389E-03
.1421E+04 .3338E+00 .1144E-02 .1033E-04 .6663E-03 .6560E-03 .1144E-02 .8402E-04 .1228E-02 .1144E-02 .1033E-04 .3295E-03
.1422E+04 .3313E+00 .1073E-01 .9829E-04 .6254E-02 .6156E-02 .1073E-01 .7890E-03 .1152E-01 .1073E-01 .9829E-04 .3085E-02
.1423E+04 .3320E+00 .2201E-02 .1977E-04 .1282E-02 .1262E-02 .2201E-02 .1610E-03 .2362E-02 .2201E-02 .1977E-04 .6314E-03
.1424E+04 .3322E+00 .4930E-02 .4444E-04 .2872E-02 .2828E-02 .4930E-02 .3602E-03 .5290E-02 .4930E-02 .4444E-04 .1411E-02
.1425E+04 .3303E+00 .5600E-02 .5064E-04 .3263E-02 .3212E-02 .5600E-02 .4086E-03 .6009E-02 .5600E-02 .5064E-04 .1600E-02
.1426E+04 .3282E+00 .8571E-02 .7754E-04 .4993E-02 .4916E-02 .8571E-02 .6249E-03 .9196E-02 .8571E-02 .7754E-04 .2446E-02
.1427E+04 .3295E+00 .2101E-01 .1925E-03 .1224E-01 .1205E-01 .2101E-01 .1534E-02 .2254E-01 .2101E-01 .1925E-03 .5989E-02
.1428E+04 .3305E+00 .4762E-03 .4261E-05 .2774E-03 .2731E-03 .4762E-03 .3457E-04 .5107E-03 .4762E-03 .4261E-05 .1355E-03
.1429E+04 .3249E+00 .1060E-01 .9596E-04 .6176E-02 .6080E-02 .1060E-01 .7693E-03 .1137E-01 .1060E-01 .9596E-04 .3007E-02
.1430E+04 .3289E+00 .2747E-01 .2520E-03 .1601E-01 .1576E-01 .2747E-01 .1993E-02 .2947E-01 .2747E-01 .2520E-03 .7770E-02
.1431E+04 .3293E+00 .2493E-01 .2279E-03 .1453E-01 .1430E-01 .2493E-01 .1806E-02 .2674E-01 .2493E-01 .2279E-03 .7042E-02
.1432E+04 .3343E+00 .2405E-03 .2141E-05 .1401E-03 .1380E-03 .2405E-03 .1732E-04 .2579E-03 .2405E-03 .2141E-05 .6788E-04
.1433E+04 .3310E+00 .1354E-01 .1220E-03 .7886E-02 .7764E-02 .1354E-01 .9761E-03 .1451E-01 .1354E-01 .1220E-03 .3814E-02
.1434E+04 .3303E+00 .7670E-02 .6847E-04 .4468E-02 .4399E-02 .7670E-02 .5512E-03 .8221E-02 .7670E-02 .6847E-04 .2157E-02
.1435E+04 .3312E+00 .3598E-02 .3202E-04 .2096E-02 .2064E-02 .3598E-02 .2580E-03 .3856E-02 .3598E-02 .3202E-04 .1010E-02
.1436E+04 .3305E+00 .1340E-01 .1204E-03 .7804E-02 .7684E-02 .1340E-01 .9618E-03 .1436E-01 .1340E-01 .1204E-03 .3757E-02
.1437E+04 .3309E+00 .7689E-02 .6850E-04 .4479E-02 .4410E-02 .7689E-02 .5511E-03 .8240E-02 .7689E-02 .6850E-04 .2156E-02
.1438E+04 .3306E+00 .3672E-02 .3244E-04 .2139E-02 .2106E-02 .3672E-02 .2628E-03 .3935E-02 .3672E-02 .3244E-04 .1030E-02
.1439E+04 .3274E+00 .1414E-01 .1268E-03 .8235E-02 .8109E-02 .1414E-01 .1013E-02 .1515E-01 .1414E-01 .1268E-03 .3959E-02
.1440E+04 .3144E+00 .1336E-01 .1194E-03 .7782E-02 .7663E-02 .1336E-01 .9563E-03 .1432E-01 .1336E-01 .1194E-03 .3738E-02
.1441E+04 .3227E+00 .9602E-02 .8542E-04 .5593E-02 .5507E-02 .9602E-02 .6861E-03 .1029E-01 .9602E-02 .8542E-04 .2683E-02
.1442E+04 .3186E+00 .1067E-01 .9512E-04 .6216E-02 .6121E-02 .1067E-01 .7622E-03 .1143E-01 .1067E-01 .9512E-04 .2979E-02
.1443E+04 .3220E+00 .1846E-01 .1653E-03 .1075E-01 .1059E-01 .1846E-01 .1318E-02 .1978E-01 .1846E-01 .1653E-03 .5148E-02
.1444E+04 .3208E+00 .2290E-01 .2055E-03 .1334E-01 .1313E-01 .2290E-01 .1634E-02 .2453E-01 .2290E-01 .2055E-03 .6378E-02
.1445E+04 .3250E+00 .1456E-01 .1296E-03 .8479E-02 .8350E-02 .1456E-01 .1037E-02 .1559E-01 .1456E-01 .1296E-03 .4051E-02
.1446E+04 .3224E+00 .7221E-02 .6365E-04 .4206E-02 .4142E-02 .7221E-02 .5132E-03 .7735E-02 .7221E-02 .6365E-04 .2009E-02
.1447E+04 .3225E+00 .1130E-01 .9985E-04 .6579E-02 .6479E-02 .1130E-01 .8033E-03 .1210E-01 .1130E-01 .9985E-04 .3143E-02
.1448E+04 .3244E+00 .5898E-01 .5391E-03 .3437E-01 .3383E-01 .5898E-01 .4219E-02 .6319E-01 .5898E-01 .5391E-03 .1640E-01
.1449E+04 .3233E+00 .5106E-01 .4639E-03 .2975E-01 .2929E-01 .5106E-01 .3646E-02 .5471E-01 .5106E-01 .4639E-03 .1419E-01
.1450E+04 .3190E+00 .1072E-01 .9413E-04 .6241E-02 .6147E-02 .1072E-01 .7597E-03 .1148E-01 .1072E-01 .9413E-04 .2974E-02
.1451E+04 .3156E+00 .4303E-02 .3736E-04 .2506E-02 .2468E-02 .4303E-02 .3042E-03 .4607E-02 .4303E-02 .3736E-04 .1193E-02
.1452E+04 .3188E+00 .2758E-01 .2458E-03 .1607E-01 .1582E-01 .2758E-01 .1957E-02 .2954E-01 .2758E-01 .2458E-03 .7639E-02
.1453E+04 .3182E+00 .3720E-01 .3336E-03 .2167E-01 .2134E-01 .3720E-01 .2641E-02 .3984E-01 .3720E-01 .3336E-03 .1029E-01
.1454E+04 .3147E+00 .8189E-01 .7514E-03 .4772E-01 .4697E-01 .8189E-01 .5838E-02 .8773E-01 .8189E-01 .7514E-03 .2266E-01
.1455E+04 .3143E+00 .3395E-01 .3027E-03 .1978E-01 .1947E-01 .3395E-01 .2408E-02 .3636E-01 .3395E-01 .3027E-03 .9395E-02
.1456E+04 .3153E+00 .4015E-01 .3593E-03 .2339E-01 .2303E-01 .4015E-01 .2849E-02 .4300E-01 .4015E-01 .3593E-03 .1111E-01
.1457E+04 .3173E+00 .6410E-01 .5807E-03 .3735E-01 .3677E-01 .6410E-01 .4559E-02 .6866E-01 .6410E-01 .5807E-03 .1774E-01
.1458E+04 .3199E+00 .8705E-01 .7955E-03 .5072E-01 .4993E-01 .8705E-01 .6201E-02 .9325E-01 .8705E-01 .7955E-03 .2408E-01
.1459E+04 .3186E+00 .1027E+00 .9441E-03 .5983E-01 .5889E-01 .1027E+00 .7322E-02 .1100E+00 .1027E+00 .9441E-03 .2841E-01
.1460E+04 .3167E+00 .4788E-01 .4276E-03 .2789E-01 .2746E-01 .4788E-01 .3396E-02 .5127E-01 .4788E-01 .4276E-03 .1325E-01
.1461E+04 .3156E+00 .4333E-01 .3861E-03 .2524E-01 .2485E-01 .4333E-01 .3072E-02 .4640E-01 .4333E-01 .3861E-03 .1199E-01
.1462E+04 .3129E+00 .7522E-01 .6811E-03 .4383E-01 .4315E-01 .7522E-01 .5349E-02 .8057E-01 .7522E-01 .6811E-03 .2081E-01
.1463E+04 .3116E+00 .2175E-01 .1898E-03 .1266E-01 .1247E-01 .2175E-01 .1536E-02 .2328E-01 .2175E-01 .1898E-03 .6016E-02
.1464E+04 .3136E+00 .1038E+00 .9494E-03 .6050E-01 .5955E-01 .1038E+00 .7396E-02 .1112E+00 .1038E+00 .9494E-03 .2872E-01
.1465E+04 .3115E+00 .5828E-01 .5203E-03 .3395E-01 .3343E-01 .5828E-01 .4134E-02 .6241E-01 .5828E-01 .5203E-03 .1612E-01
.1466E+04 .3137E+00 .2707E-01 .2371E-03 .1577E-01 .1553E-01 .2707E-01 .1914E-02 .2899E-01 .2707E-01 .2371E-03 .7490E-02
.1467E+04 .3131E+00 .1343E-01 .1159E-03 .7819E-02 .7703E-02 .1343E-01 .9469E-03 .1438E-01 .1343E-01 .1159E-03 .3715E-02
.1468E+04 .3118E+00 .3596E-01 .3161E-03 .2094E-01 .2062E-01 .3596E-01 .2543E-02 .3850E-01 .3596E-01 .3161E-03 .9947E-02
.1469E+04 .3137E+00 .4960E-01 .4389E-03 .2889E-01 .2845E-01 .4960E-01 .3513E-02 .5311E-01 .4960E-01 .4389E-03 .1372E-01
.1470E+04 .3085E+00 .1880E-01 .1629E-03 .1095E-01 .1078E-01 .1880E-01 .1327E-02 .2013E-01 .1880E-01 .1629E-03 .5202E-02
.1471E+04 .3082E+00 .8027E-02 .6836E-04 .4672E-02 .4604E-02 .8027E-02 .5651E-03 .8592E-02 .8027E-02 .6836E-04 .2223E-02
.1472E+04 .3069E+00 .1682E-01 .1452E-03 .9791E-02 .9646E-02 .1682E-01 .1188E-02 .1800E-01 .1682E-01 .1452E-03 .4661E-02
.1473E+04 .3035E+00 .2976E-01 .2591E-03 .1733E-01 .1707E-01 .2976E-01 .2107E-02 .3187E-01 .2976E-01 .2591E-03 .8256E-02
.1474E+04 .3030E+00 .5597E-01 .4945E-03 .3260E-01 .3210E-01 .5597E-01 .3972E-02 .5994E-01 .5597E-01 .4945E-03 .1552E-01
.1475E+04 .3038E+00 .1266E+00 .1154E-02 .7378E-01 .7262E-01 .1266E+00 .9036E-02 .1356E+00 .1266E+00 .1154E-02 .3512E-01
.1476E+04 .3051E+00 .3222E-01 .2796E-03 .1876E-01 .1848E-01 .3222E-01 .2282E-02 .3450E-01 .3222E-01 .2796E-03 .8951E-02
.1477E+04 .3036E+00 .3003E-01 .2602E-03 .1749E-01 .1723E-01 .3003E-01 .2130E-02 .3216E-01 .3003E-01 .2602E-03 .8360E-02
.1478E+04 .3037E+00 .3672E-01 .3186E-03 .2138E-01 .2106E-01 .3672E-01 .2609E-02 .3933E-01 .3672E-01 .3186E-03 .1024E-01
.1479E+04 .3077E+00 .7054E-01 .6241E-03 .4108E-01 .4046E-01 .7054E-01 .5029E-02 .7557E-01 .7054E-01 .6241E-03 .1967E-01
.1480E+04 .3057E+00 .2759E-01 .2375E-03 .1606E-01 .1583E-01 .2759E-01 .1958E-02 .2955E-01 .2759E-01 .2375E-03 .7693E-02
.1481E+04 .3046E+00 .6681E-01 .5890E-03 .3891E-01 .3832E-01 .6681E-01 .4766E-02 .7158E-01 .6681E-01 .5890E-03 .1866E-01
.1482E+04 .3040E+00 .2878E-01 .2470E-03 .1675E-01 .1651E-01 .2878E-01 .2047E-02 .3082E-01 .2878E-01 .2470E-03 .8053E-02
.1483E+04 .3014E+00 .9285E-01 .8274E-03 .5408E-01 .5325E-01 .9285E-01 .6657E-02 .9950E-01 .9285E-01 .8274E-03 .2602E-01
.1484E+04 .3056E+00 .9071E-01 .8054E-03 .5283E-01 .5203E-01 .9071E-01 .6500E-02 .9721E-01 .9071E-01 .8054E-03 .2542E-01
.1485E+04 .3062E+00 .7916E-01 .6980E-03 .4610E-01 .4540E-01 .7916E-01 .5666E-02 .8482E-01 .7916E-01 .6980E-03 .2219E-01
.1486E+04 .3023E+00 .7226E-01 .6353E-03 .4208E-01 .4144E-01 .7226E-01 .5181E-02 .7744E-01 .7226E-01 .6353E-03 .2031E-01
.1487E+04 .2898E+00 .2469E-01 .2105E-03 .1437E-01 .1416E-01 .2469E-01 .1766E-02 .2645E-01 .2469E-01 .2105E-03 .6962E-02
.1488E+04 .2795E+00 .5701E-01 .4970E-03 .3319E-01 .3270E-01 .5701E-01 .4101E-02 .6111E-01 .5701E-01 .4970E-03 .1611E-01
.1489E+04 .3010E+00 .1219E+00 .1092E-02 .7101E-01 .6992E-01 .1219E+00 .8819E-02 .1307E+00 .1219E+00 .1092E-02 .3449E-01
.1490E+04 .3028E+00 .1254E+00 .1123E-02 .7306E-01 .7194E-01 .1254E+00 .9081E-02 .1345E+00 .1254E+00 .1123E-02 .3552E-01
.1491E+04 .3015E+00 .1503E+00 .1357E-02 .8756E-01 .8620E-01 .1503E+00 .1091E-01 .1612E+00 .1503E+00 .1357E-02 .4260E-01
.1492E+04 .3013E+00 .1061E+00 .9418E-03 .6183E-01 .6088E-01 .1061E+00 .7685E-02 .1138E+00 .1061E+00 .9418E-03 .3012E-01
.1493E+04 .3030E+00 .1292E+00 .1155E-02 .7525E-01 .7409E-01 .1292E+00 .9369E-02 .1385E+00 .1292E+00 .1155E-02 .3668E-01
.1494E+04 .3034E+00 .1479E+00 .1329E-02 .8615E-01 .8482E-01 .1479E+00 .1074E-01 .1586E+00 .1479E+00 .1329E-02 .4199E-01
.1495E+04 .2982E+00 .1384E+00 .1239E-02 .8061E-01 .7937E-01 .1384E+00 .1004E-01 .1484E+00 .1384E+00 .1239E-02 .3929E-01
.1496E+04 .2940E+00 .1256E+00 .1119E-02 .7319E-01 .7207E-01 .1256E+00 .9115E-02 .1348E+00 .1256E+00 .1119E-02 .3571E-01
.1497E+04 .2976E+00 .1930E+00 .1756E-02 .1125E+00 .1107E+00 .1930E+00 .1407E-01 .2071E+00 .1930E+00 .1756E-02 .5492E-01
.1498E+04 .2977E+00 .1317E+00 .1172E-02 .7672E-01 .7555E-01 .1317E+00 .9572E-02 .1413E+00 .1317E+00 .1172E-02 .3752E-01
.1499E+04 .2978E+00 .1613E+00 .1450E-02 .9399E-01 .9254E-01 .1613E+00 .1176E-01 .1731E+00 .1613E+00 .1450E-02 .4600E-01
.1500E+04 .2995E+00 .2126E+00 .1939E-02 .1239E+00 .1219E+00 .2126E+00 .1555E-01 .2282E+00 .2126E+00 .1939E-02 .6068E-01
.1501E+04 .2977E+00 .2220E+00 .2029E-02 .1293E+00 .1273E+00 .2220E+00 .1624E-01 .2382E+00 .2220E+00 .2029E-02 .6335E-01
.1502E+04 .2827E+00 .1736E+00 .1565E-02 .1011E+00 .9955E-01 .1736E+00 .1266E-01 .1862E+00 .1736E+00 .1565E-02 .4953E-01
.1503E+04 .2785E+00 .1402E+00 .1249E-02 .8165E-01 .8040E-01 .1402E+00 .1021E-01 .1504E+00 .1402E+00 .1249E-02 .4001E-01
.1504E+04 .2747E+00 .1160E+00 .1023E-02 .6757E-01 .6655E-01 .1160E+00 .8433E-02 .1245E+00 .1160E+00 .1023E-02 .3312E-01
.1505E+04 .2744E+00 .1404E+00 .1248E-02 .8180E-01 .8055E-01 .1404E+00 .1022E-01 .1507E+00 .1404E+00 .1248E-02 .4009E-01
.1506E+04 .2873E+00 .2320E+00 .2119E-02 .1352E+00 .1331E+00 .2320E+00 .1697E-01 .2490E+00 .2320E+00 .2119E-02 .6624E-01
.1507E+04 .2918E+00 .2167E+00 .1965E-02 .1263E+00 .1243E+00 .2167E+00 .1583E-01 .2325E+00 .2167E+00 .1965E-02 .6186E-01
.1508E+04 .2871E+00 .2046E+00 .1848E-02 .1192E+00 .1173E+00 .2046E+00 .1494E-01 .2195E+00 .2046E+00 .1848E-02 .5840E-01
.1509E+04 .2912E+00 .1415E+00 .1249E-02 .8243E-01 .8119E-01 .1415E+00 .1029E-01 .1518E+00 .1415E+00 .1249E-02 .4040E-01
.1510E+04 .2940E+00 .2456E+00 .2236E-02 .1431E+00 .1409E+00 .2456E+00 .1796E-01 .2636E+00 .2456E+00 .2236E-02 .7012E-01
.1511E+04 .2928E+00 .2281E+00 .2065E-02 .1329E+00 .1308E+00 .2281E+00 .1667E-01 .2448E+00 .2281E+00 .2065E-02 .6517E-01
.1512E+04 .2874E+00 .2341E+00 .2123E-02 .1364E+00 .1343E+00 .2341E+00 .1713E-01 .2512E+00 .2341E+00 .2123E-02 .6694E-01
.1513E+04 .2867E+00 .1972E+00 .1767E-02 .1149E+00 .1131E+00 .1972E+00 .1440E-01 .2116E+00 .1972E+00 .1767E-02 .5642E-01
.1514E+04 .2870E+00 .1784E+00 .1587E-02 .1039E+00 .1023E+00 .1784E+00 .1301E-01 .1914E+00 .1784E+00 .1587E-02 .5104E-01
.1515E+04 .2884E+00 .2429E+00 .2200E-02 .1415E+00 .1393E+00 .2429E+00 .1778E-01 .2607E+00 .2429E+00 .2200E-02 .6951E-01
.1516E+04 .2859E+00 .2290E+00 .2065E-02 .1334E+00 .1314E+00 .2290E+00 .1675E-01 .2458E+00 .2290E+00 .2065E-02 .6553E-01
.1517E+04 .2873E+00 .2171E+00 .1947E-02 .1265E+00 .1245E+00 .2171E+00 .1586E-01 .2329E+00 .2171E+00 .1947E-02 .6211E-01
.1518E+04 .2876E+00 .2181E+00 .1954E-02 .1270E+00 .1251E+00 .2181E+00 .1593E-01 .2340E+00 .2181E+00 .1954E-02 .6239E-01
.1519E+04 .2869E+00 .2066E+00 .1844E-02 .1204E+00 .1185E+00 .2066E+00 .1509E-01 .2217E+00 .2066E+00 .1844E-02 .5913E-01
.1520E+04 .2854E+00 .2308E+00 .2072E-02 .1344E+00 .1324E+00 .2308E+00 .1687E-01 .2476E+00 .2308E+00 .2072E-02 .6604E-01
.1521E+04 .2815E+00 .2623E+00 .2374E-02 .1528E+00 .1504E+00 .2623E+00 .1920E-01 .2815E+00 .2623E+00 .2374E-02 .7505E-01
.1522E+04 .2814E+00 .2398E+00 .2155E-02 .1397E+00 .1375E+00 .2398E+00 .1753E-01 .2573E+00 .2398E+00 .2155E-02 .6861E-01
.1523E+04 .2840E+00 .2674E+00 .2417E-02 .1558E+00 .1534E+00 .2674E+00 .1957E-01 .2870E+00 .2674E+00 .2417E-02 .7653E-01
.1524E+04 .2817E+00 .2551E+00 .2296E-02 .1486E+00 .1463E+00 .2551E+00 .1865E-01 .2737E+00 .2551E+00 .2296E-02 .7299E-01
.1525E+04 .2825E+00 .2334E+00 .2086E-02 .1360E+00 .1339E+00 .2334E+00 .1705E-01 .2505E+00 .2334E+00 .2086E-02 .6680E-01
.1526E+04 .2845E+00 .2396E+00 .2141E-02 .1395E+00 .1374E+00 .2396E+00 .1750E-01 .2570E+00 .2396E+00 .2141E-02 .6855E-01
.1527E+04 .2845E+00 .2400E+00 .2142E-02 .1398E+00 .1377E+00 .2400E+00 .1752E-01 .2575E+00 .2400E+00 .2142E-02 .6867E-01
.1528E+04 .2838E+00 .2645E+00 .2374E-02 .1541E+00 .1517E+00 .2645E+00 .1933E-01 .2838E+00 .2645E+00 .2374E-02 .7568E-01
.1529E+04 .2757E+00 .2488E+00 .2226E-02 .1449E+00 .1427E+00 .2488E+00 .1818E-01 .2670E+00 .2488E+00 .2226E-02 .7120E-01
.1530E+04 .2737E+00 .2398E+00 .2138E-02 .1397E+00 .1375E+00 .2398E+00 .1750E-01 .2573E+00 .2398E+00 .2138E-02 .6860E-01
.1531E+04 .2814E+00 .2488E+00 .2217E-02 .1449E+00 .1427E+00 .2488E+00 .1815E-01 .2670E+00 .2488E+00 .2217E-02 .7113E-01
.1532E+04 .2802E+00 .2662E+00 .2381E-02 .1551E+00 .1527E+00 .2662E+00 .1941E-01 .2857E+00 .2662E+00 .2381E-02 .7602E-01
.1533E+04 .2775E+00 .2671E+00 .2388E-02 .1556E+00 .1532E+00 .2671E+00 .1947E-01 .2866E+00 .2671E+00 .2388E-02 .7625E-01
.1534E+04 .2750E+00 .2589E+00 .2308E-02 .1508E+00 .1485E+00 .2589E+00 .1886E-01 .2777E+00 .2589E+00 .2308E-02 .7388E-01
.1535E+04 .2782E+00 .2533E+00 .2250E-02 .1475E+00 .1453E+00 .2533E+00 .1844E-01 .2718E+00 .2533E+00 .2250E-02 .7229E-01
.1536E+04 .2794E+00 .2632E+00 .2340E-02 .1533E+00 .1510E+00 .2632E+00 .1915E-01 .2823E+00 .2632E+00 .2340E-02 .7503E-01
.1537E+04 .2769E+00 .2560E+00 .2270E-02 .1491E+00 .1468E+00 .2560E+00 .1860E-01 .2746E+00 .2560E+00 .2270E-02 .7289E-01
.1538E+04 .2740E+00 .2650E+00 .2355E-02 .1544E+00 .1520E+00 .2650E+00 .1925E-01 .2843E+00 .2650E+00 .2355E-02 .7543E-01
.1539E+04 .2721E+00 .2572E+00 .2279E-02 .1498E+00 .1475E+00 .2572E+00 .1868E-01 .2758E+00 .2572E+00 .2279E-02 .7320E-01
.1540E+04 .2696E+00 .2596E+00 .2301E-02 .1512E+00 .1489E+00 .2596E+00 .1886E-01 .2785E+00 .2596E+00 .2301E-02 .7391E-01
.1541E+04 .2727E+00 .2613E+00 .2312E-02 .1522E+00 .1499E+00 .2613E+00 .1896E-01 .2803E+00 .2613E+00 .2312E-02 .7431E-01
.1542E+04 .2734E+00 .2552E+00 .2251E-02 .1486E+00 .1464E+00 .2552E+00 .1848E-01 .2737E+00 .2552E+00 .2251E-02 .7248E-01
.1543E+04 .2750E+00 .2640E+00 .2329E-02 .1537E+00 .1514E+00 .2640E+00 .1911E-01 .2831E+00 .2640E+00 .2329E-02 .7492E-01
.1544E+04 .2756E+00 .2582E+00 .2272E-02 .1504E+00 .1481E+00 .2582E+00 .1868E-01 .2769E+00 .2582E+00 .2272E-02 .7329E-01
.1545E+04 .2760E+00 .2685E+00 .2366E-02 .1564E+00 .1540E+00 .2685E+00 .1944E-01 .2880E+00 .2685E+00 .2366E-02 .7621E-01
.1546E+04 .2742E+00 .2626E+00 .2309E-02 .1529E+00 .1506E+00 .2626E+00 .1901E-01 .2816E+00 .2626E+00 .2309E-02 .7461E-01
.1547E+04 .2683E+00 .2606E+00 .2291E-02 .1517E+00 .1495E+00 .2606E+00 .1889E-01 .2795E+00 .2606E+00 .2291E-02 .7413E-01
.1548E+04 .2681E+00 .2606E+00 .2289E-02 .1518E+00 .1495E+00 .2606E+00 .1891E-01 .2795E+00 .2606E+00 .2289E-02 .7421E-01
.1549E+04 .2693E+00 .2642E+00 .2320E-02 .1539E+00 .1516E+00 .2642E+00 .1918E-01 .2834E+00 .2642E+00 .2320E-02 .7533E-01
.1550E+04 .2680E+00 .2617E+00 .2295E-02 .1524E+00 .1501E+00 .2617E+00 .1901E-01 .2808E+00 .2617E+00 .2295E-02 .7469E-01
.1551E+04 .2706E+00 .2633E+00 .2305E-02 .1533E+00 .1510E+00 .2633E+00 .1912E-01 .2824E+00 .2633E+00 .2305E-02 .7512E-01
.1552E+04 .2710E+00 .2587E+00 .2260E-02 .1506E+00 .1484E+00 .2587E+00 .1878E-01 .2775E+00 .2587E+00 .2260E-02 .7383E-01
.1553E+04 .2662E+00 .2602E+00 .2274E-02 .1515E+00 .1493E+00 .2602E+00 .1890E-01 .2791E+00 .2602E+00 .2274E-02 .7427E-01
.1554E+04 .2647E+00 .2574E+00 .2246E-02 .1499E+00 .1477E+00 .2574E+00 .1869E-01 .2761E+00 .2574E+00 .2246E-02 .7347E-01
.1555E+04 .2646E+00 .2588E+00 .2257E-02 .1507E+00 .1485E+00 .2588E+00 .1879E-01 .2776E+00 .2588E+00 .2257E-02 .7387E-01
.1556E+04 .2648E+00 .2584E+00 .2250E-02 .1505E+00 .1482E+00 .2584E+00 .1875E-01 .2772E+00 .2584E+00 .2250E-02 .7375E-01
.1557E+04 .2676E+00 .2618E+00 .2277E-02 .1524E+00 .1502E+00 .2618E+00 .1900E-01 .2808E+00 .2618E+00 .2277E-02 .7472E-01
.1558E+04 .2662E+00 .2604E+00 .2263E-02 .1516E+00 .1494E+00 .2604E+00 .1890E-01 .2793E+00 .2604E+00 .2263E-02 .7435E-01
.1559E+04 .2647E+00 .2586E+00 .2244E-02 .1506E+00 .1483E+00 .2586E+00 .1878E-01 .2774E+00 .2586E+00 .2244E-02 .7391E-01
.1560E+04 .2666E+00 .2602E+00 .2256E-02 .1515E+00 .1492E+00 .2602E+00 .1891E-01 .2791E+00 .2602E+00 .2256E-02 .7443E-01
.1561E+04 .2683E+00 .2621E+00 .2271E-02 .1526E+00 .1503E+00 .2621E+00 .1906E-01 .2812E+00 .2621E+00 .2271E-02 .7507E-01
.1562E+04 .2663E+00 .2578E+00 .2230E-02 .1501E+00 .1479E+00 .2578E+00 .1876E-01 .2766E+00 .2578E+00 .2230E-02 .7392E-01
.1563E+04 .2635E+00 .2561E+00 .2213E-02 .1491E+00 .1469E+00 .2561E+00 .1865E-01 .2748E+00 .2561E+00 .2213E-02 .7350E-01
.1564E+04 .2650E+00 .2572E+00 .2220E-02 .1497E+00 .1475E+00 .2572E+00 .1874E-01 .2759E+00 .2572E+00 .2220E-02 .7388E-01
.1565E+04 .2643E+00 .2586E+00 .2231E-02 .1505E+00 .1483E+00 .2586E+00 .1885E-01 .2774E+00 .2586E+00 .2231E-02 .7433E-01
.1566E+04 .2614E+00 .2543E+00 .2191E-02 .1480E+00 .1459E+00 .2543E+00 .1855E-01 .2728E+00 .2543E+00 .2191E-02 .7319E-01
.1567E+04 .2614E+00 .2547E+00 .2193E-02 .1483E+00 .1461E+00 .2547E+00 .1860E-01 .2733E+00 .2547E+00 .2193E-02 .7339E-01
.1568E+04 .2592E+00 .2495E+00 .2144E-02 .1453E+00 .1431E+00 .2495E+00 .1824E-01 .2678E+00 .2495E+00 .2144E-02 .7203E-01
.1569E+04 .2597E+00 .2465E+00 .2115E-02 .1435E+00 .1414E+00 .2465E+00 .1805E-01 .2646E+00 .2465E+00 .2115E-02 .7131E-01
.1570E+04 .2622E+00 .2388E+00 .2041E-02 .1390E+00 .1369E+00 .2388E+00 .1751E-01 .2563E+00 .2388E+00 .2041E-02 .6922E-01
.1571E+04 .2643E+00 .2294E+00 .1953E-02 .1335E+00 .1316E+00 .2294E+00 .1685E-01 .2462E+00 .2294E+00 .1953E-02 .6671E-01
.1572E+04 .2625E+00 .2302E+00 .1960E-02 .1340E+00 .1320E+00 .2302E+00 .1696E-01 .2472E+00 .2302E+00 .1960E-02 .6716E-01
.1573E+04 .2612E+00 .2285E+00 .1943E-02 .1330E+00 .1311E+00 .2285E+00 .1685E-01 .2454E+00 .2285E+00 .1943E-02 .6677E-01
.1574E+04 .2525E+00 .2284E+00 .1945E-02 .1330E+00 .1310E+00 .2284E+00 .1687E-01 .2453E+00 .2284E+00 .1945E-02 .6682E-01
.1575E+04 .2500E+00 .2375E+00 .2027E-02 .1383E+00 .1362E+00 .2375E+00 .1756E-01 .2551E+00 .2375E+00 .2027E-02 .6953E-01
.1576E+04 .2477E+00 .2301E+00 .1959E-02 .1340E+00 .1320E+00 .2301E+00 .1700E-01 .2471E+00 .2301E+00 .1959E-02 .6736E-01
.1577E+04 .2419E+00 .2173E+00 .1844E-02 .1265E+00 .1247E+00 .2173E+00 .1605E-01 .2334E+00 .2173E+00 .1844E-02 .6362E-01
.1578E+04 .2548E+00 .2297E+00 .1947E-02 .1337E+00 .1318E+00 .2297E+00 .1698E-01 .2467E+00 .2297E+00 .1947E-02 .6735E-01
.1579E+04 .2589E+00 .2300E+00 .1947E-02 .1339E+00 .1319E+00 .2300E+00 .1703E-01 .2471E+00 .2300E+00 .1947E-02 .6758E-01
.1580E+04 .2602E+00 .2377E+00 .2014E-02 .1384E+00 .1364E+00 .2377E+00 .1763E-01 .2554E+00 .2377E+00 .2014E-02 .6996E-01
.1581E+04 .2562E+00 .2367E+00 .2005E-02 .1378E+00 .1358E+00 .2367E+00 .1757E-01 .2543E+00 .2367E+00 .2005E-02 .6974E-01
.1582E+04 .2504E+00 .2342E+00 .1983E-02 .1363E+00 .1343E+00 .2342E+00 .1740E-01 .2516E+00 .2342E+00 .1983E-02 .6907E-01
.1583E+04 .2523E+00 .2362E+00 .1998E-02 .1375E+00 .1355E+00 .2362E+00 .1756E-01 .2537E+00 .2362E+00 .1998E-02 .6971E-01
.1584E+04 .2537E+00 .2436E+00 .2062E-02 .1418E+00 .1397E+00 .2436E+00 .1812E-01 .2617E+00 .2436E+00 .2062E-02 .7196E-01
.1585E+04 .2557E+00 .2472E+00 .2092E-02 .1439E+00 .1418E+00 .2472E+00 .1841E-01 .2656E+00 .2472E+00 .2092E-02 .7311E-01
.1586E+04 .2535E+00 .2442E+00 .2064E-02 .1421E+00 .1400E+00 .2442E+00 .1819E-01 .2623E+00 .2442E+00 .2064E-02 .7228E-01
.1587E+04 .2492E+00 .2399E+00 .2026E-02 .1397E+00 .1376E+00 .2399E+00 .1789E-01 .2578E+00 .2399E+00 .2026E-02 .7112E-01
.1588E+04 .2397E+00 .2350E+00 .1985E-02 .1368E+00 .1348E+00 .2350E+00 .1753E-01 .2525E+00 .2350E+00 .1985E-02 .6970E-01
.1589E+04 .2320E+00 .2277E+00 .1922E-02 .1325E+00 .1306E+00 .2277E+00 .1700E-01 .2447E+00 .2277E+00 .1922E-02 .6760E-01
.1590E+04 .2381E+00 .2322E+00 .1957E-02 .1351E+00 .1332E+00 .2322E+00 .1735E-01 .2495E+00 .2322E+00 .1957E-02 .6900E-01
.1591E+04 .2435E+00 .2381E+00 .2005E-02 .1386E+00 .1366E+00 .2381E+00 .1781E-01 .2559E+00 .2381E+00 .2005E-02 .7085E-01
.1592E+04 .2523E+00 .2440E+00 .2051E-02 .1420E+00 .1400E+00 .2440E+00 .1826E-01 .2623E+00 .2440E+00 .2051E-02 .7267E-01
.1593E+04 .2545E+00 .2491E+00 .2094E-02 .1450E+00 .1429E+00 .2491E+00 .1864E-01 .2678E+00 .2491E+00 .2094E-02 .7420E-01
.1594E+04 .2553E+00 .2478E+00 .2079E-02 .1442E+00 .1421E+00 .2478E+00 .1853E-01 .2663E+00 .2478E+00 .2079E-02 .7379E-01
.1595E+04 .2510E+00 .2452E+00 .2056E-02 .1427E+00 .1407E+00 .2452E+00 .1835E-01 .2636E+00 .2452E+00 .2056E-02 .7307E-01
.1596E+04 .2441E+00 .2375E+00 .1989E-02 .1382E+00 .1362E+00 .2375E+00 .1779E-01 .2553E+00 .2375E+00 .1989E-02 .7084E-01
.1597E+04 .2517E+00 .2420E+00 .2023E-02 .1408E+00 .1388E+00 .2420E+00 .1813E-01 .2602E+00 .2420E+00 .2023E-02 .7226E-01
.1598E+04 .2530E+00 .2450E+00 .2047E-02 .1425E+00 .1405E+00 .2450E+00 .1837E-01 .2633E+00 .2450E+00 .2047E-02 .7321E-01
.1599E+04 .2501E+00 .2369E+00 .1975E-02 .1379E+00 .1359E+00 .2369E+00 .1777E-01 .2547E+00 .2369E+00 .1975E-02 .7087E-01
.1600E+04 .2479E+00 .2294E+00 .1907E-02 .1335E+00 .1316E+00 .2294E+00 .1721E-01 .2466E+00 .2294E+00 .1907E-02 .6866E-01
.1601E+04 .2451E+00 .2192E+00 .1816E-02 .1275E+00 .1257E+00 .2192E+00 .1643E-01 .2356E+00 .2192E+00 .1816E-02 .6560E-01
.1602E+04 .2468E+00 .2178E+00 .1800E-02 .1267E+00 .1249E+00 .2178E+00 .1632E-01 .2341E+00 .2178E+00 .1800E-02 .6517E-01
.1603E+04 .2477E+00 .2193E+00 .1812E-02 .1276E+00 .1258E+00 .2193E+00 .1644E-01 .2358E+00 .2193E+00 .1812E-02 .6564E-01
.1604E+04 .2459E+00 .2209E+00 .1824E-02 .1285E+00 .1267E+00 .2209E+00 .1655E-01 .2374E+00 .2209E+00 .1824E-02 .6610E-01
.1605E+04 .2456E+00 .2309E+00 .1911E-02 .1344E+00 .1325E+00 .2309E+00 .1731E-01 .2483E+00 .2309E+00 .1911E-02 .6911E-01
.1606E+04 .2429E+00 .2320E+00 .1920E-02 .1350E+00 .1331E+00 .2320E+00 .1739E-01 .2494E+00 .2320E+00 .1920E-02 .6943E-01
.1607E+04 .2450E+00 .2282E+00 .1883E-02 .1328E+00 .1309E+00 .2282E+00 .1710E-01 .2453E+00 .2282E+00 .1883E-02 .6829E-01
.1608E+04 .2461E+00 .2214E+00 .1821E-02 .1288E+00 .1270E+00 .2214E+00 .1658E-01 .2380E+00 .2214E+00 .1821E-02 .6626E-01
.1609E+04 .2387E+00 .2143E+00 .1760E-02 .1247E+00 .1229E+00 .2143E+00 .1605E-01 .2304E+00 .2143E+00 .1760E-02 .6413E-01
.1610E+04 .2338E+00 .2140E+00 .1759E-02 .1245E+00 .1228E+00 .2140E+00 .1603E-01 .2301E+00 .2140E+00 .1759E-02 .6408E-01
.1611E+04 .2382E+00 .2196E+00 .1804E-02 .1278E+00 .1260E+00 .2196E+00 .1647E-01 .2361E+00 .2196E+00 .1804E-02 .6583E-01
.1612E+04 .2402E+00 .2254E+00 .1851E-02 .1311E+00 .1293E+00 .2254E+00 .1691E-01 .2423E+00 .2254E+00 .1851E-02 .6760E-01
.1613E+04 .2417E+00 .2277E+00 .1869E-02 .1325E+00 .1306E+00 .2277E+00 .1708E-01 .2448E+00 .2277E+00 .1869E-02 .6830E-01
.1614E+04 .2411E+00 .2307E+00 .1894E-02 .1342E+00 .1323E+00 .2307E+00 .1731E-01 .2480E+00 .2307E+00 .1894E-02 .6922E-01
.1615E+04 .2354E+00 .2272E+00 .1864E-02 .1322E+00 .1303E+00 .2272E+00 .1705E-01 .2442E+00 .2272E+00 .1864E-02 .6819E-01
.1616E+04 .2319E+00 .2246E+00 .1842E-02 .1307E+00 .1288E+00 .2246E+00 .1687E-01 .2415E+00 .2246E+00 .1842E-02 .6750E-01
.1617E+04 .2373E+00 .2293E+00 .1879E-02 .1334E+00 .1315E+00 .2293E+00 .1724E-01 .2466E+00 .2293E+00 .1879E-02 .6899E-01
.1618E+04 .2404E+00 .2345E+00 .1920E-02 .1364E+00 .1345E+00 .2345E+00 .1763E-01 .2521E+00 .2345E+00 .1920E-02 .7053E-01
.1619E+04 .2374E+00 .2296E+00 .1877E-02 .1336E+00 .1317E+00 .2296E+00 .1726E-01 .2469E+00 .2296E+00 .1877E-02 .6907E-01
.1620E+04 .2308E+00 .2261E+00 .1848E-02 .1315E+00 .1297E+00 .2261E+00 .1699E-01 .2431E+00 .2261E+00 .1848E-02 .6801E-01
.1621E+04 .2339E+00 .2292E+00 .1871E-02 .1333E+00 .1314E+00 .2292E+00 .1722E-01 .2464E+00 .2292E+00 .1871E-02 .6893E-01
.1622E+04 .2376E+00 .2328E+00 .1899E-02 .1354E+00 .1335E+00 .2328E+00 .1749E-01 .2503E+00 .2328E+00 .1899E-02 .7002E-01
.1623E+04 .2409E+00 .2363E+00 .1925E-02 .1374E+00 .1355E+00 .2363E+00 .1775E-01 .2540E+00 .2363E+00 .1925E-02 .7106E-01
.1624E+04 .2389E+00 .2339E+00 .1903E-02 .1360E+00 .1341E+00 .2339E+00 .1756E-01 .2514E+00 .2339E+00 .1903E-02 .7034E-01
.1625E+04 .2379E+00 .2321E+00 .1887E-02 .1350E+00 .1331E+00 .2321E+00 .1743E-01 .2496E+00 .2321E+00 .1887E-02 .6982E-01
.1626E+04 .2388E+00 .2337E+00 .1898E-02 .1359E+00 .1340E+00 .2337E+00 .1754E-01 .2512E+00 .2337E+00 .1898E-02 .7028E-01
.1627E+04 .2402E+00 .2353E+00 .1909E-02 .1369E+00 .1350E+00 .2353E+00 .1766E-01 .2530E+00 .2353E+00 .1909E-02 .7078E-01
.1628E+04 .2403E+00 .2348E+00 .1903E-02 .1366E+00 .1347E+00 .2348E+00 .1762E-01 .2524E+00 .2348E+00 .1903E-02 .7063E-01
.1629E+04 .2375E+00 .2326E+00 .1883E-02 .1353E+00 .1334E+00 .2326E+00 .1745E-01 .2500E+00 .2326E+00 .1883E-02 .6995E-01
.1630E+04 .2365E+00 .2313E+00 .1870E-02 .1345E+00 .1327E+00 .2313E+00 .1735E-01 .2486E+00 .2313E+00 .1870E-02 .6956E-01
.1631E+04 .2368E+00 .2304E+00 .1861E-02 .1340E+00 .1322E+00 .2304E+00 .1728E-01 .2477E+00 .2304E+00 .1861E-02 .6930E-01
.1632E+04 .2355E+00 .2284E+00 .1842E-02 .1328E+00 .1310E+00 .2284E+00 .1712E-01 .2455E+00 .2284E+00 .1842E-02 .6868E-01
.1633E+04 .2317E+00 .2228E+00 .1794E-02 .1296E+00 .1278E+00 .2228E+00 .1670E-01 .2395E+00 .2228E+00 .1794E-02 .6700E-01
.1634E+04 .2328E+00 .2276E+00 .1833E-02 .1324E+00 .1306E+00 .2276E+00 .1707E-01 .2447E+00 .2276E+00 .1833E-02 .6848E-01
.1635E+04 .2342E+00 .2247E+00 .1805E-02 .1307E+00 .1289E+00 .2247E+00 .1684E-01 .2415E+00 .2247E+00 .1805E-02 .6759E-01
.1636E+04 .2292E+00 .2230E+00 .1791E-02 .1297E+00 .1279E+00 .2230E+00 .1671E-01 .2397E+00 .2230E+00 .1791E-02 .6707E-01
.1637E+04 .2252E+00 .2194E+00 .1761E-02 .1276E+00 .1259E+00 .2194E+00 .1645E-01 .2359E+00 .2194E+00 .1761E-02 .6601E-01
.1638E+04 .2198E+00 .2089E+00 .1672E-02 .1215E+00 .1198E+00 .2089E+00 .1565E-01 .2246E+00 .2089E+00 .1672E-02 .6285E-01
.1639E+04 .2208E+00 .2134E+00 .1708E-02 .1241E+00 .1224E+00 .2134E+00 .1598E-01 .2293E+00 .2134E+00 .1708E-02 .6418E-01
.1640E+04 .2213E+00 .2052E+00 .1636E-02 .1193E+00 .1177E+00 .2052E+00 .1536E-01 .2206E+00 .2052E+00 .1636E-02 .6172E-01
.1641E+04 .2201E+00 .2114E+00 .1688E-02 .1229E+00 .1213E+00 .2114E+00 .1583E-01 .2272E+00 .2114E+00 .1688E-02 .6359E-01
.1642E+04 .2225E+00 .2138E+00 .1705E-02 .1243E+00 .1226E+00 .2138E+00 .1601E-01 .2298E+00 .2138E+00 .1705E-02 .6432E-01
.1643E+04 .2236E+00 .2068E+00 .1643E-02 .1202E+00 .1186E+00 .2068E+00 .1547E-01 .2222E+00 .2068E+00 .1643E-02 .6219E-01
.1644E+04 .2218E+00 .2151E+00 .1713E-02 .1251E+00 .1233E+00 .2151E+00 .1610E-01 .2311E+00 .2151E+00 .1713E-02 .6469E-01
.1645E+04 .2235E+00 .2108E+00 .1674E-02 .1226E+00 .1209E+00 .2108E+00 .1578E-01 .2266E+00 .2108E+00 .1674E-02 .6342E-01
.1646E+04 .2256E+00 .2081E+00 .1648E-02 .1210E+00 .1193E+00 .2081E+00 .1556E-01 .2236E+00 .2081E+00 .1648E-02 .6258E-01
.1647E+04 .2257E+00 .2192E+00 .1740E-02 .1274E+00 .1257E+00 .2192E+00 .1640E-01 .2356E+00 .2192E+00 .1740E-02 .6592E-01
.1648E+04 .2240E+00 .2076E+00 .1641E-02 .1207E+00 .1191E+00 .2076E+00 .1552E-01 .2231E+00 .2076E+00 .1641E-02 .6243E-01
.1649E+04 .2231E+00 .2128E+00 .1684E-02 .1237E+00 .1221E+00 .2128E+00 .1592E-01 .2287E+00 .2128E+00 .1684E-02 .6401E-01
.1650E+04 .2237E+00 .2148E+00 .1699E-02 .1249E+00 .1232E+00 .2148E+00 .1606E-01 .2309E+00 .2148E+00 .1699E-02 .6461E-01
.1651E+04 .2233E+00 .2044E+00 .1610E-02 .1188E+00 .1172E+00 .2044E+00 .1527E-01 .2196E+00 .2044E+00 .1610E-02 .6146E-01
.1652E+04 .2243E+00 .2112E+00 .1665E-02 .1228E+00 .1212E+00 .2112E+00 .1579E-01 .2270E+00 .2112E+00 .1665E-02 .6352E-01
.1653E+04 .2244E+00 .2149E+00 .1694E-02 .1249E+00 .1232E+00 .2149E+00 .1604E-01 .2309E+00 .2149E+00 .1694E-02 .6455E-01
.1654E+04 .2238E+00 .2084E+00 .1637E-02 .1211E+00 .1195E+00 .2084E+00 .1554E-01 .2239E+00 .2084E+00 .1637E-02 .6253E-01
.1655E+04 .2242E+00 .2163E+00 .1703E-02 .1258E+00 .1241E+00 .2163E+00 .1613E-01 .2325E+00 .2163E+00 .1703E-02 .6490E-01
.1656E+04 .2252E+00 .2130E+00 .1673E-02 .1239E+00 .1222E+00 .2130E+00 .1588E-01 .2289E+00 .2130E+00 .1673E-02 .6391E-01
.1657E+04 .2247E+00 .2143E+00 .1682E-02 .1246E+00 .1229E+00 .2143E+00 .1597E-01 .2303E+00 .2143E+00 .1682E-02 .6429E-01
.1658E+04 .2238E+00 .2167E+00 .1700E-02 .1260E+00 .1243E+00 .2167E+00 .1614E-01 .2328E+00 .2167E+00 .1700E-02 .6493E-01
.1659E+04 .2231E+00 .2168E+00 .1699E-02 .1260E+00 .1243E+00 .2168E+00 .1612E-01 .2329E+00 .2168E+00 .1699E-02 .6488E-01
.1660E+04 .2249E+00 .2184E+00 .1710E-02 .1270E+00 .1252E+00 .2184E+00 .1623E-01 .2346E+00 .2184E+00 .1710E-02 .6530E-01
.1661E+04 .2248E+00 .2154E+00 .1683E-02 .1253E+00 .1236E+00 .2154E+00 .1599E-01 .2314E+00 .2154E+00 .1683E-02 .6436E-01
.1662E+04 .2230E+00 .2079E+00 .1619E-02 .1208E+00 .1192E+00 .2079E+00 .1541E-01 .2233E+00 .2079E+00 .1619E-02 .6204E-01
.1663E+04 .2219E+00 .2157E+00 .1683E-02 .1254E+00 .1237E+00 .2157E+00 .1598E-01 .2316E+00 .2157E+00 .1683E-02 .6431E-01
.1664E+04 .2214E+00 .2127E+00 .1656E-02 .1236E+00 .1220E+00 .2127E+00 .1574E-01 .2284E+00 .2127E+00 .1656E-02 .6336E-01
.1665E+04 .2195E+00 .2055E+00 .1596E-02 .1195E+00 .1179E+00 .2055E+00 .1519E-01 .2207E+00 .2055E+00 .1596E-02 .6118E-01
.1666E+04 .2188E+00 .1748E+00 .1342E-02 .1016E+00 .1003E+00 .1748E+00 .1289E-01 .1877E+00 .1748E+00 .1342E-02 .5198E-01
.1667E+04 .2175E+00 .2039E+00 .1580E-02 .1185E+00 .1170E+00 .2039E+00 .1504E-01 .2190E+00 .2039E+00 .1580E-02 .6058E-01
.1668E+04 .2153E+00 .2092E+00 .1624E-02 .1216E+00 .1200E+00 .2092E+00 .1543E-01 .2247E+00 .2092E+00 .1624E-02 .6209E-01
.1669E+04 .2184E+00 .2060E+00 .1593E-02 .1197E+00 .1181E+00 .2060E+00 .1516E-01 .2211E+00 .2060E+00 .1593E-02 .6105E-01
.1670E+04 .2191E+00 .2128E+00 .1647E-02 .1237E+00 .1220E+00 .2128E+00 .1565E-01 .2284E+00 .2128E+00 .1647E-02 .6300E-01
.1671E+04 .2150E+00 .2067E+00 .1597E-02 .1201E+00 .1185E+00 .2067E+00 .1519E-01 .2219E+00 .2067E+00 .1597E-02 .6114E-01
.1672E+04 .2106E+00 .2036E+00 .1572E-02 .1184E+00 .1168E+00 .2036E+00 .1495E-01 .2186E+00 .2036E+00 .1572E-02 .6018E-01
.1673E+04 .2145E+00 .2090E+00 .1613E-02 .1215E+00 .1199E+00 .2090E+00 .1533E-01 .2244E+00 .2090E+00 .1613E-02 .6172E-01
.1674E+04 .2143E+00 .2048E+00 .1577E-02 .1191E+00 .1175E+00 .2048E+00 .1501E-01 .2198E+00 .2048E+00 .1577E-02 .6042E-01
.1675E+04 .2101E+00 .2014E+00 .1549E-02 .1171E+00 .1155E+00 .2014E+00 .1474E-01 .2162E+00 .2014E+00 .1549E-02 .5936E-01
.1676E+04 .2105E+00 .2003E+00 .1538E-02 .1165E+00 .1149E+00 .2003E+00 .1465E-01 .2150E+00 .2003E+00 .1538E-02 .5898E-01
.1677E+04 .2121E+00 .2017E+00 .1547E-02 .1173E+00 .1157E+00 .2017E+00 .1474E-01 .2165E+00 .2017E+00 .1547E-02 .5934E-01
.1678E+04 .2104E+00 .1956E+00 .1497E-02 .1137E+00 .1122E+00 .1956E+00 .1427E-01 .2099E+00 .1956E+00 .1497E-02 .5748E-01
.1679E+04 .2064E+00 .2009E+00 .1540E-02 .1167E+00 .1152E+00 .2009E+00 .1464E-01 .2155E+00 .2009E+00 .1540E-02 .5896E-01
.1680E+04 .1991E+00 .1921E+00 .1470E-02 .1117E+00 .1102E+00 .1921E+00 .1399E-01 .2061E+00 .1921E+00 .1470E-02 .5635E-01
.1681E+04 .1972E+00 .1889E+00 .1444E-02 .1098E+00 .1084E+00 .1889E+00 .1376E-01 .2027E+00 .1889E+00 .1444E-02 .5543E-01
.1682E+04 .2025E+00 .1980E+00 .1514E-02 .1151E+00 .1136E+00 .1980E+00 .1442E-01 .2124E+00 .1980E+00 .1514E-02 .5808E-01
.1683E+04 .2070E+00 .2016E+00 .1539E-02 .1172E+00 .1156E+00 .2016E+00 .1467E-01 .2163E+00 .2016E+00 .1539E-02 .5909E-01
.1684E+04 .2093E+00 .1841E+00 .1395E-02 .1070E+00 .1056E+00 .1841E+00 .1337E-01 .1975E+00 .1841E+00 .1395E-02 .5391E-01
.1685E+04 .2094E+00 .2047E+00 .1559E-02 .1190E+00 .1174E+00 .2047E+00 .1487E-01 .2195E+00 .2047E+00 .1559E-02 .5990E-01
.1686E+04 .2090E+00 .2034E+00 .1548E-02 .1182E+00 .1167E+00 .2034E+00 .1478E-01 .2182E+00 .2034E+00 .1548E-02 .5953E-01
.1687E+04 .2090E+00 .1947E+00 .1476E-02 .1132E+00 .1117E+00 .1947E+00 .1414E-01 .2089E+00 .1947E+00 .1476E-02 .5699E-01
.1688E+04 .2087E+00 .2031E+00 .1542E-02 .1180E+00 .1165E+00 .2031E+00 .1474E-01 .2178E+00 .2031E+00 .1542E-02 .5938E-01
.1689E+04 .2066E+00 .1996E+00 .1513E-02 .1160E+00 .1145E+00 .1996E+00 .1447E-01 .2140E+00 .1996E+00 .1513E-02 .5829E-01
.1690E+04 .2089E+00 .1975E+00 .1493E-02 .1147E+00 .1133E+00 .1975E+00 .1429E-01 .2117E+00 .1975E+00 .1493E-02 .5762E-01
.1691E+04 .2101E+00 .1720E+00 .1287E-02 .9994E-01 .9866E-01 .1720E+00 .1242E-01 .1844E+00 .1720E+00 .1287E-02 .5014E-01
.1692E+04 .2103E+00 .1958E+00 .1476E-02 .1138E+00 .1123E+00 .1958E+00 .1414E-01 .2100E+00 .1958E+00 .1476E-02 .5701E-01
.1693E+04 .2099E+00 .2051E+00 .1550E-02 .1192E+00 .1176E+00 .2051E+00 .1482E-01 .2199E+00 .2051E+00 .1550E-02 .5972E-01
.1694E+04 .2094E+00 .1948E+00 .1466E-02 .1132E+00 .1117E+00 .1948E+00 .1407E-01 .2089E+00 .1948E+00 .1466E-02 .5672E-01
.1695E+04 .2089E+00 .2031E+00 .1531E-02 .1180E+00 .1165E+00 .2031E+00 .1466E-01 .2178E+00 .2031E+00 .1531E-02 .5911E-01
.1696E+04 .2082E+00 .2020E+00 .1521E-02 .1174E+00 .1158E+00 .2020E+00 .1457E-01 .2165E+00 .2020E+00 .1521E-02 .5872E-01
.1697E+04 .2079E+00 .1533E+00 .1133E-02 .8906E-01 .8793E-01 .1533E+00 .1102E-01 .1643E+00 .1533E+00 .1133E-02 .4453E-01
.1698E+04 .2077E+00 .2010E+00 .1510E-02 .1168E+00 .1153E+00 .2010E+00 .1448E-01 .2155E+00 .2010E+00 .1510E-02 .5838E-01
.1699E+04 .2061E+00 .1958E+00 .1468E-02 .1138E+00 .1123E+00 .1958E+00 .1410E-01 .2099E+00 .1958E+00 .1468E-02 .5688E-01
.1700E+04 .2044E+00 .1892E+00 .1415E-02 .1100E+00 .1085E+00 .1892E+00 .1362E-01 .2028E+00 .1892E+00 .1415E-02 .5496E-01
.1702E+04 .2027E+00 .1968E+00 .1473E-02 .1144E+00 .1129E+00 .1968E+00 .1417E-01 .2110E+00 .1968E+00 .1473E-02 .5716E-01
.1705E+04 .2029E+00 .1874E+00 .1394E-02 .1089E+00 .1075E+00 .1874E+00 .1348E-01 .2009E+00 .1874E+00 .1394E-02 .5440E-01
.1710E+04 .1982E+00 .1763E+00 .1302E-02 .1024E+00 .1011E+00 .1763E+00 .1263E-01 .1889E+00 .1763E+00 .1302E-02 .5104E-01
.1715E+04 .1994E+00 .1738E+00 .1276E-02 .1010E+00 .9970E-01 .1738E+00 .1242E-01 .1862E+00 .1738E+00 .1276E-02 .5022E-01
.1720E+04 .1960E+00 .1744E+00 .1276E-02 .1013E+00 .1000E+00 .1744E+00 .1246E-01 .1868E+00 .1744E+00 .1276E-02 .5038E-01
.1725E+04 .1934E+00 .1598E+00 .1158E-02 .9280E-01 .9164E-01 .1598E+00 .1140E-01 .1712E+00 .1598E+00 .1158E-02 .4616E-01
.1730E+04 .1912E+00 .1574E+00 .1136E-02 .9142E-01 .9029E-01 .1574E+00 .1120E-01 .1686E+00 .1574E+00 .1136E-02 .4538E-01
.1735E+04 .1815E+00 .1444E+00 .1035E-02 .8387E-01 .8283E-01 .1444E+00 .1027E-01 .1547E+00 .1444E+00 .1035E-02 .4163E-01
.1740E+04 .1849E+00 .1478E+00 .1056E-02 .8585E-01 .8480E-01 .1478E+00 .1053E-01 .1584E+00 .1478E+00 .1056E-02 .4272E-01
.1745E+04 .1858E+00 .1377E+00 .9747E-03 .7998E-01 .7900E-01 .1377E+00 .9795E-02 .1475E+00 .1377E+00 .9747E-03 .3980E-01
.1750E+04 .1844E+00 .1494E+00 .1058E-02 .8673E-01 .8567E-01 .1494E+00 .1063E-01 .1600E+00 .1494E+00 .1058E-02 .4317E-01
.1755E+04 .1843E+00 .1324E+00 .9280E-03 .7689E-01 .7596E-01 .1324E+00 .9426E-02 .1419E+00 .1324E+00 .9280E-03 .3836E-01
.1760E+04 .1817E+00 .1415E+00 .9922E-03 .8213E-01 .8114E-01 .1415E+00 .1009E-01 .1516E+00 .1415E+00 .9922E-03 .4109E-01
.1765E+04 .1798E+00 .1082E+00 .7450E-03 .6282E-01 .6208E-01 .1082E+00 .7702E-02 .1159E+00 .1082E+00 .7450E-03 .3143E-01
.1770E+04 .1784E+00 .1097E+00 .7536E-03 .6368E-01 .6293E-01 .1097E+00 .7825E-02 .1175E+00 .1097E+00 .7536E-03 .3195E-01
.1775E+04 .1759E+00 .8159E-01 .5504E-03 .4735E-01 .4680E-01 .8159E-01 .5807E-02 .8740E-01 .8159E-01 .5504E-03 .2377E-01
.1780E+04 .1736E+00 .7040E-01 .4703E-03 .4085E-01 .4038E-01 .7040E-01 .5013E-02 .7541E-01 .7040E-01 .4703E-03 .2055E-01
.1785E+04 .1727E+00 .4564E-01 .2988E-03 .2648E-01 .2618E-01 .4564E-01 .3248E-02 .4889E-01 .4564E-01 .2988E-03 .1336E-01
.1790E+04 .1722E+00 .5781E-01 .3805E-03 .3354E-01 .3316E-01 .5781E-01 .4126E-02 .6194E-01 .5781E-01 .3805E-03 .1696E-01
.1795E+04 .1702E+00 .1850E-01 .1176E-03 .1073E-01 .1061E-01 .1850E-01 .1318E-02 .1982E-01 .1850E-01 .1176E-03 .5442E-02
.1800E+04 .1683E+00 .1566E-01 .9859E-04 .9080E-02 .8981E-02 .1566E-01 .1114E-02 .1677E-01 .1566E-01 .9859E-04 .4609E-02
.1805E+04 .1669E+00 .3890E-02 .2408E-04 .2255E-02 .2231E-02 .3890E-02 .2767E-03 .4167E-02 .3890E-02 .2408E-04 .1147E-02
.1810E+04 .1655E+00 .2437E-02 .1491E-04 .1413E-02 .1398E-02 .2437E-02 .1731E-03 .2610E-02 .2437E-02 .1491E-04 .7187E-03
.1815E+04 .1584E+00 .4295E-03 .2631E-05 .2490E-03 .2463E-03 .4295E-03 .3052E-04 .4600E-03 .4295E-03 .2631E-05 .1267E-03
.1820E+04 .1556E+00 .6076E-04 .3727E-06 .3522E-04 .3485E-04 .6076E-04 .4327E-05 .6508E-04 .6076E-04 .3727E-06 .1797E-04
.1825E+04 .1600E+00 .1019E-03 .6222E-06 .5907E-04 .5845E-04 .1019E-03 .7270E-05 .1092E-03 .1019E-03 .6222E-06 .3021E-04
.1830E+04 .1593E+00 .5592E-07 .3486E-09 .3242E-07 .3208E-07 .5592E-07 .3998E-08 .5992E-07 .5592E-07 .3486E-09 .1657E-07
.1835E+04 .1577E+00 .4391E-07 .2700E-09 .2546E-07 .2519E-07 .4391E-07 .3129E-08 .4704E-07 .4391E-07 .2700E-09 .1299E-07
.1840E+04 .1556E+00 .4467E-09 .2801E-11 .2590E-09 .2562E-09 .4467E-09 .3184E-10 .4785E-09 .4467E-09 .2801E-11 .1319E-09
.1845E+04 .1531E+00 .1067E-07 .6763E-10 .6186E-08 .6118E-08 .1067E-07 .7605E-09 .1143E-07 .1067E-07 .6763E-10 .3145E-08
.1850E+04 .1534E+00 .3185E-08 .2023E-10 .1847E-08 .1827E-08 .3185E-08 .2261E-09 .3411E-08 .3185E-08 .2023E-10 .9339E-09
.1855E+04 .1521E+00 .1099E-08 .6839E-11 .6371E-09 .6302E-09 .1099E-08 .7711E-10 .1176E-08 .1099E-08 .6839E-11 .3190E-09
.1860E+04 .1501E+00 .2474E-06 .1498E-08 .1434E-06 .1419E-06 .2474E-06 .1711E-07 .2645E-06 .2474E-06 .1498E-08 .7090E-07
.1865E+04 .1480E+00 .1393E-06 .8489E-09 .8072E-07 .7987E-07 .1393E-06 .9401E-08 .1487E-06 .1393E-06 .8489E-09 .3879E-07
.1870E+04 .1456E+00 .2848E-13 .1844E-15 .1652E-13 .1634E-13 .2848E-13 .1905E-14 .3039E-13 .2848E-13 .1844E-15 .7782E-14
.1875E+04 .1349E+00 .6133E-13 .3947E-15 .3557E-13 .3518E-13 .6133E-13 .4004E-14 .6533E-13 .6133E-13 .3947E-15 .1632E-13
.1880E+04 .1425E+00 .1670E-05 .9960E-08 .9677E-06 .9578E-06 .1670E-05 .1058E-06 .1776E-05 .1670E-05 .9960E-08 .4341E-06
.1885E+04 .1432E+00 .1069E-05 .6365E-08 .6194E-06 .6130E-06 .1069E-05 .6672E-07 .1135E-05 .1069E-05 .6365E-08 .2732E-06
.1890E+04 .1410E+00 .3475E-05 .2074E-07 .2014E-05 .1993E-05 .3475E-05 .2139E-06 .3689E-05 .3475E-05 .2074E-07 .8738E-06
.1895E+04 .1379E+00 .3104E-05 .1833E-07 .1799E-05 .1780E-05 .3104E-05 .1844E-06 .3288E-05 .3104E-05 .1833E-07 .7503E-06
.1900E+04 .1389E+00 .3532E-08 .2131E-10 .2047E-08 .2026E-08 .3532E-08 .2058E-09 .3738E-08 .3532E-08 .2131E-10 .8322E-09
.1905E+04 .1382E+00 .3215E-08 .1925E-10 .1863E-08 .1844E-08 .3215E-08 .1887E-09 .3404E-08 .3215E-08 .1925E-10 .7650E-09
.1910E+04 .1367E+00 .2178E-06 .1293E-08 .1262E-06 .1249E-06 .2178E-06 .1214E-07 .2299E-06 .2178E-06 .1293E-08 .4886E-07
.1915E+04 .1358E+00 .4550E-06 .2661E-08 .2637E-06 .2610E-06 .4550E-06 .2517E-07 .4802E-06 .4550E-06 .2661E-08 .1014E-06
.1920E+04 .1342E+00 .8689E-05 .5072E-07 .5035E-05 .4984E-05 .8689E-05 .4811E-06 .9170E-05 .8689E-05 .5072E-07 .1940E-05
.1925E+04 .1335E+00 .3962E-04 .2284E-06 .2295E-04 .2272E-04 .3962E-04 .2197E-05 .4181E-04 .3962E-04 .2284E-06 .8880E-05
.1930E+04 .1304E+00 .3493E-04 .1997E-06 .2023E-04 .2003E-04 .3493E-04 .1946E-05 .3687E-04 .3493E-04 .1997E-06 .7882E-05
.1935E+04 .1303E+00 .4901E-03 .2779E-05 .2839E-03 .2811E-03 .4901E-03 .2747E-04 .5176E-03 .4901E-03 .2779E-05 .1115E-03
.1940E+04 .1273E+00 .6820E-03 .3837E-05 .3950E-03 .3912E-03 .6820E-03 .3830E-04 .7203E-03 .6820E-03 .3837E-05 .1556E-03
.1945E+04 .1204E+00 .3368E-02 .1905E-04 .1951E-02 .1932E-02 .3368E-02 .1904E-03 .3558E-02 .3368E-02 .1905E-04 .7737E-03
.1950E+04 .1247E+00 .7011E-02 .3971E-04 .4061E-02 .4021E-02 .7011E-02 .3995E-03 .7410E-02 .7011E-02 .3971E-04 .1626E-02
.1955E+04 .1268E+00 .3056E-02 .1722E-04 .1770E-02 .1753E-02 .3056E-02 .1765E-03 .3232E-02 .3056E-02 .1722E-04 .7204E-03
.1960E+04 .1252E+00 .1138E-01 .6457E-04 .6589E-02 .6525E-02 .1138E-01 .6661E-03 .1204E-01 .1138E-01 .6457E-04 .2720E-02
.1965E+04 .1231E+00 .1773E-01 .1011E-03 .1027E-01 .1017E-01 .1773E-01 .1049E-02 .1878E-01 .1773E-01 .1011E-03 .4286E-02
.1970E+04 .1226E+00 .3519E-01 .2034E-03 .2039E-01 .2018E-01 .3519E-01 .2102E-02 .3729E-01 .3519E-01 .2034E-03 .8582E-02
.1975E+04 .1205E+00 .4550E-01 .2646E-03 .2636E-01 .2610E-01 .4550E-01 .2735E-02 .4823E-01 .4550E-01 .2646E-03 .1117E-01
.1980E+04 .1192E+00 .5768E-01 .3375E-03 .3342E-01 .3309E-01 .5768E-01 .3491E-02 .6118E-01 .5768E-01 .3375E-03 .1426E-01
.1985E+04 .1184E+00 .6597E-01 .3874E-03 .3822E-01 .3784E-01 .6597E-01 .4034E-02 .7000E-01 .6597E-01 .3874E-03 .1649E-01
.1990E+04 .1183E+00 .6507E-01 .3813E-03 .3770E-01 .3732E-01 .6507E-01 .3991E-02 .6906E-01 .6507E-01 .3813E-03 .1632E-01
.1995E+04 .1163E+00 .6627E-01 .3879E-03 .3840E-01 .3801E-01 .6627E-01 .4058E-02 .7033E-01 .6627E-01 .3879E-03 .1660E-01
.2000E+04 .1160E+00 .3331E-01 .2066E-03 .1931E-01 .1911E-01 .3331E-01 .2052E-02 .3537E-01 .3331E-01 .2066E-03 .8329E-02
.2005E+04 .1148E+00 .1231E-01 .7462E-04 .7135E-02 .7060E-02 .1231E-01 .7520E-03 .1306E-01 .1231E-01 .7462E-04 .3060E-02
.2010E+04 .1145E+00 .3979E-01 .2456E-03 .2307E-01 .2282E-01 .3979E-01 .2421E-02 .4221E-01 .3979E-01 .2456E-03 .9814E-02
.2015E+04 .1135E+00 .2330E-01 .1414E-03 .1350E-01 .1336E-01 .2330E-01 .1400E-02 .2470E-01 .2330E-01 .1414E-03 .5683E-02
.2020E+04 .1115E+00 .4037E-01 .2469E-03 .2340E-01 .2316E-01 .4037E-01 .2409E-02 .4278E-01 .4037E-01 .2469E-03 .9752E-02
.2025E+04 .1109E+00 .6820E-01 .4217E-03 .3954E-01 .3912E-01 .6820E-01 .4038E-02 .7224E-01 .6820E-01 .4217E-03 .1629E-01
.2030E+04 .1092E+00 .7433E-01 .4587E-03 .4309E-01 .4263E-01 .7433E-01 .4350E-02 .7868E-01 .7433E-01 .4587E-03 .1752E-01
.2035E+04 .1082E+00 .8999E-01 .5567E-03 .5217E-01 .5162E-01 .8999E-01 .5227E-02 .9522E-01 .8999E-01 .5567E-03 .2102E-01
.2040E+04 .1077E+00 .8218E-01 .5041E-03 .4764E-01 .4714E-01 .8218E-01 .4730E-02 .8691E-01 .8218E-01 .5041E-03 .1902E-01
.2045E+04 .1078E+00 .8500E-01 .5194E-03 .4927E-01 .4875E-01 .8500E-01 .4858E-02 .8986E-01 .8500E-01 .5194E-03 .1952E-01
.2050E+04 .1065E+00 .6657E-01 .4014E-03 .3858E-01 .3818E-01 .6657E-01 .3775E-02 .7034E-01 .6657E-01 .4014E-03 .1519E-01
.2055E+04 .1054E+00 .5335E-01 .3181E-03 .3092E-01 .3060E-01 .5335E-01 .3005E-02 .5636E-01 .5335E-01 .3181E-03 .1210E-01
.2060E+04 .1038E+00 .6543E-01 .3909E-03 .3792E-01 .3753E-01 .6543E-01 .3675E-02 .6910E-01 .6543E-01 .3909E-03 .1479E-01
.2065E+04 .1030E+00 .6041E-01 .3584E-03 .3501E-01 .3465E-01 .6041E-01 .3380E-02 .6379E-01 .6041E-01 .3584E-03 .1361E-01
.2070E+04 .1024E+00 .6339E-01 .3750E-03 .3674E-01 .3636E-01 .6339E-01 .3527E-02 .6692E-01 .6339E-01 .3750E-03 .1419E-01
.2075E+04 .1023E+00 .7608E-01 .4506E-03 .4409E-01 .4364E-01 .7608E-01 .4222E-02 .8030E-01 .7608E-01 .4506E-03 .1698E-01
.2080E+04 .1007E+00 .8416E-01 .4984E-03 .4877E-01 .4827E-01 .8416E-01 .4664E-02 .8883E-01 .8416E-01 .4984E-03 .1875E-01
.2085E+04 .9979E-01 .8290E-01 .4886E-03 .4804E-01 .4755E-01 .8290E-01 .4591E-02 .8749E-01 .8290E-01 .4886E-03 .1846E-01
.2090E+04 .9881E-01 .8768E-01 .5159E-03 .5081E-01 .5029E-01 .8768E-01 .4863E-02 .9255E-01 .8768E-01 .5159E-03 .1957E-01
.2095E+04 .9735E-01 .8741E-01 .5121E-03 .5065E-01 .5013E-01 .8741E-01 .4837E-02 .9224E-01 .8741E-01 .5121E-03 .1947E-01
.2100E+04 .9751E-01 .8075E-01 .4695E-03 .4679E-01 .4632E-01 .8075E-01 .4464E-02 .8522E-01 .8075E-01 .4695E-03 .1799E-01
.2105E+04 .9690E-01 .9186E-01 .5347E-03 .5323E-01 .5269E-01 .9186E-01 .5092E-02 .9696E-01 .9186E-01 .5347E-03 .2053E-01
.2110E+04 .9579E-01 .8691E-01 .5030E-03 .5035E-01 .4985E-01 .8691E-01 .4835E-02 .9174E-01 .8691E-01 .5030E-03 .1952E-01
.2115E+04 .9495E-01 .9007E-01 .5199E-03 .5218E-01 .5166E-01 .9007E-01 .5009E-02 .9508E-01 .9007E-01 .5199E-03 .2023E-01
.2120E+04 .9376E-01 .8362E-01 .4795E-03 .4844E-01 .4796E-01 .8362E-01 .4665E-02 .8829E-01 .8362E-01 .4795E-03 .1887E-01
.2125E+04 .9291E-01 .8557E-01 .4892E-03 .4957E-01 .4908E-01 .8557E-01 .4786E-02 .9036E-01 .8557E-01 .4892E-03 .1937E-01
.2130E+04 .9283E-01 .8717E-01 .4967E-03 .5050E-01 .5000E-01 .8717E-01 .4888E-02 .9206E-01 .8717E-01 .4967E-03 .1981E-01
.2135E+04 .9171E-01 .8812E-01 .5005E-03 .5105E-01 .5055E-01 .8812E-01 .4960E-02 .9308E-01 .8812E-01 .5005E-03 .2012E-01
.2140E+04 .9147E-01 .8939E-01 .5058E-03 .5178E-01 .5127E-01 .8939E-01 .5034E-02 .9442E-01 .8939E-01 .5058E-03 .2044E-01
.2145E+04 .9065E-01 .8850E-01 .4985E-03 .5126E-01 .5076E-01 .8850E-01 .4982E-02 .9348E-01 .8850E-01 .4985E-03 .2024E-01
.2150E+04 .9013E-01 .8021E-01 .4480E-03 .4645E-01 .4601E-01 .8021E-01 .4510E-02 .8472E-01 .8021E-01 .4480E-03 .1834E-01
.2155E+04 .8927E-01 .8063E-01 .4486E-03 .4670E-01 .4625E-01 .8063E-01 .4537E-02 .8517E-01 .8063E-01 .4486E-03 .1846E-01
.2160E+04 .8784E-01 .8028E-01 .4448E-03 .4649E-01 .4605E-01 .8028E-01 .4509E-02 .8479E-01 .8028E-01 .4448E-03 .1836E-01
.2165E+04 .8275E-01 .7284E-01 .4011E-03 .4218E-01 .4178E-01 .7284E-01 .4088E-02 .7693E-01 .7284E-01 .4011E-03 .1666E-01
.2170E+04 .8514E-01 .7873E-01 .4323E-03 .4559E-01 .4516E-01 .7873E-01 .4418E-02 .8314E-01 .7873E-01 .4323E-03 .1800E-01
.2175E+04 .8568E-01 .7540E-01 .4113E-03 .4366E-01 .4325E-01 .7540E-01 .4227E-02 .7963E-01 .7540E-01 .4113E-03 .1724E-01
.2180E+04 .8497E-01 .7922E-01 .4312E-03 .4587E-01 .4544E-01 .7922E-01 .4440E-02 .8366E-01 .7922E-01 .4312E-03 .1812E-01
.2185E+04 .8464E-01 .6735E-01 .3625E-03 .3899E-01 .3863E-01 .6735E-01 .3769E-02 .7111E-01 .6735E-01 .3625E-03 .1540E-01
.2190E+04 .8364E-01 .7532E-01 .4055E-03 .4361E-01 .4320E-01 .7532E-01 .4216E-02 .7954E-01 .7532E-01 .4055E-03 .1723E-01
.2195E+04 .8342E-01 .7433E-01 .3981E-03 .4303E-01 .4263E-01 .7433E-01 .4158E-02 .7849E-01 .7433E-01 .3981E-03 .1700E-01
.2200E+04 .8263E-01 .6718E-01 .3567E-03 .3889E-01 .3853E-01 .6718E-01 .3742E-02 .7092E-01 .6718E-01 .3567E-03 .1531E-01
.2205E+04 .8073E-01 .6932E-01 .3670E-03 .4012E-01 .3976E-01 .6932E-01 .3849E-02 .7316E-01 .6932E-01 .3670E-03 .1575E-01
.2210E+04 .8053E-01 .7650E-01 .4047E-03 .4429E-01 .4388E-01 .7650E-01 .4242E-02 .8075E-01 .7650E-01 .4047E-03 .1735E-01
.2215E+04 .8024E-01 .7249E-01 .3807E-03 .4196E-01 .4158E-01 .7249E-01 .4005E-02 .7649E-01 .7249E-01 .3807E-03 .1639E-01
.2220E+04 .7974E-01 .7579E-01 .3969E-03 .4387E-01 .4347E-01 .7579E-01 .4174E-02 .7996E-01 .7579E-01 .3969E-03 .1708E-01
.2225E+04 .7873E-01 .7283E-01 .3789E-03 .4215E-01 .4177E-01 .7283E-01 .3990E-02 .7682E-01 .7283E-01 .3789E-03 .1633E-01
.2230E+04 .7832E-01 .7479E-01 .3876E-03 .4329E-01 .4290E-01 .7479E-01 .4078E-02 .7887E-01 .7479E-01 .3876E-03 .1670E-01
.2235E+04 .7766E-01 .7255E-01 .3735E-03 .4199E-01 .4161E-01 .7255E-01 .3930E-02 .7648E-01 .7255E-01 .3735E-03 .1609E-01
.2240E+04 .7661E-01 .7244E-01 .3711E-03 .4192E-01 .4155E-01 .7244E-01 .3899E-02 .7634E-01 .7244E-01 .3711E-03 .1596E-01
.2245E+04 .7621E-01 .6977E-01 .3549E-03 .4037E-01 .4002E-01 .6977E-01 .3721E-02 .7349E-01 .6977E-01 .3549E-03 .1522E-01
.2250E+04 .7546E-01 .7131E-01 .3606E-03 .4126E-01 .4090E-01 .7131E-01 .3728E-02 .7504E-01 .7131E-01 .3606E-03 .1522E-01
.2255E+04 .7461E-01 .6745E-01 .3384E-03 .3902E-01 .3869E-01 .6745E-01 .3488E-02 .7093E-01 .6745E-01 .3384E-03 .1424E-01
.2260E+04 .7419E-01 .6654E-01 .3316E-03 .3850E-01 .3816E-01 .6654E-01 .3387E-02 .6992E-01 .6654E-01 .3316E-03 .1381E-01
.2265E+04 .7352E-01 .6785E-01 .3364E-03 .3925E-01 .3891E-01 .6785E-01 .3417E-02 .7126E-01 .6785E-01 .3364E-03 .1391E-01
.2270E+04 .7323E-01 .6471E-01 .3185E-03 .3743E-01 .3711E-01 .6471E-01 .3236E-02 .6794E-01 .6471E-01 .3185E-03 .1318E-01
.2275E+04 .7269E-01 .6386E-01 .3125E-03 .3694E-01 .3663E-01 .6386E-01 .3182E-02 .6704E-01 .6386E-01 .3125E-03 .1297E-01
.2280E+04 .7147E-01 .6576E-01 .3207E-03 .3804E-01 .3772E-01 .6576E-01 .3274E-02 .6903E-01 .6576E-01 .3207E-03 .1335E-01
.2285E+04 .7108E-01 .6255E-01 .3028E-03 .3618E-01 .3588E-01 .6255E-01 .3103E-02 .6565E-01 .6255E-01 .3028E-03 .1266E-01
.2290E+04 .7069E-01 .6242E-01 .3006E-03 .3610E-01 .3580E-01 .6242E-01 .3086E-02 .6550E-01 .6242E-01 .3006E-03 .1259E-01
.2295E+04 .6914E-01 .6075E-01 .2909E-03 .3513E-01 .3484E-01 .6075E-01 .3001E-02 .6375E-01 .6075E-01 .2909E-03 .1225E-01
.2300E+04 .6923E-01 .5750E-01 .2733E-03 .3325E-01 .3298E-01 .5750E-01 .2838E-02 .6033E-01 .5750E-01 .2733E-03 .1160E-01
.2305E+04 .6902E-01 .5757E-01 .2721E-03 .3329E-01 .3302E-01 .5757E-01 .2830E-02 .6040E-01 .5757E-01 .2721E-03 .1157E-01
.2310E+04 .6848E-01 .6053E-01 .2851E-03 .3500E-01 .3472E-01 .6053E-01 .2974E-02 .6350E-01 .6053E-01 .2851E-03 .1216E-01
.2315E+04 .6764E-01 .5564E-01 .2600E-03 .3218E-01 .3192E-01 .5564E-01 .2732E-02 .5838E-01 .5564E-01 .2600E-03 .1118E-01
.2320E+04 .6675E-01 .4820E-01 .2229E-03 .2787E-01 .2765E-01 .4820E-01 .2363E-02 .5056E-01 .4820E-01 .2229E-03 .9686E-02
.2325E+04 .6538E-01 .5011E-01 .2309E-03 .2897E-01 .2874E-01 .5011E-01 .2456E-02 .5257E-01 .5011E-01 .2309E-03 .1007E-01
.2330E+04 .6565E-01 .5156E-01 .2365E-03 .2981E-01 .2958E-01 .5156E-01 .2525E-02 .5409E-01 .5156E-01 .2365E-03 .1036E-01
.2335E+04 .6513E-01 .5439E-01 .2486E-03 .3145E-01 .3120E-01 .5439E-01 .2665E-02 .5705E-01 .5439E-01 .2486E-03 .1094E-01
.2340E+04 .6491E-01 .3787E-01 .1700E-03 .2189E-01 .2172E-01 .3787E-01 .1856E-02 .3973E-01 .3787E-01 .1700E-03 .7638E-02
.2345E+04 .6465E-01 .4697E-01 .2112E-03 .2715E-01 .2694E-01 .4697E-01 .2302E-02 .4927E-01 .4697E-01 .2112E-03 .9473E-02
.2350E+04 .6355E-01 .3453E-01 .1528E-03 .1996E-01 .1980E-01 .3453E-01 .1689E-02 .3622E-01 .3453E-01 .1528E-03 .6966E-02
.2355E+04 .6224E-01 .4235E-01 .1878E-03 .2448E-01 .2429E-01 .4235E-01 .2073E-02 .4443E-01 .4235E-01 .1878E-03 .8544E-02
.2360E+04 .6250E-01 .4506E-01 .1990E-03 .2605E-01 .2585E-01 .4506E-01 .2204E-02 .4727E-01 .4506E-01 .1990E-03 .9090E-02
.2365E+04 .6234E-01 .4138E-01 .1811E-03 .2392E-01 .2374E-01 .4138E-01 .2018E-02 .4340E-01 .4138E-01 .1811E-03 .8328E-02
.2370E+04 .6161E-01 .2225E-01 .9504E-04 .1286E-01 .1276E-01 .2225E-01 .1084E-02 .2334E-01 .2225E-01 .9504E-04 .4489E-02
.2375E+04 .6093E-01 .3703E-01 .1596E-03 .2140E-01 .2124E-01 .3703E-01 .1806E-02 .3884E-01 .3703E-01 .1596E-03 .7470E-02
.2380E+04 .6059E-01 .3266E-01 .1393E-03 .1887E-01 .1873E-01 .3266E-01 .1591E-02 .3425E-01 .3266E-01 .1393E-03 .6587E-02
.2385E+04 .5860E-01 .2231E-01 .9359E-04 .1289E-01 .1279E-01 .2231E-01 .1084E-02 .2339E-01 .2231E-01 .9359E-04 .4499E-02
.2390E+04 .5910E-01 .2813E-01 .1180E-03 .1626E-01 .1614E-01 .2813E-01 .1364E-02 .2950E-01 .2813E-01 .1180E-03 .5657E-02
.2395E+04 .5888E-01 .3229E-01 .1352E-03 .1866E-01 .1852E-01 .3229E-01 .1564E-02 .3386E-01 .3229E-01 .1352E-03 .6486E-02
.2400E+04 .5851E-01 .3511E-01 .1464E-03 .2028E-01 .2014E-01 .3511E-01 .1689E-02 .3680E-01 .3511E-01 .1464E-03 .7004E-02
.2405E+04 .5817E-01 .2465E-01 .1009E-03 .1424E-01 .1414E-01 .2465E-01 .1179E-02 .2582E-01 .2465E-01 .1009E-03 .4896E-02
.2410E+04 .5773E-01 .2382E-01 .9681E-04 .1376E-01 .1366E-01 .2382E-01 .1132E-02 .2495E-01 .2382E-01 .9681E-04 .4703E-02
.2415E+04 .5600E-01 .1730E-01 .6932E-04 .9993E-02 .9924E-02 .1730E-01 .8154E-03 .1812E-01 .1730E-01 .6932E-04 .3390E-02
.2420E+04 .5626E-01 .1764E-01 .7014E-04 .1019E-01 .1012E-01 .1764E-01 .8264E-03 .1846E-01 .1764E-01 .7014E-04 .3437E-02
.2425E+04 .5606E-01 .2386E-01 .9490E-04 .1378E-01 .1368E-01 .2386E-01 .1099E-02 .2495E-01 .2386E-01 .9490E-04 .4562E-02
.2430E+04 .5584E-01 .3377E-01 .1348E-03 .1951E-01 .1937E-01 .3377E-01 .1543E-02 .3532E-01 .3377E-01 .1348E-03 .6390E-02
.2435E+04 .5519E-01 .7683E-02 .2939E-04 .4436E-02 .4407E-02 .7683E-02 .3456E-03 .8028E-02 .7683E-02 .2939E-04 .1437E-02
.2440E+04 .5505E-01 .3137E-01 .1229E-03 .1812E-01 .1799E-01 .3137E-01 .1386E-02 .3276E-01 .3137E-01 .1229E-03 .5729E-02
.2445E+04 .5433E-01 .1206E-01 .4576E-04 .6964E-02 .6919E-02 .1206E-01 .5217E-03 .1258E-01 .1206E-01 .4576E-04 .2161E-02
.2450E+04 .5341E-01 .6728E-02 .2510E-04 .3884E-02 .3859E-02 .6728E-02 .2883E-03 .7016E-02 .6728E-02 .2510E-04 .1195E-02
.2455E+04 .5300E-01 .1471E-01 .5514E-04 .8490E-02 .8435E-02 .1471E-01 .6239E-03 .1533E-01 .1471E-01 .5514E-04 .2581E-02
.2460E+04 .5314E-01 .2189E-01 .8224E-04 .1264E-01 .1255E-01 .2189E-01 .9185E-03 .2281E-01 .2189E-01 .8224E-04 .3793E-02
.2465E+04 .5302E-01 .1311E-01 .4831E-04 .7568E-02 .7520E-02 .1311E-01 .5428E-03 .1365E-01 .1311E-01 .4831E-04 .2244E-02
.2470E+04 .5220E-01 .6318E-02 .2286E-04 .3646E-02 .3624E-02 .6318E-02 .2592E-03 .6577E-02 .6318E-02 .2286E-04 .1073E-02
.2475E+04 .5210E-01 .7029E-02 .2525E-04 .4057E-02 .4032E-02 .7029E-02 .2858E-03 .7315E-02 .7029E-02 .2525E-04 .1183E-02
.2480E+04 .5103E-01 .2308E-02 .8179E-05 .1332E-02 .1324E-02 .2308E-02 .9261E-04 .2400E-02 .2308E-02 .8179E-05 .3832E-03
.2485E+04 .5068E-01 .1440E-02 .5055E-05 .8310E-03 .8259E-03 .1440E-02 .5706E-04 .1497E-02 .1440E-02 .5055E-05 .2360E-03
.2490E+04 .5082E-01 .5588E-03 .1941E-05 .3225E-03 .3205E-03 .5588E-03 .2194E-04 .5807E-03 .5588E-03 .1941E-05 .9079E-04
.2495E+04 .5053E-01 .5922E-03 .2039E-05 .3417E-03 .3397E-03 .5922E-03 .2314E-04 .6154E-03 .5922E-03 .2039E-05 .9579E-04
.2500E+04 .5037E-01 .1390E-02 .4746E-05 .8020E-03 .7973E-03 .1390E-02 .5457E-04 .1445E-02 .1390E-02 .4746E-05 .2263E-03
