Wvlgth Extraterrestrial_spectrm Direct_normal_irradiance Difuse_horizn_irradiance Global_horizn_irradiance Direct_horizn_irradiance Direct_tilted_irradiance Difuse_tilted_irradiance Global_tilted_irradiance Beam_normal_+circumsolar Difuse_horiz-circumsolar Upward_reflctd_radiation
.2800E+03 .7851E-01 .6049E-23 .6901E-19 .6902E-19 .3888E-23 .6049E-23 .5710E-19 .5711E-19 .6049E-23 .6901E-19 .2296E-20
.2805E+03 .1024E+00 .1936E-21 .3676E-18 .3677E-18 .1245E-21 .1936E-21 .3041E-18 .3043E-18 .1936E-21 .3676E-18 .1227E-19
.2810E+03 .1717E+00 .1121E-20 .1343E-17 .1343E-17 .7206E-21 .1121E-20 .1111E-17 .1112E-17 .1121E-20 .1343E-17 .4495E-19
.2815E+03 .2412E+00 .3470E-19 .1607E-16 .1609E-16 .2231E-19 .3470E-19 .1330E-16 .1333E-16 .3470E-19 .1607E-16 .5401E-18
.2820E+03 .2918E+00 .2891E-18 .7911E-16 .7929E-16 .1858E-18 .2891E-18 .6546E-16 .6575E-16 .2891E-18 .7911E-16 .2669E-17
.2825E+03 .3144E+00 .1140E-17 .2222E-15 .2229E-15 .7331E-18 .1140E-17 .1838E-15 .1850E-15 .1140E-17 .2222E-15 .7525E-17
.2830E+03 .3431E+00 .5176E-17 .7040E-15 .7073E-15 .3327E-17 .5176E-17 .5826E-15 .5877E-15 .5176E-17 .7040E-15 .2395E-16
.2835E+03 .3225E+00 .9862E-17 .1118E-14 .1124E-14 .6339E-17 .9862E-17 .9252E-15 .9351E-15 .9862E-17 .1118E-14 .3819E-16
.2840E+03 .3213E+00 .2432E-15 .1177E-13 .1192E-13 .1563E-15 .2432E-15 .9740E-14 .9983E-14 .2432E-15 .1177E-13 .4061E-15
.2845E+03 .2516E+00 .8638E-15 .2893E-13 .2949E-13 .5552E-15 .8638E-15 .2395E-13 .2481E-13 .8638E-15 .2893E-13 .1007E-14
.2850E+03 .1186E+00 .2033E-14 .4664E-13 .4794E-13 .1307E-14 .2033E-14 .3860E-13 .4063E-13 .2033E-14 .4664E-13 .1642E-14
.2855E+03 .1378E+00 .1560E-13 .2329E-12 .2429E-12 .1003E-13 .1560E-13 .1928E-12 .2084E-12 .1560E-13 .2329E-12 .8339E-14
.2860E+03 .3008E+00 .7443E-13 .9240E-12 .9718E-12 .4784E-13 .7443E-13 .7650E-12 .8394E-12 .7443E-13 .9240E-12 .3345E-13
.2865E+03 .3583E+00 .4248E-12 .3719E-11 .3992E-11 .2730E-12 .4248E-12 .3079E-11 .3504E-11 .4248E-12 .3719E-11 .1377E-12
.2870E+03 .3780E+00 .1438E-11 .9704E-11 .1063E-10 .9241E-12 .1438E-11 .8037E-11 .9475E-11 .1438E-11 .9704E-11 .3676E-12
.2875E+03 .3784E+00 .6526E-11 .2671E-10 .3091E-10 .4195E-11 .6526E-11 .2213E-10 .2866E-10 .6526E-11 .2671E-10 .1070E-11
.2880E+03 .2506E+00 .2921E-10 .9210E-10 .1109E-09 .1878E-10 .2921E-10 .7634E-10 .1056E-09 .2921E-10 .9210E-10 .3847E-11
.2885E+03 .3590E+00 .1174E-09 .3195E-09 .3950E-09 .7548E-10 .1174E-09 .2649E-09 .3824E-09 .1174E-09 .3195E-09 .1374E-10
.2890E+03 .4204E+00 .3926E-09 .9213E-09 .1174E-08 .2524E-09 .3926E-09 .7641E-09 .1157E-08 .3926E-09 .9213E-09 .4090E-10
.2895E+03 .4914E+00 .1464E-08 .2931E-08 .3873E-08 .9413E-09 .1464E-08 .2432E-08 .3897E-08 .1464E-08 .2931E-08 .1352E-09
.2900E+03 .6181E+00 .4727E-08 .8300E-08 .1134E-07 .3039E-08 .4727E-08 .6889E-08 .1162E-07 .4727E-08 .8300E-08 .3968E-09
.2905E+03 .6463E+00 .1097E-07 .1721E-07 .2426E-07 .7051E-08 .1097E-07 .1429E-07 .2526E-07 .1097E-07 .1721E-07 .8507E-09
.2910E+03 .6101E+00 .2687E-07 .3844E-07 .5572E-07 .1727E-07 .2687E-07 .3193E-07 .5880E-07 .2687E-07 .3844E-07 .1958E-08
.2915E+03 .6024E+00 .8837E-07 .1179E-06 .1747E-06 .5680E-07 .8837E-07 .9793E-07 .1863E-06 .8837E-07 .1179E-06 .6154E-08
.2920E+03 .5732E+00 .2249E-06 .2870E-06 .4316E-06 .1445E-06 .2249E-06 .2385E-06 .4634E-06 .2249E-06 .2870E-06 .1524E-07
.2925E+03 .4968E+00 .3421E-06 .4261E-06 .6459E-06 .2199E-06 .3421E-06 .3541E-06 .6962E-06 .3421E-06 .4261E-06 .2287E-07
.2930E+03 .5676E+00 .7947E-06 .9749E-06 .1486E-05 .5108E-06 .7947E-06 .8103E-06 .1605E-05 .7947E-06 .9749E-06 .5275E-07
.2935E+03 .5764E+00 .2120E-05 .2630E-05 .3993E-05 .1363E-05 .2120E-05 .2186E-05 .4306E-05 .2120E-05 .2630E-05 .1422E-06
.2940E+03 .5042E+00 .3601E-05 .4578E-05 .6892E-05 .2314E-05 .3601E-05 .3805E-05 .7405E-05 .3601E-05 .4578E-05 .2461E-06
.2945E+03 .5438E+00 .6390E-05 .6177E-05 .1028E-04 .4107E-05 .6390E-05 .5140E-05 .1153E-04 .6390E-05 .6177E-05 .3676E-06
.2950E+03 .5163E+00 .1128E-04 .8689E-05 .1594E-04 .7252E-05 .1128E-04 .7240E-05 .1852E-04 .1128E-04 .8689E-05 .5704E-06
.2955E+03 .5825E+00 .2735E-04 .2056E-04 .3814E-04 .1758E-04 .2735E-04 .1713E-04 .4448E-04 .2735E-04 .2056E-04 .1368E-05
.2960E+03 .6214E+00 .4971E-04 .3687E-04 .6883E-04 .3195E-04 .4971E-04 .3074E-04 .8045E-04 .4971E-04 .3687E-04 .2476E-05
.2965E+03 .4929E+00 .6526E-04 .4813E-04 .9007E-04 .4195E-04 .6526E-04 .4012E-04 .1054E-03 .6526E-04 .4813E-04 .3248E-05
.2970E+03 .4244E+00 .8359E-04 .6156E-04 .1153E-03 .5373E-04 .8359E-04 .5131E-04 .1349E-03 .8359E-04 .6156E-04 .4169E-05
.2975E+03 .5980E+00 .2052E-03 .1530E-03 .2849E-03 .1319E-03 .2052E-03 .1275E-03 .3327E-03 .2052E-03 .1530E-03 .1033E-04
.2980E+03 .5581E+00 .3005E-03 .2281E-03 .4213E-03 .1931E-03 .3005E-03 .1902E-03 .4906E-03 .3005E-03 .2281E-03 .1532E-04
.2985E+03 .3790E+00 .2857E-03 .2208E-03 .4044E-03 .1836E-03 .2857E-03 .1840E-03 .4697E-03 .2857E-03 .2208E-03 .1475E-04
.2990E+03 .5771E+00 .5945E-03 .4697E-03 .8518E-03 .3821E-03 .5945E-03 .3915E-03 .9859E-03 .5945E-03 .4697E-03 .3115E-04
.2995E+03 .5217E+00 .8779E-03 .7351E-03 .1299E-02 .5643E-03 .8779E-03 .6124E-03 .1490E-02 .8779E-03 .7351E-03 .4766E-04
.3000E+03 .4169E+00 .9357E-03 .8155E-03 .1417E-02 .6015E-03 .9357E-03 .6793E-03 .1615E-02 .9357E-03 .8155E-03 .5213E-04
.3005E+03 .4394E+00 .1269E-02 .1153E-02 .1969E-02 .8157E-03 .1269E-02 .9606E-03 .2230E-02 .1269E-02 .1153E-02 .7362E-04
.3010E+03 .4942E+00 .2057E-02 .1997E-02 .3320E-02 .1322E-02 .2057E-02 .1663E-02 .3720E-02 .2057E-02 .1997E-02 .1261E-03
.3015E+03 .5298E+00 .2975E-02 .2763E-02 .4675E-02 .1912E-02 .2975E-02 .2302E-02 .5277E-02 .2975E-02 .2763E-02 .1803E-03
.3020E+03 .3745E+00 .2438E-02 .2204E-02 .3771E-02 .1567E-02 .2438E-02 .1837E-02 .4275E-02 .2438E-02 .2204E-02 .1476E-03
.3025E+03 .5441E+00 .4573E-02 .3974E-02 .6913E-02 .2940E-02 .4573E-02 .3313E-02 .7886E-02 .4573E-02 .3974E-02 .2710E-03
.3030E+03 .6771E+00 .7768E-02 .6665E-02 .1166E-01 .4993E-02 .7768E-02 .5558E-02 .1333E-01 .7768E-02 .6665E-02 .4579E-03
.3035E+03 .6891E+00 .9465E-02 .8087E-02 .1417E-01 .6084E-02 .9465E-02 .6743E-02 .1621E-01 .9465E-02 .8087E-02 .5577E-03
.3040E+03 .5775E+00 .8690E-02 .7372E-02 .1296E-01 .5586E-02 .8690E-02 .6148E-02 .1484E-01 .8690E-02 .7372E-02 .5109E-03
.3045E+03 .6485E+00 .1199E-01 .1018E-01 .1789E-01 .7710E-02 .1199E-01 .8488E-02 .2048E-01 .1199E-01 .1018E-01 .7058E-03
.3050E+03 .6733E+00 .1625E-01 .1391E-01 .2436E-01 .1045E-01 .1625E-01 .1160E-01 .2785E-01 .1625E-01 .1391E-01 .9616E-03
.3055E+03 .6128E+00 .1742E-01 .1496E-01 .2615E-01 .1120E-01 .1742E-01 .1247E-01 .2989E-01 .1742E-01 .1496E-01 .1033E-02
.3060E+03 .5426E+00 .1653E-01 .1412E-01 .2475E-01 .1063E-01 .1653E-01 .1178E-01 .2831E-01 .1653E-01 .1412E-01 .9783E-03
.3065E+03 .5861E+00 .1978E-01 .1689E-01 .2960E-01 .1272E-01 .1978E-01 .1408E-01 .3387E-01 .1978E-01 .1689E-01 .1172E-02
.3070E+03 .6446E+00 .2660E-01 .2299E-01 .4009E-01 .1710E-01 .2660E-01 .1918E-01 .4577E-01 .2660E-01 .2299E-01 .1591E-02
.3075E+03 .6519E+00 .3227E-01 .3183E-01 .5257E-01 .2074E-01 .3227E-01 .2652E-01 .5879E-01 .3227E-01 .3183E-01 .2092E-02
.3080E+03 .6567E+00 .3385E-01 .3286E-01 .5462E-01 .2176E-01 .3385E-01 .2739E-01 .6124E-01 .3385E-01 .3286E-01 .2178E-02
.3085E+03 .6806E+00 .3835E-01 .3633E-01 .6098E-01 .2465E-01 .3835E-01 .3028E-01 .6863E-01 .3835E-01 .3633E-01 .2433E-02
.3090E+03 .5623E+00 .3401E-01 .3158E-01 .5344E-01 .2186E-01 .3401E-01 .2632E-01 .6034E-01 .3401E-01 .3158E-01 .2133E-02
.3095E+03 .5136E+00 .3742E-01 .3359E-01 .5765E-01 .2406E-01 .3742E-01 .2801E-01 .6543E-01 .3742E-01 .3359E-01 .2302E-02
.3100E+03 .4651E+00 .3701E-01 .3260E-01 .5639E-01 .2379E-01 .3701E-01 .2719E-01 .6419E-01 .3701E-01 .3260E-01 .2253E-02
.3105E+03 .7149E+00 .5972E-01 .5188E-01 .9027E-01 .3839E-01 .5972E-01 .4327E-01 .1030E+00 .5972E-01 .5188E-01 .3611E-02
.3110E+03 .8241E+00 .7390E-01 .6325E-01 .1107E+00 .4750E-01 .7390E-01 .5275E-01 .1267E+00 .7390E-01 .6325E-01 .4435E-02
.3115E+03 .7648E+00 .7116E-01 .6018E-01 .1059E+00 .4574E-01 .7116E-01 .5020E-01 .1214E+00 .7116E-01 .6018E-01 .4247E-02
.3120E+03 .6421E+00 .6830E-01 .5683E-01 .1007E+00 .4390E-01 .6830E-01 .4742E-01 .1157E+00 .6830E-01 .5683E-01 .4044E-02
.3125E+03 .6970E+00 .8100E-01 .6662E-01 .1187E+00 .5206E-01 .8100E-01 .5559E-01 .1366E+00 .8100E-01 .6662E-01 .4774E-02
.3130E+03 .7115E+00 .8697E-01 .7081E-01 .1267E+00 .5590E-01 .8697E-01 .5909E-01 .1461E+00 .8697E-01 .7081E-01 .5107E-02
.3135E+03 .7257E+00 .8640E-01 .6965E-01 .1252E+00 .5554E-01 .8640E-01 .5812E-01 .1445E+00 .8640E-01 .6965E-01 .5055E-02
.3140E+03 .7936E+00 .1042E+00 .8320E-01 .1502E+00 .6696E-01 .1042E+00 .6944E-01 .1736E+00 .1042E+00 .8320E-01 .6075E-02
.3145E+03 .5931E+00 .8788E-01 .6983E-01 .1263E+00 .5649E-01 .8788E-01 .5829E-01 .1462E+00 .8788E-01 .6983E-01 .5118E-02
.3150E+03 .7541E+00 .1152E+00 .9074E-01 .1648E+00 .7402E-01 .1152E+00 .7575E-01 .1909E+00 .1152E+00 .9074E-01 .6684E-02
.3155E+03 .6804E+00 .9965E-01 .7752E-01 .1416E+00 .6405E-01 .9965E-01 .6472E-01 .1644E+00 .9965E-01 .7752E-01 .5750E-02
.3160E+03 .5183E+00 .8351E-01 .6472E-01 .1184E+00 .5368E-01 .8351E-01 .5404E-01 .1376E+00 .8351E-01 .6472E-01 .4815E-02
.3165E+03 .6632E+00 .1157E+00 .8953E-01 .1639E+00 .7439E-01 .1157E+00 .7476E-01 .1905E+00 .1157E+00 .8953E-01 .6757E-02
.3170E+03 .8229E+00 .1446E+00 .1108E+00 .2038E+00 .9295E-01 .1446E+00 .9256E-01 .2372E+00 .1446E+00 .1108E+00 .8512E-02
.3175E+03 .8804E+00 .1531E+00 .1160E+00 .2144E+00 .9841E-01 .1531E+00 .9692E-01 .2500E+00 .1531E+00 .1160E+00 .9075E-02
.3180E+03 .6346E+00 .1167E+00 .8809E-01 .1631E+00 .7499E-01 .1167E+00 .7363E-01 .1903E+00 .1167E+00 .8809E-01 .6993E-02
.3185E+03 .6824E+00 .1378E+00 .1045E+00 .1931E+00 .8857E-01 .1378E+00 .8739E-01 .2252E+00 .1378E+00 .1045E+00 .8404E-02
.3190E+03 .7535E+00 .1598E+00 .1212E+00 .2239E+00 .1027E+00 .1598E+00 .1013E+00 .2612E+00 .1598E+00 .1212E+00 .9887E-02
.3195E+03 .6833E+00 .1370E+00 .1017E+00 .1898E+00 .8809E-01 .1370E+00 .8506E-01 .2221E+00 .1370E+00 .1017E+00 .8499E-02
.3200E+03 .8369E+00 .1674E+00 .1229E+00 .2306E+00 .1076E+00 .1674E+00 .1029E+00 .2703E+00 .1674E+00 .1229E+00 .1047E-01
.3205E+03 .9082E+00 .1988E+00 .1469E+00 .2747E+00 .1278E+00 .1988E+00 .1230E+00 .3217E+00 .1988E+00 .1469E+00 .1263E-01
.3210E+03 .7156E+00 .1688E+00 .1258E+00 .2343E+00 .1085E+00 .1688E+00 .1054E+00 .2741E+00 .1688E+00 .1258E+00 .1090E-01
.3215E+03 .6753E+00 .1618E+00 .1199E+00 .2239E+00 .1040E+00 .1618E+00 .1004E+00 .2622E+00 .1618E+00 .1199E+00 .1054E-01
.3220E+03 .8151E+00 .1834E+00 .1321E+00 .2500E+00 .1179E+00 .1834E+00 .1107E+00 .2941E+00 .1834E+00 .1321E+00 .1191E-01
.3225E+03 .7018E+00 .1597E+00 .1142E+00 .2168E+00 .1027E+00 .1597E+00 .9568E-01 .2554E+00 .1597E+00 .1142E+00 .1046E-01
.3230E+03 .6403E+00 .1539E+00 .1104E+00 .2094E+00 .9895E-01 .1539E+00 .9256E-01 .2465E+00 .1539E+00 .1104E+00 .1024E-01
.3235E+03 .6833E+00 .1785E+00 .1333E+00 .2480E+00 .1147E+00 .1785E+00 .1117E+00 .2902E+00 .1785E+00 .1333E+00 .1229E-01
.3240E+03 .7817E+00 .2080E+00 .1544E+00 .2881E+00 .1337E+00 .2080E+00 .1295E+00 .3374E+00 .2080E+00 .1544E+00 .1446E-01
.3245E+03 .8269E+00 .2158E+00 .1578E+00 .2965E+00 .1387E+00 .2158E+00 .1324E+00 .3482E+00 .2158E+00 .1578E+00 .1504E-01
.3250E+03 .7845E+00 .1960E+00 .1362E+00 .2622E+00 .1260E+00 .1960E+00 .1143E+00 .3104E+00 .1960E+00 .1362E+00 .1344E-01
.3255E+03 .9417E+00 .2455E+00 .1760E+00 .3338E+00 .1578E+00 .2455E+00 .1477E+00 .3932E+00 .2455E+00 .1760E+00 .1730E-01
.3260E+03 .1053E+01 .2902E+00 .2086E+00 .3951E+00 .1865E+00 .2902E+00 .1751E+00 .4653E+00 .2902E+00 .2086E+00 .2070E-01
.3265E+03 .9975E+00 .2855E+00 .2055E+00 .3890E+00 .1835E+00 .2855E+00 .1725E+00 .4580E+00 .2855E+00 .2055E+00 .2061E-01
.3270E+03 .1010E+01 .2883E+00 .2050E+00 .3904E+00 .1853E+00 .2883E+00 .1722E+00 .4605E+00 .2883E+00 .2050E+00 .2092E-01
.3275E+03 .9966E+00 .2826E+00 .1984E+00 .3801E+00 .1817E+00 .2826E+00 .1668E+00 .4494E+00 .2826E+00 .1984E+00 .2060E-01
.3280E+03 .9535E+00 .2602E+00 .1791E+00 .3464E+00 .1672E+00 .2602E+00 .1506E+00 .4108E+00 .2602E+00 .1791E+00 .1898E-01
.3285E+03 .9138E+00 .2648E+00 .1833E+00 .3536E+00 .1702E+00 .2648E+00 .1542E+00 .4190E+00 .2648E+00 .1833E+00 .1958E-01
.3290E+03 .1025E+01 .3095E+00 .2153E+00 .4142E+00 .1990E+00 .3095E+00 .1811E+00 .4906E+00 .3095E+00 .2153E+00 .2318E-01
.3295E+03 .1140E+01 .3498E+00 .2424E+00 .4672E+00 .2248E+00 .3498E+00 .2039E+00 .5537E+00 .3498E+00 .2424E+00 .2642E-01
.3300E+03 .1163E+01 .3568E+00 .2444E+00 .4737E+00 .2293E+00 .3568E+00 .2057E+00 .5625E+00 .3568E+00 .2444E+00 .2706E-01
.3305E+03 .9731E+00 .2930E+00 .1970E+00 .3853E+00 .1883E+00 .2930E+00 .1659E+00 .4589E+00 .2930E+00 .1970E+00 .2223E-01
.3310E+03 .1006E+01 .3019E+00 .2007E+00 .3947E+00 .1940E+00 .3019E+00 .1690E+00 .4709E+00 .3019E+00 .2007E+00 .2299E-01
.3315E+03 .9821E+00 .3030E+00 .2012E+00 .3960E+00 .1948E+00 .3030E+00 .1696E+00 .4725E+00 .3030E+00 .2012E+00 .2330E-01
.3320E+03 .1007E+01 .3211E+00 .2141E+00 .4205E+00 .2064E+00 .3211E+00 .1804E+00 .5015E+00 .3211E+00 .2141E+00 .2498E-01
.3325E+03 .9727E+00 .3155E+00 .2100E+00 .4128E+00 .2028E+00 .3155E+00 .1770E+00 .4925E+00 .3155E+00 .2100E+00 .2478E-01
.3330E+03 .9796E+00 .3178E+00 .2091E+00 .4134E+00 .2043E+00 .3178E+00 .1763E+00 .4941E+00 .3178E+00 .2091E+00 .2506E-01
.3335E+03 .9170E+00 .2938E+00 .1900E+00 .3789E+00 .1888E+00 .2938E+00 .1603E+00 .4541E+00 .2938E+00 .1900E+00 .2320E-01
.3340E+03 .9423E+00 .3028E+00 .1940E+00 .3886E+00 .1946E+00 .3028E+00 .1637E+00 .4665E+00 .3028E+00 .1940E+00 .2403E-01
.3345E+03 .1041E+01 .3438E+00 .2208E+00 .4418E+00 .2210E+00 .3438E+00 .1864E+00 .5303E+00 .3438E+00 .2208E+00 .2757E-01
.3350E+03 .9543E+00 .3207E+00 .2057E+00 .4118E+00 .2061E+00 .3207E+00 .1737E+00 .4944E+00 .3207E+00 .2057E+00 .2594E-01
.3355E+03 .1073E+01 .3647E+00 .2441E+00 .4786E+00 .2344E+00 .3647E+00 .2061E+00 .5708E+00 .3647E+00 .2441E+00 .3043E-01
.3360E+03 .7401E+00 .2532E+00 .1682E+00 .3310E+00 .1627E+00 .2532E+00 .1421E+00 .3953E+00 .2532E+00 .1682E+00 .2124E-01
.3365E+03 .9055E+00 .3086E+00 .1927E+00 .3910E+00 .1983E+00 .3086E+00 .1629E+00 .4715E+00 .3086E+00 .1927E+00 .2529E-01
.3370E+03 .7531E+00 .2561E+00 .1580E+00 .3227E+00 .1646E+00 .2561E+00 .1337E+00 .3898E+00 .2561E+00 .1580E+00 .2105E-01
.3375E+03 .9398E+00 .3206E+00 .1959E+00 .4020E+00 .2061E+00 .3206E+00 .1658E+00 .4864E+00 .3206E+00 .1959E+00 .2644E-01
.3380E+03 .8870E+00 .3090E+00 .1891E+00 .3877E+00 .1986E+00 .3090E+00 .1600E+00 .4691E+00 .3090E+00 .1891E+00 .2572E-01
.3385E+03 .9911E+00 .3490E+00 .2206E+00 .4449E+00 .2243E+00 .3490E+00 .1866E+00 .5357E+00 .3490E+00 .2206E+00 .2980E-01
.3390E+03 .9814E+00 .3484E+00 .2164E+00 .4403E+00 .2239E+00 .3484E+00 .1832E+00 .5315E+00 .3484E+00 .2164E+00 .2976E-01
.3395E+03 .9386E+00 .3350E+00 .2081E+00 .4234E+00 .2153E+00 .3350E+00 .1762E+00 .5112E+00 .3350E+00 .2081E+00 .2889E-01
.3400E+03 .1134E+01 .4042E+00 .2402E+00 .5000E+00 .2598E+00 .4042E+00 .2036E+00 .6078E+00 .4042E+00 .2402E+00 .3442E-01
.3405E+03 .1017E+01 .3650E+00 .2306E+00 .4653E+00 .2346E+00 .3650E+00 .1954E+00 .5604E+00 .3650E+00 .2306E+00 .3232E-01
.3410E+03 .9646E+00 .3506E+00 .2117E+00 .4371E+00 .2254E+00 .3506E+00 .1795E+00 .5302E+00 .3506E+00 .2117E+00 .3060E-01
.3415E+03 .8886E+00 .3257E+00 .1921E+00 .4014E+00 .2093E+00 .3257E+00 .1630E+00 .4886E+00 .3257E+00 .1921E+00 .2833E-01
.3420E+03 .1061E+01 .3910E+00 .2281E+00 .4795E+00 .2514E+00 .3910E+00 .1936E+00 .5847E+00 .3910E+00 .2281E+00 .3412E-01
.3425E+03 .9910E+00 .3678E+00 .2123E+00 .4487E+00 .2364E+00 .3678E+00 .1803E+00 .5481E+00 .3678E+00 .2123E+00 .3218E-01
.3430E+03 .1085E+01 .4042E+00 .2336E+00 .4934E+00 .2598E+00 .4042E+00 .1984E+00 .6026E+00 .4042E+00 .2336E+00 .3568E-01
.3435E+03 .1018E+01 .3806E+00 .2197E+00 .4643E+00 .2446E+00 .3806E+00 .1867E+00 .5672E+00 .3806E+00 .2197E+00 .3384E-01
.3440E+03 .7669E+00 .2861E+00 .1707E+00 .3546E+00 .1839E+00 .2861E+00 .1450E+00 .4311E+00 .2861E+00 .1707E+00 .2606E-01
.3445E+03 .7520E+00 .2836E+00 .1637E+00 .3460E+00 .1823E+00 .2836E+00 .1392E+00 .4228E+00 .2836E+00 .1637E+00 .2562E-01
.3450E+03 .9988E+00 .3805E+00 .2136E+00 .4582E+00 .2446E+00 .3805E+00 .1817E+00 .5622E+00 .3805E+00 .2136E+00 .3418E-01
.3455E+03 .1019E+01 .3908E+00 .2165E+00 .4677E+00 .2512E+00 .3908E+00 .1843E+00 .5751E+00 .3908E+00 .2165E+00 .3516E-01
.3460E+03 .8646E+00 .3338E+00 .1828E+00 .3974E+00 .2145E+00 .3338E+00 .1557E+00 .4895E+00 .3338E+00 .1828E+00 .3010E-01
.3465E+03 .9772E+00 .3795E+00 .2059E+00 .4498E+00 .2439E+00 .3795E+00 .1754E+00 .5549E+00 .3795E+00 .2059E+00 .3434E-01
.3470E+03 .1045E+01 .4073E+00 .2207E+00 .4826E+00 .2618E+00 .4073E+00 .1881E+00 .5954E+00 .4073E+00 .2207E+00 .3713E-01
.3475E+03 .8420E+00 .3299E+00 .1780E+00 .3900E+00 .2120E+00 .3299E+00 .1517E+00 .4816E+00 .3299E+00 .1780E+00 .3025E-01
.3480E+03 .9603E+00 .3786E+00 .2012E+00 .4446E+00 .2434E+00 .3786E+00 .1717E+00 .5503E+00 .3786E+00 .2012E+00 .3475E-01
.3485E+03 .9597E+00 .3803E+00 .1999E+00 .4443E+00 .2444E+00 .3803E+00 .1706E+00 .5509E+00 .3803E+00 .1999E+00 .3499E-01
.3490E+03 .8882E+00 .3540E+00 .1845E+00 .4121E+00 .2275E+00 .3540E+00 .1576E+00 .5116E+00 .3540E+00 .1845E+00 .3270E-01
.3495E+03 .8766E+00 .3513E+00 .1820E+00 .4079E+00 .2258E+00 .3513E+00 .1555E+00 .5068E+00 .3513E+00 .1820E+00 .3261E-01
.3500E+03 .1082E+01 .4358E+00 .2241E+00 .5042E+00 .2801E+00 .4358E+00 .1916E+00 .6273E+00 .4358E+00 .2241E+00 .4062E-01
.3505E+03 .1139E+01 .4608E+00 .2354E+00 .5316E+00 .2962E+00 .4608E+00 .2013E+00 .6621E+00 .4608E+00 .2354E+00 .4311E-01
.3510E+03 .1015E+01 .4122E+00 .2097E+00 .4746E+00 .2649E+00 .4122E+00 .1794E+00 .5915E+00 .4122E+00 .2097E+00 .3875E-01
.3515E+03 .9814E+00 .3998E+00 .2041E+00 .4611E+00 .2570E+00 .3998E+00 .1746E+00 .5744E+00 .3998E+00 .2041E+00 .3790E-01
.3520E+03 .1054E+01 .4320E+00 .2176E+00 .4952E+00 .2777E+00 .4320E+00 .1862E+00 .6182E+00 .4320E+00 .2176E+00 .4098E-01
.3525E+03 .8215E+00 .3386E+00 .1687E+00 .3863E+00 .2177E+00 .3386E+00 .1445E+00 .4831E+00 .3386E+00 .1687E+00 .3220E-01
.3530E+03 .1033E+01 .4280E+00 .2112E+00 .4864E+00 .2751E+00 .4280E+00 .1810E+00 .6090E+00 .4280E+00 .2112E+00 .4083E-01
.3535E+03 .1103E+01 .4588E+00 .2246E+00 .5195E+00 .2949E+00 .4588E+00 .1926E+00 .6514E+00 .4588E+00 .2246E+00 .4393E-01
.3540E+03 .1144E+01 .4775E+00 .2319E+00 .5388E+00 .3069E+00 .4775E+00 .1989E+00 .6763E+00 .4775E+00 .2319E+00 .4588E-01
.3545E+03 .1159E+01 .4858E+00 .2343E+00 .5466E+00 .3123E+00 .4858E+00 .2011E+00 .6869E+00 .4858E+00 .2343E+00 .4686E-01
.3550E+03 .1153E+01 .4855E+00 .2329E+00 .5450E+00 .3121E+00 .4855E+00 .1999E+00 .6855E+00 .4855E+00 .2329E+00 .4703E-01
.3555E+03 .1039E+01 .4401E+00 .2096E+00 .4925E+00 .2829E+00 .4401E+00 .1800E+00 .6202E+00 .4401E+00 .2096E+00 .4279E-01
.3560E+03 .1085E+01 .4620E+00 .2185E+00 .5155E+00 .2970E+00 .4620E+00 .1878E+00 .6498E+00 .4620E+00 .2185E+00 .4508E-01
.3565E+03 .9252E+00 .3956E+00 .1859E+00 .4402E+00 .2543E+00 .3956E+00 .1598E+00 .5554E+00 .3956E+00 .1859E+00 .3875E-01
.3570E+03 .7640E+00 .3278E+00 .1530E+00 .3637E+00 .2107E+00 .3278E+00 .1316E+00 .4594E+00 .3278E+00 .1530E+00 .3223E-01
.3575E+03 .9344E+00 .4025E+00 .1866E+00 .4453E+00 .2587E+00 .4025E+00 .1606E+00 .5631E+00 .4025E+00 .1866E+00 .3971E-01
.3580E+03 .7396E+00 .3199E+00 .1473E+00 .3530E+00 .2057E+00 .3199E+00 .1268E+00 .4468E+00 .3199E+00 .1473E+00 .3168E-01
.3585E+03 .6313E+00 .2742E+00 .1254E+00 .3017E+00 .1763E+00 .2742E+00 .1080E+00 .3822E+00 .2742E+00 .1254E+00 .2725E-01
.3590E+03 .8821E+00 .3846E+00 .1748E+00 .4220E+00 .2472E+00 .3846E+00 .1506E+00 .5353E+00 .3846E+00 .1748E+00 .3836E-01
.3595E+03 .1123E+01 .4912E+00 .2222E+00 .5379E+00 .3157E+00 .4912E+00 .1915E+00 .6827E+00 .4912E+00 .2222E+00 .4920E-01
.3600E+03 .1189E+01 .5222E+00 .2345E+00 .5702E+00 .3356E+00 .5222E+00 .2023E+00 .7245E+00 .5222E+00 .2345E+00 .5249E-01
.3605E+03 .9490E+00 .4185E+00 .1867E+00 .4557E+00 .2690E+00 .4185E+00 .1611E+00 .5796E+00 .4185E+00 .1867E+00 .4222E-01
.3610E+03 .8633E+00 .3824E+00 .1694E+00 .4152E+00 .2458E+00 .3824E+00 .1463E+00 .5287E+00 .3824E+00 .1694E+00 .3872E-01
.3615E+03 .9904E+00 .4411E+00 .1941E+00 .4776E+00 .2835E+00 .4411E+00 .1677E+00 .6088E+00 .4411E+00 .1941E+00 .4483E-01
.3620E+03 .8532E+00 .3821E+00 .1671E+00 .4127E+00 .2456E+00 .3821E+00 .1444E+00 .5265E+00 .3821E+00 .1671E+00 .3898E-01
.3625E+03 .1177E+01 .5296E+00 .2302E+00 .5706E+00 .3404E+00 .5296E+00 .1991E+00 .7287E+00 .5296E+00 .2302E+00 .5422E-01
.3630E+03 .1054E+01 .4765E+00 .2059E+00 .5122E+00 .3063E+00 .4765E+00 .1781E+00 .6546E+00 .4765E+00 .2059E+00 .4896E-01
.3635E+03 .9678E+00 .4397E+00 .1888E+00 .4714E+00 .2826E+00 .4397E+00 .1634E+00 .6032E+00 .4397E+00 .1888E+00 .4534E-01
.3640E+03 .1181E+01 .5388E+00 .2299E+00 .5763E+00 .3463E+00 .5388E+00 .1991E+00 .7379E+00 .5388E+00 .2299E+00 .5575E-01
.3645E+03 .1008E+01 .4615E+00 .1957E+00 .4924E+00 .2966E+00 .4615E+00 .1696E+00 .6311E+00 .4615E+00 .1957E+00 .4792E-01
.3650E+03 .1025E+01 .4710E+00 .1985E+00 .5013E+00 .3027E+00 .4710E+00 .1721E+00 .6431E+00 .4710E+00 .1985E+00 .4907E-01
.3655E+03 .1284E+01 .5924E+00 .2482E+00 .6290E+00 .3808E+00 .5924E+00 .2153E+00 .8076E+00 .5924E+00 .2482E+00 .6193E-01
.3660E+03 .1357E+01 .6289E+00 .2619E+00 .6662E+00 .4043E+00 .6289E+00 .2273E+00 .8562E+00 .6289E+00 .2619E+00 .6598E-01
.3665E+03 .1272E+01 .5920E+00 .2450E+00 .6256E+00 .3806E+00 .5920E+00 .2128E+00 .8048E+00 .5920E+00 .2450E+00 .6233E-01
.3670E+03 .1237E+01 .5777E+00 .2376E+00 .6089E+00 .3713E+00 .5777E+00 .2064E+00 .7841E+00 .5777E+00 .2376E+00 .6104E-01
.3675E+03 .1282E+01 .6005E+00 .2455E+00 .6315E+00 .3860E+00 .6005E+00 .2134E+00 .8139E+00 .6005E+00 .2455E+00 .6368E-01
.3680E+03 .1120E+01 .5264E+00 .2139E+00 .5522E+00 .3383E+00 .5264E+00 .1860E+00 .7124E+00 .5264E+00 .2139E+00 .5602E-01
.3685E+03 .1128E+01 .5324E+00 .2151E+00 .5573E+00 .3422E+00 .5324E+00 .1872E+00 .7195E+00 .5324E+00 .2151E+00 .5685E-01
.3690E+03 .1216E+01 .5763E+00 .2315E+00 .6019E+00 .3704E+00 .5763E+00 .2015E+00 .7778E+00 .5763E+00 .2315E+00 .6175E-01
.3695E+03 .1294E+01 .6158E+00 .2459E+00 .6417E+00 .3958E+00 .6158E+00 .2142E+00 .8300E+00 .6158E+00 .2459E+00 .6620E-01
.3700E+03 .1377E+01 .6581E+00 .2612E+00 .6842E+00 .4230E+00 .6581E+00 .2276E+00 .8858E+00 .6581E+00 .2612E+00 .7098E-01
.3705E+03 .1067E+01 .5119E+00 .2020E+00 .5310E+00 .3290E+00 .5119E+00 .1761E+00 .6880E+00 .5119E+00 .2020E+00 .5539E-01
.3710E+03 .1138E+01 .5481E+00 .2150E+00 .5674E+00 .3523E+00 .5481E+00 .1876E+00 .7358E+00 .5481E+00 .2150E+00 .5951E-01
.3715E+03 .1422E+01 .6872E+00 .2680E+00 .7097E+00 .4417E+00 .6872E+00 .2339E+00 .9212E+00 .6872E+00 .2680E+00 .7485E-01
.3720E+03 .9428E+00 .4571E+00 .1772E+00 .4710E+00 .2938E+00 .4571E+00 .1548E+00 .6118E+00 .4571E+00 .1772E+00 .4994E-01
.3725E+03 .1129E+01 .5492E+00 .2117E+00 .5647E+00 .3530E+00 .5492E+00 .1850E+00 .7341E+00 .5492E+00 .2117E+00 .6021E-01
.3730E+03 .1146E+01 .5597E+00 .2145E+00 .5743E+00 .3598E+00 .5597E+00 .1876E+00 .7473E+00 .5597E+00 .2145E+00 .6159E-01
.3735E+03 .7441E+00 .3649E+00 .1391E+00 .3736E+00 .2346E+00 .3649E+00 .1217E+00 .4866E+00 .3649E+00 .1391E+00 .4029E-01
.3740E+03 .1080E+01 .5313E+00 .2013E+00 .5428E+00 .3415E+00 .5313E+00 .1762E+00 .7075E+00 .5313E+00 .2013E+00 .5886E-01
.3745E+03 .8925E+00 .4408E+00 .1661E+00 .4495E+00 .2834E+00 .4408E+00 .1455E+00 .5863E+00 .4408E+00 .1661E+00 .4900E-01
.3750E+03 .8666E+00 .4294E+00 .1608E+00 .4369E+00 .2760E+00 .4294E+00 .1410E+00 .5704E+00 .4294E+00 .1608E+00 .4788E-01
.3755E+03 .1293E+01 .6424E+00 .2392E+00 .6522E+00 .4129E+00 .6424E+00 .2098E+00 .8521E+00 .6424E+00 .2392E+00 .7184E-01
.3760E+03 .1071E+01 .5336E+00 .1976E+00 .5406E+00 .3430E+00 .5336E+00 .1733E+00 .7069E+00 .5336E+00 .1976E+00 .5986E-01
.3765E+03 .1109E+01 .5541E+00 .2040E+00 .5602E+00 .3562E+00 .5541E+00 .1791E+00 .7332E+00 .5541E+00 .2040E+00 .6236E-01
.3770E+03 .1172E+01 .5879E+00 .2152E+00 .5931E+00 .3779E+00 .5879E+00 .1890E+00 .7769E+00 .5879E+00 .2152E+00 .6636E-01
.3775E+03 .1369E+01 .6892E+00 .2509E+00 .6939E+00 .4430E+00 .6892E+00 .2205E+00 .9097E+00 .6892E+00 .2509E+00 .7804E-01
.3780E+03 .1483E+01 .7487E+00 .2710E+00 .7523E+00 .4813E+00 .7487E+00 .2383E+00 .9870E+00 .7487E+00 .2710E+00 .8504E-01
.3785E+03 .1401E+01 .7093E+00 .2552E+00 .7111E+00 .4559E+00 .7093E+00 .2245E+00 .9337E+00 .7093E+00 .2552E+00 .8044E-01
.3790E+03 .1156E+01 .5867E+00 .2098E+00 .5869E+00 .3771E+00 .5867E+00 .1846E+00 .7712E+00 .5867E+00 .2098E+00 .6643E-01
.3795E+03 .1056E+01 .5371E+00 .1909E+00 .5361E+00 .3452E+00 .5371E+00 .1680E+00 .7051E+00 .5371E+00 .1909E+00 .6073E-01
.3800E+03 .1097E+01 .5595E+00 .1977E+00 .5573E+00 .3596E+00 .5595E+00 .1740E+00 .7335E+00 .5595E+00 .1977E+00 .6317E-01
.3805E+03 .1326E+01 .6789E+00 .2385E+00 .6748E+00 .4364E+00 .6789E+00 .2100E+00 .8889E+00 .6789E+00 .2385E+00 .7654E-01
.3810E+03 .1326E+01 .6814E+00 .2380E+00 .6760E+00 .4380E+00 .6814E+00 .2096E+00 .8910E+00 .6814E+00 .2380E+00 .7669E-01
.3815E+03 .1049E+01 .5410E+00 .1878E+00 .5356E+00 .3477E+00 .5410E+00 .1655E+00 .7065E+00 .5410E+00 .1878E+00 .6078E-01
.3820E+03 .9294E+00 .4812E+00 .1661E+00 .4754E+00 .3093E+00 .4812E+00 .1464E+00 .6275E+00 .4812E+00 .1661E+00 .5396E-01
.3825E+03 .7904E+00 .4108E+00 .1410E+00 .4050E+00 .2640E+00 .4108E+00 .1243E+00 .5351E+00 .4108E+00 .1410E+00 .4599E-01
.3830E+03 .7305E+00 .3809E+00 .1300E+00 .3748E+00 .2448E+00 .3809E+00 .1146E+00 .4955E+00 .3809E+00 .1300E+00 .4257E-01
.3835E+03 .7025E+00 .3674E+00 .1247E+00 .3609E+00 .2362E+00 .3674E+00 .1100E+00 .4774E+00 .3674E+00 .1247E+00 .4116E-01
.3840E+03 .7739E+00 .4059E+00 .1370E+00 .3980E+00 .2609E+00 .4059E+00 .1209E+00 .5269E+00 .4059E+00 .1370E+00 .4558E-01
.3845E+03 .1137E+01 .5981E+00 .2008E+00 .5853E+00 .3845E+00 .5981E+00 .1773E+00 .7755E+00 .5981E+00 .2008E+00 .6731E-01
.3850E+03 .1126E+01 .5942E+00 .1984E+00 .5803E+00 .3819E+00 .5942E+00 .1753E+00 .7695E+00 .5942E+00 .1984E+00 .6701E-01
.3855E+03 .1047E+01 .5544E+00 .1841E+00 .5404E+00 .3563E+00 .5544E+00 .1628E+00 .7171E+00 .5544E+00 .1841E+00 .6263E-01
.3860E+03 .8952E+00 .4757E+00 .1571E+00 .4629E+00 .3058E+00 .4757E+00 .1390E+00 .6146E+00 .4757E+00 .1571E+00 .5377E-01
.3865E+03 .1174E+01 .6259E+00 .2056E+00 .6080E+00 .4023E+00 .6259E+00 .1819E+00 .8079E+00 .6259E+00 .2056E+00 .7078E-01
.3870E+03 .9746E+00 .5211E+00 .1702E+00 .5052E+00 .3350E+00 .5211E+00 .1507E+00 .6718E+00 .5211E+00 .1702E+00 .5894E-01
.3875E+03 .1094E+01 .5864E+00 .1905E+00 .5674E+00 .3769E+00 .5864E+00 .1687E+00 .7550E+00 .5864E+00 .1905E+00 .6634E-01
.3880E+03 .1009E+01 .5424E+00 .1752E+00 .5238E+00 .3486E+00 .5424E+00 .1552E+00 .6976E+00 .5424E+00 .1752E+00 .6135E-01
.3885E+03 .9956E+00 .5370E+00 .1726E+00 .5178E+00 .3452E+00 .5370E+00 .1529E+00 .6900E+00 .5370E+00 .1726E+00 .6079E-01
.3890E+03 .1074E+01 .5807E+00 .1856E+00 .5588E+00 .3733E+00 .5807E+00 .1645E+00 .7453E+00 .5807E+00 .1856E+00 .6576E-01
.3895E+03 .1299E+01 .7045E+00 .2239E+00 .6768E+00 .4529E+00 .7045E+00 .1986E+00 .9032E+00 .7045E+00 .2239E+00 .7981E-01
.3900E+03 .1302E+01 .7082E+00 .2239E+00 .6791E+00 .4553E+00 .7082E+00 .1987E+00 .9069E+00 .7082E+00 .2239E+00 .8026E-01
.3905E+03 .1197E+01 .6529E+00 .2053E+00 .6249E+00 .4197E+00 .6529E+00 .1822E+00 .8351E+00 .6529E+00 .2053E+00 .7400E-01
.3910E+03 .1407E+01 .7698E+00 .2407E+00 .7355E+00 .4948E+00 .7698E+00 .2138E+00 .9836E+00 .7698E+00 .2407E+00 .8725E-01
.3915E+03 .1434E+01 .7865E+00 .2446E+00 .7502E+00 .5056E+00 .7865E+00 .2173E+00 .1004E+01 .7865E+00 .2446E+00 .8914E-01
.3920E+03 .1207E+01 .6635E+00 .2052E+00 .6318E+00 .4265E+00 .6635E+00 .1824E+00 .8460E+00 .6635E+00 .2052E+00 .7520E-01
.3925E+03 .1079E+01 .5950E+00 .1831E+00 .5655E+00 .3825E+00 .5950E+00 .1628E+00 .7578E+00 .5950E+00 .1831E+00 .6743E-01
.3930E+03 .5993E+00 .3316E+00 .1015E+00 .3146E+00 .2131E+00 .3316E+00 .9029E-01 .4219E+00 .3316E+00 .1015E+00 .3761E-01
.3935E+03 .4350E+00 .2414E+00 .7351E-01 .2287E+00 .1552E+00 .2414E+00 .6543E-01 .3068E+00 .2414E+00 .7351E-01 .2745E-01
.3940E+03 .8843E+00 .4920E+00 .1491E+00 .4653E+00 .3162E+00 .4920E+00 .1328E+00 .6247E+00 .4920E+00 .1491E+00 .5607E-01
.3945E+03 .1123E+01 .6264E+00 .1888E+00 .5915E+00 .4027E+00 .6264E+00 .1683E+00 .7947E+00 .6264E+00 .1888E+00 .7158E-01
.3950E+03 .1369E+01 .7655E+00 .2296E+00 .7217E+00 .4921E+00 .7655E+00 .2047E+00 .9702E+00 .7655E+00 .2296E+00 .8768E-01
.3955E+03 .1390E+01 .7789E+00 .2324E+00 .7330E+00 .5006E+00 .7789E+00 .2073E+00 .9862E+00 .7789E+00 .2324E+00 .8936E-01
.3960E+03 .1204E+01 .6763E+00 .2007E+00 .6355E+00 .4347E+00 .6763E+00 .1792E+00 .8555E+00 .6763E+00 .2007E+00 .7763E-01
.3965E+03 .7024E+00 .3959E+00 .1169E+00 .3714E+00 .2545E+00 .3959E+00 .1044E+00 .5003E+00 .3959E+00 .1169E+00 .4546E-01
.3970E+03 .5264E+00 .2976E+00 .8741E-01 .2787E+00 .1913E+00 .2976E+00 .7809E-01 .3757E+00 .2976E+00 .8741E-01 .3418E-01
.3975E+03 .1070E+01 .6062E+00 .1771E+00 .5668E+00 .3896E+00 .6062E+00 .1583E+00 .7645E+00 .6062E+00 .1771E+00 .6966E-01
.3980E+03 .1498E+01 .8502E+00 .2471E+00 .7936E+00 .5465E+00 .8502E+00 .2210E+00 .1071E+01 .8502E+00 .2471E+00 .9782E-01
.3985E+03 .1547E+01 .8800E+00 .2545E+00 .8202E+00 .5657E+00 .8800E+00 .2277E+00 .1108E+01 .8800E+00 .2545E+00 .1015E+00
.3990E+03 .1671E+01 .9542E+00 .2746E+00 .8880E+00 .6133E+00 .9542E+00 .2459E+00 .1200E+01 .9542E+00 .2746E+00 .1103E+00
.3995E+03 .1664E+01 .9524E+00 .2728E+00 .8850E+00 .6122E+00 .9524E+00 .2443E+00 .1197E+01 .9524E+00 .2728E+00 .1103E+00
.4000E+03 .1728E+01 .9905E+00 .2822E+00 .9189E+00 .6367E+00 .9905E+00 .2530E+00 .1244E+01 .9905E+00 .2822E+00 .1150E+00
.4010E+03 .1770E+01 .1020E+01 .2856E+00 .9411E+00 .6556E+00 .1020E+01 .2563E+00 .1276E+01 .1020E+01 .2856E+00 .1183E+00
.4020E+03 .1862E+01 .1079E+01 .2991E+00 .9926E+00 .6935E+00 .1079E+01 .2688E+00 .1348E+01 .1079E+01 .2991E+00 .1252E+00
.4030E+03 .1764E+01 .1028E+01 .2822E+00 .9427E+00 .6605E+00 .1028E+01 .2538E+00 .1281E+01 .1028E+01 .2822E+00 .1195E+00
.4040E+03 .1734E+01 .1014E+01 .2759E+00 .9279E+00 .6520E+00 .1014E+01 .2485E+00 .1263E+01 .1014E+01 .2759E+00 .1185E+00
.4050E+03 .1731E+01 .1017E+01 .2740E+00 .9275E+00 .6535E+00 .1017E+01 .2470E+00 .1264E+01 .1017E+01 .2740E+00 .1193E+00
.4060E+03 .1698E+01 .1003E+01 .2677E+00 .9122E+00 .6445E+00 .1003E+01 .2416E+00 .1244E+01 .1003E+01 .2677E+00 .1179E+00
.4070E+03 .1666E+01 .9890E+00 .2616E+00 .8973E+00 .6357E+00 .9890E+00 .2362E+00 .1225E+01 .9890E+00 .2616E+00 .1164E+00
.4080E+03 .1730E+01 .1030E+01 .2699E+00 .9321E+00 .6622E+00 .1030E+01 .2440E+00 .1274E+01 .1030E+01 .2699E+00 .1217E+00
.4090E+03 .1848E+01 .1105E+01 .2870E+00 .9975E+00 .7105E+00 .1105E+01 .2600E+00 .1365E+01 .1105E+01 .2870E+00 .1316E+00
.4100E+03 .1611E+01 .9678E+00 .2491E+00 .8712E+00 .6221E+00 .9678E+00 .2260E+00 .1194E+01 .9678E+00 .2491E+00 .1163E+00
.4110E+03 .1741E+01 .1051E+01 .2681E+00 .9434E+00 .6754E+00 .1051E+01 .2435E+00 .1294E+01 .1051E+01 .2681E+00 .1268E+00
.4120E+03 .1864E+01 .1131E+01 .2860E+00 .1013E+01 .7268E+00 .1131E+01 .2601E+00 .1391E+01 .1131E+01 .2860E+00 .1371E+00
.4130E+03 .1817E+01 .1105E+01 .2770E+00 .9875E+00 .7104E+00 .1105E+01 .2523E+00 .1358E+01 .1105E+01 .2770E+00 .1346E+00
.4140E+03 .1835E+01 .1121E+01 .2786E+00 .9995E+00 .7209E+00 .1121E+01 .2541E+00 .1376E+01 .1121E+01 .2786E+00 .1372E+00
.4150E+03 .1835E+01 .1127E+01 .2774E+00 .1002E+01 .7241E+00 .1127E+01 .2533E+00 .1380E+01 .1127E+01 .2774E+00 .1384E+00
.4160E+03 .1862E+01 .1149E+01 .2804E+00 .1019E+01 .7384E+00 .1149E+01 .2563E+00 .1405E+01 .1149E+01 .2804E+00 .1413E+00
.4170E+03 .1814E+01 .1123E+01 .2716E+00 .9936E+00 .7219E+00 .1123E+01 .2486E+00 .1372E+01 .1123E+01 .2716E+00 .1383E+00
.4180E+03 .1778E+01 .1105E+01 .2648E+00 .9751E+00 .7102E+00 .1105E+01 .2426E+00 .1348E+01 .1105E+01 .2648E+00 .1363E+00
.4190E+03 .1798E+01 .1122E+01 .2665E+00 .9875E+00 .7210E+00 .1122E+01 .2443E+00 .1366E+01 .1122E+01 .2665E+00 .1385E+00
.4200E+03 .1788E+01 .1119E+01 .2635E+00 .9830E+00 .7195E+00 .1119E+01 .2419E+00 .1361E+01 .1119E+01 .2635E+00 .1384E+00
.4210E+03 .1867E+01 .1173E+01 .2738E+00 .1028E+01 .7542E+00 .1173E+01 .2516E+00 .1425E+01 .1173E+01 .2738E+00 .1453E+00
.4220E+03 .1772E+01 .1118E+01 .2585E+00 .9769E+00 .7184E+00 .1118E+01 .2378E+00 .1355E+01 .1118E+01 .2585E+00 .1385E+00
.4230E+03 .1728E+01 .1094E+01 .2508E+00 .9540E+00 .7032E+00 .1094E+01 .2309E+00 .1325E+01 .1094E+01 .2508E+00 .1357E+00
.4240E+03 .1826E+01 .1160E+01 .2635E+00 .1009E+01 .7455E+00 .1160E+01 .2429E+00 .1403E+01 .1160E+01 .2635E+00 .1440E+00
.4250E+03 .1819E+01 .1160E+01 .2613E+00 .1007E+01 .7457E+00 .1160E+01 .2411E+00 .1401E+01 .1160E+01 .2613E+00 .1442E+00
.4260E+03 .1766E+01 .1132E+01 .2528E+00 .9802E+00 .7274E+00 .1132E+01 .2336E+00 .1365E+01 .1132E+01 .2528E+00 .1413E+00
.4270E+03 .1731E+01 .1112E+01 .2465E+00 .9616E+00 .7151E+00 .1112E+01 .2281E+00 .1341E+01 .1112E+01 .2465E+00 .1395E+00
.4280E+03 .1685E+01 .1086E+01 .2387E+00 .9366E+00 .6980E+00 .1086E+01 .2212E+00 .1307E+01 .1086E+01 .2387E+00 .1368E+00
.4290E+03 .1591E+01 .1030E+01 .2247E+00 .8868E+00 .6622E+00 .1030E+01 .2085E+00 .1239E+01 .1030E+01 .2247E+00 .1304E+00
.4300E+03 .1390E+01 .9030E+00 .1953E+00 .7758E+00 .5804E+00 .9030E+00 .1815E+00 .1085E+01 .9030E+00 .1953E+00 .1147E+00
.4310E+03 .1378E+01 .8971E+00 .1924E+00 .7690E+00 .5766E+00 .8971E+00 .1790E+00 .1076E+01 .8971E+00 .1924E+00 .1141E+00
.4320E+03 .1774E+01 .1160E+01 .2467E+00 .9925E+00 .7458E+00 .1160E+01 .2298E+00 .1390E+01 .1160E+01 .2467E+00 .1476E+00
.4330E+03 .1781E+01 .1169E+01 .2465E+00 .9976E+00 .7512E+00 .1169E+01 .2298E+00 .1398E+01 .1169E+01 .2465E+00 .1489E+00
.4340E+03 .1653E+01 .1087E+01 .2274E+00 .9262E+00 .6989E+00 .1087E+01 .2122E+00 .1299E+01 .1087E+01 .2274E+00 .1387E+00
.4350E+03 .1726E+01 .1138E+01 .2360E+00 .9673E+00 .7313E+00 .1138E+01 .2206E+00 .1358E+01 .1138E+01 .2360E+00 .1456E+00
.4360E+03 .1939E+01 .1284E+01 .2644E+00 .1090E+01 .8251E+00 .1284E+01 .2476E+00 .1531E+01 .1284E+01 .2644E+00 .1656E+00
.4370E+03 .1907E+01 .1268E+01 .2592E+00 .1074E+01 .8150E+00 .1268E+01 .2432E+00 .1511E+01 .1268E+01 .2592E+00 .1648E+00
.4380E+03 .1733E+01 .1156E+01 .2347E+00 .9779E+00 .7432E+00 .1156E+01 .2206E+00 .1377E+01 .1156E+01 .2347E+00 .1514E+00
.4390E+03 .1796E+01 .1199E+01 .2413E+00 .1012E+01 .7704E+00 .1199E+01 .2272E+00 .1426E+01 .1199E+01 .2413E+00 .1581E+00
.4400E+03 .1849E+01 .1239E+01 .2474E+00 .1044E+01 .7961E+00 .1239E+01 .2334E+00 .1472E+01 .1239E+01 .2474E+00 .1642E+00
.4410E+03 .1911E+01 .1286E+01 .2548E+00 .1081E+01 .8263E+00 .1286E+01 .2406E+00 .1526E+01 .1286E+01 .2548E+00 .1706E+00
.4420E+03 .2047E+01 .1381E+01 .2714E+00 .1159E+01 .8874E+00 .1381E+01 .2566E+00 .1637E+01 .1381E+01 .2714E+00 .1835E+00
.4430E+03 .1996E+01 .1346E+01 .2624E+00 .1127E+01 .8649E+00 .1346E+01 .2485E+00 .1594E+01 .1346E+01 .2624E+00 .1795E+00
.4440E+03 .2035E+01 .1378E+01 .2668E+00 .1153E+01 .8858E+00 .1378E+01 .2530E+00 .1631E+01 .1378E+01 .2668E+00 .1846E+00
.4450E+03 .1992E+01 .1350E+01 .2594E+00 .1127E+01 .8680E+00 .1350E+01 .2464E+00 .1597E+01 .1350E+01 .2594E+00 .1813E+00
.4460E+03 .1895E+01 .1290E+01 .2460E+00 .1075E+01 .8293E+00 .1290E+01 .2340E+00 .1524E+01 .1290E+01 .2460E+00 .1735E+00
.4470E+03 .2043E+01 .1397E+01 .2645E+00 .1163E+01 .8981E+00 .1397E+01 .2518E+00 .1649E+01 .1397E+01 .2645E+00 .1882E+00
.4480E+03 .2078E+01 .1422E+01 .2671E+00 .1181E+01 .9141E+00 .1422E+01 .2546E+00 .1677E+01 .1422E+01 .2671E+00 .1918E+00
.4490E+03 .2078E+01 .1429E+01 .2664E+00 .1185E+01 .9187E+00 .1429E+01 .2542E+00 .1683E+01 .1429E+01 .2664E+00 .1930E+00
.4500E+03 .2132E+01 .1471E+01 .2721E+00 .1218E+01 .9457E+00 .1471E+01 .2600E+00 .1731E+01 .1471E+01 .2721E+00 .1989E+00
.4510E+03 .2209E+01 .1528E+01 .2805E+00 .1263E+01 .9823E+00 .1528E+01 .2683E+00 .1796E+01 .1528E+01 .2805E+00 .2069E+00
.4520E+03 .2126E+01 .1474E+01 .2686E+00 .1216E+01 .9477E+00 .1474E+01 .2573E+00 .1732E+01 .1474E+01 .2686E+00 .1999E+00
.4530E+03 .1997E+01 .1388E+01 .2511E+00 .1144E+01 .8925E+00 .1388E+01 .2410E+00 .1629E+01 .1388E+01 .2511E+00 .1891E+00
.4540E+03 .2080E+01 .1451E+01 .2606E+00 .1193E+01 .9327E+00 .1451E+01 .2505E+00 .1701E+01 .1451E+01 .2606E+00 .1984E+00
.4550E+03 .2092E+01 .1462E+01 .2606E+00 .1201E+01 .9399E+00 .1462E+01 .2509E+00 .1713E+01 .1462E+01 .2606E+00 .2004E+00
.4560E+03 .2139E+01 .1499E+01 .2652E+00 .1229E+01 .9635E+00 .1499E+01 .2556E+00 .1755E+01 .1499E+01 .2652E+00 .2057E+00
.4570E+03 .2173E+01 .1526E+01 .2677E+00 .1249E+01 .9810E+00 .1526E+01 .2583E+00 .1785E+01 .1526E+01 .2677E+00 .2098E+00
.4580E+03 .2101E+01 .1477E+01 .2570E+00 .1206E+01 .9494E+00 .1477E+01 .2485E+00 .1726E+01 .1477E+01 .2570E+00 .2039E+00
.4590E+03 .2087E+01 .1471E+01 .2541E+00 .1200E+01 .9457E+00 .1471E+01 .2461E+00 .1717E+01 .1471E+01 .2541E+00 .2039E+00
.4600E+03 .2093E+01 .1478E+01 .2533E+00 .1203E+01 .9498E+00 .1478E+01 .2458E+00 .1723E+01 .1478E+01 .2533E+00 .2056E+00
.4610E+03 .2139E+01 .1514E+01 .2576E+00 .1231E+01 .9730E+00 .1514E+01 .2504E+00 .1764E+01 .1514E+01 .2576E+00 .2115E+00
.4620E+03 .2151E+01 .1527E+01 .2581E+00 .1240E+01 .9814E+00 .1527E+01 .2513E+00 .1778E+01 .1527E+01 .2581E+00 .2143E+00
.4630E+03 .2137E+01 .1518E+01 .2550E+00 .1231E+01 .9759E+00 .1518E+01 .2488E+00 .1767E+01 .1518E+01 .2550E+00 .2146E+00
.4640E+03 .2096E+01 .1494E+01 .2494E+00 .1210E+01 .9603E+00 .1494E+01 .2439E+00 .1738E+01 .1494E+01 .2494E+00 .2126E+00
.4650E+03 .2064E+01 .1476E+01 .2449E+00 .1194E+01 .9489E+00 .1476E+01 .2398E+00 .1716E+01 .1476E+01 .2449E+00 .2106E+00
.4660E+03 .2080E+01 .1492E+01 .2458E+00 .1205E+01 .9591E+00 .1492E+01 .2410E+00 .1733E+01 .1492E+01 .2458E+00 .2132E+00
.4670E+03 .2044E+01 .1467E+01 .2399E+00 .1183E+01 .9429E+00 .1467E+01 .2355E+00 .1702E+01 .1467E+01 .2399E+00 .2097E+00
.4680E+03 .2067E+01 .1486E+01 .2412E+00 .1197E+01 .9555E+00 .1486E+01 .2370E+00 .1724E+01 .1486E+01 .2412E+00 .2122E+00
.4690E+03 .2077E+01 .1497E+01 .2409E+00 .1203E+01 .9619E+00 .1497E+01 .2370E+00 .1734E+01 .1497E+01 .2409E+00 .2133E+00
.4700E+03 .2011E+01 .1450E+01 .2319E+00 .1164E+01 .9322E+00 .1450E+01 .2286E+00 .1679E+01 .1450E+01 .2319E+00 .2079E+00
.4710E+03 .2007E+01 .1451E+01 .2305E+00 .1163E+01 .9324E+00 .1451E+01 .2277E+00 .1678E+01 .1451E+01 .2305E+00 .2093E+00
.4720E+03 .2115E+01 .1531E+01 .2416E+00 .1225E+01 .9838E+00 .1531E+01 .2391E+00 .1770E+01 .1531E+01 .2416E+00 .2218E+00
.4730E+03 .2088E+01 .1513E+01 .2372E+00 .1210E+01 .9727E+00 .1513E+01 .2351E+00 .1748E+01 .1513E+01 .2372E+00 .2197E+00
.4740E+03 .2095E+01 .1519E+01 .2363E+00 .1213E+01 .9762E+00 .1519E+01 .2346E+00 .1753E+01 .1519E+01 .2363E+00 .2209E+00
.4750E+03 .2117E+01 .1535E+01 .2372E+00 .1224E+01 .9870E+00 .1535E+01 .2359E+00 .1771E+01 .1535E+01 .2372E+00 .2241E+00
.4760E+03 .2059E+01 .1494E+01 .2290E+00 .1189E+01 .9600E+00 .1494E+01 .2282E+00 .1722E+01 .1494E+01 .2290E+00 .2187E+00
.4770E+03 .2068E+01 .1501E+01 .2284E+00 .1193E+01 .9649E+00 .1501E+01 .2280E+00 .1729E+01 .1501E+01 .2284E+00 .2203E+00
.4780E+03 .2122E+01 .1544E+01 .2332E+00 .1226E+01 .9924E+00 .1544E+01 .2331E+00 .1777E+01 .1544E+01 .2332E+00 .2269E+00
.4790E+03 .2104E+01 .1535E+01 .2301E+00 .1217E+01 .9866E+00 .1535E+01 .2303E+00 .1765E+01 .1535E+01 .2301E+00 .2258E+00
.4800E+03 .2103E+01 .1538E+01 .2290E+00 .1218E+01 .9887E+00 .1538E+01 .2297E+00 .1768E+01 .1538E+01 .2290E+00 .2272E+00
.4810E+03 .2136E+01 .1567E+01 .2317E+00 .1239E+01 .1007E+01 .1567E+01 .2329E+00 .1800E+01 .1567E+01 .2317E+00 .2325E+00
.4820E+03 .2141E+01 .1576E+01 .2315E+00 .1244E+01 .1013E+01 .1576E+01 .2330E+00 .1809E+01 .1576E+01 .2315E+00 .2343E+00
.4830E+03 .2109E+01 .1557E+01 .2273E+00 .1228E+01 .1001E+01 .1557E+01 .2291E+00 .1786E+01 .1557E+01 .2273E+00 .2318E+00
.4840E+03 .2063E+01 .1527E+01 .2213E+00 .1203E+01 .9812E+00 .1527E+01 .2235E+00 .1750E+01 .1527E+01 .2213E+00 .2275E+00
.4850E+03 .1963E+01 .1455E+01 .2096E+00 .1145E+01 .9350E+00 .1455E+01 .2119E+00 .1667E+01 .1455E+01 .2096E+00 .2171E+00
.4860E+03 .1713E+01 .1272E+01 .1822E+00 .1000E+01 .8178E+00 .1272E+01 .1844E+00 .1457E+01 .1272E+01 .1822E+00 .1901E+00
.4870E+03 .1792E+01 .1334E+01 .1898E+00 .1048E+01 .8577E+00 .1334E+01 .1925E+00 .1527E+01 .1334E+01 .1898E+00 .1997E+00
.4880E+03 .1966E+01 .1465E+01 .2070E+00 .1149E+01 .9419E+00 .1465E+01 .2102E+00 .1676E+01 .1465E+01 .2070E+00 .2196E+00
.4890E+03 .1974E+01 .1472E+01 .2065E+00 .1153E+01 .9462E+00 .1472E+01 .2101E+00 .1682E+01 .1472E+01 .2065E+00 .2210E+00
.4900E+03 .2073E+01 .1550E+01 .2160E+00 .1212E+01 .9962E+00 .1550E+01 .2202E+00 .1770E+01 .1550E+01 .2160E+00 .2337E+00
.4910E+03 .2034E+01 .1525E+01 .2112E+00 .1191E+01 .9800E+00 .1525E+01 .2157E+00 .1740E+01 .1525E+01 .2112E+00 .2308E+00
.4920E+03 .1920E+01 .1441E+01 .1983E+00 .1125E+01 .9265E+00 .1441E+01 .2029E+00 .1644E+01 .1441E+01 .1983E+00 .2187E+00
.4930E+03 .1982E+01 .1490E+01 .2036E+00 .1161E+01 .9578E+00 .1490E+01 .2087E+00 .1699E+01 .1490E+01 .2036E+00 .2264E+00
.4940E+03 .2001E+01 .1506E+01 .2045E+00 .1173E+01 .9681E+00 .1506E+01 .2099E+00 .1716E+01 .1506E+01 .2045E+00 .2293E+00
.4950E+03 .2017E+01 .1520E+01 .2051E+00 .1182E+01 .9772E+00 .1520E+01 .2109E+00 .1731E+01 .1520E+01 .2051E+00 .2324E+00
.4960E+03 .2029E+01 .1531E+01 .2052E+00 .1189E+01 .9840E+00 .1531E+01 .2115E+00 .1742E+01 .1531E+01 .2052E+00 .2349E+00
.4970E+03 .2060E+01 .1557E+01 .2072E+00 .1208E+01 .1001E+01 .1557E+01 .2140E+00 .1771E+01 .1557E+01 .2072E+00 .2397E+00
.4980E+03 .1963E+01 .1485E+01 .1964E+00 .1151E+01 .9548E+00 .1485E+01 .2033E+00 .1689E+01 .1485E+01 .1964E+00 .2296E+00
.4990E+03 .1989E+01 .1506E+01 .1977E+00 .1166E+01 .9683E+00 .1506E+01 .2051E+00 .1712E+01 .1506E+01 .1977E+00 .2335E+00
.5000E+03 .1933E+01 .1465E+01 .1920E+00 .1133E+01 .9414E+00 .1465E+01 .1993E+00 .1664E+01 .1465E+01 .1920E+00 .2272E+00
.5010E+03 .1900E+01 .1440E+01 .1873E+00 .1113E+01 .9254E+00 .1440E+01 .1948E+00 .1634E+01 .1440E+01 .1873E+00 .2236E+00
.5020E+03 .1879E+01 .1420E+01 .1833E+00 .1096E+01 .9131E+00 .1420E+01 .1910E+00 .1611E+01 .1420E+01 .1833E+00 .2209E+00
.5030E+03 .1962E+01 .1479E+01 .1894E+00 .1140E+01 .9509E+00 .1479E+01 .1977E+00 .1677E+01 .1479E+01 .1894E+00 .2304E+00
.5040E+03 .1934E+01 .1434E+01 .1817E+00 .1104E+01 .9218E+00 .1434E+01 .1902E+00 .1624E+01 .1434E+01 .1817E+00 .2238E+00
.5050E+03 .1984E+01 .1497E+01 .1890E+00 .1151E+01 .9622E+00 .1497E+01 .1981E+00 .1695E+01 .1497E+01 .1890E+00 .2345E+00
.5060E+03 .2049E+01 .1544E+01 .1937E+00 .1186E+01 .9927E+00 .1544E+01 .2035E+00 .1748E+01 .1544E+01 .1937E+00 .2429E+00
.5070E+03 .1949E+01 .1470E+01 .1831E+00 .1128E+01 .9447E+00 .1470E+01 .1927E+00 .1662E+01 .1470E+01 .1831E+00 .2314E+00
.5080E+03 .1882E+01 .1426E+01 .1766E+00 .1093E+01 .9164E+00 .1426E+01 .1862E+00 .1612E+01 .1426E+01 .1766E+00 .2248E+00
.5090E+03 .1930E+01 .1468E+01 .1808E+00 .1124E+01 .9433E+00 .1468E+01 .1909E+00 .1658E+01 .1468E+01 .1808E+00 .2320E+00
.5100E+03 .1916E+01 .1461E+01 .1790E+00 .1118E+01 .9392E+00 .1461E+01 .1894E+00 .1651E+01 .1461E+01 .1790E+00 .2318E+00
.5110E+03 .1963E+01 .1503E+01 .1831E+00 .1149E+01 .9660E+00 .1503E+01 .1941E+00 .1697E+01 .1503E+01 .1831E+00 .2393E+00
.5120E+03 .1982E+01 .1521E+01 .1842E+00 .1162E+01 .9777E+00 .1521E+01 .1956E+00 .1717E+01 .1521E+01 .1842E+00 .2425E+00
.5130E+03 .1875E+01 .1442E+01 .1734E+00 .1100E+01 .9267E+00 .1442E+01 .1845E+00 .1626E+01 .1442E+01 .1734E+00 .2301E+00
.5140E+03 .1860E+01 .1433E+01 .1713E+00 .1092E+01 .9211E+00 .1433E+01 .1826E+00 .1616E+01 .1433E+01 .1713E+00 .2293E+00
.5150E+03 .1841E+01 .1420E+01 .1687E+00 .1081E+01 .9127E+00 .1420E+01 .1802E+00 .1600E+01 .1420E+01 .1687E+00 .2281E+00
.5160E+03 .1837E+01 .1418E+01 .1674E+00 .1079E+01 .9116E+00 .1418E+01 .1793E+00 .1598E+01 .1418E+01 .1674E+00 .2287E+00
.5170E+03 .1631E+01 .1261E+01 .1480E+00 .9585E+00 .8105E+00 .1261E+01 .1588E+00 .1420E+01 .1261E+01 .1480E+00 .2041E+00
.5180E+03 .1715E+01 .1327E+01 .1547E+00 .1008E+01 .8530E+00 .1327E+01 .1665E+00 .1494E+01 .1327E+01 .1547E+00 .2155E+00
.5190E+03 .1799E+01 .1393E+01 .1614E+00 .1057E+01 .8954E+00 .1393E+01 .1740E+00 .1567E+01 .1393E+01 .1614E+00 .2267E+00
.5200E+03 .1865E+01 .1445E+01 .1663E+00 .1095E+01 .9287E+00 .1445E+01 .1796E+00 .1624E+01 .1445E+01 .1663E+00 .2354E+00
.5210E+03 .1883E+01 .1460E+01 .1669E+00 .1105E+01 .9383E+00 .1460E+01 .1806E+00 .1640E+01 .1460E+01 .1669E+00 .2382E+00
.5220E+03 .1886E+01 .1463E+01 .1662E+00 .1106E+01 .9401E+00 .1463E+01 .1803E+00 .1643E+01 .1463E+01 .1662E+00 .2396E+00
.5230E+03 .1853E+01 .1438E+01 .1624E+00 .1087E+01 .9245E+00 .1438E+01 .1766E+00 .1615E+01 .1438E+01 .1624E+00 .2365E+00
.5240E+03 .1922E+01 .1491E+01 .1673E+00 .1126E+01 .9585E+00 .1491E+01 .1824E+00 .1674E+01 .1491E+01 .1673E+00 .2464E+00
.5250E+03 .1949E+01 .1511E+01 .1684E+00 .1140E+01 .9712E+00 .1511E+01 .1842E+00 .1695E+01 .1511E+01 .1684E+00 .2510E+00
.5260E+03 .1863E+01 .1446E+01 .1601E+00 .1089E+01 .9292E+00 .1446E+01 .1756E+00 .1621E+01 .1446E+01 .1601E+00 .2412E+00
.5270E+03 .1759E+01 .1363E+01 .1499E+00 .1026E+01 .8764E+00 .1363E+01 .1648E+00 .1528E+01 .1363E+01 .1499E+00 .2278E+00
.5280E+03 .1863E+01 .1444E+01 .1577E+00 .1086E+01 .9283E+00 .1444E+01 .1737E+00 .1618E+01 .1444E+01 .1577E+00 .2416E+00
.5290E+03 .1966E+01 .1523E+01 .1653E+00 .1144E+01 .9790E+00 .1523E+01 .1825E+00 .1706E+01 .1523E+01 .1653E+00 .2561E+00
.5300E+03 .1939E+01 .1503E+01 .1622E+00 .1128E+01 .9662E+00 .1503E+01 .1796E+00 .1683E+01 .1503E+01 .1622E+00 .2541E+00
.5310E+03 .1969E+01 .1527E+01 .1638E+00 .1146E+01 .9818E+00 .1527E+01 .1819E+00 .1709E+01 .1527E+01 .1638E+00 .2594E+00
.5320E+03 .1902E+01 .1477E+01 .1574E+00 .1107E+01 .9492E+00 .1477E+01 .1753E+00 .1652E+01 .1477E+01 .1574E+00 .2517E+00
.5330E+03 .1846E+01 .1435E+01 .1520E+00 .1074E+01 .9222E+00 .1435E+01 .1697E+00 .1604E+01 .1435E+01 .1520E+00 .2455E+00
.5340E+03 .1899E+01 .1478E+01 .1557E+00 .1106E+01 .9499E+00 .1478E+01 .1742E+00 .1652E+01 .1478E+01 .1557E+00 .2536E+00
.5350E+03 .1938E+01 .1510E+01 .1583E+00 .1129E+01 .9707E+00 .1510E+01 .1775E+00 .1688E+01 .1510E+01 .1583E+00 .2600E+00
.5360E+03 .1954E+01 .1524E+01 .1588E+00 .1139E+01 .9798E+00 .1524E+01 .1785E+00 .1703E+01 .1524E+01 .1588E+00 .2630E+00
.5370E+03 .1875E+01 .1465E+01 .1518E+00 .1093E+01 .9415E+00 .1465E+01 .1709E+00 .1636E+01 .1465E+01 .1518E+00 .2531E+00
.5380E+03 .1907E+01 .1491E+01 .1536E+00 .1112E+01 .9587E+00 .1491E+01 .1733E+00 .1665E+01 .1491E+01 .1536E+00 .2581E+00
.5390E+03 .1891E+01 .1480E+01 .1517E+00 .1103E+01 .9515E+00 .1480E+01 .1716E+00 .1652E+01 .1480E+01 .1517E+00 .2576E+00
.5400E+03 .1814E+01 .1419E+01 .1446E+00 .1057E+01 .9121E+00 .1419E+01 .1641E+00 .1583E+01 .1419E+01 .1446E+00 .2483E+00
.5410E+03 .1832E+01 .1427E+01 .1444E+00 .1062E+01 .9173E+00 .1427E+01 .1645E+00 .1592E+01 .1427E+01 .1444E+00 .2504E+00
.5420E+03 .1892E+01 .1473E+01 .1481E+00 .1095E+01 .9471E+00 .1473E+01 .1693E+00 .1643E+01 .1473E+01 .1481E+00 .2588E+00
.5430E+03 .1867E+01 .1462E+01 .1463E+00 .1086E+01 .9400E+00 .1462E+01 .1677E+00 .1630E+01 .1462E+01 .1463E+00 .2574E+00
.5440E+03 .1904E+01 .1487E+01 .1479E+00 .1103E+01 .9556E+00 .1487E+01 .1703E+00 .1657E+01 .1487E+01 .1479E+00 .2637E+00
.5450E+03 .1897E+01 .1484E+01 .1469E+00 .1101E+01 .9537E+00 .1484E+01 .1699E+00 .1654E+01 .1484E+01 .1469E+00 .2652E+00
.5460E+03 .1910E+01 .1488E+01 .1463E+00 .1103E+01 .9564E+00 .1488E+01 .1698E+00 .1658E+01 .1488E+01 .1463E+00 .2667E+00
.5470E+03 .1905E+01 .1490E+01 .1457E+00 .1103E+01 .9576E+00 .1490E+01 .1696E+00 .1659E+01 .1490E+01 .1457E+00 .2673E+00
.5480E+03 .1880E+01 .1474E+01 .1434E+00 .1091E+01 .9473E+00 .1474E+01 .1674E+00 .1641E+01 .1474E+01 .1434E+00 .2649E+00
.5490E+03 .1884E+01 .1480E+01 .1433E+00 .1095E+01 .9515E+00 .1480E+01 .1678E+00 .1648E+01 .1480E+01 .1433E+00 .2669E+00
.5500E+03 .1906E+01 .1500E+01 .1444E+00 .1108E+01 .9641E+00 .1500E+01 .1697E+00 .1670E+01 .1500E+01 .1444E+00 .2713E+00
.5510E+03 .1882E+01 .1483E+01 .1420E+00 .1095E+01 .9535E+00 .1483E+01 .1674E+00 .1651E+01 .1483E+01 .1420E+00 .2689E+00
.5520E+03 .1895E+01 .1495E+01 .1423E+00 .1103E+01 .9610E+00 .1495E+01 .1683E+00 .1663E+01 .1495E+01 .1423E+00 .2714E+00
.5530E+03 .1862E+01 .1469E+01 .1391E+00 .1084E+01 .9446E+00 .1469E+01 .1650E+00 .1634E+01 .1469E+01 .1391E+00 .2673E+00
.5540E+03 .1907E+01 .1506E+01 .1417E+00 .1109E+01 .9678E+00 .1506E+01 .1687E+00 .1674E+01 .1506E+01 .1417E+00 .2748E+00
.5550E+03 .1912E+01 .1509E+01 .1412E+00 .1111E+01 .9702E+00 .1509E+01 .1687E+00 .1678E+01 .1509E+01 .1412E+00 .2763E+00
.5560E+03 .1888E+01 .1491E+01 .1387E+00 .1097E+01 .9581E+00 .1491E+01 .1661E+00 .1657E+01 .1491E+01 .1387E+00 .2732E+00
.5570E+03 .1831E+01 .1445E+01 .1336E+00 .1063E+01 .9291E+00 .1445E+01 .1606E+00 .1606E+01 .1445E+01 .1336E+00 .2652E+00
.5580E+03 .1820E+01 .1436E+01 .1319E+00 .1055E+01 .9229E+00 .1436E+01 .1590E+00 .1595E+01 .1436E+01 .1319E+00 .2637E+00
.5590E+03 .1789E+01 .1410E+01 .1288E+00 .1035E+01 .9065E+00 .1410E+01 .1557E+00 .1566E+01 .1410E+01 .1288E+00 .2593E+00
.5600E+03 .1813E+01 .1430E+01 .1298E+00 .1049E+01 .9191E+00 .1430E+01 .1574E+00 .1587E+01 .1430E+01 .1298E+00 .2633E+00
.5610E+03 .1839E+01 .1451E+01 .1309E+00 .1063E+01 .9325E+00 .1451E+01 .1593E+00 .1610E+01 .1451E+01 .1309E+00 .2674E+00
.5620E+03 .1829E+01 .1442E+01 .1293E+00 .1056E+01 .9270E+00 .1442E+01 .1579E+00 .1600E+01 .1442E+01 .1293E+00 .2662E+00
.5630E+03 .1883E+01 .1484E+01 .1322E+00 .1086E+01 .9538E+00 .1484E+01 .1620E+00 .1646E+01 .1484E+01 .1322E+00 .2745E+00
.5640E+03 .1835E+01 .1445E+01 .1281E+00 .1057E+01 .9289E+00 .1445E+01 .1574E+00 .1603E+01 .1445E+01 .1281E+00 .2682E+00
.5650E+03 .1822E+01 .1434E+01 .1264E+00 .1048E+01 .9220E+00 .1434E+01 .1560E+00 .1590E+01 .1434E+01 .1264E+00 .2670E+00
.5660E+03 .1798E+01 .1415E+01 .1240E+00 .1033E+01 .9095E+00 .1415E+01 .1534E+00 .1568E+01 .1415E+01 .1240E+00 .2637E+00
.5670E+03 .1836E+01 .1443E+01 .1257E+00 .1053E+01 .9275E+00 .1443E+01 .1560E+00 .1599E+01 .1443E+01 .1257E+00 .2693E+00
.5680E+03 .1830E+01 .1429E+01 .1236E+00 .1042E+01 .9188E+00 .1429E+01 .1541E+00 .1583E+01 .1429E+01 .1236E+00 .2673E+00
.5690E+03 .1808E+01 .1389E+01 .1192E+00 .1012E+01 .8930E+00 .1389E+01 .1492E+00 .1538E+01 .1389E+01 .1192E+00 .2606E+00
.5700E+03 .1804E+01 .1395E+01 .1192E+00 .1016E+01 .8969E+00 .1395E+01 .1497E+00 .1545E+01 .1395E+01 .1192E+00 .2625E+00
.5710E+03 .1787E+01 .1395E+01 .1187E+00 .1015E+01 .8965E+00 .1395E+01 .1494E+00 .1544E+01 .1395E+01 .1187E+00 .2628E+00
.5720E+03 .1844E+01 .1427E+01 .1205E+00 .1038E+01 .9171E+00 .1427E+01 .1523E+00 .1579E+01 .1427E+01 .1205E+00 .2692E+00
.5730E+03 .1866E+01 .1445E+01 .1215E+00 .1050E+01 .9289E+00 .1445E+01 .1541E+00 .1599E+01 .1445E+01 .1215E+00 .2737E+00
.5740E+03 .1863E+01 .1443E+01 .1208E+00 .1049E+01 .9278E+00 .1443E+01 .1538E+00 .1597E+01 .1443E+01 .1208E+00 .2747E+00
.5750E+03 .1833E+01 .1418E+01 .1180E+00 .1030E+01 .9117E+00 .1418E+01 .1509E+00 .1569E+01 .1418E+01 .1180E+00 .2710E+00
.5760E+03 .1816E+01 .1408E+01 .1166E+00 .1021E+01 .9047E+00 .1408E+01 .1495E+00 .1557E+01 .1408E+01 .1166E+00 .2693E+00
.5770E+03 .1834E+01 .1424E+01 .1174E+00 .1033E+01 .9153E+00 .1424E+01 .1510E+00 .1575E+01 .1424E+01 .1174E+00 .2729E+00
.5780E+03 .1801E+01 .1405E+01 .1153E+00 .1018E+01 .9029E+00 .1405E+01 .1488E+00 .1553E+01 .1405E+01 .1153E+00 .2699E+00
.5790E+03 .1799E+01 .1410E+01 .1153E+00 .1022E+01 .9062E+00 .1410E+01 .1492E+00 .1559E+01 .1410E+01 .1153E+00 .2718E+00
.5800E+03 .1819E+01 .1433E+01 .1168E+00 .1038E+01 .9211E+00 .1433E+01 .1516E+00 .1585E+01 .1433E+01 .1168E+00 .2770E+00
.5810E+03 .1818E+01 .1438E+01 .1167E+00 .1041E+01 .9245E+00 .1438E+01 .1519E+00 .1590E+01 .1438E+01 .1167E+00 .2783E+00
.5820E+03 .1843E+01 .1464E+01 .1183E+00 .1059E+01 .9407E+00 .1464E+01 .1543E+00 .1618E+01 .1464E+01 .1183E+00 .2835E+00
.5830E+03 .1840E+01 .1466E+01 .1180E+00 .1061E+01 .9425E+00 .1466E+01 .1546E+00 .1621E+01 .1466E+01 .1180E+00 .2853E+00
.5840E+03 .1851E+01 .1478E+01 .1185E+00 .1068E+01 .9497E+00 .1478E+01 .1557E+00 .1633E+01 .1478E+01 .1185E+00 .2889E+00
.5850E+03 .1803E+01 .1441E+01 .1150E+00 .1041E+01 .9260E+00 .1441E+01 .1517E+00 .1592E+01 .1441E+01 .1150E+00 .2826E+00
.5860E+03 .1766E+01 .1409E+01 .1118E+00 .1017E+01 .9054E+00 .1409E+01 .1479E+00 .1556E+01 .1409E+01 .1118E+00 .2762E+00
.5870E+03 .1811E+01 .1434E+01 .1131E+00 .1035E+01 .9220E+00 .1434E+01 .1500E+00 .1584E+01 .1434E+01 .1131E+00 .2811E+00
.5880E+03 .1794E+01 .1383E+01 .1080E+00 .9970E+00 .8890E+00 .1383E+01 .1440E+00 .1527E+01 .1383E+01 .1080E+00 .2721E+00
.5890E+03 .1647E+01 .1206E+01 .9289E-01 .8679E+00 .7750E+00 .1206E+01 .1247E+00 .1330E+01 .1206E+01 .9289E-01 .2382E+00
.5900E+03 .1717E+01 .1262E+01 .9688E-01 .9084E+00 .8115E+00 .1262E+01 .1306E+00 .1393E+01 .1262E+01 .9688E-01 .2505E+00
.5910E+03 .1783E+01 .1344E+01 .1031E+00 .9673E+00 .8642E+00 .1344E+01 .1393E+00 .1484E+01 .1344E+01 .1031E+00 .2675E+00
.5920E+03 .1781E+01 .1326E+01 .1010E+00 .9537E+00 .8526E+00 .1326E+01 .1370E+00 .1464E+01 .1326E+01 .1010E+00 .2647E+00
.5930E+03 .1785E+01 .1356E+01 .1031E+00 .9746E+00 .8715E+00 .1356E+01 .1401E+00 .1496E+01 .1356E+01 .1031E+00 .2709E+00
.5940E+03 .1782E+01 .1345E+01 .1016E+00 .9664E+00 .8648E+00 .1345E+01 .1386E+00 .1484E+01 .1345E+01 .1016E+00 .2692E+00
.5950E+03 .1753E+01 .1306E+01 .9785E-01 .9373E+00 .8395E+00 .1306E+01 .1341E+00 .1440E+01 .1306E+01 .9785E-01 .2618E+00
.5960E+03 .1780E+01 .1376E+01 .1033E+00 .9878E+00 .8845E+00 .1376E+01 .1417E+00 .1518E+01 .1376E+01 .1033E+00 .2768E+00
.5970E+03 .1768E+01 .1361E+01 .1015E+00 .9763E+00 .8748E+00 .1361E+01 .1399E+00 .1501E+01 .1361E+01 .1015E+00 .2745E+00
.5980E+03 .1752E+01 .1363E+01 .1014E+00 .9777E+00 .8764E+00 .1363E+01 .1400E+00 .1503E+01 .1363E+01 .1014E+00 .2754E+00
.5990E+03 .1747E+01 .1370E+01 .1015E+00 .9821E+00 .8807E+00 .1370E+01 .1405E+00 .1511E+01 .1370E+01 .1015E+00 .2771E+00
.6000E+03 .1738E+01 .1380E+01 .1019E+00 .9886E+00 .8868E+00 .1380E+01 .1415E+00 .1521E+01 .1380E+01 .1019E+00 .2796E+00
.6010E+03 .1716E+01 .1374E+01 .1011E+00 .9840E+00 .8829E+00 .1374E+01 .1409E+00 .1514E+01 .1374E+01 .1011E+00 .2792E+00
.6020E+03 .1703E+01 .1365E+01 .1000E+00 .9776E+00 .8776E+00 .1365E+01 .1399E+00 .1505E+01 .1365E+01 .1000E+00 .2782E+00
.6030E+03 .1728E+01 .1389E+01 .1014E+00 .9943E+00 .8929E+00 .1389E+01 .1421E+00 .1531E+01 .1389E+01 .1014E+00 .2835E+00
.6040E+03 .1755E+01 .1412E+01 .1026E+00 .1010E+01 .9078E+00 .1412E+01 .1443E+00 .1557E+01 .1412E+01 .1026E+00 .2886E+00
.6050E+03 .1744E+01 .1406E+01 .1017E+00 .1006E+01 .9040E+00 .1406E+01 .1435E+00 .1550E+01 .1406E+01 .1017E+00 .2881E+00
.6060E+03 .1733E+01 .1402E+01 .1011E+00 .1002E+01 .9014E+00 .1402E+01 .1431E+00 .1545E+01 .1402E+01 .1011E+00 .2882E+00
.6070E+03 .1746E+01 .1418E+01 .1019E+00 .1013E+01 .9113E+00 .1418E+01 .1446E+00 .1562E+01 .1418E+01 .1019E+00 .2921E+00
.6080E+03 .1723E+01 .1403E+01 .1004E+00 .1002E+01 .9019E+00 .1403E+01 .1430E+00 .1546E+01 .1403E+01 .1004E+00 .2894E+00
.6090E+03 .1723E+01 .1406E+01 .1002E+00 .1004E+01 .9038E+00 .1406E+01 .1431E+00 .1549E+01 .1406E+01 .1002E+00 .2904E+00
.6100E+03 .1707E+01 .1395E+01 .9904E-01 .9956E+00 .8966E+00 .1395E+01 .1418E+00 .1537E+01 .1395E+01 .9904E-01 .2888E+00
.6110E+03 .1714E+01 .1403E+01 .9926E-01 .1001E+01 .9018E+00 .1403E+01 .1426E+00 .1546E+01 .1403E+01 .9926E-01 .2913E+00
.6120E+03 .1707E+01 .1398E+01 .9855E-01 .9974E+00 .8989E+00 .1398E+01 .1421E+00 .1541E+01 .1398E+01 .9855E-01 .2911E+00
.6130E+03 .1684E+01 .1381E+01 .9691E-01 .9844E+00 .8875E+00 .1381E+01 .1401E+00 .1521E+01 .1381E+01 .9691E-01 .2879E+00
.6140E+03 .1658E+01 .1362E+01 .9520E-01 .9705E+00 .8753E+00 .1362E+01 .1380E+00 .1500E+01 .1362E+01 .9520E-01 .2844E+00
.6150E+03 .1691E+01 .1392E+01 .9695E-01 .9916E+00 .8946E+00 .1392E+01 .1410E+00 .1533E+01 .1392E+01 .9695E-01 .2914E+00
.6160E+03 .1633E+01 .1346E+01 .9343E-01 .9588E+00 .8654E+00 .1346E+01 .1364E+00 .1483E+01 .1346E+01 .9343E-01 .2826E+00
.6170E+03 .1628E+01 .1344E+01 .9290E-01 .9566E+00 .8637E+00 .1344E+01 .1360E+00 .1480E+01 .1344E+01 .9290E-01 .2829E+00
.6180E+03 .1689E+01 .1395E+01 .9608E-01 .9928E+00 .8967E+00 .1395E+01 .1412E+00 .1536E+01 .1395E+01 .9608E-01 .2946E+00
.6190E+03 .1671E+01 .1381E+01 .9475E-01 .9825E+00 .8878E+00 .1381E+01 .1397E+00 .1521E+01 .1381E+01 .9475E-01 .2925E+00
.6200E+03 .1682E+01 .1389E+01 .9490E-01 .9879E+00 .8930E+00 .1389E+01 .1404E+00 .1530E+01 .1389E+01 .9490E-01 .2950E+00
.6210E+03 .1687E+01 .1389E+01 .9446E-01 .9874E+00 .8930E+00 .1389E+01 .1403E+00 .1529E+01 .1389E+01 .9446E-01 .2959E+00
.6220E+03 .1671E+01 .1363E+01 .9211E-01 .9681E+00 .8760E+00 .1363E+01 .1373E+00 .1500E+01 .1363E+01 .9211E-01 .2909E+00
.6230E+03 .1649E+01 .1333E+01 .8951E-01 .9461E+00 .8566E+00 .1333E+01 .1340E+00 .1467E+01 .1333E+01 .8951E-01 .2848E+00
.6240E+03 .1618E+01 .1315E+01 .8806E-01 .9335E+00 .8454E+00 .1315E+01 .1321E+00 .1447E+01 .1315E+01 .8806E-01 .2815E+00
.6250E+03 .1614E+01 .1322E+01 .8830E-01 .9379E+00 .8496E+00 .1322E+01 .1329E+00 .1455E+01 .1322E+01 .8830E-01 .2841E+00
.6260E+03 .1639E+01 .1343E+01 .8941E-01 .9529E+00 .8634E+00 .1343E+01 .1352E+00 .1478E+01 .1343E+01 .8941E-01 .2900E+00
.6270E+03 .1666E+01 .1357E+01 .8985E-01 .9621E+00 .8722E+00 .1357E+01 .1363E+00 .1493E+01 .1357E+01 .8985E-01 .2937E+00
.6280E+03 .1664E+01 .1289E+01 .8421E-01 .9130E+00 .8288E+00 .1289E+01 .1286E+00 .1418E+01 .1289E+01 .8421E-01 .2794E+00
.6290E+03 .1664E+01 .1334E+01 .8732E-01 .9448E+00 .8574E+00 .1334E+01 .1335E+00 .1467E+01 .1334E+01 .8732E-01 .2895E+00
.6300E+03 .1629E+01 .1311E+01 .8549E-01 .9279E+00 .8424E+00 .1311E+01 .1310E+00 .1442E+01 .1311E+01 .8549E-01 .2848E+00
.6310E+03 .1630E+01 .1337E+01 .8716E-01 .9465E+00 .8593E+00 .1337E+01 .1338E+00 .1471E+01 .1337E+01 .8716E-01 .2909E+00
.6320E+03 .1605E+01 .1315E+01 .8538E-01 .9305E+00 .8452E+00 .1315E+01 .1315E+00 .1446E+01 .1315E+01 .8538E-01 .2870E+00
.6330E+03 .1639E+01 .1358E+01 .8805E-01 .9609E+00 .8728E+00 .1358E+01 .1361E+00 .1494E+01 .1358E+01 .8805E-01 .2977E+00
.6340E+03 .1612E+01 .1346E+01 .8705E-01 .9519E+00 .8649E+00 .1346E+01 .1350E+00 .1480E+01 .1346E+01 .8705E-01 .2961E+00
.6350E+03 .1632E+01 .1365E+01 .8796E-01 .9652E+00 .8772E+00 .1365E+01 .1368E+00 .1501E+01 .1365E+01 .8796E-01 .3007E+00
.6360E+03 .1604E+01 .1345E+01 .8641E-01 .9511E+00 .8647E+00 .1345E+01 .1347E+00 .1480E+01 .1345E+01 .8641E-01 .2968E+00
.6370E+03 .1626E+01 .1365E+01 .8738E-01 .9650E+00 .8776E+00 .1365E+01 .1367E+00 .1502E+01 .1365E+01 .8738E-01 .3019E+00
.6380E+03 .1634E+01 .1379E+01 .8801E-01 .9745E+00 .8864E+00 .1379E+01 .1381E+00 .1517E+01 .1379E+01 .8801E-01 .3058E+00
.6390E+03 .1612E+01 .1364E+01 .8674E-01 .9633E+00 .8766E+00 .1364E+01 .1365E+00 .1500E+01 .1364E+01 .8674E-01 .3031E+00
.6400E+03 .1592E+01 .1351E+01 .8564E-01 .9541E+00 .8684E+00 .1351E+01 .1351E+00 .1486E+01 .1351E+01 .8564E-01 .3006E+00
.6410E+03 .1588E+01 .1350E+01 .8527E-01 .9531E+00 .8678E+00 .1350E+01 .1349E+00 .1485E+01 .1350E+01 .8527E-01 .3008E+00
.6420E+03 .1577E+01 .1344E+01 .8464E-01 .9487E+00 .8640E+00 .1344E+01 .1344E+00 .1479E+01 .1344E+01 .8464E-01 .3006E+00
.6430E+03 .1598E+01 .1360E+01 .8535E-01 .9598E+00 .8744E+00 .1360E+01 .1361E+00 .1496E+01 .1360E+01 .8535E-01 .3056E+00
.6440E+03 .1589E+01 .1356E+01 .8481E-01 .9565E+00 .8717E+00 .1356E+01 .1357E+00 .1492E+01 .1356E+01 .8481E-01 .3056E+00
.6450E+03 .1594E+01 .1356E+01 .8440E-01 .9559E+00 .8715E+00 .1356E+01 .1355E+00 .1491E+01 .1356E+01 .8440E-01 .3059E+00
.6460E+03 .1570E+01 .1315E+01 .8131E-01 .9268E+00 .8455E+00 .1315E+01 .1311E+00 .1446E+01 .1315E+01 .8131E-01 .2971E+00
.6470E+03 .1578E+01 .1287E+01 .7886E-01 .9061E+00 .8272E+00 .1287E+01 .1278E+00 .1415E+01 .1287E+01 .7886E-01 .2914E+00
.6480E+03 .1592E+01 .1283E+01 .7818E-01 .9027E+00 .8245E+00 .1283E+01 .1272E+00 .1410E+01 .1283E+01 .7818E-01 .2912E+00
.6490E+03 .1561E+01 .1260E+01 .7653E-01 .8865E+00 .8100E+00 .1260E+01 .1249E+00 .1385E+01 .1260E+01 .7653E-01 .2867E+00
.6500E+03 .1530E+01 .1282E+01 .7810E-01 .9024E+00 .8243E+00 .1282E+01 .1275E+00 .1410E+01 .1282E+01 .7810E-01 .2922E+00
.6510E+03 .1587E+01 .1341E+01 .8145E-01 .9434E+00 .8620E+00 .1341E+01 .1333E+00 .1474E+01 .1341E+01 .8145E-01 .3059E+00
.6520E+03 .1569E+01 .1261E+01 .7564E-01 .8862E+00 .8106E+00 .1261E+01 .1246E+00 .1386E+01 .1261E+01 .7564E-01 .2883E+00
.6530E+03 .1567E+01 .1322E+01 .7969E-01 .9295E+00 .8498E+00 .1322E+01 .1313E+00 .1453E+01 .1322E+01 .7969E-01 .3031E+00
.6540E+03 .1544E+01 .1309E+01 .7863E-01 .9198E+00 .8412E+00 .1309E+01 .1300E+00 .1439E+01 .1309E+01 .7863E-01 .3006E+00
.6550E+03 .1510E+01 .1250E+01 .7454E-01 .8781E+00 .8036E+00 .1250E+01 .1238E+00 .1374E+01 .1250E+01 .7454E-01 .2875E+00
.6560E+03 .1322E+01 .1112E+01 .6617E-01 .7807E+00 .7145E+00 .1112E+01 .1101E+00 .1222E+01 .1112E+01 .6617E-01 .2560E+00
.6570E+03 .1357E+01 .1140E+01 .6761E-01 .8002E+00 .7326E+00 .1140E+01 .1130E+00 .1253E+01 .1140E+01 .6761E-01 .2636E+00
.6580E+03 .1510E+01 .1282E+01 .7595E-01 .8999E+00 .8240E+00 .1282E+01 .1273E+00 .1409E+01 .1282E+01 .7595E-01 .2977E+00
.6590E+03 .1514E+01 .1291E+01 .7621E-01 .9057E+00 .8295E+00 .1291E+01 .1281E+00 .1419E+01 .1291E+01 .7621E-01 .3004E+00
.6600E+03 .1518E+01 .1290E+01 .7584E-01 .9051E+00 .8292E+00 .1290E+01 .1279E+00 .1418E+01 .1290E+01 .7584E-01 .3007E+00
.6610E+03 .1528E+01 .1291E+01 .7554E-01 .9056E+00 .8301E+00 .1291E+01 .1279E+00 .1419E+01 .1291E+01 .7554E-01 .3014E+00
.6620E+03 .1538E+01 .1288E+01 .7494E-01 .9028E+00 .8278E+00 .1288E+01 .1275E+00 .1415E+01 .1288E+01 .7494E-01 .3018E+00
.6630E+03 .1505E+01 .1268E+01 .7363E-01 .8887E+00 .8150E+00 .1268E+01 .1257E+00 .1394E+01 .1268E+01 .7363E-01 .2983E+00
.6640E+03 .1513E+01 .1294E+01 .7507E-01 .9067E+00 .8316E+00 .1294E+01 .1284E+00 .1422E+01 .1294E+01 .7507E-01 .3051E+00
.6650E+03 .1507E+01 .1301E+01 .7532E-01 .9114E+00 .8360E+00 .1301E+01 .1291E+00 .1430E+01 .1301E+01 .7532E-01 .3071E+00
.6660E+03 .1505E+01 .1308E+01 .7558E-01 .9164E+00 .8409E+00 .1308E+01 .1299E+00 .1438E+01 .1308E+01 .7558E-01 .3094E+00
.6670E+03 .1500E+01 .1311E+01 .7555E-01 .9181E+00 .8426E+00 .1311E+01 .1302E+00 .1441E+01 .1311E+01 .7555E-01 .3108E+00
.6680E+03 .1497E+01 .1314E+01 .7551E-01 .9199E+00 .8444E+00 .1314E+01 .1306E+00 .1444E+01 .1314E+01 .7551E-01 .3123E+00
.6690E+03 .1518E+01 .1335E+01 .7646E-01 .9343E+00 .8579E+00 .1335E+01 .1326E+00 .1467E+01 .1335E+01 .7646E-01 .3178E+00
.6700E+03 .1510E+01 .1330E+01 .7592E-01 .9307E+00 .8548E+00 .1330E+01 .1320E+00 .1462E+01 .1330E+01 .7592E-01 .3170E+00
.6710E+03 .1508E+01 .1330E+01 .7567E-01 .9304E+00 .8547E+00 .1330E+01 .1320E+00 .1462E+01 .1330E+01 .7567E-01 .3178E+00
.6720E+03 .1494E+01 .1319E+01 .7483E-01 .9224E+00 .8476E+00 .1319E+01 .1311E+00 .1450E+01 .1319E+01 .7483E-01 .3169E+00
.6730E+03 .1515E+01 .1339E+01 .7577E-01 .9363E+00 .8605E+00 .1339E+01 .1334E+00 .1472E+01 .1339E+01 .7577E-01 .3236E+00
.6740E+03 .1508E+01 .1334E+01 .7523E-01 .9327E+00 .8575E+00 .1334E+01 .1328E+00 .1467E+01 .1334E+01 .7523E-01 .3228E+00
.6750E+03 .1493E+01 .1322E+01 .7429E-01 .9240E+00 .8497E+00 .1322E+01 .1315E+00 .1453E+01 .1322E+01 .7429E-01 .3202E+00
.6760E+03 .1502E+01 .1331E+01 .7455E-01 .9301E+00 .8555E+00 .1331E+01 .1324E+00 .1463E+01 .1331E+01 .7455E-01 .3232E+00
.6770E+03 .1486E+01 .1318E+01 .7357E-01 .9205E+00 .8469E+00 .1318E+01 .1312E+00 .1449E+01 .1318E+01 .7357E-01 .3213E+00
.6780E+03 .1489E+01 .1321E+01 .7353E-01 .9226E+00 .8491E+00 .1321E+01 .1316E+00 .1453E+01 .1321E+01 .7353E-01 .3233E+00
.6790E+03 .1464E+01 .1300E+01 .7210E-01 .9075E+00 .8354E+00 .1300E+01 .1295E+00 .1429E+01 .1300E+01 .7210E-01 .3190E+00
.6800E+03 .1475E+01 .1310E+01 .7246E-01 .9147E+00 .8423E+00 .1310E+01 .1306E+00 .1441E+01 .1310E+01 .7246E-01 .3224E+00
.6810E+03 .1465E+01 .1302E+01 .7175E-01 .9088E+00 .8370E+00 .1302E+01 .1298E+00 .1432E+01 .1302E+01 .7175E-01 .3212E+00
.6820E+03 .1463E+01 .1301E+01 .7144E-01 .9077E+00 .8362E+00 .1301E+01 .1297E+00 .1431E+01 .1301E+01 .7144E-01 .3216E+00
.6830E+03 .1460E+01 .1299E+01 .7106E-01 .9058E+00 .8348E+00 .1299E+01 .1294E+00 .1428E+01 .1299E+01 .7106E-01 .3218E+00
.6840E+03 .1453E+01 .1292E+01 .7043E-01 .9010E+00 .8306E+00 .1292E+01 .1287E+00 .1421E+01 .1292E+01 .7043E-01 .3205E+00
.6850E+03 .1464E+01 .1304E+01 .7084E-01 .9091E+00 .8383E+00 .1304E+01 .1298E+00 .1434E+01 .1304E+01 .7084E-01 .3238E+00
.6860E+03 .1457E+01 .1296E+01 .7018E-01 .9035E+00 .8334E+00 .1296E+01 .1290E+00 .1426E+01 .1296E+01 .7018E-01 .3228E+00
.6870E+03 .1475E+01 .9796E+00 .4990E-01 .6796E+00 .6297E+00 .9796E+00 .9440E-01 .1074E+01 .9796E+00 .4990E-01 .2444E+00
.6880E+03 .1458E+01 .1091E+01 .5672E-01 .7583E+00 .7016E+00 .1091E+01 .1066E+00 .1198E+01 .1091E+01 .5672E-01 .2735E+00
.6890E+03 .1455E+01 .1093E+01 .5664E-01 .7593E+00 .7027E+00 .1093E+01 .1068E+00 .1200E+01 .1093E+01 .5664E-01 .2742E+00
.6900E+03 .1445E+01 .1127E+01 .5862E-01 .7832E+00 .7246E+00 .1127E+01 .1105E+00 .1238E+01 .1127E+01 .5862E-01 .2831E+00
.6910E+03 .1434E+01 .1162E+01 .6067E-01 .8073E+00 .7467E+00 .1162E+01 .1144E+00 .1276E+01 .1162E+01 .6067E-01 .2927E+00
.6920E+03 .1421E+01 .1173E+01 .6133E-01 .8155E+00 .7541E+00 .1173E+01 .1159E+00 .1289E+01 .1173E+01 .6133E-01 .2969E+00
.6930E+03 .1423E+01 .1124E+01 .5810E-01 .7804E+00 .7223E+00 .1124E+01 .1106E+00 .1234E+01 .1124E+01 .5810E-01 .2851E+00
.6940E+03 .1427E+01 .1096E+01 .5630E-01 .7608E+00 .7045E+00 .1096E+01 .1076E+00 .1204E+01 .1096E+01 .5630E-01 .2784E+00
.6950E+03 .1427E+01 .1154E+01 .5962E-01 .8015E+00 .7419E+00 .1154E+01 .1138E+00 .1268E+01 .1154E+01 .5962E-01 .2935E+00
.6960E+03 .1439E+01 .1156E+01 .5951E-01 .8026E+00 .7431E+00 .1156E+01 .1141E+00 .1270E+01 .1156E+01 .5951E-01 .2950E+00
.6970E+03 .1433E+01 .1248E+01 .6485E-01 .8670E+00 .8021E+00 .1248E+01 .1241E+00 .1372E+01 .1248E+01 .6485E-01 .3197E+00
.6980E+03 .1413E+01 .1227E+01 .6353E-01 .8523E+00 .7888E+00 .1227E+01 .1221E+00 .1349E+01 .1227E+01 .6353E-01 .3153E+00
.6990E+03 .1432E+01 .1183E+01 .6050E-01 .8207E+00 .7602E+00 .1183E+01 .1170E+00 .1300E+01 .1183E+01 .6050E-01 .3041E+00
.7000E+03 .1414E+01 .1165E+01 .5936E-01 .8084E+00 .7490E+00 .1165E+01 .1152E+00 .1280E+01 .1165E+01 .5936E-01 .2999E+00
.7010E+03 .1411E+01 .1146E+01 .5801E-01 .7947E+00 .7367E+00 .1146E+01 .1132E+00 .1259E+01 .1146E+01 .5801E-01 .2960E+00
.7020E+03 .1403E+01 .1162E+01 .5887E-01 .8060E+00 .7472E+00 .1162E+01 .1151E+00 .1277E+01 .1162E+01 .5887E-01 .3014E+00
.7030E+03 .1409E+01 .1164E+01 .5879E-01 .8072E+00 .7484E+00 .1164E+01 .1153E+00 .1280E+01 .1164E+01 .5879E-01 .3026E+00
.7040E+03 .1423E+01 .1212E+01 .6126E-01 .8400E+00 .7788E+00 .1212E+01 .1203E+00 .1332E+01 .1212E+01 .6126E-01 .3152E+00
.7050E+03 .1425E+01 .1208E+01 .6078E-01 .8372E+00 .7764E+00 .1208E+01 .1197E+00 .1328E+01 .1208E+01 .6078E-01 .3145E+00
.7060E+03 .1411E+01 .1214E+01 .6104E-01 .8414E+00 .7803E+00 .1214E+01 .1205E+00 .1334E+01 .1214E+01 .6104E-01 .3169E+00
.7070E+03 .1408E+01 .1215E+01 .6092E-01 .8419E+00 .7810E+00 .1215E+01 .1207E+00 .1336E+01 .1215E+01 .6092E-01 .3179E+00
.7080E+03 .1411E+01 .1218E+01 .6086E-01 .8439E+00 .7830E+00 .1218E+01 .1209E+00 .1339E+01 .1218E+01 .6086E-01 .3193E+00
.7090E+03 .1397E+01 .1229E+01 .6142E-01 .8514E+00 .7900E+00 .1229E+01 .1222E+00 .1351E+01 .1229E+01 .6142E-01 .3225E+00
.7100E+03 .1404E+01 .1224E+01 .6084E-01 .8476E+00 .7868E+00 .1224E+01 .1215E+00 .1346E+01 .1224E+01 .6084E-01 .3217E+00
.7110E+03 .1397E+01 .1226E+01 .6086E-01 .8489E+00 .7880E+00 .1226E+01 .1221E+00 .1348E+01 .1226E+01 .6086E-01 .3243E+00
.7120E+03 .1386E+01 .1226E+01 .6081E-01 .8489E+00 .7881E+00 .1226E+01 .1225E+00 .1349E+01 .1226E+01 .6081E-01 .3264E+00
.7130E+03 .1378E+01 .1210E+01 .5974E-01 .8378E+00 .7781E+00 .1210E+01 .1209E+00 .1331E+01 .1210E+01 .5974E-01 .3227E+00
.7140E+03 .1383E+01 .1216E+01 .5979E-01 .8413E+00 .7815E+00 .1216E+01 .1212E+00 .1337E+01 .1216E+01 .5979E-01 .3240E+00
.7150E+03 .1357E+01 .1167E+01 .5695E-01 .8072E+00 .7502E+00 .1167E+01 .1160E+00 .1283E+01 .1167E+01 .5695E-01 .3112E+00
.7160E+03 .1364E+01 .1163E+01 .5649E-01 .8041E+00 .7476E+00 .1163E+01 .1156E+00 .1279E+01 .1163E+01 .5649E-01 .3113E+00
.7170E+03 .1383E+01 .9406E+00 .4382E-01 .6484E+00 .6046E+00 .9406E+00 .9167E-01 .1032E+01 .9406E+00 .4382E-01 .2524E+00
.7180E+03 .1361E+01 .8483E+00 .3895E-01 .5842E+00 .5453E+00 .8483E+00 .8220E-01 .9305E+00 .8483E+00 .3895E-01 .2281E+00
.7190E+03 .1336E+01 .7930E+00 .3618E-01 .5459E+00 .5098E+00 .7930E+00 .7674E-01 .8698E+00 .7930E+00 .3618E-01 .2138E+00
.7200E+03 .1362E+01 .8232E+00 .3739E-01 .5665E+00 .5291E+00 .8232E+00 .7962E-01 .9028E+00 .8232E+00 .3739E-01 .2224E+00
.7210E+03 .1347E+01 .9504E+00 .4413E-01 .6550E+00 .6109E+00 .9504E+00 .9320E-01 .1044E+01 .9504E+00 .4413E-01 .2575E+00
.7220E+03 .1346E+01 .1119E+01 .5308E-01 .7722E+00 .7192E+00 .1119E+01 .1112E+00 .1230E+01 .1119E+01 .5308E-01 .3040E+00
.7230E+03 .1358E+01 .1022E+01 .4764E-01 .7048E+00 .6572E+00 .1022E+01 .1008E+00 .1123E+01 .1022E+01 .4764E-01 .2780E+00
.7240E+03 .1347E+01 .9023E+00 .4118E-01 .6212E+00 .5800E+00 .9023E+00 .8809E-01 .9904E+00 .9023E+00 .4118E-01 .2455E+00
.7250E+03 .1338E+01 .8669E+00 .3915E-01 .5964E+00 .5572E+00 .8669E+00 .8427E-01 .9512E+00 .8669E+00 .3915E-01 .2361E+00
.7260E+03 .1340E+01 .9106E+00 .4124E-01 .6265E+00 .5853E+00 .9106E+00 .8877E-01 .9993E+00 .9106E+00 .4124E-01 .2482E+00
.7270E+03 .1349E+01 .9449E+00 .4294E-01 .6503E+00 .6074E+00 .9449E+00 .9240E-01 .1037E+01 .9449E+00 .4294E-01 .2579E+00
.7280E+03 .1325E+01 .8703E+00 .3901E-01 .5985E+00 .5594E+00 .8703E+00 .8460E-01 .9549E+00 .8703E+00 .3901E-01 .2377E+00
.7290E+03 .1298E+01 .9240E+00 .4184E-01 .6358E+00 .5940E+00 .9240E+00 .9042E-01 .1014E+01 .9240E+00 .4184E-01 .2527E+00
.7300E+03 .1330E+01 .9668E+00 .4360E-01 .6650E+00 .6214E+00 .9668E+00 .9456E-01 .1061E+01 .9668E+00 .4360E-01 .2648E+00
.7310E+03 .1320E+01 .9181E+00 .4107E-01 .6312E+00 .5901E+00 .9181E+00 .8959E-01 .1008E+01 .9181E+00 .4107E-01 .2520E+00
.7320E+03 .1323E+01 .1010E+01 .4574E-01 .6950E+00 .6493E+00 .1010E+01 .9940E-01 .1110E+01 .1010E+01 .4574E-01 .2780E+00
.7330E+03 .1319E+01 .1092E+01 .4993E-01 .7521E+00 .7022E+00 .1092E+01 .1082E+00 .1201E+01 .1092E+01 .4993E-01 .3011E+00
.7340E+03 .1333E+01 .1125E+01 .5145E-01 .7749E+00 .7234E+00 .1125E+01 .1116E+00 .1237E+01 .1125E+01 .5145E-01 .3105E+00
.7350E+03 .1314E+01 .1097E+01 .4988E-01 .7551E+00 .7052E+00 .1097E+01 .1087E+00 .1206E+01 .1097E+01 .4988E-01 .3032E+00
.7360E+03 .1308E+01 .1096E+01 .4968E-01 .7543E+00 .7046E+00 .1096E+01 .1086E+00 .1205E+01 .1096E+01 .4968E-01 .3036E+00
.7370E+03 .1318E+01 .1100E+01 .4968E-01 .7567E+00 .7070E+00 .1100E+01 .1090E+00 .1209E+01 .1100E+01 .4968E-01 .3052E+00
.7380E+03 .1296E+01 .1131E+01 .5133E-01 .7785E+00 .7271E+00 .1131E+01 .1125E+00 .1244E+01 .1131E+01 .5133E-01 .3143E+00
.7390E+03 .1274E+01 .1109E+01 .5013E-01 .7628E+00 .7127E+00 .1109E+01 .1102E+00 .1219E+01 .1109E+01 .5013E-01 .3084E+00
.7400E+03 .1293E+01 .1145E+01 .5178E-01 .7881E+00 .7363E+00 .1145E+01 .1140E+00 .1259E+01 .1145E+01 .5178E-01 .3190E+00
.7410E+03 .1272E+01 .1139E+01 .5140E-01 .7833E+00 .7320E+00 .1139E+01 .1134E+00 .1252E+01 .1139E+01 .5140E-01 .3175E+00
.7420E+03 .1266E+01 .1145E+01 .5159E-01 .7874E+00 .7358E+00 .1145E+01 .1140E+00 .1259E+01 .1145E+01 .5159E-01 .3194E+00
.7430E+03 .1296E+01 .1176E+01 .5283E-01 .8086E+00 .7557E+00 .1176E+01 .1170E+00 .1293E+01 .1176E+01 .5283E-01 .3280E+00
.7440E+03 .1288E+01 .1176E+01 .5270E-01 .8084E+00 .7557E+00 .1176E+01 .1170E+00 .1293E+01 .1176E+01 .5270E-01 .3280E+00
.7450E+03 .1285E+01 .1179E+01 .5271E-01 .8104E+00 .7577E+00 .1179E+01 .1173E+00 .1296E+01 .1179E+01 .5271E-01 .3293E+00
.7460E+03 .1291E+01 .1184E+01 .5279E-01 .8141E+00 .7613E+00 .1184E+01 .1179E+00 .1302E+01 .1184E+01 .5279E-01 .3315E+00
.7470E+03 .1293E+01 .1188E+01 .5280E-01 .8164E+00 .7636E+00 .1188E+01 .1183E+00 .1306E+01 .1188E+01 .5280E-01 .3331E+00
.7480E+03 .1290E+01 .1186E+01 .5254E-01 .8150E+00 .7624E+00 .1186E+01 .1179E+00 .1304E+01 .1186E+01 .5254E-01 .3325E+00
.7490E+03 .1275E+01 .1173E+01 .5178E-01 .8058E+00 .7540E+00 .1173E+01 .1165E+00 .1290E+01 .1173E+01 .5178E-01 .3288E+00
.7500E+03 .1274E+01 .1173E+01 .5161E-01 .8053E+00 .7537E+00 .1173E+01 .1165E+00 .1289E+01 .1173E+01 .5161E-01 .3291E+00
.7510E+03 .1261E+01 .1161E+01 .5095E-01 .7972E+00 .7462E+00 .1161E+01 .1154E+00 .1276E+01 .1161E+01 .5095E-01 .3266E+00
.7520E+03 .1266E+01 .1166E+01 .5103E-01 .8007E+00 .7497E+00 .1166E+01 .1159E+00 .1282E+01 .1166E+01 .5103E-01 .3286E+00
.7530E+03 .1272E+01 .1173E+01 .5114E-01 .8049E+00 .7537E+00 .1173E+01 .1164E+00 .1289E+01 .1173E+01 .5114E-01 .3303E+00
.7540E+03 .1275E+01 .1175E+01 .5109E-01 .8066E+00 .7555E+00 .1175E+01 .1166E+00 .1292E+01 .1175E+01 .5109E-01 .3310E+00
.7550E+03 .1268E+01 .1169E+01 .5065E-01 .8020E+00 .7513E+00 .1169E+01 .1159E+00 .1285E+01 .1169E+01 .5065E-01 .3298E+00
.7560E+03 .1267E+01 .1169E+01 .5051E-01 .8019E+00 .7514E+00 .1169E+01 .1160E+00 .1285E+01 .1169E+01 .5051E-01 .3306E+00
.7570E+03 .1269E+01 .1171E+01 .5045E-01 .8031E+00 .7527E+00 .1171E+01 .1162E+00 .1287E+01 .1171E+01 .5045E-01 .3317E+00
.7580E+03 .1254E+01 .1157E+01 .4968E-01 .7934E+00 .7437E+00 .1157E+01 .1148E+00 .1272E+01 .1157E+01 .4968E-01 .3281E+00
.7590E+03 .1250E+01 .1140E+01 .4870E-01 .7818E+00 .7331E+00 .1140E+01 .1130E+00 .1253E+01 .1140E+01 .4870E-01 .3237E+00
.7600E+03 .1250E+01 .3270E+00 .1101E-01 .2212E+00 .2102E+00 .3270E+00 .2891E-01 .3559E+00 .3270E+00 .1101E-01 .9227E-01
.7610E+03 .1246E+01 .2081E+00 .6485E-02 .1403E+00 .1338E+00 .2081E+00 .1780E-01 .2259E+00 .2081E+00 .6485E-02 .5866E-01
.7620E+03 .1224E+01 .7118E+00 .2752E-01 .4851E+00 .4576E+00 .7118E+00 .6734E-01 .7792E+00 .7118E+00 .2752E-01 .2021E+00
.7630E+03 .1247E+01 .4400E+00 .1546E-01 .2983E+00 .2828E+00 .4400E+00 .3979E-01 .4798E+00 .4400E+00 .1546E-01 .1246E+00
.7640E+03 .1240E+01 .5851E+00 .2160E-01 .3977E+00 .3761E+00 .5851E+00 .5420E-01 .6393E+00 .5851E+00 .2160E-01 .1659E+00
.7650E+03 .1227E+01 .7124E+00 .2726E-01 .4852E+00 .4579E+00 .7124E+00 .6722E-01 .7796E+00 .7124E+00 .2726E-01 .2023E+00
.7660E+03 .1177E+01 .8114E+00 .3200E-01 .5536E+00 .5216E+00 .8114E+00 .7780E-01 .8892E+00 .8114E+00 .3200E-01 .2309E+00
.7670E+03 .1217E+01 .9639E+00 .3895E-01 .6585E+00 .6196E+00 .9639E+00 .9367E-01 .1058E+01 .9639E+00 .3895E-01 .2747E+00
.7680E+03 .1222E+01 .1067E+01 .4382E-01 .7294E+00 .6856E+00 .1067E+01 .1047E+00 .1171E+01 .1067E+01 .4382E-01 .3045E+00
.7690E+03 .1210E+01 .1079E+01 .4438E-01 .7379E+00 .6935E+00 .1079E+01 .1061E+00 .1185E+01 .1079E+01 .4438E-01 .3085E+00
.7700E+03 .1210E+01 .1105E+01 .4551E-01 .7555E+00 .7100E+00 .1105E+01 .1089E+00 .1214E+01 .1105E+01 .4551E-01 .3164E+00
.7710E+03 .1202E+01 .1109E+01 .4564E-01 .7583E+00 .7127E+00 .1109E+01 .1095E+00 .1218E+01 .1109E+01 .4564E-01 .3183E+00
.7720E+03 .1199E+01 .1110E+01 .4557E-01 .7589E+00 .7133E+00 .1110E+01 .1096E+00 .1219E+01 .1110E+01 .4557E-01 .3189E+00
.7730E+03 .1206E+01 .1117E+01 .4573E-01 .7639E+00 .7182E+00 .1117E+01 .1102E+00 .1228E+01 .1117E+01 .4573E-01 .3210E+00
.7740E+03 .1199E+01 .1112E+01 .4534E-01 .7600E+00 .7146E+00 .1112E+01 .1095E+00 .1221E+01 .1112E+01 .4534E-01 .3193E+00
.7750E+03 .1189E+01 .1103E+01 .4486E-01 .7540E+00 .7091E+00 .1103E+01 .1088E+00 .1212E+01 .1103E+01 .4486E-01 .3176E+00
.7760E+03 .1203E+01 .1117E+01 .4528E-01 .7631E+00 .7178E+00 .1117E+01 .1101E+00 .1227E+01 .1117E+01 .4528E-01 .3222E+00
.7770E+03 .1187E+01 .1102E+01 .4454E-01 .7530E+00 .7085E+00 .1102E+01 .1087E+00 .1211E+01 .1102E+01 .4454E-01 .3183E+00
.7780E+03 .1180E+01 .1096E+01 .4412E-01 .7483E+00 .7042E+00 .1096E+01 .1079E+00 .1203E+01 .1096E+01 .4412E-01 .3163E+00
.7790E+03 .1181E+01 .1097E+01 .4402E-01 .7489E+00 .7049E+00 .1097E+01 .1079E+00 .1205E+01 .1097E+01 .4402E-01 .3166E+00
.7800E+03 .1174E+01 .1091E+01 .4365E-01 .7447E+00 .7011E+00 .1091E+01 .1073E+00 .1198E+01 .1091E+01 .4365E-01 .3152E+00
.7810E+03 .1175E+01 .1092E+01 .4357E-01 .7454E+00 .7019E+00 .1092E+01 .1074E+00 .1199E+01 .1092E+01 .4357E-01 .3159E+00
.7820E+03 .1182E+01 .1099E+01 .4371E-01 .7500E+00 .7063E+00 .1099E+01 .1080E+00 .1207E+01 .1099E+01 .4371E-01 .3182E+00
.7830E+03 .1161E+01 .1080E+01 .4283E-01 .7369E+00 .6940E+00 .1080E+01 .1062E+00 .1186E+01 .1080E+01 .4283E-01 .3130E+00
.7840E+03 .1166E+01 .1085E+01 .4292E-01 .7403E+00 .6974E+00 .1085E+01 .1067E+00 .1192E+01 .1085E+01 .4292E-01 .3148E+00
.7850E+03 .1159E+01 .1075E+01 .4239E-01 .7336E+00 .6912E+00 .1075E+01 .1057E+00 .1181E+01 .1075E+01 .4239E-01 .3123E+00
.7860E+03 .1173E+01 .1086E+01 .4267E-01 .7408E+00 .6981E+00 .1086E+01 .1067E+00 .1193E+01 .1086E+01 .4267E-01 .3158E+00
.7870E+03 .1168E+01 .1058E+01 .4127E-01 .7215E+00 .6802E+00 .1058E+01 .1037E+00 .1162E+01 .1058E+01 .4127E-01 .3080E+00
.7880E+03 .1162E+01 .1041E+01 .4037E-01 .7093E+00 .6689E+00 .1041E+01 .1018E+00 .1142E+01 .1041E+01 .4037E-01 .3031E+00
.7890E+03 .1168E+01 .1036E+01 .4001E-01 .7059E+00 .6659E+00 .1036E+01 .1013E+00 .1137E+01 .1036E+01 .4001E-01 .3020E+00
.7900E+03 .1166E+01 .1001E+01 .3831E-01 .6814E+00 .6431E+00 .1001E+01 .9754E-01 .1098E+01 .1001E+01 .3831E-01 .2919E+00
.7910E+03 .1150E+01 .1018E+01 .3906E-01 .6932E+00 .6541E+00 .1018E+01 .9945E-01 .1117E+01 .1018E+01 .3906E-01 .2972E+00
.7920E+03 .1139E+01 .1012E+01 .3878E-01 .6896E+00 .6508E+00 .1012E+01 .9894E-01 .1111E+01 .1012E+01 .3878E-01 .2958E+00
.7930E+03 .1124E+01 .9948E+00 .3795E-01 .6774E+00 .6395E+00 .9948E+00 .9709E-01 .1092E+01 .9948E+00 .3795E-01 .2906E+00
.7940E+03 .1111E+01 .1027E+01 .3937E-01 .6996E+00 .6602E+00 .1027E+01 .1005E+00 .1128E+01 .1027E+01 .3937E-01 .3001E+00
.7950E+03 .1137E+01 .1040E+01 .3968E-01 .7085E+00 .6688E+00 .1040E+01 .1017E+00 .1142E+01 .1040E+01 .3968E-01 .3043E+00
.7960E+03 .1141E+01 .9912E+00 .3734E-01 .6744E+00 .6371E+00 .9912E+00 .9647E-01 .1088E+01 .9912E+00 .3734E-01 .2902E+00
.7970E+03 .1140E+01 .9911E+00 .3721E-01 .6743E+00 .6371E+00 .9911E+00 .9648E-01 .1088E+01 .9911E+00 .3721E-01 .2907E+00
.7980E+03 .1139E+01 .1036E+01 .3914E-01 .7053E+00 .6661E+00 .1036E+01 .1014E+00 .1138E+01 .1036E+01 .3914E-01 .3046E+00
.7990E+03 .1140E+01 .1027E+01 .3859E-01 .6984E+00 .6598E+00 .1027E+01 .1003E+00 .1127E+01 .1027E+01 .3859E-01 .3022E+00
.8000E+03 .1130E+01 .1004E+01 .3751E-01 .6827E+00 .6451E+00 .1004E+01 .9789E-01 .1102E+01 .1004E+01 .3751E-01 .2954E+00
.8010E+03 .1133E+01 .9986E+00 .3715E-01 .6790E+00 .6419E+00 .9986E+00 .9724E-01 .1096E+01 .9986E+00 .3715E-01 .2939E+00
.8020E+03 .1128E+01 .9957E+00 .3693E-01 .6769E+00 .6400E+00 .9957E+00 .9692E-01 .1093E+01 .9957E+00 .3693E-01 .2932E+00
.8030E+03 .1123E+01 .9859E+00 .3641E-01 .6701E+00 .6337E+00 .9859E+00 .9589E-01 .1082E+01 .9859E+00 .3641E-01 .2906E+00
.8040E+03 .1121E+01 .9894E+00 .3648E-01 .6725E+00 .6360E+00 .9894E+00 .9627E-01 .1086E+01 .9894E+00 .3648E-01 .2919E+00
.8050E+03 .1107E+01 .9917E+00 .3655E-01 .6740E+00 .6375E+00 .9917E+00 .9660E-01 .1088E+01 .9917E+00 .3655E-01 .2928E+00
.8060E+03 .1122E+01 .1027E+01 .3788E-01 .6979E+00 .6600E+00 .1027E+01 .1002E+00 .1127E+01 .1027E+01 .3788E-01 .3035E+00
.8070E+03 .1113E+01 .1013E+01 .3723E-01 .6884E+00 .6512E+00 .1013E+01 .9879E-01 .1112E+01 .1013E+01 .3723E-01 .2997E+00
.8080E+03 .1111E+01 .1015E+01 .3722E-01 .6899E+00 .6526E+00 .1015E+01 .9902E-01 .1114E+01 .1015E+01 .3722E-01 .3007E+00
.8090E+03 .1102E+01 .9908E+00 .3609E-01 .6729E+00 .6368E+00 .9908E+00 .9646E-01 .1087E+01 .9908E+00 .3609E-01 .2937E+00
.8100E+03 .1105E+01 .9735E+00 .3523E-01 .6610E+00 .6257E+00 .9735E+00 .9460E-01 .1068E+01 .9735E+00 .3523E-01 .2889E+00
.8110E+03 .1116E+01 .9706E+00 .3493E-01 .6588E+00 .6239E+00 .9706E+00 .9419E-01 .1065E+01 .9706E+00 .3493E-01 .2883E+00
.8120E+03 .1117E+01 .9296E+00 .3308E-01 .6306E+00 .5975E+00 .9296E+00 .8990E-01 .1020E+01 .9296E+00 .3308E-01 .2766E+00
.8130E+03 .1119E+01 .9056E+00 .3202E-01 .6141E+00 .5821E+00 .9056E+00 .8747E-01 .9931E+00 .9056E+00 .3202E-01 .2700E+00
.8140E+03 .1112E+01 .7637E+00 .2626E-01 .5171E+00 .4909E+00 .7637E+00 .7291E-01 .8366E+00 .7637E+00 .2626E-01 .2278E+00
.8150E+03 .1106E+01 .7633E+00 .2621E-01 .5168E+00 .4906E+00 .7633E+00 .7287E-01 .8361E+00 .7633E+00 .2621E-01 .2277E+00
.8160E+03 .1104E+01 .7092E+00 .2405E-01 .4799E+00 .4559E+00 .7092E+00 .6736E-01 .7766E+00 .7092E+00 .2405E-01 .2115E+00
.8170E+03 .1100E+01 .7317E+00 .2487E-01 .4952E+00 .4704E+00 .7317E+00 .6964E-01 .8014E+00 .7317E+00 .2487E-01 .2184E+00
.8180E+03 .1078E+01 .6990E+00 .2356E-01 .4729E+00 .4493E+00 .6990E+00 .6636E-01 .7654E+00 .6990E+00 .2356E-01 .2088E+00
.8190E+03 .1072E+01 .8126E+00 .2797E-01 .5503E+00 .5223E+00 .8126E+00 .7800E-01 .8906E+00 .8126E+00 .2797E-01 .2431E+00
.8200E+03 .1065E+01 .7543E+00 .2564E-01 .5105E+00 .4848E+00 .7543E+00 .7207E-01 .8263E+00 .7543E+00 .2564E-01 .2259E+00
.8210E+03 .1064E+01 .9100E+00 .3175E-01 .6167E+00 .5849E+00 .9100E+00 .8814E-01 .9981E+00 .9100E+00 .3175E-01 .2730E+00
.8220E+03 .1066E+01 .8766E+00 .3031E-01 .5938E+00 .5635E+00 .8766E+00 .8466E-01 .9613E+00 .8766E+00 .3031E-01 .2632E+00
.8230E+03 .1077E+01 .5591E+00 .1809E-01 .3774E+00 .3594E+00 .5591E+00 .5243E-01 .6115E+00 .5591E+00 .1809E-01 .1678E+00
.8240E+03 .1074E+01 .8313E+00 .2827E-01 .5626E+00 .5344E+00 .8313E+00 .7987E-01 .9112E+00 .8313E+00 .2827E-01 .2500E+00
.8250E+03 .1071E+01 .8943E+00 .3078E-01 .6056E+00 .5748E+00 .8943E+00 .8649E-01 .9808E+00 .8943E+00 .3078E-01 .2692E+00
.8260E+03 .1079E+01 .8509E+00 .2895E-01 .5759E+00 .5469E+00 .8509E+00 .8195E-01 .9328E+00 .8509E+00 .2895E-01 .2563E+00
.8270E+03 .1077E+01 .9059E+00 .3102E-01 .6133E+00 .5823E+00 .9059E+00 .8762E-01 .9935E+00 .9059E+00 .3102E-01 .2732E+00
.8280E+03 .1071E+01 .7378E+00 .2443E-01 .4987E+00 .4742E+00 .7378E+00 .7035E-01 .8081E+00 .7378E+00 .2443E-01 .2226E+00
.8290E+03 .1064E+01 .8458E+00 .2857E-01 .5722E+00 .5437E+00 .8458E+00 .8147E-01 .9273E+00 .8458E+00 .2857E-01 .2554E+00
.8300E+03 .1061E+01 .8245E+00 .2766E-01 .5576E+00 .5300E+00 .8245E+00 .7921E-01 .9037E+00 .8245E+00 .2766E-01 .2489E+00
.8310E+03 .1055E+01 .8282E+00 .2773E-01 .5601E+00 .5324E+00 .8282E+00 .7956E-01 .9078E+00 .8282E+00 .2773E-01 .2500E+00
.8320E+03 .1058E+01 .7951E+00 .2639E-01 .5374E+00 .5111E+00 .7951E+00 .7622E-01 .8713E+00 .7951E+00 .2639E-01 .2405E+00
.8330E+03 .1025E+01 .8668E+00 .2919E-01 .5863E+00 .5572E+00 .8668E+00 .8381E-01 .9506E+00 .8668E+00 .2919E-01 .2629E+00
.8340E+03 .1030E+01 .8225E+00 .2738E-01 .5561E+00 .5287E+00 .8225E+00 .7922E-01 .9017E+00 .8225E+00 .2738E-01 .2497E+00
.8350E+03 .1046E+01 .9329E+00 .3155E-01 .6312E+00 .5997E+00 .9329E+00 .9063E-01 .1024E+01 .9329E+00 .3155E-01 .2837E+00
.8360E+03 .1051E+01 .8711E+00 .2899E-01 .5889E+00 .5599E+00 .8711E+00 .8410E-01 .9552E+00 .8711E+00 .2899E-01 .2650E+00
.8370E+03 .1046E+01 .9364E+00 .3150E-01 .6334E+00 .6019E+00 .9364E+00 .9097E-01 .1027E+01 .9364E+00 .3150E-01 .2852E+00
.8380E+03 .1030E+01 .8970E+00 .2992E-01 .6065E+00 .5766E+00 .8970E+00 .8691E-01 .9839E+00 .8970E+00 .2992E-01 .2735E+00
.8390E+03 .1027E+01 .9242E+00 .3093E-01 .6250E+00 .5941E+00 .9242E+00 .8980E-01 .1014E+01 .9242E+00 .3093E-01 .2820E+00
.8400E+03 .1044E+01 .9471E+00 .3166E-01 .6405E+00 .6088E+00 .9471E+00 .9208E-01 .1039E+01 .9471E+00 .3166E-01 .2893E+00
.8410E+03 .1038E+01 .9295E+00 .3091E-01 .6283E+00 .5974E+00 .9295E+00 .9025E-01 .1020E+01 .9295E+00 .3091E-01 .2842E+00
.8420E+03 .1029E+01 .9383E+00 .3123E-01 .6344E+00 .6031E+00 .9383E+00 .9127E-01 .1030E+01 .9383E+00 .3123E-01 .2872E+00
.8430E+03 .1017E+01 .9447E+00 .3147E-01 .6387E+00 .6072E+00 .9447E+00 .9204E-01 .1037E+01 .9447E+00 .3147E-01 .2894E+00
.8440E+03 .1010E+01 .9271E+00 .3072E-01 .6266E+00 .5959E+00 .9271E+00 .9022E-01 .1017E+01 .9271E+00 .3072E-01 .2843E+00
.8450E+03 .1034E+01 .9646E+00 .3198E-01 .6520E+00 .6200E+00 .9646E+00 .9401E-01 .1059E+01 .9646E+00 .3198E-01 .2961E+00
.8460E+03 .1028E+01 .9617E+00 .3181E-01 .6500E+00 .6182E+00 .9617E+00 .9372E-01 .1055E+01 .9617E+00 .3181E-01 .2955E+00
.8470E+03 .1005E+01 .9461E+00 .3124E-01 .6394E+00 .6081E+00 .9461E+00 .9219E-01 .1038E+01 .9461E+00 .3124E-01 .2910E+00
.8480E+03 .1004E+01 .9373E+00 .3081E-01 .6333E+00 .6025E+00 .9373E+00 .9119E-01 .1028E+01 .9373E+00 .3081E-01 .2885E+00
.8490E+03 .9755E+00 .9108E+00 .2985E-01 .6153E+00 .5855E+00 .9108E+00 .8855E-01 .9994E+00 .9108E+00 .2985E-01 .2806E+00
.8500E+03 .9336E+00 .8733E+00 .2855E-01 .5899E+00 .5613E+00 .8733E+00 .8486E-01 .9581E+00 .8733E+00 .2855E-01 .2693E+00
.8510E+03 .9946E+00 .9217E+00 .2999E-01 .6224E+00 .5924E+00 .9217E+00 .8941E-01 .1011E+01 .9217E+00 .2999E-01 .2844E+00
.8520E+03 .9850E+00 .9164E+00 .2975E-01 .6188E+00 .5891E+00 .9164E+00 .8881E-01 .1005E+01 .9164E+00 .2975E-01 .2828E+00
.8530E+03 .9433E+00 .8854E+00 .2870E-01 .5978E+00 .5691E+00 .8854E+00 .8574E-01 .9711E+00 .8854E+00 .2870E-01 .2732E+00
.8540E+03 .8184E+00 .7618E+00 .2459E-01 .5143E+00 .4897E+00 .7618E+00 .7367E-01 .8355E+00 .7618E+00 .2459E-01 .2352E+00
.8550E+03 .8936E+00 .8407E+00 .2712E-01 .5675E+00 .5404E+00 .8407E+00 .8133E-01 .9221E+00 .8407E+00 .2712E-01 .2599E+00
.8560E+03 .9789E+00 .9169E+00 .2948E-01 .6189E+00 .5894E+00 .9169E+00 .8863E-01 .1006E+01 .9169E+00 .2948E-01 .2838E+00
.8570E+03 .9971E+00 .9400E+00 .3019E-01 .6344E+00 .6042E+00 .9400E+00 .9094E-01 .1031E+01 .9400E+00 .3019E-01 .2915E+00
.8580E+03 .9912E+00 .9320E+00 .2985E-01 .6289E+00 .5991E+00 .9320E+00 .9016E-01 .1022E+01 .9320E+00 .2985E-01 .2897E+00
.8590E+03 .9901E+00 .9339E+00 .2984E-01 .6301E+00 .6003E+00 .9339E+00 .9028E-01 .1024E+01 .9339E+00 .2984E-01 .2903E+00
.8600E+03 .9903E+00 .9369E+00 .2987E-01 .6321E+00 .6022E+00 .9369E+00 .9048E-01 .1027E+01 .9369E+00 .2987E-01 .2912E+00
.8610E+03 .9853E+00 .9313E+00 .2961E-01 .6282E+00 .5986E+00 .9313E+00 .8986E-01 .1021E+01 .9313E+00 .2961E-01 .2897E+00
.8620E+03 .1000E+01 .9467E+00 .3004E-01 .6385E+00 .6085E+00 .9467E+00 .9137E-01 .1038E+01 .9467E+00 .3004E-01 .2950E+00
.8630E+03 .1024E+01 .9690E+00 .3068E-01 .6536E+00 .6229E+00 .9690E+00 .9355E-01 .1063E+01 .9690E+00 .3068E-01 .3026E+00
.8640E+03 .9722E+00 .9205E+00 .2907E-01 .6208E+00 .5917E+00 .9205E+00 .8883E-01 .1009E+01 .9205E+00 .2907E-01 .2877E+00
.8650E+03 .9633E+00 .9127E+00 .2875E-01 .6154E+00 .5867E+00 .9127E+00 .8803E-01 .1001E+01 .9127E+00 .2875E-01 .2855E+00
.8660E+03 .8662E+00 .8208E+00 .2579E-01 .5534E+00 .5276E+00 .8208E+00 .7912E-01 .8999E+00 .8208E+00 .2579E-01 .2570E+00
.8670E+03 .9038E+00 .8566E+00 .2685E-01 .5775E+00 .5506E+00 .8566E+00 .8252E-01 .9391E+00 .8566E+00 .2685E-01 .2685E+00
.8680E+03 .9833E+00 .9322E+00 .2914E-01 .6284E+00 .5992E+00 .9322E+00 .8976E-01 .1022E+01 .9322E+00 .2914E-01 .2924E+00
.8690E+03 .9627E+00 .9129E+00 .2847E-01 .6153E+00 .5868E+00 .9129E+00 .8786E-01 .1001E+01 .9129E+00 .2847E-01 .2867E+00
.8700E+03 .9901E+00 .9391E+00 .2921E-01 .6328E+00 .6036E+00 .9391E+00 .9033E-01 .1029E+01 .9391E+00 .2921E-01 .2951E+00
.8710E+03 .9766E+00 .9262E+00 .2874E-01 .6241E+00 .5954E+00 .9262E+00 .8905E-01 .1015E+01 .9262E+00 .2874E-01 .2914E+00
.8720E+03 .9729E+00 .9232E+00 .2857E-01 .6220E+00 .5934E+00 .9232E+00 .8872E-01 .1012E+01 .9232E+00 .2857E-01 .2907E+00
.8730E+03 .9709E+00 .9214E+00 .2844E-01 .6207E+00 .5923E+00 .9214E+00 .8851E-01 .1010E+01 .9214E+00 .2844E-01 .2904E+00
.8740E+03 .9593E+00 .9106E+00 .2803E-01 .6133E+00 .5853E+00 .9106E+00 .8736E-01 .9979E+00 .9106E+00 .2803E-01 .2870E+00
.8750E+03 .9401E+00 .8919E+00 .2738E-01 .6007E+00 .5733E+00 .8919E+00 .8546E-01 .9774E+00 .8919E+00 .2738E-01 .2811E+00
.8760E+03 .9502E+00 .9010E+00 .2758E-01 .6067E+00 .5792E+00 .9010E+00 .8625E-01 .9873E+00 .9010E+00 .2758E-01 .2841E+00
.8770E+03 .9594E+00 .9106E+00 .2780E-01 .6131E+00 .5853E+00 .9106E+00 .8714E-01 .9977E+00 .9106E+00 .2780E-01 .2874E+00
.8780E+03 .9708E+00 .9197E+00 .2800E-01 .6192E+00 .5912E+00 .9197E+00 .8795E-01 .1008E+01 .9197E+00 .2800E-01 .2905E+00
.8790E+03 .9556E+00 .9058E+00 .2751E-01 .6098E+00 .5823E+00 .9058E+00 .8658E-01 .9924E+00 .9058E+00 .2751E-01 .2864E+00
.8800E+03 .9350E+00 .8868E+00 .2686E-01 .5969E+00 .5700E+00 .8868E+00 .8471E-01 .9715E+00 .8868E+00 .2686E-01 .2806E+00
.8810E+03 .9237E+00 .8715E+00 .2630E-01 .5865E+00 .5602E+00 .8715E+00 .8320E-01 .9547E+00 .8715E+00 .2630E-01 .2762E+00
.8820E+03 .9442E+00 .8903E+00 .2680E-01 .5991E+00 .5723E+00 .8903E+00 .8501E-01 .9753E+00 .8903E+00 .2680E-01 .2827E+00
.8830E+03 .9454E+00 .8939E+00 .2686E-01 .6014E+00 .5746E+00 .8939E+00 .8538E-01 .9792E+00 .8939E+00 .2686E-01 .2843E+00
.8840E+03 .9416E+00 .8900E+00 .2667E-01 .5988E+00 .5721E+00 .8900E+00 .8490E-01 .9749E+00 .8900E+00 .2667E-01 .2831E+00
.8850E+03 .9486E+00 .8969E+00 .2680E-01 .6033E+00 .5765E+00 .8969E+00 .8546E-01 .9824E+00 .8969E+00 .2680E-01 .2852E+00
.8860E+03 .9132E+00 .8492E+00 .2523E-01 .5711E+00 .5459E+00 .8492E+00 .8077E-01 .9300E+00 .8492E+00 .2523E-01 .2703E+00
.8870E+03 .9164E+00 .8624E+00 .2562E-01 .5800E+00 .5544E+00 .8624E+00 .8214E-01 .9446E+00 .8624E+00 .2562E-01 .2751E+00
.8880E+03 .9363E+00 .8712E+00 .2577E-01 .5858E+00 .5600E+00 .8712E+00 .8291E-01 .9542E+00 .8712E+00 .2577E-01 .2784E+00
.8890E+03 .9366E+00 .8877E+00 .2627E-01 .5969E+00 .5706E+00 .8877E+00 .8450E-01 .9722E+00 .8877E+00 .2627E-01 .2836E+00
.8900E+03 .9393E+00 .8735E+00 .2568E-01 .5871E+00 .5615E+00 .8735E+00 .8291E-01 .9564E+00 .8735E+00 .2568E-01 .2790E+00
.8910E+03 .9322E+00 .8741E+00 .2568E-01 .5875E+00 .5618E+00 .8741E+00 .8301E-01 .9571E+00 .8741E+00 .2568E-01 .2796E+00
.8920E+03 .9173E+00 .8430E+00 .2461E-01 .5664E+00 .5418E+00 .8430E+00 .7994E-01 .9229E+00 .8430E+00 .2461E-01 .2701E+00
.8930E+03 .9118E+00 .8095E+00 .2345E-01 .5438E+00 .5204E+00 .8095E+00 .7660E-01 .8861E+00 .8095E+00 .2345E-01 .2598E+00
.8940E+03 .9140E+00 .7624E+00 .2177E-01 .5118E+00 .4901E+00 .7624E+00 .7171E-01 .8341E+00 .7624E+00 .2177E-01 .2446E+00
.8950E+03 .9104E+00 .7014E+00 .1969E-01 .4705E+00 .4508E+00 .7014E+00 .6551E-01 .7669E+00 .7014E+00 .1969E-01 .2249E+00
.8960E+03 .9238E+00 .6493E+00 .1797E-01 .4353E+00 .4173E+00 .6493E+00 .6032E-01 .7096E+00 .6493E+00 .1797E-01 .2083E+00
.8970E+03 .9099E+00 .5375E+00 .1447E-01 .3599E+00 .3455E+00 .5375E+00 .4942E-01 .5869E+00 .5375E+00 .1447E-01 .1726E+00
.8980E+03 .9137E+00 .6074E+00 .1658E-01 .4070E+00 .3904E+00 .6074E+00 .5620E-01 .6636E+00 .6074E+00 .1658E-01 .1953E+00
.8990E+03 .9110E+00 .4577E+00 .1205E-01 .3062E+00 .2942E+00 .4577E+00 .4177E-01 .4994E+00 .4577E+00 .1205E-01 .1472E+00
.9000E+03 .8902E+00 .6435E+00 .1773E-01 .4314E+00 .4137E+00 .6435E+00 .5985E-01 .7034E+00 .6435E+00 .1773E-01 .2073E+00
.9010E+03 .8596E+00 .4568E+00 .1196E-01 .3056E+00 .2936E+00 .4568E+00 .4168E-01 .4985E+00 .4568E+00 .1196E-01 .1473E+00
.9020E+03 .8684E+00 .5819E+00 .1578E-01 .3898E+00 .3740E+00 .5819E+00 .5389E-01 .6358E+00 .5819E+00 .1578E-01 .1881E+00
.9030E+03 .9014E+00 .5839E+00 .1569E-01 .3910E+00 .3753E+00 .5839E+00 .5392E-01 .6378E+00 .5839E+00 .1569E-01 .1889E+00
.9040E+03 .9104E+00 .7617E+00 .2121E-01 .5108E+00 .4896E+00 .7617E+00 .7136E-01 .8330E+00 .7617E+00 .2121E-01 .2466E+00
.9050E+03 .9078E+00 .7285E+00 .2010E-01 .4884E+00 .4683E+00 .7285E+00 .6800E-01 .7965E+00 .7285E+00 .2010E-01 .2358E+00
.9060E+03 .8868E+00 .6783E+00 .1856E-01 .4546E+00 .4360E+00 .6783E+00 .6317E-01 .7415E+00 .6783E+00 .1856E-01 .2199E+00
.9070E+03 .8940E+00 .5331E+00 .1404E-01 .3567E+00 .3427E+00 .5331E+00 .4896E-01 .5821E+00 .5331E+00 .1404E-01 .1731E+00
.9080E+03 .8783E+00 .5389E+00 .1421E-01 .3606E+00 .3464E+00 .5389E+00 .4956E-01 .5884E+00 .5389E+00 .1421E-01 .1752E+00
.9090E+03 .8604E+00 .5926E+00 .1583E-01 .3967E+00 .3809E+00 .5926E+00 .5478E-01 .6473E+00 .5926E+00 .1583E-01 .1927E+00
.9100E+03 .8774E+00 .5005E+00 .1298E-01 .3347E+00 .3217E+00 .5005E+00 .4573E-01 .5462E+00 .5005E+00 .1298E-01 .1627E+00
.9110E+03 .8728E+00 .5488E+00 .1445E-01 .3672E+00 .3528E+00 .5488E+00 .5050E-01 .5993E+00 .5488E+00 .1445E-01 .1787E+00
.9120E+03 .8740E+00 .5793E+00 .1527E-01 .3876E+00 .3724E+00 .5793E+00 .5339E-01 .6327E+00 .5793E+00 .1527E-01 .1890E+00
.9130E+03 .8932E+00 .5043E+00 .1296E-01 .3371E+00 .3241E+00 .5043E+00 .4606E-01 .5503E+00 .5043E+00 .1296E-01 .1646E+00
.9140E+03 .8826E+00 .5009E+00 .1284E-01 .3348E+00 .3220E+00 .5009E+00 .4570E-01 .5466E+00 .5009E+00 .1284E-01 .1635E+00
.9150E+03 .8753E+00 .5390E+00 .1389E-01 .3604E+00 .3465E+00 .5390E+00 .4928E-01 .5883E+00 .5390E+00 .1389E-01 .1760E+00
.9160E+03 .8791E+00 .4543E+00 .1147E-01 .3035E+00 .2920E+00 .4543E+00 .4127E-01 .4955E+00 .4543E+00 .1147E-01 .1485E+00
.9170E+03 .8667E+00 .6013E+00 .1572E-01 .4023E+00 .3865E+00 .6013E+00 .5543E-01 .6568E+00 .6013E+00 .1572E-01 .1971E+00
.9180E+03 .8709E+00 .4580E+00 .1150E-01 .3059E+00 .2944E+00 .4580E+00 .4159E-01 .4995E+00 .4580E+00 .1150E-01 .1501E+00
.9190E+03 .8739E+00 .6258E+00 .1640E-01 .4187E+00 .4023E+00 .6258E+00 .5777E-01 .6836E+00 .6258E+00 .1640E-01 .2053E+00
.9200E+03 .8632E+00 .6355E+00 .1674E-01 .4252E+00 .4085E+00 .6355E+00 .5878E-01 .6943E+00 .6355E+00 .1674E-01 .2085E+00
.9210E+03 .8416E+00 .6734E+00 .1786E-01 .4507E+00 .4328E+00 .6734E+00 .6253E-01 .7359E+00 .6734E+00 .1786E-01 .2214E+00
.9220E+03 .8384E+00 .5834E+00 .1513E-01 .3901E+00 .3750E+00 .5834E+00 .5378E-01 .6372E+00 .5834E+00 .1513E-01 .1921E+00
.9230E+03 .8153E+00 .6549E+00 .1731E-01 .4383E+00 .4209E+00 .6549E+00 .6086E-01 .7157E+00 .6549E+00 .1731E-01 .2159E+00
.9240E+03 .8412E+00 .5905E+00 .1520E-01 .3948E+00 .3796E+00 .5905E+00 .5432E-01 .6448E+00 .5905E+00 .1520E-01 .1946E+00
.9250E+03 .8410E+00 .5833E+00 .1498E-01 .3899E+00 .3749E+00 .5833E+00 .5361E-01 .6369E+00 .5833E+00 .1498E-01 .1922E+00
.9260E+03 .8302E+00 .5824E+00 .1490E-01 .3893E+00 .3744E+00 .5824E+00 .5352E-01 .6359E+00 .5824E+00 .1490E-01 .1923E+00
.9270E+03 .8567E+00 .6707E+00 .1741E-01 .4485E+00 .4311E+00 .6707E+00 .6204E-01 .7327E+00 .6707E+00 .1741E-01 .2219E+00
.9280E+03 .8581E+00 .4384E+00 .1064E-01 .2924E+00 .2818E+00 .4384E+00 .3958E-01 .4779E+00 .4384E+00 .1064E-01 .1451E+00
.9290E+03 .8467E+00 .3793E+00 .8998E-02 .2528E+00 .2438E+00 .3793E+00 .3399E-01 .4133E+00 .3793E+00 .8998E-02 .1256E+00
.9300E+03 .8511E+00 .3029E+00 .6951E-02 .2017E+00 .1947E+00 .3029E+00 .2684E-01 .3297E+00 .3029E+00 .6951E-02 .1003E+00
.9310E+03 .8511E+00 .2849E+00 .6476E-02 .1896E+00 .1832E+00 .2849E+00 .2518E-01 .3101E+00 .2849E+00 .6476E-02 .9446E-01
.9320E+03 .8466E+00 .1886E+00 .4046E-02 .1253E+00 .1213E+00 .1886E+00 .1635E-01 .2050E+00 .1886E+00 .4046E-02 .6254E-01
.9330E+03 .8498E+00 .1480E+00 .3075E-02 .9818E-01 .9510E-01 .1480E+00 .1270E-01 .1606E+00 .1480E+00 .3075E-02 .4904E-01
.9340E+03 .8477E+00 .6801E-01 .1267E-02 .4498E-01 .4371E-01 .6801E-01 .5636E-02 .7364E-01 .6801E-01 .1267E-02 .2249E-01
.9350E+03 .8377E+00 .1675E+00 .3541E-02 .1112E+00 .1076E+00 .1675E+00 .1445E-01 .1819E+00 .1675E+00 .3541E-02 .5554E-01
.9360E+03 .8335E+00 .9278E-01 .1832E-02 .6147E-01 .5964E-01 .9278E-01 .7841E-02 .1006E+00 .9278E-01 .1832E-02 .3079E-01
.9370E+03 .8395E+00 .9798E-01 .1941E-02 .6492E-01 .6298E-01 .9798E-01 .8300E-02 .1063E+00 .9798E-01 .1941E-02 .3258E-01
.9380E+03 .8388E+00 .1233E+00 .2489E-02 .8175E-01 .7926E-01 .1233E+00 .1051E-01 .1338E+00 .1233E+00 .2489E-02 .4104E-01
.9390E+03 .8327E+00 .2870E+00 .6423E-02 .1909E+00 .1845E+00 .2870E+00 .2533E-01 .3123E+00 .2870E+00 .6423E-02 .9567E-01
.9400E+03 .8229E+00 .3525E+00 .8092E-02 .2347E+00 .2266E+00 .3525E+00 .3139E-01 .3839E+00 .3525E+00 .8092E-02 .1176E+00
.9410E+03 .7930E+00 .2504E+00 .5495E-02 .1664E+00 .1609E+00 .2504E+00 .2195E-01 .2723E+00 .2504E+00 .5495E-02 .8344E-01
.9420E+03 .8095E+00 .2987E+00 .6665E-02 .1987E+00 .1920E+00 .2987E+00 .2634E-01 .3250E+00 .2987E+00 .6665E-02 .9956E-01
.9430E+03 .8194E+00 .1975E+00 .4197E-02 .1312E+00 .1270E+00 .1975E+00 .1714E-01 .2146E+00 .1975E+00 .4197E-02 .6583E-01
.9440E+03 .8084E+00 .2222E+00 .4845E-02 .1477E+00 .1428E+00 .2222E+00 .1946E-01 .2416E+00 .2222E+00 .4845E-02 .7417E-01
.9450E+03 .8165E+00 .2613E+00 .5710E-02 .1737E+00 .1680E+00 .2613E+00 .2291E-01 .2842E+00 .2613E+00 .5710E-02 .8728E-01
.9460E+03 .8194E+00 .1210E+00 .2413E-02 .8020E-01 .7779E-01 .1210E+00 .1030E-01 .1313E+00 .1210E+00 .2413E-02 .4037E-01
.9470E+03 .8212E+00 .2535E+00 .5465E-02 .1684E+00 .1629E+00 .2535E+00 .2213E-01 .2756E+00 .2535E+00 .5465E-02 .8464E-01
.9480E+03 .8219E+00 .1962E+00 .4152E-02 .1303E+00 .1261E+00 .1962E+00 .1703E-01 .2132E+00 .1962E+00 .4152E-02 .6555E-01
.9490E+03 .8212E+00 .3656E+00 .8210E-02 .2432E+00 .2350E+00 .3656E+00 .3240E-01 .3980E+00 .3656E+00 .8210E-02 .1224E+00
.9500E+03 .8154E+00 .8032E-01 .1521E-02 .5315E-01 .5163E-01 .8032E-01 .6736E-02 .8705E-01 .8032E-01 .1521E-02 .2683E-01
.9510E+03 .8110E+00 .3593E+00 .8023E-02 .2390E+00 .2310E+00 .3593E+00 .3179E-01 .3911E+00 .3593E+00 .8023E-02 .1203E+00
.9520E+03 .8117E+00 .1691E+00 .3457E-02 .1121E+00 .1087E+00 .1691E+00 .1453E-01 .1836E+00 .1691E+00 .3457E-02 .5654E-01
.9530E+03 .8043E+00 .2340E+00 .4960E-02 .1553E+00 .1504E+00 .2340E+00 .2035E-01 .2543E+00 .2340E+00 .4960E-02 .7835E-01
.9540E+03 .7797E+00 .2974E+00 .6501E-02 .1977E+00 .1912E+00 .2974E+00 .2616E-01 .3235E+00 .2974E+00 .6501E-02 .9972E-01
.9550E+03 .7665E+00 .2358E+00 .5005E-02 .1566E+00 .1516E+00 .2358E+00 .2054E-01 .2563E+00 .2358E+00 .5005E-02 .7909E-01
.9560E+03 .7989E+00 .2467E+00 .5355E-02 .1639E+00 .1586E+00 .2467E+00 .2166E-01 .2683E+00 .2467E+00 .5355E-02 .8280E-01
.9570E+03 .7927E+00 .1645E+00 .3302E-02 .1090E+00 .1057E+00 .1645E+00 .1407E-01 .1786E+00 .1645E+00 .3302E-02 .5513E-01
.9580E+03 .8013E+00 .3657E+00 .8203E-02 .2433E+00 .2351E+00 .3657E+00 .3247E-01 .3982E+00 .3657E+00 .8203E-02 .1228E+00
.9590E+03 .8021E+00 .2751E+00 .5912E-02 .1827E+00 .1768E+00 .2751E+00 .2407E-01 .2992E+00 .2751E+00 .5912E-02 .9229E-01
.9600E+03 .7908E+00 .2985E+00 .6436E-02 .1983E+00 .1919E+00 .2985E+00 .2614E-01 .3246E+00 .2985E+00 .6436E-02 .1001E+00
.9610E+03 .7946E+00 .3541E+00 .7820E-02 .2354E+00 .2276E+00 .3541E+00 .3127E-01 .3854E+00 .3541E+00 .7820E-02 .1188E+00
.9620E+03 .7878E+00 .3389E+00 .7452E-02 .2253E+00 .2178E+00 .3389E+00 .2988E-01 .3688E+00 .3389E+00 .7452E-02 .1137E+00
.9630E+03 .7839E+00 .4032E+00 .9062E-02 .2682E+00 .2592E+00 .4032E+00 .3583E-01 .4390E+00 .4032E+00 .9062E-02 .1354E+00
.9640E+03 .7836E+00 .3646E+00 .8084E-02 .2424E+00 .2343E+00 .3646E+00 .3227E-01 .3968E+00 .3646E+00 .8084E-02 .1225E+00
.9650E+03 .7805E+00 .3973E+00 .8862E-02 .2642E+00 .2554E+00 .3973E+00 .3526E-01 .4326E+00 .3973E+00 .8862E-02 .1336E+00
.9660E+03 .7742E+00 .3777E+00 .8329E-02 .2511E+00 .2428E+00 .3777E+00 .3339E-01 .4110E+00 .3777E+00 .8329E-02 .1270E+00
.9670E+03 .7809E+00 .3727E+00 .8175E-02 .2477E+00 .2396E+00 .3727E+00 .3289E-01 .4056E+00 .3727E+00 .8175E-02 .1253E+00
.9680E+03 .7798E+00 .5773E+00 .1356E-01 .3847E+00 .3711E+00 .5773E+00 .5220E-01 .6295E+00 .5773E+00 .1356E-01 .1945E+00
.9690E+03 .7793E+00 .5877E+00 .1373E-01 .3915E+00 .3777E+00 .5877E+00 .5307E-01 .6407E+00 .5877E+00 .1373E-01 .1981E+00
.9700E+03 .7785E+00 .5287E+00 .1216E-01 .3520E+00 .3398E+00 .5287E+00 .4750E-01 .5762E+00 .5287E+00 .1216E-01 .1783E+00
.9710E+03 .7761E+00 .6425E+00 .1521E-01 .4282E+00 .4130E+00 .6425E+00 .5831E-01 .7008E+00 .6425E+00 .1521E-01 .2168E+00
.9720E+03 .7779E+00 .6155E+00 .1446E-01 .4101E+00 .3956E+00 .6155E+00 .5571E-01 .6712E+00 .6155E+00 .1446E-01 .2076E+00
.9730E+03 .7697E+00 .4922E+00 .1111E-01 .3275E+00 .3164E+00 .4922E+00 .4393E-01 .5361E+00 .4922E+00 .1111E-01 .1659E+00
.9740E+03 .7603E+00 .4755E+00 .1072E-01 .3164E+00 .3057E+00 .4755E+00 .4243E-01 .5180E+00 .4755E+00 .1072E-01 .1603E+00
.9750E+03 .7695E+00 .5099E+00 .1158E-01 .3393E+00 .3277E+00 .5099E+00 .4562E-01 .5555E+00 .5099E+00 .1158E-01 .1720E+00
.9760E+03 .7652E+00 .4586E+00 .1019E-01 .3050E+00 .2948E+00 .4586E+00 .4075E-01 .4994E+00 .4586E+00 .1019E-01 .1548E+00
.9770E+03 .7635E+00 .5487E+00 .1255E-01 .3652E+00 .3527E+00 .5487E+00 .4927E-01 .5979E+00 .5487E+00 .1255E-01 .1854E+00
.9780E+03 .7624E+00 .5089E+00 .1145E-01 .3386E+00 .3271E+00 .5089E+00 .4545E-01 .5543E+00 .5089E+00 .1145E-01 .1719E+00
.9790E+03 .7560E+00 .5424E+00 .1231E-01 .3610E+00 .3487E+00 .5424E+00 .4858E-01 .5910E+00 .5424E+00 .1231E-01 .1833E+00
.9800E+03 .7599E+00 .5018E+00 .1125E-01 .3338E+00 .3226E+00 .5018E+00 .4476E-01 .5466E+00 .5018E+00 .1125E-01 .1695E+00
.9810E+03 .7640E+00 .6413E+00 .1486E-01 .4271E+00 .4122E+00 .6413E+00 .5785E-01 .6991E+00 .6413E+00 .1486E-01 .2167E+00
.9820E+03 .7614E+00 .5991E+00 .1370E-01 .3988E+00 .3851E+00 .5991E+00 .5380E-01 .6529E+00 .5991E+00 .1370E-01 .2024E+00
.9830E+03 .7559E+00 .5671E+00 .1285E-01 .3774E+00 .3645E+00 .5671E+00 .5080E-01 .6179E+00 .5671E+00 .1285E-01 .1917E+00
.9840E+03 .7549E+00 .6739E+00 .1568E-01 .4489E+00 .4332E+00 .6739E+00 .6097E-01 .7349E+00 .6739E+00 .1568E-01 .2281E+00
.9850E+03 .7555E+00 .5939E+00 .1348E-01 .3952E+00 .3817E+00 .5939E+00 .5328E-01 .6471E+00 .5939E+00 .1348E-01 .2011E+00
.9860E+03 .7499E+00 .6924E+00 .1613E-01 .4612E+00 .4451E+00 .6924E+00 .6269E-01 .7551E+00 .6924E+00 .1613E-01 .2345E+00
.9870E+03 .7484E+00 .6708E+00 .1551E-01 .4467E+00 .4312E+00 .6708E+00 .6057E-01 .7314E+00 .6708E+00 .1551E-01 .2272E+00
.9880E+03 .7494E+00 .6705E+00 .1547E-01 .4465E+00 .4310E+00 .6705E+00 .6053E-01 .7311E+00 .6705E+00 .1547E-01 .2273E+00
.9890E+03 .7376E+00 .6981E+00 .1623E-01 .4650E+00 .4487E+00 .6981E+00 .6323E-01 .7613E+00 .6981E+00 .1623E-01 .2368E+00
.9900E+03 .7407E+00 .6662E+00 .1530E-01 .4435E+00 .4282E+00 .6662E+00 .6011E-01 .7263E+00 .6662E+00 .1530E-01 .2261E+00
.9910E+03 .7420E+00 .7001E+00 .1619E-01 .4662E+00 .4500E+00 .7001E+00 .6331E-01 .7634E+00 .7001E+00 .1619E-01 .2376E+00
.9920E+03 .7443E+00 .7055E+00 .1629E-01 .4698E+00 .4535E+00 .7055E+00 .6377E-01 .7693E+00 .7055E+00 .1629E-01 .2394E+00
.9930E+03 .7423E+00 .6796E+00 .1556E-01 .4524E+00 .4368E+00 .6796E+00 .6129E-01 .7409E+00 .6796E+00 .1556E-01 .2308E+00
.9940E+03 .7423E+00 .7069E+00 .1627E-01 .4707E+00 .4544E+00 .7069E+00 .6392E-01 .7708E+00 .7069E+00 .1627E-01 .2404E+00
.9950E+03 .7390E+00 .7077E+00 .1627E-01 .4712E+00 .4549E+00 .7077E+00 .6399E-01 .7717E+00 .7077E+00 .1627E-01 .2408E+00
.9960E+03 .7384E+00 .7023E+00 .1609E-01 .4675E+00 .4514E+00 .7023E+00 .6342E-01 .7657E+00 .7023E+00 .1609E-01 .2389E+00
.9970E+03 .7381E+00 .7045E+00 .1612E-01 .4690E+00 .4528E+00 .7045E+00 .6359E-01 .7681E+00 .7045E+00 .1612E-01 .2396E+00
.9980E+03 .7356E+00 .7012E+00 .1600E-01 .4667E+00 .4507E+00 .7012E+00 .6327E-01 .7644E+00 .7012E+00 .1600E-01 .2387E+00
.9990E+03 .7322E+00 .6986E+00 .1591E-01 .4650E+00 .4491E+00 .6986E+00 .6305E-01 .7617E+00 .6986E+00 .1591E-01 .2381E+00
.1000E+04 .7312E+00 .6909E+00 .1567E-01 .4598E+00 .4441E+00 .6909E+00 .6230E-01 .7532E+00 .6909E+00 .1567E-01 .2356E+00
.1001E+04 .7357E+00 .7029E+00 .1595E-01 .4678E+00 .4518E+00 .7029E+00 .6342E-01 .7663E+00 .7029E+00 .1595E-01 .2399E+00
.1002E+04 .7325E+00 .6729E+00 .1512E-01 .4476E+00 .4325E+00 .6729E+00 .6054E-01 .7334E+00 .6729E+00 .1512E-01 .2298E+00
.1003E+04 .7238E+00 .6897E+00 .1557E-01 .4589E+00 .4433E+00 .6897E+00 .6215E-01 .7519E+00 .6897E+00 .1557E-01 .2356E+00
.1004E+04 .7105E+00 .6704E+00 .1507E-01 .4460E+00 .4309E+00 .6704E+00 .6033E-01 .7308E+00 .6704E+00 .1507E-01 .2289E+00
.1005E+04 .6783E+00 .6496E+00 .1461E-01 .4322E+00 .4176E+00 .6496E+00 .5847E-01 .7081E+00 .6496E+00 .1461E-01 .2218E+00
.1006E+04 .7083E+00 .6730E+00 .1508E-01 .4477E+00 .4326E+00 .6730E+00 .6050E-01 .7335E+00 .6730E+00 .1508E-01 .2298E+00
.1007E+04 .7213E+00 .6887E+00 .1541E-01 .4581E+00 .4427E+00 .6887E+00 .6188E-01 .7506E+00 .6887E+00 .1541E-01 .2351E+00
.1008E+04 .7208E+00 .6826E+00 .1522E-01 .4540E+00 .4388E+00 .6826E+00 .6129E-01 .7439E+00 .6826E+00 .1522E-01 .2333E+00
.1009E+04 .7204E+00 .6771E+00 .1504E-01 .4503E+00 .4352E+00 .6771E+00 .6076E-01 .7379E+00 .6771E+00 .1504E-01 .2316E+00
.1010E+04 .7193E+00 .6730E+00 .1490E-01 .4475E+00 .4326E+00 .6730E+00 .6035E-01 .7333E+00 .6730E+00 .1490E-01 .2303E+00
.1011E+04 .7172E+00 .6857E+00 .1521E-01 .4559E+00 .4407E+00 .6857E+00 .6153E-01 .7472E+00 .6857E+00 .1521E-01 .2346E+00
.1012E+04 .7146E+00 .6777E+00 .1498E-01 .4506E+00 .4356E+00 .6777E+00 .6073E-01 .7384E+00 .6777E+00 .1498E-01 .2319E+00
.1013E+04 .7146E+00 .6849E+00 .1514E-01 .4554E+00 .4403E+00 .6849E+00 .6143E-01 .7464E+00 .6849E+00 .1514E-01 .2346E+00
.1014E+04 .7096E+00 .6802E+00 .1501E-01 .4523E+00 .4373E+00 .6802E+00 .6101E-01 .7413E+00 .6802E+00 .1501E-01 .2332E+00
.1015E+04 .7055E+00 .6754E+00 .1486E-01 .4490E+00 .4341E+00 .6754E+00 .6055E-01 .7359E+00 .6754E+00 .1486E-01 .2317E+00
.1016E+04 .7028E+00 .6723E+00 .1476E-01 .4469E+00 .4322E+00 .6723E+00 .6022E-01 .7325E+00 .6723E+00 .1476E-01 .2306E+00
.1017E+04 .7050E+00 .6735E+00 .1475E-01 .4477E+00 .4329E+00 .6735E+00 .6028E-01 .7338E+00 .6735E+00 .1475E-01 .2310E+00
.1018E+04 .7004E+00 .6726E+00 .1471E-01 .4470E+00 .4323E+00 .6726E+00 .6017E-01 .7328E+00 .6726E+00 .1471E-01 .2307E+00
.1019E+04 .6919E+00 .6542E+00 .1423E-01 .4347E+00 .4205E+00 .6542E+00 .5842E-01 .7126E+00 .6542E+00 .1423E-01 .2243E+00
.1020E+04 .6977E+00 .6686E+00 .1455E-01 .4443E+00 .4298E+00 .6686E+00 .5971E-01 .7283E+00 .6686E+00 .1455E-01 .2293E+00
.1021E+04 .6956E+00 .6684E+00 .1452E-01 .4442E+00 .4297E+00 .6684E+00 .5967E-01 .7281E+00 .6684E+00 .1452E-01 .2292E+00
.1022E+04 .6925E+00 .6619E+00 .1433E-01 .4398E+00 .4255E+00 .6619E+00 .5902E-01 .7209E+00 .6619E+00 .1433E-01 .2270E+00
.1023E+04 .7005E+00 .6686E+00 .1444E-01 .4442E+00 .4298E+00 .6686E+00 .5962E-01 .7283E+00 .6686E+00 .1444E-01 .2295E+00
.1024E+04 .6981E+00 .6553E+00 .1408E-01 .4353E+00 .4212E+00 .6553E+00 .5837E-01 .7137E+00 .6553E+00 .1408E-01 .2251E+00
.1025E+04 .6976E+00 .6700E+00 .1443E-01 .4451E+00 .4307E+00 .6700E+00 .5973E-01 .7297E+00 .6700E+00 .1443E-01 .2302E+00
.1026E+04 .6962E+00 .6662E+00 .1430E-01 .4425E+00 .4282E+00 .6662E+00 .5934E-01 .7256E+00 .6662E+00 .1430E-01 .2289E+00
.1027E+04 .6944E+00 .6649E+00 .1425E-01 .4416E+00 .4274E+00 .6649E+00 .5918E-01 .7241E+00 .6649E+00 .1425E-01 .2285E+00
.1028E+04 .6935E+00 .6633E+00 .1418E-01 .4405E+00 .4264E+00 .6633E+00 .5903E-01 .7223E+00 .6633E+00 .1418E-01 .2281E+00
.1029E+04 .6858E+00 .6552E+00 .1397E-01 .4351E+00 .4211E+00 .6552E+00 .5830E-01 .7135E+00 .6552E+00 .1397E-01 .2255E+00
.1030E+04 .6881E+00 .6617E+00 .1410E-01 .4394E+00 .4253E+00 .6617E+00 .5888E-01 .7206E+00 .6617E+00 .1410E-01 .2278E+00
.1031E+04 .6864E+00 .6583E+00 .1399E-01 .4372E+00 .4232E+00 .6583E+00 .5853E-01 .7169E+00 .6583E+00 .1399E-01 .2266E+00
.1032E+04 .6836E+00 .6575E+00 .1395E-01 .4366E+00 .4226E+00 .6575E+00 .5842E-01 .7159E+00 .6575E+00 .1395E-01 .2263E+00
.1033E+04 .6734E+00 .6476E+00 .1371E-01 .4300E+00 .4163E+00 .6476E+00 .5750E-01 .7051E+00 .6476E+00 .1371E-01 .2229E+00
.1034E+04 .6732E+00 .6481E+00 .1369E-01 .4303E+00 .4166E+00 .6481E+00 .5751E-01 .7056E+00 .6481E+00 .1369E-01 .2231E+00
.1035E+04 .6753E+00 .6505E+00 .1371E-01 .4318E+00 .4181E+00 .6505E+00 .5768E-01 .7081E+00 .6505E+00 .1371E-01 .2239E+00
.1036E+04 .6795E+00 .6535E+00 .1374E-01 .4338E+00 .4200E+00 .6535E+00 .5790E-01 .7114E+00 .6535E+00 .1374E-01 .2249E+00
.1037E+04 .6682E+00 .6432E+00 .1350E-01 .4269E+00 .4135E+00 .6432E+00 .5696E-01 .7002E+00 .6432E+00 .1350E-01 .2214E+00
.1038E+04 .6714E+00 .6463E+00 .1354E-01 .4290E+00 .4154E+00 .6463E+00 .5723E-01 .7035E+00 .6463E+00 .1354E-01 .2227E+00
.1039E+04 .6714E+00 .6459E+00 .1350E-01 .4287E+00 .4152E+00 .6459E+00 .5720E-01 .7031E+00 .6459E+00 .1350E-01 .2227E+00
.1040E+04 .6688E+00 .6436E+00 .1342E-01 .4271E+00 .4137E+00 .6436E+00 .5697E-01 .7006E+00 .6436E+00 .1342E-01 .2220E+00
.1041E+04 .6720E+00 .6462E+00 .1344E-01 .4288E+00 .4154E+00 .6462E+00 .5715E-01 .7034E+00 .6462E+00 .1344E-01 .2229E+00
.1042E+04 .6674E+00 .6421E+00 .1333E-01 .4260E+00 .4127E+00 .6421E+00 .5675E-01 .6988E+00 .6421E+00 .1333E-01 .2215E+00
.1043E+04 .6656E+00 .6402E+00 .1326E-01 .4248E+00 .4115E+00 .6402E+00 .5659E-01 .6968E+00 .6402E+00 .1326E-01 .2210E+00
.1044E+04 .6683E+00 .6426E+00 .1329E-01 .4264E+00 .4131E+00 .6426E+00 .5680E-01 .6994E+00 .6426E+00 .1329E-01 .2220E+00
.1045E+04 .6596E+00 .6341E+00 .1308E-01 .4207E+00 .4076E+00 .6341E+00 .5601E-01 .6901E+00 .6341E+00 .1308E-01 .2191E+00
.1046E+04 .6527E+00 .6273E+00 .1291E-01 .4161E+00 .4032E+00 .6273E+00 .5537E-01 .6826E+00 .6273E+00 .1291E-01 .2168E+00
.1047E+04 .6590E+00 .6331E+00 .1300E-01 .4200E+00 .4070E+00 .6331E+00 .5585E-01 .6890E+00 .6331E+00 .1300E-01 .2188E+00
.1048E+04 .6631E+00 .6368E+00 .1305E-01 .4224E+00 .4093E+00 .6368E+00 .5618E-01 .6929E+00 .6368E+00 .1305E-01 .2203E+00
.1049E+04 .6612E+00 .6343E+00 .1297E-01 .4207E+00 .4077E+00 .6343E+00 .5596E-01 .6902E+00 .6343E+00 .1297E-01 .2196E+00
.1050E+04 .6587E+00 .6315E+00 .1288E-01 .4188E+00 .4059E+00 .6315E+00 .5568E-01 .6872E+00 .6315E+00 .1288E-01 .2187E+00
.1051E+04 .6584E+00 .6312E+00 .1285E-01 .4186E+00 .4058E+00 .6312E+00 .5563E-01 .6869E+00 .6312E+00 .1285E-01 .2186E+00
.1052E+04 .6563E+00 .6287E+00 .1277E-01 .4169E+00 .4041E+00 .6287E+00 .5538E-01 .6841E+00 .6287E+00 .1277E-01 .2178E+00
.1053E+04 .6518E+00 .6241E+00 .1265E-01 .4138E+00 .4012E+00 .6241E+00 .5497E-01 .6791E+00 .6241E+00 .1265E-01 .2164E+00
.1054E+04 .6540E+00 .6259E+00 .1266E-01 .4150E+00 .4023E+00 .6259E+00 .5513E-01 .6810E+00 .6259E+00 .1266E-01 .2172E+00
.1055E+04 .6553E+00 .6266E+00 .1265E-01 .4154E+00 .4028E+00 .6266E+00 .5516E-01 .6818E+00 .6266E+00 .1265E-01 .2175E+00
.1056E+04 .6540E+00 .6247E+00 .1258E-01 .4142E+00 .4016E+00 .6247E+00 .5495E-01 .6797E+00 .6247E+00 .1258E-01 .2168E+00
.1057E+04 .6528E+00 .6232E+00 .1252E-01 .4131E+00 .4006E+00 .6232E+00 .5479E-01 .6780E+00 .6232E+00 .1252E-01 .2163E+00
.1058E+04 .6376E+00 .6082E+00 .1219E-01 .4032E+00 .3910E+00 .6082E+00 .5347E-01 .6617E+00 .6082E+00 .1219E-01 .2113E+00
.1059E+04 .6393E+00 .6090E+00 .1218E-01 .4037E+00 .3915E+00 .6090E+00 .5354E-01 .6626E+00 .6090E+00 .1218E-01 .2118E+00
.1060E+04 .6388E+00 .6086E+00 .1215E-01 .4033E+00 .3912E+00 .6086E+00 .5347E-01 .6620E+00 .6086E+00 .1215E-01 .2116E+00
.1061E+04 .6386E+00 .6079E+00 .1211E-01 .4029E+00 .3908E+00 .6079E+00 .5338E-01 .6613E+00 .6079E+00 .1211E-01 .2114E+00
.1062E+04 .6430E+00 .6108E+00 .1213E-01 .4047E+00 .3926E+00 .6108E+00 .5360E-01 .6644E+00 .6108E+00 .1213E-01 .2124E+00
.1063E+04 .6374E+00 .6047E+00 .1199E-01 .4007E+00 .3887E+00 .6047E+00 .5306E-01 .6578E+00 .6047E+00 .1199E-01 .2105E+00
.1064E+04 .6446E+00 .6129E+00 .1213E-01 .4061E+00 .3940E+00 .6129E+00 .5379E-01 .6667E+00 .6129E+00 .1213E-01 .2135E+00
.1065E+04 .6423E+00 .6070E+00 .1197E-01 .4021E+00 .3902E+00 .6070E+00 .5322E-01 .6602E+00 .6070E+00 .1197E-01 .2115E+00
.1066E+04 .6278E+00 .5964E+00 .1175E-01 .3951E+00 .3834E+00 .5964E+00 .5228E-01 .6487E+00 .5964E+00 .1175E-01 .2078E+00
.1067E+04 .6365E+00 .6030E+00 .1185E-01 .3995E+00 .3876E+00 .6030E+00 .5282E-01 .6559E+00 .6030E+00 .1185E-01 .2101E+00
.1068E+04 .6244E+00 .5890E+00 .1154E-01 .3901E+00 .3786E+00 .5890E+00 .5154E-01 .6405E+00 .5890E+00 .1154E-01 .2052E+00
.1069E+04 .6040E+00 .5695E+00 .1113E-01 .3772E+00 .3660E+00 .5695E+00 .4980E-01 .6193E+00 .5695E+00 .1113E-01 .1984E+00
.1070E+04 .6266E+00 .5856E+00 .1141E-01 .3878E+00 .3764E+00 .5856E+00 .5116E-01 .6368E+00 .5856E+00 .1141E-01 .2040E+00
.1071E+04 .6301E+00 .5991E+00 .1168E-01 .3968E+00 .3851E+00 .5991E+00 .5235E-01 .6515E+00 .5991E+00 .1168E-01 .2087E+00
.1072E+04 .6276E+00 .5874E+00 .1140E-01 .3890E+00 .3776E+00 .5874E+00 .5126E-01 .6387E+00 .5874E+00 .1140E-01 .2047E+00
.1073E+04 .6172E+00 .5801E+00 .1124E-01 .3841E+00 .3729E+00 .5801E+00 .5064E-01 .6307E+00 .5801E+00 .1124E-01 .2023E+00
.1074E+04 .6269E+00 .5982E+00 .1161E-01 .3961E+00 .3845E+00 .5982E+00 .5228E-01 .6505E+00 .5982E+00 .1161E-01 .2089E+00
.1075E+04 .6136E+00 .5566E+00 .1068E-01 .3684E+00 .3578E+00 .5566E+00 .4847E-01 .6050E+00 .5566E+00 .1068E-01 .1943E+00
.1076E+04 .6275E+00 .5951E+00 .1148E-01 .3940E+00 .3825E+00 .5951E+00 .5192E-01 .6470E+00 .5951E+00 .1148E-01 .2078E+00
.1077E+04 .6274E+00 .5783E+00 .1108E-01 .3828E+00 .3717E+00 .5783E+00 .5035E-01 .6286E+00 .5783E+00 .1108E-01 .2019E+00
.1078E+04 .6181E+00 .5638E+00 .1075E-01 .3731E+00 .3624E+00 .5638E+00 .4902E-01 .6128E+00 .5638E+00 .1075E-01 .1968E+00
.1079E+04 .6147E+00 .5857E+00 .1124E-01 .3877E+00 .3765E+00 .5857E+00 .5102E-01 .6368E+00 .5857E+00 .1124E-01 .2045E+00
.1080E+04 .6233E+00 .5640E+00 .1071E-01 .3732E+00 .3625E+00 .5640E+00 .4900E-01 .6130E+00 .5640E+00 .1071E-01 .1970E+00
.1081E+04 .6061E+00 .5435E+00 .1027E-01 .3596E+00 .3493E+00 .5435E+00 .4718E-01 .5906E+00 .5435E+00 .1027E-01 .1900E+00
.1082E+04 .6007E+00 .5601E+00 .1064E-01 .3707E+00 .3601E+00 .5601E+00 .4872E-01 .6089E+00 .5601E+00 .1064E-01 .1959E+00
.1083E+04 .5998E+00 .5643E+00 .1072E-01 .3734E+00 .3627E+00 .5643E+00 .4908E-01 .6133E+00 .5643E+00 .1072E-01 .1974E+00
.1084E+04 .6144E+00 .5392E+00 .1010E-01 .3567E+00 .3466E+00 .5392E+00 .4670E-01 .5859E+00 .5392E+00 .1010E-01 .1885E+00
.1085E+04 .6180E+00 .5657E+00 .1064E-01 .3743E+00 .3636E+00 .5657E+00 .4906E-01 .6147E+00 .5657E+00 .1064E-01 .1978E+00
.1086E+04 .6104E+00 .5027E+00 .9285E-02 .3324E+00 .3232E+00 .5027E+00 .4336E-01 .5461E+00 .5027E+00 .9285E-02 .1758E+00
.1087E+04 .5897E+00 .5290E+00 .9875E-02 .3499E+00 .3400E+00 .5290E+00 .4577E-01 .5747E+00 .5290E+00 .9875E-02 .1850E+00
.1088E+04 .6028E+00 .5589E+00 .1048E-01 .3697E+00 .3593E+00 .5589E+00 .4842E-01 .6073E+00 .5589E+00 .1048E-01 .1954E+00
.1089E+04 .6019E+00 .5340E+00 .9910E-02 .3532E+00 .3433E+00 .5340E+00 .4613E-01 .5802E+00 .5340E+00 .9910E-02 .1867E+00
.1090E+04 .6099E+00 .5179E+00 .9533E-02 .3424E+00 .3329E+00 .5179E+00 .4463E-01 .5625E+00 .5179E+00 .9533E-02 .1811E+00
.1091E+04 .6069E+00 .5528E+00 .1027E-01 .3656E+00 .3553E+00 .5528E+00 .4777E-01 .6006E+00 .5528E+00 .1027E-01 .1933E+00
.1092E+04 .6013E+00 .5562E+00 .1034E-01 .3679E+00 .3575E+00 .5562E+00 .4809E-01 .6043E+00 .5562E+00 .1034E-01 .1946E+00
.1093E+04 .5815E+00 .4474E+00 .8058E-02 .2956E+00 .2876E+00 .4474E+00 .3835E-01 .4858E+00 .4474E+00 .8058E-02 .1566E+00
.1094E+04 .5572E+00 .5012E+00 .9236E-02 .3314E+00 .3222E+00 .5012E+00 .4328E-01 .5445E+00 .5012E+00 .9236E-02 .1756E+00
.1095E+04 .5839E+00 .4659E+00 .8385E-02 .3079E+00 .2995E+00 .4659E+00 .3995E-01 .5059E+00 .4659E+00 .8385E-02 .1632E+00
.1096E+04 .5834E+00 .4395E+00 .7825E-02 .2903E+00 .2825E+00 .4395E+00 .3757E-01 .4771E+00 .4395E+00 .7825E-02 .1539E+00
.1097E+04 .5843E+00 .5409E+00 .9955E-02 .3577E+00 .3477E+00 .5409E+00 .4669E-01 .5876E+00 .5409E+00 .9955E-02 .1895E+00
.1098E+04 .5763E+00 .4264E+00 .7527E-02 .2816E+00 .2741E+00 .4264E+00 .3637E-01 .4628E+00 .4264E+00 .7527E-02 .1493E+00
.1099E+04 .5896E+00 .4502E+00 .7971E-02 .2974E+00 .2894E+00 .4502E+00 .3843E-01 .4887E+00 .4502E+00 .7971E-02 .1577E+00
.1100E+04 .5931E+00 .4109E+00 .7163E-02 .2713E+00 .2641E+00 .4109E+00 .3492E-01 .4458E+00 .4109E+00 .7163E-02 .1439E+00
.1101E+04 .5852E+00 .4190E+00 .7326E-02 .2766E+00 .2693E+00 .4190E+00 .3564E-01 .4546E+00 .4190E+00 .7326E-02 .1467E+00
.1102E+04 .5776E+00 .3930E+00 .6797E-02 .2594E+00 .2526E+00 .3930E+00 .3334E-01 .4263E+00 .3930E+00 .6797E-02 .1376E+00
.1103E+04 .5889E+00 .3844E+00 .6591E-02 .2537E+00 .2471E+00 .3844E+00 .3255E-01 .4169E+00 .3844E+00 .6591E-02 .1347E+00
.1104E+04 .5869E+00 .3854E+00 .6605E-02 .2543E+00 .2477E+00 .3854E+00 .3266E-01 .4181E+00 .3854E+00 .6605E-02 .1352E+00
.1105E+04 .5867E+00 .4351E+00 .7571E-02 .2872E+00 .2797E+00 .4351E+00 .3702E-01 .4721E+00 .4351E+00 .7571E-02 .1527E+00
.1106E+04 .5849E+00 .2924E+00 .4776E-02 .1927E+00 .1880E+00 .2924E+00 .2445E-01 .3169E+00 .2924E+00 .4776E-02 .1025E+00
.1107E+04 .5828E+00 .4087E+00 .7034E-02 .2698E+00 .2627E+00 .4087E+00 .3467E-01 .4434E+00 .4087E+00 .7034E-02 .1434E+00
.1108E+04 .5831E+00 .3200E+00 .5294E-02 .2110E+00 .2057E+00 .3200E+00 .2685E-01 .3469E+00 .3200E+00 .5294E-02 .1122E+00
.1109E+04 .5825E+00 .3169E+00 .5219E-02 .2089E+00 .2037E+00 .3169E+00 .2656E-01 .3435E+00 .3169E+00 .5219E-02 .1111E+00
.1110E+04 .5827E+00 .3817E+00 .6429E-02 .2518E+00 .2454E+00 .3817E+00 .3219E-01 .4139E+00 .3817E+00 .6429E-02 .1339E+00
.1111E+04 .5782E+00 .2524E+00 .4023E-02 .1663E+00 .1623E+00 .2524E+00 .2097E-01 .2734E+00 .2524E+00 .4023E-02 .8849E-01
.1112E+04 .5743E+00 .3135E+00 .5138E-02 .2066E+00 .2015E+00 .3135E+00 .2624E-01 .3397E+00 .3135E+00 .5138E-02 .1099E+00
.1113E+04 .5729E+00 .1934E+00 .2971E-02 .1273E+00 .1243E+00 .1934E+00 .1592E-01 .2093E+00 .1934E+00 .2971E-02 .6776E-01
.1114E+04 .5779E+00 .2150E+00 .3319E-02 .1415E+00 .1382E+00 .2150E+00 .1772E-01 .2327E+00 .2150E+00 .3319E-02 .7533E-01
.1115E+04 .5732E+00 .1746E+00 .2638E-02 .1149E+00 .1122E+00 .1746E+00 .1431E-01 .1889E+00 .1746E+00 .2638E-02 .6118E-01
.1116E+04 .5736E+00 .1308E+00 .1890E-02 .8598E-01 .8409E-01 .1308E+00 .1060E-01 .1414E+00 .1308E+00 .1890E-02 .4581E-01
.1117E+04 .5761E+00 .4418E-01 .5649E-03 .2897E-01 .2840E-01 .4418E-01 .3481E-02 .4766E-01 .4418E-01 .5649E-03 .1545E-01
.1118E+04 .5707E+00 .1489E+00 .2173E-02 .9791E-01 .9574E-01 .1489E+00 .1210E-01 .1610E+00 .1489E+00 .2173E-02 .5216E-01
.1119E+04 .5629E+00 .6314E-01 .8374E-03 .4142E-01 .4059E-01 .6314E-01 .5016E-02 .6816E-01 .6314E-01 .8374E-03 .2209E-01
.1120E+04 .5630E+00 .7952E-01 .1058E-02 .5217E-01 .5111E-01 .7952E-01 .6322E-02 .8584E-01 .7952E-01 .1058E-02 .2782E-01
.1121E+04 .5667E+00 .1102E+00 .1511E-02 .7237E-01 .7085E-01 .1102E+00 .8825E-02 .1191E+00 .1102E+00 .1511E-02 .3857E-01
.1122E+04 .5689E+00 .4163E-01 .5113E-03 .2727E-01 .2676E-01 .4163E-01 .3252E-02 .4489E-01 .4163E-01 .5113E-03 .1455E-01
.1123E+04 .5680E+00 .7497E-01 .9917E-03 .4918E-01 .4819E-01 .7497E-01 .5952E-02 .8092E-01 .7497E-01 .9917E-03 .2622E-01
.1124E+04 .5640E+00 .6264E-01 .8183E-03 .4109E-01 .4027E-01 .6264E-01 .4959E-02 .6760E-01 .6264E-01 .8183E-03 .2191E-01
.1125E+04 .5485E+00 .8460E-01 .1136E-02 .5552E-01 .5438E-01 .8460E-01 .6740E-02 .9134E-01 .8460E-01 .1136E-02 .2960E-01
.1126E+04 .5539E+00 .2435E-01 .2796E-03 .1593E-01 .1565E-01 .2435E-01 .1875E-02 .2622E-01 .2435E-01 .2796E-03 .8501E-02
.1127E+04 .5584E+00 .9410E-01 .1266E-02 .6175E-01 .6049E-01 .9410E-01 .7500E-02 .1016E+00 .9410E-01 .1266E-02 .3292E-01
.1128E+04 .5562E+00 .4989E-01 .6163E-03 .3269E-01 .3207E-01 .4989E-01 .3901E-02 .5379E-01 .4989E-01 .6163E-03 .1744E-01
.1129E+04 .5501E+00 .5161E-01 .6381E-03 .3381E-01 .3317E-01 .5161E-01 .4036E-02 .5564E-01 .5161E-01 .6381E-03 .1803E-01
.1130E+04 .5512E+00 .3661E-01 .4468E-03 .2398E-01 .2354E-01 .3661E-01 .2856E-02 .3947E-01 .3661E-01 .4468E-03 .1279E-01
.1131E+04 .5540E+00 .1988E+00 .2899E-02 .1307E+00 .1278E+00 .1988E+00 .1615E-01 .2149E+00 .1988E+00 .2899E-02 .6959E-01
.1132E+04 .5542E+00 .1443E+00 .2024E-02 .9477E-01 .9274E-01 .1443E+00 .1161E-01 .1559E+00 .1443E+00 .2024E-02 .5049E-01
.1133E+04 .5451E+00 .8036E-01 .1041E-02 .5269E-01 .5165E-01 .8036E-01 .6350E-02 .8671E-01 .8036E-01 .1041E-02 .2809E-01
.1134E+04 .5505E+00 .1577E-01 .1735E-03 .1031E-01 .1014E-01 .1577E-01 .1204E-02 .1697E-01 .1577E-01 .1735E-03 .5503E-02
.1135E+04 .5507E+00 .7808E-02 .8726E-04 .5106E-02 .5019E-02 .7808E-02 .5980E-03 .8406E-02 .7808E-02 .8726E-04 .2726E-02
.1136E+04 .5514E+00 .6783E-01 .8520E-03 .4446E-01 .4360E-01 .6783E-01 .5324E-02 .7316E-01 .6783E-01 .8520E-03 .2371E-01
.1137E+04 .5458E+00 .1871E+00 .2666E-02 .1229E+00 .1202E+00 .1871E+00 .1511E-01 .2022E+00 .1871E+00 .2666E-02 .6546E-01
.1138E+04 .5387E+00 .1291E+00 .1777E-02 .8479E-01 .8301E-01 .1291E+00 .1035E-01 .1395E+00 .1291E+00 .1777E-02 .4518E-01
.1139E+04 .5406E+00 .2281E+00 .3404E-02 .1501E+00 .1466E+00 .2281E+00 .1864E-01 .2468E+00 .2281E+00 .3404E-02 .7989E-01
.1140E+04 .5363E+00 .1739E+00 .2491E-02 .1143E+00 .1118E+00 .1739E+00 .1407E-01 .1880E+00 .1739E+00 .2491E-02 .6088E-01
.1141E+04 .5371E+00 .1333E+00 .1840E-02 .8750E-01 .8566E-01 .1333E+00 .1069E-01 .1440E+00 .1333E+00 .1840E-02 .4663E-01
.1142E+04 .5392E+00 .1515E+00 .2118E-02 .9947E-01 .9735E-01 .1515E+00 .1218E-01 .1636E+00 .1515E+00 .2118E-02 .5301E-01
.1143E+04 .5405E+00 .2220E+00 .3244E-02 .1460E+00 .1427E+00 .2220E+00 .1805E-01 .2401E+00 .2220E+00 .3244E-02 .7773E-01
.1144E+04 .5355E+00 .7065E-01 .9147E-03 .4633E-01 .4541E-01 .7065E-01 .5583E-02 .7623E-01 .7065E-01 .9147E-03 .2471E-01
.1145E+04 .5399E+00 .8274E-01 .1053E-02 .5424E-01 .5319E-01 .8274E-01 .6514E-02 .8926E-01 .8274E-01 .1053E-02 .2892E-01
.1146E+04 .5437E+00 .8664E-01 .1101E-02 .5679E-01 .5569E-01 .8664E-01 .6818E-02 .9345E-01 .8664E-01 .1101E-02 .3028E-01
.1147E+04 .5422E+00 .2524E-01 .2775E-03 .1650E-01 .1622E-01 .2524E-01 .1927E-02 .2717E-01 .2524E-01 .2775E-03 .8808E-02
.1148E+04 .5387E+00 .1919E+00 .2734E-02 .1261E+00 .1233E+00 .1919E+00 .1550E-01 .2074E+00 .1919E+00 .2734E-02 .6715E-01
.1149E+04 .5377E+00 .1452E+00 .1995E-02 .9531E-01 .9332E-01 .1452E+00 .1163E-01 .1568E+00 .1452E+00 .1995E-02 .5079E-01
.1150E+04 .5362E+00 .7832E-01 .1024E-02 .5137E-01 .5034E-01 .7832E-01 .6203E-02 .8452E-01 .7832E-01 .1024E-02 .2739E-01
.1151E+04 .5358E+00 .1247E+00 .1670E-02 .8186E-01 .8019E-01 .1247E+00 .9933E-02 .1347E+00 .1247E+00 .1670E-02 .4363E-01
.1152E+04 .5314E+00 .1710E+00 .2384E-02 .1123E+00 .1099E+00 .1710E+00 .1375E-01 .1848E+00 .1710E+00 .2384E-02 .5984E-01
.1153E+04 .5345E+00 .1712E+00 .2406E-02 .1124E+00 .1100E+00 .1712E+00 .1378E-01 .1849E+00 .1712E+00 .2406E-02 .5990E-01
.1154E+04 .5355E+00 .6985E-01 .8650E-03 .4576E-01 .4490E-01 .6985E-01 .5466E-02 .7531E-01 .6985E-01 .8650E-03 .2441E-01
.1155E+04 .5325E+00 .2274E+00 .3285E-02 .1495E+00 .1462E+00 .2274E+00 .1844E-01 .2459E+00 .2274E+00 .3285E-02 .7961E-01
.1156E+04 .5307E+00 .1977E+00 .2796E-02 .1299E+00 .1271E+00 .1977E+00 .1595E-01 .2137E+00 .1977E+00 .2796E-02 .6919E-01
.1157E+04 .5308E+00 .2329E+00 .3388E-02 .1531E+00 .1497E+00 .2329E+00 .1892E-01 .2518E+00 .2329E+00 .3388E-02 .8154E-01
.1158E+04 .5294E+00 .2252E+00 .3254E-02 .1480E+00 .1448E+00 .2252E+00 .1826E-01 .2435E+00 .2252E+00 .3254E-02 .7882E-01
.1159E+04 .5172E+00 .2506E+00 .3671E-02 .1648E+00 .1611E+00 .2506E+00 .2039E-01 .2710E+00 .2506E+00 .3671E-02 .8774E-01
.1160E+04 .5185E+00 .2088E+00 .2991E-02 .1372E+00 .1342E+00 .2088E+00 .1689E-01 .2257E+00 .2088E+00 .2991E-02 .7308E-01
.1161E+04 .5087E+00 .2489E+00 .3652E-02 .1636E+00 .1600E+00 .2489E+00 .2025E-01 .2691E+00 .2489E+00 .3652E-02 .8713E-01
.1162E+04 .5223E+00 .2539E+00 .3717E-02 .1669E+00 .1632E+00 .2539E+00 .2065E-01 .2746E+00 .2539E+00 .3717E-02 .8885E-01
.1163E+04 .5219E+00 .3946E+00 .6145E-02 .2598E+00 .2537E+00 .3946E+00 .3257E-01 .4272E+00 .3946E+00 .6145E-02 .1380E+00
.1164E+04 .5150E+00 .3055E+00 .4582E-02 .2010E+00 .1964E+00 .3055E+00 .2496E-01 .3305E+00 .3055E+00 .4582E-02 .1067E+00
.1165E+04 .5178E+00 .2902E+00 .4302E-02 .1908E+00 .1865E+00 .2902E+00 .2364E-01 .3138E+00 .2902E+00 .4302E-02 .1014E+00
.1166E+04 .5137E+00 .2803E+00 .4150E-02 .1843E+00 .1802E+00 .2803E+00 .2282E-01 .3031E+00 .2803E+00 .4150E-02 .9791E-01
.1167E+04 .5172E+00 .3192E+00 .4793E-02 .2099E+00 .2052E+00 .3192E+00 .2608E-01 .3452E+00 .3192E+00 .4793E-02 .1115E+00
.1168E+04 .5180E+00 .3338E+00 .5038E-02 .2196E+00 .2146E+00 .3338E+00 .2731E-01 .3611E+00 .3338E+00 .5038E-02 .1166E+00
.1169E+04 .5068E+00 .3430E+00 .5195E-02 .2256E+00 .2205E+00 .3430E+00 .2809E-01 .3711E+00 .3430E+00 .5195E-02 .1198E+00
.1170E+04 .5163E+00 .3868E+00 .5943E-02 .2545E+00 .2486E+00 .3868E+00 .3177E-01 .4185E+00 .3868E+00 .5943E-02 .1350E+00
.1171E+04 .5178E+00 .3794E+00 .5811E-02 .2497E+00 .2439E+00 .3794E+00 .3112E-01 .4105E+00 .3794E+00 .5811E-02 .1323E+00
.1172E+04 .5164E+00 .3888E+00 .5975E-02 .2559E+00 .2499E+00 .3888E+00 .3191E-01 .4207E+00 .3888E+00 .5975E-02 .1356E+00
.1173E+04 .5159E+00 .3886E+00 .5944E-02 .2557E+00 .2498E+00 .3886E+00 .3185E-01 .4205E+00 .3886E+00 .5944E-02 .1355E+00
.1174E+04 .5135E+00 .2522E+00 .3640E-02 .1658E+00 .1621E+00 .2522E+00 .2038E-01 .2726E+00 .2522E+00 .3640E-02 .8790E-01
.1175E+04 .4991E+00 .3887E+00 .5971E-02 .2558E+00 .2498E+00 .3887E+00 .3188E-01 .4206E+00 .3887E+00 .5971E-02 .1354E+00
.1176E+04 .5075E+00 .4384E+00 .6837E-02 .2886E+00 .2818E+00 .4384E+00 .3607E-01 .4745E+00 .4384E+00 .6837E-02 .1526E+00
.1177E+04 .5074E+00 .4129E+00 .6356E-02 .2717E+00 .2654E+00 .4129E+00 .3384E-01 .4467E+00 .4129E+00 .6356E-02 .1436E+00
.1178E+04 .5015E+00 .2943E+00 .4338E-02 .1935E+00 .1892E+00 .2943E+00 .2386E-01 .3182E+00 .2943E+00 .4338E-02 .1024E+00
.1179E+04 .5088E+00 .4475E+00 .6960E-02 .2946E+00 .2877E+00 .4475E+00 .3678E-01 .4843E+00 .4475E+00 .6960E-02 .1557E+00
.1180E+04 .5100E+00 .3814E+00 .5765E-02 .2509E+00 .2451E+00 .3814E+00 .3110E-01 .4125E+00 .3814E+00 .5765E-02 .1325E+00
.1181E+04 .5064E+00 .3946E+00 .5983E-02 .2596E+00 .2537E+00 .3946E+00 .3218E-01 .4268E+00 .3946E+00 .5983E-02 .1370E+00
.1182E+04 .5003E+00 .2607E+00 .3746E-02 .1713E+00 .1676E+00 .2607E+00 .2097E-01 .2817E+00 .2607E+00 .3746E-02 .9044E-01
.1183E+04 .4858E+00 .3911E+00 .5935E-02 .2573E+00 .2514E+00 .3911E+00 .3189E-01 .4230E+00 .3911E+00 .5935E-02 .1357E+00
.1184E+04 .5001E+00 .3635E+00 .5432E-02 .2391E+00 .2337E+00 .3635E+00 .2952E-01 .3930E+00 .3635E+00 .5432E-02 .1262E+00
.1185E+04 .5046E+00 .3428E+00 .5054E-02 .2254E+00 .2204E+00 .3428E+00 .2775E-01 .3706E+00 .3428E+00 .5054E-02 .1190E+00
.1186E+04 .5035E+00 .4261E+00 .6484E-02 .2804E+00 .2739E+00 .4261E+00 .3476E-01 .4608E+00 .4261E+00 .6484E-02 .1479E+00
.1187E+04 .5034E+00 .3997E+00 .6011E-02 .2630E+00 .2569E+00 .3997E+00 .3252E-01 .4323E+00 .3997E+00 .6011E-02 .1387E+00
.1188E+04 .4850E+00 .2563E+00 .3625E-02 .1684E+00 .1648E+00 .2563E+00 .2054E-01 .2769E+00 .2563E+00 .3625E-02 .8891E-01
.1189E+04 .4842E+00 .3702E+00 .5519E-02 .2434E+00 .2379E+00 .3702E+00 .3005E-01 .4002E+00 .3702E+00 .5519E-02 .1284E+00
.1190E+04 .4983E+00 .4183E+00 .6319E-02 .2752E+00 .2689E+00 .4183E+00 .3407E-01 .4524E+00 .4183E+00 .6319E-02 .1452E+00
.1191E+04 .5014E+00 .3810E+00 .5639E-02 .2505E+00 .2449E+00 .3810E+00 .3087E-01 .4118E+00 .3810E+00 .5639E-02 .1322E+00
.1192E+04 .4989E+00 .4261E+00 .6434E-02 .2803E+00 .2739E+00 .4261E+00 .3471E-01 .4608E+00 .4261E+00 .6434E-02 .1479E+00
.1193E+04 .4984E+00 .4031E+00 .6025E-02 .2651E+00 .2591E+00 .4031E+00 .3277E-01 .4359E+00 .4031E+00 .6025E-02 .1400E+00
.1194E+04 .4975E+00 .4206E+00 .6319E-02 .2767E+00 .2704E+00 .4206E+00 .3426E-01 .4549E+00 .4206E+00 .6319E-02 .1463E+00
.1195E+04 .4914E+00 .3851E+00 .5697E-02 .2533E+00 .2476E+00 .3851E+00 .3128E-01 .4164E+00 .3851E+00 .5697E-02 .1340E+00
.1196E+04 .4919E+00 .3657E+00 .5357E-02 .2405E+00 .2351E+00 .3657E+00 .2965E-01 .3954E+00 .3657E+00 .5357E-02 .1274E+00
.1197E+04 .4798E+00 .4244E+00 .6384E-02 .2792E+00 .2728E+00 .4244E+00 .3467E-01 .4590E+00 .4244E+00 .6384E-02 .1480E+00
.1198E+04 .4745E+00 .3815E+00 .5659E-02 .2509E+00 .2452E+00 .3815E+00 .3110E-01 .4126E+00 .3815E+00 .5659E-02 .1333E+00
.1199E+04 .4694E+00 .3070E+00 .4402E-02 .2017E+00 .1973E+00 .3070E+00 .2485E-01 .3319E+00 .3070E+00 .4402E-02 .1074E+00
.1200E+04 .4889E+00 .3986E+00 .5901E-02 .2621E+00 .2562E+00 .3986E+00 .3255E-01 .4312E+00 .3986E+00 .5901E-02 .1397E+00
.1201E+04 .4910E+00 .3770E+00 .5513E-02 .2479E+00 .2423E+00 .3770E+00 .3071E-01 .4077E+00 .3770E+00 .5513E-02 .1322E+00
.1202E+04 .4883E+00 .3811E+00 .5600E-02 .2506E+00 .2450E+00 .3811E+00 .3112E-01 .4122E+00 .3811E+00 .5600E-02 .1338E+00
.1203E+04 .4679E+00 .3710E+00 .5427E-02 .2439E+00 .2385E+00 .3710E+00 .3030E-01 .4013E+00 .3710E+00 .5427E-02 .1305E+00
.1204E+04 .4791E+00 .3115E+00 .4432E-02 .2046E+00 .2002E+00 .3115E+00 .2531E-01 .3368E+00 .3115E+00 .4432E-02 .1097E+00
.1205E+04 .4848E+00 .3888E+00 .5706E-02 .2556E+00 .2499E+00 .3888E+00 .3187E-01 .4207E+00 .3888E+00 .5706E-02 .1373E+00
.1206E+04 .4854E+00 .4408E+00 .6577E-02 .2899E+00 .2834E+00 .4408E+00 .3634E-01 .4772E+00 .4408E+00 .6577E-02 .1560E+00
.1207E+04 .4845E+00 .3721E+00 .5400E-02 .2446E+00 .2392E+00 .3721E+00 .3049E-01 .4026E+00 .3721E+00 .5400E-02 .1318E+00
.1208E+04 .4598E+00 .3698E+00 .5400E-02 .2431E+00 .2377E+00 .3698E+00 .3037E-01 .4002E+00 .3698E+00 .5400E-02 .1311E+00
.1209E+04 .4690E+00 .3803E+00 .5551E-02 .2500E+00 .2445E+00 .3803E+00 .3125E-01 .4116E+00 .3803E+00 .5551E-02 .1349E+00
.1210E+04 .4716E+00 .4024E+00 .5912E-02 .2646E+00 .2587E+00 .4024E+00 .3314E-01 .4356E+00 .4024E+00 .5912E-02 .1429E+00
.1211E+04 .4733E+00 .3781E+00 .5492E-02 .2485E+00 .2430E+00 .3781E+00 .3107E-01 .4091E+00 .3781E+00 .5492E-02 .1344E+00
.1212E+04 .4790E+00 .3620E+00 .5178E-02 .2378E+00 .2327E+00 .3620E+00 .2966E-01 .3916E+00 .3620E+00 .5178E-02 .1287E+00
.1213E+04 .4784E+00 .4251E+00 .6244E-02 .2795E+00 .2732E+00 .4251E+00 .3508E-01 .4602E+00 .4251E+00 .6244E-02 .1513E+00
.1214E+04 .4785E+00 .3749E+00 .5380E-02 .2464E+00 .2410E+00 .3749E+00 .3078E-01 .4057E+00 .3749E+00 .5380E-02 .1335E+00
.1215E+04 .4783E+00 .3670E+00 .5244E-02 .2411E+00 .2359E+00 .3670E+00 .3009E-01 .3971E+00 .3670E+00 .5244E-02 .1307E+00
.1216E+04 .4775E+00 .4249E+00 .6216E-02 .2794E+00 .2731E+00 .4249E+00 .3504E-01 .4600E+00 .4249E+00 .6216E-02 .1513E+00
.1217E+04 .4762E+00 .4107E+00 .5968E-02 .2700E+00 .2640E+00 .4107E+00 .3382E-01 .4446E+00 .4107E+00 .5968E-02 .1463E+00
.1218E+04 .4744E+00 .4174E+00 .6070E-02 .2743E+00 .2683E+00 .4174E+00 .3437E-01 .4517E+00 .4174E+00 .6070E-02 .1486E+00
.1219E+04 .4724E+00 .4063E+00 .5871E-02 .2670E+00 .2612E+00 .4063E+00 .3341E-01 .4397E+00 .4063E+00 .5871E-02 .1447E+00
.1220E+04 .4738E+00 .4195E+00 .6086E-02 .2757E+00 .2696E+00 .4195E+00 .3453E-01 .4540E+00 .4195E+00 .6086E-02 .1494E+00
.1221E+04 .4719E+00 .4269E+00 .6207E-02 .2806E+00 .2744E+00 .4269E+00 .3516E-01 .4621E+00 .4269E+00 .6207E-02 .1520E+00
.1222E+04 .4701E+00 .4140E+00 .5987E-02 .2721E+00 .2661E+00 .4140E+00 .3405E-01 .4480E+00 .4140E+00 .5987E-02 .1474E+00
.1223E+04 .4686E+00 .4075E+00 .5868E-02 .2678E+00 .2619E+00 .4075E+00 .3348E-01 .4410E+00 .4075E+00 .5868E-02 .1451E+00
.1224E+04 .4699E+00 .4013E+00 .5743E-02 .2637E+00 .2579E+00 .4013E+00 .3293E-01 .4342E+00 .4013E+00 .5743E-02 .1429E+00
.1225E+04 .4684E+00 .4241E+00 .6121E-02 .2787E+00 .2726E+00 .4241E+00 .3487E-01 .4590E+00 .4241E+00 .6121E-02 .1510E+00
.1226E+04 .4663E+00 .4307E+00 .6230E-02 .2831E+00 .2769E+00 .4307E+00 .3543E-01 .4661E+00 .4307E+00 .6230E-02 .1534E+00
.1227E+04 .4570E+00 .3864E+00 .5494E-02 .2539E+00 .2484E+00 .3864E+00 .3166E-01 .4181E+00 .3864E+00 .5494E-02 .1376E+00
.1228E+04 .4645E+00 .4348E+00 .6282E-02 .2858E+00 .2795E+00 .4348E+00 .3575E-01 .4705E+00 .4348E+00 .6282E-02 .1548E+00
.1229E+04 .4654E+00 .4317E+00 .6216E-02 .2837E+00 .2775E+00 .4317E+00 .3547E-01 .4672E+00 .4317E+00 .6216E-02 .1537E+00
.1230E+04 .4629E+00 .4222E+00 .6051E-02 .2774E+00 .2714E+00 .4222E+00 .3465E-01 .4569E+00 .4222E+00 .6051E-02 .1503E+00
.1231E+04 .4614E+00 .4421E+00 .6381E-02 .2905E+00 .2842E+00 .4421E+00 .3635E-01 .4784E+00 .4421E+00 .6381E-02 .1574E+00
.1232E+04 .4592E+00 .4393E+00 .6328E-02 .2887E+00 .2824E+00 .4393E+00 .3610E-01 .4754E+00 .4393E+00 .6328E-02 .1564E+00
.1233E+04 .4601E+00 .4139E+00 .5884E-02 .2720E+00 .2661E+00 .4139E+00 .3391E-01 .4479E+00 .4139E+00 .5884E-02 .1474E+00
.1234E+04 .4577E+00 .4440E+00 .6391E-02 .2918E+00 .2854E+00 .4440E+00 .3648E-01 .4804E+00 .4440E+00 .6391E-02 .1581E+00
.1235E+04 .4572E+00 .4394E+00 .6303E-02 .2888E+00 .2825E+00 .4394E+00 .3607E-01 .4755E+00 .4394E+00 .6303E-02 .1565E+00
.1236E+04 .4586E+00 .4443E+00 .6372E-02 .2920E+00 .2856E+00 .4443E+00 .3647E-01 .4808E+00 .4443E+00 .6372E-02 .1582E+00
.1237E+04 .4580E+00 .4342E+00 .6192E-02 .2853E+00 .2791E+00 .4342E+00 .3560E-01 .4698E+00 .4342E+00 .6192E-02 .1546E+00
.1238E+04 .4570E+00 .4431E+00 .6334E-02 .2912E+00 .2848E+00 .4431E+00 .3635E-01 .4794E+00 .4431E+00 .6334E-02 .1577E+00
.1239E+04 .4513E+00 .4374E+00 .6241E-02 .2874E+00 .2812E+00 .4374E+00 .3586E-01 .4733E+00 .4374E+00 .6241E-02 .1557E+00
.1240E+04 .4522E+00 .4398E+00 .6269E-02 .2890E+00 .2827E+00 .4398E+00 .3605E-01 .4759E+00 .4398E+00 .6269E-02 .1566E+00
.1241E+04 .4541E+00 .4355E+00 .6179E-02 .2861E+00 .2799E+00 .4355E+00 .3566E-01 .4711E+00 .4355E+00 .6179E-02 .1550E+00
.1242E+04 .4495E+00 .4368E+00 .6203E-02 .2870E+00 .2808E+00 .4368E+00 .3576E-01 .4726E+00 .4368E+00 .6203E-02 .1554E+00
.1243E+04 .4456E+00 .4337E+00 .6149E-02 .2849E+00 .2788E+00 .4337E+00 .3547E-01 .4692E+00 .4337E+00 .6149E-02 .1542E+00
.1244E+04 .4500E+00 .4362E+00 .6168E-02 .2866E+00 .2804E+00 .4362E+00 .3564E-01 .4719E+00 .4362E+00 .6168E-02 .1550E+00
.1245E+04 .4512E+00 .4388E+00 .6199E-02 .2883E+00 .2821E+00 .4388E+00 .3584E-01 .4747E+00 .4388E+00 .6199E-02 .1559E+00
.1246E+04 .4484E+00 .4363E+00 .6153E-02 .2866E+00 .2805E+00 .4363E+00 .3562E-01 .4719E+00 .4363E+00 .6153E-02 .1550E+00
.1247E+04 .4478E+00 .4345E+00 .6114E-02 .2854E+00 .2793E+00 .4345E+00 .3546E-01 .4700E+00 .4345E+00 .6114E-02 .1544E+00
.1248E+04 .4496E+00 .4334E+00 .6079E-02 .2846E+00 .2786E+00 .4334E+00 .3534E-01 .4687E+00 .4334E+00 .6079E-02 .1539E+00
.1249E+04 .4491E+00 .4361E+00 .6115E-02 .2864E+00 .2803E+00 .4361E+00 .3555E-01 .4716E+00 .4361E+00 .6115E-02 .1549E+00
.1250E+04 .4476E+00 .4336E+00 .6068E-02 .2848E+00 .2787E+00 .4336E+00 .3534E-01 .4690E+00 .4336E+00 .6068E-02 .1540E+00
.1251E+04 .4444E+00 .4289E+00 .5986E-02 .2817E+00 .2757E+00 .4289E+00 .3493E-01 .4638E+00 .4289E+00 .5986E-02 .1523E+00
.1252E+04 .4413E+00 .4277E+00 .5965E-02 .2809E+00 .2749E+00 .4277E+00 .3483E-01 .4625E+00 .4277E+00 .5965E-02 .1519E+00
.1253E+04 .4435E+00 .4263E+00 .5926E-02 .2800E+00 .2740E+00 .4263E+00 .3469E-01 .4610E+00 .4263E+00 .5926E-02 .1514E+00
.1254E+04 .4436E+00 .4213E+00 .5832E-02 .2766E+00 .2708E+00 .4213E+00 .3425E-01 .4555E+00 .4213E+00 .5832E-02 .1497E+00
.1255E+04 .4424E+00 .4272E+00 .5924E-02 .2805E+00 .2746E+00 .4272E+00 .3475E-01 .4620E+00 .4272E+00 .5924E-02 .1518E+00
.1256E+04 .4407E+00 .4189E+00 .5780E-02 .2750E+00 .2693E+00 .4189E+00 .3403E-01 .4529E+00 .4189E+00 .5780E-02 .1488E+00
.1257E+04 .4405E+00 .4175E+00 .5748E-02 .2741E+00 .2684E+00 .4175E+00 .3390E-01 .4514E+00 .4175E+00 .5748E-02 .1483E+00
.1258E+04 .4401E+00 .4218E+00 .5810E-02 .2769E+00 .2711E+00 .4218E+00 .3425E-01 .4561E+00 .4218E+00 .5810E-02 .1498E+00
.1259E+04 .4411E+00 .4124E+00 .5642E-02 .2707E+00 .2651E+00 .4124E+00 .3344E-01 .4458E+00 .4124E+00 .5642E-02 .1465E+00
.1260E+04 .4413E+00 .4129E+00 .5642E-02 .2711E+00 .2654E+00 .4129E+00 .3350E-01 .4464E+00 .4129E+00 .5642E-02 .1468E+00
.1261E+04 .4388E+00 .3957E+00 .5358E-02 .2597E+00 .2543E+00 .3957E+00 .3205E-01 .4277E+00 .3957E+00 .5358E-02 .1408E+00
.1262E+04 .4378E+00 .3880E+00 .5228E-02 .2547E+00 .2494E+00 .3880E+00 .3142E-01 .4195E+00 .3880E+00 .5228E-02 .1382E+00
.1263E+04 .4394E+00 .3876E+00 .5210E-02 .2544E+00 .2491E+00 .3876E+00 .3139E-01 .4190E+00 .3876E+00 .5210E-02 .1381E+00
.1264E+04 .4352E+00 .3652E+00 .4852E-02 .2396E+00 .2347E+00 .3652E+00 .2952E-01 .3947E+00 .3652E+00 .4852E-02 .1303E+00
.1265E+04 .4360E+00 .3863E+00 .5180E-02 .2535E+00 .2483E+00 .3863E+00 .3131E-01 .4176E+00 .3863E+00 .5180E-02 .1379E+00
.1266E+04 .4368E+00 .3765E+00 .5014E-02 .2470E+00 .2420E+00 .3765E+00 .3049E-01 .4070E+00 .3765E+00 .5014E-02 .1345E+00
.1267E+04 .4325E+00 .3781E+00 .5041E-02 .2481E+00 .2430E+00 .3781E+00 .3063E-01 .4087E+00 .3781E+00 .5041E-02 .1351E+00
.1268E+04 .4295E+00 .3643E+00 .4821E-02 .2390E+00 .2342E+00 .3643E+00 .2947E-01 .3938E+00 .3643E+00 .4821E-02 .1302E+00
.1269E+04 .4340E+00 .2600E+00 .3210E-02 .1703E+00 .1671E+00 .2600E+00 .2073E-01 .2807E+00 .2600E+00 .3210E-02 .9295E-01
.1270E+04 .4355E+00 .3793E+00 .5032E-02 .2489E+00 .2438E+00 .3793E+00 .3079E-01 .4101E+00 .3793E+00 .5032E-02 .1361E+00
.1271E+04 .4344E+00 .3919E+00 .5232E-02 .2572E+00 .2519E+00 .3919E+00 .3192E-01 .4239E+00 .3919E+00 .5232E-02 .1409E+00
.1272E+04 .4333E+00 .3932E+00 .5245E-02 .2580E+00 .2527E+00 .3932E+00 .3203E-01 .4252E+00 .3932E+00 .5245E-02 .1414E+00
.1273E+04 .4313E+00 .3901E+00 .5192E-02 .2559E+00 .2508E+00 .3901E+00 .3176E-01 .4219E+00 .3901E+00 .5192E-02 .1403E+00
.1274E+04 .4296E+00 .3887E+00 .5165E-02 .2550E+00 .2498E+00 .3887E+00 .3163E-01 .4203E+00 .3887E+00 .5165E-02 .1398E+00
.1275E+04 .4313E+00 .3960E+00 .5268E-02 .2598E+00 .2545E+00 .3960E+00 .3223E-01 .4282E+00 .3960E+00 .5268E-02 .1424E+00
.1276E+04 .4312E+00 .3970E+00 .5277E-02 .2605E+00 .2552E+00 .3970E+00 .3231E-01 .4294E+00 .3970E+00 .5277E-02 .1428E+00
.1277E+04 .4301E+00 .3939E+00 .5223E-02 .2584E+00 .2532E+00 .3939E+00 .3202E-01 .4260E+00 .3939E+00 .5223E-02 .1416E+00
.1278E+04 .4282E+00 .4053E+00 .5397E-02 .2659E+00 .2605E+00 .4053E+00 .3296E-01 .4383E+00 .4053E+00 .5397E-02 .1456E+00
.1279E+04 .4248E+00 .3967E+00 .5261E-02 .2603E+00 .2550E+00 .3967E+00 .3222E-01 .4290E+00 .3967E+00 .5261E-02 .1424E+00
.1280E+04 .4194E+00 .3902E+00 .5162E-02 .2560E+00 .2508E+00 .3902E+00 .3167E-01 .4219E+00 .3902E+00 .5162E-02 .1401E+00
.1281E+04 .3961E+00 .3719E+00 .4920E-02 .2440E+00 .2390E+00 .3719E+00 .3018E-01 .4021E+00 .3719E+00 .4920E-02 .1335E+00
.1282E+04 .3751E+00 .3608E+00 .4788E-02 .2367E+00 .2319E+00 .3608E+00 .2931E-01 .3901E+00 .3608E+00 .4788E-02 .1295E+00
.1283E+04 .4054E+00 .3881E+00 .5137E-02 .2546E+00 .2495E+00 .3881E+00 .3150E-01 .4196E+00 .3881E+00 .5137E-02 .1393E+00
.1284E+04 .4167E+00 .3929E+00 .5177E-02 .2577E+00 .2526E+00 .3929E+00 .3186E-01 .4248E+00 .3929E+00 .5177E-02 .1410E+00
.1285E+04 .4185E+00 .3976E+00 .5238E-02 .2608E+00 .2556E+00 .3976E+00 .3224E-01 .4298E+00 .3976E+00 .5238E-02 .1427E+00
.1286E+04 .4202E+00 .4026E+00 .5304E-02 .2641E+00 .2588E+00 .4026E+00 .3265E-01 .4353E+00 .4026E+00 .5304E-02 .1445E+00
.1287E+04 .4211E+00 .3922E+00 .5131E-02 .2572E+00 .2521E+00 .3922E+00 .3176E-01 .4240E+00 .3922E+00 .5131E-02 .1407E+00
.1288E+04 .4195E+00 .3921E+00 .5125E-02 .2572E+00 .2520E+00 .3921E+00 .3174E-01 .4239E+00 .3921E+00 .5125E-02 .1407E+00
.1289E+04 .4195E+00 .3745E+00 .4843E-02 .2455E+00 .2407E+00 .3745E+00 .3023E-01 .4047E+00 .3745E+00 .4843E-02 .1343E+00
.1290E+04 .4142E+00 .3881E+00 .5056E-02 .2545E+00 .2494E+00 .3881E+00 .3136E-01 .4194E+00 .3881E+00 .5056E-02 .1391E+00
.1291E+04 .4175E+00 .3958E+00 .5158E-02 .2596E+00 .2544E+00 .3958E+00 .3196E-01 .4277E+00 .3958E+00 .5158E-02 .1417E+00
.1292E+04 .4193E+00 .3579E+00 .4569E-02 .2347E+00 .2301E+00 .3579E+00 .2877E-01 .3867E+00 .3579E+00 .4569E-02 .1281E+00
.1293E+04 .4169E+00 .3821E+00 .4935E-02 .2506E+00 .2456E+00 .3821E+00 .3079E-01 .4129E+00 .3821E+00 .4935E-02 .1368E+00
.1294E+04 .4160E+00 .3763E+00 .4840E-02 .2467E+00 .2419E+00 .3763E+00 .3030E-01 .4066E+00 .3763E+00 .4840E-02 .1347E+00
.1295E+04 .4177E+00 .3756E+00 .4812E-02 .2462E+00 .2414E+00 .3756E+00 .3021E-01 .4058E+00 .3756E+00 .4812E-02 .1344E+00
.1296E+04 .4178E+00 .3488E+00 .4404E-02 .2286E+00 .2242E+00 .3488E+00 .2797E-01 .3768E+00 .3488E+00 .4404E-02 .1248E+00
.1297E+04 .4141E+00 .3240E+00 .4043E-02 .2123E+00 .2082E+00 .3240E+00 .2591E-01 .3499E+00 .3240E+00 .4043E-02 .1159E+00
.1298E+04 .4136E+00 .3643E+00 .4633E-02 .2388E+00 .2342E+00 .3643E+00 .2926E-01 .3936E+00 .3643E+00 .4633E-02 .1304E+00
.1299E+04 .4157E+00 .3859E+00 .4949E-02 .2530E+00 .2481E+00 .3859E+00 .3105E-01 .4170E+00 .3859E+00 .4949E-02 .1381E+00
.1300E+04 .4141E+00 .3047E+00 .3759E-02 .1996E+00 .1958E+00 .3047E+00 .2431E-01 .3290E+00 .3047E+00 .3759E-02 .1090E+00
.1301E+04 .4116E+00 .3115E+00 .3843E-02 .2041E+00 .2002E+00 .3115E+00 .2486E-01 .3363E+00 .3115E+00 .3843E-02 .1114E+00
.1302E+04 .4097E+00 .3628E+00 .4588E-02 .2378E+00 .2332E+00 .3628E+00 .2911E-01 .3919E+00 .3628E+00 .4588E-02 .1299E+00
.1303E+04 .4066E+00 .2982E+00 .3658E-02 .1954E+00 .1917E+00 .2982E+00 .2377E-01 .3220E+00 .2982E+00 .3658E-02 .1067E+00
.1304E+04 .4079E+00 .2408E+00 .2852E-02 .1577E+00 .1548E+00 .2408E+00 .1906E-01 .2599E+00 .2408E+00 .2852E-02 .8616E-01
.1305E+04 .4101E+00 .3520E+00 .4409E-02 .2307E+00 .2263E+00 .3520E+00 .2818E-01 .3802E+00 .3520E+00 .4409E-02 .1260E+00
.1306E+04 .4099E+00 .3512E+00 .4385E-02 .2301E+00 .2258E+00 .3512E+00 .2810E-01 .3793E+00 .3512E+00 .4385E-02 .1257E+00
.1307E+04 .4076E+00 .2434E+00 .2877E-02 .1593E+00 .1565E+00 .2434E+00 .1924E-01 .2627E+00 .2434E+00 .2877E-02 .8702E-01
.1308E+04 .4071E+00 .3123E+00 .3836E-02 .2046E+00 .2008E+00 .3123E+00 .2487E-01 .3372E+00 .3123E+00 .3836E-02 .1116E+00
.1309E+04 .4068E+00 .3480E+00 .4315E-02 .2280E+00 .2237E+00 .3480E+00 .2776E-01 .3757E+00 .3480E+00 .4315E-02 .1243E+00
.1310E+04 .4042E+00 .2472E+00 .2918E-02 .1618E+00 .1589E+00 .2472E+00 .1952E-01 .2667E+00 .2472E+00 .2918E-02 .8825E-01
.1311E+04 .4040E+00 .2892E+00 .3495E-02 .1894E+00 .1859E+00 .2892E+00 .2294E-01 .3121E+00 .2892E+00 .3495E-02 .1033E+00
.1312E+04 .3931E+00 .2812E+00 .3391E-02 .1842E+00 .1808E+00 .2812E+00 .2229E-01 .3035E+00 .2812E+00 .3391E-02 .1003E+00
.1313E+04 .3965E+00 .2654E+00 .3152E-02 .1737E+00 .1706E+00 .2654E+00 .2095E-01 .2863E+00 .2654E+00 .3152E-02 .9458E-01
.1314E+04 .3999E+00 .2406E+00 .2817E-02 .1575E+00 .1546E+00 .2406E+00 .1893E-01 .2595E+00 .2406E+00 .2817E-02 .8570E-01
.1315E+04 .3881E+00 .2165E+00 .2487E-02 .1417E+00 .1392E+00 .2165E+00 .1697E-01 .2335E+00 .2165E+00 .2487E-02 .7711E-01
.1316E+04 .3974E+00 .2788E+00 .3320E-02 .1825E+00 .1792E+00 .2788E+00 .2201E-01 .3008E+00 .2788E+00 .3320E-02 .9932E-01
.1317E+04 .3992E+00 .2683E+00 .3181E-02 .1756E+00 .1725E+00 .2683E+00 .2116E-01 .2895E+00 .2683E+00 .3181E-02 .9557E-01
.1318E+04 .3975E+00 .2982E+00 .3586E-02 .1953E+00 .1917E+00 .2982E+00 .2360E-01 .3218E+00 .2982E+00 .3586E-02 .1063E+00
.1319E+04 .4003E+00 .2034E+00 .2298E-02 .1330E+00 .1307E+00 .2034E+00 .1588E-01 .2193E+00 .2034E+00 .2298E-02 .7240E-01
.1320E+04 .3983E+00 .2178E+00 .2499E-02 .1425E+00 .1400E+00 .2178E+00 .1705E-01 .2349E+00 .2178E+00 .2499E-02 .7748E-01
.1321E+04 .3960E+00 .2513E+00 .2927E-02 .1644E+00 .1615E+00 .2513E+00 .1971E-01 .2710E+00 .2513E+00 .2927E-02 .8928E-01
.1322E+04 .3968E+00 .2468E+00 .2848E-02 .1615E+00 .1587E+00 .2468E+00 .1932E-01 .2661E+00 .2468E+00 .2848E-02 .8763E-01
.1323E+04 .3964E+00 .1799E+00 .1987E-02 .1177E+00 .1157E+00 .1799E+00 .1395E-01 .1939E+00 .1799E+00 .1987E-02 .6381E-01
.1324E+04 .3967E+00 .2022E+00 .2270E-02 .1322E+00 .1300E+00 .2022E+00 .1572E-01 .2179E+00 .2022E+00 .2270E-02 .7168E-01
.1325E+04 .3949E+00 .2777E+00 .3259E-02 .1818E+00 .1785E+00 .2777E+00 .2179E-01 .2995E+00 .2777E+00 .3259E-02 .9849E-01
.1326E+04 .3926E+00 .2242E+00 .2549E-02 .1467E+00 .1441E+00 .2242E+00 .1748E-01 .2417E+00 .2242E+00 .2549E-02 .7950E-01
.1327E+04 .3922E+00 .2125E+00 .2395E-02 .1390E+00 .1366E+00 .2125E+00 .1652E-01 .2290E+00 .2125E+00 .2395E-02 .7526E-01
.1328E+04 .3886E+00 .1857E+00 .2059E-02 .1214E+00 .1194E+00 .1857E+00 .1438E-01 .2001E+00 .1857E+00 .2059E-02 .6572E-01
.1329E+04 .3839E+00 .1315E+00 .1385E-02 .8594E-01 .8455E-01 .1315E+00 .1008E-01 .1416E+00 .1315E+00 .1385E-02 .4648E-01
.1330E+04 .3896E+00 .1696E+00 .1825E-02 .1109E+00 .1090E+00 .1696E+00 .1304E-01 .1827E+00 .1696E+00 .1825E-02 .5990E-01
.1331E+04 .3886E+00 .9036E-01 .8993E-03 .5898E-01 .5808E-01 .9036E-01 .6843E-02 .9720E-01 .9036E-01 .8993E-03 .3186E-01
.1332E+04 .3843E+00 .9891E-01 .9996E-03 .6458E-01 .6358E-01 .9891E-01 .7510E-02 .1064E+00 .9891E-01 .9996E-03 .3488E-01
.1333E+04 .3904E+00 .1380E+00 .1428E-02 .9012E-01 .8869E-01 .1380E+00 .1052E-01 .1485E+00 .1380E+00 .1428E-02 .4866E-01
.1334E+04 .3908E+00 .1325E+00 .1402E-02 .8659E-01 .8519E-01 .1325E+00 .1015E-01 .1427E+00 .1325E+00 .1402E-02 .4674E-01
.1335E+04 .3883E+00 .1805E+00 .1954E-02 .1180E+00 .1161E+00 .1805E+00 .1387E-01 .1944E+00 .1805E+00 .1954E-02 .6363E-01
.1336E+04 .3889E+00 .1367E+00 .1424E-02 .8929E-01 .8786E-01 .1367E+00 .1042E-01 .1471E+00 .1367E+00 .1424E-02 .4812E-01
.1337E+04 .3873E+00 .1132E+00 .1158E-02 .7392E-01 .7276E-01 .1132E+00 .8588E-02 .1218E+00 .1132E+00 .1158E-02 .3978E-01
.1338E+04 .3850E+00 .1213E+00 .1240E-02 .7922E-01 .7798E-01 .1213E+00 .9190E-02 .1305E+00 .1213E+00 .1240E-02 .4255E-01
.1339E+04 .3791E+00 .1247E+00 .1282E-02 .8146E-01 .8018E-01 .1247E+00 .9448E-02 .1342E+00 .1247E+00 .1282E-02 .4369E-01
.1340E+04 .3833E+00 .1251E+00 .1295E-02 .8174E-01 .8044E-01 .1251E+00 .9492E-02 .1346E+00 .1251E+00 .1295E-02 .4384E-01
.1341E+04 .3840E+00 .1084E+00 .1079E-02 .7075E-01 .6967E-01 .1084E+00 .8162E-02 .1165E+00 .1084E+00 .1079E-02 .3795E-01
.1342E+04 .3837E+00 .1079E+00 .1072E-02 .7042E-01 .6934E-01 .1079E+00 .8112E-02 .1160E+00 .1079E+00 .1072E-02 .3773E-01
.1343E+04 .3833E+00 .5834E-01 .5267E-03 .3803E-01 .3750E-01 .5834E-01 .4309E-02 .6265E-01 .5834E-01 .5267E-03 .2035E-01
.1344E+04 .3843E+00 .4372E-01 .3988E-03 .2850E-01 .2810E-01 .4372E-01 .3230E-02 .4695E-01 .4372E-01 .3988E-03 .1523E-01
.1345E+04 .3823E+00 .6074E-01 .5547E-03 .3960E-01 .3904E-01 .6074E-01 .4485E-02 .6523E-01 .6074E-01 .5547E-03 .2114E-01
.1346E+04 .3806E+00 .2140E-01 .1699E-03 .1392E-01 .1375E-01 .2140E-01 .1544E-02 .2294E-01 .2140E-01 .1699E-03 .7430E-02
.1347E+04 .3814E+00 .2162E-01 .1687E-03 .1406E-01 .1389E-01 .2162E-01 .1554E-02 .2317E-01 .2162E-01 .1687E-03 .7498E-02
.1348E+04 .3812E+00 .8214E-03 .5059E-05 .5331E-03 .5280E-03 .8214E-03 .5718E-04 .8786E-03 .8214E-03 .5059E-05 .2841E-03
.1349E+04 .3782E+00 .3034E-02 .1945E-04 .1970E-02 .1950E-02 .3034E-02 .2120E-03 .3246E-02 .3034E-02 .1945E-04 .1049E-02
.1350E+04 .3753E+00 .4066E-02 .2692E-04 .2640E-02 .2613E-02 .4066E-02 .2849E-03 .4350E-02 .4066E-02 .2692E-04 .1403E-02
.1351E+04 .3779E+00 .5252E-03 .2846E-05 .3404E-03 .3376E-03 .5252E-03 .3588E-04 .5610E-03 .5252E-03 .2846E-05 .1806E-03
.1352E+04 .3793E+00 .6960E-04 .2813E-06 .4502E-04 .4474E-04 .6960E-04 .4619E-05 .7422E-04 .6960E-04 .2813E-06 .2386E-04
.1353E+04 .3777E+00 .2783E-05 .9776E-08 .1799E-05 .1789E-05 .2783E-05 .1825E-06 .2966E-05 .2783E-05 .9776E-08 .9525E-06
.1354E+04 .3755E+00 .1458E-04 .5987E-07 .9430E-05 .9370E-05 .1458E-04 .9670E-06 .1554E-04 .1458E-04 .5987E-07 .4988E-05
.1355E+04 .3718E+00 .3309E-07 .8493E-10 .2136E-07 .2127E-07 .3309E-07 .2124E-08 .3522E-07 .3309E-07 .8493E-10 .1129E-07
.1356E+04 .3701E+00 .2263E-05 .8260E-08 .1463E-05 .1455E-05 .2263E-05 .1485E-06 .2411E-05 .2263E-05 .8260E-08 .7725E-06
.1357E+04 .3706E+00 .2566E-05 .9095E-08 .1659E-05 .1650E-05 .2566E-05 .1678E-06 .2734E-05 .2566E-05 .9095E-08 .8747E-06
.1358E+04 .3734E+00 .4926E-07 .1302E-09 .3179E-07 .3166E-07 .4926E-07 .3154E-08 .5241E-07 .4926E-07 .1302E-09 .1674E-07
.1359E+04 .3698E+00 .1828E-08 .3173E-11 .1178E-08 .1175E-08 .1828E-08 .1146E-09 .1942E-08 .1828E-08 .3173E-11 .6190E-09
.1360E+04 .3701E+00 .1660E-07 .3821E-10 .1071E-07 .1067E-07 .1660E-07 .1053E-08 .1765E-07 .1660E-07 .3821E-10 .5622E-08
.1361E+04 .3730E+00 .2041E-11 .2139E-14 .1314E-11 .1312E-11 .2041E-11 .1258E-12 .2167E-11 .2041E-11 .2139E-14 .6892E-12
.1362E+04 .3690E+00 .3056E-14 .2538E-17 .1967E-14 .1964E-14 .3056E-14 .1872E-15 .3243E-14 .3056E-14 .2538E-17 .1030E-14
.1363E+04 .3672E+00 .8462E-08 .1434E-10 .5454E-08 .5439E-08 .8462E-08 .5276E-09 .8990E-08 .8462E-08 .1434E-10 .2852E-08
.1364E+04 .3687E+00 .4269E-08 .8127E-11 .2752E-08 .2744E-08 .4269E-08 .2669E-09 .4536E-08 .4269E-08 .8127E-11 .1437E-08
.1365E+04 .3696E+00 .8871E-15 .4873E-18 .5707E-15 .5702E-15 .8871E-15 .5382E-16 .9409E-15 .8871E-15 .4873E-18 .2979E-15
.1366E+04 .3673E+00 .7969E-07 .1580E-09 .5138E-07 .5122E-07 .7969E-07 .4991E-08 .8468E-07 .7969E-07 .1580E-09 .2682E-07
.1367E+04 .3661E+00 .5163E-07 .1235E-09 .3331E-07 .3319E-07 .5163E-07 .3261E-08 .5490E-07 .5163E-07 .1235E-09 .1738E-07
.1368E+04 .3647E+00 .4484E-18 .9506E-22 .2883E-18 .2882E-18 .4484E-18 .2696E-19 .4754E-18 .4484E-18 .9506E-22 .1503E-18
.1369E+04 .3623E+00 .4600E-08 .9578E-11 .2966E-08 .2957E-08 .4600E-08 .2881E-09 .4888E-08 .4600E-08 .9578E-11 .1545E-08
.1370E+04 .3621E+00 .9294E-09 .1565E-11 .5989E-09 .5974E-09 .9294E-09 .5759E-10 .9870E-09 .9294E-09 .1565E-11 .3113E-09
.1371E+04 .3628E+00 .4038E-10 .5916E-13 .2602E-10 .2596E-10 .4038E-10 .2486E-11 .4287E-10 .4038E-10 .5916E-13 .1350E-10
.1372E+04 .3658E+00 .4761E-07 .1201E-09 .3072E-07 .3060E-07 .4761E-07 .2995E-08 .5061E-07 .4761E-07 .1201E-09 .1591E-07
.1373E+04 .3656E+00 .7669E-06 .2245E-08 .4952E-06 .4929E-06 .7669E-06 .4858E-07 .8155E-06 .7669E-06 .2245E-08 .2560E-06
.1374E+04 .3624E+00 .5292E-05 .1821E-07 .3420E-05 .3401E-05 .5292E-05 .3383E-06 .5630E-05 .5292E-05 .1821E-07 .1764E-05
.1375E+04 .3595E+00 .8855E-05 .2817E-07 .5720E-05 .5692E-05 .8855E-05 .5625E-06 .9418E-05 .8855E-05 .2817E-07 .2949E-05
.1376E+04 .3579E+00 .1917E-04 .7965E-07 .1240E-04 .1232E-04 .1917E-04 .1242E-05 .2041E-04 .1917E-04 .7965E-07 .6389E-05
.1377E+04 .3609E+00 .9452E-05 .3865E-07 .6115E-05 .6076E-05 .9452E-05 .6108E-06 .1006E-04 .9452E-05 .3865E-07 .3145E-05
.1378E+04 .3614E+00 .4440E-04 .1683E-06 .2871E-04 .2854E-04 .4440E-04 .2844E-05 .4724E-04 .4440E-04 .1683E-06 .1473E-04
.1379E+04 .3621E+00 .3771E-05 .1546E-07 .2439E-05 .2424E-05 .3771E-05 .2425E-06 .4013E-05 .3771E-05 .1546E-07 .1248E-05
.1380E+04 .3606E+00 .2477E-05 .8554E-08 .1601E-05 .1592E-05 .2477E-05 .1569E-06 .2634E-05 .2477E-05 .8554E-08 .8178E-06
.1381E+04 .3594E+00 .9498E-07 .3276E-09 .6138E-07 .6105E-07 .9498E-07 .6011E-08 .1010E-06 .9498E-07 .3276E-09 .3132E-07
.1382E+04 .3564E+00 .2351E-07 .5338E-10 .1517E-07 .1511E-07 .2351E-07 .1449E-08 .2496E-07 .2351E-07 .5338E-10 .7731E-08
.1383E+04 .3579E+00 .2709E-09 .5753E-12 .1747E-09 .1741E-09 .2709E-09 .1661E-10 .2875E-09 .2709E-09 .5753E-12 .8889E-10
.1384E+04 .3585E+00 .2526E-08 .4539E-11 .1628E-08 .1623E-08 .2526E-08 .1535E-09 .2679E-08 .2526E-08 .4539E-11 .8269E-09
.1385E+04 .3566E+00 .2575E-07 .7014E-10 .1663E-07 .1655E-07 .2575E-07 .1594E-08 .2735E-07 .2575E-07 .7014E-10 .8423E-08
.1386E+04 .3567E+00 .9393E-08 .1775E-10 .6056E-08 .6038E-08 .9393E-08 .5690E-09 .9962E-08 .9393E-08 .1775E-10 .3059E-08
.1387E+04 .3560E+00 .7552E-06 .1800E-08 .4872E-06 .4854E-06 .7552E-06 .4612E-07 .8013E-06 .7552E-06 .1800E-08 .2454E-06
.1388E+04 .3572E+00 .1215E-06 .4066E-09 .7850E-07 .7809E-07 .1215E-06 .7554E-08 .1290E-06 .1215E-06 .4066E-09 .3940E-07
.1389E+04 .3552E+00 .1952E-04 .6912E-07 .1262E-04 .1255E-04 .1952E-04 .1215E-05 .2073E-04 .1952E-04 .6912E-07 .6309E-05
.1390E+04 .3531E+00 .1631E-04 .5527E-07 .1054E-04 .1049E-04 .1631E-04 .1010E-05 .1732E-04 .1631E-04 .5527E-07 .5264E-05
.1391E+04 .3555E+00 .9761E-05 .3331E-07 .6308E-05 .6274E-05 .9761E-05 .6049E-06 .1037E-04 .9761E-05 .3331E-07 .3150E-05
.1392E+04 .3543E+00 .1587E-05 .5898E-08 .1026E-05 .1020E-05 .1587E-05 .9898E-07 .1686E-05 .1587E-05 .5898E-08 .5123E-06
.1393E+04 .3530E+00 .8405E-05 .3305E-07 .5436E-05 .5403E-05 .8405E-05 .5249E-06 .8930E-05 .8405E-05 .3305E-07 .2704E-05
.1394E+04 .3513E+00 .8897E-06 .2339E-08 .5742E-06 .5719E-06 .8897E-06 .5379E-07 .9435E-06 .8897E-06 .2339E-08 .2846E-06
.1395E+04 .3507E+00 .6547E-08 .1617E-10 .4224E-08 .4208E-08 .6547E-08 .3934E-09 .6940E-08 .6547E-08 .1617E-10 .2087E-08
.1396E+04 .3520E+00 .4935E-11 .5662E-14 .3178E-11 .3172E-11 .4935E-11 .2871E-12 .5222E-11 .4935E-11 .5662E-14 .1567E-11
.1397E+04 .3523E+00 .4106E-05 .1555E-07 .2655E-05 .2640E-05 .4106E-05 .2532E-06 .4360E-05 .4106E-05 .1555E-07 .1307E-05
.1398E+04 .3518E+00 .2658E-04 .8927E-07 .1717E-04 .1709E-04 .2658E-04 .1620E-05 .2820E-04 .2658E-04 .8927E-07 .8438E-05
.1399E+04 .3480E+00 .2968E-04 .1071E-06 .1919E-04 .1908E-04 .2968E-04 .1816E-05 .3150E-04 .2968E-04 .1071E-06 .9408E-05
.1400E+04 .3431E+00 .1274E-11 .1157E-14 .8204E-12 .8192E-12 .1274E-11 .7317E-13 .1348E-11 .1274E-11 .1157E-14 .4015E-12
.1401E+04 .3457E+00 .8806E-11 .1064E-13 .5671E-11 .5660E-11 .8806E-11 .5083E-12 .9314E-11 .8806E-11 .1064E-13 .2770E-11
.1402E+04 .3475E+00 .2510E-03 .1276E-05 .1626E-03 .1613E-03 .2510E-03 .1578E-04 .2668E-03 .2510E-03 .1276E-05 .7930E-04
.1403E+04 .3449E+00 .2178E-03 .1017E-05 .1410E-03 .1400E-03 .2178E-03 .1353E-04 .2313E-03 .2178E-03 .1017E-05 .6851E-04
.1404E+04 .3451E+00 .6267E-04 .2754E-06 .4056E-04 .4028E-04 .6267E-04 .3856E-05 .6653E-04 .6267E-04 .2754E-06 .1963E-04
.1405E+04 .3457E+00 .9874E-08 .2340E-10 .6370E-08 .6347E-08 .9874E-08 .5786E-09 .1045E-07 .9874E-08 .2340E-10 .3073E-08
.1406E+04 .3449E+00 .5154E-04 .1872E-06 .3332E-04 .3313E-04 .5154E-04 .3103E-05 .5464E-04 .5154E-04 .1872E-06 .1604E-04
.1407E+04 .3448E+00 .2213E-04 .1072E-06 .1433E-04 .1423E-04 .2213E-04 .1366E-05 .2350E-04 .2213E-04 .1072E-06 .6888E-05
.1408E+04 .3448E+00 .8680E-04 .3448E-06 .5614E-04 .5579E-04 .8680E-04 .5244E-05 .9204E-04 .8680E-04 .3448E-06 .2691E-04
.1409E+04 .3454E+00 .1499E-04 .4954E-07 .9687E-05 .9637E-05 .1499E-04 .8898E-06 .1588E-04 .1499E-04 .4954E-07 .4630E-05
.1410E+04 .3437E+00 .3672E-04 .1558E-06 .2376E-04 .2360E-04 .3672E-04 .2221E-05 .3894E-04 .3672E-04 .1558E-06 .1133E-04
.1411E+04 .3366E+00 .2063E-03 .9708E-06 .1335E-03 .1326E-03 .2063E-03 .1259E-04 .2188E-03 .2063E-03 .9708E-06 .6360E-04
.1412E+04 .3367E+00 .3104E-03 .1560E-05 .2011E-03 .1995E-03 .3104E-03 .1907E-04 .3295E-03 .3104E-03 .1560E-05 .9568E-04
.1413E+04 .3386E+00 .1818E-02 .9549E-05 .1178E-02 .1169E-02 .1818E-02 .1121E-03 .1930E-02 .1818E-02 .9549E-05 .5594E-03
.1414E+04 .3400E+00 .2730E-04 .1172E-06 .1766E-04 .1755E-04 .2730E-04 .1642E-05 .2894E-04 .2730E-04 .1172E-06 .8360E-05
.1415E+04 .3411E+00 .1239E-04 .5054E-07 .8016E-05 .7965E-05 .1239E-04 .7398E-06 .1313E-04 .1239E-04 .5054E-07 .3783E-05
.1416E+04 .3389E+00 .9945E-02 .6681E-04 .6460E-02 .6393E-02 .9945E-02 .6283E-03 .1057E-01 .9945E-02 .6681E-04 .3041E-02
.1417E+04 .3410E+00 .1888E-02 .1135E-04 .1225E-02 .1213E-02 .1888E-02 .1173E-03 .2005E-02 .1888E-02 .1135E-04 .5757E-03
.1418E+04 .3395E+00 .2630E-02 .1490E-04 .1705E-02 .1691E-02 .2630E-02 .1618E-03 .2792E-02 .2630E-02 .1490E-04 .8000E-03
.1419E+04 .3370E+00 .4780E-03 .2630E-05 .3099E-03 .3072E-03 .4780E-03 .2925E-04 .5072E-03 .4780E-03 .2630E-05 .1451E-03
.1420E+04 .3370E+00 .1819E-02 .1029E-04 .1179E-02 .1169E-02 .1819E-02 .1115E-03 .1930E-02 .1819E-02 .1029E-04 .5511E-03
.1421E+04 .3338E+00 .1714E-02 .9980E-05 .1112E-02 .1102E-02 .1714E-02 .1053E-03 .1820E-02 .1714E-02 .9980E-05 .5186E-03
.1422E+04 .3313E+00 .1435E-01 .9705E-04 .9320E-02 .9223E-02 .1435E-01 .8981E-03 .1525E-01 .1435E-01 .9705E-04 .4336E-02
.1423E+04 .3320E+00 .2936E-02 .1920E-04 .1906E-02 .1887E-02 .2936E-02 .1825E-03 .3118E-02 .2936E-02 .1920E-04 .8853E-03
.1424E+04 .3322E+00 .6322E-02 .4351E-04 .4107E-02 .4064E-02 .6322E-02 .3953E-03 .6717E-02 .6322E-02 .4351E-04 .1903E-02
.1425E+04 .3303E+00 .7566E-02 .4974E-04 .4913E-02 .4863E-02 .7566E-02 .4690E-03 .8035E-02 .7566E-02 .4974E-04 .2271E-02
.1426E+04 .3282E+00 .1085E-01 .7640E-04 .7052E-02 .6975E-02 .1085E-01 .6791E-03 .1153E-01 .1085E-01 .7640E-04 .3257E-02
.1427E+04 .3295E+00 .2567E-01 .1916E-03 .1669E-01 .1650E-01 .2567E-01 .1620E-02 .2729E-01 .2567E-01 .1916E-03 .7701E-02
.1428E+04 .3305E+00 .7577E-03 .4083E-05 .4911E-03 .4870E-03 .7577E-03 .4560E-04 .8033E-03 .7577E-03 .4083E-05 .2263E-03
.1429E+04 .3249E+00 .1370E-01 .9490E-04 .8902E-02 .8807E-02 .1370E-01 .8510E-03 .1455E-01 .1370E-01 .9490E-04 .4088E-02
.1430E+04 .3289E+00 .3281E-01 .2508E-03 .2134E-01 .2109E-01 .3281E-01 .2064E-02 .3487E-01 .3281E-01 .2508E-03 .9767E-02
.1431E+04 .3293E+00 .3029E-01 .2273E-03 .1969E-01 .1947E-01 .3029E-01 .1898E-02 .3218E-01 .3029E-01 .2273E-03 .9002E-02
.1432E+04 .3343E+00 .4001E-03 .2044E-05 .2592E-03 .2572E-03 .4001E-03 .2375E-04 .4238E-03 .4001E-03 .2044E-05 .1184E-03
.1433E+04 .3310E+00 .1684E-01 .1210E-03 .1095E-01 .1083E-01 .1684E-01 .1046E-02 .1789E-01 .1684E-01 .1210E-03 .4993E-02
.1434E+04 .3303E+00 .9574E-02 .6736E-04 .6221E-02 .6154E-02 .9574E-02 .5916E-03 .1017E-01 .9574E-02 .6736E-04 .2832E-02
.1435E+04 .3312E+00 .5057E-02 .3133E-04 .3282E-02 .3251E-02 .5057E-02 .3062E-03 .5363E-02 .5057E-02 .3133E-04 .1491E-02
.1436E+04 .3305E+00 .1705E-01 .1194E-03 .1108E-01 .1096E-01 .1705E-01 .1051E-02 .1810E-01 .1705E-01 .1194E-03 .5031E-02
.1437E+04 .3309E+00 .9951E-02 .6750E-04 .6464E-02 .6396E-02 .9951E-02 .6101E-03 .1056E-01 .9951E-02 .6750E-04 .2935E-02
.1438E+04 .3306E+00 .4847E-02 .3170E-04 .3147E-02 .3116E-02 .4847E-02 .2955E-03 .5143E-02 .4847E-02 .3170E-04 .1429E-02
.1439E+04 .3274E+00 .1823E-01 .1256E-03 .1184E-01 .1172E-01 .1823E-01 .1119E-02 .1935E-01 .1823E-01 .1256E-03 .5370E-02
.1440E+04 .3144E+00 .1668E-01 .1184E-03 .1084E-01 .1072E-01 .1668E-01 .1028E-02 .1771E-01 .1668E-01 .1184E-03 .4910E-02
.1441E+04 .3227E+00 .1250E-01 .8443E-04 .8118E-02 .8034E-02 .1250E-01 .7636E-03 .1326E-01 .1250E-01 .8443E-04 .3673E-02
.1442E+04 .3186E+00 .1419E-01 .9423E-04 .9215E-02 .9121E-02 .1419E-01 .8640E-03 .1505E-01 .1419E-01 .9423E-04 .4165E-02
.1443E+04 .3220E+00 .2301E-01 .1645E-03 .1495E-01 .1479E-01 .2301E-01 .1415E-02 .2442E-01 .2301E-01 .1645E-03 .6752E-02
.1444E+04 .3208E+00 .2784E-01 .2042E-03 .1810E-01 .1789E-01 .2784E-01 .1718E-02 .2956E-01 .2784E-01 .2042E-03 .8162E-02
.1445E+04 .3250E+00 .1864E-01 .1283E-03 .1211E-01 .1198E-01 .1864E-01 .1138E-02 .1978E-01 .1864E-01 .1283E-03 .5456E-02
.1446E+04 .3224E+00 .9540E-02 .6268E-04 .6195E-02 .6132E-02 .9540E-02 .5782E-03 .1012E-01 .9540E-02 .6268E-04 .2791E-02
.1447E+04 .3225E+00 .1440E-01 .9875E-04 .9354E-02 .9255E-02 .1440E-01 .8784E-03 .1528E-01 .1440E-01 .9875E-04 .4214E-02
.1448E+04 .3244E+00 .6765E-01 .5411E-03 .4402E-01 .4348E-01 .6765E-01 .4231E-02 .7188E-01 .6765E-01 .5411E-03 .1982E-01
.1449E+04 .3233E+00 .5878E-01 .4648E-03 .3825E-01 .3778E-01 .5878E-01 .3665E-02 .6244E-01 .5878E-01 .4648E-03 .1720E-01
.1450E+04 .3190E+00 .1325E-01 .9291E-04 .8610E-02 .8517E-02 .1325E-01 .8094E-03 .1406E-01 .1325E-01 .9291E-04 .3870E-02
.1451E+04 .3156E+00 .5433E-02 .3652E-04 .3529E-02 .3492E-02 .5433E-02 .3295E-03 .5763E-02 .5433E-02 .3652E-04 .1585E-02
.1452E+04 .3188E+00 .3299E-01 .2447E-03 .2145E-01 .2120E-01 .3299E-01 .2030E-02 .3502E-01 .3299E-01 .2447E-03 .9618E-02
.1453E+04 .3182E+00 .4407E-01 .3334E-03 .2866E-01 .2833E-01 .4407E-01 .2719E-02 .4679E-01 .4407E-01 .3334E-03 .1284E-01
.1454E+04 .3147E+00 .9103E-01 .7562E-03 .5927E-01 .5851E-01 .9103E-01 .5707E-02 .9674E-01 .9103E-01 .7562E-03 .2654E-01
.1455E+04 .3143E+00 .3939E-01 .3016E-03 .2562E-01 .2532E-01 .3939E-01 .2435E-02 .4182E-01 .3939E-01 .3016E-03 .1148E-01
.1456E+04 .3153E+00 .4709E-01 .3593E-03 .3063E-01 .3027E-01 .4709E-01 .2909E-02 .5000E-01 .4709E-01 .3593E-03 .1372E-01
.1457E+04 .3173E+00 .7267E-01 .5832E-03 .4729E-01 .4671E-01 .7267E-01 .4528E-02 .7720E-01 .7267E-01 .5832E-03 .2118E-01
.1458E+04 .3199E+00 .9554E-01 .8000E-03 .6221E-01 .6141E-01 .9554E-01 .5998E-02 .1015E+00 .9554E-01 .8000E-03 .2786E-01
.1459E+04 .3186E+00 .1125E+00 .9517E-03 .7329E-01 .7234E-01 .1125E+00 .7078E-02 .1196E+00 .1125E+00 .9517E-03 .3282E-01
.1460E+04 .3167E+00 .5386E-01 .4272E-03 .3505E-01 .3462E-01 .5386E-01 .3349E-02 .5721E-01 .5386E-01 .4272E-03 .1570E-01
.1461E+04 .3156E+00 .5051E-01 .3863E-03 .3285E-01 .3247E-01 .5051E-01 .3122E-02 .5363E-01 .5051E-01 .3863E-03 .1472E-01
.1462E+04 .3129E+00 .8395E-01 .6847E-03 .5465E-01 .5396E-01 .8395E-01 .5246E-02 .8920E-01 .8395E-01 .6847E-03 .2447E-01
.1463E+04 .3116E+00 .2533E-01 .1881E-03 .1647E-01 .1628E-01 .2533E-01 .1558E-02 .2689E-01 .2533E-01 .1881E-03 .7380E-02
.1464E+04 .3136E+00 .1130E+00 .9567E-03 .7362E-01 .7267E-01 .1130E+00 .7111E-02 .1202E+00 .1130E+00 .9567E-03 .3296E-01
.1465E+04 .3115E+00 .6428E-01 .5207E-03 .4184E-01 .4132E-01 .6428E-01 .4012E-02 .6829E-01 .6428E-01 .5207E-03 .1874E-01
.1466E+04 .3137E+00 .3254E-01 .2360E-03 .2115E-01 .2092E-01 .3254E-01 .1994E-02 .3454E-01 .3254E-01 .2360E-03 .9478E-02
.1467E+04 .3131E+00 .1663E-01 .1148E-03 .1080E-01 .1069E-01 .1663E-01 .1011E-02 .1764E-01 .1663E-01 .1148E-03 .4840E-02
.1468E+04 .3118E+00 .4224E-01 .3155E-03 .2747E-01 .2715E-01 .4224E-01 .2600E-02 .4484E-01 .4224E-01 .3155E-03 .1231E-01
.1469E+04 .3137E+00 .5657E-01 .4393E-03 .3680E-01 .3637E-01 .5657E-01 .3506E-02 .6008E-01 .5657E-01 .4393E-03 .1649E-01
.1470E+04 .3085E+00 .2370E-01 .1622E-03 .1540E-01 .1524E-01 .2370E-01 .1439E-02 .2514E-01 .2370E-01 .1622E-03 .6901E-02
.1471E+04 .3082E+00 .9836E-02 .6723E-04 .6389E-02 .6322E-02 .9836E-02 .5975E-03 .1043E-01 .9836E-02 .6723E-04 .2866E-02
.1472E+04 .3069E+00 .2138E-01 .1444E-03 .1389E-01 .1374E-01 .2138E-01 .1298E-02 .2268E-01 .2138E-01 .1444E-03 .6235E-02
.1473E+04 .3035E+00 .3555E-01 .2584E-03 .2311E-01 .2285E-01 .3555E-01 .2184E-02 .3773E-01 .3555E-01 .2584E-03 .1038E-01
.1474E+04 .3030E+00 .6295E-01 .4955E-03 .4096E-01 .4047E-01 .6295E-01 .3919E-02 .6687E-01 .6295E-01 .4955E-03 .1840E-01
.1475E+04 .3038E+00 .1369E+00 .1166E-02 .8914E-01 .8797E-01 .1369E+00 .8639E-02 .1455E+00 .1369E+00 .1166E-02 .4002E-01
.1476E+04 .3051E+00 .3747E-01 .2786E-03 .2436E-01 .2408E-01 .3747E-01 .2313E-02 .3978E-01 .3747E-01 .2786E-03 .1096E-01
.1477E+04 .3036E+00 .3560E-01 .2593E-03 .2314E-01 .2288E-01 .3560E-01 .2194E-02 .3779E-01 .3560E-01 .2593E-03 .1043E-01
.1478E+04 .3037E+00 .4141E-01 .3174E-03 .2693E-01 .2662E-01 .4141E-01 .2577E-02 .4398E-01 .4141E-01 .3174E-03 .1216E-01
.1479E+04 .3077E+00 .7830E-01 .6267E-03 .5096E-01 .5033E-01 .7830E-01 .4910E-02 .8321E-01 .7830E-01 .6267E-03 .2301E-01
.1480E+04 .3057E+00 .3255E-01 .2363E-03 .2116E-01 .2093E-01 .3255E-01 .2008E-02 .3456E-01 .3255E-01 .2363E-03 .9558E-02
.1481E+04 .3046E+00 .7492E-01 .5916E-03 .4875E-01 .4815E-01 .7492E-01 .4693E-02 .7961E-01 .7492E-01 .5916E-03 .2204E-01
.1482E+04 .3040E+00 .3293E-01 .2455E-03 .2141E-01 .2116E-01 .3293E-01 .2047E-02 .3497E-01 .3293E-01 .2455E-03 .9706E-02
.1483E+04 .3014E+00 .1018E+00 .8335E-03 .6630E-01 .6546E-01 .1018E+00 .6439E-02 .1083E+00 .1018E+00 .8335E-03 .3009E-01
.1484E+04 .3056E+00 .9825E-01 .8099E-03 .6397E-01 .6316E-01 .9825E-01 .6220E-02 .1045E+00 .9825E-01 .8099E-03 .2903E-01
.1485E+04 .3062E+00 .8620E-01 .7008E-03 .5611E-01 .5541E-01 .8620E-01 .5444E-02 .9164E-01 .8620E-01 .7008E-03 .2547E-01
.1486E+04 .3023E+00 .8042E-01 .6384E-03 .5233E-01 .5169E-01 .8042E-01 .5070E-02 .8549E-01 .8042E-01 .6384E-03 .2382E-01
.1487E+04 .2898E+00 .2908E-01 .2092E-03 .1890E-01 .1869E-01 .2908E-01 .1809E-02 .3089E-01 .2908E-01 .2092E-03 .8636E-02
.1488E+04 .2795E+00 .6318E-01 .4981E-03 .4111E-01 .4061E-01 .6318E-01 .3998E-02 .6718E-01 .6318E-01 .4981E-03 .1882E-01
.1489E+04 .3010E+00 .1325E+00 .1112E-02 .8627E-01 .8516E-01 .1325E+00 .8481E-02 .1410E+00 .1325E+00 .1112E-02 .3952E-01
.1490E+04 .3028E+00 .1329E+00 .1132E-02 .8659E-01 .8545E-01 .1329E+00 .8540E-02 .1415E+00 .1329E+00 .1132E-02 .3970E-01
.1491E+04 .3015E+00 .1580E+00 .1370E-02 .1029E+00 .1015E+00 .1580E+00 .1019E-01 .1682E+00 .1580E+00 .1370E-02 .4723E-01
.1492E+04 .3013E+00 .1153E+00 .9497E-03 .7503E-01 .7408E-01 .1153E+00 .7372E-02 .1226E+00 .1153E+00 .9497E-03 .3447E-01
.1493E+04 .3030E+00 .1374E+00 .1165E-02 .8951E-01 .8835E-01 .1374E+00 .8840E-02 .1463E+00 .1374E+00 .1165E-02 .4115E-01
.1494E+04 .3034E+00 .1560E+00 .1349E-02 .1016E+00 .1003E+00 .1560E+00 .1007E-01 .1661E+00 .1560E+00 .1349E-02 .4672E-01
.1495E+04 .2982E+00 .1454E+00 .1249E-02 .9474E-01 .9349E-01 .1454E+00 .9377E-02 .1548E+00 .1454E+00 .1249E-02 .4355E-01
.1496E+04 .2940E+00 .1329E+00 .1128E-02 .8656E-01 .8544E-01 .1329E+00 .8558E-02 .1415E+00 .1329E+00 .1128E-02 .3983E-01
.1497E+04 .2976E+00 .1990E+00 .1781E-02 .1297E+00 .1279E+00 .1990E+00 .1295E-01 .2119E+00 .1990E+00 .1781E-02 .5972E-01
.1498E+04 .2977E+00 .1394E+00 .1190E-02 .9079E-01 .8960E-01 .1394E+00 .9002E-02 .1484E+00 .1394E+00 .1190E-02 .4187E-01
.1499E+04 .2978E+00 .1697E+00 .1473E-02 .1105E+00 .1090E+00 .1697E+00 .1100E-01 .1806E+00 .1697E+00 .1473E-02 .5102E-01
.1500E+04 .2995E+00 .2183E+00 .1966E-02 .1423E+00 .1403E+00 .2183E+00 .1426E-01 .2326E+00 .2183E+00 .1966E-02 .6573E-01
.1501E+04 .2977E+00 .2285E+00 .2058E-02 .1489E+00 .1469E+00 .2285E+00 .1493E-01 .2434E+00 .2285E+00 .2058E-02 .6881E-01
.1502E+04 .2827E+00 .1796E+00 .1587E-02 .1171E+00 .1155E+00 .1796E+00 .1169E-01 .1913E+00 .1796E+00 .1587E-02 .5409E-01
.1503E+04 .2785E+00 .1479E+00 .1268E-02 .9632E-01 .9505E-01 .1479E+00 .9574E-02 .1574E+00 .1479E+00 .1268E-02 .4451E-01
.1504E+04 .2747E+00 .1223E+00 .1030E-02 .7967E-01 .7864E-01 .1223E+00 .7896E-02 .1302E+00 .1223E+00 .1030E-02 .3683E-01
.1505E+04 .2744E+00 .1471E+00 .1267E-02 .9580E-01 .9453E-01 .1471E+00 .9531E-02 .1566E+00 .1471E+00 .1267E-02 .4428E-01
.1506E+04 .2873E+00 .2367E+00 .2147E-02 .1543E+00 .1521E+00 .2367E+00 .1549E-01 .2522E+00 .2367E+00 .2147E-02 .7129E-01
.1507E+04 .2918E+00 .2220E+00 .1992E-02 .1447E+00 .1427E+00 .2220E+00 .1450E-01 .2365E+00 .2220E+00 .1992E-02 .6686E-01
.1508E+04 .2871E+00 .2098E+00 .1873E-02 .1367E+00 .1349E+00 .2098E+00 .1369E-01 .2235E+00 .2098E+00 .1873E-02 .6319E-01
.1509E+04 .2912E+00 .1485E+00 .1267E-02 .9674E-01 .9547E-01 .1485E+00 .9609E-02 .1581E+00 .1485E+00 .1267E-02 .4472E-01
.1510E+04 .2940E+00 .2496E+00 .2265E-02 .1627E+00 .1604E+00 .2496E+00 .1633E-01 .2659E+00 .2496E+00 .2265E-02 .7517E-01
.1511E+04 .2928E+00 .2336E+00 .2094E-02 .1523E+00 .1502E+00 .2336E+00 .1526E-01 .2489E+00 .2336E+00 .2094E-02 .7043E-01
.1512E+04 .2874E+00 .2379E+00 .2150E-02 .1550E+00 .1529E+00 .2379E+00 .1558E-01 .2534E+00 .2379E+00 .2150E-02 .7177E-01
.1513E+04 .2867E+00 .2039E+00 .1793E-02 .1328E+00 .1310E+00 .2039E+00 .1329E-01 .2171E+00 .2039E+00 .1793E-02 .6153E-01
.1514E+04 .2870E+00 .1856E+00 .1610E-02 .1209E+00 .1193E+00 .1856E+00 .1207E-01 .1976E+00 .1856E+00 .1610E-02 .5600E-01
.1515E+04 .2884E+00 .2464E+00 .2228E-02 .1606E+00 .1584E+00 .2464E+00 .1614E-01 .2625E+00 .2464E+00 .2228E-02 .7438E-01
.1516E+04 .2859E+00 .2330E+00 .2091E-02 .1518E+00 .1497E+00 .2330E+00 .1524E-01 .2482E+00 .2330E+00 .2091E-02 .7033E-01
.1517E+04 .2873E+00 .2224E+00 .1974E-02 .1450E+00 .1430E+00 .2224E+00 .1452E-01 .2370E+00 .2224E+00 .1974E-02 .6715E-01
.1518E+04 .2876E+00 .2228E+00 .1980E-02 .1452E+00 .1432E+00 .2228E+00 .1455E-01 .2373E+00 .2228E+00 .1980E-02 .6726E-01
.1519E+04 .2869E+00 .2125E+00 .1869E-02 .1385E+00 .1366E+00 .2125E+00 .1386E-01 .2264E+00 .2125E+00 .1869E-02 .6416E-01
.1520E+04 .2854E+00 .2357E+00 .2100E-02 .1536E+00 .1515E+00 .2357E+00 .1540E-01 .2511E+00 .2357E+00 .2100E-02 .7116E-01
.1521E+04 .2815E+00 .2640E+00 .2402E-02 .1721E+00 .1697E+00 .2640E+00 .1732E-01 .2813E+00 .2640E+00 .2402E-02 .7971E-01
.1522E+04 .2814E+00 .2435E+00 .2183E-02 .1587E+00 .1565E+00 .2435E+00 .1593E-01 .2595E+00 .2435E+00 .2183E-02 .7354E-01
.1523E+04 .2840E+00 .2689E+00 .2445E-02 .1753E+00 .1729E+00 .2689E+00 .1764E-01 .2866E+00 .2689E+00 .2445E-02 .8121E-01
.1524E+04 .2817E+00 .2574E+00 .2324E-02 .1678E+00 .1655E+00 .2574E+00 .1686E-01 .2743E+00 .2574E+00 .2324E-02 .7773E-01
.1525E+04 .2825E+00 .2380E+00 .2114E-02 .1551E+00 .1530E+00 .2380E+00 .1554E-01 .2535E+00 .2380E+00 .2114E-02 .7185E-01
.1526E+04 .2845E+00 .2438E+00 .2169E-02 .1589E+00 .1567E+00 .2438E+00 .1593E-01 .2597E+00 .2438E+00 .2169E-02 .7360E-01
.1527E+04 .2845E+00 .2436E+00 .2169E-02 .1587E+00 .1566E+00 .2436E+00 .1592E-01 .2595E+00 .2436E+00 .2169E-02 .7355E-01
.1528E+04 .2838E+00 .2664E+00 .2403E-02 .1736E+00 .1712E+00 .2664E+00 .1745E-01 .2838E+00 .2664E+00 .2403E-02 .8043E-01
.1529E+04 .2757E+00 .2511E+00 .2253E-02 .1637E+00 .1614E+00 .2511E+00 .1643E-01 .2675E+00 .2511E+00 .2253E-02 .7582E-01
.1530E+04 .2737E+00 .2431E+00 .2165E-02 .1584E+00 .1563E+00 .2431E+00 .1589E-01 .2590E+00 .2431E+00 .2165E-02 .7340E-01
.1531E+04 .2814E+00 .2518E+00 .2245E-02 .1641E+00 .1619E+00 .2518E+00 .1645E-01 .2683E+00 .2518E+00 .2245E-02 .7595E-01
.1532E+04 .2802E+00 .2676E+00 .2408E-02 .1744E+00 .1720E+00 .2676E+00 .1749E-01 .2851E+00 .2676E+00 .2408E-02 .8064E-01
.1533E+04 .2775E+00 .2682E+00 .2416E-02 .1748E+00 .1724E+00 .2682E+00 .1753E-01 .2858E+00 .2682E+00 .2416E-02 .8079E-01
.1534E+04 .2750E+00 .2605E+00 .2335E-02 .1698E+00 .1674E+00 .2605E+00 .1701E-01 .2775E+00 .2605E+00 .2335E-02 .7846E-01
.1535E+04 .2782E+00 .2557E+00 .2277E-02 .1666E+00 .1644E+00 .2557E+00 .1668E-01 .2724E+00 .2557E+00 .2277E-02 .7701E-01
.1536E+04 .2794E+00 .2648E+00 .2368E-02 .1726E+00 .1702E+00 .2648E+00 .1727E-01 .2821E+00 .2648E+00 .2368E-02 .7966E-01
.1537E+04 .2769E+00 .2580E+00 .2297E-02 .1681E+00 .1658E+00 .2580E+00 .1680E-01 .2748E+00 .2580E+00 .2297E-02 .7753E-01
.1538E+04 .2740E+00 .2660E+00 .2381E-02 .1733E+00 .1710E+00 .2660E+00 .1732E-01 .2833E+00 .2660E+00 .2381E-02 .7989E-01
.1539E+04 .2721E+00 .2587E+00 .2305E-02 .1686E+00 .1663E+00 .2587E+00 .1684E-01 .2755E+00 .2587E+00 .2305E-02 .7771E-01
.1540E+04 .2696E+00 .2607E+00 .2327E-02 .1699E+00 .1676E+00 .2607E+00 .1697E-01 .2776E+00 .2607E+00 .2327E-02 .7831E-01
.1541E+04 .2727E+00 .2625E+00 .2338E-02 .1711E+00 .1688E+00 .2625E+00 .1707E-01 .2796E+00 .2625E+00 .2338E-02 .7878E-01
.1542E+04 .2734E+00 .2570E+00 .2277E-02 .1675E+00 .1652E+00 .2570E+00 .1668E-01 .2737E+00 .2570E+00 .2277E-02 .7703E-01
.1543E+04 .2750E+00 .2651E+00 .2356E-02 .1728E+00 .1704E+00 .2651E+00 .1720E-01 .2823E+00 .2651E+00 .2356E-02 .7940E-01
.1544E+04 .2756E+00 .2599E+00 .2298E-02 .1694E+00 .1671E+00 .2599E+00 .1685E-01 .2768E+00 .2599E+00 .2298E-02 .7785E-01
.1545E+04 .2760E+00 .2693E+00 .2393E-02 .1755E+00 .1731E+00 .2693E+00 .1748E-01 .2868E+00 .2693E+00 .2393E-02 .8067E-01
.1546E+04 .2742E+00 .2638E+00 .2335E-02 .1719E+00 .1695E+00 .2638E+00 .1712E-01 .2809E+00 .2638E+00 .2335E-02 .7909E-01
.1547E+04 .2683E+00 .2614E+00 .2317E-02 .1703E+00 .1680E+00 .2614E+00 .1699E-01 .2784E+00 .2614E+00 .2317E-02 .7847E-01
.1548E+04 .2681E+00 .2614E+00 .2315E-02 .1703E+00 .1680E+00 .2614E+00 .1700E-01 .2784E+00 .2614E+00 .2315E-02 .7856E-01
.1549E+04 .2693E+00 .2648E+00 .2346E-02 .1725E+00 .1702E+00 .2648E+00 .1724E-01 .2820E+00 .2648E+00 .2346E-02 .7966E-01
.1550E+04 .2680E+00 .2624E+00 .2321E-02 .1710E+00 .1687E+00 .2624E+00 .1709E-01 .2795E+00 .2624E+00 .2321E-02 .7902E-01
.1551E+04 .2706E+00 .2640E+00 .2331E-02 .1720E+00 .1697E+00 .2640E+00 .1719E-01 .2812E+00 .2640E+00 .2331E-02 .7951E-01
.1552E+04 .2710E+00 .2599E+00 .2285E-02 .1694E+00 .1671E+00 .2599E+00 .1691E-01 .2768E+00 .2599E+00 .2285E-02 .7828E-01
.1553E+04 .2662E+00 .2609E+00 .2300E-02 .1700E+00 .1677E+00 .2609E+00 .1698E-01 .2779E+00 .2609E+00 .2300E-02 .7857E-01
.1554E+04 .2647E+00 .2582E+00 .2271E-02 .1682E+00 .1660E+00 .2582E+00 .1680E-01 .2750E+00 .2582E+00 .2271E-02 .7777E-01
.1555E+04 .2646E+00 .2594E+00 .2282E-02 .1690E+00 .1668E+00 .2594E+00 .1688E-01 .2763E+00 .2594E+00 .2282E-02 .7814E-01
.1556E+04 .2648E+00 .2591E+00 .2275E-02 .1688E+00 .1665E+00 .2591E+00 .1686E-01 .2759E+00 .2591E+00 .2275E-02 .7803E-01
.1557E+04 .2676E+00 .2624E+00 .2303E-02 .1710E+00 .1687E+00 .2624E+00 .1707E-01 .2795E+00 .2624E+00 .2303E-02 .7904E-01
.1558E+04 .2662E+00 .2610E+00 .2288E-02 .1701E+00 .1678E+00 .2610E+00 .1698E-01 .2780E+00 .2610E+00 .2288E-02 .7865E-01
.1559E+04 .2647E+00 .2592E+00 .2269E-02 .1689E+00 .1666E+00 .2592E+00 .1688E-01 .2761E+00 .2592E+00 .2269E-02 .7819E-01
.1560E+04 .2666E+00 .2608E+00 .2281E-02 .1700E+00 .1677E+00 .2608E+00 .1699E-01 .2778E+00 .2608E+00 .2281E-02 .7876E-01
.1561E+04 .2683E+00 .2628E+00 .2296E-02 .1712E+00 .1689E+00 .2628E+00 .1713E-01 .2799E+00 .2628E+00 .2296E-02 .7943E-01
.1562E+04 .2663E+00 .2587E+00 .2255E-02 .1685E+00 .1663E+00 .2587E+00 .1687E-01 .2756E+00 .2587E+00 .2255E-02 .7828E-01
.1563E+04 .2635E+00 .2569E+00 .2238E-02 .1674E+00 .1651E+00 .2569E+00 .1677E-01 .2737E+00 .2569E+00 .2238E-02 .7780E-01
.1564E+04 .2650E+00 .2580E+00 .2245E-02 .1681E+00 .1659E+00 .2580E+00 .1685E-01 .2749E+00 .2580E+00 .2245E-02 .7821E-01
.1565E+04 .2643E+00 .2592E+00 .2256E-02 .1688E+00 .1666E+00 .2592E+00 .1694E-01 .2761E+00 .2592E+00 .2256E-02 .7863E-01
.1566E+04 .2614E+00 .2550E+00 .2215E-02 .1662E+00 .1639E+00 .2550E+00 .1668E-01 .2717E+00 .2550E+00 .2215E-02 .7747E-01
.1567E+04 .2614E+00 .2554E+00 .2217E-02 .1664E+00 .1642E+00 .2554E+00 .1672E-01 .2721E+00 .2554E+00 .2217E-02 .7766E-01
.1568E+04 .2592E+00 .2506E+00 .2169E-02 .1632E+00 .1611E+00 .2506E+00 .1641E-01 .2670E+00 .2506E+00 .2169E-02 .7632E-01
.1569E+04 .2597E+00 .2479E+00 .2139E-02 .1615E+00 .1594E+00 .2479E+00 .1626E-01 .2642E+00 .2479E+00 .2139E-02 .7568E-01
.1570E+04 .2622E+00 .2412E+00 .2065E-02 .1571E+00 .1550E+00 .2412E+00 .1583E-01 .2570E+00 .2412E+00 .2065E-02 .7378E-01
.1571E+04 .2643E+00 .2329E+00 .1977E-02 .1517E+00 .1497E+00 .2329E+00 .1530E-01 .2482E+00 .2329E+00 .1977E-02 .7147E-01
.1572E+04 .2625E+00 .2335E+00 .1984E-02 .1521E+00 .1501E+00 .2335E+00 .1538E-01 .2489E+00 .2335E+00 .1984E-02 .7187E-01
.1573E+04 .2612E+00 .2318E+00 .1968E-02 .1510E+00 .1490E+00 .2318E+00 .1529E-01 .2471E+00 .2318E+00 .1968E-02 .7147E-01
.1574E+04 .2525E+00 .2309E+00 .1969E-02 .1504E+00 .1484E+00 .2309E+00 .1526E-01 .2462E+00 .2309E+00 .1969E-02 .7127E-01
.1575E+04 .2500E+00 .2388E+00 .2051E-02 .1556E+00 .1535E+00 .2388E+00 .1581E-01 .2547E+00 .2388E+00 .2051E-02 .7378E-01
.1576E+04 .2477E+00 .2319E+00 .1982E-02 .1511E+00 .1491E+00 .2319E+00 .1534E-01 .2473E+00 .2319E+00 .1982E-02 .7165E-01
.1577E+04 .2419E+00 .2198E+00 .1866E-02 .1432E+00 .1413E+00 .2198E+00 .1452E-01 .2344E+00 .2198E+00 .1866E-02 .6791E-01
.1578E+04 .2548E+00 .2323E+00 .1971E-02 .1513E+00 .1493E+00 .2323E+00 .1536E-01 .2476E+00 .2323E+00 .1971E-02 .7186E-01
.1579E+04 .2589E+00 .2330E+00 .1971E-02 .1517E+00 .1498E+00 .2330E+00 .1543E-01 .2484E+00 .2330E+00 .1971E-02 .7222E-01
.1580E+04 .2602E+00 .2401E+00 .2038E-02 .1563E+00 .1543E+00 .2401E+00 .1593E-01 .2560E+00 .2401E+00 .2038E-02 .7455E-01
.1581E+04 .2562E+00 .2387E+00 .2029E-02 .1555E+00 .1535E+00 .2387E+00 .1586E-01 .2546E+00 .2387E+00 .2029E-02 .7422E-01
.1582E+04 .2504E+00 .2359E+00 .2006E-02 .1536E+00 .1516E+00 .2359E+00 .1569E-01 .2516E+00 .2359E+00 .2006E-02 .7342E-01
.1583E+04 .2523E+00 .2379E+00 .2022E-02 .1549E+00 .1529E+00 .2379E+00 .1583E-01 .2537E+00 .2379E+00 .2022E-02 .7409E-01
.1584E+04 .2537E+00 .2446E+00 .2086E-02 .1593E+00 .1572E+00 .2446E+00 .1630E-01 .2609E+00 .2446E+00 .2086E-02 .7628E-01
.1585E+04 .2557E+00 .2481E+00 .2116E-02 .1616E+00 .1595E+00 .2481E+00 .1655E-01 .2646E+00 .2481E+00 .2116E-02 .7743E-01
.1586E+04 .2535E+00 .2451E+00 .2087E-02 .1597E+00 .1576E+00 .2451E+00 .1636E-01 .2615E+00 .2451E+00 .2087E-02 .7659E-01
.1587E+04 .2492E+00 .2409E+00 .2049E-02 .1569E+00 .1549E+00 .2409E+00 .1609E-01 .2570E+00 .2409E+00 .2049E-02 .7535E-01
.1588E+04 .2397E+00 .2355E+00 .2007E-02 .1534E+00 .1514E+00 .2355E+00 .1574E-01 .2512E+00 .2355E+00 .2007E-02 .7371E-01
.1589E+04 .2320E+00 .2281E+00 .1943E-02 .1486E+00 .1467E+00 .2281E+00 .1526E-01 .2434E+00 .2281E+00 .1943E-02 .7149E-01
.1590E+04 .2381E+00 .2328E+00 .1979E-02 .1516E+00 .1496E+00 .2328E+00 .1558E-01 .2484E+00 .2328E+00 .1979E-02 .7302E-01
.1591E+04 .2435E+00 .2387E+00 .2028E-02 .1555E+00 .1534E+00 .2387E+00 .1599E-01 .2547E+00 .2387E+00 .2028E-02 .7494E-01
.1592E+04 .2523E+00 .2449E+00 .2074E-02 .1595E+00 .1574E+00 .2449E+00 .1641E-01 .2613E+00 .2449E+00 .2074E-02 .7697E-01
.1593E+04 .2545E+00 .2497E+00 .2117E-02 .1626E+00 .1605E+00 .2497E+00 .1674E-01 .2664E+00 .2497E+00 .2117E-02 .7849E-01
.1594E+04 .2553E+00 .2486E+00 .2102E-02 .1619E+00 .1598E+00 .2486E+00 .1665E-01 .2652E+00 .2486E+00 .2102E-02 .7812E-01
.1595E+04 .2510E+00 .2458E+00 .2079E-02 .1601E+00 .1580E+00 .2458E+00 .1648E-01 .2623E+00 .2458E+00 .2079E-02 .7731E-01
.1596E+04 .2441E+00 .2382E+00 .2011E-02 .1551E+00 .1531E+00 .2382E+00 .1598E-01 .2542E+00 .2382E+00 .2011E-02 .7498E-01
.1597E+04 .2517E+00 .2430E+00 .2046E-02 .1583E+00 .1562E+00 .2430E+00 .1631E-01 .2593E+00 .2430E+00 .2046E-02 .7658E-01
.1598E+04 .2530E+00 .2458E+00 .2070E-02 .1601E+00 .1580E+00 .2458E+00 .1650E-01 .2623E+00 .2458E+00 .2070E-02 .7753E-01
.1599E+04 .2501E+00 .2383E+00 .1997E-02 .1552E+00 .1532E+00 .2383E+00 .1600E-01 .2543E+00 .2383E+00 .1997E-02 .7523E-01
.1600E+04 .2479E+00 .2313E+00 .1930E-02 .1506E+00 .1487E+00 .2313E+00 .1553E-01 .2469E+00 .2313E+00 .1930E-02 .7306E-01
.1601E+04 .2451E+00 .2218E+00 .1838E-02 .1444E+00 .1426E+00 .2218E+00 .1487E-01 .2367E+00 .2218E+00 .1838E-02 .7006E-01
.1602E+04 .2468E+00 .2207E+00 .1823E-02 .1437E+00 .1419E+00 .2207E+00 .1479E-01 .2355E+00 .2207E+00 .1823E-02 .6969E-01
.1603E+04 .2477E+00 .2222E+00 .1834E-02 .1447E+00 .1428E+00 .2222E+00 .1489E-01 .2371E+00 .2222E+00 .1834E-02 .7018E-01
.1604E+04 .2459E+00 .2234E+00 .1846E-02 .1455E+00 .1436E+00 .2234E+00 .1497E-01 .2384E+00 .2234E+00 .1846E-02 .7056E-01
.1605E+04 .2456E+00 .2325E+00 .1934E-02 .1514E+00 .1494E+00 .2325E+00 .1560E-01 .2481E+00 .2325E+00 .1934E-02 .7342E-01
.1606E+04 .2429E+00 .2332E+00 .1942E-02 .1518E+00 .1499E+00 .2332E+00 .1565E-01 .2488E+00 .2332E+00 .1942E-02 .7363E-01
.1607E+04 .2450E+00 .2299E+00 .1905E-02 .1497E+00 .1478E+00 .2299E+00 .1542E-01 .2454E+00 .2299E+00 .1905E-02 .7262E-01
.1608E+04 .2461E+00 .2240E+00 .1843E-02 .1458E+00 .1440E+00 .2240E+00 .1500E-01 .2390E+00 .2240E+00 .1843E-02 .7072E-01
.1609E+04 .2387E+00 .2168E+00 .1782E-02 .1411E+00 .1394E+00 .2168E+00 .1452E-01 .2313E+00 .2168E+00 .1782E-02 .6846E-01
.1610E+04 .2338E+00 .2161E+00 .1779E-02 .1407E+00 .1389E+00 .2161E+00 .1448E-01 .2305E+00 .2161E+00 .1779E-02 .6826E-01
.1611E+04 .2382E+00 .2216E+00 .1825E-02 .1442E+00 .1424E+00 .2216E+00 .1486E-01 .2364E+00 .2216E+00 .1825E-02 .7007E-01
.1612E+04 .2402E+00 .2269E+00 .1873E-02 .1477E+00 .1458E+00 .2269E+00 .1523E-01 .2421E+00 .2269E+00 .1873E-02 .7183E-01
.1613E+04 .2417E+00 .2291E+00 .1891E-02 .1492E+00 .1473E+00 .2291E+00 .1538E-01 .2445E+00 .2291E+00 .1891E-02 .7254E-01
.1614E+04 .2411E+00 .2318E+00 .1916E-02 .1509E+00 .1490E+00 .2318E+00 .1557E-01 .2474E+00 .2318E+00 .1916E-02 .7339E-01
.1615E+04 .2354E+00 .2280E+00 .1885E-02 .1485E+00 .1466E+00 .2280E+00 .1532E-01 .2433E+00 .2280E+00 .1885E-02 .7224E-01
.1616E+04 .2319E+00 .2254E+00 .1863E-02 .1467E+00 .1449E+00 .2254E+00 .1516E-01 .2405E+00 .2254E+00 .1863E-02 .7148E-01
.1617E+04 .2373E+00 .2302E+00 .1900E-02 .1499E+00 .1480E+00 .2302E+00 .1549E-01 .2457E+00 .2302E+00 .1900E-02 .7307E-01
.1618E+04 .2404E+00 .2351E+00 .1941E-02 .1531E+00 .1511E+00 .2351E+00 .1582E-01 .2509E+00 .2351E+00 .1941E-02 .7464E-01
.1619E+04 .2374E+00 .2304E+00 .1898E-02 .1500E+00 .1481E+00 .2304E+00 .1550E-01 .2459E+00 .2304E+00 .1898E-02 .7315E-01
.1620E+04 .2308E+00 .2266E+00 .1868E-02 .1475E+00 .1457E+00 .2266E+00 .1525E-01 .2418E+00 .2266E+00 .1868E-02 .7193E-01
.1621E+04 .2339E+00 .2297E+00 .1892E-02 .1495E+00 .1476E+00 .2297E+00 .1545E-01 .2451E+00 .2297E+00 .1892E-02 .7291E-01
.1622E+04 .2376E+00 .2333E+00 .1919E-02 .1519E+00 .1499E+00 .2333E+00 .1569E-01 .2490E+00 .2333E+00 .1919E-02 .7406E-01
.1623E+04 .2409E+00 .2367E+00 .1946E-02 .1541E+00 .1522E+00 .2367E+00 .1592E-01 .2527E+00 .2367E+00 .1946E-02 .7516E-01
.1624E+04 .2389E+00 .2344E+00 .1924E-02 .1526E+00 .1507E+00 .2344E+00 .1576E-01 .2502E+00 .2344E+00 .1924E-02 .7441E-01
.1625E+04 .2379E+00 .2327E+00 .1908E-02 .1515E+00 .1496E+00 .2327E+00 .1565E-01 .2484E+00 .2327E+00 .1908E-02 .7388E-01
.1626E+04 .2388E+00 .2342E+00 .1918E-02 .1525E+00 .1505E+00 .2342E+00 .1574E-01 .2499E+00 .2342E+00 .1918E-02 .7435E-01
.1627E+04 .2402E+00 .2358E+00 .1930E-02 .1535E+00 .1516E+00 .2358E+00 .1585E-01 .2517E+00 .2358E+00 .1930E-02 .7487E-01
.1628E+04 .2403E+00 .2354E+00 .1924E-02 .1532E+00 .1513E+00 .2354E+00 .1582E-01 .2512E+00 .2354E+00 .1924E-02 .7472E-01
.1629E+04 .2375E+00 .2331E+00 .1903E-02 .1517E+00 .1498E+00 .2331E+00 .1566E-01 .2487E+00 .2331E+00 .1903E-02 .7399E-01
.1630E+04 .2365E+00 .2318E+00 .1891E-02 .1509E+00 .1490E+00 .2318E+00 .1557E-01 .2474E+00 .2318E+00 .1891E-02 .7359E-01
.1631E+04 .2368E+00 .2311E+00 .1881E-02 .1504E+00 .1485E+00 .2311E+00 .1552E-01 .2466E+00 .2311E+00 .1881E-02 .7335E-01
.1632E+04 .2355E+00 .2291E+00 .1862E-02 .1491E+00 .1473E+00 .2291E+00 .1538E-01 .2445E+00 .2291E+00 .1862E-02 .7272E-01
.1633E+04 .2317E+00 .2237E+00 .1813E-02 .1456E+00 .1438E+00 .2237E+00 .1501E-01 .2387E+00 .2237E+00 .1813E-02 .7101E-01
.1634E+04 .2328E+00 .2282E+00 .1853E-02 .1485E+00 .1467E+00 .2282E+00 .1532E-01 .2435E+00 .2282E+00 .1853E-02 .7244E-01
.1635E+04 .2342E+00 .2257E+00 .1825E-02 .1469E+00 .1451E+00 .2257E+00 .1514E-01 .2408E+00 .2257E+00 .1825E-02 .7165E-01
.1636E+04 .2292E+00 .2236E+00 .1811E-02 .1455E+00 .1437E+00 .2236E+00 .1500E-01 .2386E+00 .2236E+00 .1811E-02 .7099E-01
.1637E+04 .2252E+00 .2201E+00 .1780E-02 .1432E+00 .1415E+00 .2201E+00 .1476E-01 .2348E+00 .2201E+00 .1780E-02 .6986E-01
.1638E+04 .2198E+00 .2101E+00 .1691E-02 .1367E+00 .1350E+00 .2101E+00 .1408E-01 .2242E+00 .2101E+00 .1691E-02 .6670E-01
.1639E+04 .2208E+00 .2141E+00 .1727E-02 .1394E+00 .1376E+00 .2141E+00 .1436E-01 .2285E+00 .2141E+00 .1727E-02 .6798E-01
.1640E+04 .2213E+00 .2068E+00 .1655E-02 .1346E+00 .1330E+00 .2068E+00 .1385E-01 .2207E+00 .2068E+00 .1655E-02 .6566E-01
.1641E+04 .2201E+00 .2123E+00 .1707E-02 .1382E+00 .1365E+00 .2123E+00 .1423E-01 .2266E+00 .2123E+00 .1707E-02 .6741E-01
.1642E+04 .2225E+00 .2147E+00 .1724E-02 .1398E+00 .1380E+00 .2147E+00 .1439E-01 .2291E+00 .2147E+00 .1724E-02 .6817E-01
.1643E+04 .2236E+00 .2085E+00 .1662E-02 .1357E+00 .1340E+00 .2085E+00 .1396E-01 .2225E+00 .2085E+00 .1662E-02 .6619E-01
.1644E+04 .2218E+00 .2158E+00 .1731E-02 .1404E+00 .1387E+00 .2158E+00 .1446E-01 .2302E+00 .2158E+00 .1731E-02 .6850E-01
.1645E+04 .2235E+00 .2122E+00 .1693E-02 .1381E+00 .1364E+00 .2122E+00 .1420E-01 .2264E+00 .2122E+00 .1693E-02 .6735E-01
.1646E+04 .2256E+00 .2099E+00 .1667E-02 .1366E+00 .1349E+00 .2099E+00 .1404E-01 .2239E+00 .2099E+00 .1667E-02 .6662E-01
.1647E+04 .2257E+00 .2199E+00 .1759E-02 .1431E+00 .1413E+00 .2199E+00 .1472E-01 .2346E+00 .2199E+00 .1759E-02 .6979E-01
.1648E+04 .2240E+00 .2093E+00 .1660E-02 .1362E+00 .1345E+00 .2093E+00 .1400E-01 .2233E+00 .2093E+00 .1660E-02 .6643E-01
.1649E+04 .2231E+00 .2139E+00 .1703E-02 .1392E+00 .1375E+00 .2139E+00 .1431E-01 .2282E+00 .2139E+00 .1703E-02 .6789E-01
.1650E+04 .2237E+00 .2157E+00 .1718E-02 .1404E+00 .1387E+00 .2157E+00 .1444E-01 .2302E+00 .2157E+00 .1718E-02 .6848E-01
.1651E+04 .2233E+00 .2063E+00 .1628E-02 .1342E+00 .1326E+00 .2063E+00 .1379E-01 .2201E+00 .2063E+00 .1628E-02 .6549E-01
.1652E+04 .2243E+00 .2126E+00 .1684E-02 .1383E+00 .1366E+00 .2126E+00 .1421E-01 .2268E+00 .2126E+00 .1684E-02 .6746E-01
.1653E+04 .2244E+00 .2158E+00 .1712E-02 .1405E+00 .1387E+00 .2158E+00 .1442E-01 .2303E+00 .2158E+00 .1712E-02 .6843E-01
.1654E+04 .2238E+00 .2100E+00 .1656E-02 .1366E+00 .1350E+00 .2100E+00 .1400E-01 .2240E+00 .2100E+00 .1656E-02 .6650E-01
.1655E+04 .2242E+00 .2172E+00 .1721E-02 .1413E+00 .1396E+00 .2172E+00 .1449E-01 .2317E+00 .2172E+00 .1721E-02 .6876E-01
.1656E+04 .2252E+00 .2143E+00 .1691E-02 .1394E+00 .1377E+00 .2143E+00 .1429E-01 .2286E+00 .2143E+00 .1691E-02 .6785E-01
.1657E+04 .2247E+00 .2154E+00 .1700E-02 .1402E+00 .1385E+00 .2154E+00 .1436E-01 .2298E+00 .2154E+00 .1700E-02 .6819E-01
.1658E+04 .2238E+00 .2175E+00 .1719E-02 .1415E+00 .1398E+00 .2175E+00 .1449E-01 .2319E+00 .2175E+00 .1719E-02 .6877E-01
.1659E+04 .2231E+00 .2174E+00 .1718E-02 .1415E+00 .1398E+00 .2174E+00 .1447E-01 .2319E+00 .2174E+00 .1718E-02 .6869E-01
.1660E+04 .2249E+00 .2191E+00 .1728E-02 .1425E+00 .1408E+00 .2191E+00 .1457E-01 .2336E+00 .2191E+00 .1728E-02 .6914E-01
.1661E+04 .2248E+00 .2164E+00 .1702E-02 .1408E+00 .1391E+00 .2164E+00 .1437E-01 .2308E+00 .2164E+00 .1702E-02 .6823E-01
.1662E+04 .2230E+00 .2094E+00 .1638E-02 .1362E+00 .1346E+00 .2094E+00 .1388E-01 .2233E+00 .2094E+00 .1638E-02 .6596E-01
.1663E+04 .2219E+00 .2163E+00 .1701E-02 .1407E+00 .1390E+00 .2163E+00 .1434E-01 .2307E+00 .2163E+00 .1701E-02 .6808E-01
.1664E+04 .2214E+00 .2135E+00 .1674E-02 .1389E+00 .1373E+00 .2135E+00 .1414E-01 .2277E+00 .2135E+00 .1674E-02 .6715E-01
.1665E+04 .2195E+00 .2070E+00 .1614E-02 .1347E+00 .1330E+00 .2070E+00 .1368E-01 .2207E+00 .2070E+00 .1614E-02 .6502E-01
.1666E+04 .2188E+00 .1790E+00 .1359E-02 .1164E+00 .1151E+00 .1790E+00 .1178E-01 .1908E+00 .1790E+00 .1359E-02 .5617E-01
.1667E+04 .2175E+00 .2053E+00 .1598E-02 .1336E+00 .1320E+00 .2053E+00 .1355E-01 .2189E+00 .2053E+00 .1598E-02 .6438E-01
.1668E+04 .2153E+00 .2099E+00 .1641E-02 .1366E+00 .1349E+00 .2099E+00 .1385E-01 .2237E+00 .2099E+00 .1641E-02 .6574E-01
.1669E+04 .2184E+00 .2072E+00 .1611E-02 .1348E+00 .1332E+00 .2072E+00 .1364E-01 .2208E+00 .2072E+00 .1611E-02 .6482E-01
.1670E+04 .2191E+00 .2134E+00 .1665E-02 .1389E+00 .1372E+00 .2134E+00 .1405E-01 .2275E+00 .2134E+00 .1665E-02 .6670E-01
.1671E+04 .2150E+00 .2075E+00 .1614E-02 .1350E+00 .1334E+00 .2075E+00 .1364E-01 .2212E+00 .2075E+00 .1614E-02 .6479E-01
.1672E+04 .2106E+00 .2043E+00 .1589E-02 .1329E+00 .1313E+00 .2043E+00 .1342E-01 .2178E+00 .2043E+00 .1589E-02 .6374E-01
.1673E+04 .2145E+00 .2096E+00 .1630E-02 .1364E+00 .1347E+00 .2096E+00 .1376E-01 .2234E+00 .2096E+00 .1630E-02 .6532E-01
.1674E+04 .2143E+00 .2058E+00 .1594E-02 .1339E+00 .1323E+00 .2058E+00 .1349E-01 .2193E+00 .2058E+00 .1594E-02 .6407E-01
.1675E+04 .2101E+00 .2023E+00 .1566E-02 .1316E+00 .1300E+00 .2023E+00 .1325E-01 .2155E+00 .2023E+00 .1566E-02 .6292E-01
.1676E+04 .2105E+00 .2013E+00 .1555E-02 .1310E+00 .1294E+00 .2013E+00 .1317E-01 .2145E+00 .2013E+00 .1555E-02 .6256E-01
.1677E+04 .2121E+00 .2028E+00 .1564E-02 .1319E+00 .1303E+00 .2028E+00 .1325E-01 .2160E+00 .2028E+00 .1564E-02 .6294E-01
.1678E+04 .2104E+00 .1971E+00 .1513E-02 .1282E+00 .1267E+00 .1971E+00 .1286E-01 .2099E+00 .1971E+00 .1513E-02 .6111E-01
.1679E+04 .2064E+00 .2014E+00 .1556E-02 .1310E+00 .1295E+00 .2014E+00 .1314E-01 .2146E+00 .2014E+00 .1556E-02 .6240E-01
.1680E+04 .1991E+00 .1928E+00 .1485E-02 .1254E+00 .1239E+00 .1928E+00 .1257E-01 .2054E+00 .1928E+00 .1485E-02 .5970E-01
.1681E+04 .1972E+00 .1898E+00 .1459E-02 .1235E+00 .1220E+00 .1898E+00 .1237E-01 .2022E+00 .1898E+00 .1459E-02 .5877E-01
.1682E+04 .2025E+00 .1985E+00 .1529E-02 .1291E+00 .1276E+00 .1985E+00 .1294E-01 .2114E+00 .1985E+00 .1529E-02 .6145E-01
.1683E+04 .2070E+00 .2022E+00 .1555E-02 .1315E+00 .1299E+00 .2022E+00 .1316E-01 .2153E+00 .2022E+00 .1555E-02 .6254E-01
.1684E+04 .2093E+00 .1863E+00 .1410E-02 .1211E+00 .1197E+00 .1863E+00 .1209E-01 .1984E+00 .1863E+00 .1410E-02 .5756E-01
.1685E+04 .2094E+00 .2052E+00 .1576E-02 .1335E+00 .1319E+00 .2052E+00 .1334E-01 .2185E+00 .2052E+00 .1576E-02 .6337E-01
.1686E+04 .2090E+00 .2040E+00 .1564E-02 .1327E+00 .1311E+00 .2040E+00 .1326E-01 .2173E+00 .2040E+00 .1564E-02 .6301E-01
.1687E+04 .2090E+00 .1961E+00 .1492E-02 .1275E+00 .1261E+00 .1961E+00 .1273E-01 .2088E+00 .1961E+00 .1492E-02 .6057E-01
.1688E+04 .2087E+00 .2037E+00 .1558E-02 .1325E+00 .1309E+00 .2037E+00 .1322E-01 .2169E+00 .2037E+00 .1558E-02 .6285E-01
.1689E+04 .2066E+00 .2003E+00 .1529E-02 .1303E+00 .1287E+00 .2003E+00 .1299E-01 .2133E+00 .2003E+00 .1529E-02 .6174E-01
.1690E+04 .2089E+00 .1985E+00 .1509E-02 .1291E+00 .1276E+00 .1985E+00 .1285E-01 .2114E+00 .1985E+00 .1509E-02 .6113E-01
.1691E+04 .2101E+00 .1751E+00 .1303E-02 .1139E+00 .1126E+00 .1751E+00 .1129E-01 .1864E+00 .1751E+00 .1303E-02 .5387E-01
.1692E+04 .2103E+00 .1971E+00 .1492E-02 .1282E+00 .1267E+00 .1971E+00 .1273E-01 .2099E+00 .1971E+00 .1492E-02 .6058E-01
.1693E+04 .2099E+00 .2056E+00 .1566E-02 .1337E+00 .1322E+00 .2056E+00 .1329E-01 .2189E+00 .2056E+00 .1566E-02 .6318E-01
.1694E+04 .2094E+00 .1962E+00 .1482E-02 .1276E+00 .1261E+00 .1962E+00 .1267E-01 .2089E+00 .1962E+00 .1482E-02 .6030E-01
.1695E+04 .2089E+00 .2037E+00 .1547E-02 .1325E+00 .1309E+00 .2037E+00 .1316E-01 .2169E+00 .2037E+00 .1547E-02 .6257E-01
.1696E+04 .2082E+00 .2026E+00 .1536E-02 .1318E+00 .1302E+00 .2026E+00 .1307E-01 .2157E+00 .2026E+00 .1536E-02 .6217E-01
.1697E+04 .2079E+00 .1576E+00 .1148E-02 .1024E+00 .1013E+00 .1576E+00 .1010E-01 .1677E+00 .1576E+00 .1148E-02 .4829E-01
.1698E+04 .2077E+00 .2017E+00 .1526E-02 .1312E+00 .1297E+00 .2017E+00 .1300E-01 .2147E+00 .2017E+00 .1526E-02 .6184E-01
.1699E+04 .2061E+00 .1968E+00 .1483E-02 .1280E+00 .1265E+00 .1968E+00 .1268E-01 .2094E+00 .1968E+00 .1483E-02 .6031E-01
.1700E+04 .2044E+00 .1906E+00 .1430E-02 .1239E+00 .1225E+00 .1906E+00 .1227E-01 .2029E+00 .1906E+00 .1430E-02 .5842E-01
.1702E+04 .2027E+00 .1974E+00 .1488E-02 .1284E+00 .1269E+00 .1974E+00 .1272E-01 .2102E+00 .1974E+00 .1488E-02 .6052E-01
.1705E+04 .2029E+00 .1888E+00 .1409E-02 .1228E+00 .1214E+00 .1888E+00 .1214E-01 .2010E+00 .1888E+00 .1409E-02 .5785E-01
.1710E+04 .1982E+00 .1780E+00 .1316E-02 .1157E+00 .1144E+00 .1780E+00 .1140E-01 .1894E+00 .1780E+00 .1316E-02 .5438E-01
.1715E+04 .1994E+00 .1757E+00 .1290E-02 .1142E+00 .1129E+00 .1757E+00 .1122E-01 .1869E+00 .1757E+00 .1290E-02 .5357E-01
.1720E+04 .1960E+00 .1758E+00 .1289E-02 .1143E+00 .1130E+00 .1758E+00 .1123E-01 .1871E+00 .1758E+00 .1289E-02 .5362E-01
.1725E+04 .1934E+00 .1621E+00 .1171E-02 .1054E+00 .1042E+00 .1621E+00 .1033E-01 .1724E+00 .1621E+00 .1171E-02 .4942E-01
.1730E+04 .1912E+00 .1597E+00 .1148E-02 .1038E+00 .1027E+00 .1597E+00 .1015E-01 .1699E+00 .1597E+00 .1148E-02 .4859E-01
.1735E+04 .1815E+00 .1467E+00 .1046E-02 .9537E-01 .9432E-01 .1467E+00 .9314E-02 .1561E+00 .1467E+00 .1046E-02 .4464E-01
.1740E+04 .1849E+00 .1503E+00 .1067E-02 .9769E-01 .9662E-01 .1503E+00 .9554E-02 .1599E+00 .1503E+00 .1067E-02 .4583E-01
.1745E+04 .1858E+00 .1403E+00 .9855E-03 .9119E-01 .9020E-01 .1403E+00 .8905E-02 .1492E+00 .1403E+00 .9855E-03 .4279E-01
.1750E+04 .1844E+00 .1519E+00 .1070E-02 .9871E-01 .9764E-01 .1519E+00 .9647E-02 .1615E+00 .1519E+00 .1070E-02 .4633E-01
.1755E+04 .1843E+00 .1355E+00 .9385E-03 .8801E-01 .8707E-01 .1355E+00 .8598E-02 .1441E+00 .1355E+00 .9385E-03 .4141E-01
.1760E+04 .1817E+00 .1443E+00 .1003E-02 .9375E-01 .9274E-01 .1443E+00 .9184E-02 .1535E+00 .1443E+00 .1003E-02 .4422E-01
.1765E+04 .1798E+00 .1118E+00 .7538E-03 .7262E-01 .7187E-01 .1118E+00 .7085E-02 .1189E+00 .1118E+00 .7538E-03 .3426E-01
.1770E+04 .1784E+00 .1142E+00 .7632E-03 .7415E-01 .7339E-01 .1142E+00 .7244E-02 .1214E+00 .1142E+00 .7632E-03 .3509E-01
.1775E+04 .1759E+00 .8631E-01 .5577E-03 .5604E-01 .5548E-01 .8631E-01 .5452E-02 .9176E-01 .8631E-01 .5577E-03 .2653E-01
.1780E+04 .1736E+00 .7449E-01 .4726E-03 .4836E-01 .4788E-01 .7449E-01 .4702E-02 .7919E-01 .7449E-01 .4726E-03 .2294E-01
.1785E+04 .1727E+00 .4952E-01 .2992E-03 .3213E-01 .3183E-01 .4952E-01 .3112E-02 .5263E-01 .4952E-01 .2992E-03 .1528E-01
.1790E+04 .1722E+00 .6231E-01 .3822E-03 .4043E-01 .4005E-01 .6231E-01 .3932E-02 .6624E-01 .6231E-01 .3822E-03 .1928E-01
.1795E+04 .1702E+00 .2210E-01 .1171E-03 .1432E-01 .1420E-01 .2210E-01 .1373E-02 .2347E-01 .2210E-01 .1171E-03 .6849E-02
.1800E+04 .1683E+00 .1796E-01 .9772E-04 .1164E-01 .1154E-01 .1796E-01 .1120E-02 .1908E-01 .1796E-01 .9772E-04 .5573E-02
.1805E+04 .1669E+00 .5289E-02 .2368E-04 .3423E-02 .3400E-02 .5289E-02 .3234E-03 .5612E-02 .5289E-02 .2368E-04 .1642E-02
.1810E+04 .1655E+00 .3144E-02 .1456E-04 .2035E-02 .2021E-02 .3144E-02 .1929E-03 .3337E-02 .3144E-02 .1456E-04 .9762E-03
.1815E+04 .1584E+00 .7090E-03 .2532E-05 .4582E-03 .4557E-03 .7090E-03 .4249E-04 .7515E-03 .7090E-03 .2532E-05 .2199E-03
.1820E+04 .1556E+00 .1170E-03 .3523E-06 .7558E-04 .7523E-04 .1170E-03 .6940E-05 .1240E-03 .1170E-03 .3523E-06 .3635E-04
.1825E+04 .1600E+00 .1901E-03 .5908E-06 .1228E-03 .1222E-03 .1901E-03 .1132E-04 .2014E-03 .1901E-03 .5908E-06 .5919E-04
.1830E+04 .1593E+00 .1617E-06 .3110E-09 .1042E-06 .1039E-06 .1617E-06 .9365E-08 .1710E-06 .1617E-06 .3110E-09 .5022E-07
.1835E+04 .1577E+00 .1063E-06 .2403E-09 .6856E-07 .6832E-07 .1063E-06 .6196E-08 .1125E-06 .1063E-06 .2403E-09 .3298E-07
.1840E+04 .1556E+00 .1555E-08 .2406E-11 .1002E-08 .9995E-09 .1555E-08 .8893E-10 .1644E-08 .1555E-08 .2406E-11 .4808E-09
.1845E+04 .1531E+00 .4750E-07 .5956E-10 .3059E-07 .3053E-07 .4750E-07 .2694E-08 .5019E-07 .4750E-07 .5956E-10 .1466E-07
.1850E+04 .1534E+00 .1535E-07 .1765E-10 .9887E-08 .9869E-08 .1535E-07 .8641E-09 .1622E-07 .1535E-07 .1765E-10 .4712E-08
.1855E+04 .1521E+00 .3975E-08 .5916E-11 .2561E-08 .2555E-08 .3975E-08 .2234E-09 .4198E-08 .3975E-08 .5916E-11 .1209E-08
.1860E+04 .1501E+00 .6037E-06 .1352E-08 .3894E-06 .3880E-06 .6037E-06 .3413E-07 .6378E-06 .6037E-06 .1352E-08 .1815E-06
.1865E+04 .1480E+00 .4019E-06 .7630E-09 .2591E-06 .2583E-06 .4019E-06 .2193E-07 .4238E-06 .4019E-06 .7630E-09 .1174E-06
.1870E+04 .1456E+00 .2203E-12 .1469E-15 .1417E-12 .1416E-12 .2203E-12 .1143E-13 .2317E-12 .2203E-12 .1469E-15 .6294E-13
.1875E+04 .1349E+00 .4544E-12 .3165E-15 .2924E-12 .2921E-12 .4544E-12 .2298E-13 .4774E-12 .4544E-12 .3165E-15 .1264E-12
.1880E+04 .1425E+00 .3909E-05 .9135E-08 .2522E-05 .2513E-05 .3909E-05 .2021E-06 .4111E-05 .3909E-05 .9135E-08 .1066E-05
.1885E+04 .1432E+00 .2556E-05 .5815E-08 .1649E-05 .1643E-05 .2556E-05 .1298E-06 .2685E-05 .2556E-05 .5815E-08 .6854E-06
.1890E+04 .1410E+00 .8979E-05 .1914E-07 .5791E-05 .5772E-05 .8979E-05 .4473E-06 .9427E-05 .8979E-05 .1914E-07 .2369E-05
.1895E+04 .1379E+00 .7065E-05 .1689E-07 .4558E-05 .4541E-05 .7065E-05 .3416E-06 .7406E-05 .7065E-05 .1689E-07 .1793E-05
.1900E+04 .1389E+00 .1182E-07 .1861E-10 .7615E-08 .7596E-08 .1182E-07 .5448E-09 .1236E-07 .1182E-07 .1861E-10 .2918E-08
.1905E+04 .1382E+00 .9961E-08 .1680E-10 .6420E-08 .6403E-08 .9961E-08 .4651E-09 .1043E-07 .9961E-08 .1680E-10 .2485E-08
.1910E+04 .1367E+00 .6185E-06 .1166E-08 .3987E-06 .3976E-06 .6185E-06 .2747E-07 .6460E-06 .6185E-06 .1166E-08 .1455E-06
.1915E+04 .1358E+00 .1052E-05 .2414E-08 .6787E-06 .6763E-06 .1052E-05 .4703E-07 .1099E-05 .1052E-05 .2414E-08 .2462E-06
.1920E+04 .1342E+00 .2041E-04 .4717E-07 .1317E-04 .1312E-04 .2041E-04 .9140E-06 .2132E-04 .2041E-04 .4717E-07 .4782E-05
.1925E+04 .1335E+00 .7827E-04 .2151E-06 .5053E-04 .5031E-04 .7827E-04 .3565E-05 .8184E-04 .7827E-04 .2151E-06 .1843E-04
.1930E+04 .1304E+00 .6269E-04 .1878E-06 .4049E-04 .4030E-04 .6269E-04 .2894E-05 .6559E-04 .6269E-04 .1878E-06 .1487E-04
.1935E+04 .1303E+00 .7421E-03 .2675E-05 .4797E-03 .4770E-03 .7421E-03 .3512E-04 .7772E-03 .7421E-03 .2675E-05 .1776E-03
.1940E+04 .1273E+00 .9263E-03 .3702E-05 .5991E-03 .5954E-03 .9263E-03 .4446E-04 .9707E-03 .9263E-03 .3702E-05 .2226E-03
.1945E+04 .1204E+00 .4393E-02 .1870E-04 .2842E-02 .2824E-02 .4393E-02 .2136E-03 .4607E-02 .4393E-02 .1870E-04 .1063E-02
.1950E+04 .1247E+00 .8546E-02 .3918E-04 .5533E-02 .5493E-02 .8546E-02 .4228E-03 .8969E-02 .8546E-02 .3918E-04 .2088E-02
.1955E+04 .1268E+00 .4175E-02 .1693E-04 .2700E-02 .2683E-02 .4175E-02 .2066E-03 .4381E-02 .4175E-02 .1693E-04 .1036E-02
.1960E+04 .1252E+00 .1362E-01 .6415E-04 .8819E-02 .8755E-02 .1362E-01 .6947E-03 .1431E-01 .1362E-01 .6415E-04 .3433E-02
.1965E+04 .1231E+00 .2048E-01 .1010E-03 .1327E-01 .1317E-01 .2048E-01 .1061E-02 .2154E-01 .2048E-01 .1010E-03 .5220E-02
.1970E+04 .1226E+00 .3862E-01 .2039E-03 .2503E-01 .2482E-01 .3862E-01 .2034E-02 .4065E-01 .3862E-01 .2039E-03 .9934E-02
.1975E+04 .1205E+00 .4919E-01 .2674E-03 .3188E-01 .3162E-01 .4919E-01 .2616E-02 .5180E-01 .4919E-01 .2674E-03 .1273E-01
.1980E+04 .1192E+00 .6073E-01 .3407E-03 .3938E-01 .3904E-01 .6073E-01 .3264E-02 .6400E-01 .6073E-01 .3407E-03 .1584E-01
.1985E+04 .1184E+00 .6865E-01 .3909E-03 .4452E-01 .4413E-01 .6865E-01 .3733E-02 .7238E-01 .6865E-01 .3909E-03 .1810E-01
.1990E+04 .1183E+00 .6799E-01 .3848E-03 .4409E-01 .4370E-01 .6799E-01 .3706E-02 .7169E-01 .6799E-01 .3848E-03 .1800E-01
.1995E+04 .1163E+00 .6924E-01 .3916E-03 .4490E-01 .4451E-01 .6924E-01 .3768E-02 .7301E-01 .6924E-01 .3916E-03 .1830E-01
.2000E+04 .1160E+00 .3757E-01 .2090E-03 .2436E-01 .2415E-01 .3757E-01 .2035E-02 .3960E-01 .3757E-01 .2090E-03 .9903E-02
.2005E+04 .1148E+00 .1529E-01 .7549E-04 .9905E-02 .9830E-02 .1529E-01 .8115E-03 .1610E-01 .1529E-01 .7549E-04 .4005E-02
.2010E+04 .1145E+00 .4456E-01 .2486E-03 .2889E-01 .2864E-01 .4456E-01 .2387E-02 .4694E-01 .4456E-01 .2486E-03 .1159E-01
.2015E+04 .1135E+00 .2726E-01 .1430E-03 .1767E-01 .1752E-01 .2726E-01 .1434E-02 .2869E-01 .2726E-01 .1430E-03 .7009E-02
.2020E+04 .1115E+00 .4470E-01 .2497E-03 .2898E-01 .2873E-01 .4470E-01 .2352E-02 .4705E-01 .4470E-01 .2497E-03 .1139E-01
.2025E+04 .1109E+00 .7163E-01 .4256E-03 .4647E-01 .4604E-01 .7163E-01 .3767E-02 .7540E-01 .7163E-01 .4256E-03 .1805E-01
.2030E+04 .1092E+00 .7703E-01 .4625E-03 .4998E-01 .4951E-01 .7703E-01 .4013E-02 .8104E-01 .7703E-01 .4625E-03 .1916E-01
.2035E+04 .1082E+00 .9156E-01 .5606E-03 .5941E-01 .5885E-01 .9156E-01 .4747E-02 .9630E-01 .9156E-01 .5606E-03 .2257E-01
.2040E+04 .1077E+00 .8433E-01 .5079E-03 .5471E-01 .5420E-01 .8433E-01 .4326E-02 .8865E-01 .8433E-01 .5079E-03 .2059E-01
.2045E+04 .1078E+00 .8713E-01 .5233E-03 .5653E-01 .5601E-01 .8713E-01 .4440E-02 .9157E-01 .8713E-01 .5233E-03 .2112E-01
.2050E+04 .1065E+00 .6994E-01 .4049E-03 .4536E-01 .4496E-01 .6994E-01 .3523E-02 .7346E-01 .6994E-01 .4049E-03 .1684E-01
.2055E+04 .1054E+00 .5732E-01 .3211E-03 .3717E-01 .3684E-01 .5732E-01 .2858E-02 .6018E-01 .5732E-01 .3211E-03 .1371E-01
.2060E+04 .1038E+00 .6862E-01 .3942E-03 .4450E-01 .4411E-01 .6862E-01 .3425E-02 .7204E-01 .6862E-01 .3942E-03 .1636E-01
.2065E+04 .1030E+00 .6391E-01 .3616E-03 .4144E-01 .4108E-01 .6391E-01 .3174E-02 .6708E-01 .6391E-01 .3616E-03 .1519E-01
.2070E+04 .1024E+00 .6670E-01 .3782E-03 .4325E-01 .4287E-01 .6670E-01 .3296E-02 .6999E-01 .6670E-01 .3782E-03 .1575E-01
.2075E+04 .1023E+00 .7846E-01 .4540E-03 .5088E-01 .5043E-01 .7846E-01 .3879E-02 .8233E-01 .7846E-01 .4540E-03 .1847E-01
.2080E+04 .1007E+00 .8563E-01 .5017E-03 .5555E-01 .5504E-01 .8563E-01 .4235E-02 .8987E-01 .8563E-01 .5017E-03 .2013E-01
.2085E+04 .9979E-01 .8443E-01 .4919E-03 .5476E-01 .5427E-01 .8443E-01 .4172E-02 .8860E-01 .8443E-01 .4919E-03 .1985E-01
.2090E+04 .9881E-01 .8876E-01 .5191E-03 .5758E-01 .5706E-01 .8876E-01 .4397E-02 .9316E-01 .8876E-01 .5191E-03 .2091E-01
.2095E+04 .9735E-01 .8830E-01 .5152E-03 .5727E-01 .5676E-01 .8830E-01 .4365E-02 .9266E-01 .8830E-01 .5152E-03 .2076E-01
.2100E+04 .9751E-01 .8199E-01 .4725E-03 .5317E-01 .5270E-01 .8199E-01 .4046E-02 .8603E-01 .8199E-01 .4725E-03 .1928E-01
.2105E+04 .9690E-01 .9238E-01 .5378E-03 .5992E-01 .5938E-01 .9238E-01 .4578E-02 .9696E-01 .9238E-01 .5378E-03 .2179E-01
.2110E+04 .9579E-01 .8772E-01 .5060E-03 .5689E-01 .5638E-01 .8772E-01 .4359E-02 .9208E-01 .8772E-01 .5060E-03 .2079E-01
.2115E+04 .9495E-01 .9056E-01 .5229E-03 .5874E-01 .5821E-01 .9056E-01 .4502E-02 .9507E-01 .9056E-01 .5229E-03 .2147E-01
.2120E+04 .9376E-01 .8445E-01 .4823E-03 .5476E-01 .5428E-01 .8445E-01 .4208E-02 .8865E-01 .8445E-01 .4823E-03 .2012E-01
.2125E+04 .9291E-01 .8619E-01 .4921E-03 .5589E-01 .5540E-01 .8619E-01 .4307E-02 .9049E-01 .8619E-01 .4921E-03 .2060E-01
.2130E+04 .9283E-01 .8760E-01 .4995E-03 .5681E-01 .5631E-01 .8760E-01 .4390E-02 .9199E-01 .8760E-01 .4995E-03 .2101E-01
.2135E+04 .9171E-01 .8847E-01 .5034E-03 .5737E-01 .5687E-01 .8847E-01 .4450E-02 .9292E-01 .8847E-01 .5034E-03 .2132E-01
.2140E+04 .9147E-01 .8961E-01 .5086E-03 .5811E-01 .5760E-01 .8961E-01 .4511E-02 .9412E-01 .8961E-01 .5086E-03 .2162E-01
.2145E+04 .9065E-01 .8873E-01 .5013E-03 .5754E-01 .5703E-01 .8873E-01 .4465E-02 .9319E-01 .8873E-01 .5013E-03 .2142E-01
.2150E+04 .9013E-01 .8108E-01 .4508E-03 .5257E-01 .5212E-01 .8108E-01 .4071E-02 .8515E-01 .8108E-01 .4508E-03 .1957E-01
.2155E+04 .8927E-01 .8144E-01 .4513E-03 .5280E-01 .5235E-01 .8144E-01 .4091E-02 .8553E-01 .8144E-01 .4513E-03 .1968E-01
.2160E+04 .8784E-01 .8097E-01 .4474E-03 .5249E-01 .5205E-01 .8097E-01 .4061E-02 .8503E-01 .8097E-01 .4474E-03 .1954E-01
.2165E+04 .8275E-01 .7360E-01 .4035E-03 .4771E-01 .4731E-01 .7360E-01 .3688E-02 .7729E-01 .7360E-01 .4035E-03 .1776E-01
.2170E+04 .8514E-01 .7922E-01 .4348E-03 .5136E-01 .5092E-01 .7922E-01 .3971E-02 .8319E-01 .7922E-01 .4348E-03 .1912E-01
.2175E+04 .8568E-01 .7627E-01 .4138E-03 .4944E-01 .4902E-01 .7627E-01 .3816E-02 .8009E-01 .7627E-01 .4138E-03 .1841E-01
.2180E+04 .8497E-01 .7973E-01 .4336E-03 .5168E-01 .5125E-01 .7973E-01 .3991E-02 .8372E-01 .7973E-01 .4336E-03 .1924E-01
.2185E+04 .8464E-01 .6855E-01 .3648E-03 .4443E-01 .4406E-01 .6855E-01 .3420E-02 .7197E-01 .6855E-01 .3648E-03 .1654E-01
.2190E+04 .8364E-01 .7601E-01 .4079E-03 .4927E-01 .4886E-01 .7601E-01 .3798E-02 .7981E-01 .7601E-01 .4079E-03 .1835E-01
.2195E+04 .8342E-01 .7510E-01 .4005E-03 .4867E-01 .4827E-01 .7510E-01 .3749E-02 .7885E-01 .7510E-01 .4005E-03 .1813E-01
.2200E+04 .8263E-01 .6842E-01 .3590E-03 .4434E-01 .4398E-01 .6842E-01 .3398E-02 .7182E-01 .6842E-01 .3590E-03 .1646E-01
.2205E+04 .8073E-01 .7023E-01 .3692E-03 .4551E-01 .4514E-01 .7023E-01 .3479E-02 .7370E-01 .7023E-01 .3692E-03 .1684E-01
.2210E+04 .8053E-01 .7689E-01 .4070E-03 .4983E-01 .4942E-01 .7689E-01 .3807E-02 .8070E-01 .7689E-01 .4070E-03 .1841E-01
.2215E+04 .8024E-01 .7314E-01 .3829E-03 .4740E-01 .4702E-01 .7314E-01 .3607E-02 .7675E-01 .7314E-01 .3829E-03 .1746E-01
.2220E+04 .7974E-01 .7620E-01 .3990E-03 .4938E-01 .4898E-01 .7620E-01 .3747E-02 .7994E-01 .7620E-01 .3990E-03 .1813E-01
.2225E+04 .7873E-01 .7337E-01 .3810E-03 .4754E-01 .4716E-01 .7337E-01 .3588E-02 .7696E-01 .7337E-01 .3810E-03 .1737E-01
.2230E+04 .7832E-01 .7516E-01 .3897E-03 .4870E-01 .4831E-01 .7516E-01 .3660E-02 .7882E-01 .7516E-01 .3897E-03 .1771E-01
.2235E+04 .7766E-01 .7305E-01 .3756E-03 .4733E-01 .4696E-01 .7305E-01 .3533E-02 .7658E-01 .7305E-01 .3756E-03 .1710E-01
.2240E+04 .7661E-01 .7288E-01 .3731E-03 .4722E-01 .4684E-01 .7288E-01 .3503E-02 .7638E-01 .7288E-01 .3731E-03 .1695E-01
.2245E+04 .7621E-01 .7042E-01 .3568E-03 .4562E-01 .4527E-01 .7042E-01 .3352E-02 .7377E-01 .7042E-01 .3568E-03 .1622E-01
.2250E+04 .7546E-01 .7175E-01 .3625E-03 .4648E-01 .4612E-01 .7175E-01 .3350E-02 .7510E-01 .7175E-01 .3625E-03 .1617E-01
.2255E+04 .7461E-01 .6818E-01 .3403E-03 .4417E-01 .4383E-01 .6818E-01 .3147E-02 .7133E-01 .6818E-01 .3403E-03 .1519E-01
.2260E+04 .7419E-01 .6732E-01 .3334E-03 .4360E-01 .4327E-01 .6732E-01 .3059E-02 .7037E-01 .6732E-01 .3334E-03 .1474E-01
.2265E+04 .7352E-01 .6843E-01 .3381E-03 .4433E-01 .4399E-01 .6843E-01 .3077E-02 .7151E-01 .6843E-01 .3381E-03 .1481E-01
.2270E+04 .7323E-01 .6557E-01 .3202E-03 .4247E-01 .4215E-01 .6557E-01 .2926E-02 .6850E-01 .6557E-01 .3202E-03 .1410E-01
.2275E+04 .7269E-01 .6475E-01 .3142E-03 .4194E-01 .4162E-01 .6475E-01 .2879E-02 .6763E-01 .6475E-01 .3142E-03 .1388E-01
.2280E+04 .7147E-01 .6635E-01 .3223E-03 .4297E-01 .4265E-01 .6635E-01 .2950E-02 .6930E-01 .6635E-01 .3223E-03 .1421E-01
.2285E+04 .7108E-01 .6341E-01 .3045E-03 .4106E-01 .4076E-01 .6341E-01 .2807E-02 .6622E-01 .6341E-01 .3045E-03 .1354E-01
.2290E+04 .7069E-01 .6326E-01 .3022E-03 .4096E-01 .4066E-01 .6326E-01 .2791E-02 .6605E-01 .6326E-01 .3022E-03 .1347E-01
.2295E+04 .6914E-01 .6160E-01 .2925E-03 .3989E-01 .3959E-01 .6160E-01 .2715E-02 .6431E-01 .6160E-01 .2925E-03 .1311E-01
.2300E+04 .6923E-01 .5864E-01 .2749E-03 .3797E-01 .3770E-01 .5864E-01 .2580E-02 .6122E-01 .5864E-01 .2749E-03 .1249E-01
.2305E+04 .6902E-01 .5869E-01 .2737E-03 .3800E-01 .3772E-01 .5869E-01 .2572E-02 .6126E-01 .5869E-01 .2737E-03 .1245E-01
.2310E+04 .6848E-01 .6127E-01 .2866E-03 .3967E-01 .3938E-01 .6127E-01 .2686E-02 .6396E-01 .6127E-01 .2866E-03 .1299E-01
.2315E+04 .6764E-01 .5675E-01 .2615E-03 .3674E-01 .3648E-01 .5675E-01 .2484E-02 .5923E-01 .5675E-01 .2615E-03 .1204E-01
.2320E+04 .6675E-01 .4967E-01 .2243E-03 .3215E-01 .3193E-01 .4967E-01 .2168E-02 .5184E-01 .4967E-01 .2243E-03 .1053E-01
.2325E+04 .6538E-01 .5127E-01 .2323E-03 .3319E-01 .3296E-01 .5127E-01 .2238E-02 .5351E-01 .5127E-01 .2323E-03 .1087E-01
.2330E+04 .6565E-01 .5283E-01 .2379E-03 .3420E-01 .3396E-01 .5283E-01 .2305E-02 .5514E-01 .5283E-01 .2379E-03 .1121E-01
.2335E+04 .6513E-01 .5538E-01 .2500E-03 .3585E-01 .3560E-01 .5538E-01 .2419E-02 .5780E-01 .5538E-01 .2500E-03 .1176E-01
.2340E+04 .6491E-01 .3965E-01 .1712E-03 .2566E-01 .2549E-01 .3965E-01 .1726E-02 .4138E-01 .3965E-01 .1712E-03 .8441E-02
.2345E+04 .6465E-01 .4843E-01 .2125E-03 .3134E-01 .3113E-01 .4843E-01 .2112E-02 .5054E-01 .4843E-01 .2125E-03 .1031E-01
.2350E+04 .6355E-01 .3614E-01 .1538E-03 .2338E-01 .2323E-01 .3614E-01 .1570E-02 .3771E-01 .3614E-01 .1538E-03 .7694E-02
.2355E+04 .6224E-01 .4390E-01 .1890E-03 .2841E-01 .2822E-01 .4390E-01 .1910E-02 .4581E-01 .4390E-01 .1890E-03 .9347E-02
.2360E+04 .6250E-01 .4646E-01 .2003E-03 .3007E-01 .2987E-01 .4646E-01 .2022E-02 .4848E-01 .4646E-01 .2003E-03 .9892E-02
.2365E+04 .6234E-01 .4273E-01 .1822E-03 .2765E-01 .2746E-01 .4273E-01 .1853E-02 .4458E-01 .4273E-01 .1822E-03 .9074E-02
.2370E+04 .6161E-01 .2417E-01 .9577E-04 .1563E-01 .1554E-01 .2417E-01 .1041E-02 .2521E-01 .2417E-01 .9577E-04 .5144E-02
.2375E+04 .6093E-01 .3864E-01 .1607E-03 .2500E-01 .2484E-01 .3864E-01 .1674E-02 .4031E-01 .3864E-01 .1607E-03 .8225E-02
.2380E+04 .6059E-01 .3429E-01 .1403E-03 .2218E-01 .2204E-01 .3429E-01 .1482E-02 .3577E-01 .3429E-01 .1403E-03 .7298E-02
.2385E+04 .5860E-01 .2384E-01 .9355E-04 .1542E-01 .1532E-01 .2384E-01 .1025E-02 .2486E-01 .2384E-01 .9355E-04 .5073E-02
.2390E+04 .5910E-01 .2977E-01 .1188E-03 .1925E-01 .1913E-01 .2977E-01 .1279E-02 .3104E-01 .2977E-01 .1188E-03 .6315E-02
.2395E+04 .5888E-01 .3390E-01 .1361E-03 .2193E-01 .2179E-01 .3390E-01 .1457E-02 .3536E-01 .3390E-01 .1361E-03 .7186E-02
.2400E+04 .5851E-01 .3673E-01 .1474E-03 .2376E-01 .2361E-01 .3673E-01 .1569E-02 .3830E-01 .3673E-01 .1474E-03 .7735E-02
.2405E+04 .5817E-01 .2602E-01 .1009E-03 .1683E-01 .1673E-01 .2602E-01 .1103E-02 .2712E-01 .2602E-01 .1009E-03 .5455E-02
.2410E+04 .5773E-01 .2530E-01 .9675E-04 .1636E-01 .1626E-01 .2530E-01 .1065E-02 .2637E-01 .2530E-01 .9675E-04 .5271E-02
.2415E+04 .5600E-01 .1888E-01 .6915E-04 .1220E-01 .1213E-01 .1888E-01 .7850E-03 .1966E-01 .1888E-01 .6915E-04 .3902E-02
.2420E+04 .5626E-01 .1907E-01 .6994E-04 .1233E-01 .1226E-01 .1907E-01 .7895E-03 .1986E-01 .1907E-01 .6994E-04 .3922E-02
.2425E+04 .5606E-01 .2548E-01 .9491E-04 .1647E-01 .1638E-01 .2548E-01 .1039E-02 .2652E-01 .2548E-01 .9491E-04 .5142E-02
.2430E+04 .5584E-01 .3567E-01 .1358E-03 .2307E-01 .2293E-01 .3567E-01 .1445E-02 .3712E-01 .3567E-01 .1358E-03 .7123E-02
.2435E+04 .5519E-01 .8699E-02 .2908E-04 .5621E-02 .5592E-02 .8699E-02 .3436E-03 .9043E-02 .8699E-02 .2908E-04 .1716E-02
.2440E+04 .5505E-01 .3321E-01 .1238E-03 .2147E-01 .2135E-01 .3321E-01 .1301E-02 .3452E-01 .3321E-01 .1238E-03 .6401E-02
.2445E+04 .5433E-01 .1337E-01 .4548E-04 .8639E-02 .8594E-02 .1337E-01 .5091E-03 .1388E-01 .1337E-01 .4548E-04 .2527E-02
.2450E+04 .5341E-01 .7716E-02 .2481E-04 .4984E-02 .4960E-02 .7716E-02 .2898E-03 .8006E-02 .7716E-02 .2481E-04 .1446E-02
.2455E+04 .5300E-01 .1601E-01 .5488E-04 .1035E-01 .1029E-01 .1601E-01 .5995E-03 .1661E-01 .1601E-01 .5488E-04 .2965E-02
.2460E+04 .5314E-01 .2371E-01 .8223E-04 .1532E-01 .1524E-01 .2371E-01 .8791E-03 .2459E-01 .2371E-01 .8223E-04 .4336E-02
.2465E+04 .5302E-01 .1472E-01 .4809E-04 .9508E-02 .9460E-02 .1472E-01 .5358E-03 .1525E-01 .1472E-01 .4809E-04 .2657E-02
.2470E+04 .5220E-01 .7546E-02 .2261E-04 .4873E-02 .4850E-02 .7546E-02 .2701E-03 .7816E-02 .7546E-02 .2261E-04 .1351E-02
.2475E+04 .5210E-01 .8310E-02 .2500E-04 .5367E-02 .5342E-02 .8310E-02 .2952E-03 .8606E-02 .8310E-02 .2500E-04 .1475E-02
.2480E+04 .5103E-01 .2850E-02 .8001E-05 .1840E-02 .1832E-02 .2850E-02 .9930E-04 .2949E-02 .2850E-02 .8001E-05 .4990E-03
.2485E+04 .5068E-01 .1935E-02 .4944E-05 .1249E-02 .1244E-02 .1935E-02 .6600E-04 .2001E-02 .1935E-02 .4944E-05 .3344E-03
.2490E+04 .5082E-01 .8244E-03 .1883E-05 .5318E-03 .5299E-03 .8244E-03 .2760E-04 .8520E-03 .8244E-03 .1883E-05 .1411E-03
.2495E+04 .5053E-01 .8574E-03 .1978E-05 .5531E-03 .5511E-03 .8574E-03 .2862E-04 .8860E-03 .8574E-03 .1978E-05 .1462E-03
.2500E+04 .5037E-01 .1873E-02 .4625E-05 .1208E-02 .1204E-02 .1873E-02 .6328E-04 .1936E-02 .1873E-02 .4625E-05 .3214E-03
