Wvlgth Extraterrestrial_spectrm Direct_normal_irradiance Difuse_horizn_irradiance Global_horizn_irradiance Direct_horizn_irradiance Direct_tilted_irradiance Difuse_tilted_irradiance Global_tilted_irradiance Beam_normal_+circumsolar Difuse_horiz-circumsolar Upward_reflctd_radiation
.2800E+03 .7851E-01 .3195E-34 .4000E-18 .4000E-18 .1350E-34 .3195E-34 .2884E-18 .2884E-18 .3195E-34 .4000E-18 .1330E-19
.2805E+03 .1024E+00 .5228E-32 .2281E-18 .2281E-18 .2210E-32 .5228E-32 .1645E-18 .1645E-18 .5228E-32 .2281E-18 .7610E-20
.2810E+03 .1717E+00 .5692E-31 .7007E-18 .7007E-18 .2406E-31 .5692E-31 .5052E-18 .5052E-18 .5692E-31 .7007E-18 .2345E-19
.2815E+03 .2412E+00 .8523E-29 .7476E-17 .7476E-17 .3602E-29 .8523E-29 .5391E-17 .5391E-17 .8523E-29 .7476E-17 .2509E-18
.2820E+03 .2918E+00 .1898E-27 .3671E-16 .3671E-16 .8021E-28 .1898E-27 .2647E-16 .2647E-16 .1898E-27 .3671E-16 .1236E-17
.2825E+03 .3144E+00 .1451E-26 .1039E-15 .1039E-15 .6133E-27 .1451E-26 .7495E-16 .7495E-16 .1451E-26 .1039E-15 .3509E-17
.2830E+03 .3431E+00 .1362E-25 .3349E-15 .3349E-15 .5755E-26 .1362E-25 .2415E-15 .2415E-15 .1362E-25 .3349E-15 .1134E-16
.2835E+03 .3225E+00 .3720E-25 .5351E-15 .5351E-15 .1572E-25 .3720E-25 .3859E-15 .3859E-15 .3720E-25 .5351E-15 .1818E-16
.2840E+03 .3213E+00 .4707E-23 .5670E-14 .5670E-14 .1989E-23 .4707E-23 .4089E-14 .4089E-14 .4707E-23 .5670E-14 .1932E-15
.2845E+03 .2516E+00 .3614E-22 .1245E-13 .1245E-13 .1527E-22 .3614E-22 .8980E-14 .8980E-14 .3614E-22 .1245E-13 .4254E-15
.2850E+03 .1186E+00 .1931E-21 .1869E-13 .1869E-13 .8161E-22 .1931E-21 .1348E-13 .1348E-13 .1931E-21 .1869E-13 .6406E-15
.2855E+03 .1378E+00 .3879E-20 .8933E-13 .8933E-13 .1640E-20 .3879E-20 .6443E-13 .6443E-13 .3879E-20 .8933E-13 .3070E-14
.2860E+03 .3008E+00 .2756E-19 .3489E-12 .3489E-12 .1165E-19 .2756E-19 .2517E-12 .2517E-12 .2756E-19 .3489E-12 .1203E-13
.2865E+03 .3583E+00 .3496E-18 .1387E-11 .1387E-11 .1477E-18 .3496E-18 .1001E-11 .1001E-11 .3496E-18 .1387E-11 .4795E-13
.2870E+03 .3780E+00 .2143E-17 .3603E-11 .3603E-11 .9057E-18 .2143E-17 .2599E-11 .2599E-11 .2143E-17 .3603E-11 .1249E-12
.2875E+03 .3784E+00 .2102E-16 .8772E-11 .8772E-11 .8885E-17 .2102E-16 .6328E-11 .6328E-11 .2102E-16 .8772E-11 .3050E-12
.2880E+03 .2506E+00 .2493E-15 .2280E-10 .2280E-10 .1053E-15 .2493E-15 .1645E-10 .1645E-10 .2493E-15 .2280E-10 .7949E-12
.2885E+03 .3590E+00 .1695E-14 .6929E-10 .6929E-10 .7165E-15 .1695E-14 .4999E-10 .5000E-10 .1695E-14 .6929E-10 .2423E-11
.2890E+03 .4204E+00 .9677E-14 .1767E-09 .1767E-09 .4090E-14 .9677E-14 .1275E-09 .1275E-09 .9677E-14 .1767E-09 .6197E-11
.2895E+03 .4914E+00 .6520E-13 .4968E-09 .4968E-09 .2755E-13 .6520E-13 .3585E-09 .3585E-09 .6520E-13 .4968E-09 .1747E-10
.2900E+03 .6181E+00 .3403E-12 .1277E-08 .1278E-08 .1438E-12 .3403E-12 .9217E-09 .9221E-09 .3403E-12 .1277E-08 .4505E-10
.2905E+03 .6463E+00 .1186E-11 .2444E-08 .2445E-08 .5011E-12 .1186E-11 .1764E-08 .1765E-08 .1186E-11 .2444E-08 .8645E-10
.2910E+03 .6101E+00 .4723E-11 .4268E-08 .4270E-08 .1996E-11 .4723E-11 .3080E-08 .3085E-08 .4723E-11 .4268E-08 .1514E-09
.2915E+03 .6024E+00 .2867E-10 .1140E-07 .1141E-07 .1212E-10 .2867E-10 .8227E-08 .8255E-08 .2867E-10 .1140E-07 .4059E-09
.2920E+03 .5732E+00 .1205E-09 .2433E-07 .2439E-07 .5091E-10 .1205E-09 .1756E-07 .1768E-07 .1205E-09 .2433E-07 .8699E-09
.2925E+03 .4968E+00 .2442E-09 .3305E-07 .3316E-07 .1032E-09 .2442E-09 .2386E-07 .2410E-07 .2442E-09 .3305E-07 .1186E-08
.2930E+03 .5676E+00 .8145E-09 .6709E-07 .6743E-07 .3442E-09 .8145E-09 .4843E-07 .4924E-07 .8145E-09 .6709E-07 .2420E-08
.2935E+03 .5764E+00 .3555E-08 .1505E-06 .1520E-06 .1502E-08 .3555E-08 .1087E-06 .1122E-06 .3555E-08 .1505E-06 .5477E-08
.2940E+03 .5042E+00 .8467E-08 .2247E-06 .2283E-06 .3578E-08 .8467E-08 .1622E-06 .1707E-06 .8467E-08 .2247E-06 .8255E-08
.2945E+03 .5438E+00 .1937E-07 .3430E-06 .3512E-06 .8186E-08 .1937E-07 .2477E-06 .2671E-06 .1937E-07 .3430E-06 .1275E-07
.2950E+03 .5163E+00 .4692E-07 .5300E-06 .5498E-06 .1983E-07 .4692E-07 .3828E-06 .4298E-06 .4692E-07 .5300E-06 .2007E-07
.2955E+03 .5825E+00 .1680E-06 .1268E-05 .1339E-05 .7100E-07 .1680E-06 .9163E-06 .1084E-05 .1680E-06 .1268E-05 .4917E-07
.2960E+03 .6214E+00 .4006E-06 .2368E-05 .2538E-05 .1693E-06 .4006E-06 .1712E-05 .2112E-05 .4006E-06 .2368E-05 .9368E-07
.2965E+03 .4929E+00 .6799E-06 .3224E-05 .3511E-05 .2874E-06 .6799E-06 .2331E-05 .3011E-05 .6799E-06 .3224E-05 .1303E-06
.2970E+03 .4244E+00 .1067E-05 .4279E-05 .4729E-05 .4508E-06 .1067E-05 .3095E-05 .4161E-05 .1067E-05 .4279E-05 .1765E-06
.2975E+03 .5980E+00 .3474E-05 .1128E-04 .1275E-04 .1468E-05 .3474E-05 .8164E-05 .1164E-04 .3474E-05 .1128E-04 .4789E-06
.2980E+03 .5581E+00 .6401E-05 .1782E-04 .2052E-04 .2705E-05 .6401E-05 .1290E-04 .1930E-04 .6401E-05 .1782E-04 .7753E-06
.2985E+03 .3790E+00 .7224E-05 .1812E-04 .2118E-04 .3053E-05 .7224E-05 .1313E-04 .2035E-04 .7224E-05 .1812E-04 .8040E-06
.2990E+03 .5771E+00 .1763E-04 .4070E-04 .4815E-04 .7451E-05 .1763E-04 .2949E-04 .4712E-04 .1763E-04 .4070E-04 .1837E-05
.2995E+03 .5217E+00 .3344E-04 .7099E-04 .8513E-04 .1413E-04 .3344E-04 .5145E-04 .8489E-04 .3344E-04 .7099E-04 .3263E-05
.3000E+03 .4169E+00 .4128E-04 .8564E-04 .1031E-03 .1745E-04 .4128E-04 .6208E-04 .1034E-03 .4128E-04 .8564E-04 .3964E-05
.3005E+03 .4394E+00 .6367E-04 .1327E-03 .1596E-03 .2691E-04 .6367E-04 .9620E-04 .1599E-03 .6367E-04 .1327E-03 .6234E-05
.3010E+03 .4942E+00 .1243E-03 .2718E-03 .3243E-03 .5255E-04 .1243E-03 .1971E-03 .3214E-03 .1243E-03 .2718E-03 .1285E-04
.3015E+03 .5298E+00 .2095E-03 .3979E-03 .4864E-03 .8853E-04 .2095E-03 .2888E-03 .4982E-03 .2095E-03 .3979E-03 .1964E-04
.3020E+03 .3745E+00 .1852E-03 .3268E-03 .4050E-03 .7825E-04 .1852E-03 .2373E-03 .4224E-03 .1852E-03 .3268E-03 .1664E-04
.3025E+03 .5441E+00 .3956E-03 .6210E-03 .7882E-03 .1672E-03 .3956E-03 .4513E-03 .8469E-03 .3956E-03 .6210E-03 .3255E-04
.3030E+03 .6771E+00 .7875E-03 .1165E-02 .1498E-02 .3328E-03 .7875E-03 .8472E-03 .1635E-02 .7875E-03 .1165E-02 .6212E-04
.3035E+03 .6891E+00 .1052E-02 .1525E-02 .1970E-02 .4445E-03 .1052E-02 .1109E-02 .2161E-02 .1052E-02 .1525E-02 .8189E-04
.3040E+03 .5775E+00 .1012E-02 .1445E-02 .1873E-02 .4276E-03 .1012E-02 .1051E-02 .2063E-02 .1012E-02 .1445E-02 .7805E-04
.3045E+03 .6485E+00 .1551E-02 .2192E-02 .2848E-02 .6556E-03 .1551E-02 .1594E-02 .3145E-02 .1551E-02 .2192E-02 .1188E-03
.3050E+03 .6733E+00 .2408E-02 .3411E-02 .4429E-02 .1018E-02 .2408E-02 .2481E-02 .4889E-02 .2408E-02 .3411E-02 .1848E-03
.3055E+03 .6128E+00 .2806E-02 .3988E-02 .5174E-02 .1186E-02 .2806E-02 .2900E-02 .5706E-02 .2806E-02 .3988E-02 .2160E-03
.3060E+03 .5426E+00 .2758E-02 .3898E-02 .5064E-02 .1166E-02 .2758E-02 .2835E-02 .5593E-02 .2758E-02 .3898E-02 .2116E-03
.3065E+03 .5861E+00 .3477E-02 .4921E-02 .6390E-02 .1470E-02 .3477E-02 .3579E-02 .7056E-02 .3477E-02 .4921E-02 .2675E-03
.3070E+03 .6446E+00 .5179E-02 .7516E-02 .9705E-02 .2189E-02 .5179E-02 .5466E-02 .1065E-01 .5179E-02 .7516E-02 .4068E-03
.3075E+03 .6519E+00 .6895E-02 .1117E-01 .1409E-01 .2914E-02 .6895E-02 .8121E-02 .1502E-01 .6895E-02 .1117E-01 .5897E-03
.3080E+03 .6567E+00 .7386E-02 .1168E-01 .1480E-01 .3121E-02 .7386E-02 .8493E-02 .1588E-01 .7386E-02 .1168E-01 .6214E-03
.3085E+03 .6806E+00 .8757E-02 .1333E-01 .1703E-01 .3701E-02 .8757E-02 .9692E-02 .1845E-01 .8757E-02 .1333E-01 .7161E-03
.3090E+03 .5623E+00 .8053E-02 .1188E-01 .1528E-01 .3403E-02 .8053E-02 .8638E-02 .1669E-01 .8053E-02 .1188E-01 .6436E-03
.3095E+03 .5136E+00 .9742E-02 .1357E-01 .1769E-01 .4117E-02 .9742E-02 .9873E-02 .1962E-01 .9742E-02 .1357E-01 .7468E-03
.3100E+03 .4651E+00 .1008E-01 .1363E-01 .1789E-01 .4258E-02 .1008E-01 .9917E-02 .1999E-01 .1008E-01 .1363E-01 .7564E-03
.3105E+03 .7149E+00 .1667E-01 .2209E-01 .2914E-01 .7046E-02 .1667E-01 .1608E-01 .3275E-01 .1667E-01 .2209E-01 .1235E-02
.3110E+03 .8241E+00 .2139E-01 .2769E-01 .3673E-01 .9039E-02 .2139E-01 .2015E-01 .4154E-01 .2139E-01 .2769E-01 .1560E-02
.3115E+03 .7648E+00 .2099E-01 .2670E-01 .3557E-01 .8870E-02 .2099E-01 .1944E-01 .4042E-01 .2099E-01 .2670E-01 .1513E-02
.3120E+03 .6421E+00 .2157E-01 .2672E-01 .3584E-01 .9115E-02 .2157E-01 .1946E-01 .4102E-01 .2157E-01 .2672E-01 .1528E-02
.3125E+03 .6970E+00 .2676E-01 .3257E-01 .4388E-01 .1131E-01 .2676E-01 .2372E-01 .5048E-01 .2676E-01 .3257E-01 .1876E-02
.3130E+03 .7115E+00 .2948E-01 .3538E-01 .4784E-01 .1246E-01 .2948E-01 .2577E-01 .5525E-01 .2948E-01 .3538E-01 .2050E-02
.3135E+03 .7257E+00 .2890E-01 .3426E-01 .4647E-01 .1221E-01 .2890E-01 .2495E-01 .5386E-01 .2890E-01 .3426E-01 .1997E-02
.3140E+03 .7936E+00 .3663E-01 .4283E-01 .5831E-01 .1548E-01 .3663E-01 .3120E-01 .6783E-01 .3663E-01 .4283E-01 .2512E-02
.3145E+03 .5931E+00 .3287E-01 .3819E-01 .5208E-01 .1389E-01 .3287E-01 .2782E-01 .6069E-01 .3287E-01 .3819E-01 .2247E-02
.3150E+03 .7541E+00 .4374E-01 .5027E-01 .6875E-01 .1849E-01 .4374E-01 .3663E-01 .8037E-01 .4374E-01 .5027E-01 .2971E-02
.3155E+03 .6804E+00 .3705E-01 .4183E-01 .5749E-01 .1566E-01 .3705E-01 .3048E-01 .6754E-01 .3705E-01 .4183E-01 .2489E-02
.3160E+03 .5183E+00 .3260E-01 .3666E-01 .5044E-01 .1378E-01 .3260E-01 .2672E-01 .5932E-01 .3260E-01 .3666E-01 .2187E-02
.3165E+03 .6632E+00 .4706E-01 .5291E-01 .7279E-01 .1989E-01 .4706E-01 .3857E-01 .8563E-01 .4706E-01 .5291E-01 .3200E-02
.3170E+03 .8229E+00 .5901E-01 .6556E-01 .9050E-01 .2494E-01 .5901E-01 .4782E-01 .1068E+00 .5901E-01 .6556E-01 .4033E-02
.3175E+03 .8804E+00 .6216E-01 .6796E-01 .9423E-01 .2627E-01 .6216E-01 .4959E-01 .1117E+00 .6216E-01 .6796E-01 .4258E-02
.3180E+03 .6346E+00 .4873E-01 .5313E-01 .7372E-01 .2059E-01 .4873E-01 .3878E-01 .8751E-01 .4873E-01 .5313E-01 .3375E-02
.3185E+03 .6824E+00 .6037E-01 .6657E-01 .9209E-01 .2551E-01 .6037E-01 .4861E-01 .1090E+00 .6037E-01 .6657E-01 .4277E-02
.3190E+03 .7535E+00 .7181E-01 .7939E-01 .1097E+00 .3035E-01 .7181E-01 .5799E-01 .1298E+00 .7181E-01 .7939E-01 .5171E-02
.3195E+03 .6833E+00 .5984E-01 .6393E-01 .8922E-01 .2529E-01 .5984E-01 .4673E-01 .1066E+00 .5984E-01 .6393E-01 .4270E-02
.3200E+03 .8369E+00 .7304E-01 .7689E-01 .1078E+00 .3087E-01 .7304E-01 .5623E-01 .1293E+00 .7304E-01 .7689E-01 .5234E-02
.3205E+03 .9082E+00 .9075E-01 .9711E-01 .1355E+00 .3835E-01 .9075E-01 .7103E-01 .1618E+00 .9075E-01 .9711E-01 .6655E-02
.3210E+03 .7156E+00 .8007E-01 .8743E-01 .1213E+00 .3384E-01 .8007E-01 .6397E-01 .1440E+00 .8007E-01 .8743E-01 .6025E-02
.3215E+03 .6753E+00 .7740E-01 .8384E-01 .1166E+00 .3271E-01 .7740E-01 .6136E-01 .1388E+00 .7740E-01 .8384E-01 .5862E-02
.3220E+03 .8151E+00 .8495E-01 .8790E-01 .1238E+00 .3590E-01 .8495E-01 .6438E-01 .1493E+00 .8495E-01 .8790E-01 .6310E-02
.3225E+03 .7018E+00 .7440E-01 .7621E-01 .1076E+00 .3144E-01 .7440E-01 .5584E-01 .1302E+00 .7440E-01 .7621E-01 .5562E-02
.3230E+03 .6403E+00 .7375E-01 .7631E-01 .1075E+00 .3117E-01 .7375E-01 .5593E-01 .1297E+00 .7375E-01 .7631E-01 .5624E-02
.3235E+03 .6833E+00 .8920E-01 .9290E-01 .1306E+00 .3770E-01 .8920E-01 .6812E-01 .1573E+00 .8920E-01 .9290E-01 .6921E-02
.3240E+03 .7817E+00 .1049E+00 .1083E+00 .1527E+00 .4435E-01 .1049E+00 .7947E-01 .1844E+00 .1049E+00 .1083E+00 .8198E-02
.3245E+03 .8269E+00 .1078E+00 .1095E+00 .1551E+00 .4557E-01 .1078E+00 .8038E-01 .1882E+00 .1078E+00 .1095E+00 .8425E-02
.3250E+03 .7845E+00 .9581E-01 .9527E-01 .1358E+00 .4049E-01 .9581E-01 .6996E-01 .1658E+00 .9581E-01 .9527E-01 .7461E-02
.3255E+03 .9417E+00 .1226E+00 .1217E+00 .1735E+00 .5183E-01 .1226E+00 .8938E-01 .2120E+00 .1226E+00 .1217E+00 .9638E-02
.3260E+03 .1053E+01 .1491E+00 .1475E+00 .2106E+00 .6303E-01 .1491E+00 .1084E+00 .2576E+00 .1491E+00 .1475E+00 .1182E-01
.3265E+03 .9975E+00 .1496E+00 .1479E+00 .2111E+00 .6321E-01 .1496E+00 .1087E+00 .2583E+00 .1496E+00 .1479E+00 .1199E-01
.3270E+03 .1010E+01 .1509E+00 .1469E+00 .2107E+00 .6376E-01 .1509E+00 .1081E+00 .2589E+00 .1509E+00 .1469E+00 .1211E-01
.3275E+03 .9966E+00 .1474E+00 .1413E+00 .2035E+00 .6228E-01 .1474E+00 .1040E+00 .2513E+00 .1474E+00 .1413E+00 .1184E-01
.3280E+03 .9535E+00 .1330E+00 .1250E+00 .1812E+00 .5623E-01 .1330E+00 .9205E-01 .2251E+00 .1330E+00 .1250E+00 .1067E-01
.3285E+03 .9138E+00 .1397E+00 .1313E+00 .1904E+00 .5902E-01 .1397E+00 .9676E-01 .2364E+00 .1397E+00 .1313E+00 .1132E-01
.3290E+03 .1025E+01 .1667E+00 .1577E+00 .2281E+00 .7045E-01 .1667E+00 .1162E+00 .2829E+00 .1667E+00 .1577E+00 .1371E-01
.3295E+03 .1140E+01 .1899E+00 .1790E+00 .2592E+00 .8026E-01 .1899E+00 .1319E+00 .3219E+00 .1899E+00 .1790E+00 .1574E-01
.3300E+03 .1163E+01 .1937E+00 .1797E+00 .2616E+00 .8187E-01 .1937E+00 .1326E+00 .3263E+00 .1937E+00 .1797E+00 .1606E-01
.3305E+03 .9731E+00 .1576E+00 .1427E+00 .2092E+00 .6659E-01 .1576E+00 .1053E+00 .2629E+00 .1576E+00 .1427E+00 .1299E-01
.3310E+03 .1006E+01 .1621E+00 .1447E+00 .2132E+00 .6850E-01 .1621E+00 .1068E+00 .2689E+00 .1621E+00 .1447E+00 .1337E-01
.3315E+03 .9821E+00 .1650E+00 .1470E+00 .2167E+00 .6973E-01 .1650E+00 .1086E+00 .2736E+00 .1650E+00 .1470E+00 .1373E-01
.3320E+03 .1007E+01 .1779E+00 .1593E+00 .2345E+00 .7517E-01 .1779E+00 .1178E+00 .2956E+00 .1779E+00 .1593E+00 .1500E-01
.3325E+03 .9727E+00 .1763E+00 .1577E+00 .2322E+00 .7451E-01 .1763E+00 .1166E+00 .2929E+00 .1763E+00 .1577E+00 .1501E-01
.3330E+03 .9796E+00 .1776E+00 .1565E+00 .2316E+00 .7505E-01 .1776E+00 .1158E+00 .2934E+00 .1776E+00 .1565E+00 .1513E-01
.3335E+03 .9170E+00 .1631E+00 .1405E+00 .2095E+00 .6894E-01 .1631E+00 .1040E+00 .2672E+00 .1631E+00 .1405E+00 .1383E-01
.3340E+03 .9423E+00 .1684E+00 .1432E+00 .2144E+00 .7116E-01 .1684E+00 .1061E+00 .2745E+00 .1684E+00 .1432E+00 .1431E-01
.3345E+03 .1041E+01 .1940E+00 .1657E+00 .2476E+00 .8197E-01 .1940E+00 .1228E+00 .3167E+00 .1940E+00 .1657E+00 .1668E-01
.3350E+03 .9543E+00 .1825E+00 .1559E+00 .2330E+00 .7712E-01 .1825E+00 .1156E+00 .2980E+00 .1825E+00 .1559E+00 .1583E-01
.3355E+03 .1073E+01 .2088E+00 .1826E+00 .2708E+00 .8822E-01 .2088E+00 .1354E+00 .3441E+00 .2088E+00 .1826E+00 .1855E-01
.3360E+03 .7401E+00 .1454E+00 .1259E+00 .1874E+00 .6144E-01 .1454E+00 .9341E-01 .2388E+00 .1454E+00 .1259E+00 .1296E-01
.3365E+03 .9055E+00 .1768E+00 .1459E+00 .2206E+00 .7473E-01 .1768E+00 .1083E+00 .2852E+00 .1768E+00 .1459E+00 .1542E-01
.3370E+03 .7531E+00 .1467E+00 .1190E+00 .1810E+00 .6198E-01 .1467E+00 .8842E-01 .2351E+00 .1467E+00 .1190E+00 .1277E-01
.3375E+03 .9398E+00 .1838E+00 .1473E+00 .2250E+00 .7769E-01 .1838E+00 .1095E+00 .2934E+00 .1838E+00 .1473E+00 .1602E-01
.3380E+03 .8870E+00 .1791E+00 .1441E+00 .2198E+00 .7571E-01 .1791E+00 .1072E+00 .2863E+00 .1791E+00 .1441E+00 .1577E-01
.3385E+03 .9911E+00 .2035E+00 .1664E+00 .2523E+00 .8598E-01 .2035E+00 .1238E+00 .3272E+00 .2035E+00 .1664E+00 .1827E-01
.3390E+03 .9814E+00 .2039E+00 .1638E+00 .2499E+00 .8617E-01 .2039E+00 .1219E+00 .3258E+00 .2039E+00 .1638E+00 .1828E-01
.3395E+03 .9386E+00 .1966E+00 .1573E+00 .2404E+00 .8310E-01 .1966E+00 .1172E+00 .3138E+00 .1966E+00 .1573E+00 .1775E-01
.3400E+03 .1134E+01 .2372E+00 .1838E+00 .2841E+00 .1002E+00 .2372E+00 .1371E+00 .3742E+00 .2372E+00 .1838E+00 .2120E-01
.3405E+03 .1017E+01 .2149E+00 .1735E+00 .2643E+00 .9083E-01 .2149E+00 .1293E+00 .3442E+00 .2149E+00 .1735E+00 .1985E-01
.3410E+03 .9646E+00 .2078E+00 .1608E+00 .2486E+00 .8780E-01 .2078E+00 .1200E+00 .3277E+00 .2078E+00 .1608E+00 .1886E-01
.3415E+03 .8886E+00 .1938E+00 .1467E+00 .2286E+00 .8190E-01 .1938E+00 .1095E+00 .3033E+00 .1938E+00 .1467E+00 .1750E-01
.3420E+03 .1061E+01 .2334E+00 .1745E+00 .2732E+00 .9864E-01 .2334E+00 .1304E+00 .3638E+00 .2334E+00 .1745E+00 .2110E-01
.3425E+03 .9910E+00 .2203E+00 .1628E+00 .2559E+00 .9310E-01 .2203E+00 .1217E+00 .3420E+00 .2203E+00 .1628E+00 .1993E-01
.3430E+03 .1085E+01 .2426E+00 .1788E+00 .2813E+00 .1025E+00 .2426E+00 .1337E+00 .3763E+00 .2426E+00 .1788E+00 .2210E-01
.3435E+03 .1018E+01 .2288E+00 .1680E+00 .2647E+00 .9671E-01 .2288E+00 .1257E+00 .3546E+00 .2288E+00 .1680E+00 .2096E-01
.3440E+03 .7669E+00 .1718E+00 .1294E+00 .2020E+00 .7261E-01 .1718E+00 .9685E-01 .2687E+00 .1718E+00 .1294E+00 .1611E-01
.3445E+03 .7520E+00 .1713E+00 .1250E+00 .1974E+00 .7239E-01 .1713E+00 .9362E-01 .2649E+00 .1713E+00 .1250E+00 .1588E-01
.3450E+03 .9988E+00 .2310E+00 .1641E+00 .2617E+00 .9761E-01 .2310E+00 .1231E+00 .3540E+00 .2310E+00 .1641E+00 .2125E-01
.3455E+03 .1019E+01 .2381E+00 .1668E+00 .2675E+00 .1006E+00 .2381E+00 .1252E+00 .3633E+00 .2381E+00 .1668E+00 .2189E-01
.3460E+03 .8646E+00 .2040E+00 .1412E+00 .2274E+00 .8622E-01 .2040E+00 .1060E+00 .3100E+00 .2040E+00 .1412E+00 .1877E-01
.3465E+03 .9772E+00 .2326E+00 .1593E+00 .2576E+00 .9832E-01 .2326E+00 .1197E+00 .3523E+00 .2326E+00 .1593E+00 .2144E-01
.3470E+03 .1045E+01 .2502E+00 .1706E+00 .2763E+00 .1058E+00 .2502E+00 .1282E+00 .3785E+00 .2502E+00 .1706E+00 .2319E-01
.3475E+03 .8420E+00 .2032E+00 .1376E+00 .2234E+00 .8586E-01 .2032E+00 .1035E+00 .3066E+00 .2032E+00 .1376E+00 .1890E-01
.3480E+03 .9603E+00 .2340E+00 .1561E+00 .2549E+00 .9888E-01 .2340E+00 .1175E+00 .3514E+00 .2340E+00 .1561E+00 .2175E-01
.3485E+03 .9597E+00 .2356E+00 .1554E+00 .2550E+00 .9956E-01 .2356E+00 .1170E+00 .3526E+00 .2356E+00 .1554E+00 .2193E-01
.3490E+03 .8882E+00 .2200E+00 .1437E+00 .2366E+00 .9296E-01 .2200E+00 .1083E+00 .3283E+00 .2200E+00 .1437E+00 .2052E-01
.3495E+03 .8766E+00 .2189E+00 .1418E+00 .2343E+00 .9251E-01 .2189E+00 .1070E+00 .3259E+00 .2189E+00 .1418E+00 .2048E-01
.3500E+03 .1082E+01 .2723E+00 .1748E+00 .2899E+00 .1151E+00 .2723E+00 .1319E+00 .4042E+00 .2723E+00 .1748E+00 .2554E-01
.3505E+03 .1139E+01 .2886E+00 .1837E+00 .3057E+00 .1220E+00 .2886E+00 .1388E+00 .4274E+00 .2886E+00 .1837E+00 .2713E-01
.3510E+03 .1015E+01 .2586E+00 .1636E+00 .2729E+00 .1093E+00 .2586E+00 .1236E+00 .3823E+00 .2586E+00 .1636E+00 .2439E-01
.3515E+03 .9814E+00 .2513E+00 .1589E+00 .2651E+00 .1062E+00 .2513E+00 .1201E+00 .3714E+00 .2513E+00 .1589E+00 .2385E-01
.3520E+03 .1054E+01 .2724E+00 .1699E+00 .2850E+00 .1151E+00 .2724E+00 .1285E+00 .4009E+00 .2724E+00 .1699E+00 .2583E-01
.3525E+03 .8215E+00 .2141E+00 .1320E+00 .2225E+00 .9049E-01 .2141E+00 .9995E-01 .3141E+00 .2141E+00 .1320E+00 .2032E-01
.3530E+03 .1033E+01 .2714E+00 .1657E+00 .2803E+00 .1147E+00 .2714E+00 .1255E+00 .3969E+00 .2714E+00 .1657E+00 .2580E-01
.3535E+03 .1103E+01 .2915E+00 .1764E+00 .2996E+00 .1232E+00 .2915E+00 .1337E+00 .4252E+00 .2915E+00 .1764E+00 .2778E-01
.3540E+03 .1144E+01 .3039E+00 .1823E+00 .3107E+00 .1284E+00 .3039E+00 .1383E+00 .4422E+00 .3039E+00 .1823E+00 .2903E-01
.3545E+03 .1159E+01 .3099E+00 .1844E+00 .3154E+00 .1310E+00 .3099E+00 .1400E+00 .4499E+00 .3099E+00 .1844E+00 .2968E-01
.3550E+03 .1153E+01 .3104E+00 .1834E+00 .3146E+00 .1312E+00 .3104E+00 .1393E+00 .4497E+00 .3104E+00 .1834E+00 .2981E-01
.3555E+03 .1039E+01 .2823E+00 .1652E+00 .2845E+00 .1193E+00 .2823E+00 .1256E+00 .4079E+00 .2823E+00 .1652E+00 .2715E-01
.3560E+03 .1085E+01 .2971E+00 .1724E+00 .2980E+00 .1256E+00 .2971E+00 .1312E+00 .4283E+00 .2971E+00 .1724E+00 .2864E-01
.3565E+03 .9252E+00 .2550E+00 .1468E+00 .2546E+00 .1078E+00 .2550E+00 .1118E+00 .3667E+00 .2550E+00 .1468E+00 .2463E-01
.3570E+03 .7640E+00 .2116E+00 .1209E+00 .2104E+00 .8944E-01 .2116E+00 .9213E-01 .3038E+00 .2116E+00 .1209E+00 .2050E-01
.3575E+03 .9344E+00 .2604E+00 .1476E+00 .2577E+00 .1100E+00 .2604E+00 .1125E+00 .3729E+00 .2604E+00 .1476E+00 .2528E-01
.3580E+03 .7396E+00 .2074E+00 .1167E+00 .2043E+00 .8766E-01 .2074E+00 .8899E-01 .2964E+00 .2074E+00 .1167E+00 .2018E-01
.3585E+03 .6313E+00 .1781E+00 .9941E-01 .1747E+00 .7529E-01 .1781E+00 .7588E-01 .2540E+00 .1781E+00 .9941E-01 .1737E-01
.3590E+03 .8821E+00 .2503E+00 .1387E+00 .2445E+00 .1058E+00 .2503E+00 .1059E+00 .3563E+00 .2503E+00 .1387E+00 .2448E-01
.3595E+03 .1123E+01 .3203E+00 .1762E+00 .3116E+00 .1354E+00 .3203E+00 .1347E+00 .4550E+00 .3203E+00 .1762E+00 .3141E-01
.3600E+03 .1189E+01 .3412E+00 .1863E+00 .3305E+00 .1442E+00 .3412E+00 .1425E+00 .4837E+00 .3412E+00 .1863E+00 .3353E-01
.3605E+03 .9490E+00 .2740E+00 .1484E+00 .2642E+00 .1158E+00 .2740E+00 .1136E+00 .3876E+00 .2740E+00 .1484E+00 .2699E-01
.3610E+03 .8633E+00 .2510E+00 .1348E+00 .2409E+00 .1061E+00 .2510E+00 .1033E+00 .3542E+00 .2510E+00 .1348E+00 .2478E-01
.3615E+03 .9904E+00 .2903E+00 .1547E+00 .2773E+00 .1227E+00 .2903E+00 .1186E+00 .4089E+00 .2903E+00 .1547E+00 .2873E-01
.3620E+03 .8532E+00 .2521E+00 .1333E+00 .2398E+00 .1066E+00 .2521E+00 .1022E+00 .3544E+00 .2521E+00 .1333E+00 .2501E-01
.3625E+03 .1177E+01 .3504E+00 .1837E+00 .3318E+00 .1481E+00 .3504E+00 .1411E+00 .4915E+00 .3504E+00 .1837E+00 .3483E-01
.3630E+03 .1054E+01 .3161E+00 .1644E+00 .2980E+00 .1336E+00 .3161E+00 .1263E+00 .4424E+00 .3161E+00 .1644E+00 .3148E-01
.3635E+03 .9678E+00 .2924E+00 .1509E+00 .2745E+00 .1236E+00 .2924E+00 .1161E+00 .4084E+00 .2924E+00 .1509E+00 .2918E-01
.3640E+03 .1181E+01 .3591E+00 .1840E+00 .3357E+00 .1517E+00 .3591E+00 .1415E+00 .5006E+00 .3591E+00 .1840E+00 .3591E-01
.3645E+03 .1008E+01 .3081E+00 .1567E+00 .2869E+00 .1302E+00 .3081E+00 .1207E+00 .4288E+00 .3081E+00 .1567E+00 .3089E-01
.3650E+03 .1025E+01 .3151E+00 .1591E+00 .2922E+00 .1331E+00 .3151E+00 .1226E+00 .4376E+00 .3151E+00 .1591E+00 .3165E-01
.3655E+03 .1284E+01 .3971E+00 .1990E+00 .3668E+00 .1678E+00 .3971E+00 .1535E+00 .5505E+00 .3971E+00 .1990E+00 .3998E-01
.3660E+03 .1357E+01 .4225E+00 .2102E+00 .3888E+00 .1786E+00 .4225E+00 .1622E+00 .5848E+00 .4225E+00 .2102E+00 .4264E-01
.3665E+03 .1272E+01 .3986E+00 .1968E+00 .3653E+00 .1685E+00 .3986E+00 .1520E+00 .5506E+00 .3986E+00 .1968E+00 .4032E-01
.3670E+03 .1237E+01 .3896E+00 .1910E+00 .3557E+00 .1647E+00 .3896E+00 .1476E+00 .5373E+00 .3896E+00 .1910E+00 .3951E-01
.3675E+03 .1282E+01 .4057E+00 .1975E+00 .3689E+00 .1714E+00 .4057E+00 .1528E+00 .5584E+00 .4057E+00 .1975E+00 .4124E-01
.3680E+03 .1120E+01 .3562E+00 .1722E+00 .3228E+00 .1505E+00 .3562E+00 .1333E+00 .4895E+00 .3562E+00 .1722E+00 .3631E-01
.3685E+03 .1128E+01 .3611E+00 .1733E+00 .3259E+00 .1526E+00 .3611E+00 .1343E+00 .4953E+00 .3611E+00 .1733E+00 .3688E-01
.3690E+03 .1216E+01 .3917E+00 .1866E+00 .3522E+00 .1655E+00 .3917E+00 .1447E+00 .5364E+00 .3917E+00 .1866E+00 .4009E-01
.3695E+03 .1294E+01 .4194E+00 .1984E+00 .3757E+00 .1773E+00 .4194E+00 .1539E+00 .5734E+00 .4194E+00 .1984E+00 .4302E-01
.3700E+03 .1377E+01 .4492E+00 .2109E+00 .4008E+00 .1898E+00 .4492E+00 .1638E+00 .6130E+00 .4492E+00 .2109E+00 .4617E-01
.3705E+03 .1067E+01 .3501E+00 .1632E+00 .3112E+00 .1480E+00 .3501E+00 .1269E+00 .4770E+00 .3501E+00 .1632E+00 .3606E-01
.3710E+03 .1138E+01 .3757E+00 .1739E+00 .3327E+00 .1588E+00 .3757E+00 .1353E+00 .5110E+00 .3757E+00 .1739E+00 .3878E-01
.3715E+03 .1422E+01 .4718E+00 .2169E+00 .4163E+00 .1994E+00 .4718E+00 .1688E+00 .6406E+00 .4718E+00 .2169E+00 .4881E-01
.3720E+03 .9428E+00 .3143E+00 .1435E+00 .2763E+00 .1328E+00 .3143E+00 .1118E+00 .4261E+00 .3143E+00 .1435E+00 .3259E-01
.3725E+03 .1129E+01 .3783E+00 .1716E+00 .3315E+00 .1599E+00 .3783E+00 .1338E+00 .5121E+00 .3783E+00 .1716E+00 .3932E-01
.3730E+03 .1146E+01 .3864E+00 .1740E+00 .3373E+00 .1633E+00 .3864E+00 .1358E+00 .5222E+00 .3864E+00 .1740E+00 .4025E-01
.3735E+03 .7441E+00 .2524E+00 .1129E+00 .2195E+00 .1067E+00 .2524E+00 .8814E-01 .3405E+00 .2524E+00 .1129E+00 .2636E-01
.3740E+03 .1080E+01 .3681E+00 .1635E+00 .3191E+00 .1556E+00 .3681E+00 .1278E+00 .4959E+00 .3681E+00 .1635E+00 .3853E-01
.3745E+03 .8925E+00 .3061E+00 .1350E+00 .2644E+00 .1294E+00 .3061E+00 .1056E+00 .4117E+00 .3061E+00 .1350E+00 .3210E-01
.3750E+03 .8666E+00 .2986E+00 .1308E+00 .2570E+00 .1262E+00 .2986E+00 .1024E+00 .4010E+00 .2986E+00 .1308E+00 .3139E-01
.3755E+03 .1293E+01 .4474E+00 .1947E+00 .3838E+00 .1891E+00 .4474E+00 .1526E+00 .6000E+00 .4474E+00 .1947E+00 .4713E-01
.3760E+03 .1071E+01 .3722E+00 .1609E+00 .3182E+00 .1573E+00 .3722E+00 .1262E+00 .4984E+00 .3722E+00 .1609E+00 .3930E-01
.3765E+03 .1109E+01 .3871E+00 .1663E+00 .3299E+00 .1636E+00 .3871E+00 .1305E+00 .5176E+00 .3871E+00 .1663E+00 .4096E-01
.3770E+03 .1172E+01 .4114E+00 .1756E+00 .3494E+00 .1739E+00 .4114E+00 .1379E+00 .5493E+00 .4114E+00 .1756E+00 .4363E-01
.3775E+03 .1369E+01 .4832E+00 .2048E+00 .4090E+00 .2042E+00 .4832E+00 .1610E+00 .6442E+00 .4832E+00 .2048E+00 .5135E-01
.3780E+03 .1483E+01 .5257E+00 .2214E+00 .4436E+00 .2222E+00 .5257E+00 .1742E+00 .6999E+00 .5257E+00 .2214E+00 .5598E-01
.3785E+03 .1401E+01 .4988E+00 .2086E+00 .4194E+00 .2108E+00 .4988E+00 .1642E+00 .6630E+00 .4988E+00 .2086E+00 .5299E-01
.3790E+03 .1156E+01 .4131E+00 .1716E+00 .3462E+00 .1746E+00 .4131E+00 .1351E+00 .5482E+00 .4131E+00 .1716E+00 .4379E-01
.3795E+03 .1056E+01 .3786E+00 .1563E+00 .3163E+00 .1600E+00 .3786E+00 .1231E+00 .5017E+00 .3786E+00 .1563E+00 .4004E-01
.3800E+03 .1097E+01 .3950E+00 .1620E+00 .3289E+00 .1669E+00 .3950E+00 .1276E+00 .5226E+00 .3950E+00 .1620E+00 .4168E-01
.3805E+03 .1326E+01 .4802E+00 .1955E+00 .3985E+00 .2029E+00 .4802E+00 .1541E+00 .6343E+00 .4802E+00 .1955E+00 .5054E-01
.3810E+03 .1326E+01 .4829E+00 .1953E+00 .3994E+00 .2041E+00 .4829E+00 .1540E+00 .6369E+00 .4829E+00 .1953E+00 .5069E-01
.3815E+03 .1049E+01 .3841E+00 .1542E+00 .3166E+00 .1623E+00 .3841E+00 .1217E+00 .5058E+00 .3841E+00 .1542E+00 .4021E-01
.3820E+03 .9294E+00 .3423E+00 .1365E+00 .2811E+00 .1447E+00 .3423E+00 .1077E+00 .4500E+00 .3423E+00 .1365E+00 .3573E-01
.3825E+03 .7904E+00 .2928E+00 .1160E+00 .2397E+00 .1237E+00 .2928E+00 .9156E-01 .3843E+00 .2928E+00 .1160E+00 .3048E-01
.3830E+03 .7305E+00 .2720E+00 .1070E+00 .2219E+00 .1149E+00 .2720E+00 .8450E-01 .3565E+00 .2720E+00 .1070E+00 .2824E-01
.3835E+03 .7025E+00 .2628E+00 .1027E+00 .2137E+00 .1110E+00 .2628E+00 .8118E-01 .3439E+00 .2628E+00 .1027E+00 .2732E-01
.3840E+03 .7739E+00 .2907E+00 .1129E+00 .2358E+00 .1229E+00 .2907E+00 .8933E-01 .3801E+00 .2907E+00 .1129E+00 .3027E-01
.3845E+03 .1137E+01 .4291E+00 .1656E+00 .3469E+00 .1813E+00 .4291E+00 .1311E+00 .5602E+00 .4291E+00 .1656E+00 .4474E-01
.3850E+03 .1126E+01 .4269E+00 .1637E+00 .3441E+00 .1804E+00 .4269E+00 .1297E+00 .5567E+00 .4269E+00 .1637E+00 .4457E-01
.3855E+03 .1047E+01 .3990E+00 .1520E+00 .3206E+00 .1686E+00 .3990E+00 .1205E+00 .5196E+00 .3990E+00 .1520E+00 .4170E-01
.3860E+03 .8952E+00 .3430E+00 .1298E+00 .2748E+00 .1449E+00 .3430E+00 .1030E+00 .4460E+00 .3430E+00 .1298E+00 .3583E-01
.3865E+03 .1174E+01 .4521E+00 .1700E+00 .3611E+00 .1911E+00 .4521E+00 .1350E+00 .5871E+00 .4521E+00 .1700E+00 .4720E-01
.3870E+03 .9746E+00 .3769E+00 .1408E+00 .3001E+00 .1593E+00 .3769E+00 .1119E+00 .4888E+00 .3769E+00 .1408E+00 .3933E-01
.3875E+03 .1094E+01 .4247E+00 .1577E+00 .3372E+00 .1795E+00 .4247E+00 .1254E+00 .5501E+00 .4247E+00 .1577E+00 .4429E-01
.3880E+03 .1009E+01 .3934E+00 .1452E+00 .3114E+00 .1663E+00 .3934E+00 .1155E+00 .5089E+00 .3934E+00 .1452E+00 .4100E-01
.3885E+03 .9956E+00 .3902E+00 .1431E+00 .3080E+00 .1649E+00 .3902E+00 .1139E+00 .5041E+00 .3902E+00 .1431E+00 .4065E-01
.3890E+03 .1074E+01 .4225E+00 .1540E+00 .3325E+00 .1786E+00 .4225E+00 .1226E+00 .5452E+00 .4225E+00 .1540E+00 .4400E-01
.3895E+03 .1299E+01 .5134E+00 .1859E+00 .4029E+00 .2170E+00 .5134E+00 .1481E+00 .6615E+00 .5134E+00 .1859E+00 .5344E-01
.3900E+03 .1302E+01 .5169E+00 .1860E+00 .4044E+00 .2185E+00 .5169E+00 .1483E+00 .6652E+00 .5169E+00 .1860E+00 .5378E-01
.3905E+03 .1197E+01 .4772E+00 .1706E+00 .3723E+00 .2017E+00 .4772E+00 .1361E+00 .6133E+00 .4772E+00 .1706E+00 .4962E-01
.3910E+03 .1407E+01 .5635E+00 .2002E+00 .4384E+00 .2381E+00 .5635E+00 .1598E+00 .7233E+00 .5635E+00 .2002E+00 .5854E-01
.3915E+03 .1434E+01 .5764E+00 .2036E+00 .4472E+00 .2436E+00 .5764E+00 .1626E+00 .7391E+00 .5764E+00 .2036E+00 .5985E-01
.3920E+03 .1207E+01 .4870E+00 .1709E+00 .3767E+00 .2058E+00 .4870E+00 .1366E+00 .6236E+00 .4870E+00 .1709E+00 .5052E-01
.3925E+03 .1079E+01 .4374E+00 .1526E+00 .3374E+00 .1848E+00 .4374E+00 .1220E+00 .5594E+00 .4374E+00 .1526E+00 .4534E-01
.3930E+03 .5993E+00 .2441E+00 .8464E-01 .1878E+00 .1032E+00 .2441E+00 .6773E-01 .3119E+00 .2441E+00 .8464E-01 .2530E-01
.3935E+03 .4350E+00 .1780E+00 .6134E-01 .1366E+00 .7523E-01 .1780E+00 .4913E-01 .2271E+00 .1780E+00 .6134E-01 .1848E-01
.3940E+03 .8843E+00 .3633E+00 .1244E+00 .2780E+00 .1535E+00 .3633E+00 .9976E-01 .4630E+00 .3633E+00 .1244E+00 .3778E-01
.3945E+03 .1123E+01 .4632E+00 .1578E+00 .3535E+00 .1958E+00 .4632E+00 .1266E+00 .5898E+00 .4632E+00 .1578E+00 .4826E-01
.3950E+03 .1369E+01 .5667E+00 .1919E+00 .4314E+00 .2395E+00 .5667E+00 .1541E+00 .7208E+00 .5667E+00 .1919E+00 .5916E-01
.3955E+03 .1390E+01 .5772E+00 .1943E+00 .4383E+00 .2439E+00 .5772E+00 .1562E+00 .7334E+00 .5772E+00 .1943E+00 .6031E-01
.3960E+03 .1204E+01 .5019E+00 .1680E+00 .3801E+00 .2121E+00 .5019E+00 .1351E+00 .6370E+00 .5019E+00 .1680E+00 .5243E-01
.3965E+03 .7024E+00 .2943E+00 .9790E-01 .2223E+00 .1244E+00 .2943E+00 .7878E-01 .3731E+00 .2943E+00 .9790E-01 .3073E-01
.3970E+03 .5264E+00 .2216E+00 .7325E-01 .1669E+00 .9363E-01 .2216E+00 .5898E-01 .2805E+00 .2216E+00 .7325E-01 .2313E-01
.3975E+03 .1070E+01 .4518E+00 .1485E+00 .3395E+00 .1910E+00 .4518E+00 .1197E+00 .5715E+00 .4518E+00 .1485E+00 .4715E-01
.3980E+03 .1498E+01 .6343E+00 .2073E+00 .4754E+00 .2680E+00 .6343E+00 .1672E+00 .8014E+00 .6343E+00 .2073E+00 .6624E-01
.3985E+03 .1547E+01 .6573E+00 .2136E+00 .4914E+00 .2778E+00 .6573E+00 .1724E+00 .8297E+00 .6573E+00 .2136E+00 .6876E-01
.3990E+03 .1671E+01 .7140E+00 .2307E+00 .5324E+00 .3018E+00 .7140E+00 .1863E+00 .9003E+00 .7140E+00 .2307E+00 .7480E-01
.3995E+03 .1664E+01 .7136E+00 .2292E+00 .5308E+00 .3016E+00 .7136E+00 .1853E+00 .8989E+00 .7136E+00 .2292E+00 .7487E-01
.4000E+03 .1728E+01 .7427E+00 .2373E+00 .5512E+00 .3139E+00 .7427E+00 .1920E+00 .9347E+00 .7427E+00 .2373E+00 .7807E-01
.4010E+03 .1770E+01 .7668E+00 .2398E+00 .5638E+00 .3241E+00 .7668E+00 .1944E+00 .9612E+00 .7668E+00 .2398E+00 .8030E-01
.4020E+03 .1862E+01 .8135E+00 .2515E+00 .5952E+00 .3438E+00 .8135E+00 .2042E+00 .1018E+01 .8135E+00 .2515E+00 .8513E-01
.4030E+03 .1764E+01 .7769E+00 .2375E+00 .5658E+00 .3283E+00 .7769E+00 .1931E+00 .9700E+00 .7769E+00 .2375E+00 .8134E-01
.4040E+03 .1734E+01 .7686E+00 .2325E+00 .5573E+00 .3248E+00 .7686E+00 .1894E+00 .9579E+00 .7686E+00 .2325E+00 .8076E-01
.4050E+03 .1731E+01 .7720E+00 .2311E+00 .5574E+00 .3263E+00 .7720E+00 .1886E+00 .9606E+00 .7720E+00 .2311E+00 .8141E-01
.4060E+03 .1698E+01 .7635E+00 .2260E+00 .5487E+00 .3227E+00 .7635E+00 .1847E+00 .9482E+00 .7635E+00 .2260E+00 .8054E-01
.4070E+03 .1666E+01 .7551E+00 .2211E+00 .5402E+00 .3191E+00 .7551E+00 .1809E+00 .9360E+00 .7551E+00 .2211E+00 .7964E-01
.4080E+03 .1730E+01 .7879E+00 .2283E+00 .5612E+00 .3330E+00 .7879E+00 .1871E+00 .9750E+00 .7879E+00 .2283E+00 .8332E-01
.4090E+03 .1848E+01 .8472E+00 .2430E+00 .6010E+00 .3580E+00 .8472E+00 .1997E+00 .1047E+01 .8472E+00 .2430E+00 .9023E-01
.4100E+03 .1611E+01 .7435E+00 .2111E+00 .5254E+00 .3142E+00 .7435E+00 .1739E+00 .9174E+00 .7435E+00 .2111E+00 .7979E-01
.4110E+03 .1741E+01 .8091E+00 .2274E+00 .5693E+00 .3419E+00 .8091E+00 .1877E+00 .9967E+00 .8091E+00 .2274E+00 .8711E-01
.4120E+03 .1864E+01 .8729E+00 .2428E+00 .6117E+00 .3689E+00 .8729E+00 .2008E+00 .1074E+01 .8729E+00 .2428E+00 .9433E-01
.4130E+03 .1817E+01 .8545E+00 .2355E+00 .5966E+00 .3611E+00 .8545E+00 .1951E+00 .1050E+01 .8545E+00 .2355E+00 .9271E-01
.4140E+03 .1835E+01 .8692E+00 .2371E+00 .6044E+00 .3673E+00 .8692E+00 .1968E+00 .1066E+01 .8692E+00 .2371E+00 .9461E-01
.4150E+03 .1835E+01 .8752E+00 .2363E+00 .6061E+00 .3699E+00 .8752E+00 .1965E+00 .1072E+01 .8752E+00 .2363E+00 .9555E-01
.4160E+03 .1862E+01 .8947E+00 .2390E+00 .6171E+00 .3781E+00 .8947E+00 .1990E+00 .1094E+01 .8947E+00 .2390E+00 .9770E-01
.4170E+03 .1814E+01 .8764E+00 .2317E+00 .6021E+00 .3704E+00 .8764E+00 .1933E+00 .1070E+01 .8764E+00 .2317E+00 .9572E-01
.4180E+03 .1778E+01 .8638E+00 .2262E+00 .5912E+00 .3651E+00 .8638E+00 .1889E+00 .1053E+01 .8638E+00 .2262E+00 .9438E-01
.4190E+03 .1798E+01 .8787E+00 .2278E+00 .5991E+00 .3713E+00 .8787E+00 .1906E+00 .1069E+01 .8787E+00 .2278E+00 .9606E-01
.4200E+03 .1788E+01 .8783E+00 .2255E+00 .5967E+00 .3712E+00 .8783E+00 .1889E+00 .1067E+01 .8783E+00 .2255E+00 .9605E-01
.4210E+03 .1867E+01 .9227E+00 .2345E+00 .6244E+00 .3899E+00 .9227E+00 .1968E+00 .1119E+01 .9227E+00 .2345E+00 .1009E+00
.4220E+03 .1772E+01 .8805E+00 .2215E+00 .5937E+00 .3721E+00 .8805E+00 .1862E+00 .1067E+01 .8805E+00 .2215E+00 .9630E-01
.4230E+03 .1728E+01 .8635E+00 .2151E+00 .5800E+00 .3649E+00 .8635E+00 .1810E+00 .1045E+01 .8635E+00 .2151E+00 .9444E-01
.4240E+03 .1826E+01 .9169E+00 .2262E+00 .6137E+00 .3875E+00 .9169E+00 .1906E+00 .1108E+01 .9169E+00 .2262E+00 .1003E+00
.4250E+03 .1819E+01 .9192E+00 .2245E+00 .6129E+00 .3885E+00 .9192E+00 .1895E+00 .1109E+01 .9192E+00 .2245E+00 .1006E+00
.4260E+03 .1766E+01 .8988E+00 .2174E+00 .5972E+00 .3798E+00 .8988E+00 .1839E+00 .1083E+01 .8988E+00 .2174E+00 .9869E-01
.4270E+03 .1731E+01 .8850E+00 .2121E+00 .5861E+00 .3740E+00 .8850E+00 .1798E+00 .1065E+01 .8850E+00 .2121E+00 .9754E-01
.4280E+03 .1685E+01 .8650E+00 .2055E+00 .5711E+00 .3656E+00 .8650E+00 .1746E+00 .1040E+01 .8650E+00 .2055E+00 .9572E-01
.4290E+03 .1591E+01 .8226E+00 .1937E+00 .5413E+00 .3477E+00 .8226E+00 .1649E+00 .9875E+00 .8226E+00 .1937E+00 .9137E-01
.4300E+03 .1390E+01 .7224E+00 .1685E+00 .4738E+00 .3053E+00 .7224E+00 .1438E+00 .8661E+00 .7224E+00 .1685E+00 .8047E-01
.4310E+03 .1378E+01 .7184E+00 .1661E+00 .4697E+00 .3036E+00 .7184E+00 .1419E+00 .8603E+00 .7184E+00 .1661E+00 .8003E-01
.4320E+03 .1774E+01 .9313E+00 .2131E+00 .6067E+00 .3936E+00 .9313E+00 .1824E+00 .1114E+01 .9313E+00 .2131E+00 .1037E+00
.4330E+03 .1781E+01 .9397E+00 .2130E+00 .6102E+00 .3971E+00 .9397E+00 .1826E+00 .1122E+01 .9397E+00 .2130E+00 .1047E+00
.4340E+03 .1653E+01 .8753E+00 .1967E+00 .5666E+00 .3699E+00 .8753E+00 .1689E+00 .1044E+01 .8753E+00 .1967E+00 .9758E-01
.4350E+03 .1726E+01 .9170E+00 .2043E+00 .5919E+00 .3875E+00 .9170E+00 .1758E+00 .1093E+01 .9170E+00 .2043E+00 .1025E+00
.4360E+03 .1939E+01 .1037E+01 .2291E+00 .6673E+00 .4382E+00 .1037E+01 .1976E+00 .1234E+01 .1037E+01 .2291E+00 .1167E+00
.4370E+03 .1907E+01 .1026E+01 .2247E+00 .6585E+00 .4338E+00 .1026E+01 .1944E+00 .1221E+01 .1026E+01 .2247E+00 .1163E+00
.4380E+03 .1733E+01 .9378E+00 .2035E+00 .5998E+00 .3963E+00 .9378E+00 .1765E+00 .1114E+01 .9378E+00 .2035E+00 .1070E+00
.4390E+03 .1796E+01 .9721E+00 .2093E+00 .6201E+00 .4108E+00 .9721E+00 .1820E+00 .1154E+01 .9721E+00 .2093E+00 .1117E+00
.4400E+03 .1849E+01 .1007E+01 .2147E+00 .6401E+00 .4254E+00 .1007E+01 .1872E+00 .1194E+01 .1007E+01 .2147E+00 .1161E+00
.4410E+03 .1911E+01 .1047E+01 .2212E+00 .6637E+00 .4425E+00 .1047E+01 .1932E+00 .1240E+01 .1047E+01 .2212E+00 .1208E+00
.4420E+03 .2047E+01 .1126E+01 .2357E+00 .7115E+00 .4758E+00 .1126E+01 .2062E+00 .1332E+01 .1126E+01 .2357E+00 .1300E+00
.4430E+03 .1996E+01 .1097E+01 .2280E+00 .6917E+00 .4637E+00 .1097E+01 .1999E+00 .1297E+01 .1097E+01 .2280E+00 .1271E+00
.4440E+03 .2035E+01 .1126E+01 .2320E+00 .7080E+00 .4760E+00 .1126E+01 .2039E+00 .1330E+01 .1126E+01 .2320E+00 .1309E+00
.4450E+03 .1992E+01 .1104E+01 .2258E+00 .6925E+00 .4667E+00 .1104E+01 .1988E+00 .1303E+01 .1104E+01 .2258E+00 .1286E+00
.4460E+03 .1895E+01 .1057E+01 .2144E+00 .6612E+00 .4468E+00 .1057E+01 .1891E+00 .1246E+01 .1057E+01 .2144E+00 .1233E+00
.4470E+03 .2043E+01 .1148E+01 .2307E+00 .7157E+00 .4851E+00 .1148E+01 .2038E+00 .1352E+01 .1148E+01 .2307E+00 .1339E+00
.4480E+03 .2078E+01 .1169E+01 .2330E+00 .7269E+00 .4939E+00 .1169E+01 .2062E+00 .1375E+01 .1169E+01 .2330E+00 .1365E+00
.4490E+03 .2078E+01 .1177E+01 .2325E+00 .7301E+00 .4976E+00 .1177E+01 .2062E+00 .1384E+01 .1177E+01 .2325E+00 .1375E+00
.4500E+03 .2132E+01 .1214E+01 .2376E+00 .7507E+00 .5131E+00 .1214E+01 .2111E+00 .1425E+01 .1214E+01 .2376E+00 .1418E+00
.4510E+03 .2209E+01 .1263E+01 .2450E+00 .7787E+00 .5337E+00 .1263E+01 .2181E+00 .1481E+01 .1263E+01 .2450E+00 .1476E+00
.4520E+03 .2126E+01 .1220E+01 .2348E+00 .7503E+00 .5155E+00 .1220E+01 .2094E+00 .1429E+01 .1220E+01 .2348E+00 .1428E+00
.4530E+03 .1997E+01 .1150E+01 .2197E+00 .7058E+00 .4862E+00 .1150E+01 .1964E+00 .1347E+01 .1150E+01 .2197E+00 .1351E+00
.4540E+03 .2080E+01 .1204E+01 .2281E+00 .7370E+00 .5089E+00 .1204E+01 .2044E+00 .1409E+01 .1204E+01 .2281E+00 .1420E+00
.4550E+03 .2092E+01 .1215E+01 .2282E+00 .7416E+00 .5134E+00 .1215E+01 .2049E+00 .1420E+01 .1215E+01 .2282E+00 .1435E+00
.4560E+03 .2139E+01 .1247E+01 .2322E+00 .7592E+00 .5270E+00 .1247E+01 .2089E+00 .1456E+01 .1247E+01 .2322E+00 .1474E+00
.4570E+03 .2173E+01 .1271E+01 .2345E+00 .7717E+00 .5372E+00 .1271E+01 .2114E+00 .1482E+01 .1271E+01 .2345E+00 .1504E+00
.4580E+03 .2101E+01 .1231E+01 .2251E+00 .7453E+00 .5201E+00 .1231E+01 .2035E+00 .1434E+01 .1231E+01 .2251E+00 .1461E+00
.4590E+03 .2087E+01 .1228E+01 .2225E+00 .7413E+00 .5188E+00 .1228E+01 .2016E+00 .1429E+01 .1228E+01 .2225E+00 .1462E+00
.4600E+03 .2093E+01 .1234E+01 .2218E+00 .7433E+00 .5215E+00 .1234E+01 .2015E+00 .1435E+01 .1234E+01 .2218E+00 .1475E+00
.4610E+03 .2139E+01 .1266E+01 .2256E+00 .7604E+00 .5348E+00 .1266E+01 .2054E+00 .1471E+01 .1266E+01 .2256E+00 .1517E+00
.4620E+03 .2151E+01 .1279E+01 .2261E+00 .7664E+00 .5403E+00 .1279E+01 .2065E+00 .1485E+01 .1279E+01 .2261E+00 .1539E+00
.4630E+03 .2137E+01 .1272E+01 .2235E+00 .7611E+00 .5376E+00 .1272E+01 .2047E+00 .1477E+01 .1272E+01 .2235E+00 .1542E+00
.4640E+03 .2096E+01 .1254E+01 .2188E+00 .7486E+00 .5298E+00 .1254E+01 .2010E+00 .1455E+01 .1254E+01 .2188E+00 .1529E+00
.4650E+03 .2064E+01 .1241E+01 .2150E+00 .7395E+00 .5245E+00 .1241E+01 .1979E+00 .1439E+01 .1241E+01 .2150E+00 .1517E+00
.4660E+03 .2080E+01 .1256E+01 .2160E+00 .7469E+00 .5309E+00 .1256E+01 .1992E+00 .1455E+01 .1256E+01 .2160E+00 .1537E+00
.4670E+03 .2044E+01 .1235E+01 .2108E+00 .7330E+00 .5221E+00 .1235E+01 .1948E+00 .1430E+01 .1235E+01 .2108E+00 .1512E+00
.4680E+03 .2067E+01 .1253E+01 .2120E+00 .7417E+00 .5296E+00 .1253E+01 .1962E+00 .1449E+01 .1253E+01 .2120E+00 .1530E+00
.4690E+03 .2077E+01 .1263E+01 .2118E+00 .7455E+00 .5337E+00 .1263E+01 .1963E+00 .1459E+01 .1263E+01 .2118E+00 .1539E+00
.4700E+03 .2011E+01 .1224E+01 .2038E+00 .7213E+00 .5174E+00 .1224E+01 .1894E+00 .1414E+01 .1224E+01 .2038E+00 .1500E+00
.4710E+03 .2007E+01 .1226E+01 .2027E+00 .7208E+00 .5182E+00 .1226E+01 .1889E+00 .1415E+01 .1226E+01 .2027E+00 .1511E+00
.4720E+03 .2115E+01 .1295E+01 .2125E+00 .7596E+00 .5471E+00 .1295E+01 .1986E+00 .1493E+01 .1295E+01 .2125E+00 .1602E+00
.4730E+03 .2088E+01 .1281E+01 .2087E+00 .7501E+00 .5413E+00 .1281E+01 .1955E+00 .1476E+01 .1281E+01 .2087E+00 .1587E+00
.4740E+03 .2095E+01 .1286E+01 .2080E+00 .7514E+00 .5434E+00 .1286E+01 .1952E+00 .1481E+01 .1286E+01 .2080E+00 .1595E+00
.4750E+03 .2117E+01 .1300E+01 .2087E+00 .7583E+00 .5495E+00 .1300E+01 .1964E+00 .1497E+01 .1300E+01 .2087E+00 .1618E+00
.4760E+03 .2059E+01 .1265E+01 .2014E+00 .7360E+00 .5345E+00 .1265E+01 .1901E+00 .1455E+01 .1265E+01 .2014E+00 .1579E+00
.4770E+03 .2068E+01 .1272E+01 .2008E+00 .7382E+00 .5374E+00 .1272E+01 .1899E+00 .1462E+01 .1272E+01 .2008E+00 .1590E+00
.4780E+03 .2122E+01 .1310E+01 .2049E+00 .7583E+00 .5534E+00 .1310E+01 .1943E+00 .1504E+01 .1310E+01 .2049E+00 .1638E+00
.4790E+03 .2104E+01 .1304E+01 .2021E+00 .7530E+00 .5509E+00 .1304E+01 .1920E+00 .1496E+01 .1304E+01 .2021E+00 .1631E+00
.4800E+03 .2103E+01 .1308E+01 .2009E+00 .7538E+00 .5529E+00 .1308E+01 .1916E+00 .1500E+01 .1308E+01 .2009E+00 .1643E+00
.4810E+03 .2136E+01 .1335E+01 .2033E+00 .7676E+00 .5643E+00 .1335E+01 .1944E+00 .1530E+01 .1335E+01 .2033E+00 .1682E+00
.4820E+03 .2141E+01 .1345E+01 .2030E+00 .7714E+00 .5683E+00 .1345E+01 .1947E+00 .1539E+01 .1345E+01 .2030E+00 .1697E+00
.4830E+03 .2109E+01 .1331E+01 .1995E+00 .7620E+00 .5625E+00 .1331E+01 .1916E+00 .1523E+01 .1331E+01 .1995E+00 .1681E+00
.4840E+03 .2063E+01 .1306E+01 .1944E+00 .7464E+00 .5520E+00 .1306E+01 .1872E+00 .1493E+01 .1306E+01 .1944E+00 .1651E+00
.4850E+03 .1963E+01 .1246E+01 .1843E+00 .7107E+00 .5264E+00 .1246E+01 .1777E+00 .1423E+01 .1246E+01 .1843E+00 .1577E+00
.4860E+03 .1713E+01 .1091E+01 .1603E+00 .6213E+00 .4610E+00 .1091E+01 .1549E+00 .1246E+01 .1091E+01 .1603E+00 .1382E+00
.4870E+03 .1792E+01 .1146E+01 .1672E+00 .6513E+00 .4841E+00 .1146E+01 .1619E+00 .1307E+01 .1146E+01 .1672E+00 .1453E+00
.4880E+03 .1966E+01 .1259E+01 .1824E+00 .7143E+00 .5319E+00 .1259E+01 .1770E+00 .1436E+01 .1259E+01 .1824E+00 .1598E+00
.4890E+03 .1974E+01 .1265E+01 .1819E+00 .7164E+00 .5344E+00 .1265E+01 .1770E+00 .1442E+01 .1265E+01 .1819E+00 .1608E+00
.4900E+03 .2073E+01 .1333E+01 .1903E+00 .7538E+00 .5635E+00 .1333E+01 .1857E+00 .1519E+01 .1333E+01 .1903E+00 .1702E+00
.4910E+03 .2034E+01 .1313E+01 .1860E+00 .7410E+00 .5550E+00 .1313E+01 .1821E+00 .1495E+01 .1313E+01 .1860E+00 .1682E+00
.4920E+03 .1920E+01 .1243E+01 .1747E+00 .6998E+00 .5251E+00 .1243E+01 .1714E+00 .1414E+01 .1243E+01 .1747E+00 .1594E+00
.4930E+03 .1982E+01 .1285E+01 .1795E+00 .7227E+00 .5432E+00 .1285E+01 .1765E+00 .1462E+01 .1285E+01 .1795E+00 .1651E+00
.4940E+03 .2001E+01 .1300E+01 .1803E+00 .7297E+00 .5494E+00 .1300E+01 .1777E+00 .1478E+01 .1300E+01 .1803E+00 .1673E+00
.4950E+03 .2017E+01 .1313E+01 .1808E+00 .7358E+00 .5550E+00 .1313E+01 .1788E+00 .1492E+01 .1313E+01 .1808E+00 .1696E+00
.4960E+03 .2029E+01 .1323E+01 .1809E+00 .7401E+00 .5592E+00 .1323E+01 .1793E+00 .1502E+01 .1323E+01 .1809E+00 .1714E+00
.4970E+03 .2060E+01 .1346E+01 .1826E+00 .7517E+00 .5690E+00 .1346E+01 .1816E+00 .1528E+01 .1346E+01 .1826E+00 .1750E+00
.4980E+03 .1963E+01 .1286E+01 .1730E+00 .7164E+00 .5434E+00 .1286E+01 .1726E+00 .1458E+01 .1286E+01 .1730E+00 .1677E+00
.4990E+03 .1989E+01 .1305E+01 .1740E+00 .7254E+00 .5514E+00 .1305E+01 .1742E+00 .1479E+01 .1305E+01 .1740E+00 .1705E+00
.5000E+03 .1933E+01 .1269E+01 .1687E+00 .7048E+00 .5362E+00 .1269E+01 .1690E+00 .1438E+01 .1269E+01 .1687E+00 .1659E+00
.5010E+03 .1900E+01 .1247E+01 .1644E+00 .6914E+00 .5271E+00 .1247E+01 .1652E+00 .1412E+01 .1247E+01 .1644E+00 .1632E+00
.5020E+03 .1879E+01 .1229E+01 .1607E+00 .6801E+00 .5194E+00 .1229E+01 .1619E+00 .1391E+01 .1229E+01 .1607E+00 .1610E+00
.5030E+03 .1962E+01 .1278E+01 .1658E+00 .7060E+00 .5402E+00 .1278E+01 .1675E+00 .1446E+01 .1278E+01 .1658E+00 .1676E+00
.5040E+03 .1934E+01 .1229E+01 .1589E+00 .6783E+00 .5194E+00 .1229E+01 .1608E+00 .1390E+01 .1229E+01 .1589E+00 .1617E+00
.5050E+03 .1984E+01 .1294E+01 .1653E+00 .7122E+00 .5469E+00 .1294E+01 .1680E+00 .1462E+01 .1294E+01 .1653E+00 .1706E+00
.5060E+03 .2049E+01 .1334E+01 .1694E+00 .7333E+00 .5639E+00 .1334E+01 .1727E+00 .1507E+01 .1334E+01 .1694E+00 .1765E+00
.5070E+03 .1949E+01 .1270E+01 .1602E+00 .6971E+00 .5368E+00 .1270E+01 .1637E+00 .1434E+01 .1270E+01 .1602E+00 .1682E+00
.5080E+03 .1882E+01 .1235E+01 .1547E+00 .6766E+00 .5219E+00 .1235E+01 .1584E+00 .1393E+01 .1235E+01 .1547E+00 .1637E+00
.5090E+03 .1930E+01 .1274E+01 .1585E+00 .6968E+00 .5383E+00 .1274E+01 .1627E+00 .1436E+01 .1274E+01 .1585E+00 .1692E+00
.5100E+03 .1916E+01 .1270E+01 .1571E+00 .6938E+00 .5368E+00 .1270E+01 .1617E+00 .1432E+01 .1270E+01 .1571E+00 .1693E+00
.5110E+03 .1963E+01 .1309E+01 .1607E+00 .7138E+00 .5531E+00 .1309E+01 .1660E+00 .1475E+01 .1309E+01 .1607E+00 .1750E+00
.5120E+03 .1982E+01 .1326E+01 .1617E+00 .7222E+00 .5606E+00 .1326E+01 .1674E+00 .1494E+01 .1326E+01 .1617E+00 .1775E+00
.5130E+03 .1875E+01 .1259E+01 .1523E+00 .6841E+00 .5319E+00 .1259E+01 .1581E+00 .1417E+01 .1259E+01 .1523E+00 .1685E+00
.5140E+03 .1860E+01 .1252E+01 .1503E+00 .6795E+00 .5291E+00 .1252E+01 .1566E+00 .1409E+01 .1252E+01 .1503E+00 .1680E+00
.5150E+03 .1841E+01 .1241E+01 .1480E+00 .6727E+00 .5247E+00 .1241E+01 .1547E+00 .1396E+01 .1241E+01 .1480E+00 .1672E+00
.5160E+03 .1837E+01 .1241E+01 .1469E+00 .6712E+00 .5243E+00 .1241E+01 .1540E+00 .1395E+01 .1241E+01 .1469E+00 .1676E+00
.5170E+03 .1631E+01 .1104E+01 .1298E+00 .5963E+00 .4665E+00 .1104E+01 .1365E+00 .1240E+01 .1104E+01 .1298E+00 .1496E+00
.5180E+03 .1715E+01 .1162E+01 .1357E+00 .6269E+00 .4912E+00 .1162E+01 .1432E+00 .1305E+01 .1162E+01 .1357E+00 .1581E+00
.5190E+03 .1799E+01 .1220E+01 .1415E+00 .6573E+00 .5158E+00 .1220E+01 .1498E+00 .1370E+01 .1220E+01 .1415E+00 .1663E+00
.5200E+03 .1865E+01 .1266E+01 .1458E+00 .6809E+00 .5351E+00 .1266E+01 .1547E+00 .1421E+01 .1266E+01 .1458E+00 .1726E+00
.5210E+03 .1883E+01 .1280E+01 .1463E+00 .6871E+00 .5408E+00 .1280E+01 .1556E+00 .1435E+01 .1280E+01 .1463E+00 .1747E+00
.5220E+03 .1886E+01 .1282E+01 .1456E+00 .6875E+00 .5420E+00 .1282E+01 .1554E+00 .1438E+01 .1282E+01 .1456E+00 .1757E+00
.5230E+03 .1853E+01 .1262E+01 .1422E+00 .6754E+00 .5332E+00 .1262E+01 .1524E+00 .1414E+01 .1262E+01 .1422E+00 .1735E+00
.5240E+03 .1922E+01 .1308E+01 .1463E+00 .6990E+00 .5527E+00 .1308E+01 .1574E+00 .1465E+01 .1308E+01 .1463E+00 .1807E+00
.5250E+03 .1949E+01 .1325E+01 .1472E+00 .7069E+00 .5598E+00 .1325E+01 .1590E+00 .1483E+01 .1325E+01 .1472E+00 .1839E+00
.5260E+03 .1863E+01 .1268E+01 .1398E+00 .6757E+00 .5359E+00 .1268E+01 .1516E+00 .1420E+01 .1268E+01 .1398E+00 .1767E+00
.5270E+03 .1759E+01 .1195E+01 .1308E+00 .6359E+00 .5051E+00 .1195E+01 .1422E+00 .1337E+01 .1195E+01 .1308E+00 .1667E+00
.5280E+03 .1863E+01 .1266E+01 .1374E+00 .6724E+00 .5350E+00 .1266E+01 .1499E+00 .1416E+01 .1266E+01 .1374E+00 .1768E+00
.5290E+03 .1966E+01 .1335E+01 .1439E+00 .7080E+00 .5641E+00 .1335E+01 .1576E+00 .1492E+01 .1335E+01 .1439E+00 .1873E+00
.5300E+03 .1939E+01 .1318E+01 .1410E+00 .6979E+00 .5569E+00 .1318E+01 .1552E+00 .1473E+01 .1318E+01 .1410E+00 .1858E+00
.5310E+03 .1969E+01 .1339E+01 .1423E+00 .7084E+00 .5661E+00 .1339E+01 .1573E+00 .1497E+01 .1339E+01 .1423E+00 .1897E+00
.5320E+03 .1902E+01 .1296E+01 .1367E+00 .6843E+00 .5475E+00 .1296E+01 .1516E+00 .1447E+01 .1296E+01 .1367E+00 .1841E+00
.5330E+03 .1846E+01 .1259E+01 .1321E+00 .6643E+00 .5322E+00 .1259E+01 .1469E+00 .1406E+01 .1259E+01 .1321E+00 .1796E+00
.5340E+03 .1899E+01 .1298E+01 .1353E+00 .6839E+00 .5487E+00 .1298E+01 .1510E+00 .1449E+01 .1298E+01 .1353E+00 .1856E+00
.5350E+03 .1938E+01 .1328E+01 .1375E+00 .6986E+00 .5610E+00 .1328E+01 .1540E+00 .1482E+01 .1328E+01 .1375E+00 .1904E+00
.5360E+03 .1954E+01 .1341E+01 .1381E+00 .7046E+00 .5666E+00 .1341E+01 .1551E+00 .1496E+01 .1341E+01 .1381E+00 .1926E+00
.5370E+03 .1875E+01 .1289E+01 .1320E+00 .6768E+00 .5449E+00 .1289E+01 .1486E+00 .1438E+01 .1289E+01 .1320E+00 .1855E+00
.5380E+03 .1907E+01 .1314E+01 .1336E+00 .6887E+00 .5551E+00 .1314E+01 .1509E+00 .1464E+01 .1314E+01 .1336E+00 .1892E+00
.5390E+03 .1891E+01 .1304E+01 .1319E+00 .6832E+00 .5513E+00 .1304E+01 .1496E+00 .1454E+01 .1304E+01 .1319E+00 .1889E+00
.5400E+03 .1814E+01 .1250E+01 .1257E+00 .6538E+00 .5282E+00 .1250E+01 .1431E+00 .1393E+01 .1250E+01 .1257E+00 .1820E+00
.5410E+03 .1832E+01 .1254E+01 .1254E+00 .6555E+00 .5300E+00 .1254E+01 .1436E+00 .1398E+01 .1254E+01 .1254E+00 .1831E+00
.5420E+03 .1892E+01 .1295E+01 .1286E+00 .6758E+00 .5472E+00 .1295E+01 .1479E+00 .1443E+01 .1295E+01 .1286E+00 .1892E+00
.5430E+03 .1867E+01 .1289E+01 .1270E+00 .6718E+00 .5448E+00 .1289E+01 .1468E+00 .1436E+01 .1289E+01 .1270E+00 .1887E+00
.5440E+03 .1904E+01 .1308E+01 .1283E+00 .6811E+00 .5529E+00 .1308E+01 .1492E+00 .1457E+01 .1308E+01 .1283E+00 .1929E+00
.5450E+03 .1897E+01 .1307E+01 .1274E+00 .6797E+00 .5523E+00 .1307E+01 .1491E+00 .1456E+01 .1307E+01 .1274E+00 .1941E+00
.5460E+03 .1910E+01 .1308E+01 .1268E+00 .6795E+00 .5527E+00 .1308E+01 .1492E+00 .1457E+01 .1308E+01 .1268E+00 .1948E+00
.5470E+03 .1905E+01 .1312E+01 .1263E+00 .6808E+00 .5545E+00 .1312E+01 .1493E+00 .1461E+01 .1312E+01 .1263E+00 .1956E+00
.5480E+03 .1880E+01 .1300E+01 .1243E+00 .6735E+00 .5493E+00 .1300E+01 .1475E+00 .1447E+01 .1300E+01 .1243E+00 .1940E+00
.5490E+03 .1884E+01 .1307E+01 .1242E+00 .6765E+00 .5523E+00 .1307E+01 .1482E+00 .1455E+01 .1307E+01 .1242E+00 .1957E+00
.5500E+03 .1906E+01 .1325E+01 .1251E+00 .6852E+00 .5601E+00 .1325E+01 .1501E+00 .1475E+01 .1325E+01 .1251E+00 .1990E+00
.5510E+03 .1882E+01 .1312E+01 .1230E+00 .6774E+00 .5544E+00 .1312E+01 .1483E+00 .1460E+01 .1312E+01 .1230E+00 .1973E+00
.5520E+03 .1895E+01 .1323E+01 .1233E+00 .6824E+00 .5591E+00 .1323E+01 .1493E+00 .1472E+01 .1323E+01 .1233E+00 .1992E+00
.5530E+03 .1862E+01 .1300E+01 .1205E+00 .6700E+00 .5496E+00 .1300E+01 .1466E+00 .1447E+01 .1300E+01 .1205E+00 .1962E+00
.5540E+03 .1907E+01 .1333E+01 .1227E+00 .6859E+00 .5632E+00 .1333E+01 .1500E+00 .1483E+01 .1333E+01 .1227E+00 .2017E+00
.5550E+03 .1912E+01 .1336E+01 .1223E+00 .6868E+00 .5646E+00 .1336E+01 .1503E+00 .1486E+01 .1336E+01 .1223E+00 .2028E+00
.5560E+03 .1888E+01 .1319E+01 .1200E+00 .6775E+00 .5575E+00 .1319E+01 .1481E+00 .1467E+01 .1319E+01 .1200E+00 .2004E+00
.5570E+03 .1831E+01 .1279E+01 .1156E+00 .6563E+00 .5407E+00 .1279E+01 .1433E+00 .1423E+01 .1279E+01 .1156E+00 .1945E+00
.5580E+03 .1820E+01 .1270E+01 .1140E+00 .6508E+00 .5369E+00 .1270E+01 .1420E+00 .1412E+01 .1270E+01 .1140E+00 .1933E+00
.5590E+03 .1789E+01 .1247E+01 .1112E+00 .6383E+00 .5272E+00 .1247E+01 .1391E+00 .1386E+01 .1247E+01 .1112E+00 .1900E+00
.5600E+03 .1813E+01 .1265E+01 .1119E+00 .6465E+00 .5346E+00 .1265E+01 .1408E+00 .1406E+01 .1265E+01 .1119E+00 .1929E+00
.5610E+03 .1839E+01 .1283E+01 .1128E+00 .6552E+00 .5424E+00 .1283E+01 .1425E+00 .1426E+01 .1283E+01 .1128E+00 .1959E+00
.5620E+03 .1829E+01 .1276E+01 .1113E+00 .6504E+00 .5391E+00 .1276E+01 .1413E+00 .1417E+01 .1276E+01 .1113E+00 .1949E+00
.5630E+03 .1883E+01 .1312E+01 .1138E+00 .6683E+00 .5545E+00 .1312E+01 .1451E+00 .1457E+01 .1312E+01 .1138E+00 .2009E+00
.5640E+03 .1835E+01 .1278E+01 .1101E+00 .6500E+00 .5399E+00 .1278E+01 .1412E+00 .1419E+01 .1278E+01 .1101E+00 .1961E+00
.5650E+03 .1822E+01 .1268E+01 .1086E+00 .6444E+00 .5358E+00 .1268E+01 .1400E+00 .1408E+01 .1268E+01 .1086E+00 .1952E+00
.5660E+03 .1798E+01 .1250E+01 .1065E+00 .6348E+00 .5284E+00 .1250E+01 .1378E+00 .1388E+01 .1250E+01 .1065E+00 .1927E+00
.5670E+03 .1836E+01 .1274E+01 .1079E+00 .6464E+00 .5386E+00 .1274E+01 .1403E+00 .1415E+01 .1274E+01 .1079E+00 .1967E+00
.5680E+03 .1830E+01 .1258E+01 .1060E+00 .6378E+00 .5318E+00 .1258E+01 .1385E+00 .1397E+01 .1258E+01 .1060E+00 .1947E+00
.5690E+03 .1808E+01 .1213E+01 .1021E+00 .6149E+00 .5128E+00 .1213E+01 .1338E+00 .1347E+01 .1213E+01 .1021E+00 .1884E+00
.5700E+03 .1804E+01 .1223E+01 .1021E+00 .6188E+00 .5167E+00 .1223E+01 .1346E+00 .1357E+01 .1223E+01 .1021E+00 .1903E+00
.5710E+03 .1787E+01 .1227E+01 .1016E+00 .6204E+00 .5187E+00 .1227E+01 .1347E+00 .1362E+01 .1227E+01 .1016E+00 .1912E+00
.5720E+03 .1844E+01 .1250E+01 .1031E+00 .6315E+00 .5283E+00 .1250E+01 .1372E+00 .1387E+01 .1250E+01 .1031E+00 .1951E+00
.5730E+03 .1866E+01 .1267E+01 .1039E+00 .6393E+00 .5354E+00 .1267E+01 .1390E+00 .1406E+01 .1267E+01 .1039E+00 .1984E+00
.5740E+03 .1863E+01 .1266E+01 .1033E+00 .6382E+00 .5349E+00 .1266E+01 .1389E+00 .1405E+01 .1266E+01 .1033E+00 .1991E+00
.5750E+03 .1833E+01 .1243E+01 .1010E+00 .6262E+00 .5251E+00 .1243E+01 .1365E+00 .1379E+01 .1243E+01 .1010E+00 .1963E+00
.5760E+03 .1816E+01 .1234E+01 .9982E-01 .6214E+00 .5216E+00 .1234E+01 .1355E+00 .1370E+01 .1234E+01 .9982E-01 .1952E+00
.5770E+03 .1834E+01 .1250E+01 .1006E+00 .6287E+00 .5282E+00 .1250E+01 .1371E+00 .1387E+01 .1250E+01 .1006E+00 .1980E+00
.5780E+03 .1801E+01 .1236E+01 .9890E-01 .6211E+00 .5222E+00 .1236E+01 .1354E+00 .1371E+01 .1236E+01 .9890E-01 .1962E+00
.5790E+03 .1799E+01 .1243E+01 .9898E-01 .6244E+00 .5254E+00 .1243E+01 .1362E+00 .1379E+01 .1243E+01 .9898E-01 .1980E+00
.5800E+03 .1819E+01 .1267E+01 .1003E+00 .6358E+00 .5355E+00 .1267E+01 .1387E+00 .1406E+01 .1267E+01 .1003E+00 .2023E+00
.5810E+03 .1818E+01 .1274E+01 .1003E+00 .6390E+00 .5386E+00 .1274E+01 .1393E+00 .1414E+01 .1274E+01 .1003E+00 .2036E+00
.5820E+03 .1843E+01 .1299E+01 .1018E+00 .6509E+00 .5492E+00 .1299E+01 .1419E+00 .1441E+01 .1299E+01 .1018E+00 .2078E+00
.5830E+03 .1840E+01 .1304E+01 .1016E+00 .6528E+00 .5512E+00 .1304E+01 .1425E+00 .1447E+01 .1304E+01 .1016E+00 .2094E+00
.5840E+03 .1851E+01 .1315E+01 .1020E+00 .6579E+00 .5559E+00 .1315E+01 .1438E+00 .1459E+01 .1315E+01 .1020E+00 .2122E+00
.5850E+03 .1803E+01 .1283E+01 .9909E-01 .6414E+00 .5423E+00 .1283E+01 .1403E+00 .1424E+01 .1283E+01 .9909E-01 .2077E+00
.5860E+03 .1766E+01 .1254E+01 .9636E-01 .6261E+00 .5298E+00 .1254E+01 .1369E+00 .1390E+01 .1254E+01 .9636E-01 .2028E+00
.5870E+03 .1811E+01 .1272E+01 .9746E-01 .6350E+00 .5375E+00 .1272E+01 .1388E+00 .1411E+01 .1272E+01 .9746E-01 .2057E+00
.5880E+03 .1794E+01 .1211E+01 .9295E-01 .6046E+00 .5116E+00 .1211E+01 .1328E+00 .1343E+01 .1211E+01 .9295E-01 .1968E+00
.5890E+03 .1647E+01 .1033E+01 .7980E-01 .5166E+00 .4368E+00 .1033E+01 .1142E+00 .1148E+01 .1033E+01 .7980E-01 .1691E+00
.5900E+03 .1717E+01 .1084E+01 .8322E-01 .5412E+00 .4579E+00 .1084E+01 .1197E+00 .1203E+01 .1084E+01 .8322E-01 .1780E+00
.5910E+03 .1783E+01 .1165E+01 .8861E-01 .5811E+00 .4925E+00 .1165E+01 .1283E+00 .1294E+01 .1165E+01 .8861E-01 .1918E+00
.5920E+03 .1781E+01 .1146E+01 .8677E-01 .5710E+00 .4842E+00 .1146E+01 .1262E+00 .1272E+01 .1146E+01 .8677E-01 .1891E+00
.5930E+03 .1785E+01 .1183E+01 .8858E-01 .5884E+00 .4998E+00 .1183E+01 .1297E+00 .1312E+01 .1183E+01 .8858E-01 .1952E+00
.5940E+03 .1782E+01 .1171E+01 .8724E-01 .5821E+00 .4949E+00 .1171E+01 .1283E+00 .1299E+01 .1171E+01 .8724E-01 .1936E+00
.5950E+03 .1753E+01 .1127E+01 .8387E-01 .5602E+00 .4764E+00 .1127E+01 .1237E+00 .1251E+01 .1127E+01 .8387E-01 .1868E+00
.5960E+03 .1780E+01 .1208E+01 .8859E-01 .5990E+00 .5105E+00 .1208E+01 .1318E+00 .1340E+01 .1208E+01 .8859E-01 .2005E+00
.5970E+03 .1768E+01 .1192E+01 .8700E-01 .5906E+00 .5036E+00 .1192E+01 .1301E+00 .1322E+01 .1192E+01 .8700E-01 .1984E+00
.5980E+03 .1752E+01 .1200E+01 .8683E-01 .5939E+00 .5071E+00 .1200E+01 .1305E+00 .1330E+01 .1200E+01 .8683E-01 .1998E+00
.5990E+03 .1747E+01 .1210E+01 .8689E-01 .5982E+00 .5113E+00 .1210E+01 .1313E+00 .1341E+01 .1210E+01 .8689E-01 .2016E+00
.6000E+03 .1738E+01 .1225E+01 .8724E-01 .6050E+00 .5177E+00 .1225E+01 .1326E+00 .1358E+01 .1225E+01 .8724E-01 .2044E+00
.6010E+03 .1716E+01 .1225E+01 .8660E-01 .6042E+00 .5176E+00 .1225E+01 .1324E+00 .1357E+01 .1225E+01 .8660E-01 .2049E+00
.6020E+03 .1703E+01 .1218E+01 .8570E-01 .6006E+00 .5149E+00 .1218E+01 .1316E+00 .1350E+01 .1218E+01 .8570E-01 .2043E+00
.6030E+03 .1728E+01 .1241E+01 .8686E-01 .6115E+00 .5246E+00 .1241E+01 .1340E+00 .1375E+01 .1241E+01 .8686E-01 .2084E+00
.6040E+03 .1755E+01 .1263E+01 .8794E-01 .6215E+00 .5336E+00 .1263E+01 .1362E+00 .1399E+01 .1263E+01 .8794E-01 .2123E+00
.6050E+03 .1744E+01 .1259E+01 .8728E-01 .6192E+00 .5319E+00 .1259E+01 .1358E+00 .1394E+01 .1259E+01 .8728E-01 .2121E+00
.6060E+03 .1733E+01 .1257E+01 .8681E-01 .6182E+00 .5313E+00 .1257E+01 .1357E+00 .1393E+01 .1257E+01 .8681E-01 .2125E+00
.6070E+03 .1746E+01 .1273E+01 .8756E-01 .6258E+00 .5382E+00 .1273E+01 .1375E+00 .1411E+01 .1273E+01 .8756E-01 .2158E+00
.6080E+03 .1723E+01 .1262E+01 .8642E-01 .6198E+00 .5334E+00 .1262E+01 .1362E+00 .1398E+01 .1262E+01 .8642E-01 .2141E+00
.6090E+03 .1723E+01 .1266E+01 .8636E-01 .6214E+00 .5351E+00 .1266E+01 .1366E+00 .1403E+01 .1266E+01 .8636E-01 .2150E+00
.6100E+03 .1707E+01 .1257E+01 .8544E-01 .6166E+00 .5312E+00 .1257E+01 .1357E+00 .1393E+01 .1257E+01 .8544E-01 .2140E+00
.6110E+03 .1714E+01 .1265E+01 .8573E-01 .6205E+00 .5347E+00 .1265E+01 .1368E+00 .1402E+01 .1265E+01 .8573E-01 .2160E+00
.6120E+03 .1707E+01 .1262E+01 .8521E-01 .6185E+00 .5333E+00 .1262E+01 .1365E+00 .1398E+01 .1262E+01 .8521E-01 .2160E+00
.6130E+03 .1684E+01 .1246E+01 .8388E-01 .6106E+00 .5267E+00 .1246E+01 .1348E+00 .1381E+01 .1246E+01 .8388E-01 .2137E+00
.6140E+03 .1658E+01 .1230E+01 .8250E-01 .6024E+00 .5199E+00 .1230E+01 .1331E+00 .1363E+01 .1230E+01 .8250E-01 .2112E+00
.6150E+03 .1691E+01 .1259E+01 .8410E-01 .6161E+00 .5320E+00 .1259E+01 .1363E+00 .1395E+01 .1259E+01 .8410E-01 .2167E+00
.6160E+03 .1633E+01 .1219E+01 .8113E-01 .5962E+00 .5150E+00 .1219E+01 .1320E+00 .1351E+01 .1219E+01 .8113E-01 .2103E+00
.6170E+03 .1628E+01 .1217E+01 .8073E-01 .5951E+00 .5143E+00 .1217E+01 .1319E+00 .1349E+01 .1217E+01 .8073E-01 .2106E+00
.6180E+03 .1689E+01 .1264E+01 .8357E-01 .6178E+00 .5342E+00 .1264E+01 .1372E+00 .1401E+01 .1264E+01 .8357E-01 .2194E+00
.6190E+03 .1671E+01 .1252E+01 .8248E-01 .6115E+00 .5290E+00 .1252E+01 .1360E+00 .1388E+01 .1252E+01 .8248E-01 .2180E+00
.6200E+03 .1682E+01 .1259E+01 .8266E-01 .6146E+00 .5320E+00 .1259E+01 .1368E+00 .1396E+01 .1259E+01 .8266E-01 .2198E+00
.6210E+03 .1687E+01 .1257E+01 .8231E-01 .6134E+00 .5311E+00 .1257E+01 .1368E+00 .1394E+01 .1257E+01 .8231E-01 .2201E+00
.6220E+03 .1671E+01 .1227E+01 .8026E-01 .5988E+00 .5185E+00 .1227E+01 .1338E+00 .1361E+01 .1227E+01 .8026E-01 .2154E+00
.6230E+03 .1649E+01 .1194E+01 .7800E-01 .5826E+00 .5046E+00 .1194E+01 .1304E+00 .1324E+01 .1194E+01 .7800E-01 .2100E+00
.6240E+03 .1618E+01 .1182E+01 .7681E-01 .5764E+00 .4995E+00 .1182E+01 .1290E+00 .1311E+01 .1182E+01 .7681E-01 .2081E+00
.6250E+03 .1614E+01 .1192E+01 .7709E-01 .5810E+00 .5039E+00 .1192E+01 .1302E+00 .1323E+01 .1192E+01 .7709E-01 .2108E+00
.6260E+03 .1639E+01 .1212E+01 .7811E-01 .5905E+00 .5123E+00 .1212E+01 .1326E+00 .1345E+01 .1212E+01 .7811E-01 .2152E+00
.6270E+03 .1666E+01 .1221E+01 .7851E-01 .5944E+00 .5159E+00 .1221E+01 .1337E+00 .1354E+01 .1221E+01 .7851E-01 .2174E+00
.6280E+03 .1664E+01 .1131E+01 .7343E-01 .5515E+00 .4780E+00 .1131E+01 .1248E+00 .1256E+01 .1131E+01 .7343E-01 .2021E+00
.6290E+03 .1664E+01 .1191E+01 .7634E-01 .5796E+00 .5032E+00 .1191E+01 .1307E+00 .1321E+01 .1191E+01 .7634E-01 .2127E+00
.6300E+03 .1629E+01 .1172E+01 .7480E-01 .5700E+00 .4952E+00 .1172E+01 .1286E+00 .1300E+01 .1172E+01 .7480E-01 .2096E+00
.6310E+03 .1630E+01 .1207E+01 .7640E-01 .5864E+00 .5100E+00 .1207E+01 .1321E+00 .1339E+01 .1207E+01 .7640E-01 .2160E+00
.6320E+03 .1605E+01 .1187E+01 .7489E-01 .5764E+00 .5016E+00 .1187E+01 .1300E+00 .1317E+01 .1187E+01 .7489E-01 .2130E+00
.6330E+03 .1639E+01 .1232E+01 .7732E-01 .5981E+00 .5208E+00 .1232E+01 .1351E+00 .1367E+01 .1232E+01 .7732E-01 .2221E+00
.6340E+03 .1612E+01 .1226E+01 .7653E-01 .5946E+00 .5180E+00 .1226E+01 .1344E+00 .1360E+01 .1226E+01 .7653E-01 .2217E+00
.6350E+03 .1632E+01 .1245E+01 .7740E-01 .6033E+00 .5259E+00 .1245E+01 .1364E+00 .1381E+01 .1245E+01 .7740E-01 .2253E+00
.6360E+03 .1604E+01 .1229E+01 .7611E-01 .5953E+00 .5192E+00 .1229E+01 .1347E+00 .1363E+01 .1229E+01 .7611E-01 .2227E+00
.6370E+03 .1626E+01 .1248E+01 .7702E-01 .6043E+00 .5273E+00 .1248E+01 .1368E+00 .1385E+01 .1248E+01 .7702E-01 .2267E+00
.6380E+03 .1634E+01 .1263E+01 .7766E-01 .6116E+00 .5340E+00 .1263E+01 .1386E+00 .1402E+01 .1263E+01 .7766E-01 .2301E+00
.6390E+03 .1612E+01 .1251E+01 .7660E-01 .6052E+00 .5286E+00 .1251E+01 .1373E+00 .1388E+01 .1251E+01 .7660E-01 .2283E+00
.6400E+03 .1592E+01 .1241E+01 .7572E-01 .6003E+00 .5246E+00 .1241E+01 .1362E+00 .1378E+01 .1241E+01 .7572E-01 .2268E+00
.6410E+03 .1588E+01 .1242E+01 .7545E-01 .6002E+00 .5247E+00 .1242E+01 .1362E+00 .1378E+01 .1242E+01 .7545E-01 .2271E+00
.6420E+03 .1577E+01 .1238E+01 .7496E-01 .5981E+00 .5231E+00 .1238E+01 .1360E+00 .1374E+01 .1238E+01 .7496E-01 .2273E+00
.6430E+03 .1598E+01 .1252E+01 .7563E-01 .6047E+00 .5291E+00 .1252E+01 .1379E+00 .1390E+01 .1252E+01 .7563E-01 .2309E+00
.6440E+03 .1589E+01 .1250E+01 .7522E-01 .6033E+00 .5281E+00 .1250E+01 .1377E+00 .1387E+01 .1250E+01 .7522E-01 .2312E+00
.6450E+03 .1594E+01 .1247E+01 .7488E-01 .6020E+00 .5271E+00 .1247E+01 .1376E+00 .1385E+01 .1247E+01 .7488E-01 .2311E+00
.6460E+03 .1570E+01 .1201E+01 .7213E-01 .5798E+00 .5077E+00 .1201E+01 .1328E+00 .1334E+01 .1201E+01 .7213E-01 .2230E+00
.6470E+03 .1578E+01 .1161E+01 .6989E-01 .5604E+00 .4905E+00 .1161E+01 .1288E+00 .1289E+01 .1161E+01 .6989E-01 .2162E+00
.6480E+03 .1592E+01 .1155E+01 .6933E-01 .5574E+00 .4881E+00 .1155E+01 .1283E+00 .1283E+01 .1155E+01 .6933E-01 .2157E+00
.6490E+03 .1561E+01 .1135E+01 .6790E-01 .5474E+00 .4795E+00 .1135E+01 .1262E+00 .1261E+01 .1135E+01 .6790E-01 .2124E+00
.6500E+03 .1530E+01 .1174E+01 .6945E-01 .5655E+00 .4961E+00 .1174E+01 .1300E+00 .1304E+01 .1174E+01 .6945E-01 .2197E+00
.6510E+03 .1587E+01 .1231E+01 .7249E-01 .5926E+00 .5201E+00 .1231E+01 .1362E+00 .1367E+01 .1231E+01 .7249E-01 .2306E+00
.6520E+03 .1569E+01 .1135E+01 .6722E-01 .5469E+00 .4796E+00 .1135E+01 .1263E+00 .1261E+01 .1135E+01 .6722E-01 .2134E+00
.6530E+03 .1567E+01 .1214E+01 .7101E-01 .5840E+00 .5130E+00 .1214E+01 .1345E+00 .1348E+01 .1214E+01 .7101E-01 .2285E+00
.6540E+03 .1544E+01 .1203E+01 .7010E-01 .5783E+00 .5082E+00 .1203E+01 .1333E+00 .1336E+01 .1203E+01 .7010E-01 .2268E+00
.6550E+03 .1510E+01 .1140E+01 .6644E-01 .5483E+00 .4818E+00 .1140E+01 .1266E+00 .1267E+01 .1140E+01 .6644E-01 .2154E+00
.6560E+03 .1322E+01 .1018E+01 .5904E-01 .4893E+00 .4302E+00 .1018E+01 .1130E+00 .1131E+01 .1018E+01 .5904E-01 .1926E+00
.6570E+03 .1357E+01 .1044E+01 .6035E-01 .5015E+00 .4412E+00 .1044E+01 .1161E+00 .1160E+01 .1044E+01 .6035E-01 .1983E+00
.6580E+03 .1510E+01 .1180E+01 .6787E-01 .5667E+00 .4989E+00 .1180E+01 .1313E+00 .1312E+01 .1180E+01 .6787E-01 .2251E+00
.6590E+03 .1514E+01 .1189E+01 .6815E-01 .5707E+00 .5025E+00 .1189E+01 .1324E+00 .1321E+01 .1189E+01 .6815E-01 .2272E+00
.6600E+03 .1518E+01 .1187E+01 .6783E-01 .5693E+00 .5014E+00 .1187E+01 .1322E+00 .1319E+01 .1187E+01 .6783E-01 .2271E+00
.6610E+03 .1528E+01 .1184E+01 .6758E-01 .5680E+00 .5004E+00 .1184E+01 .1321E+00 .1316E+01 .1184E+01 .6758E-01 .2270E+00
.6620E+03 .1538E+01 .1175E+01 .6703E-01 .5637E+00 .4967E+00 .1175E+01 .1315E+00 .1307E+01 .1175E+01 .6703E-01 .2263E+00
.6630E+03 .1505E+01 .1161E+01 .6591E-01 .5565E+00 .4906E+00 .1161E+01 .1300E+00 .1291E+01 .1161E+01 .6591E-01 .2243E+00
.6640E+03 .1513E+01 .1193E+01 .6729E-01 .5716E+00 .5043E+00 .1193E+01 .1335E+00 .1327E+01 .1193E+01 .6729E-01 .2310E+00
.6650E+03 .1507E+01 .1205E+01 .6760E-01 .5771E+00 .5095E+00 .1205E+01 .1347E+00 .1340E+01 .1205E+01 .6760E-01 .2336E+00
.6660E+03 .1505E+01 .1217E+01 .6790E-01 .5821E+00 .5142E+00 .1217E+01 .1359E+00 .1353E+01 .1217E+01 .6790E-01 .2361E+00
.6670E+03 .1500E+01 .1223E+01 .6794E-01 .5846E+00 .5167E+00 .1223E+01 .1366E+00 .1359E+01 .1223E+01 .6794E-01 .2378E+00
.6680E+03 .1497E+01 .1228E+01 .6796E-01 .5869E+00 .5189E+00 .1228E+01 .1372E+00 .1365E+01 .1228E+01 .6796E-01 .2394E+00
.6690E+03 .1518E+01 .1249E+01 .6886E-01 .5966E+00 .5277E+00 .1249E+01 .1396E+00 .1388E+01 .1249E+01 .6886E-01 .2438E+00
.6700E+03 .1510E+01 .1245E+01 .6841E-01 .5947E+00 .5263E+00 .1245E+01 .1392E+00 .1384E+01 .1245E+01 .6841E-01 .2434E+00
.6710E+03 .1508E+01 .1246E+01 .6822E-01 .5948E+00 .5266E+00 .1246E+01 .1394E+00 .1385E+01 .1246E+01 .6822E-01 .2442E+00
.6720E+03 .1494E+01 .1236E+01 .6750E-01 .5899E+00 .5224E+00 .1236E+01 .1387E+00 .1375E+01 .1236E+01 .6750E-01 .2435E+00
.6730E+03 .1515E+01 .1256E+01 .6839E-01 .5991E+00 .5307E+00 .1256E+01 .1413E+00 .1397E+01 .1256E+01 .6839E-01 .2488E+00
.6740E+03 .1508E+01 .1252E+01 .6794E-01 .5971E+00 .5291E+00 .1252E+01 .1408E+00 .1393E+01 .1252E+01 .6794E-01 .2483E+00
.6750E+03 .1493E+01 .1241E+01 .6713E-01 .5918E+00 .5246E+00 .1241E+01 .1397E+00 .1381E+01 .1241E+01 .6713E-01 .2465E+00
.6760E+03 .1502E+01 .1250E+01 .6739E-01 .5958E+00 .5284E+00 .1250E+01 .1408E+00 .1391E+01 .1250E+01 .6739E-01 .2489E+00
.6770E+03 .1486E+01 .1238E+01 .6654E-01 .5898E+00 .5233E+00 .1238E+01 .1397E+00 .1378E+01 .1238E+01 .6654E-01 .2474E+00
.6780E+03 .1489E+01 .1242E+01 .6653E-01 .5912E+00 .5247E+00 .1242E+01 .1403E+00 .1382E+01 .1242E+01 .6653E-01 .2491E+00
.6790E+03 .1464E+01 .1222E+01 .6527E-01 .5817E+00 .5165E+00 .1222E+01 .1382E+00 .1360E+01 .1222E+01 .6527E-01 .2458E+00
.6800E+03 .1475E+01 .1233E+01 .6561E-01 .5865E+00 .5209E+00 .1233E+01 .1395E+00 .1372E+01 .1233E+01 .6561E-01 .2486E+00
.6810E+03 .1465E+01 .1225E+01 .6500E-01 .5828E+00 .5178E+00 .1225E+01 .1388E+00 .1364E+01 .1225E+01 .6500E-01 .2477E+00
.6820E+03 .1463E+01 .1224E+01 .6473E-01 .5821E+00 .5174E+00 .1224E+01 .1388E+00 .1363E+01 .1224E+01 .6473E-01 .2480E+00
.6830E+03 .1460E+01 .1222E+01 .6441E-01 .5810E+00 .5166E+00 .1222E+01 .1387E+00 .1361E+01 .1222E+01 .6441E-01 .2482E+00
.6840E+03 .1453E+01 .1216E+01 .6386E-01 .5778E+00 .5139E+00 .1216E+01 .1380E+00 .1354E+01 .1216E+01 .6386E-01 .2472E+00
.6850E+03 .1464E+01 .1228E+01 .6426E-01 .5834E+00 .5191E+00 .1228E+01 .1394E+00 .1368E+01 .1228E+01 .6426E-01 .2499E+00
.6860E+03 .1457E+01 .1221E+01 .6367E-01 .5795E+00 .5158E+00 .1221E+01 .1387E+00 .1359E+01 .1221E+01 .6367E-01 .2490E+00
.6870E+03 .1475E+01 .7928E+00 .4459E-01 .3797E+00 .3351E+00 .7928E+00 .9406E-01 .8869E+00 .7928E+00 .4459E-01 .1640E+00
.6880E+03 .1458E+01 .9397E+00 .5099E-01 .4481E+00 .3971E+00 .9397E+00 .1097E+00 .1049E+01 .9397E+00 .5099E-01 .1943E+00
.6890E+03 .1455E+01 .9430E+00 .5095E-01 .4495E+00 .3985E+00 .9430E+00 .1100E+00 .1053E+01 .9430E+00 .5095E-01 .1951E+00
.6900E+03 .1445E+01 .9914E+00 .5286E-01 .4719E+00 .4190E+00 .9914E+00 .1151E+00 .1107E+01 .9914E+00 .5286E-01 .2051E+00
.6910E+03 .1434E+01 .1042E+01 .5484E-01 .4952E+00 .4404E+00 .1042E+01 .1205E+00 .1162E+01 .1042E+01 .5484E-01 .2159E+00
.6920E+03 .1421E+01 .1063E+01 .5552E-01 .5050E+00 .4494E+00 .1063E+01 .1229E+00 .1186E+01 .1063E+01 .5552E-01 .2211E+00
.6930E+03 .1423E+01 .1002E+01 .5254E-01 .4762E+00 .4236E+00 .1002E+01 .1164E+00 .1119E+01 .1002E+01 .5254E-01 .2092E+00
.6940E+03 .1427E+01 .9780E+00 .5095E-01 .4643E+00 .4133E+00 .9780E+00 .1134E+00 .1091E+01 .9780E+00 .5095E-01 .2043E+00
.6950E+03 .1427E+01 .1052E+01 .5410E-01 .4987E+00 .4446E+00 .1052E+01 .1214E+00 .1173E+01 .1052E+01 .5410E-01 .2197E+00
.6960E+03 .1439E+01 .1055E+01 .5404E-01 .5001E+00 .4460E+00 .1055E+01 .1219E+00 .1177E+01 .1055E+01 .5404E-01 .2211E+00
.6970E+03 .1433E+01 .1164E+01 .5901E-01 .5510E+00 .4920E+00 .1164E+01 .1342E+00 .1298E+01 .1164E+01 .5901E-01 .2445E+00
.6980E+03 .1413E+01 .1144E+01 .5783E-01 .5412E+00 .4834E+00 .1144E+01 .1320E+00 .1276E+01 .1144E+01 .5783E-01 .2409E+00
.6990E+03 .1432E+01 .1084E+01 .5500E-01 .5133E+00 .4583E+00 .1084E+01 .1256E+00 .1210E+01 .1084E+01 .5500E-01 .2289E+00
.7000E+03 .1414E+01 .1066E+01 .5397E-01 .5047E+00 .4507E+00 .1066E+01 .1236E+00 .1190E+01 .1066E+01 .5397E-01 .2253E+00
.7010E+03 .1411E+01 .1039E+01 .5269E-01 .4917E+00 .4390E+00 .1039E+01 .1209E+00 .1160E+01 .1039E+01 .5269E-01 .2204E+00
.7020E+03 .1403E+01 .1063E+01 .5353E-01 .5026E+00 .4490E+00 .1063E+01 .1236E+00 .1186E+01 .1063E+01 .5353E-01 .2261E+00
.7030E+03 .1409E+01 .1068E+01 .5350E-01 .5047E+00 .4512E+00 .1068E+01 .1242E+00 .1192E+01 .1068E+01 .5350E-01 .2277E+00
.7040E+03 .1423E+01 .1123E+01 .5582E-01 .5303E+00 .4745E+00 .1123E+01 .1303E+00 .1253E+01 .1123E+01 .5582E-01 .2395E+00
.7050E+03 .1425E+01 .1114E+01 .5536E-01 .5263E+00 .4709E+00 .1114E+01 .1295E+00 .1244E+01 .1114E+01 .5536E-01 .2380E+00
.7060E+03 .1411E+01 .1126E+01 .5565E-01 .5315E+00 .4759E+00 .1126E+01 .1309E+00 .1257E+01 .1126E+01 .5565E-01 .2410E+00
.7070E+03 .1408E+01 .1129E+01 .5556E-01 .5325E+00 .4770E+00 .1129E+01 .1312E+00 .1260E+01 .1129E+01 .5556E-01 .2421E+00
.7080E+03 .1411E+01 .1131E+01 .5551E-01 .5334E+00 .4779E+00 .1131E+01 .1316E+00 .1262E+01 .1131E+01 .5551E-01 .2430E+00
.7090E+03 .1397E+01 .1152E+01 .5609E-01 .5427E+00 .4867E+00 .1152E+01 .1337E+00 .1285E+01 .1152E+01 .5609E-01 .2476E+00
.7100E+03 .1404E+01 .1141E+01 .5554E-01 .5377E+00 .4822E+00 .1141E+01 .1327E+00 .1274E+01 .1141E+01 .5554E-01 .2458E+00
.7110E+03 .1397E+01 .1147E+01 .5558E-01 .5402E+00 .4846E+00 .1147E+01 .1337E+00 .1280E+01 .1147E+01 .5558E-01 .2485E+00
.7120E+03 .1386E+01 .1152E+01 .5556E-01 .5423E+00 .4867E+00 .1152E+01 .1346E+00 .1286E+01 .1152E+01 .5556E-01 .2511E+00
.7130E+03 .1378E+01 .1132E+01 .5456E-01 .5332E+00 .4786E+00 .1132E+01 .1325E+00 .1265E+01 .1132E+01 .5456E-01 .2473E+00
.7140E+03 .1383E+01 .1139E+01 .5463E-01 .5360E+00 .4814E+00 .1139E+01 .1331E+00 .1272E+01 .1139E+01 .5463E-01 .2487E+00
.7150E+03 .1357E+01 .1083E+01 .5198E-01 .5096E+00 .4576E+00 .1083E+01 .1268E+00 .1210E+01 .1083E+01 .5198E-01 .2367E+00
.7160E+03 .1364E+01 .1076E+01 .5155E-01 .5062E+00 .4546E+00 .1076E+01 .1263E+00 .1202E+01 .1076E+01 .5155E-01 .2360E+00
.7170E+03 .1383E+01 .8025E+00 .3970E-01 .3789E+00 .3391E+00 .8025E+00 .9605E-01 .8985E+00 .8025E+00 .3970E-01 .1775E+00
.7180E+03 .1361E+01 .7123E+00 .3528E-01 .3363E+00 .3010E+00 .7123E+00 .8552E-01 .7978E+00 .7123E+00 .3528E-01 .1581E+00
.7190E+03 .1336E+01 .6702E+00 .3284E-01 .3161E+00 .2833E+00 .6702E+00 .8023E-01 .7505E+00 .6702E+00 .3284E-01 .1491E+00
.7200E+03 .1362E+01 .6852E+00 .3387E-01 .3235E+00 .2896E+00 .6852E+00 .8259E-01 .7678E+00 .6852E+00 .3387E-01 .1529E+00
.7210E+03 .1347E+01 .8351E+00 .4016E-01 .3931E+00 .3529E+00 .8351E+00 .9951E-01 .9346E+00 .8351E+00 .4016E-01 .1861E+00
.7220E+03 .1346E+01 .1025E+01 .4847E-01 .4816E+00 .4331E+00 .1025E+01 .1214E+00 .1146E+01 .1025E+01 .4847E-01 .2284E+00
.7230E+03 .1358E+01 .9152E+00 .4343E-01 .4302E+00 .3868E+00 .9152E+00 .1088E+00 .1024E+01 .9152E+00 .4343E-01 .2044E+00
.7240E+03 .1347E+01 .7839E+00 .3748E-01 .3688E+00 .3313E+00 .7839E+00 .9371E-01 .8776E+00 .7839E+00 .3748E-01 .1756E+00
.7250E+03 .1338E+01 .7385E+00 .3557E-01 .3477E+00 .3121E+00 .7385E+00 .8875E-01 .8273E+00 .7385E+00 .3557E-01 .1658E+00
.7260E+03 .1340E+01 .7831E+00 .3749E-01 .3684E+00 .3309E+00 .7831E+00 .9399E-01 .8770E+00 .7831E+00 .3749E-01 .1758E+00
.7270E+03 .1349E+01 .8284E+00 .3913E-01 .3892E+00 .3501E+00 .8284E+00 .9894E-01 .9274E+00 .8284E+00 .3913E-01 .1860E+00
.7280E+03 .1325E+01 .7470E+00 .3550E-01 .3512E+00 .3157E+00 .7470E+00 .8963E-01 .8367E+00 .7470E+00 .3550E-01 .1681E+00
.7290E+03 .1298E+01 .8166E+00 .3818E-01 .3833E+00 .3451E+00 .8166E+00 .9736E-01 .9140E+00 .8166E+00 .3818E-01 .1836E+00
.7300E+03 .1330E+01 .8429E+00 .3970E-01 .3959E+00 .3562E+00 .8429E+00 .1011E+00 .9440E+00 .8429E+00 .3970E-01 .1900E+00
.7310E+03 .1320E+01 .7977E+00 .3742E-01 .3745E+00 .3371E+00 .7977E+00 .9569E-01 .8933E+00 .7977E+00 .3742E-01 .1802E+00
.7320E+03 .1323E+01 .9057E+00 .4179E-01 .4246E+00 .3828E+00 .9057E+00 .1080E+00 .1014E+01 .9057E+00 .4179E-01 .2047E+00
.7330E+03 .1319E+01 .1001E+01 .4570E-01 .4687E+00 .4230E+00 .1001E+01 .1190E+00 .1120E+01 .1001E+01 .4570E-01 .2262E+00
.7340E+03 .1333E+01 .1040E+01 .4715E-01 .4867E+00 .4395E+00 .1040E+01 .1234E+00 .1163E+01 .1040E+01 .4715E-01 .2351E+00
.7350E+03 .1314E+01 .1009E+01 .4569E-01 .4719E+00 .4262E+00 .1009E+01 .1199E+00 .1128E+01 .1009E+01 .4569E-01 .2285E+00
.7360E+03 .1308E+01 .1006E+01 .4549E-01 .4704E+00 .4250E+00 .1006E+01 .1197E+00 .1125E+01 .1006E+01 .4549E-01 .2283E+00
.7370E+03 .1318E+01 .1010E+01 .4550E-01 .4723E+00 .4268E+00 .1010E+01 .1203E+00 .1130E+01 .1010E+01 .4550E-01 .2297E+00
.7380E+03 .1296E+01 .1057E+01 .4711E-01 .4937E+00 .4466E+00 .1057E+01 .1254E+00 .1182E+01 .1057E+01 .4711E-01 .2404E+00
.7390E+03 .1274E+01 .1037E+01 .4601E-01 .4841E+00 .4381E+00 .1037E+01 .1230E+00 .1160E+01 .1037E+01 .4601E-01 .2360E+00
.7400E+03 .1293E+01 .1079E+01 .4758E-01 .5034E+00 .4558E+00 .1079E+01 .1278E+00 .1206E+01 .1079E+01 .4758E-01 .2458E+00
.7410E+03 .1272E+01 .1077E+01 .4725E-01 .5022E+00 .4550E+00 .1077E+01 .1275E+00 .1204E+01 .1077E+01 .4725E-01 .2455E+00
.7420E+03 .1266E+01 .1087E+01 .4745E-01 .5069E+00 .4594E+00 .1087E+01 .1286E+00 .1216E+01 .1087E+01 .4745E-01 .2481E+00
.7430E+03 .1296E+01 .1118E+01 .4860E-01 .5212E+00 .4726E+00 .1118E+01 .1322E+00 .1250E+01 .1118E+01 .4860E-01 .2551E+00
.7440E+03 .1288E+01 .1122E+01 .4850E-01 .5225E+00 .4740E+00 .1122E+01 .1324E+00 .1254E+01 .1122E+01 .4850E-01 .2558E+00
.7450E+03 .1285E+01 .1127E+01 .4853E-01 .5250E+00 .4764E+00 .1127E+01 .1330E+00 .1260E+01 .1127E+01 .4853E-01 .2574E+00
.7460E+03 .1291E+01 .1133E+01 .4861E-01 .5273E+00 .4787E+00 .1133E+01 .1338E+00 .1267E+01 .1133E+01 .4861E-01 .2591E+00
.7470E+03 .1293E+01 .1137E+01 .4862E-01 .5292E+00 .4805E+00 .1137E+01 .1343E+00 .1271E+01 .1137E+01 .4862E-01 .2605E+00
.7480E+03 .1290E+01 .1136E+01 .4838E-01 .5283E+00 .4800E+00 .1136E+01 .1341E+00 .1270E+01 .1136E+01 .4838E-01 .2601E+00
.7490E+03 .1275E+01 .1124E+01 .4770E-01 .5225E+00 .4748E+00 .1124E+01 .1325E+00 .1256E+01 .1124E+01 .4770E-01 .2573E+00
.7500E+03 .1274E+01 .1123E+01 .4755E-01 .5223E+00 .4748E+00 .1123E+01 .1326E+00 .1256E+01 .1123E+01 .4755E-01 .2576E+00
.7510E+03 .1261E+01 .1112E+01 .4696E-01 .5171E+00 .4701E+00 .1112E+01 .1314E+00 .1244E+01 .1112E+01 .4696E-01 .2557E+00
.7520E+03 .1266E+01 .1118E+01 .4706E-01 .5195E+00 .4724E+00 .1118E+01 .1322E+00 .1250E+01 .1118E+01 .4706E-01 .2573E+00
.7530E+03 .1272E+01 .1124E+01 .4717E-01 .5223E+00 .4751E+00 .1124E+01 .1329E+00 .1257E+01 .1124E+01 .4717E-01 .2587E+00
.7540E+03 .1275E+01 .1127E+01 .4714E-01 .5234E+00 .4762E+00 .1127E+01 .1331E+00 .1260E+01 .1127E+01 .4714E-01 .2593E+00
.7550E+03 .1268E+01 .1121E+01 .4675E-01 .5203E+00 .4736E+00 .1121E+01 .1325E+00 .1253E+01 .1121E+01 .4675E-01 .2583E+00
.7560E+03 .1267E+01 .1121E+01 .4663E-01 .5205E+00 .4739E+00 .1121E+01 .1327E+00 .1254E+01 .1121E+01 .4663E-01 .2590E+00
.7570E+03 .1269E+01 .1123E+01 .4658E-01 .5213E+00 .4747E+00 .1123E+01 .1330E+00 .1256E+01 .1123E+01 .4658E-01 .2600E+00
.7580E+03 .1254E+01 .1110E+01 .4588E-01 .5149E+00 .4690E+00 .1110E+01 .1314E+00 .1241E+01 .1110E+01 .4588E-01 .2571E+00
.7590E+03 .1250E+01 .1088E+01 .4495E-01 .5046E+00 .4597E+00 .1088E+01 .1290E+00 .1217E+01 .1088E+01 .4495E-01 .2522E+00
.7600E+03 .1250E+01 .1635E+00 .9829E-02 .7892E-01 .6909E-01 .1635E+00 .2359E-01 .1871E+00 .1635E+00 .9829E-02 .3953E-01
.7610E+03 .1246E+01 .8251E-01 .5803E-02 .4067E-01 .3487E-01 .8251E-01 .1307E-01 .9558E-01 .8251E-01 .5803E-02 .2037E-01
.7620E+03 .1224E+01 .5379E+00 .2484E-01 .2522E+00 .2273E+00 .5379E+00 .6767E-01 .6055E+00 .5379E+00 .2484E-01 .1267E+00
.7630E+03 .1247E+01 .2568E+00 .1382E-01 .1223E+00 .1085E+00 .2568E+00 .3501E-01 .2918E+00 .2568E+00 .1382E-01 .6146E-01
.7640E+03 .1240E+01 .3969E+00 .1939E-01 .1871E+00 .1677E+00 .3969E+00 .5149E-01 .4484E+00 .3969E+00 .1939E-01 .9402E-01
.7650E+03 .1227E+01 .5378E+00 .2461E-01 .2519E+00 .2273E+00 .5378E+00 .6761E-01 .6054E+00 .5378E+00 .2461E-01 .1267E+00
.7660E+03 .1177E+01 .6695E+00 .2909E-01 .3120E+00 .2829E+00 .6695E+00 .8216E-01 .7516E+00 .6695E+00 .2909E-01 .1570E+00
.7670E+03 .1217E+01 .8544E+00 .3566E-01 .3967E+00 .3611E+00 .8544E+00 .1030E+00 .9574E+00 .8544E+00 .3566E-01 .1998E+00
.7680E+03 .1222E+01 .9941E+00 .4035E-01 .4605E+00 .4201E+00 .9941E+00 .1185E+00 .1113E+01 .9941E+00 .4035E-01 .2322E+00
.7690E+03 .1210E+01 .1017E+01 .4092E-01 .4707E+00 .4298E+00 .1017E+01 .1209E+00 .1138E+01 .1017E+01 .4092E-01 .2376E+00
.7700E+03 .1210E+01 .1054E+01 .4203E-01 .4874E+00 .4453E+00 .1054E+01 .1251E+00 .1179E+01 .1054E+01 .4203E-01 .2466E+00
.7710E+03 .1202E+01 .1063E+01 .4218E-01 .4916E+00 .4494E+00 .1063E+01 .1262E+00 .1190E+01 .1063E+01 .4218E-01 .2493E+00
.7720E+03 .1199E+01 .1066E+01 .4212E-01 .4927E+00 .4506E+00 .1066E+01 .1265E+00 .1193E+01 .1066E+01 .4212E-01 .2501E+00
.7730E+03 .1206E+01 .1074E+01 .4226E-01 .4962E+00 .4539E+00 .1074E+01 .1273E+00 .1201E+01 .1074E+01 .4226E-01 .2519E+00
.7740E+03 .1199E+01 .1069E+01 .4191E-01 .4938E+00 .4519E+00 .1069E+01 .1266E+00 .1196E+01 .1069E+01 .4191E-01 .2507E+00
.7750E+03 .1189E+01 .1061E+01 .4146E-01 .4900E+00 .4486E+00 .1061E+01 .1258E+00 .1187E+01 .1061E+01 .4146E-01 .2494E+00
.7760E+03 .1203E+01 .1075E+01 .4184E-01 .4960E+00 .4541E+00 .1075E+01 .1275E+00 .1202E+01 .1075E+01 .4184E-01 .2530E+00
.7770E+03 .1187E+01 .1061E+01 .4115E-01 .4894E+00 .4483E+00 .1061E+01 .1258E+00 .1187E+01 .1061E+01 .4115E-01 .2500E+00
.7780E+03 .1180E+01 .1054E+01 .4076E-01 .4863E+00 .4456E+00 .1054E+01 .1250E+00 .1179E+01 .1054E+01 .4076E-01 .2485E+00
.7790E+03 .1181E+01 .1055E+01 .4066E-01 .4867E+00 .4460E+00 .1055E+01 .1250E+00 .1180E+01 .1055E+01 .4066E-01 .2487E+00
.7800E+03 .1174E+01 .1050E+01 .4032E-01 .4841E+00 .4437E+00 .1050E+01 .1244E+00 .1174E+01 .1050E+01 .4032E-01 .2476E+00
.7810E+03 .1175E+01 .1051E+01 .4025E-01 .4846E+00 .4443E+00 .1051E+01 .1246E+00 .1176E+01 .1051E+01 .4025E-01 .2482E+00
.7820E+03 .1182E+01 .1058E+01 .4040E-01 .4876E+00 .4472E+00 .1058E+01 .1254E+00 .1184E+01 .1058E+01 .4040E-01 .2500E+00
.7830E+03 .1161E+01 .1040E+01 .3960E-01 .4791E+00 .4395E+00 .1040E+01 .1233E+00 .1163E+01 .1040E+01 .3960E-01 .2460E+00
.7840E+03 .1166E+01 .1045E+01 .3969E-01 .4815E+00 .4418E+00 .1045E+01 .1240E+00 .1169E+01 .1045E+01 .3969E-01 .2475E+00
.7850E+03 .1159E+01 .1035E+01 .3921E-01 .4765E+00 .4373E+00 .1035E+01 .1228E+00 .1157E+01 .1035E+01 .3921E-01 .2452E+00
.7860E+03 .1173E+01 .1044E+01 .3947E-01 .4806E+00 .4411E+00 .1044E+01 .1240E+00 .1168E+01 .1044E+01 .3947E-01 .2477E+00
.7870E+03 .1168E+01 .1006E+01 .3813E-01 .4634E+00 .4252E+00 .1006E+01 .1199E+00 .1126E+01 .1006E+01 .3813E-01 .2391E+00
.7880E+03 .1162E+01 .9846E+00 .3729E-01 .4534E+00 .4161E+00 .9846E+00 .1174E+00 .1102E+01 .9846E+00 .3729E-01 .2342E+00
.7890E+03 .1168E+01 .9778E+00 .3695E-01 .4502E+00 .4132E+00 .9778E+00 .1167E+00 .1094E+01 .9778E+00 .3695E-01 .2328E+00
.7900E+03 .1166E+01 .9346E+00 .3535E-01 .4303E+00 .3950E+00 .9346E+00 .1118E+00 .1046E+01 .9346E+00 .3535E-01 .2229E+00
.7910E+03 .1150E+01 .9609E+00 .3609E-01 .4422E+00 .4061E+00 .9609E+00 .1147E+00 .1076E+01 .9609E+00 .3609E-01 .2292E+00
.7920E+03 .1139E+01 .9587E+00 .3585E-01 .4410E+00 .4052E+00 .9587E+00 .1144E+00 .1073E+01 .9587E+00 .3585E-01 .2287E+00
.7930E+03 .1124E+01 .9405E+00 .3509E-01 .4325E+00 .3975E+00 .9405E+00 .1122E+00 .1053E+01 .9405E+00 .3509E-01 .2244E+00
.7940E+03 .1111E+01 .9867E+00 .3647E-01 .4535E+00 .4170E+00 .9867E+00 .1173E+00 .1104E+01 .9867E+00 .3647E-01 .2352E+00
.7950E+03 .1137E+01 .9950E+00 .3675E-01 .4572E+00 .4205E+00 .9950E+00 .1185E+00 .1113E+01 .9950E+00 .3675E-01 .2375E+00
.7960E+03 .1141E+01 .9293E+00 .3450E-01 .4272E+00 .3928E+00 .9293E+00 .1111E+00 .1040E+01 .9293E+00 .3450E-01 .2223E+00
.7970E+03 .1140E+01 .9266E+00 .3437E-01 .4260E+00 .3916E+00 .9266E+00 .1109E+00 .1038E+01 .9266E+00 .3437E-01 .2221E+00
.7980E+03 .1139E+01 .9880E+00 .3624E-01 .4538E+00 .4175E+00 .9880E+00 .1180E+00 .1106E+01 .9880E+00 .3624E-01 .2370E+00
.7990E+03 .1140E+01 .9752E+00 .3571E-01 .4478E+00 .4121E+00 .9752E+00 .1166E+00 .1092E+01 .9752E+00 .3571E-01 .2344E+00
.8000E+03 .1130E+01 .9483E+00 .3470E-01 .4355E+00 .4008E+00 .9483E+00 .1134E+00 .1062E+01 .9483E+00 .3470E-01 .2279E+00
.8010E+03 .1133E+01 .9406E+00 .3435E-01 .4319E+00 .3975E+00 .9406E+00 .1125E+00 .1053E+01 .9406E+00 .3435E-01 .2261E+00
.8020E+03 .1128E+01 .9369E+00 .3414E-01 .4301E+00 .3960E+00 .9369E+00 .1121E+00 .1049E+01 .9369E+00 .3414E-01 .2253E+00
.8030E+03 .1123E+01 .9248E+00 .3365E-01 .4245E+00 .3908E+00 .9248E+00 .1108E+00 .1036E+01 .9248E+00 .3365E-01 .2226E+00
.8040E+03 .1121E+01 .9309E+00 .3373E-01 .4271E+00 .3934E+00 .9309E+00 .1115E+00 .1042E+01 .9309E+00 .3373E-01 .2243E+00
.8050E+03 .1107E+01 .9391E+00 .3382E-01 .4307E+00 .3969E+00 .9391E+00 .1123E+00 .1051E+01 .9391E+00 .3382E-01 .2264E+00
.8060E+03 .1122E+01 .9816E+00 .3510E-01 .4499E+00 .4148E+00 .9816E+00 .1172E+00 .1099E+01 .9816E+00 .3510E-01 .2367E+00
.8070E+03 .1113E+01 .9666E+00 .3448E-01 .4430E+00 .4085E+00 .9666E+00 .1155E+00 .1082E+01 .9666E+00 .3448E-01 .2334E+00
.8080E+03 .1111E+01 .9695E+00 .3447E-01 .4442E+00 .4097E+00 .9695E+00 .1158E+00 .1085E+01 .9695E+00 .3447E-01 .2343E+00
.8090E+03 .1102E+01 .9392E+00 .3339E-01 .4303E+00 .3969E+00 .9392E+00 .1124E+00 .1052E+01 .9392E+00 .3339E-01 .2272E+00
.8100E+03 .1105E+01 .9155E+00 .3255E-01 .4195E+00 .3869E+00 .9155E+00 .1097E+00 .1025E+01 .9155E+00 .3255E-01 .2218E+00
.8110E+03 .1116E+01 .9103E+00 .3226E-01 .4170E+00 .3847E+00 .9103E+00 .1091E+00 .1019E+01 .9103E+00 .3226E-01 .2208E+00
.8120E+03 .1117E+01 .8534E+00 .3047E-01 .3911E+00 .3606E+00 .8534E+00 .1029E+00 .9562E+00 .8534E+00 .3047E-01 .2075E+00
.8130E+03 .1119E+01 .8296E+00 .2950E-01 .3801E+00 .3506E+00 .8296E+00 .1000E+00 .9297E+00 .8296E+00 .2950E-01 .2022E+00
.8140E+03 .1112E+01 .6713E+00 .2412E-01 .3078E+00 .2837E+00 .6713E+00 .8145E-01 .7527E+00 .6713E+00 .2412E-01 .1641E+00
.8150E+03 .1106E+01 .6753E+00 .2409E-01 .3095E+00 .2854E+00 .6753E+00 .8175E-01 .7570E+00 .6753E+00 .2409E-01 .1650E+00
.8160E+03 .1104E+01 .6195E+00 .2210E-01 .2839E+00 .2618E+00 .6195E+00 .7507E-01 .6946E+00 .6195E+00 .2210E-01 .1514E+00
.8170E+03 .1100E+01 .6436E+00 .2285E-01 .2948E+00 .2720E+00 .6436E+00 .7793E-01 .7215E+00 .6436E+00 .2285E-01 .1574E+00
.8180E+03 .1078E+01 .6066E+00 .2163E-01 .2780E+00 .2564E+00 .6066E+00 .7371E-01 .6803E+00 .6066E+00 .2163E-01 .1486E+00
.8190E+03 .1072E+01 .7356E+00 .2575E-01 .3366E+00 .3109E+00 .7356E+00 .8879E-01 .8243E+00 .7356E+00 .2575E-01 .1800E+00
.8200E+03 .1065E+01 .6721E+00 .2358E-01 .3076E+00 .2840E+00 .6721E+00 .8134E-01 .7534E+00 .6721E+00 .2358E-01 .1647E+00
.8210E+03 .1064E+01 .8513E+00 .2933E-01 .3891E+00 .3598E+00 .8513E+00 .1024E+00 .9537E+00 .8513E+00 .2933E-01 .2085E+00
.8220E+03 .1066E+01 .8117E+00 .2798E-01 .3710E+00 .3430E+00 .8117E+00 .9778E-01 .9095E+00 .8117E+00 .2798E-01 .1990E+00
.8230E+03 .1077E+01 .4799E+00 .1705E-01 .2199E+00 .2028E+00 .4799E+00 .5868E-01 .5386E+00 .4799E+00 .1705E-01 .1183E+00
.8240E+03 .1074E+01 .7505E+00 .2604E-01 .3432E+00 .3172E+00 .7505E+00 .9096E-01 .8414E+00 .7505E+00 .2604E-01 .1846E+00
.8250E+03 .1071E+01 .8364E+00 .2847E-01 .3819E+00 .3535E+00 .8364E+00 .1007E+00 .9370E+00 .8364E+00 .2847E-01 .2056E+00
.8260E+03 .1079E+01 .7836E+00 .2675E-01 .3579E+00 .3312E+00 .7836E+00 .9456E-01 .8782E+00 .7836E+00 .2675E-01 .1929E+00
.8270E+03 .1077E+01 .8452E+00 .2870E-01 .3859E+00 .3572E+00 .8452E+00 .1019E+00 .9471E+00 .8452E+00 .2870E-01 .2081E+00
.8280E+03 .1071E+01 .6519E+00 .2250E-01 .2980E+00 .2755E+00 .6519E+00 .7930E-01 .7312E+00 .6519E+00 .2250E-01 .1611E+00
.8290E+03 .1064E+01 .7805E+00 .2642E-01 .3563E+00 .3299E+00 .7805E+00 .9424E-01 .8748E+00 .7805E+00 .2642E-01 .1925E+00
.8300E+03 .1061E+01 .7548E+00 .2556E-01 .3446E+00 .3190E+00 .7548E+00 .9123E-01 .8461E+00 .7548E+00 .2556E-01 .1862E+00
.8310E+03 .1055E+01 .7585E+00 .2563E-01 .3462E+00 .3206E+00 .7585E+00 .9168E-01 .8502E+00 .7585E+00 .2563E-01 .1871E+00
.8320E+03 .1058E+01 .7216E+00 .2438E-01 .3293E+00 .3050E+00 .7216E+00 .8741E-01 .8090E+00 .7216E+00 .2438E-01 .1785E+00
.8330E+03 .1025E+01 .8058E+00 .2700E-01 .3675E+00 .3405E+00 .8058E+00 .9748E-01 .9033E+00 .8058E+00 .2700E-01 .1995E+00
.8340E+03 .1030E+01 .7545E+00 .2531E-01 .3442E+00 .3189E+00 .7545E+00 .9147E-01 .8460E+00 .7545E+00 .2531E-01 .1872E+00
.8350E+03 .1046E+01 .8873E+00 .2927E-01 .4043E+00 .3750E+00 .8873E+00 .1070E+00 .9943E+00 .8873E+00 .2927E-01 .2200E+00
.8360E+03 .1051E+01 .8040E+00 .2680E-01 .3666E+00 .3398E+00 .8040E+00 .9752E-01 .9015E+00 .8040E+00 .2680E-01 .1998E+00
.8370E+03 .1046E+01 .8897E+00 .2922E-01 .4052E+00 .3760E+00 .8897E+00 .1074E+00 .9970E+00 .8897E+00 .2922E-01 .2210E+00
.8380E+03 .1030E+01 .8408E+00 .2771E-01 .3831E+00 .3554E+00 .8408E+00 .1018E+00 .9426E+00 .8408E+00 .2771E-01 .2092E+00
.8390E+03 .1027E+01 .8768E+00 .2869E-01 .3992E+00 .3706E+00 .8768E+00 .1060E+00 .9828E+00 .8768E+00 .2869E-01 .2182E+00
.8400E+03 .1044E+01 .9015E+00 .2937E-01 .4104E+00 .3810E+00 .9015E+00 .1089E+00 .1010E+01 .9015E+00 .2937E-01 .2245E+00
.8410E+03 .1038E+01 .8799E+00 .2865E-01 .4005E+00 .3719E+00 .8799E+00 .1064E+00 .9863E+00 .8799E+00 .2865E-01 .2194E+00
.8420E+03 .1029E+01 .8960E+00 .2898E-01 .4077E+00 .3787E+00 .8960E+00 .1082E+00 .1004E+01 .8960E+00 .2898E-01 .2236E+00
.8430E+03 .1017E+01 .9101E+00 .2924E-01 .4139E+00 .3846E+00 .9101E+00 .1098E+00 .1020E+01 .9101E+00 .2924E-01 .2272E+00
.8440E+03 .1010E+01 .8884E+00 .2853E-01 .4040E+00 .3755E+00 .8884E+00 .1073E+00 .9957E+00 .8884E+00 .2853E-01 .2220E+00
.8450E+03 .1034E+01 .9308E+00 .2972E-01 .4231E+00 .3934E+00 .9308E+00 .1123E+00 .1043E+01 .9308E+00 .2972E-01 .2328E+00
.8460E+03 .1028E+01 .9296E+00 .2957E-01 .4224E+00 .3929E+00 .9296E+00 .1121E+00 .1042E+01 .9296E+00 .2957E-01 .2327E+00
.8470E+03 .1005E+01 .9171E+00 .2905E-01 .4166E+00 .3876E+00 .9171E+00 .1105E+00 .1028E+01 .9171E+00 .2905E-01 .2297E+00
.8480E+03 .1004E+01 .9049E+00 .2863E-01 .4111E+00 .3824E+00 .9049E+00 .1090E+00 .1014E+01 .9049E+00 .2863E-01 .2269E+00
.8490E+03 .9755E+00 .8794E+00 .2774E-01 .3994E+00 .3717E+00 .8794E+00 .1059E+00 .9853E+00 .8794E+00 .2774E-01 .2207E+00
.8500E+03 .9336E+00 .8437E+00 .2652E-01 .3831E+00 .3565E+00 .8437E+00 .1015E+00 .9451E+00 .8437E+00 .2652E-01 .2119E+00
.8510E+03 .9946E+00 .8869E+00 .2784E-01 .4027E+00 .3748E+00 .8869E+00 .1067E+00 .9936E+00 .8869E+00 .2784E-01 .2230E+00
.8520E+03 .9850E+00 .8835E+00 .2762E-01 .4010E+00 .3734E+00 .8835E+00 .1061E+00 .9896E+00 .8835E+00 .2762E-01 .2221E+00
.8530E+03 .9433E+00 .8568E+00 .2666E-01 .3888E+00 .3621E+00 .8568E+00 .1027E+00 .9595E+00 .8568E+00 .2666E-01 .2153E+00
.8540E+03 .8184E+00 .7344E+00 .2283E-01 .3332E+00 .3104E+00 .7344E+00 .8802E-01 .8224E+00 .7344E+00 .2283E-01 .1847E+00
.8550E+03 .8936E+00 .8146E+00 .2520E-01 .3695E+00 .3443E+00 .8146E+00 .9750E-01 .9121E+00 .8146E+00 .2520E-01 .2050E+00
.8560E+03 .9789E+00 .8865E+00 .2738E-01 .4020E+00 .3747E+00 .8865E+00 .1061E+00 .9926E+00 .8865E+00 .2738E-01 .2234E+00
.8570E+03 .9971E+00 .9117E+00 .2806E-01 .4134E+00 .3853E+00 .9117E+00 .1091E+00 .1021E+01 .9117E+00 .2806E-01 .2302E+00
.8580E+03 .9912E+00 .9028E+00 .2774E-01 .4093E+00 .3815E+00 .9028E+00 .1081E+00 .1011E+01 .9028E+00 .2774E-01 .2285E+00
.8590E+03 .9901E+00 .9061E+00 .2774E-01 .4107E+00 .3829E+00 .9061E+00 .1084E+00 .1015E+01 .9061E+00 .2774E-01 .2294E+00
.8600E+03 .9903E+00 .9103E+00 .2778E-01 .4125E+00 .3847E+00 .9103E+00 .1087E+00 .1019E+01 .9103E+00 .2778E-01 .2304E+00
.8610E+03 .9853E+00 .9044E+00 .2754E-01 .4098E+00 .3822E+00 .9044E+00 .1080E+00 .1012E+01 .9044E+00 .2754E-01 .2290E+00
.8620E+03 .1000E+01 .9201E+00 .2795E-01 .4168E+00 .3889E+00 .9201E+00 .1099E+00 .1030E+01 .9201E+00 .2795E-01 .2335E+00
.8630E+03 .1024E+01 .9418E+00 .2855E-01 .4266E+00 .3980E+00 .9418E+00 .1125E+00 .1054E+01 .9418E+00 .2855E-01 .2394E+00
.8640E+03 .9722E+00 .8948E+00 .2706E-01 .4052E+00 .3782E+00 .8948E+00 .1069E+00 .1002E+01 .8948E+00 .2706E-01 .2277E+00
.8650E+03 .9633E+00 .8875E+00 .2677E-01 .4018E+00 .3751E+00 .8875E+00 .1060E+00 .9935E+00 .8875E+00 .2677E-01 .2260E+00
.8660E+03 .8662E+00 .7982E+00 .2401E-01 .3613E+00 .3373E+00 .7982E+00 .9525E-01 .8934E+00 .7982E+00 .2401E-01 .2035E+00
.8670E+03 .9038E+00 .8331E+00 .2500E-01 .3771E+00 .3521E+00 .8331E+00 .9938E-01 .9325E+00 .8331E+00 .2500E-01 .2126E+00
.8680E+03 .9833E+00 .9067E+00 .2714E-01 .4103E+00 .3832E+00 .9067E+00 .1081E+00 .1015E+01 .9067E+00 .2714E-01 .2316E+00
.8690E+03 .9627E+00 .8882E+00 .2652E-01 .4019E+00 .3753E+00 .8882E+00 .1059E+00 .9940E+00 .8882E+00 .2652E-01 .2270E+00
.8700E+03 .9901E+00 .9136E+00 .2721E-01 .4133E+00 .3861E+00 .9136E+00 .1089E+00 .1023E+01 .9136E+00 .2721E-01 .2337E+00
.8710E+03 .9766E+00 .9011E+00 .2677E-01 .4076E+00 .3808E+00 .9011E+00 .1073E+00 .1008E+01 .9011E+00 .2677E-01 .2308E+00
.8720E+03 .9729E+00 .8984E+00 .2662E-01 .4063E+00 .3797E+00 .8984E+00 .1070E+00 .1005E+01 .8984E+00 .2662E-01 .2303E+00
.8730E+03 .9709E+00 .8968E+00 .2650E-01 .4055E+00 .3790E+00 .8968E+00 .1067E+00 .1003E+01 .8968E+00 .2650E-01 .2301E+00
.8740E+03 .9593E+00 .8862E+00 .2612E-01 .4007E+00 .3745E+00 .8862E+00 .1054E+00 .9916E+00 .8862E+00 .2612E-01 .2274E+00
.8750E+03 .9401E+00 .8680E+00 .2551E-01 .3923E+00 .3668E+00 .8680E+00 .1031E+00 .9710E+00 .8680E+00 .2551E-01 .2226E+00
.8760E+03 .9502E+00 .8765E+00 .2570E-01 .3961E+00 .3704E+00 .8765E+00 .1040E+00 .9805E+00 .8765E+00 .2570E-01 .2249E+00
.8770E+03 .9594E+00 .8862E+00 .2591E-01 .4005E+00 .3745E+00 .8862E+00 .1051E+00 .9914E+00 .8862E+00 .2591E-01 .2276E+00
.8780E+03 .9708E+00 .8943E+00 .2609E-01 .4040E+00 .3780E+00 .8943E+00 .1061E+00 .1000E+01 .8943E+00 .2609E-01 .2299E+00
.8790E+03 .9556E+00 .8810E+00 .2563E-01 .3980E+00 .3723E+00 .8810E+00 .1044E+00 .9855E+00 .8810E+00 .2563E-01 .2267E+00
.8800E+03 .9350E+00 .8627E+00 .2503E-01 .3896E+00 .3646E+00 .8627E+00 .1022E+00 .9650E+00 .8627E+00 .2503E-01 .2222E+00
.8810E+03 .9237E+00 .8458E+00 .2450E-01 .3819E+00 .3574E+00 .8458E+00 .1002E+00 .9460E+00 .8458E+00 .2450E-01 .2181E+00
.8820E+03 .9442E+00 .8636E+00 .2496E-01 .3899E+00 .3650E+00 .8636E+00 .1024E+00 .9660E+00 .8636E+00 .2496E-01 .2232E+00
.8830E+03 .9454E+00 .8687E+00 .2502E-01 .3922E+00 .3671E+00 .8687E+00 .1030E+00 .9717E+00 .8687E+00 .2502E-01 .2249E+00
.8840E+03 .9416E+00 .8644E+00 .2484E-01 .3902E+00 .3653E+00 .8644E+00 .1024E+00 .9668E+00 .8644E+00 .2484E-01 .2237E+00
.8850E+03 .9486E+00 .8712E+00 .2496E-01 .3931E+00 .3682E+00 .8712E+00 .1031E+00 .9742E+00 .8712E+00 .2496E-01 .2255E+00
.8860E+03 .9132E+00 .8190E+00 .2347E-01 .3696E+00 .3461E+00 .8190E+00 .9697E-01 .9160E+00 .8190E+00 .2347E-01 .2122E+00
.8870E+03 .9164E+00 .8361E+00 .2385E-01 .3772E+00 .3534E+00 .8361E+00 .9895E-01 .9351E+00 .8361E+00 .2385E-01 .2171E+00
.8880E+03 .9363E+00 .8417E+00 .2398E-01 .3797E+00 .3557E+00 .8417E+00 .9966E-01 .9413E+00 .8417E+00 .2398E-01 .2189E+00
.8890E+03 .9366E+00 .8635E+00 .2447E-01 .3894E+00 .3649E+00 .8635E+00 .1020E+00 .9655E+00 .8635E+00 .2447E-01 .2245E+00
.8900E+03 .9393E+00 .8423E+00 .2390E-01 .3799E+00 .3560E+00 .8423E+00 .9957E-01 .9419E+00 .8423E+00 .2390E-01 .2190E+00
.8910E+03 .9322E+00 .8459E+00 .2390E-01 .3814E+00 .3575E+00 .8459E+00 .9992E-01 .9458E+00 .8459E+00 .2390E-01 .2202E+00
.8920E+03 .9173E+00 .8088E+00 .2288E-01 .3647E+00 .3418E+00 .8088E+00 .9571E-01 .9045E+00 .8088E+00 .2288E-01 .2110E+00
.8930E+03 .9118E+00 .7707E+00 .2179E-01 .3475E+00 .3257E+00 .7707E+00 .9127E-01 .8620E+00 .7707E+00 .2179E-01 .2014E+00
.8940E+03 .9140E+00 .7086E+00 .2017E-01 .3196E+00 .2995E+00 .7086E+00 .8414E-01 .7927E+00 .7086E+00 .2017E-01 .1853E+00
.8950E+03 .9104E+00 .6328E+00 .1818E-01 .2856E+00 .2674E+00 .6328E+00 .7542E-01 .7082E+00 .6328E+00 .1818E-01 .1656E+00
.8960E+03 .9238E+00 .5783E+00 .1659E-01 .2610E+00 .2444E+00 .5783E+00 .6891E-01 .6472E+00 .5783E+00 .1659E-01 .1515E+00
.8970E+03 .9099E+00 .4594E+00 .1333E-01 .2075E+00 .1941E+00 .4594E+00 .5503E-01 .5144E+00 .4594E+00 .1333E-01 .1207E+00
.8980E+03 .9137E+00 .5314E+00 .1528E-01 .2398E+00 .2246E+00 .5314E+00 .6348E-01 .5948E+00 .5314E+00 .1528E-01 .1396E+00
.8990E+03 .9110E+00 .3955E+00 .1142E-01 .1786E+00 .1671E+00 .3955E+00 .4736E-01 .4429E+00 .3955E+00 .1142E-01 .1041E+00
.9000E+03 .8902E+00 .5805E+00 .1639E-01 .2617E+00 .2453E+00 .5805E+00 .6894E-01 .6495E+00 .5805E+00 .1639E-01 .1526E+00
.9010E+03 .8596E+00 .3749E+00 .1099E-01 .1694E+00 .1584E+00 .3749E+00 .4524E-01 .4202E+00 .3749E+00 .1099E-01 .9907E-01
.9020E+03 .8684E+00 .5124E+00 .1456E-01 .2311E+00 .2165E+00 .5124E+00 .6114E-01 .5735E+00 .5124E+00 .1456E-01 .1353E+00
.9030E+03 .9014E+00 .5072E+00 .1446E-01 .2288E+00 .2144E+00 .5072E+00 .6065E-01 .5679E+00 .5072E+00 .1446E-01 .1342E+00
.9040E+03 .9104E+00 .7061E+00 .1965E-01 .3180E+00 .2984E+00 .7061E+00 .8365E-01 .7897E+00 .7061E+00 .1965E-01 .1863E+00
.9050E+03 .9078E+00 .6684E+00 .1861E-01 .3011E+00 .2825E+00 .6684E+00 .7920E-01 .7476E+00 .6684E+00 .1861E-01 .1764E+00
.9060E+03 .8868E+00 .6187E+00 .1718E-01 .2786E+00 .2615E+00 .6187E+00 .7332E-01 .6920E+00 .6187E+00 .1718E-01 .1636E+00
.9070E+03 .8940E+00 .4574E+00 .1295E-01 .2062E+00 .1933E+00 .4574E+00 .5467E-01 .5120E+00 .4574E+00 .1295E-01 .1214E+00
.9080E+03 .8783E+00 .4651E+00 .1310E-01 .2097E+00 .1966E+00 .4651E+00 .5555E-01 .5207E+00 .4651E+00 .1310E-01 .1236E+00
.9090E+03 .8604E+00 .5233E+00 .1462E-01 .2358E+00 .2211E+00 .5233E+00 .6229E-01 .5856E+00 .5233E+00 .1462E-01 .1389E+00
.9100E+03 .8774E+00 .4215E+00 .1195E-01 .1901E+00 .1781E+00 .4215E+00 .5046E-01 .4719E+00 .4215E+00 .1195E-01 .1121E+00
.9110E+03 .8728E+00 .4830E+00 .1336E-01 .2175E+00 .2041E+00 .4830E+00 .5734E-01 .5404E+00 .4830E+00 .1336E-01 .1285E+00
.9120E+03 .8740E+00 .5048E+00 .1408E-01 .2274E+00 .2133E+00 .5048E+00 .6020E-01 .5650E+00 .5048E+00 .1408E-01 .1345E+00
.9130E+03 .8932E+00 .4229E+00 .1193E-01 .1907E+00 .1787E+00 .4229E+00 .5070E-01 .4736E+00 .4229E+00 .1193E-01 .1130E+00
.9140E+03 .8826E+00 .4195E+00 .1182E-01 .1891E+00 .1773E+00 .4195E+00 .5026E-01 .4698E+00 .4195E+00 .1182E-01 .1121E+00
.9150E+03 .8753E+00 .4516E+00 .1276E-01 .2036E+00 .1909E+00 .4516E+00 .5417E-01 .5058E+00 .4516E+00 .1276E-01 .1206E+00
.9160E+03 .8791E+00 .3773E+00 .1057E-01 .1700E+00 .1594E+00 .3773E+00 .4516E-01 .4224E+00 .3773E+00 .1057E-01 .1010E+00
.9170E+03 .8667E+00 .5237E+00 .1449E-01 .2358E+00 .2213E+00 .5237E+00 .6246E-01 .5862E+00 .5237E+00 .1449E-01 .1402E+00
.9180E+03 .8709E+00 .3754E+00 .1057E-01 .1692E+00 .1587E+00 .3754E+00 .4511E-01 .4206E+00 .3754E+00 .1057E-01 .1008E+00
.9190E+03 .8739E+00 .5550E+00 .1514E-01 .2497E+00 .2346E+00 .5550E+00 .6589E-01 .6209E+00 .5550E+00 .1514E-01 .1486E+00
.9200E+03 .8632E+00 .5788E+00 .1551E-01 .2601E+00 .2446E+00 .5788E+00 .6825E-01 .6471E+00 .5788E+00 .1551E-01 .1548E+00
.9210E+03 .8416E+00 .6147E+00 .1653E-01 .2763E+00 .2598E+00 .6147E+00 .7267E-01 .6873E+00 .6147E+00 .1653E-01 .1647E+00
.9220E+03 .8384E+00 .5176E+00 .1398E-01 .2327E+00 .2187E+00 .5176E+00 .6138E-01 .5790E+00 .5176E+00 .1398E-01 .1391E+00
.9230E+03 .8153E+00 .6014E+00 .1604E-01 .2702E+00 .2541E+00 .6014E+00 .7102E-01 .6724E+00 .6014E+00 .1604E-01 .1616E+00
.9240E+03 .8412E+00 .5152E+00 .1401E-01 .2318E+00 .2177E+00 .5152E+00 .6129E-01 .5765E+00 .5152E+00 .1401E-01 .1387E+00
.9250E+03 .8410E+00 .5122E+00 .1382E-01 .2303E+00 .2165E+00 .5122E+00 .6076E-01 .5730E+00 .5122E+00 .1382E-01 .1378E+00
.9260E+03 .8302E+00 .5054E+00 .1373E-01 .2273E+00 .2136E+00 .5054E+00 .6017E-01 .5655E+00 .5054E+00 .1373E-01 .1363E+00
.9270E+03 .8567E+00 .5964E+00 .1605E-01 .2681E+00 .2521E+00 .5964E+00 .7086E-01 .6673E+00 .5964E+00 .1605E-01 .1610E+00
.9280E+03 .8581E+00 .3467E+00 .9749E-02 .1563E+00 .1465E+00 .3467E+00 .4192E-01 .3886E+00 .3467E+00 .9749E-02 .9409E-01
.9290E+03 .8467E+00 .2873E+00 .8232E-02 .1297E+00 .1214E+00 .2873E+00 .3501E-01 .3224E+00 .2873E+00 .8232E-02 .7816E-01
.9300E+03 .8511E+00 .2253E+00 .6632E-02 .1019E+00 .9524E-01 .2253E+00 .2776E-01 .2531E+00 .2253E+00 .6632E-02 .6148E-01
.9310E+03 .8511E+00 .2085E+00 .6193E-02 .9429E-01 .8810E-01 .2085E+00 .2580E-01 .2343E+00 .2085E+00 .6193E-02 .5697E-01
.9320E+03 .8466E+00 .1229E+00 .3935E-02 .5587E-01 .5194E-01 .1229E+00 .1568E-01 .1386E+00 .1229E+00 .3935E-02 .3380E-01
.9330E+03 .8498E+00 .9113E-01 .3028E-02 .4154E-01 .3851E-01 .9113E-01 .1181E-01 .1029E+00 .9113E-01 .3028E-02 .2514E-01
.9340E+03 .8477E+00 .3129E-01 .1295E-02 .1452E-01 .1322E-01 .3129E-01 .4476E-02 .3577E-01 .3129E-01 .1295E-02 .8774E-02
.9350E+03 .8377E+00 .1091E+00 .3468E-02 .4956E-01 .4609E-01 .1091E+00 .1388E-01 .1229E+00 .1091E+00 .3468E-02 .3001E-01
.9360E+03 .8335E+00 .5257E-01 .1846E-02 .2406E-01 .2222E-01 .5257E-01 .6988E-02 .5956E-01 .5257E-01 .1846E-02 .1460E-01
.9370E+03 .8395E+00 .5658E-01 .1952E-02 .2587E-01 .2391E-01 .5658E-01 .7472E-02 .6405E-01 .5658E-01 .1952E-02 .1572E-01
.9380E+03 .8388E+00 .7371E-01 .2472E-02 .3363E-01 .3115E-01 .7371E-01 .9621E-02 .8334E-01 .7371E-01 .2472E-02 .2045E-01
.9390E+03 .8327E+00 .2118E+00 .6135E-02 .9564E-01 .8950E-01 .2118E+00 .2605E-01 .2378E+00 .2118E+00 .6135E-02 .5815E-01
.9400E+03 .8229E+00 .2723E+00 .7659E-02 .1227E+00 .1151E+00 .2723E+00 .3312E-01 .3054E+00 .2723E+00 .7659E-02 .7461E-01
.9410E+03 .7930E+00 .1789E+00 .5263E-02 .8089E-01 .7562E-01 .1789E+00 .2214E-01 .2011E+00 .1789E+00 .5263E-02 .4919E-01
.9420E+03 .8095E+00 .2193E+00 .6335E-02 .9901E-01 .9267E-01 .2193E+00 .2695E-01 .2462E+00 .2193E+00 .6335E-02 .6020E-01
.9430E+03 .8194E+00 .1362E+00 .4075E-02 .6163E-01 .5756E-01 .1362E+00 .1697E-01 .1532E+00 .1362E+00 .4075E-02 .3752E-01
.9440E+03 .8084E+00 .1670E+00 .4697E-02 .7526E-01 .7057E-01 .1670E+00 .2033E-01 .1873E+00 .1670E+00 .4697E-02 .4588E-01
.9450E+03 .8165E+00 .1906E+00 .5472E-02 .8603E-01 .8056E-01 .1906E+00 .2340E-01 .2140E+00 .1906E+00 .5472E-02 .5246E-01
.9460E+03 .8194E+00 .7479E-01 .2399E-02 .3401E-01 .3161E-01 .7479E-01 .9598E-02 .8439E-01 .7479E-01 .2399E-02 .2075E-01
.9470E+03 .8212E+00 .1802E+00 .5239E-02 .8141E-01 .7617E-01 .1802E+00 .2224E-01 .2025E+00 .1802E+00 .5239E-02 .4964E-01
.9480E+03 .8219E+00 .1412E+00 .4047E-02 .6372E-01 .5967E-01 .1412E+00 .1733E-01 .1585E+00 .1412E+00 .4047E-02 .3891E-01
.9490E+03 .8212E+00 .2789E+00 .7744E-02 .1256E+00 .1178E+00 .2789E+00 .3385E-01 .3127E+00 .2789E+00 .7744E-02 .7668E-01
.9500E+03 .8154E+00 .4642E-01 .1546E-02 .2116E-01 .1962E-01 .4642E-01 .6060E-02 .5248E-01 .4642E-01 .1546E-02 .1295E-01
.9510E+03 .8110E+00 .2722E+00 .7567E-02 .1226E+00 .1150E+00 .2722E+00 .3307E-01 .3052E+00 .2722E+00 .7567E-02 .7491E-01
.9520E+03 .8117E+00 .1145E+00 .3386E-02 .5178E-01 .4840E-01 .1145E+00 .1424E-01 .1288E+00 .1145E+00 .3386E-02 .3168E-01
.9530E+03 .8043E+00 .1678E+00 .4779E-02 .7571E-01 .7093E-01 .1678E+00 .2059E-01 .1884E+00 .1678E+00 .4779E-02 .4634E-01
.9540E+03 .7797E+00 .2239E+00 .6186E-02 .1008E+00 .9461E-01 .2239E+00 .2717E-01 .2510E+00 .2239E+00 .6186E-02 .6173E-01
.9550E+03 .7665E+00 .1713E+00 .4811E-02 .7719E-01 .7238E-01 .1713E+00 .2092E-01 .1922E+00 .1713E+00 .4811E-02 .4732E-01
.9560E+03 .7989E+00 .2014E+00 .5198E-02 .9031E-01 .8511E-01 .2014E+00 .2385E-01 .2252E+00 .2014E+00 .5198E-02 .5541E-01
.9570E+03 .7927E+00 .1087E+00 .3231E-02 .4917E-01 .4593E-01 .1087E+00 .1357E-01 .1223E+00 .1087E+00 .3231E-02 .3015E-01
.9580E+03 .8013E+00 .3022E+00 .7797E-02 .1355E+00 .1277E+00 .3022E+00 .3577E-01 .3379E+00 .3022E+00 .7797E-02 .8305E-01
.9590E+03 .8021E+00 .2117E+00 .5676E-02 .9514E-01 .8946E-01 .2117E+00 .2541E-01 .2371E+00 .2117E+00 .5676E-02 .5834E-01
.9600E+03 .7908E+00 .2281E+00 .6140E-02 .1025E+00 .9639E-01 .2281E+00 .2742E-01 .2555E+00 .2281E+00 .6140E-02 .6285E-01
.9610E+03 .7946E+00 .2855E+00 .7426E-02 .1281E+00 .1206E+00 .2855E+00 .3390E-01 .3194E+00 .2855E+00 .7426E-02 .7850E-01
.9620E+03 .7878E+00 .2750E+00 .7096E-02 .1233E+00 .1162E+00 .2750E+00 .3256E-01 .3076E+00 .2750E+00 .7096E-02 .7561E-01
.9630E+03 .7839E+00 .3395E+00 .8573E-02 .1520E+00 .1435E+00 .3395E+00 .3990E-01 .3794E+00 .3395E+00 .8573E-02 .9325E-01
.9640E+03 .7836E+00 .3042E+00 .7685E-02 .1363E+00 .1286E+00 .3042E+00 .3579E-01 .3400E+00 .3042E+00 .7685E-02 .8367E-01
.9650E+03 .7805E+00 .3304E+00 .8378E-02 .1480E+00 .1396E+00 .3304E+00 .3894E-01 .3694E+00 .3304E+00 .8378E-02 .9093E-01
.9660E+03 .7742E+00 .2988E+00 .7649E-02 .1339E+00 .1263E+00 .2988E+00 .3533E-01 .3341E+00 .2988E+00 .7649E-02 .8228E-01
.9670E+03 .7809E+00 .2927E+00 .7505E-02 .1312E+00 .1237E+00 .2927E+00 .3463E-01 .3273E+00 .2927E+00 .7505E-02 .8063E-01
.9680E+03 .7798E+00 .5263E+00 .1258E-01 .2350E+00 .2224E+00 .5263E+00 .6080E-01 .5871E+00 .5263E+00 .1258E-01 .1444E+00
.9690E+03 .7793E+00 .5214E+00 .1268E-01 .2330E+00 .2204E+00 .5214E+00 .6063E-01 .5821E+00 .5214E+00 .1268E-01 .1433E+00
.9700E+03 .7785E+00 .4624E+00 .1123E-01 .2066E+00 .1954E+00 .4624E+00 .5376E-01 .5161E+00 .4624E+00 .1123E-01 .1272E+00
.9710E+03 .7761E+00 .5936E+00 .1410E-01 .2650E+00 .2509E+00 .5936E+00 .6851E-01 .6621E+00 .5936E+00 .1410E-01 .1630E+00
.9720E+03 .7779E+00 .5667E+00 .1341E-01 .2529E+00 .2395E+00 .5667E+00 .6533E-01 .6321E+00 .5667E+00 .1341E-01 .1557E+00
.9730E+03 .7697E+00 .4187E+00 .1023E-01 .1872E+00 .1769E+00 .4187E+00 .4880E-01 .4675E+00 .4187E+00 .1023E-01 .1153E+00
.9740E+03 .7603E+00 .4111E+00 .9902E-02 .1837E+00 .1737E+00 .4111E+00 .4767E-01 .4588E+00 .4111E+00 .9902E-02 .1131E+00
.9750E+03 .7695E+00 .4497E+00 .1072E-01 .2008E+00 .1900E+00 .4497E+00 .5196E-01 .5016E+00 .4497E+00 .1072E-01 .1237E+00
.9760E+03 .7652E+00 .3842E+00 .9382E-02 .1718E+00 .1624E+00 .3842E+00 .4480E-01 .4290E+00 .3842E+00 .9382E-02 .1059E+00
.9770E+03 .7635E+00 .4930E+00 .1162E-01 .2200E+00 .2083E+00 .4930E+00 .5683E-01 .5498E+00 .4930E+00 .1162E-01 .1357E+00
.9780E+03 .7624E+00 .4426E+00 .1057E-01 .1976E+00 .1870E+00 .4426E+00 .5126E-01 .4939E+00 .4426E+00 .1057E-01 .1220E+00
.9790E+03 .7560E+00 .4798E+00 .1138E-01 .2142E+00 .2028E+00 .4798E+00 .5543E-01 .5353E+00 .4798E+00 .1138E-01 .1322E+00
.9800E+03 .7599E+00 .4410E+00 .1041E-01 .1968E+00 .1864E+00 .4410E+00 .5086E-01 .4919E+00 .4410E+00 .1041E-01 .1215E+00
.9810E+03 .7640E+00 .5955E+00 .1380E-01 .2655E+00 .2517E+00 .5955E+00 .6826E-01 .6638E+00 .5955E+00 .1380E-01 .1638E+00
.9820E+03 .7614E+00 .5460E+00 .1270E-01 .2434E+00 .2308E+00 .5460E+00 .6266E-01 .6087E+00 .5460E+00 .1270E-01 .1502E+00
.9830E+03 .7559E+00 .5114E+00 .1190E-01 .2280E+00 .2161E+00 .5114E+00 .5874E-01 .5701E+00 .5114E+00 .1190E-01 .1408E+00
.9840E+03 .7549E+00 .6399E+00 .1460E-01 .2850E+00 .2704E+00 .6399E+00 .7307E-01 .7130E+00 .6399E+00 .1460E-01 .1761E+00
.9850E+03 .7555E+00 .5386E+00 .1248E-01 .2401E+00 .2276E+00 .5386E+00 .6184E-01 .6004E+00 .5386E+00 .1248E-01 .1485E+00
.9860E+03 .7499E+00 .6653E+00 .1504E-01 .2962E+00 .2812E+00 .6653E+00 .7577E-01 .7411E+00 .6653E+00 .1504E-01 .1831E+00
.9870E+03 .7484E+00 .6397E+00 .1444E-01 .2848E+00 .2703E+00 .6397E+00 .7283E-01 .7125E+00 .6397E+00 .1444E-01 .1761E+00
.9880E+03 .7494E+00 .6403E+00 .1441E-01 .2850E+00 .2706E+00 .6403E+00 .7286E-01 .7132E+00 .6403E+00 .1441E-01 .1764E+00
.9890E+03 .7376E+00 .6786E+00 .1515E-01 .3019E+00 .2868E+00 .6786E+00 .7707E-01 .7557E+00 .6786E+00 .1515E-01 .1870E+00
.9900E+03 .7407E+00 .6357E+00 .1425E-01 .2829E+00 .2687E+00 .6357E+00 .7232E-01 .7080E+00 .6357E+00 .1425E-01 .1754E+00
.9910E+03 .7420E+00 .6799E+00 .1510E-01 .3024E+00 .2873E+00 .6799E+00 .7711E-01 .7570E+00 .6799E+00 .1510E-01 .1874E+00
.9920E+03 .7443E+00 .6864E+00 .1520E-01 .3053E+00 .2901E+00 .6864E+00 .7778E-01 .7642E+00 .6864E+00 .1520E-01 .1892E+00
.9930E+03 .7423E+00 .6535E+00 .1450E-01 .2907E+00 .2762E+00 .6535E+00 .7415E-01 .7277E+00 .6535E+00 .1450E-01 .1804E+00
.9940E+03 .7423E+00 .6894E+00 .1519E-01 .3065E+00 .2913E+00 .6894E+00 .7811E-01 .7675E+00 .6894E+00 .1519E-01 .1904E+00
.9950E+03 .7390E+00 .6921E+00 .1520E-01 .3077E+00 .2925E+00 .6921E+00 .7836E-01 .7705E+00 .6921E+00 .1520E-01 .1912E+00
.9960E+03 .7384E+00 .6845E+00 .1503E-01 .3043E+00 .2893E+00 .6845E+00 .7749E-01 .7620E+00 .6845E+00 .1503E-01 .1891E+00
.9970E+03 .7381E+00 .6878E+00 .1506E-01 .3057E+00 .2907E+00 .6878E+00 .7779E-01 .7656E+00 .6878E+00 .1506E-01 .1900E+00
.9980E+03 .7356E+00 .6842E+00 .1495E-01 .3041E+00 .2892E+00 .6842E+00 .7739E-01 .7616E+00 .6842E+00 .1495E-01 .1892E+00
.9990E+03 .7322E+00 .6820E+00 .1487E-01 .3031E+00 .2882E+00 .6820E+00 .7714E-01 .7591E+00 .6820E+00 .1487E-01 .1887E+00
.1000E+04 .7312E+00 .6713E+00 .1463E-01 .2983E+00 .2837E+00 .6713E+00 .7598E-01 .7473E+00 .6713E+00 .1463E-01 .1860E+00
.1001E+04 .7357E+00 .6866E+00 .1490E-01 .3051E+00 .2902E+00 .6866E+00 .7764E-01 .7642E+00 .6866E+00 .1490E-01 .1903E+00
.1002E+04 .7325E+00 .6457E+00 .1409E-01 .2870E+00 .2729E+00 .6457E+00 .7318E-01 .7188E+00 .6457E+00 .1409E-01 .1792E+00
.1003E+04 .7238E+00 .6729E+00 .1455E-01 .2989E+00 .2844E+00 .6729E+00 .7605E-01 .7490E+00 .6729E+00 .1455E-01 .1867E+00
.1004E+04 .7105E+00 .6513E+00 .1407E-01 .2893E+00 .2752E+00 .6513E+00 .7359E-01 .7249E+00 .6513E+00 .1407E-01 .1806E+00
.1005E+04 .6783E+00 .6353E+00 .1366E-01 .2821E+00 .2685E+00 .6353E+00 .7166E-01 .7069E+00 .6353E+00 .1366E-01 .1762E+00
.1006E+04 .7083E+00 .6560E+00 .1409E-01 .2913E+00 .2772E+00 .6560E+00 .7398E-01 .7300E+00 .6560E+00 .1409E-01 .1819E+00
.1007E+04 .7213E+00 .6725E+00 .1440E-01 .2986E+00 .2842E+00 .6725E+00 .7577E-01 .7483E+00 .6725E+00 .1440E-01 .1865E+00
.1008E+04 .7208E+00 .6643E+00 .1421E-01 .2949E+00 .2807E+00 .6643E+00 .7488E-01 .7391E+00 .6643E+00 .1421E-01 .1844E+00
.1009E+04 .7204E+00 .6566E+00 .1404E-01 .2915E+00 .2775E+00 .6566E+00 .7405E-01 .7307E+00 .6566E+00 .1404E-01 .1824E+00
.1010E+04 .7193E+00 .6513E+00 .1391E-01 .2892E+00 .2753E+00 .6513E+00 .7345E-01 .7248E+00 .6513E+00 .1391E-01 .1810E+00
.1011E+04 .7172E+00 .6699E+00 .1422E-01 .2973E+00 .2831E+00 .6699E+00 .7540E-01 .7453E+00 .6699E+00 .1422E-01 .1861E+00
.1012E+04 .7146E+00 .6599E+00 .1399E-01 .2929E+00 .2789E+00 .6599E+00 .7425E-01 .7341E+00 .6599E+00 .1399E-01 .1834E+00
.1013E+04 .7146E+00 .6701E+00 .1415E-01 .2973E+00 .2832E+00 .6701E+00 .7537E-01 .7455E+00 .6701E+00 .1415E-01 .1864E+00
.1014E+04 .7096E+00 .6656E+00 .1403E-01 .2953E+00 .2813E+00 .6656E+00 .7487E-01 .7404E+00 .6656E+00 .1403E-01 .1853E+00
.1015E+04 .7055E+00 .6604E+00 .1389E-01 .2930E+00 .2791E+00 .6604E+00 .7427E-01 .7347E+00 .6604E+00 .1389E-01 .1839E+00
.1016E+04 .7028E+00 .6573E+00 .1380E-01 .2916E+00 .2778E+00 .6573E+00 .7387E-01 .7312E+00 .6573E+00 .1380E-01 .1831E+00
.1017E+04 .7050E+00 .6579E+00 .1378E-01 .2918E+00 .2780E+00 .6579E+00 .7389E-01 .7317E+00 .6579E+00 .1378E-01 .1832E+00
.1018E+04 .7004E+00 .6587E+00 .1375E-01 .2921E+00 .2784E+00 .6587E+00 .7390E-01 .7326E+00 .6587E+00 .1375E-01 .1834E+00
.1019E+04 .6919E+00 .6361E+00 .1329E-01 .2821E+00 .2688E+00 .6361E+00 .7139E-01 .7075E+00 .6361E+00 .1329E-01 .1771E+00
.1020E+04 .6977E+00 .6541E+00 .1360E-01 .2900E+00 .2764E+00 .6541E+00 .7330E-01 .7274E+00 .6541E+00 .1360E-01 .1821E+00
.1021E+04 .6956E+00 .6548E+00 .1358E-01 .2903E+00 .2767E+00 .6548E+00 .7331E-01 .7281E+00 .6548E+00 .1358E-01 .1823E+00
.1022E+04 .6925E+00 .6467E+00 .1340E-01 .2867E+00 .2733E+00 .6467E+00 .7239E-01 .7191E+00 .6467E+00 .1340E-01 .1801E+00
.1023E+04 .7005E+00 .6531E+00 .1350E-01 .2895E+00 .2760E+00 .6531E+00 .7311E-01 .7262E+00 .6531E+00 .1350E-01 .1820E+00
.1024E+04 .6981E+00 .6351E+00 .1315E-01 .2816E+00 .2684E+00 .6351E+00 .7117E-01 .7063E+00 .6351E+00 .1315E-01 .1772E+00
.1025E+04 .6976E+00 .6562E+00 .1349E-01 .2908E+00 .2773E+00 .6562E+00 .7341E-01 .7296E+00 .6562E+00 .1349E-01 .1830E+00
.1026E+04 .6962E+00 .6513E+00 .1338E-01 .2886E+00 .2752E+00 .6513E+00 .7283E-01 .7241E+00 .6513E+00 .1338E-01 .1817E+00
.1027E+04 .6944E+00 .6503E+00 .1332E-01 .2881E+00 .2748E+00 .6503E+00 .7267E-01 .7229E+00 .6503E+00 .1332E-01 .1814E+00
.1028E+04 .6935E+00 .6484E+00 .1326E-01 .2873E+00 .2740E+00 .6484E+00 .7246E-01 .7209E+00 .6484E+00 .1326E-01 .1810E+00
.1029E+04 .6858E+00 .6400E+00 .1306E-01 .2835E+00 .2705E+00 .6400E+00 .7153E-01 .7115E+00 .6400E+00 .1306E-01 .1788E+00
.1030E+04 .6881E+00 .6484E+00 .1319E-01 .2872E+00 .2740E+00 .6484E+00 .7241E-01 .7208E+00 .6484E+00 .1319E-01 .1812E+00
.1031E+04 .6864E+00 .6443E+00 .1308E-01 .2854E+00 .2723E+00 .6443E+00 .7192E-01 .7163E+00 .6443E+00 .1308E-01 .1801E+00
.1032E+04 .6836E+00 .6443E+00 .1305E-01 .2853E+00 .2723E+00 .6443E+00 .7186E-01 .7162E+00 .6443E+00 .1305E-01 .1800E+00
.1033E+04 .6734E+00 .6346E+00 .1282E-01 .2810E+00 .2682E+00 .6346E+00 .7073E-01 .7053E+00 .6346E+00 .1282E-01 .1773E+00
.1034E+04 .6732E+00 .6355E+00 .1281E-01 .2814E+00 .2686E+00 .6355E+00 .7077E-01 .7062E+00 .6355E+00 .1281E-01 .1775E+00
.1035E+04 .6753E+00 .6379E+00 .1283E-01 .2824E+00 .2696E+00 .6379E+00 .7100E-01 .7089E+00 .6379E+00 .1283E-01 .1782E+00
.1036E+04 .6795E+00 .6403E+00 .1285E-01 .2835E+00 .2706E+00 .6403E+00 .7124E-01 .7116E+00 .6403E+00 .1285E-01 .1789E+00
.1037E+04 .6682E+00 .6306E+00 .1263E-01 .2791E+00 .2665E+00 .6306E+00 .7011E-01 .7007E+00 .6306E+00 .1263E-01 .1762E+00
.1038E+04 .6714E+00 .6336E+00 .1266E-01 .2805E+00 .2678E+00 .6336E+00 .7045E-01 .7041E+00 .6336E+00 .1266E-01 .1772E+00
.1039E+04 .6714E+00 .6331E+00 .1263E-01 .2802E+00 .2675E+00 .6331E+00 .7040E-01 .7035E+00 .6331E+00 .1263E-01 .1772E+00
.1040E+04 .6688E+00 .6309E+00 .1256E-01 .2792E+00 .2666E+00 .6309E+00 .7013E-01 .7010E+00 .6309E+00 .1256E-01 .1766E+00
.1041E+04 .6720E+00 .6332E+00 .1258E-01 .2802E+00 .2676E+00 .6332E+00 .7034E-01 .7036E+00 .6332E+00 .1258E-01 .1773E+00
.1042E+04 .6674E+00 .6293E+00 .1247E-01 .2784E+00 .2660E+00 .6293E+00 .6987E-01 .6992E+00 .6293E+00 .1247E-01 .1762E+00
.1043E+04 .6656E+00 .6274E+00 .1241E-01 .2776E+00 .2652E+00 .6274E+00 .6966E-01 .6971E+00 .6274E+00 .1241E-01 .1758E+00
.1044E+04 .6683E+00 .6297E+00 .1243E-01 .2786E+00 .2661E+00 .6297E+00 .6992E-01 .6996E+00 .6297E+00 .1243E-01 .1766E+00
.1045E+04 .6596E+00 .6212E+00 .1224E-01 .2748E+00 .2625E+00 .6212E+00 .6895E-01 .6902E+00 .6212E+00 .1224E-01 .1742E+00
.1046E+04 .6527E+00 .6145E+00 .1208E-01 .2718E+00 .2597E+00 .6145E+00 .6815E-01 .6826E+00 .6145E+00 .1208E-01 .1723E+00
.1047E+04 .6590E+00 .6201E+00 .1216E-01 .2742E+00 .2621E+00 .6201E+00 .6875E-01 .6888E+00 .6201E+00 .1216E-01 .1739E+00
.1048E+04 .6631E+00 .6235E+00 .1221E-01 .2757E+00 .2635E+00 .6235E+00 .6914E-01 .6927E+00 .6235E+00 .1221E-01 .1750E+00
.1049E+04 .6612E+00 .6208E+00 .1213E-01 .2745E+00 .2623E+00 .6208E+00 .6885E-01 .6896E+00 .6208E+00 .1213E-01 .1744E+00
.1050E+04 .6587E+00 .6178E+00 .1205E-01 .2731E+00 .2611E+00 .6178E+00 .6850E-01 .6863E+00 .6178E+00 .1205E-01 .1737E+00
.1051E+04 .6584E+00 .6176E+00 .1202E-01 .2730E+00 .2610E+00 .6176E+00 .6844E-01 .6860E+00 .6176E+00 .1202E-01 .1736E+00
.1052E+04 .6563E+00 .6149E+00 .1195E-01 .2718E+00 .2599E+00 .6149E+00 .6811E-01 .6830E+00 .6149E+00 .1195E-01 .1729E+00
.1053E+04 .6518E+00 .6102E+00 .1183E-01 .2697E+00 .2579E+00 .6102E+00 .6760E-01 .6778E+00 .6102E+00 .1183E-01 .1717E+00
.1054E+04 .6540E+00 .6118E+00 .1184E-01 .2704E+00 .2586E+00 .6118E+00 .6779E-01 .6796E+00 .6118E+00 .1184E-01 .1723E+00
.1055E+04 .6553E+00 .6122E+00 .1183E-01 .2706E+00 .2587E+00 .6122E+00 .6780E-01 .6800E+00 .6122E+00 .1183E-01 .1724E+00
.1056E+04 .6540E+00 .6101E+00 .1177E-01 .2696E+00 .2578E+00 .6101E+00 .6753E-01 .6776E+00 .6101E+00 .1177E-01 .1718E+00
.1057E+04 .6528E+00 .6084E+00 .1171E-01 .2688E+00 .2571E+00 .6084E+00 .6732E-01 .6757E+00 .6084E+00 .1171E-01 .1714E+00
.1058E+04 .6376E+00 .5935E+00 .1140E-01 .2622E+00 .2508E+00 .5935E+00 .6569E-01 .6592E+00 .5935E+00 .1140E-01 .1673E+00
.1059E+04 .6393E+00 .5939E+00 .1139E-01 .2624E+00 .2510E+00 .5939E+00 .6574E-01 .6596E+00 .5939E+00 .1139E-01 .1676E+00
.1060E+04 .6388E+00 .5934E+00 .1136E-01 .2622E+00 .2508E+00 .5934E+00 .6566E-01 .6591E+00 .5934E+00 .1136E-01 .1675E+00
.1061E+04 .6386E+00 .5926E+00 .1132E-01 .2618E+00 .2505E+00 .5926E+00 .6554E-01 .6582E+00 .5926E+00 .1132E-01 .1673E+00
.1062E+04 .6430E+00 .5948E+00 .1134E-01 .2627E+00 .2514E+00 .5948E+00 .6576E-01 .6605E+00 .5948E+00 .1134E-01 .1679E+00
.1063E+04 .6374E+00 .5884E+00 .1121E-01 .2599E+00 .2487E+00 .5884E+00 .6507E-01 .6535E+00 .5884E+00 .1121E-01 .1662E+00
.1064E+04 .6446E+00 .5971E+00 .1134E-01 .2637E+00 .2523E+00 .5971E+00 .6602E-01 .6631E+00 .5971E+00 .1134E-01 .1688E+00
.1065E+04 .6423E+00 .5894E+00 .1119E-01 .2603E+00 .2491E+00 .5894E+00 .6517E-01 .6546E+00 .5894E+00 .1119E-01 .1667E+00
.1066E+04 .6278E+00 .5808E+00 .1099E-01 .2564E+00 .2455E+00 .5808E+00 .6416E-01 .6450E+00 .5808E+00 .1099E-01 .1643E+00
.1067E+04 .6365E+00 .5865E+00 .1108E-01 .2589E+00 .2478E+00 .5865E+00 .6476E-01 .6512E+00 .5865E+00 .1108E-01 .1659E+00
.1068E+04 .6244E+00 .5715E+00 .1079E-01 .2523E+00 .2415E+00 .5715E+00 .6309E-01 .6346E+00 .5715E+00 .1079E-01 .1616E+00
.1069E+04 .6040E+00 .5527E+00 .1041E-01 .2440E+00 .2336E+00 .5527E+00 .6097E-01 .6136E+00 .5527E+00 .1041E-01 .1563E+00
.1070E+04 .6266E+00 .5662E+00 .1066E-01 .2500E+00 .2393E+00 .5662E+00 .6246E-01 .6287E+00 .5662E+00 .1066E-01 .1601E+00
.1071E+04 .6301E+00 .5837E+00 .1093E-01 .2576E+00 .2467E+00 .5837E+00 .6429E-01 .6480E+00 .5837E+00 .1093E-01 .1650E+00
.1072E+04 .6276E+00 .5682E+00 .1065E-01 .2508E+00 .2401E+00 .5682E+00 .6261E-01 .6308E+00 .5682E+00 .1065E-01 .1607E+00
.1073E+04 .6172E+00 .5621E+00 .1051E-01 .2481E+00 .2376E+00 .5621E+00 .6195E-01 .6241E+00 .5621E+00 .1051E-01 .1591E+00
.1074E+04 .6269E+00 .5839E+00 .1086E-01 .2576E+00 .2468E+00 .5839E+00 .6430E-01 .6482E+00 .5839E+00 .1086E-01 .1654E+00
.1075E+04 .6136E+00 .5340E+00 .9966E-02 .2357E+00 .2257E+00 .5340E+00 .5887E-01 .5929E+00 .5340E+00 .9966E-02 .1514E+00
.1076E+04 .6275E+00 .5791E+00 .1074E-01 .2555E+00 .2448E+00 .5791E+00 .6373E-01 .6429E+00 .5791E+00 .1074E-01 .1641E+00
.1077E+04 .6274E+00 .5580E+00 .1035E-01 .2462E+00 .2358E+00 .5580E+00 .6141E-01 .6194E+00 .5580E+00 .1035E-01 .1581E+00
.1078E+04 .6181E+00 .5405E+00 .1004E-01 .2385E+00 .2284E+00 .5405E+00 .5950E-01 .6000E+00 .5405E+00 .1004E-01 .1532E+00
.1079E+04 .6147E+00 .5714E+00 .1052E-01 .2520E+00 .2415E+00 .5714E+00 .6275E-01 .6342E+00 .5714E+00 .1052E-01 .1619E+00
.1080E+04 .6233E+00 .5416E+00 .1000E-01 .2389E+00 .2289E+00 .5416E+00 .5957E-01 .6012E+00 .5416E+00 .1000E-01 .1536E+00
.1081E+04 .6061E+00 .5178E+00 .9580E-02 .2284E+00 .2188E+00 .5178E+00 .5702E-01 .5748E+00 .5178E+00 .9580E-02 .1470E+00
.1082E+04 .6007E+00 .5412E+00 .9944E-02 .2387E+00 .2287E+00 .5412E+00 .5950E-01 .6007E+00 .5412E+00 .9944E-02 .1536E+00
.1083E+04 .5998E+00 .5483E+00 .1003E-01 .2418E+00 .2317E+00 .5483E+00 .6021E-01 .6085E+00 .5483E+00 .1003E-01 .1556E+00
.1084E+04 .6144E+00 .5115E+00 .9415E-02 .2256E+00 .2162E+00 .5115E+00 .5626E-01 .5678E+00 .5115E+00 .9415E-02 .1452E+00
.1085E+04 .6180E+00 .5425E+00 .9936E-02 .2392E+00 .2293E+00 .5425E+00 .5959E-01 .6021E+00 .5425E+00 .9936E-02 .1540E+00
.1086E+04 .6104E+00 .4696E+00 .8645E-02 .2071E+00 .1984E+00 .4696E+00 .5165E-01 .5212E+00 .4696E+00 .8645E-02 .1334E+00
.1087E+04 .5897E+00 .5037E+00 .9210E-02 .2221E+00 .2129E+00 .5037E+00 .5531E-01 .5590E+00 .5037E+00 .9210E-02 .1430E+00
.1088E+04 .6028E+00 .5398E+00 .9793E-02 .2379E+00 .2281E+00 .5398E+00 .5914E-01 .5990E+00 .5398E+00 .9793E-02 .1532E+00
.1089E+04 .6019E+00 .5064E+00 .9239E-02 .2233E+00 .2140E+00 .5064E+00 .5557E-01 .5620E+00 .5064E+00 .9239E-02 .1438E+00
.1090E+04 .6099E+00 .4880E+00 .8886E-02 .2151E+00 .2063E+00 .4880E+00 .5353E-01 .5416E+00 .4880E+00 .8886E-02 .1386E+00
.1091E+04 .6069E+00 .5305E+00 .9590E-02 .2338E+00 .2242E+00 .5305E+00 .5808E-01 .5886E+00 .5305E+00 .9590E-02 .1506E+00
.1092E+04 .6013E+00 .5372E+00 .9667E-02 .2367E+00 .2270E+00 .5372E+00 .5875E-01 .5959E+00 .5372E+00 .9667E-02 .1525E+00
.1093E+04 .5815E+00 .4099E+00 .7491E-02 .1807E+00 .1732E+00 .4099E+00 .4504E-01 .4549E+00 .4099E+00 .7491E-02 .1166E+00
.1094E+04 .5572E+00 .4785E+00 .8619E-02 .2109E+00 .2022E+00 .4785E+00 .5242E-01 .5309E+00 .4785E+00 .8619E-02 .1361E+00
.1095E+04 .5839E+00 .4252E+00 .7785E-02 .1875E+00 .1797E+00 .4252E+00 .4678E-01 .4719E+00 .4252E+00 .7785E-02 .1210E+00
.1096E+04 .5834E+00 .3957E+00 .7259E-02 .1745E+00 .1672E+00 .3957E+00 .4356E-01 .4392E+00 .3957E+00 .7259E-02 .1127E+00
.1097E+04 .5843E+00 .5208E+00 .9299E-02 .2294E+00 .2201E+00 .5208E+00 .5691E-01 .5777E+00 .5208E+00 .9299E-02 .1481E+00
.1098E+04 .5763E+00 .3786E+00 .6971E-02 .1670E+00 .1600E+00 .3786E+00 .4172E-01 .4203E+00 .3786E+00 .6971E-02 .1078E+00
.1099E+04 .5896E+00 .4030E+00 .7386E-02 .1777E+00 .1703E+00 .4030E+00 .4436E-01 .4474E+00 .4030E+00 .7386E-02 .1148E+00
.1100E+04 .5931E+00 .3610E+00 .6633E-02 .1592E+00 .1526E+00 .3610E+00 .3976E-01 .4007E+00 .3610E+00 .6633E-02 .1028E+00
.1101E+04 .5852E+00 .3720E+00 .6790E-02 .1640E+00 .1572E+00 .3720E+00 .4090E-01 .4129E+00 .3720E+00 .6790E-02 .1059E+00
.1102E+04 .5776E+00 .3421E+00 .6289E-02 .1508E+00 .1446E+00 .3421E+00 .3769E-01 .3797E+00 .3421E+00 .6289E-02 .9748E-01
.1103E+04 .5889E+00 .3298E+00 .6091E-02 .1455E+00 .1394E+00 .3298E+00 .3641E-01 .3662E+00 .3298E+00 .6091E-02 .9411E-01
.1104E+04 .5869E+00 .3318E+00 .6106E-02 .1463E+00 .1402E+00 .3318E+00 .3663E-01 .3685E+00 .3318E+00 .6106E-02 .9477E-01
.1105E+04 .5867E+00 .3840E+00 .7005E-02 .1693E+00 .1623E+00 .3840E+00 .4228E-01 .4262E+00 .3840E+00 .7005E-02 .1096E+00
.1106E+04 .5849E+00 .2291E+00 .4391E-02 .1012E+00 .9682E-01 .2291E+00 .2558E-01 .2547E+00 .2291E+00 .4391E-02 .6557E-01
.1107E+04 .5828E+00 .3589E+00 .6512E-02 .1582E+00 .1517E+00 .3589E+00 .3946E-01 .3983E+00 .3589E+00 .6512E-02 .1024E+00
.1108E+04 .5831E+00 .2616E+00 .4881E-02 .1154E+00 .1105E+00 .2616E+00 .2898E-01 .2906E+00 .2616E+00 .4881E-02 .7478E-01
.1109E+04 .5825E+00 .2561E+00 .4807E-02 .1130E+00 .1082E+00 .2561E+00 .2842E-01 .2845E+00 .2561E+00 .4807E-02 .7323E-01
.1110E+04 .5827E+00 .3195E+00 .5922E-02 .1409E+00 .1350E+00 .3195E+00 .3533E-01 .3548E+00 .3195E+00 .5922E-02 .9127E-01
.1111E+04 .5782E+00 .2007E+00 .3833E-02 .8864E-01 .8480E-01 .2007E+00 .2238E-01 .2230E+00 .2007E+00 .3833E-02 .5744E-01
.1112E+04 .5743E+00 .2544E+00 .4734E-02 .1122E+00 .1075E+00 .2544E+00 .2817E-01 .2826E+00 .2544E+00 .4734E-02 .7272E-01
.1113E+04 .5729E+00 .1465E+00 .2862E-02 .6476E-01 .6190E-01 .1465E+00 .1644E-01 .1629E+00 .1465E+00 .2862E-02 .4198E-01
.1114E+04 .5779E+00 .1616E+00 .3176E-02 .7147E-01 .6829E-01 .1616E+00 .1817E-01 .1798E+00 .1616E+00 .3176E-02 .4632E-01
.1115E+04 .5732E+00 .1282E+00 .2550E-02 .5672E-01 .5417E-01 .1282E+00 .1446E-01 .1426E+00 .1282E+00 .2550E-02 .3677E-01
.1116E+04 .5736E+00 .8706E-01 .1847E-02 .3864E-01 .3679E-01 .8706E-01 .1002E-01 .9707E-01 .8706E-01 .1847E-02 .2505E-01
.1117E+04 .5761E+00 .2268E-01 .5767E-03 .1016E-01 .9583E-02 .2268E-01 .2767E-02 .2544E-01 .2268E-01 .5767E-03 .6586E-02
.1118E+04 .5707E+00 .1007E+00 .2108E-02 .4465E-01 .4255E-01 .1007E+00 .1154E-01 .1122E+00 .1007E+00 .2108E-02 .2895E-01
.1119E+04 .5629E+00 .3544E-01 .8477E-03 .1582E-01 .1498E-01 .3544E-01 .4236E-02 .3967E-01 .3544E-01 .8477E-03 .1026E-01
.1120E+04 .5630E+00 .4298E-01 .1054E-02 .1922E-01 .1817E-01 .4298E-01 .5181E-02 .4816E-01 .4298E-01 .1054E-02 .1246E-01
.1121E+04 .5667E+00 .6278E-01 .1479E-02 .2801E-01 .2653E-01 .6278E-01 .7467E-02 .7025E-01 .6278E-01 .1479E-02 .1815E-01
.1122E+04 .5689E+00 .1809E-01 .5212E-03 .8164E-02 .7643E-02 .1809E-01 .2308E-02 .2039E-01 .1809E-01 .5212E-03 .5287E-02
.1123E+04 .5680E+00 .4110E-01 .9932E-03 .1836E-01 .1737E-01 .4110E-01 .4929E-02 .4602E-01 .4110E-01 .9932E-03 .1190E-01
.1124E+04 .5640E+00 .3414E-01 .8281E-03 .1525E-01 .1443E-01 .3414E-01 .4099E-02 .3824E-01 .3414E-01 .8281E-03 .9890E-02
.1125E+04 .5485E+00 .4864E-01 .1129E-02 .2168E-01 .2056E-01 .4864E-01 .5756E-02 .5439E-01 .4864E-01 .1129E-02 .1406E-01
.1126E+04 .5539E+00 .8872E-02 .2922E-03 .4042E-02 .3749E-02 .8872E-02 .1193E-02 .1006E-01 .8872E-02 .2922E-03 .2614E-02
.1127E+04 .5584E+00 .5412E-01 .1251E-02 .2412E-01 .2287E-01 .5412E-01 .6397E-02 .6052E-01 .5412E-01 .1251E-02 .1564E-01
.1128E+04 .5562E+00 .2299E-01 .6286E-03 .1034E-01 .9715E-02 .2299E-01 .2878E-02 .2586E-01 .2299E-01 .6286E-03 .6700E-02
.1129E+04 .5501E+00 .2377E-01 .6490E-03 .1070E-01 .1005E-01 .2377E-01 .2975E-02 .2675E-01 .2377E-01 .6490E-03 .6929E-02
.1130E+04 .5512E+00 .1754E-01 .4591E-03 .7874E-02 .7414E-02 .1754E-01 .2162E-02 .1971E-01 .1754E-01 .4591E-03 .5104E-02
.1131E+04 .5540E+00 .1348E+00 .2758E-02 .5974E-01 .5698E-01 .1348E+00 .1534E-01 .1502E+00 .1348E+00 .2758E-02 .3873E-01
.1132E+04 .5542E+00 .9209E-01 .1957E-02 .4087E-01 .3892E-01 .9209E-01 .1060E-01 .1027E+00 .9209E-01 .1957E-02 .2650E-01
.1133E+04 .5451E+00 .4261E-01 .1034E-02 .1904E-01 .1801E-01 .4261E-01 .5118E-02 .4773E-01 .4261E-01 .1034E-02 .1234E-01
.1134E+04 .5505E+00 .5462E-02 .1853E-03 .2494E-02 .2308E-02 .5462E-02 .7433E-03 .6206E-02 .5462E-02 .1853E-03 .1613E-02
.1135E+04 .5507E+00 .3209E-02 .9651E-04 .1453E-02 .1356E-02 .3209E-02 .4162E-03 .3625E-02 .3209E-02 .9651E-04 .9410E-03
.1136E+04 .5514E+00 .3351E-01 .8542E-03 .1502E-01 .1416E-01 .3351E-01 .4093E-02 .3761E-01 .3351E-01 .8542E-03 .9732E-02
.1137E+04 .5458E+00 .1232E+00 .2539E-02 .5461E-01 .5207E-01 .1232E+00 .1405E-01 .1373E+00 .1232E+00 .2539E-02 .3540E-01
.1138E+04 .5387E+00 .8180E-01 .1728E-02 .3630E-01 .3457E-01 .8180E-01 .9399E-02 .9120E-01 .8180E-01 .1728E-02 .2354E-01
.1139E+04 .5406E+00 .1733E+00 .3238E-02 .7649E-01 .7325E-01 .1733E+00 .1922E-01 .1925E+00 .1733E+00 .3238E-02 .4960E-01
.1140E+04 .5363E+00 .1220E+00 .2393E-02 .5394E-01 .5155E-01 .1220E+00 .1371E-01 .1357E+00 .1220E+00 .2393E-02 .3499E-01
.1141E+04 .5371E+00 .8709E-01 .1788E-02 .3860E-01 .3681E-01 .8709E-01 .9923E-02 .9702E-01 .8709E-01 .1788E-02 .2504E-01
.1142E+04 .5392E+00 .1016E+00 .2047E-02 .4500E-01 .4295E-01 .1016E+00 .1151E-01 .1131E+00 .1016E+00 .2047E-02 .2919E-01
.1143E+04 .5405E+00 .1610E+00 .3078E-02 .7111E-01 .6803E-01 .1610E+00 .1797E-01 .1789E+00 .1610E+00 .3078E-02 .4612E-01
.1144E+04 .5355E+00 .4247E-01 .9203E-03 .1887E-01 .1795E-01 .4247E-01 .4919E-02 .4739E-01 .4247E-01 .9203E-03 .1225E-01
.1145E+04 .5399E+00 .4429E-01 .1045E-02 .1976E-01 .1872E-01 .4429E-01 .5270E-02 .4956E-01 .4429E-01 .1045E-02 .1281E-01
.1146E+04 .5437E+00 .4594E-01 .1089E-02 .2050E-01 .1941E-01 .4594E-01 .5475E-02 .5141E-01 .4594E-01 .1089E-02 .1329E-01
.1147E+04 .5422E+00 .8945E-02 .2891E-03 .4070E-02 .3781E-02 .8945E-02 .1194E-02 .1014E-01 .8945E-02 .2891E-03 .2634E-02
.1148E+04 .5387E+00 .1359E+00 .2613E-02 .6004E-01 .5742E-01 .1359E+00 .1519E-01 .1511E+00 .1359E+00 .2613E-02 .3895E-01
.1149E+04 .5377E+00 .9672E-01 .1932E-02 .4281E-01 .4088E-01 .9672E-01 .1093E-01 .1077E+00 .9672E-01 .1932E-02 .2778E-01
.1150E+04 .5362E+00 .5094E-01 .1028E-02 .2256E-01 .2153E-01 .5094E-01 .5775E-02 .5672E-01 .5094E-01 .1028E-02 .1465E-01
.1151E+04 .5358E+00 .7868E-01 .1626E-02 .3488E-01 .3325E-01 .7868E-01 .8983E-02 .8766E-01 .7868E-01 .1626E-02 .2263E-01
.1152E+04 .5314E+00 .1177E+00 .2288E-02 .5204E-01 .4975E-01 .1177E+00 .1320E-01 .1309E+00 .1177E+00 .2288E-02 .3376E-01
.1153E+04 .5345E+00 .1237E+00 .2319E-02 .5458E-01 .5226E-01 .1237E+00 .1373E-01 .1374E+00 .1237E+00 .2319E-02 .3542E-01
.1154E+04 .5355E+00 .3806E-01 .8677E-03 .1695E-01 .1609E-01 .3806E-01 .4479E-02 .4254E-01 .3806E-01 .8677E-03 .1100E-01
.1155E+04 .5325E+00 .1706E+00 .3121E-02 .7522E-01 .7210E-01 .1706E+00 .1881E-01 .1894E+00 .1706E+00 .3121E-02 .4880E-01
.1156E+04 .5307E+00 .1431E+00 .2671E-02 .6317E-01 .6050E-01 .1431E+00 .1587E-01 .1590E+00 .1431E+00 .2671E-02 .4099E-01
.1157E+04 .5308E+00 .1829E+00 .3228E-02 .8053E-01 .7730E-01 .1829E+00 .1997E-01 .2029E+00 .1829E+00 .3228E-02 .5226E-01
.1158E+04 .5294E+00 .1754E+00 .3104E-02 .7723E-01 .7412E-01 .1754E+00 .1916E-01 .1945E+00 .1754E+00 .3104E-02 .5011E-01
.1159E+04 .5172E+00 .1979E+00 .3479E-02 .8711E-01 .8363E-01 .1979E+00 .2158E-01 .2195E+00 .1979E+00 .3479E-02 .5651E-01
.1160E+04 .5185E+00 .1634E+00 .2864E-02 .7193E-01 .6907E-01 .1634E+00 .1781E-01 .1812E+00 .1634E+00 .2864E-02 .4669E-01
.1161E+04 .5087E+00 .1956E+00 .3366E-02 .8604E-01 .8267E-01 .1956E+00 .2121E-01 .2168E+00 .1956E+00 .3366E-02 .5583E-01
.1162E+04 .5223E+00 .1997E+00 .3428E-02 .8781E-01 .8439E-01 .1997E+00 .2163E-01 .2213E+00 .1997E+00 .3428E-02 .5696E-01
.1163E+04 .5219E+00 .3491E+00 .5696E-02 .1532E+00 .1475E+00 .3491E+00 .3730E-01 .3864E+00 .3491E+00 .5696E-02 .9924E-01
.1164E+04 .5150E+00 .2536E+00 .4233E-02 .1114E+00 .1072E+00 .2536E+00 .2724E-01 .2809E+00 .2536E+00 .4233E-02 .7213E-01
.1165E+04 .5178E+00 .2363E+00 .3970E-02 .1038E+00 .9986E-01 .2363E+00 .2542E-01 .2617E+00 .2363E+00 .3970E-02 .6723E-01
.1166E+04 .5137E+00 .2314E+00 .3839E-02 .1016E+00 .9778E-01 .2314E+00 .2481E-01 .2562E+00 .2314E+00 .3839E-02 .6580E-01
.1167E+04 .5172E+00 .2698E+00 .4435E-02 .1185E+00 .1140E+00 .2698E+00 .2887E-01 .2987E+00 .2698E+00 .4435E-02 .7670E-01
.1168E+04 .5180E+00 .2873E+00 .4668E-02 .1261E+00 .1214E+00 .2873E+00 .3064E-01 .3179E+00 .2873E+00 .4668E-02 .8162E-01
.1169E+04 .5068E+00 .2960E+00 .4810E-02 .1299E+00 .1251E+00 .2960E+00 .3157E-01 .3275E+00 .2960E+00 .4810E-02 .8409E-01
.1170E+04 .5163E+00 .3447E+00 .5517E-02 .1512E+00 .1457E+00 .3447E+00 .3661E-01 .3813E+00 .3447E+00 .5517E-02 .9778E-01
.1171E+04 .5178E+00 .3395E+00 .5400E-02 .1489E+00 .1435E+00 .3395E+00 .3597E-01 .3754E+00 .3395E+00 .5400E-02 .9620E-01
.1172E+04 .5164E+00 .3528E+00 .5561E-02 .1546E+00 .1491E+00 .3528E+00 .3729E-01 .3900E+00 .3528E+00 .5561E-02 .9989E-01
.1173E+04 .5159E+00 .3474E+00 .5520E-02 .1523E+00 .1468E+00 .3474E+00 .3679E-01 .3842E+00 .3474E+00 .5520E-02 .9841E-01
.1174E+04 .5135E+00 .2066E+00 .3373E-02 .9070E-01 .8733E-01 .2066E+00 .2203E-01 .2287E+00 .2066E+00 .3373E-02 .5863E-01
.1175E+04 .4991E+00 .3564E+00 .5564E-02 .1562E+00 .1506E+00 .3564E+00 .3756E-01 .3940E+00 .3564E+00 .5564E-02 .1008E+00
.1176E+04 .5075E+00 .4154E+00 .6391E-02 .1820E+00 .1756E+00 .4154E+00 .4359E-01 .4590E+00 .4154E+00 .6391E-02 .1173E+00
.1177E+04 .5074E+00 .3819E+00 .5926E-02 .1673E+00 .1614E+00 .3819E+00 .4015E-01 .4221E+00 .3819E+00 .5926E-02 .1079E+00
.1178E+04 .5015E+00 .2576E+00 .4038E-02 .1129E+00 .1089E+00 .2576E+00 .2715E-01 .2848E+00 .2576E+00 .4038E-02 .7283E-01
.1179E+04 .5088E+00 .4259E+00 .6509E-02 .1865E+00 .1800E+00 .4259E+00 .4460E-01 .4705E+00 .4259E+00 .6509E-02 .1202E+00
.1180E+04 .5100E+00 .3452E+00 .5367E-02 .1513E+00 .1459E+00 .3452E+00 .3628E-01 .3815E+00 .3452E+00 .5367E-02 .9742E-01
.1181E+04 .5064E+00 .3589E+00 .5569E-02 .1572E+00 .1517E+00 .3589E+00 .3767E-01 .3966E+00 .3589E+00 .5569E-02 .1012E+00
.1182E+04 .5003E+00 .2257E+00 .3574E-02 .9894E-01 .9537E-01 .2257E+00 .2380E-01 .2495E+00 .2257E+00 .3574E-02 .6368E-01
.1183E+04 .4858E+00 .3583E+00 .5527E-02 .1570E+00 .1514E+00 .3583E+00 .3754E-01 .3958E+00 .3583E+00 .5527E-02 .1010E+00
.1184E+04 .5001E+00 .3266E+00 .5054E-02 .1431E+00 .1380E+00 .3266E+00 .3425E-01 .3609E+00 .3266E+00 .5054E-02 .9207E-01
.1185E+04 .5046E+00 .3002E+00 .4692E-02 .1316E+00 .1269E+00 .3002E+00 .3156E-01 .3318E+00 .3002E+00 .4692E-02 .8466E-01
.1186E+04 .5035E+00 .3967E+00 .6048E-02 .1737E+00 .1677E+00 .3967E+00 .4145E-01 .4382E+00 .3967E+00 .6048E-02 .1117E+00
.1187E+04 .5034E+00 .3653E+00 .5598E-02 .1600E+00 .1544E+00 .3653E+00 .3821E-01 .4035E+00 .3653E+00 .5598E-02 .1029E+00
.1188E+04 .4850E+00 .2095E+00 .3355E-02 .9189E-01 .8853E-01 .2095E+00 .2216E-01 .2316E+00 .2095E+00 .3355E-02 .5915E-01
.1189E+04 .4842E+00 .3363E+00 .5139E-02 .1473E+00 .1421E+00 .3363E+00 .3516E-01 .3715E+00 .3363E+00 .5139E-02 .9476E-01
.1190E+04 .4983E+00 .3910E+00 .5899E-02 .1711E+00 .1652E+00 .3910E+00 .4075E-01 .4317E+00 .3910E+00 .5899E-02 .1101E+00
.1191E+04 .5014E+00 .3412E+00 .5241E-02 .1495E+00 .1442E+00 .3412E+00 .3572E-01 .3770E+00 .3412E+00 .5241E-02 .9616E-01
.1192E+04 .4989E+00 .4013E+00 .6013E-02 .1756E+00 .1696E+00 .4013E+00 .4177E-01 .4431E+00 .4013E+00 .6013E-02 .1130E+00
.1193E+04 .4984E+00 .3735E+00 .5621E-02 .1635E+00 .1579E+00 .3735E+00 .3895E-01 .4125E+00 .3735E+00 .5621E-02 .1053E+00
.1194E+04 .4975E+00 .3947E+00 .5903E-02 .1727E+00 .1668E+00 .3947E+00 .4112E-01 .4358E+00 .3947E+00 .5903E-02 .1113E+00
.1195E+04 .4914E+00 .3501E+00 .5303E-02 .1532E+00 .1479E+00 .3501E+00 .3661E-01 .3867E+00 .3501E+00 .5303E-02 .9891E-01
.1196E+04 .4919E+00 .3274E+00 .4980E-02 .1433E+00 .1383E+00 .3274E+00 .3430E-01 .3616E+00 .3274E+00 .4980E-02 .9260E-01
.1197E+04 .4798E+00 .4012E+00 .5966E-02 .1755E+00 .1695E+00 .4012E+00 .4185E-01 .4430E+00 .4012E+00 .5966E-02 .1135E+00
.1198E+04 .4745E+00 .3558E+00 .5285E-02 .1557E+00 .1504E+00 .3558E+00 .3716E-01 .3930E+00 .3558E+00 .5285E-02 .1009E+00
.1199E+04 .4694E+00 .2682E+00 .4089E-02 .1174E+00 .1133E+00 .2682E+00 .2822E-01 .2964E+00 .2682E+00 .4089E-02 .7625E-01
.1200E+04 .4889E+00 .3709E+00 .5507E-02 .1623E+00 .1568E+00 .3709E+00 .3881E-01 .4097E+00 .3709E+00 .5507E-02 .1054E+00
.1201E+04 .4910E+00 .3423E+00 .5132E-02 .1498E+00 .1447E+00 .3423E+00 .3593E-01 .3783E+00 .3423E+00 .5132E-02 .9746E-01
.1202E+04 .4883E+00 .3548E+00 .5231E-02 .1552E+00 .1499E+00 .3548E+00 .3713E-01 .3919E+00 .3548E+00 .5231E-02 .1011E+00
.1203E+04 .4679E+00 .3375E+00 .5051E-02 .1477E+00 .1426E+00 .3375E+00 .3550E-01 .3730E+00 .3375E+00 .5051E-02 .9638E-01
.1204E+04 .4791E+00 .2732E+00 .4119E-02 .1196E+00 .1155E+00 .2732E+00 .2883E-01 .3020E+00 .2732E+00 .4119E-02 .7821E-01
.1205E+04 .4848E+00 .3628E+00 .5329E-02 .1587E+00 .1533E+00 .3628E+00 .3811E-01 .4009E+00 .3628E+00 .5329E-02 .1039E+00
.1206E+04 .4854E+00 .4218E+00 .6153E-02 .1844E+00 .1783E+00 .4218E+00 .4430E-01 .4661E+00 .4218E+00 .6153E-02 .1210E+00
.1207E+04 .4845E+00 .3406E+00 .5032E-02 .1490E+00 .1439E+00 .3406E+00 .3591E-01 .3765E+00 .3406E+00 .5032E-02 .9790E-01
.1208E+04 .4598E+00 .3440E+00 .5040E-02 .1504E+00 .1454E+00 .3440E+00 .3622E-01 .3802E+00 .3440E+00 .5040E-02 .9892E-01
.1209E+04 .4690E+00 .3540E+00 .5181E-02 .1548E+00 .1496E+00 .3540E+00 .3729E-01 .3913E+00 .3540E+00 .5181E-02 .1019E+00
.1210E+04 .4716E+00 .3802E+00 .5525E-02 .1662E+00 .1607E+00 .3802E+00 .4002E-01 .4202E+00 .3802E+00 .5525E-02 .1095E+00
.1211E+04 .4733E+00 .3524E+00 .5129E-02 .1541E+00 .1489E+00 .3524E+00 .3713E-01 .3896E+00 .3524E+00 .5129E-02 .1016E+00
.1212E+04 .4790E+00 .3236E+00 .4810E-02 .1416E+00 .1367E+00 .3236E+00 .3428E-01 .3578E+00 .3236E+00 .4810E-02 .9344E-01
.1213E+04 .4784E+00 .4024E+00 .5833E-02 .1759E+00 .1701E+00 .4024E+00 .4242E-01 .4448E+00 .4024E+00 .5833E-02 .1162E+00
.1214E+04 .4785E+00 .3396E+00 .5003E-02 .1485E+00 .1435E+00 .3396E+00 .3594E-01 .3755E+00 .3396E+00 .5003E-02 .9816E-01
.1215E+04 .4783E+00 .3323E+00 .4879E-02 .1453E+00 .1404E+00 .3323E+00 .3514E-01 .3674E+00 .3323E+00 .4879E-02 .9605E-01
.1216E+04 .4775E+00 .4047E+00 .5813E-02 .1768E+00 .1710E+00 .4047E+00 .4259E-01 .4473E+00 .4047E+00 .5813E-02 .1169E+00
.1217E+04 .4762E+00 .3877E+00 .5576E-02 .1694E+00 .1638E+00 .3877E+00 .4081E-01 .4285E+00 .3877E+00 .5576E-02 .1120E+00
.1218E+04 .4744E+00 .3953E+00 .5673E-02 .1727E+00 .1670E+00 .3953E+00 .4159E-01 .4368E+00 .3953E+00 .5673E-02 .1142E+00
.1219E+04 .4724E+00 .3800E+00 .5478E-02 .1661E+00 .1606E+00 .3800E+00 .4003E-01 .4200E+00 .3800E+00 .5478E-02 .1098E+00
.1220E+04 .4738E+00 .3982E+00 .5690E-02 .1740E+00 .1683E+00 .3982E+00 .4186E-01 .4400E+00 .3982E+00 .5690E-02 .1150E+00
.1221E+04 .4719E+00 .4093E+00 .5811E-02 .1788E+00 .1730E+00 .4093E+00 .4297E-01 .4523E+00 .4093E+00 .5811E-02 .1182E+00
.1222E+04 .4701E+00 .3948E+00 .5602E-02 .1725E+00 .1668E+00 .3948E+00 .4144E-01 .4362E+00 .3948E+00 .5602E-02 .1140E+00
.1223E+04 .4686E+00 .3863E+00 .5487E-02 .1688E+00 .1633E+00 .3863E+00 .4056E-01 .4269E+00 .3863E+00 .5487E-02 .1116E+00
.1224E+04 .4699E+00 .3753E+00 .5360E-02 .1640E+00 .1586E+00 .3753E+00 .3945E-01 .4147E+00 .3753E+00 .5360E-02 .1084E+00
.1225E+04 .4684E+00 .4052E+00 .5727E-02 .1770E+00 .1712E+00 .4052E+00 .4249E-01 .4477E+00 .4052E+00 .5727E-02 .1170E+00
.1226E+04 .4663E+00 .4159E+00 .5838E-02 .1816E+00 .1758E+00 .4159E+00 .4355E-01 .4594E+00 .4159E+00 .5838E-02 .1200E+00
.1227E+04 .4570E+00 .3610E+00 .5129E-02 .1577E+00 .1526E+00 .3610E+00 .3790E-01 .3989E+00 .3610E+00 .5129E-02 .1043E+00
.1228E+04 .4645E+00 .4211E+00 .5888E-02 .1839E+00 .1780E+00 .4211E+00 .4406E-01 .4652E+00 .4211E+00 .5888E-02 .1215E+00
.1229E+04 .4654E+00 .4175E+00 .5826E-02 .1823E+00 .1765E+00 .4175E+00 .4366E-01 .4612E+00 .4175E+00 .5826E-02 .1205E+00
.1230E+04 .4629E+00 .4059E+00 .5668E-02 .1772E+00 .1716E+00 .4059E+00 .4245E-01 .4484E+00 .4059E+00 .5668E-02 .1172E+00
.1231E+04 .4614E+00 .4325E+00 .5990E-02 .1888E+00 .1828E+00 .4325E+00 .4515E-01 .4777E+00 .4325E+00 .5990E-02 .1248E+00
.1232E+04 .4592E+00 .4296E+00 .5940E-02 .1875E+00 .1815E+00 .4296E+00 .4483E-01 .4744E+00 .4296E+00 .5940E-02 .1239E+00
.1233E+04 .4601E+00 .3950E+00 .5505E-02 .1724E+00 .1669E+00 .3950E+00 .4130E-01 .4363E+00 .3950E+00 .5505E-02 .1140E+00
.1234E+04 .4577E+00 .4370E+00 .6004E-02 .1907E+00 .1847E+00 .4370E+00 .4554E-01 .4826E+00 .4370E+00 .6004E-02 .1261E+00
.1235E+04 .4572E+00 .4305E+00 .5918E-02 .1879E+00 .1820E+00 .4305E+00 .4487E-01 .4754E+00 .4305E+00 .5918E-02 .1242E+00
.1236E+04 .4586E+00 .4371E+00 .5986E-02 .1907E+00 .1847E+00 .4371E+00 .4552E-01 .4826E+00 .4371E+00 .5986E-02 .1261E+00
.1237E+04 .4580E+00 .4241E+00 .5812E-02 .1850E+00 .1792E+00 .4241E+00 .4417E-01 .4682E+00 .4241E+00 .5812E-02 .1223E+00
.1238E+04 .4570E+00 .4361E+00 .5951E-02 .1903E+00 .1843E+00 .4361E+00 .4538E-01 .4815E+00 .4361E+00 .5951E-02 .1258E+00
.1239E+04 .4513E+00 .4304E+00 .5864E-02 .1878E+00 .1819E+00 .4304E+00 .4477E-01 .4752E+00 .4304E+00 .5864E-02 .1241E+00
.1240E+04 .4522E+00 .4336E+00 .5892E-02 .1891E+00 .1832E+00 .4336E+00 .4508E-01 .4787E+00 .4336E+00 .5892E-02 .1250E+00
.1241E+04 .4541E+00 .4264E+00 .5802E-02 .1860E+00 .1802E+00 .4264E+00 .4434E-01 .4707E+00 .4264E+00 .5802E-02 .1230E+00
.1242E+04 .4495E+00 .4304E+00 .5830E-02 .1877E+00 .1819E+00 .4304E+00 .4469E-01 .4751E+00 .4304E+00 .5830E-02 .1241E+00
.1243E+04 .4456E+00 .4277E+00 .5780E-02 .1865E+00 .1807E+00 .4277E+00 .4436E-01 .4720E+00 .4277E+00 .5780E-02 .1232E+00
.1244E+04 .4500E+00 .4293E+00 .5796E-02 .1872E+00 .1814E+00 .4293E+00 .4450E-01 .4738E+00 .4293E+00 .5796E-02 .1236E+00
.1245E+04 .4512E+00 .4326E+00 .5827E-02 .1886E+00 .1828E+00 .4326E+00 .4482E-01 .4774E+00 .4326E+00 .5827E-02 .1245E+00
.1246E+04 .4484E+00 .4302E+00 .5784E-02 .1876E+00 .1818E+00 .4302E+00 .4455E-01 .4747E+00 .4302E+00 .5784E-02 .1238E+00
.1247E+04 .4478E+00 .4278E+00 .5746E-02 .1865E+00 .1808E+00 .4278E+00 .4430E-01 .4721E+00 .4278E+00 .5746E-02 .1231E+00
.1248E+04 .4496E+00 .4253E+00 .5711E-02 .1854E+00 .1797E+00 .4253E+00 .4403E-01 .4693E+00 .4253E+00 .5711E-02 .1224E+00
.1249E+04 .4491E+00 .4294E+00 .5748E-02 .1872E+00 .1815E+00 .4294E+00 .4443E-01 .4739E+00 .4294E+00 .5748E-02 .1236E+00
.1250E+04 .4476E+00 .4265E+00 .5702E-02 .1860E+00 .1803E+00 .4265E+00 .4412E-01 .4707E+00 .4265E+00 .5702E-02 .1227E+00
.1251E+04 .4444E+00 .4210E+00 .5624E-02 .1836E+00 .1779E+00 .4210E+00 .4355E-01 .4646E+00 .4210E+00 .5624E-02 .1212E+00
.1252E+04 .4413E+00 .4209E+00 .5607E-02 .1835E+00 .1779E+00 .4209E+00 .4350E-01 .4644E+00 .4209E+00 .5607E-02 .1211E+00
.1253E+04 .4435E+00 .4177E+00 .5566E-02 .1821E+00 .1765E+00 .4177E+00 .4318E-01 .4609E+00 .4177E+00 .5566E-02 .1202E+00
.1254E+04 .4436E+00 .4103E+00 .5474E-02 .1789E+00 .1734E+00 .4103E+00 .4243E-01 .4527E+00 .4103E+00 .5474E-02 .1181E+00
.1255E+04 .4424E+00 .4197E+00 .5567E-02 .1829E+00 .1774E+00 .4197E+00 .4335E-01 .4630E+00 .4197E+00 .5567E-02 .1208E+00
.1256E+04 .4407E+00 .4080E+00 .5425E-02 .1779E+00 .1724E+00 .4080E+00 .4217E-01 .4502E+00 .4080E+00 .5425E-02 .1174E+00
.1257E+04 .4405E+00 .4061E+00 .5394E-02 .1770E+00 .1716E+00 .4061E+00 .4196E-01 .4481E+00 .4061E+00 .5394E-02 .1169E+00
.1258E+04 .4401E+00 .4127E+00 .5457E-02 .1799E+00 .1744E+00 .4127E+00 .4259E-01 .4552E+00 .4127E+00 .5457E-02 .1188E+00
.1259E+04 .4411E+00 .3982E+00 .5290E-02 .1736E+00 .1683E+00 .3982E+00 .4115E-01 .4394E+00 .3982E+00 .5290E-02 .1147E+00
.1260E+04 .4413E+00 .3990E+00 .5291E-02 .1739E+00 .1686E+00 .3990E+00 .4124E-01 .4403E+00 .3990E+00 .5291E-02 .1150E+00
.1261E+04 .4388E+00 .3751E+00 .5011E-02 .1635E+00 .1585E+00 .3751E+00 .3886E-01 .4140E+00 .3751E+00 .5011E-02 .1082E+00
.1262E+04 .4378E+00 .3646E+00 .4885E-02 .1590E+00 .1541E+00 .3646E+00 .3782E-01 .4024E+00 .3646E+00 .4885E-02 .1053E+00
.1263E+04 .4394E+00 .3633E+00 .4866E-02 .1584E+00 .1536E+00 .3633E+00 .3772E-01 .4011E+00 .3633E+00 .4866E-02 .1050E+00
.1264E+04 .4352E+00 .3335E+00 .4518E-02 .1455E+00 .1410E+00 .3335E+00 .3473E-01 .3683E+00 .3335E+00 .4518E-02 .9652E-01
.1265E+04 .4360E+00 .3628E+00 .4840E-02 .1582E+00 .1533E+00 .3628E+00 .3769E-01 .4005E+00 .3628E+00 .4840E-02 .1050E+00
.1266E+04 .4368E+00 .3486E+00 .4676E-02 .1520E+00 .1473E+00 .3486E+00 .3628E-01 .3849E+00 .3486E+00 .4676E-02 .1010E+00
.1267E+04 .4325E+00 .3527E+00 .4705E-02 .1538E+00 .1491E+00 .3527E+00 .3667E-01 .3894E+00 .3527E+00 .4705E-02 .1022E+00
.1268E+04 .4295E+00 .3347E+00 .4492E-02 .1459E+00 .1414E+00 .3347E+00 .3484E-01 .3695E+00 .3347E+00 .4492E-02 .9701E-01
.1269E+04 .4340E+00 .1995E+00 .2942E-02 .8725E-01 .8431E-01 .1995E+00 .2122E-01 .2207E+00 .1995E+00 .2942E-02 .5808E-01
.1270E+04 .4355E+00 .3532E+00 .4696E-02 .1540E+00 .1493E+00 .3532E+00 .3680E-01 .3900E+00 .3532E+00 .4696E-02 .1027E+00
.1271E+04 .4344E+00 .3723E+00 .4894E-02 .1622E+00 .1573E+00 .3723E+00 .3878E-01 .4111E+00 .3723E+00 .4894E-02 .1085E+00
.1272E+04 .4333E+00 .3740E+00 .4907E-02 .1630E+00 .1580E+00 .3740E+00 .3895E-01 .4129E+00 .3740E+00 .4907E-02 .1090E+00
.1273E+04 .4313E+00 .3704E+00 .4856E-02 .1614E+00 .1565E+00 .3704E+00 .3857E-01 .4090E+00 .3704E+00 .4856E-02 .1080E+00
.1274E+04 .4296E+00 .3694E+00 .4833E-02 .1610E+00 .1561E+00 .3694E+00 .3845E-01 .4079E+00 .3694E+00 .4833E-02 .1077E+00
.1275E+04 .4313E+00 .3789E+00 .4933E-02 .1651E+00 .1601E+00 .3789E+00 .3940E-01 .4183E+00 .3789E+00 .4933E-02 .1104E+00
.1276E+04 .4312E+00 .3806E+00 .4943E-02 .1658E+00 .1608E+00 .3806E+00 .3955E-01 .4201E+00 .3806E+00 .4943E-02 .1109E+00
.1277E+04 .4301E+00 .3777E+00 .4893E-02 .1645E+00 .1596E+00 .3777E+00 .3921E-01 .4169E+00 .3777E+00 .4893E-02 .1100E+00
.1278E+04 .4282E+00 .3940E+00 .5065E-02 .1716E+00 .1665E+00 .3940E+00 .4081E-01 .4348E+00 .3940E+00 .5065E-02 .1146E+00
.1279E+04 .4248E+00 .3839E+00 .4935E-02 .1672E+00 .1623E+00 .3839E+00 .3975E-01 .4237E+00 .3839E+00 .4935E-02 .1117E+00
.1280E+04 .4194E+00 .3763E+00 .4840E-02 .1639E+00 .1590E+00 .3763E+00 .3896E-01 .4153E+00 .3763E+00 .4840E-02 .1094E+00
.1281E+04 .3961E+00 .3604E+00 .4616E-02 .1569E+00 .1523E+00 .3604E+00 .3728E-01 .3977E+00 .3604E+00 .4616E-02 .1048E+00
.1282E+04 .3751E+00 .3536E+00 .4499E-02 .1540E+00 .1495E+00 .3536E+00 .3654E-01 .3902E+00 .3536E+00 .4499E-02 .1028E+00
.1283E+04 .4054E+00 .3795E+00 .4825E-02 .1652E+00 .1604E+00 .3795E+00 .3920E-01 .4187E+00 .3795E+00 .4825E-02 .1103E+00
.1284E+04 .4167E+00 .3816E+00 .4859E-02 .1661E+00 .1613E+00 .3816E+00 .3943E-01 .4210E+00 .3816E+00 .4859E-02 .1109E+00
.1285E+04 .4185E+00 .3876E+00 .4919E-02 .1687E+00 .1638E+00 .3876E+00 .4003E-01 .4277E+00 .3876E+00 .4919E-02 .1127E+00
.1286E+04 .4202E+00 .3939E+00 .4983E-02 .1715E+00 .1665E+00 .3939E+00 .4065E-01 .4346E+00 .3939E+00 .4983E-02 .1145E+00
.1287E+04 .4211E+00 .3790E+00 .4813E-02 .1650E+00 .1602E+00 .3790E+00 .3914E-01 .4181E+00 .3790E+00 .4813E-02 .1102E+00
.1288E+04 .4195E+00 .3799E+00 .4810E-02 .1653E+00 .1605E+00 .3799E+00 .3921E-01 .4191E+00 .3799E+00 .4810E-02 .1104E+00
.1289E+04 .4195E+00 .3552E+00 .4533E-02 .1546E+00 .1501E+00 .3552E+00 .3670E-01 .3919E+00 .3552E+00 .4533E-02 .1032E+00
.1290E+04 .4142E+00 .3757E+00 .4744E-02 .1635E+00 .1588E+00 .3757E+00 .3872E-01 .4144E+00 .3757E+00 .4744E-02 .1091E+00
.1291E+04 .4175E+00 .3854E+00 .4844E-02 .1677E+00 .1629E+00 .3854E+00 .3964E-01 .4250E+00 .3854E+00 .4844E-02 .1118E+00
.1292E+04 .4193E+00 .3338E+00 .4268E-02 .1453E+00 .1411E+00 .3338E+00 .3446E-01 .3683E+00 .3338E+00 .4268E-02 .9688E-01
.1293E+04 .4169E+00 .3674E+00 .4627E-02 .1599E+00 .1553E+00 .3674E+00 .3781E-01 .4052E+00 .3674E+00 .4627E-02 .1066E+00
.1294E+04 .4160E+00 .3602E+00 .4536E-02 .1567E+00 .1522E+00 .3602E+00 .3706E-01 .3972E+00 .3602E+00 .4536E-02 .1045E+00
.1295E+04 .4177E+00 .3562E+00 .4504E-02 .1551E+00 .1506E+00 .3562E+00 .3669E-01 .3929E+00 .3562E+00 .4504E-02 .1033E+00
.1296E+04 .4178E+00 .3220E+00 .4110E-02 .1402E+00 .1361E+00 .3220E+00 .3323E-01 .3553E+00 .3220E+00 .4110E-02 .9346E-01
.1297E+04 .4141E+00 .2937E+00 .3768E-02 .1279E+00 .1241E+00 .2937E+00 .3034E-01 .3240E+00 .2937E+00 .3768E-02 .8526E-01
.1298E+04 .4136E+00 .3446E+00 .4336E-02 .1500E+00 .1456E+00 .3446E+00 .3546E-01 .3801E+00 .3446E+00 .4336E-02 .9996E-01
.1299E+04 .4157E+00 .3737E+00 .4646E-02 .1626E+00 .1579E+00 .3737E+00 .3836E-01 .4121E+00 .3737E+00 .4646E-02 .1084E+00
.1300E+04 .4141E+00 .2754E+00 .3506E-02 .1199E+00 .1164E+00 .2754E+00 .2840E-01 .3038E+00 .2754E+00 .3506E-02 .7993E-01
.1301E+04 .4116E+00 .2798E+00 .3580E-02 .1218E+00 .1182E+00 .2798E+00 .2889E-01 .3087E+00 .2798E+00 .3580E-02 .8122E-01
.1302E+04 .4097E+00 .3440E+00 .4295E-02 .1497E+00 .1454E+00 .3440E+00 .3534E-01 .3793E+00 .3440E+00 .4295E-02 .9976E-01
.1303E+04 .4066E+00 .2680E+00 .3409E-02 .1167E+00 .1133E+00 .2680E+00 .2764E-01 .2957E+00 .2680E+00 .3409E-02 .7781E-01
.1304E+04 .4079E+00 .2024E+00 .2647E-02 .8818E-01 .8553E-01 .2024E+00 .2099E-01 .2234E+00 .2024E+00 .2647E-02 .5882E-01
.1305E+04 .4101E+00 .3308E+00 .4125E-02 .1439E+00 .1398E+00 .3308E+00 .3398E-01 .3648E+00 .3308E+00 .4125E-02 .9598E-01
.1306E+04 .4099E+00 .3274E+00 .4098E-02 .1425E+00 .1384E+00 .3274E+00 .3365E-01 .3610E+00 .3274E+00 .4098E-02 .9499E-01
.1307E+04 .4076E+00 .2063E+00 .2672E-02 .8987E-01 .8720E-01 .2063E+00 .2135E-01 .2277E+00 .2063E+00 .2672E-02 .5991E-01
.1308E+04 .4071E+00 .2880E+00 .3586E-02 .1253E+00 .1217E+00 .2880E+00 .2953E-01 .3175E+00 .2880E+00 .3586E-02 .8343E-01
.1309E+04 .4068E+00 .3219E+00 .4028E-02 .1401E+00 .1360E+00 .3219E+00 .3303E-01 .3550E+00 .3219E+00 .4028E-02 .9321E-01
.1310E+04 .4042E+00 .2108E+00 .2711E-02 .9182E-01 .8911E-01 .2108E+00 .2176E-01 .2326E+00 .2108E+00 .2711E-02 .6113E-01
.1311E+04 .4040E+00 .2608E+00 .3262E-02 .1135E+00 .1102E+00 .2608E+00 .2676E-01 .2876E+00 .2608E+00 .3262E-02 .7554E-01
.1312E+04 .3931E+00 .2534E+00 .3165E-02 .1103E+00 .1071E+00 .2534E+00 .2598E-01 .2794E+00 .2534E+00 .3165E-02 .7335E-01
.1313E+04 .3965E+00 .2300E+00 .2930E-02 .1001E+00 .9721E-01 .2300E+00 .2366E-01 .2537E+00 .2300E+00 .2930E-02 .6655E-01
.1314E+04 .3999E+00 .2046E+00 .2619E-02 .8909E-01 .8647E-01 .2046E+00 .2106E-01 .2257E+00 .2046E+00 .2619E-02 .5919E-01
.1315E+04 .3881E+00 .1750E+00 .2302E-02 .7628E-01 .7398E-01 .1750E+00 .1812E-01 .1932E+00 .1750E+00 .2302E-02 .5068E-01
.1316E+04 .3974E+00 .2456E+00 .3090E-02 .1069E+00 .1038E+00 .2456E+00 .2519E-01 .2708E+00 .2456E+00 .3090E-02 .7100E-01
.1317E+04 .3992E+00 .2373E+00 .2965E-02 .1032E+00 .1003E+00 .2373E+00 .2430E-01 .2616E+00 .2373E+00 .2965E-02 .6859E-01
.1318E+04 .3975E+00 .2712E+00 .3349E-02 .1180E+00 .1146E+00 .2712E+00 .2771E-01 .2989E+00 .2712E+00 .3349E-02 .7837E-01
.1319E+04 .4003E+00 .1623E+00 .2128E-02 .7073E-01 .6861E-01 .1623E+00 .1679E-01 .1791E+00 .1623E+00 .2128E-02 .4699E-01
.1320E+04 .3983E+00 .1876E+00 .2383E-02 .8166E-01 .7928E-01 .1876E+00 .1926E-01 .2069E+00 .1876E+00 .2383E-02 .5420E-01
.1321E+04 .3960E+00 .2162E+00 .2722E-02 .9411E-01 .9139E-01 .2162E+00 .2214E-01 .2384E+00 .2162E+00 .2722E-02 .6239E-01
.1322E+04 .3968E+00 .2060E+00 .2640E-02 .8969E-01 .8705E-01 .2060E+00 .2115E-01 .2271E+00 .2060E+00 .2640E-02 .5941E-01
.1323E+04 .3964E+00 .1433E+00 .1900E-02 .6244E-01 .6054E-01 .1433E+00 .1481E-01 .1581E+00 .1433E+00 .1900E-02 .4134E-01
.1324E+04 .3967E+00 .1630E+00 .2105E-02 .7101E-01 .6890E-01 .1630E+00 .1675E-01 .1798E+00 .1630E+00 .2105E-02 .4698E-01
.1325E+04 .3949E+00 .2441E+00 .3034E-02 .1062E+00 .1032E+00 .2441E+00 .2489E-01 .2690E+00 .2441E+00 .3034E-02 .7026E-01
.1326E+04 .3926E+00 .1860E+00 .2366E-02 .8099E-01 .7862E-01 .1860E+00 .1905E-01 .2051E+00 .1860E+00 .2366E-02 .5359E-01
.1327E+04 .3922E+00 .1742E+00 .2222E-02 .7583E-01 .7360E-01 .1742E+00 .1784E-01 .1920E+00 .1742E+00 .2222E-02 .5013E-01
.1328E+04 .3886E+00 .1530E+00 .1970E-02 .6664E-01 .6467E-01 .1530E+00 .1569E-01 .1687E+00 .1530E+00 .1970E-02 .4402E-01
.1329E+04 .3839E+00 .9720E-01 .1339E-02 .4242E-01 .4108E-01 .9720E-01 .1010E-01 .1073E+00 .9720E-01 .1339E-02 .2800E-01
.1330E+04 .3896E+00 .1289E+00 .1743E-02 .5621E-01 .5447E-01 .1289E+00 .1334E-01 .1422E+00 .1289E+00 .1743E-02 .3707E-01
.1331E+04 .3886E+00 .5947E-01 .8832E-03 .2601E-01 .2513E-01 .5947E-01 .6280E-02 .6574E-01 .5947E-01 .8832E-03 .1714E-01
.1332E+04 .3843E+00 .6773E-01 .9780E-03 .2960E-01 .2862E-01 .6773E-01 .7105E-02 .7483E-01 .6773E-01 .9780E-03 .1951E-01
.1333E+04 .3904E+00 .9613E-01 .1372E-02 .4200E-01 .4063E-01 .9613E-01 .1006E-01 .1062E+00 .9613E-01 .1372E-02 .2767E-01
.1334E+04 .3908E+00 .1046E+00 .1364E-02 .4557E-01 .4421E-01 .1046E+00 .1073E-01 .1153E+00 .1046E+00 .1364E-02 .3003E-01
.1335E+04 .3883E+00 .1414E+00 .1864E-02 .6164E-01 .5977E-01 .1414E+00 .1453E-01 .1560E+00 .1414E+00 .1864E-02 .4056E-01
.1336E+04 .3889E+00 .1001E+00 .1374E-02 .4367E-01 .4230E-01 .1001E+00 .1037E-01 .1104E+00 .1001E+00 .1374E-02 .2872E-01
.1337E+04 .3873E+00 .8218E-01 .1129E-02 .3586E-01 .3473E-01 .8218E-01 .8501E-02 .9068E-01 .8218E-01 .1129E-02 .2355E-01
.1338E+04 .3850E+00 .8647E-01 .1202E-02 .3774E-01 .3654E-01 .8647E-01 .8955E-02 .9542E-01 .8647E-01 .1202E-02 .2474E-01
.1339E+04 .3791E+00 .9015E-01 .1241E-02 .3934E-01 .3810E-01 .9015E-01 .9306E-02 .9945E-01 .9015E-01 .1241E-02 .2575E-01
.1340E+04 .3833E+00 .9417E-01 .1259E-02 .4106E-01 .3980E-01 .9417E-01 .9658E-02 .1038E+00 .9417E-01 .1259E-02 .2688E-01
.1341E+04 .3840E+00 .7198E-01 .1049E-02 .3147E-01 .3042E-01 .7198E-01 .7527E-02 .7951E-01 .7198E-01 .1049E-02 .2060E-01
.1342E+04 .3837E+00 .7209E-01 .1042E-02 .3151E-01 .3046E-01 .7209E-01 .7516E-02 .7960E-01 .7209E-01 .1042E-02 .2060E-01
.1343E+04 .3833E+00 .3044E-01 .5258E-03 .1339E-01 .1286E-01 .3044E-01 .3312E-02 .3375E-01 .3044E-01 .5258E-03 .8735E-02
.1344E+04 .3843E+00 .2554E-01 .4068E-03 .1120E-01 .1079E-01 .2554E-01 .2718E-02 .2826E-01 .2554E-01 .4068E-03 .7300E-02
.1345E+04 .3823E+00 .3276E-01 .5530E-03 .1440E-01 .1384E-01 .3276E-01 .3536E-02 .3629E-01 .3276E-01 .5530E-03 .9369E-02
.1346E+04 .3806E+00 .7776E-02 .1787E-03 .3465E-02 .3286E-02 .7776E-02 .9173E-03 .8694E-02 .7776E-02 .1787E-03 .2250E-02
.1347E+04 .3814E+00 .7262E-02 .1771E-03 .3246E-02 .3069E-02 .7262E-02 .8731E-03 .8135E-02 .7262E-02 .1771E-03 .2105E-02
.1348E+04 .3812E+00 .1439E-03 .6092E-05 .6691E-04 .6082E-04 .1439E-03 .2156E-04 .1655E-03 .1439E-03 .6092E-05 .4311E-04
.1349E+04 .3782E+00 .5534E-03 .2216E-04 .2560E-03 .2339E-03 .5534E-03 .8076E-04 .6341E-03 .5534E-03 .2216E-04 .1649E-03
.1350E+04 .3753E+00 .8029E-03 .3025E-04 .3695E-03 .3393E-03 .8029E-03 .1139E-03 .9168E-03 .8029E-03 .3025E-04 .2378E-03
.1351E+04 .3779E+00 .5348E-04 .3496E-05 .2610E-04 .2260E-04 .5348E-04 .1003E-04 .6351E-04 .5348E-04 .3496E-05 .1662E-04
.1352E+04 .3793E+00 .2039E-05 .3758E-06 .1238E-05 .8618E-06 .2039E-05 .7831E-06 .2822E-05 .2039E-05 .3758E-06 .7654E-06
.1353E+04 .3777E+00 .5738E-07 .1467E-07 .3892E-07 .2425E-07 .5738E-07 .2880E-07 .8619E-07 .5738E-07 .1467E-07 .2375E-07
.1354E+04 .3755E+00 .5580E-06 .8443E-07 .3203E-06 .2358E-06 .5580E-06 .1838E-06 .7418E-06 .5580E-06 .8443E-07 .1990E-06
.1355E+04 .3718E+00 .2187E-09 .1496E-09 .2420E-09 .9241E-10 .2187E-09 .2645E-09 .4832E-09 .2187E-09 .1496E-09 .1413E-09
.1356E+04 .3701E+00 .5797E-07 .1246E-07 .3696E-07 .2450E-07 .5797E-07 .2517E-07 .8314E-07 .5797E-07 .1246E-07 .2264E-07
.1357E+04 .3706E+00 .5701E-07 .1367E-07 .3777E-07 .2409E-07 .5701E-07 .2710E-07 .8411E-07 .5701E-07 .1367E-07 .2301E-07
.1358E+04 .3734E+00 .3715E-09 .2261E-09 .3831E-09 .1570E-09 .3715E-09 .4029E-09 .7743E-09 .3715E-09 .2261E-09 .2239E-09
.1359E+04 .3698E+00 .2406E-11 .6239E-11 .7256E-11 .1017E-11 .2406E-11 .1050E-10 .1290E-10 .2406E-11 .6239E-11 .4030E-11
.1360E+04 .3701E+00 .7130E-10 .6909E-10 .9922E-10 .3013E-10 .7130E-10 .1197E-09 .1910E-09 .7130E-10 .6909E-10 .5674E-10
.1361E+04 .3730E+00 .4166E-15 .5378E-14 .5554E-14 .1760E-15 .4166E-15 .8916E-14 .9332E-14 .4166E-15 .5378E-14 .3017E-14
.1362E+04 .3690E+00 .3356E-18 .8002E-17 .8144E-17 .1418E-18 .3356E-18 .1324E-16 .1358E-16 .3356E-18 .8002E-17 .4405E-17
.1363E+04 .3672E+00 .8143E-11 .2680E-10 .3024E-10 .3441E-11 .8143E-11 .4489E-10 .5304E-10 .8143E-11 .2680E-10 .1663E-10
.1364E+04 .3687E+00 .8458E-11 .1548E-10 .1905E-10 .3574E-11 .8458E-11 .2622E-10 .3467E-10 .8458E-11 .1548E-10 .1060E-10
.1365E+04 .3696E+00 .1555E-19 .1624E-17 .1631E-17 .6573E-20 .1555E-19 .2682E-17 .2698E-17 .1555E-19 .1624E-17 .8766E-18
.1366E+04 .3673E+00 .1437E-09 .2723E-09 .3330E-09 .6072E-10 .1437E-09 .4607E-09 .6044E-09 .1437E-09 .2723E-09 .1851E-09
.1367E+04 .3661E+00 .2559E-09 .2146E-09 .3228E-09 .1081E-09 .2559E-09 .3743E-09 .6302E-09 .2559E-09 .2146E-09 .1845E-09
.1368E+04 .3647E+00 .1519E-24 .4220E-21 .4220E-21 .6420E-25 .1519E-24 .6966E-21 .6967E-21 .1519E-24 .4220E-21 .2264E-21
.1369E+04 .3623E+00 .1435E-10 .1813E-10 .2419E-10 .6064E-11 .1435E-10 .3104E-10 .4539E-10 .1435E-10 .1813E-10 .1359E-10
.1370E+04 .3621E+00 .1201E-11 .3148E-11 .3656E-11 .5076E-12 .1201E-11 .5289E-11 .6490E-11 .1201E-11 .3148E-11 .2008E-11
.1371E+04 .3628E+00 .3441E-13 .1329E-12 .1474E-12 .1454E-13 .3441E-13 .2219E-12 .2563E-12 .3441E-13 .1329E-12 .8021E-13
.1372E+04 .3658E+00 .3160E-09 .2088E-09 .3424E-09 .1335E-09 .3160E-09 .3690E-09 .6850E-09 .3160E-09 .2088E-09 .1962E-09
.1373E+04 .3656E+00 .8380E-08 .3536E-08 .7077E-08 .3542E-08 .8380E-08 .6481E-08 .1486E-07 .8380E-08 .3536E-08 .4128E-08
.1374E+04 .3624E+00 .1077E-06 .2669E-07 .7220E-07 .4551E-07 .1077E-06 .5234E-07 .1600E-06 .1077E-06 .2669E-07 .4298E-07
.1375E+04 .3595E+00 .1134E-06 .4067E-07 .8860E-07 .4794E-07 .1134E-06 .7582E-07 .1892E-06 .1134E-06 .4067E-07 .5190E-07
.1376E+04 .3579E+00 .8750E-06 .1110E-06 .4807E-06 .3698E-06 .8750E-06 .2504E-06 .1125E-05 .8750E-06 .1110E-06 .2926E-06
.1377E+04 .3609E+00 .4255E-06 .5521E-07 .2351E-06 .1798E-06 .4255E-06 .1238E-06 .5493E-06 .4255E-06 .5521E-07 .1427E-06
.1378E+04 .3614E+00 .1186E-05 .2284E-06 .7297E-06 .5013E-06 .1186E-05 .4675E-06 .1654E-05 .1186E-05 .2284E-06 .4361E-06
.1379E+04 .3621E+00 .1858E-06 .2279E-07 .1013E-06 .7850E-07 .1858E-06 .5179E-07 .2375E-06 .1858E-06 .2279E-07 .6128E-07
.1380E+04 .3606E+00 .5680E-07 .1286E-07 .3687E-07 .2400E-07 .5680E-07 .2554E-07 .8234E-07 .5680E-07 .1286E-07 .2181E-07
.1381E+04 .3594E+00 .2708E-08 .5501E-09 .1694E-08 .1144E-08 .2708E-08 .1113E-08 .3821E-08 .2708E-08 .5501E-09 .1005E-08
.1382E+04 .3564E+00 .1063E-09 .9525E-10 .1402E-09 .4493E-10 .1063E-09 .1650E-09 .2714E-09 .1063E-09 .9525E-10 .7807E-10
.1383E+04 .3579E+00 .1230E-11 .1196E-11 .1715E-11 .5197E-12 .1230E-11 .2063E-11 .3293E-11 .1230E-11 .1196E-11 .9506E-12
.1384E+04 .3585E+00 .4516E-11 .8801E-11 .1071E-10 .1908E-11 .4516E-11 .1484E-10 .1935E-10 .4516E-11 .8801E-11 .5790E-11
.1385E+04 .3566E+00 .2774E-09 .1240E-09 .2413E-09 .1172E-09 .2774E-09 .2252E-09 .5027E-09 .2774E-09 .1240E-09 .1376E-09
.1386E+04 .3567E+00 .1948E-10 .3287E-10 .4110E-10 .8231E-11 .1948E-10 .5558E-10 .7506E-10 .1948E-10 .3287E-10 .2219E-10
.1387E+04 .3560E+00 .3188E-08 .2851E-08 .4198E-08 .1347E-08 .3188E-08 .4932E-08 .8120E-08 .3188E-08 .2851E-08 .2311E-08
.1388E+04 .3572E+00 .3110E-08 .6775E-09 .1992E-08 .1314E-08 .3110E-08 .1348E-08 .4459E-08 .3110E-08 .6775E-09 .1160E-08
.1389E+04 .3552E+00 .4485E-06 .9667E-07 .2862E-06 .1895E-06 .4485E-06 .1926E-06 .6410E-06 .4485E-06 .9667E-07 .1661E-06
.1390E+04 .3531E+00 .2954E-06 .7788E-07 .2027E-06 .1249E-06 .2954E-06 .1501E-06 .4456E-06 .2954E-06 .7788E-07 .1165E-06
.1391E+04 .3555E+00 .2024E-06 .4778E-07 .1333E-06 .8554E-07 .2024E-06 .9369E-07 .2961E-06 .2024E-06 .4778E-07 .7698E-07
.1392E+04 .3543E+00 .5712E-07 .8975E-08 .3312E-07 .2414E-07 .5712E-07 .1903E-07 .7615E-07 .5712E-07 .8975E-08 .1940E-07
.1393E+04 .3530E+00 .3521E-06 .4741E-07 .1962E-06 .1488E-06 .3521E-06 .1042E-06 .4562E-06 .3521E-06 .4741E-07 .1151E-06
.1394E+04 .3513E+00 .6519E-08 .3670E-08 .6425E-08 .2755E-08 .6519E-08 .6514E-08 .1303E-07 .6519E-08 .3670E-08 .3547E-08
.1395E+04 .3507E+00 .5232E-10 .3001E-10 .5212E-10 .2211E-10 .5232E-10 .5318E-10 .1055E-09 .5232E-10 .3001E-10 .2867E-10
.1396E+04 .3520E+00 .1815E-14 .1373E-13 .1450E-13 .7672E-15 .1815E-14 .2269E-13 .2451E-13 .1815E-14 .1373E-13 .7435E-14
.1397E+04 .3523E+00 .1560E-06 .2289E-07 .8883E-07 .6594E-07 .1560E-06 .4909E-07 .2051E-06 .1560E-06 .2289E-07 .5142E-07
.1398E+04 .3518E+00 .4739E-06 .1237E-06 .3240E-06 .2003E-06 .4739E-06 .2379E-06 .7118E-06 .4739E-06 .1237E-06 .1833E-06
.1399E+04 .3480E+00 .7352E-06 .1474E-06 .4581E-06 .3107E-06 .7352E-06 .2959E-06 .1031E-05 .7352E-06 .1474E-06 .2613E-06
.1400E+04 .3431E+00 .1745E-15 .2957E-14 .3031E-14 .7374E-16 .1745E-15 .4866E-14 .5041E-14 .1745E-15 .2957E-14 .1534E-14
.1401E+04 .3457E+00 .4087E-14 .2525E-13 .2697E-13 .1727E-14 .4087E-14 .4173E-13 .4582E-13 .4087E-14 .2525E-13 .1373E-13
.1402E+04 .3475E+00 .2832E-04 .1609E-05 .1358E-04 .1197E-04 .2832E-04 .4707E-05 .3303E-04 .2832E-04 .1609E-05 .7968E-05
.1403E+04 .3449E+00 .1671E-04 .1292E-05 .8353E-05 .7061E-05 .1671E-04 .3335E-05 .2004E-04 .1671E-04 .1292E-05 .4856E-05
.1404E+04 .3451E+00 .3722E-05 .3667E-06 .1940E-05 .1573E-05 .3722E-05 .8710E-06 .4593E-05 .3722E-05 .3667E-06 .1117E-05
.1405E+04 .3457E+00 .6738E-10 .4286E-10 .7133E-10 .2847E-10 .6738E-10 .7513E-10 .1425E-09 .6738E-10 .4286E-10 .3814E-10
.1406E+04 .3449E+00 .1320E-05 .2524E-06 .8103E-06 .5579E-06 .1320E-05 .5089E-06 .1829E-05 .1320E-05 .2524E-06 .4547E-06
.1407E+04 .3448E+00 .2461E-05 .1475E-06 .1187E-05 .1040E-05 .2461E-05 .4187E-06 .2880E-05 .2461E-05 .1475E-06 .6862E-06
.1408E+04 .3448E+00 .3293E-05 .4552E-06 .1847E-05 .1392E-05 .3293E-05 .9820E-06 .4275E-05 .3293E-05 .4552E-06 .1043E-05
.1409E+04 .3454E+00 .2721E-06 .6997E-07 .1850E-06 .1150E-06 .2721E-06 .1341E-06 .4062E-06 .2721E-06 .6997E-07 .1019E-06
.1410E+04 .3437E+00 .2185E-05 .2116E-06 .1135E-05 .9235E-06 .2185E-05 .5024E-06 .2688E-05 .2185E-05 .2116E-06 .6440E-06
.1411E+04 .3366E+00 .1738E-04 .1234E-05 .8578E-05 .7344E-05 .1738E-04 .3260E-05 .2064E-04 .1738E-04 .1234E-05 .4896E-05
.1412E+04 .3367E+00 .3459E-04 .1950E-05 .1657E-04 .1462E-04 .3459E-04 .5656E-05 .4024E-04 .3459E-04 .1950E-05 .9487E-05
.1413E+04 .3386E+00 .2029E-03 .1112E-04 .9687E-04 .8575E-04 .2029E-03 .3263E-04 .2355E-03 .2029E-03 .1112E-04 .5538E-04
.1414E+04 .3400E+00 .1796E-05 .1606E-06 .9198E-06 .7592E-06 .1796E-05 .3901E-06 .2187E-05 .1796E-05 .1606E-06 .5191E-06
.1415E+04 .3411E+00 .6857E-06 .7133E-07 .3611E-06 .2898E-06 .6857E-06 .1651E-06 .8509E-06 .6857E-06 .7133E-07 .2024E-06
.1416E+04 .3389E+00 .2927E-02 .7203E-04 .1309E-02 .1237E-02 .2927E-02 .3242E-03 .3251E-02 .2927E-02 .7203E-04 .7495E-03
.1417E+04 .3410E+00 .4288E-03 .1319E-04 .1944E-03 .1812E-03 .4288E-03 .5174E-04 .4805E-03 .4288E-03 .1319E-04 .1109E-03
.1418E+04 .3395E+00 .4138E-03 .1707E-04 .1920E-03 .1749E-03 .4138E-03 .5698E-04 .4708E-03 .4138E-03 .1707E-04 .1089E-03
.1419E+04 .3370E+00 .7493E-04 .3227E-05 .3489E-04 .3167E-04 .7493E-04 .1053E-04 .8546E-04 .7493E-04 .3227E-05 .1975E-04
.1420E+04 .3370E+00 .2968E-03 .1197E-04 .1374E-03 .1254E-03 .2968E-03 .4034E-04 .3371E-03 .2968E-03 .1197E-04 .7767E-04
.1421E+04 .3338E+00 .3562E-03 .1164E-04 .1622E-03 .1505E-03 .3562E-03 .4389E-04 .4001E-03 .3562E-03 .1164E-04 .9171E-04
.1422E+04 .3313E+00 .4398E-02 .1042E-03 .1963E-02 .1859E-02 .4398E-02 .4767E-03 .4875E-02 .4398E-02 .1042E-03 .1111E-02
.1423E+04 .3320E+00 .9146E-03 .2186E-04 .4084E-03 .3865E-03 .9146E-03 .9932E-04 .1014E-02 .9146E-03 .2186E-04 .2307E-03
.1424E+04 .3322E+00 .2400E-02 .4795E-04 .1062E-02 .1014E-02 .2400E-02 .2449E-03 .2645E-02 .2400E-02 .4795E-04 .5995E-03
.1425E+04 .3303E+00 .2270E-02 .5432E-04 .1014E-02 .9595E-03 .2270E-02 .2459E-03 .2516E-02 .2270E-02 .5432E-04 .5701E-03
.1426E+04 .3282E+00 .4287E-02 .8214E-04 .1894E-02 .1812E-02 .4287E-02 .4307E-03 .4717E-02 .4287E-02 .8214E-04 .1066E-02
.1427E+04 .3295E+00 .1122E-01 .1977E-03 .4939E-02 .4741E-02 .1122E-01 .1098E-02 .1232E-01 .1122E-01 .1977E-03 .2777E-02
.1428E+04 .3305E+00 .1192E-03 .4922E-05 .5531E-04 .5039E-04 .1192E-03 .1626E-04 .1355E-03 .1192E-03 .4922E-05 .3082E-04
.1429E+04 .3249E+00 .4752E-02 .1007E-03 .2109E-02 .2008E-02 .4752E-02 .4913E-03 .5243E-02 .4752E-02 .1007E-03 .1179E-02
.1430E+04 .3289E+00 .1597E-01 .2587E-03 .7008E-02 .6749E-02 .1597E-01 .1517E-02 .1749E-01 .1597E-01 .2587E-03 .3911E-02
.1431E+04 .3293E+00 .1359E-01 .2328E-03 .5977E-02 .5744E-02 .1359E-01 .1310E-02 .1490E-01 .1359E-01 .2328E-03 .3330E-02
.1432E+04 .3343E+00 .5264E-04 .2501E-05 .2475E-04 .2224E-04 .5264E-04 .7681E-05 .6032E-04 .5264E-04 .2501E-05 .1365E-04
.1433E+04 .3310E+00 .6860E-02 .1267E-03 .3026E-02 .2899E-02 .6860E-02 .6752E-03 .7535E-02 .6860E-02 .1267E-03 .1682E-02
.1434E+04 .3303E+00 .3873E-02 .7273E-04 .1709E-02 .1637E-02 .3873E-02 .3827E-03 .4256E-02 .3873E-02 .7273E-04 .9482E-03
.1435E+04 .3312E+00 .1288E-02 .3475E-04 .5792E-03 .5445E-03 .1288E-02 .1443E-03 .1433E-02 .1288E-02 .3475E-04 .3198E-03
.1436E+04 .3305E+00 .6463E-02 .1252E-03 .2857E-02 .2731E-02 .6463E-02 .6436E-03 .7107E-02 .6463E-02 .1252E-03 .1580E-02
.1437E+04 .3309E+00 .3492E-02 .7259E-04 .1548E-02 .1476E-02 .3492E-02 .3558E-03 .3848E-02 .3492E-02 .7259E-04 .8560E-03
.1438E+04 .3306E+00 .1632E-02 .3523E-04 .7249E-03 .6896E-03 .1632E-02 .1684E-03 .1800E-02 .1632E-02 .3523E-04 .4006E-03
.1439E+04 .3274E+00 .6488E-02 .1326E-03 .2875E-02 .2742E-02 .6488E-02 .6568E-03 .7145E-02 .6488E-02 .1326E-03 .1587E-02
.1440E+04 .3144E+00 .6889E-02 .1241E-03 .3035E-02 .2911E-02 .6889E-02 .6696E-03 .7558E-02 .6889E-02 .1241E-03 .1675E-02
.1441E+04 .3227E+00 .4337E-02 .8984E-04 .1923E-02 .1833E-02 .4337E-02 .4404E-03 .4778E-02 .4337E-02 .8984E-04 .1059E-02
.1442E+04 .3186E+00 .4344E-02 .9956E-04 .1936E-02 .1836E-02 .4344E-02 .4564E-03 .4801E-02 .4344E-02 .9956E-04 .1064E-02
.1443E+04 .3220E+00 .9214E-02 .1702E-03 .4064E-02 .3894E-02 .9214E-02 .9005E-03 .1011E-01 .9214E-02 .1702E-03 .2236E-02
.1444E+04 .3208E+00 .1263E-01 .2120E-03 .5551E-02 .5339E-02 .1263E-01 .1199E-02 .1383E-01 .1263E-01 .2120E-03 .3052E-02
.1445E+04 .3250E+00 .6860E-02 .1359E-03 .3035E-02 .2899E-02 .6860E-02 .6844E-03 .7544E-02 .6860E-02 .1359E-03 .1665E-02
.1446E+04 .3224E+00 .3001E-02 .6765E-04 .1336E-02 .1268E-02 .3001E-02 .3127E-03 .3313E-02 .3001E-02 .6765E-04 .7322E-03
.1447E+04 .3225E+00 .5463E-02 .1047E-03 .2414E-02 .2309E-02 .5463E-02 .5392E-03 .6003E-02 .5463E-02 .1047E-03 .1325E-02
.1448E+04 .3244E+00 .3848E-01 .5377E-03 .1680E-01 .1626E-01 .3848E-01 .3472E-02 .4196E-01 .3848E-01 .5377E-03 .9231E-02
.1449E+04 .3233E+00 .3336E-01 .4657E-03 .1457E-01 .1410E-01 .3336E-01 .3007E-02 .3637E-01 .3336E-01 .4657E-03 .7994E-02
.1450E+04 .3190E+00 .5766E-02 .9902E-04 .2536E-02 .2437E-02 .5766E-02 .5494E-03 .6315E-02 .5766E-02 .9902E-04 .1389E-02
.1451E+04 .3156E+00 .2210E-02 .4048E-04 .9743E-03 .9338E-03 .2210E-02 .2145E-03 .2424E-02 .2210E-02 .4048E-04 .5331E-03
.1452E+04 .3188E+00 .1591E-01 .2522E-03 .6977E-02 .6725E-02 .1591E-01 .1480E-02 .1739E-01 .1591E-01 .2522E-03 .3816E-02
.1453E+04 .3182E+00 .2207E-01 .3383E-03 .9665E-02 .9327E-02 .2207E-01 .2032E-02 .2410E-01 .2207E-01 .3383E-03 .5282E-02
.1454E+04 .3147E+00 .5918E-01 .7418E-03 .2575E-01 .2501E-01 .5918E-01 .5180E-02 .6436E-01 .5918E-01 .7418E-03 .1408E-01
.1455E+04 .3143E+00 .2155E-01 .3085E-03 .9414E-02 .9105E-02 .2155E-01 .1949E-02 .2349E-01 .2155E-01 .3085E-03 .5147E-02
.1456E+04 .3153E+00 .2487E-01 .3635E-03 .1087E-01 .1051E-01 .2487E-01 .2261E-02 .2713E-01 .2487E-01 .3635E-03 .5944E-02
.1457E+04 .3173E+00 .4364E-01 .5780E-03 .1902E-01 .1844E-01 .4364E-01 .3871E-02 .4751E-01 .4364E-01 .5780E-03 .1040E-01
.1458E+04 .3199E+00 .6536E-01 .7856E-03 .2841E-01 .2762E-01 .6536E-01 .5666E-02 .7103E-01 .6536E-01 .7856E-03 .1554E-01
.1459E+04 .3186E+00 .7792E-01 .9261E-03 .3386E-01 .3293E-01 .7792E-01 .6738E-02 .8466E-01 .7792E-01 .9261E-03 .1852E-01
.1460E+04 .3167E+00 .3354E-01 .4314E-03 .1461E-01 .1417E-01 .3354E-01 .2954E-02 .3649E-01 .3354E-01 .4314E-03 .7988E-02
.1461E+04 .3156E+00 .2700E-01 .3895E-03 .1180E-01 .1141E-01 .2700E-01 .2447E-02 .2945E-01 .2700E-01 .3895E-03 .6451E-02
.1462E+04 .3129E+00 .5421E-01 .6747E-03 .2359E-01 .2291E-01 .5421E-01 .4737E-02 .5895E-01 .5421E-01 .6747E-03 .1290E-01
.1463E+04 .3116E+00 .1385E-01 .1970E-03 .6051E-02 .5854E-02 .1385E-01 .1251E-02 .1510E-01 .1385E-01 .1970E-03 .3308E-02
.1464E+04 .3136E+00 .8000E-01 .9312E-03 .3474E-01 .3381E-01 .8000E-01 .6886E-02 .8689E-01 .8000E-01 .9312E-03 .1900E-01
.1465E+04 .3115E+00 .4312E-01 .5217E-03 .1875E-01 .1822E-01 .4312E-01 .3744E-02 .4686E-01 .4312E-01 .5217E-03 .1025E-01
.1466E+04 .3137E+00 .1541E-01 .2433E-03 .6758E-02 .6515E-02 .1541E-01 .1431E-02 .1685E-01 .1541E-01 .2433E-03 .3693E-02
.1467E+04 .3131E+00 .7142E-02 .1209E-03 .3139E-02 .3018E-02 .7142E-02 .6764E-03 .7819E-02 .7142E-02 .1209E-03 .1715E-02
.1468E+04 .3118E+00 .2196E-01 .3210E-03 .9601E-02 .9280E-02 .2196E-01 .1997E-02 .2396E-01 .2196E-01 .3210E-03 .5248E-02
.1469E+04 .3137E+00 .3336E-01 .4414E-03 .1454E-01 .1410E-01 .3336E-01 .2958E-02 .3631E-01 .3336E-01 .4414E-03 .7951E-02
.1470E+04 .3085E+00 .9053E-02 .1675E-03 .3994E-02 .3826E-02 .9053E-02 .8807E-03 .9934E-02 .9053E-02 .1675E-03 .2181E-02
.1471E+04 .3082E+00 .4480E-02 .7261E-04 .1966E-02 .1893E-02 .4480E-02 .4192E-03 .4899E-02 .4480E-02 .7261E-04 .1075E-02
.1472E+04 .3069E+00 .7892E-02 .1498E-03 .3485E-02 .3335E-02 .7892E-02 .7747E-03 .8666E-02 .7892E-02 .1498E-03 .1906E-02
.1473E+04 .3035E+00 .1717E-01 .2645E-03 .7523E-02 .7258E-02 .1717E-01 .1587E-02 .1876E-01 .1717E-01 .2645E-03 .4123E-02
.1474E+04 .3030E+00 .3911E-01 .4947E-03 .1702E-01 .1653E-01 .3911E-01 .3438E-02 .4255E-01 .3911E-01 .4947E-03 .9336E-02
.1475E+04 .3038E+00 .9961E-01 .1123E-02 .4322E-01 .4210E-01 .9961E-01 .8533E-02 .1081E+00 .9961E-01 .1123E-02 .2370E-01
.1476E+04 .3051E+00 .2041E-01 .2854E-03 .8911E-02 .8626E-02 .2041E-01 .1841E-02 .2225E-01 .2041E-01 .2854E-03 .4893E-02
.1477E+04 .3036E+00 .1786E-01 .2657E-03 .7812E-02 .7546E-02 .1786E-01 .1639E-02 .1949E-01 .1786E-01 .2657E-03 .4297E-02
.1478E+04 .3037E+00 .2558E-01 .3243E-03 .1114E-01 .1081E-01 .2558E-01 .2259E-02 .2784E-01 .2558E-01 .3243E-03 .6141E-02
.1479E+04 .3077E+00 .5132E-01 .6198E-03 .2231E-01 .2169E-01 .5132E-01 .4483E-02 .5580E-01 .5132E-01 .6198E-03 .1230E-01
.1480E+04 .3057E+00 .1665E-01 .2436E-03 .7282E-02 .7038E-02 .1665E-01 .1524E-02 .1818E-01 .1665E-01 .2436E-03 .4013E-02
.1481E+04 .3046E+00 .4690E-01 .5851E-03 .2041E-01 .1982E-01 .4690E-01 .4132E-02 .5103E-01 .4690E-01 .5851E-03 .1127E-01
.1482E+04 .3040E+00 .1921E-01 .2536E-03 .8371E-02 .8117E-02 .1921E-01 .1718E-02 .2092E-01 .1921E-01 .2536E-03 .4633E-02
.1483E+04 .3014E+00 .7038E-01 .8132E-03 .3056E-01 .2975E-01 .7038E-01 .6113E-02 .7650E-01 .7038E-01 .8132E-03 .1694E-01
.1484E+04 .3056E+00 .7123E-01 .7946E-03 .3090E-01 .3010E-01 .7123E-01 .6141E-02 .7737E-01 .7123E-01 .7946E-03 .1713E-01
.1485E+04 .3062E+00 .6165E-01 .6923E-03 .2675E-01 .2606E-01 .6165E-01 .5323E-02 .6698E-01 .6165E-01 .6923E-03 .1483E-01
.1486E+04 .3023E+00 .5211E-01 .6295E-03 .2265E-01 .2202E-01 .5211E-01 .4581E-02 .5669E-01 .5211E-01 .6295E-03 .1259E-01
.1487E+04 .2898E+00 .1516E-01 .2165E-03 .6622E-02 .6406E-02 .1516E-01 .1391E-02 .1655E-01 .1516E-01 .2165E-03 .3692E-02
.1488E+04 .2795E+00 .4194E-01 .4963E-03 .1822E-01 .1773E-01 .4194E-01 .3687E-02 .4563E-01 .4194E-01 .4963E-03 .1019E-01
.1489E+04 .3010E+00 .9375E-01 .1036E-02 .4066E-01 .3962E-01 .9375E-01 .8128E-02 .1019E+00 .9375E-01 .1036E-02 .2275E-01
.1490E+04 .3028E+00 .1057E+00 .1098E-02 .4578E-01 .4468E-01 .1057E+00 .9059E-02 .1148E+00 .1057E+00 .1098E-02 .2565E-01
.1491E+04 .3015E+00 .1289E+00 .1318E-02 .5578E-01 .5446E-01 .1289E+00 .1102E-01 .1399E+00 .1289E+00 .1318E-02 .3128E-01
.1492E+04 .3013E+00 .8282E-01 .9219E-03 .3592E-01 .3500E-01 .8282E-01 .7209E-02 .9003E-01 .8282E-01 .9219E-03 .2016E-01
.1493E+04 .3030E+00 .1081E+00 .1127E-02 .4680E-01 .4567E-01 .1081E+00 .9287E-02 .1174E+00 .1081E+00 .1127E-02 .2629E-01
.1494E+04 .3034E+00 .1260E+00 .1266E-02 .5451E-01 .5324E-01 .1260E+00 .1075E-01 .1367E+00 .1260E+00 .1266E-02 .3062E-01
.1495E+04 .2982E+00 .1195E+00 .1207E-02 .5171E-01 .5050E-01 .1195E+00 .1021E-01 .1297E+00 .1195E+00 .1207E-02 .2905E-01
.1496E+04 .2940E+00 .1063E+00 .1093E-02 .4602E-01 .4493E-01 .1063E+00 .9118E-02 .1154E+00 .1063E+00 .1093E-02 .2588E-01
.1497E+04 .2976E+00 .1753E+00 .1678E-02 .7577E-01 .7409E-01 .1753E+00 .1485E-01 .1902E+00 .1753E+00 .1678E-02 .4266E-01
.1498E+04 .2977E+00 .1111E+00 .1117E-02 .4809E-01 .4697E-01 .1111E+00 .9509E-02 .1206E+00 .1111E+00 .1117E-02 .2711E-01
.1499E+04 .2978E+00 .1384E+00 .1381E-02 .5987E-01 .5848E-01 .1384E+00 .1183E-01 .1502E+00 .1384E+00 .1381E-02 .3378E-01
.1500E+04 .2995E+00 .1963E+00 .1853E-02 .8482E-01 .8297E-01 .1963E+00 .1663E-01 .2130E+00 .1963E+00 .1853E-02 .4790E-01
.1501E+04 .2977E+00 .2030E+00 .1936E-02 .8771E-01 .8578E-01 .2030E+00 .1722E-01 .2202E+00 .2030E+00 .1936E-02 .4953E-01
.1502E+04 .2827E+00 .1564E+00 .1494E-02 .6758E-01 .6608E-01 .1564E+00 .1328E-01 .1696E+00 .1564E+00 .1494E-02 .3817E-01
.1503E+04 .2785E+00 .1192E+00 .1189E-02 .5158E-01 .5039E-01 .1192E+00 .1020E-01 .1294E+00 .1192E+00 .1189E-02 .2913E-01
.1504E+04 .2747E+00 .9942E-01 .1000E-02 .4302E-01 .4202E-01 .9942E-01 .8523E-02 .1079E+00 .9942E-01 .1000E-02 .2430E-01
.1505E+04 .2744E+00 .1225E+00 .1192E-02 .5295E-01 .5175E-01 .1225E+00 .1043E-01 .1329E+00 .1225E+00 .1192E-02 .2991E-01
.1506E+04 .2873E+00 .2180E+00 .2026E-02 .9416E-01 .9213E-01 .2180E+00 .1842E-01 .2364E+00 .2180E+00 .2026E-02 .5318E-01
.1507E+04 .2918E+00 .2013E+00 .1879E-02 .8696E-01 .8508E-01 .2013E+00 .1702E-01 .2183E+00 .2013E+00 .1879E-02 .4912E-01
.1508E+04 .2871E+00 .1893E+00 .1767E-02 .8178E-01 .8002E-01 .1893E+00 .1601E-01 .2053E+00 .1893E+00 .1767E-02 .4620E-01
.1509E+04 .2912E+00 .1227E+00 .1192E-02 .5304E-01 .5185E-01 .1227E+00 .1045E-01 .1331E+00 .1227E+00 .1192E-02 .2997E-01
.1510E+04 .2940E+00 .2337E+00 .2142E-02 .1009E+00 .9878E-01 .2337E+00 .1970E-01 .2534E+00 .2337E+00 .2142E-02 .5700E-01
.1511E+04 .2928E+00 .2117E+00 .1973E-02 .9146E-01 .8948E-01 .2117E+00 .1791E-01 .2296E+00 .2117E+00 .1973E-02 .5171E-01
.1512E+04 .2874E+00 .2230E+00 .2033E-02 .9629E-01 .9426E-01 .2230E+00 .1881E-01 .2418E+00 .2230E+00 .2033E-02 .5450E-01
.1513E+04 .2867E+00 .1785E+00 .1686E-02 .7712E-01 .7543E-01 .1785E+00 .1516E-01 .1936E+00 .1785E+00 .1686E-02 .4367E-01
.1514E+04 .2870E+00 .1584E+00 .1513E-02 .6845E-01 .6694E-01 .1584E+00 .1348E-01 .1719E+00 .1584E+00 .1513E-02 .3877E-01
.1515E+04 .2884E+00 .2327E+00 .2108E-02 .1005E+00 .9836E-01 .2327E+00 .1961E-01 .2524E+00 .2327E+00 .2108E-02 .5689E-01
.1516E+04 .2859E+00 .2177E+00 .1978E-02 .9397E-01 .9199E-01 .2177E+00 .1835E-01 .2360E+00 .2177E+00 .1978E-02 .5321E-01
.1517E+04 .2873E+00 .2013E+00 .1861E-02 .8692E-01 .8506E-01 .2013E+00 .1702E-01 .2183E+00 .2013E+00 .1861E-02 .4922E-01
.1518E+04 .2876E+00 .2045E+00 .1870E-02 .8832E-01 .8645E-01 .2045E+00 .1727E-01 .2218E+00 .2045E+00 .1870E-02 .5002E-01
.1519E+04 .2869E+00 .1896E+00 .1761E-02 .8187E-01 .8011E-01 .1896E+00 .1605E-01 .2056E+00 .1896E+00 .1761E-02 .4637E-01
.1520E+04 .2854E+00 .2161E+00 .1981E-02 .9331E-01 .9133E-01 .2161E+00 .1825E-01 .2344E+00 .2161E+00 .1981E-02 .5285E-01
.1521E+04 .2815E+00 .2569E+00 .2279E-02 .1109E+00 .1086E+00 .2569E+00 .2158E-01 .2785E+00 .2569E+00 .2279E-02 .6279E-01
.1522E+04 .2814E+00 .2285E+00 .2064E-02 .9863E-01 .9656E-01 .2285E+00 .1925E-01 .2477E+00 .2285E+00 .2064E-02 .5586E-01
.1523E+04 .2840E+00 .2627E+00 .2321E-02 .1134E+00 .1110E+00 .2627E+00 .2205E-01 .2848E+00 .2627E+00 .2321E-02 .6421E-01
.1524E+04 .2817E+00 .2488E+00 .2204E-02 .1073E+00 .1051E+00 .2488E+00 .2089E-01 .2697E+00 .2488E+00 .2204E-02 .6080E-01
.1525E+04 .2825E+00 .2199E+00 .1996E-02 .9492E-01 .9292E-01 .2199E+00 .1854E-01 .2384E+00 .2199E+00 .1996E-02 .5376E-01
.1526E+04 .2845E+00 .2264E+00 .2049E-02 .9774E-01 .9570E-01 .2264E+00 .1908E-01 .2455E+00 .2264E+00 .2049E-02 .5536E-01
.1527E+04 .2845E+00 .2293E+00 .2053E-02 .9895E-01 .9690E-01 .2293E+00 .1929E-01 .2486E+00 .2293E+00 .2053E-02 .5605E-01
.1528E+04 .2838E+00 .2586E+00 .2279E-02 .1116E+00 .1093E+00 .2586E+00 .2169E-01 .2803E+00 .2586E+00 .2279E-02 .6319E-01
.1529E+04 .2757E+00 .2428E+00 .2137E-02 .1047E+00 .1026E+00 .2428E+00 .2036E-01 .2631E+00 .2428E+00 .2137E-02 .5933E-01
.1530E+04 .2737E+00 .2292E+00 .2048E-02 .9892E-01 .9688E-01 .2292E+00 .1927E-01 .2485E+00 .2292E+00 .2048E-02 .5603E-01
.1531E+04 .2814E+00 .2399E+00 .2126E-02 .1035E+00 .1014E+00 .2399E+00 .2013E-01 .2600E+00 .2399E+00 .2126E-02 .5858E-01
.1532E+04 .2802E+00 .2619E+00 .2287E-02 .1130E+00 .1107E+00 .2619E+00 .2190E-01 .2838E+00 .2619E+00 .2287E-02 .6386E-01
.1533E+04 .2775E+00 .2636E+00 .2295E-02 .1137E+00 .1114E+00 .2636E+00 .2202E-01 .2856E+00 .2636E+00 .2295E-02 .6424E-01
.1534E+04 .2750E+00 .2537E+00 .2216E-02 .1094E+00 .1072E+00 .2537E+00 .2120E-01 .2749E+00 .2537E+00 .2216E-02 .6183E-01
.1535E+04 .2782E+00 .2458E+00 .2159E-02 .1060E+00 .1039E+00 .2458E+00 .2056E-01 .2663E+00 .2458E+00 .2159E-02 .5991E-01
.1536E+04 .2794E+00 .2580E+00 .2247E-02 .1113E+00 .1090E+00 .2580E+00 .2154E-01 .2795E+00 .2580E+00 .2247E-02 .6281E-01
.1537E+04 .2769E+00 .2495E+00 .2179E-02 .1076E+00 .1054E+00 .2495E+00 .2082E-01 .2703E+00 .2495E+00 .2179E-02 .6068E-01
.1538E+04 .2740E+00 .2619E+00 .2263E-02 .1130E+00 .1107E+00 .2619E+00 .2181E-01 .2837E+00 .2619E+00 .2263E-02 .6366E-01
.1539E+04 .2721E+00 .2523E+00 .2188E-02 .1088E+00 .1066E+00 .2523E+00 .2102E-01 .2733E+00 .2523E+00 .2188E-02 .6133E-01
.1540E+04 .2696E+00 .2562E+00 .2211E-02 .1105E+00 .1083E+00 .2562E+00 .2133E-01 .2775E+00 .2562E+00 .2211E-02 .6228E-01
.1541E+04 .2727E+00 .2575E+00 .2222E-02 .1110E+00 .1088E+00 .2575E+00 .2141E-01 .2789E+00 .2575E+00 .2222E-02 .6251E-01
.1542E+04 .2734E+00 .2494E+00 .2161E-02 .1076E+00 .1054E+00 .2494E+00 .2074E-01 .2702E+00 .2494E+00 .2161E-02 .6050E-01
.1543E+04 .2750E+00 .2603E+00 .2238E-02 .1122E+00 .1100E+00 .2603E+00 .2160E-01 .2818E+00 .2603E+00 .2238E-02 .6308E-01
.1544E+04 .2756E+00 .2528E+00 .2182E-02 .1090E+00 .1069E+00 .2528E+00 .2100E-01 .2738E+00 .2528E+00 .2182E-02 .6128E-01
.1545E+04 .2760E+00 .2660E+00 .2275E-02 .1147E+00 .1124E+00 .2660E+00 .2205E-01 .2880E+00 .2660E+00 .2275E-02 .6446E-01
.1546E+04 .2742E+00 .2586E+00 .2219E-02 .1115E+00 .1093E+00 .2586E+00 .2147E-01 .2801E+00 .2586E+00 .2219E-02 .6275E-01
.1547E+04 .2683E+00 .2579E+00 .2203E-02 .1112E+00 .1090E+00 .2579E+00 .2142E-01 .2793E+00 .2579E+00 .2203E-02 .6265E-01
.1548E+04 .2681E+00 .2580E+00 .2201E-02 .1112E+00 .1090E+00 .2580E+00 .2144E-01 .2795E+00 .2580E+00 .2201E-02 .6274E-01
.1549E+04 .2693E+00 .2625E+00 .2232E-02 .1132E+00 .1109E+00 .2625E+00 .2182E-01 .2843E+00 .2625E+00 .2232E-02 .6388E-01
.1550E+04 .2680E+00 .2596E+00 .2207E-02 .1119E+00 .1097E+00 .2596E+00 .2160E-01 .2812E+00 .2596E+00 .2207E-02 .6324E-01
.1551E+04 .2706E+00 .2607E+00 .2216E-02 .1124E+00 .1102E+00 .2607E+00 .2169E-01 .2824E+00 .2607E+00 .2216E-02 .6352E-01
.1552E+04 .2710E+00 .2547E+00 .2171E-02 .1098E+00 .1076E+00 .2547E+00 .2120E-01 .2759E+00 .2547E+00 .2171E-02 .6206E-01
.1553E+04 .2662E+00 .2582E+00 .2187E-02 .1113E+00 .1091E+00 .2582E+00 .2147E-01 .2796E+00 .2582E+00 .2187E-02 .6291E-01
.1554E+04 .2647E+00 .2549E+00 .2160E-02 .1099E+00 .1077E+00 .2549E+00 .2120E-01 .2761E+00 .2549E+00 .2160E-02 .6212E-01
.1555E+04 .2646E+00 .2568E+00 .2171E-02 .1107E+00 .1085E+00 .2568E+00 .2135E-01 .2782E+00 .2568E+00 .2171E-02 .6258E-01
.1556E+04 .2648E+00 .2562E+00 .2164E-02 .1104E+00 .1083E+00 .2562E+00 .2130E-01 .2775E+00 .2562E+00 .2164E-02 .6243E-01
.1557E+04 .2676E+00 .2598E+00 .2190E-02 .1120E+00 .1098E+00 .2598E+00 .2159E-01 .2814E+00 .2598E+00 .2190E-02 .6330E-01
.1558E+04 .2662E+00 .2584E+00 .2176E-02 .1114E+00 .1092E+00 .2584E+00 .2148E-01 .2799E+00 .2584E+00 .2176E-02 .6299E-01
.1559E+04 .2647E+00 .2565E+00 .2159E-02 .1106E+00 .1084E+00 .2565E+00 .2134E-01 .2778E+00 .2565E+00 .2159E-02 .6259E-01
.1560E+04 .2666E+00 .2579E+00 .2169E-02 .1112E+00 .1090E+00 .2579E+00 .2147E-01 .2794E+00 .2579E+00 .2169E-02 .6301E-01
.1561E+04 .2683E+00 .2600E+00 .2184E-02 .1120E+00 .1099E+00 .2600E+00 .2166E-01 .2816E+00 .2600E+00 .2184E-02 .6357E-01
.1562E+04 .2663E+00 .2549E+00 .2144E-02 .1099E+00 .1077E+00 .2549E+00 .2126E-01 .2762E+00 .2549E+00 .2144E-02 .6241E-01
.1563E+04 .2635E+00 .2536E+00 .2128E-02 .1093E+00 .1072E+00 .2536E+00 .2116E-01 .2747E+00 .2536E+00 .2128E-02 .6213E-01
.1564E+04 .2650E+00 .2545E+00 .2135E-02 .1097E+00 .1076E+00 .2545E+00 .2125E-01 .2758E+00 .2545E+00 .2135E-02 .6242E-01
.1565E+04 .2643E+00 .2566E+00 .2146E-02 .1106E+00 .1084E+00 .2566E+00 .2143E-01 .2780E+00 .2566E+00 .2146E-02 .6298E-01
.1566E+04 .2614E+00 .2518E+00 .2107E-02 .1085E+00 .1064E+00 .2518E+00 .2106E-01 .2729E+00 .2518E+00 .2107E-02 .6188E-01
.1567E+04 .2614E+00 .2524E+00 .2108E-02 .1088E+00 .1067E+00 .2524E+00 .2112E-01 .2735E+00 .2524E+00 .2108E-02 .6209E-01
.1568E+04 .2592E+00 .2462E+00 .2061E-02 .1061E+00 .1041E+00 .2462E+00 .2064E-01 .2669E+00 .2462E+00 .2061E-02 .6068E-01
.1569E+04 .2597E+00 .2420E+00 .2032E-02 .1043E+00 .1023E+00 .2420E+00 .2033E-01 .2624E+00 .2420E+00 .2032E-02 .5978E-01
.1570E+04 .2622E+00 .2310E+00 .1957E-02 .9957E-01 .9761E-01 .2310E+00 .1947E-01 .2504E+00 .2310E+00 .1957E-02 .5719E-01
.1571E+04 .2643E+00 .2182E+00 .1870E-02 .9407E-01 .9220E-01 .2182E+00 .1848E-01 .2366E+00 .2182E+00 .1870E-02 .5420E-01
.1572E+04 .2625E+00 .2198E+00 .1877E-02 .9475E-01 .9287E-01 .2198E+00 .1865E-01 .2384E+00 .2198E+00 .1877E-02 .5476E-01
.1573E+04 .2612E+00 .2180E+00 .1862E-02 .9398E-01 .9212E-01 .2180E+00 .1852E-01 .2365E+00 .2180E+00 .1862E-02 .5440E-01
.1574E+04 .2525E+00 .2205E+00 .1865E-02 .9505E-01 .9318E-01 .2205E+00 .1873E-01 .2392E+00 .2205E+00 .1865E-02 .5508E-01
.1575E+04 .2500E+00 .2333E+00 .1948E-02 .1005E+00 .9859E-01 .2333E+00 .1978E-01 .2531E+00 .2333E+00 .1948E-02 .5831E-01
.1576E+04 .2477E+00 .2242E+00 .1880E-02 .9663E-01 .9475E-01 .2242E+00 .1903E-01 .2432E+00 .2242E+00 .1880E-02 .5604E-01
.1577E+04 .2419E+00 .2093E+00 .1768E-02 .9021E-01 .8844E-01 .2093E+00 .1778E-01 .2270E+00 .2093E+00 .1768E-02 .5232E-01
.1578E+04 .2548E+00 .2214E+00 .1867E-02 .9545E-01 .9358E-01 .2214E+00 .1883E-01 .2403E+00 .2214E+00 .1867E-02 .5545E-01
.1579E+04 .2589E+00 .2206E+00 .1866E-02 .9511E-01 .9324E-01 .2206E+00 .1881E-01 .2394E+00 .2206E+00 .1866E-02 .5536E-01
.1580E+04 .2602E+00 .2303E+00 .1932E-02 .9925E-01 .9732E-01 .2303E+00 .1963E-01 .2499E+00 .2303E+00 .1932E-02 .5787E-01
.1581E+04 .2562E+00 .2302E+00 .1924E-02 .9921E-01 .9729E-01 .2302E+00 .1963E-01 .2498E+00 .2302E+00 .1924E-02 .5791E-01
.1582E+04 .2504E+00 .2287E+00 .1904E-02 .9857E-01 .9666E-01 .2287E+00 .1951E-01 .2482E+00 .2287E+00 .1904E-02 .5761E-01
.1583E+04 .2523E+00 .2307E+00 .1918E-02 .9943E-01 .9752E-01 .2307E+00 .1970E-01 .2504E+00 .2307E+00 .1918E-02 .5816E-01
.1584E+04 .2537E+00 .2401E+00 .1982E-02 .1034E+00 .1015E+00 .2401E+00 .2049E-01 .2605E+00 .2401E+00 .1982E-02 .6056E-01
.1585E+04 .2557E+00 .2443E+00 .2011E-02 .1052E+00 .1032E+00 .2443E+00 .2085E-01 .2651E+00 .2443E+00 .2011E-02 .6167E-01
.1586E+04 .2535E+00 .2410E+00 .1983E-02 .1038E+00 .1018E+00 .2410E+00 .2059E-01 .2616E+00 .2410E+00 .1983E-02 .6091E-01
.1587E+04 .2492E+00 .2368E+00 .1947E-02 .1020E+00 .1001E+00 .2368E+00 .2025E-01 .2570E+00 .2368E+00 .1947E-02 .5992E-01
.1588E+04 .2397E+00 .2333E+00 .1909E-02 .1005E+00 .9860E-01 .2333E+00 .1995E-01 .2533E+00 .2333E+00 .1909E-02 .5908E-01
.1589E+04 .2320E+00 .2262E+00 .1848E-02 .9744E-01 .9559E-01 .2262E+00 .1935E-01 .2455E+00 .2262E+00 .1848E-02 .5734E-01
.1590E+04 .2381E+00 .2301E+00 .1881E-02 .9914E-01 .9726E-01 .2301E+00 .1971E-01 .2498E+00 .2301E+00 .1881E-02 .5839E-01
.1591E+04 .2435E+00 .2363E+00 .1928E-02 .1018E+00 .9986E-01 .2363E+00 .2025E-01 .2565E+00 .2363E+00 .1928E-02 .6001E-01
.1592E+04 .2523E+00 .2412E+00 .1972E-02 .1039E+00 .1019E+00 .2412E+00 .2069E-01 .2619E+00 .2412E+00 .1972E-02 .6133E-01
.1593E+04 .2545E+00 .2473E+00 .2014E-02 .1065E+00 .1045E+00 .2473E+00 .2120E-01 .2685E+00 .2473E+00 .2014E-02 .6287E-01
.1594E+04 .2553E+00 .2452E+00 .1998E-02 .1056E+00 .1036E+00 .2452E+00 .2103E-01 .2662E+00 .2452E+00 .1998E-02 .6235E-01
.1595E+04 .2510E+00 .2432E+00 .1977E-02 .1048E+00 .1028E+00 .2432E+00 .2086E-01 .2641E+00 .2432E+00 .1977E-02 .6188E-01
.1596E+04 .2441E+00 .2352E+00 .1912E-02 .1013E+00 .9942E-01 .2352E+00 .2019E-01 .2554E+00 .2352E+00 .1912E-02 .5991E-01
.1597E+04 .2517E+00 .2387E+00 .1944E-02 .1028E+00 .1009E+00 .2387E+00 .2052E-01 .2592E+00 .2387E+00 .1944E-02 .6086E-01
.1598E+04 .2530E+00 .2422E+00 .1967E-02 .1043E+00 .1023E+00 .2422E+00 .2082E-01 .2630E+00 .2422E+00 .1967E-02 .6179E-01
.1599E+04 .2501E+00 .2324E+00 .1897E-02 .1001E+00 .9823E-01 .2324E+00 .2001E-01 .2525E+00 .2324E+00 .1897E-02 .5937E-01
.1600E+04 .2479E+00 .2232E+00 .1830E-02 .9617E-01 .9434E-01 .2232E+00 .1924E-01 .2425E+00 .2232E+00 .1830E-02 .5705E-01
.1601E+04 .2451E+00 .2107E+00 .1741E-02 .9079E-01 .8905E-01 .2107E+00 .1818E-01 .2289E+00 .2107E+00 .1741E-02 .5386E-01
.1602E+04 .2468E+00 .2083E+00 .1725E-02 .8977E-01 .8805E-01 .2083E+00 .1799E-01 .2263E+00 .2083E+00 .1725E-02 .5326E-01
.1603E+04 .2477E+00 .2101E+00 .1736E-02 .9053E-01 .8879E-01 .2101E+00 .1813E-01 .2282E+00 .2101E+00 .1736E-02 .5370E-01
.1604E+04 .2459E+00 .2126E+00 .1749E-02 .9161E-01 .8986E-01 .2126E+00 .1834E-01 .2310E+00 .2126E+00 .1749E-02 .5435E-01
.1605E+04 .2456E+00 .2260E+00 .1835E-02 .9733E-01 .9550E-01 .2260E+00 .1945E-01 .2454E+00 .2260E+00 .1835E-02 .5774E-01
.1606E+04 .2429E+00 .2283E+00 .1845E-02 .9832E-01 .9648E-01 .2283E+00 .1963E-01 .2479E+00 .2283E+00 .1845E-02 .5833E-01
.1607E+04 .2450E+00 .2225E+00 .1808E-02 .9586E-01 .9405E-01 .2225E+00 .1916E-01 .2417E+00 .2225E+00 .1808E-02 .5687E-01
.1608E+04 .2461E+00 .2133E+00 .1746E-02 .9190E-01 .9015E-01 .2133E+00 .1838E-01 .2317E+00 .2133E+00 .1746E-02 .5452E-01
.1609E+04 .2387E+00 .2063E+00 .1688E-02 .8888E-01 .8719E-01 .2063E+00 .1778E-01 .2241E+00 .2063E+00 .1688E-02 .5273E-01
.1610E+04 .2338E+00 .2074E+00 .1687E-02 .8935E-01 .8767E-01 .2074E+00 .1787E-01 .2253E+00 .2074E+00 .1687E-02 .5304E-01
.1611E+04 .2382E+00 .2134E+00 .1731E-02 .9194E-01 .9021E-01 .2134E+00 .1839E-01 .2318E+00 .2134E+00 .1731E-02 .5463E-01
.1612E+04 .2402E+00 .2203E+00 .1778E-02 .9489E-01 .9311E-01 .2203E+00 .1899E-01 .2393E+00 .2203E+00 .1778E-02 .5644E-01
.1613E+04 .2417E+00 .2229E+00 .1795E-02 .9601E-01 .9421E-01 .2229E+00 .1920E-01 .2421E+00 .2229E+00 .1795E-02 .5710E-01
.1614E+04 .2411E+00 .2272E+00 .1820E-02 .9783E-01 .9601E-01 .2272E+00 .1956E-01 .2467E+00 .2272E+00 .1820E-02 .5819E-01
.1615E+04 .2354E+00 .2243E+00 .1792E-02 .9659E-01 .9480E-01 .2243E+00 .1931E-01 .2436E+00 .2243E+00 .1792E-02 .5749E-01
.1616E+04 .2319E+00 .2221E+00 .1771E-02 .9564E-01 .9387E-01 .2221E+00 .1913E-01 .2412E+00 .2221E+00 .1771E-02 .5699E-01
.1617E+04 .2373E+00 .2266E+00 .1806E-02 .9757E-01 .9576E-01 .2266E+00 .1954E-01 .2461E+00 .2266E+00 .1806E-02 .5819E-01
.1618E+04 .2404E+00 .2324E+00 .1846E-02 .1001E+00 .9822E-01 .2324E+00 .2003E-01 .2524E+00 .2324E+00 .1846E-02 .5969E-01
.1619E+04 .2374E+00 .2270E+00 .1805E-02 .9772E-01 .9592E-01 .2270E+00 .1956E-01 .2465E+00 .2270E+00 .1805E-02 .5828E-01
.1620E+04 .2308E+00 .2245E+00 .1778E-02 .9664E-01 .9486E-01 .2245E+00 .1933E-01 .2438E+00 .2245E+00 .1778E-02 .5764E-01
.1621E+04 .2339E+00 .2275E+00 .1800E-02 .9796E-01 .9616E-01 .2275E+00 .1959E-01 .2471E+00 .2275E+00 .1800E-02 .5843E-01
.1622E+04 .2376E+00 .2311E+00 .1826E-02 .9949E-01 .9767E-01 .2311E+00 .1990E-01 .2510E+00 .2311E+00 .1826E-02 .5934E-01
.1623E+04 .2409E+00 .2346E+00 .1852E-02 .1010E+00 .9917E-01 .2346E+00 .2020E-01 .2548E+00 .2346E+00 .1852E-02 .6025E-01
.1624E+04 .2389E+00 .2321E+00 .1831E-02 .9993E-01 .9809E-01 .2321E+00 .1998E-01 .2521E+00 .2321E+00 .1831E-02 .5960E-01
.1625E+04 .2379E+00 .2301E+00 .1815E-02 .9908E-01 .9726E-01 .2301E+00 .1981E-01 .2500E+00 .2301E+00 .1815E-02 .5910E-01
.1626E+04 .2388E+00 .2319E+00 .1825E-02 .9982E-01 .9800E-01 .2319E+00 .1995E-01 .2518E+00 .2319E+00 .1825E-02 .5954E-01
.1627E+04 .2402E+00 .2336E+00 .1837E-02 .1006E+00 .9874E-01 .2336E+00 .2010E-01 .2537E+00 .2336E+00 .1837E-02 .5999E-01
.1628E+04 .2403E+00 .2329E+00 .1830E-02 .1003E+00 .9843E-01 .2329E+00 .2004E-01 .2529E+00 .2329E+00 .1830E-02 .5980E-01
.1629E+04 .2375E+00 .2308E+00 .1811E-02 .9937E-01 .9756E-01 .2308E+00 .1986E-01 .2507E+00 .2308E+00 .1811E-02 .5927E-01
.1630E+04 .2365E+00 .2295E+00 .1799E-02 .9878E-01 .9698E-01 .2295E+00 .1974E-01 .2492E+00 .2295E+00 .1799E-02 .5892E-01
.1631E+04 .2368E+00 .2282E+00 .1790E-02 .9823E-01 .9644E-01 .2282E+00 .1963E-01 .2478E+00 .2282E+00 .1790E-02 .5859E-01
.1632E+04 .2355E+00 .2259E+00 .1771E-02 .9725E-01 .9548E-01 .2259E+00 .1943E-01 .2454E+00 .2259E+00 .1771E-02 .5801E-01
.1633E+04 .2317E+00 .2197E+00 .1724E-02 .9457E-01 .9285E-01 .2197E+00 .1890E-01 .2386E+00 .2197E+00 .1724E-02 .5642E-01
.1634E+04 .2328E+00 .2259E+00 .1764E-02 .9721E-01 .9545E-01 .2259E+00 .1942E-01 .2453E+00 .2259E+00 .1764E-02 .5800E-01
.1635E+04 .2342E+00 .2214E+00 .1735E-02 .9531E-01 .9358E-01 .2214E+00 .1905E-01 .2405E+00 .2214E+00 .1735E-02 .5687E-01
.1636E+04 .2292E+00 .2208E+00 .1723E-02 .9503E-01 .9331E-01 .2208E+00 .1898E-01 .2398E+00 .2208E+00 .1723E-02 .5670E-01
.1637E+04 .2252E+00 .2174E+00 .1694E-02 .9358E-01 .9189E-01 .2174E+00 .1869E-01 .2361E+00 .2174E+00 .1694E-02 .5583E-01
.1638E+04 .2198E+00 .2052E+00 .1607E-02 .8833E-01 .8672E-01 .2052E+00 .1765E-01 .2228E+00 .2052E+00 .1607E-02 .5270E-01
.1639E+04 .2208E+00 .2108E+00 .1642E-02 .9073E-01 .8909E-01 .2108E+00 .1812E-01 .2289E+00 .2108E+00 .1642E-02 .5413E-01
.1640E+04 .2213E+00 .1998E+00 .1571E-02 .8603E-01 .8446E-01 .1998E+00 .1720E-01 .2170E+00 .1998E+00 .1571E-02 .5133E-01
.1641E+04 .2201E+00 .2084E+00 .1623E-02 .8969E-01 .8807E-01 .2084E+00 .1791E-01 .2263E+00 .2084E+00 .1623E-02 .5352E-01
.1642E+04 .2225E+00 .2108E+00 .1640E-02 .9073E-01 .8909E-01 .2108E+00 .1811E-01 .2289E+00 .2108E+00 .1640E-02 .5414E-01
.1643E+04 .2236E+00 .2011E+00 .1578E-02 .8656E-01 .8498E-01 .2011E+00 .1730E-01 .2184E+00 .2011E+00 .1578E-02 .5165E-01
.1644E+04 .2218E+00 .2127E+00 .1648E-02 .9153E-01 .8988E-01 .2127E+00 .1826E-01 .2309E+00 .2127E+00 .1648E-02 .5461E-01
.1645E+04 .2235E+00 .2065E+00 .1609E-02 .8890E-01 .8729E-01 .2065E+00 .1775E-01 .2243E+00 .2065E+00 .1609E-02 .5304E-01
.1646E+04 .2256E+00 .2022E+00 .1582E-02 .8703E-01 .8545E-01 .2022E+00 .1739E-01 .2196E+00 .2022E+00 .1582E-02 .5193E-01
.1647E+04 .2257E+00 .2169E+00 .1674E-02 .9333E-01 .9165E-01 .2169E+00 .1861E-01 .2355E+00 .2169E+00 .1674E-02 .5569E-01
.1648E+04 .2240E+00 .2020E+00 .1576E-02 .8695E-01 .8537E-01 .2020E+00 .1736E-01 .2194E+00 .2020E+00 .1576E-02 .5188E-01
.1649E+04 .2231E+00 .2093E+00 .1619E-02 .9006E-01 .8844E-01 .2093E+00 .1797E-01 .2272E+00 .2093E+00 .1619E-02 .5374E-01
.1650E+04 .2237E+00 .2117E+00 .1634E-02 .9111E-01 .8947E-01 .2117E+00 .1817E-01 .2299E+00 .2117E+00 .1634E-02 .5436E-01
.1651E+04 .2233E+00 .1980E+00 .1545E-02 .8523E-01 .8368E-01 .1980E+00 .1702E-01 .2150E+00 .1980E+00 .1545E-02 .5086E-01
.1652E+04 .2243E+00 .2071E+00 .1601E-02 .8912E-01 .8752E-01 .2071E+00 .1777E-01 .2249E+00 .2071E+00 .1601E-02 .5317E-01
.1653E+04 .2244E+00 .2117E+00 .1629E-02 .9110E-01 .8948E-01 .2117E+00 .1814E-01 .2299E+00 .2117E+00 .1629E-02 .5430E-01
.1654E+04 .2238E+00 .2032E+00 .1573E-02 .8744E-01 .8587E-01 .2032E+00 .1741E-01 .2206E+00 .2032E+00 .1573E-02 .5207E-01
.1655E+04 .2242E+00 .2136E+00 .1638E-02 .9192E-01 .9029E-01 .2136E+00 .1828E-01 .2319E+00 .2136E+00 .1638E-02 .5471E-01
.1656E+04 .2252E+00 .2089E+00 .1608E-02 .8989E-01 .8829E-01 .2089E+00 .1788E-01 .2268E+00 .2089E+00 .1608E-02 .5350E-01
.1657E+04 .2247E+00 .2108E+00 .1617E-02 .9070E-01 .8908E-01 .2108E+00 .1803E-01 .2288E+00 .2108E+00 .1617E-02 .5398E-01
.1658E+04 .2238E+00 .2143E+00 .1636E-02 .9219E-01 .9056E-01 .2143E+00 .1830E-01 .2326E+00 .2143E+00 .1636E-02 .5481E-01
.1659E+04 .2231E+00 .2145E+00 .1635E-02 .9230E-01 .9067E-01 .2145E+00 .1830E-01 .2328E+00 .2145E+00 .1635E-02 .5482E-01
.1660E+04 .2249E+00 .2161E+00 .1645E-02 .9296E-01 .9132E-01 .2161E+00 .1842E-01 .2345E+00 .2161E+00 .1645E-02 .5516E-01
.1661E+04 .2248E+00 .2123E+00 .1619E-02 .9135E-01 .8974E-01 .2123E+00 .1809E-01 .2304E+00 .2123E+00 .1619E-02 .5416E-01
.1662E+04 .2230E+00 .2029E+00 .1556E-02 .8731E-01 .8575E-01 .2029E+00 .1728E-01 .2202E+00 .2029E+00 .1556E-02 .5171E-01
.1663E+04 .2219E+00 .2135E+00 .1620E-02 .9186E-01 .9024E-01 .2135E+00 .1815E-01 .2317E+00 .2135E+00 .1620E-02 .5436E-01
.1664E+04 .2214E+00 .2098E+00 .1594E-02 .9025E-01 .8865E-01 .2098E+00 .1782E-01 .2276E+00 .2098E+00 .1594E-02 .5336E-01
.1665E+04 .2195E+00 .2008E+00 .1534E-02 .8638E-01 .8485E-01 .2008E+00 .1705E-01 .2178E+00 .2008E+00 .1534E-02 .5102E-01
.1666E+04 .2188E+00 .1615E+00 .1284E-02 .6956E-01 .6827E-01 .1615E+00 .1379E-01 .1753E+00 .1615E+00 .1284E-02 .4105E-01
.1667E+04 .2175E+00 .1993E+00 .1519E-02 .8575E-01 .8424E-01 .1993E+00 .1690E-01 .2162E+00 .1993E+00 .1519E-02 .5056E-01
.1668E+04 .2153E+00 .2071E+00 .1563E-02 .8909E-01 .8753E-01 .2071E+00 .1751E-01 .2246E+00 .2071E+00 .1563E-02 .5247E-01
.1669E+04 .2184E+00 .2020E+00 .1532E-02 .8692E-01 .8539E-01 .2020E+00 .1708E-01 .2191E+00 .2020E+00 .1532E-02 .5113E-01
.1670E+04 .2191E+00 .2106E+00 .1586E-02 .9059E-01 .8901E-01 .2106E+00 .1777E-01 .2284E+00 .2106E+00 .1586E-02 .5324E-01
.1671E+04 .2150E+00 .2039E+00 .1537E-02 .8770E-01 .8617E-01 .2039E+00 .1719E-01 .2211E+00 .2039E+00 .1537E-02 .5149E-01
.1672E+04 .2106E+00 .2013E+00 .1514E-02 .8658E-01 .8507E-01 .2013E+00 .1695E-01 .2182E+00 .2013E+00 .1514E-02 .5079E-01
.1673E+04 .2145E+00 .2071E+00 .1553E-02 .8908E-01 .8753E-01 .2071E+00 .1742E-01 .2245E+00 .2071E+00 .1553E-02 .5220E-01
.1674E+04 .2143E+00 .2016E+00 .1517E-02 .8672E-01 .8520E-01 .2016E+00 .1695E-01 .2186E+00 .2016E+00 .1517E-02 .5077E-01
.1675E+04 .2101E+00 .1985E+00 .1491E-02 .8540E-01 .8391E-01 .1985E+00 .1668E-01 .2152E+00 .1985E+00 .1491E-02 .4995E-01
.1676E+04 .2105E+00 .1972E+00 .1481E-02 .8482E-01 .8334E-01 .1972E+00 .1655E-01 .2138E+00 .1972E+00 .1481E-02 .4956E-01
.1677E+04 .2121E+00 .1985E+00 .1489E-02 .8540E-01 .8391E-01 .1985E+00 .1665E-01 .2152E+00 .1985E+00 .1489E-02 .4986E-01
.1678E+04 .2104E+00 .1911E+00 .1439E-02 .8219E-01 .8075E-01 .1911E+00 .1602E-01 .2071E+00 .1911E+00 .1439E-02 .4793E-01
.1679E+04 .2064E+00 .1990E+00 .1483E-02 .8560E-01 .8412E-01 .1990E+00 .1664E-01 .2157E+00 .1990E+00 .1483E-02 .4987E-01
.1680E+04 .1991E+00 .1898E+00 .1415E-02 .8162E-01 .8021E-01 .1898E+00 .1586E-01 .2056E+00 .1898E+00 .1415E-02 .4753E-01
.1681E+04 .1972E+00 .1861E+00 .1390E-02 .8003E-01 .7864E-01 .1861E+00 .1556E-01 .2016E+00 .1861E+00 .1390E-02 .4660E-01
.1682E+04 .2025E+00 .1964E+00 .1458E-02 .8447E-01 .8301E-01 .1964E+00 .1641E-01 .2128E+00 .1964E+00 .1458E-02 .4918E-01
.1683E+04 .2070E+00 .1998E+00 .1482E-02 .8591E-01 .8443E-01 .1998E+00 .1667E-01 .2164E+00 .1998E+00 .1482E-02 .4998E-01
.1684E+04 .2093E+00 .1783E+00 .1341E-02 .7668E-01 .7534E-01 .1783E+00 .1490E-01 .1932E+00 .1783E+00 .1341E-02 .4457E-01
.1685E+04 .2094E+00 .2030E+00 .1502E-02 .8731E-01 .8581E-01 .2030E+00 .1692E-01 .2200E+00 .2030E+00 .1502E-02 .5072E-01
.1686E+04 .2090E+00 .2015E+00 .1491E-02 .8665E-01 .8516E-01 .2015E+00 .1679E-01 .2183E+00 .2015E+00 .1491E-02 .5034E-01
.1687E+04 .2090E+00 .1904E+00 .1420E-02 .8189E-01 .8046E-01 .1904E+00 .1588E-01 .2063E+00 .1904E+00 .1420E-02 .4757E-01
.1688E+04 .2087E+00 .2011E+00 .1485E-02 .8647E-01 .8499E-01 .2011E+00 .1674E-01 .2178E+00 .2011E+00 .1485E-02 .5019E-01
.1689E+04 .2066E+00 .1973E+00 .1457E-02 .8483E-01 .8338E-01 .1973E+00 .1641E-01 .2137E+00 .1973E+00 .1457E-02 .4919E-01
.1690E+04 .2089E+00 .1942E+00 .1438E-02 .8349E-01 .8205E-01 .1942E+00 .1614E-01 .2103E+00 .1942E+00 .1438E-02 .4837E-01
.1691E+04 .2101E+00 .1630E+00 .1236E-02 .7013E-01 .6890E-01 .1630E+00 .1359E-01 .1766E+00 .1630E+00 .1236E-02 .4059E-01
.1692E+04 .2103E+00 .1917E+00 .1421E-02 .8242E-01 .8100E-01 .1917E+00 .1590E-01 .2076E+00 .1917E+00 .1421E-02 .4764E-01
.1693E+04 .2099E+00 .2034E+00 .1493E-02 .8747E-01 .8597E-01 .2034E+00 .1686E-01 .2203E+00 .2034E+00 .1493E-02 .5056E-01
.1694E+04 .2094E+00 .1903E+00 .1410E-02 .8182E-01 .8041E-01 .1903E+00 .1579E-01 .2061E+00 .1903E+00 .1410E-02 .4730E-01
.1695E+04 .2089E+00 .2011E+00 .1475E-02 .8645E-01 .8497E-01 .2011E+00 .1665E-01 .2177E+00 .2011E+00 .1475E-02 .4995E-01
.1696E+04 .2082E+00 .1999E+00 .1465E-02 .8597E-01 .8450E-01 .1999E+00 .1654E-01 .2165E+00 .1999E+00 .1465E-02 .4963E-01
.1697E+04 .2079E+00 .1411E+00 .1086E-02 .6071E-01 .5963E-01 .1411E+00 .1175E-01 .1528E+00 .1411E+00 .1086E-02 .3501E-01
.1698E+04 .2077E+00 .1987E+00 .1455E-02 .8542E-01 .8397E-01 .1987E+00 .1642E-01 .2151E+00 .1987E+00 .1455E-02 .4926E-01
.1699E+04 .2061E+00 .1929E+00 .1414E-02 .8295E-01 .8154E-01 .1929E+00 .1595E-01 .2089E+00 .1929E+00 .1414E-02 .4784E-01
.1700E+04 .2044E+00 .1849E+00 .1362E-02 .7952E-01 .7816E-01 .1849E+00 .1530E-01 .2002E+00 .1849E+00 .1362E-02 .4586E-01
.1702E+04 .2027E+00 .1947E+00 .1420E-02 .8372E-01 .8230E-01 .1947E+00 .1609E-01 .2108E+00 .1947E+00 .1420E-02 .4828E-01
.1705E+04 .2029E+00 .1829E+00 .1342E-02 .7866E-01 .7731E-01 .1829E+00 .1512E-01 .1981E+00 .1829E+00 .1342E-02 .4534E-01
.1710E+04 .1982E+00 .1712E+00 .1253E-02 .7359E-01 .7234E-01 .1712E+00 .1411E-01 .1853E+00 .1712E+00 .1253E-02 .4232E-01
.1715E+04 .1994E+00 .1682E+00 .1228E-02 .7232E-01 .7109E-01 .1682E+00 .1384E-01 .1821E+00 .1682E+00 .1228E-02 .4150E-01
.1720E+04 .1960E+00 .1699E+00 .1228E-02 .7304E-01 .7182E-01 .1699E+00 .1396E-01 .1839E+00 .1699E+00 .1228E-02 .4192E-01
.1725E+04 .1934E+00 .1529E+00 .1114E-02 .6574E-01 .6463E-01 .1529E+00 .1258E-01 .1655E+00 .1529E+00 .1114E-02 .3773E-01
.1730E+04 .1912E+00 .1506E+00 .1092E-02 .6473E-01 .6364E-01 .1506E+00 .1235E-01 .1629E+00 .1506E+00 .1092E-02 .3707E-01
.1735E+04 .1815E+00 .1376E+00 .9954E-03 .5915E-01 .5816E-01 .1376E+00 .1128E-01 .1489E+00 .1376E+00 .9954E-03 .3388E-01
.1740E+04 .1849E+00 .1405E+00 .1015E-02 .6040E-01 .5938E-01 .1405E+00 .1154E-01 .1521E+00 .1405E+00 .1015E-02 .3467E-01
.1745E+04 .1858E+00 .1302E+00 .9375E-03 .5598E-01 .5505E-01 .1302E+00 .1069E-01 .1409E+00 .1302E+00 .9375E-03 .3214E-01
.1750E+04 .1844E+00 .1416E+00 .1017E-02 .6086E-01 .5984E-01 .1416E+00 .1163E-01 .1532E+00 .1416E+00 .1017E-02 .3495E-01
.1755E+04 .1843E+00 .1236E+00 .8917E-03 .5311E-01 .5222E-01 .1236E+00 .1017E-01 .1337E+00 .1236E+00 .8917E-03 .3057E-01
.1760E+04 .1817E+00 .1330E+00 .9535E-03 .5716E-01 .5620E-01 .1330E+00 .1096E-01 .1440E+00 .1330E+00 .9535E-03 .3299E-01
.1765E+04 .1798E+00 .9793E-01 .7153E-03 .4210E-01 .4139E-01 .9793E-01 .8095E-02 .1060E+00 .9793E-01 .7153E-03 .2430E-01
.1770E+04 .1784E+00 .9700E-01 .7219E-03 .4172E-01 .4100E-01 .9700E-01 .8061E-02 .1051E+00 .9700E-01 .7219E-03 .2415E-01
.1775E+04 .1759E+00 .6875E-01 .5271E-03 .2958E-01 .2906E-01 .6875E-01 .5740E-02 .7449E-01 .6875E-01 .5271E-03 .1713E-01
.1780E+04 .1736E+00 .5980E-01 .4627E-03 .2573E-01 .2527E-01 .5980E-01 .5008E-02 .6481E-01 .5980E-01 .4627E-03 .1494E-01
.1785E+04 .1727E+00 .3611E-01 .2978E-03 .1556E-01 .1526E-01 .3611E-01 .3060E-02 .3917E-01 .3611E-01 .2978E-03 .9050E-02
.1790E+04 .1722E+00 .4659E-01 .3760E-03 .2007E-01 .1969E-01 .4659E-01 .3945E-02 .5054E-01 .4659E-01 .3760E-03 .1170E-01
.1795E+04 .1702E+00 .1071E-01 .1202E-03 .4645E-02 .4525E-02 .1071E-01 .9638E-03 .1167E-01 .1071E-01 .1202E-03 .2714E-02
.1800E+04 .1683E+00 .1029E-01 .1018E-03 .4451E-02 .4349E-02 .1029E-01 .9044E-03 .1119E-01 .1029E-01 .1018E-03 .2604E-02
.1805E+04 .1669E+00 .1479E-02 .2569E-04 .6506E-03 .6249E-03 .1479E-02 .1483E-03 .1627E-02 .1479E-02 .2569E-04 .3804E-03
.1810E+04 .1655E+00 .1169E-02 .1618E-04 .5104E-03 .4942E-03 .1169E-02 .1105E-03 .1280E-02 .1169E-02 .1618E-04 .2988E-03
.1815E+04 .1584E+00 .8849E-04 .2996E-05 .4039E-04 .3740E-04 .8849E-04 .1126E-04 .9976E-04 .8849E-04 .2996E-05 .2350E-04
.1820E+04 .1556E+00 .7696E-05 .4480E-06 .3700E-05 .3252E-05 .7696E-05 .1288E-05 .8984E-05 .7696E-05 .4480E-06 .2141E-05
.1825E+04 .1600E+00 .1430E-04 .7381E-06 .6784E-05 .6046E-05 .1430E-04 .2243E-05 .1655E-04 .1430E-04 .7381E-06 .3943E-05
.1830E+04 .1593E+00 .2356E-08 .5042E-09 .1500E-08 .9959E-09 .2356E-08 .9964E-09 .3353E-08 .2356E-08 .5042E-09 .8389E-09
.1835E+04 .1577E+00 .3415E-08 .3930E-09 .1836E-08 .1443E-08 .3415E-08 .8900E-09 .4305E-08 .3415E-08 .3930E-09 .1046E-08
.1840E+04 .1556E+00 .1163E-10 .4591E-11 .9507E-11 .4916E-11 .1163E-10 .8358E-11 .1999E-10 .1163E-10 .4591E-11 .5162E-11
.1845E+04 .1531E+00 .9632E-10 .1020E-09 .1427E-09 .4070E-10 .9632E-10 .1740E-09 .2703E-09 .9632E-10 .1020E-09 .7423E-10
.1850E+04 .1534E+00 .2239E-10 .3148E-10 .4094E-10 .9462E-11 .2239E-10 .5315E-10 .7554E-10 .2239E-10 .3148E-10 .2098E-10
.1855E+04 .1521E+00 .2435E-10 .1094E-10 .2124E-10 .1029E-10 .2435E-10 .1963E-10 .4398E-10 .2435E-10 .1094E-10 .1128E-10
.1860E+04 .1501E+00 .1780E-07 .2081E-08 .9602E-08 .7521E-08 .1780E-07 .4644E-08 .2244E-07 .1780E-07 .2081E-08 .5300E-08
.1865E+04 .1480E+00 .5677E-08 .1197E-08 .3596E-08 .2399E-08 .5677E-08 .2337E-08 .8014E-08 .5677E-08 .1197E-08 .1892E-08
.1870E+04 .1456E+00 .6522E-16 .3875E-15 .4151E-15 .2756E-16 .6522E-16 .6352E-15 .7004E-15 .6522E-16 .3875E-15 .1921E-15
.1875E+04 .1349E+00 .1581E-15 .8115E-15 .8783E-15 .6683E-16 .1581E-15 .1328E-14 .1487E-14 .1581E-15 .8115E-15 .3966E-15
.1880E+04 .1425E+00 .1292E-06 .1315E-07 .6774E-07 .5459E-07 .1292E-06 .2950E-07 .1587E-06 .1292E-06 .1315E-07 .3404E-07
.1885E+04 .1432E+00 .7811E-07 .8504E-08 .4151E-07 .3301E-07 .7811E-07 .1863E-07 .9675E-07 .7811E-07 .8504E-08 .2048E-07
.1890E+04 .1410E+00 .1744E-06 .2685E-07 .1006E-06 .7370E-07 .1744E-06 .5411E-07 .2285E-06 .1744E-06 .2685E-07 .4829E-07
.1895E+04 .1379E+00 .2585E-06 .2379E-07 .1330E-06 .1092E-06 .2585E-06 .5359E-07 .3121E-06 .2585E-06 .2379E-07 .6234E-07
.1900E+04 .1389E+00 .9826E-10 .3301E-10 .7454E-10 .4152E-10 .9826E-10 .5878E-10 .1570E-09 .9826E-10 .3301E-10 .3255E-10
.1905E+04 .1382E+00 .1168E-09 .2990E-10 .7926E-10 .4935E-10 .1168E-09 .5494E-10 .1717E-09 .1168E-09 .2990E-10 .3535E-10
.1910E+04 .1367E+00 .9197E-08 .1799E-08 .5686E-08 .3887E-08 .9197E-08 .3388E-08 .1259E-07 .9197E-08 .1799E-08 .2416E-08
.1915E+04 .1358E+00 .3848E-07 .3632E-08 .1989E-07 .1626E-07 .3848E-07 .7914E-08 .4639E-07 .3848E-07 .3632E-08 .8593E-08
.1920E+04 .1342E+00 .5888E-06 .6407E-07 .3129E-06 .2488E-06 .5888E-06 .1348E-06 .7236E-06 .5888E-06 .6407E-07 .1349E-06
.1925E+04 .1335E+00 .4644E-05 .2772E-06 .2240E-05 .1963E-05 .4644E-05 .6982E-06 .5342E-05 .4644E-05 .2772E-06 .9824E-06
.1930E+04 .1304E+00 .6105E-05 .2430E-06 .2823E-05 .2580E-05 .6105E-05 .7257E-06 .6831E-05 .6105E-05 .2430E-06 .1255E-05
.1935E+04 .1303E+00 .1410E-03 .3147E-05 .6273E-04 .5958E-04 .1410E-03 .1287E-04 .1539E-03 .1410E-03 .3147E-05 .2827E-04
.1940E+04 .1273E+00 .2845E-03 .4303E-05 .1245E-03 .1202E-03 .2845E-03 .2274E-04 .3072E-03 .2845E-03 .4303E-05 .5645E-04
.1945E+04 .1204E+00 .1466E-02 .2028E-04 .6398E-03 .6195E-03 .1466E-02 .1147E-03 .1580E-02 .1466E-02 .2028E-04 .2920E-03
.1950E+04 .1247E+00 .3852E-02 .4155E-04 .1670E-02 .1628E-02 .3852E-02 .2845E-03 .4137E-02 .3852E-02 .4155E-04 .7700E-03
.1955E+04 .1268E+00 .1153E-02 .1828E-04 .5057E-03 .4874E-03 .1153E-02 .9570E-04 .1249E-02 .1153E-02 .1828E-04 .2367E-03
.1960E+04 .1252E+00 .6496E-02 .6610E-04 .2812E-02 .2745E-02 .6496E-02 .4852E-03 .6982E-02 .6496E-02 .6610E-04 .1338E-02
.1965E+04 .1231E+00 .1148E-01 .1018E-03 .4953E-02 .4851E-02 .1148E-01 .8404E-03 .1232E-01 .1148E-01 .1018E-03 .2383E-02
.1970E+04 .1226E+00 .2658E-01 .2013E-03 .1144E-01 .1123E-01 .2658E-01 .1905E-02 .2849E-01 .2658E-01 .2013E-03 .5553E-02
.1975E+04 .1205E+00 .3574E-01 .2549E-03 .1536E-01 .1511E-01 .3574E-01 .2550E-02 .3829E-01 .3574E-01 .2549E-03 .7507E-02
.1980E+04 .1192E+00 .4912E-01 .3257E-03 .2108E-01 .2076E-01 .4912E-01 .3486E-02 .5260E-01 .4912E-01 .3257E-03 .1038E-01
.1985E+04 .1184E+00 .5831E-01 .3742E-03 .2502E-01 .2464E-01 .5831E-01 .4158E-02 .6247E-01 .5831E-01 .3742E-03 .1245E-01
.1990E+04 .1183E+00 .5696E-01 .3681E-03 .2444E-01 .2407E-01 .5696E-01 .4079E-02 .6103E-01 .5696E-01 .3681E-03 .1221E-01
.1995E+04 .1163E+00 .5780E-01 .3744E-03 .2480E-01 .2443E-01 .5780E-01 .4135E-02 .6193E-01 .5780E-01 .3744E-03 .1237E-01
.2000E+04 .1160E+00 .2259E-01 .1988E-03 .9746E-02 .9548E-02 .2259E-01 .1697E-02 .2429E-01 .2259E-01 .1988E-03 .4846E-02
.2005E+04 .1148E+00 .6086E-02 .7207E-04 .2644E-02 .2572E-02 .6086E-02 .4850E-03 .6571E-02 .6086E-02 .7207E-04 .1306E-02
.2010E+04 .1145E+00 .2740E-01 .2361E-03 .1182E-01 .1158E-01 .2740E-01 .2028E-02 .2943E-01 .2740E-01 .2361E-03 .5796E-02
.2015E+04 .1135E+00 .1400E-01 .1362E-03 .6053E-02 .5916E-02 .1400E-01 .1052E-02 .1505E-01 .1400E-01 .1362E-03 .2936E-02
.2020E+04 .1115E+00 .2903E-01 .2378E-03 .1251E-01 .1227E-01 .2903E-01 .2092E-02 .3112E-01 .2903E-01 .2378E-03 .6010E-02
.2025E+04 .1109E+00 .5815E-01 .4073E-03 .2498E-01 .2458E-01 .5815E-01 .4041E-02 .6220E-01 .5815E-01 .4073E-03 .1188E-01
.2030E+04 .1092E+00 .6642E-01 .4440E-03 .2851E-01 .2807E-01 .6642E-01 .4530E-02 .7095E-01 .6642E-01 .4440E-03 .1338E-01
.2035E+04 .1082E+00 .8519E-01 .5402E-03 .3654E-01 .3600E-01 .8519E-01 .5718E-02 .9091E-01 .8519E-01 .5402E-03 .1699E-01
.2040E+04 .1077E+00 .7586E-01 .4887E-03 .3255E-01 .3206E-01 .7586E-01 .5064E-02 .8092E-01 .7586E-01 .4887E-03 .1500E-01
.2045E+04 .1078E+00 .7854E-01 .5035E-03 .3369E-01 .3319E-01 .7854E-01 .5205E-02 .8374E-01 .7854E-01 .5035E-03 .1541E-01
.2050E+04 .1065E+00 .5659E-01 .3880E-03 .2430E-01 .2392E-01 .5659E-01 .3770E-02 .6036E-01 .5659E-01 .3880E-03 .1104E-01
.2055E+04 .1054E+00 .4219E-01 .3070E-03 .1814E-01 .1783E-01 .4219E-01 .2824E-02 .4501E-01 .4219E-01 .3070E-03 .8187E-02
.2060E+04 .1038E+00 .5604E-01 .3781E-03 .2406E-01 .2368E-01 .5604E-01 .3693E-02 .5973E-01 .5604E-01 .3781E-03 .1083E-01
.2065E+04 .1030E+00 .5020E-01 .3463E-03 .2156E-01 .2121E-01 .5020E-01 .3312E-02 .5351E-01 .5020E-01 .3463E-03 .9670E-02
.2070E+04 .1024E+00 .5366E-01 .3626E-03 .2304E-01 .2268E-01 .5366E-01 .3510E-02 .5717E-01 .5366E-01 .3626E-03 .1027E-01
.2075E+04 .1023E+00 .6879E-01 .4368E-03 .2951E-01 .2907E-01 .6879E-01 .4442E-02 .7323E-01 .6879E-01 .4368E-03 .1311E-01
.2080E+04 .1007E+00 .7961E-01 .4841E-03 .3413E-01 .3364E-01 .7961E-01 .5098E-02 .8471E-01 .7961E-01 .4841E-03 .1514E-01
.2085E+04 .9979E-01 .7815E-01 .4745E-03 .3350E-01 .3303E-01 .7815E-01 .5004E-02 .8316E-01 .7815E-01 .4745E-03 .1486E-01
.2090E+04 .9881E-01 .8426E-01 .5015E-03 .3611E-01 .3561E-01 .8426E-01 .5388E-02 .8965E-01 .8426E-01 .5015E-03 .1605E-01
.2095E+04 .9735E-01 .8463E-01 .4980E-03 .3626E-01 .3577E-01 .8463E-01 .5395E-02 .9002E-01 .8463E-01 .4980E-03 .1609E-01
.2100E+04 .9751E-01 .7712E-01 .4564E-03 .3305E-01 .3259E-01 .7712E-01 .4920E-02 .8204E-01 .7712E-01 .4564E-03 .1467E-01
.2105E+04 .9690E-01 .9018E-01 .5204E-03 .3863E-01 .3811E-01 .9018E-01 .5748E-02 .9593E-01 .9018E-01 .5204E-03 .1720E-01
.2110E+04 .9579E-01 .8441E-01 .4892E-03 .3616E-01 .3567E-01 .8441E-01 .5407E-02 .8981E-01 .8441E-01 .4892E-03 .1618E-01
.2115E+04 .9495E-01 .8847E-01 .5060E-03 .3790E-01 .3739E-01 .8847E-01 .5657E-02 .9413E-01 .8847E-01 .5060E-03 .1696E-01
.2120E+04 .9376E-01 .8110E-01 .4664E-03 .3474E-01 .3427E-01 .8110E-01 .5211E-02 .8631E-01 .8110E-01 .4664E-03 .1562E-01
.2125E+04 .9291E-01 .8369E-01 .4761E-03 .3585E-01 .3537E-01 .8369E-01 .5385E-02 .8908E-01 .8369E-01 .4761E-03 .1617E-01
.2130E+04 .9283E-01 .8587E-01 .4835E-03 .3677E-01 .3629E-01 .8587E-01 .5535E-02 .9140E-01 .8587E-01 .4835E-03 .1665E-01
.2135E+04 .9171E-01 .8702E-01 .4873E-03 .3727E-01 .3678E-01 .8702E-01 .5628E-02 .9265E-01 .8702E-01 .4873E-03 .1695E-01
.2140E+04 .9147E-01 .8867E-01 .4926E-03 .3796E-01 .3747E-01 .8867E-01 .5735E-02 .9440E-01 .8867E-01 .4926E-03 .1730E-01
.2145E+04 .9065E-01 .8776E-01 .4855E-03 .3757E-01 .3709E-01 .8776E-01 .5674E-02 .9343E-01 .8776E-01 .4855E-03 .1712E-01
.2150E+04 .9013E-01 .7753E-01 .4357E-03 .3320E-01 .3276E-01 .7753E-01 .5024E-02 .8255E-01 .7753E-01 .4357E-03 .1513E-01
.2155E+04 .8927E-01 .7813E-01 .4363E-03 .3345E-01 .3302E-01 .7813E-01 .5064E-02 .8319E-01 .7813E-01 .4363E-03 .1527E-01
.2160E+04 .8784E-01 .7813E-01 .4327E-03 .3345E-01 .3302E-01 .7813E-01 .5053E-02 .8319E-01 .7813E-01 .4327E-03 .1525E-01
.2165E+04 .8275E-01 .7057E-01 .3902E-03 .3022E-01 .2983E-01 .7057E-01 .4563E-02 .7514E-01 .7057E-01 .3902E-03 .1377E-01
.2170E+04 .8514E-01 .7719E-01 .4209E-03 .3304E-01 .3262E-01 .7719E-01 .4983E-02 .8217E-01 .7719E-01 .4209E-03 .1507E-01
.2175E+04 .8568E-01 .7276E-01 .4001E-03 .3115E-01 .3075E-01 .7276E-01 .4702E-02 .7747E-01 .7276E-01 .4001E-03 .1420E-01
.2180E+04 .8497E-01 .7763E-01 .4197E-03 .3323E-01 .3281E-01 .7763E-01 .5005E-02 .8263E-01 .7763E-01 .4197E-03 .1515E-01
.2185E+04 .8464E-01 .6384E-01 .3523E-03 .2733E-01 .2698E-01 .6384E-01 .4128E-02 .6797E-01 .6384E-01 .3523E-03 .1246E-01
.2190E+04 .8364E-01 .7324E-01 .3946E-03 .3135E-01 .3095E-01 .7324E-01 .4720E-02 .7796E-01 .7324E-01 .3946E-03 .1429E-01
.2195E+04 .8342E-01 .7200E-01 .3873E-03 .3082E-01 .3043E-01 .7200E-01 .4640E-02 .7664E-01 .7200E-01 .3873E-03 .1406E-01
.2200E+04 .8263E-01 .6341E-01 .3466E-03 .2715E-01 .2680E-01 .6341E-01 .4083E-02 .6750E-01 .6341E-01 .3466E-03 .1234E-01
.2205E+04 .8073E-01 .6658E-01 .3569E-03 .2850E-01 .2814E-01 .6658E-01 .4264E-02 .7085E-01 .6658E-01 .3569E-03 .1291E-01
.2210E+04 .8053E-01 .7529E-01 .3941E-03 .3221E-01 .3182E-01 .7529E-01 .4800E-02 .8009E-01 .7529E-01 .3941E-03 .1457E-01
.2215E+04 .8024E-01 .7050E-01 .3706E-03 .3017E-01 .2980E-01 .7050E-01 .4485E-02 .7499E-01 .7050E-01 .3706E-03 .1361E-01
.2220E+04 .7974E-01 .7447E-01 .3865E-03 .3186E-01 .3147E-01 .7447E-01 .4717E-02 .7918E-01 .7447E-01 .3865E-03 .1432E-01
.2225E+04 .7873E-01 .7112E-01 .3689E-03 .3043E-01 .3006E-01 .7112E-01 .4485E-02 .7561E-01 .7112E-01 .3689E-03 .1361E-01
.2230E+04 .7832E-01 .7358E-01 .3775E-03 .3147E-01 .3110E-01 .7358E-01 .4614E-02 .7819E-01 .7358E-01 .3775E-03 .1401E-01
.2235E+04 .7766E-01 .7095E-01 .3638E-03 .3035E-01 .2999E-01 .7095E-01 .4423E-02 .7538E-01 .7095E-01 .3638E-03 .1343E-01
.2240E+04 .7661E-01 .7101E-01 .3614E-03 .3037E-01 .3001E-01 .7101E-01 .4398E-02 .7541E-01 .7101E-01 .3614E-03 .1335E-01
.2245E+04 .7621E-01 .6767E-01 .3455E-03 .2894E-01 .2860E-01 .6767E-01 .4158E-02 .7183E-01 .6767E-01 .3455E-03 .1260E-01
.2250E+04 .7546E-01 .6989E-01 .3514E-03 .2989E-01 .2954E-01 .6989E-01 .4204E-02 .7410E-01 .6989E-01 .3514E-03 .1273E-01
.2255E+04 .7461E-01 .6507E-01 .3295E-03 .2783E-01 .2750E-01 .6507E-01 .3880E-02 .6895E-01 .6507E-01 .3295E-03 .1172E-01
.2260E+04 .7419E-01 .6403E-01 .3229E-03 .2738E-01 .2706E-01 .6403E-01 .3759E-02 .6779E-01 .6403E-01 .3229E-03 .1134E-01
.2265E+04 .7352E-01 .6594E-01 .3278E-03 .2819E-01 .2787E-01 .6594E-01 .3824E-02 .6976E-01 .6594E-01 .3278E-03 .1154E-01
.2270E+04 .7323E-01 .6193E-01 .3101E-03 .2648E-01 .2617E-01 .6193E-01 .3574E-02 .6550E-01 .6193E-01 .3101E-03 .1076E-01
.2275E+04 .7269E-01 .6098E-01 .3043E-03 .2608E-01 .2577E-01 .6098E-01 .3508E-02 .6449E-01 .6098E-01 .3043E-03 .1057E-01
.2280E+04 .7147E-01 .6384E-01 .3125E-03 .2729E-01 .2698E-01 .6384E-01 .3662E-02 .6750E-01 .6384E-01 .3125E-03 .1106E-01
.2285E+04 .7108E-01 .5977E-01 .2949E-03 .2555E-01 .2526E-01 .5977E-01 .3423E-02 .6319E-01 .5977E-01 .2949E-03 .1032E-01
.2290E+04 .7069E-01 .5972E-01 .2927E-03 .2553E-01 .2524E-01 .5972E-01 .3408E-02 .6312E-01 .5972E-01 .2927E-03 .1028E-01
.2295E+04 .6914E-01 .5802E-01 .2833E-03 .2480E-01 .2452E-01 .5802E-01 .3309E-02 .6132E-01 .5802E-01 .2833E-03 .9987E-02
.2300E+04 .6923E-01 .5387E-01 .2659E-03 .2303E-01 .2277E-01 .5387E-01 .3077E-02 .5695E-01 .5387E-01 .2659E-03 .9275E-02
.2305E+04 .6902E-01 .5405E-01 .2648E-03 .2311E-01 .2284E-01 .5405E-01 .3074E-02 .5712E-01 .5405E-01 .2648E-03 .9269E-02
.2310E+04 .6848E-01 .5819E-01 .2778E-03 .2487E-01 .2459E-01 .5819E-01 .3298E-02 .6149E-01 .5819E-01 .2778E-03 .9978E-02
.2315E+04 .6764E-01 .5219E-01 .2530E-03 .2231E-01 .2206E-01 .5219E-01 .2965E-02 .5515E-01 .5219E-01 .2530E-03 .8953E-02
.2320E+04 .6675E-01 .4375E-01 .2167E-03 .1870E-01 .1849E-01 .4375E-01 .2492E-02 .4624E-01 .4375E-01 .2167E-03 .7506E-02
.2325E+04 .6538E-01 .4669E-01 .2247E-03 .1996E-01 .1973E-01 .4669E-01 .2650E-02 .4934E-01 .4669E-01 .2247E-03 .8008E-02
.2330E+04 .6565E-01 .4766E-01 .2300E-03 .2037E-01 .2014E-01 .4766E-01 .2706E-02 .5036E-01 .4766E-01 .2300E-03 .8175E-02
.2335E+04 .6513E-01 .5129E-01 .2420E-03 .2192E-01 .2168E-01 .5129E-01 .2906E-02 .5420E-01 .5129E-01 .2420E-03 .8805E-02
.2340E+04 .6491E-01 .3281E-01 .1651E-03 .1403E-01 .1387E-01 .3281E-01 .1880E-02 .3469E-01 .3281E-01 .1651E-03 .5652E-02
.2345E+04 .6465E-01 .4256E-01 .2053E-03 .1819E-01 .1799E-01 .4256E-01 .2424E-02 .4499E-01 .4256E-01 .2053E-03 .7329E-02
.2350E+04 .6355E-01 .2997E-01 .1485E-03 .1282E-01 .1267E-01 .2997E-01 .1714E-02 .3169E-01 .2997E-01 .1485E-03 .5165E-02
.2355E+04 .6224E-01 .3775E-01 .1824E-03 .1614E-01 .1595E-01 .3775E-01 .2151E-02 .3990E-01 .3775E-01 .1824E-03 .6502E-02
.2360E+04 .6250E-01 .4087E-01 .1934E-03 .1747E-01 .1727E-01 .4087E-01 .2323E-02 .4320E-01 .4087E-01 .1934E-03 .7039E-02
.2365E+04 .6234E-01 .3749E-01 .1761E-03 .1602E-01 .1585E-01 .3749E-01 .2124E-02 .3962E-01 .3749E-01 .1761E-03 .6441E-02
.2370E+04 .6161E-01 .1717E-01 .9217E-04 .7350E-02 .7258E-02 .1717E-01 .9933E-03 .1817E-01 .1717E-01 .9217E-04 .2962E-02
.2375E+04 .6093E-01 .3238E-01 .1550E-03 .1384E-01 .1368E-01 .3238E-01 .1843E-02 .3422E-01 .3238E-01 .1550E-03 .5577E-02
.2380E+04 .6059E-01 .2804E-01 .1353E-03 .1199E-01 .1185E-01 .2804E-01 .1598E-02 .2964E-01 .2804E-01 .1353E-03 .4831E-02
.2385E+04 .5860E-01 .1839E-01 .9322E-04 .7865E-02 .7772E-02 .1839E-01 .1055E-02 .1944E-01 .1839E-01 .9322E-04 .3170E-02
.2390E+04 .5910E-01 .2356E-01 .1146E-03 .1007E-01 .9956E-02 .2356E-01 .1340E-02 .2490E-01 .2356E-01 .1146E-03 .4046E-02
.2395E+04 .5888E-01 .2770E-01 .1312E-03 .1184E-01 .1170E-01 .2770E-01 .1568E-02 .2926E-01 .2770E-01 .1312E-03 .4750E-02
.2400E+04 .5851E-01 .3038E-01 .1421E-03 .1298E-01 .1284E-01 .3038E-01 .1708E-02 .3209E-01 .3038E-01 .1421E-03 .5176E-02
.2405E+04 .5817E-01 .2107E-01 .1004E-03 .9004E-02 .8903E-02 .2107E-01 .1183E-02 .2225E-01 .2107E-01 .1004E-03 .3575E-02
.2410E+04 .5773E-01 .2003E-01 .9643E-04 .8560E-02 .8464E-02 .2003E-01 .1120E-02 .2115E-01 .2003E-01 .9643E-04 .3378E-02
.2415E+04 .5600E-01 .1326E-01 .6956E-04 .5672E-02 .5602E-02 .1326E-01 .7455E-03 .1400E-01 .1326E-01 .6956E-04 .2221E-02
.2420E+04 .5626E-01 .1387E-01 .7043E-04 .5932E-02 .5862E-02 .1387E-01 .7727E-03 .1464E-01 .1387E-01 .7043E-04 .2311E-02
.2425E+04 .5606E-01 .1946E-01 .9432E-04 .8317E-02 .8223E-02 .1946E-01 .1059E-02 .2052E-01 .1946E-01 .9432E-04 .3179E-02
.2430E+04 .5584E-01 .2824E-01 .1307E-03 .1207E-01 .1194E-01 .2824E-01 .1514E-02 .2976E-01 .2824E-01 .1307E-03 .4564E-02
.2435E+04 .5519E-01 .5261E-02 .3031E-04 .2254E-02 .2223E-02 .5261E-02 .2887E-03 .5550E-02 .5261E-02 .3031E-04 .8427E-03
.2440E+04 .5505E-01 .2603E-01 .1192E-03 .1112E-01 .1100E-01 .2603E-01 .1351E-02 .2738E-01 .2603E-01 .1192E-03 .4059E-02
.2445E+04 .5433E-01 .8812E-02 .4650E-04 .3771E-02 .3724E-02 .8812E-02 .4595E-03 .9272E-02 .8812E-02 .4650E-04 .1350E-02
.2450E+04 .5341E-01 .4440E-02 .2598E-04 .1902E-02 .1876E-02 .4440E-02 .2340E-03 .4674E-02 .4440E-02 .2598E-04 .6757E-03
.2455E+04 .5300E-01 .1144E-01 .5569E-04 .4889E-02 .4833E-02 .1144E-01 .5789E-03 .1202E-01 .1144E-01 .5569E-04 .1716E-02
.2460E+04 .5314E-01 .1704E-01 .8185E-04 .7283E-02 .7201E-02 .1704E-01 .8513E-03 .1789E-01 .1704E-01 .8185E-04 .2524E-02
.2465E+04 .5302E-01 .9156E-02 .4886E-04 .3918E-02 .3869E-02 .9156E-02 .4603E-03 .9616E-02 .9156E-02 .4886E-04 .1341E-02
.2470E+04 .5220E-01 .3623E-02 .2365E-04 .1555E-02 .1531E-02 .3623E-02 .1877E-03 .3811E-02 .3623E-02 .2365E-04 .5277E-03
.2475E+04 .5210E-01 .4199E-02 .2604E-04 .1801E-02 .1775E-02 .4199E-02 .2139E-03 .4413E-02 .4199E-02 .2604E-04 .6058E-03
.2480E+04 .5103E-01 .1242E-02 .8762E-05 .5335E-03 .5247E-03 .1242E-02 .6424E-04 .1306E-02 .1242E-02 .8762E-05 .1771E-03
.2485E+04 .5068E-01 .5685E-03 .5428E-05 .2457E-03 .2402E-03 .5685E-03 .3134E-04 .5998E-03 .5685E-03 .5428E-05 .8043E-04
.2490E+04 .5082E-01 .1641E-03 .2144E-05 .7150E-04 .6935E-04 .1641E-03 .9897E-05 .1740E-03 .1641E-03 .2144E-05 .2317E-04
.2495E+04 .5053E-01 .1847E-03 .2248E-05 .8032E-04 .7807E-04 .1847E-03 .1085E-04 .1956E-03 .1847E-03 .2248E-05 .2593E-04
.2500E+04 .5037E-01 .5653E-03 .5162E-05 .2441E-03 .2389E-03 .5653E-03 .3064E-04 .5960E-03 .5653E-03 .5162E-05 .7939E-04
