Wvlgth Extraterrestrial_spectrm Direct_normal_irradiance Difuse_horizn_irradiance Global_horizn_irradiance Direct_horizn_irradiance Direct_tilted_irradiance Difuse_tilted_irradiance Global_tilted_irradiance Beam_normal_+circumsolar Difuse_horiz-circumsolar Upward_reflctd_radiation
.2800E+03 .7851E-01 .3652E-29 .1101E-17 .1101E-17 .1826E-29 .3652E-29 .8346E-18 .8346E-18 .3652E-29 .1101E-17 .3661E-19
.2805E+03 .1024E+00 .2875E-27 .2275E-18 .2275E-18 .1438E-27 .2875E-27 .1725E-18 .1725E-18 .2875E-27 .2275E-18 .7590E-20
.2810E+03 .1717E+00 .2358E-26 .7698E-18 .7698E-18 .1179E-26 .2358E-26 .5838E-18 .5838E-18 .2358E-26 .7698E-18 .2576E-19
.2815E+03 .2412E+00 .1741E-24 .8841E-17 .8841E-17 .8707E-25 .1741E-24 .6705E-17 .6705E-17 .1741E-24 .8841E-17 .2967E-18
.2820E+03 .2918E+00 .2495E-23 .4394E-16 .4394E-16 .1248E-23 .2495E-23 .3333E-16 .3333E-16 .2495E-23 .4394E-16 .1479E-17
.2825E+03 .3144E+00 .1418E-22 .1248E-15 .1248E-15 .7089E-23 .1418E-22 .9467E-16 .9467E-16 .1418E-22 .1248E-15 .4214E-17
.2830E+03 .3431E+00 .9606E-22 .4024E-15 .4024E-15 .4803E-22 .9606E-22 .3052E-15 .3052E-15 .9606E-22 .4024E-15 .1363E-16
.2835E+03 .3225E+00 .2233E-21 .6433E-15 .6433E-15 .1116E-21 .2233E-21 .4879E-15 .4879E-15 .2233E-21 .6433E-15 .2185E-16
.2840E+03 .3213E+00 .1357E-19 .7897E-14 .7897E-14 .6784E-20 .1357E-19 .5990E-14 .5990E-14 .1357E-19 .7897E-14 .2690E-15
.2845E+03 .2516E+00 .7373E-19 .1741E-13 .1741E-13 .3687E-19 .7373E-19 .1321E-13 .1321E-13 .7373E-19 .1741E-13 .5950E-15
.2850E+03 .1186E+00 .2728E-18 .2611E-13 .2611E-13 .1364E-18 .2728E-18 .1981E-13 .1981E-13 .2728E-18 .2611E-13 .8949E-15
.2855E+03 .1378E+00 .3560E-17 .1241E-12 .1241E-12 .1780E-17 .3560E-17 .9415E-13 .9415E-13 .3560E-17 .1241E-12 .4265E-14
.2860E+03 .3008E+00 .2115E-16 .4840E-12 .4840E-12 .1057E-16 .2115E-16 .3672E-12 .3672E-12 .2115E-16 .4840E-12 .1668E-13
.2865E+03 .3583E+00 .1875E-15 .1912E-11 .1913E-11 .9375E-16 .1875E-15 .1451E-11 .1451E-11 .1875E-15 .1912E-11 .6611E-13
.2870E+03 .3780E+00 .8807E-15 .4945E-11 .4945E-11 .4403E-15 .8807E-15 .3752E-11 .3753E-11 .8807E-15 .4945E-11 .1714E-12
.2875E+03 .3784E+00 .6115E-14 .1104E-10 .1105E-10 .3058E-14 .6115E-14 .8380E-11 .8386E-11 .6115E-14 .1104E-10 .3841E-12
.2880E+03 .2506E+00 .4684E-13 .3085E-10 .3088E-10 .2342E-13 .4684E-13 .2341E-10 .2346E-10 .4684E-13 .3085E-10 .1077E-11
.2885E+03 .3590E+00 .2517E-12 .9637E-10 .9650E-10 .1258E-12 .2517E-12 .7313E-10 .7338E-10 .2517E-12 .9637E-10 .3375E-11
.2890E+03 .4204E+00 .1130E-11 .2512E-09 .2517E-09 .5651E-12 .1130E-11 .1906E-09 .1917E-09 .1130E-11 .2512E-09 .8829E-11
.2895E+03 .4914E+00 .5841E-11 .7194E-09 .7223E-09 .2921E-11 .5841E-11 .5459E-09 .5518E-09 .5841E-11 .7194E-09 .2541E-10
.2900E+03 .6181E+00 .2458E-10 .1874E-08 .1886E-08 .1229E-10 .2458E-10 .1422E-08 .1447E-08 .2458E-10 .1874E-08 .6655E-10
.2905E+03 .6463E+00 .7136E-10 .3620E-08 .3656E-08 .3568E-10 .7136E-10 .2748E-08 .2819E-08 .7136E-10 .3620E-08 .1294E-09
.2910E+03 .6101E+00 .2286E-09 .6604E-08 .6718E-08 .1143E-09 .2286E-09 .5013E-08 .5242E-08 .2286E-09 .6604E-08 .2387E-09
.2915E+03 .6024E+00 .1054E-08 .1908E-07 .1961E-07 .5271E-09 .1054E-08 .1449E-07 .1554E-07 .1054E-08 .1908E-07 .6993E-09
.2920E+03 .5732E+00 .3537E-08 .4358E-07 .4534E-07 .1768E-08 .3537E-08 .3309E-07 .3663E-07 .3537E-08 .4358E-07 .1623E-08
.2925E+03 .4968E+00 .6303E-08 .6167E-07 .6482E-07 .3152E-08 .6303E-08 .4684E-07 .5314E-07 .6303E-08 .6167E-07 .2330E-08
.2930E+03 .5676E+00 .1788E-07 .1319E-06 .1408E-06 .8939E-08 .1788E-07 .1002E-06 .1181E-06 .1788E-07 .1319E-06 .5082E-08
.2935E+03 .5764E+00 .6257E-07 .3180E-06 .3493E-06 .3129E-07 .6257E-07 .2417E-06 .3043E-06 .6257E-07 .3180E-06 .1268E-07
.2940E+03 .5042E+00 .1281E-06 .5004E-06 .5645E-06 .6403E-07 .1281E-06 .3805E-06 .5086E-06 .1281E-06 .5004E-06 .2059E-07
.2945E+03 .5438E+00 .2614E-06 .7320E-06 .8627E-06 .1307E-06 .2614E-06 .5570E-06 .8184E-06 .2614E-06 .7320E-06 .3168E-07
.2950E+03 .5163E+00 .5496E-06 .1286E-05 .1561E-05 .2748E-06 .5496E-06 .9789E-06 .1528E-05 .5496E-06 .1286E-05 .5760E-07
.2955E+03 .5825E+00 .1652E-05 .3180E-05 .4006E-05 .8259E-06 .1652E-05 .2422E-05 .4074E-05 .1652E-05 .3180E-05 .1487E-06
.2960E+03 .6214E+00 .3488E-05 .5907E-05 .7651E-05 .1744E-05 .3488E-05 .4503E-05 .7990E-05 .3488E-05 .5907E-05 .2854E-06
.2965E+03 .4929E+00 .5275E-05 .8000E-05 .1064E-04 .2637E-05 .5275E-05 .6101E-05 .1138E-04 .5275E-05 .8000E-05 .3987E-06
.2970E+03 .4244E+00 .7556E-05 .1057E-04 .1435E-04 .3778E-05 .7556E-05 .8065E-05 .1562E-04 .7556E-05 .1057E-04 .5402E-06
.2975E+03 .5980E+00 .2168E-04 .2770E-04 .3854E-04 .1084E-04 .2168E-04 .2114E-04 .4282E-04 .2168E-04 .2770E-04 .1457E-05
.2980E+03 .5581E+00 .3603E-04 .4350E-04 .6152E-04 .1802E-04 .3603E-04 .3322E-04 .6925E-04 .3603E-04 .4350E-04 .2335E-05
.2985E+03 .3790E+00 .3765E-04 .4404E-04 .6287E-04 .1883E-04 .3765E-04 .3364E-04 .7129E-04 .3765E-04 .4404E-04 .2395E-05
.2990E+03 .5771E+00 .8556E-04 .9845E-04 .1412E-03 .4278E-04 .8556E-04 .7520E-04 .1608E-03 .8556E-04 .9845E-04 .5395E-05
.2995E+03 .5217E+00 .1450E-03 .1703E-03 .2428E-03 .7252E-04 .1450E-03 .1301E-03 .2751E-03 .1450E-03 .1703E-03 .9296E-05
.3000E+03 .4169E+00 .1677E-03 .2041E-03 .2880E-03 .8383E-04 .1677E-03 .1559E-03 .3235E-03 .1677E-03 .2041E-03 .1105E-04
.3005E+03 .4394E+00 .2441E-03 .3142E-03 .4362E-03 .1220E-03 .2441E-03 .2399E-03 .4840E-03 .2441E-03 .3142E-03 .1698E-04
.3010E+03 .4942E+00 .4384E-03 .6346E-03 .8538E-03 .2192E-03 .4384E-03 .4845E-03 .9229E-03 .4384E-03 .6346E-03 .3368E-04
.3015E+03 .5298E+00 .6898E-03 .9104E-03 .1255E-02 .3449E-03 .6898E-03 .6955E-03 .1385E-02 .6898E-03 .9104E-03 .5036E-04
.3020E+03 .3745E+00 .5894E-03 .7397E-03 .1034E-02 .2947E-03 .5894E-03 .5655E-03 .1155E-02 .5894E-03 .7397E-03 .4217E-04
.3025E+03 .5441E+00 .1188E-02 .1379E-02 .1973E-02 .5939E-03 .1188E-02 .1054E-02 .2242E-02 .1188E-02 .1379E-02 .8071E-04
.3030E+03 .6771E+00 .2202E-02 .2476E-02 .3577E-02 .1101E-02 .2202E-02 .1894E-02 .4096E-02 .2202E-02 .2476E-02 .1467E-03
.3035E+03 .6891E+00 .2823E-02 .3144E-02 .4555E-02 .1411E-02 .2823E-02 .2405E-02 .5228E-02 .2823E-02 .3144E-02 .1873E-03
.3040E+03 .5775E+00 .2659E-02 .2932E-02 .4262E-02 .1329E-02 .2659E-02 .2244E-02 .4903E-02 .2659E-02 .2932E-02 .1756E-03
.3045E+03 .6485E+00 .3889E-02 .4281E-02 .6225E-02 .1944E-02 .3889E-02 .3276E-02 .7165E-02 .3889E-02 .4281E-02 .2567E-03
.3050E+03 .6733E+00 .5680E-02 .6312E-02 .9152E-02 .2840E-02 .5680E-02 .4830E-02 .1051E-01 .5680E-02 .6312E-02 .3775E-03
.3055E+03 .6128E+00 .6375E-02 .7124E-02 .1031E-01 .3188E-02 .6375E-02 .5451E-02 .1183E-01 .6375E-02 .7124E-02 .4255E-03
.3060E+03 .5426E+00 .6169E-02 .6862E-02 .9947E-02 .3084E-02 .6169E-02 .5251E-02 .1142E-01 .6169E-02 .6862E-02 .4108E-03
.3065E+03 .5861E+00 .7596E-02 .8464E-02 .1226E-01 .3798E-02 .7596E-02 .6477E-02 .1407E-01 .7596E-02 .8464E-02 .5074E-03
.3070E+03 .6446E+00 .1081E-01 .1230E-01 .1770E-01 .5403E-02 .1081E-01 .9411E-02 .2022E-01 .1081E-01 .1230E-01 .7337E-03
.3075E+03 .6519E+00 .1380E-01 .1762E-01 .2452E-01 .6900E-02 .1380E-01 .1347E-01 .2727E-01 .1380E-01 .1762E-01 .1016E-02
.3080E+03 .6567E+00 .1464E-01 .1832E-01 .2564E-01 .7322E-02 .1464E-01 .1401E-01 .2865E-01 .1464E-01 .1832E-01 .1065E-02
.3085E+03 .6806E+00 .1701E-01 .2061E-01 .2911E-01 .8506E-02 .1701E-01 .1576E-01 .3278E-01 .1701E-01 .2061E-01 .1211E-02
.3090E+03 .5623E+00 .1539E-01 .1816E-01 .2586E-01 .7696E-02 .1539E-01 .1389E-01 .2929E-01 .1539E-01 .1816E-01 .1076E-02
.3095E+03 .5136E+00 .1785E-01 .2010E-01 .2903E-01 .8923E-02 .1785E-01 .1538E-01 .3323E-01 .1785E-01 .2010E-01 .1210E-02
.3100E+03 .4651E+00 .1809E-01 .1989E-01 .2893E-01 .9044E-02 .1809E-01 .1522E-01 .3331E-01 .1809E-01 .1989E-01 .1208E-02
.3105E+03 .7149E+00 .2960E-01 .3198E-01 .4678E-01 .1480E-01 .2960E-01 .2448E-01 .5408E-01 .2960E-01 .3198E-01 .1956E-02
.3110E+03 .8241E+00 .3736E-01 .3960E-01 .5828E-01 .1868E-01 .3736E-01 .3032E-01 .6768E-01 .3736E-01 .3960E-01 .2441E-02
.3115E+03 .7648E+00 .3635E-01 .3796E-01 .5614E-01 .1818E-01 .3635E-01 .2907E-01 .6542E-01 .3635E-01 .3796E-01 .2355E-02
.3120E+03 .6421E+00 .3623E-01 .3705E-01 .5517E-01 .1811E-01 .3623E-01 .2838E-01 .6461E-01 .3623E-01 .3705E-01 .2319E-02
.3125E+03 .6970E+00 .4405E-01 .4441E-01 .6644E-01 .2202E-01 .4405E-01 .3402E-01 .7807E-01 .4405E-01 .4441E-01 .2799E-02
.3130E+03 .7115E+00 .4797E-01 .4779E-01 .7178E-01 .2398E-01 .4797E-01 .3662E-01 .8459E-01 .4797E-01 .4779E-01 .3031E-02
.3135E+03 .7257E+00 .4731E-01 .4659E-01 .7025E-01 .2365E-01 .4731E-01 .3570E-01 .8301E-01 .4731E-01 .4659E-01 .2973E-02
.3140E+03 .7936E+00 .5863E-01 .5713E-01 .8644E-01 .2931E-01 .5863E-01 .4378E-01 .1024E+00 .5863E-01 .5713E-01 .3666E-02
.3145E+03 .5931E+00 .5117E-01 .4964E-01 .7522E-01 .2559E-01 .5117E-01 .3804E-01 .8921E-01 .5117E-01 .4964E-01 .3195E-02
.3150E+03 .7541E+00 .6763E-01 .6498E-01 .9879E-01 .3381E-01 .6763E-01 .4980E-01 .1174E+00 .6763E-01 .6498E-01 .4203E-02
.3155E+03 .6804E+00 .5784E-01 .5468E-01 .8360E-01 .2892E-01 .5784E-01 .4191E-01 .9975E-01 .5784E-01 .5468E-01 .3562E-02
.3160E+03 .5183E+00 .4979E-01 .4695E-01 .7184E-01 .2490E-01 .4979E-01 .3599E-01 .8578E-01 .4979E-01 .4695E-01 .3066E-02
.3165E+03 .6632E+00 .7057E-01 .6654E-01 .1018E+00 .3528E-01 .7057E-01 .5102E-01 .1216E+00 .7057E-01 .6654E-01 .4404E-02
.3170E+03 .8229E+00 .8835E-01 .8241E-01 .1266E+00 .4417E-01 .8835E-01 .6322E-01 .1516E+00 .8835E-01 .8241E-01 .5551E-02
.3175E+03 .8804E+00 .9327E-01 .8579E-01 .1324E+00 .4664E-01 .9327E-01 .6584E-01 .1591E+00 .9327E-01 .8579E-01 .5886E-02
.3180E+03 .6346E+00 .7220E-01 .6625E-01 .1023E+00 .3610E-01 .7220E-01 .5086E-01 .1231E+00 .7220E-01 .6625E-01 .4609E-02
.3185E+03 .6824E+00 .8754E-01 .8112E-01 .1249E+00 .4377E-01 .8754E-01 .6229E-01 .1498E+00 .8754E-01 .8112E-01 .5707E-02
.3190E+03 .7535E+00 .1030E+00 .9558E-01 .1471E+00 .5148E-01 .1030E+00 .7342E-01 .1764E+00 .1030E+00 .9558E-01 .6818E-02
.3195E+03 .6833E+00 .8690E-01 .7833E-01 .1218E+00 .4345E-01 .8690E-01 .6021E-01 .1471E+00 .8690E-01 .7833E-01 .5731E-02
.3200E+03 .8369E+00 .1061E+00 .9441E-01 .1475E+00 .5306E-01 .1061E+00 .7260E-01 .1787E+00 .1061E+00 .9441E-01 .7041E-02
.3205E+03 .9082E+00 .1292E+00 .1165E+00 .1811E+00 .6459E-01 .1292E+00 .8960E-01 .2188E+00 .1292E+00 .1165E+00 .8749E-02
.3210E+03 .7156E+00 .1120E+00 .1027E+00 .1587E+00 .5602E-01 .1120E+00 .7900E-01 .1910E+00 .1120E+00 .1027E+00 .7757E-02
.3215E+03 .6753E+00 .1079E+00 .9820E-01 .1522E+00 .5396E-01 .1079E+00 .7557E-01 .1835E+00 .1079E+00 .9820E-01 .7526E-02
.3220E+03 .8151E+00 .1201E+00 .1052E+00 .1652E+00 .6007E-01 .1201E+00 .8098E-01 .2011E+00 .1201E+00 .1052E+00 .8277E-02
.3225E+03 .7018E+00 .1050E+00 .9104E-01 .1435E+00 .5248E-01 .1050E+00 .7014E-01 .1751E+00 .1050E+00 .9104E-01 .7286E-02
.3230E+03 .6403E+00 .1027E+00 .8983E-01 .1412E+00 .5137E-01 .1027E+00 .6923E-01 .1720E+00 .1027E+00 .8983E-01 .7262E-02
.3235E+03 .6833E+00 .1219E+00 .1088E+00 .1698E+00 .6096E-01 .1219E+00 .8386E-01 .2058E+00 .1219E+00 .1088E+00 .8840E-02
.3240E+03 .7817E+00 .1428E+00 .1265E+00 .1979E+00 .7141E-01 .1428E+00 .9755E-01 .2404E+00 .1428E+00 .1265E+00 .1044E-01
.3245E+03 .8269E+00 .1474E+00 .1285E+00 .2022E+00 .7370E-01 .1474E+00 .9916E-01 .2466E+00 .1474E+00 .1285E+00 .1079E-01
.3250E+03 .7845E+00 .1323E+00 .1116E+00 .1777E+00 .6614E-01 .1323E+00 .8615E-01 .2184E+00 .1323E+00 .1116E+00 .9593E-02
.3255E+03 .9417E+00 .1677E+00 .1430E+00 .2269E+00 .8384E-01 .1677E+00 .1104E+00 .2781E+00 .1677E+00 .1430E+00 .1237E-01
.3260E+03 .1053E+01 .2013E+00 .1717E+00 .2724E+00 .1007E+00 .2013E+00 .1326E+00 .3339E+00 .2013E+00 .1717E+00 .1501E-01
.3265E+03 .9975E+00 .2002E+00 .1708E+00 .2709E+00 .1001E+00 .2002E+00 .1320E+00 .3321E+00 .2002E+00 .1708E+00 .1511E-01
.3270E+03 .1010E+01 .2020E+00 .1700E+00 .2710E+00 .1010E+00 .2020E+00 .1314E+00 .3334E+00 .2020E+00 .1700E+00 .1529E-01
.3275E+03 .9966E+00 .1976E+00 .1640E+00 .2628E+00 .9881E-01 .1976E+00 .1268E+00 .3244E+00 .1976E+00 .1640E+00 .1500E-01
.3280E+03 .9535E+00 .1800E+00 .1464E+00 .2364E+00 .8999E-01 .1800E+00 .1133E+00 .2932E+00 .1800E+00 .1464E+00 .1365E-01
.3285E+03 .9138E+00 .1863E+00 .1520E+00 .2452E+00 .9317E-01 .1863E+00 .1177E+00 .3040E+00 .1863E+00 .1520E+00 .1431E-01
.3290E+03 .1025E+01 .2203E+00 .1808E+00 .2909E+00 .1102E+00 .2203E+00 .1400E+00 .3603E+00 .2203E+00 .1808E+00 .1715E-01
.3295E+03 .1140E+01 .2501E+00 .2044E+00 .3295E+00 .1250E+00 .2501E+00 .1584E+00 .4084E+00 .2501E+00 .2044E+00 .1963E-01
.3300E+03 .1163E+01 .2551E+00 .2057E+00 .3332E+00 .1276E+00 .2551E+00 .1594E+00 .4145E+00 .2551E+00 .2057E+00 .2006E-01
.3305E+03 .9731E+00 .2084E+00 .1644E+00 .2686E+00 .1042E+00 .2084E+00 .1275E+00 .3358E+00 .2084E+00 .1644E+00 .1634E-01
.3310E+03 .1006E+01 .2145E+00 .1670E+00 .2743E+00 .1073E+00 .2145E+00 .1296E+00 .3441E+00 .2145E+00 .1670E+00 .1686E-01
.3315E+03 .9821E+00 .2170E+00 .1687E+00 .2772E+00 .1085E+00 .2170E+00 .1309E+00 .3479E+00 .2170E+00 .1687E+00 .1721E-01
.3320E+03 .1007E+01 .2321E+00 .1814E+00 .2975E+00 .1161E+00 .2321E+00 .1408E+00 .3729E+00 .2321E+00 .1814E+00 .1865E-01
.3325E+03 .9727E+00 .2292E+00 .1789E+00 .2935E+00 .1146E+00 .2292E+00 .1389E+00 .3681E+00 .2292E+00 .1789E+00 .1859E-01
.3330E+03 .9796E+00 .2309E+00 .1778E+00 .2932E+00 .1154E+00 .2309E+00 .1381E+00 .3690E+00 .2309E+00 .1778E+00 .1876E-01
.3335E+03 .9170E+00 .2127E+00 .1604E+00 .2668E+00 .1063E+00 .2127E+00 .1248E+00 .3374E+00 .2127E+00 .1604E+00 .1725E-01
.3340E+03 .9423E+00 .2194E+00 .1637E+00 .2733E+00 .1097E+00 .2194E+00 .1273E+00 .3467E+00 .2194E+00 .1637E+00 .1786E-01
.3345E+03 .1041E+01 .2511E+00 .1880E+00 .3135E+00 .1255E+00 .2511E+00 .1463E+00 .3974E+00 .2511E+00 .1880E+00 .2067E-01
.3350E+03 .9543E+00 .2353E+00 .1761E+00 .2937E+00 .1176E+00 .2353E+00 .1371E+00 .3724E+00 .2353E+00 .1761E+00 .1955E-01
.3355E+03 .1073E+01 .2684E+00 .2071E+00 .3413E+00 .1342E+00 .2684E+00 .1612E+00 .4296E+00 .2684E+00 .2071E+00 .2290E-01
.3360E+03 .7401E+00 .1867E+00 .1428E+00 .2361E+00 .9334E-01 .1867E+00 .1112E+00 .2979E+00 .1867E+00 .1428E+00 .1599E-01
.3365E+03 .9055E+00 .2273E+00 .1649E+00 .2785E+00 .1136E+00 .2273E+00 .1286E+00 .3558E+00 .2273E+00 .1649E+00 .1905E-01
.3370E+03 .7531E+00 .1886E+00 .1348E+00 .2291E+00 .9429E-01 .1886E+00 .1052E+00 .2937E+00 .1886E+00 .1348E+00 .1581E-01
.3375E+03 .9398E+00 .2362E+00 .1670E+00 .2851E+00 .1181E+00 .2362E+00 .1304E+00 .3666E+00 .2362E+00 .1670E+00 .1985E-01
.3380E+03 .8870E+00 .2291E+00 .1624E+00 .2770E+00 .1145E+00 .2291E+00 .1268E+00 .3559E+00 .2291E+00 .1624E+00 .1944E-01
.3385E+03 .9911E+00 .2595E+00 .1880E+00 .3178E+00 .1297E+00 .2595E+00 .1468E+00 .4063E+00 .2595E+00 .1880E+00 .2251E-01
.3390E+03 .9814E+00 .2596E+00 .1848E+00 .3146E+00 .1298E+00 .2596E+00 .1444E+00 .4040E+00 .2596E+00 .1848E+00 .2250E-01
.3395E+03 .9386E+00 .2500E+00 .1777E+00 .3027E+00 .1250E+00 .2500E+00 .1388E+00 .3888E+00 .2500E+00 .1777E+00 .2185E-01
.3400E+03 .1134E+01 .3016E+00 .2068E+00 .3576E+00 .1508E+00 .3016E+00 .1618E+00 .4634E+00 .3016E+00 .2068E+00 .2608E-01
.3405E+03 .1017E+01 .2729E+00 .1963E+00 .3327E+00 .1364E+00 .2729E+00 .1535E+00 .4264E+00 .2729E+00 .1963E+00 .2444E-01
.3410E+03 .9646E+00 .2630E+00 .1812E+00 .3128E+00 .1315E+00 .2630E+00 .1419E+00 .4049E+00 .2630E+00 .1812E+00 .2319E-01
.3415E+03 .8886E+00 .2449E+00 .1649E+00 .2874E+00 .1224E+00 .2449E+00 .1292E+00 .3741E+00 .2449E+00 .1649E+00 .2149E-01
.3420E+03 .1061E+01 .2945E+00 .1961E+00 .3434E+00 .1473E+00 .2945E+00 .1537E+00 .4483E+00 .2945E+00 .1961E+00 .2590E-01
.3425E+03 .9910E+00 .2776E+00 .1827E+00 .3215E+00 .1388E+00 .2776E+00 .1433E+00 .4209E+00 .2776E+00 .1827E+00 .2445E-01
.3430E+03 .1085E+01 .3054E+00 .2009E+00 .3535E+00 .1527E+00 .3054E+00 .1576E+00 .4630E+00 .3054E+00 .2009E+00 .2711E-01
.3435E+03 .1018E+01 .2878E+00 .1888E+00 .3327E+00 .1439E+00 .2878E+00 .1482E+00 .4360E+00 .2878E+00 .1888E+00 .2572E-01
.3440E+03 .7669E+00 .2162E+00 .1460E+00 .2541E+00 .1081E+00 .2162E+00 .1146E+00 .3308E+00 .2162E+00 .1460E+00 .1978E-01
.3445E+03 .7520E+00 .2150E+00 .1406E+00 .2481E+00 .1075E+00 .2150E+00 .1104E+00 .3254E+00 .2150E+00 .1406E+00 .1948E-01
.3450E+03 .9988E+00 .2893E+00 .1841E+00 .3287E+00 .1446E+00 .2893E+00 .1448E+00 .4340E+00 .2893E+00 .1841E+00 .2603E-01
.3455E+03 .1019E+01 .2977E+00 .1869E+00 .3357E+00 .1489E+00 .2977E+00 .1471E+00 .4448E+00 .2977E+00 .1869E+00 .2680E-01
.3460E+03 .8646E+00 .2547E+00 .1580E+00 .2854E+00 .1273E+00 .2547E+00 .1244E+00 .3791E+00 .2547E+00 .1580E+00 .2297E-01
.3465E+03 .9772E+00 .2900E+00 .1781E+00 .3232E+00 .1450E+00 .2900E+00 .1403E+00 .4304E+00 .2900E+00 .1781E+00 .2622E-01
.3470E+03 .1045E+01 .3117E+00 .1909E+00 .3467E+00 .1558E+00 .3117E+00 .1505E+00 .4621E+00 .3117E+00 .1909E+00 .2836E-01
.3475E+03 .8420E+00 .2528E+00 .1539E+00 .2803E+00 .1264E+00 .2528E+00 .1214E+00 .3741E+00 .2528E+00 .1539E+00 .2311E-01
.3480E+03 .9603E+00 .2907E+00 .1744E+00 .3197E+00 .1453E+00 .2907E+00 .1376E+00 .4283E+00 .2907E+00 .1744E+00 .2657E-01
.3485E+03 .9597E+00 .2923E+00 .1734E+00 .3196E+00 .1462E+00 .2923E+00 .1370E+00 .4293E+00 .2923E+00 .1734E+00 .2678E-01
.3490E+03 .8882E+00 .2726E+00 .1603E+00 .2965E+00 .1363E+00 .2726E+00 .1266E+00 .3992E+00 .2726E+00 .1603E+00 .2504E-01
.3495E+03 .8766E+00 .2709E+00 .1582E+00 .2936E+00 .1355E+00 .2709E+00 .1250E+00 .3960E+00 .2709E+00 .1582E+00 .2499E-01
.3500E+03 .1082E+01 .3366E+00 .1948E+00 .3631E+00 .1683E+00 .3366E+00 .1541E+00 .4907E+00 .3366E+00 .1948E+00 .3114E-01
.3505E+03 .1139E+01 .3564E+00 .2047E+00 .3829E+00 .1782E+00 .3564E+00 .1620E+00 .5184E+00 .3564E+00 .2047E+00 .3307E-01
.3510E+03 .1015E+01 .3191E+00 .1823E+00 .3419E+00 .1595E+00 .3191E+00 .1444E+00 .4635E+00 .3191E+00 .1823E+00 .2973E-01
.3515E+03 .9814E+00 .3098E+00 .1772E+00 .3321E+00 .1549E+00 .3098E+00 .1404E+00 .4502E+00 .3098E+00 .1772E+00 .2908E-01
.3520E+03 .1054E+01 .3353E+00 .1893E+00 .3569E+00 .1677E+00 .3353E+00 .1500E+00 .4854E+00 .3353E+00 .1893E+00 .3147E-01
.3525E+03 .8215E+00 .2633E+00 .1469E+00 .2786E+00 .1316E+00 .2633E+00 .1166E+00 .3798E+00 .2633E+00 .1469E+00 .2475E-01
.3530E+03 .1033E+01 .3333E+00 .1842E+00 .3508E+00 .1666E+00 .3333E+00 .1462E+00 .4795E+00 .3333E+00 .1842E+00 .3140E-01
.3535E+03 .1103E+01 .3577E+00 .1960E+00 .3748E+00 .1788E+00 .3577E+00 .1557E+00 .5134E+00 .3577E+00 .1960E+00 .3380E-01
.3540E+03 .1144E+01 .3725E+00 .2025E+00 .3888E+00 .1863E+00 .3725E+00 .1610E+00 .5335E+00 .3725E+00 .2025E+00 .3532E-01
.3545E+03 .1159E+01 .3795E+00 .2048E+00 .3945E+00 .1897E+00 .3795E+00 .1629E+00 .5424E+00 .3795E+00 .2048E+00 .3609E-01
.3550E+03 .1153E+01 .3798E+00 .2036E+00 .3935E+00 .1899E+00 .3798E+00 .1620E+00 .5418E+00 .3798E+00 .2036E+00 .3624E-01
.3555E+03 .1039E+01 .3448E+00 .1833E+00 .3558E+00 .1724E+00 .3448E+00 .1460E+00 .4908E+00 .3448E+00 .1833E+00 .3299E-01
.3560E+03 .1085E+01 .3626E+00 .1912E+00 .3725E+00 .1813E+00 .3626E+00 .1524E+00 .5150E+00 .3626E+00 .1912E+00 .3478E-01
.3565E+03 .9252E+00 .3108E+00 .1628E+00 .3182E+00 .1554E+00 .3108E+00 .1298E+00 .4406E+00 .3108E+00 .1628E+00 .2991E-01
.3570E+03 .7640E+00 .2578E+00 .1340E+00 .2629E+00 .1289E+00 .2578E+00 .1069E+00 .3647E+00 .2578E+00 .1340E+00 .2489E-01
.3575E+03 .9344E+00 .3169E+00 .1635E+00 .3220E+00 .1584E+00 .3169E+00 .1306E+00 .4474E+00 .3169E+00 .1635E+00 .3068E-01
.3580E+03 .7396E+00 .2522E+00 .1292E+00 .2553E+00 .1261E+00 .2522E+00 .1032E+00 .3554E+00 .2522E+00 .1292E+00 .2448E-01
.3585E+03 .6313E+00 .2164E+00 .1100E+00 .2182E+00 .1082E+00 .2164E+00 .8796E-01 .3043E+00 .2164E+00 .1100E+00 .2107E-01
.3590E+03 .8821E+00 .3038E+00 .1535E+00 .3054E+00 .1519E+00 .3038E+00 .1227E+00 .4265E+00 .3038E+00 .1535E+00 .2968E-01
.3595E+03 .1123E+01 .3884E+00 .1950E+00 .3892E+00 .1942E+00 .3884E+00 .1561E+00 .5445E+00 .3884E+00 .1950E+00 .3807E-01
.3600E+03 .1189E+01 .4133E+00 .2060E+00 .4127E+00 .2067E+00 .4133E+00 .1650E+00 .5783E+00 .4133E+00 .2060E+00 .4063E-01
.3605E+03 .9490E+00 .3317E+00 .1641E+00 .3299E+00 .1658E+00 .3317E+00 .1315E+00 .4631E+00 .3317E+00 .1641E+00 .3270E-01
.3610E+03 .8633E+00 .3034E+00 .1490E+00 .3007E+00 .1517E+00 .3034E+00 .1195E+00 .4229E+00 .3034E+00 .1490E+00 .3001E-01
.3615E+03 .9904E+00 .3505E+00 .1708E+00 .3461E+00 .1753E+00 .3505E+00 .1371E+00 .4876E+00 .3505E+00 .1708E+00 .3477E-01
.3620E+03 .8532E+00 .3041E+00 .1471E+00 .2992E+00 .1520E+00 .3041E+00 .1181E+00 .4222E+00 .3041E+00 .1471E+00 .3025E-01
.3625E+03 .1177E+01 .4222E+00 .2028E+00 .4139E+00 .2111E+00 .4222E+00 .1630E+00 .5851E+00 .4222E+00 .2028E+00 .4211E-01
.3630E+03 .1054E+01 .3803E+00 .1814E+00 .3716E+00 .1902E+00 .3803E+00 .1459E+00 .5262E+00 .3803E+00 .1814E+00 .3805E-01
.3635E+03 .9678E+00 .3514E+00 .1665E+00 .3422E+00 .1757E+00 .3514E+00 .1339E+00 .4854E+00 .3514E+00 .1665E+00 .3525E-01
.3640E+03 .1181E+01 .4312E+00 .2028E+00 .4184E+00 .2156E+00 .4312E+00 .1633E+00 .5945E+00 .4312E+00 .2028E+00 .4337E-01
.3645E+03 .1008E+01 .3697E+00 .1727E+00 .3576E+00 .1848E+00 .3697E+00 .1392E+00 .5088E+00 .3697E+00 .1727E+00 .3729E-01
.3650E+03 .1025E+01 .3777E+00 .1753E+00 .3641E+00 .1888E+00 .3777E+00 .1413E+00 .5190E+00 .3777E+00 .1753E+00 .3821E-01
.3655E+03 .1284E+01 .4755E+00 .2192E+00 .4570E+00 .2378E+00 .4755E+00 .1769E+00 .6524E+00 .4755E+00 .2192E+00 .4824E-01
.3660E+03 .1357E+01 .5055E+00 .2314E+00 .4842E+00 .2528E+00 .5055E+00 .1868E+00 .6924E+00 .5055E+00 .2314E+00 .5143E-01
.3665E+03 .1272E+01 .4764E+00 .2166E+00 .4549E+00 .2382E+00 .4764E+00 .1750E+00 .6515E+00 .4764E+00 .2166E+00 .4861E-01
.3670E+03 .1237E+01 .4653E+00 .2102E+00 .4428E+00 .2327E+00 .4653E+00 .1699E+00 .6352E+00 .4653E+00 .2102E+00 .4762E-01
.3675E+03 .1282E+01 .4841E+00 .2172E+00 .4593E+00 .2421E+00 .4841E+00 .1758E+00 .6599E+00 .4841E+00 .2172E+00 .4970E-01
.3680E+03 .1120E+01 .4248E+00 .1894E+00 .4018E+00 .2124E+00 .4248E+00 .1533E+00 .5781E+00 .4248E+00 .1894E+00 .4374E-01
.3685E+03 .1128E+01 .4301E+00 .1905E+00 .4056E+00 .2151E+00 .4301E+00 .1543E+00 .5845E+00 .4301E+00 .1905E+00 .4442E-01
.3690E+03 .1216E+01 .4662E+00 .2051E+00 .4382E+00 .2331E+00 .4662E+00 .1663E+00 .6324E+00 .4662E+00 .2051E+00 .4826E-01
.3695E+03 .1294E+01 .4987E+00 .2179E+00 .4673E+00 .2494E+00 .4987E+00 .1768E+00 .6755E+00 .4987E+00 .2179E+00 .5177E-01
.3700E+03 .1377E+01 .5336E+00 .2317E+00 .4985E+00 .2668E+00 .5336E+00 .1881E+00 .7217E+00 .5336E+00 .2317E+00 .5554E-01
.3705E+03 .1067E+01 .4155E+00 .1792E+00 .3870E+00 .2078E+00 .4155E+00 .1456E+00 .5611E+00 .4155E+00 .1792E+00 .4337E-01
.3710E+03 .1138E+01 .4455E+00 .1909E+00 .4136E+00 .2227E+00 .4455E+00 .1552E+00 .6006E+00 .4455E+00 .1909E+00 .4661E-01
.3715E+03 .1422E+01 .5590E+00 .2380E+00 .5175E+00 .2795E+00 .5590E+00 .1936E+00 .7526E+00 .5590E+00 .2380E+00 .5865E-01
.3720E+03 .9428E+00 .3721E+00 .1574E+00 .3435E+00 .1860E+00 .3721E+00 .1282E+00 .5003E+00 .3721E+00 .1574E+00 .3915E-01
.3725E+03 .1129E+01 .4475E+00 .1881E+00 .4119E+00 .2238E+00 .4475E+00 .1533E+00 .6008E+00 .4475E+00 .1881E+00 .4722E-01
.3730E+03 .1146E+01 .4567E+00 .1907E+00 .4190E+00 .2283E+00 .4567E+00 .1555E+00 .6122E+00 .4567E+00 .1907E+00 .4833E-01
.3735E+03 .7441E+00 .2980E+00 .1237E+00 .2727E+00 .1490E+00 .2980E+00 .1009E+00 .3990E+00 .2980E+00 .1237E+00 .3163E-01
.3740E+03 .1080E+01 .4343E+00 .1791E+00 .3963E+00 .2172E+00 .4343E+00 .1463E+00 .5806E+00 .4343E+00 .1791E+00 .4623E-01
.3745E+03 .8925E+00 .3608E+00 .1478E+00 .3282E+00 .1804E+00 .3608E+00 .1208E+00 .4816E+00 .3608E+00 .1478E+00 .3850E-01
.3750E+03 .8666E+00 .3517E+00 .1432E+00 .3191E+00 .1759E+00 .3517E+00 .1171E+00 .4689E+00 .3517E+00 .1432E+00 .3764E-01
.3755E+03 .1293E+01 .5266E+00 .2131E+00 .4764E+00 .2633E+00 .5266E+00 .1744E+00 .7011E+00 .5266E+00 .2131E+00 .5650E-01
.3760E+03 .1071E+01 .4378E+00 .1761E+00 .3950E+00 .2189E+00 .4378E+00 .1442E+00 .5820E+00 .4378E+00 .1761E+00 .4709E-01
.3765E+03 .1109E+01 .4550E+00 .1819E+00 .4094E+00 .2275E+00 .4550E+00 .1491E+00 .6041E+00 .4550E+00 .1819E+00 .4907E-01
.3770E+03 .1172E+01 .4832E+00 .1920E+00 .4336E+00 .2416E+00 .4832E+00 .1575E+00 .6407E+00 .4832E+00 .1920E+00 .5225E-01
.3775E+03 .1369E+01 .5671E+00 .2239E+00 .5074E+00 .2836E+00 .5671E+00 .1838E+00 .7509E+00 .5671E+00 .2239E+00 .6147E-01
.3780E+03 .1483E+01 .6166E+00 .2419E+00 .5502E+00 .3083E+00 .6166E+00 .1988E+00 .8153E+00 .6166E+00 .2419E+00 .6701E-01
.3785E+03 .1401E+01 .5846E+00 .2279E+00 .5202E+00 .2923E+00 .5846E+00 .1873E+00 .7719E+00 .5846E+00 .2279E+00 .6341E-01
.3790E+03 .1156E+01 .4839E+00 .1874E+00 .4294E+00 .2419E+00 .4839E+00 .1541E+00 .6380E+00 .4839E+00 .1874E+00 .5239E-01
.3795E+03 .1056E+01 .4432E+00 .1706E+00 .3922E+00 .2216E+00 .4432E+00 .1403E+00 .5836E+00 .4432E+00 .1706E+00 .4790E-01
.3800E+03 .1097E+01 .4621E+00 .1768E+00 .4078E+00 .2311E+00 .4621E+00 .1454E+00 .6076E+00 .4621E+00 .1768E+00 .4984E-01
.3805E+03 .1326E+01 .5613E+00 .2133E+00 .4940E+00 .2806E+00 .5613E+00 .1756E+00 .7369E+00 .5613E+00 .2133E+00 .6042E-01
.3810E+03 .1326E+01 .5640E+00 .2130E+00 .4950E+00 .2820E+00 .5640E+00 .1754E+00 .7394E+00 .5640E+00 .2130E+00 .6057E-01
.3815E+03 .1049E+01 .4482E+00 .1682E+00 .3923E+00 .2241E+00 .4482E+00 .1385E+00 .5868E+00 .4482E+00 .1682E+00 .4803E-01
.3820E+03 .9294E+00 .3991E+00 .1488E+00 .3483E+00 .1995E+00 .3991E+00 .1226E+00 .5217E+00 .3991E+00 .1488E+00 .4267E-01
.3825E+03 .7904E+00 .3411E+00 .1263E+00 .2969E+00 .1705E+00 .3411E+00 .1041E+00 .4452E+00 .3411E+00 .1263E+00 .3638E-01
.3830E+03 .7305E+00 .3166E+00 .1165E+00 .2748E+00 .1583E+00 .3166E+00 .9607E-01 .4126E+00 .3166E+00 .1165E+00 .3369E-01
.3835E+03 .7025E+00 .3056E+00 .1118E+00 .2646E+00 .1528E+00 .3056E+00 .9227E-01 .3979E+00 .3056E+00 .1118E+00 .3259E-01
.3840E+03 .7739E+00 .3380E+00 .1229E+00 .2919E+00 .1690E+00 .3380E+00 .1015E+00 .4395E+00 .3380E+00 .1229E+00 .3610E-01
.3845E+03 .1137E+01 .4984E+00 .1802E+00 .4294E+00 .2492E+00 .4984E+00 .1489E+00 .6473E+00 .4984E+00 .1802E+00 .5333E-01
.3850E+03 .1126E+01 .4955E+00 .1781E+00 .4259E+00 .2478E+00 .4955E+00 .1473E+00 .6428E+00 .4955E+00 .1781E+00 .5312E-01
.3855E+03 .1047E+01 .4628E+00 .1653E+00 .3967E+00 .2314E+00 .4628E+00 .1368E+00 .5996E+00 .4628E+00 .1653E+00 .4968E-01
.3860E+03 .8952E+00 .3975E+00 .1411E+00 .3399E+00 .1987E+00 .3975E+00 .1169E+00 .5143E+00 .3975E+00 .1411E+00 .4267E-01
.3865E+03 .1174E+01 .5236E+00 .1848E+00 .4466E+00 .2618E+00 .5236E+00 .1531E+00 .6766E+00 .5236E+00 .1848E+00 .5619E-01
.3870E+03 .9746E+00 .4362E+00 .1530E+00 .3711E+00 .2181E+00 .4362E+00 .1269E+00 .5630E+00 .4362E+00 .1530E+00 .4681E-01
.3875E+03 .1094E+01 .4912E+00 .1713E+00 .4169E+00 .2456E+00 .4912E+00 .1421E+00 .6333E+00 .4912E+00 .1713E+00 .5271E-01
.3880E+03 .1009E+01 .4547E+00 .1577E+00 .3850E+00 .2274E+00 .4547E+00 .1308E+00 .5855E+00 .4547E+00 .1577E+00 .4877E-01
.3885E+03 .9956E+00 .4507E+00 .1553E+00 .3807E+00 .2253E+00 .4507E+00 .1290E+00 .5796E+00 .4507E+00 .1553E+00 .4834E-01
.3890E+03 .1074E+01 .4877E+00 .1671E+00 .4109E+00 .2438E+00 .4877E+00 .1388E+00 .6265E+00 .4877E+00 .1671E+00 .5231E-01
.3895E+03 .1299E+01 .5921E+00 .2017E+00 .4978E+00 .2961E+00 .5921E+00 .1677E+00 .7598E+00 .5921E+00 .2017E+00 .6351E-01
.3900E+03 .1302E+01 .5958E+00 .2018E+00 .4996E+00 .2979E+00 .5958E+00 .1678E+00 .7635E+00 .5958E+00 .2018E+00 .6389E-01
.3905E+03 .1197E+01 .5496E+00 .1850E+00 .4599E+00 .2748E+00 .5496E+00 .1540E+00 .7036E+00 .5496E+00 .1850E+00 .5894E-01
.3910E+03 .1407E+01 .6486E+00 .2171E+00 .5414E+00 .3243E+00 .6486E+00 .1807E+00 .8293E+00 .6486E+00 .2171E+00 .6952E-01
.3915E+03 .1434E+01 .6631E+00 .2207E+00 .5522E+00 .3316E+00 .6631E+00 .1838E+00 .8469E+00 .6631E+00 .2207E+00 .7105E-01
.3920E+03 .1207E+01 .5599E+00 .1852E+00 .4652E+00 .2799E+00 .5599E+00 .1544E+00 .7142E+00 .5599E+00 .1852E+00 .5996E-01
.3925E+03 .1079E+01 .5025E+00 .1653E+00 .4165E+00 .2512E+00 .5025E+00 .1378E+00 .6403E+00 .5025E+00 .1653E+00 .5379E-01
.3930E+03 .5993E+00 .2803E+00 .9166E-01 .2318E+00 .1401E+00 .2803E+00 .7648E-01 .3568E+00 .2803E+00 .9166E-01 .3001E-01
.3935E+03 .4350E+00 .2042E+00 .6641E-01 .1685E+00 .1021E+00 .2042E+00 .5545E-01 .2597E+00 .2042E+00 .6641E-01 .2191E-01
.3940E+03 .8843E+00 .4165E+00 .1347E+00 .3429E+00 .2082E+00 .4165E+00 .1126E+00 .5291E+00 .4165E+00 .1347E+00 .4479E-01
.3945E+03 .1123E+01 .5307E+00 .1707E+00 .4361E+00 .2654E+00 .5307E+00 .1428E+00 .6735E+00 .5307E+00 .1707E+00 .5719E-01
.3950E+03 .1369E+01 .6490E+00 .2076E+00 .5321E+00 .3245E+00 .6490E+00 .1738E+00 .8228E+00 .6490E+00 .2076E+00 .7008E-01
.3955E+03 .1390E+01 .6607E+00 .2102E+00 .5405E+00 .3303E+00 .6607E+00 .1761E+00 .8367E+00 .6607E+00 .2102E+00 .7144E-01
.3960E+03 .1204E+01 .5742E+00 .1816E+00 .4687E+00 .2871E+00 .5742E+00 .1522E+00 .7264E+00 .5742E+00 .1816E+00 .6208E-01
.3965E+03 .7024E+00 .3364E+00 .1058E+00 .2741E+00 .1682E+00 .3364E+00 .8875E-01 .4252E+00 .3364E+00 .1058E+00 .3638E-01
.3970E+03 .5264E+00 .2531E+00 .7916E-01 .2057E+00 .1265E+00 .2531E+00 .6642E-01 .3195E+00 .2531E+00 .7916E-01 .2737E-01
.3975E+03 .1070E+01 .5158E+00 .1604E+00 .4184E+00 .2579E+00 .5158E+00 .1347E+00 .6505E+00 .5158E+00 .1604E+00 .5578E-01
.3980E+03 .1498E+01 .7238E+00 .2239E+00 .5858E+00 .3619E+00 .7238E+00 .1881E+00 .9120E+00 .7238E+00 .2239E+00 .7835E-01
.3985E+03 .1547E+01 .7497E+00 .2307E+00 .6056E+00 .3749E+00 .7497E+00 .1940E+00 .9437E+00 .7497E+00 .2307E+00 .8131E-01
.3990E+03 .1671E+01 .8137E+00 .2490E+00 .6559E+00 .4069E+00 .8137E+00 .2095E+00 .1023E+01 .8137E+00 .2490E+00 .8842E-01
.3995E+03 .1664E+01 .8128E+00 .2474E+00 .6538E+00 .4064E+00 .8128E+00 .2083E+00 .1021E+01 .8128E+00 .2474E+00 .8848E-01
.4000E+03 .1728E+01 .8457E+00 .2561E+00 .6789E+00 .4228E+00 .8457E+00 .2158E+00 .1061E+01 .8457E+00 .2561E+00 .9225E-01
.4010E+03 .1770E+01 .8720E+00 .2589E+00 .6949E+00 .4360E+00 .8720E+00 .2186E+00 .1091E+01 .8720E+00 .2589E+00 .9489E-01
.4020E+03 .1862E+01 .9239E+00 .2714E+00 .7333E+00 .4620E+00 .9239E+00 .2294E+00 .1153E+01 .9239E+00 .2714E+00 .1005E+00
.4030E+03 .1764E+01 .8813E+00 .2561E+00 .6968E+00 .4406E+00 .8813E+00 .2168E+00 .1098E+01 .8813E+00 .2561E+00 .9601E-01
.4040E+03 .1734E+01 .8710E+00 .2506E+00 .6861E+00 .4355E+00 .8710E+00 .2125E+00 .1083E+01 .8710E+00 .2506E+00 .9527E-01
.4050E+03 .1731E+01 .8740E+00 .2490E+00 .6860E+00 .4370E+00 .8740E+00 .2115E+00 .1086E+01 .8740E+00 .2490E+00 .9600E-01
.4060E+03 .1698E+01 .8633E+00 .2434E+00 .6751E+00 .4317E+00 .8633E+00 .2070E+00 .1070E+01 .8633E+00 .2434E+00 .9491E-01
.4070E+03 .1666E+01 .8528E+00 .2380E+00 .6644E+00 .4264E+00 .8528E+00 .2026E+00 .1055E+01 .8528E+00 .2380E+00 .9380E-01
.4080E+03 .1730E+01 .8891E+00 .2457E+00 .6902E+00 .4446E+00 .8891E+00 .2095E+00 .1099E+01 .8891E+00 .2457E+00 .9810E-01
.4090E+03 .1848E+01 .9551E+00 .2614E+00 .7390E+00 .4776E+00 .9551E+00 .2234E+00 .1179E+01 .9551E+00 .2614E+00 .1062E+00
.4100E+03 .1611E+01 .8374E+00 .2270E+00 .6457E+00 .4187E+00 .8374E+00 .1944E+00 .1032E+01 .8374E+00 .2270E+00 .9385E-01
.4110E+03 .1741E+01 .9102E+00 .2444E+00 .6995E+00 .4551E+00 .9102E+00 .2097E+00 .1120E+01 .9102E+00 .2444E+00 .1024E+00
.4120E+03 .1864E+01 .9809E+00 .2609E+00 .7513E+00 .4905E+00 .9809E+00 .2242E+00 .1205E+01 .9809E+00 .2609E+00 .1108E+00
.4130E+03 .1817E+01 .9596E+00 .2529E+00 .7327E+00 .4798E+00 .9596E+00 .2177E+00 .1177E+01 .9596E+00 .2529E+00 .1089E+00
.4140E+03 .1835E+01 .9750E+00 .2545E+00 .7420E+00 .4875E+00 .9750E+00 .2194E+00 .1194E+01 .9750E+00 .2545E+00 .1111E+00
.4150E+03 .1835E+01 .9807E+00 .2535E+00 .7438E+00 .4903E+00 .9807E+00 .2190E+00 .1200E+01 .9807E+00 .2535E+00 .1121E+00
.4160E+03 .1862E+01 .1001E+01 .2563E+00 .7570E+00 .5007E+00 .1001E+01 .2217E+00 .1223E+01 .1001E+01 .2563E+00 .1146E+00
.4170E+03 .1814E+01 .9801E+00 .2484E+00 .7385E+00 .4900E+00 .9801E+00 .2152E+00 .1195E+01 .9801E+00 .2484E+00 .1122E+00
.4180E+03 .1778E+01 .9652E+00 .2424E+00 .7250E+00 .4826E+00 .9652E+00 .2102E+00 .1175E+01 .9652E+00 .2424E+00 .1106E+00
.4190E+03 .1798E+01 .9809E+00 .2440E+00 .7345E+00 .4905E+00 .9809E+00 .2119E+00 .1193E+01 .9809E+00 .2440E+00 .1125E+00
.4200E+03 .1788E+01 .9798E+00 .2414E+00 .7313E+00 .4899E+00 .9798E+00 .2100E+00 .1190E+01 .9798E+00 .2414E+00 .1124E+00
.4210E+03 .1867E+01 .1028E+01 .2510E+00 .7651E+00 .5141E+00 .1028E+01 .2186E+00 .1247E+01 .1028E+01 .2510E+00 .1181E+00
.4220E+03 .1772E+01 .9804E+00 .2370E+00 .7273E+00 .4902E+00 .9804E+00 .2068E+00 .1187E+01 .9804E+00 .2370E+00 .1126E+00
.4230E+03 .1728E+01 .9607E+00 .2301E+00 .7104E+00 .4804E+00 .9607E+00 .2009E+00 .1162E+01 .9607E+00 .2301E+00 .1104E+00
.4240E+03 .1826E+01 .1019E+01 .2418E+00 .7515E+00 .5097E+00 .1019E+01 .2115E+00 .1231E+01 .1019E+01 .2418E+00 .1172E+00
.4250E+03 .1819E+01 .1021E+01 .2399E+00 .7503E+00 .5104E+00 .1021E+01 .2101E+00 .1231E+01 .1021E+01 .2399E+00 .1175E+00
.4260E+03 .1766E+01 .9971E+00 .2322E+00 .7308E+00 .4986E+00 .9971E+00 .2038E+00 .1201E+01 .9971E+00 .2322E+00 .1152E+00
.4270E+03 .1731E+01 .9811E+00 .2266E+00 .7171E+00 .4906E+00 .9811E+00 .1992E+00 .1180E+01 .9811E+00 .2266E+00 .1138E+00
.4280E+03 .1685E+01 .9584E+00 .2194E+00 .6986E+00 .4792E+00 .9584E+00 .1933E+00 .1152E+01 .9584E+00 .2194E+00 .1117E+00
.4290E+03 .1591E+01 .9104E+00 .2067E+00 .6619E+00 .4552E+00 .9104E+00 .1824E+00 .1093E+01 .9104E+00 .2067E+00 .1065E+00
.4300E+03 .1390E+01 .7988E+00 .1798E+00 .5792E+00 .3994E+00 .7988E+00 .1589E+00 .9578E+00 .7988E+00 .1798E+00 .9377E-01
.4310E+03 .1378E+01 .7941E+00 .1771E+00 .5741E+00 .3970E+00 .7941E+00 .1568E+00 .9509E+00 .7941E+00 .1771E+00 .9324E-01
.4320E+03 .1774E+01 .1028E+01 .2272E+00 .7414E+00 .5141E+00 .1028E+01 .2015E+00 .1230E+01 .1028E+01 .2272E+00 .1208E+00
.4330E+03 .1781E+01 .1037E+01 .2271E+00 .7454E+00 .5184E+00 .1037E+01 .2016E+00 .1238E+01 .1037E+01 .2271E+00 .1218E+00
.4340E+03 .1653E+01 .9652E+00 .2096E+00 .6922E+00 .4826E+00 .9652E+00 .1864E+00 .1152E+01 .9652E+00 .2096E+00 .1135E+00
.4350E+03 .1726E+01 .1011E+01 .2176E+00 .7229E+00 .5053E+00 .1011E+01 .1939E+00 .1204E+01 .1011E+01 .2176E+00 .1192E+00
.4360E+03 .1939E+01 .1142E+01 .2439E+00 .8147E+00 .5708E+00 .1142E+01 .2178E+00 .1359E+01 .1142E+01 .2439E+00 .1357E+00
.4370E+03 .1907E+01 .1129E+01 .2392E+00 .8037E+00 .5645E+00 .1129E+01 .2142E+00 .1343E+01 .1129E+01 .2392E+00 .1352E+00
.4380E+03 .1733E+01 .1031E+01 .2166E+00 .7319E+00 .5153E+00 .1031E+01 .1944E+00 .1225E+01 .1031E+01 .2166E+00 .1243E+00
.4390E+03 .1796E+01 .1068E+01 .2227E+00 .7569E+00 .5342E+00 .1068E+01 .2004E+00 .1269E+01 .1068E+01 .2227E+00 .1297E+00
.4400E+03 .1849E+01 .1105E+01 .2284E+00 .7811E+00 .5526E+00 .1105E+01 .2060E+00 .1311E+01 .1105E+01 .2284E+00 .1348E+00
.4410E+03 .1911E+01 .1149E+01 .2353E+00 .8096E+00 .5743E+00 .1149E+01 .2125E+00 .1361E+01 .1149E+01 .2353E+00 .1402E+00
.4420E+03 .2047E+01 .1234E+01 .2507E+00 .8678E+00 .6171E+00 .1234E+01 .2268E+00 .1461E+01 .1234E+01 .2507E+00 .1508E+00
.4430E+03 .1996E+01 .1203E+01 .2424E+00 .8439E+00 .6015E+00 .1203E+01 .2197E+00 .1423E+01 .1203E+01 .2424E+00 .1475E+00
.4440E+03 .2035E+01 .1234E+01 .2466E+00 .8634E+00 .6168E+00 .1234E+01 .2240E+00 .1458E+01 .1234E+01 .2466E+00 .1518E+00
.4450E+03 .1992E+01 .1209E+01 .2399E+00 .8444E+00 .6045E+00 .1209E+01 .2183E+00 .1427E+01 .1209E+01 .2399E+00 .1491E+00
.4460E+03 .1895E+01 .1157E+01 .2277E+00 .8060E+00 .5783E+00 .1157E+01 .2075E+00 .1364E+01 .1157E+01 .2277E+00 .1428E+00
.4470E+03 .2043E+01 .1254E+01 .2449E+00 .8720E+00 .6271E+00 .1254E+01 .2235E+00 .1478E+01 .1254E+01 .2449E+00 .1551E+00
.4480E+03 .2078E+01 .1277E+01 .2473E+00 .8857E+00 .6384E+00 .1277E+01 .2261E+00 .1503E+01 .1277E+01 .2473E+00 .1580E+00
.4490E+03 .2078E+01 .1285E+01 .2467E+00 .8892E+00 .6425E+00 .1285E+01 .2259E+00 .1511E+01 .1285E+01 .2467E+00 .1591E+00
.4500E+03 .2132E+01 .1324E+01 .2521E+00 .9141E+00 .6620E+00 .1324E+01 .2312E+00 .1555E+01 .1324E+01 .2521E+00 .1641E+00
.4510E+03 .2209E+01 .1376E+01 .2599E+00 .9480E+00 .6881E+00 .1376E+01 .2388E+00 .1615E+01 .1376E+01 .2599E+00 .1707E+00
.4520E+03 .2126E+01 .1329E+01 .2490E+00 .9133E+00 .6643E+00 .1329E+01 .2291E+00 .1558E+01 .1329E+01 .2490E+00 .1651E+00
.4530E+03 .1997E+01 .1252E+01 .2329E+00 .8590E+00 .6261E+00 .1252E+01 .2148E+00 .1467E+01 .1252E+01 .2329E+00 .1562E+00
.4540E+03 .2080E+01 .1310E+01 .2418E+00 .8967E+00 .6549E+00 .1310E+01 .2235E+00 .1533E+01 .1310E+01 .2418E+00 .1640E+00
.4550E+03 .2092E+01 .1321E+01 .2418E+00 .9021E+00 .6603E+00 .1321E+01 .2239E+00 .1545E+01 .1321E+01 .2418E+00 .1657E+00
.4560E+03 .2139E+01 .1355E+01 .2461E+00 .9235E+00 .6774E+00 .1355E+01 .2282E+00 .1583E+01 .1355E+01 .2461E+00 .1701E+00
.4570E+03 .2173E+01 .1380E+01 .2484E+00 .9386E+00 .6902E+00 .1380E+01 .2309E+00 .1611E+01 .1380E+01 .2484E+00 .1736E+00
.4580E+03 .2101E+01 .1336E+01 .2385E+00 .9066E+00 .6681E+00 .1336E+01 .2222E+00 .1558E+01 .1336E+01 .2385E+00 .1687E+00
.4590E+03 .2087E+01 .1332E+01 .2358E+00 .9017E+00 .6660E+00 .1332E+01 .2201E+00 .1552E+01 .1332E+01 .2358E+00 .1687E+00
.4600E+03 .2093E+01 .1338E+01 .2350E+00 .9042E+00 .6692E+00 .1338E+01 .2199E+00 .1558E+01 .1338E+01 .2350E+00 .1702E+00
.4610E+03 .2139E+01 .1372E+01 .2390E+00 .9249E+00 .6860E+00 .1372E+01 .2242E+00 .1596E+01 .1372E+01 .2390E+00 .1751E+00
.4620E+03 .2151E+01 .1385E+01 .2395E+00 .9320E+00 .6925E+00 .1385E+01 .2252E+00 .1610E+01 .1385E+01 .2395E+00 .1775E+00
.4630E+03 .2137E+01 .1378E+01 .2367E+00 .9255E+00 .6888E+00 .1378E+01 .2231E+00 .1601E+01 .1378E+01 .2367E+00 .1777E+00
.4640E+03 .2096E+01 .1357E+01 .2316E+00 .9100E+00 .6784E+00 .1357E+01 .2190E+00 .1576E+01 .1357E+01 .2316E+00 .1762E+00
.4650E+03 .2064E+01 .1342E+01 .2275E+00 .8985E+00 .6710E+00 .1342E+01 .2155E+00 .1558E+01 .1342E+01 .2275E+00 .1747E+00
.4660E+03 .2080E+01 .1358E+01 .2285E+00 .9073E+00 .6788E+00 .1358E+01 .2168E+00 .1574E+01 .1358E+01 .2285E+00 .1770E+00
.4670E+03 .2044E+01 .1335E+01 .2230E+00 .8905E+00 .6675E+00 .1335E+01 .2119E+00 .1547E+01 .1335E+01 .2230E+00 .1741E+00
.4680E+03 .2067E+01 .1354E+01 .2242E+00 .9010E+00 .6768E+00 .1354E+01 .2134E+00 .1567E+01 .1354E+01 .2242E+00 .1762E+00
.4690E+03 .2077E+01 .1363E+01 .2240E+00 .9057E+00 .6817E+00 .1363E+01 .2134E+00 .1577E+01 .1363E+01 .2240E+00 .1771E+00
.4700E+03 .2011E+01 .1321E+01 .2156E+00 .8763E+00 .6607E+00 .1321E+01 .2060E+00 .1527E+01 .1321E+01 .2156E+00 .1726E+00
.4710E+03 .2007E+01 .1323E+01 .2143E+00 .8756E+00 .6613E+00 .1323E+01 .2053E+00 .1528E+01 .1323E+01 .2143E+00 .1739E+00
.4720E+03 .2115E+01 .1396E+01 .2247E+00 .9227E+00 .6981E+00 .1396E+01 .2158E+00 .1612E+01 .1396E+01 .2247E+00 .1843E+00
.4730E+03 .2088E+01 .1381E+01 .2206E+00 .9111E+00 .6904E+00 .1381E+01 .2123E+00 .1593E+01 .1381E+01 .2206E+00 .1826E+00
.4740E+03 .2095E+01 .1386E+01 .2198E+00 .9129E+00 .6930E+00 .1386E+01 .2120E+00 .1598E+01 .1386E+01 .2198E+00 .1835E+00
.4750E+03 .2117E+01 .1401E+01 .2206E+00 .9214E+00 .7007E+00 .1401E+01 .2132E+00 .1615E+01 .1401E+01 .2206E+00 .1862E+00
.4760E+03 .2059E+01 .1363E+01 .2130E+00 .8946E+00 .6816E+00 .1363E+01 .2063E+00 .1570E+01 .1363E+01 .2130E+00 .1817E+00
.4770E+03 .2068E+01 .1370E+01 .2124E+00 .8975E+00 .6852E+00 .1370E+01 .2062E+00 .1577E+01 .1370E+01 .2124E+00 .1830E+00
.4780E+03 .2122E+01 .1410E+01 .2167E+00 .9219E+00 .7052E+00 .1410E+01 .2109E+00 .1621E+01 .1410E+01 .2167E+00 .1885E+00
.4790E+03 .2104E+01 .1403E+01 .2138E+00 .9154E+00 .7016E+00 .1403E+01 .2084E+00 .1612E+01 .1403E+01 .2138E+00 .1876E+00
.4800E+03 .2103E+01 .1407E+01 .2127E+00 .9163E+00 .7037E+00 .1407E+01 .2079E+00 .1615E+01 .1407E+01 .2127E+00 .1889E+00
.4810E+03 .2136E+01 .1435E+01 .2152E+00 .9328E+00 .7176E+00 .1435E+01 .2109E+00 .1646E+01 .1435E+01 .2152E+00 .1934E+00
.4820E+03 .2141E+01 .1444E+01 .2149E+00 .9371E+00 .7222E+00 .1444E+01 .2112E+00 .1656E+01 .1444E+01 .2149E+00 .1950E+00
.4830E+03 .2109E+01 .1429E+01 .2111E+00 .9254E+00 .7144E+00 .1429E+01 .2078E+00 .1636E+01 .1429E+01 .2111E+00 .1931E+00
.4840E+03 .2063E+01 .1401E+01 .2057E+00 .9063E+00 .7006E+00 .1401E+01 .2028E+00 .1604E+01 .1401E+01 .2057E+00 .1896E+00
.4850E+03 .1963E+01 .1336E+01 .1948E+00 .8627E+00 .6679E+00 .1336E+01 .1925E+00 .1528E+01 .1336E+01 .1948E+00 .1809E+00
.4860E+03 .1713E+01 .1169E+01 .1695E+00 .7541E+00 .5846E+00 .1169E+01 .1677E+00 .1337E+01 .1169E+01 .1695E+00 .1586E+00
.4870E+03 .1792E+01 .1227E+01 .1767E+00 .7902E+00 .6136E+00 .1227E+01 .1752E+00 .1402E+01 .1227E+01 .1767E+00 .1666E+00
.4880E+03 .1966E+01 .1348E+01 .1927E+00 .8667E+00 .6740E+00 .1348E+01 .1915E+00 .1539E+01 .1348E+01 .1927E+00 .1833E+00
.4890E+03 .1974E+01 .1354E+01 .1922E+00 .8693E+00 .6771E+00 .1354E+01 .1914E+00 .1546E+01 .1354E+01 .1922E+00 .1844E+00
.4900E+03 .2073E+01 .1427E+01 .2011E+00 .9145E+00 .7135E+00 .1427E+01 .2008E+00 .1628E+01 .1427E+01 .2011E+00 .1951E+00
.4910E+03 .2034E+01 .1405E+01 .1965E+00 .8989E+00 .7023E+00 .1405E+01 .1968E+00 .1601E+01 .1405E+01 .1965E+00 .1927E+00
.4920E+03 .1920E+01 .1328E+01 .1846E+00 .8488E+00 .6642E+00 .1328E+01 .1852E+00 .1514E+01 .1328E+01 .1846E+00 .1827E+00
.4930E+03 .1982E+01 .1374E+01 .1896E+00 .8765E+00 .6870E+00 .1374E+01 .1906E+00 .1565E+01 .1374E+01 .1896E+00 .1891E+00
.4940E+03 .2001E+01 .1389E+01 .1904E+00 .8850E+00 .6946E+00 .1389E+01 .1918E+00 .1581E+01 .1389E+01 .1904E+00 .1916E+00
.4950E+03 .2017E+01 .1403E+01 .1910E+00 .8924E+00 .7014E+00 .1403E+01 .1929E+00 .1596E+01 .1403E+01 .1910E+00 .1942E+00
.4960E+03 .2029E+01 .1413E+01 .1910E+00 .8975E+00 .7065E+00 .1413E+01 .1935E+00 .1607E+01 .1413E+01 .1910E+00 .1963E+00
.4970E+03 .2060E+01 .1437E+01 .1929E+00 .9116E+00 .7187E+00 .1437E+01 .1960E+00 .1633E+01 .1437E+01 .1929E+00 .2004E+00
.4980E+03 .1963E+01 .1372E+01 .1828E+00 .8689E+00 .6861E+00 .1372E+01 .1862E+00 .1558E+01 .1372E+01 .1828E+00 .1919E+00
.4990E+03 .1989E+01 .1392E+01 .1839E+00 .8799E+00 .6960E+00 .1392E+01 .1879E+00 .1580E+01 .1392E+01 .1839E+00 .1952E+00
.5000E+03 .1933E+01 .1353E+01 .1784E+00 .8552E+00 .6767E+00 .1353E+01 .1825E+00 .1536E+01 .1353E+01 .1784E+00 .1899E+00
.5010E+03 .1900E+01 .1331E+01 .1739E+00 .8392E+00 .6653E+00 .1331E+01 .1783E+00 .1509E+01 .1331E+01 .1739E+00 .1869E+00
.5020E+03 .1879E+01 .1312E+01 .1701E+00 .8261E+00 .6560E+00 .1312E+01 .1748E+00 .1487E+01 .1312E+01 .1701E+00 .1845E+00
.5030E+03 .1962E+01 .1365E+01 .1756E+00 .8582E+00 .6826E+00 .1365E+01 .1809E+00 .1546E+01 .1365E+01 .1756E+00 .1922E+00
.5040E+03 .1934E+01 .1318E+01 .1684E+00 .8271E+00 .6588E+00 .1318E+01 .1739E+00 .1491E+01 .1318E+01 .1684E+00 .1860E+00
.5050E+03 .1984E+01 .1382E+01 .1751E+00 .8660E+00 .6909E+00 .1382E+01 .1814E+00 .1563E+01 .1382E+01 .1751E+00 .1956E+00
.5060E+03 .2049E+01 .1425E+01 .1795E+00 .8921E+00 .7126E+00 .1425E+01 .1864E+00 .1612E+01 .1425E+01 .1795E+00 .2025E+00
.5070E+03 .1949E+01 .1357E+01 .1697E+00 .8480E+00 .6783E+00 .1357E+01 .1767E+00 .1533E+01 .1357E+01 .1697E+00 .1930E+00
.5080E+03 .1882E+01 .1317E+01 .1638E+00 .8226E+00 .6587E+00 .1317E+01 .1709E+00 .1488E+01 .1317E+01 .1638E+00 .1876E+00
.5090E+03 .1930E+01 .1358E+01 .1678E+00 .8466E+00 .6788E+00 .1358E+01 .1754E+00 .1533E+01 .1358E+01 .1678E+00 .1938E+00
.5100E+03 .1916E+01 .1353E+01 .1662E+00 .8427E+00 .6765E+00 .1353E+01 .1742E+00 .1527E+01 .1353E+01 .1662E+00 .1938E+00
.5110E+03 .1963E+01 .1393E+01 .1700E+00 .8665E+00 .6965E+00 .1393E+01 .1787E+00 .1572E+01 .1393E+01 .1700E+00 .2002E+00
.5120E+03 .1982E+01 .1411E+01 .1710E+00 .8765E+00 .7054E+00 .1411E+01 .1802E+00 .1591E+01 .1411E+01 .1710E+00 .2030E+00
.5130E+03 .1875E+01 .1338E+01 .1611E+00 .8301E+00 .6690E+00 .1338E+01 .1701E+00 .1508E+01 .1338E+01 .1611E+00 .1927E+00
.5140E+03 .1860E+01 .1331E+01 .1591E+00 .8243E+00 .6653E+00 .1331E+01 .1684E+00 .1499E+01 .1331E+01 .1591E+00 .1921E+00
.5150E+03 .1841E+01 .1319E+01 .1566E+00 .8161E+00 .6595E+00 .1319E+01 .1663E+00 .1485E+01 .1319E+01 .1566E+00 .1911E+00
.5160E+03 .1837E+01 .1318E+01 .1554E+00 .8143E+00 .6589E+00 .1318E+01 .1656E+00 .1483E+01 .1318E+01 .1554E+00 .1916E+00
.5170E+03 .1631E+01 .1172E+01 .1373E+00 .7234E+00 .5860E+00 .1172E+01 .1467E+00 .1319E+01 .1172E+01 .1373E+00 .1710E+00
.5180E+03 .1715E+01 .1234E+01 .1436E+00 .7606E+00 .6169E+00 .1234E+01 .1539E+00 .1388E+01 .1234E+01 .1436E+00 .1806E+00
.5190E+03 .1799E+01 .1295E+01 .1498E+00 .7975E+00 .6477E+00 .1295E+01 .1609E+00 .1456E+01 .1295E+01 .1498E+00 .1900E+00
.5200E+03 .1865E+01 .1344E+01 .1543E+00 .8262E+00 .6719E+00 .1344E+01 .1662E+00 .1510E+01 .1344E+01 .1543E+00 .1973E+00
.5210E+03 .1883E+01 .1358E+01 .1548E+00 .8338E+00 .6789E+00 .1358E+01 .1672E+00 .1525E+01 .1358E+01 .1548E+00 .1996E+00
.5220E+03 .1886E+01 .1361E+01 .1541E+00 .8345E+00 .6803E+00 .1361E+01 .1669E+00 .1528E+01 .1361E+01 .1541E+00 .2008E+00
.5230E+03 .1853E+01 .1338E+01 .1506E+00 .8198E+00 .6692E+00 .1338E+01 .1636E+00 .1502E+01 .1338E+01 .1506E+00 .1982E+00
.5240E+03 .1922E+01 .1387E+01 .1550E+00 .8488E+00 .6937E+00 .1387E+01 .1691E+00 .1557E+01 .1387E+01 .1550E+00 .2065E+00
.5250E+03 .1949E+01 .1405E+01 .1560E+00 .8587E+00 .7027E+00 .1405E+01 .1707E+00 .1576E+01 .1405E+01 .1560E+00 .2102E+00
.5260E+03 .1863E+01 .1345E+01 .1482E+00 .8208E+00 .6726E+00 .1345E+01 .1628E+00 .1508E+01 .1345E+01 .1482E+00 .2020E+00
.5270E+03 .1759E+01 .1268E+01 .1387E+00 .7728E+00 .6342E+00 .1268E+01 .1528E+00 .1421E+01 .1268E+01 .1387E+00 .1907E+00
.5280E+03 .1863E+01 .1343E+01 .1458E+00 .8175E+00 .6717E+00 .1343E+01 .1611E+00 .1504E+01 .1343E+01 .1458E+00 .2023E+00
.5290E+03 .1966E+01 .1417E+01 .1527E+00 .8610E+00 .7083E+00 .1417E+01 .1693E+00 .1586E+01 .1417E+01 .1527E+00 .2143E+00
.5300E+03 .1939E+01 .1398E+01 .1498E+00 .8489E+00 .6991E+00 .1398E+01 .1667E+00 .1565E+01 .1398E+01 .1498E+00 .2126E+00
.5310E+03 .1969E+01 .1421E+01 .1512E+00 .8617E+00 .7105E+00 .1421E+01 .1689E+00 .1590E+01 .1421E+01 .1512E+00 .2171E+00
.5320E+03 .1902E+01 .1374E+01 .1453E+00 .8324E+00 .6871E+00 .1374E+01 .1628E+00 .1537E+01 .1374E+01 .1453E+00 .2106E+00
.5330E+03 .1846E+01 .1336E+01 .1403E+00 .8081E+00 .6678E+00 .1336E+01 .1577E+00 .1493E+01 .1336E+01 .1403E+00 .2054E+00
.5340E+03 .1899E+01 .1376E+01 .1437E+00 .8319E+00 .6881E+00 .1376E+01 .1621E+00 .1538E+01 .1376E+01 .1437E+00 .2123E+00
.5350E+03 .1938E+01 .1407E+01 .1461E+00 .8496E+00 .7035E+00 .1407E+01 .1652E+00 .1572E+01 .1407E+01 .1461E+00 .2177E+00
.5360E+03 .1954E+01 .1420E+01 .1466E+00 .8569E+00 .7102E+00 .1420E+01 .1663E+00 .1587E+01 .1420E+01 .1466E+00 .2203E+00
.5370E+03 .1875E+01 .1366E+01 .1401E+00 .8229E+00 .6828E+00 .1366E+01 .1593E+00 .1525E+01 .1366E+01 .1401E+00 .2120E+00
.5380E+03 .1907E+01 .1391E+01 .1419E+00 .8373E+00 .6954E+00 .1391E+01 .1617E+00 .1553E+01 .1391E+01 .1419E+00 .2162E+00
.5390E+03 .1891E+01 .1381E+01 .1401E+00 .8305E+00 .6905E+00 .1381E+01 .1602E+00 .1541E+01 .1381E+01 .1401E+00 .2159E+00
.5400E+03 .1814E+01 .1323E+01 .1335E+00 .7951E+00 .6617E+00 .1323E+01 .1533E+00 .1477E+01 .1323E+01 .1335E+00 .2080E+00
.5410E+03 .1832E+01 .1329E+01 .1333E+00 .7979E+00 .6647E+00 .1329E+01 .1538E+00 .1483E+01 .1329E+01 .1333E+00 .2095E+00
.5420E+03 .1892E+01 .1372E+01 .1367E+00 .8229E+00 .6862E+00 .1372E+01 .1583E+00 .1531E+01 .1372E+01 .1367E+00 .2165E+00
.5430E+03 .1867E+01 .1364E+01 .1349E+00 .8172E+00 .6822E+00 .1364E+01 .1570E+00 .1521E+01 .1364E+01 .1349E+00 .2157E+00
.5440E+03 .1904E+01 .1386E+01 .1363E+00 .8292E+00 .6929E+00 .1386E+01 .1595E+00 .1545E+01 .1386E+01 .1363E+00 .2207E+00
.5450E+03 .1897E+01 .1384E+01 .1354E+00 .8273E+00 .6919E+00 .1384E+01 .1594E+00 .1543E+01 .1384E+01 .1354E+00 .2220E+00
.5460E+03 .1910E+01 .1386E+01 .1348E+00 .8279E+00 .6930E+00 .1386E+01 .1594E+00 .1546E+01 .1386E+01 .1348E+00 .2230E+00
.5470E+03 .1905E+01 .1389E+01 .1343E+00 .8290E+00 .6947E+00 .1389E+01 .1594E+00 .1549E+01 .1389E+01 .1343E+00 .2238E+00
.5480E+03 .1880E+01 .1375E+01 .1321E+00 .8198E+00 .6877E+00 .1375E+01 .1575E+00 .1533E+01 .1375E+01 .1321E+00 .2219E+00
.5490E+03 .1884E+01 .1382E+01 .1320E+00 .8232E+00 .6912E+00 .1382E+01 .1581E+00 .1540E+01 .1382E+01 .1320E+00 .2237E+00
.5500E+03 .1906E+01 .1401E+01 .1330E+00 .8336E+00 .7006E+00 .1401E+01 .1600E+00 .1561E+01 .1401E+01 .1330E+00 .2274E+00
.5510E+03 .1882E+01 .1386E+01 .1308E+00 .8241E+00 .6932E+00 .1386E+01 .1580E+00 .1544E+01 .1386E+01 .1308E+00 .2254E+00
.5520E+03 .1895E+01 .1398E+01 .1311E+00 .8300E+00 .6989E+00 .1398E+01 .1590E+00 .1557E+01 .1398E+01 .1311E+00 .2276E+00
.5530E+03 .1862E+01 .1374E+01 .1281E+00 .8151E+00 .6870E+00 .1374E+01 .1560E+00 .1530E+01 .1374E+01 .1281E+00 .2241E+00
.5540E+03 .1907E+01 .1408E+01 .1305E+00 .8345E+00 .7040E+00 .1408E+01 .1596E+00 .1568E+01 .1408E+01 .1305E+00 .2304E+00
.5550E+03 .1912E+01 .1411E+01 .1301E+00 .8358E+00 .7057E+00 .1411E+01 .1598E+00 .1571E+01 .1411E+01 .1301E+00 .2317E+00
.5560E+03 .1888E+01 .1394E+01 .1277E+00 .8246E+00 .6969E+00 .1394E+01 .1575E+00 .1551E+01 .1394E+01 .1277E+00 .2290E+00
.5570E+03 .1831E+01 .1352E+01 .1230E+00 .7988E+00 .6758E+00 .1352E+01 .1523E+00 .1504E+01 .1352E+01 .1230E+00 .2223E+00
.5580E+03 .1820E+01 .1342E+01 .1214E+00 .7925E+00 .6712E+00 .1342E+01 .1509E+00 .1493E+01 .1342E+01 .1214E+00 .2209E+00
.5590E+03 .1789E+01 .1318E+01 .1184E+00 .7775E+00 .6591E+00 .1318E+01 .1478E+00 .1466E+01 .1318E+01 .1184E+00 .2172E+00
.5600E+03 .1813E+01 .1337E+01 .1193E+00 .7876E+00 .6684E+00 .1337E+01 .1495E+00 .1486E+01 .1337E+01 .1193E+00 .2205E+00
.5610E+03 .1839E+01 .1356E+01 .1202E+00 .7983E+00 .6781E+00 .1356E+01 .1514E+00 .1508E+01 .1356E+01 .1202E+00 .2240E+00
.5620E+03 .1829E+01 .1348E+01 .1187E+00 .7928E+00 .6741E+00 .1348E+01 .1501E+00 .1498E+01 .1348E+01 .1187E+00 .2229E+00
.5630E+03 .1883E+01 .1387E+01 .1213E+00 .8147E+00 .6934E+00 .1387E+01 .1541E+00 .1541E+01 .1387E+01 .1213E+00 .2298E+00
.5640E+03 .1835E+01 .1350E+01 .1175E+00 .7927E+00 .6752E+00 .1350E+01 .1499E+00 .1500E+01 .1350E+01 .1175E+00 .2244E+00
.5650E+03 .1822E+01 .1340E+01 .1159E+00 .7860E+00 .6702E+00 .1340E+01 .1486E+00 .1489E+01 .1340E+01 .1159E+00 .2234E+00
.5660E+03 .1798E+01 .1322E+01 .1136E+00 .7746E+00 .6609E+00 .1322E+01 .1462E+00 .1468E+01 .1322E+01 .1136E+00 .2206E+00
.5670E+03 .1836E+01 .1348E+01 .1152E+00 .7890E+00 .6738E+00 .1348E+01 .1488E+00 .1496E+01 .1348E+01 .1152E+00 .2252E+00
.5680E+03 .1830E+01 .1333E+01 .1132E+00 .7795E+00 .6663E+00 .1333E+01 .1469E+00 .1480E+01 .1333E+01 .1132E+00 .2232E+00
.5690E+03 .1808E+01 .1290E+01 .1091E+00 .7539E+00 .6448E+00 .1290E+01 .1421E+00 .1432E+01 .1290E+01 .1091E+00 .2167E+00
.5700E+03 .1804E+01 .1298E+01 .1091E+00 .7579E+00 .6488E+00 .1298E+01 .1428E+00 .1440E+01 .1298E+01 .1091E+00 .2186E+00
.5710E+03 .1787E+01 .1300E+01 .1086E+00 .7587E+00 .6501E+00 .1300E+01 .1428E+00 .1443E+01 .1300E+01 .1086E+00 .2193E+00
.5720E+03 .1844E+01 .1327E+01 .1102E+00 .7736E+00 .6634E+00 .1327E+01 .1455E+00 .1472E+01 .1327E+01 .1102E+00 .2242E+00
.5730E+03 .1866E+01 .1344E+01 .1111E+00 .7832E+00 .6721E+00 .1344E+01 .1473E+00 .1492E+01 .1344E+01 .1111E+00 .2279E+00
.5740E+03 .1863E+01 .1343E+01 .1104E+00 .7818E+00 .6714E+00 .1343E+01 .1472E+00 .1490E+01 .1343E+01 .1104E+00 .2287E+00
.5750E+03 .1833E+01 .1319E+01 .1080E+00 .7674E+00 .6594E+00 .1319E+01 .1446E+00 .1463E+01 .1319E+01 .1080E+00 .2256E+00
.5760E+03 .1816E+01 .1309E+01 .1067E+00 .7614E+00 .6547E+00 .1309E+01 .1434E+00 .1453E+01 .1309E+01 .1067E+00 .2243E+00
.5770E+03 .1834E+01 .1325E+01 .1075E+00 .7701E+00 .6627E+00 .1325E+01 .1450E+00 .1470E+01 .1325E+01 .1075E+00 .2274E+00
.5780E+03 .1801E+01 .1309E+01 .1056E+00 .7601E+00 .6545E+00 .1309E+01 .1431E+00 .1452E+01 .1309E+01 .1056E+00 .2251E+00
.5790E+03 .1799E+01 .1316E+01 .1057E+00 .7635E+00 .6578E+00 .1316E+01 .1438E+00 .1459E+01 .1316E+01 .1057E+00 .2270E+00
.5800E+03 .1819E+01 .1339E+01 .1071E+00 .7767E+00 .6696E+00 .1339E+01 .1463E+00 .1486E+01 .1339E+01 .1071E+00 .2316E+00
.5810E+03 .1818E+01 .1346E+01 .1070E+00 .7799E+00 .6729E+00 .1346E+01 .1468E+00 .1493E+01 .1346E+01 .1070E+00 .2329E+00
.5820E+03 .1843E+01 .1371E+01 .1085E+00 .7940E+00 .6855E+00 .1371E+01 .1493E+00 .1520E+01 .1371E+01 .1085E+00 .2375E+00
.5830E+03 .1840E+01 .1375E+01 .1084E+00 .7958E+00 .6874E+00 .1375E+01 .1498E+00 .1525E+01 .1375E+01 .1084E+00 .2392E+00
.5840E+03 .1851E+01 .1386E+01 .1088E+00 .8018E+00 .6930E+00 .1386E+01 .1512E+00 .1537E+01 .1386E+01 .1088E+00 .2424E+00
.5850E+03 .1803E+01 .1352E+01 .1056E+00 .7815E+00 .6759E+00 .1352E+01 .1474E+00 .1499E+01 .1352E+01 .1056E+00 .2371E+00
.5860E+03 .1766E+01 .1321E+01 .1027E+00 .7632E+00 .6606E+00 .1321E+01 .1438E+00 .1465E+01 .1321E+01 .1027E+00 .2316E+00
.5870E+03 .1811E+01 .1343E+01 .1039E+00 .7752E+00 .6713E+00 .1343E+01 .1458E+00 .1489E+01 .1343E+01 .1039E+00 .2353E+00
.5880E+03 .1794E+01 .1285E+01 .9910E-01 .7417E+00 .6426E+00 .1285E+01 .1398E+00 .1425E+01 .1285E+01 .9910E-01 .2263E+00
.5890E+03 .1647E+01 .1107E+01 .8514E-01 .6388E+00 .5537E+00 .1107E+01 .1206E+00 .1228E+01 .1107E+01 .8514E-01 .1960E+00
.5900E+03 .1717E+01 .1160E+01 .8880E-01 .6690E+00 .5802E+00 .1160E+01 .1264E+00 .1287E+01 .1160E+01 .8880E-01 .2062E+00
.5910E+03 .1783E+01 .1243E+01 .9453E-01 .7159E+00 .6213E+00 .1243E+01 .1352E+00 .1378E+01 .1243E+01 .9453E-01 .2214E+00
.5920E+03 .1781E+01 .1224E+01 .9259E-01 .7044E+00 .6118E+00 .1224E+01 .1330E+00 .1357E+01 .1224E+01 .9259E-01 .2186E+00
.5930E+03 .1785E+01 .1257E+01 .9450E-01 .7232E+00 .6287E+00 .1257E+01 .1364E+00 .1394E+01 .1257E+01 .9450E-01 .2248E+00
.5940E+03 .1782E+01 .1246E+01 .9311E-01 .7162E+00 .6231E+00 .1246E+01 .1349E+00 .1381E+01 .1246E+01 .9311E-01 .2231E+00
.5950E+03 .1753E+01 .1204E+01 .8958E-01 .6916E+00 .6021E+00 .1204E+01 .1303E+00 .1334E+01 .1204E+01 .8958E-01 .2161E+00
.5960E+03 .1780E+01 .1281E+01 .9458E-01 .7349E+00 .6403E+00 .1281E+01 .1383E+00 .1419E+01 .1281E+01 .9458E-01 .2304E+00
.5970E+03 .1768E+01 .1265E+01 .9293E-01 .7254E+00 .6325E+00 .1265E+01 .1366E+00 .1402E+01 .1265E+01 .9293E-01 .2282E+00
.5980E+03 .1752E+01 .1271E+01 .9276E-01 .7282E+00 .6354E+00 .1271E+01 .1369E+00 .1408E+01 .1271E+01 .9276E-01 .2294E+00
.5990E+03 .1747E+01 .1279E+01 .9283E-01 .7326E+00 .6397E+00 .1279E+01 .1376E+00 .1417E+01 .1279E+01 .9283E-01 .2312E+00
.6000E+03 .1738E+01 .1292E+01 .9321E-01 .7394E+00 .6462E+00 .1292E+01 .1388E+00 .1431E+01 .1292E+01 .9321E-01 .2339E+00
.6010E+03 .1716E+01 .1290E+01 .9252E-01 .7373E+00 .6448E+00 .1290E+01 .1384E+00 .1428E+01 .1290E+01 .9252E-01 .2341E+00
.6020E+03 .1703E+01 .1282E+01 .9156E-01 .7327E+00 .6412E+00 .1282E+01 .1375E+00 .1420E+01 .1282E+01 .9156E-01 .2333E+00
.6030E+03 .1728E+01 .1306E+01 .9278E-01 .7457E+00 .6529E+00 .1306E+01 .1399E+00 .1446E+01 .1306E+01 .9278E-01 .2379E+00
.6040E+03 .1755E+01 .1328E+01 .9392E-01 .7579E+00 .6639E+00 .1328E+01 .1422E+00 .1470E+01 .1328E+01 .9392E-01 .2423E+00
.6050E+03 .1744E+01 .1323E+01 .9319E-01 .7547E+00 .6615E+00 .1323E+01 .1416E+00 .1465E+01 .1323E+01 .9319E-01 .2420E+00
.6060E+03 .1733E+01 .1321E+01 .9265E-01 .7529E+00 .6603E+00 .1321E+01 .1414E+00 .1462E+01 .1321E+01 .9265E-01 .2422E+00
.6070E+03 .1746E+01 .1337E+01 .9340E-01 .7617E+00 .6683E+00 .1337E+01 .1431E+00 .1480E+01 .1337E+01 .9340E-01 .2458E+00
.6080E+03 .1723E+01 .1324E+01 .9215E-01 .7540E+00 .6619E+00 .1324E+01 .1417E+00 .1465E+01 .1324E+01 .9215E-01 .2437E+00
.6090E+03 .1723E+01 .1327E+01 .9204E-01 .7557E+00 .6636E+00 .1327E+01 .1420E+00 .1469E+01 .1327E+01 .9204E-01 .2447E+00
.6100E+03 .1707E+01 .1317E+01 .9101E-01 .7496E+00 .6586E+00 .1317E+01 .1409E+00 .1458E+01 .1317E+01 .9101E-01 .2434E+00
.6110E+03 .1714E+01 .1326E+01 .9127E-01 .7540E+00 .6628E+00 .1326E+01 .1419E+00 .1467E+01 .1326E+01 .9127E-01 .2457E+00
.6120E+03 .1707E+01 .1322E+01 .9068E-01 .7515E+00 .6608E+00 .1322E+01 .1415E+00 .1463E+01 .1322E+01 .9068E-01 .2456E+00
.6130E+03 .1684E+01 .1305E+01 .8923E-01 .7418E+00 .6525E+00 .1305E+01 .1397E+00 .1445E+01 .1305E+01 .8923E-01 .2429E+00
.6140E+03 .1658E+01 .1288E+01 .8771E-01 .7316E+00 .6439E+00 .1288E+01 .1378E+00 .1426E+01 .1288E+01 .8771E-01 .2400E+00
.6150E+03 .1691E+01 .1317E+01 .8938E-01 .7479E+00 .6585E+00 .1317E+01 .1410E+00 .1458E+01 .1317E+01 .8938E-01 .2461E+00
.6160E+03 .1633E+01 .1275E+01 .8619E-01 .7235E+00 .6373E+00 .1275E+01 .1365E+00 .1411E+01 .1275E+01 .8619E-01 .2388E+00
.6170E+03 .1628E+01 .1272E+01 .8574E-01 .7220E+00 .6362E+00 .1272E+01 .1363E+00 .1409E+01 .1272E+01 .8574E-01 .2391E+00
.6180E+03 .1689E+01 .1321E+01 .8871E-01 .7494E+00 .6607E+00 .1321E+01 .1416E+00 .1463E+01 .1321E+01 .8871E-01 .2490E+00
.6190E+03 .1671E+01 .1308E+01 .8753E-01 .7418E+00 .6542E+00 .1308E+01 .1403E+00 .1449E+01 .1308E+01 .8753E-01 .2473E+00
.6200E+03 .1682E+01 .1316E+01 .8770E-01 .7457E+00 .6580E+00 .1316E+01 .1411E+00 .1457E+01 .1316E+01 .8770E-01 .2494E+00
.6210E+03 .1687E+01 .1315E+01 .8731E-01 .7447E+00 .6574E+00 .1315E+01 .1411E+00 .1456E+01 .1315E+01 .8731E-01 .2500E+00
.6220E+03 .1671E+01 .1286E+01 .8514E-01 .7283E+00 .6432E+00 .1286E+01 .1381E+00 .1424E+01 .1286E+01 .8514E-01 .2451E+00
.6230E+03 .1649E+01 .1255E+01 .8274E-01 .7100E+00 .6273E+00 .1255E+01 .1346E+00 .1389E+01 .1255E+01 .8274E-01 .2394E+00
.6240E+03 .1618E+01 .1240E+01 .8144E-01 .7016E+00 .6201E+00 .1240E+01 .1330E+00 .1373E+01 .1240E+01 .8144E-01 .2370E+00
.6250E+03 .1614E+01 .1249E+01 .8171E-01 .7062E+00 .6245E+00 .1249E+01 .1341E+00 .1383E+01 .1249E+01 .8171E-01 .2397E+00
.6260E+03 .1639E+01 .1270E+01 .8277E-01 .7176E+00 .6348E+00 .1270E+01 .1365E+00 .1406E+01 .1270E+01 .8277E-01 .2447E+00
.6270E+03 .1666E+01 .1280E+01 .8319E-01 .7233E+00 .6401E+00 .1280E+01 .1377E+00 .1418E+01 .1280E+01 .8319E-01 .2474E+00
.6280E+03 .1664E+01 .1200E+01 .7786E-01 .6778E+00 .5999E+00 .1200E+01 .1292E+00 .1329E+01 .1200E+01 .7786E-01 .2324E+00
.6290E+03 .1664E+01 .1253E+01 .8087E-01 .7075E+00 .6266E+00 .1253E+01 .1347E+00 .1388E+01 .1253E+01 .8087E-01 .2429E+00
.6300E+03 .1629E+01 .1232E+01 .7921E-01 .6954E+00 .6162E+00 .1232E+01 .1324E+00 .1365E+01 .1232E+01 .7921E-01 .2392E+00
.6310E+03 .1630E+01 .1264E+01 .8084E-01 .7127E+00 .6319E+00 .1264E+01 .1357E+00 .1399E+01 .1264E+01 .8084E-01 .2455E+00
.6320E+03 .1605E+01 .1243E+01 .7922E-01 .7006E+00 .6214E+00 .1243E+01 .1335E+00 .1376E+01 .1243E+01 .7922E-01 .2421E+00
.6330E+03 .1639E+01 .1287E+01 .8175E-01 .7254E+00 .6437E+00 .1287E+01 .1385E+00 .1426E+01 .1287E+01 .8175E-01 .2519E+00
.6340E+03 .1612E+01 .1278E+01 .8088E-01 .7200E+00 .6392E+00 .1278E+01 .1376E+00 .1416E+01 .1278E+01 .8088E-01 .2510E+00
.6350E+03 .1632E+01 .1297E+01 .8177E-01 .7304E+00 .6486E+00 .1297E+01 .1396E+00 .1437E+01 .1297E+01 .8177E-01 .2550E+00
.6360E+03 .1604E+01 .1280E+01 .8037E-01 .7203E+00 .6399E+00 .1280E+01 .1377E+00 .1418E+01 .1280E+01 .8037E-01 .2519E+00
.6370E+03 .1626E+01 .1299E+01 .8131E-01 .7310E+00 .6497E+00 .1299E+01 .1398E+00 .1439E+01 .1299E+01 .8131E-01 .2563E+00
.6380E+03 .1634E+01 .1314E+01 .8195E-01 .7391E+00 .6572E+00 .1314E+01 .1415E+00 .1456E+01 .1314E+01 .8195E-01 .2600E+00
.6390E+03 .1612E+01 .1300E+01 .8081E-01 .7310E+00 .6502E+00 .1300E+01 .1400E+00 .1441E+01 .1300E+01 .8081E-01 .2578E+00
.6400E+03 .1592E+01 .1290E+01 .7983E-01 .7246E+00 .6448E+00 .1290E+01 .1388E+00 .1428E+01 .1290E+01 .7983E-01 .2560E+00
.6410E+03 .1588E+01 .1289E+01 .7953E-01 .7242E+00 .6447E+00 .1289E+01 .1387E+00 .1428E+01 .1289E+01 .7953E-01 .2562E+00
.6420E+03 .1577E+01 .1285E+01 .7898E-01 .7213E+00 .6423E+00 .1285E+01 .1384E+00 .1423E+01 .1285E+01 .7898E-01 .2562E+00
.6430E+03 .1598E+01 .1300E+01 .7967E-01 .7295E+00 .6499E+00 .1300E+01 .1402E+00 .1440E+01 .1300E+01 .7967E-01 .2604E+00
.6440E+03 .1589E+01 .1297E+01 .7920E-01 .7275E+00 .6483E+00 .1297E+01 .1400E+00 .1437E+01 .1297E+01 .7920E-01 .2606E+00
.6450E+03 .1594E+01 .1295E+01 .7883E-01 .7263E+00 .6475E+00 .1295E+01 .1398E+00 .1435E+01 .1295E+01 .7883E-01 .2606E+00
.6460E+03 .1570E+01 .1251E+01 .7594E-01 .7016E+00 .6257E+00 .1251E+01 .1351E+00 .1386E+01 .1251E+01 .7594E-01 .2522E+00
.6470E+03 .1578E+01 .1216E+01 .7361E-01 .6815E+00 .6079E+00 .1216E+01 .1314E+00 .1347E+01 .1216E+01 .7361E-01 .2457E+00
.6480E+03 .1592E+01 .1210E+01 .7300E-01 .6782E+00 .6052E+00 .1210E+01 .1309E+00 .1341E+01 .1210E+01 .7300E-01 .2454E+00
.6490E+03 .1561E+01 .1189E+01 .7148E-01 .6661E+00 .5946E+00 .1189E+01 .1286E+00 .1318E+01 .1189E+01 .7148E-01 .2416E+00
.6500E+03 .1530E+01 .1221E+01 .7305E-01 .6837E+00 .6107E+00 .1221E+01 .1320E+00 .1353E+01 .1221E+01 .7305E-01 .2483E+00
.6510E+03 .1587E+01 .1279E+01 .7622E-01 .7158E+00 .6396E+00 .1279E+01 .1382E+00 .1417E+01 .1279E+01 .7622E-01 .2603E+00
.6520E+03 .1569E+01 .1190E+01 .7071E-01 .6655E+00 .5948E+00 .1190E+01 .1286E+00 .1318E+01 .1190E+01 .7071E-01 .2428E+00
.6530E+03 .1567E+01 .1261E+01 .7462E-01 .7052E+00 .6306E+00 .1261E+01 .1363E+00 .1398E+01 .1261E+01 .7462E-01 .2579E+00
.6540E+03 .1544E+01 .1249E+01 .7366E-01 .6982E+00 .6246E+00 .1249E+01 .1351E+00 .1384E+01 .1249E+01 .7366E-01 .2559E+00
.6550E+03 .1510E+01 .1188E+01 .6981E-01 .6638E+00 .5940E+00 .1188E+01 .1284E+00 .1317E+01 .1188E+01 .6981E-01 .2438E+00
.6560E+03 .1322E+01 .1059E+01 .6202E-01 .5915E+00 .5295E+00 .1059E+01 .1145E+00 .1174E+01 .1059E+01 .6202E-01 .2176E+00
.6570E+03 .1357E+01 .1086E+01 .6338E-01 .6063E+00 .5429E+00 .1086E+01 .1176E+00 .1203E+01 .1086E+01 .6338E-01 .2240E+00
.6580E+03 .1510E+01 .1225E+01 .7124E-01 .6837E+00 .6125E+00 .1225E+01 .1328E+00 .1358E+01 .1225E+01 .7124E-01 .2537E+00
.6590E+03 .1514E+01 .1234E+01 .7151E-01 .6884E+00 .6168E+00 .1234E+01 .1338E+00 .1367E+01 .1234E+01 .7151E-01 .2561E+00
.6600E+03 .1518E+01 .1232E+01 .7118E-01 .6872E+00 .6160E+00 .1232E+01 .1336E+00 .1366E+01 .1232E+01 .7118E-01 .2561E+00
.6610E+03 .1528E+01 .1231E+01 .7090E-01 .6865E+00 .6156E+00 .1231E+01 .1335E+00 .1365E+01 .1231E+01 .7090E-01 .2564E+00
.6620E+03 .1538E+01 .1225E+01 .7033E-01 .6827E+00 .6123E+00 .1225E+01 .1330E+00 .1358E+01 .1225E+01 .7033E-01 .2560E+00
.6630E+03 .1505E+01 .1208E+01 .6913E-01 .6731E+00 .6039E+00 .1208E+01 .1314E+00 .1339E+01 .1208E+01 .6913E-01 .2535E+00
.6640E+03 .1513E+01 .1238E+01 .7054E-01 .6893E+00 .6188E+00 .1238E+01 .1346E+00 .1372E+01 .1238E+01 .7054E-01 .2603E+00
.6650E+03 .1507E+01 .1247E+01 .7083E-01 .6946E+00 .6237E+00 .1247E+01 .1356E+00 .1383E+01 .1247E+01 .7083E-01 .2627E+00
.6660E+03 .1505E+01 .1257E+01 .7112E-01 .6997E+00 .6286E+00 .1257E+01 .1367E+00 .1394E+01 .1257E+01 .7112E-01 .2651E+00
.6670E+03 .1500E+01 .1262E+01 .7113E-01 .7019E+00 .6308E+00 .1262E+01 .1372E+00 .1399E+01 .1262E+01 .7113E-01 .2667E+00
.6680E+03 .1497E+01 .1266E+01 .7112E-01 .7040E+00 .6329E+00 .1266E+01 .1378E+00 .1404E+01 .1266E+01 .7112E-01 .2682E+00
.6690E+03 .1518E+01 .1287E+01 .7204E-01 .7154E+00 .6433E+00 .1287E+01 .1400E+00 .1427E+01 .1287E+01 .7204E-01 .2730E+00
.6700E+03 .1510E+01 .1283E+01 .7156E-01 .7129E+00 .6413E+00 .1283E+01 .1396E+00 .1422E+01 .1283E+01 .7156E-01 .2725E+00
.6710E+03 .1508E+01 .1283E+01 .7135E-01 .7128E+00 .6415E+00 .1283E+01 .1397E+00 .1423E+01 .1283E+01 .7135E-01 .2733E+00
.6720E+03 .1494E+01 .1273E+01 .7058E-01 .7069E+00 .6363E+00 .1273E+01 .1389E+00 .1412E+01 .1273E+01 .7058E-01 .2726E+00
.6730E+03 .1515E+01 .1292E+01 .7149E-01 .7177E+00 .6462E+00 .1292E+01 .1414E+00 .1434E+01 .1292E+01 .7149E-01 .2784E+00
.6740E+03 .1508E+01 .1288E+01 .7100E-01 .7152E+00 .6442E+00 .1288E+01 .1409E+00 .1429E+01 .1288E+01 .7100E-01 .2778E+00
.6750E+03 .1493E+01 .1277E+01 .7014E-01 .7087E+00 .6385E+00 .1277E+01 .1397E+00 .1417E+01 .1277E+01 .7014E-01 .2757E+00
.6760E+03 .1502E+01 .1286E+01 .7040E-01 .7134E+00 .6430E+00 .1286E+01 .1408E+00 .1427E+01 .1286E+01 .7040E-01 .2783E+00
.6770E+03 .1486E+01 .1273E+01 .6950E-01 .7062E+00 .6367E+00 .1273E+01 .1396E+00 .1413E+01 .1273E+01 .6950E-01 .2767E+00
.6780E+03 .1489E+01 .1277E+01 .6947E-01 .7078E+00 .6384E+00 .1277E+01 .1402E+00 .1417E+01 .1277E+01 .6947E-01 .2785E+00
.6790E+03 .1464E+01 .1256E+01 .6814E-01 .6964E+00 .6282E+00 .1256E+01 .1380E+00 .1394E+01 .1256E+01 .6814E-01 .2748E+00
.6800E+03 .1475E+01 .1267E+01 .6849E-01 .7020E+00 .6335E+00 .1267E+01 .1393E+00 .1406E+01 .1267E+01 .6849E-01 .2778E+00
.6810E+03 .1465E+01 .1259E+01 .6784E-01 .6975E+00 .6297E+00 .1259E+01 .1385E+00 .1398E+01 .1259E+01 .6784E-01 .2768E+00
.6820E+03 .1463E+01 .1258E+01 .6756E-01 .6967E+00 .6291E+00 .1258E+01 .1385E+00 .1397E+01 .1258E+01 .6756E-01 .2772E+00
.6830E+03 .1460E+01 .1256E+01 .6721E-01 .6953E+00 .6281E+00 .1256E+01 .1383E+00 .1395E+01 .1256E+01 .6721E-01 .2773E+00
.6840E+03 .1453E+01 .1250E+01 .6663E-01 .6915E+00 .6249E+00 .1250E+01 .1376E+00 .1387E+01 .1250E+01 .6663E-01 .2762E+00
.6850E+03 .1464E+01 .1262E+01 .6703E-01 .6980E+00 .6310E+00 .1262E+01 .1389E+00 .1401E+01 .1262E+01 .6703E-01 .2792E+00
.6860E+03 .1457E+01 .1254E+01 .6641E-01 .6935E+00 .6271E+00 .1254E+01 .1381E+00 .1392E+01 .1254E+01 .6641E-01 .2783E+00
.6870E+03 .1475E+01 .8721E+00 .4678E-01 .4829E+00 .4361E+00 .8721E+00 .9704E-01 .9692E+00 .8721E+00 .4678E-01 .1950E+00
.6880E+03 .1458E+01 .1005E+01 .5337E-01 .5560E+00 .5027E+00 .1005E+01 .1116E+00 .1117E+01 .1005E+01 .5337E-01 .2252E+00
.6890E+03 .1455E+01 .1008E+01 .5332E-01 .5573E+00 .5040E+00 .1008E+01 .1118E+00 .1120E+01 .1008E+01 .5332E-01 .2260E+00
.6900E+03 .1445E+01 .1050E+01 .5527E-01 .5805E+00 .5252E+00 .1050E+01 .1164E+00 .1167E+01 .1050E+01 .5527E-01 .2356E+00
.6910E+03 .1434E+01 .1094E+01 .5728E-01 .6044E+00 .5471E+00 .1094E+01 .1213E+00 .1216E+01 .1094E+01 .5728E-01 .2461E+00
.6920E+03 .1421E+01 .1112E+01 .5796E-01 .6137E+00 .5558E+00 .1112E+01 .1233E+00 .1235E+01 .1112E+01 .5796E-01 .2509E+00
.6930E+03 .1423E+01 .1055E+01 .5487E-01 .5823E+00 .5274E+00 .1055E+01 .1172E+00 .1172E+01 .1055E+01 .5487E-01 .2390E+00
.6940E+03 .1427E+01 .1028E+01 .5319E-01 .5674E+00 .5142E+00 .1028E+01 .1141E+00 .1142E+01 .1028E+01 .5319E-01 .2332E+00
.6950E+03 .1427E+01 .1096E+01 .5642E-01 .6044E+00 .5480E+00 .1096E+01 .1215E+00 .1217E+01 .1096E+01 .5642E-01 .2486E+00
.6960E+03 .1439E+01 .1099E+01 .5633E-01 .6057E+00 .5494E+00 .1099E+01 .1219E+00 .1221E+01 .1099E+01 .5633E-01 .2501E+00
.6970E+03 .1433E+01 .1201E+01 .6147E-01 .6620E+00 .6005E+00 .1201E+01 .1335E+00 .1335E+01 .1201E+01 .6147E-01 .2743E+00
.6980E+03 .1413E+01 .1180E+01 .6023E-01 .6505E+00 .5902E+00 .1180E+01 .1313E+00 .1312E+01 .1180E+01 .6023E-01 .2703E+00
.6990E+03 .1432E+01 .1127E+01 .5731E-01 .6208E+00 .5635E+00 .1127E+01 .1254E+00 .1252E+01 .1127E+01 .5731E-01 .2584E+00
.7000E+03 .1414E+01 .1109E+01 .5623E-01 .6108E+00 .5546E+00 .1109E+01 .1234E+00 .1233E+01 .1109E+01 .5623E-01 .2546E+00
.7010E+03 .1411E+01 .1085E+01 .5493E-01 .5976E+00 .5427E+00 .1085E+01 .1210E+00 .1206E+01 .1085E+01 .5493E-01 .2501E+00
.7020E+03 .1403E+01 .1106E+01 .5578E-01 .6088E+00 .5530E+00 .1106E+01 .1235E+00 .1229E+01 .1106E+01 .5578E-01 .2557E+00
.7030E+03 .1409E+01 .1110E+01 .5572E-01 .6105E+00 .5548E+00 .1110E+01 .1239E+00 .1233E+01 .1110E+01 .5572E-01 .2571E+00
.7040E+03 .1423E+01 .1161E+01 .5811E-01 .6388E+00 .5807E+00 .1161E+01 .1296E+00 .1291E+01 .1161E+01 .5811E-01 .2693E+00
.7050E+03 .1425E+01 .1155E+01 .5765E-01 .6353E+00 .5776E+00 .1155E+01 .1290E+00 .1284E+01 .1155E+01 .5765E-01 .2682E+00
.7060E+03 .1411E+01 .1165E+01 .5792E-01 .6403E+00 .5824E+00 .1165E+01 .1301E+00 .1295E+01 .1165E+01 .5792E-01 .2710E+00
.7070E+03 .1408E+01 .1167E+01 .5782E-01 .6411E+00 .5833E+00 .1167E+01 .1304E+00 .1297E+01 .1167E+01 .5782E-01 .2720E+00
.7080E+03 .1411E+01 .1169E+01 .5777E-01 .6424E+00 .5846E+00 .1169E+01 .1307E+00 .1300E+01 .1169E+01 .5777E-01 .2731E+00
.7090E+03 .1397E+01 .1186E+01 .5834E-01 .6512E+00 .5929E+00 .1186E+01 .1325E+00 .1318E+01 .1186E+01 .5834E-01 .2772E+00
.7100E+03 .1404E+01 .1178E+01 .5778E-01 .6466E+00 .5888E+00 .1178E+01 .1317E+00 .1309E+01 .1178E+01 .5778E-01 .2758E+00
.7110E+03 .1397E+01 .1182E+01 .5781E-01 .6487E+00 .5909E+00 .1182E+01 .1325E+00 .1314E+01 .1182E+01 .5781E-01 .2785E+00
.7120E+03 .1386E+01 .1185E+01 .5778E-01 .6501E+00 .5923E+00 .1185E+01 .1332E+00 .1318E+01 .1185E+01 .5778E-01 .2809E+00
.7130E+03 .1378E+01 .1167E+01 .5675E-01 .6402E+00 .5835E+00 .1167E+01 .1313E+00 .1298E+01 .1167E+01 .5675E-01 .2771E+00
.7140E+03 .1383E+01 .1173E+01 .5681E-01 .6433E+00 .5865E+00 .1173E+01 .1318E+00 .1305E+01 .1173E+01 .5681E-01 .2785E+00
.7150E+03 .1357E+01 .1120E+01 .5408E-01 .6140E+00 .5599E+00 .1120E+01 .1258E+00 .1246E+01 .1120E+01 .5408E-01 .2661E+00
.7160E+03 .1364E+01 .1114E+01 .5364E-01 .6106E+00 .5570E+00 .1114E+01 .1254E+00 .1239E+01 .1114E+01 .5364E-01 .2657E+00
.7170E+03 .1383E+01 .8603E+00 .4141E-01 .4716E+00 .4302E+00 .8603E+00 .9711E-01 .9575E+00 .8603E+00 .4141E-01 .2063E+00
.7180E+03 .1361E+01 .7685E+00 .3680E-01 .4211E+00 .3843E+00 .7685E+00 .8672E-01 .8552E+00 .7685E+00 .3680E-01 .1848E+00
.7190E+03 .1336E+01 .7209E+00 .3423E-01 .3947E+00 .3605E+00 .7209E+00 .8119E-01 .8021E+00 .7209E+00 .3423E-01 .1737E+00
.7200E+03 .1362E+01 .7423E+00 .3532E-01 .4065E+00 .3711E+00 .7423E+00 .8388E-01 .8261E+00 .7423E+00 .3532E-01 .1793E+00
.7210E+03 .1347E+01 .8838E+00 .4182E-01 .4837E+00 .4419E+00 .8838E+00 .9982E-01 .9837E+00 .8838E+00 .4182E-01 .2138E+00
.7220E+03 .1346E+01 .1066E+01 .5041E-01 .5833E+00 .5329E+00 .1066E+01 .1206E+00 .1186E+01 .1066E+01 .5041E-01 .2582E+00
.7230E+03 .1358E+01 .9608E+00 .4519E-01 .5256E+00 .4804E+00 .9608E+00 .1086E+00 .1069E+01 .9608E+00 .4519E-01 .2331E+00
.7240E+03 .1347E+01 .8336E+00 .3903E-01 .4558E+00 .4168E+00 .8336E+00 .9418E-01 .9278E+00 .8336E+00 .3903E-01 .2026E+00
.7250E+03 .1338E+01 .7919E+00 .3705E-01 .4330E+00 .3959E+00 .7919E+00 .8958E-01 .8814E+00 .7919E+00 .3705E-01 .1927E+00
.7260E+03 .1340E+01 .8363E+00 .3905E-01 .4572E+00 .4182E+00 .8363E+00 .9465E-01 .9310E+00 .8363E+00 .3905E-01 .2037E+00
.7270E+03 .1349E+01 .8774E+00 .4072E-01 .4794E+00 .4387E+00 .8774E+00 .9916E-01 .9766E+00 .8774E+00 .4072E-01 .2138E+00
.7280E+03 .1325E+01 .7984E+00 .3696E-01 .4362E+00 .3992E+00 .7984E+00 .9026E-01 .8887E+00 .7984E+00 .3696E-01 .1948E+00
.7290E+03 .1298E+01 .8619E+00 .3971E-01 .4707E+00 .4310E+00 .8619E+00 .9736E-01 .9593E+00 .8619E+00 .3971E-01 .2104E+00
.7300E+03 .1330E+01 .8953E+00 .4133E-01 .4890E+00 .4476E+00 .8953E+00 .1014E+00 .9967E+00 .8953E+00 .4133E-01 .2189E+00
.7310E+03 .1320E+01 .8483E+00 .3894E-01 .4631E+00 .4242E+00 .8483E+00 .9606E-01 .9444E+00 .8483E+00 .3894E-01 .2079E+00
.7320E+03 .1323E+01 .9501E+00 .4344E-01 .5185E+00 .4750E+00 .9501E+00 .1076E+00 .1058E+01 .9501E+00 .4344E-01 .2332E+00
.7330E+03 .1319E+01 .1041E+01 .4748E-01 .5678E+00 .5203E+00 .1041E+01 .1179E+00 .1159E+01 .1041E+01 .4748E-01 .2556E+00
.7340E+03 .1333E+01 .1077E+01 .4896E-01 .5875E+00 .5386E+00 .1077E+01 .1221E+00 .1199E+01 .1077E+01 .4896E-01 .2648E+00
.7350E+03 .1314E+01 .1047E+01 .4746E-01 .5710E+00 .5235E+00 .1047E+01 .1187E+00 .1166E+01 .1047E+01 .4746E-01 .2578E+00
.7360E+03 .1308E+01 .1045E+01 .4726E-01 .5698E+00 .5225E+00 .1045E+01 .1186E+00 .1164E+01 .1045E+01 .4726E-01 .2579E+00
.7370E+03 .1318E+01 .1049E+01 .4726E-01 .5718E+00 .5246E+00 .1049E+01 .1191E+00 .1168E+01 .1049E+01 .4726E-01 .2594E+00
.7380E+03 .1296E+01 .1090E+01 .4890E-01 .5937E+00 .5448E+00 .1090E+01 .1236E+00 .1213E+01 .1090E+01 .4890E-01 .2696E+00
.7390E+03 .1274E+01 .1068E+01 .4776E-01 .5819E+00 .5341E+00 .1068E+01 .1212E+00 .1189E+01 .1068E+01 .4776E-01 .2646E+00
.7400E+03 .1293E+01 .1108E+01 .4936E-01 .6034E+00 .5541E+00 .1108E+01 .1257E+00 .1234E+01 .1108E+01 .4936E-01 .2747E+00
.7410E+03 .1272E+01 .1104E+01 .4901E-01 .6011E+00 .5520E+00 .1104E+01 .1252E+00 .1229E+01 .1104E+01 .4901E-01 .2740E+00
.7420E+03 .1266E+01 .1113E+01 .4921E-01 .6055E+00 .5563E+00 .1113E+01 .1262E+00 .1239E+01 .1113E+01 .4921E-01 .2763E+00
.7430E+03 .1296E+01 .1144E+01 .5040E-01 .6223E+00 .5719E+00 .1144E+01 .1296E+00 .1273E+01 .1144E+01 .5040E-01 .2840E+00
.7440E+03 .1288E+01 .1146E+01 .5029E-01 .6231E+00 .5728E+00 .1146E+01 .1297E+00 .1275E+01 .1146E+01 .5029E-01 .2844E+00
.7450E+03 .1285E+01 .1150E+01 .5031E-01 .6254E+00 .5751E+00 .1150E+01 .1302E+00 .1280E+01 .1150E+01 .5031E-01 .2859E+00
.7460E+03 .1291E+01 .1156E+01 .5039E-01 .6283E+00 .5779E+00 .1156E+01 .1309E+00 .1287E+01 .1156E+01 .5039E-01 .2878E+00
.7470E+03 .1293E+01 .1160E+01 .5040E-01 .6303E+00 .5799E+00 .1160E+01 .1314E+00 .1291E+01 .1160E+01 .5040E-01 .2893E+00
.7480E+03 .1290E+01 .1158E+01 .5015E-01 .6292E+00 .5791E+00 .1158E+01 .1311E+00 .1289E+01 .1158E+01 .5015E-01 .2888E+00
.7490E+03 .1275E+01 .1146E+01 .4944E-01 .6222E+00 .5728E+00 .1146E+01 .1296E+00 .1275E+01 .1146E+01 .4944E-01 .2856E+00
.7500E+03 .1274E+01 .1145E+01 .4928E-01 .6219E+00 .5727E+00 .1145E+01 .1296E+00 .1275E+01 .1145E+01 .4928E-01 .2860E+00
.7510E+03 .1261E+01 .1134E+01 .4866E-01 .6157E+00 .5670E+00 .1134E+01 .1284E+00 .1262E+01 .1134E+01 .4866E-01 .2838E+00
.7520E+03 .1266E+01 .1139E+01 .4875E-01 .6185E+00 .5697E+00 .1139E+01 .1291E+00 .1269E+01 .1139E+01 .4875E-01 .2856E+00
.7530E+03 .1272E+01 .1146E+01 .4886E-01 .6218E+00 .5729E+00 .1146E+01 .1298E+00 .1276E+01 .1146E+01 .4886E-01 .2871E+00
.7540E+03 .1275E+01 .1148E+01 .4882E-01 .6231E+00 .5742E+00 .1148E+01 .1300E+00 .1278E+01 .1148E+01 .4882E-01 .2878E+00
.7550E+03 .1268E+01 .1142E+01 .4841E-01 .6195E+00 .5711E+00 .1142E+01 .1293E+00 .1271E+01 .1142E+01 .4841E-01 .2866E+00
.7560E+03 .1267E+01 .1143E+01 .4829E-01 .6196E+00 .5713E+00 .1143E+01 .1295E+00 .1272E+01 .1143E+01 .4829E-01 .2874E+00
.7570E+03 .1269E+01 .1145E+01 .4823E-01 .6205E+00 .5723E+00 .1145E+01 .1298E+00 .1274E+01 .1145E+01 .4823E-01 .2884E+00
.7580E+03 .1254E+01 .1131E+01 .4750E-01 .6129E+00 .5654E+00 .1131E+01 .1282E+00 .1259E+01 .1131E+01 .4750E-01 .2852E+00
.7590E+03 .1250E+01 .1111E+01 .4655E-01 .6021E+00 .5556E+00 .1111E+01 .1260E+00 .1237E+01 .1111E+01 .4655E-01 .2806E+00
.7600E+03 .1250E+01 .2234E+00 .1028E-01 .1220E+00 .1117E+00 .2234E+00 .2657E-01 .2500E+00 .2234E+00 .1028E-01 .5725E-01
.7610E+03 .1246E+01 .1252E+00 .6052E-02 .6865E-01 .6260E-01 .1252E+00 .1529E-01 .1405E+00 .1252E+00 .6052E-02 .3229E-01
.7620E+03 .1224E+01 .6103E+00 .2594E-01 .3311E+00 .3051E+00 .6103E+00 .7003E-01 .6803E+00 .6103E+00 .2594E-01 .1552E+00
.7630E+03 .1247E+01 .3273E+00 .1446E-01 .1781E+00 .1637E+00 .3273E+00 .3830E-01 .3656E+00 .3273E+00 .1446E-01 .8370E-01
.7640E+03 .1240E+01 .4728E+00 .2028E-01 .2567E+00 .2364E+00 .4728E+00 .5459E-01 .5273E+00 .4728E+00 .2028E-01 .1205E+00
.7650E+03 .1227E+01 .6105E+00 .2570E-01 .3309E+00 .3052E+00 .6105E+00 .6994E-01 .6804E+00 .6105E+00 .2570E-01 .1553E+00
.7660E+03 .1177E+01 .7301E+00 .3030E-01 .3953E+00 .3650E+00 .7301E+00 .8320E-01 .8133E+00 .7301E+00 .3030E-01 .1856E+00
.7670E+03 .1217E+01 .9021E+00 .3704E-01 .4881E+00 .4511E+00 .9021E+00 .1024E+00 .1005E+01 .9021E+00 .3704E-01 .2292E+00
.7680E+03 .1222E+01 .1026E+01 .4182E-01 .5549E+00 .5131E+00 .1026E+01 .1163E+00 .1142E+01 .1026E+01 .4182E-01 .2608E+00
.7690E+03 .1210E+01 .1044E+01 .4239E-01 .5646E+00 .5222E+00 .1044E+01 .1184E+00 .1163E+01 .1044E+01 .4239E-01 .2657E+00
.7700E+03 .1210E+01 .1076E+01 .4352E-01 .5817E+00 .5382E+00 .1076E+01 .1220E+00 .1198E+01 .1076E+01 .4352E-01 .2742E+00
.7710E+03 .1202E+01 .1084E+01 .4366E-01 .5855E+00 .5418E+00 .1084E+01 .1229E+00 .1207E+01 .1084E+01 .4366E-01 .2766E+00
.7720E+03 .1199E+01 .1086E+01 .4359E-01 .5864E+00 .5428E+00 .1086E+01 .1231E+00 .1209E+01 .1086E+01 .4359E-01 .2774E+00
.7730E+03 .1206E+01 .1093E+01 .4374E-01 .5904E+00 .5467E+00 .1093E+01 .1239E+00 .1217E+01 .1093E+01 .4374E-01 .2793E+00
.7740E+03 .1199E+01 .1088E+01 .4338E-01 .5875E+00 .5441E+00 .1088E+01 .1232E+00 .1211E+01 .1088E+01 .4338E-01 .2779E+00
.7750E+03 .1189E+01 .1080E+01 .4291E-01 .5829E+00 .5400E+00 .1080E+01 .1223E+00 .1202E+01 .1080E+01 .4291E-01 .2764E+00
.7760E+03 .1203E+01 .1093E+01 .4330E-01 .5900E+00 .5467E+00 .1093E+01 .1239E+00 .1217E+01 .1093E+01 .4330E-01 .2805E+00
.7770E+03 .1187E+01 .1079E+01 .4260E-01 .5822E+00 .5396E+00 .1079E+01 .1223E+00 .1202E+01 .1079E+01 .4260E-01 .2771E+00
.7780E+03 .1180E+01 .1073E+01 .4219E-01 .5786E+00 .5364E+00 .1073E+01 .1215E+00 .1194E+01 .1073E+01 .4219E-01 .2754E+00
.7790E+03 .1181E+01 .1074E+01 .4209E-01 .5790E+00 .5369E+00 .1074E+01 .1215E+00 .1195E+01 .1074E+01 .4209E-01 .2756E+00
.7800E+03 .1174E+01 .1068E+01 .4174E-01 .5758E+00 .5341E+00 .1068E+01 .1209E+00 .1189E+01 .1068E+01 .4174E-01 .2744E+00
.7810E+03 .1175E+01 .1069E+01 .4167E-01 .5764E+00 .5347E+00 .1069E+01 .1211E+00 .1191E+01 .1069E+01 .4167E-01 .2750E+00
.7820E+03 .1182E+01 .1076E+01 .4181E-01 .5799E+00 .5381E+00 .1076E+01 .1219E+00 .1198E+01 .1076E+01 .4181E-01 .2771E+00
.7830E+03 .1161E+01 .1058E+01 .4098E-01 .5698E+00 .5289E+00 .1058E+01 .1198E+00 .1178E+01 .1058E+01 .4098E-01 .2725E+00
.7840E+03 .1166E+01 .1063E+01 .4107E-01 .5726E+00 .5315E+00 .1063E+01 .1204E+00 .1183E+01 .1063E+01 .4107E-01 .2741E+00
.7850E+03 .1159E+01 .1053E+01 .4057E-01 .5670E+00 .5264E+00 .1053E+01 .1193E+00 .1172E+01 .1053E+01 .4057E-01 .2718E+00
.7860E+03 .1173E+01 .1063E+01 .4083E-01 .5721E+00 .5313E+00 .1063E+01 .1204E+00 .1183E+01 .1063E+01 .4083E-01 .2747E+00
.7870E+03 .1168E+01 .1029E+01 .3947E-01 .5541E+00 .5146E+00 .1029E+01 .1167E+00 .1146E+01 .1029E+01 .3947E-01 .2663E+00
.7880E+03 .1162E+01 .1009E+01 .3860E-01 .5432E+00 .5046E+00 .1009E+01 .1145E+00 .1124E+01 .1009E+01 .3860E-01 .2614E+00
.7890E+03 .1168E+01 .1003E+01 .3825E-01 .5399E+00 .5017E+00 .1003E+01 .1138E+00 .1117E+01 .1003E+01 .3825E-01 .2601E+00
.7900E+03 .1166E+01 .9632E+00 .3660E-01 .5182E+00 .4816E+00 .9632E+00 .1093E+00 .1072E+01 .9632E+00 .3660E-01 .2500E+00
.7910E+03 .1150E+01 .9858E+00 .3735E-01 .5302E+00 .4929E+00 .9858E+00 .1118E+00 .1098E+01 .9858E+00 .3735E-01 .2561E+00
.7920E+03 .1139E+01 .9823E+00 .3710E-01 .5282E+00 .4911E+00 .9823E+00 .1114E+00 .1094E+01 .9823E+00 .3710E-01 .2552E+00
.7930E+03 .1124E+01 .9643E+00 .3631E-01 .5184E+00 .4821E+00 .9643E+00 .1093E+00 .1074E+01 .9643E+00 .3631E-01 .2505E+00
.7940E+03 .1111E+01 .1005E+01 .3771E-01 .5401E+00 .5024E+00 .1005E+01 .1138E+00 .1119E+01 .1005E+01 .3771E-01 .2609E+00
.7950E+03 .1137E+01 .1015E+01 .3800E-01 .5456E+00 .5076E+00 .1015E+01 .1150E+00 .1130E+01 .1015E+01 .3800E-01 .2640E+00
.7960E+03 .1141E+01 .9563E+00 .3570E-01 .5139E+00 .4782E+00 .9563E+00 .1084E+00 .1065E+01 .9563E+00 .3570E-01 .2490E+00
.7970E+03 .1140E+01 .9549E+00 .3558E-01 .5130E+00 .4774E+00 .9549E+00 .1084E+00 .1063E+01 .9549E+00 .3558E-01 .2491E+00
.7980E+03 .1139E+01 .1009E+01 .3747E-01 .5422E+00 .5047E+00 .1009E+01 .1146E+00 .1124E+01 .1009E+01 .3747E-01 .2638E+00
.7990E+03 .1140E+01 .9978E+00 .3694E-01 .5359E+00 .4989E+00 .9978E+00 .1133E+00 .1111E+01 .9978E+00 .3694E-01 .2612E+00
.8000E+03 .1130E+01 .9727E+00 .3590E-01 .5222E+00 .4863E+00 .9727E+00 .1104E+00 .1083E+01 .9727E+00 .3590E-01 .2546E+00
.8010E+03 .1133E+01 .9660E+00 .3554E-01 .5186E+00 .4830E+00 .9660E+00 .1096E+00 .1076E+01 .9660E+00 .3554E-01 .2528E+00
.8020E+03 .1128E+01 .9628E+00 .3533E-01 .5167E+00 .4814E+00 .9628E+00 .1093E+00 .1072E+01 .9628E+00 .3533E-01 .2521E+00
.8030E+03 .1123E+01 .9517E+00 .3483E-01 .5107E+00 .4758E+00 .9517E+00 .1080E+00 .1060E+01 .9517E+00 .3483E-01 .2495E+00
.8040E+03 .1121E+01 .9566E+00 .3490E-01 .5132E+00 .4783E+00 .9566E+00 .1086E+00 .1065E+01 .9566E+00 .3490E-01 .2510E+00
.8050E+03 .1107E+01 .9623E+00 .3499E-01 .5162E+00 .4812E+00 .9623E+00 .1092E+00 .1072E+01 .9623E+00 .3499E-01 .2527E+00
.8060E+03 .1122E+01 .1002E+01 .3629E-01 .5371E+00 .5008E+00 .1002E+01 .1137E+00 .1115E+01 .1002E+01 .3629E-01 .2632E+00
.8070E+03 .1113E+01 .9872E+00 .3565E-01 .5292E+00 .4936E+00 .9872E+00 .1120E+00 .1099E+01 .9872E+00 .3565E-01 .2596E+00
.8080E+03 .1111E+01 .9899E+00 .3564E-01 .5306E+00 .4949E+00 .9899E+00 .1124E+00 .1102E+01 .9899E+00 .3564E-01 .2606E+00
.8090E+03 .1102E+01 .9620E+00 .3454E-01 .5155E+00 .4810E+00 .9620E+00 .1092E+00 .1071E+01 .9620E+00 .3454E-01 .2535E+00
.8100E+03 .1105E+01 .9410E+00 .3369E-01 .5042E+00 .4705E+00 .9410E+00 .1068E+00 .1048E+01 .9410E+00 .3369E-01 .2483E+00
.8110E+03 .1116E+01 .9359E+00 .3339E-01 .5014E+00 .4680E+00 .9359E+00 .1063E+00 .1042E+01 .9359E+00 .3339E-01 .2472E+00
.8120E+03 .1117E+01 .8865E+00 .3158E-01 .4748E+00 .4432E+00 .8865E+00 .1008E+00 .9872E+00 .8865E+00 .3158E-01 .2347E+00
.8130E+03 .1119E+01 .8621E+00 .3056E-01 .4616E+00 .4311E+00 .8621E+00 .9801E-01 .9602E+00 .8621E+00 .3056E-01 .2287E+00
.8140E+03 .1112E+01 .7097E+00 .2501E-01 .3799E+00 .3548E+00 .7097E+00 .8060E-01 .7903E+00 .7097E+00 .2501E-01 .1886E+00
.8150E+03 .1106E+01 .7117E+00 .2497E-01 .3808E+00 .3559E+00 .7117E+00 .8074E-01 .7925E+00 .7117E+00 .2497E-01 .1891E+00
.8160E+03 .1104E+01 .6566E+00 .2291E-01 .3512E+00 .3283E+00 .6566E+00 .7437E-01 .7310E+00 .6566E+00 .2291E-01 .1745E+00
.8170E+03 .1100E+01 .6804E+00 .2369E-01 .3639E+00 .3402E+00 .6804E+00 .7709E-01 .7575E+00 .6804E+00 .2369E-01 .1809E+00
.8180E+03 .1078E+01 .6450E+00 .2243E-01 .3450E+00 .3225E+00 .6450E+00 .7315E-01 .7182E+00 .6450E+00 .2243E-01 .1717E+00
.8190E+03 .1072E+01 .7685E+00 .2669E-01 .4109E+00 .3842E+00 .7685E+00 .8722E-01 .8557E+00 .7685E+00 .2669E-01 .2046E+00
.8200E+03 .1065E+01 .7066E+00 .2444E-01 .3777E+00 .3533E+00 .7066E+00 .8018E-01 .7868E+00 .7066E+00 .2444E-01 .1884E+00
.8210E+03 .1064E+01 .8768E+00 .3035E-01 .4688E+00 .4384E+00 .8768E+00 .9968E-01 .9765E+00 .8768E+00 .3035E-01 .2338E+00
.8220E+03 .1066E+01 .8396E+00 .2897E-01 .4488E+00 .4198E+00 .8396E+00 .9545E-01 .9351E+00 .8396E+00 .2897E-01 .2242E+00
.8230E+03 .1077E+01 .5118E+00 .1747E-01 .2734E+00 .2559E+00 .5118E+00 .5799E-01 .5698E+00 .5118E+00 .1747E-01 .1370E+00
.8240E+03 .1074E+01 .7849E+00 .2698E-01 .4195E+00 .3925E+00 .7849E+00 .8935E-01 .8743E+00 .7849E+00 .2698E-01 .2101E+00
.8250E+03 .1071E+01 .8612E+00 .2945E-01 .4601E+00 .4306E+00 .8612E+00 .9794E-01 .9592E+00 .8612E+00 .2945E-01 .2305E+00
.8260E+03 .1079E+01 .8126E+00 .2769E-01 .4340E+00 .4063E+00 .8126E+00 .9238E-01 .9049E+00 .8126E+00 .2769E-01 .2177E+00
.8270E+03 .1077E+01 .8714E+00 .2968E-01 .4654E+00 .4357E+00 .8714E+00 .9920E-01 .9706E+00 .8714E+00 .2968E-01 .2337E+00
.8280E+03 .1071E+01 .6880E+00 .2331E-01 .3673E+00 .3440E+00 .6880E+00 .7825E-01 .7662E+00 .6880E+00 .2331E-01 .1848E+00
.8290E+03 .1064E+01 .8084E+00 .2733E-01 .4315E+00 .4042E+00 .8084E+00 .9196E-01 .9003E+00 .8084E+00 .2733E-01 .2171E+00
.8300E+03 .1061E+01 .7843E+00 .2645E-01 .4186E+00 .3921E+00 .7843E+00 .8918E-01 .8735E+00 .7843E+00 .2645E-01 .2106E+00
.8310E+03 .1055E+01 .7882E+00 .2652E-01 .4206E+00 .3941E+00 .7882E+00 .8962E-01 .8778E+00 .7882E+00 .2652E-01 .2117E+00
.8320E+03 .1058E+01 .7527E+00 .2523E-01 .4016E+00 .3763E+00 .7527E+00 .8562E-01 .8383E+00 .7527E+00 .2523E-01 .2026E+00
.8330E+03 .1025E+01 .8322E+00 .2793E-01 .4440E+00 .4161E+00 .8322E+00 .9493E-01 .9271E+00 .8322E+00 .2793E-01 .2244E+00
.8340E+03 .1030E+01 .7833E+00 .2618E-01 .4178E+00 .3916E+00 .7833E+00 .8934E-01 .8726E+00 .7833E+00 .2618E-01 .2116E+00
.8350E+03 .1046E+01 .9067E+00 .3024E-01 .4836E+00 .4533E+00 .9067E+00 .1035E+00 .1010E+01 .9067E+00 .3024E-01 .2450E+00
.8360E+03 .1051E+01 .8328E+00 .2773E-01 .4441E+00 .4164E+00 .8328E+00 .9510E-01 .9279E+00 .8328E+00 .2773E-01 .2254E+00
.8370E+03 .1046E+01 .9097E+00 .3019E-01 .4850E+00 .4548E+00 .9097E+00 .1039E+00 .1014E+01 .9097E+00 .3019E-01 .2463E+00
.8380E+03 .1030E+01 .8647E+00 .2865E-01 .4610E+00 .4324E+00 .8647E+00 .9881E-01 .9635E+00 .8647E+00 .2865E-01 .2343E+00
.8390E+03 .1027E+01 .8977E+00 .2965E-01 .4785E+00 .4489E+00 .8977E+00 .1026E+00 .1000E+01 .8977E+00 .2965E-01 .2435E+00
.8400E+03 .1044E+01 .9217E+00 .3035E-01 .4912E+00 .4608E+00 .9217E+00 .1053E+00 .1027E+01 .9217E+00 .3035E-01 .2502E+00
.8410E+03 .1038E+01 .9017E+00 .2962E-01 .4805E+00 .4509E+00 .9017E+00 .1031E+00 .1005E+01 .9017E+00 .2962E-01 .2450E+00
.8420E+03 .1029E+01 .9148E+00 .2994E-01 .4873E+00 .4574E+00 .9148E+00 .1046E+00 .1019E+01 .9148E+00 .2994E-01 .2487E+00
.8430E+03 .1017E+01 .9255E+00 .3019E-01 .4929E+00 .4627E+00 .9255E+00 .1058E+00 .1031E+01 .9255E+00 .3019E-01 .2519E+00
.8440E+03 .1010E+01 .9056E+00 .2947E-01 .4822E+00 .4528E+00 .9056E+00 .1035E+00 .1009E+01 .9056E+00 .2947E-01 .2467E+00
.8450E+03 .1034E+01 .9459E+00 .3068E-01 .5036E+00 .4729E+00 .9459E+00 .1082E+00 .1054E+01 .9459E+00 .3068E-01 .2579E+00
.8460E+03 .1028E+01 .9439E+00 .3053E-01 .5025E+00 .4720E+00 .9439E+00 .1079E+00 .1052E+01 .9439E+00 .3053E-01 .2576E+00
.8470E+03 .1005E+01 .9301E+00 .2999E-01 .4950E+00 .4650E+00 .9301E+00 .1063E+00 .1036E+01 .9301E+00 .2999E-01 .2540E+00
.8480E+03 .1004E+01 .9194E+00 .2956E-01 .4892E+00 .4597E+00 .9194E+00 .1050E+00 .1024E+01 .9194E+00 .2956E-01 .2513E+00
.8490E+03 .9755E+00 .8934E+00 .2864E-01 .4754E+00 .4467E+00 .8934E+00 .1020E+00 .9954E+00 .8934E+00 .2864E-01 .2445E+00
.8500E+03 .9336E+00 .8569E+00 .2739E-01 .4558E+00 .4284E+00 .8569E+00 .9773E-01 .9546E+00 .8569E+00 .2739E-01 .2347E+00
.8510E+03 .9946E+00 .9024E+00 .2876E-01 .4799E+00 .4512E+00 .9024E+00 .1028E+00 .1005E+01 .9024E+00 .2876E-01 .2473E+00
.8520E+03 .9850E+00 .8982E+00 .2853E-01 .4776E+00 .4491E+00 .8982E+00 .1022E+00 .1000E+01 .8982E+00 .2853E-01 .2461E+00
.8530E+03 .9433E+00 .8696E+00 .2753E-01 .4623E+00 .4348E+00 .8696E+00 .9883E-01 .9684E+00 .8696E+00 .2753E-01 .2383E+00
.8540E+03 .8184E+00 .7466E+00 .2358E-01 .3969E+00 .3733E+00 .7466E+00 .8481E-01 .8314E+00 .7466E+00 .2358E-01 .2047E+00
.8550E+03 .8936E+00 .8263E+00 .2602E-01 .4392E+00 .4131E+00 .8263E+00 .9381E-01 .9201E+00 .8263E+00 .2602E-01 .2268E+00
.8560E+03 .9789E+00 .9001E+00 .2828E-01 .4783E+00 .4500E+00 .9001E+00 .1022E+00 .1002E+01 .9001E+00 .2828E-01 .2474E+00
.8570E+03 .9971E+00 .9243E+00 .2897E-01 .4911E+00 .4622E+00 .9243E+00 .1050E+00 .1029E+01 .9243E+00 .2897E-01 .2545E+00
.8580E+03 .9912E+00 .9159E+00 .2864E-01 .4866E+00 .4579E+00 .9159E+00 .1040E+00 .1020E+01 .9159E+00 .2864E-01 .2527E+00
.8590E+03 .9901E+00 .9185E+00 .2864E-01 .4879E+00 .4593E+00 .9185E+00 .1042E+00 .1023E+01 .9185E+00 .2864E-01 .2535E+00
.8600E+03 .9903E+00 .9222E+00 .2868E-01 .4898E+00 .4611E+00 .9222E+00 .1045E+00 .1027E+01 .9222E+00 .2868E-01 .2545E+00
.8610E+03 .9853E+00 .9165E+00 .2843E-01 .4867E+00 .4582E+00 .9165E+00 .1038E+00 .1020E+01 .9165E+00 .2843E-01 .2531E+00
.8620E+03 .1000E+01 .9320E+00 .2885E-01 .4948E+00 .4660E+00 .9320E+00 .1056E+00 .1038E+01 .9320E+00 .2885E-01 .2579E+00
.8630E+03 .1024E+01 .9540E+00 .2946E-01 .5065E+00 .4770E+00 .9540E+00 .1082E+00 .1062E+01 .9540E+00 .2946E-01 .2645E+00
.8640E+03 .9722E+00 .9063E+00 .2792E-01 .4811E+00 .4532E+00 .9063E+00 .1027E+00 .1009E+01 .9063E+00 .2792E-01 .2515E+00
.8650E+03 .9633E+00 .8988E+00 .2762E-01 .4770E+00 .4494E+00 .8988E+00 .1018E+00 .1001E+01 .8988E+00 .2762E-01 .2496E+00
.8660E+03 .8662E+00 .8083E+00 .2478E-01 .4289E+00 .4041E+00 .8083E+00 .9152E-01 .8998E+00 .8083E+00 .2478E-01 .2247E+00
.8670E+03 .9038E+00 .8436E+00 .2579E-01 .4476E+00 .4218E+00 .8436E+00 .9548E-01 .9391E+00 .8436E+00 .2579E-01 .2347E+00
.8680E+03 .9833E+00 .9181E+00 .2800E-01 .4871E+00 .4591E+00 .9181E+00 .1039E+00 .1022E+01 .9181E+00 .2800E-01 .2557E+00
.8690E+03 .9627E+00 .8993E+00 .2736E-01 .4770E+00 .4496E+00 .8993E+00 .1017E+00 .1001E+01 .8993E+00 .2736E-01 .2507E+00
.8700E+03 .9901E+00 .9250E+00 .2807E-01 .4906E+00 .4625E+00 .9250E+00 .1046E+00 .1030E+01 .9250E+00 .2807E-01 .2581E+00
.8710E+03 .9766E+00 .9123E+00 .2761E-01 .4838E+00 .4562E+00 .9123E+00 .1031E+00 .1015E+01 .9123E+00 .2761E-01 .2548E+00
.8720E+03 .9729E+00 .9095E+00 .2746E-01 .4822E+00 .4547E+00 .9095E+00 .1027E+00 .1012E+01 .9095E+00 .2746E-01 .2542E+00
.8730E+03 .9709E+00 .9078E+00 .2734E-01 .4812E+00 .4539E+00 .9078E+00 .1025E+00 .1010E+01 .9078E+00 .2734E-01 .2540E+00
.8740E+03 .9593E+00 .8971E+00 .2694E-01 .4755E+00 .4486E+00 .8971E+00 .1012E+00 .9983E+00 .8971E+00 .2694E-01 .2510E+00
.8750E+03 .9401E+00 .8787E+00 .2631E-01 .4657E+00 .4394E+00 .8787E+00 .9900E-01 .9777E+00 .8787E+00 .2631E-01 .2458E+00
.8760E+03 .9502E+00 .8875E+00 .2650E-01 .4703E+00 .4437E+00 .8875E+00 .9991E-01 .9874E+00 .8875E+00 .2650E-01 .2484E+00
.8770E+03 .9594E+00 .8972E+00 .2672E-01 .4753E+00 .4486E+00 .8972E+00 .1010E+00 .9981E+00 .8972E+00 .2672E-01 .2513E+00
.8780E+03 .9708E+00 .9057E+00 .2691E-01 .4797E+00 .4528E+00 .9057E+00 .1019E+00 .1008E+01 .9057E+00 .2691E-01 .2540E+00
.8790E+03 .9556E+00 .8921E+00 .2644E-01 .4725E+00 .4461E+00 .8921E+00 .1003E+00 .9924E+00 .8921E+00 .2644E-01 .2504E+00
.8800E+03 .9350E+00 .8735E+00 .2582E-01 .4626E+00 .4368E+00 .8735E+00 .9818E-01 .9717E+00 .8735E+00 .2582E-01 .2454E+00
.8810E+03 .9237E+00 .8573E+00 .2527E-01 .4539E+00 .4286E+00 .8573E+00 .9635E-01 .9536E+00 .8573E+00 .2527E-01 .2412E+00
.8820E+03 .9442E+00 .8755E+00 .2575E-01 .4635E+00 .4378E+00 .8755E+00 .9844E-01 .9740E+00 .8755E+00 .2575E-01 .2468E+00
.8830E+03 .9454E+00 .8800E+00 .2581E-01 .4658E+00 .4400E+00 .8800E+00 .9895E-01 .9789E+00 .8800E+00 .2581E-01 .2484E+00
.8840E+03 .9416E+00 .8759E+00 .2562E-01 .4636E+00 .4379E+00 .8759E+00 .9838E-01 .9742E+00 .8759E+00 .2562E-01 .2473E+00
.8850E+03 .9486E+00 .8827E+00 .2575E-01 .4671E+00 .4413E+00 .8827E+00 .9904E-01 .9817E+00 .8827E+00 .2575E-01 .2492E+00
.8860E+03 .9132E+00 .8323E+00 .2422E-01 .4404E+00 .4161E+00 .8323E+00 .9337E-01 .9257E+00 .8323E+00 .2422E-01 .2352E+00
.8870E+03 .9164E+00 .8479E+00 .2461E-01 .4486E+00 .4239E+00 .8479E+00 .9514E-01 .9430E+00 .8479E+00 .2461E-01 .2401E+00
.8880E+03 .9363E+00 .8548E+00 .2475E-01 .4521E+00 .4274E+00 .8548E+00 .9592E-01 .9507E+00 .8548E+00 .2475E-01 .2424E+00
.8890E+03 .9366E+00 .8743E+00 .2525E-01 .4624E+00 .4372E+00 .8743E+00 .9801E-01 .9724E+00 .8743E+00 .2525E-01 .2479E+00
.8900E+03 .9393E+00 .8562E+00 .2466E-01 .4527E+00 .4281E+00 .8562E+00 .9588E-01 .9521E+00 .8562E+00 .2466E-01 .2428E+00
.8910E+03 .9322E+00 .8585E+00 .2466E-01 .4539E+00 .4292E+00 .8585E+00 .9613E-01 .9546E+00 .8585E+00 .2466E-01 .2437E+00
.8920E+03 .9173E+00 .8237E+00 .2362E-01 .4355E+00 .4119E+00 .8237E+00 .9229E-01 .9160E+00 .8237E+00 .2362E-01 .2343E+00
.8930E+03 .9118E+00 .7875E+00 .2250E-01 .4162E+00 .3937E+00 .7875E+00 .8819E-01 .8757E+00 .7875E+00 .2250E-01 .2244E+00
.8940E+03 .9140E+00 .7316E+00 .2085E-01 .3866E+00 .3658E+00 .7316E+00 .8185E-01 .8134E+00 .7316E+00 .2085E-01 .2085E+00
.8950E+03 .9104E+00 .6617E+00 .1882E-01 .3497E+00 .3308E+00 .6617E+00 .7397E-01 .7357E+00 .6617E+00 .1882E-01 .1886E+00
.8960E+03 .9238E+00 .6080E+00 .1717E-01 .3212E+00 .3040E+00 .6080E+00 .6781E-01 .6758E+00 .6080E+00 .1717E-01 .1735E+00
.8970E+03 .9099E+00 .4914E+00 .1380E-01 .2595E+00 .2457E+00 .4914E+00 .5474E-01 .5461E+00 .4914E+00 .1380E-01 .1404E+00
.8980E+03 .9137E+00 .5631E+00 .1582E-01 .2974E+00 .2815E+00 .5631E+00 .6278E-01 .6259E+00 .5631E+00 .1582E-01 .1610E+00
.8990E+03 .9110E+00 .4205E+00 .1168E-01 .2219E+00 .2103E+00 .4205E+00 .4670E-01 .4672E+00 .4205E+00 .1168E-01 .1204E+00
.9000E+03 .8902E+00 .6072E+00 .1696E-01 .3205E+00 .3036E+00 .6072E+00 .6763E-01 .6748E+00 .6072E+00 .1696E-01 .1739E+00
.9010E+03 .8596E+00 .4080E+00 .1139E-01 .2154E+00 .2040E+00 .4080E+00 .4549E-01 .4535E+00 .4080E+00 .1139E-01 .1172E+00
.9020E+03 .8684E+00 .5420E+00 .1507E-01 .2861E+00 .2710E+00 .5420E+00 .6041E-01 .6024E+00 .5420E+00 .1507E-01 .1558E+00
.9030E+03 .9014E+00 .5393E+00 .1497E-01 .2846E+00 .2696E+00 .5393E+00 .6012E-01 .5994E+00 .5393E+00 .1497E-01 .1552E+00
.9040E+03 .9104E+00 .7301E+00 .2031E-01 .3854E+00 .3650E+00 .7301E+00 .8146E-01 .8116E+00 .7301E+00 .2031E-01 .2100E+00
.9050E+03 .9078E+00 .6940E+00 .1924E-01 .3662E+00 .3470E+00 .6940E+00 .7733E-01 .7713E+00 .6940E+00 .1924E-01 .1996E+00
.9060E+03 .8868E+00 .6439E+00 .1777E-01 .3397E+00 .3220E+00 .6439E+00 .7170E-01 .7156E+00 .6439E+00 .1777E-01 .1855E+00
.9070E+03 .8940E+00 .4888E+00 .1340E-01 .2578E+00 .2444E+00 .4888E+00 .5437E-01 .5431E+00 .4888E+00 .1340E-01 .1412E+00
.9080E+03 .8783E+00 .4954E+00 .1356E-01 .2613E+00 .2477E+00 .4954E+00 .5512E-01 .5506E+00 .4954E+00 .1356E-01 .1433E+00
.9090E+03 .8604E+00 .5524E+00 .1513E-01 .2913E+00 .2762E+00 .5524E+00 .6147E-01 .6138E+00 .5524E+00 .1513E-01 .1597E+00
.9100E+03 .8774E+00 .4539E+00 .1238E-01 .2393E+00 .2269E+00 .4539E+00 .5042E-01 .5043E+00 .4539E+00 .1238E-01 .1313E+00
.9110E+03 .8728E+00 .5100E+00 .1381E-01 .2688E+00 .2550E+00 .5100E+00 .5658E-01 .5666E+00 .5100E+00 .1381E-01 .1477E+00
.9120E+03 .8740E+00 .5358E+00 .1458E-01 .2825E+00 .2679E+00 .5358E+00 .5962E-01 .5954E+00 .5358E+00 .1458E-01 .1555E+00
.9130E+03 .8932E+00 .4562E+00 .1236E-01 .2405E+00 .2281E+00 .4562E+00 .5072E-01 .5069E+00 .4562E+00 .1236E-01 .1326E+00
.9140E+03 .8826E+00 .4526E+00 .1224E-01 .2385E+00 .2263E+00 .4526E+00 .5029E-01 .5029E+00 .4526E+00 .1224E-01 .1315E+00
.9150E+03 .8753E+00 .4874E+00 .1323E-01 .2569E+00 .2437E+00 .4874E+00 .5423E-01 .5417E+00 .4874E+00 .1323E-01 .1416E+00
.9160E+03 .8791E+00 .4084E+00 .1094E-01 .2151E+00 .2042E+00 .4084E+00 .4527E-01 .4537E+00 .4084E+00 .1094E-01 .1189E+00
.9170E+03 .8667E+00 .5560E+00 .1500E-01 .2930E+00 .2780E+00 .5560E+00 .6188E-01 .6179E+00 .5560E+00 .1500E-01 .1621E+00
.9180E+03 .8709E+00 .4088E+00 .1095E-01 .2154E+00 .2044E+00 .4088E+00 .4541E-01 .4542E+00 .4088E+00 .1095E-01 .1194E+00
.9190E+03 .8739E+00 .5849E+00 .1567E-01 .3081E+00 .2924E+00 .5849E+00 .6496E-01 .6498E+00 .5849E+00 .1567E-01 .1706E+00
.9200E+03 .8632E+00 .6025E+00 .1603E-01 .3173E+00 .3012E+00 .6025E+00 .6674E-01 .6692E+00 .6025E+00 .1603E-01 .1756E+00
.9210E+03 .8416E+00 .6397E+00 .1709E-01 .3369E+00 .3199E+00 .6397E+00 .7108E-01 .7108E+00 .6397E+00 .1709E-01 .1868E+00
.9220E+03 .8384E+00 .5449E+00 .1446E-01 .2869E+00 .2725E+00 .5449E+00 .6048E-01 .6054E+00 .5449E+00 .1446E-01 .1595E+00
.9230E+03 .8153E+00 .6242E+00 .1658E-01 .3287E+00 .3121E+00 .6242E+00 .6935E-01 .6936E+00 .6242E+00 .1658E-01 .1828E+00
.9240E+03 .8412E+00 .5466E+00 .1451E-01 .2878E+00 .2733E+00 .5466E+00 .6071E-01 .6073E+00 .5466E+00 .1451E-01 .1602E+00
.9250E+03 .8410E+00 .5420E+00 .1431E-01 .2853E+00 .2710E+00 .5420E+00 .6008E-01 .6020E+00 .5420E+00 .1431E-01 .1588E+00
.9260E+03 .8302E+00 .5375E+00 .1422E-01 .2830E+00 .2688E+00 .5375E+00 .5970E-01 .5972E+00 .5375E+00 .1422E-01 .1578E+00
.9270E+03 .8567E+00 .6281E+00 .1662E-01 .3307E+00 .3141E+00 .6281E+00 .6987E-01 .6980E+00 .6281E+00 .1662E-01 .1847E+00
.9280E+03 .8581E+00 .3837E+00 .1011E-01 .2020E+00 .1918E+00 .3837E+00 .4266E-01 .4263E+00 .3837E+00 .1011E-01 .1131E+00
.9290E+03 .8467E+00 .3238E+00 .8542E-02 .1705E+00 .1619E+00 .3238E+00 .3603E-01 .3599E+00 .3238E+00 .8542E-02 .9561E-01
.9300E+03 .8511E+00 .2555E+00 .6751E-02 .1345E+00 .1278E+00 .2555E+00 .2847E-01 .2840E+00 .2555E+00 .6751E-02 .7557E-01
.9310E+03 .8511E+00 .2385E+00 .6298E-02 .1255E+00 .1192E+00 .2385E+00 .2658E-01 .2651E+00 .2385E+00 .6298E-02 .7062E-01
.9320E+03 .8466E+00 .1478E+00 .3968E-02 .7786E-01 .7389E-01 .1478E+00 .1658E-01 .1644E+00 .1478E+00 .3968E-02 .4388E-01
.9330E+03 .8498E+00 .1122E+00 .3036E-02 .5914E-01 .5611E-01 .1122E+00 .1263E-01 .1248E+00 .1122E+00 .3036E-02 .3336E-01
.9340E+03 .8477E+00 .4374E-01 .1275E-02 .2315E-01 .2187E-01 .4374E-01 .5064E-02 .4881E-01 .4374E-01 .1275E-02 .1307E-01
.9350E+03 .8377E+00 .1313E+00 .3488E-02 .6914E-01 .6565E-01 .1313E+00 .1468E-01 .1460E+00 .1313E+00 .3488E-02 .3900E-01
.9360E+03 .8335E+00 .6712E-01 .1832E-02 .3539E-01 .3356E-01 .6712E-01 .7590E-02 .7471E-01 .6712E-01 .1832E-02 .2002E-01
.9370E+03 .8395E+00 .7156E-01 .1939E-02 .3772E-01 .3578E-01 .7156E-01 .8080E-02 .7964E-01 .7156E-01 .1939E-02 .2137E-01
.9380E+03 .8388E+00 .9193E-01 .2469E-02 .4843E-01 .4597E-01 .9193E-01 .1035E-01 .1023E+00 .9193E-01 .2469E-02 .2745E-01
.9390E+03 .8327E+00 .2414E+00 .6242E-02 .1269E+00 .1207E+00 .2414E+00 .2681E-01 .2682E+00 .2414E+00 .6242E-02 .7184E-01
.9400E+03 .8229E+00 .3043E+00 .7827E-02 .1600E+00 .1522E+00 .3043E+00 .3374E-01 .3380E+00 .3043E+00 .7827E-02 .9050E-01
.9410E+03 .7930E+00 .2067E+00 .5347E-02 .1087E+00 .1033E+00 .2067E+00 .2296E-01 .2297E+00 .2067E+00 .5347E-02 .6153E-01
.9420E+03 .8095E+00 .2506E+00 .6460E-02 .1318E+00 .1253E+00 .2506E+00 .2781E-01 .2785E+00 .2506E+00 .6460E-02 .7458E-01
.9430E+03 .8194E+00 .1598E+00 .4115E-02 .8404E-01 .7992E-01 .1598E+00 .1774E-01 .1776E+00 .1598E+00 .4115E-02 .4764E-01
.9440E+03 .8084E+00 .1888E+00 .4750E-02 .9917E-01 .9442E-01 .1888E+00 .2080E-01 .2096E+00 .1888E+00 .4750E-02 .5626E-01
.9450E+03 .8165E+00 .2182E+00 .5559E-02 .1147E+00 .1091E+00 .2182E+00 .2415E-01 .2424E+00 .2182E+00 .5559E-02 .6508E-01
.9460E+03 .8194E+00 .9194E-01 .2396E-02 .4837E-01 .4597E-01 .9194E-01 .1026E-01 .1022E+00 .9194E-01 .2396E-02 .2749E-01
.9470E+03 .8212E+00 .2085E+00 .5320E-02 .1096E+00 .1043E+00 .2085E+00 .2309E-01 .2316E+00 .2085E+00 .5320E-02 .6221E-01
.9480E+03 .8219E+00 .1625E+00 .4081E-02 .8531E-01 .8123E-01 .1625E+00 .1790E-01 .1804E+00 .1625E+00 .4081E-02 .4849E-01
.9490E+03 .8212E+00 .3129E+00 .7924E-02 .1644E+00 .1564E+00 .3129E+00 .3460E-01 .3475E+00 .3129E+00 .7924E-02 .9338E-01
.9500E+03 .8154E+00 .5833E-01 .1529E-02 .3069E-01 .2916E-01 .5833E-01 .6532E-02 .6486E-01 .5833E-01 .1529E-02 .1750E-01
.9510E+03 .8110E+00 .3068E+00 .7743E-02 .1611E+00 .1534E+00 .3068E+00 .3390E-01 .3407E+00 .3068E+00 .7743E-02 .9161E-01
.9520E+03 .8117E+00 .1348E+00 .3404E-02 .7081E-01 .6740E-01 .1348E+00 .1490E-01 .1497E+00 .1348E+00 .3404E-02 .4033E-01
.9530E+03 .8043E+00 .1933E+00 .4843E-02 .1015E+00 .9667E-01 .1933E+00 .2132E-01 .2147E+00 .1933E+00 .4843E-02 .5782E-01
.9540E+03 .7797E+00 .2530E+00 .6306E-02 .1328E+00 .1265E+00 .2530E+00 .2787E-01 .2808E+00 .2530E+00 .6306E-02 .7567E-01
.9550E+03 .7665E+00 .1959E+00 .4880E-02 .1029E+00 .9797E-01 .1959E+00 .2159E-01 .2175E+00 .1959E+00 .4880E-02 .5868E-01
.9560E+03 .7989E+00 .2188E+00 .5256E-02 .1147E+00 .1094E+00 .2188E+00 .2381E-01 .2426E+00 .2188E+00 .5256E-02 .6542E-01
.9570E+03 .7927E+00 .1292E+00 .3249E-02 .6783E-01 .6458E-01 .1292E+00 .1428E-01 .1435E+00 .1292E+00 .3249E-02 .3874E-01
.9580E+03 .8013E+00 .3280E+00 .7960E-02 .1719E+00 .1640E+00 .3280E+00 .3581E-01 .3638E+00 .3280E+00 .7960E-02 .9801E-01
.9590E+03 .8021E+00 .2366E+00 .5764E-02 .1241E+00 .1183E+00 .2366E+00 .2587E-01 .2625E+00 .2366E+00 .5764E-02 .7077E-01
.9600E+03 .7908E+00 .2555E+00 .6252E-02 .1340E+00 .1278E+00 .2555E+00 .2798E-01 .2835E+00 .2555E+00 .6252E-02 .7643E-01
.9610E+03 .7946E+00 .3128E+00 .7581E-02 .1640E+00 .1564E+00 .3128E+00 .3414E-01 .3469E+00 .3128E+00 .7581E-02 .9348E-01
.9620E+03 .7878E+00 .3003E+00 .7236E-02 .1574E+00 .1502E+00 .3003E+00 .3272E-01 .3331E+00 .3003E+00 .7236E-02 .8975E-01
.9630E+03 .7839E+00 .3650E+00 .8770E-02 .1913E+00 .1825E+00 .3650E+00 .3975E-01 .4048E+00 .3650E+00 .8770E-02 .1091E+00
.9640E+03 .7836E+00 .3283E+00 .7844E-02 .1720E+00 .1641E+00 .3283E+00 .3570E-01 .3640E+00 .3283E+00 .7844E-02 .9821E-01
.9650E+03 .7805E+00 .3575E+00 .8573E-02 .1873E+00 .1788E+00 .3575E+00 .3894E-01 .3965E+00 .3575E+00 .8573E-02 .1070E+00
.9660E+03 .7742E+00 .3305E+00 .7927E-02 .1732E+00 .1652E+00 .3305E+00 .3600E-01 .3665E+00 .3305E+00 .7927E-02 .9894E-01
.9670E+03 .7809E+00 .3249E+00 .7779E-02 .1702E+00 .1625E+00 .3249E+00 .3538E-01 .3603E+00 .3249E+00 .7779E-02 .9729E-01
.9680E+03 .7798E+00 .5478E+00 .1300E-01 .2869E+00 .2739E+00 .5478E+00 .5949E-01 .6073E+00 .5478E+00 .1300E-01 .1638E+00
.9690E+03 .7793E+00 .5495E+00 .1312E-01 .2879E+00 .2748E+00 .5495E+00 .5985E-01 .6094E+00 .5495E+00 .1312E-01 .1646E+00
.9700E+03 .7785E+00 .4900E+00 .1162E-01 .2566E+00 .2450E+00 .4900E+00 .5326E-01 .5432E+00 .4900E+00 .1162E-01 .1469E+00
.9710E+03 .7761E+00 .6146E+00 .1457E-01 .3219E+00 .3073E+00 .6146E+00 .6682E-01 .6814E+00 .6146E+00 .1457E-01 .1841E+00
.9720E+03 .7779E+00 .5877E+00 .1386E-01 .3077E+00 .2938E+00 .5877E+00 .6377E-01 .6515E+00 .5877E+00 .1386E-01 .1760E+00
.9730E+03 .7697E+00 .4491E+00 .1060E-01 .2352E+00 .2246E+00 .4491E+00 .4875E-01 .4979E+00 .4491E+00 .1060E-01 .1346E+00
.9740E+03 .7603E+00 .4377E+00 .1024E-01 .2291E+00 .2189E+00 .4377E+00 .4738E-01 .4851E+00 .4377E+00 .1024E-01 .1312E+00
.9750E+03 .7695E+00 .4749E+00 .1108E-01 .2485E+00 .2375E+00 .4749E+00 .5136E-01 .5263E+00 .4749E+00 .1108E-01 .1423E+00
.9760E+03 .7652E+00 .4150E+00 .9718E-02 .2172E+00 .2075E+00 .4150E+00 .4497E-01 .4600E+00 .4150E+00 .9718E-02 .1245E+00
.9770E+03 .7635E+00 .5162E+00 .1201E-01 .2701E+00 .2581E+00 .5162E+00 .5584E-01 .5720E+00 .5162E+00 .1201E-01 .1549E+00
.9780E+03 .7624E+00 .4701E+00 .1094E-01 .2460E+00 .2351E+00 .4701E+00 .5087E-01 .5210E+00 .4701E+00 .1094E-01 .1411E+00
.9790E+03 .7560E+00 .5062E+00 .1177E-01 .2649E+00 .2531E+00 .5062E+00 .5476E-01 .5610E+00 .5062E+00 .1177E-01 .1519E+00
.9800E+03 .7599E+00 .4662E+00 .1076E-01 .2439E+00 .2331E+00 .4662E+00 .5031E-01 .5166E+00 .4662E+00 .1076E-01 .1399E+00
.9810E+03 .7640E+00 .6153E+00 .1425E-01 .3219E+00 .3076E+00 .6153E+00 .6647E-01 .6817E+00 .6153E+00 .1425E-01 .1845E+00
.9820E+03 .7614E+00 .5684E+00 .1312E-01 .2973E+00 .2842E+00 .5684E+00 .6134E-01 .6298E+00 .5684E+00 .1312E-01 .1705E+00
.9830E+03 .7559E+00 .5348E+00 .1230E-01 .2797E+00 .2674E+00 .5348E+00 .5768E-01 .5925E+00 .5348E+00 .1230E-01 .1606E+00
.9840E+03 .7549E+00 .6548E+00 .1506E-01 .3425E+00 .3274E+00 .6548E+00 .7067E-01 .7255E+00 .6548E+00 .1506E-01 .1967E+00
.9850E+03 .7555E+00 .5620E+00 .1290E-01 .2939E+00 .2810E+00 .5620E+00 .6065E-01 .6227E+00 .5620E+00 .1290E-01 .1690E+00
.9860E+03 .7499E+00 .6773E+00 .1551E-01 .3542E+00 .3387E+00 .6773E+00 .7303E-01 .7504E+00 .6773E+00 .1551E-01 .2035E+00
.9870E+03 .7484E+00 .6527E+00 .1490E-01 .3413E+00 .3264E+00 .6527E+00 .7030E-01 .7230E+00 .6527E+00 .1490E-01 .1961E+00
.9880E+03 .7494E+00 .6528E+00 .1486E-01 .3413E+00 .3264E+00 .6528E+00 .7029E-01 .7231E+00 .6528E+00 .1486E-01 .1963E+00
.9890E+03 .7376E+00 .6873E+00 .1562E-01 .3593E+00 .3437E+00 .6873E+00 .7401E-01 .7613E+00 .6873E+00 .1562E-01 .2068E+00
.9900E+03 .7407E+00 .6486E+00 .1470E-01 .3390E+00 .3243E+00 .6486E+00 .6981E-01 .7184E+00 .6486E+00 .1470E-01 .1952E+00
.9910E+03 .7420E+00 .6889E+00 .1557E-01 .3600E+00 .3444E+00 .6889E+00 .7407E-01 .7630E+00 .6889E+00 .1557E-01 .2073E+00
.9920E+03 .7443E+00 .6950E+00 .1567E-01 .3632E+00 .3475E+00 .6950E+00 .7467E-01 .7696E+00 .6950E+00 .1567E-01 .2091E+00
.9930E+03 .7423E+00 .6645E+00 .1495E-01 .3472E+00 .3323E+00 .6645E+00 .7140E-01 .7359E+00 .6645E+00 .1495E-01 .2002E+00
.9940E+03 .7423E+00 .6972E+00 .1566E-01 .3643E+00 .3486E+00 .6972E+00 .7493E-01 .7722E+00 .6972E+00 .1566E-01 .2102E+00
.9950E+03 .7390E+00 .6991E+00 .1566E-01 .3652E+00 .3495E+00 .6991E+00 .7510E-01 .7742E+00 .6991E+00 .1566E-01 .2109E+00
.9960E+03 .7384E+00 .6925E+00 .1548E-01 .3617E+00 .3462E+00 .6925E+00 .7434E-01 .7668E+00 .6925E+00 .1548E-01 .2089E+00
.9970E+03 .7381E+00 .6953E+00 .1551E-01 .3631E+00 .3476E+00 .6953E+00 .7459E-01 .7699E+00 .6953E+00 .1551E-01 .2097E+00
.9980E+03 .7356E+00 .6918E+00 .1540E-01 .3613E+00 .3459E+00 .6918E+00 .7422E-01 .7660E+00 .6918E+00 .1540E-01 .2088E+00
.9990E+03 .7322E+00 .6894E+00 .1532E-01 .3600E+00 .3447E+00 .6894E+00 .7397E-01 .7634E+00 .6894E+00 .1532E-01 .2083E+00
.1000E+04 .7312E+00 .6800E+00 .1508E-01 .3551E+00 .3400E+00 .6800E+00 .7296E-01 .7530E+00 .6800E+00 .1508E-01 .2056E+00
.1001E+04 .7357E+00 .6939E+00 .1535E-01 .3623E+00 .3469E+00 .6939E+00 .7443E-01 .7683E+00 .6939E+00 .1535E-01 .2100E+00
.1002E+04 .7325E+00 .6577E+00 .1453E-01 .3434E+00 .3288E+00 .6577E+00 .7056E-01 .7283E+00 .6577E+00 .1453E-01 .1992E+00
.1003E+04 .7238E+00 .6804E+00 .1499E-01 .3552E+00 .3402E+00 .6804E+00 .7293E-01 .7534E+00 .6804E+00 .1499E-01 .2060E+00
.1004E+04 .7105E+00 .6598E+00 .1450E-01 .3444E+00 .3299E+00 .6598E+00 .7067E-01 .7305E+00 .6598E+00 .1450E-01 .1998E+00
.1005E+04 .6783E+00 .6417E+00 .1407E-01 .3349E+00 .3209E+00 .6417E+00 .6868E-01 .7104E+00 .6417E+00 .1407E-01 .1943E+00
.1006E+04 .7083E+00 .6636E+00 .1452E-01 .3463E+00 .3318E+00 .6636E+00 .7097E-01 .7346E+00 .6636E+00 .1452E-01 .2009E+00
.1007E+04 .7213E+00 .6797E+00 .1484E-01 .3547E+00 .3399E+00 .6797E+00 .7265E-01 .7524E+00 .6797E+00 .1484E-01 .2058E+00
.1008E+04 .7208E+00 .6724E+00 .1465E-01 .3509E+00 .3362E+00 .6724E+00 .7187E-01 .7443E+00 .6724E+00 .1465E-01 .2037E+00
.1009E+04 .7204E+00 .6657E+00 .1447E-01 .3473E+00 .3329E+00 .6657E+00 .7116E-01 .7369E+00 .6657E+00 .1447E-01 .2019E+00
.1010E+04 .7193E+00 .6609E+00 .1434E-01 .3448E+00 .3305E+00 .6609E+00 .7063E-01 .7316E+00 .6609E+00 .1434E-01 .2005E+00
.1011E+04 .7172E+00 .6770E+00 .1465E-01 .3531E+00 .3385E+00 .6770E+00 .7228E-01 .7492E+00 .6770E+00 .1465E-01 .2054E+00
.1012E+04 .7146E+00 .6678E+00 .1442E-01 .3483E+00 .3339E+00 .6678E+00 .7125E-01 .7391E+00 .6678E+00 .1442E-01 .2026E+00
.1013E+04 .7146E+00 .6767E+00 .1458E-01 .3530E+00 .3384E+00 .6767E+00 .7221E-01 .7490E+00 .6767E+00 .1458E-01 .2055E+00
.1014E+04 .7096E+00 .6721E+00 .1445E-01 .3505E+00 .3361E+00 .6721E+00 .7173E-01 .7439E+00 .6721E+00 .1445E-01 .2043E+00
.1015E+04 .7055E+00 .6671E+00 .1431E-01 .3479E+00 .3336E+00 .6671E+00 .7117E-01 .7383E+00 .6671E+00 .1431E-01 .2029E+00
.1016E+04 .7028E+00 .6640E+00 .1421E-01 .3462E+00 .3320E+00 .6640E+00 .7079E-01 .7348E+00 .6640E+00 .1421E-01 .2019E+00
.1017E+04 .7050E+00 .6649E+00 .1420E-01 .3466E+00 .3324E+00 .6649E+00 .7083E-01 .7357E+00 .6649E+00 .1420E-01 .2021E+00
.1018E+04 .7004E+00 .6649E+00 .1417E-01 .3466E+00 .3325E+00 .6649E+00 .7079E-01 .7357E+00 .6649E+00 .1417E-01 .2021E+00
.1019E+04 .6919E+00 .6442E+00 .1370E-01 .3358E+00 .3221E+00 .6442E+00 .6853E-01 .7127E+00 .6442E+00 .1370E-01 .1958E+00
.1020E+04 .6977E+00 .6606E+00 .1401E-01 .3443E+00 .3303E+00 .6606E+00 .7023E-01 .7308E+00 .6606E+00 .1401E-01 .2008E+00
.1021E+04 .6956E+00 .6609E+00 .1399E-01 .3444E+00 .3305E+00 .6609E+00 .7021E-01 .7311E+00 .6609E+00 .1399E-01 .2009E+00
.1022E+04 .6925E+00 .6535E+00 .1380E-01 .3406E+00 .3268E+00 .6535E+00 .6939E-01 .7229E+00 .6535E+00 .1380E-01 .1987E+00
.1023E+04 .7005E+00 .6600E+00 .1391E-01 .3439E+00 .3300E+00 .6600E+00 .7009E-01 .7301E+00 .6600E+00 .1391E-01 .2008E+00
.1024E+04 .6981E+00 .6441E+00 .1355E-01 .3356E+00 .3220E+00 .6441E+00 .6840E-01 .7125E+00 .6441E+00 .1355E-01 .1962E+00
.1025E+04 .6976E+00 .6624E+00 .1390E-01 .3451E+00 .3312E+00 .6624E+00 .7031E-01 .7327E+00 .6624E+00 .1390E-01 .2018E+00
.1026E+04 .6962E+00 .6580E+00 .1378E-01 .3428E+00 .3290E+00 .6580E+00 .6980E-01 .7278E+00 .6580E+00 .1378E-01 .2004E+00
.1027E+04 .6944E+00 .6568E+00 .1372E-01 .3421E+00 .3284E+00 .6568E+00 .6963E-01 .7264E+00 .6568E+00 .1372E-01 .2001E+00
.1028E+04 .6935E+00 .6551E+00 .1366E-01 .3412E+00 .3275E+00 .6551E+00 .6944E-01 .7245E+00 .6551E+00 .1366E-01 .1997E+00
.1029E+04 .6858E+00 .6468E+00 .1346E-01 .3368E+00 .3234E+00 .6468E+00 .6857E-01 .7153E+00 .6468E+00 .1346E-01 .1973E+00
.1030E+04 .6881E+00 .6544E+00 .1358E-01 .3408E+00 .3272E+00 .6544E+00 .6934E-01 .7237E+00 .6544E+00 .1358E-01 .1997E+00
.1031E+04 .6864E+00 .6506E+00 .1348E-01 .3388E+00 .3253E+00 .6506E+00 .6890E-01 .7195E+00 .6506E+00 .1348E-01 .1985E+00
.1032E+04 .6836E+00 .6502E+00 .1344E-01 .3385E+00 .3251E+00 .6502E+00 .6881E-01 .7190E+00 .6502E+00 .1344E-01 .1984E+00
.1033E+04 .6734E+00 .6404E+00 .1321E-01 .3334E+00 .3202E+00 .6404E+00 .6773E-01 .7081E+00 .6404E+00 .1321E-01 .1954E+00
.1034E+04 .6732E+00 .6411E+00 .1319E-01 .3338E+00 .3206E+00 .6411E+00 .6776E-01 .7089E+00 .6411E+00 .1319E-01 .1956E+00
.1035E+04 .6753E+00 .6436E+00 .1321E-01 .3350E+00 .3218E+00 .6436E+00 .6797E-01 .7115E+00 .6436E+00 .1321E-01 .1963E+00
.1036E+04 .6795E+00 .6462E+00 .1324E-01 .3364E+00 .3231E+00 .6462E+00 .6821E-01 .7144E+00 .6462E+00 .1324E-01 .1972E+00
.1037E+04 .6682E+00 .6363E+00 .1300E-01 .3311E+00 .3181E+00 .6363E+00 .6713E-01 .7034E+00 .6363E+00 .1300E-01 .1941E+00
.1038E+04 .6714E+00 .6393E+00 .1304E-01 .3327E+00 .3197E+00 .6393E+00 .6745E-01 .7068E+00 .6393E+00 .1304E-01 .1952E+00
.1039E+04 .6714E+00 .6388E+00 .1300E-01 .3324E+00 .3194E+00 .6388E+00 .6741E-01 .7062E+00 .6388E+00 .1300E-01 .1953E+00
.1040E+04 .6688E+00 .6366E+00 .1293E-01 .3312E+00 .3183E+00 .6366E+00 .6714E-01 .7038E+00 .6366E+00 .1293E-01 .1946E+00
.1041E+04 .6720E+00 .6391E+00 .1295E-01 .3325E+00 .3195E+00 .6391E+00 .6736E-01 .7064E+00 .6391E+00 .1295E-01 .1954E+00
.1042E+04 .6674E+00 .6350E+00 .1284E-01 .3304E+00 .3175E+00 .6350E+00 .6690E-01 .7019E+00 .6350E+00 .1284E-01 .1941E+00
.1043E+04 .6656E+00 .6332E+00 .1278E-01 .3294E+00 .3166E+00 .6332E+00 .6670E-01 .6999E+00 .6332E+00 .1278E-01 .1937E+00
.1044E+04 .6683E+00 .6355E+00 .1280E-01 .3306E+00 .3178E+00 .6355E+00 .6695E-01 .7025E+00 .6355E+00 .1280E-01 .1946E+00
.1045E+04 .6596E+00 .6270E+00 .1260E-01 .3261E+00 .3135E+00 .6270E+00 .6603E-01 .6930E+00 .6270E+00 .1260E-01 .1920E+00
.1046E+04 .6527E+00 .6202E+00 .1244E-01 .3225E+00 .3101E+00 .6202E+00 .6527E-01 .6855E+00 .6202E+00 .1244E-01 .1899E+00
.1047E+04 .6590E+00 .6259E+00 .1253E-01 .3255E+00 .3130E+00 .6259E+00 .6584E-01 .6918E+00 .6259E+00 .1253E-01 .1917E+00
.1048E+04 .6631E+00 .6295E+00 .1257E-01 .3273E+00 .3147E+00 .6295E+00 .6622E-01 .6957E+00 .6295E+00 .1257E-01 .1930E+00
.1049E+04 .6612E+00 .6268E+00 .1250E-01 .3259E+00 .3134E+00 .6268E+00 .6595E-01 .6928E+00 .6268E+00 .1250E-01 .1923E+00
.1050E+04 .6587E+00 .6239E+00 .1241E-01 .3244E+00 .3120E+00 .6239E+00 .6562E-01 .6896E+00 .6239E+00 .1241E-01 .1915E+00
.1051E+04 .6584E+00 .6237E+00 .1238E-01 .3242E+00 .3119E+00 .6237E+00 .6556E-01 .6893E+00 .6237E+00 .1238E-01 .1915E+00
.1052E+04 .6563E+00 .6211E+00 .1230E-01 .3229E+00 .3106E+00 .6211E+00 .6526E-01 .6864E+00 .6211E+00 .1230E-01 .1907E+00
.1053E+04 .6518E+00 .6165E+00 .1219E-01 .3204E+00 .3082E+00 .6165E+00 .6478E-01 .6812E+00 .6165E+00 .1219E-01 .1894E+00
.1054E+04 .6540E+00 .6181E+00 .1220E-01 .3213E+00 .3091E+00 .6181E+00 .6496E-01 .6831E+00 .6181E+00 .1220E-01 .1901E+00
.1055E+04 .6553E+00 .6187E+00 .1218E-01 .3215E+00 .3093E+00 .6187E+00 .6499E-01 .6837E+00 .6187E+00 .1218E-01 .1903E+00
.1056E+04 .6540E+00 .6166E+00 .1212E-01 .3204E+00 .3083E+00 .6166E+00 .6474E-01 .6814E+00 .6166E+00 .1212E-01 .1897E+00
.1057E+04 .6528E+00 .6150E+00 .1206E-01 .3196E+00 .3075E+00 .6150E+00 .6454E-01 .6796E+00 .6150E+00 .1206E-01 .1892E+00
.1058E+04 .6376E+00 .6001E+00 .1175E-01 .3118E+00 .3001E+00 .6001E+00 .6298E-01 .6631E+00 .6001E+00 .1175E-01 .1848E+00
.1059E+04 .6393E+00 .6007E+00 .1173E-01 .3121E+00 .3003E+00 .6007E+00 .6305E-01 .6637E+00 .6007E+00 .1173E-01 .1851E+00
.1060E+04 .6388E+00 .6002E+00 .1170E-01 .3118E+00 .3001E+00 .6002E+00 .6298E-01 .6632E+00 .6002E+00 .1170E-01 .1850E+00
.1061E+04 .6386E+00 .5995E+00 .1166E-01 .3114E+00 .2997E+00 .5995E+00 .6286E-01 .6623E+00 .5995E+00 .1166E-01 .1848E+00
.1062E+04 .6430E+00 .6019E+00 .1169E-01 .3127E+00 .3010E+00 .6019E+00 .6309E-01 .6650E+00 .6019E+00 .1169E-01 .1856E+00
.1063E+04 .6374E+00 .5957E+00 .1154E-01 .3094E+00 .2979E+00 .5957E+00 .6245E-01 .6582E+00 .5957E+00 .1154E-01 .1838E+00
.1064E+04 .6446E+00 .6042E+00 .1168E-01 .3138E+00 .3021E+00 .6042E+00 .6334E-01 .6675E+00 .6042E+00 .1168E-01 .1865E+00
.1065E+04 .6423E+00 .5973E+00 .1153E-01 .3102E+00 .2986E+00 .5973E+00 .6259E-01 .6599E+00 .5973E+00 .1153E-01 .1845E+00
.1066E+04 .6278E+00 .5878E+00 .1132E-01 .3052E+00 .2939E+00 .5878E+00 .6156E-01 .6494E+00 .5878E+00 .1132E-01 .1815E+00
.1067E+04 .6365E+00 .5939E+00 .1141E-01 .3083E+00 .2969E+00 .5939E+00 .6217E-01 .6560E+00 .5939E+00 .1141E-01 .1834E+00
.1068E+04 .6244E+00 .5793E+00 .1111E-01 .3008E+00 .2897E+00 .5793E+00 .6061E-01 .6399E+00 .5793E+00 .1111E-01 .1789E+00
.1069E+04 .6040E+00 .5602E+00 .1072E-01 .2908E+00 .2801E+00 .5602E+00 .5857E-01 .6187E+00 .5602E+00 .1072E-01 .1730E+00
.1070E+04 .6266E+00 .5749E+00 .1098E-01 .2984E+00 .2874E+00 .5749E+00 .6007E-01 .6349E+00 .5749E+00 .1098E-01 .1775E+00
.1071E+04 .6301E+00 .5906E+00 .1125E-01 .3065E+00 .2953E+00 .5906E+00 .6167E-01 .6523E+00 .5906E+00 .1125E-01 .1824E+00
.1072E+04 .6276E+00 .5767E+00 .1097E-01 .2993E+00 .2884E+00 .5767E+00 .6021E-01 .6369E+00 .5767E+00 .1097E-01 .1781E+00
.1073E+04 .6172E+00 .5701E+00 .1082E-01 .2959E+00 .2851E+00 .5701E+00 .5953E-01 .6297E+00 .5701E+00 .1082E-01 .1762E+00
.1074E+04 .6269E+00 .5903E+00 .1118E-01 .3063E+00 .2952E+00 .5903E+00 .6165E-01 .6520E+00 .5903E+00 .1118E-01 .1827E+00
.1075E+04 .6136E+00 .5435E+00 .1027E-01 .2820E+00 .2718E+00 .5435E+00 .5673E-01 .6003E+00 .5435E+00 .1027E-01 .1682E+00
.1076E+04 .6275E+00 .5863E+00 .1106E-01 .3042E+00 .2931E+00 .5863E+00 .6116E-01 .6474E+00 .5863E+00 .1106E-01 .1814E+00
.1077E+04 .6274E+00 .5667E+00 .1066E-01 .2940E+00 .2834E+00 .5667E+00 .5908E-01 .6258E+00 .5667E+00 .1066E-01 .1754E+00
.1078E+04 .6181E+00 .5505E+00 .1034E-01 .2856E+00 .2752E+00 .5505E+00 .5736E-01 .6079E+00 .5505E+00 .1034E-01 .1703E+00
.1079E+04 .6147E+00 .5778E+00 .1083E-01 .2997E+00 .2889E+00 .5778E+00 .6017E-01 .6380E+00 .5778E+00 .1083E-01 .1788E+00
.1080E+04 .6233E+00 .5514E+00 .1031E-01 .2860E+00 .2757E+00 .5514E+00 .5741E-01 .6088E+00 .5514E+00 .1031E-01 .1707E+00
.1081E+04 .6061E+00 .5288E+00 .9877E-02 .2743E+00 .2644E+00 .5288E+00 .5508E-01 .5838E+00 .5288E+00 .9877E-02 .1639E+00
.1082E+04 .6007E+00 .5496E+00 .1025E-01 .2850E+00 .2748E+00 .5496E+00 .5724E-01 .6068E+00 .5496E+00 .1025E-01 .1704E+00
.1083E+04 .5998E+00 .5554E+00 .1033E-01 .2880E+00 .2777E+00 .5554E+00 .5780E-01 .6132E+00 .5554E+00 .1033E-01 .1722E+00
.1084E+04 .6144E+00 .5234E+00 .9708E-02 .2714E+00 .2617E+00 .5234E+00 .5443E-01 .5778E+00 .5234E+00 .9708E-02 .1623E+00
.1085E+04 .6180E+00 .5527E+00 .1024E-01 .2866E+00 .2764E+00 .5527E+00 .5747E-01 .6102E+00 .5527E+00 .1024E-01 .1713E+00
.1086E+04 .6104E+00 .4836E+00 .8918E-02 .2507E+00 .2418E+00 .4836E+00 .5022E-01 .5339E+00 .4836E+00 .8918E-02 .1499E+00
.1087E+04 .5897E+00 .5146E+00 .9495E-02 .2668E+00 .2573E+00 .5146E+00 .5344E-01 .5680E+00 .5146E+00 .9495E-02 .1595E+00
.1088E+04 .6028E+00 .5482E+00 .1009E-01 .2842E+00 .2741E+00 .5482E+00 .5689E-01 .6051E+00 .5482E+00 .1009E-01 .1699E+00
.1089E+04 .6019E+00 .5184E+00 .9527E-02 .2687E+00 .2592E+00 .5184E+00 .5378E-01 .5722E+00 .5184E+00 .9527E-02 .1607E+00
.1090E+04 .6099E+00 .5008E+00 .9163E-02 .2596E+00 .2504E+00 .5008E+00 .5189E-01 .5527E+00 .5008E+00 .9163E-02 .1552E+00
.1091E+04 .6069E+00 .5403E+00 .9883E-02 .2800E+00 .2701E+00 .5403E+00 .5598E-01 .5963E+00 .5403E+00 .9883E-02 .1674E+00
.1092E+04 .6013E+00 .5456E+00 .9959E-02 .2828E+00 .2728E+00 .5456E+00 .5652E-01 .6021E+00 .5456E+00 .9959E-02 .1691E+00
.1093E+04 .5815E+00 .4256E+00 .7732E-02 .2205E+00 .2128E+00 .4256E+00 .4406E-01 .4697E+00 .4256E+00 .7732E-02 .1321E+00
.1094E+04 .5572E+00 .4884E+00 .8884E-02 .2531E+00 .2442E+00 .4884E+00 .5062E-01 .5390E+00 .4884E+00 .8884E-02 .1517E+00
.1095E+04 .5839E+00 .4425E+00 .8040E-02 .2293E+00 .2212E+00 .4425E+00 .4584E-01 .4883E+00 .4425E+00 .8040E-02 .1375E+00
.1096E+04 .5834E+00 .4141E+00 .7499E-02 .2145E+00 .2070E+00 .4141E+00 .4286E-01 .4569E+00 .4141E+00 .7499E-02 .1286E+00
.1097E+04 .5843E+00 .5297E+00 .9582E-02 .2744E+00 .2649E+00 .5297E+00 .5481E-01 .5845E+00 .5297E+00 .9582E-02 .1645E+00
.1098E+04 .5763E+00 .3986E+00 .7205E-02 .2065E+00 .1993E+00 .3986E+00 .4124E-01 .4399E+00 .3986E+00 .7205E-02 .1239E+00
.1099E+04 .5896E+00 .4230E+00 .7633E-02 .2191E+00 .2115E+00 .4230E+00 .4374E-01 .4667E+00 .4230E+00 .7633E-02 .1314E+00
.1100E+04 .5931E+00 .3819E+00 .6856E-02 .1978E+00 .1909E+00 .3819E+00 .3943E-01 .4213E+00 .3819E+00 .6856E-02 .1186E+00
.1101E+04 .5852E+00 .3915E+00 .7016E-02 .2028E+00 .1958E+00 .3915E+00 .4041E-01 .4320E+00 .3915E+00 .7016E-02 .1216E+00
.1102E+04 .5776E+00 .3632E+00 .6502E-02 .1881E+00 .1816E+00 .3632E+00 .3749E-01 .4007E+00 .3632E+00 .6502E-02 .1129E+00
.1103E+04 .5889E+00 .3524E+00 .6300E-02 .1825E+00 .1762E+00 .3524E+00 .3638E-01 .3888E+00 .3524E+00 .6300E-02 .1096E+00
.1104E+04 .5869E+00 .3539E+00 .6314E-02 .1833E+00 .1770E+00 .3539E+00 .3655E-01 .3905E+00 .3539E+00 .6314E-02 .1102E+00
.1105E+04 .5867E+00 .4057E+00 .7244E-02 .2101E+00 .2028E+00 .4057E+00 .4191E-01 .4476E+00 .4057E+00 .7244E-02 .1263E+00
.1106E+04 .5849E+00 .2544E+00 .4548E-02 .1317E+00 .1272E+00 .2544E+00 .2628E-01 .2806E+00 .2544E+00 .4548E-02 .7927E-01
.1107E+04 .5828E+00 .3796E+00 .6732E-02 .1965E+00 .1898E+00 .3796E+00 .3914E-01 .4188E+00 .3796E+00 .6732E-02 .1182E+00
.1108E+04 .5831E+00 .2852E+00 .5052E-02 .1476E+00 .1426E+00 .2852E+00 .2940E-01 .3146E+00 .2852E+00 .5052E-02 .8884E-01
.1109E+04 .5825E+00 .2809E+00 .4977E-02 .1454E+00 .1404E+00 .2809E+00 .2896E-01 .3098E+00 .2809E+00 .4977E-02 .8750E-01
.1110E+04 .5827E+00 .3455E+00 .6133E-02 .1789E+00 .1727E+00 .3455E+00 .3563E-01 .3811E+00 .3455E+00 .6133E-02 .1076E+00
.1111E+04 .5782E+00 .2213E+00 .3908E-02 .1146E+00 .1107E+00 .2213E+00 .2279E-01 .2441E+00 .2213E+00 .3908E-02 .6897E-01
.1112E+04 .5743E+00 .2785E+00 .4902E-02 .1442E+00 .1393E+00 .2785E+00 .2866E-01 .3072E+00 .2785E+00 .4902E-02 .8675E-01
.1113E+04 .5729E+00 .1647E+00 .2903E-02 .8524E-01 .8234E-01 .1647E+00 .1695E-01 .1816E+00 .1647E+00 .2903E-02 .5134E-01
.1114E+04 .5779E+00 .1825E+00 .3230E-02 .9446E-01 .9123E-01 .1825E+00 .1880E-01 .2013E+00 .1825E+00 .3230E-02 .5688E-01
.1115E+04 .5732E+00 .1464E+00 .2581E-02 .7576E-01 .7318E-01 .1464E+00 .1507E-01 .1614E+00 .1464E+00 .2581E-02 .4564E-01
.1116E+04 .5736E+00 .1036E+00 .1859E-02 .5368E-01 .5182E-01 .1036E+00 .1072E-01 .1144E+00 .1036E+00 .1859E-02 .3235E-01
.1117E+04 .5761E+00 .3002E-01 .5689E-03 .1558E-01 .1501E-01 .3002E-01 .3152E-02 .3318E-01 .3002E-01 .5689E-03 .9401E-02
.1118E+04 .5707E+00 .1192E+00 .2130E-02 .6174E-01 .5961E-01 .1192E+00 .1232E-01 .1315E+00 .1192E+00 .2130E-02 .3721E-01
.1119E+04 .5629E+00 .4542E-01 .8397E-03 .2355E-01 .2271E-01 .4542E-01 .4737E-02 .5015E-01 .4542E-01 .8397E-03 .1420E-01
.1120E+04 .5630E+00 .5607E-01 .1051E-02 .2909E-01 .2804E-01 .5607E-01 .5870E-02 .6194E-01 .5607E-01 .1051E-02 .1754E-01
.1121E+04 .5667E+00 .8020E-01 .1486E-02 .4159E-01 .4010E-01 .8020E-01 .8369E-02 .8857E-01 .8020E-01 .1486E-02 .2507E-01
.1122E+04 .5689E+00 .2606E-01 .5141E-03 .1355E-01 .1303E-01 .2606E-01 .2768E-02 .2883E-01 .2606E-01 .5141E-03 .8173E-02
.1123E+04 .5680E+00 .5334E-01 .9881E-03 .2766E-01 .2667E-01 .5334E-01 .5566E-02 .5890E-01 .5334E-01 .9881E-03 .1668E-01
.1124E+04 .5640E+00 .4441E-01 .8202E-03 .2302E-01 .2220E-01 .4441E-01 .4630E-02 .4904E-01 .4441E-01 .8202E-03 .1389E-01
.1125E+04 .5485E+00 .6176E-01 .1127E-02 .3201E-01 .3088E-01 .6176E-01 .6418E-02 .6818E-01 .6176E-01 .1127E-02 .1930E-01
.1126E+04 .5539E+00 .1381E-01 .2850E-03 .7191E-02 .6906E-02 .1381E-01 .1486E-02 .1530E-01 .1381E-01 .2850E-03 .4339E-02
.1127E+04 .5584E+00 .6877E-01 .1252E-02 .3563E-01 .3438E-01 .6877E-01 .7142E-02 .7591E-01 .6877E-01 .1252E-02 .2149E-01
.1128E+04 .5562E+00 .3216E-01 .6197E-03 .1670E-01 .1608E-01 .3216E-01 .3392E-02 .3555E-01 .3216E-01 .6197E-03 .1007E-01
.1129E+04 .5501E+00 .3329E-01 .6406E-03 .1729E-01 .1665E-01 .3329E-01 .3511E-02 .3680E-01 .3329E-01 .6406E-03 .1043E-01
.1130E+04 .5512E+00 .2393E-01 .4515E-03 .1242E-01 .1197E-01 .2393E-01 .2510E-02 .2644E-01 .2393E-01 .4515E-03 .7494E-02
.1131E+04 .5540E+00 .1595E+00 .2809E-02 .8254E-01 .7973E-01 .1595E+00 .1642E-01 .1759E+00 .1595E+00 .2809E-02 .4973E-01
.1132E+04 .5542E+00 .1119E+00 .1978E-02 .5791E-01 .5593E-01 .1119E+00 .1153E-01 .1234E+00 .1119E+00 .1978E-02 .3491E-01
.1133E+04 .5451E+00 .5606E-01 .1032E-02 .2906E-01 .2803E-01 .5606E-01 .5840E-02 .6190E-01 .5606E-01 .1032E-02 .1753E-01
.1134E+04 .5505E+00 .8672E-02 .1791E-03 .4515E-02 .4336E-02 .8672E-02 .9333E-03 .9605E-02 .8672E-02 .1791E-03 .2725E-02
.1135E+04 .5507E+00 .4718E-02 .9205E-04 .2451E-02 .2359E-02 .4718E-02 .4995E-03 .5218E-02 .4718E-02 .9205E-04 .1480E-02
.1136E+04 .5514E+00 .4550E-01 .8486E-03 .2360E-01 .2275E-01 .4550E-01 .4757E-02 .5026E-01 .4550E-01 .8486E-03 .1424E-01
.1137E+04 .5458E+00 .1473E+00 .2583E-02 .7623E-01 .7365E-01 .1473E+00 .1515E-01 .1624E+00 .1473E+00 .2583E-02 .4593E-01
.1138E+04 .5387E+00 .9970E-01 .1743E-02 .5159E-01 .4985E-01 .9970E-01 .1024E-01 .1099E+00 .9970E-01 .1743E-02 .3110E-01
.1139E+04 .5406E+00 .1953E+00 .3303E-02 .1010E+00 .9766E-01 .1953E+00 .1990E-01 .2152E+00 .1953E+00 .3303E-02 .6082E-01
.1140E+04 .5363E+00 .1422E+00 .2428E-02 .7353E-01 .7111E-01 .1422E+00 .1452E-01 .1567E+00 .1422E+00 .2428E-02 .4432E-01
.1141E+04 .5371E+00 .1047E+00 .1805E-02 .5414E-01 .5234E-01 .1047E+00 .1072E-01 .1154E+00 .1047E+00 .1805E-02 .3265E-01
.1142E+04 .5392E+00 .1208E+00 .2071E-02 .6248E-01 .6041E-01 .1208E+00 .1235E-01 .1332E+00 .1208E+00 .2071E-02 .3767E-01
.1143E+04 .5405E+00 .1849E+00 .3141E-02 .9558E-01 .9244E-01 .1849E+00 .1886E-01 .2037E+00 .1849E+00 .3141E-02 .5759E-01
.1144E+04 .5355E+00 .5282E-01 .9144E-03 .2732E-01 .2641E-01 .5282E-01 .5414E-02 .5823E-01 .5282E-01 .9144E-03 .1649E-01
.1145E+04 .5399E+00 .5812E-01 .1044E-02 .3010E-01 .2906E-01 .5812E-01 .6015E-02 .6414E-01 .5812E-01 .1044E-02 .1816E-01
.1146E+04 .5437E+00 .6052E-01 .1089E-02 .3135E-01 .3026E-01 .6052E-01 .6266E-02 .6679E-01 .6052E-01 .1089E-02 .1891E-01
.1147E+04 .5422E+00 .1409E-01 .2823E-03 .7329E-02 .7047E-02 .1409E-01 .1504E-02 .1560E-01 .1409E-01 .2823E-03 .4424E-02
.1148E+04 .5387E+00 .1579E+00 .2658E-02 .8159E-01 .7893E-01 .1579E+00 .1606E-01 .1739E+00 .1579E+00 .2658E-02 .4918E-01
.1149E+04 .5377E+00 .1153E+00 .1953E-02 .5961E-01 .5766E-01 .1153E+00 .1175E-01 .1271E+00 .1153E+00 .1953E-02 .3595E-01
.1150E+04 .5362E+00 .6107E-01 .1023E-02 .3156E-01 .3054E-01 .6107E-01 .6207E-02 .6728E-01 .6107E-01 .1023E-02 .1904E-01
.1151E+04 .5358E+00 .9602E-01 .1639E-02 .4965E-01 .4801E-01 .9602E-01 .9805E-02 .1058E+00 .9602E-01 .1639E-02 .2994E-01
.1152E+04 .5314E+00 .1384E+00 .2322E-02 .7151E-01 .6919E-01 .1384E+00 .1407E-01 .1525E+00 .1384E+00 .2322E-02 .4311E-01
.1153E+04 .5345E+00 .1424E+00 .2351E-02 .7354E-01 .7119E-01 .1424E+00 .1442E-01 .1568E+00 .1424E+00 .2351E-02 .4434E-01
.1154E+04 .5355E+00 .4917E-01 .8623E-03 .2545E-01 .2459E-01 .4917E-01 .5057E-02 .5423E-01 .4917E-01 .8623E-03 .1536E-01
.1155E+04 .5325E+00 .1932E+00 .3184E-02 .9980E-01 .9662E-01 .1932E+00 .1956E-01 .2128E+00 .1932E+00 .3184E-02 .6014E-01
.1156E+04 .5307E+00 .1646E+00 .2718E-02 .8500E-01 .8228E-01 .1646E+00 .1667E-01 .1812E+00 .1646E+00 .2718E-02 .5124E-01
.1157E+04 .5308E+00 .2027E+00 .3290E-02 .1047E+00 .1014E+00 .2027E+00 .2044E-01 .2232E+00 .2027E+00 .3290E-02 .6307E-01
.1158E+04 .5294E+00 .1950E+00 .3162E-02 .1007E+00 .9750E-01 .1950E+00 .1966E-01 .2147E+00 .1950E+00 .3162E-02 .6066E-01
.1159E+04 .5172E+00 .2192E+00 .3556E-02 .1131E+00 .1096E+00 .2192E+00 .2210E-01 .2413E+00 .2192E+00 .3556E-02 .6817E-01
.1160E+04 .5185E+00 .1809E+00 .2912E-02 .9336E-01 .9045E-01 .1809E+00 .1820E-01 .1991E+00 .1809E+00 .2912E-02 .5627E-01
.1161E+04 .5087E+00 .2171E+00 .3484E-02 .1120E+00 .1085E+00 .2171E+00 .2183E-01 .2389E+00 .2171E+00 .3484E-02 .6750E-01
.1162E+04 .5223E+00 .2216E+00 .3547E-02 .1143E+00 .1108E+00 .2216E+00 .2226E-01 .2439E+00 .2216E+00 .3547E-02 .6887E-01
.1163E+04 .5219E+00 .3685E+00 .5886E-02 .1901E+00 .1842E+00 .3685E+00 .3697E-01 .4054E+00 .3685E+00 .5886E-02 .1143E+00
.1164E+04 .5150E+00 .2750E+00 .4378E-02 .1419E+00 .1375E+00 .2750E+00 .2755E-01 .3025E+00 .2750E+00 .4378E-02 .8528E-01
.1165E+04 .5178E+00 .2581E+00 .4108E-02 .1332E+00 .1291E+00 .2581E+00 .2586E-01 .2840E+00 .2581E+00 .4108E-02 .8005E-01
.1166E+04 .5137E+00 .2512E+00 .3968E-02 .1296E+00 .1256E+00 .2512E+00 .2512E-01 .2763E+00 .2512E+00 .3968E-02 .7790E-01
.1167E+04 .5172E+00 .2901E+00 .4584E-02 .1497E+00 .1451E+00 .2901E+00 .2901E-01 .3192E+00 .2901E+00 .4584E-02 .8995E-01
.1168E+04 .5180E+00 .3063E+00 .4823E-02 .1580E+00 .1531E+00 .3063E+00 .3060E-01 .3369E+00 .3063E+00 .4823E-02 .9493E-01
.1169E+04 .5068E+00 .3154E+00 .4972E-02 .1626E+00 .1577E+00 .3154E+00 .3152E-01 .3469E+00 .3154E+00 .4972E-02 .9774E-01
.1170E+04 .5163E+00 .3624E+00 .5698E-02 .1869E+00 .1812E+00 .3624E+00 .3617E-01 .3985E+00 .3624E+00 .5698E-02 .1122E+00
.1171E+04 .5178E+00 .3563E+00 .5575E-02 .1837E+00 .1781E+00 .3563E+00 .3549E-01 .3918E+00 .3563E+00 .5575E-02 .1102E+00
.1172E+04 .5164E+00 .3679E+00 .5738E-02 .1897E+00 .1840E+00 .3679E+00 .3661E-01 .4045E+00 .3679E+00 .5738E-02 .1137E+00
.1173E+04 .5159E+00 .3648E+00 .5700E-02 .1881E+00 .1824E+00 .3648E+00 .3632E-01 .4011E+00 .3648E+00 .5700E-02 .1128E+00
.1174E+04 .5135E+00 .2249E+00 .3483E-02 .1159E+00 .1125E+00 .2249E+00 .2235E-01 .2473E+00 .2249E+00 .3483E-02 .6958E-01
.1175E+04 .4991E+00 .3700E+00 .5738E-02 .1908E+00 .1850E+00 .3700E+00 .3675E-01 .4068E+00 .3700E+00 .5738E-02 .1143E+00
.1176E+04 .5075E+00 .4253E+00 .6584E-02 .2192E+00 .2127E+00 .4253E+00 .4220E-01 .4675E+00 .4253E+00 .6584E-02 .1312E+00
.1177E+04 .5074E+00 .3950E+00 .6110E-02 .2036E+00 .1975E+00 .3950E+00 .3917E-01 .4342E+00 .3950E+00 .6110E-02 .1218E+00
.1178E+04 .5015E+00 .2726E+00 .4165E-02 .1405E+00 .1363E+00 .2726E+00 .2695E-01 .2996E+00 .2726E+00 .4165E-02 .8410E-01
.1179E+04 .5088E+00 .4353E+00 .6704E-02 .2244E+00 .2177E+00 .4353E+00 .4312E-01 .4785E+00 .4353E+00 .6704E-02 .1342E+00
.1180E+04 .5100E+00 .3604E+00 .5537E-02 .1858E+00 .1802E+00 .3604E+00 .3565E-01 .3961E+00 .3604E+00 .5537E-02 .1110E+00
.1181E+04 .5064E+00 .3740E+00 .5746E-02 .1927E+00 .1870E+00 .3740E+00 .3697E-01 .4110E+00 .3740E+00 .5746E-02 .1151E+00
.1182E+04 .5003E+00 .2398E+00 .3645E-02 .1235E+00 .1199E+00 .2398E+00 .2363E-01 .2634E+00 .2398E+00 .3645E-02 .7380E-01
.1183E+04 .4858E+00 .3723E+00 .5702E-02 .1918E+00 .1861E+00 .3723E+00 .3676E-01 .4090E+00 .3723E+00 .5702E-02 .1145E+00
.1184E+04 .5001E+00 .3422E+00 .5215E-02 .1763E+00 .1711E+00 .3422E+00 .3375E-01 .3759E+00 .3422E+00 .5215E-02 .1053E+00
.1185E+04 .5046E+00 .3180E+00 .4845E-02 .1638E+00 .1590E+00 .3180E+00 .3136E-01 .3493E+00 .3180E+00 .4845E-02 .9784E-01
.1186E+04 .5035E+00 .4093E+00 .6235E-02 .2109E+00 .2047E+00 .4093E+00 .4037E-01 .4497E+00 .4093E+00 .6235E-02 .1259E+00
.1187E+04 .5034E+00 .3800E+00 .5775E-02 .1958E+00 .1900E+00 .3800E+00 .3746E-01 .4174E+00 .3800E+00 .5775E-02 .1169E+00
.1188E+04 .4850E+00 .2286E+00 .3468E-02 .1178E+00 .1143E+00 .2286E+00 .2252E-01 .2511E+00 .2286E+00 .3468E-02 .7037E-01
.1189E+04 .4842E+00 .3507E+00 .5302E-02 .1806E+00 .1753E+00 .3507E+00 .3452E-01 .3852E+00 .3507E+00 .5302E-02 .1079E+00
.1190E+04 .4983E+00 .4027E+00 .6080E-02 .2074E+00 .2013E+00 .4027E+00 .3963E-01 .4423E+00 .4027E+00 .6080E-02 .1238E+00
.1191E+04 .5014E+00 .3580E+00 .5411E-02 .1844E+00 .1790E+00 .3580E+00 .3524E-01 .3932E+00 .3580E+00 .5411E-02 .1101E+00
.1192E+04 .4989E+00 .4120E+00 .6194E-02 .2122E+00 .2060E+00 .4120E+00 .4052E-01 .4525E+00 .4120E+00 .6194E-02 .1267E+00
.1193E+04 .4984E+00 .3862E+00 .5794E-02 .1989E+00 .1931E+00 .3862E+00 .3799E-01 .4242E+00 .3862E+00 .5794E-02 .1189E+00
.1194E+04 .4975E+00 .4058E+00 .6082E-02 .2090E+00 .2029E+00 .4058E+00 .3994E-01 .4457E+00 .4058E+00 .6082E-02 .1250E+00
.1195E+04 .4914E+00 .3649E+00 .5471E-02 .1879E+00 .1824E+00 .3649E+00 .3594E-01 .4008E+00 .3649E+00 .5471E-02 .1126E+00
.1196E+04 .4919E+00 .3435E+00 .5140E-02 .1769E+00 .1717E+00 .3435E+00 .3384E-01 .3773E+00 .3435E+00 .5140E-02 .1061E+00
.1197E+04 .4798E+00 .4113E+00 .6147E-02 .2118E+00 .2057E+00 .4113E+00 .4055E-01 .4519E+00 .4113E+00 .6147E-02 .1271E+00
.1198E+04 .4745E+00 .3666E+00 .5446E-02 .1888E+00 .1833E+00 .3666E+00 .3615E-01 .4028E+00 .3666E+00 .5446E-02 .1135E+00
.1199E+04 .4694E+00 .2843E+00 .4221E-02 .1464E+00 .1422E+00 .2843E+00 .2807E-01 .3124E+00 .2843E+00 .4221E-02 .8822E-01
.1200E+04 .4889E+00 .3826E+00 .5676E-02 .1970E+00 .1913E+00 .3826E+00 .3780E-01 .4204E+00 .3826E+00 .5676E-02 .1188E+00
.1201E+04 .4910E+00 .3570E+00 .5295E-02 .1838E+00 .1785E+00 .3570E+00 .3529E-01 .3923E+00 .3570E+00 .5295E-02 .1110E+00
.1202E+04 .4883E+00 .3658E+00 .5389E-02 .1883E+00 .1829E+00 .3658E+00 .3615E-01 .4020E+00 .3658E+00 .5389E-02 .1138E+00
.1203E+04 .4679E+00 .3517E+00 .5212E-02 .1811E+00 .1759E+00 .3517E+00 .3485E-01 .3866E+00 .3517E+00 .5212E-02 .1097E+00
.1204E+04 .4791E+00 .2891E+00 .4251E-02 .1488E+00 .1445E+00 .2891E+00 .2863E-01 .3177E+00 .2891E+00 .4251E-02 .9031E-01
.1205E+04 .4848E+00 .3738E+00 .5491E-02 .1924E+00 .1869E+00 .3738E+00 .3707E-01 .4109E+00 .3738E+00 .5491E-02 .1170E+00
.1206E+04 .4854E+00 .4301E+00 .6337E-02 .2214E+00 .2151E+00 .4301E+00 .4275E-01 .4729E+00 .4301E+00 .6337E-02 .1348E+00
.1207E+04 .4845E+00 .3538E+00 .5189E-02 .1821E+00 .1769E+00 .3538E+00 .3517E-01 .3890E+00 .3538E+00 .5189E-02 .1110E+00
.1208E+04 .4598E+00 .3549E+00 .5195E-02 .1826E+00 .1774E+00 .3549E+00 .3528E-01 .3902E+00 .3549E+00 .5195E-02 .1115E+00
.1209E+04 .4690E+00 .3652E+00 .5340E-02 .1879E+00 .1826E+00 .3652E+00 .3632E-01 .4015E+00 .3652E+00 .5340E-02 .1148E+00
.1210E+04 .4716E+00 .3897E+00 .5692E-02 .2005E+00 .1949E+00 .3897E+00 .3878E-01 .4285E+00 .3897E+00 .5692E-02 .1226E+00
.1211E+04 .4733E+00 .3632E+00 .5285E-02 .1869E+00 .1816E+00 .3632E+00 .3613E-01 .3993E+00 .3632E+00 .5285E-02 .1144E+00
.1212E+04 .4790E+00 .3397E+00 .4967E-02 .1748E+00 .1699E+00 .3397E+00 .3386E-01 .3736E+00 .3397E+00 .4967E-02 .1071E+00
.1213E+04 .4784E+00 .4123E+00 .6011E-02 .2122E+00 .2062E+00 .4123E+00 .4109E-01 .4534E+00 .4123E+00 .6011E-02 .1300E+00
.1214E+04 .4785E+00 .3546E+00 .5164E-02 .1824E+00 .1773E+00 .3546E+00 .3534E-01 .3899E+00 .3546E+00 .5164E-02 .1119E+00
.1215E+04 .4783E+00 .3468E+00 .5034E-02 .1785E+00 .1734E+00 .3468E+00 .3455E-01 .3814E+00 .3468E+00 .5034E-02 .1095E+00
.1216E+04 .4775E+00 .4134E+00 .5987E-02 .2127E+00 .2067E+00 .4134E+00 .4116E-01 .4546E+00 .4134E+00 .5987E-02 .1304E+00
.1217E+04 .4762E+00 .3976E+00 .5745E-02 .2045E+00 .1988E+00 .3976E+00 .3956E-01 .4371E+00 .3976E+00 .5745E-02 .1254E+00
.1218E+04 .4744E+00 .4048E+00 .5844E-02 .2082E+00 .2024E+00 .4048E+00 .4028E-01 .4451E+00 .4048E+00 .5844E-02 .1277E+00
.1219E+04 .4724E+00 .3914E+00 .5647E-02 .2013E+00 .1957E+00 .3914E+00 .3894E-01 .4303E+00 .3914E+00 .5647E-02 .1235E+00
.1220E+04 .4738E+00 .4074E+00 .5861E-02 .2096E+00 .2037E+00 .4074E+00 .4051E-01 .4479E+00 .4074E+00 .5861E-02 .1285E+00
.1221E+04 .4719E+00 .4168E+00 .5982E-02 .2144E+00 .2084E+00 .4168E+00 .4142E-01 .4582E+00 .4168E+00 .5982E-02 .1315E+00
.1222E+04 .4701E+00 .4031E+00 .5769E-02 .2073E+00 .2015E+00 .4031E+00 .4003E-01 .4431E+00 .4031E+00 .5769E-02 .1271E+00
.1223E+04 .4686E+00 .3954E+00 .5651E-02 .2033E+00 .1977E+00 .3954E+00 .3925E-01 .4346E+00 .3954E+00 .5651E-02 .1247E+00
.1224E+04 .4699E+00 .3865E+00 .5525E-02 .1988E+00 .1932E+00 .3865E+00 .3837E-01 .4248E+00 .3865E+00 .5525E-02 .1219E+00
.1225E+04 .4684E+00 .4133E+00 .5897E-02 .2126E+00 .2067E+00 .4133E+00 .4102E-01 .4544E+00 .4133E+00 .5897E-02 .1304E+00
.1226E+04 .4663E+00 .4222E+00 .6008E-02 .2171E+00 .2111E+00 .4222E+00 .4188E-01 .4641E+00 .4222E+00 .6008E-02 .1332E+00
.1227E+04 .4570E+00 .3719E+00 .5286E-02 .1912E+00 .1860E+00 .3719E+00 .3688E-01 .4088E+00 .3719E+00 .5286E-02 .1173E+00
.1228E+04 .4645E+00 .4272E+00 .6059E-02 .2197E+00 .2136E+00 .4272E+00 .4234E-01 .4695E+00 .4272E+00 .6059E-02 .1347E+00
.1229E+04 .4654E+00 .4235E+00 .5995E-02 .2178E+00 .2118E+00 .4235E+00 .4196E-01 .4655E+00 .4235E+00 .5995E-02 .1336E+00
.1230E+04 .4629E+00 .4129E+00 .5834E-02 .2123E+00 .2064E+00 .4129E+00 .4088E-01 .4537E+00 .4129E+00 .5834E-02 .1302E+00
.1231E+04 .4614E+00 .4368E+00 .6161E-02 .2246E+00 .2184E+00 .4368E+00 .4324E-01 .4800E+00 .4368E+00 .6161E-02 .1377E+00
.1232E+04 .4592E+00 .4339E+00 .6109E-02 .2231E+00 .2169E+00 .4339E+00 .4293E-01 .4768E+00 .4339E+00 .6109E-02 .1368E+00
.1233E+04 .4601E+00 .4030E+00 .5669E-02 .2072E+00 .2015E+00 .4030E+00 .3987E-01 .4428E+00 .4030E+00 .5669E-02 .1271E+00
.1234E+04 .4577E+00 .4401E+00 .6173E-02 .2262E+00 .2201E+00 .4401E+00 .4351E-01 .4837E+00 .4401E+00 .6173E-02 .1388E+00
.1235E+04 .4572E+00 .4345E+00 .6086E-02 .2233E+00 .2173E+00 .4345E+00 .4295E-01 .4775E+00 .4345E+00 .6086E-02 .1370E+00
.1236E+04 .4586E+00 .4403E+00 .6155E-02 .2263E+00 .2202E+00 .4403E+00 .4350E-01 .4838E+00 .4403E+00 .6155E-02 .1388E+00
.1237E+04 .4580E+00 .4284E+00 .5977E-02 .2202E+00 .2142E+00 .4284E+00 .4230E-01 .4707E+00 .4284E+00 .5977E-02 .1350E+00
.1238E+04 .4570E+00 .4392E+00 .6118E-02 .2257E+00 .2196E+00 .4392E+00 .4336E-01 .4826E+00 .4392E+00 .6118E-02 .1385E+00
.1239E+04 .4513E+00 .4336E+00 .6029E-02 .2228E+00 .2168E+00 .4336E+00 .4278E-01 .4763E+00 .4336E+00 .6029E-02 .1367E+00
.1240E+04 .4522E+00 .4364E+00 .6057E-02 .2243E+00 .2182E+00 .4364E+00 .4305E-01 .4794E+00 .4364E+00 .6057E-02 .1376E+00
.1241E+04 .4541E+00 .4304E+00 .5966E-02 .2212E+00 .2152E+00 .4304E+00 .4245E-01 .4729E+00 .4304E+00 .5966E-02 .1357E+00
.1242E+04 .4495E+00 .4333E+00 .5993E-02 .2226E+00 .2167E+00 .4333E+00 .4269E-01 .4760E+00 .4333E+00 .5993E-02 .1365E+00
.1243E+04 .4456E+00 .4304E+00 .5941E-02 .2211E+00 .2152E+00 .4304E+00 .4236E-01 .4727E+00 .4304E+00 .5941E-02 .1355E+00
.1244E+04 .4500E+00 .4324E+00 .5959E-02 .2222E+00 .2162E+00 .4324E+00 .4252E-01 .4749E+00 .4324E+00 .5959E-02 .1360E+00
.1245E+04 .4512E+00 .4354E+00 .5990E-02 .2237E+00 .2177E+00 .4354E+00 .4280E-01 .4782E+00 .4354E+00 .5990E-02 .1370E+00
.1246E+04 .4484E+00 .4329E+00 .5946E-02 .2224E+00 .2165E+00 .4329E+00 .4254E-01 .4755E+00 .4329E+00 .5946E-02 .1362E+00
.1247E+04 .4478E+00 .4308E+00 .5907E-02 .2213E+00 .2154E+00 .4308E+00 .4232E-01 .4731E+00 .4308E+00 .5907E-02 .1355E+00
.1248E+04 .4496E+00 .4289E+00 .5872E-02 .2203E+00 .2144E+00 .4289E+00 .4212E-01 .4710E+00 .4289E+00 .5872E-02 .1349E+00
.1249E+04 .4491E+00 .4324E+00 .5909E-02 .2221E+00 .2162E+00 .4324E+00 .4245E-01 .4749E+00 .4324E+00 .5909E-02 .1360E+00
.1250E+04 .4476E+00 .4297E+00 .5862E-02 .2207E+00 .2149E+00 .4297E+00 .4217E-01 .4719E+00 .4297E+00 .5862E-02 .1351E+00
.1251E+04 .4444E+00 .4246E+00 .5783E-02 .2181E+00 .2123E+00 .4246E+00 .4165E-01 .4662E+00 .4246E+00 .5783E-02 .1335E+00
.1252E+04 .4413E+00 .4239E+00 .5764E-02 .2177E+00 .2120E+00 .4239E+00 .4157E-01 .4655E+00 .4239E+00 .5764E-02 .1333E+00
.1253E+04 .4435E+00 .4216E+00 .5724E-02 .2165E+00 .2108E+00 .4216E+00 .4133E-01 .4629E+00 .4216E+00 .5724E-02 .1326E+00
.1254E+04 .4436E+00 .4152E+00 .5630E-02 .2132E+00 .2076E+00 .4152E+00 .4070E-01 .4559E+00 .4152E+00 .5630E-02 .1306E+00
.1255E+04 .4424E+00 .4231E+00 .5723E-02 .2173E+00 .2115E+00 .4231E+00 .4145E-01 .4645E+00 .4231E+00 .5723E-02 .1331E+00
.1256E+04 .4407E+00 .4129E+00 .5580E-02 .2120E+00 .2064E+00 .4129E+00 .4044E-01 .4533E+00 .4129E+00 .5580E-02 .1299E+00
.1257E+04 .4405E+00 .4112E+00 .5549E-02 .2112E+00 .2056E+00 .4112E+00 .4026E-01 .4515E+00 .4112E+00 .5549E-02 .1293E+00
.1258E+04 .4401E+00 .4168E+00 .5611E-02 .2140E+00 .2084E+00 .4168E+00 .4079E-01 .4575E+00 .4168E+00 .5611E-02 .1311E+00
.1259E+04 .4411E+00 .4046E+00 .5444E-02 .2077E+00 .2023E+00 .4046E+00 .3959E-01 .4441E+00 .4046E+00 .5444E-02 .1273E+00
.1260E+04 .4413E+00 .4052E+00 .5444E-02 .2081E+00 .2026E+00 .4052E+00 .3967E-01 .4449E+00 .4052E+00 .5444E-02 .1276E+00
.1261E+04 .4388E+00 .3843E+00 .5162E-02 .1973E+00 .1921E+00 .3843E+00 .3764E-01 .4219E+00 .3843E+00 .5162E-02 .1211E+00
.1262E+04 .4378E+00 .3750E+00 .5034E-02 .1925E+00 .1875E+00 .3750E+00 .3675E-01 .4117E+00 .3750E+00 .5034E-02 .1183E+00
.1263E+04 .4394E+00 .3741E+00 .5015E-02 .1921E+00 .1870E+00 .3741E+00 .3669E-01 .4108E+00 .3741E+00 .5015E-02 .1181E+00
.1264E+04 .4352E+00 .3474E+00 .4662E-02 .1784E+00 .1737E+00 .3474E+00 .3411E-01 .3815E+00 .3474E+00 .4662E-02 .1098E+00
.1265E+04 .4360E+00 .3732E+00 .4987E-02 .1916E+00 .1866E+00 .3732E+00 .3663E-01 .4098E+00 .3732E+00 .4987E-02 .1180E+00
.1266E+04 .4368E+00 .3609E+00 .4822E-02 .1853E+00 .1805E+00 .3609E+00 .3545E-01 .3964E+00 .3609E+00 .4822E-02 .1142E+00
.1267E+04 .4325E+00 .3639E+00 .4851E-02 .1868E+00 .1820E+00 .3639E+00 .3573E-01 .3997E+00 .3639E+00 .4851E-02 .1152E+00
.1268E+04 .4295E+00 .3477E+00 .4634E-02 .1785E+00 .1739E+00 .3477E+00 .3414E-01 .3819E+00 .3477E+00 .4634E-02 .1101E+00
.1269E+04 .4340E+00 .2248E+00 .3053E-02 .1154E+00 .1124E+00 .2248E+00 .2218E-01 .2470E+00 .2248E+00 .3053E-02 .7133E-01
.1270E+04 .4355E+00 .3647E+00 .4842E-02 .1872E+00 .1824E+00 .3647E+00 .3589E-01 .4006E+00 .3647E+00 .4842E-02 .1159E+00
.1271E+04 .4344E+00 .3809E+00 .5041E-02 .1955E+00 .1905E+00 .3809E+00 .3753E-01 .4185E+00 .3809E+00 .5041E-02 .1213E+00
.1272E+04 .4333E+00 .3825E+00 .5054E-02 .1963E+00 .1913E+00 .3825E+00 .3768E-01 .4202E+00 .3825E+00 .5054E-02 .1219E+00
.1273E+04 .4313E+00 .3791E+00 .5002E-02 .1946E+00 .1896E+00 .3791E+00 .3734E-01 .4165E+00 .3791E+00 .5002E-02 .1208E+00
.1274E+04 .4296E+00 .3780E+00 .4977E-02 .1940E+00 .1890E+00 .3780E+00 .3721E-01 .4152E+00 .3780E+00 .4977E-02 .1204E+00
.1275E+04 .4313E+00 .3865E+00 .5079E-02 .1983E+00 .1932E+00 .3865E+00 .3803E-01 .4245E+00 .3865E+00 .5079E-02 .1231E+00
.1276E+04 .4312E+00 .3879E+00 .5088E-02 .1990E+00 .1939E+00 .3879E+00 .3816E-01 .4261E+00 .3879E+00 .5088E-02 .1235E+00
.1277E+04 .4301E+00 .3849E+00 .5037E-02 .1975E+00 .1924E+00 .3849E+00 .3782E-01 .4227E+00 .3849E+00 .5037E-02 .1225E+00
.1278E+04 .4282E+00 .3991E+00 .5211E-02 .2047E+00 .1995E+00 .3991E+00 .3917E-01 .4382E+00 .3991E+00 .5211E-02 .1269E+00
.1279E+04 .4248E+00 .3895E+00 .5077E-02 .1998E+00 .1947E+00 .3895E+00 .3820E-01 .4277E+00 .3895E+00 .5077E-02 .1238E+00
.1280E+04 .4194E+00 .3825E+00 .4980E-02 .1962E+00 .1912E+00 .3825E+00 .3751E-01 .4200E+00 .3825E+00 .4980E-02 .1216E+00
.1281E+04 .3961E+00 .3655E+00 .4749E-02 .1875E+00 .1827E+00 .3655E+00 .3582E-01 .4013E+00 .3655E+00 .4749E-02 .1161E+00
.1282E+04 .3751E+00 .3569E+00 .4626E-02 .1831E+00 .1784E+00 .3569E+00 .3496E-01 .3918E+00 .3569E+00 .4626E-02 .1134E+00
.1283E+04 .4054E+00 .3833E+00 .4962E-02 .1966E+00 .1917E+00 .3833E+00 .3754E-01 .4209E+00 .3833E+00 .4962E-02 .1218E+00
.1284E+04 .4167E+00 .3866E+00 .4998E-02 .1983E+00 .1933E+00 .3866E+00 .3785E-01 .4245E+00 .3866E+00 .4998E-02 .1228E+00
.1285E+04 .4185E+00 .3921E+00 .5058E-02 .2011E+00 .1960E+00 .3921E+00 .3837E-01 .4304E+00 .3921E+00 .5058E-02 .1246E+00
.1286E+04 .4202E+00 .3978E+00 .5124E-02 .2040E+00 .1989E+00 .3978E+00 .3892E-01 .4367E+00 .3978E+00 .5124E-02 .1264E+00
.1287E+04 .4211E+00 .3849E+00 .4952E-02 .1974E+00 .1924E+00 .3849E+00 .3765E-01 .4225E+00 .3849E+00 .4952E-02 .1223E+00
.1288E+04 .4195E+00 .3853E+00 .4948E-02 .1976E+00 .1926E+00 .3853E+00 .3767E-01 .4229E+00 .3853E+00 .4948E-02 .1224E+00
.1289E+04 .4195E+00 .3636E+00 .4667E-02 .1864E+00 .1818E+00 .3636E+00 .3554E-01 .3991E+00 .3636E+00 .4667E-02 .1155E+00
.1290E+04 .4142E+00 .3812E+00 .4880E-02 .1955E+00 .1906E+00 .3812E+00 .3721E-01 .4184E+00 .3812E+00 .4880E-02 .1210E+00
.1291E+04 .4175E+00 .3900E+00 .4982E-02 .2000E+00 .1950E+00 .3900E+00 .3802E-01 .4280E+00 .3900E+00 .4982E-02 .1236E+00
.1292E+04 .4193E+00 .3442E+00 .4398E-02 .1765E+00 .1721E+00 .3442E+00 .3356E-01 .3777E+00 .3442E+00 .4398E-02 .1091E+00
.1293E+04 .4169E+00 .3738E+00 .4761E-02 .1917E+00 .1869E+00 .3738E+00 .3642E-01 .4103E+00 .3738E+00 .4761E-02 .1185E+00
.1294E+04 .4160E+00 .3672E+00 .4669E-02 .1883E+00 .1836E+00 .3672E+00 .3576E-01 .4029E+00 .3672E+00 .4669E-02 .1164E+00
.1295E+04 .4177E+00 .3647E+00 .4638E-02 .1870E+00 .1823E+00 .3647E+00 .3552E-01 .4002E+00 .3647E+00 .4638E-02 .1156E+00
.1296E+04 .4178E+00 .3334E+00 .4237E-02 .1709E+00 .1667E+00 .3334E+00 .3247E-01 .3659E+00 .3334E+00 .4237E-02 .1057E+00
.1297E+04 .4141E+00 .3065E+00 .3886E-02 .1571E+00 .1532E+00 .3065E+00 .2983E-01 .3363E+00 .3065E+00 .3886E-02 .9717E-01
.1298E+04 .4136E+00 .3532E+00 .4465E-02 .1810E+00 .1766E+00 .3532E+00 .3436E-01 .3875E+00 .3532E+00 .4465E-02 .1119E+00
.1299E+04 .4157E+00 .3791E+00 .4778E-02 .1943E+00 .1895E+00 .3791E+00 .3686E-01 .4159E+00 .3791E+00 .4778E-02 .1201E+00
.1300E+04 .4141E+00 .2876E+00 .3614E-02 .1474E+00 .1438E+00 .2876E+00 .2794E-01 .3155E+00 .2876E+00 .3614E-02 .9117E-01
.1301E+04 .4116E+00 .2932E+00 .3693E-02 .1503E+00 .1466E+00 .2932E+00 .2850E-01 .3217E+00 .2932E+00 .3693E-02 .9294E-01
.1302E+04 .4097E+00 .3520E+00 .4422E-02 .1804E+00 .1760E+00 .3520E+00 .3421E-01 .3862E+00 .3520E+00 .4422E-02 .1116E+00
.1303E+04 .4066E+00 .2807E+00 .3516E-02 .1439E+00 .1403E+00 .2807E+00 .2726E-01 .3080E+00 .2807E+00 .3516E-02 .8900E-01
.1304E+04 .4079E+00 .2181E+00 .2733E-02 .1118E+00 .1090E+00 .2181E+00 .2118E-01 .2392E+00 .2181E+00 .2733E-02 .6917E-01
.1305E+04 .4101E+00 .3400E+00 .4248E-02 .1742E+00 .1700E+00 .3400E+00 .3300E-01 .3730E+00 .3400E+00 .4248E-02 .1078E+00
.1306E+04 .4099E+00 .3378E+00 .4222E-02 .1731E+00 .1689E+00 .3378E+00 .3279E-01 .3706E+00 .3378E+00 .4222E-02 .1071E+00
.1307E+04 .4076E+00 .2215E+00 .2758E-02 .1135E+00 .1108E+00 .2215E+00 .2148E-01 .2430E+00 .2215E+00 .2758E-02 .7020E-01
.1308E+04 .4071E+00 .2984E+00 .3694E-02 .1529E+00 .1492E+00 .2984E+00 .2888E-01 .3273E+00 .2984E+00 .3694E-02 .9444E-01
.1309E+04 .4068E+00 .3332E+00 .4152E-02 .1708E+00 .1666E+00 .3332E+00 .3227E-01 .3655E+00 .3332E+00 .4152E-02 .1054E+00
.1310E+04 .4042E+00 .2259E+00 .2799E-02 .1157E+00 .1129E+00 .2259E+00 .2185E-01 .2477E+00 .2259E+00 .2799E-02 .7148E-01
.1311E+04 .4040E+00 .2727E+00 .3362E-02 .1397E+00 .1364E+00 .2727E+00 .2636E-01 .2991E+00 .2727E+00 .3362E-02 .8627E-01
.1312E+04 .3931E+00 .2649E+00 .3262E-02 .1357E+00 .1325E+00 .2649E+00 .2559E-01 .2905E+00 .2649E+00 .3262E-02 .8375E-01
.1313E+04 .3965E+00 .2448E+00 .3024E-02 .1254E+00 .1224E+00 .2448E+00 .2364E-01 .2684E+00 .2448E+00 .3024E-02 .7732E-01
.1314E+04 .3999E+00 .2197E+00 .2703E-02 .1126E+00 .1099E+00 .2197E+00 .2119E-01 .2409E+00 .2197E+00 .2703E-02 .6938E-01
.1315E+04 .3881E+00 .1919E+00 .2379E-02 .9835E-01 .9597E-01 .1919E+00 .1854E-01 .2105E+00 .1919E+00 .2379E-02 .6063E-01
.1316E+04 .3974E+00 .2595E+00 .3188E-02 .1329E+00 .1297E+00 .2595E+00 .2502E-01 .2845E+00 .2595E+00 .3188E-02 .8190E-01
.1317E+04 .3992E+00 .2503E+00 .3057E-02 .1282E+00 .1252E+00 .2503E+00 .2411E-01 .2744E+00 .2503E+00 .3057E-02 .7901E-01
.1318E+04 .3975E+00 .2827E+00 .3451E-02 .1448E+00 .1414E+00 .2827E+00 .2723E-01 .3099E+00 .2827E+00 .3451E-02 .8922E-01
.1319E+04 .4003E+00 .1789E+00 .2199E-02 .9167E-01 .8947E-01 .1789E+00 .1725E-01 .1962E+00 .1789E+00 .2199E-02 .5650E-01
.1320E+04 .3983E+00 .2000E+00 .2431E-02 .1024E+00 .9998E-01 .2000E+00 .1922E-01 .2192E+00 .2000E+00 .2431E-02 .6305E-01
.1321E+04 .3960E+00 .2308E+00 .2809E-02 .1182E+00 .1154E+00 .2308E+00 .2217E-01 .2529E+00 .2308E+00 .2809E-02 .7268E-01
.1322E+04 .3968E+00 .2229E+00 .2728E-02 .1142E+00 .1114E+00 .2229E+00 .2142E-01 .2443E+00 .2229E+00 .2728E-02 .7015E-01
.1323E+04 .3964E+00 .1578E+00 .1935E-02 .8086E-01 .7892E-01 .1578E+00 .1517E-01 .1730E+00 .1578E+00 .1935E-02 .4967E-01
.1324E+04 .3967E+00 .1788E+00 .2174E-02 .9159E-01 .8942E-01 .1788E+00 .1715E-01 .1960E+00 .1788E+00 .2174E-02 .5623E-01
.1325E+04 .3949E+00 .2583E+00 .3130E-02 .1323E+00 .1292E+00 .2583E+00 .2475E-01 .2831E+00 .2583E+00 .3130E-02 .8118E-01
.1326E+04 .3926E+00 .2017E+00 .2443E-02 .1033E+00 .1008E+00 .2017E+00 .1932E-01 .2210E+00 .2017E+00 .2443E-02 .6339E-01
.1327E+04 .3922E+00 .1898E+00 .2295E-02 .9720E-01 .9491E-01 .1898E+00 .1817E-01 .2080E+00 .1898E+00 .2295E-02 .5962E-01
.1328E+04 .3886E+00 .1662E+00 .2006E-02 .8513E-01 .8312E-01 .1662E+00 .1589E-01 .1821E+00 .1662E+00 .2006E-02 .5218E-01
.1329E+04 .3839E+00 .1107E+00 .1356E-02 .5670E-01 .5534E-01 .1107E+00 .1061E-01 .1213E+00 .1107E+00 .1356E-02 .3473E-01
.1330E+04 .3896E+00 .1447E+00 .1775E-02 .7413E-01 .7236E-01 .1447E+00 .1386E-01 .1586E+00 .1447E+00 .1775E-02 .4536E-01
.1331E+04 .3886E+00 .7103E-01 .8874E-03 .3640E-01 .3552E-01 .7103E-01 .6824E-02 .7786E-01 .7103E-01 .8874E-03 .2227E-01
.1332E+04 .3843E+00 .7971E-01 .9849E-03 .4084E-01 .3985E-01 .7971E-01 .7639E-02 .8735E-01 .7971E-01 .9849E-03 .2498E-01
.1333E+04 .3904E+00 .1122E+00 .1392E-02 .5750E-01 .5610E-01 .1122E+00 .1076E-01 .1230E+00 .1122E+00 .1392E-02 .3516E-01
.1334E+04 .3908E+00 .1156E+00 .1378E-02 .5916E-01 .5779E-01 .1156E+00 .1100E-01 .1266E+00 .1156E+00 .1378E-02 .3617E-01
.1335E+04 .3883E+00 .1571E+00 .1900E-02 .8047E-01 .7857E-01 .1571E+00 .1498E-01 .1721E+00 .1571E+00 .1900E-02 .4914E-01
.1336E+04 .3889E+00 .1145E+00 .1393E-02 .5863E-01 .5724E-01 .1145E+00 .1092E-01 .1254E+00 .1145E+00 .1393E-02 .3579E-01
.1337E+04 .3873E+00 .9410E-01 .1139E-02 .4819E-01 .4705E-01 .9410E-01 .8956E-02 .1031E+00 .9410E-01 .1139E-02 .2937E-01
.1338E+04 .3850E+00 .9981E-01 .1216E-02 .5112E-01 .4991E-01 .9981E-01 .9497E-02 .1093E+00 .9981E-01 .1216E-02 .3110E-01
.1339E+04 .3791E+00 .1036E+00 .1256E-02 .5306E-01 .5180E-01 .1036E+00 .9838E-02 .1134E+00 .1036E+00 .1256E-02 .3223E-01
.1340E+04 .3833E+00 .1064E+00 .1272E-02 .5447E-01 .5320E-01 .1064E+00 .1008E-01 .1165E+00 .1064E+00 .1272E-02 .3309E-01
.1341E+04 .3840E+00 .8589E-01 .1059E-02 .4400E-01 .4294E-01 .8589E-01 .8183E-02 .9407E-01 .8589E-01 .1059E-02 .2674E-01
.1342E+04 .3837E+00 .8558E-01 .1052E-02 .4384E-01 .4279E-01 .8558E-01 .8140E-02 .9372E-01 .8558E-01 .1052E-02 .2660E-01
.1343E+04 .3833E+00 .4008E-01 .5236E-03 .2056E-01 .2004E-01 .4008E-01 .3855E-02 .4394E-01 .4008E-01 .5236E-03 .1246E-01
.1344E+04 .3843E+00 .3210E-01 .4019E-03 .1645E-01 .1605E-01 .3210E-01 .3057E-02 .3516E-01 .3210E-01 .4019E-03 .9960E-02
.1345E+04 .3823E+00 .4283E-01 .5514E-03 .2197E-01 .2141E-01 .4283E-01 .4099E-02 .4693E-01 .4283E-01 .5514E-03 .1328E-01
.1346E+04 .3806E+00 .1203E-01 .1738E-03 .6189E-02 .6015E-02 .1203E-01 .1180E-02 .1321E-01 .1203E-01 .1738E-03 .3740E-02
.1347E+04 .3814E+00 .1165E-01 .1723E-03 .5996E-02 .5823E-02 .1165E-01 .1147E-02 .1279E-01 .1165E-01 .1723E-03 .3619E-02
.1348E+04 .3812E+00 .3009E-03 .5596E-05 .1560E-03 .1504E-03 .3009E-03 .3138E-04 .3322E-03 .3009E-03 .5596E-05 .9410E-04
.1349E+04 .3782E+00 .1152E-02 .2082E-04 .5969E-03 .5761E-03 .1152E-02 .1192E-03 .1271E-02 .1152E-02 .2082E-04 .3596E-03
.1350E+04 .3753E+00 .1636E-02 .2859E-04 .8465E-03 .8179E-03 .1636E-02 .1675E-03 .1803E-02 .1636E-02 .2859E-04 .5092E-03
.1351E+04 .3779E+00 .1430E-03 .3183E-05 .7466E-04 .7148E-04 .1430E-03 .1567E-04 .1586E-03 .1430E-03 .3183E-05 .4480E-04
.1352E+04 .3793E+00 .9610E-05 .3298E-06 .5135E-05 .4805E-05 .9610E-05 .1231E-05 .1084E-04 .9610E-05 .3298E-06 .3071E-05
.1353E+04 .3777E+00 .3027E-06 .1223E-07 .1636E-06 .1513E-06 .3027E-06 .4159E-07 .3443E-06 .3027E-06 .1223E-07 .9765E-07
.1354E+04 .3755E+00 .2252E-05 .7238E-07 .1198E-05 .1126E-05 .2252E-05 .2806E-06 .2533E-05 .2252E-05 .7238E-07 .7158E-06
.1355E+04 .3718E+00 .1858E-08 .1161E-09 .1045E-08 .9289E-09 .1858E-08 .3181E-09 .2176E-08 .1858E-08 .1161E-09 .6206E-09
.1356E+04 .3701E+00 .2760E-06 .1037E-07 .1484E-06 .1380E-06 .2760E-06 .3664E-07 .3126E-06 .2760E-06 .1037E-07 .8837E-07
.1357E+04 .3706E+00 .2903E-06 .1139E-07 .1565E-06 .1451E-06 .2903E-06 .3926E-07 .3295E-06 .2903E-06 .1139E-07 .9309E-07
.1358E+04 .3734E+00 .2982E-08 .1766E-09 .1668E-08 .1491E-08 .2982E-08 .4946E-09 .3477E-08 .2982E-08 .1766E-09 .9869E-09
.1359E+04 .3698E+00 .4179E-10 .4606E-11 .2550E-10 .2089E-10 .4179E-10 .1021E-10 .5199E-10 .4179E-10 .4606E-11 .1496E-10
.1360E+04 .3701E+00 .7336E-09 .5298E-10 .4198E-09 .3668E-09 .7336E-09 .1362E-09 .8698E-09 .7336E-09 .5298E-10 .2473E-09
.1361E+04 .3730E+00 .1585E-13 .3553E-14 .1148E-13 .7927E-14 .1585E-13 .6648E-14 .2250E-13 .1585E-13 .3553E-14 .6640E-14
.1362E+04 .3690E+00 .1587E-16 .4774E-17 .1271E-16 .7935E-17 .1587E-16 .8525E-17 .2440E-16 .1587E-16 .4774E-17 .7294E-17
.1363E+04 .3672E+00 .1717E-09 .2025E-10 .1061E-09 .8587E-10 .1717E-09 .4390E-10 .2156E-09 .1717E-09 .2025E-10 .6189E-10
.1364E+04 .3687E+00 .1227E-09 .1159E-10 .7294E-10 .6134E-10 .1227E-09 .2692E-10 .1496E-09 .1227E-09 .1159E-10 .4259E-10
.1365E+04 .3696E+00 .1689E-17 .9449E-18 .1789E-17 .8445E-18 .1689E-17 .1578E-17 .3267E-17 .1689E-17 .9449E-18 .1008E-17
.1366E+04 .3673E+00 .2302E-08 .2134E-09 .1365E-08 .1151E-08 .2302E-08 .4987E-09 .2801E-08 .2302E-08 .2134E-09 .7969E-09
.1367E+04 .3661E+00 .2497E-08 .1676E-09 .1416E-08 .1249E-08 .2497E-08 .4427E-09 .2940E-08 .2497E-08 .1676E-09 .8297E-09
.1368E+04 .3647E+00 .9459E-22 .2157E-21 .2630E-21 .4730E-22 .9459E-22 .3387E-21 .4333E-21 .9459E-22 .2157E-21 .1437E-21
.1369E+04 .3623E+00 .1688E-09 .1362E-10 .9799E-10 .8438E-10 .1688E-09 .3341E-10 .2022E-09 .1688E-09 .1362E-10 .5719E-10
.1370E+04 .3621E+00 .2087E-10 .2301E-11 .1273E-10 .1043E-10 .2087E-10 .5077E-11 .2594E-10 .2087E-10 .2301E-11 .7389E-11
.1371E+04 .3628E+00 .6994E-12 .9239E-13 .4421E-12 .3497E-12 .6994E-12 .1935E-12 .8930E-12 .6994E-12 .9239E-13 .2554E-12
.1372E+04 .3658E+00 .2690E-08 .1630E-09 .1508E-08 .1345E-08 .2690E-08 .4483E-09 .3139E-08 .2690E-08 .1630E-09 .8781E-09
.1373E+04 .3656E+00 .5849E-07 .2885E-08 .3213E-07 .2925E-07 .5849E-07 .8727E-08 .6722E-07 .5849E-07 .2885E-08 .1871E-07
.1374E+04 .3624E+00 .5763E-06 .2249E-07 .3106E-06 .2881E-06 .5763E-06 .7676E-07 .6530E-06 .5763E-06 .2249E-07 .1808E-06
.1375E+04 .3595E+00 .7688E-06 .3450E-07 .4189E-06 .3844E-06 .7688E-06 .1093E-06 .8781E-06 .7688E-06 .3450E-07 .2433E-06
.1376E+04 .3579E+00 .3267E-05 .9564E-07 .1729E-05 .1634E-05 .3267E-05 .3858E-06 .3653E-05 .3267E-05 .9564E-07 .1006E-05
.1377E+04 .3609E+00 .1587E-05 .4707E-07 .8406E-06 .7935E-06 .1587E-05 .1882E-06 .1775E-05 .1587E-05 .4707E-07 .4883E-06
.1378E+04 .3614E+00 .5804E-05 .1991E-06 .3101E-05 .2902E-05 .5804E-05 .7283E-06 .6532E-05 .5804E-05 .1991E-06 .1795E-05
.1379E+04 .3621E+00 .6593E-06 .1916E-07 .3488E-06 .3297E-06 .6593E-06 .7729E-07 .7366E-06 .6593E-06 .1916E-07 .2016E-06
.1380E+04 .3606E+00 .2849E-06 .1072E-07 .1532E-06 .1425E-06 .2849E-06 .3712E-07 .3221E-06 .2849E-06 .1072E-07 .8829E-07
.1381E+04 .3594E+00 .1195E-07 .4361E-09 .6409E-08 .5973E-08 .1195E-07 .1535E-08 .1348E-07 .1195E-07 .4361E-09 .3691E-08
.1382E+04 .3564E+00 .1073E-08 .7348E-10 .6099E-09 .5365E-09 .1073E-08 .1904E-09 .1263E-08 .1073E-08 .7348E-10 .3490E-09
.1383E+04 .3579E+00 .1186E-10 .8610E-12 .6789E-11 .5928E-11 .1186E-10 .2178E-11 .1403E-10 .1186E-10 .8610E-12 .3876E-11
.1384E+04 .3585E+00 .6829E-10 .6540E-11 .4068E-10 .3414E-10 .6829E-10 .1496E-10 .8324E-10 .6829E-10 .6540E-11 .2311E-10
.1385E+04 .3566E+00 .1880E-08 .9607E-10 .1036E-08 .9401E-09 .1880E-08 .2826E-09 .2163E-08 .1880E-08 .9607E-10 .5910E-09
.1386E+04 .3567E+00 .2795E-09 .2494E-10 .1647E-09 .1397E-09 .2795E-09 .5829E-10 .3378E-09 .2795E-09 .2494E-10 .9313E-10
.1387E+04 .3560E+00 .3522E-07 .2320E-08 .1993E-07 .1761E-07 .3522E-07 .6076E-08 .4129E-07 .3522E-07 .2320E-08 .1127E-07
.1388E+04 .3572E+00 .1443E-07 .5391E-09 .7754E-08 .7215E-08 .1443E-07 .1854E-08 .1628E-07 .1443E-07 .5391E-09 .4390E-08
.1389E+04 .3552E+00 .2309E-05 .8317E-07 .1238E-05 .1154E-05 .2309E-05 .2914E-06 .2600E-05 .2309E-05 .8317E-07 .6984E-06
.1390E+04 .3531E+00 .1719E-05 .6678E-07 .9261E-06 .8593E-06 .1719E-05 .2242E-06 .1943E-05 .1719E-05 .6678E-07 .5216E-06
.1391E+04 .3555E+00 .1083E-05 .4065E-07 .5821E-06 .5414E-06 .1083E-05 .1390E-06 .1222E-05 .1083E-05 .4065E-07 .3279E-06
.1392E+04 .3543E+00 .2321E-06 .7438E-08 .1235E-06 .1160E-06 .2321E-06 .2784E-07 .2599E-06 .2321E-06 .7438E-08 .6960E-07
.1393E+04 .3530E+00 .1356E-05 .4035E-07 .7183E-06 .6780E-06 .1356E-05 .1575E-06 .1514E-05 .1356E-05 .4035E-07 .4036E-06
.1394E+04 .3513E+00 .5505E-07 .3000E-08 .3052E-07 .2752E-07 .5505E-07 .8465E-08 .6351E-07 .5505E-07 .3000E-08 .1702E-07
.1395E+04 .3507E+00 .4012E-09 .2275E-10 .2234E-09 .2006E-09 .4012E-09 .6297E-10 .4642E-09 .4012E-09 .2275E-10 .1241E-09
.1396E+04 .3520E+00 .5316E-13 .9223E-14 .3581E-13 .2658E-13 .5316E-13 .1784E-13 .7100E-13 .5316E-13 .9223E-14 .1957E-13
.1397E+04 .3523E+00 .6239E-06 .1926E-07 .3312E-06 .3120E-06 .6239E-06 .7306E-07 .6970E-06 .6239E-06 .1926E-07 .1841E-06
.1398E+04 .3518E+00 .2781E-05 .1068E-06 .1497E-05 .1390E-05 .2781E-05 .3574E-06 .3138E-05 .2781E-05 .1068E-06 .8297E-06
.1399E+04 .3480E+00 .3719E-05 .1277E-06 .1987E-05 .1860E-05 .3719E-05 .4542E-06 .4174E-05 .3719E-05 .1277E-06 .1100E-05
.1400E+04 .3431E+00 .7959E-14 .1939E-14 .5919E-14 .3979E-14 .7959E-14 .3519E-14 .1148E-13 .7959E-14 .1939E-14 .3188E-14
.1401E+04 .3457E+00 .1082E-12 .1712E-13 .7123E-13 .5410E-13 .1082E-12 .3369E-13 .1419E-12 .1082E-12 .1712E-13 .3862E-13
.1402E+04 .3475E+00 .7165E-04 .1449E-05 .3728E-04 .3583E-04 .7165E-04 .7175E-05 .7883E-04 .7165E-04 .1449E-05 .2056E-04
.1403E+04 .3449E+00 .5047E-04 .1159E-05 .2639E-04 .2523E-04 .5047E-04 .5254E-05 .5572E-04 .5047E-04 .1159E-05 .1450E-04
.1404E+04 .3451E+00 .1279E-04 .3225E-06 .6716E-05 .6394E-05 .1279E-04 .1371E-05 .1416E-04 .1279E-04 .3225E-06 .3675E-05
.1405E+04 .3457E+00 .5575E-09 .3268E-10 .3114E-09 .2788E-09 .5575E-09 .8811E-10 .6456E-09 .5575E-09 .3268E-10 .1689E-09
.1406E+04 .3449E+00 .6608E-05 .2207E-06 .3525E-05 .3304E-05 .6608E-05 .7888E-06 .7397E-05 .6608E-05 .2207E-06 .1916E-05
.1407E+04 .3448E+00 .6140E-05 .1279E-06 .3198E-05 .3070E-05 .6140E-05 .6141E-06 .6754E-05 .6140E-05 .1279E-06 .1738E-05
.1408E+04 .3448E+00 .1384E-04 .4017E-06 .7319E-05 .6918E-05 .1384E-04 .1555E-05 .1539E-04 .1384E-04 .4017E-06 .3963E-05
.1409E+04 .3454E+00 .1583E-05 .5995E-07 .8514E-06 .7914E-06 .1583E-05 .1989E-06 .1782E-05 .1583E-05 .5995E-07 .4590E-06
.1410E+04 .3437E+00 .7274E-05 .1845E-06 .3821E-05 .3637E-05 .7274E-05 .7737E-06 .8047E-05 .7274E-05 .1845E-06 .2059E-05
.1411E+04 .3366E+00 .5023E-04 .1108E-05 .2622E-04 .2511E-04 .5023E-04 .5086E-05 .5532E-04 .5023E-04 .1108E-05 .1412E-04
.1412E+04 .3367E+00 .8824E-04 .1763E-05 .4588E-04 .4412E-04 .8824E-04 .8650E-05 .9689E-04 .8824E-04 .1763E-05 .2470E-04
.1413E+04 .3386E+00 .5321E-03 .1036E-04 .2764E-03 .2660E-03 .5321E-03 .5165E-04 .5837E-03 .5321E-03 .1036E-04 .1484E-03
.1414E+04 .3400E+00 .5693E-05 .1395E-06 .2986E-05 .2847E-05 .5693E-05 .5952E-06 .6288E-05 .5693E-05 .1395E-06 .1598E-05
.1415E+04 .3411E+00 .2334E-05 .6114E-07 .1228E-05 .1167E-05 .2334E-05 .2496E-06 .2584E-05 .2334E-05 .6114E-07 .6551E-06
.1416E+04 .3389E+00 .4986E-02 .6938E-04 .2562E-02 .2493E-02 .4986E-02 .4391E-03 .5425E-02 .4986E-02 .6938E-04 .1366E-02
.1417E+04 .3410E+00 .8012E-03 .1231E-04 .4129E-03 .4006E-03 .8012E-03 .7223E-04 .8734E-03 .8012E-03 .1231E-04 .2197E-03
.1418E+04 .3395E+00 .9315E-03 .1601E-04 .4817E-03 .4657E-03 .9315E-03 .8644E-04 .1018E-02 .9315E-03 .1601E-04 .2558E-03
.1419E+04 .3370E+00 .1685E-03 .2942E-05 .8719E-04 .8425E-04 .1685E-03 .1568E-04 .1842E-03 .1685E-03 .2942E-05 .4621E-04
.1420E+04 .3370E+00 .6569E-03 .1116E-04 .3396E-03 .3285E-03 .6569E-03 .6059E-04 .7175E-03 .6569E-03 .1116E-04 .1796E-03
.1421E+04 .3338E+00 .6864E-03 .1084E-04 .3541E-03 .3432E-03 .6864E-03 .6196E-04 .7484E-03 .6864E-03 .1084E-04 .1869E-03
.1422E+04 .3313E+00 .7336E-02 .1005E-03 .3769E-02 .3668E-02 .7336E-02 .6377E-03 .7974E-02 .7336E-02 .1005E-03 .1986E-02
.1423E+04 .3320E+00 .1513E-02 .2060E-04 .7771E-03 .7565E-03 .1513E-02 .1311E-03 .1644E-02 .1513E-02 .2060E-04 .4087E-03
.1424E+04 .3322E+00 .3600E-02 .4582E-04 .1846E-02 .1800E-02 .3600E-02 .3066E-03 .3906E-02 .3600E-02 .4582E-04 .9688E-03
.1425E+04 .3303E+00 .3798E-02 .5206E-04 .1951E-02 .1899E-02 .3798E-02 .3285E-03 .4126E-02 .3798E-02 .5206E-04 .1021E-02
.1426E+04 .3282E+00 .6344E-02 .7931E-04 .3251E-02 .3172E-02 .6344E-02 .5368E-03 .6881E-02 .6344E-02 .7931E-04 .1701E-02
.1427E+04 .3295E+00 .1612E-01 .1943E-03 .8252E-02 .8058E-02 .1612E-01 .1352E-02 .1747E-01 .1612E-01 .1943E-03 .4313E-02
.1428E+04 .3305E+00 .2620E-03 .4521E-05 .1355E-03 .1310E-03 .2620E-03 .2402E-04 .2860E-03 .2620E-03 .4521E-05 .7068E-04
.1429E+04 .3249E+00 .7551E-02 .9774E-04 .3873E-02 .3776E-02 .7551E-02 .6411E-03 .8192E-02 .7551E-02 .9774E-04 .2015E-02
.1430E+04 .3289E+00 .2179E-01 .2543E-03 .1115E-01 .1090E-01 .2179E-01 .1804E-02 .2360E-01 .2179E-01 .2543E-03 .5782E-02
.1431E+04 .3293E+00 .1929E-01 .2295E-03 .9873E-02 .9643E-02 .1929E-01 .1601E-02 .2089E-01 .1929E-01 .2295E-03 .5112E-02
.1432E+04 .3343E+00 .1250E-03 .2283E-05 .6476E-04 .6248E-04 .1250E-03 .1158E-04 .1365E-03 .1250E-03 .2283E-05 .3348E-04
.1433E+04 .3310E+00 .1015E-01 .1237E-03 .5199E-02 .5076E-02 .1015E-01 .8457E-03 .1100E-01 .1015E-01 .1237E-03 .2686E-02
.1434E+04 .3303E+00 .5737E-02 .7014E-04 .2939E-02 .2869E-02 .5737E-02 .4775E-03 .6215E-02 .5737E-02 .7014E-04 .1516E-02
.1435E+04 .3312E+00 .2315E-02 .3308E-04 .1191E-02 .1158E-02 .2315E-02 .1996E-03 .2515E-02 .2315E-02 .3308E-04 .6126E-03
.1436E+04 .3305E+00 .9799E-02 .1221E-03 .5022E-02 .4899E-02 .9799E-02 .8174E-03 .1062E-01 .9799E-02 .1221E-03 .2582E-02
.1437E+04 .3309E+00 .5493E-02 .7007E-04 .2816E-02 .2746E-02 .5493E-02 .4606E-03 .5953E-02 .5493E-02 .7007E-04 .1449E-02
.1438E+04 .3306E+00 .2580E-02 .3354E-04 .1324E-02 .1290E-02 .2580E-02 .2173E-03 .2798E-02 .2580E-02 .3354E-04 .6807E-03
.1439E+04 .3274E+00 .1014E-01 .1289E-03 .5198E-02 .5069E-02 .1014E-01 .8487E-03 .1099E-01 .1014E-01 .1289E-03 .2670E-02
.1440E+04 .3144E+00 .1004E-01 .1212E-03 .5142E-02 .5021E-02 .1004E-01 .8299E-03 .1087E-01 .1004E-01 .1212E-03 .2638E-02
.1441E+04 .3227E+00 .6826E-02 .8708E-04 .3500E-02 .3413E-02 .6826E-02 .5709E-03 .7397E-02 .6826E-02 .8708E-04 .1794E-02
.1442E+04 .3186E+00 .7307E-02 .9674E-04 .3750E-02 .3654E-02 .7307E-02 .6160E-03 .7923E-02 .7307E-02 .9674E-04 .1920E-02
.1443E+04 .3220E+00 .1377E-01 .1670E-03 .7054E-02 .6887E-02 .1377E-01 .1137E-02 .1491E-01 .1377E-01 .1670E-03 .3608E-02
.1444E+04 .3208E+00 .1775E-01 .2078E-03 .9084E-02 .8876E-02 .1775E-01 .1453E-02 .1920E-01 .1775E-01 .2078E-03 .4641E-02
.1445E+04 .3250E+00 .1055E-01 .1319E-03 .5406E-02 .5274E-02 .1055E-01 .8753E-03 .1142E-01 .1055E-01 .1319E-03 .2759E-02
.1446E+04 .3224E+00 .4988E-02 .6518E-04 .2559E-02 .2494E-02 .4988E-02 .4181E-03 .5406E-02 .4988E-02 .6518E-04 .1306E-02
.1447E+04 .3225E+00 .8261E-02 .1017E-03 .4232E-02 .4131E-02 .8261E-02 .6829E-03 .8944E-02 .8261E-02 .1017E-03 .2160E-02
.1448E+04 .3244E+00 .4922E-01 .5376E-03 .2515E-01 .2461E-01 .4922E-01 .3964E-02 .5318E-01 .4922E-01 .5376E-03 .1282E-01
.1449E+04 .3233E+00 .4255E-01 .4639E-03 .2174E-01 .2128E-01 .4255E-01 .3423E-02 .4598E-01 .4255E-01 .4639E-03 .1108E-01
.1450E+04 .3190E+00 .8183E-02 .9601E-04 .4188E-02 .4092E-02 .8183E-02 .6681E-03 .8851E-02 .8183E-02 .9601E-04 .2132E-02
.1451E+04 .3156E+00 .3211E-02 .3860E-04 .1644E-02 .1606E-02 .3211E-02 .2634E-03 .3475E-02 .3211E-02 .3860E-04 .8364E-03
.1452E+04 .3188E+00 .2182E-01 .2480E-03 .1116E-01 .1091E-01 .2182E-01 .1766E-02 .2359E-01 .2182E-01 .2480E-03 .5669E-02
.1453E+04 .3182E+00 .2979E-01 .3349E-03 .1523E-01 .1489E-01 .2979E-01 .2404E-02 .3219E-01 .2979E-01 .3349E-03 .7729E-02
.1454E+04 .3147E+00 .7131E-01 .7465E-03 .3640E-01 .3565E-01 .7131E-01 .5671E-02 .7698E-01 .7131E-01 .7465E-03 .1847E-01
.1455E+04 .3143E+00 .2796E-01 .3047E-03 .1429E-01 .1398E-01 .2796E-01 .2242E-02 .3021E-01 .2796E-01 .3047E-03 .7252E-02
.1456E+04 .3153E+00 .3267E-01 .3604E-03 .1670E-01 .1634E-01 .3267E-01 .2627E-02 .3530E-01 .3267E-01 .3604E-03 .8475E-02
.1457E+04 .3173E+00 .5441E-01 .5788E-03 .2778E-01 .2720E-01 .5441E-01 .4341E-02 .5875E-01 .5441E-01 .5788E-03 .1410E-01
.1458E+04 .3199E+00 .7705E-01 .7906E-03 .3931E-01 .3852E-01 .7705E-01 .6103E-02 .8315E-01 .7705E-01 .7906E-03 .1995E-01
.1459E+04 .3186E+00 .9119E-01 .9355E-03 .4653E-01 .4560E-01 .9119E-01 .7223E-02 .9841E-01 .9119E-01 .9355E-03 .2361E-01
.1460E+04 .3167E+00 .4110E-01 .4287E-03 .2098E-01 .2055E-01 .4110E-01 .3266E-02 .4436E-01 .4110E-01 .4287E-03 .1065E-01
.1461E+04 .3156E+00 .3543E-01 .3868E-03 .1810E-01 .1772E-01 .3543E-01 .2842E-02 .3827E-01 .3543E-01 .3868E-03 .9187E-02
.1462E+04 .3129E+00 .6532E-01 .6775E-03 .3334E-01 .3266E-01 .6532E-01 .5185E-02 .7050E-01 .6532E-01 .6775E-03 .1692E-01
.1463E+04 .3116E+00 .1789E-01 .1926E-03 .9137E-02 .8945E-02 .1789E-01 .1431E-02 .1932E-01 .1789E-01 .1926E-03 .4639E-02
.1464E+04 .3136E+00 .9290E-01 .9408E-03 .4739E-01 .4645E-01 .9290E-01 .7340E-02 .1002E+00 .9290E-01 .9408E-03 .2404E-01
.1465E+04 .3115E+00 .5126E-01 .5204E-03 .2615E-01 .2563E-01 .5126E-01 .4052E-02 .5531E-01 .5126E-01 .5204E-03 .1327E-01
.1466E+04 .3137E+00 .2129E-01 .2392E-03 .1088E-01 .1064E-01 .2129E-01 .1718E-02 .2301E-01 .2129E-01 .2392E-03 .5524E-02
.1467E+04 .3131E+00 .1022E-01 .1178E-03 .5227E-02 .5109E-02 .1022E-01 .8291E-03 .1105E-01 .1022E-01 .1178E-03 .2654E-02
.1468E+04 .3118E+00 .2913E-01 .3176E-03 .1488E-01 .1457E-01 .2913E-01 .2336E-02 .3147E-01 .2913E-01 .3176E-03 .7555E-02
.1469E+04 .3137E+00 .4184E-01 .4393E-03 .2136E-01 .2092E-01 .4184E-01 .3330E-02 .4517E-01 .4184E-01 .4393E-03 .1084E-01
.1470E+04 .3085E+00 .1382E-01 .1645E-03 .7072E-02 .6908E-02 .1382E-01 .1129E-02 .1494E-01 .1382E-01 .1645E-03 .3591E-02
.1471E+04 .3082E+00 .6216E-02 .7004E-04 .3178E-02 .3108E-02 .6216E-02 .5023E-03 .6718E-02 .6216E-02 .7004E-04 .1615E-02
.1472E+04 .3069E+00 .1223E-01 .1468E-03 .6259E-02 .6113E-02 .1223E-01 .1002E-02 .1323E-01 .1223E-01 .1468E-03 .3184E-02
.1473E+04 .3035E+00 .2356E-01 .2609E-03 .1204E-01 .1178E-01 .2356E-01 .1900E-02 .2546E-01 .2356E-01 .2609E-03 .6130E-02
.1474E+04 .3030E+00 .4802E-01 .4940E-03 .2450E-01 .2401E-01 .4802E-01 .3814E-02 .5183E-01 .4802E-01 .4940E-03 .1247E-01
.1475E+04 .3038E+00 .1143E+00 .1140E-02 .5830E-01 .5716E-01 .1143E+00 .9027E-02 .1234E+00 .1143E+00 .1140E-02 .2966E-01
.1476E+04 .3051E+00 .2649E-01 .2816E-03 .1353E-01 .1325E-01 .2649E-01 .2121E-02 .2861E-01 .2649E-01 .2816E-03 .6897E-02
.1477E+04 .3036E+00 .2405E-01 .2620E-03 .1229E-01 .1203E-01 .2405E-01 .1939E-02 .2599E-01 .2405E-01 .2620E-03 .6278E-02
.1478E+04 .3037E+00 .3144E-01 .3206E-03 .1604E-01 .1572E-01 .3144E-01 .2504E-02 .3394E-01 .3144E-01 .3206E-03 .8209E-02
.1479E+04 .3077E+00 .6158E-01 .6216E-03 .3141E-01 .3079E-01 .6158E-01 .4895E-02 .6647E-01 .6158E-01 .6216E-03 .1607E-01
.1480E+04 .3057E+00 .2224E-01 .2397E-03 .1136E-01 .1112E-01 .2224E-01 .1791E-02 .2403E-01 .2224E-01 .2397E-03 .5813E-02
.1481E+04 .3046E+00 .5748E-01 .5866E-03 .2933E-01 .2874E-01 .5748E-01 .4585E-02 .6207E-01 .5748E-01 .5866E-03 .1503E-01
.1482E+04 .3040E+00 .2419E-01 .2495E-03 .1234E-01 .1209E-01 .2419E-01 .1936E-02 .2612E-01 .2419E-01 .2495E-03 .6340E-02
.1483E+04 .3014E+00 .8241E-01 .8205E-03 .4203E-01 .4120E-01 .8241E-01 .6562E-02 .8897E-01 .8241E-01 .8205E-03 .2161E-01
.1484E+04 .3056E+00 .8178E-01 .8003E-03 .4169E-01 .4089E-01 .8178E-01 .6491E-02 .8827E-01 .8178E-01 .8003E-03 .2144E-01
.1485E+04 .3062E+00 .7103E-01 .6950E-03 .3621E-01 .3551E-01 .7103E-01 .5638E-02 .7666E-01 .7103E-01 .6950E-03 .1863E-01
.1486E+04 .3023E+00 .6284E-01 .6321E-03 .3205E-01 .3142E-01 .6284E-01 .5025E-02 .6787E-01 .6284E-01 .6321E-03 .1653E-01
.1487E+04 .2898E+00 .2000E-01 .2127E-03 .1021E-01 .1000E-01 .2000E-01 .1621E-02 .2162E-01 .2000E-01 .2127E-03 .5287E-02
.1488E+04 .2795E+00 .4994E-01 .4961E-03 .2547E-01 .2497E-01 .4994E-01 .4003E-02 .5395E-01 .4994E-01 .4961E-03 .1321E-01
.1489E+04 .3010E+00 .1091E+00 .1068E-02 .5563E-01 .5457E-01 .1091E+00 .8729E-02 .1179E+00 .1091E+00 .1068E-02 .2888E-01
.1490E+04 .3028E+00 .1165E+00 .1112E-02 .5934E-01 .5823E-01 .1165E+00 .9282E-02 .1257E+00 .1165E+00 .1112E-02 .3084E-01
.1491E+04 .3015E+00 .1408E+00 .1340E-02 .7172E-01 .7038E-01 .1408E+00 .1122E-01 .1520E+00 .1408E+00 .1340E-02 .3730E-01
.1492E+04 .3013E+00 .9542E-01 .9325E-03 .4864E-01 .4771E-01 .9542E-01 .7650E-02 .1031E+00 .9542E-01 .9325E-03 .2533E-01
.1493E+04 .3030E+00 .1195E+00 .1142E-02 .6087E-01 .5973E-01 .1195E+00 .9543E-02 .1290E+00 .1195E+00 .1142E-02 .3171E-01
.1494E+04 .3034E+00 .1380E+00 .1302E-02 .7032E-01 .6902E-01 .1380E+00 .1100E-01 .1490E+00 .1380E+00 .1302E-02 .3663E-01
.1495E+04 .2982E+00 .1299E+00 .1225E-02 .6615E-01 .6493E-01 .1299E+00 .1035E-01 .1402E+00 .1299E+00 .1225E-02 .3446E-01
.1496E+04 .2940E+00 .1169E+00 .1107E-02 .5956E-01 .5845E-01 .1169E+00 .9332E-02 .1262E+00 .1169E+00 .1107E-02 .3106E-01
.1497E+04 .2976E+00 .1854E+00 .1723E-02 .9442E-01 .9270E-01 .1854E+00 .1476E-01 .2002E+00 .1854E+00 .1723E-02 .4928E-01
.1498E+04 .2977E+00 .1225E+00 .1148E-02 .6237E-01 .6123E-01 .1225E+00 .9776E-02 .1322E+00 .1225E+00 .1148E-02 .3260E-01
.1499E+04 .2978E+00 .1511E+00 .1420E-02 .7698E-01 .7555E-01 .1511E+00 .1208E-01 .1632E+00 .1511E+00 .1420E-02 .4027E-01
.1500E+04 .2995E+00 .2055E+00 .1903E-02 .1046E+00 .1027E+00 .2055E+00 .1639E-01 .2219E+00 .2055E+00 .1903E-02 .5478E-01
.1501E+04 .2977E+00 .2136E+00 .1989E-02 .1088E+00 .1068E+00 .2136E+00 .1706E-01 .2307E+00 .2136E+00 .1989E-02 .5696E-01
.1502E+04 .2827E+00 .1660E+00 .1535E-02 .8453E-01 .8299E-01 .1660E+00 .1324E-01 .1792E+00 .1660E+00 .1535E-02 .4426E-01
.1503E+04 .2785E+00 .1308E+00 .1223E-02 .6662E-01 .6540E-01 .1308E+00 .1045E-01 .1413E+00 .1308E+00 .1223E-02 .3489E-01
.1504E+04 .2747E+00 .1085E+00 .1013E-02 .5526E-01 .5424E-01 .1085E+00 .8669E-02 .1172E+00 .1085E+00 .1013E-02 .2895E-01
.1505E+04 .2744E+00 .1324E+00 .1224E-02 .6741E-01 .6619E-01 .1324E+00 .1056E-01 .1429E+00 .1324E+00 .1224E-02 .3531E-01
.1506E+04 .2873E+00 .2260E+00 .2080E-02 .1151E+00 .1130E+00 .2260E+00 .1802E-01 .2440E+00 .2260E+00 .2080E-02 .6026E-01
.1507E+04 .2918E+00 .2100E+00 .1929E-02 .1069E+00 .1050E+00 .2100E+00 .1673E-01 .2267E+00 .2100E+00 .1929E-02 .5599E-01
.1508E+04 .2871E+00 .1979E+00 .1814E-02 .1008E+00 .9897E-01 .1979E+00 .1577E-01 .2137E+00 .1979E+00 .1814E-02 .5278E-01
.1509E+04 .2912E+00 .1331E+00 .1224E-02 .6777E-01 .6654E-01 .1331E+00 .1061E-01 .1437E+00 .1331E+00 .1224E-02 .3550E-01
.1510E+04 .2940E+00 .2405E+00 .2197E-02 .1225E+00 .1203E+00 .2405E+00 .1915E-01 .2597E+00 .2405E+00 .2197E-02 .6412E-01
.1511E+04 .2928E+00 .2210E+00 .2027E-02 .1125E+00 .1105E+00 .2210E+00 .1762E-01 .2386E+00 .2210E+00 .2027E-02 .5898E-01
.1512E+04 .2874E+00 .2293E+00 .2085E-02 .1167E+00 .1146E+00 .2293E+00 .1827E-01 .2476E+00 .2293E+00 .2085E-02 .6124E-01
.1513E+04 .2867E+00 .1889E+00 .1733E-02 .9617E-01 .9444E-01 .1889E+00 .1508E-01 .2040E+00 .1889E+00 .1733E-02 .5049E-01
.1514E+04 .2870E+00 .1695E+00 .1555E-02 .8631E-01 .8475E-01 .1695E+00 .1353E-01 .1830E+00 .1695E+00 .1555E-02 .4532E-01
.1515E+04 .2884E+00 .2385E+00 .2162E-02 .1214E+00 .1193E+00 .2385E+00 .1900E-01 .2575E+00 .2385E+00 .2162E-02 .6373E-01
.1516E+04 .2859E+00 .2241E+00 .2028E-02 .1141E+00 .1120E+00 .2241E+00 .1785E-01 .2419E+00 .2241E+00 .2028E-02 .5988E-01
.1517E+04 .2873E+00 .2102E+00 .1911E-02 .1070E+00 .1051E+00 .2102E+00 .1676E-01 .2270E+00 .2102E+00 .1911E-02 .5618E-01
.1518E+04 .2876E+00 .2121E+00 .1919E-02 .1080E+00 .1061E+00 .2121E+00 .1690E-01 .2290E+00 .2121E+00 .1919E-02 .5669E-01
.1519E+04 .2869E+00 .1992E+00 .1809E-02 .1014E+00 .9959E-01 .1992E+00 .1588E-01 .2151E+00 .1992E+00 .1809E-02 .5324E-01
.1520E+04 .2854E+00 .2244E+00 .2034E-02 .1142E+00 .1122E+00 .2244E+00 .1788E-01 .2423E+00 .2244E+00 .2034E-02 .5999E-01
.1521E+04 .2815E+00 .2600E+00 .2335E-02 .1323E+00 .1300E+00 .2600E+00 .2069E-01 .2807E+00 .2600E+00 .2335E-02 .6948E-01
.1522E+04 .2814E+00 .2349E+00 .2117E-02 .1196E+00 .1174E+00 .2349E+00 .1870E-01 .2536E+00 .2349E+00 .2117E-02 .6277E-01
.1523E+04 .2840E+00 .2655E+00 .2377E-02 .1351E+00 .1327E+00 .2655E+00 .2111E-01 .2866E+00 .2655E+00 .2377E-02 .7093E-01
.1524E+04 .2817E+00 .2523E+00 .2258E-02 .1284E+00 .1261E+00 .2523E+00 .2006E-01 .2723E+00 .2523E+00 .2258E-02 .6741E-01
.1525E+04 .2825E+00 .2276E+00 .2048E-02 .1158E+00 .1138E+00 .2276E+00 .1811E-01 .2457E+00 .2276E+00 .2048E-02 .6082E-01
.1526E+04 .2845E+00 .2340E+00 .2102E-02 .1191E+00 .1170E+00 .2340E+00 .1862E-01 .2526E+00 .2340E+00 .2102E-02 .6253E-01
.1527E+04 .2845E+00 .2354E+00 .2105E-02 .1198E+00 .1177E+00 .2354E+00 .1871E-01 .2541E+00 .2354E+00 .2105E-02 .6290E-01
.1528E+04 .2838E+00 .2620E+00 .2335E-02 .1333E+00 .1310E+00 .2620E+00 .2082E-01 .2828E+00 .2620E+00 .2335E-02 .7001E-01
.1529E+04 .2757E+00 .2461E+00 .2189E-02 .1252E+00 .1230E+00 .2461E+00 .1955E-01 .2656E+00 .2461E+00 .2189E-02 .6576E-01
.1530E+04 .2737E+00 .2353E+00 .2101E-02 .1198E+00 .1177E+00 .2353E+00 .1870E-01 .2540E+00 .2353E+00 .2101E-02 .6288E-01
.1531E+04 .2814E+00 .2450E+00 .2179E-02 .1247E+00 .1225E+00 .2450E+00 .1944E-01 .2644E+00 .2450E+00 .2179E-02 .6540E-01
.1532E+04 .2802E+00 .2644E+00 .2342E-02 .1346E+00 .1322E+00 .2644E+00 .2095E-01 .2854E+00 .2644E+00 .2342E-02 .7050E-01
.1533E+04 .2775E+00 .2657E+00 .2350E-02 .1352E+00 .1328E+00 .2657E+00 .2104E-01 .2867E+00 .2657E+00 .2350E-02 .7080E-01
.1534E+04 .2750E+00 .2567E+00 .2270E-02 .1306E+00 .1283E+00 .2567E+00 .2033E-01 .2770E+00 .2567E+00 .2270E-02 .6841E-01
.1535E+04 .2782E+00 .2501E+00 .2212E-02 .1273E+00 .1251E+00 .2501E+00 .1981E-01 .2699E+00 .2501E+00 .2212E-02 .6666E-01
.1536E+04 .2794E+00 .2610E+00 .2302E-02 .1328E+00 .1305E+00 .2610E+00 .2064E-01 .2817E+00 .2610E+00 .2302E-02 .6949E-01
.1537E+04 .2769E+00 .2533E+00 .2232E-02 .1289E+00 .1266E+00 .2533E+00 .2001E-01 .2733E+00 .2533E+00 .2232E-02 .6735E-01
.1538E+04 .2740E+00 .2637E+00 .2317E-02 .1342E+00 .1319E+00 .2637E+00 .2081E-01 .2845E+00 .2637E+00 .2317E-02 .7009E-01
.1539E+04 .2721E+00 .2551E+00 .2241E-02 .1298E+00 .1276E+00 .2551E+00 .2014E-01 .2753E+00 .2551E+00 .2241E-02 .6781E-01
.1540E+04 .2696E+00 .2582E+00 .2264E-02 .1314E+00 .1291E+00 .2582E+00 .2037E-01 .2786E+00 .2582E+00 .2264E-02 .6863E-01
.1541E+04 .2727E+00 .2597E+00 .2275E-02 .1321E+00 .1299E+00 .2597E+00 .2047E-01 .2802E+00 .2597E+00 .2275E-02 .6896E-01
.1542E+04 .2734E+00 .2528E+00 .2214E-02 .1286E+00 .1264E+00 .2528E+00 .1990E-01 .2727E+00 .2528E+00 .2214E-02 .6704E-01
.1543E+04 .2750E+00 .2624E+00 .2292E-02 .1335E+00 .1312E+00 .2624E+00 .2064E-01 .2831E+00 .2624E+00 .2292E-02 .6955E-01
.1544E+04 .2756E+00 .2560E+00 .2235E-02 .1302E+00 .1280E+00 .2560E+00 .2013E-01 .2761E+00 .2560E+00 .2235E-02 .6784E-01
.1545E+04 .2760E+00 .2675E+00 .2329E-02 .1361E+00 .1337E+00 .2675E+00 .2103E-01 .2885E+00 .2675E+00 .2329E-02 .7088E-01
.1546E+04 .2742E+00 .2609E+00 .2271E-02 .1327E+00 .1305E+00 .2609E+00 .2053E-01 .2814E+00 .2609E+00 .2271E-02 .6923E-01
.1547E+04 .2683E+00 .2595E+00 .2255E-02 .1320E+00 .1297E+00 .2595E+00 .2043E-01 .2799E+00 .2595E+00 .2255E-02 .6892E-01
.1548E+04 .2681E+00 .2595E+00 .2253E-02 .1320E+00 .1298E+00 .2595E+00 .2045E-01 .2800E+00 .2595E+00 .2253E-02 .6901E-01
.1549E+04 .2693E+00 .2635E+00 .2284E-02 .1340E+00 .1318E+00 .2635E+00 .2078E-01 .2843E+00 .2635E+00 .2284E-02 .7014E-01
.1550E+04 .2680E+00 .2608E+00 .2259E-02 .1327E+00 .1304E+00 .2608E+00 .2058E-01 .2814E+00 .2608E+00 .2259E-02 .6950E-01
.1551E+04 .2706E+00 .2622E+00 .2269E-02 .1334E+00 .1311E+00 .2622E+00 .2069E-01 .2829E+00 .2622E+00 .2269E-02 .6986E-01
.1552E+04 .2710E+00 .2570E+00 .2223E-02 .1307E+00 .1285E+00 .2570E+00 .2028E-01 .2773E+00 .2570E+00 .2223E-02 .6849E-01
.1553E+04 .2662E+00 .2594E+00 .2238E-02 .1319E+00 .1297E+00 .2594E+00 .2046E-01 .2798E+00 .2594E+00 .2238E-02 .6912E-01
.1554E+04 .2647E+00 .2564E+00 .2211E-02 .1304E+00 .1282E+00 .2564E+00 .2022E-01 .2766E+00 .2564E+00 .2211E-02 .6832E-01
.1555E+04 .2646E+00 .2580E+00 .2221E-02 .1312E+00 .1290E+00 .2580E+00 .2034E-01 .2784E+00 .2580E+00 .2221E-02 .6875E-01
.1556E+04 .2648E+00 .2575E+00 .2215E-02 .1310E+00 .1287E+00 .2575E+00 .2030E-01 .2778E+00 .2575E+00 .2215E-02 .6861E-01
.1557E+04 .2676E+00 .2610E+00 .2242E-02 .1327E+00 .1305E+00 .2610E+00 .2057E-01 .2816E+00 .2610E+00 .2242E-02 .6954E-01
.1558E+04 .2662E+00 .2596E+00 .2227E-02 .1320E+00 .1298E+00 .2596E+00 .2046E-01 .2800E+00 .2596E+00 .2227E-02 .6920E-01
.1559E+04 .2647E+00 .2577E+00 .2209E-02 .1311E+00 .1289E+00 .2577E+00 .2033E-01 .2780E+00 .2577E+00 .2209E-02 .6877E-01
.1560E+04 .2666E+00 .2592E+00 .2220E-02 .1318E+00 .1296E+00 .2592E+00 .2047E-01 .2797E+00 .2592E+00 .2220E-02 .6925E-01
.1561E+04 .2683E+00 .2612E+00 .2235E-02 .1328E+00 .1306E+00 .2612E+00 .2064E-01 .2819E+00 .2612E+00 .2235E-02 .6986E-01
.1562E+04 .2663E+00 .2566E+00 .2194E-02 .1305E+00 .1283E+00 .2566E+00 .2029E-01 .2769E+00 .2566E+00 .2194E-02 .6870E-01
.1563E+04 .2635E+00 .2551E+00 .2178E-02 .1297E+00 .1275E+00 .2551E+00 .2018E-01 .2752E+00 .2551E+00 .2178E-02 .6834E-01
.1564E+04 .2650E+00 .2561E+00 .2185E-02 .1302E+00 .1280E+00 .2561E+00 .2027E-01 .2764E+00 .2561E+00 .2185E-02 .6868E-01
.1565E+04 .2643E+00 .2577E+00 .2196E-02 .1311E+00 .1289E+00 .2577E+00 .2042E-01 .2782E+00 .2577E+00 .2196E-02 .6918E-01
.1566E+04 .2614E+00 .2533E+00 .2156E-02 .1288E+00 .1266E+00 .2533E+00 .2008E-01 .2733E+00 .2533E+00 .2156E-02 .6806E-01
.1567E+04 .2614E+00 .2537E+00 .2158E-02 .1290E+00 .1269E+00 .2537E+00 .2013E-01 .2739E+00 .2537E+00 .2158E-02 .6826E-01
.1568E+04 .2592E+00 .2482E+00 .2110E-02 .1262E+00 .1241E+00 .2482E+00 .1972E-01 .2679E+00 .2482E+00 .2110E-02 .6688E-01
.1569E+04 .2597E+00 .2447E+00 .2081E-02 .1244E+00 .1223E+00 .2447E+00 .1948E-01 .2641E+00 .2447E+00 .2081E-02 .6608E-01
.1570E+04 .2622E+00 .2355E+00 .2006E-02 .1198E+00 .1178E+00 .2355E+00 .1879E-01 .2543E+00 .2355E+00 .2006E-02 .6376E-01
.1571E+04 .2643E+00 .2247E+00 .1918E-02 .1143E+00 .1123E+00 .2247E+00 .1798E-01 .2427E+00 .2247E+00 .1918E-02 .6102E-01
.1572E+04 .2625E+00 .2258E+00 .1925E-02 .1148E+00 .1129E+00 .2258E+00 .1812E-01 .2439E+00 .2258E+00 .1925E-02 .6152E-01
.1573E+04 .2612E+00 .2241E+00 .1909E-02 .1140E+00 .1121E+00 .2241E+00 .1800E-01 .2421E+00 .2241E+00 .1909E-02 .6115E-01
.1574E+04 .2525E+00 .2251E+00 .1912E-02 .1145E+00 .1126E+00 .2251E+00 .1809E-01 .2432E+00 .2251E+00 .1912E-02 .6149E-01
.1575E+04 .2500E+00 .2358E+00 .1995E-02 .1199E+00 .1179E+00 .2358E+00 .1894E-01 .2547E+00 .2358E+00 .1995E-02 .6444E-01
.1576E+04 .2477E+00 .2277E+00 .1926E-02 .1158E+00 .1138E+00 .2277E+00 .1829E-01 .2459E+00 .2277E+00 .1926E-02 .6223E-01
.1577E+04 .2419E+00 .2140E+00 .1812E-02 .1088E+00 .1070E+00 .2140E+00 .1720E-01 .2312E+00 .2140E+00 .1812E-02 .5849E-01
.1578E+04 .2548E+00 .2263E+00 .1914E-02 .1150E+00 .1131E+00 .2263E+00 .1821E-01 .2445E+00 .2263E+00 .1914E-02 .6194E-01
.1579E+04 .2589E+00 .2261E+00 .1913E-02 .1150E+00 .1131E+00 .2261E+00 .1822E-01 .2443E+00 .2261E+00 .1913E-02 .6203E-01
.1580E+04 .2602E+00 .2346E+00 .1980E-02 .1193E+00 .1173E+00 .2346E+00 .1893E-01 .2536E+00 .2346E+00 .1980E-02 .6447E-01
.1581E+04 .2562E+00 .2340E+00 .1971E-02 .1190E+00 .1170E+00 .2340E+00 .1889E-01 .2529E+00 .2340E+00 .1971E-02 .6437E-01
.1582E+04 .2504E+00 .2319E+00 .1951E-02 .1179E+00 .1160E+00 .2319E+00 .1874E-01 .2507E+00 .2319E+00 .1951E-02 .6387E-01
.1583E+04 .2523E+00 .2339E+00 .1965E-02 .1189E+00 .1170E+00 .2339E+00 .1891E-01 .2528E+00 .2339E+00 .1965E-02 .6447E-01
.1584E+04 .2537E+00 .2421E+00 .2029E-02 .1231E+00 .1211E+00 .2421E+00 .1958E-01 .2617E+00 .2421E+00 .2029E-02 .6679E-01
.1585E+04 .2557E+00 .2460E+00 .2059E-02 .1250E+00 .1230E+00 .2460E+00 .1991E-01 .2659E+00 .2460E+00 .2059E-02 .6792E-01
.1586E+04 .2535E+00 .2428E+00 .2031E-02 .1234E+00 .1214E+00 .2428E+00 .1967E-01 .2625E+00 .2428E+00 .2031E-02 .6712E-01
.1587E+04 .2492E+00 .2386E+00 .1994E-02 .1213E+00 .1193E+00 .2386E+00 .1934E-01 .2580E+00 .2386E+00 .1994E-02 .6604E-01
.1588E+04 .2397E+00 .2343E+00 .1953E-02 .1191E+00 .1171E+00 .2343E+00 .1900E-01 .2533E+00 .2343E+00 .1953E-02 .6488E-01
.1589E+04 .2320E+00 .2271E+00 .1891E-02 .1154E+00 .1135E+00 .2271E+00 .1843E-01 .2455E+00 .2271E+00 .1891E-02 .6295E-01
.1590E+04 .2381E+00 .2313E+00 .1926E-02 .1176E+00 .1157E+00 .2313E+00 .1879E-01 .2501E+00 .2313E+00 .1926E-02 .6419E-01
.1591E+04 .2435E+00 .2374E+00 .1974E-02 .1207E+00 .1187E+00 .2374E+00 .1929E-01 .2567E+00 .2374E+00 .1974E-02 .6593E-01
.1592E+04 .2523E+00 .2428E+00 .2018E-02 .1234E+00 .1214E+00 .2428E+00 .1975E-01 .2626E+00 .2428E+00 .2018E-02 .6753E-01
.1593E+04 .2545E+00 .2484E+00 .2061E-02 .1262E+00 .1242E+00 .2484E+00 .2020E-01 .2686E+00 .2484E+00 .2061E-02 .6906E-01
.1594E+04 .2553E+00 .2467E+00 .2046E-02 .1254E+00 .1234E+00 .2467E+00 .2006E-01 .2668E+00 .2467E+00 .2046E-02 .6860E-01
.1595E+04 .2510E+00 .2444E+00 .2024E-02 .1242E+00 .1222E+00 .2444E+00 .1988E-01 .2643E+00 .2444E+00 .2024E-02 .6800E-01
.1596E+04 .2441E+00 .2366E+00 .1958E-02 .1202E+00 .1183E+00 .2366E+00 .1925E-01 .2558E+00 .2366E+00 .1958E-02 .6588E-01
.1597E+04 .2517E+00 .2407E+00 .1991E-02 .1223E+00 .1203E+00 .2407E+00 .1960E-01 .2603E+00 .2407E+00 .1991E-02 .6709E-01
.1598E+04 .2530E+00 .2438E+00 .2014E-02 .1239E+00 .1219E+00 .2438E+00 .1987E-01 .2637E+00 .2438E+00 .2014E-02 .6803E-01
.1599E+04 .2501E+00 .2351E+00 .1943E-02 .1195E+00 .1175E+00 .2351E+00 .1917E-01 .2542E+00 .2351E+00 .1943E-02 .6565E-01
.1600E+04 .2479E+00 .2268E+00 .1875E-02 .1153E+00 .1134E+00 .2268E+00 .1851E-01 .2454E+00 .2268E+00 .1875E-02 .6339E-01
.1601E+04 .2451E+00 .2157E+00 .1785E-02 .1096E+00 .1078E+00 .2157E+00 .1760E-01 .2333E+00 .2157E+00 .1785E-02 .6027E-01
.1602E+04 .2468E+00 .2138E+00 .1769E-02 .1087E+00 .1069E+00 .2138E+00 .1745E-01 .2313E+00 .2138E+00 .1769E-02 .5975E-01
.1603E+04 .2477E+00 .2155E+00 .1780E-02 .1095E+00 .1077E+00 .2155E+00 .1758E-01 .2331E+00 .2155E+00 .1780E-02 .6022E-01
.1604E+04 .2459E+00 .2174E+00 .1793E-02 .1105E+00 .1087E+00 .2174E+00 .1774E-01 .2352E+00 .2174E+00 .1793E-02 .6076E-01
.1605E+04 .2456E+00 .2289E+00 .1880E-02 .1163E+00 .1144E+00 .2289E+00 .1866E-01 .2475E+00 .2289E+00 .1880E-02 .6395E-01
.1606E+04 .2429E+00 .2305E+00 .1889E-02 .1171E+00 .1152E+00 .2305E+00 .1878E-01 .2493E+00 .2305E+00 .1889E-02 .6439E-01
.1607E+04 .2450E+00 .2259E+00 .1852E-02 .1148E+00 .1129E+00 .2259E+00 .1841E-01 .2443E+00 .2259E+00 .1852E-02 .6311E-01
.1608E+04 .2461E+00 .2181E+00 .1790E-02 .1108E+00 .1090E+00 .2181E+00 .1778E-01 .2358E+00 .2181E+00 .1790E-02 .6093E-01
.1609E+04 .2387E+00 .2110E+00 .1730E-02 .1072E+00 .1055E+00 .2110E+00 .1720E-01 .2282E+00 .2110E+00 .1730E-02 .5895E-01
.1610E+04 .2338E+00 .2113E+00 .1729E-02 .1074E+00 .1056E+00 .2113E+00 .1722E-01 .2285E+00 .2113E+00 .1729E-02 .5907E-01
.1611E+04 .2382E+00 .2171E+00 .1774E-02 .1103E+00 .1085E+00 .2171E+00 .1771E-01 .2348E+00 .2171E+00 .1774E-02 .6075E-01
.1612E+04 .2402E+00 .2233E+00 .1821E-02 .1135E+00 .1116E+00 .2233E+00 .1822E-01 .2415E+00 .2233E+00 .1821E-02 .6254E-01
.1613E+04 .2417E+00 .2257E+00 .1839E-02 .1147E+00 .1129E+00 .2257E+00 .1842E-01 .2441E+00 .2257E+00 .1839E-02 .6322E-01
.1614E+04 .2411E+00 .2293E+00 .1864E-02 .1165E+00 .1146E+00 .2293E+00 .1870E-01 .2480E+00 .2293E+00 .1864E-02 .6422E-01
.1615E+04 .2354E+00 .2260E+00 .1834E-02 .1148E+00 .1130E+00 .2260E+00 .1844E-01 .2444E+00 .2260E+00 .1834E-02 .6334E-01
.1616E+04 .2319E+00 .2236E+00 .1813E-02 .1136E+00 .1118E+00 .2236E+00 .1826E-01 .2418E+00 .2236E+00 .1813E-02 .6273E-01
.1617E+04 .2373E+00 .2282E+00 .1849E-02 .1159E+00 .1141E+00 .2282E+00 .1865E-01 .2468E+00 .2282E+00 .1849E-02 .6409E-01
.1618E+04 .2404E+00 .2336E+00 .1890E-02 .1187E+00 .1168E+00 .2336E+00 .1909E-01 .2527E+00 .2336E+00 .1890E-02 .6561E-01
.1619E+04 .2374E+00 .2285E+00 .1847E-02 .1161E+00 .1143E+00 .2285E+00 .1867E-01 .2472E+00 .2285E+00 .1847E-02 .6418E-01
.1620E+04 .2308E+00 .2254E+00 .1819E-02 .1145E+00 .1127E+00 .2254E+00 .1841E-01 .2438E+00 .2254E+00 .1819E-02 .6331E-01
.1621E+04 .2339E+00 .2285E+00 .1842E-02 .1161E+00 .1142E+00 .2285E+00 .1866E-01 .2472E+00 .2285E+00 .1842E-02 .6417E-01
.1622E+04 .2376E+00 .2321E+00 .1869E-02 .1179E+00 .1160E+00 .2321E+00 .1895E-01 .2510E+00 .2321E+00 .1869E-02 .6518E-01
.1623E+04 .2409E+00 .2356E+00 .1895E-02 .1197E+00 .1178E+00 .2356E+00 .1924E-01 .2548E+00 .2356E+00 .1895E-02 .6616E-01
.1624E+04 .2389E+00 .2331E+00 .1874E-02 .1184E+00 .1166E+00 .2331E+00 .1903E-01 .2522E+00 .2331E+00 .1874E-02 .6547E-01
.1625E+04 .2379E+00 .2313E+00 .1857E-02 .1175E+00 .1157E+00 .2313E+00 .1888E-01 .2502E+00 .2313E+00 .1857E-02 .6496E-01
.1626E+04 .2388E+00 .2329E+00 .1868E-02 .1183E+00 .1165E+00 .2329E+00 .1901E-01 .2519E+00 .2329E+00 .1868E-02 .6541E-01
.1627E+04 .2402E+00 .2346E+00 .1880E-02 .1192E+00 .1173E+00 .2346E+00 .1914E-01 .2538E+00 .2346E+00 .1880E-02 .6589E-01
.1628E+04 .2403E+00 .2340E+00 .1873E-02 .1189E+00 .1170E+00 .2340E+00 .1909E-01 .2531E+00 .2340E+00 .1873E-02 .6572E-01
.1629E+04 .2375E+00 .2318E+00 .1853E-02 .1178E+00 .1159E+00 .2318E+00 .1891E-01 .2508E+00 .2318E+00 .1853E-02 .6510E-01
.1630E+04 .2365E+00 .2305E+00 .1841E-02 .1171E+00 .1153E+00 .2305E+00 .1880E-01 .2493E+00 .2305E+00 .1841E-02 .6474E-01
.1631E+04 .2368E+00 .2295E+00 .1831E-02 .1166E+00 .1147E+00 .2295E+00 .1871E-01 .2482E+00 .2295E+00 .1831E-02 .6444E-01
.1632E+04 .2355E+00 .2273E+00 .1813E-02 .1155E+00 .1137E+00 .2273E+00 .1854E-01 .2459E+00 .2273E+00 .1813E-02 .6384E-01
.1633E+04 .2317E+00 .2215E+00 .1765E-02 .1125E+00 .1107E+00 .2215E+00 .1806E-01 .2395E+00 .2215E+00 .1765E-02 .6220E-01
.1634E+04 .2328E+00 .2269E+00 .1805E-02 .1153E+00 .1135E+00 .2269E+00 .1850E-01 .2454E+00 .2269E+00 .1805E-02 .6373E-01
.1635E+04 .2342E+00 .2233E+00 .1776E-02 .1134E+00 .1117E+00 .2233E+00 .1821E-01 .2415E+00 .2233E+00 .1776E-02 .6273E-01
.1636E+04 .2292E+00 .2221E+00 .1763E-02 .1128E+00 .1110E+00 .2221E+00 .1810E-01 .2402E+00 .2221E+00 .1763E-02 .6237E-01
.1637E+04 .2252E+00 .2186E+00 .1734E-02 .1110E+00 .1093E+00 .2186E+00 .1781E-01 .2364E+00 .2186E+00 .1734E-02 .6140E-01
.1638E+04 .2198E+00 .2074E+00 .1645E-02 .1053E+00 .1037E+00 .2074E+00 .1690E-01 .2243E+00 .2074E+00 .1645E-02 .5825E-01
.1639E+04 .2208E+00 .2123E+00 .1681E-02 .1078E+00 .1061E+00 .2123E+00 .1730E-01 .2296E+00 .2123E+00 .1681E-02 .5962E-01
.1640E+04 .2213E+00 .2030E+00 .1609E-02 .1031E+00 .1015E+00 .2030E+00 .1654E-01 .2195E+00 .2030E+00 .1609E-02 .5701E-01
.1641E+04 .2201E+00 .2102E+00 .1661E-02 .1067E+00 .1051E+00 .2102E+00 .1712E-01 .2273E+00 .2102E+00 .1661E-02 .5902E-01
.1642E+04 .2225E+00 .2126E+00 .1679E-02 .1080E+00 .1063E+00 .2126E+00 .1731E-01 .2299E+00 .2126E+00 .1679E-02 .5970E-01
.1643E+04 .2236E+00 .2044E+00 .1616E-02 .1038E+00 .1022E+00 .2044E+00 .1665E-01 .2210E+00 .2044E+00 .1616E-02 .5741E-01
.1644E+04 .2218E+00 .2141E+00 .1686E-02 .1087E+00 .1070E+00 .2141E+00 .1743E-01 .2315E+00 .2141E+00 .1686E-02 .6012E-01
.1645E+04 .2235E+00 .2091E+00 .1648E-02 .1062E+00 .1045E+00 .2091E+00 .1702E-01 .2261E+00 .2091E+00 .1648E-02 .5871E-01
.1646E+04 .2256E+00 .2056E+00 .1621E-02 .1044E+00 .1028E+00 .2056E+00 .1674E-01 .2224E+00 .2056E+00 .1621E-02 .5775E-01
.1647E+04 .2257E+00 .2182E+00 .1713E-02 .1108E+00 .1091E+00 .2182E+00 .1776E-01 .2360E+00 .2182E+00 .1713E-02 .6128E-01
.1648E+04 .2240E+00 .2052E+00 .1614E-02 .1042E+00 .1026E+00 .2052E+00 .1671E-01 .2220E+00 .2052E+00 .1614E-02 .5764E-01
.1649E+04 .2231E+00 .2113E+00 .1658E-02 .1073E+00 .1057E+00 .2113E+00 .1719E-01 .2285E+00 .2113E+00 .1658E-02 .5935E-01
.1650E+04 .2237E+00 .2135E+00 .1672E-02 .1084E+00 .1068E+00 .2135E+00 .1737E-01 .2309E+00 .2135E+00 .1672E-02 .5996E-01
.1651E+04 .2233E+00 .2017E+00 .1583E-02 .1024E+00 .1009E+00 .2017E+00 .1641E-01 .2181E+00 .2017E+00 .1583E-02 .5665E-01
.1652E+04 .2243E+00 .2095E+00 .1639E-02 .1064E+00 .1047E+00 .2095E+00 .1703E-01 .2265E+00 .2095E+00 .1639E-02 .5882E-01
.1653E+04 .2244E+00 .2136E+00 .1667E-02 .1084E+00 .1068E+00 .2136E+00 .1734E-01 .2309E+00 .2136E+00 .1667E-02 .5990E-01
.1654E+04 .2238E+00 .2062E+00 .1611E-02 .1047E+00 .1031E+00 .2062E+00 .1674E-01 .2229E+00 .2062E+00 .1611E-02 .5778E-01
.1655E+04 .2242E+00 .2152E+00 .1676E-02 .1093E+00 .1076E+00 .2152E+00 .1745E-01 .2327E+00 .2152E+00 .1676E-02 .6028E-01
.1656E+04 .2252E+00 .2113E+00 .1646E-02 .1073E+00 .1057E+00 .2113E+00 .1714E-01 .2284E+00 .2113E+00 .1646E-02 .5919E-01
.1657E+04 .2247E+00 .2129E+00 .1655E-02 .1081E+00 .1064E+00 .2129E+00 .1726E-01 .2301E+00 .2129E+00 .1655E-02 .5961E-01
.1658E+04 .2238E+00 .2157E+00 .1674E-02 .1095E+00 .1078E+00 .2157E+00 .1747E-01 .2332E+00 .2157E+00 .1674E-02 .6034E-01
.1659E+04 .2231E+00 .2158E+00 .1673E-02 .1096E+00 .1079E+00 .2158E+00 .1746E-01 .2333E+00 .2158E+00 .1673E-02 .6032E-01
.1660E+04 .2249E+00 .2174E+00 .1683E-02 .1104E+00 .1087E+00 .2174E+00 .1757E-01 .2350E+00 .2174E+00 .1683E-02 .6070E-01
.1661E+04 .2248E+00 .2141E+00 .1657E-02 .1087E+00 .1071E+00 .2141E+00 .1729E-01 .2314E+00 .2141E+00 .1657E-02 .5973E-01
.1662E+04 .2230E+00 .2058E+00 .1594E-02 .1045E+00 .1029E+00 .2058E+00 .1660E-01 .2224E+00 .2058E+00 .1594E-02 .5735E-01
.1663E+04 .2219E+00 .2148E+00 .1657E-02 .1090E+00 .1074E+00 .2148E+00 .1730E-01 .2321E+00 .2148E+00 .1657E-02 .5980E-01
.1664E+04 .2214E+00 .2115E+00 .1631E-02 .1074E+00 .1057E+00 .2115E+00 .1702E-01 .2285E+00 .2115E+00 .1631E-02 .5882E-01
.1665E+04 .2195E+00 .2036E+00 .1571E-02 .1033E+00 .1018E+00 .2036E+00 .1637E-01 .2199E+00 .2036E+00 .1571E-02 .5657E-01
.1666E+04 .2188E+00 .1692E+00 .1318E-02 .8591E-01 .8460E-01 .1692E+00 .1362E-01 .1828E+00 .1692E+00 .1318E-02 .4699E-01
.1667E+04 .2175E+00 .2020E+00 .1555E-02 .1026E+00 .1010E+00 .2020E+00 .1622E-01 .2182E+00 .2020E+00 .1555E-02 .5603E-01
.1668E+04 .2153E+00 .2084E+00 .1599E-02 .1058E+00 .1042E+00 .2084E+00 .1670E-01 .2251E+00 .2084E+00 .1599E-02 .5773E-01
.1669E+04 .2184E+00 .2043E+00 .1568E-02 .1037E+00 .1022E+00 .2043E+00 .1636E-01 .2207E+00 .2043E+00 .1568E-02 .5655E-01
.1670E+04 .2191E+00 .2119E+00 .1622E-02 .1076E+00 .1059E+00 .2119E+00 .1695E-01 .2288E+00 .2119E+00 .1622E-02 .5857E-01
.1671E+04 .2150E+00 .2055E+00 .1572E-02 .1043E+00 .1028E+00 .2055E+00 .1642E-01 .2219E+00 .2055E+00 .1572E-02 .5676E-01
.1672E+04 .2106E+00 .2027E+00 .1548E-02 .1029E+00 .1013E+00 .2027E+00 .1618E-01 .2188E+00 .2027E+00 .1548E-02 .5592E-01
.1673E+04 .2145E+00 .2082E+00 .1589E-02 .1057E+00 .1041E+00 .2082E+00 .1661E-01 .2248E+00 .2082E+00 .1589E-02 .5740E-01
.1674E+04 .2143E+00 .2035E+00 .1553E-02 .1033E+00 .1017E+00 .2035E+00 .1622E-01 .2197E+00 .2035E+00 .1553E-02 .5604E-01
.1675E+04 .2101E+00 .2002E+00 .1525E-02 .1016E+00 .1001E+00 .2002E+00 .1594E-01 .2162E+00 .2002E+00 .1525E-02 .5509E-01
.1676E+04 .2105E+00 .1990E+00 .1515E-02 .1010E+00 .9951E-01 .1990E+00 .1583E-01 .2149E+00 .1990E+00 .1515E-02 .5471E-01
.1677E+04 .2121E+00 .2004E+00 .1524E-02 .1017E+00 .1002E+00 .2004E+00 .1592E-01 .2163E+00 .2004E+00 .1524E-02 .5503E-01
.1678E+04 .2104E+00 .1937E+00 .1473E-02 .9833E-01 .9686E-01 .1937E+00 .1538E-01 .2091E+00 .1937E+00 .1473E-02 .5315E-01
.1679E+04 .2064E+00 .2001E+00 .1516E-02 .1016E+00 .1000E+00 .2001E+00 .1586E-01 .2160E+00 .2001E+00 .1516E-02 .5484E-01
.1680E+04 .1991E+00 .1911E+00 .1448E-02 .9701E-01 .9557E-01 .1911E+00 .1514E-01 .2063E+00 .1911E+00 .1448E-02 .5235E-01
.1681E+04 .1972E+00 .1878E+00 .1422E-02 .9530E-01 .9388E-01 .1878E+00 .1488E-01 .2026E+00 .1878E+00 .1422E-02 .5142E-01
.1682E+04 .2025E+00 .1973E+00 .1491E-02 .1002E+00 .9867E-01 .1973E+00 .1563E-01 .2130E+00 .1973E+00 .1491E-02 .5405E-01
.1683E+04 .2070E+00 .2008E+00 .1516E-02 .1019E+00 .1004E+00 .2008E+00 .1589E-01 .2167E+00 .2008E+00 .1516E-02 .5496E-01
.1684E+04 .2093E+00 .1815E+00 .1372E-02 .9214E-01 .9076E-01 .1815E+00 .1436E-01 .1959E+00 .1815E+00 .1372E-02 .4963E-01
.1685E+04 .2094E+00 .2040E+00 .1536E-02 .1035E+00 .1020E+00 .2040E+00 .1612E-01 .2201E+00 .2040E+00 .1536E-02 .5573E-01
.1686E+04 .2090E+00 .2026E+00 .1525E-02 .1028E+00 .1013E+00 .2026E+00 .1601E-01 .2186E+00 .2026E+00 .1525E-02 .5536E-01
.1687E+04 .2090E+00 .1929E+00 .1453E-02 .9791E-01 .9646E-01 .1929E+00 .1524E-01 .2082E+00 .1929E+00 .1453E-02 .5271E-01
.1688E+04 .2087E+00 .2023E+00 .1519E-02 .1026E+00 .1011E+00 .2023E+00 .1596E-01 .2182E+00 .2023E+00 .1519E-02 .5521E-01
.1689E+04 .2066E+00 .1986E+00 .1490E-02 .1008E+00 .9931E-01 .1986E+00 .1566E-01 .2143E+00 .1986E+00 .1490E-02 .5416E-01
.1690E+04 .2089E+00 .1961E+00 .1471E-02 .9950E-01 .9803E-01 .1961E+00 .1544E-01 .2115E+00 .1961E+00 .1471E-02 .5342E-01
.1691E+04 .2101E+00 .1681E+00 .1266E-02 .8530E-01 .8403E-01 .1681E+00 .1323E-01 .1813E+00 .1681E+00 .1266E-02 .4575E-01
.1692E+04 .2103E+00 .1941E+00 .1453E-02 .9848E-01 .9703E-01 .1941E+00 .1525E-01 .2093E+00 .1941E+00 .1453E-02 .5275E-01
.1693E+04 .2099E+00 .2044E+00 .1527E-02 .1037E+00 .1022E+00 .2044E+00 .1606E-01 .2205E+00 .2044E+00 .1527E-02 .5556E-01
.1694E+04 .2094E+00 .1929E+00 .1443E-02 .9790E-01 .9645E-01 .1929E+00 .1516E-01 .2081E+00 .1929E+00 .1443E-02 .5244E-01
.1695E+04 .2089E+00 .2023E+00 .1508E-02 .1026E+00 .1011E+00 .2023E+00 .1588E-01 .2181E+00 .2023E+00 .1508E-02 .5496E-01
.1696E+04 .2082E+00 .2011E+00 .1498E-02 .1021E+00 .1006E+00 .2011E+00 .1578E-01 .2169E+00 .2011E+00 .1498E-02 .5459E-01
.1697E+04 .2079E+00 .1479E+00 .1114E-02 .7507E-01 .7396E-01 .1479E+00 .1161E-01 .1595E+00 .1479E+00 .1114E-02 .4013E-01
.1698E+04 .2077E+00 .2000E+00 .1488E-02 .1015E+00 .1000E+00 .2000E+00 .1567E-01 .2157E+00 .2000E+00 .1488E-02 .5425E-01
.1699E+04 .2061E+00 .1946E+00 .1446E-02 .9875E-01 .9731E-01 .1946E+00 .1525E-01 .2099E+00 .1946E+00 .1446E-02 .5277E-01
.1700E+04 .2044E+00 .1874E+00 .1393E-02 .9510E-01 .9371E-01 .1874E+00 .1468E-01 .2021E+00 .1874E+00 .1393E-02 .5082E-01
.1702E+04 .2027E+00 .1960E+00 .1452E-02 .9943E-01 .9798E-01 .1960E+00 .1534E-01 .2113E+00 .1960E+00 .1452E-02 .5313E-01
.1705E+04 .2029E+00 .1855E+00 .1373E-02 .9413E-01 .9276E-01 .1855E+00 .1452E-01 .2000E+00 .1855E+00 .1373E-02 .5028E-01
.1710E+04 .1982E+00 .1741E+00 .1282E-02 .8831E-01 .8703E-01 .1741E+00 .1358E-01 .1876E+00 .1741E+00 .1282E-02 .4706E-01
.1715E+04 .1994E+00 .1714E+00 .1256E-02 .8696E-01 .8571E-01 .1714E+00 .1334E-01 .1848E+00 .1714E+00 .1256E-02 .4624E-01
.1720E+04 .1960E+00 .1725E+00 .1256E-02 .8748E-01 .8623E-01 .1725E+00 .1341E-01 .1859E+00 .1725E+00 .1256E-02 .4652E-01
.1725E+04 .1934E+00 .1568E+00 .1140E-02 .7954E-01 .7840E-01 .1568E+00 .1219E-01 .1690E+00 .1568E+00 .1140E-02 .4230E-01
.1730E+04 .1912E+00 .1545E+00 .1118E-02 .7835E-01 .7723E-01 .1545E+00 .1198E-01 .1664E+00 .1545E+00 .1118E-02 .4158E-01
.1735E+04 .1815E+00 .1415E+00 .1019E-02 .7175E-01 .7073E-01 .1415E+00 .1096E-01 .1524E+00 .1415E+00 .1019E-02 .3808E-01
.1740E+04 .1849E+00 .1447E+00 .1039E-02 .7338E-01 .7234E-01 .1447E+00 .1123E-01 .1559E+00 .1447E+00 .1039E-02 .3904E-01
.1745E+04 .1858E+00 .1345E+00 .9595E-03 .6820E-01 .6724E-01 .1345E+00 .1043E-01 .1449E+00 .1345E+00 .9595E-03 .3628E-01
.1750E+04 .1844E+00 .1460E+00 .1042E-02 .7407E-01 .7302E-01 .1460E+00 .1133E-01 .1574E+00 .1460E+00 .1042E-02 .3942E-01
.1755E+04 .1843E+00 .1286E+00 .9131E-03 .6521E-01 .6429E-01 .1286E+00 .9990E-02 .1386E+00 .1286E+00 .9131E-03 .3478E-01
.1760E+04 .1817E+00 .1378E+00 .9763E-03 .6989E-01 .6892E-01 .1378E+00 .1073E-01 .1486E+00 .1378E+00 .9763E-03 .3738E-01
.1765E+04 .1798E+00 .1037E+00 .7327E-03 .5260E-01 .5186E-01 .1037E+00 .8071E-02 .1118E+00 .1037E+00 .7327E-03 .2814E-01
.1770E+04 .1784E+00 .1041E+00 .7404E-03 .5280E-01 .5206E-01 .1041E+00 .8130E-02 .1123E+00 .1041E+00 .7404E-03 .2833E-01
.1775E+04 .1759E+00 .7584E-01 .5406E-03 .3846E-01 .3792E-01 .7584E-01 .5926E-02 .8177E-01 .7584E-01 .5406E-03 .2065E-01
.1780E+04 .1736E+00 .6556E-01 .4670E-03 .3325E-01 .3278E-01 .6556E-01 .5131E-02 .7069E-01 .6556E-01 .4670E-03 .1788E-01
.1785E+04 .1727E+00 .4119E-01 .2983E-03 .2090E-01 .2060E-01 .4119E-01 .3238E-02 .4443E-01 .4119E-01 .2983E-03 .1127E-01
.1790E+04 .1722E+00 .5261E-01 .3785E-03 .2668E-01 .2630E-01 .5261E-01 .4141E-02 .5675E-01 .5261E-01 .3785E-03 .1442E-01
.1795E+04 .1702E+00 .1466E-01 .1185E-03 .7447E-02 .7328E-02 .1466E-01 .1176E-02 .1583E-01 .1466E-01 .1185E-03 .4038E-02
.1800E+04 .1683E+00 .1309E-01 .9984E-04 .6646E-02 .6546E-02 .1309E-01 .1042E-02 .1413E-01 .1309E-01 .9984E-04 .3607E-02
.1805E+04 .1669E+00 .2587E-02 .2471E-04 .1318E-02 .1294E-02 .2587E-02 .2139E-03 .2801E-02 .2587E-02 .2471E-04 .7167E-03
.1810E+04 .1655E+00 .1768E-02 .1542E-04 .8996E-03 .8842E-03 .1768E-02 .1440E-03 .1912E-02 .1768E-02 .1542E-04 .4892E-03
.1815E+04 .1584E+00 .2207E-03 .2775E-05 .1131E-03 .1103E-03 .2207E-03 .1927E-04 .2400E-03 .2207E-03 .2775E-05 .6148E-04
.1820E+04 .1556E+00 .2543E-04 .4023E-06 .1312E-04 .1272E-04 .2543E-04 .2351E-05 .2778E-04 .2543E-04 .4023E-06 .7143E-05
.1825E+04 .1600E+00 .4453E-04 .6679E-06 .2293E-04 .2227E-04 .4453E-04 .4068E-05 .4860E-04 .4453E-04 .6679E-06 .1252E-04
.1830E+04 .1593E+00 .1427E-07 .4065E-09 .7542E-08 .7135E-08 .1427E-07 .1597E-08 .1587E-07 .1427E-07 .4065E-09 .4106E-08
.1835E+04 .1577E+00 .1440E-07 .3156E-09 .7517E-08 .7201E-08 .1440E-07 .1465E-08 .1587E-07 .1440E-07 .3156E-09 .4090E-08
.1840E+04 .1556E+00 .9142E-10 .3439E-11 .4915E-10 .4571E-10 .9142E-10 .1148E-10 .1029E-09 .9142E-10 .3439E-11 .2661E-10
.1845E+04 .1531E+00 .1467E-08 .8022E-10 .8136E-09 .7334E-09 .1467E-08 .2223E-09 .1689E-08 .1467E-08 .8022E-10 .4387E-09
.1850E+04 .1534E+00 .3941E-09 .2431E-10 .2214E-09 .1970E-09 .3941E-09 .6377E-10 .4579E-09 .3941E-09 .2431E-10 .1186E-09
.1855E+04 .1521E+00 .2115E-09 .8314E-11 .1141E-09 .1058E-09 .2115E-09 .2685E-10 .2384E-09 .2115E-09 .8314E-11 .6073E-10
.1860E+04 .1501E+00 .7910E-07 .1718E-08 .4127E-07 .3955E-07 .7910E-07 .7850E-08 .8695E-07 .7910E-07 .1718E-08 .2176E-07
.1865E+04 .1480E+00 .3527E-07 .9794E-09 .1862E-07 .1764E-07 .3527E-07 .3757E-08 .3903E-07 .3527E-07 .9794E-09 .9530E-08
.1870E+04 .1456E+00 .2061E-14 .2508E-15 .1281E-14 .1031E-14 .2061E-14 .5106E-15 .2572E-14 .2061E-14 .2508E-15 .6343E-15
.1875E+04 .1349E+00 .4678E-14 .5320E-15 .2871E-14 .2339E-14 .4678E-14 .1093E-14 .5772E-14 .4678E-14 .5320E-15 .1385E-14
.1880E+04 .1425E+00 .5559E-06 .1118E-07 .2891E-06 .2779E-06 .5559E-06 .5028E-07 .6062E-06 .5559E-06 .1118E-07 .1383E-06
.1885E+04 .1432E+00 .3468E-06 .7182E-08 .1806E-06 .1734E-06 .3468E-06 .3132E-07 .3781E-06 .3468E-06 .7182E-08 .8494E-07
.1890E+04 .1410E+00 .9846E-06 .2310E-07 .5154E-06 .4923E-06 .9846E-06 .9202E-07 .1077E-05 .9846E-06 .2310E-07 .2384E-06
.1895E+04 .1379E+00 .1069E-05 .2044E-07 .5548E-06 .5344E-06 .1069E-05 .9041E-07 .1159E-05 .1069E-05 .2044E-07 .2469E-06
.1900E+04 .1389E+00 .7507E-09 .2556E-10 .4009E-09 .3753E-09 .7507E-09 .7924E-10 .8299E-09 .7507E-09 .2556E-10 .1734E-09
.1905E+04 .1382E+00 .7615E-09 .2312E-10 .4039E-09 .3807E-09 .7615E-09 .7659E-10 .8381E-09 .7615E-09 .2312E-10 .1766E-09
.1910E+04 .1367E+00 .5614E-07 .1484E-08 .2955E-07 .2807E-07 .5614E-07 .5130E-08 .6127E-07 .5614E-07 .1484E-08 .1219E-07
.1915E+04 .1358E+00 .1560E-06 .3029E-08 .8101E-07 .7798E-07 .1560E-06 .1256E-07 .1685E-06 .1560E-06 .3029E-08 .3325E-07
.1920E+04 .1342E+00 .2794E-05 .5592E-07 .1453E-05 .1397E-05 .2794E-05 .2278E-06 .3022E-05 .2794E-05 .5592E-07 .5971E-06
.1925E+04 .1335E+00 .1604E-04 .2477E-06 .8269E-05 .8021E-05 .1604E-04 .1201E-05 .1724E-04 .1604E-04 .2477E-06 .3415E-05
.1930E+04 .1304E+00 .1646E-04 .2168E-06 .8446E-05 .8229E-05 .1646E-04 .1183E-05 .1764E-04 .1646E-04 .2168E-06 .3514E-05
.1935E+04 .1303E+00 .2868E-03 .2927E-05 .1463E-03 .1434E-03 .2868E-03 .1946E-04 .3063E-03 .2868E-03 .2927E-05 .6141E-04
.1940E+04 .1273E+00 .4648E-03 .4026E-05 .2364E-03 .2324E-03 .4648E-03 .3054E-04 .4953E-03 .4648E-03 .4026E-05 .9956E-04
.1945E+04 .1204E+00 .2370E-02 .1955E-04 .1204E-02 .1185E-02 .2370E-02 .1551E-03 .2525E-02 .2370E-02 .1955E-04 .5106E-03
.1950E+04 .1247E+00 .5424E-02 .4046E-04 .2753E-02 .2712E-02 .5424E-02 .3513E-03 .5776E-02 .5424E-02 .4046E-04 .1178E-02
.1955E+04 .1268E+00 .2023E-02 .1765E-04 .1029E-02 .1012E-02 .2023E-02 .1367E-03 .2160E-02 .2023E-02 .1765E-04 .4478E-03
.1960E+04 .1252E+00 .8972E-02 .6518E-04 .4551E-02 .4486E-02 .8972E-02 .5939E-03 .9566E-02 .8972E-02 .6518E-04 .2009E-02
.1965E+04 .1231E+00 .1471E-01 .1014E-03 .7459E-02 .7357E-02 .1471E-01 .9745E-03 .1569E-01 .1471E-01 .1014E-03 .3328E-02
.1970E+04 .1226E+00 .3120E-01 .2025E-03 .1580E-01 .1560E-01 .3120E-01 .2064E-02 .3326E-01 .3120E-01 .2025E-03 .7113E-02
.1975E+04 .1205E+00 .4108E-01 .2606E-03 .2080E-01 .2054E-01 .4108E-01 .2723E-02 .4380E-01 .4108E-01 .2606E-03 .9420E-02
.1980E+04 .1192E+00 .5390E-01 .3327E-03 .2728E-01 .2695E-01 .5390E-01 .3580E-02 .5748E-01 .5390E-01 .3327E-03 .1244E-01
.1985E+04 .1184E+00 .6261E-01 .3821E-03 .3169E-01 .3130E-01 .6261E-01 .4193E-02 .6680E-01 .6261E-01 .3821E-03 .1461E-01
.1990E+04 .1183E+00 .6147E-01 .3760E-03 .3111E-01 .3074E-01 .6147E-01 .4132E-02 .6561E-01 .6147E-01 .3760E-03 .1440E-01
.1995E+04 .1163E+00 .6255E-01 .3824E-03 .3166E-01 .3128E-01 .6255E-01 .4198E-02 .6675E-01 .6255E-01 .3824E-03 .1463E-01
.2000E+04 .1160E+00 .2834E-01 .2033E-03 .1437E-01 .1417E-01 .2834E-01 .1943E-02 .3028E-01 .2834E-01 .2033E-03 .6626E-02
.2005E+04 .1148E+00 .9185E-02 .7352E-04 .4666E-02 .4592E-02 .9185E-02 .6382E-03 .9823E-02 .9185E-02 .7352E-04 .2139E-02
.2010E+04 .1145E+00 .3411E-01 .2417E-03 .1730E-01 .1706E-01 .3411E-01 .2307E-02 .3642E-01 .3411E-01 .2417E-03 .7867E-02
.2015E+04 .1135E+00 .1885E-01 .1392E-03 .9564E-02 .9425E-02 .1885E-01 .1272E-02 .2012E-01 .1885E-01 .1392E-03 .4302E-02
.2020E+04 .1115E+00 .3519E-01 .2432E-03 .1784E-01 .1760E-01 .3519E-01 .2329E-02 .3752E-01 .3519E-01 .2432E-03 .7947E-02
.2025E+04 .1109E+00 .6383E-01 .4160E-03 .3233E-01 .3191E-01 .6383E-01 .4148E-02 .6798E-01 .6383E-01 .4160E-03 .1424E-01
.2030E+04 .1092E+00 .7088E-01 .4529E-03 .3590E-01 .3544E-01 .7088E-01 .4541E-02 .7543E-01 .7088E-01 .4529E-03 .1561E-01
.2035E+04 .1082E+00 .8795E-01 .5503E-03 .4452E-01 .4397E-01 .8795E-01 .5573E-02 .9352E-01 .8795E-01 .5503E-03 .1918E-01
.2040E+04 .1077E+00 .7943E-01 .4981E-03 .4022E-01 .3972E-01 .7943E-01 .4995E-02 .8443E-01 .7943E-01 .4981E-03 .1717E-01
.2045E+04 .1078E+00 .8223E-01 .5133E-03 .4163E-01 .4111E-01 .8223E-01 .5133E-02 .8736E-01 .8223E-01 .5133E-03 .1764E-01
.2050E+04 .1065E+00 .6224E-01 .3961E-03 .3152E-01 .3112E-01 .6224E-01 .3875E-02 .6611E-01 .6224E-01 .3961E-03 .1327E-01
.2055E+04 .1054E+00 .4841E-01 .3136E-03 .2452E-01 .2420E-01 .4841E-01 .3006E-02 .5141E-01 .4841E-01 .3136E-03 .1026E-01
.2060E+04 .1038E+00 .6135E-01 .3858E-03 .3106E-01 .3067E-01 .6135E-01 .3782E-02 .6513E-01 .6135E-01 .3858E-03 .1295E-01
.2065E+04 .1030E+00 .5595E-01 .3536E-03 .2833E-01 .2798E-01 .5595E-01 .3442E-02 .5939E-01 .5595E-01 .3536E-03 .1177E-01
.2070E+04 .1024E+00 .5917E-01 .3701E-03 .2995E-01 .2958E-01 .5917E-01 .3615E-02 .6278E-01 .5917E-01 .3701E-03 .1237E-01
.2075E+04 .1023E+00 .7297E-01 .4453E-03 .3693E-01 .3648E-01 .7297E-01 .4429E-02 .7740E-01 .7297E-01 .4453E-03 .1520E-01
.2080E+04 .1007E+00 .8223E-01 .4929E-03 .4161E-01 .4112E-01 .8223E-01 .4971E-02 .8720E-01 .8223E-01 .4929E-03 .1710E-01
.2085E+04 .9979E-01 .8089E-01 .4832E-03 .4093E-01 .4045E-01 .8089E-01 .4887E-02 .8578E-01 .8089E-01 .4832E-03 .1682E-01
.2090E+04 .9881E-01 .8625E-01 .5104E-03 .4363E-01 .4312E-01 .8625E-01 .5213E-02 .9146E-01 .8625E-01 .5104E-03 .1797E-01
.2095E+04 .9735E-01 .8623E-01 .5068E-03 .4362E-01 .4312E-01 .8623E-01 .5199E-02 .9143E-01 .8623E-01 .5068E-03 .1793E-01
.2100E+04 .9751E-01 .7918E-01 .4645E-03 .4005E-01 .3959E-01 .7918E-01 .4773E-02 .8395E-01 .7918E-01 .4645E-03 .1647E-01
.2105E+04 .9690E-01 .9116E-01 .5294E-03 .4611E-01 .4558E-01 .9116E-01 .5502E-02 .9667E-01 .9116E-01 .5294E-03 .1902E-01
.2110E+04 .9579E-01 .8585E-01 .4978E-03 .4342E-01 .4292E-01 .8585E-01 .5202E-02 .9105E-01 .8585E-01 .4978E-03 .1800E-01
.2115E+04 .9495E-01 .8940E-01 .5147E-03 .4522E-01 .4470E-01 .8940E-01 .5413E-02 .9482E-01 .8940E-01 .5147E-03 .1875E-01
.2120E+04 .9376E-01 .8254E-01 .4745E-03 .4175E-01 .4127E-01 .8254E-01 .5018E-02 .8756E-01 .8254E-01 .4745E-03 .1739E-01
.2125E+04 .9291E-01 .8477E-01 .4843E-03 .4287E-01 .4239E-01 .8477E-01 .5163E-02 .8993E-01 .8477E-01 .4843E-03 .1792E-01
.2130E+04 .9283E-01 .8662E-01 .4917E-03 .4380E-01 .4331E-01 .8662E-01 .5288E-02 .9190E-01 .8662E-01 .4917E-03 .1837E-01
.2135E+04 .9171E-01 .8766E-01 .4956E-03 .4433E-01 .4383E-01 .8766E-01 .5370E-02 .9303E-01 .8766E-01 .4956E-03 .1868E-01
.2140E+04 .9147E-01 .8909E-01 .5009E-03 .4505E-01 .4454E-01 .8909E-01 .5460E-02 .9455E-01 .8909E-01 .5009E-03 .1901E-01
.2145E+04 .9065E-01 .8819E-01 .4937E-03 .4459E-01 .4410E-01 .8819E-01 .5404E-02 .9360E-01 .8819E-01 .4937E-03 .1883E-01
.2150E+04 .9013E-01 .7907E-01 .4434E-03 .3998E-01 .3953E-01 .7907E-01 .4846E-02 .8391E-01 .7907E-01 .4434E-03 .1688E-01
.2155E+04 .8927E-01 .7956E-01 .4440E-03 .4023E-01 .3978E-01 .7956E-01 .4879E-02 .8444E-01 .7956E-01 .4440E-03 .1701E-01
.2160E+04 .8784E-01 .7937E-01 .4403E-03 .4013E-01 .3969E-01 .7937E-01 .4857E-02 .8423E-01 .7937E-01 .4403E-03 .1694E-01
.2165E+04 .8275E-01 .7187E-01 .3970E-03 .3633E-01 .3593E-01 .7187E-01 .4396E-02 .7626E-01 .7187E-01 .3970E-03 .1534E-01
.2170E+04 .8514E-01 .7808E-01 .4280E-03 .3947E-01 .3904E-01 .7808E-01 .4772E-02 .8285E-01 .7808E-01 .4280E-03 .1667E-01
.2175E+04 .8568E-01 .7427E-01 .4071E-03 .3754E-01 .3714E-01 .7427E-01 .4539E-02 .7881E-01 .7427E-01 .4071E-03 .1586E-01
.2180E+04 .8497E-01 .7854E-01 .4269E-03 .3970E-01 .3927E-01 .7854E-01 .4795E-02 .8334E-01 .7854E-01 .4269E-03 .1677E-01
.2185E+04 .8464E-01 .6582E-01 .3586E-03 .3327E-01 .3291E-01 .6582E-01 .4019E-02 .6984E-01 .6582E-01 .3586E-03 .1405E-01
.2190E+04 .8364E-01 .7443E-01 .4014E-03 .3761E-01 .3721E-01 .7443E-01 .4539E-02 .7897E-01 .7443E-01 .4014E-03 .1589E-01
.2195E+04 .8342E-01 .7333E-01 .3941E-03 .3706E-01 .3667E-01 .7333E-01 .4471E-02 .7780E-01 .7333E-01 .3941E-03 .1566E-01
.2200E+04 .8263E-01 .6557E-01 .3529E-03 .3314E-01 .3279E-01 .6557E-01 .3986E-02 .6956E-01 .6557E-01 .3529E-03 .1395E-01
.2205E+04 .8073E-01 .6814E-01 .3632E-03 .3443E-01 .3407E-01 .6814E-01 .4125E-02 .7227E-01 .6814E-01 .3632E-03 .1445E-01
.2210E+04 .8053E-01 .7599E-01 .4008E-03 .3840E-01 .3800E-01 .7599E-01 .4588E-02 .8058E-01 .7599E-01 .4008E-03 .1609E-01
.2215E+04 .8024E-01 .7164E-01 .3769E-03 .3620E-01 .3582E-01 .7164E-01 .4313E-02 .7595E-01 .7164E-01 .3769E-03 .1512E-01
.2220E+04 .7974E-01 .7524E-01 .3930E-03 .3801E-01 .3762E-01 .7524E-01 .4513E-02 .7975E-01 .7524E-01 .3930E-03 .1583E-01
.2225E+04 .7873E-01 .7211E-01 .3752E-03 .3643E-01 .3605E-01 .7211E-01 .4304E-02 .7641E-01 .7211E-01 .3752E-03 .1510E-01
.2230E+04 .7832E-01 .7429E-01 .3838E-03 .3753E-01 .3714E-01 .7429E-01 .4412E-02 .7870E-01 .7429E-01 .3838E-03 .1548E-01
.2235E+04 .7766E-01 .7188E-01 .3699E-03 .3631E-01 .3594E-01 .7188E-01 .4242E-02 .7613E-01 .7188E-01 .3699E-03 .1488E-01
.2240E+04 .7661E-01 .7185E-01 .3675E-03 .3629E-01 .3592E-01 .7185E-01 .4213E-02 .7606E-01 .7185E-01 .3675E-03 .1477E-01
.2245E+04 .7621E-01 .6889E-01 .3514E-03 .3480E-01 .3445E-01 .6889E-01 .4004E-02 .7290E-01 .6889E-01 .3514E-03 .1403E-01
.2250E+04 .7546E-01 .7072E-01 .3572E-03 .3572E-01 .3536E-01 .7072E-01 .4027E-02 .7475E-01 .7072E-01 .3572E-03 .1409E-01
.2255E+04 .7461E-01 .6646E-01 .3351E-03 .3356E-01 .3323E-01 .6646E-01 .3747E-02 .7020E-01 .6646E-01 .3351E-03 .1310E-01
.2260E+04 .7419E-01 .6549E-01 .3284E-03 .3307E-01 .3274E-01 .6549E-01 .3635E-02 .6912E-01 .6549E-01 .3284E-03 .1269E-01
.2265E+04 .7352E-01 .6705E-01 .3332E-03 .3386E-01 .3353E-01 .6705E-01 .3679E-02 .7073E-01 .6705E-01 .3332E-03 .1284E-01
.2270E+04 .7323E-01 .6355E-01 .3154E-03 .3209E-01 .3177E-01 .6355E-01 .3465E-02 .6701E-01 .6355E-01 .3154E-03 .1208E-01
.2275E+04 .7269E-01 .6265E-01 .3095E-03 .3164E-01 .3133E-01 .6265E-01 .3406E-02 .6606E-01 .6265E-01 .3095E-03 .1188E-01
.2280E+04 .7147E-01 .6496E-01 .3177E-03 .3280E-01 .3248E-01 .6496E-01 .3525E-02 .6848E-01 .6496E-01 .3177E-03 .1231E-01
.2285E+04 .7108E-01 .6138E-01 .2999E-03 .3099E-01 .3069E-01 .6138E-01 .3322E-02 .6471E-01 .6138E-01 .2999E-03 .1159E-01
.2290E+04 .7069E-01 .6129E-01 .2977E-03 .3094E-01 .3064E-01 .6129E-01 .3305E-02 .6459E-01 .6129E-01 .2977E-03 .1154E-01
.2295E+04 .6914E-01 .5960E-01 .2881E-03 .3009E-01 .2980E-01 .5960E-01 .3212E-02 .6282E-01 .5960E-01 .2881E-03 .1122E-01
.2300E+04 .6923E-01 .5597E-01 .2705E-03 .2825E-01 .2798E-01 .5597E-01 .3016E-02 .5898E-01 .5597E-01 .2705E-03 .1054E-01
.2305E+04 .6902E-01 .5609E-01 .2694E-03 .2831E-01 .2804E-01 .5609E-01 .3010E-02 .5910E-01 .5609E-01 .2694E-03 .1052E-01
.2310E+04 .6848E-01 .5954E-01 .2824E-03 .3005E-01 .2977E-01 .5954E-01 .3190E-02 .6273E-01 .5954E-01 .2824E-03 .1117E-01
.2315E+04 .6764E-01 .5418E-01 .2574E-03 .2735E-01 .2709E-01 .5418E-01 .2904E-02 .5709E-01 .5418E-01 .2574E-03 .1017E-01
.2320E+04 .6675E-01 .4629E-01 .2205E-03 .2337E-01 .2314E-01 .4629E-01 .2482E-02 .4877E-01 .4629E-01 .2205E-03 .8685E-02
.2325E+04 .6538E-01 .4863E-01 .2286E-03 .2454E-01 .2432E-01 .4863E-01 .2603E-02 .5123E-01 .4863E-01 .2286E-03 .9123E-02
.2330E+04 .6565E-01 .4990E-01 .2341E-03 .2518E-01 .2495E-01 .4990E-01 .2670E-02 .5257E-01 .4990E-01 .2341E-03 .9361E-02
.2335E+04 .6513E-01 .5308E-01 .2462E-03 .2678E-01 .2654E-01 .5308E-01 .2839E-02 .5592E-01 .5308E-01 .2462E-03 .9967E-02
.2340E+04 .6491E-01 .3564E-01 .1681E-03 .1799E-01 .1782E-01 .3564E-01 .1915E-02 .3756E-01 .3564E-01 .1681E-03 .6713E-02
.2345E+04 .6465E-01 .4508E-01 .2090E-03 .2275E-01 .2254E-01 .4508E-01 .2417E-02 .4749E-01 .4508E-01 .2090E-03 .8488E-02
.2350E+04 .6355E-01 .3252E-01 .1511E-03 .1641E-01 .1626E-01 .3252E-01 .1745E-02 .3427E-01 .3252E-01 .1511E-03 .6127E-02
.2355E+04 .6224E-01 .4037E-01 .1857E-03 .2037E-01 .2018E-01 .4037E-01 .2163E-02 .4253E-01 .4037E-01 .1857E-03 .7604E-02
.2360E+04 .6250E-01 .4326E-01 .1969E-03 .2183E-01 .2163E-01 .4326E-01 .2314E-02 .4557E-01 .4326E-01 .1969E-03 .8147E-02
.2365E+04 .6234E-01 .3969E-01 .1792E-03 .2002E-01 .1984E-01 .3969E-01 .2117E-02 .4181E-01 .3969E-01 .1792E-03 .7456E-02
.2370E+04 .6161E-01 .1995E-01 .9391E-04 .1007E-01 .9975E-02 .1995E-01 .1072E-02 .2102E-01 .1995E-01 .9391E-04 .3759E-02
.2375E+04 .6093E-01 .3500E-01 .1578E-03 .1766E-01 .1750E-01 .3500E-01 .1871E-02 .3687E-01 .3500E-01 .1578E-03 .6592E-02
.2380E+04 .6059E-01 .3063E-01 .1378E-03 .1545E-01 .1531E-01 .3063E-01 .1636E-02 .3226E-01 .3063E-01 .1378E-03 .5768E-02
.2385E+04 .5860E-01 .2051E-01 .9351E-04 .1035E-01 .1025E-01 .2051E-01 .1097E-02 .2161E-01 .2051E-01 .9351E-04 .3863E-02
.2390E+04 .5910E-01 .2611E-01 .1167E-03 .1317E-01 .1306E-01 .2611E-01 .1390E-02 .2750E-01 .2611E-01 .1167E-03 .4902E-02
.2395E+04 .5888E-01 .3028E-01 .1337E-03 .1527E-01 .1514E-01 .3028E-01 .1608E-02 .3188E-01 .3028E-01 .1337E-03 .5678E-02
.2400E+04 .5851E-01 .3305E-01 .1448E-03 .1667E-01 .1652E-01 .3305E-01 .1743E-02 .3479E-01 .3305E-01 .1448E-03 .6156E-02
.2405E+04 .5817E-01 .2301E-01 .1008E-03 .1161E-01 .1151E-01 .2301E-01 .1209E-02 .2422E-01 .2301E-01 .1008E-03 .4269E-02
.2410E+04 .5773E-01 .2208E-01 .9672E-04 .1114E-01 .1104E-01 .2208E-01 .1154E-02 .2323E-01 .2208E-01 .9672E-04 .4070E-02
.2415E+04 .5600E-01 .1544E-01 .6946E-04 .7790E-02 .7721E-02 .1544E-01 .8044E-03 .1625E-01 .1544E-01 .6946E-04 .2826E-02
.2420E+04 .5626E-01 .1592E-01 .7031E-04 .8030E-02 .7960E-02 .1592E-01 .8235E-03 .1674E-01 .1592E-01 .7031E-04 .2898E-02
.2425E+04 .5606E-01 .2188E-01 .9474E-04 .1103E-01 .1094E-01 .2188E-01 .1110E-02 .2299E-01 .2188E-01 .9474E-04 .3907E-02
.2430E+04 .5584E-01 .3136E-01 .1332E-03 .1581E-01 .1568E-01 .3136E-01 .1573E-02 .3293E-01 .3136E-01 .1332E-03 .5541E-02
.2435E+04 .5519E-01 .6534E-02 .2979E-04 .3297E-02 .3267E-02 .6534E-02 .3274E-03 .6862E-02 .6534E-02 .2979E-04 .1142E-02
.2440E+04 .5505E-01 .2904E-01 .1215E-03 .1464E-01 .1452E-01 .2904E-01 .1409E-02 .3045E-01 .2904E-01 .1215E-03 .4951E-02
.2445E+04 .5433E-01 .1055E-01 .4610E-04 .5320E-02 .5274E-02 .1055E-01 .5062E-03 .1105E-01 .1055E-01 .4610E-04 .1765E-02
.2450E+04 .5341E-01 .5631E-02 .2548E-04 .2841E-02 .2815E-02 .5631E-02 .2696E-03 .5900E-02 .5631E-02 .2548E-04 .9350E-03
.2455E+04 .5300E-01 .1319E-01 .5541E-04 .6651E-02 .6595E-02 .1319E-01 .6186E-03 .1381E-01 .1319E-01 .5541E-04 .2163E-02
.2460E+04 .5314E-01 .1969E-01 .8214E-04 .9926E-02 .9844E-02 .1969E-01 .9123E-03 .2060E-01 .1969E-01 .8214E-04 .3187E-02
.2465E+04 .5302E-01 .1126E-01 .4856E-04 .5678E-02 .5629E-02 .1126E-01 .5184E-03 .1178E-01 .1126E-01 .4856E-04 .1800E-02
.2470E+04 .5220E-01 .4994E-02 .2319E-04 .2520E-02 .2497E-02 .4994E-02 .2308E-03 .5224E-02 .4994E-02 .2319E-04 .7928E-03
.2475E+04 .5210E-01 .5643E-02 .2558E-04 .2847E-02 .2822E-02 .5643E-02 .2579E-03 .5901E-02 .5643E-02 .2558E-04 .8877E-03
.2480E+04 .5103E-01 .1764E-02 .8420E-05 .8903E-03 .8818E-03 .1764E-02 .8032E-04 .1844E-02 .1764E-02 .8420E-05 .2740E-03
.2485E+04 .5068E-01 .9729E-03 .5208E-05 .4917E-03 .4865E-03 .9729E-03 .4465E-04 .1018E-02 .9729E-03 .5208E-05 .1493E-03
.2490E+04 .5082E-01 .3334E-03 .2024E-05 .1687E-03 .1667E-03 .3334E-03 .1554E-04 .3489E-03 .3334E-03 .2024E-05 .5079E-04
.2495E+04 .5053E-01 .3624E-03 .2124E-05 .1833E-03 .1812E-03 .3624E-03 .1672E-04 .3791E-03 .3624E-03 .2124E-05 .5494E-04
.2500E+04 .5037E-01 .9446E-03 .4916E-05 .4772E-03 .4723E-03 .9446E-03 .4290E-04 .9875E-03 .9446E-03 .4916E-05 .1440E-03
