Wvlgth Extraterrestrial_spectrm Direct_normal_irradiance Difuse_horizn_irradiance Global_horizn_irradiance Direct_horizn_irradiance Direct_tilted_irradiance Difuse_tilted_irradiance Global_tilted_irradiance Beam_normal_+circumsolar Difuse_horiz-circumsolar Upward_reflctd_radiation
.2800E+03 .7851E-01 .0000E+00 .5750E-21 .5750E-21 .0000E+00 .0000E+00 .3922E-21 .3922E-21 .0000E+00 .5750E-21 .1913E-22
.2805E+03 .1024E+00 .9809E-44 .1858E-19 .1858E-19 .2803E-44 .9809E-44 .1267E-19 .1267E-19 .9809E-44 .1858E-19 .6200E-21
.2810E+03 .1717E+00 .1794E-42 .9392E-19 .9392E-19 .6166E-43 .1794E-42 .6406E-19 .6406E-19 .1794E-42 .9392E-19 .3145E-20
.2815E+03 .2412E+00 .1843E-39 .3244E-18 .3244E-18 .6303E-40 .1843E-39 .2213E-18 .2213E-18 .1843E-39 .3244E-18 .1089E-19
.2820E+03 .2918E+00 .1135E-37 .8379E-18 .8379E-18 .3882E-38 .1135E-37 .5715E-18 .5715E-18 .1135E-37 .8379E-18 .2822E-19
.2825E+03 .3144E+00 .1729E-36 .2144E-17 .2144E-17 .5913E-37 .1729E-36 .1462E-17 .1462E-17 .1729E-36 .2144E-17 .7242E-19
.2830E+03 .3431E+00 .3504E-35 .6812E-17 .6812E-17 .1199E-35 .3504E-35 .4647E-17 .4647E-17 .3504E-35 .6812E-17 .2308E-18
.2835E+03 .3225E+00 .1414E-34 .1107E-16 .1107E-16 .4837E-35 .1414E-34 .7549E-17 .7549E-17 .1414E-34 .1107E-16 .3761E-18
.2840E+03 .3213E+00 .1410E-31 .1862E-15 .1862E-15 .4824E-32 .1410E-31 .1271E-15 .1271E-15 .1410E-31 .1862E-15 .6349E-17
.2845E+03 .2516E+00 .2385E-30 .5292E-15 .5292E-15 .8158E-31 .2385E-30 .3611E-15 .3611E-15 .2385E-30 .5292E-15 .1809E-16
.2850E+03 .1186E+00 .3248E-29 .8322E-15 .8322E-15 .1111E-29 .3248E-29 .5678E-15 .5678E-15 .3248E-29 .8322E-15 .2853E-16
.2855E+03 .1378E+00 .2006E-27 .4206E-14 .4206E-14 .6860E-28 .2006E-27 .2870E-14 .2870E-14 .2006E-27 .4206E-14 .1446E-15
.2860E+03 .3008E+00 .2123E-26 .1677E-13 .1677E-13 .7260E-27 .2123E-26 .1144E-13 .1144E-13 .2123E-26 .1677E-13 .5784E-15
.2865E+03 .3583E+00 .6934E-25 .7552E-13 .7552E-13 .2372E-25 .6934E-25 .5154E-13 .5154E-13 .6934E-25 .7552E-13 .2612E-14
.2870E+03 .3780E+00 .8282E-24 .2149E-12 .2149E-12 .2833E-24 .8282E-24 .1467E-12 .1467E-12 .8282E-24 .2149E-12 .7454E-14
.2875E+03 .3784E+00 .2032E-22 .8226E-12 .8226E-12 .6949E-23 .2032E-22 .5614E-12 .5614E-12 .2032E-22 .8226E-12 .2861E-13
.2880E+03 .2506E+00 .7552E-21 .2647E-11 .2647E-11 .2583E-21 .7552E-21 .1807E-11 .1807E-11 .7552E-21 .2647E-11 .9236E-13
.2885E+03 .3590E+00 .8971E-20 .8012E-11 .8012E-11 .3068E-20 .8971E-20 .5469E-11 .5469E-11 .8971E-20 .8012E-11 .2803E-12
.2890E+03 .4204E+00 .9502E-19 .2139E-10 .2139E-10 .3250E-19 .9502E-19 .1460E-10 .1460E-10 .9502E-19 .2139E-10 .7504E-12
.2895E+03 .4914E+00 .1235E-17 .6404E-10 .6404E-10 .4225E-18 .1235E-17 .4372E-10 .4372E-10 .1235E-17 .6404E-10 .2253E-11
.2900E+03 .6181E+00 .1128E-16 .1771E-09 .1771E-09 .3857E-17 .1128E-16 .1209E-09 .1209E-09 .1128E-16 .1771E-09 .6248E-11
.2905E+03 .6463E+00 .6116E-16 .3578E-09 .3578E-09 .2092E-16 .6116E-16 .2443E-09 .2443E-09 .6116E-16 .3578E-09 .1266E-10
.2910E+03 .6101E+00 .4232E-15 .7621E-09 .7621E-09 .1447E-15 .4232E-15 .5203E-09 .5204E-09 .4232E-15 .7621E-09 .2704E-10
.2915E+03 .6024E+00 .5362E-14 .2181E-08 .2181E-08 .1834E-14 .5362E-14 .1489E-08 .1489E-08 .5362E-14 .2181E-08 .7759E-10
.2920E+03 .5732E+00 .4055E-13 .4470E-08 .4470E-08 .1387E-13 .4055E-13 .3053E-08 .3053E-08 .4055E-13 .4470E-08 .1595E-09
.2925E+03 .4968E+00 .1110E-12 .6225E-08 .6225E-08 .3797E-13 .1110E-12 .4251E-08 .4251E-08 .1110E-12 .6225E-08 .2227E-09
.2930E+03 .5676E+00 .5644E-12 .1331E-07 .1331E-07 .1930E-12 .5644E-12 .9092E-08 .9093E-08 .5644E-12 .1331E-07 .4777E-09
.2935E+03 .5764E+00 .4402E-11 .3230E-07 .3230E-07 .1506E-11 .4402E-11 .2206E-07 .2206E-07 .4402E-11 .3230E-07 .1162E-08
.2940E+03 .5042E+00 .1504E-10 .5008E-07 .5009E-07 .5144E-11 .1504E-10 .3420E-07 .3422E-07 .1504E-10 .5008E-07 .1807E-08
.2945E+03 .5438E+00 .4541E-10 .8365E-07 .8366E-07 .1553E-10 .4541E-10 .5713E-07 .5718E-07 .4541E-10 .8365E-07 .3026E-08
.2950E+03 .5163E+00 .1590E-09 .1412E-06 .1412E-06 .5439E-10 .1590E-09 .9643E-07 .9659E-07 .1590E-09 .1412E-06 .5123E-08
.2955E+03 .5825E+00 .9051E-09 .2495E-06 .2498E-06 .3096E-09 .9051E-09 .1704E-06 .1713E-06 .9051E-09 .2495E-06 .9089E-08
.2960E+03 .6214E+00 .2885E-08 .4836E-06 .4846E-06 .9866E-09 .2885E-08 .3304E-06 .3332E-06 .2885E-08 .4836E-06 .1768E-07
.2965E+03 .4929E+00 .6461E-08 .6806E-06 .6828E-06 .2210E-08 .6461E-08 .4650E-06 .4714E-06 .6461E-08 .6806E-06 .2499E-07
.2970E+03 .4244E+00 .1269E-07 .9280E-06 .9323E-06 .4342E-08 .1269E-07 .6341E-06 .6468E-06 .1269E-07 .9280E-06 .3423E-07
.2975E+03 .5980E+00 .5709E-07 .2536E-05 .2555E-05 .1953E-07 .5709E-07 .1733E-05 .1790E-05 .5709E-07 .2536E-05 .9415E-07
.2980E+03 .5581E+00 .1354E-06 .4067E-05 .4113E-05 .4630E-07 .1354E-06 .2779E-05 .2915E-05 .1354E-06 .4067E-05 .1521E-06
.2985E+03 .3790E+00 .1833E-06 .4146E-05 .4209E-05 .6270E-07 .1833E-06 .2834E-05 .3017E-05 .1833E-06 .4146E-05 .1563E-06
.2990E+03 .5771E+00 .5324E-06 .9293E-05 .9475E-05 .1821E-06 .5324E-06 .6353E-05 .6886E-05 .5324E-06 .9293E-05 .3532E-06
.2995E+03 .5217E+00 .1372E-05 .1616E-04 .1663E-04 .4694E-06 .1372E-05 .1105E-04 .1242E-04 .1372E-05 .1616E-04 .6233E-06
.3000E+03 .4169E+00 .1811E-05 .1775E-04 .1836E-04 .6192E-06 .1811E-05 .1214E-04 .1395E-04 .1811E-05 .1775E-04 .6912E-06
.3005E+03 .4394E+00 .3249E-05 .2647E-04 .2758E-04 .1111E-05 .3249E-05 .1811E-04 .2136E-04 .3249E-05 .2647E-04 .1057E-05
.3010E+03 .4942E+00 .7888E-05 .5057E-04 .5327E-04 .2698E-05 .7888E-05 .3463E-04 .4251E-04 .7888E-05 .5057E-04 .2079E-05
.3015E+03 .5298E+00 .1574E-04 .8509E-04 .9047E-04 .5382E-05 .1574E-04 .5830E-04 .7403E-04 .1574E-04 .8509E-04 .3595E-05
.3020E+03 .3745E+00 .1496E-04 .7366E-04 .7877E-04 .5117E-05 .1496E-04 .5049E-04 .6545E-04 .1496E-04 .7366E-04 .3183E-05
.3025E+03 .5441E+00 .3714E-04 .1467E-03 .1594E-03 .1270E-04 .3714E-04 .1006E-03 .1377E-03 .3714E-04 .1467E-03 .6482E-05
.3030E+03 .6771E+00 .8888E-04 .2709E-03 .3013E-03 .3040E-04 .8888E-04 .1859E-03 .2748E-03 .8888E-04 .2709E-03 .1235E-04
.3035E+03 .6891E+00 .1307E-03 .3541E-03 .3988E-03 .4472E-04 .1307E-03 .2431E-03 .3738E-03 .1307E-03 .3541E-03 .1644E-04
.3040E+03 .5775E+00 .1312E-03 .3416E-03 .3864E-03 .4487E-04 .1312E-03 .2345E-03 .3657E-03 .1312E-03 .3416E-03 .1598E-04
.3045E+03 .6485E+00 .2274E-03 .5539E-03 .6317E-03 .7778E-04 .2274E-03 .3804E-03 .6078E-03 .2274E-03 .5539E-03 .2618E-04
.3050E+03 .6733E+00 .4143E-03 .9483E-03 .1090E-02 .1417E-03 .4143E-03 .6514E-03 .1066E-02 .4143E-03 .9483E-03 .4530E-04
.3055E+03 .6128E+00 .5278E-03 .1171E-02 .1351E-02 .1805E-03 .5278E-03 .8045E-03 .1332E-02 .5278E-03 .1171E-02 .5626E-04
.3060E+03 .5426E+00 .5349E-03 .1164E-02 .1347E-02 .1830E-03 .5349E-03 .7995E-03 .1334E-02 .5349E-03 .1164E-02 .5612E-04
.3065E+03 .5861E+00 .7135E-03 .1525E-02 .1769E-02 .2440E-03 .7135E-03 .1048E-02 .1761E-02 .7135E-03 .1525E-02 .7391E-04
.3070E+03 .6446E+00 .1200E-02 .2550E-02 .2961E-02 .4105E-03 .1200E-02 .1753E-02 .2953E-02 .1200E-02 .2550E-02 .1240E-03
.3075E+03 .6519E+00 .1774E-02 .3812E-02 .4419E-02 .6068E-03 .1774E-02 .2620E-02 .4394E-02 .1774E-02 .3812E-02 .1854E-03
.3080E+03 .6567E+00 .1919E-02 .4074E-02 .4731E-02 .6562E-03 .1919E-02 .2800E-02 .4719E-02 .1919E-02 .4074E-02 .1989E-03
.3085E+03 .6806E+00 .2391E-02 .5101E-02 .5918E-02 .8176E-03 .2391E-02 .3506E-02 .5896E-02 .2391E-02 .5101E-02 .2490E-03
.3090E+03 .5623E+00 .2284E-02 .5179E-02 .5960E-02 .7811E-03 .2284E-02 .3559E-02 .5842E-02 .2284E-02 .5179E-02 .2503E-03
.3095E+03 .5136E+00 .3090E-02 .6380E-02 .7437E-02 .1057E-02 .3090E-02 .4386E-02 .7476E-02 .3090E-02 .6380E-02 .3136E-03
.3100E+03 .4651E+00 .3354E-02 .6617E-02 .7764E-02 .1147E-02 .3354E-02 .4550E-02 .7904E-02 .3354E-02 .6617E-02 .3281E-03
.3105E+03 .7149E+00 .5662E-02 .1086E-01 .1279E-01 .1936E-02 .5662E-02 .7466E-02 .1313E-01 .5662E-02 .1086E-01 .5419E-03
.3110E+03 .8241E+00 .7562E-02 .1399E-01 .1657E-01 .2586E-02 .7562E-02 .9620E-02 .1718E-01 .7562E-02 .1399E-01 .7039E-03
.3115E+03 .7648E+00 .7537E-02 .1361E-01 .1619E-01 .2578E-02 .7537E-02 .9363E-02 .1690E-01 .7537E-02 .1361E-01 .6891E-03
.3120E+03 .6421E+00 .8395E-02 .1446E-01 .1733E-01 .2871E-02 .8395E-02 .9952E-02 .1835E-01 .8395E-02 .1446E-01 .7402E-03
.3125E+03 .6970E+00 .1094E-01 .1829E-01 .2203E-01 .3741E-02 .1094E-01 .1259E-01 .2353E-01 .1094E-01 .1829E-01 .9439E-03
.3130E+03 .7115E+00 .1233E-01 .2019E-01 .2441E-01 .4218E-02 .1233E-01 .1390E-01 .2623E-01 .1233E-01 .2019E-01 .1049E-02
.3135E+03 .7257E+00 .1178E-01 .1909E-01 .2312E-01 .4029E-02 .1178E-01 .1314E-01 .2492E-01 .1178E-01 .1909E-01 .9957E-03
.3140E+03 .7936E+00 .1587E-01 .2507E-01 .3050E-01 .5429E-02 .1587E-01 .1727E-01 .3314E-01 .1587E-01 .2507E-01 .1318E-02
.3145E+03 .5931E+00 .1531E-01 .2375E-01 .2899E-01 .5237E-02 .1531E-01 .1636E-01 .3167E-01 .1531E-01 .2375E-01 .1255E-02
.3150E+03 .7541E+00 .2056E-01 .3143E-01 .3846E-01 .7033E-02 .2056E-01 .2165E-01 .4221E-01 .2056E-01 .3143E-01 .1668E-02
.3155E+03 .6804E+00 .1682E-01 .2528E-01 .3103E-01 .5753E-02 .1682E-01 .1741E-01 .3424E-01 .1682E-01 .2528E-01 .1349E-02
.3160E+03 .5183E+00 .1571E-01 .2333E-01 .2871E-01 .5374E-02 .1571E-01 .1608E-01 .3179E-01 .1571E-01 .2333E-01 .1250E-02
.3165E+03 .6632E+00 .2376E-01 .3510E-01 .4323E-01 .8127E-02 .2376E-01 .2419E-01 .4795E-01 .2376E-01 .3510E-01 .1909E-02
.3170E+03 .8229E+00 .2972E-01 .4329E-01 .5346E-01 .1016E-01 .2972E-01 .2985E-01 .5957E-01 .2972E-01 .4329E-01 .2394E-02
.3175E+03 .8804E+00 .3091E-01 .4421E-01 .5478E-01 .1057E-01 .3091E-01 .3050E-01 .6141E-01 .3091E-01 .4421E-01 .2487E-02
.3180E+03 .6346E+00 .2505E-01 .3561E-01 .4418E-01 .8567E-02 .2505E-01 .2458E-01 .4963E-01 .2505E-01 .3561E-01 .2033E-02
.3185E+03 .6824E+00 .3284E-01 .4715E-01 .5838E-01 .1123E-01 .3284E-01 .3255E-01 .6539E-01 .3284E-01 .4715E-01 .2725E-02
.3190E+03 .7535E+00 .4010E-01 .5768E-01 .7140E-01 .1372E-01 .4010E-01 .3984E-01 .7994E-01 .4010E-01 .5768E-01 .3381E-02
.3195E+03 .6833E+00 .3203E-01 .4427E-01 .5522E-01 .1095E-01 .3203E-01 .3060E-01 .6262E-01 .3203E-01 .4427E-01 .2658E-02
.3200E+03 .8369E+00 .3891E-01 .5286E-01 .6617E-01 .1331E-01 .3891E-01 .3655E-01 .7547E-01 .3891E-01 .5286E-01 .3232E-02
.3205E+03 .9082E+00 .5116E-01 .7075E-01 .8825E-01 .1750E-01 .5116E-01 .4893E-01 .1001E+00 .5116E-01 .7075E-01 .4360E-02
.3210E+03 .7156E+00 .4720E-01 .6693E-01 .8307E-01 .1614E-01 .4720E-01 .4630E-01 .9350E-01 .4720E-01 .6693E-01 .4149E-02
.3215E+03 .6753E+00 .4581E-01 .6428E-01 .7995E-01 .1567E-01 .4581E-01 .4449E-01 .9030E-01 .4581E-01 .6428E-01 .4042E-02
.3220E+03 .8151E+00 .4799E-01 .6365E-01 .8007E-01 .1641E-01 .4799E-01 .4409E-01 .9208E-01 .4799E-01 .6365E-01 .4106E-02
.3225E+03 .7018E+00 .4230E-01 .5544E-01 .6991E-01 .1447E-01 .4230E-01 .3842E-01 .8072E-01 .4230E-01 .5544E-01 .3635E-02
.3230E+03 .6403E+00 .4340E-01 .5762E-01 .7246E-01 .1484E-01 .4340E-01 .3994E-01 .8334E-01 .4340E-01 .5762E-01 .3815E-02
.3235E+03 .6833E+00 .5516E-01 .7320E-01 .9206E-01 .1887E-01 .5516E-01 .5076E-01 .1059E+00 .5516E-01 .7320E-01 .4910E-02
.3240E+03 .7817E+00 .6529E-01 .8564E-01 .1080E+00 .2233E-01 .6529E-01 .5942E-01 .1247E+00 .6529E-01 .8564E-01 .5836E-02
.3245E+03 .8269E+00 .6602E-01 .8517E-01 .1077E+00 .2258E-01 .6602E-01 .5913E-01 .1251E+00 .6602E-01 .8517E-01 .5893E-02
.3250E+03 .7845E+00 .5687E-01 .7192E-01 .9136E-01 .1945E-01 .5687E-01 .4996E-01 .1068E+00 .5687E-01 .7192E-01 .5056E-02
.3255E+03 .9417E+00 .7472E-01 .9570E-01 .1213E+00 .2556E-01 .7472E-01 .6649E-01 .1412E+00 .7472E-01 .9570E-01 .6778E-02
.3260E+03 .1053E+01 .9394E-01 .1171E+00 .1493E+00 .3213E-01 .9394E-01 .8144E-01 .1754E+00 .9394E-01 .1171E+00 .8444E-02
.3265E+03 .9975E+00 .9612E-01 .1196E+00 .1525E+00 .3287E-01 .9612E-01 .8319E-01 .1793E+00 .9612E-01 .1196E+00 .8726E-02
.3270E+03 .1010E+01 .9634E-01 .1177E+00 .1506E+00 .3295E-01 .9634E-01 .8191E-01 .1783E+00 .9634E-01 .1177E+00 .8728E-02
.3275E+03 .9966E+00 .9344E-01 .1121E+00 .1441E+00 .3196E-01 .9344E-01 .7808E-01 .1715E+00 .9344E-01 .1121E+00 .8450E-02
.3280E+03 .9535E+00 .8212E-01 .9674E-01 .1248E+00 .2809E-01 .8212E-01 .6741E-01 .1495E+00 .8212E-01 .9674E-01 .7410E-02
.3285E+03 .9138E+00 .8960E-01 .1051E+00 .1358E+00 .3065E-01 .8960E-01 .7327E-01 .1629E+00 .8960E-01 .1051E+00 .8145E-02
.3290E+03 .1025E+01 .1095E+00 .1293E+00 .1667E+00 .3744E-01 .1095E+00 .9014E-01 .1996E+00 .1095E+00 .1293E+00 .1010E-01
.3295E+03 .1140E+01 .1255E+00 .1475E+00 .1904E+00 .4291E-01 .1255E+00 .1029E+00 .2284E+00 .1255E+00 .1475E+00 .1166E-01
.3300E+03 .1163E+01 .1276E+00 .1471E+00 .1908E+00 .4364E-01 .1276E+00 .1027E+00 .2303E+00 .1276E+00 .1471E+00 .1181E-01
.3305E+03 .9731E+00 .1023E+00 .1147E+00 .1496E+00 .3499E-01 .1023E+00 .8010E-01 .1824E+00 .1023E+00 .1147E+00 .9376E-02
.3310E+03 .1006E+01 .1048E+00 .1156E+00 .1514E+00 .3585E-01 .1048E+00 .8080E-01 .1856E+00 .1048E+00 .1156E+00 .9592E-02
.3315E+03 .9821E+00 .1085E+00 .1193E+00 .1564E+00 .3711E-01 .1085E+00 .8341E-01 .1919E+00 .1085E+00 .1193E+00 .1000E-01
.3320E+03 .1007E+01 .1191E+00 .1319E+00 .1726E+00 .4073E-01 .1191E+00 .9223E-01 .2113E+00 .1191E+00 .1319E+00 .1115E-01
.3325E+03 .9727E+00 .1189E+00 .1316E+00 .1723E+00 .4068E-01 .1189E+00 .9208E-01 .2110E+00 .1189E+00 .1316E+00 .1124E-01
.3330E+03 .9796E+00 .1196E+00 .1298E+00 .1707E+00 .4089E-01 .1196E+00 .9093E-01 .2105E+00 .1196E+00 .1298E+00 .1126E-01
.3335E+03 .9170E+00 .1087E+00 .1149E+00 .1521E+00 .3719E-01 .1087E+00 .8051E-01 .1892E+00 .1087E+00 .1149E+00 .1015E-01
.3340E+03 .9423E+00 .1124E+00 .1171E+00 .1555E+00 .3844E-01 .1124E+00 .8209E-01 .1945E+00 .1124E+00 .1171E+00 .1048E-01
.3345E+03 .1041E+01 .1314E+00 .1377E+00 .1827E+00 .4496E-01 .1314E+00 .9659E-01 .2280E+00 .1314E+00 .1377E+00 .1243E-01
.3350E+03 .9543E+00 .1247E+00 .1307E+00 .1733E+00 .4263E-01 .1247E+00 .9172E-01 .2164E+00 .1247E+00 .1307E+00 .1190E-01
.3355E+03 .1073E+01 .1433E+00 .1529E+00 .2020E+00 .4901E-01 .1433E+00 .1073E+00 .2506E+00 .1433E+00 .1529E+00 .1398E-01
.3360E+03 .7401E+00 .9998E-01 .1056E+00 .1398E+00 .3419E-01 .9998E-01 .7414E-01 .1741E+00 .9998E-01 .1056E+00 .9770E-02
.3365E+03 .9055E+00 .1211E+00 .1218E+00 .1632E+00 .4142E-01 .1211E+00 .8560E-01 .2067E+00 .1211E+00 .1218E+00 .1153E-01
.3370E+03 .7531E+00 .1001E+00 .9865E-01 .1329E+00 .3424E-01 .1001E+00 .6939E-01 .1695E+00 .1001E+00 .9865E-01 .9483E-02
.3375E+03 .9398E+00 .1255E+00 .1219E+00 .1649E+00 .4294E-01 .1255E+00 .8583E-01 .2114E+00 .1255E+00 .1219E+00 .1188E-01
.3380E+03 .8870E+00 .1238E+00 .1210E+00 .1633E+00 .4234E-01 .1238E+00 .8518E-01 .2090E+00 .1238E+00 .1210E+00 .1186E-01
.3385E+03 .9911E+00 .1413E+00 .1401E+00 .1884E+00 .4834E-01 .1413E+00 .9865E-01 .2400E+00 .1413E+00 .1401E+00 .1380E-01
.3390E+03 .9814E+00 .1421E+00 .1380E+00 .1866E+00 .4860E-01 .1421E+00 .9729E-01 .2394E+00 .1421E+00 .1380E+00 .1381E-01
.3395E+03 .9386E+00 .1373E+00 .1326E+00 .1795E+00 .4696E-01 .1373E+00 .9349E-01 .2308E+00 .1373E+00 .1326E+00 .1342E-01
.3400E+03 .1134E+01 .1651E+00 .1545E+00 .2110E+00 .5646E-01 .1651E+00 .1091E+00 .2742E+00 .1651E+00 .1545E+00 .1594E-01
.3405E+03 .1017E+01 .1500E+00 .1392E+00 .1905E+00 .5132E-01 .1500E+00 .9833E-01 .2484E+00 .1500E+00 .1392E+00 .1452E-01
.3410E+03 .9646E+00 .1459E+00 .1359E+00 .1858E+00 .4991E-01 .1459E+00 .9603E-01 .2420E+00 .1459E+00 .1359E+00 .1428E-01
.3415E+03 .8886E+00 .1366E+00 .1242E+00 .1710E+00 .4671E-01 .1366E+00 .8785E-01 .2244E+00 .1366E+00 .1242E+00 .1326E-01
.3420E+03 .1061E+01 .1649E+00 .1480E+00 .2044E+00 .5639E-01 .1649E+00 .1047E+00 .2696E+00 .1649E+00 .1480E+00 .1600E-01
.3425E+03 .9910E+00 .1560E+00 .1381E+00 .1915E+00 .5335E-01 .1560E+00 .9780E-01 .2538E+00 .1560E+00 .1381E+00 .1512E-01
.3430E+03 .1085E+01 .1720E+00 .1516E+00 .2104E+00 .5881E-01 .1720E+00 .1074E+00 .2794E+00 .1720E+00 .1516E+00 .1676E-01
.3435E+03 .1018E+01 .1623E+00 .1425E+00 .1981E+00 .5551E-01 .1623E+00 .1010E+00 .2633E+00 .1623E+00 .1425E+00 .1590E-01
.3440E+03 .7669E+00 .1214E+00 .1047E+00 .1463E+00 .4154E-01 .1214E+00 .7429E-01 .1957E+00 .1214E+00 .1047E+00 .1185E-01
.3445E+03 .7520E+00 .1217E+00 .1061E+00 .1477E+00 .4163E-01 .1217E+00 .7526E-01 .1970E+00 .1217E+00 .1061E+00 .1205E-01
.3450E+03 .9988E+00 .1649E+00 .1396E+00 .1960E+00 .5639E-01 .1649E+00 .9913E-01 .2640E+00 .1649E+00 .1396E+00 .1614E-01
.3455E+03 .1019E+01 .1705E+00 .1420E+00 .2003E+00 .5832E-01 .1705E+00 .1009E+00 .2715E+00 .1705E+00 .1420E+00 .1664E-01
.3460E+03 .8646E+00 .1464E+00 .1203E+00 .1704E+00 .5008E-01 .1464E+00 .8558E-01 .2320E+00 .1464E+00 .1203E+00 .1428E-01
.3465E+03 .9772E+00 .1673E+00 .1359E+00 .1931E+00 .5723E-01 .1673E+00 .9671E-01 .2640E+00 .1673E+00 .1359E+00 .1632E-01
.3470E+03 .1045E+01 .1801E+00 .1456E+00 .2072E+00 .6160E-01 .1801E+00 .1036E+00 .2838E+00 .1801E+00 .1456E+00 .1765E-01
.3475E+03 .8420E+00 .1464E+00 .1174E+00 .1675E+00 .5009E-01 .1464E+00 .8365E-01 .2301E+00 .1464E+00 .1174E+00 .1439E-01
.3480E+03 .9603E+00 .1691E+00 .1334E+00 .1912E+00 .5784E-01 .1691E+00 .9512E-01 .2642E+00 .1691E+00 .1334E+00 .1657E-01
.3485E+03 .9597E+00 .1706E+00 .1330E+00 .1913E+00 .5835E-01 .1706E+00 .9489E-01 .2655E+00 .1706E+00 .1330E+00 .1672E-01
.3490E+03 .8882E+00 .1596E+00 .1230E+00 .1776E+00 .5460E-01 .1596E+00 .8786E-01 .2475E+00 .1596E+00 .1230E+00 .1565E-01
.3495E+03 .8766E+00 .1592E+00 .1215E+00 .1759E+00 .5444E-01 .1592E+00 .8680E-01 .2460E+00 .1592E+00 .1215E+00 .1563E-01
.3500E+03 .1082E+01 .1984E+00 .1498E+00 .2177E+00 .6784E-01 .1984E+00 .1071E+00 .3055E+00 .1984E+00 .1498E+00 .1950E-01
.3505E+03 .1139E+01 .2106E+00 .1576E+00 .2296E+00 .7202E-01 .2106E+00 .1127E+00 .3233E+00 .2106E+00 .1576E+00 .2072E-01
.3510E+03 .1015E+01 .1889E+00 .1403E+00 .2049E+00 .6460E-01 .1889E+00 .1005E+00 .2894E+00 .1889E+00 .1403E+00 .1863E-01
.3515E+03 .9814E+00 .1836E+00 .1362E+00 .1989E+00 .6278E-01 .1836E+00 .9754E-01 .2811E+00 .1836E+00 .1362E+00 .1821E-01
.3520E+03 .1054E+01 .1995E+00 .1458E+00 .2140E+00 .6824E-01 .1995E+00 .1045E+00 .3040E+00 .1995E+00 .1458E+00 .1974E-01
.3525E+03 .8215E+00 .1572E+00 .1134E+00 .1672E+00 .5376E-01 .1572E+00 .8136E-01 .2385E+00 .1572E+00 .1134E+00 .1554E-01
.3530E+03 .1033E+01 .1996E+00 .1424E+00 .2107E+00 .6828E-01 .1996E+00 .1023E+00 .3019E+00 .1996E+00 .1424E+00 .1974E-01
.3535E+03 .1103E+01 .2147E+00 .1518E+00 .2252E+00 .7345E-01 .2147E+00 .1090E+00 .3238E+00 .2147E+00 .1518E+00 .2127E-01
.3540E+03 .1144E+01 .2241E+00 .1570E+00 .2337E+00 .7665E-01 .2241E+00 .1129E+00 .3370E+00 .2241E+00 .1570E+00 .2224E-01
.3545E+03 .1159E+01 .2289E+00 .1589E+00 .2372E+00 .7828E-01 .2289E+00 .1143E+00 .3432E+00 .2289E+00 .1589E+00 .2274E-01
.3550E+03 .1153E+01 .2297E+00 .1580E+00 .2366E+00 .7855E-01 .2297E+00 .1138E+00 .3434E+00 .2297E+00 .1580E+00 .2284E-01
.3555E+03 .1039E+01 .2092E+00 .1425E+00 .2141E+00 .7156E-01 .2092E+00 .1027E+00 .3119E+00 .2092E+00 .1425E+00 .2082E-01
.3560E+03 .1085E+01 .2207E+00 .1488E+00 .2243E+00 .7547E-01 .2207E+00 .1073E+00 .3280E+00 .2207E+00 .1488E+00 .2197E-01
.3565E+03 .9252E+00 .1896E+00 .1267E+00 .1916E+00 .6485E-01 .1896E+00 .9145E-01 .2811E+00 .1896E+00 .1267E+00 .1891E-01
.3570E+03 .7640E+00 .1576E+00 .1045E+00 .1584E+00 .5390E-01 .1576E+00 .7543E-01 .2330E+00 .1576E+00 .1045E+00 .1574E-01
.3575E+03 .9344E+00 .1941E+00 .1276E+00 .1940E+00 .6640E-01 .1941E+00 .9219E-01 .2863E+00 .1941E+00 .1276E+00 .1941E-01
.3580E+03 .7396E+00 .1549E+00 .1009E+00 .1538E+00 .5297E-01 .1549E+00 .7294E-01 .2278E+00 .1549E+00 .1009E+00 .1551E-01
.3585E+03 .6313E+00 .1332E+00 .8600E-01 .1316E+00 .4555E-01 .1332E+00 .6224E-01 .1954E+00 .1332E+00 .8600E-01 .1335E-01
.3590E+03 .8821E+00 .1874E+00 .1200E+00 .1841E+00 .6410E-01 .1874E+00 .8690E-01 .2743E+00 .1874E+00 .1200E+00 .1881E-01
.3595E+03 .1123E+01 .2400E+00 .1525E+00 .2346E+00 .8208E-01 .2400E+00 .1105E+00 .3505E+00 .2400E+00 .1525E+00 .2414E-01
.3600E+03 .1189E+01 .2560E+00 .1613E+00 .2489E+00 .8757E-01 .2560E+00 .1170E+00 .3730E+00 .2560E+00 .1613E+00 .2578E-01
.3605E+03 .9490E+00 .2059E+00 .1286E+00 .1990E+00 .7043E-01 .2059E+00 .9332E-01 .2992E+00 .2059E+00 .1286E+00 .2076E-01
.3610E+03 .8633E+00 .1889E+00 .1169E+00 .1815E+00 .6461E-01 .1889E+00 .8491E-01 .2738E+00 .1889E+00 .1169E+00 .1907E-01
.3615E+03 .9904E+00 .2189E+00 .1342E+00 .2091E+00 .7488E-01 .2189E+00 .9755E-01 .3165E+00 .2189E+00 .1342E+00 .2212E-01
.3620E+03 .8532E+00 .1905E+00 .1157E+00 .1808E+00 .6517E-01 .1905E+00 .8416E-01 .2747E+00 .1905E+00 .1157E+00 .1927E-01
.3625E+03 .1177E+01 .2653E+00 .1596E+00 .2503E+00 .9074E-01 .2653E+00 .1162E+00 .3815E+00 .2653E+00 .1596E+00 .2685E-01
.3630E+03 .1054E+01 .2397E+00 .1429E+00 .2249E+00 .8199E-01 .2397E+00 .1041E+00 .3438E+00 .2397E+00 .1429E+00 .2429E-01
.3635E+03 .9678E+00 .2221E+00 .1312E+00 .2072E+00 .7596E-01 .2221E+00 .9569E-01 .3178E+00 .2221E+00 .1312E+00 .2252E-01
.3640E+03 .1181E+01 .2732E+00 .1600E+00 .2534E+00 .9343E-01 .2732E+00 .1168E+00 .3899E+00 .2732E+00 .1600E+00 .2773E-01
.3645E+03 .1008E+01 .2347E+00 .1364E+00 .2167E+00 .8028E-01 .2347E+00 .9961E-01 .3343E+00 .2347E+00 .1364E+00 .2386E-01
.3650E+03 .1025E+01 .2403E+00 .1385E+00 .2207E+00 .8219E-01 .2403E+00 .1012E+00 .3416E+00 .2403E+00 .1385E+00 .2446E-01
.3655E+03 .1284E+01 .3033E+00 .1733E+00 .2771E+00 .1037E+00 .3033E+00 .1268E+00 .4301E+00 .3033E+00 .1733E+00 .3091E-01
.3660E+03 .1357E+01 .3233E+00 .1832E+00 .2937E+00 .1106E+00 .3233E+00 .1341E+00 .4574E+00 .3233E+00 .1832E+00 .3298E-01
.3665E+03 .1272E+01 .3054E+00 .1716E+00 .2760E+00 .1045E+00 .3054E+00 .1257E+00 .4311E+00 .3054E+00 .1716E+00 .3120E-01
.3670E+03 .1237E+01 .2989E+00 .1666E+00 .2688E+00 .1022E+00 .2989E+00 .1222E+00 .4210E+00 .2989E+00 .1666E+00 .3058E-01
.3675E+03 .1282E+01 .3115E+00 .1724E+00 .2789E+00 .1065E+00 .3115E+00 .1265E+00 .4380E+00 .3115E+00 .1724E+00 .3194E-01
.3680E+03 .1120E+01 .2738E+00 .1503E+00 .2440E+00 .9366E-01 .2738E+00 .1104E+00 .3843E+00 .2738E+00 .1503E+00 .2812E-01
.3685E+03 .1128E+01 .2780E+00 .1513E+00 .2464E+00 .9507E-01 .2780E+00 .1113E+00 .3892E+00 .2780E+00 .1513E+00 .2858E-01
.3690E+03 .1216E+01 .3020E+00 .1631E+00 .2663E+00 .1033E+00 .3020E+00 .1200E+00 .4219E+00 .3020E+00 .1631E+00 .3108E-01
.3695E+03 .1294E+01 .3238E+00 .1734E+00 .2842E+00 .1108E+00 .3238E+00 .1277E+00 .4515E+00 .3238E+00 .1734E+00 .3337E-01
.3700E+03 .1377E+01 .3473E+00 .1845E+00 .3033E+00 .1188E+00 .3473E+00 .1360E+00 .4833E+00 .3473E+00 .1845E+00 .3583E-01
.3705E+03 .1067E+01 .2711E+00 .1428E+00 .2356E+00 .9273E-01 .2711E+00 .1053E+00 .3765E+00 .2711E+00 .1428E+00 .2800E-01
.3710E+03 .1138E+01 .2913E+00 .1522E+00 .2519E+00 .9963E-01 .2913E+00 .1124E+00 .4037E+00 .2913E+00 .1522E+00 .3012E-01
.3715E+03 .1422E+01 .3662E+00 .1900E+00 .3152E+00 .1253E+00 .3662E+00 .1403E+00 .5066E+00 .3662E+00 .1900E+00 .3792E-01
.3720E+03 .9428E+00 .2442E+00 .1257E+00 .2093E+00 .8354E-01 .2442E+00 .9298E-01 .3372E+00 .2442E+00 .1257E+00 .2533E-01
.3725E+03 .1129E+01 .2944E+00 .1504E+00 .2511E+00 .1007E+00 .2944E+00 .1113E+00 .4057E+00 .2944E+00 .1504E+00 .3057E-01
.3730E+03 .1146E+01 .3011E+00 .1526E+00 .2556E+00 .1030E+00 .3011E+00 .1130E+00 .4141E+00 .3011E+00 .1526E+00 .3131E-01
.3735E+03 .7441E+00 .1969E+00 .9902E-01 .1664E+00 .6735E-01 .1969E+00 .7341E-01 .2703E+00 .1969E+00 .9902E-01 .2051E-01
.3740E+03 .1080E+01 .2875E+00 .1435E+00 .2418E+00 .9835E-01 .2875E+00 .1065E+00 .3940E+00 .2875E+00 .1435E+00 .2999E-01
.3745E+03 .8925E+00 .2394E+00 .1185E+00 .2004E+00 .8187E-01 .2394E+00 .8803E-01 .3274E+00 .2394E+00 .1185E+00 .2500E-01
.3750E+03 .8666E+00 .2338E+00 .1149E+00 .1949E+00 .7997E-01 .2338E+00 .8543E-01 .3192E+00 .2338E+00 .1149E+00 .2445E-01
.3755E+03 .1293E+01 .3507E+00 .1711E+00 .2911E+00 .1199E+00 .3507E+00 .1273E+00 .4780E+00 .3507E+00 .1711E+00 .3673E-01
.3760E+03 .1071E+01 .2920E+00 .1415E+00 .2414E+00 .9988E-01 .2920E+00 .1054E+00 .3974E+00 .2920E+00 .1415E+00 .3064E-01
.3765E+03 .1109E+01 .3040E+00 .1463E+00 .2502E+00 .1040E+00 .3040E+00 .1090E+00 .4130E+00 .3040E+00 .1463E+00 .3194E-01
.3770E+03 .1172E+01 .3236E+00 .1545E+00 .2651E+00 .1107E+00 .3236E+00 .1152E+00 .4388E+00 .3236E+00 .1545E+00 .3403E-01
.3775E+03 .1369E+01 .3804E+00 .1803E+00 .3104E+00 .1301E+00 .3804E+00 .1346E+00 .5150E+00 .3804E+00 .1803E+00 .4007E-01
.3780E+03 .1483E+01 .4143E+00 .1950E+00 .3367E+00 .1417E+00 .4143E+00 .1457E+00 .5600E+00 .4143E+00 .1950E+00 .4370E-01
.3785E+03 .1401E+01 .3934E+00 .1838E+00 .3183E+00 .1346E+00 .3934E+00 .1374E+00 .5308E+00 .3934E+00 .1838E+00 .4138E-01
.3790E+03 .1156E+01 .3261E+00 .1513E+00 .2628E+00 .1115E+00 .3261E+00 .1131E+00 .4393E+00 .3261E+00 .1513E+00 .3420E-01
.3795E+03 .1056E+01 .2992E+00 .1378E+00 .2401E+00 .1023E+00 .2992E+00 .1031E+00 .4023E+00 .2992E+00 .1378E+00 .3128E-01
.3800E+03 .1097E+01 .3124E+00 .1429E+00 .2497E+00 .1069E+00 .3124E+00 .1069E+00 .4194E+00 .3124E+00 .1429E+00 .3258E-01
.3805E+03 .1326E+01 .3803E+00 .1726E+00 .3026E+00 .1301E+00 .3803E+00 .1292E+00 .5095E+00 .3803E+00 .1726E+00 .3952E-01
.3810E+03 .1326E+01 .3829E+00 .1724E+00 .3034E+00 .1310E+00 .3829E+00 .1292E+00 .5121E+00 .3829E+00 .1724E+00 .3965E-01
.3815E+03 .1049E+01 .3050E+00 .1362E+00 .2406E+00 .1043E+00 .3050E+00 .1021E+00 .4071E+00 .3050E+00 .1362E+00 .3147E-01
.3820E+03 .9294E+00 .2721E+00 .1206E+00 .2137E+00 .9307E-01 .2721E+00 .9044E-01 .3626E+00 .2721E+00 .1206E+00 .2798E-01
.3825E+03 .7904E+00 .2331E+00 .1025E+00 .1822E+00 .7972E-01 .2331E+00 .7689E-01 .3100E+00 .2331E+00 .1025E+00 .2388E-01
.3830E+03 .7305E+00 .2168E+00 .9462E-01 .1688E+00 .7414E-01 .2168E+00 .7100E-01 .2878E+00 .2168E+00 .9462E-01 .2213E-01
.3835E+03 .7025E+00 .2097E+00 .9087E-01 .1626E+00 .7171E-01 .2097E+00 .6825E-01 .2779E+00 .2097E+00 .9087E-01 .2142E-01
.3840E+03 .7739E+00 .2322E+00 .9996E-01 .1794E+00 .7943E-01 .2322E+00 .7513E-01 .3074E+00 .2322E+00 .9996E-01 .2374E-01
.3845E+03 .1137E+01 .3431E+00 .1466E+00 .2640E+00 .1173E+00 .3431E+00 .1103E+00 .4534E+00 .3431E+00 .1466E+00 .3510E-01
.3850E+03 .1126E+01 .3418E+00 .1450E+00 .2619E+00 .1169E+00 .3418E+00 .1092E+00 .4510E+00 .3418E+00 .1450E+00 .3499E-01
.3855E+03 .1047E+01 .3198E+00 .1347E+00 .2441E+00 .1094E+00 .3198E+00 .1015E+00 .4213E+00 .3198E+00 .1347E+00 .3275E-01
.3860E+03 .8952E+00 .2752E+00 .1151E+00 .2092E+00 .9412E-01 .2752E+00 .8679E-01 .3620E+00 .2752E+00 .1151E+00 .2815E-01
.3865E+03 .1174E+01 .3632E+00 .1508E+00 .2750E+00 .1242E+00 .3632E+00 .1138E+00 .4770E+00 .3632E+00 .1508E+00 .3710E-01
.3870E+03 .9746E+00 .3031E+00 .1250E+00 .2286E+00 .1037E+00 .3031E+00 .9436E-01 .3974E+00 .3031E+00 .1250E+00 .3092E-01
.3875E+03 .1094E+01 .3418E+00 .1400E+00 .2569E+00 .1169E+00 .3418E+00 .1058E+00 .4476E+00 .3418E+00 .1400E+00 .3484E-01
.3880E+03 .1009E+01 .3170E+00 .1289E+00 .2373E+00 .1084E+00 .3170E+00 .9746E-01 .4144E+00 .3170E+00 .1289E+00 .3226E-01
.3885E+03 .9956E+00 .3147E+00 .1271E+00 .2348E+00 .1076E+00 .3147E+00 .9615E-01 .4109E+00 .3147E+00 .1271E+00 .3200E-01
.3890E+03 .1074E+01 .3411E+00 .1368E+00 .2535E+00 .1167E+00 .3411E+00 .1036E+00 .4447E+00 .3411E+00 .1368E+00 .3465E-01
.3895E+03 .1299E+01 .4149E+00 .1653E+00 .3072E+00 .1419E+00 .4149E+00 .1252E+00 .5401E+00 .4149E+00 .1653E+00 .4210E-01
.3900E+03 .1302E+01 .4182E+00 .1654E+00 .3085E+00 .1430E+00 .4182E+00 .1254E+00 .5436E+00 .4182E+00 .1654E+00 .4238E-01
.3905E+03 .1197E+01 .3864E+00 .1519E+00 .2840E+00 .1322E+00 .3864E+00 .1152E+00 .5016E+00 .3864E+00 .1519E+00 .3912E-01
.3910E+03 .1407E+01 .4568E+00 .1783E+00 .3345E+00 .1562E+00 .4568E+00 .1353E+00 .5920E+00 .4568E+00 .1783E+00 .4618E-01
.3915E+03 .1434E+01 .4677E+00 .1813E+00 .3413E+00 .1600E+00 .4677E+00 .1377E+00 .6054E+00 .4677E+00 .1813E+00 .4722E-01
.3920E+03 .1207E+01 .3954E+00 .1523E+00 .2876E+00 .1352E+00 .3954E+00 .1157E+00 .5112E+00 .3954E+00 .1523E+00 .3987E-01
.3925E+03 .1079E+01 .3555E+00 .1360E+00 .2576E+00 .1216E+00 .3555E+00 .1034E+00 .4589E+00 .3555E+00 .1360E+00 .3580E-01
.3930E+03 .5993E+00 .1987E+00 .7547E-01 .1434E+00 .6795E-01 .1987E+00 .5742E-01 .2561E+00 .1987E+00 .7547E-01 .1999E-01
.3935E+03 .4350E+00 .1450E+00 .5472E-01 .1043E+00 .4959E-01 .1450E+00 .4167E-01 .1867E+00 .1450E+00 .5472E-01 .1460E-01
.3940E+03 .8843E+00 .2962E+00 .1111E+00 .2123E+00 .1013E+00 .2962E+00 .8465E-01 .3808E+00 .2962E+00 .1111E+00 .2987E-01
.3945E+03 .1123E+01 .3780E+00 .1408E+00 .2701E+00 .1293E+00 .3780E+00 .1074E+00 .4855E+00 .3780E+00 .1408E+00 .3817E-01
.3950E+03 .1369E+01 .4629E+00 .1714E+00 .3297E+00 .1583E+00 .4629E+00 .1309E+00 .5937E+00 .4629E+00 .1714E+00 .4679E-01
.3955E+03 .1390E+01 .4718E+00 .1736E+00 .3350E+00 .1614E+00 .4718E+00 .1327E+00 .6045E+00 .4718E+00 .1736E+00 .4773E-01
.3960E+03 .1204E+01 .4106E+00 .1501E+00 .2906E+00 .1404E+00 .4106E+00 .1148E+00 .5254E+00 .4106E+00 .1501E+00 .4150E-01
.3965E+03 .7024E+00 .2411E+00 .8753E-01 .1700E+00 .8246E-01 .2411E+00 .6699E-01 .3081E+00 .2411E+00 .8753E-01 .2434E-01
.3970E+03 .5264E+00 .1816E+00 .6551E-01 .1276E+00 .6212E-01 .1816E+00 .5017E-01 .2318E+00 .1816E+00 .6551E-01 .1832E-01
.3975E+03 .1070E+01 .3707E+00 .1329E+00 .2597E+00 .1268E+00 .3707E+00 .1018E+00 .4726E+00 .3707E+00 .1329E+00 .3737E-01
.3980E+03 .1498E+01 .5208E+00 .1856E+00 .3637E+00 .1781E+00 .5208E+00 .1423E+00 .6631E+00 .5208E+00 .1856E+00 .5251E-01
.3985E+03 .1547E+01 .5401E+00 .1913E+00 .3760E+00 .1847E+00 .5401E+00 .1469E+00 .6870E+00 .5401E+00 .1913E+00 .5453E-01
.3990E+03 .1671E+01 .5874E+00 .2066E+00 .4075E+00 .2009E+00 .5874E+00 .1588E+00 .7462E+00 .5874E+00 .2066E+00 .5935E-01
.3995E+03 .1664E+01 .5875E+00 .2054E+00 .4064E+00 .2010E+00 .5875E+00 .1580E+00 .7455E+00 .5875E+00 .2054E+00 .5942E-01
.4000E+03 .1728E+01 .6119E+00 .2127E+00 .4220E+00 .2093E+00 .6119E+00 .1638E+00 .7756E+00 .6119E+00 .2127E+00 .6197E-01
.4010E+03 .1770E+01 .6329E+00 .2148E+00 .4312E+00 .2165E+00 .6329E+00 .1657E+00 .7986E+00 .6329E+00 .2148E+00 .6372E-01
.4020E+03 .1862E+01 .6726E+00 .2254E+00 .4555E+00 .2301E+00 .6726E+00 .1742E+00 .8468E+00 .6726E+00 .2254E+00 .6760E-01
.4030E+03 .1764E+01 .6435E+00 .2130E+00 .4331E+00 .2201E+00 .6435E+00 .1648E+00 .8084E+00 .6435E+00 .2130E+00 .6465E-01
.4040E+03 .1734E+01 .6376E+00 .2087E+00 .4268E+00 .2181E+00 .6376E+00 .1618E+00 .7994E+00 .6376E+00 .2087E+00 .6423E-01
.4050E+03 .1731E+01 .6414E+00 .2076E+00 .4270E+00 .2194E+00 .6414E+00 .1612E+00 .8027E+00 .6414E+00 .2076E+00 .6479E-01
.4060E+03 .1698E+01 .6355E+00 .2031E+00 .4205E+00 .2173E+00 .6355E+00 .1580E+00 .7935E+00 .6355E+00 .2031E+00 .6414E-01
.4070E+03 .1666E+01 .6296E+00 .1988E+00 .4141E+00 .2153E+00 .6296E+00 .1549E+00 .7845E+00 .6296E+00 .1988E+00 .6347E-01
.4080E+03 .1730E+01 .6577E+00 .2054E+00 .4304E+00 .2250E+00 .6577E+00 .1604E+00 .8181E+00 .6577E+00 .2054E+00 .6644E-01
.4090E+03 .1848E+01 .7083E+00 .2188E+00 .4611E+00 .2423E+00 .7083E+00 .1712E+00 .8795E+00 .7083E+00 .2188E+00 .7200E-01
.4100E+03 .1611E+01 .6226E+00 .1902E+00 .4032E+00 .2129E+00 .6226E+00 .1492E+00 .7718E+00 .6226E+00 .1902E+00 .6371E-01
.4110E+03 .1741E+01 .6785E+00 .2050E+00 .4371E+00 .2321E+00 .6785E+00 .1611E+00 .8397E+00 .6785E+00 .2050E+00 .6961E-01
.4120E+03 .1864E+01 .7333E+00 .2190E+00 .4699E+00 .2508E+00 .7333E+00 .1725E+00 .9059E+00 .7333E+00 .2190E+00 .7544E-01
.4130E+03 .1817E+01 .7187E+00 .2126E+00 .4584E+00 .2458E+00 .7187E+00 .1678E+00 .8865E+00 .7187E+00 .2126E+00 .7418E-01
.4140E+03 .1835E+01 .7322E+00 .2141E+00 .4645E+00 .2504E+00 .7322E+00 .1694E+00 .9015E+00 .7322E+00 .2141E+00 .7575E-01
.4150E+03 .1835E+01 .7383E+00 .2135E+00 .4660E+00 .2525E+00 .7383E+00 .1692E+00 .9075E+00 .7383E+00 .2135E+00 .7656E-01
.4160E+03 .1862E+01 .7560E+00 .2161E+00 .4747E+00 .2586E+00 .7560E+00 .1715E+00 .9275E+00 .7560E+00 .2161E+00 .7833E-01
.4170E+03 .1814E+01 .7414E+00 .2096E+00 .4632E+00 .2536E+00 .7414E+00 .1667E+00 .9081E+00 .7414E+00 .2096E+00 .7678E-01
.4180E+03 .1778E+01 .7318E+00 .2047E+00 .4550E+00 .2503E+00 .7318E+00 .1630E+00 .8948E+00 .7318E+00 .2047E+00 .7576E-01
.4190E+03 .1798E+01 .7454E+00 .2063E+00 .4613E+00 .2549E+00 .7454E+00 .1646E+00 .9100E+00 .7454E+00 .2063E+00 .7716E-01
.4200E+03 .1788E+01 .7460E+00 .2044E+00 .4595E+00 .2551E+00 .7460E+00 .1633E+00 .9093E+00 .7460E+00 .2044E+00 .7720E-01
.4210E+03 .1867E+01 .7847E+00 .2127E+00 .4811E+00 .2684E+00 .7847E+00 .1702E+00 .9549E+00 .7847E+00 .2127E+00 .8116E-01
.4220E+03 .1772E+01 .7498E+00 .2010E+00 .4575E+00 .2564E+00 .7498E+00 .1611E+00 .9109E+00 .7498E+00 .2010E+00 .7749E-01
.4230E+03 .1728E+01 .7363E+00 .1952E+00 .4471E+00 .2518E+00 .7363E+00 .1567E+00 .8930E+00 .7363E+00 .1952E+00 .7603E-01
.4240E+03 .1826E+01 .7827E+00 .2054E+00 .4730E+00 .2677E+00 .7827E+00 .1651E+00 .9478E+00 .7827E+00 .2054E+00 .8077E-01
.4250E+03 .1819E+01 .7856E+00 .2039E+00 .4726E+00 .2687E+00 .7856E+00 .1642E+00 .9499E+00 .7856E+00 .2039E+00 .8105E-01
.4260E+03 .1766E+01 .7694E+00 .1975E+00 .4607E+00 .2632E+00 .7694E+00 .1595E+00 .9289E+00 .7694E+00 .1975E+00 .7959E-01
.4270E+03 .1731E+01 .7584E+00 .1929E+00 .4523E+00 .2594E+00 .7584E+00 .1561E+00 .9145E+00 .7584E+00 .1929E+00 .7871E-01
.4280E+03 .1685E+01 .7421E+00 .1871E+00 .4409E+00 .2538E+00 .7421E+00 .1517E+00 .8937E+00 .7421E+00 .1871E+00 .7728E-01
.4290E+03 .1591E+01 .7068E+00 .1763E+00 .4181E+00 .2417E+00 .7068E+00 .1433E+00 .8501E+00 .7068E+00 .1763E+00 .7383E-01
.4300E+03 .1390E+01 .6214E+00 .1535E+00 .3660E+00 .2125E+00 .6214E+00 .1250E+00 .7464E+00 .6214E+00 .1535E+00 .6506E-01
.4310E+03 .1378E+01 .6185E+00 .1514E+00 .3629E+00 .2115E+00 .6185E+00 .1235E+00 .7420E+00 .6185E+00 .1514E+00 .6472E-01
.4320E+03 .1774E+01 .8029E+00 .1943E+00 .4689E+00 .2746E+00 .8029E+00 .1588E+00 .9617E+00 .8029E+00 .1943E+00 .8392E-01
.4330E+03 .1781E+01 .8110E+00 .1943E+00 .4717E+00 .2774E+00 .8110E+00 .1591E+00 .9701E+00 .8110E+00 .1943E+00 .8475E-01
.4340E+03 .1653E+01 .7562E+00 .1795E+00 .4382E+00 .2586E+00 .7562E+00 .1472E+00 .9034E+00 .7562E+00 .1795E+00 .7904E-01
.4350E+03 .1726E+01 .7928E+00 .1866E+00 .4578E+00 .2712E+00 .7928E+00 .1533E+00 .9461E+00 .7928E+00 .1866E+00 .8306E-01
.4360E+03 .1939E+01 .8978E+00 .2093E+00 .5163E+00 .3071E+00 .8978E+00 .1724E+00 .1070E+01 .8978E+00 .2093E+00 .9464E-01
.4370E+03 .1907E+01 .8899E+00 .2054E+00 .5097E+00 .3044E+00 .8899E+00 .1697E+00 .1060E+01 .8899E+00 .2054E+00 .9438E-01
.4380E+03 .1733E+01 .8139E+00 .1860E+00 .4644E+00 .2784E+00 .8139E+00 .1542E+00 .9681E+00 .8139E+00 .1860E+00 .8685E-01
.4390E+03 .1796E+01 .8440E+00 .1913E+00 .4800E+00 .2887E+00 .8440E+00 .1590E+00 .1003E+01 .8440E+00 .1913E+00 .9065E-01
.4400E+03 .1849E+01 .8749E+00 .1963E+00 .4955E+00 .2992E+00 .8749E+00 .1636E+00 .1039E+01 .8749E+00 .1963E+00 .9428E-01
.4410E+03 .1911E+01 .9113E+00 .2022E+00 .5139E+00 .3117E+00 .9113E+00 .1689E+00 .1080E+01 .9113E+00 .2022E+00 .9815E-01
.4420E+03 .2047E+01 .9815E+00 .2157E+00 .5513E+00 .3357E+00 .9815E+00 .1805E+00 .1162E+01 .9815E+00 .2157E+00 .1057E+00
.4430E+03 .1996E+01 .9598E+00 .2092E+00 .5374E+00 .3283E+00 .9598E+00 .1754E+00 .1135E+01 .9598E+00 .2092E+00 .1037E+00
.4440E+03 .2035E+01 .9841E+00 .2126E+00 .5492E+00 .3366E+00 .9841E+00 .1787E+00 .1163E+01 .9841E+00 .2126E+00 .1066E+00
.4450E+03 .1992E+01 .9659E+00 .2072E+00 .5375E+00 .3304E+00 .9659E+00 .1745E+00 .1140E+01 .9659E+00 .2072E+00 .1049E+00
.4460E+03 .1895E+01 .9262E+00 .1968E+00 .5136E+00 .3168E+00 .9262E+00 .1661E+00 .1092E+01 .9262E+00 .1968E+00 .1006E+00
.4470E+03 .2043E+01 .1005E+01 .2117E+00 .5555E+00 .3438E+00 .1005E+01 .1790E+00 .1184E+01 .1005E+01 .2117E+00 .1092E+00
.4480E+03 .2078E+01 .1024E+01 .2138E+00 .5639E+00 .3501E+00 .1024E+01 .1811E+00 .1205E+01 .1024E+01 .2138E+00 .1113E+00
.4490E+03 .2078E+01 .1033E+01 .2133E+00 .5665E+00 .3532E+00 .1033E+01 .1811E+00 .1214E+01 .1033E+01 .2133E+00 .1122E+00
.4500E+03 .2132E+01 .1066E+01 .2180E+00 .5826E+00 .3646E+00 .1066E+01 .1854E+00 .1251E+01 .1066E+01 .2180E+00 .1158E+00
.4510E+03 .2209E+01 .1109E+01 .2249E+00 .6044E+00 .3795E+00 .1109E+01 .1917E+00 .1301E+01 .1109E+01 .2249E+00 .1205E+00
.4520E+03 .2126E+01 .1073E+01 .2157E+00 .5825E+00 .3669E+00 .1073E+01 .1841E+00 .1257E+01 .1073E+01 .2157E+00 .1166E+00
.4530E+03 .1997E+01 .1012E+01 .2019E+00 .5482E+00 .3463E+00 .1012E+01 .1728E+00 .1185E+01 .1012E+01 .2019E+00 .1104E+00
.4540E+03 .2080E+01 .1061E+01 .2097E+00 .5726E+00 .3629E+00 .1061E+01 .1800E+00 .1241E+01 .1061E+01 .2097E+00 .1161E+00
.4550E+03 .2092E+01 .1071E+01 .2098E+00 .5761E+00 .3663E+00 .1071E+01 .1804E+00 .1251E+01 .1071E+01 .2098E+00 .1173E+00
.4560E+03 .2139E+01 .1100E+01 .2136E+00 .5899E+00 .3763E+00 .1100E+01 .1841E+00 .1284E+01 .1100E+01 .2136E+00 .1206E+00
.4570E+03 .2173E+01 .1122E+01 .2156E+00 .5995E+00 .3839E+00 .1122E+01 .1863E+00 .1309E+01 .1122E+01 .2156E+00 .1230E+00
.4580E+03 .2101E+01 .1087E+01 .2070E+00 .5788E+00 .3718E+00 .1087E+01 .1793E+00 .1266E+01 .1087E+01 .2070E+00 .1195E+00
.4590E+03 .2087E+01 .1085E+01 .2046E+00 .5757E+00 .3711E+00 .1085E+01 .1777E+00 .1263E+01 .1085E+01 .2046E+00 .1196E+00
.4600E+03 .2093E+01 .1091E+01 .2038E+00 .5770E+00 .3732E+00 .1091E+01 .1775E+00 .1269E+01 .1091E+01 .2038E+00 .1207E+00
.4610E+03 .2139E+01 .1120E+01 .2073E+00 .5904E+00 .3830E+00 .1120E+01 .1811E+00 .1301E+01 .1120E+01 .2073E+00 .1242E+00
.4620E+03 .2151E+01 .1133E+01 .2079E+00 .5953E+00 .3874E+00 .1133E+01 .1821E+00 .1315E+01 .1133E+01 .2079E+00 .1261E+00
.4630E+03 .2137E+01 .1127E+01 .2057E+00 .5913E+00 .3856E+00 .1127E+01 .1807E+00 .1308E+01 .1127E+01 .2057E+00 .1263E+00
.4640E+03 .2096E+01 .1112E+01 .2015E+00 .5820E+00 .3805E+00 .1112E+01 .1776E+00 .1290E+01 .1112E+01 .2015E+00 .1254E+00
.4650E+03 .2064E+01 .1103E+01 .1982E+00 .5753E+00 .3771E+00 .1103E+01 .1750E+00 .1278E+01 .1103E+01 .1982E+00 .1245E+00
.4660E+03 .2080E+01 .1117E+01 .1991E+00 .5812E+00 .3821E+00 .1117E+01 .1763E+00 .1293E+01 .1117E+01 .1991E+00 .1262E+00
.4670E+03 .2044E+01 .1099E+01 .1944E+00 .5703E+00 .3759E+00 .1099E+01 .1724E+00 .1271E+01 .1099E+01 .1944E+00 .1242E+00
.4680E+03 .2067E+01 .1116E+01 .1955E+00 .5771E+00 .3816E+00 .1116E+01 .1736E+00 .1289E+01 .1116E+01 .1955E+00 .1257E+00
.4690E+03 .2077E+01 .1125E+01 .1953E+00 .5801E+00 .3848E+00 .1125E+01 .1738E+00 .1299E+01 .1125E+01 .1953E+00 .1265E+00
.4700E+03 .2011E+01 .1092E+01 .1881E+00 .5617E+00 .3736E+00 .1092E+01 .1679E+00 .1260E+01 .1092E+01 .1881E+00 .1233E+00
.4710E+03 .2007E+01 .1094E+01 .1870E+00 .5610E+00 .3741E+00 .1094E+01 .1674E+00 .1261E+01 .1094E+01 .1870E+00 .1242E+00
.4720E+03 .2115E+01 .1155E+01 .1961E+00 .5912E+00 .3951E+00 .1155E+01 .1761E+00 .1331E+01 .1155E+01 .1961E+00 .1317E+00
.4730E+03 .2088E+01 .1144E+01 .1927E+00 .5839E+00 .3912E+00 .1144E+01 .1734E+00 .1317E+01 .1144E+01 .1927E+00 .1305E+00
.4740E+03 .2095E+01 .1147E+01 .1920E+00 .5844E+00 .3924E+00 .1147E+01 .1731E+00 .1321E+01 .1147E+01 .1920E+00 .1311E+00
.4750E+03 .2117E+01 .1160E+01 .1925E+00 .5893E+00 .3967E+00 .1160E+01 .1741E+00 .1334E+01 .1160E+01 .1925E+00 .1329E+00
.4760E+03 .2059E+01 .1128E+01 .1857E+00 .5715E+00 .3858E+00 .1128E+01 .1683E+00 .1296E+01 .1128E+01 .1857E+00 .1296E+00
.4770E+03 .2068E+01 .1134E+01 .1850E+00 .5728E+00 .3878E+00 .1134E+01 .1682E+00 .1302E+01 .1134E+01 .1850E+00 .1305E+00
.4780E+03 .2122E+01 .1169E+01 .1886E+00 .5883E+00 .3997E+00 .1169E+01 .1720E+00 .1340E+01 .1169E+01 .1886E+00 .1344E+00
.4790E+03 .2104E+01 .1164E+01 .1859E+00 .5841E+00 .3982E+00 .1164E+01 .1699E+00 .1334E+01 .1164E+01 .1859E+00 .1339E+00
.4800E+03 .2103E+01 .1169E+01 .1848E+00 .5847E+00 .3999E+00 .1169E+01 .1695E+00 .1339E+01 .1169E+01 .1848E+00 .1348E+00
.4810E+03 .2136E+01 .1195E+01 .1868E+00 .5954E+00 .4086E+00 .1195E+01 .1720E+00 .1367E+01 .1195E+01 .1868E+00 .1381E+00
.4820E+03 .2141E+01 .1204E+01 .1866E+00 .5985E+00 .4119E+00 .1204E+01 .1722E+00 .1377E+01 .1204E+01 .1866E+00 .1394E+00
.4830E+03 .2109E+01 .1193E+01 .1834E+00 .5915E+00 .4082E+00 .1193E+01 .1697E+00 .1363E+01 .1193E+01 .1834E+00 .1382E+00
.4840E+03 .2063E+01 .1172E+01 .1789E+00 .5797E+00 .4009E+00 .1172E+01 .1658E+00 .1338E+01 .1172E+01 .1789E+00 .1358E+00
.4850E+03 .1963E+01 .1120E+01 .1698E+00 .5527E+00 .3829E+00 .1120E+01 .1577E+00 .1277E+01 .1120E+01 .1698E+00 .1299E+00
.4860E+03 .1713E+01 .9812E+00 .1478E+00 .4834E+00 .3356E+00 .9812E+00 .1376E+00 .1119E+01 .9812E+00 .1478E+00 .1139E+00
.4870E+03 .1792E+01 .1031E+01 .1542E+00 .5069E+00 .3527E+00 .1031E+01 .1439E+00 .1175E+01 .1031E+01 .1542E+00 .1198E+00
.4880E+03 .1966E+01 .1133E+01 .1683E+00 .5559E+00 .3876E+00 .1133E+01 .1574E+00 .1291E+01 .1133E+01 .1683E+00 .1318E+00
.4890E+03 .1974E+01 .1139E+01 .1679E+00 .5574E+00 .3895E+00 .1139E+01 .1573E+00 .1296E+01 .1139E+01 .1679E+00 .1326E+00
.4900E+03 .2073E+01 .1201E+01 .1755E+00 .5863E+00 .4108E+00 .1201E+01 .1651E+00 .1366E+01 .1201E+01 .1755E+00 .1403E+00
.4910E+03 .2034E+01 .1184E+01 .1715E+00 .5763E+00 .4049E+00 .1184E+01 .1618E+00 .1346E+01 .1184E+01 .1715E+00 .1387E+00
.4920E+03 .1920E+01 .1120E+01 .1611E+00 .5443E+00 .3832E+00 .1120E+01 .1524E+00 .1273E+01 .1120E+01 .1611E+00 .1315E+00
.4930E+03 .1982E+01 .1160E+01 .1655E+00 .5621E+00 .3966E+00 .1160E+01 .1569E+00 .1317E+01 .1160E+01 .1655E+00 .1362E+00
.4940E+03 .2001E+01 .1173E+01 .1662E+00 .5676E+00 .4013E+00 .1173E+01 .1581E+00 .1332E+01 .1173E+01 .1662E+00 .1380E+00
.4950E+03 .2017E+01 .1186E+01 .1668E+00 .5724E+00 .4056E+00 .1186E+01 .1591E+00 .1345E+01 .1186E+01 .1668E+00 .1400E+00
.4960E+03 .2029E+01 .1195E+01 .1668E+00 .5755E+00 .4087E+00 .1195E+01 .1596E+00 .1355E+01 .1195E+01 .1668E+00 .1415E+00
.4970E+03 .2060E+01 .1216E+01 .1683E+00 .5843E+00 .4160E+00 .1216E+01 .1616E+00 .1378E+01 .1216E+01 .1683E+00 .1444E+00
.4980E+03 .1963E+01 .1162E+01 .1593E+00 .5566E+00 .3973E+00 .1162E+01 .1535E+00 .1315E+01 .1162E+01 .1593E+00 .1383E+00
.4990E+03 .1989E+01 .1179E+01 .1601E+00 .5632E+00 .4032E+00 .1179E+01 .1548E+00 .1334E+01 .1179E+01 .1601E+00 .1406E+00
.5000E+03 .1933E+01 .1147E+01 .1550E+00 .5471E+00 .3921E+00 .1147E+01 .1501E+00 .1297E+01 .1147E+01 .1550E+00 .1368E+00
.5010E+03 .1900E+01 .1127E+01 .1509E+00 .5364E+00 .3855E+00 .1127E+01 .1466E+00 .1274E+01 .1127E+01 .1509E+00 .1345E+00
.5020E+03 .1879E+01 .1113E+01 .1476E+00 .5283E+00 .3806E+00 .1113E+01 .1438E+00 .1257E+01 .1113E+01 .1476E+00 .1328E+00
.5030E+03 .1962E+01 .1160E+01 .1526E+00 .5494E+00 .3968E+00 .1160E+01 .1491E+00 .1309E+01 .1160E+01 .1526E+00 .1386E+00
.5040E+03 .1934E+01 .1133E+01 .1482E+00 .5358E+00 .3876E+00 .1133E+01 .1452E+00 .1278E+01 .1133E+01 .1482E+00 .1357E+00
.5050E+03 .1984E+01 .1174E+01 .1520E+00 .5535E+00 .4016E+00 .1174E+01 .1494E+00 .1324E+01 .1174E+01 .1520E+00 .1409E+00
.5060E+03 .2049E+01 .1215E+01 .1562E+00 .5719E+00 .4157E+00 .1215E+01 .1541E+00 .1370E+01 .1215E+01 .1562E+00 .1464E+00
.5070E+03 .1949E+01 .1160E+01 .1480E+00 .5447E+00 .3966E+00 .1160E+01 .1464E+00 .1306E+01 .1160E+01 .1480E+00 .1398E+00
.5080E+03 .1882E+01 .1126E+01 .1428E+00 .5279E+00 .3852E+00 .1126E+01 .1416E+00 .1268E+01 .1126E+01 .1428E+00 .1358E+00
.5090E+03 .1930E+01 .1160E+01 .1461E+00 .5428E+00 .3967E+00 .1160E+01 .1453E+00 .1305E+01 .1160E+01 .1461E+00 .1402E+00
.5100E+03 .1916E+01 .1155E+01 .1447E+00 .5399E+00 .3952E+00 .1155E+01 .1443E+00 .1300E+01 .1155E+01 .1447E+00 .1401E+00
.5110E+03 .1963E+01 .1188E+01 .1478E+00 .5541E+00 .4063E+00 .1188E+01 .1478E+00 .1336E+01 .1188E+01 .1478E+00 .1445E+00
.5120E+03 .1982E+01 .1203E+01 .1485E+00 .5601E+00 .4116E+00 .1203E+01 .1490E+00 .1352E+01 .1203E+01 .1485E+00 .1464E+00
.5130E+03 .1875E+01 .1142E+01 .1398E+00 .5304E+00 .3905E+00 .1142E+01 .1407E+00 .1282E+01 .1142E+01 .1398E+00 .1390E+00
.5140E+03 .1860E+01 .1136E+01 .1380E+00 .5265E+00 .3885E+00 .1136E+01 .1393E+00 .1275E+01 .1136E+01 .1380E+00 .1386E+00
.5150E+03 .1841E+01 .1127E+01 .1358E+00 .5211E+00 .3853E+00 .1127E+01 .1376E+00 .1264E+01 .1127E+01 .1358E+00 .1379E+00
.5160E+03 .1837E+01 .1126E+01 .1348E+00 .5199E+00 .3851E+00 .1126E+01 .1370E+00 .1263E+01 .1126E+01 .1348E+00 .1383E+00
.5170E+03 .1631E+01 .1002E+01 .1191E+00 .4619E+00 .3428E+00 .1002E+01 .1214E+00 .1124E+01 .1002E+01 .1191E+00 .1234E+00
.5180E+03 .1715E+01 .1056E+01 .1245E+00 .4855E+00 .3610E+00 .1056E+01 .1274E+00 .1183E+01 .1056E+01 .1245E+00 .1304E+00
.5190E+03 .1799E+01 .1109E+01 .1298E+00 .5090E+00 .3791E+00 .1109E+01 .1333E+00 .1242E+01 .1109E+01 .1298E+00 .1371E+00
.5200E+03 .1865E+01 .1150E+01 .1337E+00 .5271E+00 .3934E+00 .1150E+01 .1376E+00 .1288E+01 .1150E+01 .1337E+00 .1424E+00
.5210E+03 .1883E+01 .1162E+01 .1341E+00 .5316E+00 .3975E+00 .1162E+01 .1385E+00 .1301E+01 .1162E+01 .1341E+00 .1440E+00
.5220E+03 .1886E+01 .1165E+01 .1333E+00 .5317E+00 .3983E+00 .1165E+01 .1382E+00 .1303E+01 .1165E+01 .1333E+00 .1448E+00
.5230E+03 .1853E+01 .1146E+01 .1303E+00 .5222E+00 .3920E+00 .1146E+01 .1355E+00 .1282E+01 .1146E+01 .1303E+00 .1430E+00
.5240E+03 .1922E+01 .1189E+01 .1341E+00 .5406E+00 .4066E+00 .1189E+01 .1401E+00 .1329E+01 .1189E+01 .1341E+00 .1489E+00
.5250E+03 .1949E+01 .1204E+01 .1347E+00 .5464E+00 .4117E+00 .1204E+01 .1414E+00 .1345E+01 .1204E+01 .1347E+00 .1515E+00
.5260E+03 .1863E+01 .1151E+01 .1277E+00 .5214E+00 .3936E+00 .1151E+01 .1346E+00 .1286E+01 .1151E+01 .1277E+00 .1454E+00
.5270E+03 .1759E+01 .1085E+01 .1195E+00 .4906E+00 .3711E+00 .1085E+01 .1263E+00 .1211E+01 .1085E+01 .1195E+00 .1372E+00
.5280E+03 .1863E+01 .1148E+01 .1253E+00 .5179E+00 .3926E+00 .1148E+01 .1330E+00 .1281E+01 .1148E+01 .1253E+00 .1453E+00
.5290E+03 .1966E+01 .1210E+01 .1312E+00 .5450E+00 .4138E+00 .1210E+01 .1398E+00 .1350E+01 .1210E+01 .1312E+00 .1538E+00
.5300E+03 .1939E+01 .1194E+01 .1285E+00 .5370E+00 .4085E+00 .1194E+01 .1375E+00 .1332E+01 .1194E+01 .1285E+00 .1525E+00
.5310E+03 .1969E+01 .1214E+01 .1296E+00 .5448E+00 .4152E+00 .1214E+01 .1393E+00 .1353E+01 .1214E+01 .1296E+00 .1557E+00
.5320E+03 .1902E+01 .1174E+01 .1244E+00 .5260E+00 .4015E+00 .1174E+01 .1343E+00 .1308E+01 .1174E+01 .1244E+00 .1510E+00
.5330E+03 .1846E+01 .1141E+01 .1202E+00 .5106E+00 .3904E+00 .1141E+01 .1302E+00 .1272E+01 .1141E+01 .1202E+00 .1473E+00
.5340E+03 .1899E+01 .1177E+01 .1231E+00 .5257E+00 .4026E+00 .1177E+01 .1338E+00 .1311E+01 .1177E+01 .1231E+00 .1523E+00
.5350E+03 .1938E+01 .1204E+01 .1252E+00 .5370E+00 .4118E+00 .1204E+01 .1366E+00 .1341E+01 .1204E+01 .1252E+00 .1562E+00
.5360E+03 .1954E+01 .1216E+01 .1257E+00 .5417E+00 .4160E+00 .1216E+01 .1375E+00 .1354E+01 .1216E+01 .1257E+00 .1582E+00
.5370E+03 .1875E+01 .1170E+01 .1202E+00 .5204E+00 .4003E+00 .1170E+01 .1319E+00 .1302E+01 .1170E+01 .1202E+00 .1523E+00
.5380E+03 .1907E+01 .1193E+01 .1217E+00 .5299E+00 .4081E+00 .1193E+01 .1341E+00 .1327E+01 .1193E+01 .1217E+00 .1555E+00
.5390E+03 .1891E+01 .1186E+01 .1202E+00 .5258E+00 .4056E+00 .1186E+01 .1333E+00 .1319E+01 .1186E+01 .1202E+00 .1553E+00
.5400E+03 .1814E+01 .1138E+01 .1147E+00 .5040E+00 .3894E+00 .1138E+01 .1280E+00 .1266E+01 .1138E+01 .1147E+00 .1499E+00
.5410E+03 .1832E+01 .1148E+01 .1149E+00 .5076E+00 .3926E+00 .1148E+01 .1290E+00 .1277E+01 .1148E+01 .1149E+00 .1515E+00
.5420E+03 .1892E+01 .1185E+01 .1178E+00 .5233E+00 .4054E+00 .1185E+01 .1330E+00 .1318E+01 .1185E+01 .1178E+00 .1566E+00
.5430E+03 .1867E+01 .1175E+01 .1158E+00 .5175E+00 .4018E+00 .1175E+01 .1314E+00 .1306E+01 .1175E+01 .1158E+00 .1553E+00
.5440E+03 .1904E+01 .1196E+01 .1173E+00 .5265E+00 .4092E+00 .1196E+01 .1341E+00 .1330E+01 .1196E+01 .1173E+00 .1594E+00
.5450E+03 .1897E+01 .1193E+01 .1162E+00 .5242E+00 .4080E+00 .1193E+01 .1339E+00 .1327E+01 .1193E+01 .1162E+00 .1601E+00
.5460E+03 .1910E+01 .1198E+01 .1161E+00 .5258E+00 .4097E+00 .1198E+01 .1344E+00 .1332E+01 .1198E+01 .1161E+00 .1612E+00
.5470E+03 .1905E+01 .1197E+01 .1152E+00 .5245E+00 .4093E+00 .1197E+01 .1341E+00 .1331E+01 .1197E+01 .1152E+00 .1611E+00
.5480E+03 .1880E+01 .1183E+01 .1131E+00 .5179E+00 .4048E+00 .1183E+01 .1324E+00 .1316E+01 .1183E+01 .1131E+00 .1595E+00
.5490E+03 .1884E+01 .1189E+01 .1130E+00 .5198E+00 .4068E+00 .1189E+01 .1330E+00 .1322E+01 .1189E+01 .1130E+00 .1608E+00
.5500E+03 .1906E+01 .1206E+01 .1138E+00 .5264E+00 .4126E+00 .1206E+01 .1347E+00 .1341E+01 .1206E+01 .1138E+00 .1635E+00
.5510E+03 .1882E+01 .1193E+01 .1118E+00 .5200E+00 .4082E+00 .1193E+01 .1331E+00 .1327E+01 .1193E+01 .1118E+00 .1620E+00
.5520E+03 .1895E+01 .1203E+01 .1120E+00 .5235E+00 .4115E+00 .1203E+01 .1340E+00 .1337E+01 .1203E+01 .1120E+00 .1635E+00
.5530E+03 .1862E+01 .1182E+01 .1094E+00 .5139E+00 .4044E+00 .1182E+01 .1316E+00 .1314E+01 .1182E+01 .1094E+00 .1610E+00
.5540E+03 .1907E+01 .1211E+01 .1114E+00 .5257E+00 .4143E+00 .1211E+01 .1347E+00 .1346E+01 .1211E+01 .1114E+00 .1654E+00
.5550E+03 .1912E+01 .1214E+01 .1109E+00 .5261E+00 .4151E+00 .1214E+01 .1350E+00 .1349E+01 .1214E+01 .1109E+00 .1662E+00
.5560E+03 .1888E+01 .1198E+01 .1088E+00 .5187E+00 .4099E+00 .1198E+01 .1331E+00 .1332E+01 .1198E+01 .1088E+00 .1643E+00
.5570E+03 .1831E+01 .1162E+01 .1048E+00 .5022E+00 .3974E+00 .1162E+01 .1288E+00 .1291E+01 .1162E+01 .1048E+00 .1593E+00
.5580E+03 .1820E+01 .1153E+01 .1033E+00 .4976E+00 .3944E+00 .1153E+01 .1276E+00 .1281E+01 .1153E+01 .1033E+00 .1582E+00
.5590E+03 .1789E+01 .1131E+01 .1006E+00 .4876E+00 .3870E+00 .1131E+01 .1250E+00 .1256E+01 .1131E+01 .1006E+00 .1554E+00
.5600E+03 .1813E+01 .1147E+01 .1013E+00 .4937E+00 .3924E+00 .1147E+01 .1265E+00 .1274E+01 .1147E+01 .1013E+00 .1577E+00
.5610E+03 .1839E+01 .1164E+01 .1020E+00 .5001E+00 .3981E+00 .1164E+01 .1280E+00 .1292E+01 .1164E+01 .1020E+00 .1601E+00
.5620E+03 .1829E+01 .1156E+01 .1006E+00 .4961E+00 .3955E+00 .1156E+01 .1269E+00 .1283E+01 .1156E+01 .1006E+00 .1592E+00
.5630E+03 .1883E+01 .1189E+01 .1027E+00 .5094E+00 .4067E+00 .1189E+01 .1304E+00 .1319E+01 .1189E+01 .1027E+00 .1640E+00
.5640E+03 .1835E+01 .1157E+01 .9935E-01 .4952E+00 .3958E+00 .1157E+01 .1268E+00 .1284E+01 .1157E+01 .9935E-01 .1601E+00
.5650E+03 .1822E+01 .1148E+01 .9796E-01 .4906E+00 .3927E+00 .1148E+01 .1258E+00 .1274E+01 .1148E+01 .9796E-01 .1593E+00
.5660E+03 .1798E+01 .1132E+01 .9600E-01 .4832E+00 .3872E+00 .1132E+01 .1239E+00 .1256E+01 .1132E+01 .9600E-01 .1572E+00
.5670E+03 .1836E+01 .1154E+01 .9729E-01 .4920E+00 .3948E+00 .1154E+01 .1262E+00 .1280E+01 .1154E+01 .9729E-01 .1604E+00
.5680E+03 .1830E+01 .1145E+01 .9604E-01 .4876E+00 .3915E+00 .1145E+01 .1252E+00 .1270E+01 .1145E+01 .9604E-01 .1595E+00
.5690E+03 .1808E+01 .1119E+01 .9363E-01 .4765E+00 .3829E+00 .1119E+01 .1226E+00 .1242E+01 .1119E+01 .9363E-01 .1565E+00
.5700E+03 .1804E+01 .1119E+01 .9299E-01 .4757E+00 .3828E+00 .1119E+01 .1225E+00 .1242E+01 .1119E+01 .9299E-01 .1568E+00
.5710E+03 .1787E+01 .1112E+01 .9176E-01 .4722E+00 .3804E+00 .1112E+01 .1215E+00 .1234E+01 .1112E+01 .9176E-01 .1560E+00
.5720E+03 .1844E+01 .1140E+01 .9368E-01 .4836E+00 .3900E+00 .1140E+01 .1246E+00 .1265E+01 .1140E+01 .9368E-01 .1602E+00
.5730E+03 .1866E+01 .1153E+01 .9425E-01 .4886E+00 .3944E+00 .1153E+01 .1261E+00 .1279E+01 .1153E+01 .9425E-01 .1626E+00
.5740E+03 .1863E+01 .1150E+01 .9359E-01 .4869E+00 .3933E+00 .1150E+01 .1259E+00 .1276E+01 .1150E+01 .9359E-01 .1629E+00
.5750E+03 .1833E+01 .1129E+01 .9154E-01 .4777E+00 .3861E+00 .1129E+01 .1238E+00 .1253E+01 .1129E+01 .9154E-01 .1606E+00
.5760E+03 .1816E+01 .1119E+01 .9035E-01 .4732E+00 .3828E+00 .1119E+01 .1227E+00 .1242E+01 .1119E+01 .9035E-01 .1594E+00
.5770E+03 .1834E+01 .1133E+01 .9100E-01 .4784E+00 .3874E+00 .1133E+01 .1242E+00 .1257E+01 .1133E+01 .9100E-01 .1615E+00
.5780E+03 .1801E+01 .1117E+01 .8931E-01 .4714E+00 .3821E+00 .1117E+01 .1225E+00 .1240E+01 .1117E+01 .8931E-01 .1597E+00
.5790E+03 .1799E+01 .1124E+01 .8932E-01 .4737E+00 .3844E+00 .1124E+01 .1232E+00 .1247E+01 .1124E+01 .8932E-01 .1611E+00
.5800E+03 .1819E+01 .1148E+01 .9059E-01 .4831E+00 .3925E+00 .1148E+01 .1257E+00 .1273E+01 .1148E+01 .9059E-01 .1649E+00
.5810E+03 .1818E+01 .1155E+01 .9066E-01 .4859E+00 .3952E+00 .1155E+01 .1264E+00 .1282E+01 .1155E+01 .9066E-01 .1661E+00
.5820E+03 .1843E+01 .1181E+01 .9204E-01 .4958E+00 .4038E+00 .1181E+01 .1290E+00 .1310E+01 .1181E+01 .9204E-01 .1698E+00
.5830E+03 .1840E+01 .1187E+01 .9200E-01 .4979E+00 .4059E+00 .1187E+01 .1297E+00 .1317E+01 .1187E+01 .9200E-01 .1714E+00
.5840E+03 .1851E+01 .1199E+01 .9251E-01 .5027E+00 .4102E+00 .1199E+01 .1312E+00 .1331E+01 .1199E+01 .9251E-01 .1740E+00
.5850E+03 .1803E+01 .1171E+01 .8990E-01 .4906E+00 .4007E+00 .1171E+01 .1282E+00 .1300E+01 .1171E+01 .8990E-01 .1705E+00
.5860E+03 .1766E+01 .1148E+01 .8766E-01 .4802E+00 .3925E+00 .1148E+01 .1255E+00 .1273E+01 .1148E+01 .8766E-01 .1669E+00
.5870E+03 .1811E+01 .1172E+01 .8921E-01 .4900E+00 .4008E+00 .1172E+01 .1281E+00 .1300E+01 .1172E+01 .8921E-01 .1704E+00
.5880E+03 .1794E+01 .1144E+01 .8710E-01 .4785E+00 .3914E+00 .1144E+01 .1256E+00 .1270E+01 .1144E+01 .8710E-01 .1672E+00
.5890E+03 .1647E+01 .1014E+01 .7765E-01 .4245E+00 .3469E+00 .1014E+01 .1122E+00 .1126E+01 .1014E+01 .7765E-01 .1491E+00
.5900E+03 .1717E+01 .1062E+01 .8081E-01 .4440E+00 .3632E+00 .1062E+01 .1175E+00 .1179E+01 .1062E+01 .8081E-01 .1567E+00
.5910E+03 .1783E+01 .1124E+01 .8460E-01 .4691E+00 .3845E+00 .1124E+01 .1239E+00 .1248E+01 .1124E+01 .8460E-01 .1661E+00
.5920E+03 .1781E+01 .1113E+01 .8349E-01 .4641E+00 .3806E+00 .1113E+01 .1228E+00 .1236E+01 .1113E+01 .8349E-01 .1650E+00
.5930E+03 .1785E+01 .1129E+01 .8382E-01 .4699E+00 .3861E+00 .1129E+01 .1242E+00 .1253E+01 .1129E+01 .8382E-01 .1674E+00
.5940E+03 .1782E+01 .1124E+01 .8298E-01 .4673E+00 .3844E+00 .1124E+01 .1235E+00 .1247E+01 .1124E+01 .8298E-01 .1668E+00
.5950E+03 .1753E+01 .1097E+01 .8072E-01 .4560E+00 .3753E+00 .1097E+01 .1207E+00 .1218E+01 .1097E+01 .8072E-01 .1632E+00
.5960E+03 .1780E+01 .1139E+01 .8266E-01 .4721E+00 .3895E+00 .1139E+01 .1247E+00 .1263E+01 .1139E+01 .8266E-01 .1697E+00
.5970E+03 .1768E+01 .1126E+01 .8141E-01 .4667E+00 .3853E+00 .1126E+01 .1234E+00 .1250E+01 .1126E+01 .8141E-01 .1683E+00
.5980E+03 .1752E+01 .1127E+01 .8061E-01 .4660E+00 .3854E+00 .1127E+01 .1230E+00 .1250E+01 .1127E+01 .8061E-01 .1684E+00
.5990E+03 .1747E+01 .1130E+01 .8018E-01 .4665E+00 .3864E+00 .1130E+01 .1230E+00 .1253E+01 .1130E+01 .8018E-01 .1690E+00
.6000E+03 .1738E+01 .1132E+01 .7971E-01 .4669E+00 .3871E+00 .1132E+01 .1231E+00 .1255E+01 .1132E+01 .7971E-01 .1695E+00
.6010E+03 .1716E+01 .1122E+01 .7852E-01 .4623E+00 .3838E+00 .1122E+01 .1219E+00 .1244E+01 .1122E+01 .7852E-01 .1685E+00
.6020E+03 .1703E+01 .1113E+01 .7756E-01 .4584E+00 .3808E+00 .1113E+01 .1210E+00 .1235E+01 .1113E+01 .7756E-01 .1676E+00
.6030E+03 .1728E+01 .1132E+01 .7843E-01 .4654E+00 .3870E+00 .1132E+01 .1230E+00 .1254E+01 .1132E+01 .7843E-01 .1705E+00
.6040E+03 .1755E+01 .1149E+01 .7936E-01 .4725E+00 .3931E+00 .1149E+01 .1250E+00 .1274E+01 .1149E+01 .7936E-01 .1735E+00
.6050E+03 .1744E+01 .1145E+01 .7875E-01 .4705E+00 .3917E+00 .1145E+01 .1246E+00 .1270E+01 .1145E+01 .7875E-01 .1733E+00
.6060E+03 .1733E+01 .1146E+01 .7839E-01 .4703E+00 .3919E+00 .1146E+01 .1247E+00 .1271E+01 .1146E+01 .7839E-01 .1738E+00
.6070E+03 .1746E+01 .1163E+01 .7917E-01 .4768E+00 .3976E+00 .1163E+01 .1266E+00 .1289E+01 .1163E+01 .7917E-01 .1768E+00
.6080E+03 .1723E+01 .1154E+01 .7823E-01 .4729E+00 .3946E+00 .1154E+01 .1256E+00 .1279E+01 .1154E+01 .7823E-01 .1756E+00
.6090E+03 .1723E+01 .1159E+01 .7827E-01 .4745E+00 .3963E+00 .1159E+01 .1262E+00 .1285E+01 .1159E+01 .7827E-01 .1765E+00
.6100E+03 .1707E+01 .1151E+01 .7753E-01 .4712E+00 .3937E+00 .1151E+01 .1255E+00 .1277E+01 .1151E+01 .7753E-01 .1758E+00
.6110E+03 .1714E+01 .1160E+01 .7786E-01 .4745E+00 .3966E+00 .1160E+01 .1266E+00 .1286E+01 .1160E+01 .7786E-01 .1777E+00
.6120E+03 .1707E+01 .1157E+01 .7748E-01 .4732E+00 .3957E+00 .1157E+01 .1265E+00 .1284E+01 .1157E+01 .7748E-01 .1777E+00
.6130E+03 .1684E+01 .1143E+01 .7634E-01 .4673E+00 .3910E+00 .1143E+01 .1251E+00 .1268E+01 .1143E+01 .7634E-01 .1759E+00
.6140E+03 .1658E+01 .1129E+01 .7516E-01 .4615E+00 .3863E+00 .1129E+01 .1237E+00 .1253E+01 .1129E+01 .7516E-01 .1740E+00
.6150E+03 .1691E+01 .1157E+01 .7671E-01 .4724E+00 .3957E+00 .1157E+01 .1268E+00 .1284E+01 .1157E+01 .7671E-01 .1787E+00
.6160E+03 .1633E+01 .1121E+01 .7407E-01 .4575E+00 .3834E+00 .1121E+01 .1230E+00 .1244E+01 .1121E+01 .7407E-01 .1736E+00
.6170E+03 .1628E+01 .1120E+01 .7378E-01 .4569E+00 .3831E+00 .1120E+01 .1231E+00 .1243E+01 .1120E+01 .7378E-01 .1740E+00
.6180E+03 .1689E+01 .1164E+01 .7643E-01 .4745E+00 .3981E+00 .1164E+01 .1281E+00 .1292E+01 .1164E+01 .7643E-01 .1813E+00
.6190E+03 .1671E+01 .1153E+01 .7549E-01 .4699E+00 .3944E+00 .1153E+01 .1271E+00 .1280E+01 .1153E+01 .7549E-01 .1801E+00
.6200E+03 .1682E+01 .1159E+01 .7569E-01 .4721E+00 .3964E+00 .1159E+01 .1280E+00 .1287E+01 .1159E+01 .7569E-01 .1816E+00
.6210E+03 .1687E+01 .1156E+01 .7538E-01 .4706E+00 .3952E+00 .1156E+01 .1280E+00 .1284E+01 .1156E+01 .7538E-01 .1816E+00
.6220E+03 .1671E+01 .1124E+01 .7350E-01 .4579E+00 .3844E+00 .1124E+01 .1250E+00 .1249E+01 .1124E+01 .7350E-01 .1772E+00
.6230E+03 .1649E+01 .1090E+01 .7144E-01 .4442E+00 .3728E+00 .1090E+01 .1217E+00 .1212E+01 .1090E+01 .7144E-01 .1722E+00
.6240E+03 .1618E+01 .1082E+01 .7042E-01 .4404E+00 .3700E+00 .1082E+01 .1206E+00 .1202E+01 .1082E+01 .7042E-01 .1711E+00
.6250E+03 .1614E+01 .1095E+01 .7077E-01 .4452E+00 .3745E+00 .1095E+01 .1220E+00 .1217E+01 .1095E+01 .7077E-01 .1738E+00
.6260E+03 .1639E+01 .1116E+01 .7187E-01 .4536E+00 .3818E+00 .1116E+01 .1246E+00 .1241E+01 .1116E+01 .7187E-01 .1779E+00
.6270E+03 .1666E+01 .1131E+01 .7269E-01 .4595E+00 .3868E+00 .1131E+01 .1265E+00 .1258E+01 .1131E+01 .7269E-01 .1808E+00
.6280E+03 .1664E+01 .1039E+01 .6837E-01 .4239E+00 .3555E+00 .1039E+01 .1182E+00 .1158E+01 .1039E+01 .6837E-01 .1670E+00
.6290E+03 .1664E+01 .1102E+01 .7097E-01 .4480E+00 .3770E+00 .1102E+01 .1241E+00 .1226E+01 .1102E+01 .7097E-01 .1769E+00
.6300E+03 .1629E+01 .1077E+01 .6920E-01 .4377E+00 .3685E+00 .1077E+01 .1214E+00 .1199E+01 .1077E+01 .6920E-01 .1731E+00
.6310E+03 .1630E+01 .1114E+01 .7061E-01 .4515E+00 .3809E+00 .1114E+01 .1248E+00 .1238E+01 .1114E+01 .7061E-01 .1789E+00
.6320E+03 .1605E+01 .1109E+01 .6988E-01 .4492E+00 .3794E+00 .1109E+01 .1243E+00 .1233E+01 .1109E+01 .6988E-01 .1787E+00
.6330E+03 .1639E+01 .1151E+01 .7198E-01 .4656E+00 .3936E+00 .1151E+01 .1289E+00 .1280E+01 .1151E+01 .7198E-01 .1860E+00
.6340E+03 .1612E+01 .1143E+01 .7112E-01 .4621E+00 .3910E+00 .1143E+01 .1281E+00 .1271E+01 .1143E+01 .7112E-01 .1854E+00
.6350E+03 .1632E+01 .1164E+01 .7208E-01 .4701E+00 .3980E+00 .1164E+01 .1304E+00 .1294E+01 .1164E+01 .7208E-01 .1890E+00
.6360E+03 .1604E+01 .1149E+01 .7087E-01 .4637E+00 .3928E+00 .1149E+01 .1288E+00 .1277E+01 .1149E+01 .7087E-01 .1867E+00
.6370E+03 .1626E+01 .1168E+01 .7181E-01 .4712E+00 .3994E+00 .1168E+01 .1310E+00 .1299E+01 .1168E+01 .7181E-01 .1903E+00
.6380E+03 .1634E+01 .1180E+01 .7229E-01 .4760E+00 .4037E+00 .1180E+01 .1325E+00 .1313E+01 .1180E+01 .7229E-01 .1928E+00
.6390E+03 .1612E+01 .1171E+01 .7141E-01 .4718E+00 .4004E+00 .1171E+01 .1315E+00 .1302E+01 .1171E+01 .7141E-01 .1916E+00
.6400E+03 .1592E+01 .1163E+01 .7062E-01 .4683E+00 .3977E+00 .1163E+01 .1306E+00 .1293E+01 .1163E+01 .7062E-01 .1905E+00
.6410E+03 .1588E+01 .1165E+01 .7047E-01 .4688E+00 .3983E+00 .1165E+01 .1309E+00 .1296E+01 .1165E+01 .7047E-01 .1911E+00
.6420E+03 .1577E+01 .1161E+01 .7002E-01 .4672E+00 .3972E+00 .1161E+01 .1307E+00 .1292E+01 .1161E+01 .7002E-01 .1912E+00
.6430E+03 .1598E+01 .1178E+01 .7087E-01 .4739E+00 .4031E+00 .1178E+01 .1330E+00 .1311E+01 .1178E+01 .7087E-01 .1949E+00
.6440E+03 .1589E+01 .1176E+01 .7048E-01 .4728E+00 .4023E+00 .1176E+01 .1329E+00 .1309E+01 .1176E+01 .7048E-01 .1951E+00
.6450E+03 .1594E+01 .1180E+01 .7052E-01 .4742E+00 .4037E+00 .1180E+01 .1335E+00 .1314E+01 .1180E+01 .7052E-01 .1960E+00
.6460E+03 .1570E+01 .1156E+01 .6900E-01 .4645E+00 .3955E+00 .1156E+01 .1310E+00 .1287E+01 .1156E+01 .6900E-01 .1923E+00
.6470E+03 .1578E+01 .1145E+01 .6850E-01 .4601E+00 .3916E+00 .1145E+01 .1303E+00 .1275E+01 .1145E+01 .6850E-01 .1911E+00
.6480E+03 .1592E+01 .1151E+01 .6862E-01 .4624E+00 .3938E+00 .1151E+01 .1311E+00 .1282E+01 .1151E+01 .6862E-01 .1927E+00
.6490E+03 .1561E+01 .1128E+01 .6710E-01 .4529E+00 .3858E+00 .1128E+01 .1287E+00 .1257E+01 .1128E+01 .6710E-01 .1892E+00
.6500E+03 .1530E+01 .1133E+01 .6673E-01 .4544E+00 .3876E+00 .1133E+01 .1288E+00 .1262E+01 .1133E+01 .6673E-01 .1901E+00
.6510E+03 .1587E+01 .1183E+01 .6934E-01 .4739E+00 .4045E+00 .1183E+01 .1344E+00 .1317E+01 .1183E+01 .6934E-01 .1986E+00
.6520E+03 .1569E+01 .1141E+01 .6708E-01 .4572E+00 .3901E+00 .1141E+01 .1303E+00 .1271E+01 .1141E+01 .6708E-01 .1921E+00
.6530E+03 .1567E+01 .1170E+01 .6814E-01 .4682E+00 .4001E+00 .1170E+01 .1333E+00 .1303E+01 .1170E+01 .6814E-01 .1974E+00
.6540E+03 .1544E+01 .1157E+01 .6715E-01 .4628E+00 .3956E+00 .1157E+01 .1319E+00 .1289E+01 .1157E+01 .6715E-01 .1955E+00
.6550E+03 .1510E+01 .1115E+01 .6481E-01 .4462E+00 .3814E+00 .1115E+01 .1275E+00 .1243E+01 .1115E+01 .6481E-01 .1889E+00
.6560E+03 .1322E+01 .9882E+00 .5707E-01 .3950E+00 .3380E+00 .9882E+00 .1129E+00 .1101E+01 .9882E+00 .5707E-01 .1675E+00
.6570E+03 .1357E+01 .1015E+01 .5845E-01 .4055E+00 .3471E+00 .1015E+01 .1162E+00 .1131E+01 .1015E+01 .5845E-01 .1727E+00
.6580E+03 .1510E+01 .1135E+01 .6512E-01 .4534E+00 .3883E+00 .1135E+01 .1302E+00 .1265E+01 .1135E+01 .6512E-01 .1940E+00
.6590E+03 .1514E+01 .1137E+01 .6511E-01 .4542E+00 .3890E+00 .1137E+01 .1307E+00 .1268E+01 .1137E+01 .6511E-01 .1948E+00
.6600E+03 .1518E+01 .1130E+01 .6469E-01 .4512E+00 .3865E+00 .1130E+01 .1301E+00 .1260E+01 .1130E+01 .6469E-01 .1939E+00
.6610E+03 .1528E+01 .1113E+01 .6396E-01 .4447E+00 .3807E+00 .1113E+01 .1288E+00 .1242E+01 .1113E+01 .6396E-01 .1914E+00
.6620E+03 .1538E+01 .1094E+01 .6315E-01 .4372E+00 .3740E+00 .1094E+01 .1273E+00 .1221E+01 .1094E+01 .6315E-01 .1890E+00
.6630E+03 .1505E+01 .1085E+01 .6222E-01 .4332E+00 .3710E+00 .1085E+01 .1263E+00 .1211E+01 .1085E+01 .6222E-01 .1881E+00
.6640E+03 .1513E+01 .1121E+01 .6359E-01 .4469E+00 .3834E+00 .1121E+01 .1301E+00 .1251E+01 .1121E+01 .6359E-01 .1946E+00
.6650E+03 .1507E+01 .1136E+01 .6394E-01 .4525E+00 .3885E+00 .1136E+01 .1315E+00 .1268E+01 .1136E+01 .6394E-01 .1974E+00
.6660E+03 .1505E+01 .1149E+01 .6426E-01 .4573E+00 .3930E+00 .1149E+01 .1329E+00 .1282E+01 .1149E+01 .6426E-01 .1999E+00
.6670E+03 .1500E+01 .1157E+01 .6436E-01 .4601E+00 .3957E+00 .1157E+01 .1338E+00 .1291E+01 .1157E+01 .6436E-01 .2017E+00
.6680E+03 .1497E+01 .1162E+01 .6437E-01 .4620E+00 .3976E+00 .1162E+01 .1345E+00 .1297E+01 .1162E+01 .6437E-01 .2031E+00
.6690E+03 .1518E+01 .1184E+01 .6529E-01 .4701E+00 .4048E+00 .1184E+01 .1370E+00 .1321E+01 .1184E+01 .6529E-01 .2071E+00
.6700E+03 .1510E+01 .1181E+01 .6490E-01 .4688E+00 .4039E+00 .1181E+01 .1367E+00 .1318E+01 .1181E+01 .6490E-01 .2068E+00
.6710E+03 .1508E+01 .1182E+01 .6476E-01 .4691E+00 .4043E+00 .1182E+01 .1371E+00 .1319E+01 .1182E+01 .6476E-01 .2076E+00
.6720E+03 .1494E+01 .1173E+01 .6411E-01 .4654E+00 .4013E+00 .1173E+01 .1364E+00 .1310E+01 .1173E+01 .6411E-01 .2071E+00
.6730E+03 .1515E+01 .1193E+01 .6499E-01 .4729E+00 .4079E+00 .1193E+01 .1391E+00 .1332E+01 .1193E+01 .6499E-01 .2117E+00
.6740E+03 .1508E+01 .1190E+01 .6461E-01 .4715E+00 .4069E+00 .1190E+01 .1388E+00 .1328E+01 .1190E+01 .6461E-01 .2114E+00
.6750E+03 .1493E+01 .1180E+01 .6388E-01 .4675E+00 .4036E+00 .1180E+01 .1378E+00 .1318E+01 .1180E+01 .6388E-01 .2100E+00
.6760E+03 .1502E+01 .1189E+01 .6416E-01 .4709E+00 .4067E+00 .1189E+01 .1390E+00 .1328E+01 .1189E+01 .6416E-01 .2121E+00
.6770E+03 .1486E+01 .1178E+01 .6338E-01 .4662E+00 .4029E+00 .1178E+01 .1380E+00 .1316E+01 .1178E+01 .6338E-01 .2109E+00
.6780E+03 .1489E+01 .1181E+01 .6341E-01 .4675E+00 .4041E+00 .1181E+01 .1387E+00 .1320E+01 .1181E+01 .6341E-01 .2124E+00
.6790E+03 .1464E+01 .1163E+01 .6224E-01 .4601E+00 .3979E+00 .1163E+01 .1367E+00 .1300E+01 .1163E+01 .6224E-01 .2096E+00
.6800E+03 .1475E+01 .1174E+01 .6261E-01 .4641E+00 .4015E+00 .1174E+01 .1381E+00 .1312E+01 .1174E+01 .6261E-01 .2121E+00
.6810E+03 .1465E+01 .1168E+01 .6207E-01 .4615E+00 .3994E+00 .1168E+01 .1376E+00 .1305E+01 .1168E+01 .6207E-01 .2115E+00
.6820E+03 .1463E+01 .1168E+01 .6187E-01 .4613E+00 .3995E+00 .1168E+01 .1377E+00 .1306E+01 .1168E+01 .6187E-01 .2120E+00
.6830E+03 .1460E+01 .1167E+01 .6161E-01 .4607E+00 .3991E+00 .1167E+01 .1377E+00 .1305E+01 .1167E+01 .6161E-01 .2123E+00
.6840E+03 .1453E+01 .1162E+01 .6115E-01 .4587E+00 .3975E+00 .1162E+01 .1372E+00 .1299E+01 .1162E+01 .6115E-01 .2116E+00
.6850E+03 .1464E+01 .1174E+01 .6152E-01 .4629E+00 .4014E+00 .1174E+01 .1386E+00 .1312E+01 .1174E+01 .6152E-01 .2139E+00
.6860E+03 .1457E+01 .1167E+01 .6104E-01 .4603E+00 .3992E+00 .1167E+01 .1381E+00 .1305E+01 .1167E+01 .6104E-01 .2133E+00
.6870E+03 .1475E+01 .6855E+00 .4258E-01 .2770E+00 .2344E+00 .6855E+00 .8961E-01 .7751E+00 .6855E+00 .4258E-01 .1286E+00
.6880E+03 .1458E+01 .8446E+00 .4868E-01 .3376E+00 .2889E+00 .8446E+00 .1062E+00 .9508E+00 .8446E+00 .4868E-01 .1575E+00
.6890E+03 .1455E+01 .8498E+00 .4871E-01 .3393E+00 .2906E+00 .8498E+00 .1067E+00 .9565E+00 .8498E+00 .4871E-01 .1585E+00
.6900E+03 .1445E+01 .9068E+00 .5066E-01 .3608E+00 .3101E+00 .9068E+00 .1125E+00 .1019E+01 .9068E+00 .5066E-01 .1689E+00
.6910E+03 .1434E+01 .9730E+00 .5289E-01 .3857E+00 .3328E+00 .9730E+00 .1193E+00 .1092E+01 .9730E+00 .5289E-01 .1812E+00
.6920E+03 .1421E+01 .1028E+01 .5463E-01 .4063E+00 .3516E+00 .1028E+01 .1249E+00 .1153E+01 .1028E+01 .5463E-01 .1918E+00
.6930E+03 .1423E+01 .1033E+01 .5464E-01 .4080E+00 .3534E+00 .1033E+01 .1256E+00 .1159E+01 .1033E+01 .5464E-01 .1932E+00
.6940E+03 .1427E+01 .1037E+01 .5455E-01 .4094E+00 .3548E+00 .1037E+01 .1260E+00 .1163E+01 .1037E+01 .5455E-01 .1941E+00
.6950E+03 .1427E+01 .1084E+01 .5612E-01 .4270E+00 .3708E+00 .1084E+01 .1309E+00 .1215E+01 .1084E+01 .5612E-01 .2028E+00
.6960E+03 .1439E+01 .1088E+01 .5616E-01 .4283E+00 .3721E+00 .1088E+01 .1315E+00 .1220E+01 .1088E+01 .5616E-01 .2042E+00
.6970E+03 .1433E+01 .1149E+01 .5835E-01 .4512E+00 .3928E+00 .1149E+01 .1382E+00 .1287E+01 .1149E+01 .5835E-01 .2160E+00
.6980E+03 .1413E+01 .1132E+01 .5736E-01 .4445E+00 .3871E+00 .1132E+01 .1364E+00 .1268E+01 .1132E+01 .5736E-01 .2134E+00
.6990E+03 .1432E+01 .1110E+01 .5659E-01 .4364E+00 .3798E+00 .1110E+01 .1345E+00 .1245E+01 .1110E+01 .5659E-01 .2098E+00
.7000E+03 .1414E+01 .1097E+01 .5575E-01 .4309E+00 .3751E+00 .1097E+01 .1330E+00 .1230E+01 .1097E+01 .5575E-01 .2075E+00
.7010E+03 .1411E+01 .1088E+01 .5528E-01 .4274E+00 .3721E+00 .1088E+01 .1323E+00 .1220E+01 .1088E+01 .5528E-01 .2066E+00
.7020E+03 .1403E+01 .1095E+01 .5532E-01 .4299E+00 .3746E+00 .1095E+01 .1332E+00 .1229E+01 .1095E+01 .5532E-01 .2086E+00
.7030E+03 .1409E+01 .1097E+01 .5526E-01 .4305E+00 .3753E+00 .1097E+01 .1337E+00 .1231E+01 .1097E+01 .5526E-01 .2095E+00
.7040E+03 .1423E+01 .1130E+01 .5645E-01 .4430E+00 .3865E+00 .1130E+01 .1373E+00 .1267E+01 .1130E+01 .5645E-01 .2158E+00
.7050E+03 .1425E+01 .1136E+01 .5650E-01 .4450E+00 .3885E+00 .1136E+01 .1380E+00 .1274E+01 .1136E+01 .5650E-01 .2171E+00
.7060E+03 .1411E+01 .1133E+01 .5611E-01 .4438E+00 .3877E+00 .1133E+01 .1378E+00 .1271E+01 .1133E+01 .5611E-01 .2171E+00
.7070E+03 .1408E+01 .1136E+01 .5599E-01 .4444E+00 .3884E+00 .1136E+01 .1381E+00 .1274E+01 .1136E+01 .5599E-01 .2180E+00
.7080E+03 .1411E+01 .1138E+01 .5595E-01 .4452E+00 .3893E+00 .1138E+01 .1386E+00 .1277E+01 .1138E+01 .5595E-01 .2189E+00
.7090E+03 .1397E+01 .1139E+01 .5564E-01 .4452E+00 .3895E+00 .1139E+01 .1385E+00 .1277E+01 .1139E+01 .5564E-01 .2191E+00
.7100E+03 .1404E+01 .1140E+01 .5561E-01 .4456E+00 .3900E+00 .1140E+01 .1388E+00 .1279E+01 .1140E+01 .5561E-01 .2198E+00
.7110E+03 .1397E+01 .1138E+01 .5533E-01 .4447E+00 .3893E+00 .1138E+01 .1390E+00 .1277E+01 .1138E+01 .5533E-01 .2208E+00
.7120E+03 .1386E+01 .1135E+01 .5496E-01 .4432E+00 .3882E+00 .1135E+01 .1390E+00 .1274E+01 .1135E+01 .5496E-01 .2215E+00
.7130E+03 .1378E+01 .1125E+01 .5434E-01 .4390E+00 .3847E+00 .1125E+01 .1380E+00 .1263E+01 .1125E+01 .5434E-01 .2198E+00
.7140E+03 .1383E+01 .1130E+01 .5437E-01 .4407E+00 .3864E+00 .1130E+01 .1385E+00 .1268E+01 .1130E+01 .5437E-01 .2207E+00
.7150E+03 .1357E+01 .1097E+01 .5277E-01 .4279E+00 .3752E+00 .1097E+01 .1347E+00 .1232E+01 .1097E+01 .5277E-01 .2145E+00
.7160E+03 .1364E+01 .1100E+01 .5281E-01 .4292E+00 .3764E+00 .1100E+01 .1354E+00 .1236E+01 .1100E+01 .5281E-01 .2160E+00
.7170E+03 .1383E+01 .9623E+00 .4791E-01 .3770E+00 .3291E+00 .9623E+00 .1211E+00 .1083E+01 .9623E+00 .4791E-01 .1904E+00
.7180E+03 .1361E+01 .9095E+00 .4504E-01 .3561E+00 .3111E+00 .9095E+00 .1145E+00 .1024E+01 .9095E+00 .4504E-01 .1804E+00
.7190E+03 .1336E+01 .8372E+00 .4154E-01 .3279E+00 .2863E+00 .8372E+00 .1058E+00 .9430E+00 .8372E+00 .4154E-01 .1666E+00
.7200E+03 .1362E+01 .8734E+00 .4341E-01 .3421E+00 .2987E+00 .8734E+00 .1107E+00 .9842E+00 .8734E+00 .4341E-01 .1742E+00
.7210E+03 .1347E+01 .9484E+00 .4604E-01 .3704E+00 .3244E+00 .9484E+00 .1191E+00 .1068E+01 .9484E+00 .4604E-01 .1891E+00
.7220E+03 .1346E+01 .1067E+01 .5067E-01 .4155E+00 .3649E+00 .1067E+01 .1328E+00 .1200E+01 .1067E+01 .5067E-01 .2127E+00
.7230E+03 .1358E+01 .1006E+01 .4811E-01 .3922E+00 .3441E+00 .1006E+01 .1259E+00 .1132E+01 .1006E+01 .4811E-01 .2011E+00
.7240E+03 .1347E+01 .9180E+00 .4439E-01 .3584E+00 .3140E+00 .9180E+00 .1158E+00 .1034E+01 .9180E+00 .4439E-01 .1840E+00
.7250E+03 .1338E+01 .9096E+00 .4401E-01 .3551E+00 .3111E+00 .9096E+00 .1150E+00 .1025E+01 .9096E+00 .4401E-01 .1825E+00
.7260E+03 .1340E+01 .9338E+00 .4527E-01 .3646E+00 .3194E+00 .9338E+00 .1185E+00 .1052E+01 .9338E+00 .4527E-01 .1876E+00
.7270E+03 .1349E+01 .9569E+00 .4558E-01 .3729E+00 .3273E+00 .9569E+00 .1205E+00 .1077E+01 .9569E+00 .4558E-01 .1922E+00
.7280E+03 .1325E+01 .8980E+00 .4344E-01 .3506E+00 .3071E+00 .8980E+00 .1142E+00 .1012E+01 .8980E+00 .4344E-01 .1808E+00
.7290E+03 .1298E+01 .9251E+00 .4399E-01 .3604E+00 .3164E+00 .9251E+00 .1169E+00 .1042E+01 .9251E+00 .4399E-01 .1862E+00
.7300E+03 .1330E+01 .9754E+00 .4624E-01 .3798E+00 .3336E+00 .9754E+00 .1233E+00 .1099E+01 .9754E+00 .4624E-01 .1965E+00
.7310E+03 .1320E+01 .9338E+00 .4438E-01 .3638E+00 .3194E+00 .9338E+00 .1185E+00 .1052E+01 .9338E+00 .4438E-01 .1887E+00
.7320E+03 .1323E+01 .9959E+00 .4652E-01 .3872E+00 .3406E+00 .9959E+00 .1256E+00 .1122E+01 .9959E+00 .4652E-01 .2014E+00
.7330E+03 .1319E+01 .1050E+01 .4825E-01 .4072E+00 .3590E+00 .1050E+01 .1316E+00 .1181E+01 .1050E+01 .4825E-01 .2122E+00
.7340E+03 .1333E+01 .1073E+01 .4903E-01 .4162E+00 .3671E+00 .1073E+01 .1344E+00 .1208E+01 .1073E+01 .4903E-01 .2171E+00
.7350E+03 .1314E+01 .1052E+01 .4798E-01 .4077E+00 .3598E+00 .1052E+01 .1319E+00 .1184E+01 .1052E+01 .4798E-01 .2131E+00
.7360E+03 .1308E+01 .1052E+01 .4780E-01 .4075E+00 .3597E+00 .1052E+01 .1320E+00 .1184E+01 .1052E+01 .4780E-01 .2135E+00
.7370E+03 .1318E+01 .1056E+01 .4788E-01 .4091E+00 .3612E+00 .1056E+01 .1327E+00 .1189E+01 .1056E+01 .4788E-01 .2148E+00
.7380E+03 .1296E+01 .1073E+01 .4805E-01 .4150E+00 .3669E+00 .1073E+01 .1343E+00 .1207E+01 .1073E+01 .4805E-01 .2182E+00
.7390E+03 .1274E+01 .1053E+01 .4702E-01 .4073E+00 .3603E+00 .1053E+01 .1319E+00 .1185E+01 .1053E+01 .4702E-01 .2145E+00
.7400E+03 .1293E+01 .1079E+01 .4791E-01 .4170E+00 .3691E+00 .1079E+01 .1350E+00 .1214E+01 .1079E+01 .4791E-01 .2199E+00
.7410E+03 .1272E+01 .1067E+01 .4717E-01 .4123E+00 .3651E+00 .1067E+01 .1335E+00 .1201E+01 .1067E+01 .4717E-01 .2177E+00
.7420E+03 .1266E+01 .1068E+01 .4698E-01 .4124E+00 .3654E+00 .1068E+01 .1335E+00 .1202E+01 .1068E+01 .4698E-01 .2181E+00
.7430E+03 .1296E+01 .1095E+01 .4798E-01 .4226E+00 .3747E+00 .1095E+01 .1368E+00 .1232E+01 .1095E+01 .4798E-01 .2235E+00
.7440E+03 .1288E+01 .1092E+01 .4762E-01 .4211E+00 .3735E+00 .1092E+01 .1363E+00 .1228E+01 .1092E+01 .4762E-01 .2227E+00
.7450E+03 .1285E+01 .1092E+01 .4743E-01 .4209E+00 .3735E+00 .1092E+01 .1363E+00 .1228E+01 .1092E+01 .4743E-01 .2230E+00
.7460E+03 .1291E+01 .1097E+01 .4752E-01 .4228E+00 .3753E+00 .1097E+01 .1371E+00 .1234E+01 .1097E+01 .4752E-01 .2245E+00
.7470E+03 .1293E+01 .1100E+01 .4748E-01 .4237E+00 .3763E+00 .1100E+01 .1375E+00 .1238E+01 .1100E+01 .4748E-01 .2254E+00
.7480E+03 .1290E+01 .1098E+01 .4724E-01 .4229E+00 .3756E+00 .1098E+01 .1372E+00 .1236E+01 .1098E+01 .4724E-01 .2250E+00
.7490E+03 .1275E+01 .1086E+01 .4657E-01 .4181E+00 .3715E+00 .1086E+01 .1357E+00 .1222E+01 .1086E+01 .4657E-01 .2225E+00
.7500E+03 .1274E+01 .1086E+01 .4644E-01 .4179E+00 .3715E+00 .1086E+01 .1358E+00 .1222E+01 .1086E+01 .4644E-01 .2228E+00
.7510E+03 .1261E+01 .1076E+01 .4588E-01 .4138E+00 .3679E+00 .1076E+01 .1347E+00 .1210E+01 .1076E+01 .4588E-01 .2211E+00
.7520E+03 .1266E+01 .1081E+01 .4598E-01 .4157E+00 .3697E+00 .1081E+01 .1355E+00 .1216E+01 .1081E+01 .4598E-01 .2226E+00
.7530E+03 .1272E+01 .1087E+01 .4611E-01 .4179E+00 .3718E+00 .1087E+01 .1362E+00 .1223E+01 .1087E+01 .4611E-01 .2238E+00
.7540E+03 .1275E+01 .1090E+01 .4611E-01 .4189E+00 .3728E+00 .1090E+01 .1366E+00 .1227E+01 .1090E+01 .4611E-01 .2244E+00
.7550E+03 .1268E+01 .1084E+01 .4575E-01 .4166E+00 .3709E+00 .1084E+01 .1360E+00 .1220E+01 .1084E+01 .4575E-01 .2236E+00
.7560E+03 .1267E+01 .1084E+01 .4562E-01 .4165E+00 .3709E+00 .1084E+01 .1362E+00 .1221E+01 .1084E+01 .4562E-01 .2241E+00
.7570E+03 .1269E+01 .1086E+01 .4558E-01 .4172E+00 .3716E+00 .1086E+01 .1366E+00 .1223E+01 .1086E+01 .4558E-01 .2249E+00
.7580E+03 .1254E+01 .1073E+01 .4491E-01 .4120E+00 .3671E+00 .1073E+01 .1350E+00 .1208E+01 .1073E+01 .4491E-01 .2224E+00
.7590E+03 .1250E+01 .1048E+01 .4398E-01 .4023E+00 .3583E+00 .1048E+01 .1322E+00 .1180E+01 .1048E+01 .4398E-01 .2174E+00
.7600E+03 .1250E+01 .1013E+00 .9610E-02 .4425E-01 .3464E-01 .1013E+00 .2087E-01 .1222E+00 .1013E+00 .9610E-02 .2348E-01
.7610E+03 .1246E+01 .4363E-01 .5705E-02 .2063E-01 .1492E-01 .4363E-01 .1137E-01 .5500E-01 .4363E-01 .5705E-02 .1081E-01
.7620E+03 .1224E+01 .4417E+00 .2416E-01 .1752E+00 .1511E+00 .4417E+00 .6456E-01 .5063E+00 .4417E+00 .2416E-01 .9465E-01
.7630E+03 .1247E+01 .1768E+00 .1347E-01 .7395E-01 .6048E-01 .1768E+00 .3165E-01 .2085E+00 .1768E+00 .1347E-01 .3961E-01
.7640E+03 .1240E+01 .3028E+00 .1887E-01 .1224E+00 .1035E+00 .3028E+00 .4790E-01 .3507E+00 .3028E+00 .1887E-01 .6594E-01
.7650E+03 .1227E+01 .4415E+00 .2395E-01 .1750E+00 .1510E+00 .4415E+00 .6455E-01 .5061E+00 .4415E+00 .2395E-01 .9461E-01
.7660E+03 .1177E+01 .5841E+00 .2835E-01 .2281E+00 .1998E+00 .5841E+00 .8046E-01 .6646E+00 .5841E+00 .2835E-01 .1237E+00
.7670E+03 .1217E+01 .7830E+00 .3483E-01 .3026E+00 .2678E+00 .7830E+00 .1032E+00 .8862E+00 .7830E+00 .3483E-01 .1645E+00
.7680E+03 .1222E+01 .9428E+00 .3951E-01 .3620E+00 .3225E+00 .9428E+00 .1208E+00 .1064E+01 .9428E+00 .3951E-01 .1972E+00
.7690E+03 .1210E+01 .9718E+00 .4010E-01 .3725E+00 .3324E+00 .9718E+00 .1238E+00 .1096E+01 .9718E+00 .4010E-01 .2033E+00
.7700E+03 .1210E+01 .1015E+01 .4122E-01 .3885E+00 .3473E+00 .1015E+01 .1286E+00 .1144E+01 .1015E+01 .4122E-01 .2125E+00
.7710E+03 .1202E+01 .1029E+01 .4138E-01 .3931E+00 .3518E+00 .1029E+01 .1300E+00 .1159E+01 .1029E+01 .4138E-01 .2156E+00
.7720E+03 .1199E+01 .1032E+01 .4132E-01 .3944E+00 .3531E+00 .1032E+01 .1304E+00 .1163E+01 .1032E+01 .4132E-01 .2165E+00
.7730E+03 .1206E+01 .1040E+01 .4147E-01 .3973E+00 .3558E+00 .1040E+01 .1313E+00 .1172E+01 .1040E+01 .4147E-01 .2181E+00
.7740E+03 .1199E+01 .1036E+01 .4112E-01 .3954E+00 .3543E+00 .1036E+01 .1307E+00 .1167E+01 .1036E+01 .4112E-01 .2171E+00
.7750E+03 .1189E+01 .1029E+01 .4068E-01 .3925E+00 .3518E+00 .1029E+01 .1298E+00 .1158E+01 .1029E+01 .4068E-01 .2160E+00
.7760E+03 .1203E+01 .1041E+01 .4104E-01 .3972E+00 .3562E+00 .1041E+01 .1316E+00 .1173E+01 .1041E+01 .4104E-01 .2192E+00
.7770E+03 .1187E+01 .1028E+01 .4037E-01 .3920E+00 .3516E+00 .1028E+01 .1299E+00 .1158E+01 .1028E+01 .4037E-01 .2166E+00
.7780E+03 .1180E+01 .1022E+01 .3999E-01 .3896E+00 .3496E+00 .1022E+01 .1291E+00 .1151E+01 .1022E+01 .3999E-01 .2153E+00
.7790E+03 .1181E+01 .1023E+01 .3991E-01 .3899E+00 .3500E+00 .1023E+01 .1292E+00 .1153E+01 .1023E+01 .3991E-01 .2155E+00
.7800E+03 .1174E+01 .1018E+01 .3958E-01 .3878E+00 .3482E+00 .1018E+01 .1285E+00 .1147E+01 .1018E+01 .3958E-01 .2146E+00
.7810E+03 .1175E+01 .1020E+01 .3952E-01 .3882E+00 .3487E+00 .1020E+01 .1288E+00 .1148E+01 .1020E+01 .3952E-01 .2151E+00
.7820E+03 .1182E+01 .1026E+01 .3969E-01 .3907E+00 .3511E+00 .1026E+01 .1297E+00 .1156E+01 .1026E+01 .3969E-01 .2168E+00
.7830E+03 .1161E+01 .1009E+01 .3892E-01 .3840E+00 .3451E+00 .1009E+01 .1276E+00 .1137E+01 .1009E+01 .3892E-01 .2133E+00
.7840E+03 .1166E+01 .1014E+01 .3902E-01 .3860E+00 .3470E+00 .1014E+01 .1284E+00 .1143E+01 .1014E+01 .3902E-01 .2146E+00
.7850E+03 .1159E+01 .1008E+01 .3869E-01 .3834E+00 .3447E+00 .1008E+01 .1277E+00 .1135E+01 .1008E+01 .3869E-01 .2135E+00
.7860E+03 .1173E+01 .1020E+01 .3906E-01 .3878E+00 .3488E+00 .1020E+01 .1293E+00 .1149E+01 .1020E+01 .3906E-01 .2162E+00
.7870E+03 .1168E+01 .1003E+01 .3848E-01 .3816E+00 .3431E+00 .1003E+01 .1275E+00 .1131E+01 .1003E+01 .3848E-01 .2130E+00
.7880E+03 .1162E+01 .9917E+00 .3802E-01 .3772E+00 .3392E+00 .9917E+00 .1262E+00 .1118E+01 .9917E+00 .3802E-01 .2108E+00
.7890E+03 .1168E+01 .9944E+00 .3800E-01 .3781E+00 .3401E+00 .9944E+00 .1266E+00 .1121E+01 .9944E+00 .3800E-01 .2115E+00
.7900E+03 .1166E+01 .9684E+00 .3716E-01 .3684E+00 .3312E+00 .9684E+00 .1238E+00 .1092E+01 .9684E+00 .3716E-01 .2063E+00
.7910E+03 .1150E+01 .9768E+00 .3714E-01 .3712E+00 .3341E+00 .9768E+00 .1245E+00 .1101E+01 .9768E+00 .3714E-01 .2082E+00
.7920E+03 .1139E+01 .9696E+00 .3674E-01 .3684E+00 .3316E+00 .9696E+00 .1236E+00 .1093E+01 .9696E+00 .3674E-01 .2067E+00
.7930E+03 .1124E+01 .9546E+00 .3609E-01 .3626E+00 .3265E+00 .9546E+00 .1217E+00 .1076E+01 .9546E+00 .3609E-01 .2035E+00
.7940E+03 .1111E+01 .9678E+00 .3628E-01 .3673E+00 .3310E+00 .9678E+00 .1230E+00 .1091E+01 .9678E+00 .3628E-01 .2062E+00
.7950E+03 .1137E+01 .9853E+00 .3689E-01 .3739E+00 .3370E+00 .9853E+00 .1254E+00 .1111E+01 .9853E+00 .3689E-01 .2102E+00
.7960E+03 .1141E+01 .9573E+00 .3605E-01 .3635E+00 .3274E+00 .9573E+00 .1224E+00 .1080E+01 .9573E+00 .3605E-01 .2046E+00
.7970E+03 .1140E+01 .9589E+00 .3602E-01 .3640E+00 .3280E+00 .9589E+00 .1228E+00 .1082E+01 .9589E+00 .3602E-01 .2053E+00
.7980E+03 .1139E+01 .9859E+00 .3664E-01 .3738E+00 .3372E+00 .9859E+00 .1259E+00 .1112E+01 .9859E+00 .3664E-01 .2113E+00
.7990E+03 .1140E+01 .9804E+00 .3639E-01 .3717E+00 .3353E+00 .9804E+00 .1254E+00 .1106E+01 .9804E+00 .3639E-01 .2105E+00
.8000E+03 .1130E+01 .9649E+00 .3577E-01 .3658E+00 .3300E+00 .9649E+00 .1235E+00 .1088E+01 .9649E+00 .3577E-01 .2072E+00
.8010E+03 .1133E+01 .9613E+00 .3562E-01 .3644E+00 .3288E+00 .9613E+00 .1231E+00 .1084E+01 .9613E+00 .3562E-01 .2064E+00
.8020E+03 .1128E+01 .9588E+00 .3541E-01 .3634E+00 .3279E+00 .9588E+00 .1228E+00 .1082E+01 .9588E+00 .3541E-01 .2060E+00
.8030E+03 .1123E+01 .9521E+00 .3510E-01 .3607E+00 .3256E+00 .9521E+00 .1221E+00 .1074E+01 .9521E+00 .3510E-01 .2047E+00
.8040E+03 .1121E+01 .9535E+00 .3501E-01 .3611E+00 .3261E+00 .9535E+00 .1222E+00 .1076E+01 .9535E+00 .3501E-01 .2052E+00
.8050E+03 .1107E+01 .9501E+00 .3470E-01 .3597E+00 .3250E+00 .9501E+00 .1217E+00 .1072E+01 .9501E+00 .3470E-01 .2046E+00
.8060E+03 .1122E+01 .9771E+00 .3542E-01 .3696E+00 .3342E+00 .9771E+00 .1249E+00 .1102E+01 .9771E+00 .3542E-01 .2105E+00
.8070E+03 .1113E+01 .9657E+00 .3493E-01 .3652E+00 .3303E+00 .9657E+00 .1236E+00 .1089E+01 .9657E+00 .3493E-01 .2082E+00
.8080E+03 .1111E+01 .9663E+00 .3483E-01 .3653E+00 .3305E+00 .9663E+00 .1237E+00 .1090E+01 .9663E+00 .3483E-01 .2086E+00
.8090E+03 .1102E+01 .9486E+00 .3419E-01 .3586E+00 .3244E+00 .9486E+00 .1216E+00 .1070E+01 .9486E+00 .3419E-01 .2050E+00
.8100E+03 .1105E+01 .9447E+00 .3398E-01 .3571E+00 .3231E+00 .9447E+00 .1212E+00 .1066E+01 .9447E+00 .3398E-01 .2044E+00
.8110E+03 .1116E+01 .9442E+00 .3402E-01 .3570E+00 .3229E+00 .9442E+00 .1215E+00 .1066E+01 .9442E+00 .3402E-01 .2045E+00
.8120E+03 .1117E+01 .9180E+00 .3319E-01 .3472E+00 .3140E+00 .9180E+00 .1186E+00 .1037E+01 .9180E+00 .3319E-01 .1993E+00
.8130E+03 .1119E+01 .9003E+00 .3259E-01 .3405E+00 .3079E+00 .9003E+00 .1166E+00 .1017E+01 .9003E+00 .3259E-01 .1959E+00
.8140E+03 .1112E+01 .7980E+00 .2952E-01 .3024E+00 .2729E+00 .7980E+00 .1047E+00 .9026E+00 .7980E+00 .2952E-01 .1743E+00
.8150E+03 .1106E+01 .7944E+00 .2926E-01 .3010E+00 .2717E+00 .7944E+00 .1041E+00 .8985E+00 .7944E+00 .2926E-01 .1734E+00
.8160E+03 .1104E+01 .7607E+00 .2774E-01 .2879E+00 .2602E+00 .7607E+00 .9933E-01 .8600E+00 .7607E+00 .2774E-01 .1660E+00
.8170E+03 .1100E+01 .7682E+00 .2792E-01 .2907E+00 .2627E+00 .7682E+00 .1003E+00 .8685E+00 .7682E+00 .2792E-01 .1677E+00
.8180E+03 .1078E+01 .7416E+00 .2702E-01 .2807E+00 .2536E+00 .7416E+00 .9713E-01 .8387E+00 .7416E+00 .2702E-01 .1621E+00
.8190E+03 .1072E+01 .8148E+00 .2913E-01 .3078E+00 .2787E+00 .8148E+00 .1059E+00 .9207E+00 .8148E+00 .2913E-01 .1780E+00
.8200E+03 .1065E+01 .7735E+00 .2776E-01 .2923E+00 .2645E+00 .7735E+00 .1009E+00 .8744E+00 .7735E+00 .2776E-01 .1693E+00
.8210E+03 .1064E+01 .8873E+00 .3112E-01 .3346E+00 .3035E+00 .8873E+00 .1147E+00 .1002E+01 .8873E+00 .3112E-01 .1940E+00
.8220E+03 .1066E+01 .8685E+00 .3045E-01 .3275E+00 .2970E+00 .8685E+00 .1125E+00 .9809E+00 .8685E+00 .3045E-01 .1901E+00
.8230E+03 .1077E+01 .6111E+00 .2275E-01 .2317E+00 .2090E+00 .6111E+00 .8164E-01 .6927E+00 .6111E+00 .2275E-01 .1347E+00
.8240E+03 .1074E+01 .8498E+00 .2991E-01 .3206E+00 .2907E+00 .8498E+00 .1105E+00 .9604E+00 .8498E+00 .2991E-01 .1865E+00
.8250E+03 .1071E+01 .8780E+00 .3049E-01 .3308E+00 .3003E+00 .8780E+00 .1135E+00 .9915E+00 .8780E+00 .3049E-01 .1927E+00
.8260E+03 .1079E+01 .8468E+00 .2962E-01 .3192E+00 .2896E+00 .8468E+00 .1099E+00 .9567E+00 .8468E+00 .2962E-01 .1861E+00
.8270E+03 .1077E+01 .8915E+00 .3082E-01 .3357E+00 .3049E+00 .8915E+00 .1152E+00 .1007E+01 .8915E+00 .3082E-01 .1960E+00
.8280E+03 .1071E+01 .7703E+00 .2722E-01 .2907E+00 .2634E+00 .7703E+00 .1006E+00 .8709E+00 .7703E+00 .2722E-01 .1699E+00
.8290E+03 .1064E+01 .8457E+00 .2925E-01 .3185E+00 .2892E+00 .8457E+00 .1094E+00 .9550E+00 .8457E+00 .2925E-01 .1863E+00
.8300E+03 .1061E+01 .8387E+00 .2897E-01 .3158E+00 .2868E+00 .8387E+00 .1084E+00 .9470E+00 .8387E+00 .2897E-01 .1847E+00
.8310E+03 .1055E+01 .8398E+00 .2893E-01 .3162E+00 .2872E+00 .8398E+00 .1084E+00 .9482E+00 .8398E+00 .2893E-01 .1849E+00
.8320E+03 .1058E+01 .8186E+00 .2824E-01 .3082E+00 .2800E+00 .8186E+00 .1059E+00 .9245E+00 .8186E+00 .2824E-01 .1807E+00
.8330E+03 .1025E+01 .8545E+00 .2918E-01 .3214E+00 .2923E+00 .8545E+00 .1101E+00 .9647E+00 .8545E+00 .2918E-01 .1889E+00
.8340E+03 .1030E+01 .8259E+00 .2839E-01 .3109E+00 .2825E+00 .8259E+00 .1069E+00 .9328E+00 .8259E+00 .2839E-01 .1830E+00
.8350E+03 .1046E+01 .9032E+00 .3044E-01 .3394E+00 .3089E+00 .9032E+00 .1159E+00 .1019E+01 .9032E+00 .3044E-01 .2000E+00
.8360E+03 .1051E+01 .8662E+00 .2945E-01 .3257E+00 .2963E+00 .8662E+00 .1117E+00 .9778E+00 .8662E+00 .2945E-01 .1922E+00
.8370E+03 .1046E+01 .9062E+00 .3036E-01 .3403E+00 .3099E+00 .9062E+00 .1161E+00 .1022E+01 .9062E+00 .3036E-01 .2010E+00
.8380E+03 .1030E+01 .8793E+00 .2951E-01 .3303E+00 .3007E+00 .8793E+00 .1128E+00 .9921E+00 .8793E+00 .2951E-01 .1953E+00
.8390E+03 .1027E+01 .8927E+00 .2972E-01 .3350E+00 .3053E+00 .8927E+00 .1141E+00 .1007E+01 .8927E+00 .2972E-01 .1983E+00
.8400E+03 .1044E+01 .9123E+00 .3025E-01 .3423E+00 .3120E+00 .9123E+00 .1165E+00 .1029E+01 .9123E+00 .3025E-01 .2028E+00
.8410E+03 .1038E+01 .9000E+00 .2982E-01 .3376E+00 .3078E+00 .9000E+00 .1150E+00 .1015E+01 .9000E+00 .2982E-01 .2003E+00
.8420E+03 .1029E+01 .9014E+00 .2969E-01 .3380E+00 .3083E+00 .9014E+00 .1149E+00 .1016E+01 .9014E+00 .2969E-01 .2008E+00
.8430E+03 .1017E+01 .9007E+00 .2948E-01 .3375E+00 .3080E+00 .9007E+00 .1146E+00 .1015E+01 .9007E+00 .2948E-01 .2007E+00
.8440E+03 .1010E+01 .8893E+00 .2907E-01 .3332E+00 .3042E+00 .8893E+00 .1131E+00 .1002E+01 .8893E+00 .2907E-01 .1984E+00
.8450E+03 .1034E+01 .9183E+00 .2987E-01 .3440E+00 .3141E+00 .9183E+00 .1166E+00 .1035E+01 .9183E+00 .2987E-01 .2050E+00
.8460E+03 .1028E+01 .9144E+00 .2964E-01 .3424E+00 .3128E+00 .9144E+00 .1160E+00 .1030E+01 .9144E+00 .2964E-01 .2043E+00
.8470E+03 .1005E+01 .8973E+00 .2897E-01 .3359E+00 .3069E+00 .8973E+00 .1137E+00 .1011E+01 .8973E+00 .2897E-01 .2007E+00
.8480E+03 .1004E+01 .8922E+00 .2876E-01 .3339E+00 .3052E+00 .8922E+00 .1130E+00 .1005E+01 .8922E+00 .2876E-01 .1997E+00
.8490E+03 .9755E+00 .8670E+00 .2787E-01 .3244E+00 .2965E+00 .8670E+00 .1098E+00 .9768E+00 .8670E+00 .2787E-01 .1942E+00
.8500E+03 .9336E+00 .8307E+00 .2661E-01 .3107E+00 .2841E+00 .8307E+00 .1051E+00 .9358E+00 .8307E+00 .2661E-01 .1863E+00
.8510E+03 .9946E+00 .8799E+00 .2813E-01 .3291E+00 .3009E+00 .8799E+00 .1113E+00 .9911E+00 .8799E+00 .2813E-01 .1974E+00
.8520E+03 .9850E+00 .8741E+00 .2783E-01 .3268E+00 .2990E+00 .8741E+00 .1103E+00 .9844E+00 .8741E+00 .2783E-01 .1961E+00
.8530E+03 .9433E+00 .8410E+00 .2666E-01 .3143E+00 .2876E+00 .8410E+00 .1059E+00 .9469E+00 .8410E+00 .2666E-01 .1886E+00
.8540E+03 .8184E+00 .7268E+00 .2301E-01 .2716E+00 .2486E+00 .7268E+00 .9154E-01 .8183E+00 .7268E+00 .2301E-01 .1631E+00
.8550E+03 .8936E+00 .7980E+00 .2517E-01 .2981E+00 .2729E+00 .7980E+00 .1004E+00 .8984E+00 .7980E+00 .2517E-01 .1793E+00
.8560E+03 .9789E+00 .8729E+00 .2748E-01 .3260E+00 .2985E+00 .8729E+00 .1098E+00 .9827E+00 .8729E+00 .2748E-01 .1963E+00
.8570E+03 .9971E+00 .8921E+00 .2800E-01 .3331E+00 .3051E+00 .8921E+00 .1122E+00 .1004E+01 .8921E+00 .2800E-01 .2011E+00
.8580E+03 .9912E+00 .8859E+00 .2776E-01 .3307E+00 .3030E+00 .8859E+00 .1115E+00 .9974E+00 .8859E+00 .2776E-01 .2001E+00
.8590E+03 .9901E+00 .8870E+00 .2770E-01 .3311E+00 .3034E+00 .8870E+00 .1115E+00 .9985E+00 .8870E+00 .2770E-01 .2004E+00
.8600E+03 .9903E+00 .8886E+00 .2768E-01 .3316E+00 .3039E+00 .8886E+00 .1116E+00 .1000E+01 .8886E+00 .2768E-01 .2007E+00
.8610E+03 .9853E+00 .8842E+00 .2748E-01 .3299E+00 .3024E+00 .8842E+00 .1110E+00 .9952E+00 .8842E+00 .2748E-01 .1998E+00
.8620E+03 .1000E+01 .8982E+00 .2786E-01 .3351E+00 .3072E+00 .8982E+00 .1128E+00 .1011E+01 .8982E+00 .2786E-01 .2034E+00
.8630E+03 .1024E+01 .9197E+00 .2847E-01 .3430E+00 .3146E+00 .9197E+00 .1155E+00 .1035E+01 .9197E+00 .2847E-01 .2087E+00
.8640E+03 .9722E+00 .8741E+00 .2700E-01 .3260E+00 .2990E+00 .8741E+00 .1098E+00 .9838E+00 .8741E+00 .2700E-01 .1985E+00
.8650E+03 .9633E+00 .8667E+00 .2670E-01 .3231E+00 .2964E+00 .8667E+00 .1088E+00 .9755E+00 .8667E+00 .2670E-01 .1970E+00
.8660E+03 .8662E+00 .7795E+00 .2396E-01 .2906E+00 .2666E+00 .7795E+00 .9780E-01 .8773E+00 .7795E+00 .2396E-01 .1773E+00
.8670E+03 .9038E+00 .8137E+00 .2495E-01 .3033E+00 .2783E+00 .8137E+00 .1020E+00 .9158E+00 .8137E+00 .2495E-01 .1853E+00
.8680E+03 .9833E+00 .8858E+00 .2710E-01 .3300E+00 .3029E+00 .8858E+00 .1110E+00 .9968E+00 .8858E+00 .2710E-01 .2019E+00
.8690E+03 .9627E+00 .8676E+00 .2648E-01 .3232E+00 .2968E+00 .8676E+00 .1087E+00 .9764E+00 .8676E+00 .2648E-01 .1979E+00
.8700E+03 .9901E+00 .8926E+00 .2717E-01 .3325E+00 .3053E+00 .8926E+00 .1118E+00 .1004E+01 .8926E+00 .2717E-01 .2038E+00
.8710E+03 .9766E+00 .8807E+00 .2675E-01 .3280E+00 .3012E+00 .8807E+00 .1103E+00 .9910E+00 .8807E+00 .2675E-01 .2013E+00
.8720E+03 .9729E+00 .8778E+00 .2659E-01 .3268E+00 .3002E+00 .8778E+00 .1099E+00 .9877E+00 .8778E+00 .2659E-01 .2008E+00
.8730E+03 .9709E+00 .8763E+00 .2648E-01 .3262E+00 .2997E+00 .8763E+00 .1096E+00 .9859E+00 .8763E+00 .2648E-01 .2006E+00
.8740E+03 .9593E+00 .8661E+00 .2610E-01 .3223E+00 .2962E+00 .8661E+00 .1082E+00 .9743E+00 .8661E+00 .2610E-01 .1983E+00
.8750E+03 .9401E+00 .8488E+00 .2551E-01 .3158E+00 .2903E+00 .8488E+00 .1059E+00 .9547E+00 .8488E+00 .2551E-01 .1943E+00
.8760E+03 .9502E+00 .8579E+00 .2572E-01 .3191E+00 .2934E+00 .8579E+00 .1070E+00 .9649E+00 .8579E+00 .2572E-01 .1964E+00
.8770E+03 .9594E+00 .8667E+00 .2592E-01 .3223E+00 .2964E+00 .8667E+00 .1080E+00 .9747E+00 .8667E+00 .2592E-01 .1986E+00
.8780E+03 .9708E+00 .8764E+00 .2615E-01 .3259E+00 .2998E+00 .8764E+00 .1092E+00 .9857E+00 .8764E+00 .2615E-01 .2011E+00
.8790E+03 .9556E+00 .8631E+00 .2568E-01 .3209E+00 .2952E+00 .8631E+00 .1075E+00 .9706E+00 .8631E+00 .2568E-01 .1982E+00
.8800E+03 .9350E+00 .8447E+00 .2507E-01 .3140E+00 .2889E+00 .8447E+00 .1051E+00 .9499E+00 .8447E+00 .2507E-01 .1941E+00
.8810E+03 .9237E+00 .8326E+00 .2467E-01 .3094E+00 .2848E+00 .8326E+00 .1037E+00 .9363E+00 .8326E+00 .2467E-01 .1916E+00
.8820E+03 .9442E+00 .8506E+00 .2515E-01 .3161E+00 .2909E+00 .8506E+00 .1059E+00 .9565E+00 .8506E+00 .2515E-01 .1961E+00
.8830E+03 .9454E+00 .8537E+00 .2515E-01 .3171E+00 .2920E+00 .8537E+00 .1063E+00 .9599E+00 .8537E+00 .2515E-01 .1972E+00
.8840E+03 .9416E+00 .8497E+00 .2498E-01 .3156E+00 .2906E+00 .8497E+00 .1057E+00 .9554E+00 .8497E+00 .2498E-01 .1962E+00
.8850E+03 .9486E+00 .8562E+00 .2510E-01 .3179E+00 .2928E+00 .8562E+00 .1064E+00 .9625E+00 .8562E+00 .2510E-01 .1977E+00
.8860E+03 .9132E+00 .8166E+00 .2394E-01 .3032E+00 .2793E+00 .8166E+00 .1015E+00 .9182E+00 .8166E+00 .2394E-01 .1888E+00
.8870E+03 .9164E+00 .8254E+00 .2409E-01 .3064E+00 .2823E+00 .8254E+00 .1026E+00 .9279E+00 .8254E+00 .2409E-01 .1911E+00
.8880E+03 .9363E+00 .8389E+00 .2445E-01 .3114E+00 .2869E+00 .8389E+00 .1043E+00 .9431E+00 .8389E+00 .2445E-01 .1946E+00
.8890E+03 .9366E+00 .8470E+00 .2457E-01 .3143E+00 .2897E+00 .8470E+00 .1051E+00 .9521E+00 .8470E+00 .2457E-01 .1964E+00
.8900E+03 .9393E+00 .8411E+00 .2440E-01 .3121E+00 .2877E+00 .8411E+00 .1044E+00 .9455E+00 .8411E+00 .2440E-01 .1951E+00
.8910E+03 .9322E+00 .8401E+00 .2427E-01 .3116E+00 .2873E+00 .8401E+00 .1042E+00 .9443E+00 .8401E+00 .2427E-01 .1951E+00
.8920E+03 .9173E+00 .8156E+00 .2361E-01 .3026E+00 .2790E+00 .8156E+00 .1013E+00 .9170E+00 .8156E+00 .2361E-01 .1898E+00
.8930E+03 .9118E+00 .7912E+00 .2297E-01 .2936E+00 .2706E+00 .7912E+00 .9851E-01 .8898E+00 .7912E+00 .2297E-01 .1845E+00
.8940E+03 .9140E+00 .7636E+00 .2233E-01 .2835E+00 .2612E+00 .7636E+00 .9537E-01 .8590E+00 .7636E+00 .2233E-01 .1781E+00
.8950E+03 .9104E+00 .7243E+00 .2140E-01 .2691E+00 .2477E+00 .7243E+00 .9085E-01 .8151E+00 .7243E+00 .2140E-01 .1691E+00
.8960E+03 .9238E+00 .7003E+00 .2060E-01 .2601E+00 .2395E+00 .7003E+00 .8771E-01 .7880E+00 .7003E+00 .2060E-01 .1636E+00
.8970E+03 .9099E+00 .6133E+00 .1832E-01 .2281E+00 .2098E+00 .6133E+00 .7736E-01 .6907E+00 .6133E+00 .1832E-01 .1436E+00
.8980E+03 .9137E+00 .6574E+00 .1945E-01 .2443E+00 .2248E+00 .6574E+00 .8265E-01 .7400E+00 .6574E+00 .1945E-01 .1540E+00
.8990E+03 .9110E+00 .5060E+00 .1546E-01 .1885E+00 .1731E+00 .5060E+00 .6453E-01 .5705E+00 .5060E+00 .1546E-01 .1190E+00
.9000E+03 .8902E+00 .6670E+00 .1945E-01 .2476E+00 .2281E+00 .6670E+00 .8346E-01 .7504E+00 .6670E+00 .1945E-01 .1564E+00
.9010E+03 .8596E+00 .5373E+00 .1619E-01 .2000E+00 .1838E+00 .5373E+00 .6824E-01 .6056E+00 .5373E+00 .1619E-01 .1266E+00
.9020E+03 .8684E+00 .6137E+00 .1794E-01 .2278E+00 .2099E+00 .6137E+00 .7705E-01 .6907E+00 .6137E+00 .1794E-01 .1445E+00
.9030E+03 .9014E+00 .6206E+00 .1832E-01 .2306E+00 .2123E+00 .6206E+00 .7830E-01 .6989E+00 .6206E+00 .1832E-01 .1464E+00
.9040E+03 .9104E+00 .7680E+00 .2184E-01 .2845E+00 .2627E+00 .7680E+00 .9542E-01 .8634E+00 .7680E+00 .2184E-01 .1807E+00
.9050E+03 .9078E+00 .7433E+00 .2120E-01 .2754E+00 .2542E+00 .7433E+00 .9244E-01 .8357E+00 .7433E+00 .2120E-01 .1749E+00
.9060E+03 .8868E+00 .6987E+00 .1997E-01 .2589E+00 .2390E+00 .6987E+00 .8706E-01 .7857E+00 .6987E+00 .1997E-01 .1647E+00
.9070E+03 .8940E+00 .5806E+00 .1709E-01 .2157E+00 .1986E+00 .5806E+00 .7333E-01 .6539E+00 .5806E+00 .1709E-01 .1375E+00
.9080E+03 .8783E+00 .5927E+00 .1728E-01 .2200E+00 .2027E+00 .5927E+00 .7463E-01 .6673E+00 .5927E+00 .1728E-01 .1405E+00
.9090E+03 .8604E+00 .6321E+00 .1820E-01 .2344E+00 .2162E+00 .6321E+00 .7918E-01 .7113E+00 .6321E+00 .1820E-01 .1497E+00
.9100E+03 .8774E+00 .5617E+00 .1671E-01 .2088E+00 .1921E+00 .5617E+00 .7132E-01 .6330E+00 .5617E+00 .1671E-01 .1333E+00
.9110E+03 .8728E+00 .5923E+00 .1730E-01 .2199E+00 .2026E+00 .5923E+00 .7472E-01 .6671E+00 .5923E+00 .1730E-01 .1407E+00
.9120E+03 .8740E+00 .6252E+00 .1798E-01 .2318E+00 .2138E+00 .6252E+00 .7847E-01 .7037E+00 .6252E+00 .1798E-01 .1486E+00
.9130E+03 .8932E+00 .5688E+00 .1684E-01 .2114E+00 .1946E+00 .5688E+00 .7230E-01 .6411E+00 .5688E+00 .1684E-01 .1356E+00
.9140E+03 .8826E+00 .5758E+00 .1672E-01 .2137E+00 .1969E+00 .5758E+00 .7260E-01 .6484E+00 .5758E+00 .1672E-01 .1371E+00
.9150E+03 .8753E+00 .6050E+00 .1771E-01 .2246E+00 .2069E+00 .6050E+00 .7653E-01 .6816E+00 .6050E+00 .1771E-01 .1441E+00
.9160E+03 .8791E+00 .5331E+00 .1550E-01 .1978E+00 .1823E+00 .5331E+00 .6732E-01 .6004E+00 .5331E+00 .1550E-01 .1272E+00
.9170E+03 .8667E+00 .6474E+00 .1850E-01 .2399E+00 .2214E+00 .6474E+00 .8129E-01 .7287E+00 .6474E+00 .1850E-01 .1546E+00
.9180E+03 .8709E+00 .5458E+00 .1582E-01 .2025E+00 .1867E+00 .5458E+00 .6898E-01 .6148E+00 .5458E+00 .1582E-01 .1306E+00
.9190E+03 .8739E+00 .6611E+00 .1866E-01 .2448E+00 .2261E+00 .6611E+00 .8264E-01 .7438E+00 .6611E+00 .1866E-01 .1579E+00
.9200E+03 .8632E+00 .6772E+00 .1869E-01 .2503E+00 .2316E+00 .6772E+00 .8390E-01 .7611E+00 .6772E+00 .1869E-01 .1615E+00
.9210E+03 .8416E+00 .6894E+00 .1907E-01 .2548E+00 .2358E+00 .6894E+00 .8559E-01 .7749E+00 .6894E+00 .1907E-01 .1647E+00
.9220E+03 .8384E+00 .6204E+00 .1747E-01 .2297E+00 .2122E+00 .6204E+00 .7769E-01 .6981E+00 .6204E+00 .1747E-01 .1488E+00
.9230E+03 .8153E+00 .6673E+00 .1835E-01 .2466E+00 .2282E+00 .6673E+00 .8283E-01 .7502E+00 .6673E+00 .1835E-01 .1599E+00
.9240E+03 .8412E+00 .6348E+00 .1781E-01 .2349E+00 .2171E+00 .6348E+00 .7943E-01 .7142E+00 .6348E+00 .1781E-01 .1523E+00
.9250E+03 .8410E+00 .6241E+00 .1746E-01 .2309E+00 .2135E+00 .6241E+00 .7800E-01 .7021E+00 .6241E+00 .1746E-01 .1497E+00
.9260E+03 .8302E+00 .6282E+00 .1756E-01 .2324E+00 .2149E+00 .6282E+00 .7857E-01 .7068E+00 .6282E+00 .1756E-01 .1510E+00
.9270E+03 .8567E+00 .6999E+00 .1918E-01 .2586E+00 .2394E+00 .6999E+00 .8697E-01 .7868E+00 .6999E+00 .1918E-01 .1683E+00
.9280E+03 .8581E+00 .5238E+00 .1532E-01 .1945E+00 .1792E+00 .5238E+00 .6687E-01 .5907E+00 .5238E+00 .1532E-01 .1267E+00
.9290E+03 .8467E+00 .4756E+00 .1420E-01 .1769E+00 .1627E+00 .4756E+00 .6127E-01 .5368E+00 .4756E+00 .1420E-01 .1154E+00
.9300E+03 .8511E+00 .3934E+00 .1209E-01 .1466E+00 .1345E+00 .3934E+00 .5132E-01 .4447E+00 .3934E+00 .1209E-01 .9574E-01
.9310E+03 .8511E+00 .3696E+00 .1121E-01 .1376E+00 .1264E+00 .3696E+00 .4799E-01 .4176E+00 .3696E+00 .1121E-01 .9000E-01
.9320E+03 .8466E+00 .2753E+00 .8799E-02 .1030E+00 .9416E-01 .2753E+00 .3657E-01 .3119E+00 .2753E+00 .8799E-02 .6738E-01
.9330E+03 .8498E+00 .2304E+00 .7657E-02 .8646E-01 .7880E-01 .2304E+00 .3114E-01 .2615E+00 .2304E+00 .7657E-02 .5658E-01
.9340E+03 .8477E+00 .1406E+00 .5372E-02 .5347E-01 .4810E-01 .1406E+00 .2026E-01 .1609E+00 .1406E+00 .5372E-02 .3492E-01
.9350E+03 .8377E+00 .2430E+00 .7667E-02 .9078E-01 .8311E-01 .2430E+00 .3212E-01 .2751E+00 .2430E+00 .7667E-02 .5948E-01
.9360E+03 .8335E+00 .1570E+00 .5384E-02 .5907E-01 .5368E-01 .1570E+00 .2154E-01 .1785E+00 .1570E+00 .5384E-02 .3874E-01
.9370E+03 .8395E+00 .1651E+00 .5712E-02 .6217E-01 .5646E-01 .1651E+00 .2277E-01 .1878E+00 .1651E+00 .5712E-02 .4084E-01
.9380E+03 .8388E+00 .1990E+00 .6684E-02 .7473E-01 .6805E-01 .1990E+00 .2709E-01 .2260E+00 .1990E+00 .6684E-02 .4913E-01
.9390E+03 .8327E+00 .3690E+00 .1090E-01 .1371E+00 .1262E+00 .3690E+00 .4757E-01 .4165E+00 .3690E+00 .1090E-01 .9024E-01
.9400E+03 .8229E+00 .4329E+00 .1250E-01 .1606E+00 .1481E+00 .4329E+00 .5530E-01 .4882E+00 .4329E+00 .1250E-01 .1057E+00
.9410E+03 .7930E+00 .3350E+00 .1010E-01 .1247E+00 .1146E+00 .3350E+00 .4355E-01 .3785E+00 .3350E+00 .1010E-01 .8204E-01
.9420E+03 .8095E+00 .3837E+00 .1121E-01 .1424E+00 .1312E+00 .3837E+00 .4923E-01 .4329E+00 .3837E+00 .1121E-01 .9377E-01
.9430E+03 .8194E+00 .2721E+00 .8209E-02 .1013E+00 .9307E-01 .2721E+00 .3540E-01 .3075E+00 .2721E+00 .8209E-02 .6675E-01
.9440E+03 .8084E+00 .2813E+00 .8128E-02 .1043E+00 .9619E-01 .2813E+00 .3597E-01 .3172E+00 .2813E+00 .8128E-02 .6887E-01
.9450E+03 .8165E+00 .3434E+00 .1018E-01 .1276E+00 .1174E+00 .3434E+00 .4440E-01 .3878E+00 .3434E+00 .1018E-01 .8422E-01
.9460E+03 .8194E+00 .1886E+00 .6076E-02 .7058E-01 .6451E-01 .1886E+00 .2526E-01 .2139E+00 .1886E+00 .6076E-02 .4658E-01
.9470E+03 .8212E+00 .3429E+00 .1029E-01 .1276E+00 .1173E+00 .3429E+00 .4456E-01 .3875E+00 .3429E+00 .1029E-01 .8419E-01
.9480E+03 .8219E+00 .2641E+00 .7913E-02 .9823E-01 .9032E-01 .2641E+00 .3431E-01 .2984E+00 .2641E+00 .7913E-02 .6491E-01
.9490E+03 .8212E+00 .4602E+00 .1319E-01 .1706E+00 .1574E+00 .4602E+00 .5877E-01 .5190E+00 .4602E+00 .1319E-01 .1128E+00
.9500E+03 .8154E+00 .1486E+00 .5160E-02 .5598E-01 .5082E-01 .1486E+00 .2060E-01 .1692E+00 .1486E+00 .5160E-02 .3699E-01
.9510E+03 .8110E+00 .4499E+00 .1277E-01 .1667E+00 .1539E+00 .4499E+00 .5725E-01 .5072E+00 .4499E+00 .1277E-01 .1103E+00
.9520E+03 .8117E+00 .2586E+00 .7972E-02 .9642E-01 .8845E-01 .2586E+00 .3404E-01 .2927E+00 .2586E+00 .7972E-02 .6380E-01
.9530E+03 .8043E+00 .3160E+00 .9373E-02 .1175E+00 .1081E+00 .3160E+00 .4096E-01 .3570E+00 .3160E+00 .9373E-02 .7780E-01
.9540E+03 .7797E+00 .3763E+00 .1068E-01 .1394E+00 .1287E+00 .3763E+00 .4794E-01 .4242E+00 .3763E+00 .1068E-01 .9243E-01
.9550E+03 .7665E+00 .3336E+00 .9664E-02 .1238E+00 .1141E+00 .3336E+00 .4287E-01 .3765E+00 .3336E+00 .9664E-02 .8212E-01
.9560E+03 .7989E+00 .3034E+00 .8741E-02 .1125E+00 .1038E+00 .3034E+00 .3890E-01 .3423E+00 .3034E+00 .8741E-02 .7469E-01
.9570E+03 .7927E+00 .2568E+00 .7869E-02 .9569E-01 .8782E-01 .2568E+00 .3377E-01 .2905E+00 .2568E+00 .7869E-02 .6348E-01
.9580E+03 .8013E+00 .4221E+00 .1136E-01 .1557E+00 .1444E+00 .4221E+00 .5268E-01 .4748E+00 .4221E+00 .1136E-01 .1034E+00
.9590E+03 .8021E+00 .3465E+00 .9792E-02 .1283E+00 .1185E+00 .3465E+00 .4408E-01 .3906E+00 .3465E+00 .9792E-02 .8518E-01
.9600E+03 .7908E+00 .3798E+00 .1077E-01 .1407E+00 .1299E+00 .3798E+00 .4838E-01 .4282E+00 .3798E+00 .1077E-01 .9335E-01
.9610E+03 .7946E+00 .4236E+00 .1159E-01 .1565E+00 .1449E+00 .4236E+00 .5321E-01 .4768E+00 .4236E+00 .1159E-01 .1039E+00
.9620E+03 .7878E+00 .4052E+00 .1110E-01 .1497E+00 .1386E+00 .4052E+00 .5093E-01 .4562E+00 .4052E+00 .1110E-01 .9940E-01
.9630E+03 .7839E+00 .4616E+00 .1231E-01 .1702E+00 .1579E+00 .4616E+00 .5744E-01 .5190E+00 .4616E+00 .1231E-01 .1131E+00
.9640E+03 .7836E+00 .4234E+00 .1138E-01 .1562E+00 .1448E+00 .4234E+00 .5286E-01 .4762E+00 .4234E+00 .1138E-01 .1039E+00
.9650E+03 .7805E+00 .4564E+00 .1208E-01 .1682E+00 .1561E+00 .4564E+00 .5667E-01 .5131E+00 .4564E+00 .1208E-01 .1120E+00
.9660E+03 .7742E+00 .4684E+00 .1233E-01 .1725E+00 .1602E+00 .4684E+00 .5805E-01 .5265E+00 .4684E+00 .1233E-01 .1149E+00
.9670E+03 .7809E+00 .4706E+00 .1238E-01 .1733E+00 .1610E+00 .4706E+00 .5831E-01 .5289E+00 .4706E+00 .1238E-01 .1154E+00
.9680E+03 .7798E+00 .6037E+00 .1499E-01 .2215E+00 .2065E+00 .6037E+00 .7324E-01 .6769E+00 .6037E+00 .1499E-01 .1476E+00
.9690E+03 .7793E+00 .6216E+00 .1556E-01 .2282E+00 .2126E+00 .6216E+00 .7570E-01 .6973E+00 .6216E+00 .1556E-01 .1522E+00
.9700E+03 .7785E+00 .5851E+00 .1463E-01 .2148E+00 .2001E+00 .5851E+00 .7126E-01 .6564E+00 .5851E+00 .1463E-01 .1434E+00
.9710E+03 .7761E+00 .6587E+00 .1609E-01 .2414E+00 .2253E+00 .6587E+00 .7954E-01 .7382E+00 .6587E+00 .1609E-01 .1612E+00
.9720E+03 .7779E+00 .6296E+00 .1544E-01 .2308E+00 .2153E+00 .6296E+00 .7613E-01 .7057E+00 .6296E+00 .1544E-01 .1541E+00
.9730E+03 .7697E+00 .5596E+00 .1404E-01 .2054E+00 .1914E+00 .5596E+00 .6823E-01 .6278E+00 .5596E+00 .1404E-01 .1372E+00
.9740E+03 .7603E+00 .5240E+00 .1329E-01 .1925E+00 .1792E+00 .5240E+00 .6415E-01 .5882E+00 .5240E+00 .1329E-01 .1285E+00
.9750E+03 .7695E+00 .5476E+00 .1361E-01 .2009E+00 .1873E+00 .5476E+00 .6656E-01 .6142E+00 .5476E+00 .1361E-01 .1342E+00
.9760E+03 .7652E+00 .5245E+00 .1322E-01 .1926E+00 .1794E+00 .5245E+00 .6411E-01 .5886E+00 .5245E+00 .1322E-01 .1288E+00
.9770E+03 .7635E+00 .5933E+00 .1446E-01 .2174E+00 .2029E+00 .5933E+00 .7168E-01 .6650E+00 .5933E+00 .1446E-01 .1455E+00
.9780E+03 .7624E+00 .5643E+00 .1391E-01 .2069E+00 .1930E+00 .5643E+00 .6846E-01 .6328E+00 .5643E+00 .1391E-01 .1385E+00
.9790E+03 .7560E+00 .5895E+00 .1438E-01 .2160E+00 .2016E+00 .5895E+00 .7125E-01 .6607E+00 .5895E+00 .1438E-01 .1446E+00
.9800E+03 .7599E+00 .5589E+00 .1366E-01 .2048E+00 .1912E+00 .5589E+00 .6760E-01 .6265E+00 .5589E+00 .1366E-01 .1371E+00
.9810E+03 .7640E+00 .6501E+00 .1556E-01 .2379E+00 .2224E+00 .6501E+00 .7804E-01 .7282E+00 .6501E+00 .1556E-01 .1593E+00
.9820E+03 .7614E+00 .6213E+00 .1500E-01 .2275E+00 .2125E+00 .6213E+00 .7481E-01 .6961E+00 .6213E+00 .1500E-01 .1523E+00
.9830E+03 .7559E+00 .5960E+00 .1445E-01 .2183E+00 .2038E+00 .5960E+00 .7192E-01 .6679E+00 .5960E+00 .1445E-01 .1463E+00
.9840E+03 .7549E+00 .6681E+00 .1573E-01 .2442E+00 .2285E+00 .6681E+00 .7983E-01 .7479E+00 .6681E+00 .1573E-01 .1638E+00
.9850E+03 .7555E+00 .6176E+00 .1481E-01 .2260E+00 .2112E+00 .6176E+00 .7432E-01 .6919E+00 .6176E+00 .1481E-01 .1517E+00
.9860E+03 .7499E+00 .6813E+00 .1586E-01 .2489E+00 .2330E+00 .6813E+00 .8112E-01 .7624E+00 .6813E+00 .1586E-01 .1671E+00
.9870E+03 .7484E+00 .6669E+00 .1560E-01 .2437E+00 .2281E+00 .6669E+00 .7953E-01 .7464E+00 .6669E+00 .1560E-01 .1636E+00
.9880E+03 .7494E+00 .6657E+00 .1554E-01 .2432E+00 .2277E+00 .6657E+00 .7937E-01 .7450E+00 .6657E+00 .1554E-01 .1634E+00
.9890E+03 .7376E+00 .6783E+00 .1563E-01 .2476E+00 .2320E+00 .6783E+00 .8056E-01 .7588E+00 .6783E+00 .1563E-01 .1665E+00
.9900E+03 .7407E+00 .6618E+00 .1536E-01 .2417E+00 .2264E+00 .6618E+00 .7883E-01 .7407E+00 .6618E+00 .1536E-01 .1627E+00
.9910E+03 .7420E+00 .6803E+00 .1559E-01 .2483E+00 .2327E+00 .6803E+00 .8069E-01 .7610E+00 .6803E+00 .1559E-01 .1671E+00
.9920E+03 .7443E+00 .6841E+00 .1564E-01 .2496E+00 .2340E+00 .6841E+00 .8107E-01 .7652E+00 .6841E+00 .1564E-01 .1680E+00
.9930E+03 .7423E+00 .6690E+00 .1537E-01 .2442E+00 .2288E+00 .6690E+00 .7947E-01 .7485E+00 .6690E+00 .1537E-01 .1645E+00
.9940E+03 .7423E+00 .6839E+00 .1557E-01 .2495E+00 .2339E+00 .6839E+00 .8104E-01 .7650E+00 .6839E+00 .1557E-01 .1683E+00
.9950E+03 .7390E+00 .6831E+00 .1551E-01 .2491E+00 .2336E+00 .6831E+00 .8089E-01 .7640E+00 .6831E+00 .1551E-01 .1681E+00
.9960E+03 .7384E+00 .6806E+00 .1544E-01 .2482E+00 .2328E+00 .6806E+00 .8057E-01 .7612E+00 .6806E+00 .1544E-01 .1675E+00
.9970E+03 .7381E+00 .6815E+00 .1542E-01 .2485E+00 .2331E+00 .6815E+00 .8061E-01 .7621E+00 .6815E+00 .1542E-01 .1677E+00
.9980E+03 .7356E+00 .6781E+00 .1532E-01 .2472E+00 .2319E+00 .6781E+00 .8022E-01 .7583E+00 .6781E+00 .1532E-01 .1670E+00
.9990E+03 .7322E+00 .6760E+00 .1524E-01 .2464E+00 .2312E+00 .6760E+00 .7996E-01 .7559E+00 .6760E+00 .1524E-01 .1667E+00
.1000E+04 .7312E+00 .6716E+00 .1513E-01 .2448E+00 .2297E+00 .6716E+00 .7948E-01 .7511E+00 .6716E+00 .1513E-01 .1657E+00
.1001E+04 .7357E+00 .6797E+00 .1526E-01 .2477E+00 .2325E+00 .6797E+00 .8038E-01 .7601E+00 .6797E+00 .1526E-01 .1679E+00
.1002E+04 .7325E+00 .6612E+00 .1491E-01 .2411E+00 .2262E+00 .6612E+00 .7837E-01 .7396E+00 .6612E+00 .1491E-01 .1635E+00
.1003E+04 .7238E+00 .6681E+00 .1494E-01 .2434E+00 .2285E+00 .6681E+00 .7894E-01 .7470E+00 .6681E+00 .1494E-01 .1651E+00
.1004E+04 .7105E+00 .6516E+00 .1457E-01 .2374E+00 .2229E+00 .6516E+00 .7699E-01 .7286E+00 .6516E+00 .1457E-01 .1610E+00
.1005E+04 .6783E+00 .6279E+00 .1397E-01 .2287E+00 .2147E+00 .6279E+00 .7407E-01 .7019E+00 .6279E+00 .1397E-01 .1551E+00
.1006E+04 .7083E+00 .6526E+00 .1450E-01 .2377E+00 .2232E+00 .6526E+00 .7696E-01 .7296E+00 .6526E+00 .1450E-01 .1612E+00
.1007E+04 .7213E+00 .6663E+00 .1477E-01 .2427E+00 .2279E+00 .6663E+00 .7850E-01 .7448E+00 .6663E+00 .1477E-01 .1646E+00
.1008E+04 .7208E+00 .6632E+00 .1469E-01 .2415E+00 .2268E+00 .6632E+00 .7816E-01 .7413E+00 .6632E+00 .1469E-01 .1640E+00
.1009E+04 .7204E+00 .6596E+00 .1460E-01 .2402E+00 .2256E+00 .6596E+00 .7778E-01 .7374E+00 .6596E+00 .1460E-01 .1632E+00
.1010E+04 .7193E+00 .6570E+00 .1452E-01 .2392E+00 .2247E+00 .6570E+00 .7746E-01 .7345E+00 .6570E+00 .1452E-01 .1627E+00
.1011E+04 .7172E+00 .6633E+00 .1458E-01 .2414E+00 .2269E+00 .6633E+00 .7806E-01 .7413E+00 .6633E+00 .1458E-01 .1642E+00
.1012E+04 .7146E+00 .6578E+00 .1444E-01 .2394E+00 .2250E+00 .6578E+00 .7738E-01 .7351E+00 .6578E+00 .1444E-01 .1628E+00
.1013E+04 .7146E+00 .6618E+00 .1448E-01 .2408E+00 .2263E+00 .6618E+00 .7782E-01 .7396E+00 .6618E+00 .1448E-01 .1640E+00
.1014E+04 .7096E+00 .6572E+00 .1435E-01 .2391E+00 .2248E+00 .6572E+00 .7729E-01 .7345E+00 .6572E+00 .1435E-01 .1630E+00
.1015E+04 .7055E+00 .6530E+00 .1423E-01 .2376E+00 .2233E+00 .6530E+00 .7678E-01 .7298E+00 .6530E+00 .1423E-01 .1620E+00
.1016E+04 .7028E+00 .6501E+00 .1414E-01 .2365E+00 .2223E+00 .6501E+00 .7638E-01 .7265E+00 .6501E+00 .1414E-01 .1613E+00
.1017E+04 .7050E+00 .6519E+00 .1415E-01 .2371E+00 .2230E+00 .6519E+00 .7655E-01 .7285E+00 .6519E+00 .1415E-01 .1617E+00
.1018E+04 .7004E+00 .6494E+00 .1406E-01 .2362E+00 .2221E+00 .6494E+00 .7618E-01 .7256E+00 .6494E+00 .1406E-01 .1611E+00
.1019E+04 .6919E+00 .6358E+00 .1377E-01 .2312E+00 .2174E+00 .6358E+00 .7459E-01 .7103E+00 .6358E+00 .1377E-01 .1577E+00
.1020E+04 .6977E+00 .6462E+00 .1393E-01 .2349E+00 .2210E+00 .6462E+00 .7570E-01 .7219E+00 .6462E+00 .1393E-01 .1602E+00
.1021E+04 .6956E+00 .6454E+00 .1388E-01 .2346E+00 .2207E+00 .6454E+00 .7554E-01 .7209E+00 .6454E+00 .1388E-01 .1600E+00
.1022E+04 .6925E+00 .6405E+00 .1376E-01 .2328E+00 .2191E+00 .6405E+00 .7494E-01 .7154E+00 .6405E+00 .1376E-01 .1588E+00
.1023E+04 .7005E+00 .6474E+00 .1388E-01 .2353E+00 .2214E+00 .6474E+00 .7576E-01 .7232E+00 .6474E+00 .1388E-01 .1607E+00
.1024E+04 .6981E+00 .6395E+00 .1372E-01 .2324E+00 .2187E+00 .6395E+00 .7490E-01 .7144E+00 .6395E+00 .1372E-01 .1589E+00
.1025E+04 .6976E+00 .6470E+00 .1381E-01 .2351E+00 .2213E+00 .6470E+00 .7566E-01 .7226E+00 .6470E+00 .1381E-01 .1608E+00
.1026E+04 .6962E+00 .6443E+00 .1373E-01 .2341E+00 .2204E+00 .6443E+00 .7532E-01 .7197E+00 .6443E+00 .1373E-01 .1601E+00
.1027E+04 .6944E+00 .6430E+00 .1367E-01 .2336E+00 .2199E+00 .6430E+00 .7511E-01 .7181E+00 .6430E+00 .1367E-01 .1598E+00
.1028E+04 .6935E+00 .6417E+00 .1362E-01 .2331E+00 .2195E+00 .6417E+00 .7496E-01 .7167E+00 .6417E+00 .1362E-01 .1596E+00
.1029E+04 .6858E+00 .6343E+00 .1344E-01 .2304E+00 .2169E+00 .6343E+00 .7409E-01 .7084E+00 .6343E+00 .1344E-01 .1579E+00
.1030E+04 .6881E+00 .6384E+00 .1349E-01 .2318E+00 .2183E+00 .6384E+00 .7452E-01 .7129E+00 .6384E+00 .1349E-01 .1589E+00
.1031E+04 .6864E+00 .6361E+00 .1341E-01 .2310E+00 .2175E+00 .6361E+00 .7421E-01 .7103E+00 .6361E+00 .1341E-01 .1583E+00
.1032E+04 .6836E+00 .6341E+00 .1334E-01 .2302E+00 .2169E+00 .6341E+00 .7392E-01 .7080E+00 .6341E+00 .1334E-01 .1578E+00
.1033E+04 .6734E+00 .6246E+00 .1311E-01 .2268E+00 .2136E+00 .6246E+00 .7277E-01 .6974E+00 .6246E+00 .1311E-01 .1555E+00
.1034E+04 .6732E+00 .6247E+00 .1309E-01 .2267E+00 .2137E+00 .6247E+00 .7272E-01 .6974E+00 .6247E+00 .1309E-01 .1555E+00
.1035E+04 .6753E+00 .6266E+00 .1310E-01 .2274E+00 .2143E+00 .6266E+00 .7291E-01 .6995E+00 .6266E+00 .1310E-01 .1559E+00
.1036E+04 .6795E+00 .6300E+00 .1315E-01 .2286E+00 .2155E+00 .6300E+00 .7326E-01 .7032E+00 .6300E+00 .1315E-01 .1568E+00
.1037E+04 .6682E+00 .6192E+00 .1290E-01 .2247E+00 .2118E+00 .6192E+00 .7197E-01 .6912E+00 .6192E+00 .1290E-01 .1541E+00
.1038E+04 .6714E+00 .6224E+00 .1294E-01 .2258E+00 .2129E+00 .6224E+00 .7234E-01 .6947E+00 .6224E+00 .1294E-01 .1550E+00
.1039E+04 .6714E+00 .6220E+00 .1291E-01 .2256E+00 .2127E+00 .6220E+00 .7230E-01 .6943E+00 .6220E+00 .1291E-01 .1551E+00
.1040E+04 .6688E+00 .6195E+00 .1283E-01 .2247E+00 .2119E+00 .6195E+00 .7198E-01 .6915E+00 .6195E+00 .1283E-01 .1545E+00
.1041E+04 .6720E+00 .6220E+00 .1286E-01 .2256E+00 .2128E+00 .6220E+00 .7223E-01 .6943E+00 .6220E+00 .1286E-01 .1551E+00
.1042E+04 .6674E+00 .6178E+00 .1274E-01 .2240E+00 .2113E+00 .6178E+00 .7170E-01 .6895E+00 .6178E+00 .1274E-01 .1540E+00
.1043E+04 .6656E+00 .6159E+00 .1268E-01 .2233E+00 .2106E+00 .6159E+00 .7148E-01 .6874E+00 .6159E+00 .1268E-01 .1537E+00
.1044E+04 .6683E+00 .6181E+00 .1270E-01 .2241E+00 .2114E+00 .6181E+00 .7173E-01 .6898E+00 .6181E+00 .1270E-01 .1544E+00
.1045E+04 .6596E+00 .6097E+00 .1251E-01 .2210E+00 .2085E+00 .6097E+00 .7073E-01 .6804E+00 .6097E+00 .1251E-01 .1523E+00
.1046E+04 .6527E+00 .6030E+00 .1234E-01 .2186E+00 .2062E+00 .6030E+00 .6991E-01 .6729E+00 .6030E+00 .1234E-01 .1506E+00
.1047E+04 .6590E+00 .6084E+00 .1243E-01 .2205E+00 .2081E+00 .6084E+00 .7050E-01 .6789E+00 .6084E+00 .1243E-01 .1520E+00
.1048E+04 .6631E+00 .6117E+00 .1248E-01 .2217E+00 .2092E+00 .6117E+00 .7090E-01 .6826E+00 .6117E+00 .1248E-01 .1529E+00
.1049E+04 .6612E+00 .6088E+00 .1240E-01 .2206E+00 .2082E+00 .6088E+00 .7058E-01 .6793E+00 .6088E+00 .1240E-01 .1524E+00
.1050E+04 .6587E+00 .6057E+00 .1232E-01 .2195E+00 .2072E+00 .6057E+00 .7021E-01 .6759E+00 .6057E+00 .1232E-01 .1516E+00
.1051E+04 .6584E+00 .6055E+00 .1229E-01 .2194E+00 .2071E+00 .6055E+00 .7015E-01 .6757E+00 .6055E+00 .1229E-01 .1516E+00
.1052E+04 .6563E+00 .6027E+00 .1222E-01 .2184E+00 .2061E+00 .6027E+00 .6980E-01 .6725E+00 .6027E+00 .1222E-01 .1509E+00
.1053E+04 .6518E+00 .5980E+00 .1210E-01 .2166E+00 .2045E+00 .5980E+00 .6926E-01 .6672E+00 .5980E+00 .1210E-01 .1499E+00
.1054E+04 .6540E+00 .5994E+00 .1211E-01 .2171E+00 .2050E+00 .5994E+00 .6944E-01 .6689E+00 .5994E+00 .1211E-01 .1503E+00
.1055E+04 .6553E+00 .5998E+00 .1210E-01 .2172E+00 .2051E+00 .5998E+00 .6946E-01 .6692E+00 .5998E+00 .1210E-01 .1505E+00
.1056E+04 .6540E+00 .5976E+00 .1204E-01 .2164E+00 .2044E+00 .5976E+00 .6918E-01 .6668E+00 .5976E+00 .1204E-01 .1499E+00
.1057E+04 .6528E+00 .5957E+00 .1198E-01 .2157E+00 .2037E+00 .5957E+00 .6894E-01 .6647E+00 .5957E+00 .1198E-01 .1495E+00
.1058E+04 .6376E+00 .5810E+00 .1167E-01 .2104E+00 .1987E+00 .5810E+00 .6725E-01 .6483E+00 .5810E+00 .1167E-01 .1459E+00
.1059E+04 .6393E+00 .5816E+00 .1167E-01 .2106E+00 .1989E+00 .5816E+00 .6733E-01 .6489E+00 .5816E+00 .1167E-01 .1462E+00
.1060E+04 .6388E+00 .5806E+00 .1163E-01 .2102E+00 .1986E+00 .5806E+00 .6719E-01 .6478E+00 .5806E+00 .1163E-01 .1460E+00
.1061E+04 .6386E+00 .5799E+00 .1159E-01 .2099E+00 .1983E+00 .5799E+00 .6708E-01 .6470E+00 .5799E+00 .1159E-01 .1458E+00
.1062E+04 .6430E+00 .5830E+00 .1164E-01 .2110E+00 .1994E+00 .5830E+00 .6742E-01 .6504E+00 .5830E+00 .1164E-01 .1466E+00
.1063E+04 .6374E+00 .5772E+00 .1151E-01 .2089E+00 .1974E+00 .5772E+00 .6675E-01 .6439E+00 .5772E+00 .1151E-01 .1452E+00
.1064E+04 .6446E+00 .5837E+00 .1161E-01 .2112E+00 .1996E+00 .5837E+00 .6751E-01 .6512E+00 .5837E+00 .1161E-01 .1470E+00
.1065E+04 .6423E+00 .5798E+00 .1152E-01 .2098E+00 .1983E+00 .5798E+00 .6705E-01 .6468E+00 .5798E+00 .1152E-01 .1460E+00
.1066E+04 .6278E+00 .5682E+00 .1126E-01 .2056E+00 .1943E+00 .5682E+00 .6565E-01 .6338E+00 .5682E+00 .1126E-01 .1431E+00
.1067E+04 .6365E+00 .5758E+00 .1139E-01 .2083E+00 .1969E+00 .5758E+00 .6650E-01 .6423E+00 .5758E+00 .1139E-01 .1450E+00
.1068E+04 .6244E+00 .5632E+00 .1113E-01 .2038E+00 .1926E+00 .5632E+00 .6503E-01 .6283E+00 .5632E+00 .1113E-01 .1419E+00
.1069E+04 .6040E+00 .5467E+00 .1077E-01 .1978E+00 .1870E+00 .5467E+00 .6306E-01 .6098E+00 .5467E+00 .1077E-01 .1377E+00
.1070E+04 .6266E+00 .5662E+00 .1114E-01 .2048E+00 .1937E+00 .5662E+00 .6527E-01 .6315E+00 .5662E+00 .1114E-01 .1426E+00
.1071E+04 .6301E+00 .5742E+00 .1125E-01 .2076E+00 .1964E+00 .5742E+00 .6611E-01 .6403E+00 .5742E+00 .1125E-01 .1446E+00
.1072E+04 .6276E+00 .5687E+00 .1113E-01 .2056E+00 .1945E+00 .5687E+00 .6548E-01 .6341E+00 .5687E+00 .1113E-01 .1432E+00
.1073E+04 .6172E+00 .5598E+00 .1094E-01 .2024E+00 .1915E+00 .5598E+00 .6447E-01 .6243E+00 .5598E+00 .1094E-01 .1411E+00
.1074E+04 .6269E+00 .5745E+00 .1117E-01 .2077E+00 .1965E+00 .5745E+00 .6612E-01 .6406E+00 .5745E+00 .1117E-01 .1450E+00
.1075E+04 .6136E+00 .5462E+00 .1069E-01 .1975E+00 .1868E+00 .5462E+00 .6298E-01 .6092E+00 .5462E+00 .1069E-01 .1378E+00
.1076E+04 .6275E+00 .5747E+00 .1113E-01 .2077E+00 .1966E+00 .5747E+00 .6606E-01 .6408E+00 .5747E+00 .1113E-01 .1450E+00
.1077E+04 .6274E+00 .5645E+00 .1097E-01 .2040E+00 .1931E+00 .5645E+00 .6494E-01 .6294E+00 .5645E+00 .1097E-01 .1424E+00
.1078E+04 .6181E+00 .5541E+00 .1076E-01 .2003E+00 .1895E+00 .5541E+00 .6374E-01 .6178E+00 .5541E+00 .1076E-01 .1398E+00
.1079E+04 .6147E+00 .5661E+00 .1089E-01 .2045E+00 .1936E+00 .5661E+00 .6492E-01 .6310E+00 .5661E+00 .1089E-01 .1428E+00
.1080E+04 .6233E+00 .5589E+00 .1078E-01 .2020E+00 .1912E+00 .5589E+00 .6420E-01 .6231E+00 .5589E+00 .1078E-01 .1411E+00
.1081E+04 .6061E+00 .5388E+00 .1043E-01 .1947E+00 .1843E+00 .5388E+00 .6199E-01 .6008E+00 .5388E+00 .1043E-01 .1362E+00
.1082E+04 .6007E+00 .5481E+00 .1051E-01 .1980E+00 .1875E+00 .5481E+00 .6290E-01 .6110E+00 .5481E+00 .1051E-01 .1385E+00
.1083E+04 .5998E+00 .5497E+00 .1050E-01 .1985E+00 .1880E+00 .5497E+00 .6301E-01 .6127E+00 .5497E+00 .1050E-01 .1389E+00
.1084E+04 .6144E+00 .5382E+00 .1038E-01 .1944E+00 .1841E+00 .5382E+00 .6188E-01 .6001E+00 .5382E+00 .1038E-01 .1361E+00
.1085E+04 .6180E+00 .5599E+00 .1069E-01 .2022E+00 .1915E+00 .5599E+00 .6417E-01 .6240E+00 .5599E+00 .1069E-01 .1415E+00
.1086E+04 .6104E+00 .5164E+00 .9948E-02 .1866E+00 .1766E+00 .5164E+00 .5935E-01 .5758E+00 .5164E+00 .9948E-02 .1306E+00
.1087E+04 .5897E+00 .5263E+00 .1006E-01 .1901E+00 .1800E+00 .5263E+00 .6034E-01 .5866E+00 .5263E+00 .1006E-01 .1330E+00
.1088E+04 .6028E+00 .5507E+00 .1042E-01 .1988E+00 .1884E+00 .5507E+00 .6296E-01 .6137E+00 .5507E+00 .1042E-01 .1391E+00
.1089E+04 .6019E+00 .5334E+00 .1017E-01 .1926E+00 .1824E+00 .5334E+00 .6111E-01 .5946E+00 .5334E+00 .1017E-01 .1348E+00
.1090E+04 .6099E+00 .5229E+00 .1001E-01 .1888E+00 .1788E+00 .5229E+00 .5997E-01 .5828E+00 .5229E+00 .1001E-01 .1322E+00
.1091E+04 .6069E+00 .5499E+00 .1037E-01 .1984E+00 .1881E+00 .5499E+00 .6280E-01 .6127E+00 .5499E+00 .1037E-01 .1389E+00
.1092E+04 .6013E+00 .5466E+00 .1028E-01 .1972E+00 .1870E+00 .5466E+00 .6240E-01 .6090E+00 .5466E+00 .1028E-01 .1381E+00
.1093E+04 .5815E+00 .4671E+00 .9025E-02 .1688E+00 .1598E+00 .4671E+00 .5379E-01 .5209E+00 .4671E+00 .9025E-02 .1183E+00
.1094E+04 .5572E+00 .5029E+00 .9440E-02 .1814E+00 .1720E+00 .5029E+00 .5745E-01 .5604E+00 .5029E+00 .9440E-02 .1273E+00
.1095E+04 .5839E+00 .4855E+00 .9306E-02 .1753E+00 .1660E+00 .4855E+00 .5580E-01 .5413E+00 .4855E+00 .9306E-02 .1230E+00
.1096E+04 .5834E+00 .4661E+00 .8995E-02 .1684E+00 .1594E+00 .4661E+00 .5369E-01 .5198E+00 .4661E+00 .8995E-02 .1181E+00
.1097E+04 .5843E+00 .5351E+00 .9960E-02 .1930E+00 .1830E+00 .5351E+00 .6098E-01 .5961E+00 .5351E+00 .9960E-02 .1354E+00
.1098E+04 .5763E+00 .4578E+00 .8834E-02 .1654E+00 .1566E+00 .4578E+00 .5273E-01 .5105E+00 .4578E+00 .8834E-02 .1160E+00
.1099E+04 .5896E+00 .4783E+00 .9163E-02 .1727E+00 .1636E+00 .4783E+00 .5497E-01 .5333E+00 .4783E+00 .9163E-02 .1212E+00
.1100E+04 .5931E+00 .4474E+00 .8672E-02 .1617E+00 .1530E+00 .4474E+00 .5160E-01 .4990E+00 .4474E+00 .8672E-02 .1135E+00
.1101E+04 .5852E+00 .4524E+00 .8716E-02 .1634E+00 .1547E+00 .4524E+00 .5208E-01 .5044E+00 .4524E+00 .8716E-02 .1147E+00
.1102E+04 .5776E+00 .4328E+00 .8395E-02 .1564E+00 .1480E+00 .4328E+00 .4995E-01 .4828E+00 .4328E+00 .8395E-02 .1098E+00
.1103E+04 .5889E+00 .4293E+00 .8365E-02 .1552E+00 .1468E+00 .4293E+00 .4964E-01 .4789E+00 .4293E+00 .8365E-02 .1090E+00
.1104E+04 .5869E+00 .4298E+00 .8353E-02 .1553E+00 .1470E+00 .4298E+00 .4969E-01 .4794E+00 .4298E+00 .8353E-02 .1093E+00
.1105E+04 .5867E+00 .4731E+00 .8947E-02 .1708E+00 .1618E+00 .4731E+00 .5426E-01 .5274E+00 .4731E+00 .8947E-02 .1201E+00
.1106E+04 .5849E+00 .3608E+00 .7321E-02 .1307E+00 .1234E+00 .3608E+00 .4228E-01 .4031E+00 .3608E+00 .7321E-02 .9192E-01
.1107E+04 .5828E+00 .4460E+00 .8528E-02 .1611E+00 .1526E+00 .4460E+00 .5132E-01 .4973E+00 .4460E+00 .8528E-02 .1133E+00
.1108E+04 .5831E+00 .3788E+00 .7523E-02 .1371E+00 .1296E+00 .3788E+00 .4409E-01 .4229E+00 .3788E+00 .7523E-02 .9641E-01
.1109E+04 .5825E+00 .3942E+00 .7642E-02 .1425E+00 .1348E+00 .3942E+00 .4554E-01 .4397E+00 .3942E+00 .7642E-02 .1002E+00
.1110E+04 .5827E+00 .4557E+00 .8607E-02 .1645E+00 .1559E+00 .4557E+00 .5224E-01 .5079E+00 .4557E+00 .8607E-02 .1157E+00
.1111E+04 .5782E+00 .3091E+00 .6249E-02 .1120E+00 .1057E+00 .3091E+00 .3618E-01 .3453E+00 .3091E+00 .6249E-02 .7878E-01
.1112E+04 .5743E+00 .3947E+00 .7578E-02 .1426E+00 .1350E+00 .3947E+00 .4547E-01 .4402E+00 .3947E+00 .7578E-02 .1003E+00
.1113E+04 .5729E+00 .2532E+00 .5320E-02 .9192E-01 .8660E-01 .2532E+00 .3000E-01 .2832E+00 .2532E+00 .5320E-02 .6465E-01
.1114E+04 .5779E+00 .2804E+00 .5828E-02 .1017E+00 .9592E-01 .2804E+00 .3311E-01 .3135E+00 .2804E+00 .5828E-02 .7156E-01
.1115E+04 .5732E+00 .2310E+00 .4785E-02 .8380E-01 .7901E-01 .2310E+00 .2724E-01 .2583E+00 .2310E+00 .4785E-02 .5897E-01
.1116E+04 .5736E+00 .1937E+00 .4298E-02 .7055E-01 .6625E-01 .1937E+00 .2336E-01 .2171E+00 .1937E+00 .4298E-02 .4962E-01
.1117E+04 .5761E+00 .8934E-01 .2361E-02 .3292E-01 .3055E-01 .8934E-01 .1146E-01 .1008E+00 .8934E-01 .2361E-02 .2312E-01
.1118E+04 .5707E+00 .2128E+00 .4546E-02 .7733E-01 .7279E-01 .2128E+00 .2535E-01 .2382E+00 .2128E+00 .4546E-02 .5442E-01
.1119E+04 .5629E+00 .1105E+00 .2646E-02 .4044E-01 .3780E-01 .1105E+00 .1368E-01 .1242E+00 .1105E+00 .2646E-02 .2844E-01
.1120E+04 .5630E+00 .1417E+00 .3360E-02 .5182E-01 .4846E-01 .1417E+00 .1748E-01 .1592E+00 .1417E+00 .3360E-02 .3643E-01
.1121E+04 .5667E+00 .1836E+00 .4160E-02 .6695E-01 .6279E-01 .1836E+00 .2230E-01 .2059E+00 .1836E+00 .4160E-02 .4708E-01
.1122E+04 .5689E+00 .8875E-01 .2254E-02 .3261E-01 .3036E-01 .8875E-01 .1122E-01 .9997E-01 .8875E-01 .2254E-02 .2292E-01
.1123E+04 .5680E+00 .1312E+00 .3070E-02 .4795E-01 .4488E-01 .1312E+00 .1611E-01 .1473E+00 .1312E+00 .3070E-02 .3372E-01
.1124E+04 .5640E+00 .1104E+00 .2581E-02 .4034E-01 .3776E-01 .1104E+00 .1355E-01 .1239E+00 .1104E+00 .2581E-02 .2838E-01
.1125E+04 .5485E+00 .1424E+00 .3261E-02 .5197E-01 .4871E-01 .1424E+00 .1736E-01 .1598E+00 .1424E+00 .3261E-02 .3655E-01
.1126E+04 .5539E+00 .6131E-01 .1682E-02 .2265E-01 .2097E-01 .6131E-01 .7975E-02 .6928E-01 .6131E-01 .1682E-02 .1590E-01
.1127E+04 .5584E+00 .1577E+00 .3589E-02 .5751E-01 .5392E-01 .1577E+00 .1918E-01 .1768E+00 .1577E+00 .3589E-02 .4045E-01
.1128E+04 .5562E+00 .1039E+00 .2635E-02 .3818E-01 .3554E-01 .1039E+00 .1313E-01 .1171E+00 .1039E+00 .2635E-02 .2682E-01
.1129E+04 .5501E+00 .1064E+00 .2654E-02 .3904E-01 .3638E-01 .1064E+00 .1336E-01 .1197E+00 .1064E+00 .2654E-02 .2743E-01
.1130E+04 .5512E+00 .7924E-01 .2117E-02 .2922E-01 .2710E-01 .7924E-01 .1020E-01 .8945E-01 .7924E-01 .2117E-02 .2052E-01
.1131E+04 .5540E+00 .2818E+00 .5823E-02 .1022E+00 .9638E-01 .2818E+00 .3321E-01 .3150E+00 .2818E+00 .5823E-02 .7191E-01
.1132E+04 .5542E+00 .2170E+00 .4614E-02 .7883E-01 .7422E-01 .2170E+00 .2581E-01 .2428E+00 .2170E+00 .4614E-02 .5547E-01
.1133E+04 .5451E+00 .1457E+00 .3393E-02 .5322E-01 .4983E-01 .1457E+00 .1786E-01 .1635E+00 .1457E+00 .3393E-02 .3742E-01
.1134E+04 .5505E+00 .4328E-01 .1277E-02 .1608E-01 .1480E-01 .4328E-01 .5790E-02 .4907E-01 .4328E-01 .1277E-02 .1128E-01
.1135E+04 .5507E+00 .1868E-01 .5314E-03 .6919E-02 .6388E-02 .1868E-01 .2463E-02 .2114E-01 .1868E-01 .5314E-03 .4861E-02
.1136E+04 .5514E+00 .1308E+00 .3105E-02 .4785E-01 .4474E-01 .1308E+00 .1614E-01 .1470E+00 .1308E+00 .3105E-02 .3364E-01
.1137E+04 .5458E+00 .2757E+00 .5720E-02 .1000E+00 .9431E-01 .2757E+00 .3254E-01 .3083E+00 .2757E+00 .5720E-02 .7038E-01
.1138E+04 .5387E+00 .1958E+00 .4132E-02 .7110E-01 .6697E-01 .1958E+00 .2323E-01 .2190E+00 .1958E+00 .4132E-02 .5004E-01
.1139E+04 .5406E+00 .2871E+00 .5502E-02 .1037E+00 .9821E-01 .2871E+00 .3307E-01 .3202E+00 .2871E+00 .5502E-02 .7305E-01
.1140E+04 .5363E+00 .2389E+00 .4792E-02 .8649E-01 .8170E-01 .2389E+00 .2790E-01 .2668E+00 .2389E+00 .4792E-02 .6091E-01
.1141E+04 .5371E+00 .1966E+00 .4072E-02 .7130E-01 .6722E-01 .1966E+00 .2319E-01 .2197E+00 .1966E+00 .4072E-02 .5021E-01
.1142E+04 .5392E+00 .2164E+00 .4387E-02 .7841E-01 .7402E-01 .2164E+00 .2536E-01 .2418E+00 .2164E+00 .4387E-02 .5522E-01
.1143E+04 .5405E+00 .2963E+00 .5835E-02 .1072E+00 .1013E+00 .2963E+00 .3441E-01 .3307E+00 .2963E+00 .5835E-02 .7547E-01
.1144E+04 .5355E+00 .1159E+00 .2560E-02 .4221E-01 .3965E-01 .1159E+00 .1396E-01 .1299E+00 .1159E+00 .2560E-02 .2972E-01
.1145E+04 .5399E+00 .1470E+00 .3296E-02 .5356E-01 .5026E-01 .1470E+00 .1779E-01 .1647E+00 .1470E+00 .3296E-02 .3769E-01
.1146E+04 .5437E+00 .1555E+00 .3503E-02 .5668E-01 .5318E-01 .1555E+00 .1885E-01 .1743E+00 .1555E+00 .3503E-02 .3988E-01
.1147E+04 .5422E+00 .6553E-01 .1764E-02 .2418E-01 .2241E-01 .6553E-01 .8464E-02 .7399E-01 .6553E-01 .1764E-02 .1698E-01
.1148E+04 .5387E+00 .2586E+00 .5026E-02 .9348E-01 .8846E-01 .2586E+00 .2991E-01 .2885E+00 .2586E+00 .5026E-02 .6586E-01
.1149E+04 .5377E+00 .2098E+00 .4240E-02 .7598E-01 .7174E-01 .2098E+00 .2456E-01 .2343E+00 .2098E+00 .4240E-02 .5352E-01
.1150E+04 .5362E+00 .1230E+00 .2707E-02 .4478E-01 .4208E-01 .1230E+00 .1480E-01 .1378E+00 .1230E+00 .2707E-02 .3154E-01
.1151E+04 .5358E+00 .1909E+00 .3960E-02 .6926E-01 .6530E-01 .1909E+00 .2253E-01 .2135E+00 .1909E+00 .3960E-02 .4878E-01
.1152E+04 .5314E+00 .2388E+00 .4712E-02 .8639E-01 .8168E-01 .2388E+00 .2775E-01 .2666E+00 .2388E+00 .4712E-02 .6086E-01
.1153E+04 .5345E+00 .2270E+00 .4327E-02 .8195E-01 .7763E-01 .2270E+00 .2610E-01 .2531E+00 .2270E+00 .4327E-02 .5777E-01
.1154E+04 .5355E+00 .1361E+00 .3103E-02 .4965E-01 .4654E-01 .1361E+00 .1657E-01 .1526E+00 .1361E+00 .3103E-02 .3494E-01
.1155E+04 .5325E+00 .2910E+00 .5472E-02 .1050E+00 .9953E-01 .2910E+00 .3333E-01 .3243E+00 .2910E+00 .5472E-02 .7400E-01
.1156E+04 .5307E+00 .2630E+00 .5029E-02 .9498E-01 .8995E-01 .2630E+00 .3027E-01 .2933E+00 .2630E+00 .5029E-02 .6693E-01
.1157E+04 .5308E+00 .2908E+00 .5451E-02 .1049E+00 .9945E-01 .2908E+00 .3327E-01 .3240E+00 .2908E+00 .5451E-02 .7393E-01
.1158E+04 .5294E+00 .2836E+00 .5307E-02 .1023E+00 .9700E-01 .2836E+00 .3243E-01 .3160E+00 .2836E+00 .5307E-02 .7211E-01
.1159E+04 .5172E+00 .3053E+00 .5569E-02 .1100E+00 .1044E+00 .3053E+00 .3466E-01 .3400E+00 .3053E+00 .5569E-02 .7754E-01
.1160E+04 .5185E+00 .2736E+00 .5062E-02 .9862E-01 .9356E-01 .2736E+00 .3118E-01 .3047E+00 .2736E+00 .5062E-02 .6952E-01
.1161E+04 .5087E+00 .3337E+00 .5915E-02 .1200E+00 .1141E+00 .3337E+00 .3757E-01 .3712E+00 .3337E+00 .5915E-02 .8463E-01
.1162E+04 .5223E+00 .3320E+00 .5913E-02 .1195E+00 .1135E+00 .3320E+00 .3741E-01 .3694E+00 .3320E+00 .5913E-02 .8418E-01
.1163E+04 .5219E+00 .4251E+00 .7251E-02 .1527E+00 .1454E+00 .4251E+00 .4730E-01 .4724E+00 .4251E+00 .7251E-02 .1075E+00
.1164E+04 .5150E+00 .3792E+00 .6539E-02 .1362E+00 .1297E+00 .3792E+00 .4229E-01 .4215E+00 .3792E+00 .6539E-02 .9586E-01
.1165E+04 .5178E+00 .3450E+00 .6159E-02 .1241E+00 .1180E+00 .3450E+00 .3885E-01 .3838E+00 .3450E+00 .6159E-02 .8733E-01
.1166E+04 .5137E+00 .3593E+00 .6196E-02 .1291E+00 .1229E+00 .3593E+00 .4007E-01 .3994E+00 .3593E+00 .6196E-02 .9083E-01
.1167E+04 .5172E+00 .3856E+00 .6585E-02 .1385E+00 .1319E+00 .3856E+00 .4289E-01 .4285E+00 .3856E+00 .6585E-02 .9745E-01
.1168E+04 .5180E+00 .3762E+00 .6525E-02 .1352E+00 .1287E+00 .3762E+00 .4203E-01 .4182E+00 .3762E+00 .6525E-02 .9512E-01
.1169E+04 .5068E+00 .3830E+00 .6584E-02 .1376E+00 .1310E+00 .3830E+00 .4268E-01 .4257E+00 .3830E+00 .6584E-02 .9680E-01
.1170E+04 .5163E+00 .4165E+00 .7026E-02 .1495E+00 .1425E+00 .4165E+00 .4615E-01 .4627E+00 .4165E+00 .7026E-02 .1051E+00
.1171E+04 .5178E+00 .4082E+00 .6883E-02 .1465E+00 .1396E+00 .4082E+00 .4519E-01 .4533E+00 .4082E+00 .6883E-02 .1029E+00
.1172E+04 .5164E+00 .4218E+00 .6991E-02 .1513E+00 .1443E+00 .4218E+00 .4646E-01 .4683E+00 .4218E+00 .6991E-02 .1062E+00
.1173E+04 .5159E+00 .4173E+00 .6993E-02 .1497E+00 .1427E+00 .4173E+00 .4610E-01 .4634E+00 .4173E+00 .6993E-02 .1051E+00
.1174E+04 .5135E+00 .3028E+00 .5392E-02 .1090E+00 .1036E+00 .3028E+00 .3403E-01 .3369E+00 .3028E+00 .5392E-02 .7652E-01
.1175E+04 .4991E+00 .4085E+00 .6771E-02 .1465E+00 .1397E+00 .4085E+00 .4497E-01 .4535E+00 .4085E+00 .6771E-02 .1028E+00
.1176E+04 .5075E+00 .4489E+00 .7272E-02 .1608E+00 .1535E+00 .4489E+00 .4908E-01 .4980E+00 .4489E+00 .7272E-02 .1128E+00
.1177E+04 .5074E+00 .4294E+00 .7051E-02 .1539E+00 .1469E+00 .4294E+00 .4710E-01 .4765E+00 .4294E+00 .7051E-02 .1079E+00
.1178E+04 .5015E+00 .3291E+00 .5620E-02 .1182E+00 .1126E+00 .3291E+00 .3649E-01 .3656E+00 .3291E+00 .5620E-02 .8284E-01
.1179E+04 .5088E+00 .4509E+00 .7270E-02 .1615E+00 .1542E+00 .4509E+00 .4922E-01 .5002E+00 .4509E+00 .7270E-02 .1132E+00
.1180E+04 .5100E+00 .4091E+00 .6711E-02 .1466E+00 .1399E+00 .4091E+00 .4483E-01 .4539E+00 .4091E+00 .6711E-02 .1027E+00
.1181E+04 .5064E+00 .4172E+00 .6850E-02 .1496E+00 .1427E+00 .4172E+00 .4570E-01 .4629E+00 .4172E+00 .6850E-02 .1046E+00
.1182E+04 .5003E+00 .2965E+00 .5094E-02 .1065E+00 .1014E+00 .2965E+00 .3288E-01 .3294E+00 .2965E+00 .5094E-02 .7450E-01
.1183E+04 .4858E+00 .4097E+00 .6669E-02 .1468E+00 .1401E+00 .4097E+00 .4476E-01 .4545E+00 .4097E+00 .6669E-02 .1027E+00
.1184E+04 .5001E+00 .3892E+00 .6376E-02 .1395E+00 .1331E+00 .3892E+00 .4260E-01 .4318E+00 .3892E+00 .6376E-02 .9758E-01
.1185E+04 .5046E+00 .3788E+00 .6251E-02 .1358E+00 .1295E+00 .3788E+00 .4154E-01 .4203E+00 .3788E+00 .6251E-02 .9501E-01
.1186E+04 .5035E+00 .4385E+00 .7044E-02 .1570E+00 .1500E+00 .4385E+00 .4774E-01 .4863E+00 .4385E+00 .7044E-02 .1099E+00
.1187E+04 .5034E+00 .4199E+00 .6799E-02 .1504E+00 .1436E+00 .4199E+00 .4581E-01 .4657E+00 .4199E+00 .6799E-02 .1052E+00
.1188E+04 .4850E+00 .3027E+00 .5147E-02 .1087E+00 .1035E+00 .3027E+00 .3347E-01 .3361E+00 .3027E+00 .5147E-02 .7602E-01
.1189E+04 .4842E+00 .3951E+00 .6368E-02 .1415E+00 .1351E+00 .3951E+00 .4305E-01 .4381E+00 .3951E+00 .6368E-02 .9901E-01
.1190E+04 .4983E+00 .4311E+00 .6858E-02 .1543E+00 .1475E+00 .4311E+00 .4682E-01 .4780E+00 .4311E+00 .6858E-02 .1080E+00
.1191E+04 .5014E+00 .4085E+00 .6625E-02 .1463E+00 .1397E+00 .4085E+00 .4459E-01 .4531E+00 .4085E+00 .6625E-02 .1024E+00
.1192E+04 .4989E+00 .4351E+00 .6901E-02 .1557E+00 .1488E+00 .4351E+00 .4722E-01 .4823E+00 .4351E+00 .6901E-02 .1090E+00
.1193E+04 .4984E+00 .4193E+00 .6668E-02 .1501E+00 .1434E+00 .4193E+00 .4557E-01 .4649E+00 .4193E+00 .6668E-02 .1052E+00
.1194E+04 .4975E+00 .4310E+00 .6826E-02 .1542E+00 .1474E+00 .4310E+00 .4683E-01 .4778E+00 .4310E+00 .6826E-02 .1082E+00
.1195E+04 .4914E+00 .4075E+00 .6531E-02 .1459E+00 .1394E+00 .4075E+00 .4445E-01 .4520E+00 .4075E+00 .6531E-02 .1024E+00
.1196E+04 .4919E+00 .3937E+00 .6353E-02 .1410E+00 .1347E+00 .3937E+00 .4305E-01 .4368E+00 .3937E+00 .6353E-02 .9907E-01
.1197E+04 .4798E+00 .4299E+00 .6733E-02 .1538E+00 .1470E+00 .4299E+00 .4669E-01 .4766E+00 .4299E+00 .6733E-02 .1082E+00
.1198E+04 .4745E+00 .3976E+00 .6256E-02 .1423E+00 .1360E+00 .3976E+00 .4329E-01 .4409E+00 .3976E+00 .6256E-02 .1003E+00
.1199E+04 .4694E+00 .3404E+00 .5559E-02 .1220E+00 .1164E+00 .3404E+00 .3748E-01 .3779E+00 .3404E+00 .5559E-02 .8612E-01
.1200E+04 .4889E+00 .4132E+00 .6521E-02 .1478E+00 .1413E+00 .4132E+00 .4511E-01 .4583E+00 .4132E+00 .6521E-02 .1045E+00
.1201E+04 .4910E+00 .3998E+00 .6363E-02 .1431E+00 .1368E+00 .3998E+00 .4379E-01 .4436E+00 .3998E+00 .6363E-02 .1013E+00
.1202E+04 .4883E+00 .3968E+00 .6270E-02 .1420E+00 .1357E+00 .3968E+00 .4342E-01 .4402E+00 .3968E+00 .6270E-02 .1006E+00
.1203E+04 .4679E+00 .3895E+00 .6166E-02 .1394E+00 .1332E+00 .3895E+00 .4270E-01 .4322E+00 .3895E+00 .6166E-02 .9893E-01
.1204E+04 .4791E+00 .3340E+00 .5413E-02 .1196E+00 .1142E+00 .3340E+00 .3689E-01 .3709E+00 .3340E+00 .5413E-02 .8508E-01
.1205E+04 .4848E+00 .3982E+00 .6234E-02 .1424E+00 .1362E+00 .3982E+00 .4365E-01 .4418E+00 .3982E+00 .6234E-02 .1015E+00
.1206E+04 .4854E+00 .4402E+00 .6778E-02 .1573E+00 .1506E+00 .4402E+00 .4813E-01 .4883E+00 .4402E+00 .6778E-02 .1123E+00
.1207E+04 .4845E+00 .3876E+00 .6140E-02 .1387E+00 .1326E+00 .3876E+00 .4273E-01 .4304E+00 .3876E+00 .6140E-02 .9914E-01
.1208E+04 .4598E+00 .3782E+00 .5937E-02 .1353E+00 .1294E+00 .3782E+00 .4162E-01 .4198E+00 .3782E+00 .5937E-02 .9678E-01
.1209E+04 .4690E+00 .3943E+00 .6120E-02 .1410E+00 .1349E+00 .3943E+00 .4329E-01 .4376E+00 .3943E+00 .6120E-02 .1009E+00
.1210E+04 .4716E+00 .4112E+00 .6327E-02 .1470E+00 .1406E+00 .4112E+00 .4508E-01 .4563E+00 .4112E+00 .6327E-02 .1053E+00
.1211E+04 .4733E+00 .3911E+00 .6091E-02 .1398E+00 .1338E+00 .3911E+00 .4304E-01 .4341E+00 .3911E+00 .6091E-02 .1003E+00
.1212E+04 .4790E+00 .3884E+00 .6111E-02 .1389E+00 .1328E+00 .3884E+00 .4288E-01 .4312E+00 .3884E+00 .6111E-02 .9974E-01
.1213E+04 .4784E+00 .4299E+00 .6571E-02 .1536E+00 .1470E+00 .4299E+00 .4714E-01 .4770E+00 .4299E+00 .6571E-02 .1104E+00
.1214E+04 .4785E+00 .3976E+00 .6196E-02 .1422E+00 .1360E+00 .3976E+00 .4383E-01 .4415E+00 .3976E+00 .6196E-02 .1022E+00
.1215E+04 .4783E+00 .3908E+00 .6097E-02 .1397E+00 .1336E+00 .3908E+00 .4309E-01 .4338E+00 .3908E+00 .6097E-02 .1005E+00
.1216E+04 .4775E+00 .4288E+00 .6518E-02 .1532E+00 .1467E+00 .4288E+00 .4698E-01 .4758E+00 .4288E+00 .6518E-02 .1101E+00
.1217E+04 .4762E+00 .4188E+00 .6387E-02 .1496E+00 .1432E+00 .4188E+00 .4592E-01 .4647E+00 .4188E+00 .6387E-02 .1076E+00
.1218E+04 .4744E+00 .4194E+00 .6385E-02 .1498E+00 .1434E+00 .4194E+00 .4597E-01 .4653E+00 .4194E+00 .6385E-02 .1077E+00
.1219E+04 .4724E+00 .4068E+00 .6234E-02 .1454E+00 .1391E+00 .4068E+00 .4466E-01 .4515E+00 .4068E+00 .6234E-02 .1045E+00
.1220E+04 .4738E+00 .4201E+00 .6370E-02 .1501E+00 .1437E+00 .4201E+00 .4600E-01 .4661E+00 .4201E+00 .6370E-02 .1079E+00
.1221E+04 .4719E+00 .4267E+00 .6427E-02 .1524E+00 .1459E+00 .4267E+00 .4664E-01 .4733E+00 .4267E+00 .6427E-02 .1096E+00
.1222E+04 .4701E+00 .4137E+00 .6254E-02 .1478E+00 .1415E+00 .4137E+00 .4527E-01 .4590E+00 .4137E+00 .6254E-02 .1063E+00
.1223E+04 .4686E+00 .4096E+00 .6196E-02 .1463E+00 .1401E+00 .4096E+00 .4482E-01 .4544E+00 .4096E+00 .6196E-02 .1052E+00
.1224E+04 .4699E+00 .4092E+00 .6196E-02 .1462E+00 .1400E+00 .4092E+00 .4479E-01 .4540E+00 .4092E+00 .6196E-02 .1051E+00
.1225E+04 .4684E+00 .4248E+00 .6354E-02 .1516E+00 .1453E+00 .4248E+00 .4636E-01 .4712E+00 .4248E+00 .6354E-02 .1091E+00
.1226E+04 .4663E+00 .4279E+00 .6367E-02 .1527E+00 .1463E+00 .4279E+00 .4664E-01 .4745E+00 .4279E+00 .6367E-02 .1099E+00
.1227E+04 .4570E+00 .3967E+00 .5977E-02 .1417E+00 .1357E+00 .3967E+00 .4337E-01 .4401E+00 .3967E+00 .5977E-02 .1019E+00
.1228E+04 .4645E+00 .4315E+00 .6374E-02 .1540E+00 .1476E+00 .4315E+00 .4694E-01 .4784E+00 .4315E+00 .6374E-02 .1107E+00
.1229E+04 .4654E+00 .4294E+00 .6351E-02 .1532E+00 .1469E+00 .4294E+00 .4673E-01 .4762E+00 .4294E+00 .6351E-02 .1102E+00
.1230E+04 .4629E+00 .4222E+00 .6252E-02 .1507E+00 .1444E+00 .4222E+00 .4596E-01 .4682E+00 .4222E+00 .6252E-02 .1084E+00
.1231E+04 .4614E+00 .4335E+00 .6355E-02 .1546E+00 .1483E+00 .4335E+00 .4707E-01 .4805E+00 .4335E+00 .6355E-02 .1112E+00
.1232E+04 .4592E+00 .4310E+00 .6311E-02 .1537E+00 .1474E+00 .4310E+00 .4679E-01 .4778E+00 .4310E+00 .6311E-02 .1106E+00
.1233E+04 .4601E+00 .4173E+00 .6165E-02 .1489E+00 .1427E+00 .4173E+00 .4540E-01 .4627E+00 .4173E+00 .6165E-02 .1071E+00
.1234E+04 .4577E+00 .4331E+00 .6304E-02 .1544E+00 .1481E+00 .4331E+00 .4695E-01 .4800E+00 .4331E+00 .6304E-02 .1111E+00
.1235E+04 .4572E+00 .4307E+00 .6267E-02 .1536E+00 .1473E+00 .4307E+00 .4668E-01 .4773E+00 .4307E+00 .6267E-02 .1105E+00
.1236E+04 .4586E+00 .4338E+00 .6295E-02 .1547E+00 .1484E+00 .4338E+00 .4699E-01 .4808E+00 .4338E+00 .6295E-02 .1113E+00
.1237E+04 .4580E+00 .4280E+00 .6228E-02 .1526E+00 .1464E+00 .4280E+00 .4640E-01 .4744E+00 .4280E+00 .6228E-02 .1098E+00
.1238E+04 .4570E+00 .4323E+00 .6253E-02 .1541E+00 .1479E+00 .4323E+00 .4679E-01 .4791E+00 .4323E+00 .6253E-02 .1109E+00
.1239E+04 .4513E+00 .4268E+00 .6164E-02 .1521E+00 .1460E+00 .4268E+00 .4618E-01 .4730E+00 .4268E+00 .6164E-02 .1095E+00
.1240E+04 .4522E+00 .4283E+00 .6173E-02 .1527E+00 .1465E+00 .4283E+00 .4632E-01 .4747E+00 .4283E+00 .6173E-02 .1099E+00
.1241E+04 .4541E+00 .4266E+00 .6154E-02 .1520E+00 .1459E+00 .4266E+00 .4614E-01 .4727E+00 .4266E+00 .6154E-02 .1094E+00
.1242E+04 .4495E+00 .4255E+00 .6114E-02 .1516E+00 .1455E+00 .4255E+00 .4596E-01 .4715E+00 .4255E+00 .6114E-02 .1091E+00
.1243E+04 .4456E+00 .4220E+00 .6052E-02 .1504E+00 .1443E+00 .4220E+00 .4553E-01 .4675E+00 .4220E+00 .6052E-02 .1081E+00
.1244E+04 .4500E+00 .4250E+00 .6091E-02 .1515E+00 .1454E+00 .4250E+00 .4583E-01 .4709E+00 .4250E+00 .6091E-02 .1088E+00
.1245E+04 .4512E+00 .4268E+00 .6103E-02 .1521E+00 .1460E+00 .4268E+00 .4600E-01 .4728E+00 .4268E+00 .6103E-02 .1092E+00
.1246E+04 .4484E+00 .4244E+00 .6058E-02 .1512E+00 .1451E+00 .4244E+00 .4572E-01 .4701E+00 .4244E+00 .6058E-02 .1086E+00
.1247E+04 .4478E+00 .4226E+00 .6029E-02 .1506E+00 .1445E+00 .4226E+00 .4552E-01 .4681E+00 .4226E+00 .6029E-02 .1082E+00
.1248E+04 .4496E+00 .4224E+00 .6024E-02 .1505E+00 .1445E+00 .4224E+00 .4550E-01 .4679E+00 .4224E+00 .6024E-02 .1081E+00
.1249E+04 .4491E+00 .4236E+00 .6024E-02 .1509E+00 .1449E+00 .4236E+00 .4559E-01 .4691E+00 .4236E+00 .6024E-02 .1084E+00
.1250E+04 .4476E+00 .4207E+00 .5981E-02 .1499E+00 .1439E+00 .4207E+00 .4528E-01 .4660E+00 .4207E+00 .5981E-02 .1077E+00
.1251E+04 .4444E+00 .4145E+00 .5897E-02 .1477E+00 .1418E+00 .4145E+00 .4462E-01 .4591E+00 .4145E+00 .5897E-02 .1061E+00
.1252E+04 .4413E+00 .4158E+00 .5888E-02 .1481E+00 .1422E+00 .4158E+00 .4472E-01 .4605E+00 .4158E+00 .5888E-02 .1064E+00
.1253E+04 .4435E+00 .4107E+00 .5837E-02 .1463E+00 .1405E+00 .4107E+00 .4421E-01 .4549E+00 .4107E+00 .5837E-02 .1051E+00
.1254E+04 .4436E+00 .4062E+00 .5783E-02 .1447E+00 .1389E+00 .4062E+00 .4374E-01 .4499E+00 .4062E+00 .5783E-02 .1040E+00
.1255E+04 .4424E+00 .4155E+00 .5861E-02 .1480E+00 .1421E+00 .4155E+00 .4464E-01 .4601E+00 .4155E+00 .5861E-02 .1063E+00
.1256E+04 .4407E+00 .4004E+00 .5697E-02 .1426E+00 .1369E+00 .4004E+00 .4311E-01 .4435E+00 .4004E+00 .5697E-02 .1025E+00
.1257E+04 .4405E+00 .3975E+00 .5660E-02 .1416E+00 .1360E+00 .3975E+00 .4281E-01 .4404E+00 .3975E+00 .5660E-02 .1018E+00
.1258E+04 .4401E+00 .4083E+00 .5755E-02 .1454E+00 .1396E+00 .4083E+00 .4386E-01 .4522E+00 .4083E+00 .5755E-02 .1045E+00
.1259E+04 .4411E+00 .3881E+00 .5551E-02 .1383E+00 .1327E+00 .3881E+00 .4184E-01 .4299E+00 .3881E+00 .5551E-02 .9939E-01
.1260E+04 .4413E+00 .3913E+00 .5576E-02 .1394E+00 .1338E+00 .3913E+00 .4218E-01 .4335E+00 .3913E+00 .5576E-02 .1003E+00
.1261E+04 .4388E+00 .3632E+00 .5279E-02 .1295E+00 .1242E+00 .3632E+00 .3936E-01 .4025E+00 .3632E+00 .5279E-02 .9321E-01
.1262E+04 .4378E+00 .3487E+00 .5123E-02 .1244E+00 .1193E+00 .3487E+00 .3792E-01 .3867E+00 .3487E+00 .5123E-02 .8963E-01
.1263E+04 .4394E+00 .3500E+00 .5134E-02 .1248E+00 .1197E+00 .3500E+00 .3807E-01 .3880E+00 .3500E+00 .5134E-02 .9003E-01
.1264E+04 .4352E+00 .3156E+00 .4763E-02 .1127E+00 .1079E+00 .3156E+00 .3459E-01 .3502E+00 .3156E+00 .4763E-02 .8135E-01
.1265E+04 .4360E+00 .3475E+00 .5083E-02 .1239E+00 .1189E+00 .3475E+00 .3783E-01 .3854E+00 .3475E+00 .5083E-02 .8956E-01
.1266E+04 .4368E+00 .3298E+00 .4900E-02 .1177E+00 .1128E+00 .3298E+00 .3606E-01 .3659E+00 .3298E+00 .4900E-02 .8512E-01
.1267E+04 .4325E+00 .3397E+00 .4976E-02 .1211E+00 .1162E+00 .3397E+00 .3702E-01 .3767E+00 .3397E+00 .4976E-02 .8763E-01
.1268E+04 .4295E+00 .3168E+00 .4727E-02 .1131E+00 .1084E+00 .3168E+00 .3468E-01 .3515E+00 .3168E+00 .4727E-02 .8179E-01
.1269E+04 .4340E+00 .1669E+00 .3090E-02 .6016E-01 .5707E-01 .1669E+00 .1937E-01 .1862E+00 .1669E+00 .3090E-02 .4350E-01
.1270E+04 .4355E+00 .3364E+00 .4934E-02 .1200E+00 .1151E+00 .3364E+00 .3678E-01 .3732E+00 .3364E+00 .4934E-02 .8712E-01
.1271E+04 .4344E+00 .3638E+00 .5196E-02 .1296E+00 .1244E+00 .3638E+00 .3960E-01 .4034E+00 .3638E+00 .5196E-02 .9436E-01
.1272E+04 .4333E+00 .3653E+00 .5199E-02 .1301E+00 .1249E+00 .3653E+00 .3974E-01 .4050E+00 .3653E+00 .5199E-02 .9477E-01
.1273E+04 .4313E+00 .3604E+00 .5136E-02 .1284E+00 .1233E+00 .3604E+00 .3922E-01 .3996E+00 .3604E+00 .5136E-02 .9351E-01
.1274E+04 .4296E+00 .3631E+00 .5147E-02 .1293E+00 .1242E+00 .3631E+00 .3947E-01 .4026E+00 .3631E+00 .5147E-02 .9420E-01
.1275E+04 .4313E+00 .3683E+00 .5197E-02 .1312E+00 .1260E+00 .3683E+00 .3998E-01 .4083E+00 .3683E+00 .5197E-02 .9552E-01
.1276E+04 .4312E+00 .3737E+00 .5240E-02 .1330E+00 .1278E+00 .3737E+00 .4051E-01 .4142E+00 .3737E+00 .5240E-02 .9689E-01
.1277E+04 .4301E+00 .3797E+00 .5281E-02 .1351E+00 .1298E+00 .3797E+00 .4106E-01 .4207E+00 .3797E+00 .5281E-02 .9834E-01
.1278E+04 .4282E+00 .3866E+00 .5336E-02 .1376E+00 .1322E+00 .3866E+00 .4171E-01 .4283E+00 .3866E+00 .5336E-02 .1000E+00
.1279E+04 .4248E+00 .3849E+00 .5300E-02 .1369E+00 .1316E+00 .3849E+00 .4148E-01 .4264E+00 .3849E+00 .5300E-02 .9955E-01
.1280E+04 .4194E+00 .3809E+00 .5231E-02 .1355E+00 .1303E+00 .3809E+00 .4103E-01 .4220E+00 .3809E+00 .5231E-02 .9851E-01
.1281E+04 .3961E+00 .3642E+00 .4976E-02 .1295E+00 .1246E+00 .3642E+00 .3918E-01 .4033E+00 .3642E+00 .4976E-02 .9416E-01
.1282E+04 .3751E+00 .3511E+00 .4764E-02 .1248E+00 .1201E+00 .3511E+00 .3771E-01 .3888E+00 .3511E+00 .4764E-02 .9076E-01
.1283E+04 .4054E+00 .3781E+00 .5128E-02 .1344E+00 .1293E+00 .3781E+00 .4061E-01 .4187E+00 .3781E+00 .5128E-02 .9774E-01
.1284E+04 .4167E+00 .3889E+00 .5264E-02 .1383E+00 .1330E+00 .3889E+00 .4175E-01 .4306E+00 .3889E+00 .5264E-02 .1005E+00
.1285E+04 .4185E+00 .3906E+00 .5279E-02 .1389E+00 .1336E+00 .3906E+00 .4192E-01 .4326E+00 .3906E+00 .5279E-02 .1010E+00
.1286E+04 .4202E+00 .3966E+00 .5335E-02 .1410E+00 .1357E+00 .3966E+00 .4252E-01 .4391E+00 .3966E+00 .5335E-02 .1025E+00
.1287E+04 .4211E+00 .3912E+00 .5278E-02 .1391E+00 .1338E+00 .3912E+00 .4197E-01 .4332E+00 .3912E+00 .5278E-02 .1011E+00
.1288E+04 .4195E+00 .3916E+00 .5266E-02 .1392E+00 .1339E+00 .3916E+00 .4198E-01 .4336E+00 .3916E+00 .5266E-02 .1012E+00
.1289E+04 .4195E+00 .3779E+00 .5130E-02 .1344E+00 .1293E+00 .3779E+00 .4059E-01 .4185E+00 .3779E+00 .5130E-02 .9768E-01
.1290E+04 .4142E+00 .3879E+00 .5196E-02 .1379E+00 .1327E+00 .3879E+00 .4150E-01 .4294E+00 .3879E+00 .5196E-02 .1001E+00
.1291E+04 .4175E+00 .3924E+00 .5242E-02 .1394E+00 .1342E+00 .3924E+00 .4192E-01 .4343E+00 .3924E+00 .5242E-02 .1012E+00
.1292E+04 .4193E+00 .3692E+00 .5019E-02 .1313E+00 .1263E+00 .3692E+00 .3960E-01 .4088E+00 .3692E+00 .5019E-02 .9524E-01
.1293E+04 .4169E+00 .3875E+00 .5175E-02 .1377E+00 .1325E+00 .3875E+00 .4140E-01 .4289E+00 .3875E+00 .5175E-02 .9992E-01
.1294E+04 .4160E+00 .3857E+00 .5145E-02 .1371E+00 .1319E+00 .3857E+00 .4120E-01 .4269E+00 .3857E+00 .5145E-02 .9945E-01
.1295E+04 .4177E+00 .3801E+00 .5100E-02 .1351E+00 .1300E+00 .3801E+00 .4065E-01 .4208E+00 .3801E+00 .5100E-02 .9802E-01
.1296E+04 .4178E+00 .3635E+00 .4931E-02 .1293E+00 .1243E+00 .3635E+00 .3897E-01 .4025E+00 .3635E+00 .4931E-02 .9378E-01
.1297E+04 .4141E+00 .3449E+00 .4720E-02 .1227E+00 .1180E+00 .3449E+00 .3705E-01 .3819E+00 .3449E+00 .4720E-02 .8900E-01
.1298E+04 .4136E+00 .3709E+00 .4968E-02 .1318E+00 .1269E+00 .3709E+00 .3965E-01 .4105E+00 .3709E+00 .4968E-02 .9565E-01
.1299E+04 .4157E+00 .3871E+00 .5118E-02 .1375E+00 .1324E+00 .3871E+00 .4126E-01 .4284E+00 .3871E+00 .5118E-02 .9978E-01
.1300E+04 .4141E+00 .3281E+00 .4507E-02 .1167E+00 .1122E+00 .3281E+00 .3528E-01 .3634E+00 .3281E+00 .4507E-02 .8468E-01
.1301E+04 .4116E+00 .3458E+00 .4667E-02 .1229E+00 .1183E+00 .3458E+00 .3703E-01 .3829E+00 .3458E+00 .4667E-02 .8921E-01
.1302E+04 .4097E+00 .3696E+00 .4918E-02 .1313E+00 .1264E+00 .3696E+00 .3945E-01 .4090E+00 .3696E+00 .4918E-02 .9529E-01
.1303E+04 .4066E+00 .3317E+00 .4478E-02 .1179E+00 .1134E+00 .3317E+00 .3553E-01 .3672E+00 .3317E+00 .4478E-02 .8558E-01
.1304E+04 .4079E+00 .2803E+00 .3972E-02 .9985E-01 .9588E-01 .2803E+00 .3037E-01 .3107E+00 .2803E+00 .3972E-02 .7246E-01
.1305E+04 .4101E+00 .3661E+00 .4846E-02 .1301E+00 .1252E+00 .3661E+00 .3904E-01 .4052E+00 .3661E+00 .4846E-02 .9440E-01
.1306E+04 .4099E+00 .3666E+00 .4853E-02 .1302E+00 .1254E+00 .3666E+00 .3909E-01 .4057E+00 .3666E+00 .4853E-02 .9453E-01
.1307E+04 .4076E+00 .2965E+00 .4065E-02 .1055E+00 .1014E+00 .2965E+00 .3185E-01 .3284E+00 .2965E+00 .4065E-02 .7650E-01
.1308E+04 .4071E+00 .3277E+00 .4387E-02 .1165E+00 .1121E+00 .3277E+00 .3499E-01 .3627E+00 .3277E+00 .4387E-02 .8442E-01
.1309E+04 .4068E+00 .3611E+00 .4781E-02 .1283E+00 .1235E+00 .3611E+00 .3844E-01 .3995E+00 .3611E+00 .4781E-02 .9292E-01
.1310E+04 .4042E+00 .2886E+00 .3958E-02 .1027E+00 .9870E-01 .2886E+00 .3097E-01 .3196E+00 .2886E+00 .3958E-02 .7436E-01
.1311E+04 .4040E+00 .3184E+00 .4261E-02 .1132E+00 .1089E+00 .3184E+00 .3398E-01 .3524E+00 .3184E+00 .4261E-02 .8198E-01
.1312E+04 .3931E+00 .3047E+00 .4126E-02 .1084E+00 .1042E+00 .3047E+00 .3259E-01 .3373E+00 .3047E+00 .4126E-02 .7843E-01
.1313E+04 .3965E+00 .3073E+00 .4141E-02 .1093E+00 .1051E+00 .3073E+00 .3281E-01 .3401E+00 .3073E+00 .4141E-02 .7902E-01
.1314E+04 .3999E+00 .2720E+00 .3737E-02 .9675E-01 .9301E-01 .2720E+00 .2915E-01 .3011E+00 .2720E+00 .3737E-02 .6994E-01
.1315E+04 .3881E+00 .2752E+00 .3781E-02 .9791E-01 .9413E-01 .2752E+00 .2950E-01 .3047E+00 .2752E+00 .3781E-02 .7078E-01
.1316E+04 .3974E+00 .3146E+00 .4199E-02 .1118E+00 .1076E+00 .3146E+00 .3350E-01 .3481E+00 .3146E+00 .4199E-02 .8082E-01
.1317E+04 .3992E+00 .2974E+00 .3992E-02 .1057E+00 .1017E+00 .2974E+00 .3171E-01 .3291E+00 .2974E+00 .3992E-02 .7644E-01
.1318E+04 .3975E+00 .3203E+00 .4236E-02 .1138E+00 .1096E+00 .3203E+00 .3404E-01 .3544E+00 .3203E+00 .4236E-02 .8228E-01
.1319E+04 .4003E+00 .2612E+00 .3613E-02 .9295E-01 .8934E-01 .2612E+00 .2804E-01 .2892E+00 .2612E+00 .3613E-02 .6717E-01
.1320E+04 .3983E+00 .2473E+00 .3396E-02 .8798E-01 .8458E-01 .2473E+00 .2648E-01 .2738E+00 .2473E+00 .3396E-02 .6353E-01
.1321E+04 .3960E+00 .2868E+00 .3862E-02 .1020E+00 .9810E-01 .2868E+00 .3055E-01 .3174E+00 .2868E+00 .3862E-02 .7355E-01
.1322E+04 .3968E+00 .2942E+00 .3966E-02 .1046E+00 .1006E+00 .2942E+00 .3132E-01 .3255E+00 .2942E+00 .3966E-02 .7538E-01
.1323E+04 .3964E+00 .2231E+00 .3192E-02 .7951E-01 .7632E-01 .2231E+00 .2407E-01 .2472E+00 .2231E+00 .3192E-02 .5725E-01
.1324E+04 .3967E+00 .2583E+00 .3534E-02 .9186E-01 .8833E-01 .2583E+00 .2756E-01 .2858E+00 .2583E+00 .3534E-02 .6613E-01
.1325E+04 .3949E+00 .3101E+00 .4098E-02 .1102E+00 .1061E+00 .3101E+00 .3284E-01 .3430E+00 .3101E+00 .4098E-02 .7932E-01
.1326E+04 .3926E+00 .2725E+00 .3678E-02 .9689E-01 .9321E-01 .2725E+00 .2899E-01 .3015E+00 .2725E+00 .3678E-02 .6975E-01
.1327E+04 .3922E+00 .2607E+00 .3542E-02 .9272E-01 .8918E-01 .2607E+00 .2776E-01 .2885E+00 .2607E+00 .3542E-02 .6670E-01
.1328E+04 .3886E+00 .2215E+00 .3078E-02 .7883E-01 .7575E-01 .2215E+00 .2369E-01 .2452E+00 .2215E+00 .3078E-02 .5665E-01
.1329E+04 .3839E+00 .1751E+00 .2565E-02 .6246E-01 .5989E-01 .1751E+00 .1895E-01 .1941E+00 .1751E+00 .2565E-02 .4484E-01
.1330E+04 .3896E+00 .2255E+00 .3197E-02 .8033E-01 .7713E-01 .2255E+00 .2420E-01 .2497E+00 .2255E+00 .3197E-02 .5762E-01
.1331E+04 .3886E+00 .1380E+00 .2185E-02 .4939E-01 .4720E-01 .1380E+00 .1522E-01 .1532E+00 .1380E+00 .2185E-02 .3538E-01
.1332E+04 .3843E+00 .1425E+00 .2169E-02 .5090E-01 .4873E-01 .1425E+00 .1555E-01 .1580E+00 .1425E+00 .2169E-02 .3647E-01
.1333E+04 .3904E+00 .1952E+00 .2918E-02 .6967E-01 .6675E-01 .1952E+00 .2120E-01 .2164E+00 .1952E+00 .2918E-02 .4991E-01
.1334E+04 .3908E+00 .1686E+00 .2432E-02 .6010E-01 .5767E-01 .1686E+00 .1815E-01 .1868E+00 .1686E+00 .2432E-02 .4307E-01
.1335E+04 .3883E+00 .2248E+00 .3142E-02 .8003E-01 .7689E-01 .2248E+00 .2401E-01 .2488E+00 .2248E+00 .3142E-02 .5730E-01
.1336E+04 .3889E+00 .1821E+00 .2624E-02 .6492E-01 .6230E-01 .1821E+00 .1958E-01 .2017E+00 .1821E+00 .2624E-02 .4644E-01
.1337E+04 .3873E+00 .1567E+00 .2349E-02 .5595E-01 .5361E-01 .1567E+00 .1699E-01 .1737E+00 .1567E+00 .2349E-02 .3995E-01
.1338E+04 .3850E+00 .1696E+00 .2517E-02 .6052E-01 .5800E-01 .1696E+00 .1831E-01 .1879E+00 .1696E+00 .2517E-02 .4313E-01
.1339E+04 .3791E+00 .1702E+00 .2493E-02 .6069E-01 .5820E-01 .1702E+00 .1830E-01 .1885E+00 .1702E+00 .2493E-02 .4320E-01
.1340E+04 .3833E+00 .1639E+00 .2347E-02 .5840E-01 .5605E-01 .1639E+00 .1753E-01 .1814E+00 .1639E+00 .2347E-02 .4159E-01
.1341E+04 .3840E+00 .1594E+00 .2401E-02 .5692E-01 .5452E-01 .1594E+00 .1726E-01 .1767E+00 .1594E+00 .2401E-02 .4051E-01
.1342E+04 .3837E+00 .1821E+00 .2667E-02 .6495E-01 .6229E-01 .1821E+00 .1956E-01 .2017E+00 .1821E+00 .2667E-02 .4618E-01
.1343E+04 .3833E+00 .1138E+00 .1989E-02 .4090E-01 .3891E-01 .1138E+00 .1279E-01 .1265E+00 .1138E+00 .1989E-02 .2898E-01
.1344E+04 .3843E+00 .7633E-01 .1298E-02 .2740E-01 .2611E-01 .7633E-01 .8503E-02 .8483E-01 .7633E-01 .1298E-02 .1941E-01
.1345E+04 .3823E+00 .1086E+00 .1782E-02 .3892E-01 .3714E-01 .1086E+00 .1197E-01 .1206E+00 .1086E+00 .1782E-02 .2754E-01
.1346E+04 .3806E+00 .5744E-01 .1168E-02 .2082E-01 .1965E-01 .5744E-01 .6736E-02 .6418E-01 .5744E-01 .1168E-02 .1469E-01
.1347E+04 .3814E+00 .6148E-01 .1265E-02 .2229E-01 .2103E-01 .6148E-01 .7230E-02 .6871E-01 .6148E-01 .1265E-02 .1571E-01
.1348E+04 .3812E+00 .5352E-02 .2004E-03 .2031E-02 .1831E-02 .5352E-02 .7918E-03 .6144E-02 .5352E-02 .2004E-03 .1418E-02
.1349E+04 .3782E+00 .1666E-01 .5131E-03 .6211E-02 .5698E-02 .1666E-01 .2264E-02 .1892E-01 .1666E-01 .5131E-03 .4345E-02
.1350E+04 .3753E+00 .1844E-01 .4820E-03 .6789E-02 .6307E-02 .1844E-01 .2348E-02 .2079E-01 .1844E-01 .4820E-03 .4755E-02
.1351E+04 .3779E+00 .5289E-02 .2348E-03 .2044E-02 .1809E-02 .5289E-02 .8467E-03 .6135E-02 .5289E-02 .2348E-03 .1415E-02
.1352E+04 .3793E+00 .1897E-02 .1300E-03 .7789E-03 .6489E-03 .1897E-02 .3859E-03 .2283E-02 .1897E-02 .1300E-03 .5319E-03
.1353E+04 .3777E+00 .1553E-03 .2061E-04 .7373E-04 .5312E-04 .1553E-03 .4953E-04 .2048E-03 .1553E-03 .2061E-04 .4894E-04
.1354E+04 .3755E+00 .4371E-03 .3998E-04 .1895E-03 .1495E-03 .4371E-03 .1069E-03 .5440E-03 .4371E-03 .3998E-04 .1278E-03
.1355E+04 .3718E+00 .6727E-05 .2163E-05 .4464E-05 .2301E-05 .6727E-05 .4432E-05 .1116E-04 .6727E-05 .2163E-05 .2807E-05
.1356E+04 .3701E+00 .1104E-03 .1436E-04 .5213E-04 .3777E-04 .1104E-03 .3467E-04 .1451E-03 .1104E-03 .1436E-04 .3455E-04
.1357E+04 .3706E+00 .1369E-03 .1798E-04 .6479E-04 .4681E-04 .1369E-03 .4326E-04 .1801E-03 .1369E-03 .1798E-04 .4286E-04
.1358E+04 .3734E+00 .8731E-05 .2567E-05 .5553E-05 .2986E-05 .8731E-05 .5315E-05 .1405E-04 .8731E-05 .2567E-05 .3499E-05
.1359E+04 .3698E+00 .1591E-05 .1073E-05 .1617E-05 .5440E-06 .1591E-05 .2057E-05 .3647E-05 .1591E-05 .1073E-05 .9635E-06
.1360E+04 .3701E+00 .4945E-05 .1908E-05 .3599E-05 .1691E-05 .4945E-05 .3826E-05 .8771E-05 .4945E-05 .1908E-05 .2222E-05
.1361E+04 .3730E+00 .1421E-07 .3872E-07 .4358E-07 .4860E-08 .1421E-07 .7081E-07 .8502E-07 .1421E-07 .3872E-07 .2432E-07
.1362E+04 .3690E+00 .6551E-10 .5197E-09 .5421E-09 .2241E-10 .6551E-10 .9404E-09 .1006E-08 .6551E-10 .5197E-09 .2959E-09
.1363E+04 .3672E+00 .5944E-05 .2584E-05 .4618E-05 .2033E-05 .5944E-05 .5119E-05 .1106E-04 .5944E-05 .2584E-05 .2817E-05
.1364E+04 .3687E+00 .2543E-05 .1387E-05 .2257E-05 .8696E-06 .2543E-05 .2696E-05 .5239E-05 .2543E-05 .1387E-05 .1354E-05
.1365E+04 .3696E+00 .8253E-10 .1163E-08 .1191E-08 .2823E-10 .8253E-10 .2099E-08 .2181E-08 .8253E-10 .1163E-08 .6445E-09
.1366E+04 .3673E+00 .3045E-04 .9049E-05 .1946E-04 .1042E-04 .3045E-04 .1868E-04 .4913E-04 .3045E-04 .9049E-05 .1215E-04
.1367E+04 .3661E+00 .1222E-04 .3812E-05 .7991E-05 .4179E-05 .1222E-04 .7820E-05 .2004E-04 .1222E-04 .3812E-05 .4971E-05
.1368E+04 .3647E+00 .1508E-11 .1385E-09 .1390E-09 .5158E-12 .1508E-11 .2492E-09 .2507E-09 .1508E-11 .1385E-09 .7465E-10
.1369E+04 .3623E+00 .1976E-05 .9706E-06 .1647E-05 .6759E-06 .1976E-05 .1901E-05 .3877E-05 .1976E-05 .9706E-06 .9923E-06
.1370E+04 .3621E+00 .8861E-06 .6557E-06 .9587E-06 .3030E-06 .8861E-06 .1248E-05 .2135E-05 .8861E-06 .6557E-06 .5620E-06
.1371E+04 .3628E+00 .7323E-07 .9436E-07 .1194E-06 .2505E-07 .7323E-07 .1754E-06 .2486E-06 .7323E-07 .9436E-07 .6782E-07
.1372E+04 .3658E+00 .9268E-05 .2752E-05 .5922E-05 .3170E-05 .9268E-05 .5672E-05 .1494E-04 .9268E-05 .2752E-05 .3669E-05
.1373E+04 .3656E+00 .7676E-04 .1352E-04 .3977E-04 .2625E-04 .7676E-04 .3028E-04 .1070E-03 .7676E-04 .1352E-04 .2539E-04
.1374E+04 .3624E+00 .2750E-03 .3195E-04 .1260E-03 .9405E-04 .2750E-03 .7882E-04 .3538E-03 .2750E-03 .3195E-04 .8204E-04
.1375E+04 .3595E+00 .5268E-03 .5394E-04 .2341E-03 .1802E-03 .5268E-03 .1379E-03 .6647E-03 .5268E-03 .5394E-04 .1532E-03
.1376E+04 .3579E+00 .4900E-03 .4008E-04 .2077E-03 .1676E-03 .4900E-03 .1101E-03 .6001E-03 .4900E-03 .4008E-04 .1370E-03
.1377E+04 .3609E+00 .2629E-03 .2386E-04 .1138E-03 .8991E-04 .2629E-03 .6326E-04 .3261E-03 .2629E-03 .2386E-04 .7464E-04
.1378E+04 .3614E+00 .1376E-02 .1023E-03 .5729E-03 .4705E-03 .1376E-02 .2903E-03 .1666E-02 .1376E-02 .1023E-03 .3776E-03
.1379E+04 .3621E+00 .1067E-03 .1067E-04 .4715E-04 .3648E-04 .1067E-03 .2739E-04 .1341E-03 .1067E-03 .1067E-04 .3065E-04
.1380E+04 .3606E+00 .1294E-03 .1641E-04 .6066E-04 .4425E-04 .1294E-03 .3943E-04 .1688E-03 .1294E-03 .1641E-04 .3895E-04
.1381E+04 .3594E+00 .5645E-05 .1036E-05 .2967E-05 .1931E-05 .5645E-05 .2294E-05 .7939E-05 .5645E-05 .1036E-05 .1866E-05
.1382E+04 .3564E+00 .6475E-05 .2267E-05 .4482E-05 .2215E-05 .6475E-05 .4567E-05 .1104E-04 .6475E-05 .2267E-05 .2703E-05
.1383E+04 .3579E+00 .1152E-06 .7460E-07 .1140E-06 .3938E-07 .1152E-06 .1427E-06 .2579E-06 .1152E-06 .7460E-07 .6594E-07
.1384E+04 .3585E+00 .1712E-05 .1003E-05 .1588E-05 .5857E-06 .1712E-05 .1930E-05 .3643E-05 .1712E-05 .1003E-05 .9232E-06
.1385E+04 .3566E+00 .3718E-05 .1056E-05 .2328E-05 .1271E-05 .3718E-05 .2179E-05 .5896E-05 .3718E-05 .1056E-05 .1415E-05
.1386E+04 .3567E+00 .4913E-05 .2266E-05 .3946E-05 .1680E-05 .4913E-05 .4437E-05 .9350E-05 .4913E-05 .2266E-05 .2316E-05
.1387E+04 .3560E+00 .1266E-03 .2255E-04 .6584E-04 .4329E-04 .1266E-03 .5005E-04 .1766E-03 .1266E-03 .2255E-04 .4093E-04
.1388E+04 .3572E+00 .7736E-05 .1413E-05 .4059E-05 .2646E-05 .7736E-05 .3118E-05 .1085E-04 .7736E-05 .1413E-05 .2511E-05
.1389E+04 .3552E+00 .7895E-03 .7083E-04 .3409E-03 .2700E-03 .7895E-03 .1865E-03 .9760E-03 .7895E-03 .7083E-04 .2175E-03
.1390E+04 .3531E+00 .7089E-03 .6096E-04 .3034E-03 .2425E-03 .7089E-03 .1626E-03 .8715E-03 .7089E-03 .6096E-04 .1937E-03
.1391E+04 .3555E+00 .4628E-03 .4728E-04 .2056E-03 .1583E-03 .4628E-03 .1196E-03 .5823E-03 .4628E-03 .4728E-04 .1303E-03
.1392E+04 .3543E+00 .6189E-04 .7389E-05 .2856E-04 .2117E-04 .6189E-04 .1790E-04 .7978E-04 .6189E-04 .7389E-05 .1797E-04
.1393E+04 .3530E+00 .2491E-03 .2282E-04 .1080E-03 .8520E-04 .2491E-03 .5956E-04 .3087E-03 .2491E-03 .2282E-04 .6851E-04
.1394E+04 .3513E+00 .1130E-03 .1993E-04 .5859E-04 .3865E-04 .1130E-03 .4413E-04 .1572E-03 .1130E-03 .1993E-04 .3585E-04
.1395E+04 .3507E+00 .1347E-05 .4882E-06 .9490E-06 .4608E-06 .1347E-05 .9742E-06 .2321E-05 .1347E-05 .4882E-06 .5537E-06
.1396E+04 .3520E+00 .2045E-07 .4121E-07 .4821E-07 .6995E-08 .2045E-07 .7526E-07 .9571E-07 .2045E-07 .4121E-07 .2555E-07
.1397E+04 .3523E+00 .1405E-03 .1447E-04 .6252E-04 .4805E-04 .1405E-03 .3632E-04 .1768E-03 .1405E-03 .1447E-04 .3905E-04
.1398E+04 .3518E+00 .1141E-02 .9261E-04 .4829E-03 .3903E-03 .1141E-02 .2503E-03 .1391E-02 .1141E-02 .9261E-04 .3039E-03
.1399E+04 .3480E+00 .9882E-03 .7488E-04 .4129E-03 .3380E-03 .9882E-03 .2070E-03 .1195E-02 .9882E-03 .7488E-04 .2600E-03
.1400E+04 .3431E+00 .1225E-07 .3627E-07 .4046E-07 .4190E-08 .1225E-07 .6574E-07 .7800E-07 .1225E-07 .3627E-07 .2102E-07
.1401E+04 .3457E+00 .2898E-07 .5066E-07 .6057E-07 .9912E-08 .2898E-07 .9269E-07 .1217E-06 .2898E-07 .5066E-07 .3196E-07
.1402E+04 .3475E+00 .2535E-02 .1137E-03 .9809E-03 .8672E-03 .2535E-02 .3899E-03 .2925E-02 .2535E-02 .1137E-03 .6239E-03
.1403E+04 .3449E+00 .2927E-02 .1441E-03 .1145E-02 .1001E-02 .2927E-02 .4722E-03 .3400E-02 .2927E-02 .1441E-03 .7242E-03
.1404E+04 .3451E+00 .9549E-03 .5033E-04 .3769E-03 .3266E-03 .9549E-03 .1597E-03 .1115E-02 .9549E-03 .5033E-04 .2371E-03
.1405E+04 .3457E+00 .2204E-05 .7751E-06 .1529E-05 .7538E-06 .2204E-05 .1544E-05 .3748E-05 .2204E-05 .7751E-06 .8727E-06
.1406E+04 .3449E+00 .1572E-02 .1055E-03 .6430E-03 .5375E-03 .1572E-02 .3025E-03 .1874E-02 .1572E-02 .1055E-03 .3992E-03
.1407E+04 .3448E+00 .2789E-03 .1689E-04 .1123E-03 .9540E-04 .2789E-03 .5038E-04 .3293E-03 .2789E-03 .1689E-04 .6984E-04
.1408E+04 .3448E+00 .1896E-02 .1100E-03 .7585E-03 .6485E-03 .1896E-02 .3335E-03 .2229E-02 .1896E-02 .1100E-03 .4710E-03
.1409E+04 .3454E+00 .6409E-03 .5224E-04 .2714E-03 .2192E-03 .6409E-03 .1394E-03 .7804E-03 .6409E-03 .5224E-04 .1662E-03
.1410E+04 .3437E+00 .7212E-03 .4833E-04 .2950E-03 .2467E-03 .7212E-03 .1381E-03 .8593E-03 .7212E-03 .4833E-04 .1814E-03
.1411E+04 .3366E+00 .2612E-02 .1258E-03 .1019E-02 .8932E-03 .2612E-02 .4122E-03 .3024E-02 .2612E-02 .1258E-03 .6320E-03
.1412E+04 .3367E+00 .3085E-02 .1323E-03 .1188E-02 .1055E-02 .3085E-02 .4576E-03 .3543E-02 .3085E-02 .1323E-03 .7379E-03
.1413E+04 .3386E+00 .1384E-01 .4244E-03 .5157E-02 .4732E-02 .1384E-01 .1748E-02 .1558E-01 .1384E-01 .4244E-03 .3218E-02
.1414E+04 .3400E+00 .5127E-03 .3479E-04 .2101E-03 .1753E-03 .5127E-03 .9863E-04 .6113E-03 .5127E-03 .3479E-04 .1282E-03
.1415E+04 .3411E+00 .2863E-03 .2254E-04 .1205E-03 .9792E-04 .2863E-03 .6056E-04 .3469E-03 .2863E-03 .2254E-04 .7292E-04
.1416E+04 .3389E+00 .3258E-01 .6834E-03 .1183E-01 .1114E-01 .3258E-01 .3534E-02 .3612E-01 .3258E-01 .6834E-03 .7362E-02
.1417E+04 .3410E+00 .9762E-02 .2994E-03 .3638E-02 .3339E-02 .9762E-02 .1226E-02 .1099E-01 .9762E-02 .2994E-03 .2248E-02
.1418E+04 .3395E+00 .1485E-01 .3986E-03 .5477E-02 .5078E-02 .1485E-01 .1761E-02 .1661E-01 .1485E-01 .3986E-03 .3385E-02
.1419E+04 .3370E+00 .2817E-02 .8335E-04 .1047E-02 .9636E-03 .2817E-02 .3475E-03 .3165E-02 .2817E-02 .8335E-04 .6451E-03
.1420E+04 .3370E+00 .1004E-01 .2711E-03 .3705E-02 .3434E-02 .1004E-01 .1191E-02 .1123E-01 .1004E-01 .2711E-03 .2281E-02
.1421E+04 .3338E+00 .9639E-02 .2708E-03 .3567E-02 .3297E-02 .9639E-02 .1161E-02 .1080E-01 .9639E-02 .2708E-03 .2191E-02
.1422E+04 .3313E+00 .4495E-01 .8788E-03 .1625E-01 .1537E-01 .4495E-01 .4722E-02 .4967E-01 .4495E-01 .8788E-03 .1000E-01
.1423E+04 .3320E+00 .9701E-02 .2213E-03 .3539E-02 .3318E-02 .9701E-02 .1074E-02 .1078E-01 .9701E-02 .2213E-03 .2171E-02
.1424E+04 .3322E+00 .1859E-01 .3911E-03 .6750E-02 .6359E-02 .1859E-01 .1997E-02 .2059E-01 .1859E-01 .3911E-03 .4136E-02
.1425E+04 .3303E+00 .2616E-01 .5707E-03 .9518E-02 .8947E-02 .2616E-01 .2841E-02 .2900E-01 .2616E-01 .5707E-03 .5815E-02
.1426E+04 .3282E+00 .2950E-01 .5749E-03 .1067E-01 .1009E-01 .2950E-01 .3080E-02 .3258E-01 .2950E-01 .5749E-03 .6520E-02
.1427E+04 .3295E+00 .5566E-01 .8958E-03 .1993E-01 .1904E-01 .5566E-01 .5471E-02 .6113E-01 .5566E-01 .8958E-03 .1220E-01
.1428E+04 .3305E+00 .5331E-02 .1830E-03 .2006E-02 .1823E-02 .5331E-02 .6961E-03 .6027E-02 .5331E-02 .1830E-03 .1213E-02
.1429E+04 .3249E+00 .3727E-01 .6802E-03 .1343E-01 .1275E-01 .3727E-01 .3794E-02 .4106E-01 .3727E-01 .6802E-03 .8166E-02
.1430E+04 .3289E+00 .6600E-01 .1032E-02 .2361E-01 .2257E-01 .6600E-01 .6397E-02 .7240E-01 .6600E-01 .1032E-02 .1433E-01
.1431E+04 .3293E+00 .4635E-01 .8274E-03 .1668E-01 .1585E-01 .4635E-01 .4670E-02 .5102E-01 .4635E-01 .8274E-03 .1010E-01
.1432E+04 .3343E+00 .2303E-02 .1036E-03 .8911E-03 .7875E-03 .2303E-02 .3428E-03 .2645E-02 .2303E-02 .1036E-03 .5311E-03
.1433E+04 .3310E+00 .3167E-01 .5968E-03 .1143E-01 .1083E-01 .3167E-01 .3241E-02 .3491E-01 .3167E-01 .5968E-03 .6902E-02
.1434E+04 .3303E+00 .2159E-01 .4012E-03 .7786E-02 .7385E-02 .2159E-01 .2197E-02 .2379E-01 .2159E-01 .4012E-03 .4694E-02
.1435E+04 .3312E+00 .1812E-01 .4466E-03 .6643E-02 .6196E-02 .1812E-01 .2036E-02 .2015E-01 .1812E-01 .4466E-03 .3982E-02
.1436E+04 .3305E+00 .3898E-01 .7574E-03 .1409E-01 .1333E-01 .3898E-01 .4017E-02 .4300E-01 .3898E-01 .7574E-03 .8465E-02
.1437E+04 .3309E+00 .2483E-01 .5166E-03 .9009E-02 .8493E-02 .2483E-01 .2620E-02 .2745E-01 .2483E-01 .5166E-03 .5410E-02
.1438E+04 .3306E+00 .1413E-01 .3257E-03 .5159E-02 .4833E-02 .1413E-01 .1547E-02 .1568E-01 .1413E-01 .3257E-03 .3093E-02
.1439E+04 .3274E+00 .4164E-01 .8034E-03 .1505E-01 .1424E-01 .4164E-01 .4278E-02 .4592E-01 .4164E-01 .8034E-03 .9029E-02
.1440E+04 .3144E+00 .3654E-01 .6852E-03 .1318E-01 .1250E-01 .3654E-01 .3715E-02 .4026E-01 .3654E-01 .6852E-03 .7905E-02
.1441E+04 .3227E+00 .3348E-01 .6690E-03 .1212E-01 .1145E-01 .3348E-01 .3475E-02 .3695E-01 .3348E-01 .6690E-03 .7255E-02
.1442E+04 .3186E+00 .3954E-01 .7380E-03 .1426E-01 .1352E-01 .3954E-01 .4009E-02 .4355E-01 .3954E-01 .7380E-03 .8536E-02
.1443E+04 .3220E+00 .5100E-01 .8226E-03 .1827E-01 .1744E-01 .5100E-01 .4937E-02 .5594E-01 .5100E-01 .8226E-03 .1094E-01
.1444E+04 .3208E+00 .5795E-01 .9554E-03 .2077E-01 .1982E-01 .5795E-01 .5642E-02 .6359E-01 .5795E-01 .9554E-03 .1242E-01
.1445E+04 .3250E+00 .4824E-01 .8576E-03 .1736E-01 .1650E-01 .4824E-01 .4804E-02 .5304E-01 .4824E-01 .8576E-03 .1036E-01
.1446E+04 .3224E+00 .2690E-01 .4843E-03 .9684E-02 .9200E-02 .2690E-01 .2689E-02 .2959E-01 .2690E-01 .4843E-03 .5779E-02
.1447E+04 .3225E+00 .3850E-01 .7157E-03 .1388E-01 .1317E-01 .3850E-01 .3888E-02 .4238E-01 .3850E-01 .7157E-03 .8281E-02
.1448E+04 .3244E+00 .1125E+00 .1542E-02 .4001E-01 .3847E-01 .1125E+00 .1039E-01 .1229E+00 .1125E+00 .1542E-02 .2392E-01
.1449E+04 .3233E+00 .1025E+00 .1471E-02 .3654E-01 .3506E-01 .1025E+00 .9575E-02 .1121E+00 .1025E+00 .1471E-02 .2181E-01
.1450E+04 .3190E+00 .3257E-01 .5854E-03 .1172E-01 .1114E-01 .3257E-01 .3249E-02 .3582E-01 .3257E-01 .5854E-03 .6981E-02
.1451E+04 .3156E+00 .1515E-01 .3048E-03 .5486E-02 .5181E-02 .1515E-01 .1568E-02 .1672E-01 .1515E-01 .3048E-03 .3259E-02
.1452E+04 .3188E+00 .6658E-01 .1015E-02 .2379E-01 .2277E-01 .6658E-01 .6309E-02 .7289E-01 .6658E-01 .1015E-02 .1415E-01
.1453E+04 .3182E+00 .8495E-01 .1243E-02 .3030E-01 .2905E-01 .8495E-01 .7952E-02 .9290E-01 .8495E-01 .1243E-02 .1802E-01
.1454E+04 .3147E+00 .1366E+00 .1764E-02 .4850E-01 .4673E-01 .1366E+00 .1238E-01 .1490E+00 .1366E+00 .1764E-02 .2886E-01
.1455E+04 .3143E+00 .7045E-01 .9988E-03 .2510E-01 .2410E-01 .7045E-01 .6539E-02 .7699E-01 .7045E-01 .9988E-03 .1493E-01
.1456E+04 .3153E+00 .8984E-01 .1333E-02 .3206E-01 .3073E-01 .8984E-01 .8443E-02 .9828E-01 .8984E-01 .1333E-02 .1906E-01
.1457E+04 .3173E+00 .1183E+00 .1588E-02 .4205E-01 .4046E-01 .1183E+00 .1082E-01 .1291E+00 .1183E+00 .1588E-02 .2502E-01
.1458E+04 .3199E+00 .1357E+00 .1683E-02 .4811E-01 .4642E-01 .1357E+00 .1217E-01 .1479E+00 .1357E+00 .1683E-02 .2864E-01
.1459E+04 .3186E+00 .1610E+00 .2015E-02 .5707E-01 .5506E-01 .1610E+00 .1447E-01 .1754E+00 .1610E+00 .2015E-02 .3397E-01
.1460E+04 .3167E+00 .8618E-01 .1160E-02 .3064E-01 .2948E-01 .8618E-01 .7888E-02 .9407E-01 .8618E-01 .1160E-02 .1823E-01
.1461E+04 .3156E+00 .9154E-01 .1285E-02 .3259E-01 .3131E-01 .9154E-01 .8473E-02 .1000E+00 .9154E-01 .1285E-02 .1939E-01
.1462E+04 .3129E+00 .1305E+00 .1714E-02 .4633E-01 .4462E-01 .1305E+00 .1187E-01 .1423E+00 .1305E+00 .1714E-02 .2757E-01
.1463E+04 .3116E+00 .4801E-01 .7295E-03 .1715E-01 .1642E-01 .4801E-01 .4543E-02 .5255E-01 .4801E-01 .7295E-03 .1020E-01
.1464E+04 .3136E+00 .1567E+00 .1920E-02 .5551E-01 .5359E-01 .1567E+00 .1401E-01 .1707E+00 .1567E+00 .1920E-02 .3304E-01
.1465E+04 .3115E+00 .9360E-01 .1171E-02 .3318E-01 .3201E-01 .9360E-01 .8410E-02 .1020E+00 .9360E-01 .1171E-02 .1976E-01
.1466E+04 .3137E+00 .6721E-01 .1012E-02 .2400E-01 .2299E-01 .6721E-01 .6343E-02 .7355E-01 .6721E-01 .1012E-02 .1427E-01
.1467E+04 .3131E+00 .4061E-01 .6964E-03 .1458E-01 .1389E-01 .4061E-01 .3983E-02 .4459E-01 .4061E-01 .6964E-03 .8662E-02
.1468E+04 .3118E+00 .7970E-01 .1146E-02 .2841E-01 .2726E-01 .7970E-01 .7426E-02 .8713E-01 .7970E-01 .1146E-02 .1690E-01
.1469E+04 .3137E+00 .9644E-01 .1335E-02 .3432E-01 .3298E-01 .9644E-01 .8895E-02 .1053E+00 .9644E-01 .1335E-02 .2042E-01
.1470E+04 .3085E+00 .5733E-01 .9036E-03 .2051E-01 .1961E-01 .5733E-01 .5483E-02 .6281E-01 .5733E-01 .9036E-03 .1219E-01
.1471E+04 .3082E+00 .2386E-01 .4238E-03 .8586E-02 .8162E-02 .2386E-01 .2368E-02 .2623E-01 .2386E-01 .4238E-03 .5104E-02
.1472E+04 .3069E+00 .5285E-01 .8478E-03 .1892E-01 .1808E-01 .5285E-01 .5087E-02 .5794E-01 .5285E-01 .8478E-03 .1127E-01
.1473E+04 .3035E+00 .7040E-01 .1030E-02 .2511E-01 .2408E-01 .7040E-01 .6604E-02 .7700E-01 .7040E-01 .1030E-02 .1497E-01
.1474E+04 .3030E+00 .9913E-01 .1287E-02 .3519E-01 .3390E-01 .9913E-01 .9009E-02 .1081E+00 .9913E-01 .1287E-02 .2100E-01
.1475E+04 .3038E+00 .1823E+00 .2139E-02 .6448E-01 .6234E-01 .1823E+00 .1616E-01 .1984E+00 .1823E+00 .2139E-02 .3850E-01
.1476E+04 .3051E+00 .6829E-01 .9674E-03 .2432E-01 .2335E-01 .6829E-01 .6357E-02 .7464E-01 .6829E-01 .9674E-03 .1453E-01
.1477E+04 .3036E+00 .6942E-01 .1011E-02 .2475E-01 .2374E-01 .6942E-01 .6521E-02 .7594E-01 .6942E-01 .1011E-02 .1482E-01
.1478E+04 .3037E+00 .6721E-01 .9063E-03 .2389E-01 .2299E-01 .6721E-01 .6193E-02 .7340E-01 .6721E-01 .9063E-03 .1434E-01
.1479E+04 .3077E+00 .1173E+00 .1484E-02 .4160E-01 .4012E-01 .1173E+00 .1064E-01 .1279E+00 .1173E+00 .1484E-02 .2497E-01
.1480E+04 .3057E+00 .6249E-01 .8988E-03 .2227E-01 .2137E-01 .6249E-01 .5858E-02 .6835E-01 .6249E-01 .8988E-03 .1336E-01
.1481E+04 .3046E+00 .1159E+00 .1469E-02 .4111E-01 .3964E-01 .1159E+00 .1053E-01 .1264E+00 .1159E+00 .1469E-02 .2471E-01
.1482E+04 .3040E+00 .5704E-01 .7960E-03 .2031E-01 .1951E-01 .5704E-01 .5319E-02 .6236E-01 .5704E-01 .7960E-03 .1223E-01
.1483E+04 .3014E+00 .1466E+00 .1799E-02 .5194E-01 .5014E-01 .1466E+00 .1325E-01 .1598E+00 .1466E+00 .1799E-02 .3134E-01
.1484E+04 .3056E+00 .1340E+00 .1602E-02 .4743E-01 .4583E-01 .1340E+00 .1203E-01 .1460E+00 .1340E+00 .1602E-02 .2863E-01
.1485E+04 .3062E+00 .1227E+00 .1526E-02 .4348E-01 .4195E-01 .1227E+00 .1112E-01 .1338E+00 .1227E+00 .1526E-02 .2624E-01
.1486E+04 .3023E+00 .1219E+00 .1527E-02 .4320E-01 .4168E-01 .1219E+00 .1109E-01 .1330E+00 .1219E+00 .1527E-02 .2614E-01
.1487E+04 .2898E+00 .5719E-01 .8493E-03 .2041E-01 .1956E-01 .5719E-01 .5455E-02 .6264E-01 .5719E-01 .8493E-03 .1238E-01
.1488E+04 .2795E+00 .9582E-01 .1220E-02 .3399E-01 .3277E-01 .9582E-01 .8796E-02 .1046E+00 .9582E-01 .1220E-02 .2068E-01
.1489E+04 .3010E+00 .1892E+00 .2130E-02 .6686E-01 .6473E-01 .1892E+00 .1689E-01 .2061E+00 .1892E+00 .2130E-02 .4075E-01
.1490E+04 .3028E+00 .1668E+00 .1893E-02 .5893E-01 .5704E-01 .1668E+00 .1492E-01 .1817E+00 .1668E+00 .1893E-02 .3596E-01
.1491E+04 .3015E+00 .1884E+00 .2054E-02 .6648E-01 .6443E-01 .1884E+00 .1672E-01 .2051E+00 .1884E+00 .2054E-02 .4061E-01
.1492E+04 .3013E+00 .1584E+00 .1873E-02 .5605E-01 .5418E-01 .1584E+00 .1433E-01 .1727E+00 .1584E+00 .1873E-02 .3425E-01
.1493E+04 .3030E+00 .1761E+00 .2021E-02 .6226E-01 .6024E-01 .1761E+00 .1583E-01 .1920E+00 .1761E+00 .2021E-02 .3808E-01
.1494E+04 .3034E+00 .1912E+00 .2125E-02 .6750E-01 .6538E-01 .1912E+00 .1706E-01 .2082E+00 .1912E+00 .2125E-02 .4129E-01
.1495E+04 .2982E+00 .1763E+00 .1965E-02 .6227E-01 .6030E-01 .1763E+00 .1574E-01 .1921E+00 .1763E+00 .1965E-02 .3809E-01
.1496E+04 .2940E+00 .1651E+00 .1860E-02 .5834E-01 .5648E-01 .1651E+00 .1479E-01 .1799E+00 .1651E+00 .1860E-02 .3573E-01
.1497E+04 .2976E+00 .2184E+00 .2278E-02 .7699E-01 .7471E-01 .2184E+00 .1926E-01 .2377E+00 .2184E+00 .2278E-02 .4721E-01
.1498E+04 .2977E+00 .1902E+00 .2046E-02 .6711E-01 .6506E-01 .1902E+00 .1690E-01 .2071E+00 .1902E+00 .2046E-02 .4120E-01
.1499E+04 .2978E+00 .2171E+00 .2292E-02 .7653E-01 .7424E-01 .2171E+00 .1922E-01 .2363E+00 .2171E+00 .2292E-02 .4703E-01
.1500E+04 .2995E+00 .2443E+00 .2497E-02 .8605E-01 .8355E-01 .2443E+00 .2151E-01 .2658E+00 .2443E+00 .2497E-02 .5294E-01
.1501E+04 .2977E+00 .2496E+00 .2570E-02 .8794E-01 .8537E-01 .2496E+00 .2201E-01 .2716E+00 .2496E+00 .2570E-02 .5410E-01
.1502E+04 .2827E+00 .2198E+00 .2259E-02 .7742E-01 .7516E-01 .2198E+00 .1937E-01 .2391E+00 .2198E+00 .2259E-02 .4763E-01
.1503E+04 .2785E+00 .1902E+00 .2023E-02 .6706E-01 .6504E-01 .1902E+00 .1688E-01 .2070E+00 .1902E+00 .2023E-02 .4125E-01
.1504E+04 .2747E+00 .1514E+00 .1698E-02 .5348E-01 .5178E-01 .1514E+00 .1360E-01 .1650E+00 .1514E+00 .1698E-02 .3290E-01
.1505E+04 .2744E+00 .1756E+00 .1908E-02 .6196E-01 .6006E-01 .1756E+00 .1566E-01 .1913E+00 .1756E+00 .1908E-02 .3812E-01
.1506E+04 .2873E+00 .2495E+00 .2518E-02 .8785E-01 .8533E-01 .2495E+00 .2191E-01 .2714E+00 .2495E+00 .2518E-02 .5407E-01
.1507E+04 .2918E+00 .2395E+00 .2448E-02 .8435E-01 .8191E-01 .2395E+00 .2109E-01 .2606E+00 .2395E+00 .2448E-02 .5191E-01
.1508E+04 .2871E+00 .2349E+00 .2377E-02 .8273E-01 .8035E-01 .2349E+00 .2064E-01 .2556E+00 .2349E+00 .2377E-02 .5091E-01
.1509E+04 .2912E+00 .1790E+00 .1947E-02 .6316E-01 .6121E-01 .1790E+00 .1597E-01 .1949E+00 .1790E+00 .1947E-02 .3886E-01
.1510E+04 .2940E+00 .2594E+00 .2592E-02 .9131E-01 .8872E-01 .2594E+00 .2274E-01 .2821E+00 .2594E+00 .2592E-02 .5620E-01
.1511E+04 .2928E+00 .2503E+00 .2528E-02 .8814E-01 .8561E-01 .2503E+00 .2201E-01 .2723E+00 .2503E+00 .2528E-02 .5430E-01
.1512E+04 .2874E+00 .2481E+00 .2483E-02 .8734E-01 .8485E-01 .2481E+00 .2179E-01 .2699E+00 .2481E+00 .2483E-02 .5386E-01
.1513E+04 .2867E+00 .2278E+00 .2347E-02 .8027E-01 .7792E-01 .2278E+00 .2013E-01 .2480E+00 .2278E+00 .2347E-02 .4952E-01
.1514E+04 .2870E+00 .2133E+00 .2231E-02 .7518E-01 .7295E-01 .2133E+00 .1891E-01 .2322E+00 .2133E+00 .2231E-02 .4638E-01
.1515E+04 .2884E+00 .2547E+00 .2528E-02 .8966E-01 .8713E-01 .2547E+00 .2234E-01 .2771E+00 .2547E+00 .2528E-02 .5532E-01
.1516E+04 .2859E+00 .2441E+00 .2438E-02 .8591E-01 .8348E-01 .2441E+00 .2143E-01 .2655E+00 .2441E+00 .2438E-02 .5301E-01
.1517E+04 .2873E+00 .2395E+00 .2415E-02 .8434E-01 .8193E-01 .2395E+00 .2108E-01 .2606E+00 .2395E+00 .2415E-02 .5204E-01
.1518E+04 .2876E+00 .2380E+00 .2395E-02 .8381E-01 .8142E-01 .2380E+00 .2094E-01 .2590E+00 .2380E+00 .2395E-02 .5171E-01
.1519E+04 .2869E+00 .2326E+00 .2359E-02 .8192E-01 .7956E-01 .2326E+00 .2049E-01 .2531E+00 .2326E+00 .2359E-02 .5055E-01
.1520E+04 .2854E+00 .2494E+00 .2479E-02 .8777E-01 .8530E-01 .2494E+00 .2188E-01 .2713E+00 .2494E+00 .2479E-02 .5417E-01
.1521E+04 .2815E+00 .2665E+00 .2575E-02 .9371E-01 .9114E-01 .2665E+00 .2325E-01 .2897E+00 .2665E+00 .2575E-02 .5784E-01
.1522E+04 .2814E+00 .2526E+00 .2484E-02 .8888E-01 .8640E-01 .2526E+00 .2212E-01 .2747E+00 .2526E+00 .2484E-02 .5486E-01
.1523E+04 .2840E+00 .2701E+00 .2601E-02 .9497E-01 .9237E-01 .2701E+00 .2355E-01 .2936E+00 .2701E+00 .2601E-02 .5862E-01
.1524E+04 .2817E+00 .2616E+00 .2543E-02 .9200E-01 .8946E-01 .2616E+00 .2285E-01 .2844E+00 .2616E+00 .2543E-02 .5679E-01
.1525E+04 .2825E+00 .2497E+00 .2461E-02 .8787E-01 .8541E-01 .2497E+00 .2187E-01 .2716E+00 .2497E+00 .2461E-02 .5423E-01
.1526E+04 .2845E+00 .2536E+00 .2490E-02 .8924E-01 .8675E-01 .2536E+00 .2220E-01 .2758E+00 .2536E+00 .2490E-02 .5508E-01
.1527E+04 .2845E+00 .2518E+00 .2468E-02 .8860E-01 .8613E-01 .2518E+00 .2203E-01 .2739E+00 .2518E+00 .2468E-02 .5469E-01
.1528E+04 .2838E+00 .2685E+00 .2577E-02 .9441E-01 .9183E-01 .2685E+00 .2340E-01 .2919E+00 .2685E+00 .2577E-02 .5828E-01
.1529E+04 .2757E+00 .2547E+00 .2465E-02 .8958E-01 .8711E-01 .2547E+00 .2223E-01 .2769E+00 .2547E+00 .2465E-02 .5529E-01
.1530E+04 .2737E+00 .2492E+00 .2421E-02 .8764E-01 .8522E-01 .2492E+00 .2176E-01 .2709E+00 .2492E+00 .2421E-02 .5410E-01
.1531E+04 .2814E+00 .2565E+00 .2484E-02 .9020E-01 .8772E-01 .2565E+00 .2237E-01 .2788E+00 .2565E+00 .2484E-02 .5562E-01
.1532E+04 .2802E+00 .2654E+00 .2535E-02 .9331E-01 .9078E-01 .2654E+00 .2307E-01 .2885E+00 .2654E+00 .2535E-02 .5749E-01
.1533E+04 .2775E+00 .2627E+00 .2509E-02 .9237E-01 .8986E-01 .2627E+00 .2282E-01 .2855E+00 .2627E+00 .2509E-02 .5688E-01
.1534E+04 .2750E+00 .2569E+00 .2460E-02 .9032E-01 .8786E-01 .2569E+00 .2233E-01 .2792E+00 .2569E+00 .2460E-02 .5562E-01
.1535E+04 .2782E+00 .2561E+00 .2460E-02 .9004E-01 .8758E-01 .2561E+00 .2227E-01 .2783E+00 .2561E+00 .2460E-02 .5545E-01
.1536E+04 .2794E+00 .2622E+00 .2502E-02 .9219E-01 .8969E-01 .2622E+00 .2276E-01 .2850E+00 .2622E+00 .2502E-02 .5671E-01
.1537E+04 .2769E+00 .2591E+00 .2471E-02 .9110E-01 .8863E-01 .2591E+00 .2247E-01 .2816E+00 .2591E+00 .2471E-02 .5598E-01
.1538E+04 .2740E+00 .2625E+00 .2482E-02 .9225E-01 .8977E-01 .2625E+00 .2271E-01 .2852E+00 .2625E+00 .2482E-02 .5666E-01
.1539E+04 .2721E+00 .2564E+00 .2435E-02 .9013E-01 .8769E-01 .2564E+00 .2220E-01 .2786E+00 .2564E+00 .2435E-02 .5536E-01
.1540E+04 .2696E+00 .2544E+00 .2412E-02 .8941E-01 .8699E-01 .2544E+00 .2202E-01 .2764E+00 .2544E+00 .2412E-02 .5493E-01
.1541E+04 .2727E+00 .2574E+00 .2438E-02 .9047E-01 .8803E-01 .2574E+00 .2226E-01 .2796E+00 .2574E+00 .2438E-02 .5551E-01
.1542E+04 .2734E+00 .2571E+00 .2434E-02 .9036E-01 .8793E-01 .2571E+00 .2221E-01 .2793E+00 .2571E+00 .2434E-02 .5539E-01
.1543E+04 .2750E+00 .2615E+00 .2465E-02 .9190E-01 .8944E-01 .2615E+00 .2256E-01 .2841E+00 .2615E+00 .2465E-02 .5630E-01
.1544E+04 .2756E+00 .2610E+00 .2460E-02 .9173E-01 .8927E-01 .2610E+00 .2252E-01 .2835E+00 .2610E+00 .2460E-02 .5619E-01
.1545E+04 .2760E+00 .2653E+00 .2486E-02 .9322E-01 .9073E-01 .2653E+00 .2286E-01 .2881E+00 .2653E+00 .2486E-02 .5710E-01
.1546E+04 .2742E+00 .2618E+00 .2457E-02 .9201E-01 .8956E-01 .2618E+00 .2259E-01 .2844E+00 .2618E+00 .2457E-02 .5643E-01
.1547E+04 .2683E+00 .2583E+00 .2415E-02 .9076E-01 .8834E-01 .2583E+00 .2229E-01 .2806E+00 .2583E+00 .2415E-02 .5573E-01
.1548E+04 .2681E+00 .2584E+00 .2413E-02 .9078E-01 .8837E-01 .2584E+00 .2231E-01 .2807E+00 .2584E+00 .2413E-02 .5581E-01
.1549E+04 .2693E+00 .2604E+00 .2426E-02 .9147E-01 .8905E-01 .2604E+00 .2249E-01 .2828E+00 .2604E+00 .2426E-02 .5629E-01
.1550E+04 .2680E+00 .2587E+00 .2410E-02 .9090E-01 .8849E-01 .2587E+00 .2237E-01 .2811E+00 .2587E+00 .2410E-02 .5599E-01
.1551E+04 .2706E+00 .2608E+00 .2428E-02 .9162E-01 .8919E-01 .2608E+00 .2255E-01 .2833E+00 .2608E+00 .2428E-02 .5644E-01
.1552E+04 .2710E+00 .2596E+00 .2418E-02 .9120E-01 .8878E-01 .2596E+00 .2245E-01 .2820E+00 .2596E+00 .2418E-02 .5619E-01
.1553E+04 .2662E+00 .2571E+00 .2387E-02 .9033E-01 .8794E-01 .2571E+00 .2222E-01 .2793E+00 .2571E+00 .2387E-02 .5565E-01
.1554E+04 .2647E+00 .2551E+00 .2367E-02 .8961E-01 .8725E-01 .2551E+00 .2204E-01 .2771E+00 .2551E+00 .2367E-02 .5521E-01
.1555E+04 .2646E+00 .2556E+00 .2368E-02 .8980E-01 .8743E-01 .2556E+00 .2208E-01 .2777E+00 .2556E+00 .2368E-02 .5533E-01
.1556E+04 .2648E+00 .2556E+00 .2366E-02 .8978E-01 .8741E-01 .2556E+00 .2207E-01 .2776E+00 .2556E+00 .2366E-02 .5531E-01
.1557E+04 .2676E+00 .2585E+00 .2390E-02 .9082E-01 .8843E-01 .2585E+00 .2233E-01 .2809E+00 .2585E+00 .2390E-02 .5595E-01
.1558E+04 .2662E+00 .2571E+00 .2374E-02 .9031E-01 .8794E-01 .2571E+00 .2221E-01 .2793E+00 .2571E+00 .2374E-02 .5567E-01
.1559E+04 .2647E+00 .2555E+00 .2358E-02 .8975E-01 .8739E-01 .2555E+00 .2208E-01 .2776E+00 .2555E+00 .2358E-02 .5538E-01
.1560E+04 .2666E+00 .2573E+00 .2372E-02 .9039E-01 .8802E-01 .2573E+00 .2226E-01 .2796E+00 .2573E+00 .2372E-02 .5584E-01
.1561E+04 .2683E+00 .2591E+00 .2386E-02 .9099E-01 .8861E-01 .2591E+00 .2242E-01 .2815E+00 .2591E+00 .2386E-02 .5627E-01
.1562E+04 .2663E+00 .2561E+00 .2359E-02 .8994E-01 .8758E-01 .2561E+00 .2218E-01 .2782E+00 .2561E+00 .2359E-02 .5567E-01
.1563E+04 .2635E+00 .2539E+00 .2336E-02 .8918E-01 .8685E-01 .2539E+00 .2201E-01 .2759E+00 .2539E+00 .2336E-02 .5526E-01
.1564E+04 .2650E+00 .2551E+00 .2345E-02 .8958E-01 .8723E-01 .2551E+00 .2212E-01 .2772E+00 .2551E+00 .2345E-02 .5556E-01
.1565E+04 .2643E+00 .2553E+00 .2342E-02 .8964E-01 .8730E-01 .2553E+00 .2215E-01 .2774E+00 .2553E+00 .2342E-02 .5565E-01
.1566E+04 .2614E+00 .2518E+00 .2310E-02 .8844E-01 .8613E-01 .2518E+00 .2187E-01 .2737E+00 .2518E+00 .2310E-02 .5497E-01
.1567E+04 .2614E+00 .2512E+00 .2304E-02 .8821E-01 .8590E-01 .2512E+00 .2183E-01 .2730E+00 .2512E+00 .2304E-02 .5488E-01
.1568E+04 .2592E+00 .2451E+00 .2258E-02 .8610E-01 .8384E-01 .2451E+00 .2136E-01 .2665E+00 .2451E+00 .2258E-02 .5366E-01
.1569E+04 .2597E+00 .2378E+00 .2213E-02 .8355E-01 .8134E-01 .2378E+00 .2079E-01 .2586E+00 .2378E+00 .2213E-02 .5218E-01
.1570E+04 .2622E+00 .2244E+00 .2133E-02 .7887E-01 .7674E-01 .2244E+00 .1974E-01 .2441E+00 .2244E+00 .2133E-02 .4937E-01
.1571E+04 .2643E+00 .2090E+00 .2039E-02 .7351E-01 .7147E-01 .2090E+00 .1852E-01 .2275E+00 .2090E+00 .2039E-02 .4615E-01
.1572E+04 .2625E+00 .2109E+00 .2045E-02 .7416E-01 .7212E-01 .2109E+00 .1871E-01 .2296E+00 .2109E+00 .2045E-02 .4671E-01
.1573E+04 .2612E+00 .2091E+00 .2028E-02 .7354E-01 .7151E-01 .2091E+00 .1858E-01 .2277E+00 .2091E+00 .2028E-02 .4639E-01
.1574E+04 .2525E+00 .2138E+00 .2033E-02 .7515E-01 .7312E-01 .2138E+00 .1895E-01 .2327E+00 .2138E+00 .2033E-02 .4746E-01
.1575E+04 .2500E+00 .2293E+00 .2122E-02 .8054E-01 .7842E-01 .2293E+00 .2023E-01 .2495E+00 .2293E+00 .2122E-02 .5091E-01
.1576E+04 .2477E+00 .2199E+00 .2055E-02 .7725E-01 .7520E-01 .2199E+00 .1943E-01 .2393E+00 .2199E+00 .2055E-02 .4883E-01
.1577E+04 .2419E+00 .2020E+00 .1924E-02 .7101E-01 .6909E-01 .2020E+00 .1792E-01 .2199E+00 .2020E+00 .1924E-02 .4488E-01
.1578E+04 .2548E+00 .2137E+00 .2031E-02 .7513E-01 .7310E-01 .2137E+00 .1898E-01 .2327E+00 .2137E+00 .2031E-02 .4756E-01
.1579E+04 .2589E+00 .2141E+00 .2043E-02 .7528E-01 .7324E-01 .2141E+00 .1906E-01 .2332E+00 .2141E+00 .2043E-02 .4776E-01
.1580E+04 .2602E+00 .2233E+00 .2103E-02 .7847E-01 .7637E-01 .2233E+00 .1985E-01 .2431E+00 .2233E+00 .2103E-02 .4986E-01
.1581E+04 .2562E+00 .2242E+00 .2096E-02 .7878E-01 .7668E-01 .2242E+00 .1992E-01 .2441E+00 .2242E+00 .2096E-02 .5012E-01
.1582E+04 .2504E+00 .2238E+00 .2075E-02 .7862E-01 .7655E-01 .2238E+00 .1988E-01 .2437E+00 .2238E+00 .2075E-02 .5008E-01
.1583E+04 .2523E+00 .2291E+00 .2111E-02 .8047E-01 .7836E-01 .2291E+00 .2034E-01 .2495E+00 .2291E+00 .2111E-02 .5130E-01
.1584E+04 .2537E+00 .2362E+00 .2157E-02 .8295E-01 .8079E-01 .2362E+00 .2095E-01 .2572E+00 .2362E+00 .2157E-02 .5294E-01
.1585E+04 .2557E+00 .2415E+00 .2193E-02 .8478E-01 .8259E-01 .2415E+00 .2141E-01 .2629E+00 .2415E+00 .2193E-02 .5416E-01
.1586E+04 .2535E+00 .2408E+00 .2181E-02 .8455E-01 .8237E-01 .2408E+00 .2136E-01 .2622E+00 .2408E+00 .2181E-02 .5407E-01
.1587E+04 .2492E+00 .2377E+00 .2147E-02 .8343E-01 .8129E-01 .2377E+00 .2109E-01 .2588E+00 .2377E+00 .2147E-02 .5341E-01
.1588E+04 .2397E+00 .2313E+00 .2080E-02 .8118E-01 .7910E-01 .2313E+00 .2052E-01 .2518E+00 .2313E+00 .2080E-02 .5202E-01
.1589E+04 .2320E+00 .2242E+00 .2013E-02 .7868E-01 .7667E-01 .2242E+00 .1990E-01 .2441E+00 .2242E+00 .2013E-02 .5047E-01
.1590E+04 .2381E+00 .2295E+00 .2061E-02 .8057E-01 .7851E-01 .2295E+00 .2040E-01 .2499E+00 .2295E+00 .2061E-02 .5173E-01
.1591E+04 .2435E+00 .2352E+00 .2109E-02 .8255E-01 .8044E-01 .2352E+00 .2091E-01 .2561E+00 .2352E+00 .2109E-02 .5306E-01
.1592E+04 .2523E+00 .2424E+00 .2175E-02 .8508E-01 .8291E-01 .2424E+00 .2158E-01 .2640E+00 .2424E+00 .2175E-02 .5474E-01
.1593E+04 .2545E+00 .2459E+00 .2201E-02 .8632E-01 .8412E-01 .2459E+00 .2188E-01 .2678E+00 .2459E+00 .2201E-02 .5554E-01
.1594E+04 .2553E+00 .2458E+00 .2199E-02 .8626E-01 .8406E-01 .2458E+00 .2187E-01 .2676E+00 .2458E+00 .2199E-02 .5550E-01
.1595E+04 .2510E+00 .2423E+00 .2165E-02 .8505E-01 .8289E-01 .2423E+00 .2156E-01 .2639E+00 .2423E+00 .2165E-02 .5475E-01
.1596E+04 .2441E+00 .2350E+00 .2099E-02 .8248E-01 .8038E-01 .2350E+00 .2093E-01 .2559E+00 .2350E+00 .2099E-02 .5315E-01
.1597E+04 .2517E+00 .2404E+00 .2151E-02 .8437E-01 .8222E-01 .2404E+00 .2143E-01 .2618E+00 .2404E+00 .2151E-02 .5443E-01
.1598E+04 .2530E+00 .2402E+00 .2152E-02 .8431E-01 .8216E-01 .2402E+00 .2144E-01 .2617E+00 .2402E+00 .2152E-02 .5444E-01
.1599E+04 .2501E+00 .2290E+00 .2074E-02 .8038E-01 .7831E-01 .2290E+00 .2049E-01 .2494E+00 .2290E+00 .2074E-02 .5195E-01
.1600E+04 .2479E+00 .2172E+00 .1994E-02 .7627E-01 .7427E-01 .2172E+00 .1949E-01 .2367E+00 .2172E+00 .1994E-02 .4931E-01
.1601E+04 .2451E+00 .2039E+00 .1903E-02 .7164E-01 .6973E-01 .2039E+00 .1835E-01 .2222E+00 .2039E+00 .1903E-02 .4631E-01
.1602E+04 .2468E+00 .2022E+00 .1895E-02 .7105E-01 .6916E-01 .2022E+00 .1822E-01 .2204E+00 .2022E+00 .1895E-02 .4593E-01
.1603E+04 .2477E+00 .2017E+00 .1892E-02 .7088E-01 .6899E-01 .2017E+00 .1817E-01 .2199E+00 .2017E+00 .1892E-02 .4582E-01
.1604E+04 .2459E+00 .2052E+00 .1907E-02 .7209E-01 .7018E-01 .2052E+00 .1846E-01 .2237E+00 .2052E+00 .1907E-02 .4661E-01
.1605E+04 .2456E+00 .2209E+00 .2001E-02 .7756E-01 .7556E-01 .2209E+00 .1978E-01 .2407E+00 .2209E+00 .2001E-02 .5015E-01
.1606E+04 .2429E+00 .2245E+00 .2013E-02 .7880E-01 .7679E-01 .2245E+00 .2006E-01 .2446E+00 .2245E+00 .2013E-02 .5095E-01
.1607E+04 .2450E+00 .2170E+00 .1972E-02 .7618E-01 .7421E-01 .2170E+00 .1944E-01 .2364E+00 .2170E+00 .1972E-02 .4926E-01
.1608E+04 .2461E+00 .2079E+00 .1917E-02 .7301E-01 .7109E-01 .2079E+00 .1867E-01 .2265E+00 .2079E+00 .1917E-02 .4721E-01
.1609E+04 .2387E+00 .1995E+00 .1845E-02 .7009E-01 .6824E-01 .1995E+00 .1793E-01 .2175E+00 .1995E+00 .1845E-02 .4531E-01
.1610E+04 .2338E+00 .2019E+00 .1844E-02 .7088E-01 .6904E-01 .2019E+00 .1811E-01 .2200E+00 .2019E+00 .1844E-02 .4586E-01
.1611E+04 .2382E+00 .2087E+00 .1896E-02 .7327E-01 .7137E-01 .2087E+00 .1872E-01 .2274E+00 .2087E+00 .1896E-02 .4745E-01
.1612E+04 .2402E+00 .2153E+00 .1939E-02 .7557E-01 .7363E-01 .2153E+00 .1930E-01 .2346E+00 .2153E+00 .1939E-02 .4899E-01
.1613E+04 .2417E+00 .2200E+00 .1970E-02 .7720E-01 .7523E-01 .2200E+00 .1970E-01 .2397E+00 .2200E+00 .1970E-02 .5005E-01
.1614E+04 .2411E+00 .2242E+00 .1992E-02 .7868E-01 .7669E-01 .2242E+00 .2005E-01 .2443E+00 .2242E+00 .1992E-02 .5101E-01
.1615E+04 .2354E+00 .2214E+00 .1958E-02 .7769E-01 .7574E-01 .2214E+00 .1979E-01 .2412E+00 .2214E+00 .1958E-02 .5041E-01
.1616E+04 .2319E+00 .2200E+00 .1938E-02 .7717E-01 .7523E-01 .2200E+00 .1967E-01 .2396E+00 .2200E+00 .1938E-02 .5012E-01
.1617E+04 .2373E+00 .2257E+00 .1985E-02 .7917E-01 .7719E-01 .2257E+00 .2019E-01 .2459E+00 .2257E+00 .1985E-02 .5148E-01
.1618E+04 .2404E+00 .2300E+00 .2017E-02 .8070E-01 .7868E-01 .2300E+00 .2057E-01 .2506E+00 .2300E+00 .2017E-02 .5247E-01
.1619E+04 .2374E+00 .2268E+00 .1987E-02 .7955E-01 .7756E-01 .2268E+00 .2028E-01 .2471E+00 .2268E+00 .1987E-02 .5172E-01
.1620E+04 .2308E+00 .2223E+00 .1941E-02 .7798E-01 .7604E-01 .2223E+00 .1986E-01 .2422E+00 .2223E+00 .1941E-02 .5070E-01
.1621E+04 .2339E+00 .2254E+00 .1966E-02 .7904E-01 .7708E-01 .2254E+00 .2013E-01 .2455E+00 .2254E+00 .1966E-02 .5139E-01
.1622E+04 .2376E+00 .2291E+00 .1996E-02 .8035E-01 .7835E-01 .2291E+00 .2046E-01 .2496E+00 .2291E+00 .1996E-02 .5224E-01
.1623E+04 .2409E+00 .2327E+00 .2024E-02 .8160E-01 .7958E-01 .2327E+00 .2078E-01 .2535E+00 .2327E+00 .2024E-02 .5306E-01
.1624E+04 .2389E+00 .2300E+00 .2001E-02 .8067E-01 .7866E-01 .2300E+00 .2054E-01 .2505E+00 .2300E+00 .2001E-02 .5245E-01
.1625E+04 .2379E+00 .2295E+00 .1993E-02 .8047E-01 .7848E-01 .2295E+00 .2048E-01 .2499E+00 .2295E+00 .1993E-02 .5233E-01
.1626E+04 .2388E+00 .2297E+00 .1995E-02 .8055E-01 .7856E-01 .2297E+00 .2050E-01 .2502E+00 .2297E+00 .1995E-02 .5238E-01
.1627E+04 .2402E+00 .2314E+00 .2007E-02 .8115E-01 .7915E-01 .2314E+00 .2065E-01 .2521E+00 .2314E+00 .2007E-02 .5277E-01
.1628E+04 .2403E+00 .2306E+00 .2001E-02 .8087E-01 .7887E-01 .2306E+00 .2058E-01 .2512E+00 .2306E+00 .2001E-02 .5259E-01
.1629E+04 .2375E+00 .2286E+00 .1979E-02 .8016E-01 .7818E-01 .2286E+00 .2040E-01 .2490E+00 .2286E+00 .1979E-02 .5213E-01
.1630E+04 .2365E+00 .2272E+00 .1967E-02 .7967E-01 .7771E-01 .2272E+00 .2027E-01 .2475E+00 .2272E+00 .1967E-02 .5181E-01
.1631E+04 .2368E+00 .2258E+00 .1957E-02 .7918E-01 .7722E-01 .2258E+00 .2015E-01 .2459E+00 .2258E+00 .1957E-02 .5149E-01
.1632E+04 .2355E+00 .2260E+00 .1953E-02 .7924E-01 .7728E-01 .2260E+00 .2015E-01 .2461E+00 .2260E+00 .1953E-02 .5153E-01
.1633E+04 .2317E+00 .2185E+00 .1898E-02 .7662E-01 .7473E-01 .2185E+00 .1950E-01 .2380E+00 .2185E+00 .1898E-02 .4983E-01
.1634E+04 .2328E+00 .2239E+00 .1930E-02 .7849E-01 .7656E-01 .2239E+00 .1996E-01 .2438E+00 .2239E+00 .1930E-02 .5105E-01
.1635E+04 .2342E+00 .2202E+00 .1911E-02 .7722E-01 .7530E-01 .2202E+00 .1966E-01 .2398E+00 .2202E+00 .1911E-02 .5022E-01
.1636E+04 .2292E+00 .2183E+00 .1885E-02 .7656E-01 .7468E-01 .2183E+00 .1947E-01 .2378E+00 .2183E+00 .1885E-02 .4980E-01
.1637E+04 .2252E+00 .2160E+00 .1859E-02 .7574E-01 .7388E-01 .2160E+00 .1925E-01 .2353E+00 .2160E+00 .1859E-02 .4926E-01
.1638E+04 .2198E+00 .2015E+00 .1758E-02 .7067E-01 .6891E-01 .2015E+00 .1800E-01 .2195E+00 .2015E+00 .1758E-02 .4596E-01
.1639E+04 .2208E+00 .2100E+00 .1809E-02 .7365E-01 .7184E-01 .2100E+00 .1873E-01 .2288E+00 .2100E+00 .1809E-02 .4790E-01
.1640E+04 .2213E+00 .1984E+00 .1741E-02 .6961E-01 .6787E-01 .1984E+00 .1775E-01 .2162E+00 .1984E+00 .1741E-02 .4527E-01
.1641E+04 .2201E+00 .2053E+00 .1777E-02 .7201E-01 .7023E-01 .2053E+00 .1832E-01 .2237E+00 .2053E+00 .1777E-02 .4684E-01
.1642E+04 .2225E+00 .2095E+00 .1806E-02 .7347E-01 .7167E-01 .2095E+00 .1868E-01 .2282E+00 .2095E+00 .1806E-02 .4779E-01
.1643E+04 .2236E+00 .1960E+00 .1728E-02 .6878E-01 .6705E-01 .1960E+00 .1755E-01 .2136E+00 .1960E+00 .1728E-02 .4473E-01
.1644E+04 .2218E+00 .2101E+00 .1803E-02 .7365E-01 .7185E-01 .2101E+00 .1872E-01 .2288E+00 .2101E+00 .1803E-02 .4791E-01
.1645E+04 .2235E+00 .2055E+00 .1780E-02 .7206E-01 .7028E-01 .2055E+00 .1834E-01 .2238E+00 .2055E+00 .1780E-02 .4687E-01
.1646E+04 .2256E+00 .2015E+00 .1760E-02 .7067E-01 .6891E-01 .2015E+00 .1801E-01 .2195E+00 .2015E+00 .1760E-02 .4596E-01
.1647E+04 .2257E+00 .2151E+00 .1838E-02 .7539E-01 .7356E-01 .2151E+00 .1915E-01 .2342E+00 .2151E+00 .1838E-02 .4904E-01
.1648E+04 .2240E+00 .1981E+00 .1733E-02 .6948E-01 .6774E-01 .1981E+00 .1771E-01 .2158E+00 .1981E+00 .1733E-02 .4519E-01
.1649E+04 .2231E+00 .2078E+00 .1785E-02 .7285E-01 .7106E-01 .2078E+00 .1852E-01 .2263E+00 .2078E+00 .1785E-02 .4739E-01
.1650E+04 .2237E+00 .2110E+00 .1804E-02 .7398E-01 .7217E-01 .2110E+00 .1879E-01 .2298E+00 .2110E+00 .1804E-02 .4812E-01
.1651E+04 .2233E+00 .1932E+00 .1698E-02 .6776E-01 .6607E-01 .1932E+00 .1728E-01 .2104E+00 .1932E+00 .1698E-02 .4408E-01
.1652E+04 .2243E+00 .2111E+00 .1802E-02 .7399E-01 .7218E-01 .2111E+00 .1879E-01 .2298E+00 .2111E+00 .1802E-02 .4812E-01
.1653E+04 .2244E+00 .2130E+00 .1812E-02 .7467E-01 .7286E-01 .2130E+00 .1893E-01 .2320E+00 .2130E+00 .1812E-02 .4852E-01
.1654E+04 .2238E+00 .2004E+00 .1736E-02 .7029E-01 .6855E-01 .2004E+00 .1785E-01 .2183E+00 .2004E+00 .1736E-02 .4562E-01
.1655E+04 .2242E+00 .2139E+00 .1813E-02 .7498E-01 .7317E-01 .2139E+00 .1898E-01 .2329E+00 .2139E+00 .1813E-02 .4865E-01
.1656E+04 .2252E+00 .2103E+00 .1794E-02 .7373E-01 .7194E-01 .2103E+00 .1868E-01 .2290E+00 .2103E+00 .1794E-02 .4784E-01
.1657E+04 .2247E+00 .2121E+00 .1801E-02 .7435E-01 .7255E-01 .2121E+00 .1882E-01 .2309E+00 .2121E+00 .1801E-02 .4824E-01
.1658E+04 .2238E+00 .2154E+00 .1815E-02 .7547E-01 .7366E-01 .2154E+00 .1907E-01 .2344E+00 .2154E+00 .1815E-02 .4892E-01
.1659E+04 .2231E+00 .2134E+00 .1800E-02 .7479E-01 .7299E-01 .2134E+00 .1888E-01 .2323E+00 .2134E+00 .1800E-02 .4842E-01
.1660E+04 .2249E+00 .2156E+00 .1816E-02 .7555E-01 .7373E-01 .2156E+00 .1906E-01 .2346E+00 .2156E+00 .1816E-02 .4887E-01
.1661E+04 .2248E+00 .2150E+00 .1811E-02 .7536E-01 .7355E-01 .2150E+00 .1899E-01 .2340E+00 .2150E+00 .1811E-02 .4870E-01
.1662E+04 .2230E+00 .2094E+00 .1772E-02 .7340E-01 .7163E-01 .2094E+00 .1850E-01 .2279E+00 .2094E+00 .1772E-02 .4739E-01
.1663E+04 .2219E+00 .2136E+00 .1791E-02 .7484E-01 .7305E-01 .2136E+00 .1882E-01 .2324E+00 .2136E+00 .1791E-02 .4828E-01
.1664E+04 .2214E+00 .2118E+00 .1778E-02 .7421E-01 .7243E-01 .2118E+00 .1865E-01 .2304E+00 .2118E+00 .1778E-02 .4783E-01
.1665E+04 .2195E+00 .1978E+00 .1692E-02 .6933E-01 .6764E-01 .1978E+00 .1746E-01 .2152E+00 .1978E+00 .1692E-02 .4464E-01
.1666E+04 .2188E+00 .1565E+00 .1446E-02 .5498E-01 .5353E-01 .1565E+00 .1400E-01 .1705E+00 .1565E+00 .1446E-02 .3535E-01
.1667E+04 .2175E+00 .1961E+00 .1674E-02 .6873E-01 .6706E-01 .1961E+00 .1728E-01 .2133E+00 .1961E+00 .1674E-02 .4418E-01
.1668E+04 .2153E+00 .2050E+00 .1717E-02 .7183E-01 .7011E-01 .2050E+00 .1799E-01 .2230E+00 .2050E+00 .1717E-02 .4612E-01
.1669E+04 .2184E+00 .2081E+00 .1740E-02 .7292E-01 .7118E-01 .2081E+00 .1824E-01 .2264E+00 .2081E+00 .1740E-02 .4677E-01
.1670E+04 .2191E+00 .2109E+00 .1756E-02 .7389E-01 .7214E-01 .2109E+00 .1845E-01 .2294E+00 .2109E+00 .1756E-02 .4734E-01
.1671E+04 .2150E+00 .2047E+00 .1709E-02 .7173E-01 .7003E-01 .2047E+00 .1791E-01 .2226E+00 .2047E+00 .1709E-02 .4591E-01
.1672E+04 .2106E+00 .2027E+00 .1684E-02 .7101E-01 .6933E-01 .2027E+00 .1770E-01 .2204E+00 .2027E+00 .1684E-02 .4541E-01
.1673E+04 .2145E+00 .2074E+00 .1719E-02 .7264E-01 .7092E-01 .2074E+00 .1809E-01 .2254E+00 .2074E+00 .1719E-02 .4641E-01
.1674E+04 .2143E+00 .2024E+00 .1689E-02 .7092E-01 .6923E-01 .2024E+00 .1766E-01 .2201E+00 .2024E+00 .1689E-02 .4526E-01
.1675E+04 .2101E+00 .1995E+00 .1660E-02 .6990E-01 .6824E-01 .1995E+00 .1739E-01 .2169E+00 .1995E+00 .1660E-02 .4457E-01
.1676E+04 .2105E+00 .2021E+00 .1673E-02 .7078E-01 .6911E-01 .2021E+00 .1758E-01 .2196E+00 .2021E+00 .1673E-02 .4509E-01
.1677E+04 .2121E+00 .2012E+00 .1671E-02 .7047E-01 .6880E-01 .2012E+00 .1749E-01 .2187E+00 .2012E+00 .1671E-02 .4485E-01
.1678E+04 .2104E+00 .1952E+00 .1632E-02 .6839E-01 .6676E-01 .1952E+00 .1698E-01 .2122E+00 .1952E+00 .1632E-02 .4348E-01
.1679E+04 .2064E+00 .1996E+00 .1644E-02 .6990E-01 .6825E-01 .1996E+00 .1730E-01 .2169E+00 .1996E+00 .1644E-02 .4440E-01
.1680E+04 .1991E+00 .1915E+00 .1580E-02 .6709E-01 .6551E-01 .1915E+00 .1660E-01 .2081E+00 .1915E+00 .1580E-02 .4259E-01
.1681E+04 .1972E+00 .1844E+00 .1534E-02 .6460E-01 .6307E-01 .1844E+00 .1601E-01 .2004E+00 .1844E+00 .1534E-02 .4101E-01
.1682E+04 .2025E+00 .1957E+00 .1609E-02 .6853E-01 .6692E-01 .1957E+00 .1695E-01 .2126E+00 .1957E+00 .1609E-02 .4350E-01
.1683E+04 .2070E+00 .2001E+00 .1643E-02 .7009E-01 .6844E-01 .2001E+00 .1732E-01 .2174E+00 .2001E+00 .1643E-02 .4446E-01
.1684E+04 .2093E+00 .1844E+00 .1564E-02 .6465E-01 .6308E-01 .1844E+00 .1604E-01 .2005E+00 .1844E+00 .1564E-02 .4096E-01
.1685E+04 .2094E+00 .2022E+00 .1658E-02 .7082E-01 .6916E-01 .2022E+00 .1747E-01 .2197E+00 .2022E+00 .1658E-02 .4485E-01
.1686E+04 .2090E+00 .2019E+00 .1654E-02 .7069E-01 .6904E-01 .2019E+00 .1744E-01 .2193E+00 .2019E+00 .1654E-02 .4478E-01
.1687E+04 .2090E+00 .1941E+00 .1609E-02 .6801E-01 .6640E-01 .1941E+00 .1681E-01 .2109E+00 .1941E+00 .1609E-02 .4307E-01
.1688E+04 .2087E+00 .2004E+00 .1642E-02 .7017E-01 .6853E-01 .2004E+00 .1730E-01 .2177E+00 .2004E+00 .1642E-02 .4441E-01
.1689E+04 .2066E+00 .1987E+00 .1625E-02 .6959E-01 .6796E-01 .1987E+00 .1714E-01 .2158E+00 .1987E+00 .1625E-02 .4400E-01
.1690E+04 .2089E+00 .1988E+00 .1629E-02 .6961E-01 .6798E-01 .1988E+00 .1713E-01 .2159E+00 .1988E+00 .1629E-02 .4397E-01
.1691E+04 .2101E+00 .1809E+00 .1529E-02 .6340E-01 .6187E-01 .1809E+00 .1566E-01 .1965E+00 .1809E+00 .1529E-02 .3999E-01
.1692E+04 .2103E+00 .1983E+00 .1626E-02 .6944E-01 .6781E-01 .1983E+00 .1706E-01 .2153E+00 .1983E+00 .1626E-02 .4376E-01
.1693E+04 .2099E+00 .2027E+00 .1650E-02 .7099E-01 .6934E-01 .2027E+00 .1742E-01 .2202E+00 .2027E+00 .1650E-02 .4474E-01
.1694E+04 .2094E+00 .1954E+00 .1607E-02 .6845E-01 .6685E-01 .1954E+00 .1683E-01 .2123E+00 .1954E+00 .1607E-02 .4314E-01
.1695E+04 .2089E+00 .2004E+00 .1632E-02 .7017E-01 .6854E-01 .2004E+00 .1722E-01 .2176E+00 .2004E+00 .1632E-02 .4421E-01
.1696E+04 .2082E+00 .2009E+00 .1631E-02 .7034E-01 .6871E-01 .2009E+00 .1724E-01 .2181E+00 .2009E+00 .1631E-02 .4427E-01
.1697E+04 .2079E+00 .1697E+00 .1451E-02 .5951E-01 .5805E-01 .1697E+00 .1468E-01 .1844E+00 .1697E+00 .1451E-02 .3741E-01
.1698E+04 .2077E+00 .1986E+00 .1615E-02 .6955E-01 .6794E-01 .1986E+00 .1703E-01 .2157E+00 .1986E+00 .1615E-02 .4373E-01
.1699E+04 .2061E+00 .1970E+00 .1599E-02 .6899E-01 .6739E-01 .1970E+00 .1689E-01 .2139E+00 .1970E+00 .1599E-02 .4337E-01
.1700E+04 .2044E+00 .1918E+00 .1565E-02 .6718E-01 .6561E-01 .1918E+00 .1646E-01 .2083E+00 .1918E+00 .1565E-02 .4224E-01
.1702E+04 .2027E+00 .1939E+00 .1571E-02 .6787E-01 .6630E-01 .1939E+00 .1661E-01 .2105E+00 .1939E+00 .1571E-02 .4268E-01
.1705E+04 .2029E+00 .1890E+00 .1539E-02 .6618E-01 .6464E-01 .1890E+00 .1621E-01 .2052E+00 .1890E+00 .1539E-02 .4159E-01
.1710E+04 .1982E+00 .1789E+00 .1463E-02 .6264E-01 .6118E-01 .1789E+00 .1531E-01 .1942E+00 .1789E+00 .1463E-02 .3927E-01
.1715E+04 .1994E+00 .1817E+00 .1470E-02 .6363E-01 .6216E-01 .1817E+00 .1550E-01 .1972E+00 .1817E+00 .1470E-02 .3981E-01
.1720E+04 .1960E+00 .1794E+00 .1443E-02 .6281E-01 .6137E-01 .1794E+00 .1529E-01 .1947E+00 .1794E+00 .1443E-02 .3930E-01
.1725E+04 .1934E+00 .1663E+00 .1360E-02 .5824E-01 .5688E-01 .1663E+00 .1421E-01 .1805E+00 .1663E+00 .1360E-02 .3643E-01
.1730E+04 .1912E+00 .1672E+00 .1349E-02 .5854E-01 .5719E-01 .1672E+00 .1423E-01 .1815E+00 .1672E+00 .1349E-02 .3655E-01
.1735E+04 .1815E+00 .1572E+00 .1263E-02 .5504E-01 .5378E-01 .1572E+00 .1337E-01 .1706E+00 .1572E+00 .1263E-02 .3437E-01
.1740E+04 .1849E+00 .1590E+00 .1278E-02 .5567E-01 .5439E-01 .1590E+00 .1355E-01 .1726E+00 .1590E+00 .1278E-02 .3484E-01
.1745E+04 .1858E+00 .1513E+00 .1218E-02 .5298E-01 .5176E-01 .1513E+00 .1290E-01 .1643E+00 .1513E+00 .1218E-02 .3316E-01
.1750E+04 .1844E+00 .1590E+00 .1271E-02 .5564E-01 .5437E-01 .1590E+00 .1354E-01 .1725E+00 .1590E+00 .1271E-02 .3484E-01
.1755E+04 .1843E+00 .1488E+00 .1196E-02 .5209E-01 .5090E-01 .1488E+00 .1271E-01 .1615E+00 .1488E+00 .1196E-02 .3269E-01
.1760E+04 .1817E+00 .1530E+00 .1222E-02 .5354E-01 .5231E-01 .1530E+00 .1308E-01 .1660E+00 .1530E+00 .1222E-02 .3369E-01
.1765E+04 .1798E+00 .1285E+00 .1050E-02 .4501E-01 .4396E-01 .1285E+00 .1103E-01 .1396E+00 .1285E+00 .1050E-02 .2832E-01
.1770E+04 .1784E+00 .1388E+00 .1124E-02 .4860E-01 .4747E-01 .1388E+00 .1193E-01 .1507E+00 .1388E+00 .1124E-02 .3067E-01
.1775E+04 .1759E+00 .1149E+00 .9603E-03 .4025E-01 .3929E-01 .1149E+00 .9930E-02 .1248E+00 .1149E+00 .9603E-03 .2541E-01
.1780E+04 .1736E+00 .1001E+00 .8562E-03 .3509E-01 .3423E-01 .1001E+00 .8700E-02 .1088E+00 .1001E+00 .8562E-03 .2219E-01
.1785E+04 .1727E+00 .7828E-01 .7050E-03 .2748E-01 .2677E-01 .7828E-01 .6881E-02 .8517E-01 .7828E-01 .7050E-03 .1742E-01
.1790E+04 .1722E+00 .8910E-01 .7852E-03 .3126E-01 .3048E-01 .8910E-01 .7819E-02 .9692E-01 .8910E-01 .7852E-03 .1987E-01
.1795E+04 .1702E+00 .4421E-01 .4801E-03 .1560E-01 .1512E-01 .4421E-01 .4050E-02 .4826E-01 .4421E-01 .4801E-03 .9932E-02
.1800E+04 .1683E+00 .3122E-01 .3245E-03 .1100E-01 .1068E-01 .3122E-01 .2835E-02 .3406E-01 .3122E-01 .3245E-03 .7013E-02
.1805E+04 .1669E+00 .1727E-01 .2373E-03 .6145E-02 .5908E-02 .1727E-01 .1674E-02 .1895E-01 .1727E-01 .2373E-03 .3916E-02
.1810E+04 .1655E+00 .1439E-01 .1916E-03 .5114E-02 .4923E-02 .1439E-01 .1384E-02 .1578E-01 .1439E-01 .1916E-03 .3260E-02
.1815E+04 .1584E+00 .4958E-02 .1019E-03 .1798E-02 .1696E-02 .4958E-02 .5409E-03 .5499E-02 .4958E-02 .1019E-03 .1141E-02
.1820E+04 .1556E+00 .1503E-02 .4315E-04 .5571E-03 .5139E-03 .1503E-02 .1861E-03 .1689E-02 .1503E-02 .4315E-04 .3528E-03
.1825E+04 .1600E+00 .2161E-02 .5813E-04 .7971E-03 .7389E-03 .2161E-02 .2610E-03 .2422E-02 .2161E-02 .5813E-04 .5066E-03
.1830E+04 .1593E+00 .1451E-04 .1763E-05 .6727E-05 .4964E-05 .1451E-04 .4203E-05 .1872E-04 .1451E-04 .1763E-05 .4083E-05
.1835E+04 .1577E+00 .3065E-04 .2012E-05 .1250E-04 .1048E-04 .3065E-04 .5817E-05 .3647E-04 .3065E-04 .2012E-05 .7761E-05
.1840E+04 .1556E+00 .3602E-06 .9611E-07 .2193E-06 .1232E-06 .3602E-06 .1976E-06 .5578E-06 .3602E-06 .9611E-07 .1268E-06
.1845E+04 .1531E+00 .1627E-04 .2847E-05 .8411E-05 .5564E-05 .1627E-04 .6256E-05 .2253E-04 .1627E-04 .2847E-05 .4981E-05
.1850E+04 .1534E+00 .7181E-05 .1501E-05 .3957E-05 .2456E-05 .7181E-05 .3194E-05 .1038E-04 .7181E-05 .1501E-05 .2307E-05
.1855E+04 .1521E+00 .9806E-06 .2399E-06 .5752E-06 .3354E-06 .9806E-06 .4973E-06 .1478E-05 .9806E-06 .2399E-06 .3289E-06
.1860E+04 .1501E+00 .2803E-04 .2347E-05 .1193E-04 .9585E-05 .2803E-04 .6149E-05 .3417E-04 .2803E-04 .2347E-05 .7118E-05
.1865E+04 .1480E+00 .3312E-04 .3424E-05 .1475E-04 .1133E-04 .3312E-04 .8344E-05 .4147E-04 .3312E-04 .3424E-05 .8481E-05
.1870E+04 .1456E+00 .1366E-08 .2618E-08 .3086E-08 .4671E-09 .1366E-08 .4733E-08 .6098E-08 .1366E-08 .2618E-08 .1475E-08
.1875E+04 .1349E+00 .2287E-08 .3775E-08 .4557E-08 .7822E-09 .2287E-08 .6825E-08 .9112E-08 .2287E-08 .3775E-08 .2134E-08
.1880E+04 .1425E+00 .1338E-03 .8277E-05 .5403E-04 .4575E-04 .1338E-03 .2315E-04 .1569E-03 .1338E-03 .8277E-05 .2955E-04
.1885E+04 .1432E+00 .9822E-04 .6534E-05 .4013E-04 .3359E-04 .9822E-04 .1768E-04 .1159E-03 .9822E-04 .6534E-05 .2153E-04
.1890E+04 .1410E+00 .3634E-03 .1889E-04 .1432E-03 .1243E-03 .3634E-03 .5570E-04 .4191E-03 .3634E-03 .1889E-04 .7614E-04
.1895E+04 .1379E+00 .2145E-03 .1164E-04 .8500E-04 .7336E-04 .2145E-03 .3317E-04 .2477E-03 .2145E-03 .1164E-04 .4341E-04
.1900E+04 .1389E+00 .2066E-05 .3901E-06 .1097E-05 .7068E-06 .2066E-05 .8030E-06 .2869E-05 .2066E-05 .3901E-06 .5172E-06
.1905E+04 .1382E+00 .1363E-05 .2412E-06 .7075E-06 .4663E-06 .1363E-05 .5026E-06 .1866E-05 .1363E-05 .2412E-06 .3382E-06
.1910E+04 .1367E+00 .4636E-04 .4285E-05 .2014E-04 .1586E-04 .4636E-04 .1003E-04 .5640E-04 .4636E-04 .4285E-05 .9371E-05
.1915E+04 .1358E+00 .3899E-04 .2755E-05 .1609E-04 .1333E-04 .3899E-04 .6943E-05 .4593E-04 .3899E-04 .2755E-05 .7516E-05
.1920E+04 .1342E+00 .5701E-03 .2366E-04 .2186E-03 .1950E-03 .5701E-03 .7254E-04 .6426E-03 .5701E-03 .2366E-04 .1038E-03
.1925E+04 .1335E+00 .1121E-02 .3279E-04 .4162E-03 .3834E-03 .1121E-02 .1190E-03 .1240E-02 .1121E-02 .3279E-04 .1999E-03
.1930E+04 .1304E+00 .7442E-03 .2343E-04 .2780E-03 .2545E-03 .7442E-03 .8217E-04 .8264E-03 .7442E-03 .2343E-04 .1342E-03
.1935E+04 .1303E+00 .4177E-02 .7981E-04 .1508E-02 .1429E-02 .4177E-02 .3729E-03 .4550E-02 .4177E-02 .7981E-04 .7397E-03
.1940E+04 .1273E+00 .4734E-02 .7167E-04 .1691E-02 .1619E-02 .4734E-02 .3907E-03 .5125E-02 .4734E-02 .7167E-04 .8340E-03
.1945E+04 .1204E+00 .1088E-01 .1402E-03 .3862E-02 .3722E-02 .1088E-01 .8595E-03 .1174E-01 .1088E-01 .1402E-03 .1920E-02
.1950E+04 .1247E+00 .1345E-01 .1733E-03 .4774E-02 .4600E-02 .1345E-01 .1070E-02 .1452E-01 .1345E-01 .1733E-03 .2396E-02
.1955E+04 .1268E+00 .6048E-02 .1108E-03 .2179E-02 .2068E-02 .6048E-02 .5445E-03 .6592E-02 .6048E-02 .1108E-03 .1108E-02
.1960E+04 .1252E+00 .1619E-01 .1999E-03 .5739E-02 .5539E-02 .1619E-01 .1302E-02 .1750E-01 .1619E-01 .1999E-03 .2971E-02
.1965E+04 .1231E+00 .2127E-01 .2447E-03 .7520E-02 .7275E-02 .2127E-01 .1693E-02 .2296E-01 .2127E-01 .2447E-03 .3938E-02
.1970E+04 .1226E+00 .3961E-01 .3720E-03 .1392E-01 .1355E-01 .3961E-01 .3028E-02 .4264E-01 .3961E-01 .3720E-03 .7364E-02
.1975E+04 .1205E+00 .6287E-01 .5053E-03 .2201E-01 .2150E-01 .6287E-01 .4680E-02 .6755E-01 .6287E-01 .5053E-03 .1172E-01
.1980E+04 .1192E+00 .7079E-01 .5384E-03 .2475E-01 .2421E-01 .7079E-01 .5247E-02 .7604E-01 .7079E-01 .5384E-03 .1328E-01
.1985E+04 .1184E+00 .7888E-01 .5787E-03 .2756E-01 .2698E-01 .7888E-01 .5864E-02 .8475E-01 .7888E-01 .5787E-03 .1496E-01
.1990E+04 .1183E+00 .8391E-01 .6050E-03 .2930E-01 .2870E-01 .8391E-01 .6239E-02 .9014E-01 .8391E-01 .6050E-03 .1596E-01
.1995E+04 .1163E+00 .7546E-01 .5645E-03 .2637E-01 .2581E-01 .7546E-01 .5639E-02 .8110E-01 .7546E-01 .5645E-03 .1434E-01
.2000E+04 .1160E+00 .2253E-01 .2894E-03 .7997E-02 .7707E-02 .2253E-01 .1893E-02 .2443E-01 .2253E-01 .2894E-03 .4324E-02
.2005E+04 .1148E+00 .5761E-02 .1236E-03 .2094E-02 .1970E-02 .5761E-02 .5691E-03 .6330E-02 .5761E-02 .1236E-03 .1120E-02
.2010E+04 .1145E+00 .2145E-01 .2835E-03 .7619E-02 .7336E-02 .2145E-01 .1798E-02 .2325E-01 .2145E-01 .2835E-03 .4064E-02
.2015E+04 .1135E+00 .1255E-01 .1999E-03 .4492E-02 .4292E-02 .1255E-01 .1103E-02 .1365E-01 .1255E-01 .1999E-03 .2366E-02
.2020E+04 .1115E+00 .2786E-01 .3244E-03 .9854E-02 .9529E-02 .2786E-01 .2223E-02 .3008E-01 .2786E-01 .3244E-03 .5153E-02
.2025E+04 .1109E+00 .5929E-01 .5165E-03 .2079E-01 .2028E-01 .5929E-01 .4385E-02 .6367E-01 .5929E-01 .5165E-03 .1077E-01
.2030E+04 .1092E+00 .7527E-01 .5935E-03 .2634E-01 .2574E-01 .7527E-01 .5399E-02 .8067E-01 .7527E-01 .5935E-03 .1347E-01
.2035E+04 .1082E+00 .8939E-01 .6579E-03 .3123E-01 .3057E-01 .8939E-01 .6282E-02 .9567E-01 .8939E-01 .6579E-03 .1584E-01
.2040E+04 .1077E+00 .8200E-01 .6199E-03 .2867E-01 .2805E-01 .8200E-01 .5747E-02 .8775E-01 .8200E-01 .6199E-03 .1440E-01
.2045E+04 .1078E+00 .8260E-01 .6215E-03 .2887E-01 .2825E-01 .8260E-01 .5748E-02 .8835E-01 .8260E-01 .6215E-03 .1439E-01
.2050E+04 .1065E+00 .5285E-01 .4646E-03 .1854E-01 .1807E-01 .5285E-01 .3774E-02 .5662E-01 .5285E-01 .4646E-03 .9175E-02
.2055E+04 .1054E+00 .3829E-01 .3772E-03 .1347E-01 .1310E-01 .3829E-01 .2793E-02 .4108E-01 .3829E-01 .3772E-03 .6624E-02
.2060E+04 .1038E+00 .5596E-01 .4726E-03 .1961E-01 .1914E-01 .5596E-01 .3933E-02 .5989E-01 .5596E-01 .4726E-03 .9617E-02
.2065E+04 .1030E+00 .4706E-01 .4216E-03 .1652E-01 .1610E-01 .4706E-01 .3341E-02 .5041E-01 .4706E-01 .4216E-03 .8071E-02
.2070E+04 .1024E+00 .5205E-01 .4465E-03 .1825E-01 .1780E-01 .5205E-01 .3643E-02 .5570E-01 .5205E-01 .4465E-03 .8866E-02
.2075E+04 .1023E+00 .6714E-01 .5204E-03 .2348E-01 .2296E-01 .6714E-01 .4590E-02 .7173E-01 .6714E-01 .5204E-03 .1138E-01
.2080E+04 .1007E+00 .8153E-01 .5816E-03 .2847E-01 .2788E-01 .8153E-01 .5478E-02 .8701E-01 .8153E-01 .5816E-03 .1377E-01
.2085E+04 .9979E-01 .7947E-01 .5684E-03 .2775E-01 .2718E-01 .7947E-01 .5342E-02 .8481E-01 .7947E-01 .5684E-03 .1342E-01
.2090E+04 .9881E-01 .8471E-01 .5885E-03 .2956E-01 .2897E-01 .8471E-01 .5674E-02 .9039E-01 .8471E-01 .5885E-03 .1433E-01
.2095E+04 .9735E-01 .8720E-01 .5928E-03 .3042E-01 .2982E-01 .8720E-01 .5809E-02 .9301E-01 .8720E-01 .5928E-03 .1472E-01
.2100E+04 .9751E-01 .8406E-01 .5752E-03 .2933E-01 .2875E-01 .8406E-01 .5607E-02 .8967E-01 .8406E-01 .5752E-03 .1419E-01
.2105E+04 .9690E-01 .9128E-01 .6058E-03 .3182E-01 .3122E-01 .9128E-01 .6071E-02 .9735E-01 .9128E-01 .6058E-03 .1545E-01
.2110E+04 .9579E-01 .8744E-01 .5842E-03 .3049E-01 .2991E-01 .8744E-01 .5847E-02 .9328E-01 .8744E-01 .5842E-03 .1488E-01
.2115E+04 .9495E-01 .9013E-01 .5917E-03 .3142E-01 .3083E-01 .9013E-01 .6010E-02 .9614E-01 .9013E-01 .5917E-03 .1534E-01
.2120E+04 .9376E-01 .8557E-01 .5661E-03 .2983E-01 .2927E-01 .8557E-01 .5736E-02 .9130E-01 .8557E-01 .5661E-03 .1463E-01
.2125E+04 .9291E-01 .8686E-01 .5681E-03 .3028E-01 .2971E-01 .8686E-01 .5828E-02 .9269E-01 .8686E-01 .5681E-03 .1490E-01
.2130E+04 .9283E-01 .8819E-01 .5703E-03 .3073E-01 .3016E-01 .8819E-01 .5924E-02 .9411E-01 .8819E-01 .5703E-03 .1518E-01
.2135E+04 .9171E-01 .8859E-01 .5689E-03 .3087E-01 .3030E-01 .8859E-01 .5967E-02 .9456E-01 .8859E-01 .5689E-03 .1532E-01
.2140E+04 .9147E-01 .8917E-01 .5687E-03 .3107E-01 .3050E-01 .8917E-01 .6007E-02 .9517E-01 .8917E-01 .5687E-03 .1544E-01
.2145E+04 .9065E-01 .8809E-01 .5601E-03 .3069E-01 .3013E-01 .8809E-01 .5932E-02 .9402E-01 .8809E-01 .5601E-03 .1526E-01
.2150E+04 .9013E-01 .8253E-01 .5330E-03 .2876E-01 .2823E-01 .8253E-01 .5573E-02 .8810E-01 .8253E-01 .5330E-03 .1430E-01
.2155E+04 .8927E-01 .8269E-01 .5301E-03 .2881E-01 .2828E-01 .8269E-01 .5583E-02 .8828E-01 .8269E-01 .5301E-03 .1434E-01
.2160E+04 .8784E-01 .8177E-01 .5203E-03 .2849E-01 .2797E-01 .8177E-01 .5507E-02 .8727E-01 .8177E-01 .5203E-03 .1416E-01
.2165E+04 .8275E-01 .7511E-01 .4781E-03 .2617E-01 .2569E-01 .7511E-01 .5060E-02 .8017E-01 .7511E-01 .4781E-03 .1301E-01
.2170E+04 .8514E-01 .7969E-01 .5009E-03 .2776E-01 .2725E-01 .7969E-01 .5358E-02 .8505E-01 .7969E-01 .5009E-03 .1380E-01
.2175E+04 .8568E-01 .7807E-01 .4941E-03 .2719E-01 .2670E-01 .7807E-01 .5255E-02 .8332E-01 .7807E-01 .4941E-03 .1353E-01
.2180E+04 .8497E-01 .7992E-01 .4981E-03 .2783E-01 .2734E-01 .7992E-01 .5366E-02 .8529E-01 .7992E-01 .4981E-03 .1384E-01
.2185E+04 .8464E-01 .7325E-01 .4633E-03 .2552E-01 .2505E-01 .7325E-01 .4930E-02 .7818E-01 .7325E-01 .4633E-03 .1269E-01
.2190E+04 .8364E-01 .7750E-01 .4813E-03 .2699E-01 .2651E-01 .7750E-01 .5202E-02 .8271E-01 .7750E-01 .4813E-03 .1343E-01
.2195E+04 .8342E-01 .7683E-01 .4761E-03 .2675E-01 .2628E-01 .7683E-01 .5155E-02 .8199E-01 .7683E-01 .4761E-03 .1331E-01
.2200E+04 .8263E-01 .6636E-01 .4290E-03 .2313E-01 .2270E-01 .6636E-01 .4470E-02 .7083E-01 .6636E-01 .4290E-03 .1146E-01
.2205E+04 .8073E-01 .7094E-01 .4423E-03 .2470E-01 .2426E-01 .7094E-01 .4737E-02 .7567E-01 .7094E-01 .4423E-03 .1221E-01
.2210E+04 .8053E-01 .7736E-01 .4663E-03 .2693E-01 .2646E-01 .7736E-01 .5132E-02 .8249E-01 .7736E-01 .4663E-03 .1329E-01
.2215E+04 .8024E-01 .7371E-01 .4489E-03 .2566E-01 .2521E-01 .7371E-01 .4885E-02 .7860E-01 .7371E-01 .4489E-03 .1263E-01
.2220E+04 .7974E-01 .7507E-01 .4518E-03 .2613E-01 .2567E-01 .7507E-01 .4952E-02 .8002E-01 .7507E-01 .4518E-03 .1281E-01
.2225E+04 .7873E-01 .7305E-01 .4393E-03 .2543E-01 .2499E-01 .7305E-01 .4799E-02 .7785E-01 .7305E-01 .4393E-03 .1241E-01
.2230E+04 .7832E-01 .7290E-01 .4363E-03 .2537E-01 .2493E-01 .7290E-01 .4766E-02 .7767E-01 .7290E-01 .4363E-03 .1232E-01
.2235E+04 .7766E-01 .7120E-01 .4261E-03 .2478E-01 .2435E-01 .7120E-01 .4628E-02 .7583E-01 .7120E-01 .4261E-03 .1196E-01
.2240E+04 .7661E-01 .7013E-01 .4181E-03 .2440E-01 .2399E-01 .7013E-01 .4531E-02 .7466E-01 .7013E-01 .4181E-03 .1170E-01
.2245E+04 .7621E-01 .6707E-01 .4034E-03 .2334E-01 .2294E-01 .6707E-01 .4305E-02 .7137E-01 .6707E-01 .4034E-03 .1109E-01
.2250E+04 .7546E-01 .6904E-01 .4070E-03 .2402E-01 .2361E-01 .6904E-01 .4335E-02 .7338E-01 .6904E-01 .4070E-03 .1116E-01
.2255E+04 .7461E-01 .6360E-01 .3827E-03 .2213E-01 .2175E-01 .6360E-01 .3969E-02 .6757E-01 .6360E-01 .3827E-03 .1017E-01
.2260E+04 .7419E-01 .6255E-01 .3757E-03 .2177E-01 .2139E-01 .6255E-01 .3847E-02 .6639E-01 .6255E-01 .3757E-03 .9834E-02
.2265E+04 .7352E-01 .6476E-01 .3807E-03 .2253E-01 .2215E-01 .6476E-01 .3930E-02 .6869E-01 .6476E-01 .3807E-03 .1006E-01
.2270E+04 .7323E-01 .6010E-01 .3607E-03 .2092E-01 .2056E-01 .6010E-01 .3639E-02 .6374E-01 .6010E-01 .3607E-03 .9275E-02
.2275E+04 .7269E-01 .5906E-01 .3540E-03 .2055E-01 .2020E-01 .5906E-01 .3566E-02 .6263E-01 .5906E-01 .3540E-03 .9087E-02
.2280E+04 .7147E-01 .6290E-01 .3643E-03 .2188E-01 .2151E-01 .6290E-01 .3774E-02 .6667E-01 .6290E-01 .3643E-03 .9669E-02
.2285E+04 .7108E-01 .5802E-01 .3437E-03 .2019E-01 .1984E-01 .5802E-01 .3486E-02 .6150E-01 .5802E-01 .3437E-03 .8895E-02
.2290E+04 .7069E-01 .5816E-01 .3418E-03 .2023E-01 .1989E-01 .5816E-01 .3480E-02 .6164E-01 .5816E-01 .3418E-03 .8888E-02
.2295E+04 .6914E-01 .5651E-01 .3312E-03 .1966E-01 .1933E-01 .5651E-01 .3381E-02 .5990E-01 .5651E-01 .3312E-03 .8636E-02
.2300E+04 .6923E-01 .5310E-01 .3169E-03 .1848E-01 .1816E-01 .5310E-01 .3187E-02 .5629E-01 .5310E-01 .3169E-03 .8118E-02
.2305E+04 .6902E-01 .5382E-01 .3175E-03 .1873E-01 .1841E-01 .5382E-01 .3213E-02 .5704E-01 .5382E-01 .3175E-03 .8195E-02
.2310E+04 .6848E-01 .6124E-01 .3416E-03 .2129E-01 .2095E-01 .6124E-01 .3622E-02 .6486E-01 .6124E-01 .3416E-03 .9318E-02
.2315E+04 .6764E-01 .5328E-01 .3097E-03 .1853E-01 .1822E-01 .5328E-01 .3173E-02 .5646E-01 .5328E-01 .3097E-03 .8114E-02
.2320E+04 .6675E-01 .4594E-01 .2775E-03 .1599E-01 .1571E-01 .4594E-01 .2754E-02 .4869E-01 .4594E-01 .2775E-03 .6999E-02
.2325E+04 .6538E-01 .5403E-01 .3032E-03 .1878E-01 .1848E-01 .5403E-01 .3199E-02 .5723E-01 .5403E-01 .3032E-03 .8223E-02
.2330E+04 .6565E-01 .5296E-01 .3001E-03 .1841E-01 .1811E-01 .5296E-01 .3141E-02 .5610E-01 .5296E-01 .3001E-03 .8062E-02
.2335E+04 .6513E-01 .5420E-01 .3021E-03 .1884E-01 .1854E-01 .5420E-01 .3209E-02 .5741E-01 .5420E-01 .3021E-03 .8258E-02
.2340E+04 .6491E-01 .4200E-01 .2513E-03 .1462E-01 .1437E-01 .4200E-01 .2522E-02 .4453E-01 .4200E-01 .2513E-03 .6423E-02
.2345E+04 .6465E-01 .4666E-01 .2702E-03 .1623E-01 .1596E-01 .4666E-01 .2786E-02 .4944E-01 .4666E-01 .2702E-03 .7131E-02
.2350E+04 .6355E-01 .3744E-01 .2258E-03 .1303E-01 .1280E-01 .3744E-01 .2252E-02 .3969E-01 .3744E-01 .2258E-03 .5728E-02
.2355E+04 .6224E-01 .4303E-01 .2496E-03 .1497E-01 .1472E-01 .4303E-01 .2571E-02 .4560E-01 .4303E-01 .2496E-03 .6580E-02
.2360E+04 .6250E-01 .4625E-01 .2605E-03 .1608E-01 .1582E-01 .4625E-01 .2750E-02 .4900E-01 .4625E-01 .2605E-03 .7070E-02
.2365E+04 .6234E-01 .4712E-01 .2588E-03 .1638E-01 .1612E-01 .4712E-01 .2784E-02 .4991E-01 .4712E-01 .2588E-03 .7183E-02
.2370E+04 .6161E-01 .2574E-01 .1714E-03 .8974E-02 .8803E-02 .2574E-01 .1576E-02 .2731E-01 .2574E-01 .1714E-03 .3943E-02
.2375E+04 .6093E-01 .4018E-01 .2297E-03 .1397E-01 .1374E-01 .4018E-01 .2395E-02 .4257E-01 .4018E-01 .2297E-03 .6142E-02
.2380E+04 .6059E-01 .4046E-01 .2259E-03 .1406E-01 .1384E-01 .4046E-01 .2402E-02 .4286E-01 .4046E-01 .2259E-03 .6184E-02
.2385E+04 .5860E-01 .2948E-01 .1764E-03 .1026E-01 .1008E-01 .2948E-01 .1771E-02 .3125E-01 .2948E-01 .1764E-03 .4510E-02
.2390E+04 .5910E-01 .3393E-01 .1951E-03 .1180E-01 .1161E-01 .3393E-01 .2019E-02 .3595E-01 .3393E-01 .1951E-03 .5172E-02
.2395E+04 .5888E-01 .3669E-01 .2069E-03 .1275E-01 .1255E-01 .3669E-01 .2174E-02 .3886E-01 .3669E-01 .2069E-03 .5585E-02
.2400E+04 .5851E-01 .4069E-01 .2216E-03 .1414E-01 .1392E-01 .4069E-01 .2384E-02 .4308E-01 .4069E-01 .2216E-03 .6151E-02
.2405E+04 .5817E-01 .3259E-01 .1823E-03 .1133E-01 .1115E-01 .3259E-01 .1911E-02 .3450E-01 .3259E-01 .1823E-03 .4907E-02
.2410E+04 .5773E-01 .3317E-01 .1839E-03 .1153E-01 .1134E-01 .3317E-01 .1932E-02 .3510E-01 .3317E-01 .1839E-03 .4963E-02
.2415E+04 .5600E-01 .2598E-01 .1517E-03 .9039E-02 .8887E-02 .2598E-01 .1517E-02 .2750E-01 .2598E-01 .1517E-03 .3862E-02
.2420E+04 .5626E-01 .2542E-01 .1451E-03 .8840E-02 .8695E-02 .2542E-01 .1472E-02 .2689E-01 .2542E-01 .1451E-03 .3757E-02
.2425E+04 .5606E-01 .3169E-01 .1743E-03 .1101E-01 .1084E-01 .3169E-01 .1795E-02 .3349E-01 .3169E-01 .1743E-03 .4594E-02
.2430E+04 .5584E-01 .4241E-01 .2192E-03 .1472E-01 .1451E-01 .4241E-01 .2356E-02 .4477E-01 .4241E-01 .2192E-03 .6078E-02
.2435E+04 .5519E-01 .1410E-01 .8853E-04 .4911E-02 .4822E-02 .1410E-01 .8028E-03 .1490E-01 .1410E-01 .8853E-04 .2003E-02
.2440E+04 .5505E-01 .4232E-01 .2120E-03 .1469E-01 .1447E-01 .4232E-01 .2270E-02 .4459E-01 .4232E-01 .2120E-03 .5852E-02
.2445E+04 .5433E-01 .2000E-01 .1169E-03 .6956E-02 .6840E-02 .2000E-01 .1084E-02 .2108E-01 .2000E-01 .1169E-03 .2718E-02
.2450E+04 .5341E-01 .1334E-01 .8473E-04 .4646E-02 .4561E-02 .1334E-01 .7299E-03 .1407E-01 .1334E-01 .8473E-04 .1800E-02
.2455E+04 .5300E-01 .2548E-01 .1388E-03 .8855E-02 .8716E-02 .2548E-01 .1341E-02 .2683E-01 .2548E-01 .1388E-03 .3391E-02
.2460E+04 .5314E-01 .3197E-01 .1676E-03 .1110E-01 .1094E-01 .3197E-01 .1654E-02 .3363E-01 .3197E-01 .1676E-03 .4199E-02
.2465E+04 .5302E-01 .2296E-01 .1291E-03 .7982E-02 .7853E-02 .2296E-01 .1190E-02 .2415E-01 .2296E-01 .1291E-03 .2981E-02
.2470E+04 .5220E-01 .1498E-01 .9491E-04 .5219E-02 .5124E-02 .1498E-01 .7900E-03 .1577E-01 .1498E-01 .9491E-04 .1933E-02
.2475E+04 .5210E-01 .1609E-01 .1003E-03 .5602E-02 .5502E-02 .1609E-01 .8395E-03 .1692E-01 .1609E-01 .1003E-03 .2056E-02
.2480E+04 .5103E-01 .9080E-02 .6387E-04 .3169E-02 .3106E-02 .9080E-02 .4813E-03 .9561E-02 .9080E-02 .6387E-04 .1148E-02
.2485E+04 .5068E-01 .6075E-02 .4913E-04 .2127E-02 .2078E-02 .6075E-02 .3297E-03 .6405E-02 .6075E-02 .4913E-04 .7597E-03
.2490E+04 .5082E-01 .3723E-02 .3591E-04 .1309E-02 .1273E-02 .3723E-02 .2106E-03 .3933E-02 .3723E-02 .3591E-04 .4630E-03
.2495E+04 .5053E-01 .3610E-02 .3342E-04 .1268E-02 .1235E-02 .3610E-02 .2012E-03 .3811E-02 .3610E-02 .3342E-04 .4467E-03
.2500E+04 .5037E-01 .8258E-02 .6218E-04 .2887E-02 .2824E-02 .8258E-02 .4380E-03 .8696E-02 .8258E-02 .6218E-04 .1025E-02
